fixture_id,team_id,team_name,kickoff_utc,observed_at_utc,player_id,player_name,position_group,minutes,overall_grade,confidence,coverage_pct,provider_rating_reference,grade_version,components_json,limitations_json,source,research_only,creates_signal,probability_mutation,eligibility_mutation,stake_changes
14672,328,Haugesund,2017-04-24T17:00:00+00:00,2026-09-26T08:36:03Z,16068,Frederik Gytkjaer,F,74.0,5.61,HIGH,85.7,6.9,PBK_PLAYER_GRADE_V1,"{""attack"": 5.3, ""creation"": 5.84, ""defending"": 5.6, ""discipline"": 6.0, ""possession"": 5.83, ""pressing"": null, ""progression"": 5.69}","[""AGGREGATE_SOURCE_NO_TRUE_ACTION_QUALITY"", ""PROGRESSION_PROXY_ONLY"", ""PRESSING_UNAVAILABLE""]",API_FOOTBALL_FIXTURES_PLAYERS,true,false,false,false,false
14672,328,Haugesund,2017-04-24T17:00:00+00:00,2026-09-26T08:36:03Z,39039,Kristoffer Haraldseid,D,90.0,5.23,HIGH,85.7,7.2,PBK_PLAYER_GRADE_V1,"{""attack"": 5.0, ""creation"": 5.9, ""defending"": 5.38, ""discipline"": 6.0, ""possession"": 3.62, ""pressing"": null, ""progression"": 5.63}","[""AGGREGATE_SOURCE_NO_TRUE_ACTION_QUALITY"", ""PROGRESSION_PROXY_ONLY"", ""PRESSING_UNAVAILABLE""]",API_FOOTBALL_FIXTURES_PLAYERS,true,false,false,false,false
14672,328,Haugesund,2017-04-24T17:00:00+00:00,2026-09-26T08:36:03Z,39232,Fredrik Knudsen,D,90.0,4.49,HIGH,85.7,6.7,PBK_PLAYER_GRADE_V1,"{""attack"": 5.0, ""creation"": 5.12, ""defending"": 3.59, ""discipline"": 6.0, ""possession"": 3.91, ""pressing"": null, ""progression"": 5.8}","[""AGGREGATE_SOURCE_NO_TRUE_ACTION_QUALITY"", ""PROGRESSION_PROXY_ONLY"", ""PRESSING_UNAVAILABLE""]",API_FOOTBALL_FIXTURES_PLAYERS,true,false,false,false,false
14672,328,Haugesund,2017-04-24T17:00:00+00:00,2026-09-26T08:36:03Z,39241,Bruno Leite,M,90.0,5.72,HIGH,85.7,6.9,PBK_PLAYER_GRADE_V1,"{""attack"": 6.3, ""creation"": 5.57, ""defending"": 4.17, ""discipline"": 5.44, ""possession"": 6.23, ""pressing"": null, ""progression"": 6.1}","[""AGGREGATE_SOURCE_NO_TRUE_ACTION_QUALITY"", ""PROGRESSION_PROXY_ONLY"", ""PRESSING_UNAVAILABLE""]",API_FOOTBALL_FIXTURES_PLAYERS,true,false,false,false,false
14672,328,Haugesund,2017-04-24T17:00:00+00:00,2026-09-26T08:36:03Z,39242,Alexander Stolaas,D,90.0,5.41,HIGH,85.7,6.7,PBK_PLAYER_GRADE_V1,"{""attack"": 5.0, ""creation"": 5.45, ""defending"": 5.38, ""discipline"": 5.44, ""possession"": 4.71, ""pressing"": null, ""progression"": 6.22}","[""AGGREGATE_SOURCE_NO_TRUE_ACTION_QUALITY"", ""PROGRESSION_PROXY_ONLY"", ""PRESSING_UNAVAILABLE""]",API_FOOTBALL_FIXTURES_PLAYERS,true,false,false,false,false
14672,328,Haugesund,2017-04-24T17:00:00+00:00,2026-09-26T08:36:03Z,44580,Filip Kiss,M,90.0,6.03,HIGH,85.7,7.8,PBK_PLAYER_GRADE_V1,"{""attack"": 5.8, ""creation"": 6.5, ""defending"": 6.56, ""discipline"": 6.0, ""possession"": 4.69, ""pressing"": null, ""progression"": 6.62}","[""AGGREGATE_SOURCE_NO_TRUE_ACTION_QUALITY"", ""PROGRESSION_PROXY_ONLY"", ""PRESSING_UNAVAILABLE""]",API_FOOTBALL_FIXTURES_PLAYERS,true,false,false,false,false
14672,328,Haugesund,2017-04-24T17:00:00+00:00,2026-09-26T08:36:03Z,48034,Per Kristian Bratveit,G,90.0,4.31,HIGH,85.7,7.1,PBK_PLAYER_GRADE_V1,"{""attack"": 5.0, ""creation"": 5.0, ""defending"": 5.0, ""discipline"": 6.0, ""possession"": 0.0, ""pressing"": null, ""progression"": 5.38}","[""AGGREGATE_SOURCE_NO_TRUE_ACTION_QUALITY"", ""PROGRESSION_PROXY_ONLY"", ""PRESSING_UNAVAILABLE""]",API_FOOTBALL_FIXTURES_PLAYERS,true,false,false,false,false
14672,328,Haugesund,2017-04-24T17:00:00+00:00,2026-09-26T08:36:03Z,57350,Johnny Per Buduson,F,1.0,4.23,LOW,71.4,–,PBK_PLAYER_GRADE_V1,"{""attack"": 5.0, ""creation"": 5.0, ""defending"": 0.83, ""discipline"": 6.0, ""possession"": 0.0, ""pressing"": null}","[""AGGREGATE_SOURCE_NO_TRUE_ACTION_QUALITY"", ""PROGRESSION_PROXY_ONLY"", ""PRESSING_UNAVAILABLE""]",API_FOOTBALL_FIXTURES_PLAYERS,true,false,false,false,false
14672,328,Haugesund,2017-04-24T17:00:00+00:00,2026-09-26T08:36:03Z,94581,Shuaibu Lalle Ibrahim,F,89.0,4.57,HIGH,85.7,6.0,PBK_PLAYER_GRADE_V1,"{""attack"": 5.0, ""creation"": 5.0, ""defending"": 0.83, ""discipline"": 5.72, ""possession"": 2.1, ""pressing"": null, ""progression"": 5.14}","[""AGGREGATE_SOURCE_NO_TRUE_ACTION_QUALITY"", ""PROGRESSION_PROXY_ONLY"", ""PRESSING_UNAVAILABLE""]",API_FOOTBALL_FIXTURES_PLAYERS,true,false,false,false,false
14672,328,Haugesund,2017-04-24T17:00:00+00:00,2026-09-26T08:36:03Z,94593,Erik Huseklepp,M,16.0,5.95,LOW,85.7,6.2,PBK_PLAYER_GRADE_V1,"{""attack"": 5.0, ""creation"": 5.67, ""defending"": 2.92, ""discipline"": 6.0, ""possession"": 9.45, ""pressing"": null, ""progression"": 5.39}","[""AGGREGATE_SOURCE_NO_TRUE_ACTION_QUALITY"", ""PROGRESSION_PROXY_ONLY"", ""PRESSING_UNAVAILABLE""]",API_FOOTBALL_FIXTURES_PLAYERS,true,false,false,false,false
14672,328,Haugesund,2017-04-24T17:00:00+00:00,2026-09-26T08:36:03Z,98608,Vegard Skjerve,D,90.0,6.71,HIGH,85.7,7.4,PBK_PLAYER_GRADE_V1,"{""attack"": 5.0, ""creation"": 5.0, ""defending"": 8.22, ""discipline"": 6.0, ""possession"": 5.3, ""pressing"": null, ""progression"": 6.12}","[""AGGREGATE_SOURCE_NO_TRUE_ACTION_QUALITY"", ""PROGRESSION_PROXY_ONLY"", ""PRESSING_UNAVAILABLE""]",API_FOOTBALL_FIXTURES_PLAYERS,true,false,false,false,false
14672,328,Haugesund,2017-04-24T17:00:00+00:00,2026-09-26T08:36:03Z,99581,Eirik Maeland,M,90.0,5.21,HIGH,85.7,6.6,PBK_PLAYER_GRADE_V1,"{""attack"": 5.0, ""creation"": 5.12, ""defending"": 4.55, ""discipline"": 6.0, ""possession"": 4.67, ""pressing"": null, ""progression"": 5.95}","[""AGGREGATE_SOURCE_NO_TRUE_ACTION_QUALITY"", ""PROGRESSION_PROXY_ONLY"", ""PRESSING_UNAVAILABLE""]",API_FOOTBALL_FIXTURES_PLAYERS,true,false,false,false,false
14672,328,Haugesund,2017-04-24T17:00:00+00:00,2026-09-26T08:36:03Z,99582,Liban Abdi,M,90.0,6.03,HIGH,85.7,7.5,PBK_PLAYER_GRADE_V1,"{""attack"": 6.0, ""creation"": 6.17, ""defending"": 7.59, ""discipline"": 5.44, ""possession"": 4.58, ""pressing"": null, ""progression"": 6.52}","[""AGGREGATE_SOURCE_NO_TRUE_ACTION_QUALITY"", ""PROGRESSION_PROXY_ONLY"", ""PRESSING_UNAVAILABLE""]",API_FOOTBALL_FIXTURES_PLAYERS,true,false,false,false,false
14672,329,Molde,2017-04-24T17:00:00+00:00,2026-09-26T08:36:03Z,2796,Björn Sigurðarson,F,90.0,5.31,HIGH,85.7,7.0,PBK_PLAYER_GRADE_V1,"{""attack"": 5.5, ""creation"": 6.92, ""defending"": 4.54, ""discipline"": 5.16, ""possession"": 1.21, ""pressing"": null, ""progression"": 5.89}","[""AGGREGATE_SOURCE_NO_TRUE_ACTION_QUALITY"", ""PROGRESSION_PROXY_ONLY"", ""PRESSING_UNAVAILABLE""]",API_FOOTBALL_FIXTURES_PLAYERS,true,false,false,false,false
14672,329,Molde,2017-04-24T17:00:00+00:00,2026-09-26T08:36:03Z,39034,Andreas Linde,G,90.0,4.33,HIGH,85.7,7.1,PBK_PLAYER_GRADE_V1,"{""attack"": 5.0, ""creation"": 5.0, ""defending"": 5.0, ""discipline"": 6.0, ""possession"": 0.02, ""pressing"": null, ""progression"": 5.49}","[""AGGREGATE_SOURCE_NO_TRUE_ACTION_QUALITY"", ""PROGRESSION_PROXY_ONLY"", ""PRESSING_UNAVAILABLE""]",API_FOOTBALL_FIXTURES_PLAYERS,true,false,false,false,false
14672,329,Molde,2017-04-24T17:00:00+00:00,2026-09-26T08:36:03Z,39038,Ruben Gabrielsen,D,90.0,4.21,HIGH,85.7,6.7,PBK_PLAYER_GRADE_V1,"{""attack"": 5.0, ""creation"": 5.12, ""defending"": 5.0, ""discipline"": 4.44, ""possession"": 0.0, ""pressing"": null, ""progression"": 5.21}","[""AGGREGATE_SOURCE_NO_TRUE_ACTION_QUALITY"", ""PROGRESSION_PROXY_ONLY"", ""PRESSING_UNAVAILABLE""]",API_FOOTBALL_FIXTURES_PLAYERS,true,false,false,false,false
14672,329,Molde,2017-04-24T17:00:00+00:00,2026-09-26T08:36:03Z,39043,Fredrik Aursnes,M,90.0,4.25,HIGH,85.7,7.0,PBK_PLAYER_GRADE_V1,"{""attack"": 5.25, ""creation"": 6.02, ""defending"": 4.64, ""discipline"": 3.88, ""possession"": 0.0, ""pressing"": null, ""progression"": 5.77}","[""AGGREGATE_SOURCE_NO_TRUE_ACTION_QUALITY"", ""PROGRESSION_PROXY_ONLY"", ""PRESSING_UNAVAILABLE""]",API_FOOTBALL_FIXTURES_PLAYERS,true,false,false,false,false
14672,329,Molde,2017-04-24T17:00:00+00:00,2026-09-26T08:36:03Z,39044,Eirik Hestad,M,88.0,5.26,HIGH,85.7,7.0,PBK_PLAYER_GRADE_V1,"{""attack"": 5.26, ""creation"": 6.17, ""defending"": 6.43, ""discipline"": 5.71, ""possession"": 2.86, ""pressing"": null, ""progression"": 5.69}","[""AGGREGATE_SOURCE_NO_TRUE_ACTION_QUALITY"", ""PROGRESSION_PROXY_ONLY"", ""PRESSING_UNAVAILABLE""]",API_FOOTBALL_FIXTURES_PLAYERS,true,false,false,false,false
14672,329,Molde,2017-04-24T17:00:00+00:00,2026-09-26T08:36:03Z,39045,Etzaz Hussain,M,2.0,6.49,LOW,85.7,–,PBK_PLAYER_GRADE_V1,"{""attack"": 5.0, ""creation"": 5.0, ""defending"": 5.0, ""discipline"": 6.0, ""possession"": 10.0, ""pressing"": null, ""progression"": 6.58}","[""AGGREGATE_SOURCE_NO_TRUE_ACTION_QUALITY"", ""PROGRESSION_PROXY_ONLY"", ""PRESSING_UNAVAILABLE""]",API_FOOTBALL_FIXTURES_PLAYERS,true,false,false,false,false
14672,329,Molde,2017-04-24T17:00:00+00:00,2026-09-26T08:36:03Z,39101,Sander Svendsen,F,64.0,5.01,MEDIUM,85.7,6.7,PBK_PLAYER_GRADE_V1,"{""attack"": 6.55, ""creation"": 5.0, ""defending"": 1.9, ""discipline"": 6.0, ""possession"": 0.0, ""pressing"": null, ""progression"": 5.2}","[""AGGREGATE_SOURCE_NO_TRUE_ACTION_QUALITY"", ""PROGRESSION_PROXY_ONLY"", ""PRESSING_UNAVAILABLE""]",API_FOOTBALL_FIXTURES_PLAYERS,true,false,false,false,false
14672,329,Molde,2017-04-24T17:00:00+00:00,2026-09-26T08:36:03Z,39172,Thomas Amang,F,11.0,5.44,LOW,85.7,6.3,PBK_PLAYER_GRADE_V1,"{""attack"": 5.0, ""creation"": 5.0, ""defending"": 0.83, ""discipline"": 6.0, ""possession"": 9.37, ""pressing"": null, ""progression"": 5.29}","[""AGGREGATE_SOURCE_NO_TRUE_ACTION_QUALITY"", ""PROGRESSION_PROXY_ONLY"", ""PRESSING_UNAVAILABLE""]",API_FOOTBALL_FIXTURES_PLAYERS,true,false,false,false,false
14672,329,Molde,2017-04-24T17:00:00+00:00,2026-09-26T08:36:03Z,39197,Fredrik Brustad,F,79.0,5.27,HIGH,85.7,7.1,PBK_PLAYER_GRADE_V1,"{""attack"": 5.28, ""creation"": 5.14, ""defending"": 6.79, ""discipline"": 5.68, ""possession"": 4.15, ""pressing"": null, ""progression"": 5.64}","[""AGGREGATE_SOURCE_NO_TRUE_ACTION_QUALITY"", ""PROGRESSION_PROXY_ONLY"", ""PRESSING_UNAVAILABLE""]",API_FOOTBALL_FIXTURES_PLAYERS,true,false,false,false,false
14672,329,Molde,2017-04-24T17:00:00+00:00,2026-09-26T08:36:03Z,39217,Petter Strand,M,90.0,4.87,HIGH,85.7,6.7,PBK_PLAYER_GRADE_V1,"{""attack"": 5.5, ""creation"": 5.45, ""defending"": 6.21, ""discipline"": 6.0, ""possession"": 1.35, ""pressing"": null, ""progression"": 5.85}","[""AGGREGATE_SOURCE_NO_TRUE_ACTION_QUALITY"", ""PROGRESSION_PROXY_ONLY"", ""PRESSING_UNAVAILABLE""]",API_FOOTBALL_FIXTURES_PLAYERS,true,false,false,false,false
14672,329,Molde,2017-04-24T17:00:00+00:00,2026-09-26T08:36:03Z,47733,Óttar Magnús Karlsson,F,26.0,5.25,LOW,85.7,6.4,PBK_PLAYER_GRADE_V1,"{""attack"": 5.0, ""creation"": 5.0, ""defending"": 0.83, ""discipline"": 6.0, ""possession"": 6.45, ""pressing"": null, ""progression"": 6.33}","[""AGGREGATE_SOURCE_NO_TRUE_ACTION_QUALITY"", ""PROGRESSION_PROXY_ONLY"", ""PRESSING_UNAVAILABLE""]",API_FOOTBALL_FIXTURES_PLAYERS,true,false,false,false,false
14672,329,Molde,2017-04-24T17:00:00+00:00,2026-09-26T08:36:03Z,48016,Joona Toivio,D,90.0,5.81,HIGH,85.7,7.7,PBK_PLAYER_GRADE_V1,"{""attack"": 5.5, ""creation"": 5.45, ""defending"": 8.16, ""discipline"": 5.72, ""possession"": 0.03, ""pressing"": null, ""progression"": 5.64}","[""AGGREGATE_SOURCE_NO_TRUE_ACTION_QUALITY"", ""PROGRESSION_PROXY_ONLY"", ""PRESSING_UNAVAILABLE""]",API_FOOTBALL_FIXTURES_PLAYERS,true,false,false,false,false
14672,329,Molde,2017-04-24T17:00:00+00:00,2026-09-26T08:36:03Z,48066,Stian Gregersen,D,90.0,4.14,HIGH,85.7,7.0,PBK_PLAYER_GRADE_V1,"{""attack"": 5.0, ""creation"": 5.0, ""defending"": 3.3, ""discipline"": 5.16, ""possession"": 3.7, ""pressing"": null, ""progression"": 5.28}","[""AGGREGATE_SOURCE_NO_TRUE_ACTION_QUALITY"", ""PROGRESSION_PROXY_ONLY"", ""PRESSING_UNAVAILABLE""]",API_FOOTBALL_FIXTURES_PLAYERS,true,false,false,false,false
14672,329,Molde,2017-04-24T17:00:00+00:00,2026-09-26T08:36:03Z,53756,Babacar Sarr,D,90.0,5.47,HIGH,85.7,6.9,PBK_PLAYER_GRADE_V1,"{""attack"": 5.55, ""creation"": 5.0, ""defending"": 6.59, ""discipline"": 5.44, ""possession"": 2.36, ""pressing"": null, ""progression"": 5.74}","[""AGGREGATE_SOURCE_NO_TRUE_ACTION_QUALITY"", ""PROGRESSION_PROXY_ONLY"", ""PRESSING_UNAVAILABLE""]",API_FOOTBALL_FIXTURES_PLAYERS,true,false,false,false,false
14673,319,Brann,2017-04-23T18:00:00+00:00,2026-09-26T08:36:03Z,15644,Sivert Nilsen,M,90.0,6.12,HIGH,85.7,7.1,PBK_PLAYER_GRADE_V1,"{""attack"": 5.5, ""creation"": 5.81, ""defending"": 6.56, ""discipline"": 4.72, ""possession"": 5.94, ""pressing"": null, ""progression"": 7.15}","[""AGGREGATE_SOURCE_NO_TRUE_ACTION_QUALITY"", ""PROGRESSION_PROXY_ONLY"", ""PRESSING_UNAVAILABLE""]",API_FOOTBALL_FIXTURES_PLAYERS,true,false,false,false,false
14673,319,Brann,2017-04-23T18:00:00+00:00,2026-09-26T08:36:03Z,39097,Torgeir Borven,F,90.0,5.56,HIGH,85.7,7.3,PBK_PLAYER_GRADE_V1,"{""attack"": 5.0, ""creation"": 7.15, ""defending"": 6.04, ""discipline"": 6.0, ""possession"": 3.62, ""pressing"": null, ""progression"": 5.63}","[""AGGREGATE_SOURCE_NO_TRUE_ACTION_QUALITY"", ""PROGRESSION_PROXY_ONLY"", ""PRESSING_UNAVAILABLE""]",API_FOOTBALL_FIXTURES_PLAYERS,true,false,false,false,false
14673,319,Brann,2017-04-23T18:00:00+00:00,2026-09-26T08:36:03Z,39205,Bismar Acosta,D,90.0,5.91,HIGH,85.7,7.0,PBK_PLAYER_GRADE_V1,"{""attack"": 5.0, ""creation"": 5.12, ""defending"": 5.38, ""discipline"": 5.72, ""possession"": 7.67, ""pressing"": null, ""progression"": 6.4}","[""AGGREGATE_SOURCE_NO_TRUE_ACTION_QUALITY"", ""PROGRESSION_PROXY_ONLY"", ""PRESSING_UNAVAILABLE""]",API_FOOTBALL_FIXTURES_PLAYERS,true,false,false,false,false
14673,319,Brann,2017-04-23T18:00:00+00:00,2026-09-26T08:36:03Z,39209,Ruben Kristiansen,D,90.0,6.11,HIGH,85.7,7.0,PBK_PLAYER_GRADE_V1,"{""attack"": 5.5, ""creation"": 5.12, ""defending"": 6.36, ""discipline"": 5.72, ""possession"": 5.69, ""pressing"": null, ""progression"": 6.8}","[""AGGREGATE_SOURCE_NO_TRUE_ACTION_QUALITY"", ""PROGRESSION_PROXY_ONLY"", ""PRESSING_UNAVAILABLE""]",API_FOOTBALL_FIXTURES_PLAYERS,true,false,false,false,false
14673,319,Brann,2017-04-23T18:00:00+00:00,2026-09-26T08:36:03Z,39212,Vito Wormgoor,D,90.0,5.29,HIGH,85.7,7.7,PBK_PLAYER_GRADE_V1,"{""attack"": 5.0, ""creation"": 5.57, ""defending"": 3.99, ""discipline"": 5.72, ""possession"": 7.19, ""pressing"": null, ""progression"": 6.44}","[""AGGREGATE_SOURCE_NO_TRUE_ACTION_QUALITY"", ""PROGRESSION_PROXY_ONLY"", ""PRESSING_UNAVAILABLE""]",API_FOOTBALL_FIXTURES_PLAYERS,true,false,false,false,false
14673,319,Brann,2017-04-23T18:00:00+00:00,2026-09-26T08:36:03Z,39213,Kristoffer Barmen,M,90.0,4.49,HIGH,85.7,6.6,PBK_PLAYER_GRADE_V1,"{""attack"": 5.0, ""creation"": 5.12, ""defending"": 4.75, ""discipline"": 4.6, ""possession"": 1.98, ""pressing"": null, ""progression"": 5.67}","[""AGGREGATE_SOURCE_NO_TRUE_ACTION_QUALITY"", ""PROGRESSION_PROXY_ONLY"", ""PRESSING_UNAVAILABLE""]",API_FOOTBALL_FIXTURES_PLAYERS,true,false,false,false,false
14673,319,Brann,2017-04-23T18:00:00+00:00,2026-09-26T08:36:03Z,39214,Fredrik Haugen,M,90.0,5.31,HIGH,85.7,7.5,PBK_PLAYER_GRADE_V1,"{""attack"": 5.55, ""creation"": 6.14, ""defending"": 5.84, ""discipline"": 5.72, ""possession"": 3.33, ""pressing"": null, ""progression"": 5.7}","[""AGGREGATE_SOURCE_NO_TRUE_ACTION_QUALITY"", ""PROGRESSION_PROXY_ONLY"", ""PRESSING_UNAVAILABLE""]",API_FOOTBALL_FIXTURES_PLAYERS,true,false,false,false,false
14673,319,Brann,2017-04-23T18:00:00+00:00,2026-09-26T08:36:03Z,39221,Azar Karadas,F,11.0,4.84,LOW,85.7,6.8,PBK_PLAYER_GRADE_V1,"{""attack"": 5.0, ""creation"": 5.0, ""defending"": 7.08, ""discipline"": 6.0, ""possession"": 1.24, ""pressing"": null, ""progression"": 5.57}","[""AGGREGATE_SOURCE_NO_TRUE_ACTION_QUALITY"", ""PROGRESSION_PROXY_ONLY"", ""PRESSING_UNAVAILABLE""]",API_FOOTBALL_FIXTURES_PLAYERS,true,false,false,false,false
14673,319,Brann,2017-04-23T18:00:00+00:00,2026-09-26T08:36:03Z,39225,Gilli Sørensen,F,79.0,6.04,HIGH,85.7,7.5,PBK_PLAYER_GRADE_V1,"{""attack"": 6.99, ""creation"": 5.51, ""defending"": 5.83, ""discipline"": 6.0, ""possession"": 4.46, ""pressing"": null, ""progression"": 5.64}","[""AGGREGATE_SOURCE_NO_TRUE_ACTION_QUALITY"", ""PROGRESSION_PROXY_ONLY"", ""PRESSING_UNAVAILABLE""]",API_FOOTBALL_FIXTURES_PLAYERS,true,false,false,false,false
14673,319,Brann,2017-04-23T18:00:00+00:00,2026-09-26T08:36:03Z,39298,Daniel Braaten,F,90.0,6.54,HIGH,85.7,8.6,PBK_PLAYER_GRADE_V1,"{""attack"": 8.0, ""creation"": 6.82, ""defending"": 5.83, ""discipline"": 4.44, ""possession"": 3.07, ""pressing"": null, ""progression"": 6.46}","[""AGGREGATE_SOURCE_NO_TRUE_ACTION_QUALITY"", ""PROGRESSION_PROXY_ONLY"", ""PRESSING_UNAVAILABLE""]",API_FOOTBALL_FIXTURES_PLAYERS,true,false,false,false,false
14673,319,Brann,2017-04-23T18:00:00+00:00,2026-09-26T08:36:03Z,40519,Piotr Leciejewski,G,90.0,4.77,HIGH,85.7,8.3,PBK_PLAYER_GRADE_V1,"{""attack"": 5.0, ""creation"": 5.0, ""defending"": 5.0, ""discipline"": 6.0, ""possession"": 2.28, ""pressing"": null, ""progression"": 5.63}","[""AGGREGATE_SOURCE_NO_TRUE_ACTION_QUALITY"", ""PROGRESSION_PROXY_ONLY"", ""PRESSING_UNAVAILABLE""]",API_FOOTBALL_FIXTURES_PLAYERS,true,false,false,false,false
14673,319,Brann,2017-04-23T18:00:00+00:00,2026-09-26T08:36:03Z,8699,Amin Nouri,D,90.0,6.62,HIGH,85.7,7.1,PBK_PLAYER_GRADE_V1,"{""attack"": 5.75, ""creation"": 5.45, ""defending"": 6.8, ""discipline"": 5.72, ""possession"": 7.52, ""pressing"": null, ""progression"": 6.73}","[""AGGREGATE_SOURCE_NO_TRUE_ACTION_QUALITY"", ""PROGRESSION_PROXY_ONLY"", ""PRESSING_UNAVAILABLE""]",API_FOOTBALL_FIXTURES_PLAYERS,true,false,false,false,false
14673,321,Lillestrom,2017-04-23T18:00:00+00:00,2026-09-26T08:36:03Z,15527,Shikoze Udoji,F,62.0,5.16,MEDIUM,85.7,6.8,PBK_PLAYER_GRADE_V1,"{""attack"": 5.0, ""creation"": 5.35, ""defending"": 6.94, ""discipline"": 6.0, ""possession"": 3.44, ""pressing"": null, ""progression"": 5.61}","[""AGGREGATE_SOURCE_NO_TRUE_ACTION_QUALITY"", ""PROGRESSION_PROXY_ONLY"", ""PRESSING_UNAVAILABLE""]",API_FOOTBALL_FIXTURES_PLAYERS,true,false,false,false,false
14673,321,Lillestrom,2017-04-23T18:00:00+00:00,2026-09-26T08:36:03Z,39052,Erling Knudtzon,F,90.0,5.53,HIGH,85.7,6.7,PBK_PLAYER_GRADE_V1,"{""attack"": 6.3, ""creation"": 5.45, ""defending"": 5.62, ""discipline"": 5.16, ""possession"": 2.8, ""pressing"": null, ""progression"": 5.96}","[""AGGREGATE_SOURCE_NO_TRUE_ACTION_QUALITY"", ""PROGRESSION_PROXY_ONLY"", ""PRESSING_UNAVAILABLE""]",API_FOOTBALL_FIXTURES_PLAYERS,true,false,false,false,false
14673,321,Lillestrom,2017-04-23T18:00:00+00:00,2026-09-26T08:36:03Z,39305,Mats Haakenstad,D,90.0,5.0,HIGH,85.7,6.3,PBK_PLAYER_GRADE_V1,"{""attack"": 5.0, ""creation"": 5.36, ""defending"": 5.51, ""discipline"": 6.0, ""possession"": 2.3, ""pressing"": null, ""progression"": 5.42}","[""AGGREGATE_SOURCE_NO_TRUE_ACTION_QUALITY"", ""PROGRESSION_PROXY_ONLY"", ""PRESSING_UNAVAILABLE""]",API_FOOTBALL_FIXTURES_PLAYERS,true,false,false,false,false
14673,321,Lillestrom,2017-04-23T18:00:00+00:00,2026-09-26T08:36:03Z,39306,Simen Kind Mikalsen,D,90.0,4.54,HIGH,85.7,6.5,PBK_PLAYER_GRADE_V1,"{""attack"": 5.55, ""creation"": 5.12, ""defending"": 5.0, ""discipline"": 6.0, ""possession"": 0.52, ""pressing"": null, ""progression"": 5.49}","[""AGGREGATE_SOURCE_NO_TRUE_ACTION_QUALITY"", ""PROGRESSION_PROXY_ONLY"", ""PRESSING_UNAVAILABLE""]",API_FOOTBALL_FIXTURES_PLAYERS,true,false,false,false,false
14673,321,Lillestrom,2017-04-23T18:00:00+00:00,2026-09-26T08:36:03Z,39309,Simen Rafn,D,82.0,5.48,HIGH,85.7,7.0,PBK_PLAYER_GRADE_V1,"{""attack"": 5.6, ""creation"": 5.89, ""defending"": 6.39, ""discipline"": 5.69, ""possession"": 2.97, ""pressing"": null, ""progression"": 5.19}","[""AGGREGATE_SOURCE_NO_TRUE_ACTION_QUALITY"", ""PROGRESSION_PROXY_ONLY"", ""PRESSING_UNAVAILABLE""]",API_FOOTBALL_FIXTURES_PLAYERS,true,false,false,false,false
14673,321,Lillestrom,2017-04-23T18:00:00+00:00,2026-09-26T08:36:03Z,39316,Fredrik Krogstad,M,90.0,5.13,HIGH,85.7,6.1,PBK_PLAYER_GRADE_V1,"{""attack"": 5.25, ""creation"": 5.24, ""defending"": 5.38, ""discipline"": 6.0, ""possession"": 3.71, ""pressing"": null, ""progression"": 5.71}","[""AGGREGATE_SOURCE_NO_TRUE_ACTION_QUALITY"", ""PROGRESSION_PROXY_ONLY"", ""PRESSING_UNAVAILABLE""]",API_FOOTBALL_FIXTURES_PLAYERS,true,false,false,false,false
14673,321,Lillestrom,2017-04-23T18:00:00+00:00,2026-09-26T08:36:03Z,39317,Aleksander Melgalvis,M,90.0,4.65,HIGH,85.7,6.7,PBK_PLAYER_GRADE_V1,"{""attack"": 5.25, ""creation"": 5.57, ""defending"": 5.13, ""discipline"": 5.72, ""possession"": 1.47, ""pressing"": null, ""progression"": 5.6}","[""AGGREGATE_SOURCE_NO_TRUE_ACTION_QUALITY"", ""PROGRESSION_PROXY_ONLY"", ""PRESSING_UNAVAILABLE""]",API_FOOTBALL_FIXTURES_PLAYERS,true,false,false,false,false
14673,321,Lillestrom,2017-04-23T18:00:00+00:00,2026-09-26T08:36:03Z,55568,Arnold Origi,G,90.0,2.43,HIGH,85.7,6.2,PBK_PLAYER_GRADE_V1,"{""attack"": 5.0, ""creation"": 5.0, ""defending"": 0.83, ""discipline"": 6.0, ""possession"": 0.0, ""pressing"": null, ""progression"": 5.35}","[""AGGREGATE_SOURCE_NO_TRUE_ACTION_QUALITY"", ""PROGRESSION_PROXY_ONLY"", ""PRESSING_UNAVAILABLE""]",API_FOOTBALL_FIXTURES_PLAYERS,true,false,false,false,false
14673,321,Lillestrom,2017-04-23T18:00:00+00:00,2026-09-26T08:36:03Z,57423,Petter Mathias Olsen,F,8.0,5.17,LOW,85.7,6.3,PBK_PLAYER_GRADE_V1,"{""attack"": 5.0, ""creation"": 5.0, ""defending"": 0.83, ""discipline"": 2.85, ""possession"": 9.45, ""pressing"": null, ""progression"": 5.39}","[""AGGREGATE_SOURCE_NO_TRUE_ACTION_QUALITY"", ""PROGRESSION_PROXY_ONLY"", ""PRESSING_UNAVAILABLE""]",API_FOOTBALL_FIXTURES_PLAYERS,true,false,false,false,false
14673,321,Lillestrom,2017-04-23T18:00:00+00:00,2026-09-26T08:36:03Z,61916,Matthew Ifeanyi,M,90.0,5.01,HIGH,85.7,6.6,PBK_PLAYER_GRADE_V1,"{""attack"": 5.0, ""creation"": 5.0, ""defending"": 2.98, ""discipline"": 5.16, ""possession"": 5.29, ""pressing"": null, ""progression"": 5.88}","[""AGGREGATE_SOURCE_NO_TRUE_ACTION_QUALITY"", ""PROGRESSION_PROXY_ONLY"", ""PRESSING_UNAVAILABLE""]",API_FOOTBALL_FIXTURES_PLAYERS,true,false,false,false,false
14673,321,Lillestrom,2017-04-23T18:00:00+00:00,2026-09-26T08:36:03Z,62290,Bajram Ajeti,F,28.0,5.36,LOW,85.7,6.8,PBK_PLAYER_GRADE_V1,"{""attack"": 6.77, ""creation"": 6.45, ""defending"": 0.83, ""discipline"": 6.0, ""possession"": 0.0, ""pressing"": null, ""progression"": 5.11}","[""AGGREGATE_SOURCE_NO_TRUE_ACTION_QUALITY"", ""PROGRESSION_PROXY_ONLY"", ""PRESSING_UNAVAILABLE""]",API_FOOTBALL_FIXTURES_PLAYERS,true,false,false,false,false
14673,321,Lillestrom,2017-04-23T18:00:00+00:00,2026-09-26T08:36:03Z,66417,Michal Škoda,F,10.0,4.69,LOW,85.7,6.3,PBK_PLAYER_GRADE_V1,"{""attack"": 5.0, ""creation"": 5.0, ""defending"": 2.02, ""discipline"": 3.48, ""possession"": 3.95, ""pressing"": null, ""progression"": 5.63}","[""AGGREGATE_SOURCE_NO_TRUE_ACTION_QUALITY"", ""PROGRESSION_PROXY_ONLY"", ""PRESSING_UNAVAILABLE""]",API_FOOTBALL_FIXTURES_PLAYERS,true,false,false,false,false
14673,321,Lillestrom,2017-04-23T18:00:00+00:00,2026-09-26T08:36:03Z,72375,Tomáš Malec,F,80.0,5.27,HIGH,85.7,6.5,PBK_PLAYER_GRADE_V1,"{""attack"": 5.62, ""creation"": 5.51, ""defending"": 4.62, ""discipline"": 6.0, ""possession"": 2.92, ""pressing"": null, ""progression"": 5.59}","[""AGGREGATE_SOURCE_NO_TRUE_ACTION_QUALITY"", ""PROGRESSION_PROXY_ONLY"", ""PRESSING_UNAVAILABLE""]",API_FOOTBALL_FIXTURES_PLAYERS,true,false,false,false,false
14673,321,Lillestrom,2017-04-23T18:00:00+00:00,2026-09-26T08:36:03Z,98613,Marius Amundsen,D,90.0,5.03,HIGH,85.7,7.2,PBK_PLAYER_GRADE_V1,"{""attack"": 5.0, ""creation"": 5.12, ""defending"": 6.14, ""discipline"": 6.0, ""possession"": 0.73, ""pressing"": null, ""progression"": 5.56}","[""AGGREGATE_SOURCE_NO_TRUE_ACTION_QUALITY"", ""PROGRESSION_PROXY_ONLY"", ""PRESSING_UNAVAILABLE""]",API_FOOTBALL_FIXTURES_PLAYERS,true,false,false,false,false
14674,331,Rosenborg,2017-04-23T16:00:00+00:00,2026-09-26T08:36:03Z,1168,André Hansen,G,90.0,5.28,HIGH,85.7,7.2,PBK_PLAYER_GRADE_V1,"{""attack"": 5.0, ""creation"": 5.0, ""defending"": 5.0, ""discipline"": 6.0, ""possession"": 5.09, ""pressing"": null, ""progression"": 5.59}","[""AGGREGATE_SOURCE_NO_TRUE_ACTION_QUALITY"", ""PROGRESSION_PROXY_ONLY"", ""PRESSING_UNAVAILABLE""]",API_FOOTBALL_FIXTURES_PLAYERS,true,false,false,false,false
14674,331,Rosenborg,2017-04-23T16:00:00+00:00,2026-09-26T08:36:03Z,1171,Vegar Eggen Hedenstad,D,17.0,4.01,LOW,85.7,6.4,PBK_PLAYER_GRADE_V1,"{""attack"": 5.0, ""creation"": 5.0, ""defending"": 0.83, ""discipline"": 6.0, ""possession"": 6.96, ""pressing"": null, ""progression"": 7.04}","[""AGGREGATE_SOURCE_NO_TRUE_ACTION_QUALITY"", ""PROGRESSION_PROXY_ONLY"", ""PRESSING_UNAVAILABLE""]",API_FOOTBALL_FIXTURES_PLAYERS,true,false,false,false,false
14674,331,Rosenborg,2017-04-23T16:00:00+00:00,2026-09-26T08:36:03Z,1173,Birger Meling,D,72.0,6.46,HIGH,85.7,6.9,PBK_PLAYER_GRADE_V1,"{""attack"": 5.31, ""creation"": 5.15, ""defending"": 6.9, ""discipline"": 4.4, ""possession"": 7.43, ""pressing"": null, ""progression"": 6.76}","[""AGGREGATE_SOURCE_NO_TRUE_ACTION_QUALITY"", ""PROGRESSION_PROXY_ONLY"", ""PRESSING_UNAVAILABLE""]",API_FOOTBALL_FIXTURES_PLAYERS,true,false,false,false,false
14674,331,Rosenborg,2017-04-23T16:00:00+00:00,2026-09-26T08:36:03Z,1175,Tore Reginiussen,D,90.0,6.48,HIGH,85.7,7.9,PBK_PLAYER_GRADE_V1,"{""attack"": 5.55, ""creation"": 5.0, ""defending"": 6.97, ""discipline"": 5.44, ""possession"": 6.7, ""pressing"": null, ""progression"": 6.68}","[""AGGREGATE_SOURCE_NO_TRUE_ACTION_QUALITY"", ""PROGRESSION_PROXY_ONLY"", ""PRESSING_UNAVAILABLE""]",API_FOOTBALL_FIXTURES_PLAYERS,true,false,false,false,false
14674,331,Rosenborg,2017-04-23T16:00:00+00:00,2026-09-26T08:36:03Z,1181,Anders Konradsen,M,90.0,5.43,HIGH,85.7,6.9,PBK_PLAYER_GRADE_V1,"{""attack"": 5.55, ""creation"": 5.0, ""defending"": 2.88, ""discipline"": 4.44, ""possession"": 6.51, ""pressing"": null, ""progression"": 6.65}","[""AGGREGATE_SOURCE_NO_TRUE_ACTION_QUALITY"", ""PROGRESSION_PROXY_ONLY"", ""PRESSING_UNAVAILABLE""]",API_FOOTBALL_FIXTURES_PLAYERS,true,false,false,false,false
14674,331,Rosenborg,2017-04-23T16:00:00+00:00,2026-09-26T08:36:03Z,1182,Mike Jensen,M,90.0,5.79,HIGH,85.7,7.1,PBK_PLAYER_GRADE_V1,"{""attack"": 5.5, ""creation"": 5.69, ""defending"": 5.76, ""discipline"": 5.16, ""possession"": 5.82, ""pressing"": null, ""progression"": 6.27}","[""AGGREGATE_SOURCE_NO_TRUE_ACTION_QUALITY"", ""PROGRESSION_PROXY_ONLY"", ""PRESSING_UNAVAILABLE""]",API_FOOTBALL_FIXTURES_PLAYERS,true,false,false,false,false
14674,331,Rosenborg,2017-04-23T16:00:00+00:00,2026-09-26T08:36:03Z,1187,Nicklas Bendtner,F,90.0,5.38,HIGH,85.7,6.8,PBK_PLAYER_GRADE_V1,"{""attack"": 5.0, ""creation"": 5.45, ""defending"": 7.08, ""discipline"": 6.0, ""possession"": 4.88, ""pressing"": null, ""progression"": 5.77}","[""AGGREGATE_SOURCE_NO_TRUE_ACTION_QUALITY"", ""PROGRESSION_PROXY_ONLY"", ""PRESSING_UNAVAILABLE""]",API_FOOTBALL_FIXTURES_PLAYERS,true,false,false,false,false
14674,331,Rosenborg,2017-04-23T16:00:00+00:00,2026-09-26T08:36:03Z,1191,Pål André Helland,F,90.0,5.63,HIGH,85.7,7.7,PBK_PLAYER_GRADE_V1,"{""attack"": 5.0, ""creation"": 7.16, ""defending"": 6.42, ""discipline"": 5.72, ""possession"": 4.4, ""pressing"": null, ""progression"": 5.56}","[""AGGREGATE_SOURCE_NO_TRUE_ACTION_QUALITY"", ""PROGRESSION_PROXY_ONLY"", ""PRESSING_UNAVAILABLE""]",API_FOOTBALL_FIXTURES_PLAYERS,true,false,false,false,false
14674,331,Rosenborg,2017-04-23T16:00:00+00:00,2026-09-26T08:36:03Z,2743,Alex Gersbach,D,73.0,7.33,HIGH,85.7,7.1,PBK_PLAYER_GRADE_V1,"{""attack"": 5.62, ""creation"": 5.15, ""defending"": 8.26, ""discipline"": 6.0, ""possession"": 8.33, ""pressing"": null, ""progression"": 6.61}","[""AGGREGATE_SOURCE_NO_TRUE_ACTION_QUALITY"", ""PROGRESSION_PROXY_ONLY"", ""PRESSING_UNAVAILABLE""]",API_FOOTBALL_FIXTURES_PLAYERS,true,false,false,false,false
14674,331,Rosenborg,2017-04-23T16:00:00+00:00,2026-09-26T08:36:03Z,354,Milan Jevtović,M,61.0,6.54,MEDIUM,85.7,6.7,PBK_PLAYER_GRADE_V1,"{""attack"": 6.18, ""creation"": 5.18, ""defending"": 6.12, ""discipline"": 6.0, ""possession"": 9.54, ""pressing"": null, ""progression"": 5.78}","[""AGGREGATE_SOURCE_NO_TRUE_ACTION_QUALITY"", ""PROGRESSION_PROXY_ONLY"", ""PRESSING_UNAVAILABLE""]",API_FOOTBALL_FIXTURES_PLAYERS,true,false,false,false,false
14674,331,Rosenborg,2017-04-23T16:00:00+00:00,2026-09-26T08:36:03Z,36901,Fredrik Midtsjø,M,90.0,6.21,HIGH,85.7,7.4,PBK_PLAYER_GRADE_V1,"{""attack"": 5.75, ""creation"": 7.16, ""defending"": 5.02, ""discipline"": 4.44, ""possession"": 6.52, ""pressing"": null, ""progression"": 6.73}","[""AGGREGATE_SOURCE_NO_TRUE_ACTION_QUALITY"", ""PROGRESSION_PROXY_ONLY"", ""PRESSING_UNAVAILABLE""]",API_FOOTBALL_FIXTURES_PLAYERS,true,false,false,false,false
14674,331,Rosenborg,2017-04-23T16:00:00+00:00,2026-09-26T08:36:03Z,39125,Matthías Vilhjálmsson,F,18.0,4.36,LOW,85.7,6.5,PBK_PLAYER_GRADE_V1,"{""attack"": 5.0, ""creation"": 5.0, ""defending"": 0.83, ""discipline"": 6.0, ""possession"": 0.0, ""pressing"": null, ""progression"": 5.17}","[""AGGREGATE_SOURCE_NO_TRUE_ACTION_QUALITY"", ""PROGRESSION_PROXY_ONLY"", ""PRESSING_UNAVAILABLE""]",API_FOOTBALL_FIXTURES_PLAYERS,true,false,false,false,false
14674,331,Rosenborg,2017-04-23T16:00:00+00:00,2026-09-26T08:36:03Z,39366,Mushaga Bakenga,F,29.0,4.85,LOW,85.7,6.7,PBK_PLAYER_GRADE_V1,"{""attack"": 5.78, ""creation"": 5.0, ""defending"": 5.0, ""discipline"": 5.13, ""possession"": 0.0, ""pressing"": null, ""progression"": 5.78}","[""AGGREGATE_SOURCE_NO_TRUE_ACTION_QUALITY"", ""PROGRESSION_PROXY_ONLY"", ""PRESSING_UNAVAILABLE""]",API_FOOTBALL_FIXTURES_PLAYERS,true,false,false,false,false
14674,331,Rosenborg,2017-04-23T16:00:00+00:00,2026-09-26T08:36:03Z,51056,Jørgen Skjelvik,D,90.0,7.63,HIGH,85.7,7.4,PBK_PLAYER_GRADE_V1,"{""attack"": 5.25, ""creation"": 5.24, ""defending"": 8.92, ""discipline"": 6.0, ""possession"": 8.13, ""pressing"": null, ""progression"": 7.0}","[""AGGREGATE_SOURCE_NO_TRUE_ACTION_QUALITY"", ""PROGRESSION_PROXY_ONLY"", ""PRESSING_UNAVAILABLE""]",API_FOOTBALL_FIXTURES_PLAYERS,true,false,false,false,false
14674,757,Aalesund,2017-04-23T16:00:00+00:00,2026-09-26T08:36:03Z,11003,Edwin Gyasi,M,74.0,5.94,HIGH,85.7,6.4,PBK_PLAYER_GRADE_V1,"{""attack"": 5.91, ""creation"": 6.09, ""defending"": 4.17, ""discipline"": 5.66, ""possession"": 6.55, ""pressing"": null, ""progression"": 6.42}","[""AGGREGATE_SOURCE_NO_TRUE_ACTION_QUALITY"", ""PROGRESSION_PROXY_ONLY"", ""PRESSING_UNAVAILABLE""]",API_FOOTBALL_FIXTURES_PLAYERS,true,false,false,false,false
14674,757,Aalesund,2017-04-23T16:00:00+00:00,2026-09-26T08:36:03Z,37445,Lars Veldwijk,F,90.0,4.78,HIGH,85.7,6.5,PBK_PLAYER_GRADE_V1,"{""attack"": 5.0, ""creation"": 5.36, ""defending"": 4.17, ""discipline"": 6.0, ""possession"": 1.53, ""pressing"": null, ""progression"": 5.28}","[""AGGREGATE_SOURCE_NO_TRUE_ACTION_QUALITY"", ""PROGRESSION_PROXY_ONLY"", ""PRESSING_UNAVAILABLE""]",API_FOOTBALL_FIXTURES_PLAYERS,true,false,false,false,false
14674,757,Aalesund,2017-04-23T16:00:00+00:00,2026-09-26T08:36:03Z,39089,Vebjørn Hoff,M,72.0,5.56,HIGH,85.7,6.7,PBK_PLAYER_GRADE_V1,"{""attack"": 5.0, ""creation"": 5.71, ""defending"": 4.09, ""discipline"": 5.3, ""possession"": 6.46, ""pressing"": null, ""progression"": 5.88}","[""AGGREGATE_SOURCE_NO_TRUE_ACTION_QUALITY"", ""PROGRESSION_PROXY_ONLY"", ""PRESSING_UNAVAILABLE""]",API_FOOTBALL_FIXTURES_PLAYERS,true,false,false,false,false
14674,757,Aalesund,2017-04-23T16:00:00+00:00,2026-09-26T08:36:03Z,39344,Mostafa Abdellaoue,F,90.0,4.98,HIGH,85.7,6.9,PBK_PLAYER_GRADE_V1,"{""attack"": 5.25, ""creation"": 5.0, ""defending"": 5.38, ""discipline"": 4.44, ""possession"": 3.7, ""pressing"": null, ""progression"": 5.46}","[""AGGREGATE_SOURCE_NO_TRUE_ACTION_QUALITY"", ""PROGRESSION_PROXY_ONLY"", ""PRESSING_UNAVAILABLE""]",API_FOOTBALL_FIXTURES_PLAYERS,true,false,false,false,false
14674,757,Aalesund,2017-04-23T16:00:00+00:00,2026-09-26T08:36:03Z,40223,Adam Orn Arnarson,D,90.0,5.09,HIGH,85.7,6.8,PBK_PLAYER_GRADE_V1,"{""attack"": 5.25, ""creation"": 5.45, ""defending"": 4.37, ""discipline"": 4.72, ""possession"": 6.05, ""pressing"": null, ""progression"": 5.95}","[""AGGREGATE_SOURCE_NO_TRUE_ACTION_QUALITY"", ""PROGRESSION_PROXY_ONLY"", ""PRESSING_UNAVAILABLE""]",API_FOOTBALL_FIXTURES_PLAYERS,true,false,false,false,false
14674,757,Aalesund,2017-04-23T16:00:00+00:00,2026-09-26T08:36:03Z,40415,Mikkel Kirkeskov,D,90.0,6.21,HIGH,85.7,7.6,PBK_PLAYER_GRADE_V1,"{""attack"": 5.0, ""creation"": 5.93, ""defending"": 7.33, ""discipline"": 3.88, ""possession"": 5.86, ""pressing"": null, ""progression"": 5.74}","[""AGGREGATE_SOURCE_NO_TRUE_ACTION_QUALITY"", ""PROGRESSION_PROXY_ONLY"", ""PRESSING_UNAVAILABLE""]",API_FOOTBALL_FIXTURES_PLAYERS,true,false,false,false,false
14674,757,Aalesund,2017-04-23T16:00:00+00:00,2026-09-26T08:36:03Z,57137,Andreas Lie,G,90.0,6.71,HIGH,85.7,7.5,PBK_PLAYER_GRADE_V1,"{""attack"": 5.0, ""creation"": 5.0, ""defending"": 9.17, ""discipline"": 6.0, ""possession"": 2.55, ""pressing"": null, ""progression"": 5.77}","[""AGGREGATE_SOURCE_NO_TRUE_ACTION_QUALITY"", ""PROGRESSION_PROXY_ONLY"", ""PRESSING_UNAVAILABLE""]",API_FOOTBALL_FIXTURES_PLAYERS,true,false,false,false,false
14674,757,Aalesund,2017-04-23T16:00:00+00:00,2026-09-26T08:36:03Z,57141,Daniel Leo Gretarsson,D,90.0,6.5,HIGH,85.7,7.5,PBK_PLAYER_GRADE_V1,"{""attack"": 5.55, ""creation"": 5.81, ""defending"": 7.46, ""discipline"": 6.0, ""possession"": 5.44, ""pressing"": null, ""progression"": 6.08}","[""AGGREGATE_SOURCE_NO_TRUE_ACTION_QUALITY"", ""PROGRESSION_PROXY_ONLY"", ""PRESSING_UNAVAILABLE""]",API_FOOTBALL_FIXTURES_PLAYERS,true,false,false,false,false
14674,757,Aalesund,2017-04-23T16:00:00+00:00,2026-09-26T08:36:03Z,57145,Oddbjorn Lie,D,18.0,4.35,LOW,85.7,6.6,PBK_PLAYER_GRADE_V1,"{""attack"": 5.0, ""creation"": 5.0, ""defending"": 5.0, ""discipline"": 6.0, ""possession"": 0.0, ""pressing"": null, ""progression"": 5.17}","[""AGGREGATE_SOURCE_NO_TRUE_ACTION_QUALITY"", ""PROGRESSION_PROXY_ONLY"", ""PRESSING_UNAVAILABLE""]",API_FOOTBALL_FIXTURES_PLAYERS,true,false,false,false,false
14674,757,Aalesund,2017-04-23T16:00:00+00:00,2026-09-26T08:36:03Z,57148,Kaj Ramsteijn,D,90.0,5.4,HIGH,85.7,7.2,PBK_PLAYER_GRADE_V1,"{""attack"": 5.0, ""creation"": 5.0, ""defending"": 5.76, ""discipline"": 5.0, ""possession"": 4.48, ""pressing"": null, ""progression"": 5.91}","[""AGGREGATE_SOURCE_NO_TRUE_ACTION_QUALITY"", ""PROGRESSION_PROXY_ONLY"", ""PRESSING_UNAVAILABLE""]",API_FOOTBALL_FIXTURES_PLAYERS,true,false,false,false,false
14674,757,Aalesund,2017-04-23T16:00:00+00:00,2026-09-26T08:36:03Z,57151,Fredrik Carlsen,M,90.0,5.82,HIGH,85.7,7.3,PBK_PLAYER_GRADE_V1,"{""attack"": 5.0, ""creation"": 5.12, ""defending"": 7.53, ""discipline"": 6.0, ""possession"": 5.35, ""pressing"": null, ""progression"": 6.19}","[""AGGREGATE_SOURCE_NO_TRUE_ACTION_QUALITY"", ""PROGRESSION_PROXY_ONLY"", ""PRESSING_UNAVAILABLE""]",API_FOOTBALL_FIXTURES_PLAYERS,true,false,false,false,false
14674,757,Aalesund,2017-04-23T16:00:00+00:00,2026-09-26T08:36:03Z,57159,Sondre Fet,M,89.0,5.74,HIGH,85.7,7.2,PBK_PLAYER_GRADE_V1,"{""attack"": 6.06, ""creation"": 5.46, ""defending"": 5.38, ""discipline"": 5.72, ""possession"": 5.67, ""pressing"": null, ""progression"": 6.07}","[""AGGREGATE_SOURCE_NO_TRUE_ACTION_QUALITY"", ""PROGRESSION_PROXY_ONLY"", ""PRESSING_UNAVAILABLE""]",API_FOOTBALL_FIXTURES_PLAYERS,true,false,false,false,false
14674,757,Aalesund,2017-04-23T16:00:00+00:00,2026-09-26T08:36:03Z,89715,Valmir Berisha,F,16.0,5.7,LOW,85.7,6.4,PBK_PLAYER_GRADE_V1,"{""attack"": 6.41, ""creation"": 5.0, ""defending"": 2.5, ""discipline"": 0.0, ""possession"": 8.29, ""pressing"": null, ""progression"": 7.59}","[""AGGREGATE_SOURCE_NO_TRUE_ACTION_QUALITY"", ""PROGRESSION_PROXY_ONLY"", ""PRESSING_UNAVAILABLE""]",API_FOOTBALL_FIXTURES_PLAYERS,true,false,false,false,false
14674,757,Aalesund,2017-04-23T16:00:00+00:00,2026-09-26T08:36:03Z,94696,Emil Solnordal,M,1.0,6.19,LOW,85.7,6.2,PBK_PLAYER_GRADE_V1,"{""attack"": 5.0, ""creation"": 5.0, ""defending"": 0.83, ""discipline"": 0.0, ""possession"": 10.0, ""pressing"": null, ""progression"": 10.0}","[""AGGREGATE_SOURCE_NO_TRUE_ACTION_QUALITY"", ""PROGRESSION_PROXY_ONLY"", ""PRESSING_UNAVAILABLE""]",API_FOOTBALL_FIXTURES_PLAYERS,true,false,false,false,false
14675,320,Kristiansund BK,2017-04-23T16:00:00+00:00,2026-09-26T08:36:03Z,11048,Nikita Baranov,D,71.0,6.2,HIGH,85.7,6.5,PBK_PLAYER_GRADE_V1,"{""attack"": 5.0, ""creation"": 5.15, ""defending"": 6.87, ""discipline"": 4.38, ""possession"": 6.97, ""pressing"": null, ""progression"": 5.89}","[""AGGREGATE_SOURCE_NO_TRUE_ACTION_QUALITY"", ""PROGRESSION_PROXY_ONLY"", ""PRESSING_UNAVAILABLE""]",API_FOOTBALL_FIXTURES_PLAYERS,true,false,false,false,false
14675,320,Kristiansund BK,2017-04-23T16:00:00+00:00,2026-09-26T08:36:03Z,15706,Benjamin Stokke,F,90.0,5.58,HIGH,85.7,7.0,PBK_PLAYER_GRADE_V1,"{""attack"": 5.0, ""creation"": 5.81, ""defending"": 9.93, ""discipline"": 5.72, ""possession"": 5.14, ""pressing"": null, ""progression"": 5.67}","[""AGGREGATE_SOURCE_NO_TRUE_ACTION_QUALITY"", ""PROGRESSION_PROXY_ONLY"", ""PRESSING_UNAVAILABLE""]",API_FOOTBALL_FIXTURES_PLAYERS,true,false,false,false,false
14675,320,Kristiansund BK,2017-04-23T16:00:00+00:00,2026-09-26T08:36:03Z,39154,Aliou Coly,D,90.0,5.27,HIGH,85.7,6.4,PBK_PLAYER_GRADE_V1,"{""attack"": 5.0, ""creation"": 5.69, ""defending"": 5.76, ""discipline"": 6.0, ""possession"": 2.95, ""pressing"": null, ""progression"": 5.63}","[""AGGREGATE_SOURCE_NO_TRUE_ACTION_QUALITY"", ""PROGRESSION_PROXY_ONLY"", ""PRESSING_UNAVAILABLE""]",API_FOOTBALL_FIXTURES_PLAYERS,true,false,false,false,false
14675,320,Kristiansund BK,2017-04-23T16:00:00+00:00,2026-09-26T08:36:03Z,39155,Andreas Hopmark,D,90.0,7.4,HIGH,85.7,6.3,PBK_PLAYER_GRADE_V1,"{""attack"": 5.0, ""creation"": 5.0, ""defending"": 9.55, ""discipline"": 6.0, ""possession"": 6.25, ""pressing"": null, ""progression"": 6.05}","[""AGGREGATE_SOURCE_NO_TRUE_ACTION_QUALITY"", ""PROGRESSION_PROXY_ONLY"", ""PRESSING_UNAVAILABLE""]",API_FOOTBALL_FIXTURES_PLAYERS,true,false,false,false,false
14675,320,Kristiansund BK,2017-04-23T16:00:00+00:00,2026-09-26T08:36:03Z,39160,Henrik Gjesdal,D,90.0,5.39,HIGH,85.7,5.6,PBK_PLAYER_GRADE_V1,"{""attack"": 5.0, ""creation"": 5.0, ""defending"": 5.0, ""discipline"": 6.0, ""possession"": 5.82, ""pressing"": null, ""progression"": 5.91}","[""AGGREGATE_SOURCE_NO_TRUE_ACTION_QUALITY"", ""PROGRESSION_PROXY_ONLY"", ""PRESSING_UNAVAILABLE""]",API_FOOTBALL_FIXTURES_PLAYERS,true,false,false,false,false
14675,320,Kristiansund BK,2017-04-23T16:00:00+00:00,2026-09-26T08:36:03Z,39161,Pal Erik Ulvestad,M,24.0,6.04,LOW,85.7,6.3,PBK_PLAYER_GRADE_V1,"{""attack"": 5.0, ""creation"": 6.69, ""defending"": 10.0, ""discipline"": 6.0, ""possession"": 3.42, ""pressing"": null, ""progression"": 6.05}","[""AGGREGATE_SOURCE_NO_TRUE_ACTION_QUALITY"", ""PROGRESSION_PROXY_ONLY"", ""PRESSING_UNAVAILABLE""]",API_FOOTBALL_FIXTURES_PLAYERS,true,false,false,false,false
14675,320,Kristiansund BK,2017-04-23T16:00:00+00:00,2026-09-26T08:36:03Z,39166,Liridon Kalludra,M,90.0,5.85,HIGH,85.7,6.2,PBK_PLAYER_GRADE_V1,"{""attack"": 5.55, ""creation"": 5.93, ""defending"": 5.38, ""discipline"": 5.44, ""possession"": 6.64, ""pressing"": null, ""progression"": 5.67}","[""AGGREGATE_SOURCE_NO_TRUE_ACTION_QUALITY"", ""PROGRESSION_PROXY_ONLY"", ""PRESSING_UNAVAILABLE""]",API_FOOTBALL_FIXTURES_PLAYERS,true,false,false,false,false
14675,320,Kristiansund BK,2017-04-23T16:00:00+00:00,2026-09-26T08:36:03Z,39169,Sondre Sorlie,M,66.0,3.35,HIGH,85.7,5.8,PBK_PLAYER_GRADE_V1,"{""attack"": 5.0, ""creation"": 5.0, ""defending"": 0.83, ""discipline"": 4.25, ""possession"": 0.0, ""pressing"": null, ""progression"": 5.05}","[""AGGREGATE_SOURCE_NO_TRUE_ACTION_QUALITY"", ""PROGRESSION_PROXY_ONLY"", ""PRESSING_UNAVAILABLE""]",API_FOOTBALL_FIXTURES_PLAYERS,true,false,false,false,false
14675,320,Kristiansund BK,2017-04-23T16:00:00+00:00,2026-09-26T08:36:03Z,57206,Sverre Okland,M,66.0,4.64,HIGH,85.7,6.4,PBK_PLAYER_GRADE_V1,"{""attack"": 5.0, ""creation"": 5.0, ""defending"": 6.39, ""discipline"": 5.62, ""possession"": 1.61, ""pressing"": null, ""progression"": 5.38}","[""AGGREGATE_SOURCE_NO_TRUE_ACTION_QUALITY"", ""PROGRESSION_PROXY_ONLY"", ""PRESSING_UNAVAILABLE""]",API_FOOTBALL_FIXTURES_PLAYERS,true,false,false,false,false
14675,320,Kristiansund BK,2017-04-23T16:00:00+00:00,2026-09-26T08:36:03Z,57324,Jonas Ronningen,M,24.0,6.13,LOW,85.7,6.3,PBK_PLAYER_GRADE_V1,"{""attack"": 7.06, ""creation"": 6.69, ""defending"": 0.83, ""discipline"": 6.0, ""possession"": 9.45, ""pressing"": null, ""progression"": 5.39}","[""AGGREGATE_SOURCE_NO_TRUE_ACTION_QUALITY"", ""PROGRESSION_PROXY_ONLY"", ""PRESSING_UNAVAILABLE""]",API_FOOTBALL_FIXTURES_PLAYERS,true,false,false,false,false
14675,320,Kristiansund BK,2017-04-23T16:00:00+00:00,2026-09-26T08:36:03Z,57427,Jean Allasande Mendy,F,90.0,5.01,HIGH,85.7,6.3,PBK_PLAYER_GRADE_V1,"{""attack"": 5.0, ""creation"": 5.0, ""defending"": 2.22, ""discipline"": 5.72, ""possession"": 5.22, ""pressing"": null, ""progression"": 5.32}","[""AGGREGATE_SOURCE_NO_TRUE_ACTION_QUALITY"", ""PROGRESSION_PROXY_ONLY"", ""PRESSING_UNAVAILABLE""]",API_FOOTBALL_FIXTURES_PLAYERS,true,false,false,false,false
14675,320,Kristiansund BK,2017-04-23T16:00:00+00:00,2026-09-26T08:36:03Z,94880,Kamer Qaka,M,90.0,6.45,HIGH,85.7,7.0,PBK_PLAYER_GRADE_V1,"{""attack"": 5.5, ""creation"": 5.93, ""defending"": 8.41, ""discipline"": 4.72, ""possession"": 6.97, ""pressing"": null, ""progression"": 6.48}","[""AGGREGATE_SOURCE_NO_TRUE_ACTION_QUALITY"", ""PROGRESSION_PROXY_ONLY"", ""PRESSING_UNAVAILABLE""]",API_FOOTBALL_FIXTURES_PLAYERS,true,false,false,false,false
14675,320,Kristiansund BK,2017-04-23T16:00:00+00:00,2026-09-26T08:36:03Z,94966,Conny Maansson,G,90.0,5.19,HIGH,85.7,5.9,PBK_PLAYER_GRADE_V1,"{""attack"": 5.0, ""creation"": 5.0, ""defending"": 5.0, ""discipline"": 6.0, ""possession"": 4.5, ""pressing"": null, ""progression"": 5.7}","[""AGGREGATE_SOURCE_NO_TRUE_ACTION_QUALITY"", ""PROGRESSION_PROXY_ONLY"", ""PRESSING_UNAVAILABLE""]",API_FOOTBALL_FIXTURES_PLAYERS,true,false,false,false,false
14675,333,Sarpsborg 08 FF,2017-04-23T16:00:00+00:00,2026-09-26T08:36:03Z,1184,Anders Trondsen,M,80.0,5.71,HIGH,85.7,6.3,PBK_PLAYER_GRADE_V1,"{""attack"": 5.0, ""creation"": 5.64, ""defending"": 2.92, ""discipline"": 6.0, ""possession"": 7.79, ""pressing"": null, ""progression"": 5.87}","[""AGGREGATE_SOURCE_NO_TRUE_ACTION_QUALITY"", ""PROGRESSION_PROXY_ONLY"", ""PRESSING_UNAVAILABLE""]",API_FOOTBALL_FIXTURES_PLAYERS,true,false,false,false,false
14675,333,Sarpsborg 08 FF,2017-04-23T16:00:00+00:00,2026-09-26T08:36:03Z,15598,Patrick Mortensen,F,90.0,6.09,HIGH,85.7,7.4,PBK_PLAYER_GRADE_V1,"{""attack"": 7.3, ""creation"": 5.45, ""defending"": 1.67, ""discipline"": 5.72, ""possession"": 6.13, ""pressing"": null, ""progression"": 5.42}","[""AGGREGATE_SOURCE_NO_TRUE_ACTION_QUALITY"", ""PROGRESSION_PROXY_ONLY"", ""PRESSING_UNAVAILABLE""]",API_FOOTBALL_FIXTURES_PLAYERS,true,false,false,false,false
14675,333,Sarpsborg 08 FF,2017-04-23T16:00:00+00:00,2026-09-26T08:36:03Z,2015,Joachim Thomassen,D,90.0,6.11,HIGH,85.7,6.7,PBK_PLAYER_GRADE_V1,"{""attack"": 5.0, ""creation"": 5.0, ""defending"": 6.97, ""discipline"": 4.72, ""possession"": 5.75, ""pressing"": null, ""progression"": 6.05}","[""AGGREGATE_SOURCE_NO_TRUE_ACTION_QUALITY"", ""PROGRESSION_PROXY_ONLY"", ""PRESSING_UNAVAILABLE""]",API_FOOTBALL_FIXTURES_PLAYERS,true,false,false,false,false
14675,333,Sarpsborg 08 FF,2017-04-23T16:00:00+00:00,2026-09-26T08:36:03Z,2021,Ole Jørgen Halvorsen,M,83.0,5.88,HIGH,85.7,7.7,PBK_PLAYER_GRADE_V1,"{""attack"": 5.27, ""creation"": 8.33, ""defending"": 5.0, ""discipline"": 5.39, ""possession"": 4.54, ""pressing"": null, ""progression"": 5.95}","[""AGGREGATE_SOURCE_NO_TRUE_ACTION_QUALITY"", ""PROGRESSION_PROXY_ONLY"", ""PRESSING_UNAVAILABLE""]",API_FOOTBALL_FIXTURES_PLAYERS,true,false,false,false,false
14675,333,Sarpsborg 08 FF,2017-04-23T16:00:00+00:00,2026-09-26T08:36:03Z,2025,Matti Lund Nielsen,M,90.0,6.15,HIGH,85.7,8.5,PBK_PLAYER_GRADE_V1,"{""attack"": 8.5, ""creation"": 5.0, ""defending"": 3.99, ""discipline"": 5.72, ""possession"": 7.08, ""pressing"": null, ""progression"": 6.5}","[""AGGREGATE_SOURCE_NO_TRUE_ACTION_QUALITY"", ""PROGRESSION_PROXY_ONLY"", ""PRESSING_UNAVAILABLE""]",API_FOOTBALL_FIXTURES_PLAYERS,true,false,false,false,false
14675,333,Sarpsborg 08 FF,2017-04-23T16:00:00+00:00,2026-09-26T08:36:03Z,2027,Kristoffer Zachariassen,M,90.0,5.88,HIGH,85.7,7.2,PBK_PLAYER_GRADE_V1,"{""attack"": 5.55, ""creation"": 6.49, ""defending"": 5.16, ""discipline"": 5.44, ""possession"": 6.33, ""pressing"": null, ""progression"": 5.7}","[""AGGREGATE_SOURCE_NO_TRUE_ACTION_QUALITY"", ""PROGRESSION_PROXY_ONLY"", ""PRESSING_UNAVAILABLE""]",API_FOOTBALL_FIXTURES_PLAYERS,true,false,false,false,false
14675,333,Sarpsborg 08 FF,2017-04-23T16:00:00+00:00,2026-09-26T08:36:03Z,48285,Jonas Lindberg,F,80.0,7.29,HIGH,85.7,9.0,PBK_PLAYER_GRADE_V1,"{""attack"": 7.25, ""creation"": 9.6, ""defending"": 4.4, ""discipline"": 5.37, ""possession"": 6.73, ""pressing"": null, ""progression"": 6.23}","[""AGGREGATE_SOURCE_NO_TRUE_ACTION_QUALITY"", ""PROGRESSION_PROXY_ONLY"", ""PRESSING_UNAVAILABLE""]",API_FOOTBALL_FIXTURES_PLAYERS,true,false,false,false,false
14675,333,Sarpsborg 08 FF,2017-04-23T16:00:00+00:00,2026-09-26T08:36:03Z,57201,Kristoffer Normann Hansen,M,7.0,7.06,LOW,85.7,6.4,PBK_PLAYER_GRADE_V1,"{""attack"": 5.0, ""creation"": 10.0, ""defending"": 3.61, ""discipline"": 6.0, ""possession"": 7.94, ""pressing"": null, ""progression"": 7.25}","[""AGGREGATE_SOURCE_NO_TRUE_ACTION_QUALITY"", ""PROGRESSION_PROXY_ONLY"", ""PRESSING_UNAVAILABLE""]",API_FOOTBALL_FIXTURES_PLAYERS,true,false,false,false,false
14675,333,Sarpsborg 08 FF,2017-04-23T16:00:00+00:00,2026-09-26T08:36:03Z,57244,Joakim Jørgensen,D,90.0,5.64,HIGH,85.7,6.6,PBK_PLAYER_GRADE_V1,"{""attack"": 5.0, ""creation"": 5.0, ""defending"": 5.0, ""discipline"": 5.72, ""possession"": 7.74, ""pressing"": null, ""progression"": 5.8}","[""AGGREGATE_SOURCE_NO_TRUE_ACTION_QUALITY"", ""PROGRESSION_PROXY_ONLY"", ""PRESSING_UNAVAILABLE""]",API_FOOTBALL_FIXTURES_PLAYERS,true,false,false,false,false
14675,333,Sarpsborg 08 FF,2017-04-23T16:00:00+00:00,2026-09-26T08:36:03Z,69920,Erton Fejzullahu,F,10.0,6.81,LOW,85.7,7.3,PBK_PLAYER_GRADE_V1,"{""attack"": 10.0, ""creation"": 5.0, ""defending"": 0.83, ""discipline"": 3.48, ""possession"": 5.67, ""pressing"": null, ""progression"": 5.95}","[""AGGREGATE_SOURCE_NO_TRUE_ACTION_QUALITY"", ""PROGRESSION_PROXY_ONLY"", ""PRESSING_UNAVAILABLE""]",API_FOOTBALL_FIXTURES_PLAYERS,true,false,false,false,false
14675,333,Sarpsborg 08 FF,2017-04-23T16:00:00+00:00,2026-09-26T08:36:03Z,81,Krépin Diatta,F,10.0,5.46,LOW,85.7,6.5,PBK_PLAYER_GRADE_V1,"{""attack"": 5.0, ""creation"": 5.0, ""defending"": 0.83, ""discipline"": 3.48, ""possession"": 10.0, ""pressing"": null, ""progression"": 6.58}","[""AGGREGATE_SOURCE_NO_TRUE_ACTION_QUALITY"", ""PROGRESSION_PROXY_ONLY"", ""PRESSING_UNAVAILABLE""]",API_FOOTBALL_FIXTURES_PLAYERS,true,false,false,false,false
14675,333,Sarpsborg 08 FF,2017-04-23T16:00:00+00:00,2026-09-26T08:36:03Z,8949,Anders Kristiansen,G,90.0,4.99,HIGH,85.7,6.6,PBK_PLAYER_GRADE_V1,"{""attack"": 5.0, ""creation"": 5.0, ""defending"": 5.0, ""discipline"": 6.0, ""possession"": 3.66, ""pressing"": null, ""progression"": 5.46}","[""AGGREGATE_SOURCE_NO_TRUE_ACTION_QUALITY"", ""PROGRESSION_PROXY_ONLY"", ""PRESSING_UNAVAILABLE""]",API_FOOTBALL_FIXTURES_PLAYERS,true,false,false,false,false
14675,333,Sarpsborg 08 FF,2017-04-23T16:00:00+00:00,2026-09-26T08:36:03Z,89781,Andreas Albech,D,90.0,5.95,HIGH,85.7,6.6,PBK_PLAYER_GRADE_V1,"{""attack"": 5.25, ""creation"": 5.0, ""defending"": 6.36, ""discipline"": 5.72, ""possession"": 5.44, ""pressing"": null, ""progression"": 6.26}","[""AGGREGATE_SOURCE_NO_TRUE_ACTION_QUALITY"", ""PROGRESSION_PROXY_ONLY"", ""PRESSING_UNAVAILABLE""]",API_FOOTBALL_FIXTURES_PLAYERS,true,false,false,false,false
14675,333,Sarpsborg 08 FF,2017-04-23T16:00:00+00:00,2026-09-26T08:36:03Z,98614,Anders Østli,D,90.0,6.01,HIGH,85.7,6.7,PBK_PLAYER_GRADE_V1,"{""attack"": 5.0, ""creation"": 5.12, ""defending"": 6.39, ""discipline"": 5.72, ""possession"": 6.45, ""pressing"": null, ""progression"": 5.63}","[""AGGREGATE_SOURCE_NO_TRUE_ACTION_QUALITY"", ""PROGRESSION_PROXY_ONLY"", ""PRESSING_UNAVAILABLE""]",API_FOOTBALL_FIXTURES_PLAYERS,true,false,false,false,false
14676,323,Stabaek,2017-04-23T16:00:00+00:00,2026-09-26T08:36:03Z,15845,Mande Sayouba,G,90.0,4.31,HIGH,85.7,7.6,PBK_PLAYER_GRADE_V1,"{""attack"": 5.0, ""creation"": 5.45, ""defending"": 5.0, ""discipline"": 6.0, ""possession"": 0.0, ""pressing"": null, ""progression"": 5.35}","[""AGGREGATE_SOURCE_NO_TRUE_ACTION_QUALITY"", ""PROGRESSION_PROXY_ONLY"", ""PRESSING_UNAVAILABLE""]",API_FOOTBALL_FIXTURES_PLAYERS,true,false,false,false,false
14676,323,Stabaek,2017-04-23T16:00:00+00:00,2026-09-26T08:36:03Z,39054,Ohi Omoijuanfo,F,90.0,5.89,HIGH,85.7,7.5,PBK_PLAYER_GRADE_V1,"{""attack"": 7.8, ""creation"": 5.48, ""defending"": 4.78, ""discipline"": 5.16, ""possession"": 1.53, ""pressing"": null, ""progression"": 5.64}","[""AGGREGATE_SOURCE_NO_TRUE_ACTION_QUALITY"", ""PROGRESSION_PROXY_ONLY"", ""PRESSING_UNAVAILABLE""]",API_FOOTBALL_FIXTURES_PLAYERS,true,false,false,false,false
14676,323,Stabaek,2017-04-23T16:00:00+00:00,2026-09-26T08:36:03Z,39189,Tonny Brochmann,M,78.0,6.49,HIGH,85.7,8.6,PBK_PLAYER_GRADE_V1,"{""attack"": 10.0, ""creation"": 5.66, ""defending"": 5.83, ""discipline"": 5.03, ""possession"": 6.29, ""pressing"": null, ""progression"": 6.48}","[""AGGREGATE_SOURCE_NO_TRUE_ACTION_QUALITY"", ""PROGRESSION_PROXY_ONLY"", ""PRESSING_UNAVAILABLE""]",API_FOOTBALL_FIXTURES_PLAYERS,true,false,false,false,false
14676,323,Stabaek,2017-04-23T16:00:00+00:00,2026-09-26T08:36:03Z,39277,Jeppe Moe,D,90.0,6.12,HIGH,85.7,6.9,PBK_PLAYER_GRADE_V1,"{""attack"": 5.0, ""creation"": 5.81, ""defending"": 6.74, ""discipline"": 5.72, ""possession"": 5.42, ""pressing"": null, ""progression"": 6.05}","[""AGGREGATE_SOURCE_NO_TRUE_ACTION_QUALITY"", ""PROGRESSION_PROXY_ONLY"", ""PRESSING_UNAVAILABLE""]",API_FOOTBALL_FIXTURES_PLAYERS,true,false,false,false,false
14676,323,Stabaek,2017-04-23T16:00:00+00:00,2026-09-26T08:36:03Z,39279,Andreas Hanche-Olsen,D,90.0,5.03,HIGH,85.7,7.2,PBK_PLAYER_GRADE_V1,"{""attack"": 5.0, ""creation"": 5.12, ""defending"": 4.37, ""discipline"": 4.44, ""possession"": 6.36, ""pressing"": null, ""progression"": 5.74}","[""AGGREGATE_SOURCE_NO_TRUE_ACTION_QUALITY"", ""PROGRESSION_PROXY_ONLY"", ""PRESSING_UNAVAILABLE""]",API_FOOTBALL_FIXTURES_PLAYERS,true,false,false,false,false
14676,323,Stabaek,2017-04-23T16:00:00+00:00,2026-09-26T08:36:03Z,39289,Luc Kassi,M,85.0,6.02,HIGH,85.7,8.2,PBK_PLAYER_GRADE_V1,"{""attack"": 5.26, ""creation"": 9.08, ""defending"": 3.32, ""discipline"": 6.0, ""possession"": 5.25, ""pressing"": null, ""progression"": 6.01}","[""AGGREGATE_SOURCE_NO_TRUE_ACTION_QUALITY"", ""PROGRESSION_PROXY_ONLY"", ""PRESSING_UNAVAILABLE""]",API_FOOTBALL_FIXTURES_PLAYERS,true,false,false,false,false
14676,323,Stabaek,2017-04-23T16:00:00+00:00,2026-09-26T08:36:03Z,39291,Hugo Vetlesen,M,90.0,6.1,HIGH,85.7,7.1,PBK_PLAYER_GRADE_V1,"{""attack"": 6.05, ""creation"": 5.24, ""defending"": 5.38, ""discipline"": 4.72, ""possession"": 7.22, ""pressing"": null, ""progression"": 6.83}","[""AGGREGATE_SOURCE_NO_TRUE_ACTION_QUALITY"", ""PROGRESSION_PROXY_ONLY"", ""PRESSING_UNAVAILABLE""]",API_FOOTBALL_FIXTURES_PLAYERS,true,false,false,false,false
14676,323,Stabaek,2017-04-23T16:00:00+00:00,2026-09-26T08:36:03Z,45834,Moussa Nije,M,89.0,5.0,HIGH,85.7,6.4,PBK_PLAYER_GRADE_V1,"{""attack"": 6.37, ""creation"": 5.12, ""defending"": 3.21, ""discipline"": 5.43, ""possession"": 4.21, ""pressing"": null, ""progression"": 5.71}","[""AGGREGATE_SOURCE_NO_TRUE_ACTION_QUALITY"", ""PROGRESSION_PROXY_ONLY"", ""PRESSING_UNAVAILABLE""]",API_FOOTBALL_FIXTURES_PLAYERS,true,false,false,false,false
14676,323,Stabaek,2017-04-23T16:00:00+00:00,2026-09-26T08:36:03Z,48137,Daniel Granli,D,12.0,3.26,LOW,85.7,6.5,PBK_PLAYER_GRADE_V1,"{""attack"": 5.0, ""creation"": 5.0, ""defending"": 0.83, ""discipline"": 6.0, ""possession"": 3.88, ""pressing"": null, ""progression"": 5.53}","[""AGGREGATE_SOURCE_NO_TRUE_ACTION_QUALITY"", ""PROGRESSION_PROXY_ONLY"", ""PRESSING_UNAVAILABLE""]",API_FOOTBALL_FIXTURES_PLAYERS,true,false,false,false,false
14676,323,Stabaek,2017-04-23T16:00:00+00:00,2026-09-26T08:36:03Z,57459,Morten Rena Olsen,D,1.0,6.44,LOW,85.7,–,PBK_PLAYER_GRADE_V1,"{""attack"": 5.0, ""creation"": 5.0, ""defending"": 5.0, ""discipline"": 6.0, ""possession"": 10.0, ""pressing"": null, ""progression"": 8.15}","[""AGGREGATE_SOURCE_NO_TRUE_ACTION_QUALITY"", ""PROGRESSION_PROXY_ONLY"", ""PRESSING_UNAVAILABLE""]",API_FOOTBALL_FIXTURES_PLAYERS,true,false,false,false,false
14676,323,Stabaek,2017-04-23T16:00:00+00:00,2026-09-26T08:36:03Z,61915,Tortol Lumanza,M,90.0,5.69,HIGH,85.7,6.8,PBK_PLAYER_GRADE_V1,"{""attack"": 6.1, ""creation"": 6.02, ""defending"": 2.88, ""discipline"": 6.0, ""possession"": 5.91, ""pressing"": null, ""progression"": 6.5}","[""AGGREGATE_SOURCE_NO_TRUE_ACTION_QUALITY"", ""PROGRESSION_PROXY_ONLY"", ""PRESSING_UNAVAILABLE""]",API_FOOTBALL_FIXTURES_PLAYERS,true,false,false,false,false
14676,323,Stabaek,2017-04-23T16:00:00+00:00,2026-09-26T08:36:03Z,90540,Alex Nimely,F,5.0,4.23,LOW,71.4,6.5,PBK_PLAYER_GRADE_V1,"{""attack"": 5.0, ""creation"": 5.0, ""defending"": 0.83, ""discipline"": 6.0, ""possession"": 0.0, ""pressing"": null}","[""AGGREGATE_SOURCE_NO_TRUE_ACTION_QUALITY"", ""PROGRESSION_PROXY_ONLY"", ""PRESSING_UNAVAILABLE""]",API_FOOTBALL_FIXTURES_PLAYERS,true,false,false,false,false
14676,323,Stabaek,2017-04-23T16:00:00+00:00,2026-09-26T08:36:03Z,99588,Morten Skjonsberg,D,90.0,5.42,HIGH,85.7,7.3,PBK_PLAYER_GRADE_V1,"{""attack"": 5.0, ""creation"": 5.12, ""defending"": 5.38, ""discipline"": 5.72, ""possession"": 5.45, ""pressing"": null, ""progression"": 5.63}","[""AGGREGATE_SOURCE_NO_TRUE_ACTION_QUALITY"", ""PROGRESSION_PROXY_ONLY"", ""PRESSING_UNAVAILABLE""]",API_FOOTBALL_FIXTURES_PLAYERS,true,false,false,false,false
14676,323,Stabaek,2017-04-23T16:00:00+00:00,2026-09-26T08:36:03Z,99591,Hakon Skogseid,D,90.0,6.15,HIGH,85.7,7.4,PBK_PLAYER_GRADE_V1,"{""attack"": 5.0, ""creation"": 5.0, ""defending"": 6.39, ""discipline"": 5.72, ""possession"": 7.24, ""pressing"": null, ""progression"": 5.8}","[""AGGREGATE_SOURCE_NO_TRUE_ACTION_QUALITY"", ""PROGRESSION_PROXY_ONLY"", ""PRESSING_UNAVAILABLE""]",API_FOOTBALL_FIXTURES_PLAYERS,true,false,false,false,false
14676,325,Tromso,2017-04-23T16:00:00+00:00,2026-09-26T08:36:03Z,100013,Jonas Johansen,D,58.0,6.14,MEDIUM,85.7,6.7,PBK_PLAYER_GRADE_V1,"{""attack"": 5.0, ""creation"": 5.0, ""defending"": 6.18, ""discipline"": 5.13, ""possession"": 7.16, ""pressing"": null, ""progression"": 6.63}","[""AGGREGATE_SOURCE_NO_TRUE_ACTION_QUALITY"", ""PROGRESSION_PROXY_ONLY"", ""PRESSING_UNAVAILABLE""]",API_FOOTBALL_FIXTURES_PLAYERS,true,false,false,false,false
14676,325,Tromso,2017-04-23T16:00:00+00:00,2026-09-26T08:36:03Z,1178,Gjermund Aasen,F,90.0,5.93,HIGH,85.7,6.7,PBK_PLAYER_GRADE_V1,"{""attack"": 5.75, ""creation"": 5.93, ""defending"": 5.69, ""discipline"": 5.44, ""possession"": 6.46, ""pressing"": null, ""progression"": 6.42}","[""AGGREGATE_SOURCE_NO_TRUE_ACTION_QUALITY"", ""PROGRESSION_PROXY_ONLY"", ""PRESSING_UNAVAILABLE""]",API_FOOTBALL_FIXTURES_PLAYERS,true,false,false,false,false
14676,325,Tromso,2017-04-23T16:00:00+00:00,2026-09-26T08:36:03Z,15904,Ulrik Jenssen,D,90.0,6.98,HIGH,85.7,6.6,PBK_PLAYER_GRADE_V1,"{""attack"": 5.0, ""creation"": 5.0, ""defending"": 7.84, ""discipline"": 4.72, ""possession"": 8.13, ""pressing"": null, ""progression"": 6.82}","[""AGGREGATE_SOURCE_NO_TRUE_ACTION_QUALITY"", ""PROGRESSION_PROXY_ONLY"", ""PRESSING_UNAVAILABLE""]",API_FOOTBALL_FIXTURES_PLAYERS,true,false,false,false,false
14676,325,Tromso,2017-04-23T16:00:00+00:00,2026-09-26T08:36:03Z,39323,Thomas Lehne Olsen,F,90.0,5.6,HIGH,85.7,7.1,PBK_PLAYER_GRADE_V1,"{""attack"": 6.1, ""creation"": 6.02, ""defending"": 4.4, ""discipline"": 4.88, ""possession"": 4.21, ""pressing"": null, ""progression"": 5.53}","[""AGGREGATE_SOURCE_NO_TRUE_ACTION_QUALITY"", ""PROGRESSION_PROXY_ONLY"", ""PRESSING_UNAVAILABLE""]",API_FOOTBALL_FIXTURES_PLAYERS,true,false,false,false,false
14676,325,Tromso,2017-04-23T16:00:00+00:00,2026-09-26T08:36:03Z,39350,Gudmund Kongshavn,G,90.0,4.85,HIGH,85.7,6.9,PBK_PLAYER_GRADE_V1,"{""attack"": 5.0, ""creation"": 5.0, ""defending"": 5.0, ""discipline"": 6.0, ""possession"": 2.85, ""pressing"": null, ""progression"": 5.49}","[""AGGREGATE_SOURCE_NO_TRUE_ACTION_QUALITY"", ""PROGRESSION_PROXY_ONLY"", ""PRESSING_UNAVAILABLE""]",API_FOOTBALL_FIXTURES_PLAYERS,true,false,false,false,false
14676,325,Tromso,2017-04-23T16:00:00+00:00,2026-09-26T08:36:03Z,39355,Simen Wangberg,D,90.0,6.41,HIGH,85.7,6.7,PBK_PLAYER_GRADE_V1,"{""attack"": 5.0, ""creation"": 5.0, ""defending"": 7.36, ""discipline"": 5.72, ""possession"": 5.85, ""pressing"": null, ""progression"": 6.19}","[""AGGREGATE_SOURCE_NO_TRUE_ACTION_QUALITY"", ""PROGRESSION_PROXY_ONLY"", ""PRESSING_UNAVAILABLE""]",API_FOOTBALL_FIXTURES_PLAYERS,true,false,false,false,false
14676,325,Tromso,2017-04-23T16:00:00+00:00,2026-09-26T08:36:03Z,39356,Magnus Andersen,M,24.0,5.91,LOW,85.7,6.7,PBK_PLAYER_GRADE_V1,"{""attack"": 5.0, ""creation"": 5.0, ""defending"": 8.51, ""discipline"": 1.2, ""possession"": 7.27, ""pressing"": null, ""progression"": 6.31}","[""AGGREGATE_SOURCE_NO_TRUE_ACTION_QUALITY"", ""PROGRESSION_PROXY_ONLY"", ""PRESSING_UNAVAILABLE""]",API_FOOTBALL_FIXTURES_PLAYERS,true,false,false,false,false
14676,325,Tromso,2017-04-23T16:00:00+00:00,2026-09-26T08:36:03Z,39357,Kent-Are Antonsen,M,90.0,6.0,HIGH,85.7,6.3,PBK_PLAYER_GRADE_V1,"{""attack"": 5.25, ""creation"": 6.26, ""defending"": 6.22, ""discipline"": 5.44, ""possession"": 5.97, ""pressing"": null, ""progression"": 6.3}","[""AGGREGATE_SOURCE_NO_TRUE_ACTION_QUALITY"", ""PROGRESSION_PROXY_ONLY"", ""PRESSING_UNAVAILABLE""]",API_FOOTBALL_FIXTURES_PLAYERS,true,false,false,false,false
14676,325,Tromso,2017-04-23T16:00:00+00:00,2026-09-26T08:36:03Z,39358,Morten Gamst Pedersen,M,66.0,6.04,HIGH,85.7,6.3,PBK_PLAYER_GRADE_V1,"{""attack"": 5.0, ""creation"": 6.1, ""defending"": 7.39, ""discipline"": 5.62, ""possession"": 5.59, ""pressing"": null, ""progression"": 6.29}","[""AGGREGATE_SOURCE_NO_TRUE_ACTION_QUALITY"", ""PROGRESSION_PROXY_ONLY"", ""PRESSING_UNAVAILABLE""]",API_FOOTBALL_FIXTURES_PLAYERS,true,false,false,false,false
14676,325,Tromso,2017-04-23T16:00:00+00:00,2026-09-26T08:36:03Z,39370,Mikael Ingebrigtsen,F,47.0,5.57,MEDIUM,85.7,6.6,PBK_PLAYER_GRADE_V1,"{""attack"": 5.48, ""creation"": 5.86, ""defending"": 3.61, ""discipline"": 5.46, ""possession"": 5.65, ""pressing"": null, ""progression"": 6.01}","[""AGGREGATE_SOURCE_NO_TRUE_ACTION_QUALITY"", ""PROGRESSION_PROXY_ONLY"", ""PRESSING_UNAVAILABLE""]",API_FOOTBALL_FIXTURES_PLAYERS,true,false,false,false,false
14676,325,Tromso,2017-04-23T16:00:00+00:00,2026-09-26T08:36:03Z,48145,Magnar Odegaard,D,90.0,6.57,HIGH,85.7,6.6,PBK_PLAYER_GRADE_V1,"{""attack"": 5.0, ""creation"": 6.59, ""defending"": 7.18, ""discipline"": 6.0, ""possession"": 6.67, ""pressing"": null, ""progression"": 5.95}","[""AGGREGATE_SOURCE_NO_TRUE_ACTION_QUALITY"", ""PROGRESSION_PROXY_ONLY"", ""PRESSING_UNAVAILABLE""]",API_FOOTBALL_FIXTURES_PLAYERS,true,false,false,false,false
14676,325,Tromso,2017-04-23T16:00:00+00:00,2026-09-26T08:36:03Z,57254,Aron Sigurðarson,F,90.0,5.76,HIGH,85.7,6.3,PBK_PLAYER_GRADE_V1,"{""attack"": 5.75, ""creation"": 5.9, ""defending"": 4.78, ""discipline"": 6.0, ""possession"": 4.72, ""pressing"": null, ""progression"": 6.56}","[""AGGREGATE_SOURCE_NO_TRUE_ACTION_QUALITY"", ""PROGRESSION_PROXY_ONLY"", ""PRESSING_UNAVAILABLE""]",API_FOOTBALL_FIXTURES_PLAYERS,true,false,false,false,false
14676,325,Tromso,2017-04-23T16:00:00+00:00,2026-09-26T08:36:03Z,57300,Christian Landu-Landu,M,32.0,6.22,LOW,85.7,6.5,PBK_PLAYER_GRADE_V1,"{""attack"": 5.7, ""creation"": 5.0, ""defending"": 4.17, ""discipline"": 6.0, ""possession"": 7.74, ""pressing"": null, ""progression"": 7.47}","[""AGGREGATE_SOURCE_NO_TRUE_ACTION_QUALITY"", ""PROGRESSION_PROXY_ONLY"", ""PRESSING_UNAVAILABLE""]",API_FOOTBALL_FIXTURES_PLAYERS,true,false,false,false,false
14676,325,Tromso,2017-04-23T16:00:00+00:00,2026-09-26T08:36:03Z,98678,Mour Samb,F,43.0,5.67,LOW,85.7,6.7,PBK_PLAYER_GRADE_V1,"{""attack"": 5.0, ""creation"": 5.94, ""defending"": 9.96, ""discipline"": 6.0, ""possession"": 5.47, ""pressing"": null, ""progression"": 5.66}","[""AGGREGATE_SOURCE_NO_TRUE_ACTION_QUALITY"", ""PROGRESSION_PROXY_ONLY"", ""PRESSING_UNAVAILABLE""]",API_FOOTBALL_FIXTURES_PLAYERS,true,false,false,false,false
14677,326,Valerenga,2017-04-23T16:00:00+00:00,2026-09-26T08:36:03Z,15297,Ghayas Zahid,M,81.0,6.58,HIGH,85.7,7.4,PBK_PLAYER_GRADE_V1,"{""attack"": 5.0, ""creation"": 9.52, ""defending"": 2.92, ""discipline"": 5.69, ""possession"": 7.67, ""pressing"": null, ""progression"": 6.4}","[""AGGREGATE_SOURCE_NO_TRUE_ACTION_QUALITY"", ""PROGRESSION_PROXY_ONLY"", ""PRESSING_UNAVAILABLE""]",API_FOOTBALL_FIXTURES_PLAYERS,true,false,false,false,false
14677,326,Valerenga,2017-04-23T16:00:00+00:00,2026-09-26T08:36:03Z,39113,Jonatan Nation,D,90.0,7.69,HIGH,85.7,8.6,PBK_PLAYER_GRADE_V1,"{""attack"": 6.75, ""creation"": 5.24, ""defending"": 9.93, ""discipline"": 6.0, ""possession"": 5.92, ""pressing"": null, ""progression"": 6.29}","[""AGGREGATE_SOURCE_NO_TRUE_ACTION_QUALITY"", ""PROGRESSION_PROXY_ONLY"", ""PRESSING_UNAVAILABLE""]",API_FOOTBALL_FIXTURES_PLAYERS,true,false,false,false,false
14677,326,Valerenga,2017-04-23T16:00:00+00:00,2026-09-26T08:36:03Z,39117,Magnus Lekven,M,90.0,6.63,HIGH,85.7,7.4,PBK_PLAYER_GRADE_V1,"{""attack"": 5.5, ""creation"": 5.57, ""defending"": 8.31, ""discipline"": 5.44, ""possession"": 7.04, ""pressing"": null, ""progression"": 7.29}","[""AGGREGATE_SOURCE_NO_TRUE_ACTION_QUALITY"", ""PROGRESSION_PROXY_ONLY"", ""PRESSING_UNAVAILABLE""]",API_FOOTBALL_FIXTURES_PLAYERS,true,false,false,false,false
14677,326,Valerenga,2017-04-23T16:00:00+00:00,2026-09-26T08:36:03Z,39122,Bard Finne,M,90.0,5.4,HIGH,85.7,7.6,PBK_PLAYER_GRADE_V1,"{""attack"": 8.05, ""creation"": 6.14, ""defending"": 4.45, ""discipline"": 5.44, ""possession"": 2.88, ""pressing"": null, ""progression"": 6.07}","[""AGGREGATE_SOURCE_NO_TRUE_ACTION_QUALITY"", ""PROGRESSION_PROXY_ONLY"", ""PRESSING_UNAVAILABLE""]",API_FOOTBALL_FIXTURES_PLAYERS,true,false,false,false,false
14677,326,Valerenga,2017-04-23T16:00:00+00:00,2026-09-26T08:36:03Z,39222,Henrik Kjelsrud Johansen,F,72.0,5.17,HIGH,85.7,7.1,PBK_PLAYER_GRADE_V1,"{""attack"": 5.0, ""creation"": 7.01, ""defending"": 6.72, ""discipline"": 5.3, ""possession"": 1.08, ""pressing"": null, ""progression"": 5.35}","[""AGGREGATE_SOURCE_NO_TRUE_ACTION_QUALITY"", ""PROGRESSION_PROXY_ONLY"", ""PRESSING_UNAVAILABLE""]",API_FOOTBALL_FIXTURES_PLAYERS,true,false,false,false,false
14677,326,Valerenga,2017-04-23T16:00:00+00:00,2026-09-26T08:36:03Z,39235,Christian Grindheim,F,90.0,6.3,HIGH,85.7,7.2,PBK_PLAYER_GRADE_V1,"{""attack"": 7.3, ""creation"": 5.57, ""defending"": 4.92, ""discipline"": 4.72, ""possession"": 6.44, ""pressing"": null, ""progression"": 6.08}","[""AGGREGATE_SOURCE_NO_TRUE_ACTION_QUALITY"", ""PROGRESSION_PROXY_ONLY"", ""PRESSING_UNAVAILABLE""]",API_FOOTBALL_FIXTURES_PLAYERS,true,false,false,false,false
14677,326,Valerenga,2017-04-23T16:00:00+00:00,2026-09-26T08:36:03Z,39276,Marcus Sandberg,G,90.0,5.03,HIGH,85.7,7.1,PBK_PLAYER_GRADE_V1,"{""attack"": 5.0, ""creation"": 5.0, ""defending"": 5.0, ""discipline"": 6.0, ""possession"": 3.58, ""pressing"": null, ""progression"": 5.8}","[""AGGREGATE_SOURCE_NO_TRUE_ACTION_QUALITY"", ""PROGRESSION_PROXY_ONLY"", ""PRESSING_UNAVAILABLE""]",API_FOOTBALL_FIXTURES_PLAYERS,true,false,false,false,false
14677,326,Valerenga,2017-04-23T16:00:00+00:00,2026-09-26T08:36:03Z,39337,Muhammed Keita,M,34.0,5.98,LOW,85.7,6.6,PBK_PLAYER_GRADE_V1,"{""attack"": 5.66, ""creation"": 5.0, ""defending"": 4.4, ""discipline"": 5.26, ""possession"": 7.69, ""pressing"": null, ""progression"": 6.68}","[""AGGREGATE_SOURCE_NO_TRUE_ACTION_QUALITY"", ""PROGRESSION_PROXY_ONLY"", ""PRESSING_UNAVAILABLE""]",API_FOOTBALL_FIXTURES_PLAYERS,true,false,false,false,false
14677,326,Valerenga,2017-04-23T16:00:00+00:00,2026-09-26T08:36:03Z,39340,Herman Stengel,M,18.0,6.23,LOW,85.7,6.9,PBK_PLAYER_GRADE_V1,"{""attack"": 5.0, ""creation"": 10.0, ""defending"": 3.61, ""discipline"": 6.0, ""possession"": 5.04, ""pressing"": null, ""progression"": 6.22}","[""AGGREGATE_SOURCE_NO_TRUE_ACTION_QUALITY"", ""PROGRESSION_PROXY_ONLY"", ""PRESSING_UNAVAILABLE""]",API_FOOTBALL_FIXTURES_PLAYERS,true,false,false,false,false
14677,326,Valerenga,2017-04-23T16:00:00+00:00,2026-09-26T08:36:03Z,39367,Daniel Berntsen,F,9.0,5.18,LOW,85.7,6.1,PBK_PLAYER_GRADE_V1,"{""attack"": 5.0, ""creation"": 5.0, ""defending"": 0.83, ""discipline"": 3.2, ""possession"": 7.58, ""pressing"": null, ""progression"": 6.75}","[""AGGREGATE_SOURCE_NO_TRUE_ACTION_QUALITY"", ""PROGRESSION_PROXY_ONLY"", ""PRESSING_UNAVAILABLE""]",API_FOOTBALL_FIXTURES_PLAYERS,true,false,false,false,false
14677,326,Valerenga,2017-04-23T16:00:00+00:00,2026-09-26T08:36:03Z,48141,Robert Lundstrom,D,90.0,6.65,HIGH,85.7,7.4,PBK_PLAYER_GRADE_V1,"{""attack"": 5.75, ""creation"": 5.45, ""defending"": 7.08, ""discipline"": 5.72, ""possession"": 6.99, ""pressing"": null, ""progression"": 6.7}","[""AGGREGATE_SOURCE_NO_TRUE_ACTION_QUALITY"", ""PROGRESSION_PROXY_ONLY"", ""PRESSING_UNAVAILABLE""]",API_FOOTBALL_FIXTURES_PLAYERS,true,false,false,false,false
14677,326,Valerenga,2017-04-23T16:00:00+00:00,2026-09-26T08:36:03Z,57203,Magnus Grødem,M,56.0,4.5,MEDIUM,85.7,7.0,PBK_PLAYER_GRADE_V1,"{""attack"": 5.88, ""creation"": 5.39, ""defending"": 6.39, ""discipline"": 6.0, ""possession"": 0.0, ""pressing"": null, ""progression"": 5.22}","[""AGGREGATE_SOURCE_NO_TRUE_ACTION_QUALITY"", ""PROGRESSION_PROXY_ONLY"", ""PRESSING_UNAVAILABLE""]",API_FOOTBALL_FIXTURES_PLAYERS,true,false,false,false,false
14677,326,Valerenga,2017-04-23T16:00:00+00:00,2026-09-26T08:36:03Z,8448,Simen Juklerød,D,90.0,6.83,HIGH,85.7,7.2,PBK_PLAYER_GRADE_V1,"{""attack"": 5.25, ""creation"": 5.45, ""defending"": 7.5, ""discipline"": 5.72, ""possession"": 7.45, ""pressing"": null, ""progression"": 6.51}","[""AGGREGATE_SOURCE_NO_TRUE_ACTION_QUALITY"", ""PROGRESSION_PROXY_ONLY"", ""PRESSING_UNAVAILABLE""]",API_FOOTBALL_FIXTURES_PLAYERS,true,false,false,false,false
14677,326,Valerenga,2017-04-23T16:00:00+00:00,2026-09-26T08:36:03Z,99181,Enar Jääger,D,90.0,6.48,HIGH,85.7,7.1,PBK_PLAYER_GRADE_V1,"{""attack"": 5.0, ""creation"": 5.12, ""defending"": 6.84, ""discipline"": 6.0, ""possession"": 7.19, ""pressing"": null, ""progression"": 6.44}","[""AGGREGATE_SOURCE_NO_TRUE_ACTION_QUALITY"", ""PROGRESSION_PROXY_ONLY"", ""PRESSING_UNAVAILABLE""]",API_FOOTBALL_FIXTURES_PLAYERS,true,false,false,false,false
14677,758,Sogndal,2017-04-23T16:00:00+00:00,2026-09-26T08:36:03Z,2017,Bjorn Utvik,D,90.0,5.72,HIGH,85.7,6.7,PBK_PLAYER_GRADE_V1,"{""attack"": 5.0, ""creation"": 5.0, ""defending"": 6.21, ""discipline"": 5.72, ""possession"": 5.14, ""pressing"": null, ""progression"": 5.67}","[""AGGREGATE_SOURCE_NO_TRUE_ACTION_QUALITY"", ""PROGRESSION_PROXY_ONLY"", ""PRESSING_UNAVAILABLE""]",API_FOOTBALL_FIXTURES_PLAYERS,true,false,false,false,false
14677,758,Sogndal,2017-04-23T16:00:00+00:00,2026-09-26T08:36:03Z,39157,Christophe Psyche,D,90.0,4.99,HIGH,85.7,6.2,PBK_PLAYER_GRADE_V1,"{""attack"": 5.25, ""creation"": 5.0, ""defending"": 5.38, ""discipline"": 5.44, ""possession"": 2.62, ""pressing"": null, ""progression"": 5.81}","[""AGGREGATE_SOURCE_NO_TRUE_ACTION_QUALITY"", ""PROGRESSION_PROXY_ONLY"", ""PRESSING_UNAVAILABLE""]",API_FOOTBALL_FIXTURES_PLAYERS,true,false,false,false,false
14677,758,Sogndal,2017-04-23T16:00:00+00:00,2026-09-26T08:36:03Z,39173,Bendik Bye,F,90.0,5.12,HIGH,85.7,6.3,PBK_PLAYER_GRADE_V1,"{""attack"": 5.55, ""creation"": 5.12, ""defending"": 2.69, ""discipline"": 5.72, ""possession"": 3.8, ""pressing"": null, ""progression"": 5.42}","[""AGGREGATE_SOURCE_NO_TRUE_ACTION_QUALITY"", ""PROGRESSION_PROXY_ONLY"", ""PRESSING_UNAVAILABLE""]",API_FOOTBALL_FIXTURES_PLAYERS,true,false,false,false,false
14677,758,Sogndal,2017-04-23T16:00:00+00:00,2026-09-26T08:36:03Z,39223,Gilbert Koomson,F,90.0,5.44,HIGH,85.7,6.2,PBK_PLAYER_GRADE_V1,"{""attack"": 5.0, ""creation"": 6.38, ""defending"": 4.24, ""discipline"": 5.72, ""possession"": 4.91, ""pressing"": null, ""progression"": 5.8}","[""AGGREGATE_SOURCE_NO_TRUE_ACTION_QUALITY"", ""PROGRESSION_PROXY_ONLY"", ""PRESSING_UNAVAILABLE""]",API_FOOTBALL_FIXTURES_PLAYERS,true,false,false,false,false
14677,758,Sogndal,2017-04-23T16:00:00+00:00,2026-09-26T08:36:03Z,39335,Johan Hove,M,16.0,3.59,LOW,85.7,5.9,PBK_PLAYER_GRADE_V1,"{""attack"": 5.0, ""creation"": 5.0, ""defending"": 0.83, ""discipline"": 6.0, ""possession"": 0.0, ""pressing"": null, ""progression"": 5.39}","[""AGGREGATE_SOURCE_NO_TRUE_ACTION_QUALITY"", ""PROGRESSION_PROXY_ONLY"", ""PRESSING_UNAVAILABLE""]",API_FOOTBALL_FIXTURES_PLAYERS,true,false,false,false,false
14677,758,Sogndal,2017-04-23T16:00:00+00:00,2026-09-26T08:36:03Z,48225,Chidiebere Nwakali,M,45.0,5.99,MEDIUM,85.7,6.8,PBK_PLAYER_GRADE_V1,"{""attack"": 5.5, ""creation"": 5.24, ""defending"": 8.54, ""discipline"": 4.0, ""possession"": 5.33, ""pressing"": null, ""progression"": 6.76}","[""AGGREGATE_SOURCE_NO_TRUE_ACTION_QUALITY"", ""PROGRESSION_PROXY_ONLY"", ""PRESSING_UNAVAILABLE""]",API_FOOTBALL_FIXTURES_PLAYERS,true,false,false,false,false
14677,758,Sogndal,2017-04-23T16:00:00+00:00,2026-09-26T08:36:03Z,57373,Lars Christian Kjemhus,M,45.0,4.0,MEDIUM,85.7,6.1,PBK_PLAYER_GRADE_V1,"{""attack"": 5.0, ""creation"": 5.0, ""defending"": 4.17, ""discipline"": 6.0, ""possession"": 0.0, ""pressing"": null, ""progression"": 5.21}","[""AGGREGATE_SOURCE_NO_TRUE_ACTION_QUALITY"", ""PROGRESSION_PROXY_ONLY"", ""PRESSING_UNAVAILABLE""]",API_FOOTBALL_FIXTURES_PLAYERS,true,false,false,false,false
14677,758,Sogndal,2017-04-23T16:00:00+00:00,2026-09-26T08:36:03Z,57429,Matias Dyngeland,G,90.0,2.44,HIGH,85.7,5.9,PBK_PLAYER_GRADE_V1,"{""attack"": 5.0, ""creation"": 5.0, ""defending"": 0.83, ""discipline"": 6.0, ""possession"": 0.0, ""pressing"": null, ""progression"": 5.42}","[""AGGREGATE_SOURCE_NO_TRUE_ACTION_QUALITY"", ""PROGRESSION_PROXY_ONLY"", ""PRESSING_UNAVAILABLE""]",API_FOOTBALL_FIXTURES_PLAYERS,true,false,false,false,false
14677,758,Sogndal,2017-04-23T16:00:00+00:00,2026-09-26T08:36:03Z,57439,Eirik Birkelund,M,90.0,6.02,HIGH,85.7,6.7,PBK_PLAYER_GRADE_V1,"{""attack"": 5.25, ""creation"": 5.24, ""defending"": 7.04, ""discipline"": 4.16, ""possession"": 7.02, ""pressing"": null, ""progression"": 6.37}","[""AGGREGATE_SOURCE_NO_TRUE_ACTION_QUALITY"", ""PROGRESSION_PROXY_ONLY"", ""PRESSING_UNAVAILABLE""]",API_FOOTBALL_FIXTURES_PLAYERS,true,false,false,false,false
14677,758,Sogndal,2017-04-23T16:00:00+00:00,2026-09-26T08:36:03Z,57444,Eirik Schulze,F,61.0,5.03,MEDIUM,85.7,6.6,PBK_PLAYER_GRADE_V1,"{""attack"": 5.0, ""creation"": 5.0, ""defending"": 4.34, ""discipline"": 5.17, ""possession"": 4.61, ""pressing"": null, ""progression"": 5.62}","[""AGGREGATE_SOURCE_NO_TRUE_ACTION_QUALITY"", ""PROGRESSION_PROXY_ONLY"", ""PRESSING_UNAVAILABLE""]",API_FOOTBALL_FIXTURES_PLAYERS,true,false,false,false,false
14677,758,Sogndal,2017-04-23T16:00:00+00:00,2026-09-26T08:36:03Z,57450,Martin Ramsland,F,29.0,5.38,LOW,85.7,6.6,PBK_PLAYER_GRADE_V1,"{""attack"": 5.78, ""creation"": 5.0, ""defending"": 3.21, ""discipline"": 5.13, ""possession"": 5.23, ""pressing"": null, ""progression"": 5.88}","[""AGGREGATE_SOURCE_NO_TRUE_ACTION_QUALITY"", ""PROGRESSION_PROXY_ONLY"", ""PRESSING_UNAVAILABLE""]",API_FOOTBALL_FIXTURES_PLAYERS,true,false,false,false,false
14677,758,Sogndal,2017-04-23T16:00:00+00:00,2026-09-26T08:36:03Z,57477,Victor Grodas,D,90.0,4.66,HIGH,85.7,6.0,PBK_PLAYER_GRADE_V1,"{""attack"": 5.0, ""creation"": 5.12, ""defending"": 4.78, ""discipline"": 6.0, ""possession"": 2.16, ""pressing"": null, ""progression"": 5.46}","[""AGGREGATE_SOURCE_NO_TRUE_ACTION_QUALITY"", ""PROGRESSION_PROXY_ONLY"", ""PRESSING_UNAVAILABLE""]",API_FOOTBALL_FIXTURES_PLAYERS,true,false,false,false,false
14677,758,Sogndal,2017-04-23T16:00:00+00:00,2026-09-26T08:36:03Z,94707,Henrik Furebotn,M,74.0,5.43,HIGH,85.7,6.4,PBK_PLAYER_GRADE_V1,"{""attack"": 5.0, ""creation"": 5.0, ""defending"": 4.77, ""discipline"": 5.66, ""possession"": 6.05, ""pressing"": null, ""progression"": 5.77}","[""AGGREGATE_SOURCE_NO_TRUE_ACTION_QUALITY"", ""PROGRESSION_PROXY_ONLY"", ""PRESSING_UNAVAILABLE""]",API_FOOTBALL_FIXTURES_PLAYERS,true,false,false,false,false
14677,758,Sogndal,2017-04-23T16:00:00+00:00,2026-09-26T08:36:03Z,94948,Eirik Bergum Skaasheim,M,90.0,5.41,HIGH,85.7,6.4,PBK_PLAYER_GRADE_V1,"{""attack"": 5.5, ""creation"": 5.12, ""defending"": 5.6, ""discipline"": 4.72, ""possession"": 5.03, ""pressing"": null, ""progression"": 6.1}","[""AGGREGATE_SOURCE_NO_TRUE_ACTION_QUALITY"", ""PROGRESSION_PROXY_ONLY"", ""PRESSING_UNAVAILABLE""]",API_FOOTBALL_FIXTURES_PLAYERS,true,false,false,false,false
14678,330,ODD Ballklubb,2017-04-23T16:00:00+00:00,2026-09-26T08:36:03Z,39081,Sondre Rossbach,G,90.0,4.94,HIGH,85.7,6.2,PBK_PLAYER_GRADE_V1,"{""attack"": 5.0, ""creation"": 5.0, ""defending"": 5.0, ""discipline"": 6.0, ""possession"": 3.35, ""pressing"": null, ""progression"": 5.49}","[""AGGREGATE_SOURCE_NO_TRUE_ACTION_QUALITY"", ""PROGRESSION_PROXY_ONLY"", ""PRESSING_UNAVAILABLE""]",API_FOOTBALL_FIXTURES_PLAYERS,true,false,false,false,false
14678,330,ODD Ballklubb,2017-04-23T16:00:00+00:00,2026-09-26T08:36:03Z,39084,Steffen Hagen,D,90.0,7.4,HIGH,85.7,6.7,PBK_PLAYER_GRADE_V1,"{""attack"": 5.25, ""creation"": 5.0, ""defending"": 8.67, ""discipline"": 5.72, ""possession"": 7.63, ""pressing"": null, ""progression"": 7.0}","[""AGGREGATE_SOURCE_NO_TRUE_ACTION_QUALITY"", ""PROGRESSION_PROXY_ONLY"", ""PRESSING_UNAVAILABLE""]",API_FOOTBALL_FIXTURES_PLAYERS,true,false,false,false,false
14678,330,ODD Ballklubb,2017-04-23T16:00:00+00:00,2026-09-26T08:36:03Z,39086,Espen Ruud,D,90.0,5.12,HIGH,85.7,5.6,PBK_PLAYER_GRADE_V1,"{""attack"": 5.8, ""creation"": 5.69, ""defending"": 4.37, ""discipline"": 2.08, ""possession"": 6.65, ""pressing"": null, ""progression"": 6.79}","[""AGGREGATE_SOURCE_NO_TRUE_ACTION_QUALITY"", ""PROGRESSION_PROXY_ONLY"", ""PRESSING_UNAVAILABLE""]",API_FOOTBALL_FIXTURES_PLAYERS,true,false,false,false,false
14678,330,ODD Ballklubb,2017-04-23T16:00:00+00:00,2026-09-26T08:36:03Z,39087,Fredrik Berge,D,90.0,7.39,HIGH,85.7,6.9,PBK_PLAYER_GRADE_V1,"{""attack"": 5.0, ""creation"": 5.0, ""defending"": 9.02, ""discipline"": 6.0, ""possession"": 6.98, ""pressing"": null, ""progression"": 6.61}","[""AGGREGATE_SOURCE_NO_TRUE_ACTION_QUALITY"", ""PROGRESSION_PROXY_ONLY"", ""PRESSING_UNAVAILABLE""]",API_FOOTBALL_FIXTURES_PLAYERS,true,false,false,false,false
14678,330,ODD Ballklubb,2017-04-23T16:00:00+00:00,2026-09-26T08:36:03Z,39093,Fredrik Nordkvelle,M,90.0,5.83,HIGH,85.7,6.4,PBK_PLAYER_GRADE_V1,"{""attack"": 5.25, ""creation"": 6.02, ""defending"": 3.86, ""discipline"": 6.0, ""possession"": 6.54, ""pressing"": null, ""progression"": 6.4}","[""AGGREGATE_SOURCE_NO_TRUE_ACTION_QUALITY"", ""PROGRESSION_PROXY_ONLY"", ""PRESSING_UNAVAILABLE""]",API_FOOTBALL_FIXTURES_PLAYERS,true,false,false,false,false
14678,330,ODD Ballklubb,2017-04-23T16:00:00+00:00,2026-09-26T08:36:03Z,39094,Fredrik Jensen,M,60.0,5.27,MEDIUM,85.7,6.4,PBK_PLAYER_GRADE_V1,"{""attack"": 5.0, ""creation"": 5.18, ""defending"": 4.18, ""discipline"": 4.74, ""possession"": 5.58, ""pressing"": null, ""progression"": 6.05}","[""AGGREGATE_SOURCE_NO_TRUE_ACTION_QUALITY"", ""PROGRESSION_PROXY_ONLY"", ""PRESSING_UNAVAILABLE""]",API_FOOTBALL_FIXTURES_PLAYERS,true,false,false,false,false
14678,330,ODD Ballklubb,2017-04-23T16:00:00+00:00,2026-09-26T08:36:03Z,39096,Jone Samuelsen,M,76.0,5.54,HIGH,85.7,6.0,PBK_PLAYER_GRADE_V1,"{""attack"": 5.3, ""creation"": 5.57, ""defending"": 4.68, ""discipline"": 5.34, ""possession"": 5.76, ""pressing"": null, ""progression"": 6.04}","[""AGGREGATE_SOURCE_NO_TRUE_ACTION_QUALITY"", ""PROGRESSION_PROXY_ONLY"", ""PRESSING_UNAVAILABLE""]",API_FOOTBALL_FIXTURES_PLAYERS,true,false,false,false,false
14678,330,ODD Ballklubb,2017-04-23T16:00:00+00:00,2026-09-26T08:36:03Z,39200,Olivier Occean,F,63.0,5.11,MEDIUM,85.7,6.6,PBK_PLAYER_GRADE_V1,"{""attack"": 5.0, ""creation"": 5.51, ""defending"": 6.79, ""discipline"": 6.0, ""possession"": 2.44, ""pressing"": null, ""progression"": 5.85}","[""AGGREGATE_SOURCE_NO_TRUE_ACTION_QUALITY"", ""PROGRESSION_PROXY_ONLY"", ""PRESSING_UNAVAILABLE""]",API_FOOTBALL_FIXTURES_PLAYERS,true,false,false,false,false
14678,330,ODD Ballklubb,2017-04-23T16:00:00+00:00,2026-09-26T08:36:03Z,39207,Thomas Grogaard,D,90.0,6.24,HIGH,85.7,6.3,PBK_PLAYER_GRADE_V1,"{""attack"": 5.75, ""creation"": 5.57, ""defending"": 5.98, ""discipline"": 5.72, ""possession"": 6.49, ""pressing"": null, ""progression"": 7.4}","[""AGGREGATE_SOURCE_NO_TRUE_ACTION_QUALITY"", ""PROGRESSION_PROXY_ONLY"", ""PRESSING_UNAVAILABLE""]",API_FOOTBALL_FIXTURES_PLAYERS,true,false,false,false,false
14678,330,ODD Ballklubb,2017-04-23T16:00:00+00:00,2026-09-26T08:36:03Z,39234,Joakim Vaage Nilsen,M,90.0,6.37,HIGH,85.7,7.3,PBK_PLAYER_GRADE_V1,"{""attack"": 5.75, ""creation"": 5.6, ""defending"": 7.08, ""discipline"": 5.72, ""possession"": 6.25, ""pressing"": null, ""progression"": 7.29}","[""AGGREGATE_SOURCE_NO_TRUE_ACTION_QUALITY"", ""PROGRESSION_PROXY_ONLY"", ""PRESSING_UNAVAILABLE""]",API_FOOTBALL_FIXTURES_PLAYERS,true,false,false,false,false
14678,330,ODD Ballklubb,2017-04-23T16:00:00+00:00,2026-09-26T08:36:03Z,48169,Oliver Berg,M,14.0,6.26,LOW,85.7,6.4,PBK_PLAYER_GRADE_V1,"{""attack"": 5.0, ""creation"": 5.77, ""defending"": 5.0, ""discipline"": 6.0, ""possession"": 8.12, ""pressing"": null, ""progression"": 6.58}","[""AGGREGATE_SOURCE_NO_TRUE_ACTION_QUALITY"", ""PROGRESSION_PROXY_ONLY"", ""PRESSING_UNAVAILABLE""]",API_FOOTBALL_FIXTURES_PLAYERS,true,false,false,false,false
14678,330,ODD Ballklubb,2017-04-23T16:00:00+00:00,2026-09-26T08:36:03Z,55407,Riku Riski,F,90.0,5.19,HIGH,85.7,6.6,PBK_PLAYER_GRADE_V1,"{""attack"": 5.5, ""creation"": 5.45, ""defending"": 3.07, ""discipline"": 5.72, ""possession"": 3.3, ""pressing"": null, ""progression"": 5.78}","[""AGGREGATE_SOURCE_NO_TRUE_ACTION_QUALITY"", ""PROGRESSION_PROXY_ONLY"", ""PRESSING_UNAVAILABLE""]",API_FOOTBALL_FIXTURES_PLAYERS,true,false,false,false,false
14678,330,ODD Ballklubb,2017-04-23T16:00:00+00:00,2026-09-26T08:36:03Z,57158,Torbjorn Agdestein,F,27.0,4.97,LOW,85.7,6.5,PBK_PLAYER_GRADE_V1,"{""attack"": 5.0, ""creation"": 5.0, ""defending"": 5.0, ""discipline"": 6.0, ""possession"": 3.67, ""pressing"": null, ""progression"": 5.23}","[""AGGREGATE_SOURCE_NO_TRUE_ACTION_QUALITY"", ""PROGRESSION_PROXY_ONLY"", ""PRESSING_UNAVAILABLE""]",API_FOOTBALL_FIXTURES_PLAYERS,true,false,false,false,false
14678,330,ODD Ballklubb,2017-04-23T16:00:00+00:00,2026-09-26T08:36:03Z,57176,Stefan Mladenovic,F,30.0,6.25,LOW,85.7,6.5,PBK_PLAYER_GRADE_V1,"{""attack"": 5.75, ""creation"": 6.35, ""defending"": 4.4, ""discipline"": 6.0, ""possession"": 8.25, ""pressing"": null, ""progression"": 6.59}","[""AGGREGATE_SOURCE_NO_TRUE_ACTION_QUALITY"", ""PROGRESSION_PROXY_ONLY"", ""PRESSING_UNAVAILABLE""]",API_FOOTBALL_FIXTURES_PLAYERS,true,false,false,false,false
14678,759,Viking,2017-04-23T16:00:00+00:00,2026-09-26T08:36:03Z,100009,Patrick Pedersen,F,12.0,5.53,LOW,85.7,6.5,PBK_PLAYER_GRADE_V1,"{""attack"": 5.0, ""creation"": 5.0, ""defending"": 0.83, ""discipline"": 3.9, ""possession"": 10.0, ""pressing"": null, ""progression"": 6.84}","[""AGGREGATE_SOURCE_NO_TRUE_ACTION_QUALITY"", ""PROGRESSION_PROXY_ONLY"", ""PRESSING_UNAVAILABLE""]",API_FOOTBALL_FIXTURES_PLAYERS,true,false,false,false,false
14678,759,Viking,2017-04-23T16:00:00+00:00,2026-09-26T08:36:03Z,1185,Samuel Adegbenro,F,78.0,7.55,HIGH,85.7,8.6,PBK_PLAYER_GRADE_V1,"{""attack"": 9.04, ""creation"": 6.86, ""defending"": 7.7, ""discipline"": 6.0, ""possession"": 5.82, ""pressing"": null, ""progression"": 6.9}","[""AGGREGATE_SOURCE_NO_TRUE_ACTION_QUALITY"", ""PROGRESSION_PROXY_ONLY"", ""PRESSING_UNAVAILABLE""]",API_FOOTBALL_FIXTURES_PLAYERS,true,false,false,false,false
14678,759,Viking,2017-04-23T16:00:00+00:00,2026-09-26T08:36:03Z,24845,Julian Ryerson,M,90.0,5.19,HIGH,85.7,6.7,PBK_PLAYER_GRADE_V1,"{""attack"": 5.0, ""creation"": 5.12, ""defending"": 4.17, ""discipline"": 4.88, ""possession"": 5.22, ""pressing"": null, ""progression"": 6.02}","[""AGGREGATE_SOURCE_NO_TRUE_ACTION_QUALITY"", ""PROGRESSION_PROXY_ONLY"", ""PRESSING_UNAVAILABLE""]",API_FOOTBALL_FIXTURES_PLAYERS,true,false,false,false,false
14678,759,Viking,2017-04-23T16:00:00+00:00,2026-09-26T08:36:03Z,39040,Kristoffer Haugen,D,90.0,5.17,HIGH,85.7,6.8,PBK_PLAYER_GRADE_V1,"{""attack"": 5.0, ""creation"": 5.12, ""defending"": 5.0, ""discipline"": 5.16, ""possession"": 5.14, ""pressing"": null, ""progression"": 5.67}","[""AGGREGATE_SOURCE_NO_TRUE_ACTION_QUALITY"", ""PROGRESSION_PROXY_ONLY"", ""PRESSING_UNAVAILABLE""]",API_FOOTBALL_FIXTURES_PLAYERS,true,false,false,false,false
14678,759,Viking,2017-04-23T16:00:00+00:00,2026-09-26T08:36:03Z,39126,Iven Austbø,G,90.0,4.67,HIGH,85.7,6.8,PBK_PLAYER_GRADE_V1,"{""attack"": 5.0, ""creation"": 5.0, ""defending"": 5.0, ""discipline"": 6.0, ""possession"": 1.76, ""pressing"": null, ""progression"": 5.59}","[""AGGREGATE_SOURCE_NO_TRUE_ACTION_QUALITY"", ""PROGRESSION_PROXY_ONLY"", ""PRESSING_UNAVAILABLE""]",API_FOOTBALL_FIXTURES_PLAYERS,true,false,false,false,false
14678,759,Viking,2017-04-23T16:00:00+00:00,2026-09-26T08:36:03Z,39131,Andrè Danielsen,M,90.0,6.09,HIGH,85.7,7.4,PBK_PLAYER_GRADE_V1,"{""attack"": 6.75, ""creation"": 5.57, ""defending"": 5.51, ""discipline"": 5.72, ""possession"": 6.66, ""pressing"": null, ""progression"": 6.16}","[""AGGREGATE_SOURCE_NO_TRUE_ACTION_QUALITY"", ""PROGRESSION_PROXY_ONLY"", ""PRESSING_UNAVAILABLE""]",API_FOOTBALL_FIXTURES_PLAYERS,true,false,false,false,false
14678,759,Viking,2017-04-23T16:00:00+00:00,2026-09-26T08:36:03Z,39137,Zymer Bytyqi,M,82.0,4.61,HIGH,85.7,6.3,PBK_PLAYER_GRADE_V1,"{""attack"": 5.27, ""creation"": 5.99, ""defending"": 3.61, ""discipline"": 5.39, ""possession"": 1.97, ""pressing"": null, ""progression"": 5.62}","[""AGGREGATE_SOURCE_NO_TRUE_ACTION_QUALITY"", ""PROGRESSION_PROXY_ONLY"", ""PRESSING_UNAVAILABLE""]",API_FOOTBALL_FIXTURES_PLAYERS,true,false,false,false,false
14678,759,Viking,2017-04-23T16:00:00+00:00,2026-09-26T08:36:03Z,48142,Karol Mets,D,90.0,5.24,HIGH,85.7,7.0,PBK_PLAYER_GRADE_V1,"{""attack"": 5.0, ""creation"": 5.0, ""defending"": 5.0, ""discipline"": 4.16, ""possession"": 5.89, ""pressing"": null, ""progression"": 6.02}","[""AGGREGATE_SOURCE_NO_TRUE_ACTION_QUALITY"", ""PROGRESSION_PROXY_ONLY"", ""PRESSING_UNAVAILABLE""]",API_FOOTBALL_FIXTURES_PLAYERS,true,false,false,false,false
14678,759,Viking,2017-04-23T16:00:00+00:00,2026-09-26T08:36:03Z,57261,Mathias Bringaker,F,69.0,6.45,HIGH,85.7,7.0,PBK_PLAYER_GRADE_V1,"{""attack"": 7.28, ""creation"": 5.16, ""defending"": 2.92, ""discipline"": 6.0, ""possession"": 9.36, ""pressing"": null, ""progression"": 5.27}","[""AGGREGATE_SOURCE_NO_TRUE_ACTION_QUALITY"", ""PROGRESSION_PROXY_ONLY"", ""PRESSING_UNAVAILABLE""]",API_FOOTBALL_FIXTURES_PLAYERS,true,false,false,false,false
14678,759,Viking,2017-04-23T16:00:00+00:00,2026-09-26T08:36:03Z,57440,Steffen Ernemann,M,90.0,5.45,HIGH,85.7,7.0,PBK_PLAYER_GRADE_V1,"{""attack"": 6.35, ""creation"": 5.36, ""defending"": 5.2, ""discipline"": 5.44, ""possession"": 4.25, ""pressing"": null, ""progression"": 6.23}","[""AGGREGATE_SOURCE_NO_TRUE_ACTION_QUALITY"", ""PROGRESSION_PROXY_ONLY"", ""PRESSING_UNAVAILABLE""]",API_FOOTBALL_FIXTURES_PLAYERS,true,false,false,false,false
14678,759,Viking,2017-04-23T16:00:00+00:00,2026-09-26T08:36:03Z,57457,Michael Ledger,D,90.0,5.59,HIGH,85.7,7.3,PBK_PLAYER_GRADE_V1,"{""attack"": 5.0, ""creation"": 5.0, ""defending"": 6.21, ""discipline"": 5.72, ""possession"": 4.19, ""pressing"": null, ""progression"": 5.74}","[""AGGREGATE_SOURCE_NO_TRUE_ACTION_QUALITY"", ""PROGRESSION_PROXY_ONLY"", ""PRESSING_UNAVAILABLE""]",API_FOOTBALL_FIXTURES_PLAYERS,true,false,false,false,false
14678,759,Viking,2017-04-23T16:00:00+00:00,2026-09-26T08:36:03Z,94570,Claes Kronberg,D,90.0,7.25,HIGH,85.7,8.0,PBK_PLAYER_GRADE_V1,"{""attack"": 5.0, ""creation"": 6.37, ""defending"": 10.0, ""discipline"": 6.0, ""possession"": 3.6, ""pressing"": null, ""progression"": 5.84}","[""AGGREGATE_SOURCE_NO_TRUE_ACTION_QUALITY"", ""PROGRESSION_PROXY_ONLY"", ""PRESSING_UNAVAILABLE""]",API_FOOTBALL_FIXTURES_PLAYERS,true,false,false,false,false
14678,759,Viking,2017-04-23T16:00:00+00:00,2026-09-26T08:36:03Z,94685,Stian Michalsen,F,8.0,4.66,LOW,85.7,6.3,PBK_PLAYER_GRADE_V1,"{""attack"": 5.0, ""creation"": 6.35, ""defending"": 3.61, ""discipline"": 2.85, ""possession"": 1.11, ""pressing"": null, ""progression"": 5.39}","[""AGGREGATE_SOURCE_NO_TRUE_ACTION_QUALITY"", ""PROGRESSION_PROXY_ONLY"", ""PRESSING_UNAVAILABLE""]",API_FOOTBALL_FIXTURES_PLAYERS,true,false,false,false,false
14678,759,Viking,2017-04-23T16:00:00+00:00,2026-09-26T08:36:03Z,99590,Michael Haukas,M,21.0,6.05,LOW,85.7,6.6,PBK_PLAYER_GRADE_V1,"{""attack"": 5.0, ""creation"": 5.0, ""defending"": 3.61, ""discipline"": 4.8, ""possession"": 9.92, ""pressing"": null, ""progression"": 6.05}","[""AGGREGATE_SOURCE_NO_TRUE_ACTION_QUALITY"", ""PROGRESSION_PROXY_ONLY"", ""PRESSING_UNAVAILABLE""]",API_FOOTBALL_FIXTURES_PLAYERS,true,false,false,false,false
14679,324,Stromsgodset,2017-04-22T16:00:00+00:00,2026-09-26T08:36:03Z,14340,Bassel Jradi,M,77.0,6.25,HIGH,85.7,7.2,PBK_PLAYER_GRADE_V1,"{""attack"": 5.64, ""creation"": 8.71, ""defending"": 2.32, ""discipline"": 5.35, ""possession"": 7.83, ""pressing"": null, ""progression"": 5.7}","[""AGGREGATE_SOURCE_NO_TRUE_ACTION_QUALITY"", ""PROGRESSION_PROXY_ONLY"", ""PRESSING_UNAVAILABLE""]",API_FOOTBALL_FIXTURES_PLAYERS,true,false,false,false,false
14679,324,Stromsgodset,2017-04-22T16:00:00+00:00,2026-09-26T08:36:03Z,28339,Tokmac Chol Nguen,M,81.0,5.48,HIGH,85.7,7.0,PBK_PLAYER_GRADE_V1,"{""attack"": 8.06, ""creation"": 5.63, ""defending"": 4.48, ""discipline"": 4.58, ""possession"": 3.44, ""pressing"": null, ""progression"": 6.66}","[""AGGREGATE_SOURCE_NO_TRUE_ACTION_QUALITY"", ""PROGRESSION_PROXY_ONLY"", ""PRESSING_UNAVAILABLE""]",API_FOOTBALL_FIXTURES_PLAYERS,true,false,false,false,false
14679,324,Stromsgodset,2017-04-22T16:00:00+00:00,2026-09-26T08:36:03Z,3444,Francisco Junior,M,90.0,6.16,HIGH,85.7,7.1,PBK_PLAYER_GRADE_V1,"{""attack"": 5.25, ""creation"": 5.36, ""defending"": 5.07, ""discipline"": 5.44, ""possession"": 7.72, ""pressing"": null, ""progression"": 6.89}","[""AGGREGATE_SOURCE_NO_TRUE_ACTION_QUALITY"", ""PROGRESSION_PROXY_ONLY"", ""PRESSING_UNAVAILABLE""]",API_FOOTBALL_FIXTURES_PLAYERS,true,false,false,false,false
14679,324,Stromsgodset,2017-04-22T16:00:00+00:00,2026-09-26T08:36:03Z,39048,Eirik Andersen,M,13.0,5.97,LOW,85.7,6.6,PBK_PLAYER_GRADE_V1,"{""attack"": 6.73, ""creation"": 5.0, ""defending"": 5.0, ""discipline"": 4.06, ""possession"": 6.53, ""pressing"": null, ""progression"": 7.22}","[""AGGREGATE_SOURCE_NO_TRUE_ACTION_QUALITY"", ""PROGRESSION_PROXY_ONLY"", ""PRESSING_UNAVAILABLE""]",API_FOOTBALL_FIXTURES_PLAYERS,true,false,false,false,false
14679,324,Stromsgodset,2017-04-22T16:00:00+00:00,2026-09-26T08:36:03Z,39327,Jakob Glesnes,D,90.0,6.4,HIGH,85.7,8.0,PBK_PLAYER_GRADE_V1,"{""attack"": 5.25, ""creation"": 5.0, ""defending"": 6.07, ""discipline"": 5.16, ""possession"": 8.72, ""pressing"": null, ""progression"": 6.89}","[""AGGREGATE_SOURCE_NO_TRUE_ACTION_QUALITY"", ""PROGRESSION_PROXY_ONLY"", ""PRESSING_UNAVAILABLE""]",API_FOOTBALL_FIXTURES_PLAYERS,true,false,false,false,false
14679,324,Stromsgodset,2017-04-22T16:00:00+00:00,2026-09-26T08:36:03Z,39329,Jonathan Parr,D,90.0,4.49,HIGH,85.7,6.6,PBK_PLAYER_GRADE_V1,"{""attack"": 5.8, ""creation"": 5.45, ""defending"": 3.33, ""discipline"": 3.88, ""possession"": 4.94, ""pressing"": null, ""progression"": 6.26}","[""AGGREGATE_SOURCE_NO_TRUE_ACTION_QUALITY"", ""PROGRESSION_PROXY_ONLY"", ""PRESSING_UNAVAILABLE""]",API_FOOTBALL_FIXTURES_PLAYERS,true,false,false,false,false
14679,324,Stromsgodset,2017-04-22T16:00:00+00:00,2026-09-26T08:36:03Z,39333,Lars Christopher Vilsvik,D,90.0,5.5,HIGH,85.7,7.7,PBK_PLAYER_GRADE_V1,"{""attack"": 5.0, ""creation"": 6.14, ""defending"": 7.05, ""discipline"": 5.72, ""possession"": 0.93, ""pressing"": null, ""progression"": 5.59}","[""AGGREGATE_SOURCE_NO_TRUE_ACTION_QUALITY"", ""PROGRESSION_PROXY_ONLY"", ""PRESSING_UNAVAILABLE""]",API_FOOTBALL_FIXTURES_PLAYERS,true,false,false,false,false
14679,324,Stromsgodset,2017-04-22T16:00:00+00:00,2026-09-26T08:36:03Z,39342,Kristoffer Tokstad,M,90.0,5.32,HIGH,85.7,6.6,PBK_PLAYER_GRADE_V1,"{""attack"": 5.55, ""creation"": 5.12, ""defending"": 4.4, ""discipline"": 5.72, ""possession"": 5.45, ""pressing"": null, ""progression"": 5.63}","[""AGGREGATE_SOURCE_NO_TRUE_ACTION_QUALITY"", ""PROGRESSION_PROXY_ONLY"", ""PRESSING_UNAVAILABLE""]",API_FOOTBALL_FIXTURES_PLAYERS,true,false,false,false,false
14679,324,Stromsgodset,2017-04-22T16:00:00+00:00,2026-09-26T08:36:03Z,39345,Marcus Pedersen,F,86.0,5.49,HIGH,85.7,7.1,PBK_PLAYER_GRADE_V1,"{""attack"": 5.0, ""creation"": 6.88, ""defending"": 5.99, ""discipline"": 5.71, ""possession"": 4.12, ""pressing"": null, ""progression"": 5.4}","[""AGGREGATE_SOURCE_NO_TRUE_ACTION_QUALITY"", ""PROGRESSION_PROXY_ONLY"", ""PRESSING_UNAVAILABLE""]",API_FOOTBALL_FIXTURES_PLAYERS,true,false,false,false,false
14679,324,Stromsgodset,2017-04-22T16:00:00+00:00,2026-09-26T08:36:03Z,40865,Radosław Janukiewicz,G,90.0,2.72,HIGH,85.7,7.2,PBK_PLAYER_GRADE_V1,"{""attack"": 5.0, ""creation"": 5.0, ""defending"": 0.83, ""discipline"": 6.0, ""possession"": 1.4, ""pressing"": null, ""progression"": 5.56}","[""AGGREGATE_SOURCE_NO_TRUE_ACTION_QUALITY"", ""PROGRESSION_PROXY_ONLY"", ""PRESSING_UNAVAILABLE""]",API_FOOTBALL_FIXTURES_PLAYERS,true,false,false,false,false
14679,324,Stromsgodset,2017-04-22T16:00:00+00:00,2026-09-26T08:36:03Z,57169,Marius Hoibraten,D,90.0,6.34,HIGH,85.7,7.7,PBK_PLAYER_GRADE_V1,"{""attack"": 5.0, ""creation"": 5.12, ""defending"": 6.67, ""discipline"": 5.72, ""possession"": 6.67, ""pressing"": null, ""progression"": 6.65}","[""AGGREGATE_SOURCE_NO_TRUE_ACTION_QUALITY"", ""PROGRESSION_PROXY_ONLY"", ""PRESSING_UNAVAILABLE""]",API_FOOTBALL_FIXTURES_PLAYERS,true,false,false,false,false
14679,324,Stromsgodset,2017-04-22T16:00:00+00:00,2026-09-26T08:36:03Z,57183,Pontus Engblom,F,4.0,5.55,LOW,85.7,6.5,PBK_PLAYER_GRADE_V1,"{""attack"": 5.0, ""creation"": 5.0, ""defending"": 0.83, ""discipline"": 6.0, ""possession"": 9.73, ""pressing"": null, ""progression"": 5.79}","[""AGGREGATE_SOURCE_NO_TRUE_ACTION_QUALITY"", ""PROGRESSION_PROXY_ONLY"", ""PRESSING_UNAVAILABLE""]",API_FOOTBALL_FIXTURES_PLAYERS,true,false,false,false,false
14679,324,Stromsgodset,2017-04-22T16:00:00+00:00,2026-09-26T08:36:03Z,57322,Mathias Gjerstrom,M,9.0,5.05,LOW,85.7,6.5,PBK_PLAYER_GRADE_V1,"{""attack"": 5.0, ""creation"": 5.0, ""defending"": 5.0, ""discipline"": 6.0, ""possession"": 4.0, ""pressing"": null, ""progression"": 5.7}","[""AGGREGATE_SOURCE_NO_TRUE_ACTION_QUALITY"", ""PROGRESSION_PROXY_ONLY"", ""PRESSING_UNAVAILABLE""]",API_FOOTBALL_FIXTURES_PLAYERS,true,false,false,false,false
14679,324,Stromsgodset,2017-04-22T16:00:00+00:00,2026-09-26T08:36:03Z,99358,Marco Tagbajumi,F,90.0,5.54,HIGH,85.7,6.7,PBK_PLAYER_GRADE_V1,"{""attack"": 5.55, ""creation"": 6.14, ""defending"": 3.53, ""discipline"": 5.44, ""possession"": 5.3, ""pressing"": null, ""progression"": 5.42}","[""AGGREGATE_SOURCE_NO_TRUE_ACTION_QUALITY"", ""PROGRESSION_PROXY_ONLY"", ""PRESSING_UNAVAILABLE""]",API_FOOTBALL_FIXTURES_PLAYERS,true,false,false,false,false
14679,332,Sandefjord,2017-04-22T16:00:00+00:00,2026-09-26T08:36:03Z,107856,Markus Naglestad,F,66.0,5.07,HIGH,85.7,6.6,PBK_PLAYER_GRADE_V1,"{""attack"": 5.0, ""creation"": 5.16, ""defending"": 4.17, ""discipline"": 6.0, ""possession"": 4.21, ""pressing"": null, ""progression"": 5.53}","[""AGGREGATE_SOURCE_NO_TRUE_ACTION_QUALITY"", ""PROGRESSION_PROXY_ONLY"", ""PRESSING_UNAVAILABLE""]",API_FOOTBALL_FIXTURES_PLAYERS,true,false,false,false,false
14679,332,Sandefjord,2017-04-22T16:00:00+00:00,2026-09-26T08:36:03Z,15949,Ingvar Jónsson,G,90.0,6.69,HIGH,85.7,6.8,PBK_PLAYER_GRADE_V1,"{""attack"": 5.0, ""creation"": 5.12, ""defending"": 9.17, ""discipline"": 6.0, ""possession"": 2.5, ""pressing"": null, ""progression"": 5.7}","[""AGGREGATE_SOURCE_NO_TRUE_ACTION_QUALITY"", ""PROGRESSION_PROXY_ONLY"", ""PRESSING_UNAVAILABLE""]",API_FOOTBALL_FIXTURES_PLAYERS,true,false,false,false,false
14679,332,Sandefjord,2017-04-22T16:00:00+00:00,2026-09-26T08:36:03Z,39102,Andre Sodlund,M,90.0,5.99,HIGH,85.7,7.1,PBK_PLAYER_GRADE_V1,"{""attack"": 5.0, ""creation"": 6.02, ""defending"": 7.17, ""discipline"": 6.0, ""possession"": 6.05, ""pressing"": null, ""progression"": 5.77}","[""AGGREGATE_SOURCE_NO_TRUE_ACTION_QUALITY"", ""PROGRESSION_PROXY_ONLY"", ""PRESSING_UNAVAILABLE""]",API_FOOTBALL_FIXTURES_PLAYERS,true,false,false,false,false
14679,332,Sandefjord,2017-04-22T16:00:00+00:00,2026-09-26T08:36:03Z,39176,Flamur Kastrati,F,90.0,5.37,HIGH,85.7,6.7,PBK_PLAYER_GRADE_V1,"{""attack"": 6.35, ""creation"": 5.48, ""defending"": 3.96, ""discipline"": 5.44, ""possession"": 2.2, ""pressing"": null, ""progression"": 5.46}","[""AGGREGATE_SOURCE_NO_TRUE_ACTION_QUALITY"", ""PROGRESSION_PROXY_ONLY"", ""PRESSING_UNAVAILABLE""]",API_FOOTBALL_FIXTURES_PLAYERS,true,false,false,false,false
14679,332,Sandefjord,2017-04-22T16:00:00+00:00,2026-09-26T08:36:03Z,39184,Joackim Solberg,M,90.0,5.46,HIGH,85.7,7.8,PBK_PLAYER_GRADE_V1,"{""attack"": 5.25, ""creation"": 8.15, ""defending"": 6.14, ""discipline"": 5.16, ""possession"": 2.14, ""pressing"": null, ""progression"": 5.84}","[""AGGREGATE_SOURCE_NO_TRUE_ACTION_QUALITY"", ""PROGRESSION_PROXY_ONLY"", ""PRESSING_UNAVAILABLE""]",API_FOOTBALL_FIXTURES_PLAYERS,true,false,false,false,false
14679,332,Sandefjord,2017-04-22T16:00:00+00:00,2026-09-26T08:36:03Z,55599,El-Hadji Gana Kane,D,90.0,5.68,HIGH,85.7,7.8,PBK_PLAYER_GRADE_V1,"{""attack"": 5.55, ""creation"": 5.24, ""defending"": 6.18, ""discipline"": 5.72, ""possession"": 4.94, ""pressing"": null, ""progression"": 5.38}","[""AGGREGATE_SOURCE_NO_TRUE_ACTION_QUALITY"", ""PROGRESSION_PROXY_ONLY"", ""PRESSING_UNAVAILABLE""]",API_FOOTBALL_FIXTURES_PLAYERS,true,false,false,false,false
14679,332,Sandefjord,2017-04-22T16:00:00+00:00,2026-09-26T08:36:03Z,57181,Haavard Storbaek,M,90.0,6.22,HIGH,85.7,7.1,PBK_PLAYER_GRADE_V1,"{""attack"": 5.0, ""creation"": 5.12, ""defending"": 7.12, ""discipline"": 6.0, ""possession"": 7.33, ""pressing"": null, ""progression"": 6.4}","[""AGGREGATE_SOURCE_NO_TRUE_ACTION_QUALITY"", ""PROGRESSION_PROXY_ONLY"", ""PRESSING_UNAVAILABLE""]",API_FOOTBALL_FIXTURES_PLAYERS,true,false,false,false,false
14679,332,Sandefjord,2017-04-22T16:00:00+00:00,2026-09-26T08:36:03Z,69924,Pau Morer,M,90.0,6.17,HIGH,85.7,6.8,PBK_PLAYER_GRADE_V1,"{""attack"": 5.25, ""creation"": 6.83, ""defending"": 5.58, ""discipline"": 5.44, ""possession"": 6.63, ""pressing"": null, ""progression"": 6.3}","[""AGGREGATE_SOURCE_NO_TRUE_ACTION_QUALITY"", ""PROGRESSION_PROXY_ONLY"", ""PRESSING_UNAVAILABLE""]",API_FOOTBALL_FIXTURES_PLAYERS,true,false,false,false,false
14679,332,Sandefjord,2017-04-22T16:00:00+00:00,2026-09-26T08:36:03Z,8450,Abdoulaye Seck,D,90.0,6.64,HIGH,85.7,7.6,PBK_PLAYER_GRADE_V1,"{""attack"": 5.75, ""creation"": 6.14, ""defending"": 7.55, ""discipline"": 5.72, ""possession"": 5.74, ""pressing"": null, ""progression"": 6.34}","[""AGGREGATE_SOURCE_NO_TRUE_ACTION_QUALITY"", ""PROGRESSION_PROXY_ONLY"", ""PRESSING_UNAVAILABLE""]",API_FOOTBALL_FIXTURES_PLAYERS,true,false,false,false,false
14679,332,Sandefjord,2017-04-22T16:00:00+00:00,2026-09-26T08:36:03Z,94594,Hakon Lorentzen,F,24.0,5.44,LOW,85.7,6.6,PBK_PLAYER_GRADE_V1,"{""attack"": 5.0, ""creation"": 6.69, ""defending"": 9.17, ""discipline"": 6.0, ""possession"": 2.38, ""pressing"": null, ""progression"": 5.53}","[""AGGREGATE_SOURCE_NO_TRUE_ACTION_QUALITY"", ""PROGRESSION_PROXY_ONLY"", ""PRESSING_UNAVAILABLE""]",API_FOOTBALL_FIXTURES_PLAYERS,true,false,false,false,false
14679,332,Sandefjord,2017-04-22T16:00:00+00:00,2026-09-26T08:36:03Z,94737,Peter Kovacs,F,3.0,6.07,LOW,85.7,6.6,PBK_PLAYER_GRADE_V1,"{""attack"": 5.0, ""creation"": 8.6, ""defending"": 5.0, ""discipline"": 0.0, ""possession"": 9.92, ""pressing"": null, ""progression"": 6.05}","[""AGGREGATE_SOURCE_NO_TRUE_ACTION_QUALITY"", ""PROGRESSION_PROXY_ONLY"", ""PRESSING_UNAVAILABLE""]",API_FOOTBALL_FIXTURES_PLAYERS,true,false,false,false,false
14679,332,Sandefjord,2017-04-22T16:00:00+00:00,2026-09-26T08:36:03Z,94919,Victor Demba Bindia,D,87.0,6.07,HIGH,85.7,7.2,PBK_PLAYER_GRADE_V1,"{""attack"": 5.52, ""creation"": 6.18, ""defending"": 6.39, ""discipline"": 6.0, ""possession"": 5.47, ""pressing"": null, ""progression"": 6.02}","[""AGGREGATE_SOURCE_NO_TRUE_ACTION_QUALITY"", ""PROGRESSION_PROXY_ONLY"", ""PRESSING_UNAVAILABLE""]",API_FOOTBALL_FIXTURES_PLAYERS,true,false,false,false,false
14679,332,Sandefjord,2017-04-22T16:00:00+00:00,2026-09-26T08:36:03Z,98609,Christer Hansen,D,90.0,6.72,HIGH,85.7,7.4,PBK_PLAYER_GRADE_V1,"{""attack"": 5.5, ""creation"": 5.0, ""defending"": 7.91, ""discipline"": 5.72, ""possession"": 5.89, ""pressing"": null, ""progression"": 6.38}","[""AGGREGATE_SOURCE_NO_TRUE_ACTION_QUALITY"", ""PROGRESSION_PROXY_ONLY"", ""PRESSING_UNAVAILABLE""]",API_FOOTBALL_FIXTURES_PLAYERS,true,false,false,false,false
14680,325,Tromso,2017-04-17T18:00:00+00:00,2026-09-26T08:36:03Z,1178,Gjermund Aasen,F,90.0,5.25,HIGH,85.7,6.5,PBK_PLAYER_GRADE_V1,"{""attack"": 5.0, ""creation"": 6.47, ""defending"": 2.76, ""discipline"": 5.72, ""possession"": 3.9, ""pressing"": null, ""progression"": 5.56}","[""AGGREGATE_SOURCE_NO_TRUE_ACTION_QUALITY"", ""PROGRESSION_PROXY_ONLY"", ""PRESSING_UNAVAILABLE""]",API_FOOTBALL_FIXTURES_PLAYERS,true,false,false,false,false
14680,325,Tromso,2017-04-17T18:00:00+00:00,2026-09-26T08:36:03Z,15904,Ulrik Jenssen,D,90.0,7.18,HIGH,85.7,7.5,PBK_PLAYER_GRADE_V1,"{""attack"": 5.0, ""creation"": 5.12, ""defending"": 8.6, ""discipline"": 5.72, ""possession"": 6.84, ""pressing"": null, ""progression"": 6.65}","[""AGGREGATE_SOURCE_NO_TRUE_ACTION_QUALITY"", ""PROGRESSION_PROXY_ONLY"", ""PRESSING_UNAVAILABLE""]",API_FOOTBALL_FIXTURES_PLAYERS,true,false,false,false,false
14680,325,Tromso,2017-04-17T18:00:00+00:00,2026-09-26T08:36:03Z,39323,Thomas Lehne Olsen,F,90.0,5.04,HIGH,85.7,7.0,PBK_PLAYER_GRADE_V1,"{""attack"": 5.55, ""creation"": 5.69, ""defending"": 4.24, ""discipline"": 5.44, ""possession"": 1.49, ""pressing"": null, ""progression"": 5.46}","[""AGGREGATE_SOURCE_NO_TRUE_ACTION_QUALITY"", ""PROGRESSION_PROXY_ONLY"", ""PRESSING_UNAVAILABLE""]",API_FOOTBALL_FIXTURES_PLAYERS,true,false,false,false,false
14680,325,Tromso,2017-04-17T18:00:00+00:00,2026-09-26T08:36:03Z,39350,Gudmund Kongshavn,G,90.0,5.49,HIGH,85.7,6.6,PBK_PLAYER_GRADE_V1,"{""attack"": 5.0, ""creation"": 5.0, ""defending"": 5.0, ""discipline"": 6.0, ""possession"": 5.89, ""pressing"": null, ""progression"": 6.02}","[""AGGREGATE_SOURCE_NO_TRUE_ACTION_QUALITY"", ""PROGRESSION_PROXY_ONLY"", ""PRESSING_UNAVAILABLE""]",API_FOOTBALL_FIXTURES_PLAYERS,true,false,false,false,false
14680,325,Tromso,2017-04-17T18:00:00+00:00,2026-09-26T08:36:03Z,39355,Simen Wangberg,D,90.0,7.34,HIGH,85.7,7.5,PBK_PLAYER_GRADE_V1,"{""attack"": 6.1, ""creation"": 5.0, ""defending"": 8.92, ""discipline"": 6.0, ""possession"": 6.99, ""pressing"": null, ""progression"": 6.16}","[""AGGREGATE_SOURCE_NO_TRUE_ACTION_QUALITY"", ""PROGRESSION_PROXY_ONLY"", ""PRESSING_UNAVAILABLE""]",API_FOOTBALL_FIXTURES_PLAYERS,true,false,false,false,false
14680,325,Tromso,2017-04-17T18:00:00+00:00,2026-09-26T08:36:03Z,39356,Magnus Andersen,M,66.0,4.68,HIGH,85.7,6.7,PBK_PLAYER_GRADE_V1,"{""attack"": 5.0, ""creation"": 5.0, ""defending"": 1.35, ""discipline"": 5.62, ""possession"": 4.61, ""pressing"": null, ""progression"": 5.86}","[""AGGREGATE_SOURCE_NO_TRUE_ACTION_QUALITY"", ""PROGRESSION_PROXY_ONLY"", ""PRESSING_UNAVAILABLE""]",API_FOOTBALL_FIXTURES_PLAYERS,true,false,false,false,false
14680,325,Tromso,2017-04-17T18:00:00+00:00,2026-09-26T08:36:03Z,39357,Kent-Are Antonsen,M,90.0,5.87,HIGH,85.7,7.2,PBK_PLAYER_GRADE_V1,"{""attack"": 5.25, ""creation"": 5.69, ""defending"": 7.15, ""discipline"": 6.0, ""possession"": 5.41, ""pressing"": null, ""progression"": 5.98}","[""AGGREGATE_SOURCE_NO_TRUE_ACTION_QUALITY"", ""PROGRESSION_PROXY_ONLY"", ""PRESSING_UNAVAILABLE""]",API_FOOTBALL_FIXTURES_PLAYERS,true,false,false,false,false
14680,325,Tromso,2017-04-17T18:00:00+00:00,2026-09-26T08:36:03Z,39358,Morten Gamst Pedersen,M,90.0,5.57,HIGH,85.7,7.1,PBK_PLAYER_GRADE_V1,"{""attack"": 5.0, ""creation"": 7.7, ""defending"": 3.11, ""discipline"": 5.16, ""possession"": 4.76, ""pressing"": null, ""progression"": 6.29}","[""AGGREGATE_SOURCE_NO_TRUE_ACTION_QUALITY"", ""PROGRESSION_PROXY_ONLY"", ""PRESSING_UNAVAILABLE""]",API_FOOTBALL_FIXTURES_PLAYERS,true,false,false,false,false
14680,325,Tromso,2017-04-17T18:00:00+00:00,2026-09-26T08:36:03Z,48145,Magnar Odegaard,D,90.0,6.35,HIGH,85.7,7.0,PBK_PLAYER_GRADE_V1,"{""attack"": 5.0, ""creation"": 5.24, ""defending"": 8.26, ""discipline"": 6.0, ""possession"": 3.19, ""pressing"": null, ""progression"": 5.74}","[""AGGREGATE_SOURCE_NO_TRUE_ACTION_QUALITY"", ""PROGRESSION_PROXY_ONLY"", ""PRESSING_UNAVAILABLE""]",API_FOOTBALL_FIXTURES_PLAYERS,true,false,false,false,false
14680,325,Tromso,2017-04-17T18:00:00+00:00,2026-09-26T08:36:03Z,57254,Aron Sigurðarson,F,90.0,5.53,HIGH,85.7,6.4,PBK_PLAYER_GRADE_V1,"{""attack"": 5.55, ""creation"": 6.26, ""defending"": 4.17, ""discipline"": 6.0, ""possession"": 4.0, ""pressing"": null, ""progression"": 5.7}","[""AGGREGATE_SOURCE_NO_TRUE_ACTION_QUALITY"", ""PROGRESSION_PROXY_ONLY"", ""PRESSING_UNAVAILABLE""]",API_FOOTBALL_FIXTURES_PLAYERS,true,false,false,false,false
14680,325,Tromso,2017-04-17T18:00:00+00:00,2026-09-26T08:36:03Z,57300,Christian Landu-Landu,M,78.0,5.95,HIGH,85.7,7.2,PBK_PLAYER_GRADE_V1,"{""attack"": 5.0, ""creation"": 6.21, ""defending"": 7.44, ""discipline"": 5.35, ""possession"": 5.63, ""pressing"": null, ""progression"": 5.89}","[""AGGREGATE_SOURCE_NO_TRUE_ACTION_QUALITY"", ""PROGRESSION_PROXY_ONLY"", ""PRESSING_UNAVAILABLE""]",API_FOOTBALL_FIXTURES_PLAYERS,true,false,false,false,false
14680,325,Tromso,2017-04-17T18:00:00+00:00,2026-09-26T08:36:03Z,57414,Hans Norbye,D,12.0,8.25,LOW,85.7,6.8,PBK_PLAYER_GRADE_V1,"{""attack"": 6.88, ""creation"": 5.9, ""defending"": 9.17, ""discipline"": 6.0, ""possession"": 9.92, ""pressing"": null, ""progression"": 7.4}","[""AGGREGATE_SOURCE_NO_TRUE_ACTION_QUALITY"", ""PROGRESSION_PROXY_ONLY"", ""PRESSING_UNAVAILABLE""]",API_FOOTBALL_FIXTURES_PLAYERS,true,false,false,false,false
14680,325,Tromso,2017-04-17T18:00:00+00:00,2026-09-26T08:36:03Z,98673,Slobodan Vuk,F,24.0,5.31,LOW,85.7,6.6,PBK_PLAYER_GRADE_V1,"{""attack"": 5.0, ""creation"": 7.14, ""defending"": 7.08, ""discipline"": 6.0, ""possession"": 1.21, ""pressing"": null, ""progression"": 5.53}","[""AGGREGATE_SOURCE_NO_TRUE_ACTION_QUALITY"", ""PROGRESSION_PROXY_ONLY"", ""PRESSING_UNAVAILABLE""]",API_FOOTBALL_FIXTURES_PLAYERS,true,false,false,false,false
14680,330,ODD Ballklubb,2017-04-17T18:00:00+00:00,2026-09-26T08:36:03Z,36852,Rafik Zekhnini,F,34.0,5.18,LOW,85.7,6.1,PBK_PLAYER_GRADE_V1,"{""attack"": 6.32, ""creation"": 5.0, ""defending"": 2.22, ""discipline"": 0.0, ""possession"": 5.4, ""pressing"": null, ""progression"": 6.51}","[""AGGREGATE_SOURCE_NO_TRUE_ACTION_QUALITY"", ""PROGRESSION_PROXY_ONLY"", ""PRESSING_UNAVAILABLE""]",API_FOOTBALL_FIXTURES_PLAYERS,true,false,false,false,false
14680,330,ODD Ballklubb,2017-04-17T18:00:00+00:00,2026-09-26T08:36:03Z,39081,Sondre Rossbach,G,90.0,4.96,HIGH,85.7,7.7,PBK_PLAYER_GRADE_V1,"{""attack"": 5.0, ""creation"": 5.0, ""defending"": 5.0, ""discipline"": 6.0, ""possession"": 3.22, ""pressing"": null, ""progression"": 5.77}","[""AGGREGATE_SOURCE_NO_TRUE_ACTION_QUALITY"", ""PROGRESSION_PROXY_ONLY"", ""PRESSING_UNAVAILABLE""]",API_FOOTBALL_FIXTURES_PLAYERS,true,false,false,false,false
14680,330,ODD Ballklubb,2017-04-17T18:00:00+00:00,2026-09-26T08:36:03Z,39084,Steffen Hagen,D,90.0,6.27,HIGH,85.7,7.6,PBK_PLAYER_GRADE_V1,"{""attack"": 5.0, ""creation"": 5.45, ""defending"": 6.77, ""discipline"": 5.72, ""possession"": 6.33, ""pressing"": null, ""progression"": 6.16}","[""AGGREGATE_SOURCE_NO_TRUE_ACTION_QUALITY"", ""PROGRESSION_PROXY_ONLY"", ""PRESSING_UNAVAILABLE""]",API_FOOTBALL_FIXTURES_PLAYERS,true,false,false,false,false
14680,330,ODD Ballklubb,2017-04-17T18:00:00+00:00,2026-09-26T08:36:03Z,39086,Espen Ruud,D,90.0,5.88,HIGH,85.7,7.4,PBK_PLAYER_GRADE_V1,"{""attack"": 5.25, ""creation"": 5.9, ""defending"": 6.77, ""discipline"": 5.72, ""possession"": 3.53, ""pressing"": null, ""progression"": 6.16}","[""AGGREGATE_SOURCE_NO_TRUE_ACTION_QUALITY"", ""PROGRESSION_PROXY_ONLY"", ""PRESSING_UNAVAILABLE""]",API_FOOTBALL_FIXTURES_PLAYERS,true,false,false,false,false
14680,330,ODD Ballklubb,2017-04-17T18:00:00+00:00,2026-09-26T08:36:03Z,39087,Fredrik Berge,D,90.0,5.74,HIGH,85.7,7.7,PBK_PLAYER_GRADE_V1,"{""attack"": 5.0, ""creation"": 5.24, ""defending"": 6.14, ""discipline"": 5.44, ""possession"": 5.29, ""pressing"": null, ""progression"": 5.88}","[""AGGREGATE_SOURCE_NO_TRUE_ACTION_QUALITY"", ""PROGRESSION_PROXY_ONLY"", ""PRESSING_UNAVAILABLE""]",API_FOOTBALL_FIXTURES_PLAYERS,true,false,false,false,false
14680,330,ODD Ballklubb,2017-04-17T18:00:00+00:00,2026-09-26T08:36:03Z,39093,Fredrik Nordkvelle,M,89.0,4.77,HIGH,85.7,6.9,PBK_PLAYER_GRADE_V1,"{""attack"": 5.56, ""creation"": 5.91, ""defending"": 2.22, ""discipline"": 5.72, ""possession"": 3.34, ""pressing"": null, ""progression"": 5.71}","[""AGGREGATE_SOURCE_NO_TRUE_ACTION_QUALITY"", ""PROGRESSION_PROXY_ONLY"", ""PRESSING_UNAVAILABLE""]",API_FOOTBALL_FIXTURES_PLAYERS,true,false,false,false,false
14680,330,ODD Ballklubb,2017-04-17T18:00:00+00:00,2026-09-26T08:36:03Z,39094,Fredrik Jensen,M,45.0,5.89,MEDIUM,85.7,6.9,PBK_PLAYER_GRADE_V1,"{""attack"": 5.0, ""creation"": 5.24, ""defending"": 6.67, ""discipline"": 3.44, ""possession"": 6.82, ""pressing"": null, ""progression"": 6.61}","[""AGGREGATE_SOURCE_NO_TRUE_ACTION_QUALITY"", ""PROGRESSION_PROXY_ONLY"", ""PRESSING_UNAVAILABLE""]",API_FOOTBALL_FIXTURES_PLAYERS,true,false,false,false,false
14680,330,ODD Ballklubb,2017-04-17T18:00:00+00:00,2026-09-26T08:36:03Z,39096,Jone Samuelsen,M,90.0,6.01,HIGH,85.7,6.9,PBK_PLAYER_GRADE_V1,"{""attack"": 5.0, ""creation"": 5.93, ""defending"": 5.38, ""discipline"": 5.16, ""possession"": 7.33, ""pressing"": null, ""progression"": 6.16}","[""AGGREGATE_SOURCE_NO_TRUE_ACTION_QUALITY"", ""PROGRESSION_PROXY_ONLY"", ""PRESSING_UNAVAILABLE""]",API_FOOTBALL_FIXTURES_PLAYERS,true,false,false,false,false
14680,330,ODD Ballklubb,2017-04-17T18:00:00+00:00,2026-09-26T08:36:03Z,39200,Olivier Occean,F,90.0,5.34,HIGH,85.7,7.0,PBK_PLAYER_GRADE_V1,"{""attack"": 5.55, ""creation"": 5.24, ""defending"": 4.78, ""discipline"": 5.16, ""possession"": 4.69, ""pressing"": null, ""progression"": 5.74}","[""AGGREGATE_SOURCE_NO_TRUE_ACTION_QUALITY"", ""PROGRESSION_PROXY_ONLY"", ""PRESSING_UNAVAILABLE""]",API_FOOTBALL_FIXTURES_PLAYERS,true,false,false,false,false
14680,330,ODD Ballklubb,2017-04-17T18:00:00+00:00,2026-09-26T08:36:03Z,39207,Thomas Grogaard,D,90.0,6.63,HIGH,85.7,7.3,PBK_PLAYER_GRADE_V1,"{""attack"": 5.0, ""creation"": 5.12, ""defending"": 7.18, ""discipline"": 5.72, ""possession"": 7.47, ""pressing"": null, ""progression"": 6.37}","[""AGGREGATE_SOURCE_NO_TRUE_ACTION_QUALITY"", ""PROGRESSION_PROXY_ONLY"", ""PRESSING_UNAVAILABLE""]",API_FOOTBALL_FIXTURES_PLAYERS,true,false,false,false,false
14680,330,ODD Ballklubb,2017-04-17T18:00:00+00:00,2026-09-26T08:36:03Z,39234,Joakim Vaage Nilsen,M,45.0,6.09,MEDIUM,85.7,6.9,PBK_PLAYER_GRADE_V1,"{""attack"": 5.0, ""creation"": 5.0, ""defending"": 7.08, ""discipline"": 6.0, ""possession"": 6.53, ""pressing"": null, ""progression"": 6.68}","[""AGGREGATE_SOURCE_NO_TRUE_ACTION_QUALITY"", ""PROGRESSION_PROXY_ONLY"", ""PRESSING_UNAVAILABLE""]",API_FOOTBALL_FIXTURES_PLAYERS,true,false,false,false,false
14680,330,ODD Ballklubb,2017-04-17T18:00:00+00:00,2026-09-26T08:36:03Z,55407,Riku Riski,F,90.0,5.54,HIGH,85.7,7.3,PBK_PLAYER_GRADE_V1,"{""attack"": 6.75, ""creation"": 5.0, ""defending"": 3.3, ""discipline"": 5.72, ""possession"": 3.44, ""pressing"": null, ""progression"": 5.38}","[""AGGREGATE_SOURCE_NO_TRUE_ACTION_QUALITY"", ""PROGRESSION_PROXY_ONLY"", ""PRESSING_UNAVAILABLE""]",API_FOOTBALL_FIXTURES_PLAYERS,true,false,false,false,false
14680,330,ODD Ballklubb,2017-04-17T18:00:00+00:00,2026-09-26T08:36:03Z,57158,Torbjorn Agdestein,F,1.0,6.15,LOW,85.7,–,PBK_PLAYER_GRADE_V1,"{""attack"": 5.0, ""creation"": 5.0, ""defending"": 0.83, ""discipline"": 6.0, ""possession"": 10.0, ""pressing"": null, ""progression"": 10.0}","[""AGGREGATE_SOURCE_NO_TRUE_ACTION_QUALITY"", ""PROGRESSION_PROXY_ONLY"", ""PRESSING_UNAVAILABLE""]",API_FOOTBALL_FIXTURES_PLAYERS,true,false,false,false,false
14680,330,ODD Ballklubb,2017-04-17T18:00:00+00:00,2026-09-26T08:36:03Z,99652,Pape Pate Diouf,F,54.0,4.58,MEDIUM,85.7,6.6,PBK_PLAYER_GRADE_V1,"{""attack"": 5.0, ""creation"": 5.0, ""defending"": 3.61, ""discipline"": 5.53, ""possession"": 1.04, ""pressing"": null, ""progression"": 5.29}","[""AGGREGATE_SOURCE_NO_TRUE_ACTION_QUALITY"", ""PROGRESSION_PROXY_ONLY"", ""PRESSING_UNAVAILABLE""]",API_FOOTBALL_FIXTURES_PLAYERS,true,false,false,false,false
14681,331,Rosenborg,2017-04-17T18:00:00+00:00,2026-09-26T08:36:03Z,1168,André Hansen,G,90.0,4.58,HIGH,85.7,7.7,PBK_PLAYER_GRADE_V1,"{""attack"": 5.0, ""creation"": 5.0, ""defending"": 5.0, ""discipline"": 6.0, ""possession"": 1.28, ""pressing"": null, ""progression"": 5.63}","[""AGGREGATE_SOURCE_NO_TRUE_ACTION_QUALITY"", ""PROGRESSION_PROXY_ONLY"", ""PRESSING_UNAVAILABLE""]",API_FOOTBALL_FIXTURES_PLAYERS,true,false,false,false,false
14681,331,Rosenborg,2017-04-17T18:00:00+00:00,2026-09-26T08:36:03Z,1171,Vegar Eggen Hedenstad,D,90.0,6.73,HIGH,85.7,8.1,PBK_PLAYER_GRADE_V1,"{""attack"": 5.75, ""creation"": 5.57, ""defending"": 7.1, ""discipline"": 5.44, ""possession"": 7.22, ""pressing"": null, ""progression"": 7.01}","[""AGGREGATE_SOURCE_NO_TRUE_ACTION_QUALITY"", ""PROGRESSION_PROXY_ONLY"", ""PRESSING_UNAVAILABLE""]",API_FOOTBALL_FIXTURES_PLAYERS,true,false,false,false,false
14681,331,Rosenborg,2017-04-17T18:00:00+00:00,2026-09-26T08:36:03Z,1175,Tore Reginiussen,D,90.0,6.92,HIGH,85.7,7.6,PBK_PLAYER_GRADE_V1,"{""attack"": 5.0, ""creation"": 5.24, ""defending"": 8.64, ""discipline"": 4.72, ""possession"": 6.07, ""pressing"": null, ""progression"": 6.26}","[""AGGREGATE_SOURCE_NO_TRUE_ACTION_QUALITY"", ""PROGRESSION_PROXY_ONLY"", ""PRESSING_UNAVAILABLE""]",API_FOOTBALL_FIXTURES_PLAYERS,true,false,false,false,false
14681,331,Rosenborg,2017-04-17T18:00:00+00:00,2026-09-26T08:36:03Z,1181,Anders Konradsen,M,90.0,5.72,HIGH,85.7,6.0,PBK_PLAYER_GRADE_V1,"{""attack"": 5.25, ""creation"": 5.0, ""defending"": 4.57, ""discipline"": 5.44, ""possession"": 6.43, ""pressing"": null, ""progression"": 6.72}","[""AGGREGATE_SOURCE_NO_TRUE_ACTION_QUALITY"", ""PROGRESSION_PROXY_ONLY"", ""PRESSING_UNAVAILABLE""]",API_FOOTBALL_FIXTURES_PLAYERS,true,false,false,false,false
14681,331,Rosenborg,2017-04-17T18:00:00+00:00,2026-09-26T08:36:03Z,1182,Mike Jensen,M,90.0,6.13,HIGH,85.7,7.6,PBK_PLAYER_GRADE_V1,"{""attack"": 5.0, ""creation"": 7.54, ""defending"": 6.72, ""discipline"": 4.72, ""possession"": 5.63, ""pressing"": null, ""progression"": 6.12}","[""AGGREGATE_SOURCE_NO_TRUE_ACTION_QUALITY"", ""PROGRESSION_PROXY_ONLY"", ""PRESSING_UNAVAILABLE""]",API_FOOTBALL_FIXTURES_PLAYERS,true,false,false,false,false
14681,331,Rosenborg,2017-04-17T18:00:00+00:00,2026-09-26T08:36:03Z,1187,Nicklas Bendtner,F,90.0,5.23,HIGH,85.7,6.7,PBK_PLAYER_GRADE_V1,"{""attack"": 5.25, ""creation"": 5.24, ""defending"": 4.62, ""discipline"": 5.0, ""possession"": 4.83, ""pressing"": null, ""progression"": 5.88}","[""AGGREGATE_SOURCE_NO_TRUE_ACTION_QUALITY"", ""PROGRESSION_PROXY_ONLY"", ""PRESSING_UNAVAILABLE""]",API_FOOTBALL_FIXTURES_PLAYERS,true,false,false,false,false
14681,331,Rosenborg,2017-04-17T18:00:00+00:00,2026-09-26T08:36:03Z,1191,Pål André Helland,F,89.0,5.6,HIGH,85.7,7.0,PBK_PLAYER_GRADE_V1,"{""attack"": 6.77, ""creation"": 5.0, ""defending"": 2.69, ""discipline"": 5.43, ""possession"": 4.21, ""pressing"": null, ""progression"": 5.53}","[""AGGREGATE_SOURCE_NO_TRUE_ACTION_QUALITY"", ""PROGRESSION_PROXY_ONLY"", ""PRESSING_UNAVAILABLE""]",API_FOOTBALL_FIXTURES_PLAYERS,true,false,false,false,false
14681,331,Rosenborg,2017-04-17T18:00:00+00:00,2026-09-26T08:36:03Z,2743,Alex Gersbach,D,90.0,5.12,HIGH,85.7,6.7,PBK_PLAYER_GRADE_V1,"{""attack"": 5.0, ""creation"": 5.45, ""defending"": 5.6, ""discipline"": 6.0, ""possession"": 2.29, ""pressing"": null, ""progression"": 5.88}","[""AGGREGATE_SOURCE_NO_TRUE_ACTION_QUALITY"", ""PROGRESSION_PROXY_ONLY"", ""PRESSING_UNAVAILABLE""]",API_FOOTBALL_FIXTURES_PLAYERS,true,false,false,false,false
14681,331,Rosenborg,2017-04-17T18:00:00+00:00,2026-09-26T08:36:03Z,354,Milan Jevtović,M,66.0,5.36,HIGH,85.7,6.3,PBK_PLAYER_GRADE_V1,"{""attack"": 5.75, ""creation"": 5.61, ""defending"": 1.87, ""discipline"": 5.62, ""possession"": 6.88, ""pressing"": null, ""progression"": 5.53}","[""AGGREGATE_SOURCE_NO_TRUE_ACTION_QUALITY"", ""PROGRESSION_PROXY_ONLY"", ""PRESSING_UNAVAILABLE""]",API_FOOTBALL_FIXTURES_PLAYERS,true,false,false,false,false
14681,331,Rosenborg,2017-04-17T18:00:00+00:00,2026-09-26T08:36:03Z,36901,Fredrik Midtsjø,M,90.0,6.0,HIGH,85.7,7.1,PBK_PLAYER_GRADE_V1,"{""attack"": 5.75, ""creation"": 5.81, ""defending"": 5.6, ""discipline"": 5.44, ""possession"": 6.22, ""pressing"": null, ""progression"": 6.56}","[""AGGREGATE_SOURCE_NO_TRUE_ACTION_QUALITY"", ""PROGRESSION_PROXY_ONLY"", ""PRESSING_UNAVAILABLE""]",API_FOOTBALL_FIXTURES_PLAYERS,true,false,false,false,false
14681,331,Rosenborg,2017-04-17T18:00:00+00:00,2026-09-26T08:36:03Z,39109,Johan Bjørdal,D,1.0,4.18,LOW,71.4,–,PBK_PLAYER_GRADE_V1,"{""attack"": 5.0, ""creation"": 5.0, ""defending"": 5.0, ""discipline"": 6.0, ""possession"": 0.0, ""pressing"": null}","[""AGGREGATE_SOURCE_NO_TRUE_ACTION_QUALITY"", ""PROGRESSION_PROXY_ONLY"", ""PRESSING_UNAVAILABLE""]",API_FOOTBALL_FIXTURES_PLAYERS,true,false,false,false,false
14681,331,Rosenborg,2017-04-17T18:00:00+00:00,2026-09-26T08:36:03Z,39125,Matthías Vilhjálmsson,F,24.0,5.66,LOW,85.7,6.7,PBK_PLAYER_GRADE_V1,"{""attack"": 5.94, ""creation"": 5.0, ""defending"": 5.0, ""discipline"": 6.0, ""possession"": 4.44, ""pressing"": null, ""progression"": 6.99}","[""AGGREGATE_SOURCE_NO_TRUE_ACTION_QUALITY"", ""PROGRESSION_PROXY_ONLY"", ""PRESSING_UNAVAILABLE""]",API_FOOTBALL_FIXTURES_PLAYERS,true,false,false,false,false
14681,331,Rosenborg,2017-04-17T18:00:00+00:00,2026-09-26T08:36:03Z,51056,Jørgen Skjelvik,D,90.0,5.63,HIGH,85.7,7.1,PBK_PLAYER_GRADE_V1,"{""attack"": 5.0, ""creation"": 5.0, ""defending"": 3.61, ""discipline"": 6.0, ""possession"": 10.0, ""pressing"": null, ""progression"": 6.93}","[""AGGREGATE_SOURCE_NO_TRUE_ACTION_QUALITY"", ""PROGRESSION_PROXY_ONLY"", ""PRESSING_UNAVAILABLE""]",API_FOOTBALL_FIXTURES_PLAYERS,true,false,false,false,false
14681,759,Viking,2017-04-17T18:00:00+00:00,2026-09-26T08:36:03Z,1185,Samuel Adegbenro,F,76.0,6.05,HIGH,85.7,6.0,PBK_PLAYER_GRADE_V1,"{""attack"": 6.24, ""creation"": 6.1, ""defending"": 3.48, ""discipline"": 5.34, ""possession"": 6.73, ""pressing"": null, ""progression"": 6.21}","[""AGGREGATE_SOURCE_NO_TRUE_ACTION_QUALITY"", ""PROGRESSION_PROXY_ONLY"", ""PRESSING_UNAVAILABLE""]",API_FOOTBALL_FIXTURES_PLAYERS,true,false,false,false,false
14681,759,Viking,2017-04-17T18:00:00+00:00,2026-09-26T08:36:03Z,20375,Kwesi Appiah,F,90.0,6.2,HIGH,85.7,6.8,PBK_PLAYER_GRADE_V1,"{""attack"": 6.3, ""creation"": 6.14, ""defending"": 4.78, ""discipline"": 5.44, ""possession"": 7.05, ""pressing"": null, ""progression"": 6.31}","[""AGGREGATE_SOURCE_NO_TRUE_ACTION_QUALITY"", ""PROGRESSION_PROXY_ONLY"", ""PRESSING_UNAVAILABLE""]",API_FOOTBALL_FIXTURES_PLAYERS,true,false,false,false,false
14681,759,Viking,2017-04-17T18:00:00+00:00,2026-09-26T08:36:03Z,24845,Julian Ryerson,M,90.0,5.93,HIGH,85.7,7.9,PBK_PLAYER_GRADE_V1,"{""attack"": 5.0, ""creation"": 5.57, ""defending"": 8.59, ""discipline"": 3.88, ""possession"": 5.38, ""pressing"": null, ""progression"": 6.47}","[""AGGREGATE_SOURCE_NO_TRUE_ACTION_QUALITY"", ""PROGRESSION_PROXY_ONLY"", ""PRESSING_UNAVAILABLE""]",API_FOOTBALL_FIXTURES_PLAYERS,true,false,false,false,false
14681,759,Viking,2017-04-17T18:00:00+00:00,2026-09-26T08:36:03Z,39040,Kristoffer Haugen,D,90.0,5.67,HIGH,85.7,7.6,PBK_PLAYER_GRADE_V1,"{""attack"": 5.25, ""creation"": 6.02, ""defending"": 6.21, ""discipline"": 4.72, ""possession"": 4.43, ""pressing"": null, ""progression"": 6.02}","[""AGGREGATE_SOURCE_NO_TRUE_ACTION_QUALITY"", ""PROGRESSION_PROXY_ONLY"", ""PRESSING_UNAVAILABLE""]",API_FOOTBALL_FIXTURES_PLAYERS,true,false,false,false,false
14681,759,Viking,2017-04-17T18:00:00+00:00,2026-09-26T08:36:03Z,39126,Iven Austbø,G,90.0,5.26,HIGH,85.7,6.5,PBK_PLAYER_GRADE_V1,"{""attack"": 5.0, ""creation"": 5.0, ""defending"": 5.0, ""discipline"": 6.0, ""possession"": 4.95, ""pressing"": null, ""progression"": 5.63}","[""AGGREGATE_SOURCE_NO_TRUE_ACTION_QUALITY"", ""PROGRESSION_PROXY_ONLY"", ""PRESSING_UNAVAILABLE""]",API_FOOTBALL_FIXTURES_PLAYERS,true,false,false,false,false
14681,759,Viking,2017-04-17T18:00:00+00:00,2026-09-26T08:36:03Z,39131,Andrè Danielsen,M,90.0,5.89,HIGH,85.7,6.6,PBK_PLAYER_GRADE_V1,"{""attack"": 5.25, ""creation"": 5.12, ""defending"": 5.07, ""discipline"": 4.88, ""possession"": 6.78, ""pressing"": null, ""progression"": 6.96}","[""AGGREGATE_SOURCE_NO_TRUE_ACTION_QUALITY"", ""PROGRESSION_PROXY_ONLY"", ""PRESSING_UNAVAILABLE""]",API_FOOTBALL_FIXTURES_PLAYERS,true,false,false,false,false
14681,759,Viking,2017-04-17T18:00:00+00:00,2026-09-26T08:36:03Z,39137,Zymer Bytyqi,M,82.0,5.07,HIGH,85.7,6.7,PBK_PLAYER_GRADE_V1,"{""attack"": 5.27, ""creation"": 5.49, ""defending"": 5.88, ""discipline"": 6.0, ""possession"": 2.63, ""pressing"": null, ""progression"": 5.85}","[""AGGREGATE_SOURCE_NO_TRUE_ACTION_QUALITY"", ""PROGRESSION_PROXY_ONLY"", ""PRESSING_UNAVAILABLE""]",API_FOOTBALL_FIXTURES_PLAYERS,true,false,false,false,false
14681,759,Viking,2017-04-17T18:00:00+00:00,2026-09-26T08:36:03Z,48142,Karol Mets,D,90.0,5.82,HIGH,85.7,6.6,PBK_PLAYER_GRADE_V1,"{""attack"": 5.0, ""creation"": 5.0, ""defending"": 5.38, ""discipline"": 6.0, ""possession"": 7.21, ""pressing"": null, ""progression"": 6.22}","[""AGGREGATE_SOURCE_NO_TRUE_ACTION_QUALITY"", ""PROGRESSION_PROXY_ONLY"", ""PRESSING_UNAVAILABLE""]",API_FOOTBALL_FIXTURES_PLAYERS,true,false,false,false,false
14681,759,Viking,2017-04-17T18:00:00+00:00,2026-09-26T08:36:03Z,57261,Mathias Bringaker,F,8.0,6.46,LOW,71.4,6.1,PBK_PLAYER_GRADE_V1,"{""attack"": 10.0, ""creation"": 5.0, ""defending"": 0.83, ""discipline"": 6.0, ""possession"": 0.0, ""pressing"": null}","[""AGGREGATE_SOURCE_NO_TRUE_ACTION_QUALITY"", ""PROGRESSION_PROXY_ONLY"", ""PRESSING_UNAVAILABLE""]",API_FOOTBALL_FIXTURES_PLAYERS,true,false,false,false,false
14681,759,Viking,2017-04-17T18:00:00+00:00,2026-09-26T08:36:03Z,57440,Steffen Ernemann,M,90.0,5.46,HIGH,85.7,7.0,PBK_PLAYER_GRADE_V1,"{""attack"": 5.8, ""creation"": 5.57, ""defending"": 5.76, ""discipline"": 5.72, ""possession"": 3.71, ""pressing"": null, ""progression"": 6.4}","[""AGGREGATE_SOURCE_NO_TRUE_ACTION_QUALITY"", ""PROGRESSION_PROXY_ONLY"", ""PRESSING_UNAVAILABLE""]",API_FOOTBALL_FIXTURES_PLAYERS,true,false,false,false,false
14681,759,Viking,2017-04-17T18:00:00+00:00,2026-09-26T08:36:03Z,57457,Michael Ledger,D,90.0,3.76,HIGH,85.7,6.6,PBK_PLAYER_GRADE_V1,"{""attack"": 5.0, ""creation"": 5.0, ""defending"": 1.21, ""discipline"": 6.0, ""possession"": 5.74, ""pressing"": null, ""progression"": 5.8}","[""AGGREGATE_SOURCE_NO_TRUE_ACTION_QUALITY"", ""PROGRESSION_PROXY_ONLY"", ""PRESSING_UNAVAILABLE""]",API_FOOTBALL_FIXTURES_PLAYERS,true,false,false,false,false
14681,759,Viking,2017-04-17T18:00:00+00:00,2026-09-26T08:36:03Z,94570,Claes Kronberg,D,90.0,7.07,HIGH,85.7,7.2,PBK_PLAYER_GRADE_V1,"{""attack"": 5.0, ""creation"": 5.12, ""defending"": 9.68, ""discipline"": 5.72, ""possession"": 4.1, ""pressing"": null, ""progression"": 5.84}","[""AGGREGATE_SOURCE_NO_TRUE_ACTION_QUALITY"", ""PROGRESSION_PROXY_ONLY"", ""PRESSING_UNAVAILABLE""]",API_FOOTBALL_FIXTURES_PLAYERS,true,false,false,false,false
14681,759,Viking,2017-04-17T18:00:00+00:00,2026-09-26T08:36:03Z,94685,Stian Michalsen,F,14.0,6.97,LOW,85.7,6.5,PBK_PLAYER_GRADE_V1,"{""attack"": 8.54, ""creation"": 5.0, ""defending"": 10.0, ""discipline"": 6.0, ""possession"": 6.48, ""pressing"": null, ""progression"": 5.9}","[""AGGREGATE_SOURCE_NO_TRUE_ACTION_QUALITY"", ""PROGRESSION_PROXY_ONLY"", ""PRESSING_UNAVAILABLE""]",API_FOOTBALL_FIXTURES_PLAYERS,true,false,false,false,false
14682,321,Lillestrom,2017-04-17T16:00:00+00:00,2026-09-26T08:36:03Z,15527,Shikoze Udoji,F,45.0,4.99,MEDIUM,85.7,6.4,PBK_PLAYER_GRADE_V1,"{""attack"": 5.0, ""creation"": 5.0, ""defending"": 3.61, ""discipline"": 5.44, ""possession"": 4.1, ""pressing"": null, ""progression"": 5.84}","[""AGGREGATE_SOURCE_NO_TRUE_ACTION_QUALITY"", ""PROGRESSION_PROXY_ONLY"", ""PRESSING_UNAVAILABLE""]",API_FOOTBALL_FIXTURES_PLAYERS,true,false,false,false,false
14682,321,Lillestrom,2017-04-17T16:00:00+00:00,2026-09-26T08:36:03Z,39052,Erling Knudtzon,F,86.0,5.39,HIGH,85.7,7.0,PBK_PLAYER_GRADE_V1,"{""attack"": 5.52, ""creation"": 7.16, ""defending"": 4.4, ""discipline"": 4.07, ""possession"": 2.43, ""pressing"": null, ""progression"": 5.74}","[""AGGREGATE_SOURCE_NO_TRUE_ACTION_QUALITY"", ""PROGRESSION_PROXY_ONLY"", ""PRESSING_UNAVAILABLE""]",API_FOOTBALL_FIXTURES_PLAYERS,true,false,false,false,false
14682,321,Lillestrom,2017-04-17T16:00:00+00:00,2026-09-26T08:36:03Z,39305,Mats Haakenstad,D,90.0,4.67,HIGH,85.7,6.1,PBK_PLAYER_GRADE_V1,"{""attack"": 5.5, ""creation"": 5.45, ""defending"": 4.92, ""discipline"": 5.44, ""possession"": 1.38, ""pressing"": null, ""progression"": 5.89}","[""AGGREGATE_SOURCE_NO_TRUE_ACTION_QUALITY"", ""PROGRESSION_PROXY_ONLY"", ""PRESSING_UNAVAILABLE""]",API_FOOTBALL_FIXTURES_PLAYERS,true,false,false,false,false
14682,321,Lillestrom,2017-04-17T16:00:00+00:00,2026-09-26T08:36:03Z,39306,Simen Kind Mikalsen,D,90.0,4.65,HIGH,85.7,6.3,PBK_PLAYER_GRADE_V1,"{""attack"": 5.0, ""creation"": 5.69, ""defending"": 5.38, ""discipline"": 5.44, ""possession"": 0.52, ""pressing"": null, ""progression"": 5.49}","[""AGGREGATE_SOURCE_NO_TRUE_ACTION_QUALITY"", ""PROGRESSION_PROXY_ONLY"", ""PRESSING_UNAVAILABLE""]",API_FOOTBALL_FIXTURES_PLAYERS,true,false,false,false,false
14682,321,Lillestrom,2017-04-17T16:00:00+00:00,2026-09-26T08:36:03Z,39307,Frode Kippe,D,45.0,5.65,MEDIUM,85.7,6.7,PBK_PLAYER_GRADE_V1,"{""attack"": 6.0, ""creation"": 5.0, ""defending"": 7.5, ""discipline"": 5.44, ""possession"": 0.23, ""pressing"": null, ""progression"": 6.28}","[""AGGREGATE_SOURCE_NO_TRUE_ACTION_QUALITY"", ""PROGRESSION_PROXY_ONLY"", ""PRESSING_UNAVAILABLE""]",API_FOOTBALL_FIXTURES_PLAYERS,true,false,false,false,false
14682,321,Lillestrom,2017-04-17T16:00:00+00:00,2026-09-26T08:36:03Z,39316,Fredrik Krogstad,M,90.0,5.77,HIGH,85.7,7.0,PBK_PLAYER_GRADE_V1,"{""attack"": 5.5, ""creation"": 5.69, ""defending"": 5.69, ""discipline"": 5.16, ""possession"": 5.49, ""pressing"": null, ""progression"": 6.52}","[""AGGREGATE_SOURCE_NO_TRUE_ACTION_QUALITY"", ""PROGRESSION_PROXY_ONLY"", ""PRESSING_UNAVAILABLE""]",API_FOOTBALL_FIXTURES_PLAYERS,true,false,false,false,false
14682,321,Lillestrom,2017-04-17T16:00:00+00:00,2026-09-26T08:36:03Z,39317,Aleksander Melgalvis,M,45.0,4.93,MEDIUM,85.7,7.1,PBK_PLAYER_GRADE_V1,"{""attack"": 5.5, ""creation"": 5.9, ""defending"": 8.8, ""discipline"": 5.44, ""possession"": 0.0, ""pressing"": null, ""progression"": 5.64}","[""AGGREGATE_SOURCE_NO_TRUE_ACTION_QUALITY"", ""PROGRESSION_PROXY_ONLY"", ""PRESSING_UNAVAILABLE""]",API_FOOTBALL_FIXTURES_PLAYERS,true,false,false,false,false
14682,321,Lillestrom,2017-04-17T16:00:00+00:00,2026-09-26T08:36:03Z,39318,Erik Brenden,M,4.0,6.55,LOW,85.7,6.2,PBK_PLAYER_GRADE_V1,"{""attack"": 10.0, ""creation"": 5.0, ""defending"": 0.83, ""discipline"": 6.0, ""possession"": 10.0, ""pressing"": null, ""progression"": 6.58}","[""AGGREGATE_SOURCE_NO_TRUE_ACTION_QUALITY"", ""PROGRESSION_PROXY_ONLY"", ""PRESSING_UNAVAILABLE""]",API_FOOTBALL_FIXTURES_PLAYERS,true,false,false,false,false
14682,321,Lillestrom,2017-04-17T16:00:00+00:00,2026-09-26T08:36:03Z,55568,Arnold Origi,G,90.0,6.18,HIGH,85.7,6.4,PBK_PLAYER_GRADE_V1,"{""attack"": 5.0, ""creation"": 5.0, ""defending"": 9.17, ""discipline"": 6.0, ""possession"": 0.0, ""pressing"": null, ""progression"": 5.42}","[""AGGREGATE_SOURCE_NO_TRUE_ACTION_QUALITY"", ""PROGRESSION_PROXY_ONLY"", ""PRESSING_UNAVAILABLE""]",API_FOOTBALL_FIXTURES_PLAYERS,true,false,false,false,false
14682,321,Lillestrom,2017-04-17T16:00:00+00:00,2026-09-26T08:36:03Z,61916,Matthew Ifeanyi,M,90.0,6.31,HIGH,85.7,7.0,PBK_PLAYER_GRADE_V1,"{""attack"": 6.05, ""creation"": 5.24, ""defending"": 5.82, ""discipline"": 5.72, ""possession"": 7.43, ""pressing"": null, ""progression"": 6.9}","[""AGGREGATE_SOURCE_NO_TRUE_ACTION_QUALITY"", ""PROGRESSION_PROXY_ONLY"", ""PRESSING_UNAVAILABLE""]",API_FOOTBALL_FIXTURES_PLAYERS,true,false,false,false,false
14682,321,Lillestrom,2017-04-17T16:00:00+00:00,2026-09-26T08:36:03Z,62290,Bajram Ajeti,F,45.0,5.42,MEDIUM,85.7,6.6,PBK_PLAYER_GRADE_V1,"{""attack"": 5.0, ""creation"": 5.9, ""defending"": 0.83, ""discipline"": 5.44, ""possession"": 7.57, ""pressing"": null, ""progression"": 5.56}","[""AGGREGATE_SOURCE_NO_TRUE_ACTION_QUALITY"", ""PROGRESSION_PROXY_ONLY"", ""PRESSING_UNAVAILABLE""]",API_FOOTBALL_FIXTURES_PLAYERS,true,false,false,false,false
14682,321,Lillestrom,2017-04-17T16:00:00+00:00,2026-09-26T08:36:03Z,66417,Michal Škoda,F,90.0,5.89,HIGH,85.7,7.0,PBK_PLAYER_GRADE_V1,"{""attack"": 6.5, ""creation"": 5.57, ""defending"": 5.91, ""discipline"": 5.44, ""possession"": 4.11, ""pressing"": null, ""progression"": 6.46}","[""AGGREGATE_SOURCE_NO_TRUE_ACTION_QUALITY"", ""PROGRESSION_PROXY_ONLY"", ""PRESSING_UNAVAILABLE""]",API_FOOTBALL_FIXTURES_PLAYERS,true,false,false,false,false
14682,321,Lillestrom,2017-04-17T16:00:00+00:00,2026-09-26T08:36:03Z,72375,Tomáš Malec,F,90.0,5.69,HIGH,85.7,7.2,PBK_PLAYER_GRADE_V1,"{""attack"": 6.75, ""creation"": 5.12, ""defending"": 4.78, ""discipline"": 5.16, ""possession"": 4.21, ""pressing"": null, ""progression"": 5.53}","[""AGGREGATE_SOURCE_NO_TRUE_ACTION_QUALITY"", ""PROGRESSION_PROXY_ONLY"", ""PRESSING_UNAVAILABLE""]",API_FOOTBALL_FIXTURES_PLAYERS,true,false,false,false,false
14682,321,Lillestrom,2017-04-17T16:00:00+00:00,2026-09-26T08:36:03Z,98613,Marius Amundsen,D,90.0,6.02,HIGH,85.7,7.0,PBK_PLAYER_GRADE_V1,"{""attack"": 5.25, ""creation"": 5.24, ""defending"": 7.04, ""discipline"": 3.88, ""possession"": 5.41, ""pressing"": null, ""progression"": 5.98}","[""AGGREGATE_SOURCE_NO_TRUE_ACTION_QUALITY"", ""PROGRESSION_PROXY_ONLY"", ""PRESSING_UNAVAILABLE""]",API_FOOTBALL_FIXTURES_PLAYERS,true,false,false,false,false
14682,757,Aalesund,2017-04-17T16:00:00+00:00,2026-09-26T08:36:03Z,11003,Edwin Gyasi,M,77.0,6.72,HIGH,85.7,7.5,PBK_PLAYER_GRADE_V1,"{""attack"": 5.29, ""creation"": 7.65, ""defending"": 4.5, ""discipline"": 5.67, ""possession"": 9.2, ""pressing"": null, ""progression"": 6.19}","[""AGGREGATE_SOURCE_NO_TRUE_ACTION_QUALITY"", ""PROGRESSION_PROXY_ONLY"", ""PRESSING_UNAVAILABLE""]",API_FOOTBALL_FIXTURES_PLAYERS,true,false,false,false,false
14682,757,Aalesund,2017-04-17T16:00:00+00:00,2026-09-26T08:36:03Z,37445,Lars Veldwijk,F,90.0,5.88,HIGH,85.7,7.1,PBK_PLAYER_GRADE_V1,"{""attack"": 7.3, ""creation"": 6.02, ""defending"": 3.61, ""discipline"": 5.72, ""possession"": 2.42, ""pressing"": null, ""progression"": 5.35}","[""AGGREGATE_SOURCE_NO_TRUE_ACTION_QUALITY"", ""PROGRESSION_PROXY_ONLY"", ""PRESSING_UNAVAILABLE""]",API_FOOTBALL_FIXTURES_PLAYERS,true,false,false,false,false
14682,757,Aalesund,2017-04-17T16:00:00+00:00,2026-09-26T08:36:03Z,39089,Vebjørn Hoff,M,90.0,5.56,HIGH,85.7,7.3,PBK_PLAYER_GRADE_V1,"{""attack"": 5.5, ""creation"": 5.36, ""defending"": 5.98, ""discipline"": 5.16, ""possession"": 5.14, ""pressing"": null, ""progression"": 6.03}","[""AGGREGATE_SOURCE_NO_TRUE_ACTION_QUALITY"", ""PROGRESSION_PROXY_ONLY"", ""PRESSING_UNAVAILABLE""]",API_FOOTBALL_FIXTURES_PLAYERS,true,false,false,false,false
14682,757,Aalesund,2017-04-17T16:00:00+00:00,2026-09-26T08:36:03Z,39344,Mostafa Abdellaoue,F,90.0,6.33,HIGH,85.7,8.3,PBK_PLAYER_GRADE_V1,"{""attack"": 7.55, ""creation"": 5.81, ""defending"": 4.17, ""discipline"": 5.44, ""possession"": 5.45, ""pressing"": null, ""progression"": 5.81}","[""AGGREGATE_SOURCE_NO_TRUE_ACTION_QUALITY"", ""PROGRESSION_PROXY_ONLY"", ""PRESSING_UNAVAILABLE""]",API_FOOTBALL_FIXTURES_PLAYERS,true,false,false,false,false
14682,757,Aalesund,2017-04-17T16:00:00+00:00,2026-09-26T08:36:03Z,40415,Mikkel Kirkeskov,D,90.0,5.75,HIGH,85.7,6.9,PBK_PLAYER_GRADE_V1,"{""attack"": 5.0, ""creation"": 5.57, ""defending"": 6.84, ""discipline"": 5.44, ""possession"": 3.27, ""pressing"": null, ""progression"": 5.84}","[""AGGREGATE_SOURCE_NO_TRUE_ACTION_QUALITY"", ""PROGRESSION_PROXY_ONLY"", ""PRESSING_UNAVAILABLE""]",API_FOOTBALL_FIXTURES_PLAYERS,true,false,false,false,false
14682,757,Aalesund,2017-04-17T16:00:00+00:00,2026-09-26T08:36:03Z,57137,Andreas Lie,G,90.0,6.52,HIGH,85.7,7.0,PBK_PLAYER_GRADE_V1,"{""attack"": 5.0, ""creation"": 5.24, ""defending"": 9.17, ""discipline"": 6.0, ""possession"": 1.52, ""pressing"": null, ""progression"": 5.74}","[""AGGREGATE_SOURCE_NO_TRUE_ACTION_QUALITY"", ""PROGRESSION_PROXY_ONLY"", ""PRESSING_UNAVAILABLE""]",API_FOOTBALL_FIXTURES_PLAYERS,true,false,false,false,false
14682,757,Aalesund,2017-04-17T16:00:00+00:00,2026-09-26T08:36:03Z,57141,Daniel Leo Gretarsson,D,90.0,5.92,HIGH,85.7,7.7,PBK_PLAYER_GRADE_V1,"{""attack"": 6.75, ""creation"": 6.02, ""defending"": 6.52, ""discipline"": 6.0, ""possession"": 3.73, ""pressing"": null, ""progression"": 6.02}","[""AGGREGATE_SOURCE_NO_TRUE_ACTION_QUALITY"", ""PROGRESSION_PROXY_ONLY"", ""PRESSING_UNAVAILABLE""]",API_FOOTBALL_FIXTURES_PLAYERS,true,false,false,false,false
14682,757,Aalesund,2017-04-17T16:00:00+00:00,2026-09-26T08:36:03Z,57145,Oddbjorn Lie,D,23.0,3.07,LOW,85.7,6.3,PBK_PLAYER_GRADE_V1,"{""attack"": 5.0, ""creation"": 5.0, ""defending"": 0.83, ""discipline"": 6.0, ""possession"": 2.79, ""pressing"": null, ""progression"": 5.41}","[""AGGREGATE_SOURCE_NO_TRUE_ACTION_QUALITY"", ""PROGRESSION_PROXY_ONLY"", ""PRESSING_UNAVAILABLE""]",API_FOOTBALL_FIXTURES_PLAYERS,true,false,false,false,false
14682,757,Aalesund,2017-04-17T16:00:00+00:00,2026-09-26T08:36:03Z,57148,Kaj Ramsteijn,D,90.0,6.58,HIGH,85.7,7.0,PBK_PLAYER_GRADE_V1,"{""attack"": 5.0, ""creation"": 5.48, ""defending"": 7.7, ""discipline"": 5.72, ""possession"": 5.5, ""pressing"": null, ""progression"": 6.4}","[""AGGREGATE_SOURCE_NO_TRUE_ACTION_QUALITY"", ""PROGRESSION_PROXY_ONLY"", ""PRESSING_UNAVAILABLE""]",API_FOOTBALL_FIXTURES_PLAYERS,true,false,false,false,false
14682,757,Aalesund,2017-04-17T16:00:00+00:00,2026-09-26T08:36:03Z,57151,Fredrik Carlsen,M,67.0,6.74,HIGH,85.7,7.2,PBK_PLAYER_GRADE_V1,"{""attack"": 5.67, ""creation"": 7.16, ""defending"": 8.15, ""discipline"": 5.62, ""possession"": 6.14, ""pressing"": null, ""progression"": 7.08}","[""AGGREGATE_SOURCE_NO_TRUE_ACTION_QUALITY"", ""PROGRESSION_PROXY_ONLY"", ""PRESSING_UNAVAILABLE""]",API_FOOTBALL_FIXTURES_PLAYERS,true,false,false,false,false
14682,757,Aalesund,2017-04-17T16:00:00+00:00,2026-09-26T08:36:03Z,57157,Aron Elis Thrandarson,M,74.0,5.7,HIGH,85.7,6.4,PBK_PLAYER_GRADE_V1,"{""attack"": 6.28, ""creation"": 7.36, ""defending"": 4.04, ""discipline"": 5.66, ""possession"": 4.53, ""pressing"": null, ""progression"": 5.95}","[""AGGREGATE_SOURCE_NO_TRUE_ACTION_QUALITY"", ""PROGRESSION_PROXY_ONLY"", ""PRESSING_UNAVAILABLE""]",API_FOOTBALL_FIXTURES_PLAYERS,true,false,false,false,false
14682,757,Aalesund,2017-04-17T16:00:00+00:00,2026-09-26T08:36:03Z,57159,Sondre Fet,M,16.0,4.87,LOW,85.7,6.1,PBK_PLAYER_GRADE_V1,"{""attack"": 6.41, ""creation"": 5.0, ""defending"": 2.5, ""discipline"": 4.42, ""possession"": 3.78, ""pressing"": null, ""progression"": 6.41}","[""AGGREGATE_SOURCE_NO_TRUE_ACTION_QUALITY"", ""PROGRESSION_PROXY_ONLY"", ""PRESSING_UNAVAILABLE""]",API_FOOTBALL_FIXTURES_PLAYERS,true,false,false,false,false
14682,757,Aalesund,2017-04-17T16:00:00+00:00,2026-09-26T08:36:03Z,89715,Valmir Berisha,F,13.0,4.49,LOW,85.7,6.5,PBK_PLAYER_GRADE_V1,"{""attack"": 5.0, ""creation"": 5.0, ""defending"": 3.61, ""discipline"": 6.0, ""possession"": 0.0, ""pressing"": null, ""progression"": 5.24}","[""AGGREGATE_SOURCE_NO_TRUE_ACTION_QUALITY"", ""PROGRESSION_PROXY_ONLY"", ""PRESSING_UNAVAILABLE""]",API_FOOTBALL_FIXTURES_PLAYERS,true,false,false,false,false
14682,757,Aalesund,2017-04-17T16:00:00+00:00,2026-09-26T08:36:03Z,94580,Bjorn Helge Riise,M,90.0,5.69,HIGH,85.7,6.5,PBK_PLAYER_GRADE_V1,"{""attack"": 5.0, ""creation"": 5.24, ""defending"": 5.0, ""discipline"": 6.0, ""possession"": 6.44, ""pressing"": null, ""progression"": 6.08}","[""AGGREGATE_SOURCE_NO_TRUE_ACTION_QUALITY"", ""PROGRESSION_PROXY_ONLY"", ""PRESSING_UNAVAILABLE""]",API_FOOTBALL_FIXTURES_PLAYERS,true,false,false,false,false
14683,319,Brann,2017-04-17T16:00:00+00:00,2026-09-26T08:36:03Z,15644,Sivert Nilsen,M,90.0,5.96,HIGH,85.7,8.0,PBK_PLAYER_GRADE_V1,"{""attack"": 7.0, ""creation"": 5.48, ""defending"": 7.21, ""discipline"": 5.44, ""possession"": 4.8, ""pressing"": null, ""progression"": 6.3}","[""AGGREGATE_SOURCE_NO_TRUE_ACTION_QUALITY"", ""PROGRESSION_PROXY_ONLY"", ""PRESSING_UNAVAILABLE""]",API_FOOTBALL_FIXTURES_PLAYERS,true,false,false,false,false
14683,319,Brann,2017-04-17T16:00:00+00:00,2026-09-26T08:36:03Z,39097,Torgeir Borven,F,85.0,6.51,HIGH,85.7,8.3,PBK_PLAYER_GRADE_V1,"{""attack"": 8.71, ""creation"": 5.95, ""defending"": 5.0, ""discipline"": 5.7, ""possession"": 2.88, ""pressing"": null, ""progression"": 5.3}","[""AGGREGATE_SOURCE_NO_TRUE_ACTION_QUALITY"", ""PROGRESSION_PROXY_ONLY"", ""PRESSING_UNAVAILABLE""]",API_FOOTBALL_FIXTURES_PLAYERS,true,false,false,false,false
14683,319,Brann,2017-04-17T16:00:00+00:00,2026-09-26T08:36:03Z,39124,Deyver Vega,F,23.0,6.98,LOW,85.7,7.3,PBK_PLAYER_GRADE_V1,"{""attack"": 7.15, ""creation"": 7.23, ""defending"": 7.08, ""discipline"": 3.81, ""possession"": 9.75, ""pressing"": null, ""progression"": 5.82}","[""AGGREGATE_SOURCE_NO_TRUE_ACTION_QUALITY"", ""PROGRESSION_PROXY_ONLY"", ""PRESSING_UNAVAILABLE""]",API_FOOTBALL_FIXTURES_PLAYERS,true,false,false,false,false
14683,319,Brann,2017-04-17T16:00:00+00:00,2026-09-26T08:36:03Z,39205,Bismar Acosta,D,90.0,4.77,HIGH,85.7,6.7,PBK_PLAYER_GRADE_V1,"{""attack"": 5.25, ""creation"": 5.0, ""defending"": 3.99, ""discipline"": 4.72, ""possession"": 5.03, ""pressing"": null, ""progression"": 6.16}","[""AGGREGATE_SOURCE_NO_TRUE_ACTION_QUALITY"", ""PROGRESSION_PROXY_ONLY"", ""PRESSING_UNAVAILABLE""]",API_FOOTBALL_FIXTURES_PLAYERS,true,false,false,false,false
14683,319,Brann,2017-04-17T16:00:00+00:00,2026-09-26T08:36:03Z,39209,Ruben Kristiansen,D,90.0,6.31,HIGH,85.7,7.0,PBK_PLAYER_GRADE_V1,"{""attack"": 5.0, ""creation"": 5.0, ""defending"": 7.15, ""discipline"": 5.72, ""possession"": 5.92, ""pressing"": null, ""progression"": 6.05}","[""AGGREGATE_SOURCE_NO_TRUE_ACTION_QUALITY"", ""PROGRESSION_PROXY_ONLY"", ""PRESSING_UNAVAILABLE""]",API_FOOTBALL_FIXTURES_PLAYERS,true,false,false,false,false
14683,319,Brann,2017-04-17T16:00:00+00:00,2026-09-26T08:36:03Z,39212,Vito Wormgoor,D,90.0,6.63,HIGH,85.7,7.1,PBK_PLAYER_GRADE_V1,"{""attack"": 5.25, ""creation"": 5.12, ""defending"": 7.5, ""discipline"": 5.72, ""possession"": 6.4, ""pressing"": null, ""progression"": 6.44}","[""AGGREGATE_SOURCE_NO_TRUE_ACTION_QUALITY"", ""PROGRESSION_PROXY_ONLY"", ""PRESSING_UNAVAILABLE""]",API_FOOTBALL_FIXTURES_PLAYERS,true,false,false,false,false
14683,319,Brann,2017-04-17T16:00:00+00:00,2026-09-26T08:36:03Z,39213,Kristoffer Barmen,M,90.0,5.73,HIGH,85.7,7.0,PBK_PLAYER_GRADE_V1,"{""attack"": 5.0, ""creation"": 6.26, ""defending"": 6.37, ""discipline"": 5.44, ""possession"": 5.03, ""pressing"": null, ""progression"": 5.98}","[""AGGREGATE_SOURCE_NO_TRUE_ACTION_QUALITY"", ""PROGRESSION_PROXY_ONLY"", ""PRESSING_UNAVAILABLE""]",API_FOOTBALL_FIXTURES_PLAYERS,true,false,false,false,false
14683,319,Brann,2017-04-17T16:00:00+00:00,2026-09-26T08:36:03Z,39214,Fredrik Haugen,M,76.0,5.34,HIGH,85.7,8.0,PBK_PLAYER_GRADE_V1,"{""attack"": 5.3, ""creation"": 9.29, ""defending"": 5.07, ""discipline"": 5.34, ""possession"": 1.19, ""pressing"": null, ""progression"": 5.71}","[""AGGREGATE_SOURCE_NO_TRUE_ACTION_QUALITY"", ""PROGRESSION_PROXY_ONLY"", ""PRESSING_UNAVAILABLE""]",API_FOOTBALL_FIXTURES_PLAYERS,true,false,false,false,false
14683,319,Brann,2017-04-17T16:00:00+00:00,2026-09-26T08:36:03Z,39221,Azar Karadas,F,5.0,6.28,LOW,85.7,6.6,PBK_PLAYER_GRADE_V1,"{""attack"": 5.0, ""creation"": 5.0, ""defending"": 9.17, ""discipline"": 6.0, ""possession"": 10.0, ""pressing"": null, ""progression"": 8.15}","[""AGGREGATE_SOURCE_NO_TRUE_ACTION_QUALITY"", ""PROGRESSION_PROXY_ONLY"", ""PRESSING_UNAVAILABLE""]",API_FOOTBALL_FIXTURES_PLAYERS,true,false,false,false,false
14683,319,Brann,2017-04-17T16:00:00+00:00,2026-09-26T08:36:03Z,39225,Gilli Sørensen,F,67.0,4.56,HIGH,85.7,6.7,PBK_PLAYER_GRADE_V1,"{""attack"": 5.0, ""creation"": 5.0, ""defending"": 5.83, ""discipline"": 5.62, ""possession"": 0.0, ""pressing"": null, ""progression"": 5.28}","[""AGGREGATE_SOURCE_NO_TRUE_ACTION_QUALITY"", ""PROGRESSION_PROXY_ONLY"", ""PRESSING_UNAVAILABLE""]",API_FOOTBALL_FIXTURES_PLAYERS,true,false,false,false,false
14683,319,Brann,2017-04-17T16:00:00+00:00,2026-09-26T08:36:03Z,39298,Daniel Braaten,F,90.0,7.11,HIGH,85.7,8.6,PBK_PLAYER_GRADE_V1,"{""attack"": 6.85, ""creation"": 9.33, ""defending"": 4.77, ""discipline"": 4.32, ""possession"": 7.72, ""pressing"": null, ""progression"": 6.31}","[""AGGREGATE_SOURCE_NO_TRUE_ACTION_QUALITY"", ""PROGRESSION_PROXY_ONLY"", ""PRESSING_UNAVAILABLE""]",API_FOOTBALL_FIXTURES_PLAYERS,true,false,false,false,false
14683,319,Brann,2017-04-17T16:00:00+00:00,2026-09-26T08:36:03Z,40519,Piotr Leciejewski,G,90.0,4.66,HIGH,85.7,6.4,PBK_PLAYER_GRADE_V1,"{""attack"": 5.0, ""creation"": 5.0, ""defending"": 5.0, ""discipline"": 6.0, ""possession"": 1.94, ""pressing"": null, ""progression"": 5.38}","[""AGGREGATE_SOURCE_NO_TRUE_ACTION_QUALITY"", ""PROGRESSION_PROXY_ONLY"", ""PRESSING_UNAVAILABLE""]",API_FOOTBALL_FIXTURES_PLAYERS,true,false,false,false,false
14683,319,Brann,2017-04-17T16:00:00+00:00,2026-09-26T08:36:03Z,57256,Kasper Skaanes,M,14.0,5.11,LOW,85.7,6.0,PBK_PLAYER_GRADE_V1,"{""attack"": 5.0, ""creation"": 5.0, ""defending"": 0.83, ""discipline"": 6.0, ""possession"": 5.79, ""pressing"": null, ""progression"": 6.8}","[""AGGREGATE_SOURCE_NO_TRUE_ACTION_QUALITY"", ""PROGRESSION_PROXY_ONLY"", ""PRESSING_UNAVAILABLE""]",API_FOOTBALL_FIXTURES_PLAYERS,true,false,false,false,false
14683,319,Brann,2017-04-17T16:00:00+00:00,2026-09-26T08:36:03Z,8699,Amin Nouri,D,90.0,6.26,HIGH,85.7,6.7,PBK_PLAYER_GRADE_V1,"{""attack"": 5.25, ""creation"": 5.69, ""defending"": 6.59, ""discipline"": 6.0, ""possession"": 6.25, ""pressing"": null, ""progression"": 6.23}","[""AGGREGATE_SOURCE_NO_TRUE_ACTION_QUALITY"", ""PROGRESSION_PROXY_ONLY"", ""PRESSING_UNAVAILABLE""]",API_FOOTBALL_FIXTURES_PLAYERS,true,false,false,false,false
14683,328,Haugesund,2017-04-17T16:00:00+00:00,2026-09-26T08:36:03Z,16068,Frederik Gytkjaer,F,83.0,5.52,HIGH,85.7,6.5,PBK_PLAYER_GRADE_V1,"{""attack"": 5.0, ""creation"": 6.97, ""defending"": 2.92, ""discipline"": 5.7, ""possession"": 5.13, ""pressing"": null, ""progression"": 5.65}","[""AGGREGATE_SOURCE_NO_TRUE_ACTION_QUALITY"", ""PROGRESSION_PROXY_ONLY"", ""PRESSING_UNAVAILABLE""]",API_FOOTBALL_FIXTURES_PLAYERS,true,false,false,false,false
14683,328,Haugesund,2017-04-17T16:00:00+00:00,2026-09-26T08:36:03Z,39039,Kristoffer Haraldseid,D,90.0,4.93,HIGH,85.7,6.6,PBK_PLAYER_GRADE_V1,"{""attack"": 5.0, ""creation"": 5.12, ""defending"": 3.99, ""discipline"": 5.72, ""possession"": 5.67, ""pressing"": null, ""progression"": 5.95}","[""AGGREGATE_SOURCE_NO_TRUE_ACTION_QUALITY"", ""PROGRESSION_PROXY_ONLY"", ""PRESSING_UNAVAILABLE""]",API_FOOTBALL_FIXTURES_PLAYERS,true,false,false,false,false
14683,328,Haugesund,2017-04-17T16:00:00+00:00,2026-09-26T08:36:03Z,39232,Fredrik Knudsen,D,90.0,5.99,HIGH,85.7,6.7,PBK_PLAYER_GRADE_V1,"{""attack"": 5.0, ""creation"": 5.12, ""defending"": 5.76, ""discipline"": 6.0, ""possession"": 7.72, ""pressing"": null, ""progression"": 5.77}","[""AGGREGATE_SOURCE_NO_TRUE_ACTION_QUALITY"", ""PROGRESSION_PROXY_ONLY"", ""PRESSING_UNAVAILABLE""]",API_FOOTBALL_FIXTURES_PLAYERS,true,false,false,false,false
14683,328,Haugesund,2017-04-17T16:00:00+00:00,2026-09-26T08:36:03Z,39242,Alexander Stolaas,D,90.0,5.91,HIGH,85.7,6.4,PBK_PLAYER_GRADE_V1,"{""attack"": 5.75, ""creation"": 6.26, ""defending"": 7.18, ""discipline"": 5.16, ""possession"": 2.59, ""pressing"": null, ""progression"": 6.13}","[""AGGREGATE_SOURCE_NO_TRUE_ACTION_QUALITY"", ""PROGRESSION_PROXY_ONLY"", ""PRESSING_UNAVAILABLE""]",API_FOOTBALL_FIXTURES_PLAYERS,true,false,false,false,false
14683,328,Haugesund,2017-04-17T16:00:00+00:00,2026-09-26T08:36:03Z,39243,Sondre Trondstad,M,90.0,6.05,HIGH,85.7,7.0,PBK_PLAYER_GRADE_V1,"{""attack"": 5.25, ""creation"": 5.0, ""defending"": 7.91, ""discipline"": 6.0, ""possession"": 5.9, ""pressing"": null, ""progression"": 6.44}","[""AGGREGATE_SOURCE_NO_TRUE_ACTION_QUALITY"", ""PROGRESSION_PROXY_ONLY"", ""PRESSING_UNAVAILABLE""]",API_FOOTBALL_FIXTURES_PLAYERS,true,false,false,false,false
14683,328,Haugesund,2017-04-17T16:00:00+00:00,2026-09-26T08:36:03Z,44580,Filip Kiss,M,90.0,5.19,HIGH,85.7,7.0,PBK_PLAYER_GRADE_V1,"{""attack"": 5.25, ""creation"": 5.81, ""defending"": 6.52, ""discipline"": 3.88, ""possession"": 3.06, ""pressing"": null, ""progression"": 6.2}","[""AGGREGATE_SOURCE_NO_TRUE_ACTION_QUALITY"", ""PROGRESSION_PROXY_ONLY"", ""PRESSING_UNAVAILABLE""]",API_FOOTBALL_FIXTURES_PLAYERS,true,false,false,false,false
14683,328,Haugesund,2017-04-17T16:00:00+00:00,2026-09-26T08:36:03Z,48034,Per Kristian Bratveit,G,90.0,4.28,HIGH,85.7,6.3,PBK_PLAYER_GRADE_V1,"{""attack"": 5.0, ""creation"": 5.0, ""defending"": 5.0, ""discipline"": 6.0, ""possession"": 0.0, ""pressing"": null, ""progression"": 5.25}","[""AGGREGATE_SOURCE_NO_TRUE_ACTION_QUALITY"", ""PROGRESSION_PROXY_ONLY"", ""PRESSING_UNAVAILABLE""]",API_FOOTBALL_FIXTURES_PLAYERS,true,false,false,false,false
14683,328,Haugesund,2017-04-17T16:00:00+00:00,2026-09-26T08:36:03Z,57350,Johnny Per Buduson,F,7.0,5.65,LOW,85.7,6.5,PBK_PLAYER_GRADE_V1,"{""attack"": 5.0, ""creation"": 5.0, ""defending"": 0.83, ""discipline"": 6.0, ""possession"": 10.0, ""pressing"": null, ""progression"": 6.35}","[""AGGREGATE_SOURCE_NO_TRUE_ACTION_QUALITY"", ""PROGRESSION_PROXY_ONLY"", ""PRESSING_UNAVAILABLE""]",API_FOOTBALL_FIXTURES_PLAYERS,true,false,false,false,false
14683,328,Haugesund,2017-04-17T16:00:00+00:00,2026-09-26T08:36:03Z,94581,Shuaibu Lalle Ibrahim,F,90.0,4.79,HIGH,85.7,6.5,PBK_PLAYER_GRADE_V1,"{""attack"": 5.55, ""creation"": 5.36, ""defending"": 3.96, ""discipline"": 4.6, ""possession"": 1.01, ""pressing"": null, ""progression"": 5.25}","[""AGGREGATE_SOURCE_NO_TRUE_ACTION_QUALITY"", ""PROGRESSION_PROXY_ONLY"", ""PRESSING_UNAVAILABLE""]",API_FOOTBALL_FIXTURES_PLAYERS,true,false,false,false,false
14683,328,Haugesund,2017-04-17T16:00:00+00:00,2026-09-26T08:36:03Z,94593,Erik Huseklepp,M,69.0,4.77,HIGH,85.7,6.1,PBK_PLAYER_GRADE_V1,"{""attack"": 5.0, ""creation"": 5.0, ""defending"": 3.0, ""discipline"": 6.0, ""possession"": 4.29, ""pressing"": null, ""progression"": 5.41}","[""AGGREGATE_SOURCE_NO_TRUE_ACTION_QUALITY"", ""PROGRESSION_PROXY_ONLY"", ""PRESSING_UNAVAILABLE""]",API_FOOTBALL_FIXTURES_PLAYERS,true,false,false,false,false
14683,328,Haugesund,2017-04-17T16:00:00+00:00,2026-09-26T08:36:03Z,98608,Vegard Skjerve,D,90.0,5.2,HIGH,85.7,6.2,PBK_PLAYER_GRADE_V1,"{""attack"": 5.0, ""creation"": 5.24, ""defending"": 4.72, ""discipline"": 6.0, ""possession"": 5.29, ""pressing"": null, ""progression"": 5.88}","[""AGGREGATE_SOURCE_NO_TRUE_ACTION_QUALITY"", ""PROGRESSION_PROXY_ONLY"", ""PRESSING_UNAVAILABLE""]",API_FOOTBALL_FIXTURES_PLAYERS,true,false,false,false,false
14683,328,Haugesund,2017-04-17T16:00:00+00:00,2026-09-26T08:36:03Z,99580,Tor Arne Andreassen,M,21.0,4.07,LOW,85.7,6.3,PBK_PLAYER_GRADE_V1,"{""attack"": 5.0, ""creation"": 5.0, ""defending"": 2.46, ""discipline"": 4.8, ""possession"": 1.37, ""pressing"": null, ""progression"": 5.75}","[""AGGREGATE_SOURCE_NO_TRUE_ACTION_QUALITY"", ""PROGRESSION_PROXY_ONLY"", ""PRESSING_UNAVAILABLE""]",API_FOOTBALL_FIXTURES_PLAYERS,true,false,false,false,false
14683,328,Haugesund,2017-04-17T16:00:00+00:00,2026-09-26T08:36:03Z,99582,Liban Abdi,M,90.0,5.76,HIGH,85.7,7.2,PBK_PLAYER_GRADE_V1,"{""attack"": 8.25, ""creation"": 5.48, ""defending"": 5.91, ""discipline"": 5.44, ""possession"": 3.66, ""pressing"": null, ""progression"": 6.54}","[""AGGREGATE_SOURCE_NO_TRUE_ACTION_QUALITY"", ""PROGRESSION_PROXY_ONLY"", ""PRESSING_UNAVAILABLE""]",API_FOOTBALL_FIXTURES_PLAYERS,true,false,false,false,false
14684,326,Valerenga,2017-04-17T16:00:00+00:00,2026-09-26T08:36:03Z,15297,Ghayas Zahid,M,90.0,7.58,HIGH,85.7,7.4,PBK_PLAYER_GRADE_V1,"{""attack"": 6.55, ""creation"": 5.69, ""defending"": 8.22, ""discipline"": 5.72, ""possession"": 9.87, ""pressing"": null, ""progression"": 8.1}","[""AGGREGATE_SOURCE_NO_TRUE_ACTION_QUALITY"", ""PROGRESSION_PROXY_ONLY"", ""PRESSING_UNAVAILABLE""]",API_FOOTBALL_FIXTURES_PLAYERS,true,false,false,false,false
14684,326,Valerenga,2017-04-17T16:00:00+00:00,2026-09-26T08:36:03Z,15441,Abdisalam Ibrahim,M,57.0,5.76,MEDIUM,85.7,7.1,PBK_PLAYER_GRADE_V1,"{""attack"": 5.0, ""creation"": 6.42, ""defending"": 6.39, ""discipline"": 6.0, ""possession"": 4.84, ""pressing"": null, ""progression"": 5.94}","[""AGGREGATE_SOURCE_NO_TRUE_ACTION_QUALITY"", ""PROGRESSION_PROXY_ONLY"", ""PRESSING_UNAVAILABLE""]",API_FOOTBALL_FIXTURES_PLAYERS,true,false,false,false,false
14684,326,Valerenga,2017-04-17T16:00:00+00:00,2026-09-26T08:36:03Z,39110,Markus Nakkim,D,90.0,7.83,HIGH,85.7,6.9,PBK_PLAYER_GRADE_V1,"{""attack"": 5.0, ""creation"": 5.0, ""defending"": 9.5, ""discipline"": 6.0, ""possession"": 7.77, ""pressing"": null, ""progression"": 7.24}","[""AGGREGATE_SOURCE_NO_TRUE_ACTION_QUALITY"", ""PROGRESSION_PROXY_ONLY"", ""PRESSING_UNAVAILABLE""]",API_FOOTBALL_FIXTURES_PLAYERS,true,false,false,false,false
14684,326,Valerenga,2017-04-17T16:00:00+00:00,2026-09-26T08:36:03Z,39111,Ivan Nasberg,D,90.0,4.5,HIGH,85.7,5.6,PBK_PLAYER_GRADE_V1,"{""attack"": 5.0, ""creation"": 5.0, ""defending"": 2.35, ""discipline"": 3.6, ""possession"": 7.59, ""pressing"": null, ""progression"": 7.0}","[""AGGREGATE_SOURCE_NO_TRUE_ACTION_QUALITY"", ""PROGRESSION_PROXY_ONLY"", ""PRESSING_UNAVAILABLE""]",API_FOOTBALL_FIXTURES_PLAYERS,true,false,false,false,false
14684,326,Valerenga,2017-04-17T16:00:00+00:00,2026-09-26T08:36:03Z,39117,Magnus Lekven,M,79.0,6.89,HIGH,85.7,7.0,PBK_PLAYER_GRADE_V1,"{""attack"": 5.0, ""creation"": 5.51, ""defending"": 5.0, ""discipline"": 5.68, ""possession"": 9.34, ""pressing"": null, ""progression"": 8.51}","[""AGGREGATE_SOURCE_NO_TRUE_ACTION_QUALITY"", ""PROGRESSION_PROXY_ONLY"", ""PRESSING_UNAVAILABLE""]",API_FOOTBALL_FIXTURES_PLAYERS,true,false,false,false,false
14684,326,Valerenga,2017-04-17T16:00:00+00:00,2026-09-26T08:36:03Z,39122,Bard Finne,M,64.0,4.72,MEDIUM,85.7,6.2,PBK_PLAYER_GRADE_V1,"{""attack"": 5.0, ""creation"": 6.43, ""defending"": 3.61, ""discipline"": 6.0, ""possession"": 2.15, ""pressing"": null, ""progression"": 5.44}","[""AGGREGATE_SOURCE_NO_TRUE_ACTION_QUALITY"", ""PROGRESSION_PROXY_ONLY"", ""PRESSING_UNAVAILABLE""]",API_FOOTBALL_FIXTURES_PLAYERS,true,false,false,false,false
14684,326,Valerenga,2017-04-17T16:00:00+00:00,2026-09-26T08:36:03Z,39222,Henrik Kjelsrud Johansen,F,90.0,5.08,HIGH,85.7,6.7,PBK_PLAYER_GRADE_V1,"{""attack"": 5.55, ""creation"": 5.12, ""defending"": 4.62, ""discipline"": 5.72, ""possession"": 2.96, ""pressing"": null, ""progression"": 5.17}","[""AGGREGATE_SOURCE_NO_TRUE_ACTION_QUALITY"", ""PROGRESSION_PROXY_ONLY"", ""PRESSING_UNAVAILABLE""]",API_FOOTBALL_FIXTURES_PLAYERS,true,false,false,false,false
14684,326,Valerenga,2017-04-17T16:00:00+00:00,2026-09-26T08:36:03Z,39235,Christian Grindheim,F,90.0,5.84,HIGH,85.7,6.5,PBK_PLAYER_GRADE_V1,"{""attack"": 5.0, ""creation"": 5.45, ""defending"": 4.34, ""discipline"": 5.72, ""possession"": 8.88, ""pressing"": null, ""progression"": 6.93}","[""AGGREGATE_SOURCE_NO_TRUE_ACTION_QUALITY"", ""PROGRESSION_PROXY_ONLY"", ""PRESSING_UNAVAILABLE""]",API_FOOTBALL_FIXTURES_PLAYERS,true,false,false,false,false
14684,326,Valerenga,2017-04-17T16:00:00+00:00,2026-09-26T08:36:03Z,39276,Marcus Sandberg,G,90.0,4.51,HIGH,85.7,6.1,PBK_PLAYER_GRADE_V1,"{""attack"": 5.0, ""creation"": 5.0, ""defending"": 5.0, ""discipline"": 6.0, ""possession"": 1.11, ""pressing"": null, ""progression"": 5.38}","[""AGGREGATE_SOURCE_NO_TRUE_ACTION_QUALITY"", ""PROGRESSION_PROXY_ONLY"", ""PRESSING_UNAVAILABLE""]",API_FOOTBALL_FIXTURES_PLAYERS,true,false,false,false,false
14684,326,Valerenga,2017-04-17T16:00:00+00:00,2026-09-26T08:36:03Z,39340,Herman Stengel,M,11.0,6.93,LOW,85.7,6.6,PBK_PLAYER_GRADE_V1,"{""attack"": 5.0, ""creation"": 5.0, ""defending"": 5.0, ""discipline"": 6.0, ""possession"": 10.0, ""pressing"": null, ""progression"": 8.44}","[""AGGREGATE_SOURCE_NO_TRUE_ACTION_QUALITY"", ""PROGRESSION_PROXY_ONLY"", ""PRESSING_UNAVAILABLE""]",API_FOOTBALL_FIXTURES_PLAYERS,true,false,false,false,false
14684,326,Valerenga,2017-04-17T16:00:00+00:00,2026-09-26T08:36:03Z,39367,Daniel Berntsen,F,26.0,5.3,LOW,85.7,6.5,PBK_PLAYER_GRADE_V1,"{""attack"": 5.0, ""creation"": 5.42, ""defending"": 6.32, ""discipline"": 1.57, ""possession"": 7.45, ""pressing"": null, ""progression"": 6.33}","[""AGGREGATE_SOURCE_NO_TRUE_ACTION_QUALITY"", ""PROGRESSION_PROXY_ONLY"", ""PRESSING_UNAVAILABLE""]",API_FOOTBALL_FIXTURES_PLAYERS,true,false,false,false,false
14684,326,Valerenga,2017-04-17T16:00:00+00:00,2026-09-26T08:36:03Z,48141,Robert Lundstrom,D,90.0,4.16,HIGH,85.7,5.8,PBK_PLAYER_GRADE_V1,"{""attack"": 5.0, ""creation"": 5.9, ""defending"": 0.83, ""discipline"": 6.0, ""possession"": 8.07, ""pressing"": null, ""progression"": 6.5}","[""AGGREGATE_SOURCE_NO_TRUE_ACTION_QUALITY"", ""PROGRESSION_PROXY_ONLY"", ""PRESSING_UNAVAILABLE""]",API_FOOTBALL_FIXTURES_PLAYERS,true,false,false,false,false
14684,326,Valerenga,2017-04-17T16:00:00+00:00,2026-09-26T08:36:03Z,57203,Magnus Grødem,M,33.0,4.95,LOW,85.7,6.8,PBK_PLAYER_GRADE_V1,"{""attack"": 7.18, ""creation"": 5.0, ""defending"": 6.04, ""discipline"": 6.0, ""possession"": 1.17, ""pressing"": null, ""progression"": 5.97}","[""AGGREGATE_SOURCE_NO_TRUE_ACTION_QUALITY"", ""PROGRESSION_PROXY_ONLY"", ""PRESSING_UNAVAILABLE""]",API_FOOTBALL_FIXTURES_PLAYERS,true,false,false,false,false
14684,326,Valerenga,2017-04-17T16:00:00+00:00,2026-09-26T08:36:03Z,8448,Simen Juklerød,D,90.0,6.65,HIGH,85.7,6.0,PBK_PLAYER_GRADE_V1,"{""attack"": 5.25, ""creation"": 5.12, ""defending"": 6.77, ""discipline"": 6.0, ""possession"": 7.96, ""pressing"": null, ""progression"": 6.75}","[""AGGREGATE_SOURCE_NO_TRUE_ACTION_QUALITY"", ""PROGRESSION_PROXY_ONLY"", ""PRESSING_UNAVAILABLE""]",API_FOOTBALL_FIXTURES_PLAYERS,true,false,false,false,false
14684,329,Molde,2017-04-17T16:00:00+00:00,2026-09-26T08:36:03Z,2796,Björn Sigurðarson,F,90.0,6.88,HIGH,85.7,8.7,PBK_PLAYER_GRADE_V1,"{""attack"": 7.0, ""creation"": 7.63, ""defending"": 8.33, ""discipline"": 6.0, ""possession"": 6.01, ""pressing"": null, ""progression"": 6.12}","[""AGGREGATE_SOURCE_NO_TRUE_ACTION_QUALITY"", ""PROGRESSION_PROXY_ONLY"", ""PRESSING_UNAVAILABLE""]",API_FOOTBALL_FIXTURES_PLAYERS,true,false,false,false,false
14684,329,Molde,2017-04-17T16:00:00+00:00,2026-09-26T08:36:03Z,39034,Andreas Linde,G,90.0,6.86,HIGH,85.7,7.4,PBK_PLAYER_GRADE_V1,"{""attack"": 5.0, ""creation"": 5.0, ""defending"": 9.17, ""discipline"": 6.0, ""possession"": 3.57, ""pressing"": null, ""progression"": 5.56}","[""AGGREGATE_SOURCE_NO_TRUE_ACTION_QUALITY"", ""PROGRESSION_PROXY_ONLY"", ""PRESSING_UNAVAILABLE""]",API_FOOTBALL_FIXTURES_PLAYERS,true,false,false,false,false
14684,329,Molde,2017-04-17T16:00:00+00:00,2026-09-26T08:36:03Z,39038,Ruben Gabrielsen,D,90.0,6.46,HIGH,85.7,7.8,PBK_PLAYER_GRADE_V1,"{""attack"": 5.55, ""creation"": 6.7, ""defending"": 7.88, ""discipline"": 6.0, ""possession"": 3.91, ""pressing"": null, ""progression"": 5.8}","[""AGGREGATE_SOURCE_NO_TRUE_ACTION_QUALITY"", ""PROGRESSION_PROXY_ONLY"", ""PRESSING_UNAVAILABLE""]",API_FOOTBALL_FIXTURES_PLAYERS,true,false,false,false,false
14684,329,Molde,2017-04-17T16:00:00+00:00,2026-09-26T08:36:03Z,39041,Christoffer Remmer,D,18.0,8.08,LOW,85.7,6.8,PBK_PLAYER_GRADE_V1,"{""attack"": 5.0, ""creation"": 5.0, ""defending"": 9.17, ""discipline"": 6.0, ""possession"": 9.88, ""pressing"": null, ""progression"": 7.62}","[""AGGREGATE_SOURCE_NO_TRUE_ACTION_QUALITY"", ""PROGRESSION_PROXY_ONLY"", ""PRESSING_UNAVAILABLE""]",API_FOOTBALL_FIXTURES_PLAYERS,true,false,false,false,false
14684,329,Molde,2017-04-17T16:00:00+00:00,2026-09-26T08:36:03Z,39043,Fredrik Aursnes,M,90.0,6.69,HIGH,85.7,7.8,PBK_PLAYER_GRADE_V1,"{""attack"": 5.0, ""creation"": 5.9, ""defending"": 7.53, ""discipline"": 6.0, ""possession"": 7.81, ""pressing"": null, ""progression"": 7.07}","[""AGGREGATE_SOURCE_NO_TRUE_ACTION_QUALITY"", ""PROGRESSION_PROXY_ONLY"", ""PRESSING_UNAVAILABLE""]",API_FOOTBALL_FIXTURES_PLAYERS,true,false,false,false,false
14684,329,Molde,2017-04-17T16:00:00+00:00,2026-09-26T08:36:03Z,39044,Eirik Hestad,M,90.0,6.04,HIGH,85.7,6.8,PBK_PLAYER_GRADE_V1,"{""attack"": 5.55, ""creation"": 6.02, ""defending"": 3.68, ""discipline"": 5.72, ""possession"": 7.76, ""pressing"": null, ""progression"": 6.29}","[""AGGREGATE_SOURCE_NO_TRUE_ACTION_QUALITY"", ""PROGRESSION_PROXY_ONLY"", ""PRESSING_UNAVAILABLE""]",API_FOOTBALL_FIXTURES_PLAYERS,true,false,false,false,false
14684,329,Molde,2017-04-17T16:00:00+00:00,2026-09-26T08:36:03Z,39045,Etzaz Hussain,M,45.0,6.1,MEDIUM,85.7,6.6,PBK_PLAYER_GRADE_V1,"{""attack"": 5.0, ""creation"": 5.0, ""defending"": 4.17, ""discipline"": 6.0, ""possession"": 7.82, ""pressing"": null, ""progression"": 7.31}","[""AGGREGATE_SOURCE_NO_TRUE_ACTION_QUALITY"", ""PROGRESSION_PROXY_ONLY"", ""PRESSING_UNAVAILABLE""]",API_FOOTBALL_FIXTURES_PLAYERS,true,false,false,false,false
14684,329,Molde,2017-04-17T16:00:00+00:00,2026-09-26T08:36:03Z,39101,Sander Svendsen,F,90.0,6.63,HIGH,85.7,8.2,PBK_PLAYER_GRADE_V1,"{""attack"": 8.75, ""creation"": 5.45, ""defending"": 3.26, ""discipline"": 6.0, ""possession"": 4.71, ""pressing"": null, ""progression"": 5.71}","[""AGGREGATE_SOURCE_NO_TRUE_ACTION_QUALITY"", ""PROGRESSION_PROXY_ONLY"", ""PRESSING_UNAVAILABLE""]",API_FOOTBALL_FIXTURES_PLAYERS,true,false,false,false,false
14684,329,Molde,2017-04-17T16:00:00+00:00,2026-09-26T08:36:03Z,39197,Fredrik Brustad,F,64.0,5.84,MEDIUM,85.7,6.7,PBK_PLAYER_GRADE_V1,"{""attack"": 5.77, ""creation"": 5.51, ""defending"": 5.83, ""discipline"": 6.0, ""possession"": 7.25, ""pressing"": null, ""progression"": 5.34}","[""AGGREGATE_SOURCE_NO_TRUE_ACTION_QUALITY"", ""PROGRESSION_PROXY_ONLY"", ""PRESSING_UNAVAILABLE""]",API_FOOTBALL_FIXTURES_PLAYERS,true,false,false,false,false
14684,329,Molde,2017-04-17T16:00:00+00:00,2026-09-26T08:36:03Z,39217,Petter Strand,M,72.0,5.59,HIGH,85.7,6.6,PBK_PLAYER_GRADE_V1,"{""attack"": 5.0, ""creation"": 6.56, ""defending"": 2.83, ""discipline"": 5.3, ""possession"": 6.21, ""pressing"": null, ""progression"": 6.22}","[""AGGREGATE_SOURCE_NO_TRUE_ACTION_QUALITY"", ""PROGRESSION_PROXY_ONLY"", ""PRESSING_UNAVAILABLE""]",API_FOOTBALL_FIXTURES_PLAYERS,true,false,false,false,false
14684,329,Molde,2017-04-17T16:00:00+00:00,2026-09-26T08:36:03Z,47733,Óttar Magnús Karlsson,F,26.0,5.57,LOW,85.7,6.6,PBK_PLAYER_GRADE_V1,"{""attack"": 5.0, ""creation"": 5.42, ""defending"": 10.0, ""discipline"": 6.0, ""possession"": 5.52, ""pressing"": null, ""progression"": 5.73}","[""AGGREGATE_SOURCE_NO_TRUE_ACTION_QUALITY"", ""PROGRESSION_PROXY_ONLY"", ""PRESSING_UNAVAILABLE""]",API_FOOTBALL_FIXTURES_PLAYERS,true,false,false,false,false
14684,329,Molde,2017-04-17T16:00:00+00:00,2026-09-26T08:36:03Z,48016,Joona Toivio,D,90.0,6.51,HIGH,85.7,7.3,PBK_PLAYER_GRADE_V1,"{""attack"": 5.0, ""creation"": 5.45, ""defending"": 6.77, ""discipline"": 5.72, ""possession"": 7.55, ""pressing"": null, ""progression"": 6.47}","[""AGGREGATE_SOURCE_NO_TRUE_ACTION_QUALITY"", ""PROGRESSION_PROXY_ONLY"", ""PRESSING_UNAVAILABLE""]",API_FOOTBALL_FIXTURES_PLAYERS,true,false,false,false,false
14684,329,Molde,2017-04-17T16:00:00+00:00,2026-09-26T08:36:03Z,48066,Stian Gregersen,D,90.0,5.22,HIGH,85.7,7.3,PBK_PLAYER_GRADE_V1,"{""attack"": 5.0, ""creation"": 5.0, ""defending"": 3.61, ""discipline"": 5.72, ""possession"": 7.84, ""pressing"": null, ""progression"": 6.65}","[""AGGREGATE_SOURCE_NO_TRUE_ACTION_QUALITY"", ""PROGRESSION_PROXY_ONLY"", ""PRESSING_UNAVAILABLE""]",API_FOOTBALL_FIXTURES_PLAYERS,true,false,false,false,false
14684,329,Molde,2017-04-17T16:00:00+00:00,2026-09-26T08:36:03Z,53756,Babacar Sarr,D,45.0,6.42,MEDIUM,85.7,6.8,PBK_PLAYER_GRADE_V1,"{""attack"": 5.0, ""creation"": 6.14, ""defending"": 6.36, ""discipline"": 5.44, ""possession"": 8.0, ""pressing"": null, ""progression"": 6.4}","[""AGGREGATE_SOURCE_NO_TRUE_ACTION_QUALITY"", ""PROGRESSION_PROXY_ONLY"", ""PRESSING_UNAVAILABLE""]",API_FOOTBALL_FIXTURES_PLAYERS,true,false,false,false,false
14685,320,Kristiansund BK,2017-04-17T16:00:00+00:00,2026-09-26T08:36:03Z,11048,Nikita Baranov,D,90.0,6.18,HIGH,85.7,6.4,PBK_PLAYER_GRADE_V1,"{""attack"": 5.5, ""creation"": 5.0, ""defending"": 6.67, ""discipline"": 3.64, ""possession"": 6.9, ""pressing"": null, ""progression"": 6.62}","[""AGGREGATE_SOURCE_NO_TRUE_ACTION_QUALITY"", ""PROGRESSION_PROXY_ONLY"", ""PRESSING_UNAVAILABLE""]",API_FOOTBALL_FIXTURES_PLAYERS,true,false,false,false,false
14685,320,Kristiansund BK,2017-04-17T16:00:00+00:00,2026-09-26T08:36:03Z,15706,Benjamin Stokke,F,75.0,4.76,HIGH,85.7,6.6,PBK_PLAYER_GRADE_V1,"{""attack"": 5.0, ""creation"": 5.29, ""defending"": 4.68, ""discipline"": 5.66, ""possession"": 1.44, ""pressing"": null, ""progression"": 5.38}","[""AGGREGATE_SOURCE_NO_TRUE_ACTION_QUALITY"", ""PROGRESSION_PROXY_ONLY"", ""PRESSING_UNAVAILABLE""]",API_FOOTBALL_FIXTURES_PLAYERS,true,false,false,false,false
14685,320,Kristiansund BK,2017-04-17T16:00:00+00:00,2026-09-26T08:36:03Z,39151,Sean McDermott,G,90.0,4.97,HIGH,85.7,6.5,PBK_PLAYER_GRADE_V1,"{""attack"": 5.0, ""creation"": 5.0, ""defending"": 5.0, ""discipline"": 6.0, ""possession"": 3.42, ""pressing"": null, ""progression"": 5.59}","[""AGGREGATE_SOURCE_NO_TRUE_ACTION_QUALITY"", ""PROGRESSION_PROXY_ONLY"", ""PRESSING_UNAVAILABLE""]",API_FOOTBALL_FIXTURES_PLAYERS,true,false,false,false,false
14685,320,Kristiansund BK,2017-04-17T16:00:00+00:00,2026-09-26T08:36:03Z,39153,Christoffer Aasbak,D,90.0,6.13,HIGH,85.7,6.6,PBK_PLAYER_GRADE_V1,"{""attack"": 5.0, ""creation"": 5.57, ""defending"": 7.15, ""discipline"": 5.72, ""possession"": 4.35, ""pressing"": null, ""progression"": 6.19}","[""AGGREGATE_SOURCE_NO_TRUE_ACTION_QUALITY"", ""PROGRESSION_PROXY_ONLY"", ""PRESSING_UNAVAILABLE""]",API_FOOTBALL_FIXTURES_PLAYERS,true,false,false,false,false
14685,320,Kristiansund BK,2017-04-17T16:00:00+00:00,2026-09-26T08:36:03Z,39154,Aliou Coly,D,81.0,5.07,HIGH,85.7,6.4,PBK_PLAYER_GRADE_V1,"{""attack"": 5.56, ""creation"": 5.4, ""defending"": 5.0, ""discipline"": 6.0, ""possession"": 3.25, ""pressing"": null, ""progression"": 5.98}","[""AGGREGATE_SOURCE_NO_TRUE_ACTION_QUALITY"", ""PROGRESSION_PROXY_ONLY"", ""PRESSING_UNAVAILABLE""]",API_FOOTBALL_FIXTURES_PLAYERS,true,false,false,false,false
14685,320,Kristiansund BK,2017-04-17T16:00:00+00:00,2026-09-26T08:36:03Z,39155,Andreas Hopmark,D,90.0,5.98,HIGH,85.7,7.1,PBK_PLAYER_GRADE_V1,"{""attack"": 5.0, ""creation"": 5.24, ""defending"": 6.52, ""discipline"": 5.16, ""possession"": 5.33, ""pressing"": null, ""progression"": 6.4}","[""AGGREGATE_SOURCE_NO_TRUE_ACTION_QUALITY"", ""PROGRESSION_PROXY_ONLY"", ""PRESSING_UNAVAILABLE""]",API_FOOTBALL_FIXTURES_PLAYERS,true,false,false,false,false
14685,320,Kristiansund BK,2017-04-17T16:00:00+00:00,2026-09-26T08:36:03Z,39160,Henrik Gjesdal,D,90.0,6.81,HIGH,85.7,6.7,PBK_PLAYER_GRADE_V1,"{""attack"": 5.0, ""creation"": 5.12, ""defending"": 8.33, ""discipline"": 6.0, ""possession"": 5.52, ""pressing"": null, ""progression"": 6.19}","[""AGGREGATE_SOURCE_NO_TRUE_ACTION_QUALITY"", ""PROGRESSION_PROXY_ONLY"", ""PRESSING_UNAVAILABLE""]",API_FOOTBALL_FIXTURES_PLAYERS,true,false,false,false,false
14685,320,Kristiansund BK,2017-04-17T16:00:00+00:00,2026-09-26T08:36:03Z,39166,Liridon Kalludra,M,90.0,5.53,HIGH,85.7,6.8,PBK_PLAYER_GRADE_V1,"{""attack"": 5.0, ""creation"": 6.05, ""defending"": 7.27, ""discipline"": 5.72, ""possession"": 3.86, ""pressing"": null, ""progression"": 5.74}","[""AGGREGATE_SOURCE_NO_TRUE_ACTION_QUALITY"", ""PROGRESSION_PROXY_ONLY"", ""PRESSING_UNAVAILABLE""]",API_FOOTBALL_FIXTURES_PLAYERS,true,false,false,false,false
14685,320,Kristiansund BK,2017-04-17T16:00:00+00:00,2026-09-26T08:36:03Z,39169,Sondre Sorlie,M,69.0,4.22,HIGH,85.7,6.2,PBK_PLAYER_GRADE_V1,"{""attack"": 5.0, ""creation"": 5.16, ""defending"": 5.5, ""discipline"": 6.0, ""possession"": 0.0, ""pressing"": null, ""progression"": 5.23}","[""AGGREGATE_SOURCE_NO_TRUE_ACTION_QUALITY"", ""PROGRESSION_PROXY_ONLY"", ""PRESSING_UNAVAILABLE""]",API_FOOTBALL_FIXTURES_PLAYERS,true,false,false,false,false
14685,320,Kristiansund BK,2017-04-17T16:00:00+00:00,2026-09-26T08:36:03Z,57206,Sverre Okland,M,90.0,5.97,HIGH,85.7,6.8,PBK_PLAYER_GRADE_V1,"{""attack"": 5.0, ""creation"": 5.12, ""defending"": 5.76, ""discipline"": 6.0, ""possession"": 7.12, ""pressing"": null, ""progression"": 6.33}","[""AGGREGATE_SOURCE_NO_TRUE_ACTION_QUALITY"", ""PROGRESSION_PROXY_ONLY"", ""PRESSING_UNAVAILABLE""]",API_FOOTBALL_FIXTURES_PLAYERS,true,false,false,false,false
14685,320,Kristiansund BK,2017-04-17T16:00:00+00:00,2026-09-26T08:36:03Z,57324,Jonas Ronningen,M,90.0,5.05,HIGH,85.7,6.6,PBK_PLAYER_GRADE_V1,"{""attack"": 5.0, ""creation"": 5.0, ""defending"": 5.0, ""discipline"": 6.0, ""possession"": 4.21, ""pressing"": null, ""progression"": 5.53}","[""AGGREGATE_SOURCE_NO_TRUE_ACTION_QUALITY"", ""PROGRESSION_PROXY_ONLY"", ""PRESSING_UNAVAILABLE""]",API_FOOTBALL_FIXTURES_PLAYERS,true,false,false,false,false
14685,320,Kristiansund BK,2017-04-17T16:00:00+00:00,2026-09-26T08:36:03Z,57427,Jean Allasande Mendy,F,21.0,4.46,LOW,85.7,6.4,PBK_PLAYER_GRADE_V1,"{""attack"": 5.0, ""creation"": 5.0, ""defending"": 0.83, ""discipline"": 6.0, ""possession"": 0.94, ""pressing"": null, ""progression"": 5.15}","[""AGGREGATE_SOURCE_NO_TRUE_ACTION_QUALITY"", ""PROGRESSION_PROXY_ONLY"", ""PRESSING_UNAVAILABLE""]",API_FOOTBALL_FIXTURES_PLAYERS,true,false,false,false,false
14685,320,Kristiansund BK,2017-04-17T16:00:00+00:00,2026-09-26T08:36:03Z,94725,Rocky Lekaj,M,15.0,6.43,LOW,85.7,6.7,PBK_PLAYER_GRADE_V1,"{""attack"": 8.0, ""creation"": 6.44, ""defending"": 6.04, ""discipline"": 6.0, ""possession"": 4.1, ""pressing"": null, ""progression"": 8.0}","[""AGGREGATE_SOURCE_NO_TRUE_ACTION_QUALITY"", ""PROGRESSION_PROXY_ONLY"", ""PRESSING_UNAVAILABLE""]",API_FOOTBALL_FIXTURES_PLAYERS,true,false,false,false,false
14685,320,Kristiansund BK,2017-04-17T16:00:00+00:00,2026-09-26T08:36:03Z,94932,Tor Erik Torske,F,9.0,6.03,LOW,85.7,6.1,PBK_PLAYER_GRADE_V1,"{""attack"": 5.0, ""creation"": 9.5, ""defending"": 2.5, ""discipline"": 3.2, ""possession"": 5.0, ""pressing"": null, ""progression"": 7.1}","[""AGGREGATE_SOURCE_NO_TRUE_ACTION_QUALITY"", ""PROGRESSION_PROXY_ONLY"", ""PRESSING_UNAVAILABLE""]",API_FOOTBALL_FIXTURES_PLAYERS,true,false,false,false,false
14685,332,Sandefjord,2017-04-17T16:00:00+00:00,2026-09-26T08:36:03Z,100014,Elliott Kebbie,D,57.0,4.79,MEDIUM,85.7,6.6,PBK_PLAYER_GRADE_V1,"{""attack"": 5.39, ""creation"": 5.0, ""defending"": 3.81, ""discipline"": 5.12, ""possession"": 5.0, ""pressing"": null, ""progression"": 6.44}","[""AGGREGATE_SOURCE_NO_TRUE_ACTION_QUALITY"", ""PROGRESSION_PROXY_ONLY"", ""PRESSING_UNAVAILABLE""]",API_FOOTBALL_FIXTURES_PLAYERS,true,false,false,false,false
14685,332,Sandefjord,2017-04-17T16:00:00+00:00,2026-09-26T08:36:03Z,107856,Markus Naglestad,F,33.0,5.62,LOW,85.7,6.5,PBK_PLAYER_GRADE_V1,"{""attack"": 5.68, ""creation"": 6.23, ""defending"": 3.54, ""discipline"": 4.47, ""possession"": 5.41, ""pressing"": null, ""progression"": 6.06}","[""AGGREGATE_SOURCE_NO_TRUE_ACTION_QUALITY"", ""PROGRESSION_PROXY_ONLY"", ""PRESSING_UNAVAILABLE""]",API_FOOTBALL_FIXTURES_PLAYERS,true,false,false,false,false
14685,332,Sandefjord,2017-04-17T16:00:00+00:00,2026-09-26T08:36:03Z,15949,Ingvar Jónsson,G,90.0,4.72,HIGH,85.7,6.9,PBK_PLAYER_GRADE_V1,"{""attack"": 5.0, ""creation"": 5.0, ""defending"": 5.0, ""discipline"": 6.0, ""possession"": 2.07, ""pressing"": null, ""progression"": 5.56}","[""AGGREGATE_SOURCE_NO_TRUE_ACTION_QUALITY"", ""PROGRESSION_PROXY_ONLY"", ""PRESSING_UNAVAILABLE""]",API_FOOTBALL_FIXTURES_PLAYERS,true,false,false,false,false
14685,332,Sandefjord,2017-04-17T16:00:00+00:00,2026-09-26T08:36:03Z,39102,Andre Sodlund,M,18.0,6.56,LOW,85.7,7.3,PBK_PLAYER_GRADE_V1,"{""attack"": 10.0, ""creation"": 5.6, ""defending"": 4.17, ""discipline"": 4.6, ""possession"": 7.42, ""pressing"": null, ""progression"": 6.95}","[""AGGREGATE_SOURCE_NO_TRUE_ACTION_QUALITY"", ""PROGRESSION_PROXY_ONLY"", ""PRESSING_UNAVAILABLE""]",API_FOOTBALL_FIXTURES_PLAYERS,true,false,false,false,false
14685,332,Sandefjord,2017-04-17T16:00:00+00:00,2026-09-26T08:36:03Z,39176,Flamur Kastrati,F,72.0,6.23,HIGH,85.7,7.0,PBK_PLAYER_GRADE_V1,"{""attack"": 7.94, ""creation"": 5.3, ""defending"": 3.21, ""discipline"": 5.65, ""possession"": 4.75, ""pressing"": null, ""progression"": 5.57}","[""AGGREGATE_SOURCE_NO_TRUE_ACTION_QUALITY"", ""PROGRESSION_PROXY_ONLY"", ""PRESSING_UNAVAILABLE""]",API_FOOTBALL_FIXTURES_PLAYERS,true,false,false,false,false
14685,332,Sandefjord,2017-04-17T16:00:00+00:00,2026-09-26T08:36:03Z,39184,Joackim Solberg,M,90.0,5.72,HIGH,85.7,7.4,PBK_PLAYER_GRADE_V1,"{""attack"": 5.25, ""creation"": 6.8, ""defending"": 6.39, ""discipline"": 6.0, ""possession"": 3.96, ""pressing"": null, ""progression"": 6.05}","[""AGGREGATE_SOURCE_NO_TRUE_ACTION_QUALITY"", ""PROGRESSION_PROXY_ONLY"", ""PRESSING_UNAVAILABLE""]",API_FOOTBALL_FIXTURES_PLAYERS,true,false,false,false,false
14685,332,Sandefjord,2017-04-17T16:00:00+00:00,2026-09-26T08:36:03Z,55599,El-Hadji Gana Kane,D,90.0,5.25,HIGH,85.7,6.9,PBK_PLAYER_GRADE_V1,"{""attack"": 5.0, ""creation"": 5.0, ""defending"": 6.06, ""discipline"": 5.72, ""possession"": 2.29, ""pressing"": null, ""progression"": 5.88}","[""AGGREGATE_SOURCE_NO_TRUE_ACTION_QUALITY"", ""PROGRESSION_PROXY_ONLY"", ""PRESSING_UNAVAILABLE""]",API_FOOTBALL_FIXTURES_PLAYERS,true,false,false,false,false
14685,332,Sandefjord,2017-04-17T16:00:00+00:00,2026-09-26T08:36:03Z,57175,William Kurtovic,M,90.0,5.27,HIGH,85.7,7.0,PBK_PLAYER_GRADE_V1,"{""attack"": 5.8, ""creation"": 5.45, ""defending"": 4.45, ""discipline"": 4.44, ""possession"": 4.58, ""pressing"": null, ""progression"": 6.23}","[""AGGREGATE_SOURCE_NO_TRUE_ACTION_QUALITY"", ""PROGRESSION_PROXY_ONLY"", ""PRESSING_UNAVAILABLE""]",API_FOOTBALL_FIXTURES_PLAYERS,true,false,false,false,false
14685,332,Sandefjord,2017-04-17T16:00:00+00:00,2026-09-26T08:36:03Z,57181,Haavard Storbaek,M,90.0,5.45,HIGH,85.7,6.8,PBK_PLAYER_GRADE_V1,"{""attack"": 5.25, ""creation"": 5.69, ""defending"": 5.0, ""discipline"": 4.88, ""possession"": 5.45, ""pressing"": null, ""progression"": 5.81}","[""AGGREGATE_SOURCE_NO_TRUE_ACTION_QUALITY"", ""PROGRESSION_PROXY_ONLY"", ""PRESSING_UNAVAILABLE""]",API_FOOTBALL_FIXTURES_PLAYERS,true,false,false,false,false
14685,332,Sandefjord,2017-04-17T16:00:00+00:00,2026-09-26T08:36:03Z,57182,Enric Valles,M,45.0,5.59,MEDIUM,85.7,6.6,PBK_PLAYER_GRADE_V1,"{""attack"": 5.0, ""creation"": 5.0, ""defending"": 6.59, ""discipline"": 6.0, ""possession"": 4.9, ""pressing"": null, ""progression"": 6.26}","[""AGGREGATE_SOURCE_NO_TRUE_ACTION_QUALITY"", ""PROGRESSION_PROXY_ONLY"", ""PRESSING_UNAVAILABLE""]",API_FOOTBALL_FIXTURES_PLAYERS,true,false,false,false,false
14685,332,Sandefjord,2017-04-17T16:00:00+00:00,2026-09-26T08:36:03Z,69924,Pau Morer,M,90.0,5.31,HIGH,85.7,6.7,PBK_PLAYER_GRADE_V1,"{""attack"": 5.55, ""creation"": 5.36, ""defending"": 5.34, ""discipline"": 5.44, ""possession"": 4.43, ""pressing"": null, ""progression"": 5.84}","[""AGGREGATE_SOURCE_NO_TRUE_ACTION_QUALITY"", ""PROGRESSION_PROXY_ONLY"", ""PRESSING_UNAVAILABLE""]",API_FOOTBALL_FIXTURES_PLAYERS,true,false,false,false,false
14685,332,Sandefjord,2017-04-17T16:00:00+00:00,2026-09-26T08:36:03Z,8450,Abdoulaye Seck,D,90.0,5.92,HIGH,85.7,7.3,PBK_PLAYER_GRADE_V1,"{""attack"": 5.25, ""creation"": 5.0, ""defending"": 6.42, ""discipline"": 5.72, ""possession"": 5.29, ""pressing"": null, ""progression"": 6.05}","[""AGGREGATE_SOURCE_NO_TRUE_ACTION_QUALITY"", ""PROGRESSION_PROXY_ONLY"", ""PRESSING_UNAVAILABLE""]",API_FOOTBALL_FIXTURES_PLAYERS,true,false,false,false,false
14685,332,Sandefjord,2017-04-17T16:00:00+00:00,2026-09-26T08:36:03Z,94919,Victor Demba Bindia,D,45.0,2.72,MEDIUM,85.7,6.3,PBK_PLAYER_GRADE_V1,"{""attack"": 5.0, ""creation"": 5.0, ""defending"": 0.83, ""discipline"": 5.44, ""possession"": 1.03, ""pressing"": null, ""progression"": 5.28}","[""AGGREGATE_SOURCE_NO_TRUE_ACTION_QUALITY"", ""PROGRESSION_PROXY_ONLY"", ""PRESSING_UNAVAILABLE""]",API_FOOTBALL_FIXTURES_PLAYERS,true,false,false,false,false
14685,332,Sandefjord,2017-04-17T16:00:00+00:00,2026-09-26T08:36:03Z,98609,Christer Hansen,D,90.0,6.46,HIGH,85.7,7.3,PBK_PLAYER_GRADE_V1,"{""attack"": 5.25, ""creation"": 5.57, ""defending"": 7.08, ""discipline"": 5.72, ""possession"": 6.65, ""pressing"": null, ""progression"": 6.09}","[""AGGREGATE_SOURCE_NO_TRUE_ACTION_QUALITY"", ""PROGRESSION_PROXY_ONLY"", ""PRESSING_UNAVAILABLE""]",API_FOOTBALL_FIXTURES_PLAYERS,true,false,false,false,false
14686,324,Stromsgodset,2017-04-17T16:00:00+00:00,2026-09-26T08:36:03Z,14340,Bassel Jradi,M,90.0,6.01,HIGH,85.7,7.7,PBK_PLAYER_GRADE_V1,"{""attack"": 7.25, ""creation"": 5.57, ""defending"": 6.9, ""discipline"": 5.72, ""possession"": 4.96, ""pressing"": null, ""progression"": 6.24}","[""AGGREGATE_SOURCE_NO_TRUE_ACTION_QUALITY"", ""PROGRESSION_PROXY_ONLY"", ""PRESSING_UNAVAILABLE""]",API_FOOTBALL_FIXTURES_PLAYERS,true,false,false,false,false
14686,324,Stromsgodset,2017-04-17T16:00:00+00:00,2026-09-26T08:36:03Z,28339,Tokmac Chol Nguen,M,83.0,6.18,HIGH,85.7,6.8,PBK_PLAYER_GRADE_V1,"{""attack"": 6.41, ""creation"": 5.88, ""defending"": 6.61, ""discipline"": 6.0, ""possession"": 5.79, ""pressing"": null, ""progression"": 6.46}","[""AGGREGATE_SOURCE_NO_TRUE_ACTION_QUALITY"", ""PROGRESSION_PROXY_ONLY"", ""PRESSING_UNAVAILABLE""]",API_FOOTBALL_FIXTURES_PLAYERS,true,false,false,false,false
14686,324,Stromsgodset,2017-04-17T16:00:00+00:00,2026-09-26T08:36:03Z,3444,Francisco Junior,M,15.0,6.76,LOW,85.7,6.6,PBK_PLAYER_GRADE_V1,"{""attack"": 8.3, ""creation"": 5.0, ""defending"": 0.83, ""discipline"": 6.0, ""possession"": 10.0, ""pressing"": null, ""progression"": 8.36}","[""AGGREGATE_SOURCE_NO_TRUE_ACTION_QUALITY"", ""PROGRESSION_PROXY_ONLY"", ""PRESSING_UNAVAILABLE""]",API_FOOTBALL_FIXTURES_PLAYERS,true,false,false,false,false
14686,324,Stromsgodset,2017-04-17T16:00:00+00:00,2026-09-26T08:36:03Z,39147,Tommy Høiland,F,23.0,5.39,LOW,85.7,6.3,PBK_PLAYER_GRADE_V1,"{""attack"": 5.0, ""creation"": 5.0, ""defending"": 0.83, ""discipline"": 4.9, ""possession"": 9.56, ""pressing"": null, ""progression"": 5.55}","[""AGGREGATE_SOURCE_NO_TRUE_ACTION_QUALITY"", ""PROGRESSION_PROXY_ONLY"", ""PRESSING_UNAVAILABLE""]",API_FOOTBALL_FIXTURES_PLAYERS,true,false,false,false,false
14686,324,Stromsgodset,2017-04-17T16:00:00+00:00,2026-09-26T08:36:03Z,39327,Jakob Glesnes,D,90.0,5.8,HIGH,85.7,7.2,PBK_PLAYER_GRADE_V1,"{""attack"": 5.0, ""creation"": 5.12, ""defending"": 5.0, ""discipline"": 6.0, ""possession"": 7.12, ""pressing"": null, ""progression"": 7.03}","[""AGGREGATE_SOURCE_NO_TRUE_ACTION_QUALITY"", ""PROGRESSION_PROXY_ONLY"", ""PRESSING_UNAVAILABLE""]",API_FOOTBALL_FIXTURES_PLAYERS,true,false,false,false,false
14686,324,Stromsgodset,2017-04-17T16:00:00+00:00,2026-09-26T08:36:03Z,39329,Jonathan Parr,D,90.0,7.45,HIGH,85.7,7.2,PBK_PLAYER_GRADE_V1,"{""attack"": 5.75, ""creation"": 6.47, ""defending"": 9.17, ""discipline"": 6.0, ""possession"": 5.83, ""pressing"": null, ""progression"": 6.7}","[""AGGREGATE_SOURCE_NO_TRUE_ACTION_QUALITY"", ""PROGRESSION_PROXY_ONLY"", ""PRESSING_UNAVAILABLE""]",API_FOOTBALL_FIXTURES_PLAYERS,true,false,false,false,false
14686,324,Stromsgodset,2017-04-17T16:00:00+00:00,2026-09-26T08:36:03Z,39333,Lars Christopher Vilsvik,D,90.0,5.94,HIGH,85.7,6.9,PBK_PLAYER_GRADE_V1,"{""attack"": 5.25, ""creation"": 5.57, ""defending"": 6.21, ""discipline"": 5.72, ""possession"": 5.56, ""pressing"": null, ""progression"": 6.2}","[""AGGREGATE_SOURCE_NO_TRUE_ACTION_QUALITY"", ""PROGRESSION_PROXY_ONLY"", ""PRESSING_UNAVAILABLE""]",API_FOOTBALL_FIXTURES_PLAYERS,true,false,false,false,false
14686,324,Stromsgodset,2017-04-17T16:00:00+00:00,2026-09-26T08:36:03Z,39334,Henning Hauger,M,90.0,6.55,HIGH,85.7,6.9,PBK_PLAYER_GRADE_V1,"{""attack"": 5.0, ""creation"": 5.0, ""defending"": 4.75, ""discipline"": 5.72, ""possession"": 9.58, ""pressing"": null, ""progression"": 7.45}","[""AGGREGATE_SOURCE_NO_TRUE_ACTION_QUALITY"", ""PROGRESSION_PROXY_ONLY"", ""PRESSING_UNAVAILABLE""]",API_FOOTBALL_FIXTURES_PLAYERS,true,false,false,false,false
14686,324,Stromsgodset,2017-04-17T16:00:00+00:00,2026-09-26T08:36:03Z,39342,Kristoffer Tokstad,M,75.0,5.79,HIGH,85.7,6.9,PBK_PLAYER_GRADE_V1,"{""attack"": 5.66, ""creation"": 5.0, ""defending"": 5.46, ""discipline"": 6.0, ""possession"": 6.13, ""pressing"": null, ""progression"": 6.34}","[""AGGREGATE_SOURCE_NO_TRUE_ACTION_QUALITY"", ""PROGRESSION_PROXY_ONLY"", ""PRESSING_UNAVAILABLE""]",API_FOOTBALL_FIXTURES_PLAYERS,true,false,false,false,false
14686,324,Stromsgodset,2017-04-17T16:00:00+00:00,2026-09-26T08:36:03Z,39345,Marcus Pedersen,F,67.0,5.09,HIGH,85.7,6.7,PBK_PLAYER_GRADE_V1,"{""attack"": 5.0, ""creation"": 7.61, ""defending"": 2.5, ""discipline"": 3.53, ""possession"": 2.4, ""pressing"": null, ""progression"": 5.33}","[""AGGREGATE_SOURCE_NO_TRUE_ACTION_QUALITY"", ""PROGRESSION_PROXY_ONLY"", ""PRESSING_UNAVAILABLE""]",API_FOOTBALL_FIXTURES_PLAYERS,true,false,false,false,false
14686,324,Stromsgodset,2017-04-17T16:00:00+00:00,2026-09-26T08:36:03Z,40865,Radosław Janukiewicz,G,90.0,4.94,HIGH,85.7,6.7,PBK_PLAYER_GRADE_V1,"{""attack"": 5.0, ""creation"": 5.0, ""defending"": 5.0, ""discipline"": 6.0, ""possession"": 3.08, ""pressing"": null, ""progression"": 5.8}","[""AGGREGATE_SOURCE_NO_TRUE_ACTION_QUALITY"", ""PROGRESSION_PROXY_ONLY"", ""PRESSING_UNAVAILABLE""]",API_FOOTBALL_FIXTURES_PLAYERS,true,false,false,false,false
14686,324,Stromsgodset,2017-04-17T16:00:00+00:00,2026-09-26T08:36:03Z,57169,Marius Hoibraten,D,90.0,6.3,HIGH,85.7,6.9,PBK_PLAYER_GRADE_V1,"{""attack"": 5.0, ""creation"": 5.69, ""defending"": 6.14, ""discipline"": 5.44, ""possession"": 7.1, ""pressing"": null, ""progression"": 7.24}","[""AGGREGATE_SOURCE_NO_TRUE_ACTION_QUALITY"", ""PROGRESSION_PROXY_ONLY"", ""PRESSING_UNAVAILABLE""]",API_FOOTBALL_FIXTURES_PLAYERS,true,false,false,false,false
14686,324,Stromsgodset,2017-04-17T16:00:00+00:00,2026-09-26T08:36:03Z,57322,Mathias Gjerstrom,M,7.0,5.96,LOW,85.7,6.4,PBK_PLAYER_GRADE_V1,"{""attack"": 5.0, ""creation"": 10.0, ""defending"": 3.61, ""discipline"": 6.0, ""possession"": 4.14, ""pressing"": null, ""progression"": 5.9}","[""AGGREGATE_SOURCE_NO_TRUE_ACTION_QUALITY"", ""PROGRESSION_PROXY_ONLY"", ""PRESSING_UNAVAILABLE""]",API_FOOTBALL_FIXTURES_PLAYERS,true,false,false,false,false
14686,324,Stromsgodset,2017-04-17T16:00:00+00:00,2026-09-26T08:36:03Z,99358,Marco Tagbajumi,F,90.0,4.69,HIGH,85.7,6.5,PBK_PLAYER_GRADE_V1,"{""attack"": 5.0, ""creation"": 5.24, ""defending"": 4.17, ""discipline"": 4.16, ""possession"": 2.42, ""pressing"": null, ""progression"": 5.35}","[""AGGREGATE_SOURCE_NO_TRUE_ACTION_QUALITY"", ""PROGRESSION_PROXY_ONLY"", ""PRESSING_UNAVAILABLE""]",API_FOOTBALL_FIXTURES_PLAYERS,true,false,false,false,false
14686,758,Sogndal,2017-04-17T16:00:00+00:00,2026-09-26T08:36:03Z,2017,Bjorn Utvik,D,90.0,4.38,HIGH,85.7,6.6,PBK_PLAYER_GRADE_V1,"{""attack"": 5.0, ""creation"": 5.0, ""defending"": 4.4, ""discipline"": 4.16, ""possession"": 2.66, ""pressing"": null, ""progression"": 5.46}","[""AGGREGATE_SOURCE_NO_TRUE_ACTION_QUALITY"", ""PROGRESSION_PROXY_ONLY"", ""PRESSING_UNAVAILABLE""]",API_FOOTBALL_FIXTURES_PLAYERS,true,false,false,false,false
14686,758,Sogndal,2017-04-17T16:00:00+00:00,2026-09-26T08:36:03Z,39157,Christophe Psyche,D,90.0,6.38,HIGH,85.7,6.8,PBK_PLAYER_GRADE_V1,"{""attack"": 5.25, ""creation"": 5.0, ""defending"": 7.93, ""discipline"": 6.0, ""possession"": 4.47, ""pressing"": null, ""progression"": 5.6}","[""AGGREGATE_SOURCE_NO_TRUE_ACTION_QUALITY"", ""PROGRESSION_PROXY_ONLY"", ""PRESSING_UNAVAILABLE""]",API_FOOTBALL_FIXTURES_PLAYERS,true,false,false,false,false
14686,758,Sogndal,2017-04-17T16:00:00+00:00,2026-09-26T08:36:03Z,39173,Bendik Bye,F,4.0,6.9,LOW,71.4,6.8,PBK_PLAYER_GRADE_V1,"{""attack"": 10.0, ""creation"": 5.0, ""defending"": 9.17, ""discipline"": 6.0, ""possession"": 0.0, ""pressing"": null}","[""AGGREGATE_SOURCE_NO_TRUE_ACTION_QUALITY"", ""PROGRESSION_PROXY_ONLY"", ""PRESSING_UNAVAILABLE""]",API_FOOTBALL_FIXTURES_PLAYERS,true,false,false,false,false
14686,758,Sogndal,2017-04-17T16:00:00+00:00,2026-09-26T08:36:03Z,39223,Gilbert Koomson,F,90.0,5.2,HIGH,85.7,6.9,PBK_PLAYER_GRADE_V1,"{""attack"": 5.0, ""creation"": 5.48, ""defending"": 7.1, ""discipline"": 5.72, ""possession"": 3.52, ""pressing"": null, ""progression"": 5.74}","[""AGGREGATE_SOURCE_NO_TRUE_ACTION_QUALITY"", ""PROGRESSION_PROXY_ONLY"", ""PRESSING_UNAVAILABLE""]",API_FOOTBALL_FIXTURES_PLAYERS,true,false,false,false,false
14686,758,Sogndal,2017-04-17T16:00:00+00:00,2026-09-26T08:36:03Z,48225,Chidiebere Nwakali,M,73.0,4.02,HIGH,85.7,6.7,PBK_PLAYER_GRADE_V1,"{""attack"": 5.99, ""creation"": 5.0, ""defending"": 3.39, ""discipline"": 5.65, ""possession"": 0.0, ""pressing"": null, ""progression"": 5.35}","[""AGGREGATE_SOURCE_NO_TRUE_ACTION_QUALITY"", ""PROGRESSION_PROXY_ONLY"", ""PRESSING_UNAVAILABLE""]",API_FOOTBALL_FIXTURES_PLAYERS,true,false,false,false,false
14686,758,Sogndal,2017-04-17T16:00:00+00:00,2026-09-26T08:36:03Z,57373,Lars Christian Kjemhus,M,17.0,5.52,LOW,85.7,6.4,PBK_PLAYER_GRADE_V1,"{""attack"": 5.0, ""creation"": 5.0, ""defending"": 5.0, ""discipline"": 6.0, ""possession"": 5.79, ""pressing"": null, ""progression"": 6.11}","[""AGGREGATE_SOURCE_NO_TRUE_ACTION_QUALITY"", ""PROGRESSION_PROXY_ONLY"", ""PRESSING_UNAVAILABLE""]",API_FOOTBALL_FIXTURES_PLAYERS,true,false,false,false,false
14686,758,Sogndal,2017-04-17T16:00:00+00:00,2026-09-26T08:36:03Z,57429,Matias Dyngeland,G,90.0,6.19,HIGH,85.7,6.8,PBK_PLAYER_GRADE_V1,"{""attack"": 5.0, ""creation"": 5.12, ""defending"": 9.17, ""discipline"": 6.0, ""possession"": 0.0, ""pressing"": null, ""progression"": 5.46}","[""AGGREGATE_SOURCE_NO_TRUE_ACTION_QUALITY"", ""PROGRESSION_PROXY_ONLY"", ""PRESSING_UNAVAILABLE""]",API_FOOTBALL_FIXTURES_PLAYERS,true,false,false,false,false
14686,758,Sogndal,2017-04-17T16:00:00+00:00,2026-09-26T08:36:03Z,57439,Eirik Birkelund,M,90.0,4.38,HIGH,85.7,6.6,PBK_PLAYER_GRADE_V1,"{""attack"": 5.0, ""creation"": 5.24, ""defending"": 6.22, ""discipline"": 5.44, ""possession"": 0.0, ""pressing"": null, ""progression"": 5.59}","[""AGGREGATE_SOURCE_NO_TRUE_ACTION_QUALITY"", ""PROGRESSION_PROXY_ONLY"", ""PRESSING_UNAVAILABLE""]",API_FOOTBALL_FIXTURES_PLAYERS,true,false,false,false,false
14686,758,Sogndal,2017-04-17T16:00:00+00:00,2026-09-26T08:36:03Z,57444,Eirik Schulze,F,78.0,5.19,HIGH,85.7,6.8,PBK_PLAYER_GRADE_V1,"{""attack"": 5.0, ""creation"": 6.96, ""defending"": 5.6, ""discipline"": 5.68, ""possession"": 1.46, ""pressing"": null, ""progression"": 5.4}","[""AGGREGATE_SOURCE_NO_TRUE_ACTION_QUALITY"", ""PROGRESSION_PROXY_ONLY"", ""PRESSING_UNAVAILABLE""]",API_FOOTBALL_FIXTURES_PLAYERS,true,false,false,false,false
14686,758,Sogndal,2017-04-17T16:00:00+00:00,2026-09-26T08:36:03Z,57450,Martin Ramsland,F,90.0,5.77,HIGH,85.7,7.5,PBK_PLAYER_GRADE_V1,"{""attack"": 7.0, ""creation"": 5.81, ""defending"": 5.03, ""discipline"": 5.44, ""possession"": 2.27, ""pressing"": null, ""progression"": 5.56}","[""AGGREGATE_SOURCE_NO_TRUE_ACTION_QUALITY"", ""PROGRESSION_PROXY_ONLY"", ""PRESSING_UNAVAILABLE""]",API_FOOTBALL_FIXTURES_PLAYERS,true,false,false,false,false
14686,758,Sogndal,2017-04-17T16:00:00+00:00,2026-09-26T08:36:03Z,57477,Victor Grodas,D,90.0,5.22,HIGH,85.7,6.7,PBK_PLAYER_GRADE_V1,"{""attack"": 5.0, ""creation"": 5.24, ""defending"": 6.77, ""discipline"": 5.72, ""possession"": 0.61, ""pressing"": null, ""progression"": 5.38}","[""AGGREGATE_SOURCE_NO_TRUE_ACTION_QUALITY"", ""PROGRESSION_PROXY_ONLY"", ""PRESSING_UNAVAILABLE""]",API_FOOTBALL_FIXTURES_PLAYERS,true,false,false,false,false
14686,758,Sogndal,2017-04-17T16:00:00+00:00,2026-09-26T08:36:03Z,94707,Henrik Furebotn,M,86.0,5.22,HIGH,85.7,6.6,PBK_PLAYER_GRADE_V1,"{""attack"": 5.0, ""creation"": 5.0, ""defending"": 5.4, ""discipline"": 5.71, ""possession"": 4.66, ""pressing"": null, ""progression"": 5.7}","[""AGGREGATE_SOURCE_NO_TRUE_ACTION_QUALITY"", ""PROGRESSION_PROXY_ONLY"", ""PRESSING_UNAVAILABLE""]",API_FOOTBALL_FIXTURES_PLAYERS,true,false,false,false,false
14686,758,Sogndal,2017-04-17T16:00:00+00:00,2026-09-26T08:36:03Z,94805,Simen Brekkhus,M,12.0,3.56,LOW,85.7,6.4,PBK_PLAYER_GRADE_V1,"{""attack"": 5.0, ""creation"": 5.0, ""defending"": 0.83, ""discipline"": 6.0, ""possession"": 0.0, ""pressing"": null, ""progression"": 5.26}","[""AGGREGATE_SOURCE_NO_TRUE_ACTION_QUALITY"", ""PROGRESSION_PROXY_ONLY"", ""PRESSING_UNAVAILABLE""]",API_FOOTBALL_FIXTURES_PLAYERS,true,false,false,false,false
14686,758,Sogndal,2017-04-17T16:00:00+00:00,2026-09-26T08:36:03Z,94948,Eirik Bergum Skaasheim,M,90.0,5.2,HIGH,85.7,6.7,PBK_PLAYER_GRADE_V1,"{""attack"": 5.25, ""creation"": 5.45, ""defending"": 6.52, ""discipline"": 5.72, ""possession"": 2.91, ""pressing"": null, ""progression"": 5.98}","[""AGGREGATE_SOURCE_NO_TRUE_ACTION_QUALITY"", ""PROGRESSION_PROXY_ONLY"", ""PRESSING_UNAVAILABLE""]",API_FOOTBALL_FIXTURES_PLAYERS,true,false,false,false,false
14687,323,Stabaek,2017-04-17T16:00:00+00:00,2026-09-26T08:36:03Z,15845,Mande Sayouba,G,90.0,4.32,HIGH,85.7,7.0,PBK_PLAYER_GRADE_V1,"{""attack"": 5.0, ""creation"": 5.0, ""defending"": 5.0, ""discipline"": 6.0, ""possession"": 0.0, ""pressing"": null, ""progression"": 5.49}","[""AGGREGATE_SOURCE_NO_TRUE_ACTION_QUALITY"", ""PROGRESSION_PROXY_ONLY"", ""PRESSING_UNAVAILABLE""]",API_FOOTBALL_FIXTURES_PLAYERS,true,false,false,false,false
14687,323,Stabaek,2017-04-17T16:00:00+00:00,2026-09-26T08:36:03Z,20664,El-Hadji Ba,M,90.0,6.09,HIGH,85.7,7.2,PBK_PLAYER_GRADE_V1,"{""attack"": 5.75, ""creation"": 5.6, ""defending"": 7.03, ""discipline"": 6.0, ""possession"": 5.28, ""pressing"": null, ""progression"": 6.87}","[""AGGREGATE_SOURCE_NO_TRUE_ACTION_QUALITY"", ""PROGRESSION_PROXY_ONLY"", ""PRESSING_UNAVAILABLE""]",API_FOOTBALL_FIXTURES_PLAYERS,true,false,false,false,false
14687,323,Stabaek,2017-04-17T16:00:00+00:00,2026-09-26T08:36:03Z,39054,Ohi Omoijuanfo,F,90.0,7.02,HIGH,85.7,10,PBK_PLAYER_GRADE_V1,"{""attack"": 10.0, ""creation"": 6.26, ""defending"": 6.56, ""discipline"": 6.0, ""possession"": 0.58, ""pressing"": null, ""progression"": 6.07}","[""AGGREGATE_SOURCE_NO_TRUE_ACTION_QUALITY"", ""PROGRESSION_PROXY_ONLY"", ""PRESSING_UNAVAILABLE""]",API_FOOTBALL_FIXTURES_PLAYERS,true,false,false,false,false
14687,323,Stabaek,2017-04-17T16:00:00+00:00,2026-09-26T08:36:03Z,39189,Tonny Brochmann,M,89.0,6.09,HIGH,85.7,6.9,PBK_PLAYER_GRADE_V1,"{""attack"": 5.25, ""creation"": 5.24, ""defending"": 6.39, ""discipline"": 6.0, ""possession"": 7.21, ""pressing"": null, ""progression"": 6.17}","[""AGGREGATE_SOURCE_NO_TRUE_ACTION_QUALITY"", ""PROGRESSION_PROXY_ONLY"", ""PRESSING_UNAVAILABLE""]",API_FOOTBALL_FIXTURES_PLAYERS,true,false,false,false,false
14687,323,Stabaek,2017-04-17T16:00:00+00:00,2026-09-26T08:36:03Z,39277,Jeppe Moe,D,90.0,5.1,HIGH,85.7,7.0,PBK_PLAYER_GRADE_V1,"{""attack"": 5.55, ""creation"": 6.47, ""defending"": 4.75, ""discipline"": 5.44, ""possession"": 3.89, ""pressing"": null, ""progression"": 6.02}","[""AGGREGATE_SOURCE_NO_TRUE_ACTION_QUALITY"", ""PROGRESSION_PROXY_ONLY"", ""PRESSING_UNAVAILABLE""]",API_FOOTBALL_FIXTURES_PLAYERS,true,false,false,false,false
14687,323,Stabaek,2017-04-17T16:00:00+00:00,2026-09-26T08:36:03Z,39279,Andreas Hanche-Olsen,D,90.0,6.88,HIGH,85.7,7.4,PBK_PLAYER_GRADE_V1,"{""attack"": 5.0, ""creation"": 5.24, ""defending"": 8.74, ""discipline"": 6.0, ""possession"": 5.03, ""pressing"": null, ""progression"": 5.98}","[""AGGREGATE_SOURCE_NO_TRUE_ACTION_QUALITY"", ""PROGRESSION_PROXY_ONLY"", ""PRESSING_UNAVAILABLE""]",API_FOOTBALL_FIXTURES_PLAYERS,true,false,false,false,false
14687,323,Stabaek,2017-04-17T16:00:00+00:00,2026-09-26T08:36:03Z,39286,Emil Bohinen,M,1.0,3.78,LOW,71.4,–,PBK_PLAYER_GRADE_V1,"{""attack"": 5.0, ""creation"": 5.0, ""defending"": 5.0, ""discipline"": 6.0, ""possession"": 0.0, ""pressing"": null}","[""AGGREGATE_SOURCE_NO_TRUE_ACTION_QUALITY"", ""PROGRESSION_PROXY_ONLY"", ""PRESSING_UNAVAILABLE""]",API_FOOTBALL_FIXTURES_PLAYERS,true,false,false,false,false
14687,323,Stabaek,2017-04-17T16:00:00+00:00,2026-09-26T08:36:03Z,39289,Luc Kassi,M,83.0,5.28,HIGH,85.7,6.7,PBK_PLAYER_GRADE_V1,"{""attack"": 5.0, ""creation"": 5.26, ""defending"": 4.69, ""discipline"": 5.7, ""possession"": 4.87, ""pressing"": null, ""progression"": 5.99}","[""AGGREGATE_SOURCE_NO_TRUE_ACTION_QUALITY"", ""PROGRESSION_PROXY_ONLY"", ""PRESSING_UNAVAILABLE""]",API_FOOTBALL_FIXTURES_PLAYERS,true,false,false,false,false
14687,323,Stabaek,2017-04-17T16:00:00+00:00,2026-09-26T08:36:03Z,39291,Hugo Vetlesen,M,89.0,6.25,HIGH,85.7,7.3,PBK_PLAYER_GRADE_V1,"{""attack"": 5.0, ""creation"": 6.84, ""defending"": 5.84, ""discipline"": 5.72, ""possession"": 6.91, ""pressing"": null, ""progression"": 6.27}","[""AGGREGATE_SOURCE_NO_TRUE_ACTION_QUALITY"", ""PROGRESSION_PROXY_ONLY"", ""PRESSING_UNAVAILABLE""]",API_FOOTBALL_FIXTURES_PLAYERS,true,false,false,false,false
14687,323,Stabaek,2017-04-17T16:00:00+00:00,2026-09-26T08:36:03Z,39296,Sindre Mauritz-Hansen,F,1.0,8.42,LOW,85.7,–,PBK_PLAYER_GRADE_V1,"{""attack"": 10.0, ""creation"": 10.0, ""defending"": 0.83, ""discipline"": 0.0, ""possession"": 10.0, ""pressing"": null, ""progression"": 8.15}","[""AGGREGATE_SOURCE_NO_TRUE_ACTION_QUALITY"", ""PROGRESSION_PROXY_ONLY"", ""PRESSING_UNAVAILABLE""]",API_FOOTBALL_FIXTURES_PLAYERS,true,false,false,false,false
14687,323,Stabaek,2017-04-17T16:00:00+00:00,2026-09-26T08:36:03Z,45834,Moussa Nije,M,90.0,5.1,HIGH,85.7,7.2,PBK_PLAYER_GRADE_V1,"{""attack"": 6.6, ""creation"": 6.49, ""defending"": 4.42, ""discipline"": 5.72, ""possession"": 2.04, ""pressing"": null, ""progression"": 5.89}","[""AGGREGATE_SOURCE_NO_TRUE_ACTION_QUALITY"", ""PROGRESSION_PROXY_ONLY"", ""PRESSING_UNAVAILABLE""]",API_FOOTBALL_FIXTURES_PLAYERS,true,false,false,false,false
14687,323,Stabaek,2017-04-17T16:00:00+00:00,2026-09-26T08:36:03Z,48137,Daniel Granli,D,7.0,6.47,LOW,85.7,6.6,PBK_PLAYER_GRADE_V1,"{""attack"": 5.0, ""creation"": 5.0, ""defending"": 9.17, ""discipline"": 6.0, ""possession"": 1.48, ""pressing"": null, ""progression"": 5.9}","[""AGGREGATE_SOURCE_NO_TRUE_ACTION_QUALITY"", ""PROGRESSION_PROXY_ONLY"", ""PRESSING_UNAVAILABLE""]",API_FOOTBALL_FIXTURES_PLAYERS,true,false,false,false,false
14687,323,Stabaek,2017-04-17T16:00:00+00:00,2026-09-26T08:36:03Z,99588,Morten Skjonsberg,D,90.0,4.72,HIGH,85.7,7.0,PBK_PLAYER_GRADE_V1,"{""attack"": 5.0, ""creation"": 5.0, ""defending"": 4.37, ""discipline"": 5.72, ""possession"": 3.67, ""pressing"": null, ""progression"": 5.7}","[""AGGREGATE_SOURCE_NO_TRUE_ACTION_QUALITY"", ""PROGRESSION_PROXY_ONLY"", ""PRESSING_UNAVAILABLE""]",API_FOOTBALL_FIXTURES_PLAYERS,true,false,false,false,false
14687,323,Stabaek,2017-04-17T16:00:00+00:00,2026-09-26T08:36:03Z,99591,Hakon Skogseid,D,90.0,5.21,HIGH,85.7,6.8,PBK_PLAYER_GRADE_V1,"{""attack"": 5.0, ""creation"": 5.45, ""defending"": 6.52, ""discipline"": 5.72, ""possession"": 1.11, ""pressing"": null, ""progression"": 5.38}","[""AGGREGATE_SOURCE_NO_TRUE_ACTION_QUALITY"", ""PROGRESSION_PROXY_ONLY"", ""PRESSING_UNAVAILABLE""]",API_FOOTBALL_FIXTURES_PLAYERS,true,false,false,false,false
14687,333,Sarpsborg 08 FF,2017-04-17T16:00:00+00:00,2026-09-26T08:36:03Z,1184,Anders Trondsen,M,90.0,4.73,HIGH,85.7,6.2,PBK_PLAYER_GRADE_V1,"{""attack"": 5.0, ""creation"": 5.57, ""defending"": 4.34, ""discipline"": 5.16, ""possession"": 2.88, ""pressing"": null, ""progression"": 5.53}","[""AGGREGATE_SOURCE_NO_TRUE_ACTION_QUALITY"", ""PROGRESSION_PROXY_ONLY"", ""PRESSING_UNAVAILABLE""]",API_FOOTBALL_FIXTURES_PLAYERS,true,false,false,false,false
14687,333,Sarpsborg 08 FF,2017-04-17T16:00:00+00:00,2026-09-26T08:36:03Z,15598,Patrick Mortensen,F,63.0,5.53,MEDIUM,85.7,6.6,PBK_PLAYER_GRADE_V1,"{""attack"": 5.79, ""creation"": 5.64, ""defending"": 4.62, ""discipline"": 5.6, ""possession"": 4.08, ""pressing"": null, ""progression"": 6.05}","[""AGGREGATE_SOURCE_NO_TRUE_ACTION_QUALITY"", ""PROGRESSION_PROXY_ONLY"", ""PRESSING_UNAVAILABLE""]",API_FOOTBALL_FIXTURES_PLAYERS,true,false,false,false,false
14687,333,Sarpsborg 08 FF,2017-04-17T16:00:00+00:00,2026-09-26T08:36:03Z,2015,Joachim Thomassen,D,90.0,4.55,HIGH,85.7,6.7,PBK_PLAYER_GRADE_V1,"{""attack"": 5.0, ""creation"": 5.0, ""defending"": 3.3, ""discipline"": 4.72, ""possession"": 6.05, ""pressing"": null, ""progression"": 5.77}","[""AGGREGATE_SOURCE_NO_TRUE_ACTION_QUALITY"", ""PROGRESSION_PROXY_ONLY"", ""PRESSING_UNAVAILABLE""]",API_FOOTBALL_FIXTURES_PLAYERS,true,false,false,false,false
14687,333,Sarpsborg 08 FF,2017-04-17T16:00:00+00:00,2026-09-26T08:36:03Z,2021,Ole Jørgen Halvorsen,M,81.0,4.52,HIGH,85.7,6.1,PBK_PLAYER_GRADE_V1,"{""attack"": 5.0, ""creation"": 5.77, ""defending"": 4.76, ""discipline"": 3.33, ""possession"": 2.19, ""pressing"": null, ""progression"": 5.51}","[""AGGREGATE_SOURCE_NO_TRUE_ACTION_QUALITY"", ""PROGRESSION_PROXY_ONLY"", ""PRESSING_UNAVAILABLE""]",API_FOOTBALL_FIXTURES_PLAYERS,true,false,false,false,false
14687,333,Sarpsborg 08 FF,2017-04-17T16:00:00+00:00,2026-09-26T08:36:03Z,2025,Matti Lund Nielsen,M,90.0,5.57,HIGH,85.7,6.4,PBK_PLAYER_GRADE_V1,"{""attack"": 5.0, ""creation"": 5.0, ""defending"": 3.07, ""discipline"": 5.44, ""possession"": 6.68, ""pressing"": null, ""progression"": 6.89}","[""AGGREGATE_SOURCE_NO_TRUE_ACTION_QUALITY"", ""PROGRESSION_PROXY_ONLY"", ""PRESSING_UNAVAILABLE""]",API_FOOTBALL_FIXTURES_PLAYERS,true,false,false,false,false
14687,333,Sarpsborg 08 FF,2017-04-17T16:00:00+00:00,2026-09-26T08:36:03Z,2027,Kristoffer Zachariassen,M,90.0,5.13,HIGH,85.7,6.2,PBK_PLAYER_GRADE_V1,"{""attack"": 5.0, ""creation"": 5.12, ""defending"": 5.74, ""discipline"": 5.16, ""possession"": 3.63, ""pressing"": null, ""progression"": 6.12}","[""AGGREGATE_SOURCE_NO_TRUE_ACTION_QUALITY"", ""PROGRESSION_PROXY_ONLY"", ""PRESSING_UNAVAILABLE""]",API_FOOTBALL_FIXTURES_PLAYERS,true,false,false,false,false
14687,333,Sarpsborg 08 FF,2017-04-17T16:00:00+00:00,2026-09-26T08:36:03Z,28768,Alexander Groven,D,22.0,6.69,LOW,85.7,6.1,PBK_PLAYER_GRADE_V1,"{""attack"": 5.0, ""creation"": 5.49, ""defending"": 8.64, ""discipline"": 6.0, ""possession"": 4.11, ""pressing"": null, ""progression"": 5.86}","[""AGGREGATE_SOURCE_NO_TRUE_ACTION_QUALITY"", ""PROGRESSION_PROXY_ONLY"", ""PRESSING_UNAVAILABLE""]",API_FOOTBALL_FIXTURES_PLAYERS,true,false,false,false,false
14687,333,Sarpsborg 08 FF,2017-04-17T16:00:00+00:00,2026-09-26T08:36:03Z,48285,Jonas Lindberg,F,90.0,5.44,HIGH,85.7,6.6,PBK_PLAYER_GRADE_V1,"{""attack"": 5.0, ""creation"": 6.14, ""defending"": 3.4, ""discipline"": 5.72, ""possession"": 5.42, ""pressing"": null, ""progression"": 6.05}","[""AGGREGATE_SOURCE_NO_TRUE_ACTION_QUALITY"", ""PROGRESSION_PROXY_ONLY"", ""PRESSING_UNAVAILABLE""]",API_FOOTBALL_FIXTURES_PLAYERS,true,false,false,false,false
14687,333,Sarpsborg 08 FF,2017-04-17T16:00:00+00:00,2026-09-26T08:36:03Z,50068,Tobias Heintz,M,9.0,5.96,LOW,85.7,6.5,PBK_PLAYER_GRADE_V1,"{""attack"": 5.0, ""creation"": 5.0, ""defending"": 0.83, ""discipline"": 6.0, ""possession"": 10.0, ""pressing"": null, ""progression"": 6.75}","[""AGGREGATE_SOURCE_NO_TRUE_ACTION_QUALITY"", ""PROGRESSION_PROXY_ONLY"", ""PRESSING_UNAVAILABLE""]",API_FOOTBALL_FIXTURES_PLAYERS,true,false,false,false,false
14687,333,Sarpsborg 08 FF,2017-04-17T16:00:00+00:00,2026-09-26T08:36:03Z,55401,Henri Toivomäki,D,68.0,6.08,HIGH,85.7,6.6,PBK_PLAYER_GRADE_V1,"{""attack"": 5.0, ""creation"": 5.16, ""defending"": 8.9, ""discipline"": 6.0, ""possession"": 0.0, ""pressing"": null, ""progression"": 5.56}","[""AGGREGATE_SOURCE_NO_TRUE_ACTION_QUALITY"", ""PROGRESSION_PROXY_ONLY"", ""PRESSING_UNAVAILABLE""]",API_FOOTBALL_FIXTURES_PLAYERS,true,false,false,false,false
14687,333,Sarpsborg 08 FF,2017-04-17T16:00:00+00:00,2026-09-26T08:36:03Z,57244,Joakim Jørgensen,D,90.0,5.86,HIGH,85.7,6.5,PBK_PLAYER_GRADE_V1,"{""attack"": 5.0, ""creation"": 5.0, ""defending"": 7.46, ""discipline"": 6.0, ""possession"": 2.66, ""pressing"": null, ""progression"": 5.46}","[""AGGREGATE_SOURCE_NO_TRUE_ACTION_QUALITY"", ""PROGRESSION_PROXY_ONLY"", ""PRESSING_UNAVAILABLE""]",API_FOOTBALL_FIXTURES_PLAYERS,true,false,false,false,false
14687,333,Sarpsborg 08 FF,2017-04-17T16:00:00+00:00,2026-09-26T08:36:03Z,81,Krépin Diatta,F,27.0,5.18,LOW,85.7,6.2,PBK_PLAYER_GRADE_V1,"{""attack"": 5.0, ""creation"": 5.0, ""defending"": 6.39, ""discipline"": 5.07, ""possession"": 4.75, ""pressing"": null, ""progression"": 6.05}","[""AGGREGATE_SOURCE_NO_TRUE_ACTION_QUALITY"", ""PROGRESSION_PROXY_ONLY"", ""PRESSING_UNAVAILABLE""]",API_FOOTBALL_FIXTURES_PLAYERS,true,false,false,false,false
14687,333,Sarpsborg 08 FF,2017-04-17T16:00:00+00:00,2026-09-26T08:36:03Z,8477,Sigurd Rosted,D,31.0,5.22,LOW,85.7,4.9,PBK_PLAYER_GRADE_V1,"{""attack"": 5.0, ""creation"": 5.0, ""defending"": 5.83, ""discipline"": 0.0, ""possession"": 6.41, ""pressing"": null, ""progression"": 5.81}","[""AGGREGATE_SOURCE_NO_TRUE_ACTION_QUALITY"", ""PROGRESSION_PROXY_ONLY"", ""PRESSING_UNAVAILABLE""]",API_FOOTBALL_FIXTURES_PLAYERS,true,false,false,false,false
14687,333,Sarpsborg 08 FF,2017-04-17T16:00:00+00:00,2026-09-26T08:36:03Z,8949,Anders Kristiansen,G,90.0,4.3,HIGH,85.7,6.6,PBK_PLAYER_GRADE_V1,"{""attack"": 5.0, ""creation"": 5.0, ""defending"": 5.0, ""discipline"": 6.0, ""possession"": 0.0, ""pressing"": null, ""progression"": 5.35}","[""AGGREGATE_SOURCE_NO_TRUE_ACTION_QUALITY"", ""PROGRESSION_PROXY_ONLY"", ""PRESSING_UNAVAILABLE""]",API_FOOTBALL_FIXTURES_PLAYERS,true,false,false,false,false
14688,319,Brann,2017-04-10T17:00:00+00:00,2026-09-26T08:36:03Z,15644,Sivert Nilsen,M,90.0,6.45,HIGH,85.7,7.4,PBK_PLAYER_GRADE_V1,"{""attack"": 5.0, ""creation"": 5.69, ""defending"": 7.1, ""discipline"": 5.0, ""possession"": 7.83, ""pressing"": null, ""progression"": 6.86}","[""AGGREGATE_SOURCE_NO_TRUE_ACTION_QUALITY"", ""PROGRESSION_PROXY_ONLY"", ""PRESSING_UNAVAILABLE""]",API_FOOTBALL_FIXTURES_PLAYERS,true,false,false,false,false
14688,319,Brann,2017-04-10T17:00:00+00:00,2026-09-26T08:36:03Z,39097,Torgeir Borven,F,23.0,4.46,LOW,85.7,6.5,PBK_PLAYER_GRADE_V1,"{""attack"": 5.0, ""creation"": 5.0, ""defending"": 2.5, ""discipline"": 4.9, ""possession"": 1.03, ""pressing"": null, ""progression"": 5.27}","[""AGGREGATE_SOURCE_NO_TRUE_ACTION_QUALITY"", ""PROGRESSION_PROXY_ONLY"", ""PRESSING_UNAVAILABLE""]",API_FOOTBALL_FIXTURES_PLAYERS,true,false,false,false,false
14688,319,Brann,2017-04-10T17:00:00+00:00,2026-09-26T08:36:03Z,39124,Deyver Vega,F,45.0,5.84,MEDIUM,85.7,6.9,PBK_PLAYER_GRADE_V1,"{""attack"": 5.5, ""creation"": 7.52, ""defending"": 5.13, ""discipline"": 4.88, ""possession"": 4.38, ""pressing"": null, ""progression"": 6.13}","[""AGGREGATE_SOURCE_NO_TRUE_ACTION_QUALITY"", ""PROGRESSION_PROXY_ONLY"", ""PRESSING_UNAVAILABLE""]",API_FOOTBALL_FIXTURES_PLAYERS,true,false,false,false,false
14688,319,Brann,2017-04-10T17:00:00+00:00,2026-09-26T08:36:03Z,39205,Bismar Acosta,D,90.0,6.65,HIGH,85.7,7.0,PBK_PLAYER_GRADE_V1,"{""attack"": 5.0, ""creation"": 5.45, ""defending"": 7.15, ""discipline"": 3.36, ""possession"": 8.38, ""pressing"": null, ""progression"": 6.93}","[""AGGREGATE_SOURCE_NO_TRUE_ACTION_QUALITY"", ""PROGRESSION_PROXY_ONLY"", ""PRESSING_UNAVAILABLE""]",API_FOOTBALL_FIXTURES_PLAYERS,true,false,false,false,false
14688,319,Brann,2017-04-10T17:00:00+00:00,2026-09-26T08:36:03Z,39209,Ruben Kristiansen,D,90.0,6.75,HIGH,85.7,7.4,PBK_PLAYER_GRADE_V1,"{""attack"": 6.05, ""creation"": 5.12, ""defending"": 7.69, ""discipline"": 5.44, ""possession"": 6.14, ""pressing"": null, ""progression"": 6.73}","[""AGGREGATE_SOURCE_NO_TRUE_ACTION_QUALITY"", ""PROGRESSION_PROXY_ONLY"", ""PRESSING_UNAVAILABLE""]",API_FOOTBALL_FIXTURES_PLAYERS,true,false,false,false,false
14688,319,Brann,2017-04-10T17:00:00+00:00,2026-09-26T08:36:03Z,39212,Vito Wormgoor,D,90.0,5.63,HIGH,85.7,6.7,PBK_PLAYER_GRADE_V1,"{""attack"": 5.0, ""creation"": 5.0, ""defending"": 5.0, ""discipline"": 4.44, ""possession"": 7.42, ""pressing"": null, ""progression"": 6.75}","[""AGGREGATE_SOURCE_NO_TRUE_ACTION_QUALITY"", ""PROGRESSION_PROXY_ONLY"", ""PRESSING_UNAVAILABLE""]",API_FOOTBALL_FIXTURES_PLAYERS,true,false,false,false,false
14688,319,Brann,2017-04-10T17:00:00+00:00,2026-09-26T08:36:03Z,39213,Kristoffer Barmen,M,90.0,5.19,HIGH,85.7,6.3,PBK_PLAYER_GRADE_V1,"{""attack"": 5.0, ""creation"": 5.45, ""defending"": 4.78, ""discipline"": 5.72, ""possession"": 3.88, ""pressing"": null, ""progression"": 6.22}","[""AGGREGATE_SOURCE_NO_TRUE_ACTION_QUALITY"", ""PROGRESSION_PROXY_ONLY"", ""PRESSING_UNAVAILABLE""]",API_FOOTBALL_FIXTURES_PLAYERS,true,false,false,false,false
14688,319,Brann,2017-04-10T17:00:00+00:00,2026-09-26T08:36:03Z,39214,Fredrik Haugen,M,90.0,5.2,HIGH,85.7,7.0,PBK_PLAYER_GRADE_V1,"{""attack"": 5.25, ""creation"": 5.45, ""defending"": 6.39, ""discipline"": 5.72, ""possession"": 3.14, ""pressing"": null, ""progression"": 5.84}","[""AGGREGATE_SOURCE_NO_TRUE_ACTION_QUALITY"", ""PROGRESSION_PROXY_ONLY"", ""PRESSING_UNAVAILABLE""]",API_FOOTBALL_FIXTURES_PLAYERS,true,false,false,false,false
14688,319,Brann,2017-04-10T17:00:00+00:00,2026-09-26T08:36:03Z,39221,Azar Karadas,F,12.0,5.28,LOW,85.7,6.5,PBK_PLAYER_GRADE_V1,"{""attack"": 5.0, ""creation"": 5.9, ""defending"": 7.08, ""discipline"": 0.0, ""possession"": 7.27, ""pressing"": null, ""progression"": 6.31}","[""AGGREGATE_SOURCE_NO_TRUE_ACTION_QUALITY"", ""PROGRESSION_PROXY_ONLY"", ""PRESSING_UNAVAILABLE""]",API_FOOTBALL_FIXTURES_PLAYERS,true,false,false,false,false
14688,319,Brann,2017-04-10T17:00:00+00:00,2026-09-26T08:36:03Z,39225,Gilli Sørensen,F,90.0,5.87,HIGH,85.7,6.8,PBK_PLAYER_GRADE_V1,"{""attack"": 6.1, ""creation"": 5.45, ""defending"": 5.0, ""discipline"": 5.72, ""possession"": 6.43, ""pressing"": null, ""progression"": 5.84}","[""AGGREGATE_SOURCE_NO_TRUE_ACTION_QUALITY"", ""PROGRESSION_PROXY_ONLY"", ""PRESSING_UNAVAILABLE""]",API_FOOTBALL_FIXTURES_PLAYERS,true,false,false,false,false
14688,319,Brann,2017-04-10T17:00:00+00:00,2026-09-26T08:36:03Z,39298,Daniel Braaten,F,45.0,4.95,MEDIUM,85.7,6.3,PBK_PLAYER_GRADE_V1,"{""attack"": 5.5, ""creation"": 5.48, ""defending"": 4.37, ""discipline"": 5.44, ""possession"": 1.03, ""pressing"": null, ""progression"": 5.64}","[""AGGREGATE_SOURCE_NO_TRUE_ACTION_QUALITY"", ""PROGRESSION_PROXY_ONLY"", ""PRESSING_UNAVAILABLE""]",API_FOOTBALL_FIXTURES_PLAYERS,true,false,false,false,false
14688,319,Brann,2017-04-10T17:00:00+00:00,2026-09-26T08:36:03Z,40519,Piotr Leciejewski,G,90.0,5.29,HIGH,85.7,6.5,PBK_PLAYER_GRADE_V1,"{""attack"": 5.0, ""creation"": 5.45, ""defending"": 5.0, ""discipline"": 6.0, ""possession"": 5.09, ""pressing"": null, ""progression"": 5.59}","[""AGGREGATE_SOURCE_NO_TRUE_ACTION_QUALITY"", ""PROGRESSION_PROXY_ONLY"", ""PRESSING_UNAVAILABLE""]",API_FOOTBALL_FIXTURES_PLAYERS,true,false,false,false,false
14688,319,Brann,2017-04-10T17:00:00+00:00,2026-09-26T08:36:03Z,47803,Jakob Orlov,F,67.0,5.0,HIGH,85.7,6.5,PBK_PLAYER_GRADE_V1,"{""attack"": 5.0, ""creation"": 5.16, ""defending"": 3.21, ""discipline"": 5.25, ""possession"": 4.77, ""pressing"": null, ""progression"": 5.38}","[""AGGREGATE_SOURCE_NO_TRUE_ACTION_QUALITY"", ""PROGRESSION_PROXY_ONLY"", ""PRESSING_UNAVAILABLE""]",API_FOOTBALL_FIXTURES_PLAYERS,true,false,false,false,false
14688,319,Brann,2017-04-10T17:00:00+00:00,2026-09-26T08:36:03Z,8699,Amin Nouri,D,78.0,6.42,HIGH,85.7,6.5,PBK_PLAYER_GRADE_V1,"{""attack"": 5.0, ""creation"": 5.66, ""defending"": 6.39, ""discipline"": 6.0, ""possession"": 8.03, ""pressing"": null, ""progression"": 6.21}","[""AGGREGATE_SOURCE_NO_TRUE_ACTION_QUALITY"", ""PROGRESSION_PROXY_ONLY"", ""PRESSING_UNAVAILABLE""]",API_FOOTBALL_FIXTURES_PLAYERS,true,false,false,false,false
14688,320,Kristiansund BK,2017-04-10T17:00:00+00:00,2026-09-26T08:36:03Z,11048,Nikita Baranov,D,90.0,6.33,HIGH,85.7,7.2,PBK_PLAYER_GRADE_V1,"{""attack"": 5.0, ""creation"": 5.12, ""defending"": 5.98, ""discipline"": 5.72, ""possession"": 8.72, ""pressing"": null, ""progression"": 6.47}","[""AGGREGATE_SOURCE_NO_TRUE_ACTION_QUALITY"", ""PROGRESSION_PROXY_ONLY"", ""PRESSING_UNAVAILABLE""]",API_FOOTBALL_FIXTURES_PLAYERS,true,false,false,false,false
14688,320,Kristiansund BK,2017-04-10T17:00:00+00:00,2026-09-26T08:36:03Z,15706,Benjamin Stokke,F,90.0,5.1,HIGH,85.7,7.2,PBK_PLAYER_GRADE_V1,"{""attack"": 5.35, ""creation"": 5.24, ""defending"": 4.54, ""discipline"": 5.72, ""possession"": 3.0, ""pressing"": null, ""progression"": 5.7}","[""AGGREGATE_SOURCE_NO_TRUE_ACTION_QUALITY"", ""PROGRESSION_PROXY_ONLY"", ""PRESSING_UNAVAILABLE""]",API_FOOTBALL_FIXTURES_PLAYERS,true,false,false,false,false
14688,320,Kristiansund BK,2017-04-10T17:00:00+00:00,2026-09-26T08:36:03Z,39151,Sean McDermott,G,90.0,5.22,HIGH,85.7,7.6,PBK_PLAYER_GRADE_V1,"{""attack"": 5.0, ""creation"": 5.0, ""defending"": 5.0, ""discipline"": 6.0, ""possession"": 4.48, ""pressing"": null, ""progression"": 5.91}","[""AGGREGATE_SOURCE_NO_TRUE_ACTION_QUALITY"", ""PROGRESSION_PROXY_ONLY"", ""PRESSING_UNAVAILABLE""]",API_FOOTBALL_FIXTURES_PLAYERS,true,false,false,false,false
14688,320,Kristiansund BK,2017-04-10T17:00:00+00:00,2026-09-26T08:36:03Z,39154,Aliou Coly,D,90.0,4.66,HIGH,85.7,6.9,PBK_PLAYER_GRADE_V1,"{""attack"": 5.0, ""creation"": 5.57, ""defending"": 5.84, ""discipline"": 4.44, ""possession"": 0.0, ""pressing"": null, ""progression"": 5.53}","[""AGGREGATE_SOURCE_NO_TRUE_ACTION_QUALITY"", ""PROGRESSION_PROXY_ONLY"", ""PRESSING_UNAVAILABLE""]",API_FOOTBALL_FIXTURES_PLAYERS,true,false,false,false,false
14688,320,Kristiansund BK,2017-04-10T17:00:00+00:00,2026-09-26T08:36:03Z,39155,Andreas Hopmark,D,90.0,7.73,HIGH,85.7,7.5,PBK_PLAYER_GRADE_V1,"{""attack"": 5.0, ""creation"": 5.12, ""defending"": 10.0, ""discipline"": 6.0, ""possession"": 6.97, ""pressing"": null, ""progression"": 6.12}","[""AGGREGATE_SOURCE_NO_TRUE_ACTION_QUALITY"", ""PROGRESSION_PROXY_ONLY"", ""PRESSING_UNAVAILABLE""]",API_FOOTBALL_FIXTURES_PLAYERS,true,false,false,false,false
14688,320,Kristiansund BK,2017-04-10T17:00:00+00:00,2026-09-26T08:36:03Z,39160,Henrik Gjesdal,D,90.0,6.99,HIGH,85.7,7.6,PBK_PLAYER_GRADE_V1,"{""attack"": 5.25, ""creation"": 5.57, ""defending"": 8.92, ""discipline"": 6.0, ""possession"": 5.14, ""pressing"": null, ""progression"": 5.84}","[""AGGREGATE_SOURCE_NO_TRUE_ACTION_QUALITY"", ""PROGRESSION_PROXY_ONLY"", ""PRESSING_UNAVAILABLE""]",API_FOOTBALL_FIXTURES_PLAYERS,true,false,false,false,false
14688,320,Kristiansund BK,2017-04-10T17:00:00+00:00,2026-09-26T08:36:03Z,39161,Pal Erik Ulvestad,M,10.0,4.46,LOW,85.7,6.5,PBK_PLAYER_GRADE_V1,"{""attack"": 5.0, ""creation"": 5.0, ""defending"": 0.83, ""discipline"": 6.0, ""possession"": 3.95, ""pressing"": null, ""progression"": 5.63}","[""AGGREGATE_SOURCE_NO_TRUE_ACTION_QUALITY"", ""PROGRESSION_PROXY_ONLY"", ""PRESSING_UNAVAILABLE""]",API_FOOTBALL_FIXTURES_PLAYERS,true,false,false,false,false
14688,320,Kristiansund BK,2017-04-10T17:00:00+00:00,2026-09-26T08:36:03Z,39166,Liridon Kalludra,M,80.0,5.67,HIGH,85.7,5.9,PBK_PLAYER_GRADE_V1,"{""attack"": 5.0, ""creation"": 5.0, ""defending"": 2.35, ""discipline"": 5.68, ""possession"": 7.93, ""pressing"": null, ""progression"": 6.54}","[""AGGREGATE_SOURCE_NO_TRUE_ACTION_QUALITY"", ""PROGRESSION_PROXY_ONLY"", ""PRESSING_UNAVAILABLE""]",API_FOOTBALL_FIXTURES_PLAYERS,true,false,false,false,false
14688,320,Kristiansund BK,2017-04-10T17:00:00+00:00,2026-09-26T08:36:03Z,39169,Sondre Sorlie,M,27.0,5.1,LOW,85.7,6.6,PBK_PLAYER_GRADE_V1,"{""attack"": 5.0, ""creation"": 7.3, ""defending"": 5.0, ""discipline"": 5.07, ""possession"": 2.75, ""pressing"": null, ""progression"": 5.35}","[""AGGREGATE_SOURCE_NO_TRUE_ACTION_QUALITY"", ""PROGRESSION_PROXY_ONLY"", ""PRESSING_UNAVAILABLE""]",API_FOOTBALL_FIXTURES_PLAYERS,true,false,false,false,false
14688,320,Kristiansund BK,2017-04-10T17:00:00+00:00,2026-09-26T08:36:03Z,57206,Sverre Okland,M,90.0,6.43,HIGH,85.7,7.4,PBK_PLAYER_GRADE_V1,"{""attack"": 6.75, ""creation"": 5.0, ""defending"": 6.36, ""discipline"": 5.72, ""possession"": 7.82, ""pressing"": null, ""progression"": 6.61}","[""AGGREGATE_SOURCE_NO_TRUE_ACTION_QUALITY"", ""PROGRESSION_PROXY_ONLY"", ""PRESSING_UNAVAILABLE""]",API_FOOTBALL_FIXTURES_PLAYERS,true,false,false,false,false
14688,320,Kristiansund BK,2017-04-10T17:00:00+00:00,2026-09-26T08:36:03Z,57324,Jonas Ronningen,M,90.0,4.46,HIGH,85.7,6.4,PBK_PLAYER_GRADE_V1,"{""attack"": 5.25, ""creation"": 5.12, ""defending"": 5.02, ""discipline"": 6.0, ""possession"": 1.06, ""pressing"": null, ""progression"": 5.5}","[""AGGREGATE_SOURCE_NO_TRUE_ACTION_QUALITY"", ""PROGRESSION_PROXY_ONLY"", ""PRESSING_UNAVAILABLE""]",API_FOOTBALL_FIXTURES_PLAYERS,true,false,false,false,false
14688,320,Kristiansund BK,2017-04-10T17:00:00+00:00,2026-09-26T08:36:03Z,57427,Jean Allasande Mendy,F,63.0,5.76,MEDIUM,85.7,6.4,PBK_PLAYER_GRADE_V1,"{""attack"": 6.14, ""creation"": 5.0, ""defending"": 2.13, ""discipline"": 5.2, ""possession"": 7.86, ""pressing"": null, ""progression"": 5.76}","[""AGGREGATE_SOURCE_NO_TRUE_ACTION_QUALITY"", ""PROGRESSION_PROXY_ONLY"", ""PRESSING_UNAVAILABLE""]",API_FOOTBALL_FIXTURES_PLAYERS,true,false,false,false,false
14688,320,Kristiansund BK,2017-04-10T17:00:00+00:00,2026-09-26T08:36:03Z,94716,Thompson Unachi Ekpe,M,2.0,4.02,LOW,71.4,6.6,PBK_PLAYER_GRADE_V1,"{""attack"": 5.0, ""creation"": 5.0, ""defending"": 6.39, ""discipline"": 6.0, ""possession"": 0.0, ""pressing"": null}","[""AGGREGATE_SOURCE_NO_TRUE_ACTION_QUALITY"", ""PROGRESSION_PROXY_ONLY"", ""PRESSING_UNAVAILABLE""]",API_FOOTBALL_FIXTURES_PLAYERS,true,false,false,false,false
14688,320,Kristiansund BK,2017-04-10T17:00:00+00:00,2026-09-26T08:36:03Z,94880,Kamer Qaka,M,88.0,6.68,HIGH,85.7,7.2,PBK_PLAYER_GRADE_V1,"{""attack"": 5.77, ""creation"": 5.74, ""defending"": 5.83, ""discipline"": 5.43, ""possession"": 8.59, ""pressing"": null, ""progression"": 7.31}","[""AGGREGATE_SOURCE_NO_TRUE_ACTION_QUALITY"", ""PROGRESSION_PROXY_ONLY"", ""PRESSING_UNAVAILABLE""]",API_FOOTBALL_FIXTURES_PLAYERS,true,false,false,false,false
14689,324,Stromsgodset,2017-04-09T18:00:00+00:00,2026-09-26T08:36:03Z,14340,Bassel Jradi,M,90.0,6.12,HIGH,85.7,7.3,PBK_PLAYER_GRADE_V1,"{""attack"": 6.0, ""creation"": 7.04, ""defending"": 5.52, ""discipline"": 4.44, ""possession"": 5.82, ""pressing"": null, ""progression"": 6.63}","[""AGGREGATE_SOURCE_NO_TRUE_ACTION_QUALITY"", ""PROGRESSION_PROXY_ONLY"", ""PRESSING_UNAVAILABLE""]",API_FOOTBALL_FIXTURES_PLAYERS,true,false,false,false,false
14689,324,Stromsgodset,2017-04-09T18:00:00+00:00,2026-09-26T08:36:03Z,28339,Tokmac Chol Nguen,M,80.0,6.11,HIGH,85.7,6.2,PBK_PLAYER_GRADE_V1,"{""attack"": 6.46, ""creation"": 5.64, ""defending"": 4.63, ""discipline"": 6.0, ""possession"": 7.17, ""pressing"": null, ""progression"": 6.32}","[""AGGREGATE_SOURCE_NO_TRUE_ACTION_QUALITY"", ""PROGRESSION_PROXY_ONLY"", ""PRESSING_UNAVAILABLE""]",API_FOOTBALL_FIXTURES_PLAYERS,true,false,false,false,false
14689,324,Stromsgodset,2017-04-09T18:00:00+00:00,2026-09-26T08:36:03Z,3444,Francisco Junior,M,45.0,6.86,MEDIUM,85.7,6.7,PBK_PLAYER_GRADE_V1,"{""attack"": 5.5, ""creation"": 5.0, ""defending"": 5.83, ""discipline"": 6.0, ""possession"": 9.77, ""pressing"": null, ""progression"": 7.6}","[""AGGREGATE_SOURCE_NO_TRUE_ACTION_QUALITY"", ""PROGRESSION_PROXY_ONLY"", ""PRESSING_UNAVAILABLE""]",API_FOOTBALL_FIXTURES_PLAYERS,true,false,false,false,false
14689,324,Stromsgodset,2017-04-09T18:00:00+00:00,2026-09-26T08:36:03Z,39147,Tommy Høiland,F,23.0,4.21,LOW,85.7,6.3,PBK_PLAYER_GRADE_V1,"{""attack"": 5.0, ""creation"": 5.0, ""defending"": 0.83, ""discipline"": 3.81, ""possession"": 0.0, ""pressing"": null, ""progression"": 5.55}","[""AGGREGATE_SOURCE_NO_TRUE_ACTION_QUALITY"", ""PROGRESSION_PROXY_ONLY"", ""PRESSING_UNAVAILABLE""]",API_FOOTBALL_FIXTURES_PLAYERS,true,false,false,false,false
14689,324,Stromsgodset,2017-04-09T18:00:00+00:00,2026-09-26T08:36:03Z,39327,Jakob Glesnes,D,90.0,6.93,HIGH,85.7,7.5,PBK_PLAYER_GRADE_V1,"{""attack"": 5.8, ""creation"": 5.57, ""defending"": 6.77, ""discipline"": 5.44, ""possession"": 8.72, ""pressing"": null, ""progression"": 7.59}","[""AGGREGATE_SOURCE_NO_TRUE_ACTION_QUALITY"", ""PROGRESSION_PROXY_ONLY"", ""PRESSING_UNAVAILABLE""]",API_FOOTBALL_FIXTURES_PLAYERS,true,false,false,false,false
14689,324,Stromsgodset,2017-04-09T18:00:00+00:00,2026-09-26T08:36:03Z,39329,Jonathan Parr,D,90.0,7.22,HIGH,85.7,7.3,PBK_PLAYER_GRADE_V1,"{""attack"": 5.25, ""creation"": 6.59, ""defending"": 7.88, ""discipline"": 6.0, ""possession"": 7.84, ""pressing"": null, ""progression"": 6.83}","[""AGGREGATE_SOURCE_NO_TRUE_ACTION_QUALITY"", ""PROGRESSION_PROXY_ONLY"", ""PRESSING_UNAVAILABLE""]",API_FOOTBALL_FIXTURES_PLAYERS,true,false,false,false,false
14689,324,Stromsgodset,2017-04-09T18:00:00+00:00,2026-09-26T08:36:03Z,39333,Lars Christopher Vilsvik,D,90.0,4.96,HIGH,85.7,7.3,PBK_PLAYER_GRADE_V1,"{""attack"": 5.0, ""creation"": 7.6, ""defending"": 3.96, ""discipline"": 6.0, ""possession"": 4.12, ""pressing"": null, ""progression"": 6.33}","[""AGGREGATE_SOURCE_NO_TRUE_ACTION_QUALITY"", ""PROGRESSION_PROXY_ONLY"", ""PRESSING_UNAVAILABLE""]",API_FOOTBALL_FIXTURES_PLAYERS,true,false,false,false,false
14689,324,Stromsgodset,2017-04-09T18:00:00+00:00,2026-09-26T08:36:03Z,39334,Henning Hauger,M,90.0,6.38,HIGH,85.7,7.1,PBK_PLAYER_GRADE_V1,"{""attack"": 5.0, ""creation"": 5.9, ""defending"": 5.46, ""discipline"": 4.72, ""possession"": 8.28, ""pressing"": null, ""progression"": 7.03}","[""AGGREGATE_SOURCE_NO_TRUE_ACTION_QUALITY"", ""PROGRESSION_PROXY_ONLY"", ""PRESSING_UNAVAILABLE""]",API_FOOTBALL_FIXTURES_PLAYERS,true,false,false,false,false
14689,324,Stromsgodset,2017-04-09T18:00:00+00:00,2026-09-26T08:36:03Z,39342,Kristoffer Tokstad,M,45.0,6.43,MEDIUM,85.7,7.0,PBK_PLAYER_GRADE_V1,"{""attack"": 6.6, ""creation"": 5.72, ""defending"": 7.78, ""discipline"": 6.0, ""possession"": 6.18, ""pressing"": null, ""progression"": 6.55}","[""AGGREGATE_SOURCE_NO_TRUE_ACTION_QUALITY"", ""PROGRESSION_PROXY_ONLY"", ""PRESSING_UNAVAILABLE""]",API_FOOTBALL_FIXTURES_PLAYERS,true,false,false,false,false
14689,324,Stromsgodset,2017-04-09T18:00:00+00:00,2026-09-26T08:36:03Z,39345,Marcus Pedersen,F,67.0,4.75,HIGH,85.7,6.3,PBK_PLAYER_GRADE_V1,"{""attack"": 5.6, ""creation"": 5.16, ""defending"": 2.02, ""discipline"": 5.62, ""possession"": 0.93, ""pressing"": null, ""progression"": 5.14}","[""AGGREGATE_SOURCE_NO_TRUE_ACTION_QUALITY"", ""PROGRESSION_PROXY_ONLY"", ""PRESSING_UNAVAILABLE""]",API_FOOTBALL_FIXTURES_PLAYERS,true,false,false,false,false
14689,324,Stromsgodset,2017-04-09T18:00:00+00:00,2026-09-26T08:36:03Z,40865,Radosław Janukiewicz,G,90.0,5.52,HIGH,85.7,7.0,PBK_PLAYER_GRADE_V1,"{""attack"": 5.0, ""creation"": 5.0, ""defending"": 5.0, ""discipline"": 6.0, ""possession"": 6.24, ""pressing"": null, ""progression"": 5.8}","[""AGGREGATE_SOURCE_NO_TRUE_ACTION_QUALITY"", ""PROGRESSION_PROXY_ONLY"", ""PRESSING_UNAVAILABLE""]",API_FOOTBALL_FIXTURES_PLAYERS,true,false,false,false,false
14689,324,Stromsgodset,2017-04-09T18:00:00+00:00,2026-09-26T08:36:03Z,57169,Marius Hoibraten,D,90.0,7.29,HIGH,85.7,7.0,PBK_PLAYER_GRADE_V1,"{""attack"": 5.0, ""creation"": 5.0, ""defending"": 7.88, ""discipline"": 6.0, ""possession"": 8.53, ""pressing"": null, ""progression"": 7.38}","[""AGGREGATE_SOURCE_NO_TRUE_ACTION_QUALITY"", ""PROGRESSION_PROXY_ONLY"", ""PRESSING_UNAVAILABLE""]",API_FOOTBALL_FIXTURES_PLAYERS,true,false,false,false,false
14689,324,Stromsgodset,2017-04-09T18:00:00+00:00,2026-09-26T08:36:03Z,57183,Pontus Engblom,F,10.0,4.88,LOW,85.7,6.7,PBK_PLAYER_GRADE_V1,"{""attack"": 5.0, ""creation"": 5.0, ""defending"": 9.17, ""discipline"": 6.0, ""possession"": 1.06, ""pressing"": null, ""progression"": 5.32}","[""AGGREGATE_SOURCE_NO_TRUE_ACTION_QUALITY"", ""PROGRESSION_PROXY_ONLY"", ""PRESSING_UNAVAILABLE""]",API_FOOTBALL_FIXTURES_PLAYERS,true,false,false,false,false
14689,324,Stromsgodset,2017-04-09T18:00:00+00:00,2026-09-26T08:36:03Z,99358,Marco Tagbajumi,F,90.0,6.38,HIGH,85.7,7.8,PBK_PLAYER_GRADE_V1,"{""attack"": 7.9, ""creation"": 5.48, ""defending"": 4.78, ""discipline"": 5.16, ""possession"": 5.49, ""pressing"": null, ""progression"": 5.63}","[""AGGREGATE_SOURCE_NO_TRUE_ACTION_QUALITY"", ""PROGRESSION_PROXY_ONLY"", ""PRESSING_UNAVAILABLE""]",API_FOOTBALL_FIXTURES_PLAYERS,true,false,false,false,false
14689,757,Aalesund,2017-04-09T18:00:00+00:00,2026-09-26T08:36:03Z,11003,Edwin Gyasi,M,21.0,5.22,LOW,85.7,6.5,PBK_PLAYER_GRADE_V1,"{""attack"": 7.36, ""creation"": 6.93, ""defending"": 2.92, ""discipline"": 4.8, ""possession"": 3.14, ""pressing"": null, ""progression"": 5.9}","[""AGGREGATE_SOURCE_NO_TRUE_ACTION_QUALITY"", ""PROGRESSION_PROXY_ONLY"", ""PRESSING_UNAVAILABLE""]",API_FOOTBALL_FIXTURES_PLAYERS,true,false,false,false,false
14689,757,Aalesund,2017-04-09T18:00:00+00:00,2026-09-26T08:36:03Z,37445,Lars Veldwijk,F,79.0,5.61,HIGH,85.7,6.8,PBK_PLAYER_GRADE_V1,"{""attack"": 5.63, ""creation"": 5.65, ""defending"": 2.5, ""discipline"": 5.68, ""possession"": 6.51, ""pressing"": null, ""progression"": 5.72}","[""AGGREGATE_SOURCE_NO_TRUE_ACTION_QUALITY"", ""PROGRESSION_PROXY_ONLY"", ""PRESSING_UNAVAILABLE""]",API_FOOTBALL_FIXTURES_PLAYERS,true,false,false,false,false
14689,757,Aalesund,2017-04-09T18:00:00+00:00,2026-09-26T08:36:03Z,39089,Vebjørn Hoff,M,90.0,5.86,HIGH,85.7,7.2,PBK_PLAYER_GRADE_V1,"{""attack"": 6.0, ""creation"": 5.12, ""defending"": 6.21, ""discipline"": 5.44, ""possession"": 5.62, ""pressing"": null, ""progression"": 6.59}","[""AGGREGATE_SOURCE_NO_TRUE_ACTION_QUALITY"", ""PROGRESSION_PROXY_ONLY"", ""PRESSING_UNAVAILABLE""]",API_FOOTBALL_FIXTURES_PLAYERS,true,false,false,false,false
14689,757,Aalesund,2017-04-09T18:00:00+00:00,2026-09-26T08:36:03Z,39344,Mostafa Abdellaoue,F,90.0,5.81,HIGH,85.7,7.0,PBK_PLAYER_GRADE_V1,"{""attack"": 6.75, ""creation"": 5.45, ""defending"": 1.59, ""discipline"": 5.72, ""possession"": 5.49, ""pressing"": null, ""progression"": 5.46}","[""AGGREGATE_SOURCE_NO_TRUE_ACTION_QUALITY"", ""PROGRESSION_PROXY_ONLY"", ""PRESSING_UNAVAILABLE""]",API_FOOTBALL_FIXTURES_PLAYERS,true,false,false,false,false
14689,757,Aalesund,2017-04-09T18:00:00+00:00,2026-09-26T08:36:03Z,40415,Mikkel Kirkeskov,D,90.0,4.52,HIGH,85.7,6.3,PBK_PLAYER_GRADE_V1,"{""attack"": 5.0, ""creation"": 7.27, ""defending"": 2.73, ""discipline"": 5.44, ""possession"": 5.95, ""pressing"": null, ""progression"": 5.63}","[""AGGREGATE_SOURCE_NO_TRUE_ACTION_QUALITY"", ""PROGRESSION_PROXY_ONLY"", ""PRESSING_UNAVAILABLE""]",API_FOOTBALL_FIXTURES_PLAYERS,true,false,false,false,false
14689,757,Aalesund,2017-04-09T18:00:00+00:00,2026-09-26T08:36:03Z,57137,Andreas Lie,G,90.0,2.73,HIGH,85.7,7.2,PBK_PLAYER_GRADE_V1,"{""attack"": 5.0, ""creation"": 5.0, ""defending"": 0.83, ""discipline"": 5.72, ""possession"": 1.62, ""pressing"": null, ""progression"": 5.63}","[""AGGREGATE_SOURCE_NO_TRUE_ACTION_QUALITY"", ""PROGRESSION_PROXY_ONLY"", ""PRESSING_UNAVAILABLE""]",API_FOOTBALL_FIXTURES_PLAYERS,true,false,false,false,false
14689,757,Aalesund,2017-04-09T18:00:00+00:00,2026-09-26T08:36:03Z,57141,Daniel Leo Gretarsson,D,53.0,6.37,MEDIUM,85.7,7.0,PBK_PLAYER_GRADE_V1,"{""attack"": 5.93, ""creation"": 5.0, ""defending"": 7.68, ""discipline"": 6.0, ""possession"": 4.68, ""pressing"": null, ""progression"": 5.71}","[""AGGREGATE_SOURCE_NO_TRUE_ACTION_QUALITY"", ""PROGRESSION_PROXY_ONLY"", ""PRESSING_UNAVAILABLE""]",API_FOOTBALL_FIXTURES_PLAYERS,true,false,false,false,false
14689,757,Aalesund,2017-04-09T18:00:00+00:00,2026-09-26T08:36:03Z,57145,Oddbjorn Lie,D,37.0,7.19,LOW,85.7,6.9,PBK_PLAYER_GRADE_V1,"{""attack"": 5.0, ""creation"": 5.88, ""defending"": 10.0, ""discipline"": 6.0, ""possession"": 3.86, ""pressing"": null, ""progression"": 5.51}","[""AGGREGATE_SOURCE_NO_TRUE_ACTION_QUALITY"", ""PROGRESSION_PROXY_ONLY"", ""PRESSING_UNAVAILABLE""]",API_FOOTBALL_FIXTURES_PLAYERS,true,false,false,false,false
14689,757,Aalesund,2017-04-09T18:00:00+00:00,2026-09-26T08:36:03Z,57148,Kaj Ramsteijn,D,90.0,6.08,HIGH,85.7,7.0,PBK_PLAYER_GRADE_V1,"{""attack"": 5.0, ""creation"": 5.0, ""defending"": 6.39, ""discipline"": 5.72, ""possession"": 6.56, ""pressing"": null, ""progression"": 6.02}","[""AGGREGATE_SOURCE_NO_TRUE_ACTION_QUALITY"", ""PROGRESSION_PROXY_ONLY"", ""PRESSING_UNAVAILABLE""]",API_FOOTBALL_FIXTURES_PLAYERS,true,false,false,false,false
14689,757,Aalesund,2017-04-09T18:00:00+00:00,2026-09-26T08:36:03Z,57151,Fredrik Carlsen,M,90.0,5.77,HIGH,85.7,7.1,PBK_PLAYER_GRADE_V1,"{""attack"": 5.25, ""creation"": 5.36, ""defending"": 6.77, ""discipline"": 5.72, ""possession"": 5.28, ""pressing"": null, ""progression"": 6.26}","[""AGGREGATE_SOURCE_NO_TRUE_ACTION_QUALITY"", ""PROGRESSION_PROXY_ONLY"", ""PRESSING_UNAVAILABLE""]",API_FOOTBALL_FIXTURES_PLAYERS,true,false,false,false,false
14689,757,Aalesund,2017-04-09T18:00:00+00:00,2026-09-26T08:36:03Z,57157,Aron Elis Thrandarson,M,90.0,5.45,HIGH,85.7,6.5,PBK_PLAYER_GRADE_V1,"{""attack"": 5.25, ""creation"": 5.45, ""defending"": 4.64, ""discipline"": 5.44, ""possession"": 5.64, ""pressing"": null, ""progression"": 5.84}","[""AGGREGATE_SOURCE_NO_TRUE_ACTION_QUALITY"", ""PROGRESSION_PROXY_ONLY"", ""PRESSING_UNAVAILABLE""]",API_FOOTBALL_FIXTURES_PLAYERS,true,false,false,false,false
14689,757,Aalesund,2017-04-09T18:00:00+00:00,2026-09-26T08:36:03Z,57159,Sondre Fet,M,69.0,5.15,HIGH,85.7,7.1,PBK_PLAYER_GRADE_V1,"{""attack"": 5.0, ""creation"": 6.17, ""defending"": 6.09, ""discipline"": 5.63, ""possession"": 2.89, ""pressing"": null, ""progression"": 5.55}","[""AGGREGATE_SOURCE_NO_TRUE_ACTION_QUALITY"", ""PROGRESSION_PROXY_ONLY"", ""PRESSING_UNAVAILABLE""]",API_FOOTBALL_FIXTURES_PLAYERS,true,false,false,false,false
14689,757,Aalesund,2017-04-09T18:00:00+00:00,2026-09-26T08:36:03Z,89715,Valmir Berisha,F,11.0,7.55,LOW,85.7,6.7,PBK_PLAYER_GRADE_V1,"{""attack"": 9.5, ""creation"": 5.98, ""defending"": 4.17, ""discipline"": 6.0, ""possession"": 9.37, ""pressing"": null, ""progression"": 5.29}","[""AGGREGATE_SOURCE_NO_TRUE_ACTION_QUALITY"", ""PROGRESSION_PROXY_ONLY"", ""PRESSING_UNAVAILABLE""]",API_FOOTBALL_FIXTURES_PLAYERS,true,false,false,false,false
14689,757,Aalesund,2017-04-09T18:00:00+00:00,2026-09-26T08:36:03Z,94580,Bjorn Helge Riise,M,90.0,5.77,HIGH,85.7,7.3,PBK_PLAYER_GRADE_V1,"{""attack"": 5.5, ""creation"": 5.57, ""defending"": 6.07, ""discipline"": 5.72, ""possession"": 5.22, ""pressing"": null, ""progression"": 6.38}","[""AGGREGATE_SOURCE_NO_TRUE_ACTION_QUALITY"", ""PROGRESSION_PROXY_ONLY"", ""PRESSING_UNAVAILABLE""]",API_FOOTBALL_FIXTURES_PLAYERS,true,false,false,false,false
14690,321,Lillestrom,2017-04-09T16:00:00+00:00,2026-09-26T08:36:03Z,15527,Shikoze Udoji,F,90.0,5.21,HIGH,85.7,6.2,PBK_PLAYER_GRADE_V1,"{""attack"": 5.55, ""creation"": 5.57, ""defending"": 3.59, ""discipline"": 4.44, ""possession"": 4.0, ""pressing"": null, ""progression"": 5.7}","[""AGGREGATE_SOURCE_NO_TRUE_ACTION_QUALITY"", ""PROGRESSION_PROXY_ONLY"", ""PRESSING_UNAVAILABLE""]",API_FOOTBALL_FIXTURES_PLAYERS,true,false,false,false,false
14690,321,Lillestrom,2017-04-09T16:00:00+00:00,2026-09-26T08:36:03Z,39052,Erling Knudtzon,F,77.0,5.69,HIGH,85.7,6.3,PBK_PLAYER_GRADE_V1,"{""attack"": 6.52, ""creation"": 5.28, ""defending"": 5.76, ""discipline"": 4.5, ""possession"": 4.15, ""pressing"": null, ""progression"": 6.08}","[""AGGREGATE_SOURCE_NO_TRUE_ACTION_QUALITY"", ""PROGRESSION_PROXY_ONLY"", ""PRESSING_UNAVAILABLE""]",API_FOOTBALL_FIXTURES_PLAYERS,true,false,false,false,false
14690,321,Lillestrom,2017-04-09T16:00:00+00:00,2026-09-26T08:36:03Z,39305,Mats Haakenstad,D,90.0,4.68,HIGH,85.7,6.3,PBK_PLAYER_GRADE_V1,"{""attack"": 5.75, ""creation"": 5.0, ""defending"": 5.0, ""discipline"": 6.0, ""possession"": 0.82, ""pressing"": null, ""progression"": 6.0}","[""AGGREGATE_SOURCE_NO_TRUE_ACTION_QUALITY"", ""PROGRESSION_PROXY_ONLY"", ""PRESSING_UNAVAILABLE""]",API_FOOTBALL_FIXTURES_PLAYERS,true,false,false,false,false
14690,321,Lillestrom,2017-04-09T16:00:00+00:00,2026-09-26T08:36:03Z,39306,Simen Kind Mikalsen,D,90.0,5.41,HIGH,85.7,6.8,PBK_PLAYER_GRADE_V1,"{""attack"": 5.25, ""creation"": 5.0, ""defending"": 6.59, ""discipline"": 5.44, ""possession"": 1.86, ""pressing"": null, ""progression"": 5.92}","[""AGGREGATE_SOURCE_NO_TRUE_ACTION_QUALITY"", ""PROGRESSION_PROXY_ONLY"", ""PRESSING_UNAVAILABLE""]",API_FOOTBALL_FIXTURES_PLAYERS,true,false,false,false,false
14690,321,Lillestrom,2017-04-09T16:00:00+00:00,2026-09-26T08:36:03Z,39307,Frode Kippe,D,13.0,5.0,LOW,85.7,6.4,PBK_PLAYER_GRADE_V1,"{""attack"": 8.81, ""creation"": 8.12, ""defending"": 3.61, ""discipline"": 4.06, ""possession"": 4.54, ""pressing"": null, ""progression"": 6.45}","[""AGGREGATE_SOURCE_NO_TRUE_ACTION_QUALITY"", ""PROGRESSION_PROXY_ONLY"", ""PRESSING_UNAVAILABLE""]",API_FOOTBALL_FIXTURES_PLAYERS,true,false,false,false,false
14690,321,Lillestrom,2017-04-09T16:00:00+00:00,2026-09-26T08:36:03Z,39309,Simen Rafn,D,45.0,5.48,MEDIUM,85.7,6.4,PBK_PLAYER_GRADE_V1,"{""attack"": 5.5, ""creation"": 6.38, ""defending"": 6.04, ""discipline"": 6.0, ""possession"": 2.8, ""pressing"": null, ""progression"": 5.78}","[""AGGREGATE_SOURCE_NO_TRUE_ACTION_QUALITY"", ""PROGRESSION_PROXY_ONLY"", ""PRESSING_UNAVAILABLE""]",API_FOOTBALL_FIXTURES_PLAYERS,true,false,false,false,false
14690,321,Lillestrom,2017-04-09T16:00:00+00:00,2026-09-26T08:36:03Z,39316,Fredrik Krogstad,M,87.0,5.71,HIGH,85.7,6.8,PBK_PLAYER_GRADE_V1,"{""attack"": 5.26, ""creation"": 5.59, ""defending"": 7.18, ""discipline"": 6.0, ""possession"": 4.51, ""pressing"": null, ""progression"": 6.13}","[""AGGREGATE_SOURCE_NO_TRUE_ACTION_QUALITY"", ""PROGRESSION_PROXY_ONLY"", ""PRESSING_UNAVAILABLE""]",API_FOOTBALL_FIXTURES_PLAYERS,true,false,false,false,false
14690,321,Lillestrom,2017-04-09T16:00:00+00:00,2026-09-26T08:36:03Z,39317,Aleksander Melgalvis,M,90.0,4.88,HIGH,85.7,6.6,PBK_PLAYER_GRADE_V1,"{""attack"": 5.0, ""creation"": 5.6, ""defending"": 5.96, ""discipline"": 5.44, ""possession"": 2.17, ""pressing"": null, ""progression"": 5.7}","[""AGGREGATE_SOURCE_NO_TRUE_ACTION_QUALITY"", ""PROGRESSION_PROXY_ONLY"", ""PRESSING_UNAVAILABLE""]",API_FOOTBALL_FIXTURES_PLAYERS,true,false,false,false,false
14690,321,Lillestrom,2017-04-09T16:00:00+00:00,2026-09-26T08:36:03Z,41877,Daniel Fernandes,G,90.0,4.28,HIGH,85.7,5.5,PBK_PLAYER_GRADE_V1,"{""attack"": 5.0, ""creation"": 5.0, ""defending"": 5.0, ""discipline"": 6.0, ""possession"": 0.0, ""pressing"": null, ""progression"": 5.21}","[""AGGREGATE_SOURCE_NO_TRUE_ACTION_QUALITY"", ""PROGRESSION_PROXY_ONLY"", ""PRESSING_UNAVAILABLE""]",API_FOOTBALL_FIXTURES_PLAYERS,true,false,false,false,false
14690,321,Lillestrom,2017-04-09T16:00:00+00:00,2026-09-26T08:36:03Z,57432,Stefan Antonijevic,D,3.0,3.43,LOW,85.7,6.2,PBK_PLAYER_GRADE_V1,"{""attack"": 5.0, ""creation"": 10.0, ""defending"": 0.83, ""discipline"": 6.0, ""possession"": 0.67, ""pressing"": null, ""progression"": 7.1}","[""AGGREGATE_SOURCE_NO_TRUE_ACTION_QUALITY"", ""PROGRESSION_PROXY_ONLY"", ""PRESSING_UNAVAILABLE""]",API_FOOTBALL_FIXTURES_PLAYERS,true,false,false,false,false
14690,321,Lillestrom,2017-04-09T16:00:00+00:00,2026-09-26T08:36:03Z,61916,Matthew Ifeanyi,M,90.0,5.97,HIGH,85.7,7.2,PBK_PLAYER_GRADE_V1,"{""attack"": 5.8, ""creation"": 5.12, ""defending"": 5.38, ""discipline"": 5.72, ""possession"": 6.99, ""pressing"": null, ""progression"": 6.33}","[""AGGREGATE_SOURCE_NO_TRUE_ACTION_QUALITY"", ""PROGRESSION_PROXY_ONLY"", ""PRESSING_UNAVAILABLE""]",API_FOOTBALL_FIXTURES_PLAYERS,true,false,false,false,false
14690,321,Lillestrom,2017-04-09T16:00:00+00:00,2026-09-26T08:36:03Z,66417,Michal Škoda,F,45.0,5.08,MEDIUM,85.7,6.5,PBK_PLAYER_GRADE_V1,"{""attack"": 5.0, ""creation"": 5.0, ""defending"": 0.83, ""discipline"": 5.44, ""possession"": 6.58, ""pressing"": null, ""progression"": 5.35}","[""AGGREGATE_SOURCE_NO_TRUE_ACTION_QUALITY"", ""PROGRESSION_PROXY_ONLY"", ""PRESSING_UNAVAILABLE""]",API_FOOTBALL_FIXTURES_PLAYERS,true,false,false,false,false
14690,321,Lillestrom,2017-04-09T16:00:00+00:00,2026-09-26T08:36:03Z,72375,Tomáš Malec,F,90.0,5.76,HIGH,85.7,6.7,PBK_PLAYER_GRADE_V1,"{""attack"": 5.55, ""creation"": 7.04, ""defending"": 3.48, ""discipline"": 4.88, ""possession"": 5.34, ""pressing"": null, ""progression"": 5.95}","[""AGGREGATE_SOURCE_NO_TRUE_ACTION_QUALITY"", ""PROGRESSION_PROXY_ONLY"", ""PRESSING_UNAVAILABLE""]",API_FOOTBALL_FIXTURES_PLAYERS,true,false,false,false,false
14690,321,Lillestrom,2017-04-09T16:00:00+00:00,2026-09-26T08:36:03Z,98613,Marius Amundsen,D,90.0,5.82,HIGH,85.7,6.6,PBK_PLAYER_GRADE_V1,"{""attack"": 5.0, ""creation"": 5.0, ""defending"": 7.84, ""discipline"": 6.0, ""possession"": 1.26, ""pressing"": null, ""progression"": 5.59}","[""AGGREGATE_SOURCE_NO_TRUE_ACTION_QUALITY"", ""PROGRESSION_PROXY_ONLY"", ""PRESSING_UNAVAILABLE""]",API_FOOTBALL_FIXTURES_PLAYERS,true,false,false,false,false
14690,328,Haugesund,2017-04-09T16:00:00+00:00,2026-09-26T08:36:03Z,16068,Frederik Gytkjaer,F,81.0,4.67,HIGH,85.7,6.7,PBK_PLAYER_GRADE_V1,"{""attack"": 5.0, ""creation"": 5.13, ""defending"": 3.33, ""discipline"": 5.69, ""possession"": 1.47, ""pressing"": null, ""progression"": 5.43}","[""AGGREGATE_SOURCE_NO_TRUE_ACTION_QUALITY"", ""PROGRESSION_PROXY_ONLY"", ""PRESSING_UNAVAILABLE""]",API_FOOTBALL_FIXTURES_PLAYERS,true,false,false,false,false
14690,328,Haugesund,2017-04-09T16:00:00+00:00,2026-09-26T08:36:03Z,39232,Fredrik Knudsen,D,90.0,6.56,HIGH,85.7,8.0,PBK_PLAYER_GRADE_V1,"{""attack"": 5.0, ""creation"": 5.0, ""defending"": 9.5, ""discipline"": 5.72, ""possession"": 1.73, ""pressing"": null, ""progression"": 5.56}","[""AGGREGATE_SOURCE_NO_TRUE_ACTION_QUALITY"", ""PROGRESSION_PROXY_ONLY"", ""PRESSING_UNAVAILABLE""]",API_FOOTBALL_FIXTURES_PLAYERS,true,false,false,false,false
14690,328,Haugesund,2017-04-09T16:00:00+00:00,2026-09-26T08:36:03Z,39242,Alexander Stolaas,D,90.0,6.22,HIGH,85.7,7.1,PBK_PLAYER_GRADE_V1,"{""attack"": 5.5, ""creation"": 5.69, ""defending"": 8.5, ""discipline"": 5.72, ""possession"": 1.35, ""pressing"": null, ""progression"": 5.85}","[""AGGREGATE_SOURCE_NO_TRUE_ACTION_QUALITY"", ""PROGRESSION_PROXY_ONLY"", ""PRESSING_UNAVAILABLE""]",API_FOOTBALL_FIXTURES_PLAYERS,true,false,false,false,false
14690,328,Haugesund,2017-04-09T16:00:00+00:00,2026-09-26T08:36:03Z,39243,Sondre Trondstad,M,90.0,4.76,HIGH,85.7,7.1,PBK_PLAYER_GRADE_V1,"{""attack"": 5.0, ""creation"": 5.0, ""defending"": 5.0, ""discipline"": 5.72, ""possession"": 2.99, ""pressing"": null, ""progression"": 5.46}","[""AGGREGATE_SOURCE_NO_TRUE_ACTION_QUALITY"", ""PROGRESSION_PROXY_ONLY"", ""PRESSING_UNAVAILABLE""]",API_FOOTBALL_FIXTURES_PLAYERS,true,false,false,false,false
14690,328,Haugesund,2017-04-09T16:00:00+00:00,2026-09-26T08:36:03Z,44580,Filip Kiss,M,90.0,4.86,HIGH,85.7,7.1,PBK_PLAYER_GRADE_V1,"{""attack"": 5.0, ""creation"": 5.12, ""defending"": 6.97, ""discipline"": 6.0, ""possession"": 1.55, ""pressing"": null, ""progression"": 5.77}","[""AGGREGATE_SOURCE_NO_TRUE_ACTION_QUALITY"", ""PROGRESSION_PROXY_ONLY"", ""PRESSING_UNAVAILABLE""]",API_FOOTBALL_FIXTURES_PLAYERS,true,false,false,false,false
14690,328,Haugesund,2017-04-09T16:00:00+00:00,2026-09-26T08:36:03Z,48034,Per Kristian Bratveit,G,90.0,6.15,HIGH,85.7,7.6,PBK_PLAYER_GRADE_V1,"{""attack"": 5.0, ""creation"": 5.12, ""defending"": 9.17, ""discipline"": 6.0, ""possession"": 0.0, ""pressing"": null, ""progression"": 5.17}","[""AGGREGATE_SOURCE_NO_TRUE_ACTION_QUALITY"", ""PROGRESSION_PROXY_ONLY"", ""PRESSING_UNAVAILABLE""]",API_FOOTBALL_FIXTURES_PLAYERS,true,false,false,false,false
14690,328,Haugesund,2017-04-09T16:00:00+00:00,2026-09-26T08:36:03Z,50067,Haris Hajradinović,M,89.0,4.92,HIGH,85.7,7.0,PBK_PLAYER_GRADE_V1,"{""attack"": 5.0, ""creation"": 5.0, ""defending"": 4.17, ""discipline"": 5.72, ""possession"": 3.91, ""pressing"": null, ""progression"": 5.81}","[""AGGREGATE_SOURCE_NO_TRUE_ACTION_QUALITY"", ""PROGRESSION_PROXY_ONLY"", ""PRESSING_UNAVAILABLE""]",API_FOOTBALL_FIXTURES_PLAYERS,true,false,false,false,false
14690,328,Haugesund,2017-04-09T16:00:00+00:00,2026-09-26T08:36:03Z,57350,Johnny Per Buduson,F,9.0,5.9,LOW,85.7,6.5,PBK_PLAYER_GRADE_V1,"{""attack"": 5.0, ""creation"": 5.0, ""defending"": 5.0, ""discipline"": 6.0, ""possession"": 10.0, ""pressing"": null, ""progression"": 6.75}","[""AGGREGATE_SOURCE_NO_TRUE_ACTION_QUALITY"", ""PROGRESSION_PROXY_ONLY"", ""PRESSING_UNAVAILABLE""]",API_FOOTBALL_FIXTURES_PLAYERS,true,false,false,false,false
14690,328,Haugesund,2017-04-09T16:00:00+00:00,2026-09-26T08:36:03Z,57476,Sverre Bjorkkjaer,D,1.0,4.18,LOW,71.4,–,PBK_PLAYER_GRADE_V1,"{""attack"": 5.0, ""creation"": 5.0, ""defending"": 5.0, ""discipline"": 6.0, ""possession"": 0.0, ""pressing"": null}","[""AGGREGATE_SOURCE_NO_TRUE_ACTION_QUALITY"", ""PROGRESSION_PROXY_ONLY"", ""PRESSING_UNAVAILABLE""]",API_FOOTBALL_FIXTURES_PLAYERS,true,false,false,false,false
14690,328,Haugesund,2017-04-09T16:00:00+00:00,2026-09-26T08:36:03Z,94581,Shuaibu Lalle Ibrahim,F,90.0,5.0,HIGH,85.7,7.0,PBK_PLAYER_GRADE_V1,"{""attack"": 6.75, ""creation"": 5.0, ""defending"": 1.43, ""discipline"": 5.16, ""possession"": 0.12, ""pressing"": null, ""progression"": 5.17}","[""AGGREGATE_SOURCE_NO_TRUE_ACTION_QUALITY"", ""PROGRESSION_PROXY_ONLY"", ""PRESSING_UNAVAILABLE""]",API_FOOTBALL_FIXTURES_PLAYERS,true,false,false,false,false
14690,328,Haugesund,2017-04-09T16:00:00+00:00,2026-09-26T08:36:03Z,94593,Erik Huseklepp,M,90.0,4.83,HIGH,85.7,7.1,PBK_PLAYER_GRADE_V1,"{""attack"": 5.0, ""creation"": 7.06, ""defending"": 5.96, ""discipline"": 5.72, ""possession"": 0.96, ""pressing"": null, ""progression"": 5.17}","[""AGGREGATE_SOURCE_NO_TRUE_ACTION_QUALITY"", ""PROGRESSION_PROXY_ONLY"", ""PRESSING_UNAVAILABLE""]",API_FOOTBALL_FIXTURES_PLAYERS,true,false,false,false,false
14690,328,Haugesund,2017-04-09T16:00:00+00:00,2026-09-26T08:36:03Z,98608,Vegard Skjerve,D,90.0,6.0,HIGH,85.7,7.4,PBK_PLAYER_GRADE_V1,"{""attack"": 5.0, ""creation"": 5.12, ""defending"": 7.53, ""discipline"": 6.0, ""possession"": 3.44, ""pressing"": null, ""progression"": 5.38}","[""AGGREGATE_SOURCE_NO_TRUE_ACTION_QUALITY"", ""PROGRESSION_PROXY_ONLY"", ""PRESSING_UNAVAILABLE""]",API_FOOTBALL_FIXTURES_PLAYERS,true,false,false,false,false
14690,328,Haugesund,2017-04-09T16:00:00+00:00,2026-09-26T08:36:03Z,99580,Tor Arne Andreassen,M,15.0,4.4,LOW,85.7,6.4,PBK_PLAYER_GRADE_V1,"{""attack"": 5.0, ""creation"": 5.72, ""defending"": 6.39, ""discipline"": 4.32, ""possession"": 0.0, ""pressing"": null, ""progression"": 5.63}","[""AGGREGATE_SOURCE_NO_TRUE_ACTION_QUALITY"", ""PROGRESSION_PROXY_ONLY"", ""PRESSING_UNAVAILABLE""]",API_FOOTBALL_FIXTURES_PLAYERS,true,false,false,false,false
14690,328,Haugesund,2017-04-09T16:00:00+00:00,2026-09-26T08:36:03Z,99582,Liban Abdi,M,75.0,4.97,HIGH,85.7,7.3,PBK_PLAYER_GRADE_V1,"{""attack"": 7.4, ""creation"": 5.58, ""defending"": 6.05, ""discipline"": 3.46, ""possession"": 2.1, ""pressing"": null, ""progression"": 5.59}","[""AGGREGATE_SOURCE_NO_TRUE_ACTION_QUALITY"", ""PROGRESSION_PROXY_ONLY"", ""PRESSING_UNAVAILABLE""]",API_FOOTBALL_FIXTURES_PLAYERS,true,false,false,false,false
14691,333,Sarpsborg 08 FF,2017-04-09T16:00:00+00:00,2026-09-26T08:36:03Z,1184,Anders Trondsen,M,72.0,6.69,HIGH,85.7,8.3,PBK_PLAYER_GRADE_V1,"{""attack"": 8.44, ""creation"": 6.71, ""defending"": 8.73, ""discipline"": 6.0, ""possession"": 4.56, ""pressing"": null, ""progression"": 6.69}","[""AGGREGATE_SOURCE_NO_TRUE_ACTION_QUALITY"", ""PROGRESSION_PROXY_ONLY"", ""PRESSING_UNAVAILABLE""]",API_FOOTBALL_FIXTURES_PLAYERS,true,false,false,false,false
14691,333,Sarpsborg 08 FF,2017-04-09T16:00:00+00:00,2026-09-26T08:36:03Z,15598,Patrick Mortensen,F,90.0,6.15,HIGH,85.7,7.8,PBK_PLAYER_GRADE_V1,"{""attack"": 6.75, ""creation"": 6.73, ""defending"": 7.36, ""discipline"": 5.16, ""possession"": 3.72, ""pressing"": null, ""progression"": 5.77}","[""AGGREGATE_SOURCE_NO_TRUE_ACTION_QUALITY"", ""PROGRESSION_PROXY_ONLY"", ""PRESSING_UNAVAILABLE""]",API_FOOTBALL_FIXTURES_PLAYERS,true,false,false,false,false
14691,333,Sarpsborg 08 FF,2017-04-09T16:00:00+00:00,2026-09-26T08:36:03Z,2015,Joachim Thomassen,D,90.0,6.23,HIGH,85.7,7.1,PBK_PLAYER_GRADE_V1,"{""attack"": 5.25, ""creation"": 5.81, ""defending"": 6.36, ""discipline"": 5.72, ""possession"": 6.17, ""pressing"": null, ""progression"": 6.83}","[""AGGREGATE_SOURCE_NO_TRUE_ACTION_QUALITY"", ""PROGRESSION_PROXY_ONLY"", ""PRESSING_UNAVAILABLE""]",API_FOOTBALL_FIXTURES_PLAYERS,true,false,false,false,false
14691,333,Sarpsborg 08 FF,2017-04-09T16:00:00+00:00,2026-09-26T08:36:03Z,2016,Jon-Helge Tveita,D,61.0,5.79,MEDIUM,85.7,6.8,PBK_PLAYER_GRADE_V1,"{""attack"": 5.0, ""creation"": 5.0, ""defending"": 7.52, ""discipline"": 6.0, ""possession"": 2.04, ""pressing"": null, ""progression"": 5.52}","[""AGGREGATE_SOURCE_NO_TRUE_ACTION_QUALITY"", ""PROGRESSION_PROXY_ONLY"", ""PRESSING_UNAVAILABLE""]",API_FOOTBALL_FIXTURES_PLAYERS,true,false,false,false,false
14691,333,Sarpsborg 08 FF,2017-04-09T16:00:00+00:00,2026-09-26T08:36:03Z,2021,Ole Jørgen Halvorsen,M,29.0,7.32,LOW,85.7,7.1,PBK_PLAYER_GRADE_V1,"{""attack"": 5.78, ""creation"": 9.25, ""defending"": 7.08, ""discipline"": 6.0, ""possession"": 7.6, ""pressing"": null, ""progression"": 6.86}","[""AGGREGATE_SOURCE_NO_TRUE_ACTION_QUALITY"", ""PROGRESSION_PROXY_ONLY"", ""PRESSING_UNAVAILABLE""]",API_FOOTBALL_FIXTURES_PLAYERS,true,false,false,false,false
14691,333,Sarpsborg 08 FF,2017-04-09T16:00:00+00:00,2026-09-26T08:36:03Z,2025,Matti Lund Nielsen,M,90.0,6.04,HIGH,85.7,7.5,PBK_PLAYER_GRADE_V1,"{""attack"": 5.0, ""creation"": 6.02, ""defending"": 4.72, ""discipline"": 4.88, ""possession"": 7.37, ""pressing"": null, ""progression"": 6.68}","[""AGGREGATE_SOURCE_NO_TRUE_ACTION_QUALITY"", ""PROGRESSION_PROXY_ONLY"", ""PRESSING_UNAVAILABLE""]",API_FOOTBALL_FIXTURES_PLAYERS,true,false,false,false,false
14691,333,Sarpsborg 08 FF,2017-04-09T16:00:00+00:00,2026-09-26T08:36:03Z,2027,Kristoffer Zachariassen,M,90.0,5.43,HIGH,85.7,6.4,PBK_PLAYER_GRADE_V1,"{""attack"": 5.0, ""creation"": 6.02, ""defending"": 4.24, ""discipline"": 5.16, ""possession"": 5.37, ""pressing"": null, ""progression"": 5.98}","[""AGGREGATE_SOURCE_NO_TRUE_ACTION_QUALITY"", ""PROGRESSION_PROXY_ONLY"", ""PRESSING_UNAVAILABLE""]",API_FOOTBALL_FIXTURES_PLAYERS,true,false,false,false,false
14691,333,Sarpsborg 08 FF,2017-04-09T16:00:00+00:00,2026-09-26T08:36:03Z,48285,Jonas Lindberg,F,80.0,6.22,HIGH,85.7,7.2,PBK_PLAYER_GRADE_V1,"{""attack"": 6.24, ""creation"": 6.05, ""defending"": 6.79, ""discipline"": 6.0, ""possession"": 6.62, ""pressing"": null, ""progression"": 6.1}","[""AGGREGATE_SOURCE_NO_TRUE_ACTION_QUALITY"", ""PROGRESSION_PROXY_ONLY"", ""PRESSING_UNAVAILABLE""]",API_FOOTBALL_FIXTURES_PLAYERS,true,false,false,false,false
14691,333,Sarpsborg 08 FF,2017-04-09T16:00:00+00:00,2026-09-26T08:36:03Z,55401,Henri Toivomäki,D,90.0,7.18,HIGH,85.7,7.3,PBK_PLAYER_GRADE_V1,"{""attack"": 5.25, ""creation"": 5.57, ""defending"": 8.98, ""discipline"": 5.72, ""possession"": 6.12, ""pressing"": null, ""progression"": 6.05}","[""AGGREGATE_SOURCE_NO_TRUE_ACTION_QUALITY"", ""PROGRESSION_PROXY_ONLY"", ""PRESSING_UNAVAILABLE""]",API_FOOTBALL_FIXTURES_PLAYERS,true,false,false,false,false
14691,333,Sarpsborg 08 FF,2017-04-09T16:00:00+00:00,2026-09-26T08:36:03Z,69920,Erton Fejzullahu,F,10.0,5.16,LOW,85.7,6.4,PBK_PLAYER_GRADE_V1,"{""attack"": 5.0, ""creation"": 5.0, ""defending"": 0.83, ""discipline"": 3.48, ""possession"": 6.3, ""pressing"": null, ""progression"": 7.52}","[""AGGREGATE_SOURCE_NO_TRUE_ACTION_QUALITY"", ""PROGRESSION_PROXY_ONLY"", ""PRESSING_UNAVAILABLE""]",API_FOOTBALL_FIXTURES_PLAYERS,true,false,false,false,false
14691,333,Sarpsborg 08 FF,2017-04-09T16:00:00+00:00,2026-09-26T08:36:03Z,81,Krépin Diatta,F,18.0,6.4,LOW,85.7,7.0,PBK_PLAYER_GRADE_V1,"{""attack"": 6.25, ""creation"": 5.0, ""defending"": 9.17, ""discipline"": 6.0, ""possession"": 6.79, ""pressing"": null, ""progression"": 8.18}","[""AGGREGATE_SOURCE_NO_TRUE_ACTION_QUALITY"", ""PROGRESSION_PROXY_ONLY"", ""PRESSING_UNAVAILABLE""]",API_FOOTBALL_FIXTURES_PLAYERS,true,false,false,false,false
14691,333,Sarpsborg 08 FF,2017-04-09T16:00:00+00:00,2026-09-26T08:36:03Z,8477,Sigurd Rosted,D,90.0,6.1,HIGH,85.7,7.6,PBK_PLAYER_GRADE_V1,"{""attack"": 5.0, ""creation"": 5.24, ""defending"": 6.14, ""discipline"": 5.72, ""possession"": 7.53, ""pressing"": null, ""progression"": 5.74}","[""AGGREGATE_SOURCE_NO_TRUE_ACTION_QUALITY"", ""PROGRESSION_PROXY_ONLY"", ""PRESSING_UNAVAILABLE""]",API_FOOTBALL_FIXTURES_PLAYERS,true,false,false,false,false
14691,333,Sarpsborg 08 FF,2017-04-09T16:00:00+00:00,2026-09-26T08:36:03Z,8949,Anders Kristiansen,G,90.0,4.28,HIGH,85.7,7.1,PBK_PLAYER_GRADE_V1,"{""attack"": 5.0, ""creation"": 5.0, ""defending"": 5.0, ""discipline"": 6.0, ""possession"": 0.0, ""pressing"": null, ""progression"": 5.21}","[""AGGREGATE_SOURCE_NO_TRUE_ACTION_QUALITY"", ""PROGRESSION_PROXY_ONLY"", ""PRESSING_UNAVAILABLE""]",API_FOOTBALL_FIXTURES_PLAYERS,true,false,false,false,false
14691,333,Sarpsborg 08 FF,2017-04-09T16:00:00+00:00,2026-09-26T08:36:03Z,98614,Anders Østli,D,90.0,5.34,HIGH,85.7,7.9,PBK_PLAYER_GRADE_V1,"{""attack"": 6.75, ""creation"": 5.12, ""defending"": 6.14, ""discipline"": 5.44, ""possession"": 2.38, ""pressing"": null, ""progression"": 5.53}","[""AGGREGATE_SOURCE_NO_TRUE_ACTION_QUALITY"", ""PROGRESSION_PROXY_ONLY"", ""PRESSING_UNAVAILABLE""]",API_FOOTBALL_FIXTURES_PLAYERS,true,false,false,false,false
14691,759,Viking,2017-04-09T16:00:00+00:00,2026-09-26T08:36:03Z,100009,Patrick Pedersen,F,20.0,4.82,LOW,85.7,6.5,PBK_PLAYER_GRADE_V1,"{""attack"": 5.0, ""creation"": 5.0, ""defending"": 0.83, ""discipline"": 4.74, ""possession"": 4.17, ""pressing"": null, ""progression"": 5.95}","[""AGGREGATE_SOURCE_NO_TRUE_ACTION_QUALITY"", ""PROGRESSION_PROXY_ONLY"", ""PRESSING_UNAVAILABLE""]",API_FOOTBALL_FIXTURES_PLAYERS,true,false,false,false,false
14691,759,Viking,2017-04-09T16:00:00+00:00,2026-09-26T08:36:03Z,20375,Kwesi Appiah,F,78.0,5.05,HIGH,85.7,6.6,PBK_PLAYER_GRADE_V1,"{""attack"": 5.0, ""creation"": 5.14, ""defending"": 5.0, ""discipline"": 5.35, ""possession"": 4.21, ""pressing"": null, ""progression"": 5.53}","[""AGGREGATE_SOURCE_NO_TRUE_ACTION_QUALITY"", ""PROGRESSION_PROXY_ONLY"", ""PRESSING_UNAVAILABLE""]",API_FOOTBALL_FIXTURES_PLAYERS,true,false,false,false,false
14691,759,Viking,2017-04-09T16:00:00+00:00,2026-09-26T08:36:03Z,24845,Julian Ryerson,M,90.0,3.93,HIGH,85.7,6.4,PBK_PLAYER_GRADE_V1,"{""attack"": 5.55, ""creation"": 5.24, ""defending"": 2.92, ""discipline"": 4.88, ""possession"": 0.25, ""pressing"": null, ""progression"": 5.35}","[""AGGREGATE_SOURCE_NO_TRUE_ACTION_QUALITY"", ""PROGRESSION_PROXY_ONLY"", ""PRESSING_UNAVAILABLE""]",API_FOOTBALL_FIXTURES_PLAYERS,true,false,false,false,false
14691,759,Viking,2017-04-09T16:00:00+00:00,2026-09-26T08:36:03Z,39040,Kristoffer Haugen,D,90.0,4.86,HIGH,85.7,6.3,PBK_PLAYER_GRADE_V1,"{""attack"": 5.0, ""creation"": 5.45, ""defending"": 3.21, ""discipline"": 5.72, ""possession"": 6.97, ""pressing"": null, ""progression"": 6.12}","[""AGGREGATE_SOURCE_NO_TRUE_ACTION_QUALITY"", ""PROGRESSION_PROXY_ONLY"", ""PRESSING_UNAVAILABLE""]",API_FOOTBALL_FIXTURES_PLAYERS,true,false,false,false,false
14691,759,Viking,2017-04-09T16:00:00+00:00,2026-09-26T08:36:03Z,39126,Iven Austbø,G,90.0,5.07,HIGH,85.7,6.3,PBK_PLAYER_GRADE_V1,"{""attack"": 5.0, ""creation"": 5.0, ""defending"": 5.0, ""discipline"": 6.0, ""possession"": 3.77, ""pressing"": null, ""progression"": 5.84}","[""AGGREGATE_SOURCE_NO_TRUE_ACTION_QUALITY"", ""PROGRESSION_PROXY_ONLY"", ""PRESSING_UNAVAILABLE""]",API_FOOTBALL_FIXTURES_PLAYERS,true,false,false,false,false
14691,759,Viking,2017-04-09T16:00:00+00:00,2026-09-26T08:36:03Z,39131,Andrè Danielsen,M,90.0,6.23,HIGH,85.7,6.4,PBK_PLAYER_GRADE_V1,"{""attack"": 5.25, ""creation"": 6.14, ""defending"": 5.69, ""discipline"": 6.0, ""possession"": 6.88, ""pressing"": null, ""progression"": 6.65}","[""AGGREGATE_SOURCE_NO_TRUE_ACTION_QUALITY"", ""PROGRESSION_PROXY_ONLY"", ""PRESSING_UNAVAILABLE""]",API_FOOTBALL_FIXTURES_PLAYERS,true,false,false,false,false
14691,759,Viking,2017-04-09T16:00:00+00:00,2026-09-26T08:36:03Z,48142,Karol Mets,D,90.0,5.64,HIGH,85.7,6.9,PBK_PLAYER_GRADE_V1,"{""attack"": 5.25, ""creation"": 5.45, ""defending"": 4.37, ""discipline"": 4.44, ""possession"": 8.4, ""pressing"": null, ""progression"": 7.14}","[""AGGREGATE_SOURCE_NO_TRUE_ACTION_QUALITY"", ""PROGRESSION_PROXY_ONLY"", ""PRESSING_UNAVAILABLE""]",API_FOOTBALL_FIXTURES_PLAYERS,true,false,false,false,false
14691,759,Viking,2017-04-09T16:00:00+00:00,2026-09-26T08:36:03Z,57261,Mathias Bringaker,F,12.0,5.79,LOW,85.7,6.4,PBK_PLAYER_GRADE_V1,"{""attack"": 5.0, ""creation"": 5.0, ""defending"": 5.0, ""discipline"": 6.0, ""possession"": 9.92, ""pressing"": null, ""progression"": 6.05}","[""AGGREGATE_SOURCE_NO_TRUE_ACTION_QUALITY"", ""PROGRESSION_PROXY_ONLY"", ""PRESSING_UNAVAILABLE""]",API_FOOTBALL_FIXTURES_PLAYERS,true,false,false,false,false
14691,759,Viking,2017-04-09T16:00:00+00:00,2026-09-26T08:36:03Z,57440,Steffen Ernemann,M,90.0,5.74,HIGH,85.7,6.4,PBK_PLAYER_GRADE_V1,"{""attack"": 5.0, ""creation"": 5.36, ""defending"": 6.22, ""discipline"": 5.16, ""possession"": 5.39, ""pressing"": null, ""progression"": 6.71}","[""AGGREGATE_SOURCE_NO_TRUE_ACTION_QUALITY"", ""PROGRESSION_PROXY_ONLY"", ""PRESSING_UNAVAILABLE""]",API_FOOTBALL_FIXTURES_PLAYERS,true,false,false,false,false
14691,759,Viking,2017-04-09T16:00:00+00:00,2026-09-26T08:36:03Z,57457,Michael Ledger,D,90.0,4.48,HIGH,85.7,6.8,PBK_PLAYER_GRADE_V1,"{""attack"": 5.0, ""creation"": 5.0, ""defending"": 2.73, ""discipline"": 4.6, ""possession"": 6.38, ""pressing"": null, ""progression"": 6.47}","[""AGGREGATE_SOURCE_NO_TRUE_ACTION_QUALITY"", ""PROGRESSION_PROXY_ONLY"", ""PRESSING_UNAVAILABLE""]",API_FOOTBALL_FIXTURES_PLAYERS,true,false,false,false,false
14691,759,Viking,2017-04-09T16:00:00+00:00,2026-09-26T08:36:03Z,94570,Claes Kronberg,D,90.0,6.45,HIGH,85.7,6.3,PBK_PLAYER_GRADE_V1,"{""attack"": 5.55, ""creation"": 5.69, ""defending"": 6.77, ""discipline"": 6.0, ""possession"": 6.99, ""pressing"": null, ""progression"": 6.16}","[""AGGREGATE_SOURCE_NO_TRUE_ACTION_QUALITY"", ""PROGRESSION_PROXY_ONLY"", ""PRESSING_UNAVAILABLE""]",API_FOOTBALL_FIXTURES_PLAYERS,true,false,false,false,false
14691,759,Viking,2017-04-09T16:00:00+00:00,2026-09-26T08:36:03Z,94917,Robin Shroot,M,70.0,5.84,HIGH,85.7,6.3,PBK_PLAYER_GRADE_V1,"{""attack"": 5.0, ""creation"": 5.46, ""defending"": 7.5, ""discipline"": 4.35, ""possession"": 6.28, ""pressing"": null, ""progression"": 5.86}","[""AGGREGATE_SOURCE_NO_TRUE_ACTION_QUALITY"", ""PROGRESSION_PROXY_ONLY"", ""PRESSING_UNAVAILABLE""]",API_FOOTBALL_FIXTURES_PLAYERS,true,false,false,false,false
14691,759,Viking,2017-04-09T16:00:00+00:00,2026-09-26T08:36:03Z,99590,Michael Haukas,M,90.0,6.2,HIGH,85.7,6.4,PBK_PLAYER_GRADE_V1,"{""attack"": 5.0, ""creation"": 5.12, ""defending"": 5.98, ""discipline"": 6.0, ""possession"": 8.21, ""pressing"": null, ""progression"": 6.22}","[""AGGREGATE_SOURCE_NO_TRUE_ACTION_QUALITY"", ""PROGRESSION_PROXY_ONLY"", ""PRESSING_UNAVAILABLE""]",API_FOOTBALL_FIXTURES_PLAYERS,true,false,false,false,false
14692,323,Stabaek,2017-04-09T16:00:00+00:00,2026-09-26T08:36:03Z,15845,Mande Sayouba,G,90.0,6.15,HIGH,85.7,7.2,PBK_PLAYER_GRADE_V1,"{""attack"": 5.0, ""creation"": 5.12, ""defending"": 9.17, ""discipline"": 6.0, ""possession"": 0.0, ""pressing"": null, ""progression"": 5.21}","[""AGGREGATE_SOURCE_NO_TRUE_ACTION_QUALITY"", ""PROGRESSION_PROXY_ONLY"", ""PRESSING_UNAVAILABLE""]",API_FOOTBALL_FIXTURES_PLAYERS,true,false,false,false,false
14692,323,Stabaek,2017-04-09T16:00:00+00:00,2026-09-26T08:36:03Z,20664,El-Hadji Ba,M,90.0,4.89,HIGH,85.7,6.1,PBK_PLAYER_GRADE_V1,"{""attack"": 5.5, ""creation"": 5.0, ""defending"": 3.3, ""discipline"": 4.88, ""possession"": 3.52, ""pressing"": null, ""progression"": 6.55}","[""AGGREGATE_SOURCE_NO_TRUE_ACTION_QUALITY"", ""PROGRESSION_PROXY_ONLY"", ""PRESSING_UNAVAILABLE""]",API_FOOTBALL_FIXTURES_PLAYERS,true,false,false,false,false
14692,323,Stabaek,2017-04-09T16:00:00+00:00,2026-09-26T08:36:03Z,39054,Ohi Omoijuanfo,F,90.0,4.7,HIGH,85.7,6.3,PBK_PLAYER_GRADE_V1,"{""attack"": 5.55, ""creation"": 5.12, ""defending"": 3.61, ""discipline"": 5.72, ""possession"": 0.0, ""pressing"": null, ""progression"": 5.17}","[""AGGREGATE_SOURCE_NO_TRUE_ACTION_QUALITY"", ""PROGRESSION_PROXY_ONLY"", ""PRESSING_UNAVAILABLE""]",API_FOOTBALL_FIXTURES_PLAYERS,true,false,false,false,false
14692,323,Stabaek,2017-04-09T16:00:00+00:00,2026-09-26T08:36:03Z,39189,Tonny Brochmann,M,90.0,5.8,HIGH,85.7,7.6,PBK_PLAYER_GRADE_V1,"{""attack"": 7.0, ""creation"": 6.38, ""defending"": 4.4, ""discipline"": 5.44, ""possession"": 5.29, ""pressing"": null, ""progression"": 6.05}","[""AGGREGATE_SOURCE_NO_TRUE_ACTION_QUALITY"", ""PROGRESSION_PROXY_ONLY"", ""PRESSING_UNAVAILABLE""]",API_FOOTBALL_FIXTURES_PLAYERS,true,false,false,false,false
14692,323,Stabaek,2017-04-09T16:00:00+00:00,2026-09-26T08:36:03Z,39277,Jeppe Moe,D,90.0,4.84,HIGH,85.7,7.2,PBK_PLAYER_GRADE_V1,"{""attack"": 5.8, ""creation"": 5.45, ""defending"": 3.99, ""discipline"": 6.0, ""possession"": 4.29, ""pressing"": null, ""progression"": 6.05}","[""AGGREGATE_SOURCE_NO_TRUE_ACTION_QUALITY"", ""PROGRESSION_PROXY_ONLY"", ""PRESSING_UNAVAILABLE""]",API_FOOTBALL_FIXTURES_PLAYERS,true,false,false,false,false
14692,323,Stabaek,2017-04-09T16:00:00+00:00,2026-09-26T08:36:03Z,39279,Andreas Hanche-Olsen,D,90.0,6.1,HIGH,85.7,7.3,PBK_PLAYER_GRADE_V1,"{""attack"": 5.25, ""creation"": 5.36, ""defending"": 7.69, ""discipline"": 5.72, ""possession"": 3.0, ""pressing"": null, ""progression"": 5.88}","[""AGGREGATE_SOURCE_NO_TRUE_ACTION_QUALITY"", ""PROGRESSION_PROXY_ONLY"", ""PRESSING_UNAVAILABLE""]",API_FOOTBALL_FIXTURES_PLAYERS,true,false,false,false,false
14692,323,Stabaek,2017-04-09T16:00:00+00:00,2026-09-26T08:36:03Z,39289,Luc Kassi,M,26.0,6.5,LOW,85.7,7.4,PBK_PLAYER_GRADE_V1,"{""attack"": 10.0, ""creation"": 5.0, ""defending"": 4.23, ""discipline"": 5.03, ""possession"": 8.37, ""pressing"": null, ""progression"": 6.21}","[""AGGREGATE_SOURCE_NO_TRUE_ACTION_QUALITY"", ""PROGRESSION_PROXY_ONLY"", ""PRESSING_UNAVAILABLE""]",API_FOOTBALL_FIXTURES_PLAYERS,true,false,false,false,false
14692,323,Stabaek,2017-04-09T16:00:00+00:00,2026-09-26T08:36:03Z,39291,Hugo Vetlesen,M,75.0,4.62,HIGH,85.7,6.1,PBK_PLAYER_GRADE_V1,"{""attack"": 5.3, ""creation"": 5.0, ""defending"": 1.98, ""discipline"": 4.99, ""possession"": 4.38, ""pressing"": null, ""progression"": 5.51}","[""AGGREGATE_SOURCE_NO_TRUE_ACTION_QUALITY"", ""PROGRESSION_PROXY_ONLY"", ""PRESSING_UNAVAILABLE""]",API_FOOTBALL_FIXTURES_PLAYERS,true,false,false,false,false
14692,323,Stabaek,2017-04-09T16:00:00+00:00,2026-09-26T08:36:03Z,45834,Moussa Nije,M,90.0,5.27,HIGH,85.7,6.9,PBK_PLAYER_GRADE_V1,"{""attack"": 6.3, ""creation"": 6.49, ""defending"": 3.81, ""discipline"": 5.72, ""possession"": 3.44, ""pressing"": null, ""progression"": 5.92}","[""AGGREGATE_SOURCE_NO_TRUE_ACTION_QUALITY"", ""PROGRESSION_PROXY_ONLY"", ""PRESSING_UNAVAILABLE""]",API_FOOTBALL_FIXTURES_PLAYERS,true,false,false,false,false
14692,323,Stabaek,2017-04-09T16:00:00+00:00,2026-09-26T08:36:03Z,48137,Daniel Granli,D,1.0,1.31,LOW,71.4,–,PBK_PLAYER_GRADE_V1,"{""attack"": 5.0, ""creation"": 5.0, ""defending"": 0.83, ""discipline"": 0.0, ""possession"": 0.0, ""pressing"": null}","[""AGGREGATE_SOURCE_NO_TRUE_ACTION_QUALITY"", ""PROGRESSION_PROXY_ONLY"", ""PRESSING_UNAVAILABLE""]",API_FOOTBALL_FIXTURES_PLAYERS,true,false,false,false,false
14692,323,Stabaek,2017-04-09T16:00:00+00:00,2026-09-26T08:36:03Z,61915,Tortol Lumanza,M,64.0,6.38,MEDIUM,85.7,7.2,PBK_PLAYER_GRADE_V1,"{""attack"": 6.12, ""creation"": 6.43, ""defending"": 7.08, ""discipline"": 6.0, ""possession"": 5.85, ""pressing"": null, ""progression"": 6.68}","[""AGGREGATE_SOURCE_NO_TRUE_ACTION_QUALITY"", ""PROGRESSION_PROXY_ONLY"", ""PRESSING_UNAVAILABLE""]",API_FOOTBALL_FIXTURES_PLAYERS,true,false,false,false,false
14692,323,Stabaek,2017-04-09T16:00:00+00:00,2026-09-26T08:36:03Z,90540,Alex Nimely,F,14.0,5.8,LOW,85.7,6.6,PBK_PLAYER_GRADE_V1,"{""attack"": 5.0, ""creation"": 5.0, ""defending"": 9.17, ""discipline"": 6.0, ""possession"": 9.33, ""pressing"": null, ""progression"": 5.22}","[""AGGREGATE_SOURCE_NO_TRUE_ACTION_QUALITY"", ""PROGRESSION_PROXY_ONLY"", ""PRESSING_UNAVAILABLE""]",API_FOOTBALL_FIXTURES_PLAYERS,true,false,false,false,false
14692,323,Stabaek,2017-04-09T16:00:00+00:00,2026-09-26T08:36:03Z,99588,Morten Skjonsberg,D,90.0,5.11,HIGH,85.7,6.9,PBK_PLAYER_GRADE_V1,"{""attack"": 5.0, ""creation"": 5.12, ""defending"": 5.0, ""discipline"": 6.0, ""possession"": 4.19, ""pressing"": null, ""progression"": 5.74}","[""AGGREGATE_SOURCE_NO_TRUE_ACTION_QUALITY"", ""PROGRESSION_PROXY_ONLY"", ""PRESSING_UNAVAILABLE""]",API_FOOTBALL_FIXTURES_PLAYERS,true,false,false,false,false
14692,323,Stabaek,2017-04-09T16:00:00+00:00,2026-09-26T08:36:03Z,99591,Hakon Skogseid,D,90.0,4.75,HIGH,85.7,7.2,PBK_PLAYER_GRADE_V1,"{""attack"": 5.0, ""creation"": 5.9, ""defending"": 5.0, ""discipline"": 6.0, ""possession"": 1.8, ""pressing"": null, ""progression"": 5.42}","[""AGGREGATE_SOURCE_NO_TRUE_ACTION_QUALITY"", ""PROGRESSION_PROXY_ONLY"", ""PRESSING_UNAVAILABLE""]",API_FOOTBALL_FIXTURES_PLAYERS,true,false,false,false,false
14692,330,ODD Ballklubb,2017-04-09T16:00:00+00:00,2026-09-26T08:36:03Z,39081,Sondre Rossbach,G,90.0,4.3,HIGH,85.7,6.7,PBK_PLAYER_GRADE_V1,"{""attack"": 5.0, ""creation"": 5.0, ""defending"": 5.0, ""discipline"": 6.0, ""possession"": 0.0, ""pressing"": null, ""progression"": 5.35}","[""AGGREGATE_SOURCE_NO_TRUE_ACTION_QUALITY"", ""PROGRESSION_PROXY_ONLY"", ""PRESSING_UNAVAILABLE""]",API_FOOTBALL_FIXTURES_PLAYERS,true,false,false,false,false
14692,330,ODD Ballklubb,2017-04-09T16:00:00+00:00,2026-09-26T08:36:03Z,39084,Steffen Hagen,D,90.0,5.74,HIGH,85.7,6.5,PBK_PLAYER_GRADE_V1,"{""attack"": 5.0, ""creation"": 5.0, ""defending"": 6.21, ""discipline"": 5.72, ""possession"": 5.38, ""pressing"": null, ""progression"": 5.53}","[""AGGREGATE_SOURCE_NO_TRUE_ACTION_QUALITY"", ""PROGRESSION_PROXY_ONLY"", ""PRESSING_UNAVAILABLE""]",API_FOOTBALL_FIXTURES_PLAYERS,true,false,false,false,false
14692,330,ODD Ballklubb,2017-04-09T16:00:00+00:00,2026-09-26T08:36:03Z,39086,Espen Ruud,D,90.0,5.69,HIGH,85.7,6.7,PBK_PLAYER_GRADE_V1,"{""attack"": 5.0, ""creation"": 5.57, ""defending"": 6.9, ""discipline"": 5.72, ""possession"": 2.6, ""pressing"": null, ""progression"": 5.84}","[""AGGREGATE_SOURCE_NO_TRUE_ACTION_QUALITY"", ""PROGRESSION_PROXY_ONLY"", ""PRESSING_UNAVAILABLE""]",API_FOOTBALL_FIXTURES_PLAYERS,true,false,false,false,false
14692,330,ODD Ballklubb,2017-04-09T16:00:00+00:00,2026-09-26T08:36:03Z,39087,Fredrik Berge,D,90.0,5.37,HIGH,85.7,6.9,PBK_PLAYER_GRADE_V1,"{""attack"": 5.0, ""creation"": 5.0, ""defending"": 7.15, ""discipline"": 5.72, ""possession"": 0.52, ""pressing"": null, ""progression"": 5.49}","[""AGGREGATE_SOURCE_NO_TRUE_ACTION_QUALITY"", ""PROGRESSION_PROXY_ONLY"", ""PRESSING_UNAVAILABLE""]",API_FOOTBALL_FIXTURES_PLAYERS,true,false,false,false,false
14692,330,ODD Ballklubb,2017-04-09T16:00:00+00:00,2026-09-26T08:36:03Z,39093,Fredrik Nordkvelle,M,90.0,5.14,HIGH,85.7,6.9,PBK_PLAYER_GRADE_V1,"{""attack"": 5.25, ""creation"": 6.26, ""defending"": 6.94, ""discipline"": 6.0, ""possession"": 1.5, ""pressing"": null, ""progression"": 5.88}","[""AGGREGATE_SOURCE_NO_TRUE_ACTION_QUALITY"", ""PROGRESSION_PROXY_ONLY"", ""PRESSING_UNAVAILABLE""]",API_FOOTBALL_FIXTURES_PLAYERS,true,false,false,false,false
14692,330,ODD Ballklubb,2017-04-09T16:00:00+00:00,2026-09-26T08:36:03Z,39094,Fredrik Jensen,M,90.0,4.94,HIGH,85.7,6.7,PBK_PLAYER_GRADE_V1,"{""attack"": 5.0, ""creation"": 5.36, ""defending"": 7.27, ""discipline"": 5.16, ""possession"": 1.88, ""pressing"": null, ""progression"": 5.77}","[""AGGREGATE_SOURCE_NO_TRUE_ACTION_QUALITY"", ""PROGRESSION_PROXY_ONLY"", ""PRESSING_UNAVAILABLE""]",API_FOOTBALL_FIXTURES_PLAYERS,true,false,false,false,false
14692,330,ODD Ballklubb,2017-04-09T16:00:00+00:00,2026-09-26T08:36:03Z,39200,Olivier Occean,F,45.0,4.78,MEDIUM,85.7,6.6,PBK_PLAYER_GRADE_V1,"{""attack"": 5.0, ""creation"": 5.0, ""defending"": 3.61, ""discipline"": 4.88, ""possession"": 2.42, ""pressing"": null, ""progression"": 6.05}","[""AGGREGATE_SOURCE_NO_TRUE_ACTION_QUALITY"", ""PROGRESSION_PROXY_ONLY"", ""PRESSING_UNAVAILABLE""]",API_FOOTBALL_FIXTURES_PLAYERS,true,false,false,false,false
14692,330,ODD Ballklubb,2017-04-09T16:00:00+00:00,2026-09-26T08:36:03Z,39207,Thomas Grogaard,D,10.0,6.3,LOW,85.7,6.2,PBK_PLAYER_GRADE_V1,"{""attack"": 5.0, ""creation"": 5.0, ""defending"": 9.17, ""discipline"": 6.0, ""possession"": 1.06, ""pressing"": null, ""progression"": 5.32}","[""AGGREGATE_SOURCE_NO_TRUE_ACTION_QUALITY"", ""PROGRESSION_PROXY_ONLY"", ""PRESSING_UNAVAILABLE""]",API_FOOTBALL_FIXTURES_PLAYERS,true,false,false,false,false
14692,330,ODD Ballklubb,2017-04-09T16:00:00+00:00,2026-09-26T08:36:03Z,39234,Joakim Vaage Nilsen,M,90.0,5.47,HIGH,85.7,7.0,PBK_PLAYER_GRADE_V1,"{""attack"": 5.0, ""creation"": 6.02, ""defending"": 7.73, ""discipline"": 5.72, ""possession"": 3.22, ""pressing"": null, ""progression"": 5.77}","[""AGGREGATE_SOURCE_NO_TRUE_ACTION_QUALITY"", ""PROGRESSION_PROXY_ONLY"", ""PRESSING_UNAVAILABLE""]",API_FOOTBALL_FIXTURES_PLAYERS,true,false,false,false,false
14692,330,ODD Ballklubb,2017-04-09T16:00:00+00:00,2026-09-26T08:36:03Z,48169,Oliver Berg,M,45.0,6.2,MEDIUM,85.7,6.7,PBK_PLAYER_GRADE_V1,"{""attack"": 5.0, ""creation"": 5.0, ""defending"": 9.17, ""discipline"": 6.0, ""possession"": 6.83, ""pressing"": null, ""progression"": 5.7}","[""AGGREGATE_SOURCE_NO_TRUE_ACTION_QUALITY"", ""PROGRESSION_PROXY_ONLY"", ""PRESSING_UNAVAILABLE""]",API_FOOTBALL_FIXTURES_PLAYERS,true,false,false,false,false
14692,330,ODD Ballklubb,2017-04-09T16:00:00+00:00,2026-09-26T08:36:03Z,48302,Martin Broberg,F,80.0,5.45,HIGH,85.7,7.2,PBK_PLAYER_GRADE_V1,"{""attack"": 5.0, ""creation"": 6.15, ""defending"": 5.96, ""discipline"": 5.05, ""possession"": 4.95, ""pressing"": null, ""progression"": 6.1}","[""AGGREGATE_SOURCE_NO_TRUE_ACTION_QUALITY"", ""PROGRESSION_PROXY_ONLY"", ""PRESSING_UNAVAILABLE""]",API_FOOTBALL_FIXTURES_PLAYERS,true,false,false,false,false
14692,330,ODD Ballklubb,2017-04-09T16:00:00+00:00,2026-09-26T08:36:03Z,55407,Riku Riski,F,90.0,5.66,HIGH,85.7,6.7,PBK_PLAYER_GRADE_V1,"{""attack"": 6.1, ""creation"": 5.57, ""defending"": 5.83, ""discipline"": 5.72, ""possession"": 4.58, ""pressing"": null, ""progression"": 5.35}","[""AGGREGATE_SOURCE_NO_TRUE_ACTION_QUALITY"", ""PROGRESSION_PROXY_ONLY"", ""PRESSING_UNAVAILABLE""]",API_FOOTBALL_FIXTURES_PLAYERS,true,false,false,false,false
14692,330,ODD Ballklubb,2017-04-09T16:00:00+00:00,2026-09-26T08:36:03Z,57158,Torbjorn Agdestein,F,76.0,4.99,HIGH,85.7,6.8,PBK_PLAYER_GRADE_V1,"{""attack"": 5.0, ""creation"": 5.96, ""defending"": 5.69, ""discipline"": 6.0, ""possession"": 1.43, ""pressing"": null, ""progression"": 5.37}","[""AGGREGATE_SOURCE_NO_TRUE_ACTION_QUALITY"", ""PROGRESSION_PROXY_ONLY"", ""PRESSING_UNAVAILABLE""]",API_FOOTBALL_FIXTURES_PLAYERS,true,false,false,false,false
14692,330,ODD Ballklubb,2017-04-09T16:00:00+00:00,2026-09-26T08:36:03Z,57448,Sigurd Haugen,F,14.0,4.62,LOW,85.7,6.5,PBK_PLAYER_GRADE_V1,"{""attack"": 5.0, ""creation"": 5.0, ""defending"": 6.39, ""discipline"": 6.0, ""possession"": 0.0, ""pressing"": null, ""progression"": 5.22}","[""AGGREGATE_SOURCE_NO_TRUE_ACTION_QUALITY"", ""PROGRESSION_PROXY_ONLY"", ""PRESSING_UNAVAILABLE""]",API_FOOTBALL_FIXTURES_PLAYERS,true,false,false,false,false
14693,325,Tromso,2017-04-09T16:00:00+00:00,2026-09-26T08:36:03Z,100013,Jonas Johansen,D,90.0,5.85,HIGH,85.7,7.4,PBK_PLAYER_GRADE_V1,"{""attack"": 6.35, ""creation"": 5.57, ""defending"": 5.46, ""discipline"": 5.16, ""possession"": 6.47, ""pressing"": null, ""progression"": 6.54}","[""AGGREGATE_SOURCE_NO_TRUE_ACTION_QUALITY"", ""PROGRESSION_PROXY_ONLY"", ""PRESSING_UNAVAILABLE""]",API_FOOTBALL_FIXTURES_PLAYERS,true,false,false,false,false
14693,325,Tromso,2017-04-09T16:00:00+00:00,2026-09-26T08:36:03Z,1178,Gjermund Aasen,F,61.0,7.02,MEDIUM,85.7,8.2,PBK_PLAYER_GRADE_V1,"{""attack"": 7.95, ""creation"": 8.35, ""defending"": 5.0, ""discipline"": 6.0, ""possession"": 4.33, ""pressing"": null, ""progression"": 5.73}","[""AGGREGATE_SOURCE_NO_TRUE_ACTION_QUALITY"", ""PROGRESSION_PROXY_ONLY"", ""PRESSING_UNAVAILABLE""]",API_FOOTBALL_FIXTURES_PLAYERS,true,false,false,false,false
14693,325,Tromso,2017-04-09T16:00:00+00:00,2026-09-26T08:36:03Z,15904,Ulrik Jenssen,D,16.0,5.41,LOW,85.7,6.6,PBK_PLAYER_GRADE_V1,"{""attack"": 5.0, ""creation"": 5.0, ""defending"": 3.61, ""discipline"": 4.42, ""possession"": 10.0, ""pressing"": null, ""progression"": 6.58}","[""AGGREGATE_SOURCE_NO_TRUE_ACTION_QUALITY"", ""PROGRESSION_PROXY_ONLY"", ""PRESSING_UNAVAILABLE""]",API_FOOTBALL_FIXTURES_PLAYERS,true,false,false,false,false
14693,325,Tromso,2017-04-09T16:00:00+00:00,2026-09-26T08:36:03Z,39323,Thomas Lehne Olsen,F,90.0,5.69,HIGH,85.7,7.7,PBK_PLAYER_GRADE_V1,"{""attack"": 5.25, ""creation"": 8.07, ""defending"": 4.4, ""discipline"": 6.0, ""possession"": 2.5, ""pressing"": null, ""progression"": 5.88}","[""AGGREGATE_SOURCE_NO_TRUE_ACTION_QUALITY"", ""PROGRESSION_PROXY_ONLY"", ""PRESSING_UNAVAILABLE""]",API_FOOTBALL_FIXTURES_PLAYERS,true,false,false,false,false
14693,325,Tromso,2017-04-09T16:00:00+00:00,2026-09-26T08:36:03Z,39350,Gudmund Kongshavn,G,90.0,4.72,HIGH,85.7,7.7,PBK_PLAYER_GRADE_V1,"{""attack"": 5.0, ""creation"": 5.0, ""defending"": 5.0, ""discipline"": 6.0, ""possession"": 2.07, ""pressing"": null, ""progression"": 5.56}","[""AGGREGATE_SOURCE_NO_TRUE_ACTION_QUALITY"", ""PROGRESSION_PROXY_ONLY"", ""PRESSING_UNAVAILABLE""]",API_FOOTBALL_FIXTURES_PLAYERS,true,false,false,false,false
14693,325,Tromso,2017-04-09T16:00:00+00:00,2026-09-26T08:36:03Z,39352,Jostein Gundersen,D,90.0,7.26,HIGH,85.7,7.6,PBK_PLAYER_GRADE_V1,"{""attack"": 5.0, ""creation"": 5.0, ""defending"": 8.74, ""discipline"": 6.0, ""possession"": 6.84, ""pressing"": null, ""progression"": 6.65}","[""AGGREGATE_SOURCE_NO_TRUE_ACTION_QUALITY"", ""PROGRESSION_PROXY_ONLY"", ""PRESSING_UNAVAILABLE""]",API_FOOTBALL_FIXTURES_PLAYERS,true,false,false,false,false
14693,325,Tromso,2017-04-09T16:00:00+00:00,2026-09-26T08:36:03Z,39355,Simen Wangberg,D,90.0,6.41,HIGH,85.7,7.9,PBK_PLAYER_GRADE_V1,"{""attack"": 6.75, ""creation"": 5.57, ""defending"": 7.05, ""discipline"": 6.0, ""possession"": 5.4, ""pressing"": null, ""progression"": 6.26}","[""AGGREGATE_SOURCE_NO_TRUE_ACTION_QUALITY"", ""PROGRESSION_PROXY_ONLY"", ""PRESSING_UNAVAILABLE""]",API_FOOTBALL_FIXTURES_PLAYERS,true,false,false,false,false
14693,325,Tromso,2017-04-09T16:00:00+00:00,2026-09-26T08:36:03Z,39356,Magnus Andersen,M,29.0,5.66,LOW,85.7,6.6,PBK_PLAYER_GRADE_V1,"{""attack"": 5.0, ""creation"": 5.0, ""defending"": 9.17, ""discipline"": 6.0, ""possession"": 3.86, ""pressing"": null, ""progression"": 5.98}","[""AGGREGATE_SOURCE_NO_TRUE_ACTION_QUALITY"", ""PROGRESSION_PROXY_ONLY"", ""PRESSING_UNAVAILABLE""]",API_FOOTBALL_FIXTURES_PLAYERS,true,false,false,false,false
14693,325,Tromso,2017-04-09T16:00:00+00:00,2026-09-26T08:36:03Z,39358,Morten Gamst Pedersen,M,90.0,5.58,HIGH,85.7,6.6,PBK_PLAYER_GRADE_V1,"{""attack"": 5.25, ""creation"": 6.35, ""defending"": 4.37, ""discipline"": 5.72, ""possession"": 4.43, ""pressing"": null, ""progression"": 6.72}","[""AGGREGATE_SOURCE_NO_TRUE_ACTION_QUALITY"", ""PROGRESSION_PROXY_ONLY"", ""PRESSING_UNAVAILABLE""]",API_FOOTBALL_FIXTURES_PLAYERS,true,false,false,false,false
14693,325,Tromso,2017-04-09T16:00:00+00:00,2026-09-26T08:36:03Z,48087,Patrick Kpozo,D,90.0,5.95,HIGH,85.7,6.8,PBK_PLAYER_GRADE_V1,"{""attack"": 5.0, ""creation"": 5.81, ""defending"": 5.6, ""discipline"": 6.0, ""possession"": 6.83, ""pressing"": null, ""progression"": 6.4}","[""AGGREGATE_SOURCE_NO_TRUE_ACTION_QUALITY"", ""PROGRESSION_PROXY_ONLY"", ""PRESSING_UNAVAILABLE""]",API_FOOTBALL_FIXTURES_PLAYERS,true,false,false,false,false
14693,325,Tromso,2017-04-09T16:00:00+00:00,2026-09-26T08:36:03Z,48145,Magnar Odegaard,D,90.0,4.74,HIGH,85.7,6.7,PBK_PLAYER_GRADE_V1,"{""attack"": 5.0, ""creation"": 5.0, ""defending"": 3.99, ""discipline"": 5.72, ""possession"": 4.3, ""pressing"": null, ""progression"": 6.12}","[""AGGREGATE_SOURCE_NO_TRUE_ACTION_QUALITY"", ""PROGRESSION_PROXY_ONLY"", ""PRESSING_UNAVAILABLE""]",API_FOOTBALL_FIXTURES_PLAYERS,true,false,false,false,false
14693,325,Tromso,2017-04-09T16:00:00+00:00,2026-09-26T08:36:03Z,57254,Aron Sigurðarson,F,89.0,6.06,HIGH,85.7,7.2,PBK_PLAYER_GRADE_V1,"{""attack"": 6.37, ""creation"": 6.03, ""defending"": 6.04, ""discipline"": 6.0, ""possession"": 5.02, ""pressing"": null, ""progression"": 6.14}","[""AGGREGATE_SOURCE_NO_TRUE_ACTION_QUALITY"", ""PROGRESSION_PROXY_ONLY"", ""PRESSING_UNAVAILABLE""]",API_FOOTBALL_FIXTURES_PLAYERS,true,false,false,false,false
14693,325,Tromso,2017-04-09T16:00:00+00:00,2026-09-26T08:36:03Z,57414,Hans Norbye,D,1.0,7.18,LOW,85.7,7.8,PBK_PLAYER_GRADE_V1,"{""attack"": 10.0, ""creation"": 10.0, ""defending"": 5.0, ""discipline"": 6.0, ""possession"": 8.0, ""pressing"": null, ""progression"": 10.0}","[""AGGREGATE_SOURCE_NO_TRUE_ACTION_QUALITY"", ""PROGRESSION_PROXY_ONLY"", ""PRESSING_UNAVAILABLE""]",API_FOOTBALL_FIXTURES_PLAYERS,true,false,false,false,false
14693,325,Tromso,2017-04-09T16:00:00+00:00,2026-09-26T08:36:03Z,98678,Mour Samb,F,74.0,5.91,HIGH,85.7,7.2,PBK_PLAYER_GRADE_V1,"{""attack"": 5.67, ""creation"": 5.55, ""defending"": 6.76, ""discipline"": 5.32, ""possession"": 7.85, ""pressing"": null, ""progression"": 5.72}","[""AGGREGATE_SOURCE_NO_TRUE_ACTION_QUALITY"", ""PROGRESSION_PROXY_ONLY"", ""PRESSING_UNAVAILABLE""]",API_FOOTBALL_FIXTURES_PLAYERS,true,false,false,false,false
14693,758,Sogndal,2017-04-09T16:00:00+00:00,2026-09-26T08:36:03Z,2017,Bjorn Utvik,D,90.0,4.93,HIGH,85.7,8.1,PBK_PLAYER_GRADE_V1,"{""attack"": 5.0, ""creation"": 5.0, ""defending"": 5.3, ""discipline"": 5.72, ""possession"": 2.8, ""pressing"": null, ""progression"": 5.42}","[""AGGREGATE_SOURCE_NO_TRUE_ACTION_QUALITY"", ""PROGRESSION_PROXY_ONLY"", ""PRESSING_UNAVAILABLE""]",API_FOOTBALL_FIXTURES_PLAYERS,true,false,false,false,false
14693,758,Sogndal,2017-04-09T16:00:00+00:00,2026-09-26T08:36:03Z,39157,Christophe Psyche,D,90.0,4.71,HIGH,85.7,6.4,PBK_PLAYER_GRADE_V1,"{""attack"": 5.0, ""creation"": 5.45, ""defending"": 5.76, ""discipline"": 5.72, ""possession"": 0.0, ""pressing"": null, ""progression"": 5.35}","[""AGGREGATE_SOURCE_NO_TRUE_ACTION_QUALITY"", ""PROGRESSION_PROXY_ONLY"", ""PRESSING_UNAVAILABLE""]",API_FOOTBALL_FIXTURES_PLAYERS,true,false,false,false,false
14693,758,Sogndal,2017-04-09T16:00:00+00:00,2026-09-26T08:36:03Z,39173,Bendik Bye,F,90.0,5.95,HIGH,85.7,7.0,PBK_PLAYER_GRADE_V1,"{""attack"": 6.35, ""creation"": 6.35, ""defending"": 4.17, ""discipline"": 5.72, ""possession"": 5.22, ""pressing"": null, ""progression"": 5.5}","[""AGGREGATE_SOURCE_NO_TRUE_ACTION_QUALITY"", ""PROGRESSION_PROXY_ONLY"", ""PRESSING_UNAVAILABLE""]",API_FOOTBALL_FIXTURES_PLAYERS,true,false,false,false,false
14693,758,Sogndal,2017-04-09T16:00:00+00:00,2026-09-26T08:36:03Z,39211,Taijo Teniste,D,23.0,6.95,LOW,71.4,7.0,PBK_PLAYER_GRADE_V1,"{""attack"": 5.0, ""creation"": 7.23, ""defending"": 10.0, ""discipline"": 6.0, ""possession"": 0.0, ""pressing"": null}","[""AGGREGATE_SOURCE_NO_TRUE_ACTION_QUALITY"", ""PROGRESSION_PROXY_ONLY"", ""PRESSING_UNAVAILABLE""]",API_FOOTBALL_FIXTURES_PLAYERS,true,false,false,false,false
14693,758,Sogndal,2017-04-09T16:00:00+00:00,2026-09-26T08:36:03Z,39223,Gilbert Koomson,F,58.0,5.54,MEDIUM,85.7,7.0,PBK_PLAYER_GRADE_V1,"{""attack"": 5.78, ""creation"": 7.09, ""defending"": 3.51, ""discipline"": 6.0, ""possession"": 1.6, ""pressing"": null, ""progression"": 5.94}","[""AGGREGATE_SOURCE_NO_TRUE_ACTION_QUALITY"", ""PROGRESSION_PROXY_ONLY"", ""PRESSING_UNAVAILABLE""]",API_FOOTBALL_FIXTURES_PLAYERS,true,false,false,false,false
14693,758,Sogndal,2017-04-09T16:00:00+00:00,2026-09-26T08:36:03Z,48225,Chidiebere Nwakali,M,32.0,5.76,LOW,85.7,6.9,PBK_PLAYER_GRADE_V1,"{""attack"": 9.36, ""creation"": 6.27, ""defending"": 7.08, ""discipline"": 5.21, ""possession"": 0.35, ""pressing"": null, ""progression"": 7.52}","[""AGGREGATE_SOURCE_NO_TRUE_ACTION_QUALITY"", ""PROGRESSION_PROXY_ONLY"", ""PRESSING_UNAVAILABLE""]",API_FOOTBALL_FIXTURES_PLAYERS,true,false,false,false,false
14693,758,Sogndal,2017-04-09T16:00:00+00:00,2026-09-26T08:36:03Z,57373,Lars Christian Kjemhus,M,13.0,5.42,LOW,85.7,6.3,PBK_PLAYER_GRADE_V1,"{""attack"": 5.0, ""creation"": 5.0, ""defending"": 0.83, ""discipline"": 6.0, ""possession"": 7.71, ""pressing"": null, ""progression"": 6.45}","[""AGGREGATE_SOURCE_NO_TRUE_ACTION_QUALITY"", ""PROGRESSION_PROXY_ONLY"", ""PRESSING_UNAVAILABLE""]",API_FOOTBALL_FIXTURES_PLAYERS,true,false,false,false,false
14693,758,Sogndal,2017-04-09T16:00:00+00:00,2026-09-26T08:36:03Z,57429,Matias Dyngeland,G,90.0,6.16,HIGH,85.7,6.9,PBK_PLAYER_GRADE_V1,"{""attack"": 5.0, ""creation"": 5.12, ""defending"": 9.17, ""discipline"": 6.0, ""possession"": 0.0, ""pressing"": null, ""progression"": 5.25}","[""AGGREGATE_SOURCE_NO_TRUE_ACTION_QUALITY"", ""PROGRESSION_PROXY_ONLY"", ""PRESSING_UNAVAILABLE""]",API_FOOTBALL_FIXTURES_PLAYERS,true,false,false,false,false
14693,758,Sogndal,2017-04-09T16:00:00+00:00,2026-09-26T08:36:03Z,57439,Eirik Birkelund,M,90.0,4.41,HIGH,85.7,6.1,PBK_PLAYER_GRADE_V1,"{""attack"": 5.0, ""creation"": 5.0, ""defending"": 4.55, ""discipline"": 6.0, ""possession"": 1.26, ""pressing"": null, ""progression"": 5.59}","[""AGGREGATE_SOURCE_NO_TRUE_ACTION_QUALITY"", ""PROGRESSION_PROXY_ONLY"", ""PRESSING_UNAVAILABLE""]",API_FOOTBALL_FIXTURES_PLAYERS,true,false,false,false,false
14693,758,Sogndal,2017-04-09T16:00:00+00:00,2026-09-26T08:36:03Z,57450,Martin Ramsland,F,90.0,4.62,HIGH,85.7,6.4,PBK_PLAYER_GRADE_V1,"{""attack"": 5.0, ""creation"": 5.36, ""defending"": 3.61, ""discipline"": 5.44, ""possession"": 0.96, ""pressing"": null, ""progression"": 5.17}","[""AGGREGATE_SOURCE_NO_TRUE_ACTION_QUALITY"", ""PROGRESSION_PROXY_ONLY"", ""PRESSING_UNAVAILABLE""]",API_FOOTBALL_FIXTURES_PLAYERS,true,false,false,false,false
14693,758,Sogndal,2017-04-09T16:00:00+00:00,2026-09-26T08:36:03Z,57477,Victor Grodas,D,67.0,6.13,HIGH,85.7,6.3,PBK_PLAYER_GRADE_V1,"{""attack"": 5.74, ""creation"": 5.32, ""defending"": 6.53, ""discipline"": 4.28, ""possession"": 7.0, ""pressing"": null, ""progression"": 5.94}","[""AGGREGATE_SOURCE_NO_TRUE_ACTION_QUALITY"", ""PROGRESSION_PROXY_ONLY"", ""PRESSING_UNAVAILABLE""]",API_FOOTBALL_FIXTURES_PLAYERS,true,false,false,false,false
14693,758,Sogndal,2017-04-09T16:00:00+00:00,2026-09-26T08:36:03Z,94707,Henrik Furebotn,M,90.0,5.42,HIGH,85.7,7.2,PBK_PLAYER_GRADE_V1,"{""attack"": 5.25, ""creation"": 5.45, ""defending"": 5.0, ""discipline"": 6.0, ""possession"": 4.88, ""pressing"": null, ""progression"": 5.95}","[""AGGREGATE_SOURCE_NO_TRUE_ACTION_QUALITY"", ""PROGRESSION_PROXY_ONLY"", ""PRESSING_UNAVAILABLE""]",API_FOOTBALL_FIXTURES_PLAYERS,true,false,false,false,false
14693,758,Sogndal,2017-04-09T16:00:00+00:00,2026-09-26T08:36:03Z,94805,Simen Brekkhus,M,77.0,4.44,HIGH,85.7,6.3,PBK_PLAYER_GRADE_V1,"{""attack"": 5.64, ""creation"": 5.0, ""defending"": 4.4, ""discipline"": 5.67, ""possession"": 1.57, ""pressing"": null, ""progression"": 5.33}","[""AGGREGATE_SOURCE_NO_TRUE_ACTION_QUALITY"", ""PROGRESSION_PROXY_ONLY"", ""PRESSING_UNAVAILABLE""]",API_FOOTBALL_FIXTURES_PLAYERS,true,false,false,false,false
14693,758,Sogndal,2017-04-09T16:00:00+00:00,2026-09-26T08:36:03Z,94948,Eirik Bergum Skaasheim,M,90.0,5.11,HIGH,85.7,6.4,PBK_PLAYER_GRADE_V1,"{""attack"": 5.0, ""creation"": 5.57, ""defending"": 6.98, ""discipline"": 6.0, ""possession"": 2.66, ""pressing"": null, ""progression"": 5.46}","[""AGGREGATE_SOURCE_NO_TRUE_ACTION_QUALITY"", ""PROGRESSION_PROXY_ONLY"", ""PRESSING_UNAVAILABLE""]",API_FOOTBALL_FIXTURES_PLAYERS,true,false,false,false,false
14694,326,Valerenga,2017-04-09T16:00:00+00:00,2026-09-26T08:36:03Z,15297,Ghayas Zahid,M,68.0,5.42,HIGH,85.7,6.2,PBK_PLAYER_GRADE_V1,"{""attack"": 5.0, ""creation"": 5.32, ""defending"": 3.21, ""discipline"": 5.63, ""possession"": 6.43, ""pressing"": null, ""progression"": 6.07}","[""AGGREGATE_SOURCE_NO_TRUE_ACTION_QUALITY"", ""PROGRESSION_PROXY_ONLY"", ""PRESSING_UNAVAILABLE""]",API_FOOTBALL_FIXTURES_PLAYERS,true,false,false,false,false
14694,326,Valerenga,2017-04-09T16:00:00+00:00,2026-09-26T08:36:03Z,15441,Abdisalam Ibrahim,M,90.0,5.96,HIGH,85.7,6.5,PBK_PLAYER_GRADE_V1,"{""attack"": 5.0, ""creation"": 5.36, ""defending"": 4.48, ""discipline"": 5.16, ""possession"": 7.58, ""pressing"": null, ""progression"": 6.75}","[""AGGREGATE_SOURCE_NO_TRUE_ACTION_QUALITY"", ""PROGRESSION_PROXY_ONLY"", ""PRESSING_UNAVAILABLE""]",API_FOOTBALL_FIXTURES_PLAYERS,true,false,false,false,false
14694,326,Valerenga,2017-04-09T16:00:00+00:00,2026-09-26T08:36:03Z,39110,Markus Nakkim,D,90.0,5.81,HIGH,85.7,6.5,PBK_PLAYER_GRADE_V1,"{""attack"": 5.55, ""creation"": 5.0, ""defending"": 6.39, ""discipline"": 6.0, ""possession"": 4.09, ""pressing"": null, ""progression"": 6.29}","[""AGGREGATE_SOURCE_NO_TRUE_ACTION_QUALITY"", ""PROGRESSION_PROXY_ONLY"", ""PRESSING_UNAVAILABLE""]",API_FOOTBALL_FIXTURES_PLAYERS,true,false,false,false,false
14694,326,Valerenga,2017-04-09T16:00:00+00:00,2026-09-26T08:36:03Z,39113,Jonatan Nation,D,63.0,5.77,MEDIUM,85.7,6.1,PBK_PLAYER_GRADE_V1,"{""attack"": 7.5, ""creation"": 5.0, ""defending"": 6.68, ""discipline"": 0.0, ""possession"": 5.77, ""pressing"": null, ""progression"": 6.55}","[""AGGREGATE_SOURCE_NO_TRUE_ACTION_QUALITY"", ""PROGRESSION_PROXY_ONLY"", ""PRESSING_UNAVAILABLE""]",API_FOOTBALL_FIXTURES_PLAYERS,true,false,false,false,false
14694,326,Valerenga,2017-04-09T16:00:00+00:00,2026-09-26T08:36:03Z,39122,Bard Finne,M,76.0,4.43,HIGH,85.7,5.9,PBK_PLAYER_GRADE_V1,"{""attack"": 5.3, ""creation"": 5.14, ""defending"": 2.92, ""discipline"": 5.67, ""possession"": 2.59, ""pressing"": null, ""progression"": 5.34}","[""AGGREGATE_SOURCE_NO_TRUE_ACTION_QUALITY"", ""PROGRESSION_PROXY_ONLY"", ""PRESSING_UNAVAILABLE""]",API_FOOTBALL_FIXTURES_PLAYERS,true,false,false,false,false
14694,326,Valerenga,2017-04-09T16:00:00+00:00,2026-09-26T08:36:03Z,39222,Henrik Kjelsrud Johansen,F,14.0,5.02,LOW,85.7,6.7,PBK_PLAYER_GRADE_V1,"{""attack"": 5.0, ""creation"": 5.0, ""defending"": 5.0, ""discipline"": 6.0, ""possession"": 3.82, ""pressing"": null, ""progression"": 5.45}","[""AGGREGATE_SOURCE_NO_TRUE_ACTION_QUALITY"", ""PROGRESSION_PROXY_ONLY"", ""PRESSING_UNAVAILABLE""]",API_FOOTBALL_FIXTURES_PLAYERS,true,false,false,false,false
14694,326,Valerenga,2017-04-09T16:00:00+00:00,2026-09-26T08:36:03Z,39276,Marcus Sandberg,G,90.0,6.17,HIGH,85.7,6.5,PBK_PLAYER_GRADE_V1,"{""attack"": 5.0, ""creation"": 5.0, ""defending"": 9.17, ""discipline"": 6.0, ""possession"": 0.0, ""pressing"": null, ""progression"": 5.32}","[""AGGREGATE_SOURCE_NO_TRUE_ACTION_QUALITY"", ""PROGRESSION_PROXY_ONLY"", ""PRESSING_UNAVAILABLE""]",API_FOOTBALL_FIXTURES_PLAYERS,true,false,false,false,false
14694,326,Valerenga,2017-04-09T16:00:00+00:00,2026-09-26T08:36:03Z,39337,Muhammed Keita,M,65.0,5.1,MEDIUM,85.7,5.8,PBK_PLAYER_GRADE_V1,"{""attack"": 5.0, ""creation"": 5.0, ""defending"": 1.76, ""discipline"": 6.0, ""possession"": 6.45, ""pressing"": null, ""progression"": 5.63}","[""AGGREGATE_SOURCE_NO_TRUE_ACTION_QUALITY"", ""PROGRESSION_PROXY_ONLY"", ""PRESSING_UNAVAILABLE""]",API_FOOTBALL_FIXTURES_PLAYERS,true,false,false,false,false
14694,326,Valerenga,2017-04-09T16:00:00+00:00,2026-09-26T08:36:03Z,39340,Herman Stengel,M,90.0,7.1,HIGH,85.7,8.3,PBK_PLAYER_GRADE_V1,"{""attack"": 5.25, ""creation"": 9.4, ""defending"": 4.8, ""discipline"": 4.88, ""possession"": 8.61, ""pressing"": null, ""progression"": 6.96}","[""AGGREGATE_SOURCE_NO_TRUE_ACTION_QUALITY"", ""PROGRESSION_PROXY_ONLY"", ""PRESSING_UNAVAILABLE""]",API_FOOTBALL_FIXTURES_PLAYERS,true,false,false,false,false
14694,326,Valerenga,2017-04-09T16:00:00+00:00,2026-09-26T08:36:03Z,48140,Rasmus Lindkvist,M,90.0,5.52,HIGH,85.7,6.5,PBK_PLAYER_GRADE_V1,"{""attack"": 5.0, ""creation"": 5.12, ""defending"": 7.15, ""discipline"": 6.0, ""possession"": 4.48, ""pressing"": null, ""progression"": 5.91}","[""AGGREGATE_SOURCE_NO_TRUE_ACTION_QUALITY"", ""PROGRESSION_PROXY_ONLY"", ""PRESSING_UNAVAILABLE""]",API_FOOTBALL_FIXTURES_PLAYERS,true,false,false,false,false
14694,326,Valerenga,2017-04-09T16:00:00+00:00,2026-09-26T08:36:03Z,48141,Robert Lundstrom,D,90.0,5.53,HIGH,85.7,6.8,PBK_PLAYER_GRADE_V1,"{""attack"": 5.25, ""creation"": 6.47, ""defending"": 5.48, ""discipline"": 5.44, ""possession"": 4.88, ""pressing"": null, ""progression"": 5.95}","[""AGGREGATE_SOURCE_NO_TRUE_ACTION_QUALITY"", ""PROGRESSION_PROXY_ONLY"", ""PRESSING_UNAVAILABLE""]",API_FOOTBALL_FIXTURES_PLAYERS,true,false,false,false,false
14694,326,Valerenga,2017-04-09T16:00:00+00:00,2026-09-26T08:36:03Z,8448,Simen Juklerød,D,22.0,5.46,LOW,85.7,6.5,PBK_PLAYER_GRADE_V1,"{""attack"": 6.02, ""creation"": 5.49, ""defending"": 7.08, ""discipline"": 6.0, ""possession"": 0.0, ""pressing"": null, ""progression"": 5.88}","[""AGGREGATE_SOURCE_NO_TRUE_ACTION_QUALITY"", ""PROGRESSION_PROXY_ONLY"", ""PRESSING_UNAVAILABLE""]",API_FOOTBALL_FIXTURES_PLAYERS,true,false,false,false,false
14694,326,Valerenga,2017-04-09T16:00:00+00:00,2026-09-26T08:36:03Z,99181,Enar Jääger,D,25.0,4.52,LOW,85.7,6.5,PBK_PLAYER_GRADE_V1,"{""attack"": 6.98, ""creation"": 5.0, ""defending"": 5.0, ""discipline"": 6.0, ""possession"": 0.0, ""pressing"": null, ""progression"": 5.38}","[""AGGREGATE_SOURCE_NO_TRUE_ACTION_QUALITY"", ""PROGRESSION_PROXY_ONLY"", ""PRESSING_UNAVAILABLE""]",API_FOOTBALL_FIXTURES_PLAYERS,true,false,false,false,false
14694,326,Valerenga,2017-04-09T16:00:00+00:00,2026-09-26T08:36:03Z,99991,Mohammed Abdellaoue,F,90.0,5.16,HIGH,85.7,6.4,PBK_PLAYER_GRADE_V1,"{""attack"": 5.25, ""creation"": 5.0, ""defending"": 2.92, ""discipline"": 6.0, ""possession"": 5.15, ""pressing"": null, ""progression"": 5.39}","[""AGGREGATE_SOURCE_NO_TRUE_ACTION_QUALITY"", ""PROGRESSION_PROXY_ONLY"", ""PRESSING_UNAVAILABLE""]",API_FOOTBALL_FIXTURES_PLAYERS,true,false,false,false,false
14694,332,Sandefjord,2017-04-09T16:00:00+00:00,2026-09-26T08:36:03Z,100014,Elliott Kebbie,D,90.0,5.95,HIGH,85.7,6.9,PBK_PLAYER_GRADE_V1,"{""attack"": 5.75, ""creation"": 5.0, ""defending"": 7.88, ""discipline"": 5.72, ""possession"": 1.44, ""pressing"": null, ""progression"": 5.92}","[""AGGREGATE_SOURCE_NO_TRUE_ACTION_QUALITY"", ""PROGRESSION_PROXY_ONLY"", ""PRESSING_UNAVAILABLE""]",API_FOOTBALL_FIXTURES_PLAYERS,true,false,false,false,false
14694,332,Sandefjord,2017-04-09T16:00:00+00:00,2026-09-26T08:36:03Z,107856,Markus Naglestad,F,14.0,5.47,LOW,85.7,6.5,PBK_PLAYER_GRADE_V1,"{""attack"": 5.0, ""creation"": 5.0, ""defending"": 0.83, ""discipline"": 6.0, ""possession"": 9.49, ""pressing"": null, ""progression"": 5.45}","[""AGGREGATE_SOURCE_NO_TRUE_ACTION_QUALITY"", ""PROGRESSION_PROXY_ONLY"", ""PRESSING_UNAVAILABLE""]",API_FOOTBALL_FIXTURES_PLAYERS,true,false,false,false,false
14694,332,Sandefjord,2017-04-09T16:00:00+00:00,2026-09-26T08:36:03Z,15949,Ingvar Jónsson,G,90.0,4.22,HIGH,85.7,6.6,PBK_PLAYER_GRADE_V1,"{""attack"": 5.0, ""creation"": 5.0, ""defending"": 5.0, ""discipline"": 5.0, ""possession"": 0.23, ""pressing"": null, ""progression"": 5.56}","[""AGGREGATE_SOURCE_NO_TRUE_ACTION_QUALITY"", ""PROGRESSION_PROXY_ONLY"", ""PRESSING_UNAVAILABLE""]",API_FOOTBALL_FIXTURES_PLAYERS,true,false,false,false,false
14694,332,Sandefjord,2017-04-09T16:00:00+00:00,2026-09-26T08:36:03Z,39176,Flamur Kastrati,F,76.0,6.98,HIGH,85.7,8.0,PBK_PLAYER_GRADE_V1,"{""attack"": 9.44, ""creation"": 5.14, ""defending"": 4.04, ""discipline"": 4.48, ""possession"": 7.21, ""pressing"": null, ""progression"": 5.5}","[""AGGREGATE_SOURCE_NO_TRUE_ACTION_QUALITY"", ""PROGRESSION_PROXY_ONLY"", ""PRESSING_UNAVAILABLE""]",API_FOOTBALL_FIXTURES_PLAYERS,true,false,false,false,false
14694,332,Sandefjord,2017-04-09T16:00:00+00:00,2026-09-26T08:36:03Z,39184,Joackim Solberg,M,90.0,5.62,HIGH,85.7,7.3,PBK_PLAYER_GRADE_V1,"{""attack"": 5.0, ""creation"": 5.45, ""defending"": 7.08, ""discipline"": 6.0, ""possession"": 4.77, ""pressing"": null, ""progression"": 5.84}","[""AGGREGATE_SOURCE_NO_TRUE_ACTION_QUALITY"", ""PROGRESSION_PROXY_ONLY"", ""PRESSING_UNAVAILABLE""]",API_FOOTBALL_FIXTURES_PLAYERS,true,false,false,false,false
14694,332,Sandefjord,2017-04-09T16:00:00+00:00,2026-09-26T08:36:03Z,55599,El-Hadji Gana Kane,D,90.0,5.4,HIGH,85.7,6.8,PBK_PLAYER_GRADE_V1,"{""attack"": 5.25, ""creation"": 5.0, ""defending"": 5.76, ""discipline"": 4.44, ""possession"": 4.69, ""pressing"": null, ""progression"": 5.92}","[""AGGREGATE_SOURCE_NO_TRUE_ACTION_QUALITY"", ""PROGRESSION_PROXY_ONLY"", ""PRESSING_UNAVAILABLE""]",API_FOOTBALL_FIXTURES_PLAYERS,true,false,false,false,false
14694,332,Sandefjord,2017-04-09T16:00:00+00:00,2026-09-26T08:36:03Z,57175,William Kurtovic,M,90.0,5.89,HIGH,85.7,7.0,PBK_PLAYER_GRADE_V1,"{""attack"": 5.5, ""creation"": 5.36, ""defending"": 8.45, ""discipline"": 4.72, ""possession"": 4.89, ""pressing"": null, ""progression"": 6.38}","[""AGGREGATE_SOURCE_NO_TRUE_ACTION_QUALITY"", ""PROGRESSION_PROXY_ONLY"", ""PRESSING_UNAVAILABLE""]",API_FOOTBALL_FIXTURES_PLAYERS,true,false,false,false,false
14694,332,Sandefjord,2017-04-09T16:00:00+00:00,2026-09-26T08:36:03Z,57181,Haavard Storbaek,M,90.0,5.33,HIGH,85.7,7.6,PBK_PLAYER_GRADE_V1,"{""attack"": 5.35, ""creation"": 6.61, ""defending"": 5.69, ""discipline"": 5.72, ""possession"": 3.28, ""pressing"": null, ""progression"": 5.63}","[""AGGREGATE_SOURCE_NO_TRUE_ACTION_QUALITY"", ""PROGRESSION_PROXY_ONLY"", ""PRESSING_UNAVAILABLE""]",API_FOOTBALL_FIXTURES_PLAYERS,true,false,false,false,false
14694,332,Sandefjord,2017-04-09T16:00:00+00:00,2026-09-26T08:36:03Z,57182,Enric Valles,M,90.0,5.77,HIGH,85.7,7.0,PBK_PLAYER_GRADE_V1,"{""attack"": 5.0, ""creation"": 5.57, ""defending"": 7.53, ""discipline"": 5.44, ""possession"": 5.08, ""pressing"": null, ""progression"": 6.05}","[""AGGREGATE_SOURCE_NO_TRUE_ACTION_QUALITY"", ""PROGRESSION_PROXY_ONLY"", ""PRESSING_UNAVAILABLE""]",API_FOOTBALL_FIXTURES_PLAYERS,true,false,false,false,false
14694,332,Sandefjord,2017-04-09T16:00:00+00:00,2026-09-26T08:36:03Z,69924,Pau Morer,M,90.0,5.41,HIGH,85.7,6.9,PBK_PLAYER_GRADE_V1,"{""attack"": 5.0, ""creation"": 6.71, ""defending"": 6.21, ""discipline"": 5.72, ""possession"": 3.66, ""pressing"": null, ""progression"": 5.46}","[""AGGREGATE_SOURCE_NO_TRUE_ACTION_QUALITY"", ""PROGRESSION_PROXY_ONLY"", ""PRESSING_UNAVAILABLE""]",API_FOOTBALL_FIXTURES_PLAYERS,true,false,false,false,false
14694,332,Sandefjord,2017-04-09T16:00:00+00:00,2026-09-26T08:36:03Z,8450,Abdoulaye Seck,D,90.0,6.38,HIGH,85.7,7.3,PBK_PLAYER_GRADE_V1,"{""attack"": 5.8, ""creation"": 5.57, ""defending"": 7.65, ""discipline"": 6.0, ""possession"": 4.24, ""pressing"": null, ""progression"": 5.98}","[""AGGREGATE_SOURCE_NO_TRUE_ACTION_QUALITY"", ""PROGRESSION_PROXY_ONLY"", ""PRESSING_UNAVAILABLE""]",API_FOOTBALL_FIXTURES_PLAYERS,true,false,false,false,false
14694,332,Sandefjord,2017-04-09T16:00:00+00:00,2026-09-26T08:36:03Z,98609,Christer Hansen,D,90.0,4.82,HIGH,85.7,6.4,PBK_PLAYER_GRADE_V1,"{""attack"": 5.0, ""creation"": 5.0, ""defending"": 5.0, ""discipline"": 6.0, ""possession"": 2.66, ""pressing"": null, ""progression"": 5.46}","[""AGGREGATE_SOURCE_NO_TRUE_ACTION_QUALITY"", ""PROGRESSION_PROXY_ONLY"", ""PRESSING_UNAVAILABLE""]",API_FOOTBALL_FIXTURES_PLAYERS,true,false,false,false,false
14695,329,Molde,2017-04-08T16:00:00+00:00,2026-09-26T08:36:03Z,100017,Knut Olav Rindarøy,D,8.0,6.68,LOW,85.7,6.8,PBK_PLAYER_GRADE_V1,"{""attack"": 5.0, ""creation"": 5.0, ""defending"": 10.0, ""discipline"": 6.0, ""possession"": 1.11, ""pressing"": null, ""progression"": 5.39}","[""AGGREGATE_SOURCE_NO_TRUE_ACTION_QUALITY"", ""PROGRESSION_PROXY_ONLY"", ""PRESSING_UNAVAILABLE""]",API_FOOTBALL_FIXTURES_PLAYERS,true,false,false,false,false
14695,329,Molde,2017-04-08T16:00:00+00:00,2026-09-26T08:36:03Z,2796,Björn Sigurðarson,F,45.0,5.2,MEDIUM,85.7,6.9,PBK_PLAYER_GRADE_V1,"{""attack"": 5.5, ""creation"": 5.0, ""defending"": 5.3, ""discipline"": 6.0, ""possession"": 2.95, ""pressing"": null, ""progression"": 5.99}","[""AGGREGATE_SOURCE_NO_TRUE_ACTION_QUALITY"", ""PROGRESSION_PROXY_ONLY"", ""PRESSING_UNAVAILABLE""]",API_FOOTBALL_FIXTURES_PLAYERS,true,false,false,false,false
14695,329,Molde,2017-04-08T16:00:00+00:00,2026-09-26T08:36:03Z,39034,Andreas Linde,G,90.0,4.82,HIGH,85.7,7.1,PBK_PLAYER_GRADE_V1,"{""attack"": 5.0, ""creation"": 5.0, ""defending"": 5.0, ""discipline"": 6.0, ""possession"": 2.59, ""pressing"": null, ""progression"": 5.59}","[""AGGREGATE_SOURCE_NO_TRUE_ACTION_QUALITY"", ""PROGRESSION_PROXY_ONLY"", ""PRESSING_UNAVAILABLE""]",API_FOOTBALL_FIXTURES_PLAYERS,true,false,false,false,false
14695,329,Molde,2017-04-08T16:00:00+00:00,2026-09-26T08:36:03Z,39038,Ruben Gabrielsen,D,82.0,5.92,HIGH,85.7,6.6,PBK_PLAYER_GRADE_V1,"{""attack"": 5.27, ""creation"": 5.0, ""defending"": 7.78, ""discipline"": 6.0, ""possession"": 1.94, ""pressing"": null, ""progression"": 5.58}","[""AGGREGATE_SOURCE_NO_TRUE_ACTION_QUALITY"", ""PROGRESSION_PROXY_ONLY"", ""PRESSING_UNAVAILABLE""]",API_FOOTBALL_FIXTURES_PLAYERS,true,false,false,false,false
14695,329,Molde,2017-04-08T16:00:00+00:00,2026-09-26T08:36:03Z,39041,Christoffer Remmer,D,45.0,5.54,MEDIUM,85.7,6.4,PBK_PLAYER_GRADE_V1,"{""attack"": 5.0, ""creation"": 5.0, ""defending"": 6.52, ""discipline"": 6.0, ""possession"": 3.07, ""pressing"": null, ""progression"": 5.56}","[""AGGREGATE_SOURCE_NO_TRUE_ACTION_QUALITY"", ""PROGRESSION_PROXY_ONLY"", ""PRESSING_UNAVAILABLE""]",API_FOOTBALL_FIXTURES_PLAYERS,true,false,false,false,false
14695,329,Molde,2017-04-08T16:00:00+00:00,2026-09-26T08:36:03Z,39043,Fredrik Aursnes,M,90.0,5.44,HIGH,85.7,6.8,PBK_PLAYER_GRADE_V1,"{""attack"": 5.55, ""creation"": 6.8, ""defending"": 3.97, ""discipline"": 4.88, ""possession"": 4.35, ""pressing"": null, ""progression"": 6.19}","[""AGGREGATE_SOURCE_NO_TRUE_ACTION_QUALITY"", ""PROGRESSION_PROXY_ONLY"", ""PRESSING_UNAVAILABLE""]",API_FOOTBALL_FIXTURES_PLAYERS,true,false,false,false,false
14695,329,Molde,2017-04-08T16:00:00+00:00,2026-09-26T08:36:03Z,39044,Eirik Hestad,M,90.0,5.04,HIGH,85.7,6.6,PBK_PLAYER_GRADE_V1,"{""attack"": 5.25, ""creation"": 6.14, ""defending"": 4.4, ""discipline"": 5.44, ""possession"": 3.14, ""pressing"": null, ""progression"": 5.84}","[""AGGREGATE_SOURCE_NO_TRUE_ACTION_QUALITY"", ""PROGRESSION_PROXY_ONLY"", ""PRESSING_UNAVAILABLE""]",API_FOOTBALL_FIXTURES_PLAYERS,true,false,false,false,false
14695,329,Molde,2017-04-08T16:00:00+00:00,2026-09-26T08:36:03Z,39101,Sander Svendsen,F,69.0,4.6,HIGH,85.7,6.1,PBK_PLAYER_GRADE_V1,"{""attack"": 5.0, ""creation"": 5.16, ""defending"": 2.5, ""discipline"": 6.0, ""possession"": 1.03, ""pressing"": null, ""progression"": 5.27}","[""AGGREGATE_SOURCE_NO_TRUE_ACTION_QUALITY"", ""PROGRESSION_PROXY_ONLY"", ""PRESSING_UNAVAILABLE""]",API_FOOTBALL_FIXTURES_PLAYERS,true,false,false,false,false
14695,329,Molde,2017-04-08T16:00:00+00:00,2026-09-26T08:36:03Z,39172,Thomas Amang,F,21.0,5.07,LOW,85.7,6.6,PBK_PLAYER_GRADE_V1,"{""attack"": 6.07, ""creation"": 5.51, ""defending"": 5.0, ""discipline"": 3.6, ""possession"": 0.94, ""pressing"": null, ""progression"": 5.92}","[""AGGREGATE_SOURCE_NO_TRUE_ACTION_QUALITY"", ""PROGRESSION_PROXY_ONLY"", ""PRESSING_UNAVAILABLE""]",API_FOOTBALL_FIXTURES_PLAYERS,true,false,false,false,false
14695,329,Molde,2017-04-08T16:00:00+00:00,2026-09-26T08:36:03Z,39197,Fredrik Brustad,F,90.0,5.18,HIGH,85.7,6.2,PBK_PLAYER_GRADE_V1,"{""attack"": 5.0, ""creation"": 5.81, ""defending"": 3.01, ""discipline"": 5.44, ""possession"": 4.83, ""pressing"": null, ""progression"": 5.46}","[""AGGREGATE_SOURCE_NO_TRUE_ACTION_QUALITY"", ""PROGRESSION_PROXY_ONLY"", ""PRESSING_UNAVAILABLE""]",API_FOOTBALL_FIXTURES_PLAYERS,true,false,false,false,false
14695,329,Molde,2017-04-08T16:00:00+00:00,2026-09-26T08:36:03Z,39217,Petter Strand,M,90.0,5.38,HIGH,85.7,6.9,PBK_PLAYER_GRADE_V1,"{""attack"": 5.75, ""creation"": 5.24, ""defending"": 6.6, ""discipline"": 4.16, ""possession"": 4.21, ""pressing"": null, ""progression"": 6.07}","[""AGGREGATE_SOURCE_NO_TRUE_ACTION_QUALITY"", ""PROGRESSION_PROXY_ONLY"", ""PRESSING_UNAVAILABLE""]",API_FOOTBALL_FIXTURES_PLAYERS,true,false,false,false,false
14695,329,Molde,2017-04-08T16:00:00+00:00,2026-09-26T08:36:03Z,48016,Joona Toivio,D,90.0,6.34,HIGH,85.7,6.6,PBK_PLAYER_GRADE_V1,"{""attack"": 5.0, ""creation"": 5.0, ""defending"": 7.15, ""discipline"": 6.0, ""possession"": 5.83, ""pressing"": null, ""progression"": 6.16}","[""AGGREGATE_SOURCE_NO_TRUE_ACTION_QUALITY"", ""PROGRESSION_PROXY_ONLY"", ""PRESSING_UNAVAILABLE""]",API_FOOTBALL_FIXTURES_PLAYERS,true,false,false,false,false
14695,329,Molde,2017-04-08T16:00:00+00:00,2026-09-26T08:36:03Z,48066,Stian Gregersen,D,90.0,5.32,HIGH,85.7,6.6,PBK_PLAYER_GRADE_V1,"{""attack"": 5.0, ""creation"": 5.12, ""defending"": 5.0, ""discipline"": 4.72, ""possession"": 6.15, ""pressing"": null, ""progression"": 5.91}","[""AGGREGATE_SOURCE_NO_TRUE_ACTION_QUALITY"", ""PROGRESSION_PROXY_ONLY"", ""PRESSING_UNAVAILABLE""]",API_FOOTBALL_FIXTURES_PLAYERS,true,false,false,false,false
14695,329,Molde,2017-04-08T16:00:00+00:00,2026-09-26T08:36:03Z,53756,Babacar Sarr,D,90.0,5.4,HIGH,85.7,6.7,PBK_PLAYER_GRADE_V1,"{""attack"": 5.0, ""creation"": 5.12, ""defending"": 6.01, ""discipline"": 4.16, ""possession"": 4.2, ""pressing"": null, ""progression"": 5.98}","[""AGGREGATE_SOURCE_NO_TRUE_ACTION_QUALITY"", ""PROGRESSION_PROXY_ONLY"", ""PRESSING_UNAVAILABLE""]",API_FOOTBALL_FIXTURES_PLAYERS,true,false,false,false,false
14695,331,Rosenborg,2017-04-08T16:00:00+00:00,2026-09-26T08:36:03Z,1168,André Hansen,G,90.0,6.16,HIGH,85.7,6.5,PBK_PLAYER_GRADE_V1,"{""attack"": 5.0, ""creation"": 5.0, ""defending"": 9.17, ""discipline"": 6.0, ""possession"": 0.0, ""pressing"": null, ""progression"": 5.28}","[""AGGREGATE_SOURCE_NO_TRUE_ACTION_QUALITY"", ""PROGRESSION_PROXY_ONLY"", ""PRESSING_UNAVAILABLE""]",API_FOOTBALL_FIXTURES_PLAYERS,true,false,false,false,false
14695,331,Rosenborg,2017-04-08T16:00:00+00:00,2026-09-26T08:36:03Z,1171,Vegar Eggen Hedenstad,D,90.0,7.79,HIGH,85.7,7.6,PBK_PLAYER_GRADE_V1,"{""attack"": 5.0, ""creation"": 7.72, ""defending"": 9.93, ""discipline"": 6.0, ""possession"": 6.18, ""pressing"": null, ""progression"": 6.19}","[""AGGREGATE_SOURCE_NO_TRUE_ACTION_QUALITY"", ""PROGRESSION_PROXY_ONLY"", ""PRESSING_UNAVAILABLE""]",API_FOOTBALL_FIXTURES_PLAYERS,true,false,false,false,false
14695,331,Rosenborg,2017-04-08T16:00:00+00:00,2026-09-26T08:36:03Z,1175,Tore Reginiussen,D,90.0,6.53,HIGH,85.7,7.2,PBK_PLAYER_GRADE_V1,"{""attack"": 5.0, ""creation"": 5.12, ""defending"": 7.65, ""discipline"": 5.44, ""possession"": 5.78, ""pressing"": null, ""progression"": 6.33}","[""AGGREGATE_SOURCE_NO_TRUE_ACTION_QUALITY"", ""PROGRESSION_PROXY_ONLY"", ""PRESSING_UNAVAILABLE""]",API_FOOTBALL_FIXTURES_PLAYERS,true,false,false,false,false
14695,331,Rosenborg,2017-04-08T16:00:00+00:00,2026-09-26T08:36:03Z,1181,Anders Konradsen,M,90.0,5.61,HIGH,85.7,7.0,PBK_PLAYER_GRADE_V1,"{""attack"": 5.0, ""creation"": 5.24, ""defending"": 5.76, ""discipline"": 5.16, ""possession"": 5.83, ""pressing"": null, ""progression"": 6.16}","[""AGGREGATE_SOURCE_NO_TRUE_ACTION_QUALITY"", ""PROGRESSION_PROXY_ONLY"", ""PRESSING_UNAVAILABLE""]",API_FOOTBALL_FIXTURES_PLAYERS,true,false,false,false,false
14695,331,Rosenborg,2017-04-08T16:00:00+00:00,2026-09-26T08:36:03Z,1182,Mike Jensen,M,90.0,6.1,HIGH,85.7,7.2,PBK_PLAYER_GRADE_V1,"{""attack"": 6.05, ""creation"": 5.6, ""defending"": 6.39, ""discipline"": 6.0, ""possession"": 5.99, ""pressing"": null, ""progression"": 6.52}","[""AGGREGATE_SOURCE_NO_TRUE_ACTION_QUALITY"", ""PROGRESSION_PROXY_ONLY"", ""PRESSING_UNAVAILABLE""]",API_FOOTBALL_FIXTURES_PLAYERS,true,false,false,false,false
14695,331,Rosenborg,2017-04-08T16:00:00+00:00,2026-09-26T08:36:03Z,1187,Nicklas Bendtner,F,90.0,5.36,HIGH,85.7,6.9,PBK_PLAYER_GRADE_V1,"{""attack"": 5.55, ""creation"": 5.45, ""defending"": 4.17, ""discipline"": 5.44, ""possession"": 4.29, ""pressing"": null, ""progression"": 5.88}","[""AGGREGATE_SOURCE_NO_TRUE_ACTION_QUALITY"", ""PROGRESSION_PROXY_ONLY"", ""PRESSING_UNAVAILABLE""]",API_FOOTBALL_FIXTURES_PLAYERS,true,false,false,false,false
14695,331,Rosenborg,2017-04-08T16:00:00+00:00,2026-09-26T08:36:03Z,1191,Pål André Helland,F,87.0,5.76,HIGH,85.7,6.9,PBK_PLAYER_GRADE_V1,"{""attack"": 6.71, ""creation"": 5.47, ""defending"": 2.02, ""discipline"": 6.0, ""possession"": 4.72, ""pressing"": null, ""progression"": 5.54}","[""AGGREGATE_SOURCE_NO_TRUE_ACTION_QUALITY"", ""PROGRESSION_PROXY_ONLY"", ""PRESSING_UNAVAILABLE""]",API_FOOTBALL_FIXTURES_PLAYERS,true,false,false,false,false
14695,331,Rosenborg,2017-04-08T16:00:00+00:00,2026-09-26T08:36:03Z,2743,Alex Gersbach,D,80.0,5.97,HIGH,85.7,6.5,PBK_PLAYER_GRADE_V1,"{""attack"": 5.0, ""creation"": 5.27, ""defending"": 6.45, ""discipline"": 5.68, ""possession"": 5.56, ""pressing"": null, ""progression"": 6.02}","[""AGGREGATE_SOURCE_NO_TRUE_ACTION_QUALITY"", ""PROGRESSION_PROXY_ONLY"", ""PRESSING_UNAVAILABLE""]",API_FOOTBALL_FIXTURES_PLAYERS,true,false,false,false,false
14695,331,Rosenborg,2017-04-08T16:00:00+00:00,2026-09-26T08:36:03Z,354,Milan Jevtović,M,88.0,5.99,HIGH,85.7,7.2,PBK_PLAYER_GRADE_V1,"{""attack"": 7.35, ""creation"": 6.75, ""defending"": 4.62, ""discipline"": 5.43, ""possession"": 5.96, ""pressing"": null, ""progression"": 5.64}","[""AGGREGATE_SOURCE_NO_TRUE_ACTION_QUALITY"", ""PROGRESSION_PROXY_ONLY"", ""PRESSING_UNAVAILABLE""]",API_FOOTBALL_FIXTURES_PLAYERS,true,false,false,false,false
14695,331,Rosenborg,2017-04-08T16:00:00+00:00,2026-09-26T08:36:03Z,36901,Fredrik Midtsjø,M,90.0,5.69,HIGH,85.7,7.5,PBK_PLAYER_GRADE_V1,"{""attack"": 7.0, ""creation"": 5.81, ""defending"": 5.96, ""discipline"": 6.0, ""possession"": 3.98, ""pressing"": null, ""progression"": 6.09}","[""AGGREGATE_SOURCE_NO_TRUE_ACTION_QUALITY"", ""PROGRESSION_PROXY_ONLY"", ""PRESSING_UNAVAILABLE""]",API_FOOTBALL_FIXTURES_PLAYERS,true,false,false,false,false
14695,331,Rosenborg,2017-04-08T16:00:00+00:00,2026-09-26T08:36:03Z,39109,Johan Bjørdal,D,10.0,5.93,LOW,85.7,6.8,PBK_PLAYER_GRADE_V1,"{""attack"": 5.0, ""creation"": 5.0, ""defending"": 5.0, ""discipline"": 6.0, ""possession"": 9.62, ""pressing"": null, ""progression"": 5.63}","[""AGGREGATE_SOURCE_NO_TRUE_ACTION_QUALITY"", ""PROGRESSION_PROXY_ONLY"", ""PRESSING_UNAVAILABLE""]",API_FOOTBALL_FIXTURES_PLAYERS,true,false,false,false,false
14695,331,Rosenborg,2017-04-08T16:00:00+00:00,2026-09-26T08:36:03Z,39125,Matthías Vilhjálmsson,F,2.0,4.77,LOW,85.7,–,PBK_PLAYER_GRADE_V1,"{""attack"": 5.0, ""creation"": 5.0, ""defending"": 0.83, ""discipline"": 6.0, ""possession"": 1.96, ""pressing"": null, ""progression"": 6.58}","[""AGGREGATE_SOURCE_NO_TRUE_ACTION_QUALITY"", ""PROGRESSION_PROXY_ONLY"", ""PRESSING_UNAVAILABLE""]",API_FOOTBALL_FIXTURES_PLAYERS,true,false,false,false,false
14695,331,Rosenborg,2017-04-08T16:00:00+00:00,2026-09-26T08:36:03Z,39366,Mushaga Bakenga,F,3.0,4.45,LOW,71.4,6.5,PBK_PLAYER_GRADE_V1,"{""attack"": 5.0, ""creation"": 5.0, ""defending"": 5.0, ""discipline"": 6.0, ""possession"": 0.0, ""pressing"": null}","[""AGGREGATE_SOURCE_NO_TRUE_ACTION_QUALITY"", ""PROGRESSION_PROXY_ONLY"", ""PRESSING_UNAVAILABLE""]",API_FOOTBALL_FIXTURES_PLAYERS,true,false,false,false,false
14695,331,Rosenborg,2017-04-08T16:00:00+00:00,2026-09-26T08:36:03Z,51056,Jørgen Skjelvik,D,90.0,6.83,HIGH,85.7,7.0,PBK_PLAYER_GRADE_V1,"{""attack"": 5.25, ""creation"": 5.0, ""defending"": 7.46, ""discipline"": 5.72, ""possession"": 7.78, ""pressing"": null, ""progression"": 6.51}","[""AGGREGATE_SOURCE_NO_TRUE_ACTION_QUALITY"", ""PROGRESSION_PROXY_ONLY"", ""PRESSING_UNAVAILABLE""]",API_FOOTBALL_FIXTURES_PLAYERS,true,false,false,false,false
14696,319,Brann,2017-04-06T17:00:00+00:00,2026-09-26T08:36:03Z,15644,Sivert Nilsen,M,90.0,6.84,HIGH,85.7,8.0,PBK_PLAYER_GRADE_V1,"{""attack"": 5.25, ""creation"": 5.93, ""defending"": 8.44, ""discipline"": 5.44, ""possession"": 7.81, ""pressing"": null, ""progression"": 7.25}","[""AGGREGATE_SOURCE_NO_TRUE_ACTION_QUALITY"", ""PROGRESSION_PROXY_ONLY"", ""PRESSING_UNAVAILABLE""]",API_FOOTBALL_FIXTURES_PLAYERS,true,false,false,false,false
14696,319,Brann,2017-04-06T17:00:00+00:00,2026-09-26T08:36:03Z,2029,Steffen Skalevik,F,26.0,5.29,LOW,85.7,6.7,PBK_PLAYER_GRADE_V1,"{""attack"": 5.0, ""creation"": 5.0, ""defending"": 5.0, ""discipline"": 6.0, ""possession"": 6.18, ""pressing"": null, ""progression"": 5.48}","[""AGGREGATE_SOURCE_NO_TRUE_ACTION_QUALITY"", ""PROGRESSION_PROXY_ONLY"", ""PRESSING_UNAVAILABLE""]",API_FOOTBALL_FIXTURES_PLAYERS,true,false,false,false,false
14696,319,Brann,2017-04-06T17:00:00+00:00,2026-09-26T08:36:03Z,39097,Torgeir Borven,F,64.0,4.87,MEDIUM,85.7,7.0,PBK_PLAYER_GRADE_V1,"{""attack"": 5.0, ""creation"": 6.76, ""defending"": 3.61, ""discipline"": 6.0, ""possession"": 0.0, ""pressing"": null, ""progression"": 5.1}","[""AGGREGATE_SOURCE_NO_TRUE_ACTION_QUALITY"", ""PROGRESSION_PROXY_ONLY"", ""PRESSING_UNAVAILABLE""]",API_FOOTBALL_FIXTURES_PLAYERS,true,false,false,false,false
14696,319,Brann,2017-04-06T17:00:00+00:00,2026-09-26T08:36:03Z,39124,Deyver Vega,F,64.0,5.81,MEDIUM,85.7,6.5,PBK_PLAYER_GRADE_V1,"{""attack"": 5.7, ""creation"": 6.14, ""defending"": 5.11, ""discipline"": 3.41, ""possession"": 7.29, ""pressing"": null, ""progression"": 6.15}","[""AGGREGATE_SOURCE_NO_TRUE_ACTION_QUALITY"", ""PROGRESSION_PROXY_ONLY"", ""PRESSING_UNAVAILABLE""]",API_FOOTBALL_FIXTURES_PLAYERS,true,false,false,false,false
14696,319,Brann,2017-04-06T17:00:00+00:00,2026-09-26T08:36:03Z,39205,Bismar Acosta,D,90.0,7.1,HIGH,85.7,7.5,PBK_PLAYER_GRADE_V1,"{""attack"": 5.25, ""creation"": 5.12, ""defending"": 7.88, ""discipline"": 6.0, ""possession"": 8.03, ""pressing"": null, ""progression"": 6.62}","[""AGGREGATE_SOURCE_NO_TRUE_ACTION_QUALITY"", ""PROGRESSION_PROXY_ONLY"", ""PRESSING_UNAVAILABLE""]",API_FOOTBALL_FIXTURES_PLAYERS,true,false,false,false,false
14696,319,Brann,2017-04-06T17:00:00+00:00,2026-09-26T08:36:03Z,39209,Ruben Kristiansen,D,90.0,6.22,HIGH,85.7,7.1,PBK_PLAYER_GRADE_V1,"{""attack"": 5.0, ""creation"": 6.14, ""defending"": 5.83, ""discipline"": 6.0, ""possession"": 7.51, ""pressing"": null, ""progression"": 6.65}","[""AGGREGATE_SOURCE_NO_TRUE_ACTION_QUALITY"", ""PROGRESSION_PROXY_ONLY"", ""PRESSING_UNAVAILABLE""]",API_FOOTBALL_FIXTURES_PLAYERS,true,false,false,false,false
14696,319,Brann,2017-04-06T17:00:00+00:00,2026-09-26T08:36:03Z,39212,Vito Wormgoor,D,81.0,6.49,HIGH,85.7,6.9,PBK_PLAYER_GRADE_V1,"{""attack"": 5.28, ""creation"": 5.0, ""defending"": 6.67, ""discipline"": 4.58, ""possession"": 8.14, ""pressing"": null, ""progression"": 6.79}","[""AGGREGATE_SOURCE_NO_TRUE_ACTION_QUALITY"", ""PROGRESSION_PROXY_ONLY"", ""PRESSING_UNAVAILABLE""]",API_FOOTBALL_FIXTURES_PLAYERS,true,false,false,false,false
14696,319,Brann,2017-04-06T17:00:00+00:00,2026-09-26T08:36:03Z,39213,Kristoffer Barmen,M,90.0,6.45,HIGH,85.7,7.7,PBK_PLAYER_GRADE_V1,"{""attack"": 7.3, ""creation"": 5.93, ""defending"": 6.39, ""discipline"": 6.0, ""possession"": 6.6, ""pressing"": null, ""progression"": 6.54}","[""AGGREGATE_SOURCE_NO_TRUE_ACTION_QUALITY"", ""PROGRESSION_PROXY_ONLY"", ""PRESSING_UNAVAILABLE""]",API_FOOTBALL_FIXTURES_PLAYERS,true,false,false,false,false
14696,319,Brann,2017-04-06T17:00:00+00:00,2026-09-26T08:36:03Z,39214,Fredrik Haugen,M,90.0,6.61,HIGH,85.7,8.6,PBK_PLAYER_GRADE_V1,"{""attack"": 5.8, ""creation"": 8.5, ""defending"": 7.46, ""discipline"": 5.72, ""possession"": 5.44, ""pressing"": null, ""progression"": 6.26}","[""AGGREGATE_SOURCE_NO_TRUE_ACTION_QUALITY"", ""PROGRESSION_PROXY_ONLY"", ""PRESSING_UNAVAILABLE""]",API_FOOTBALL_FIXTURES_PLAYERS,true,false,false,false,false
14696,319,Brann,2017-04-06T17:00:00+00:00,2026-09-26T08:36:03Z,39225,Gilli Sørensen,F,90.0,5.23,HIGH,85.7,6.6,PBK_PLAYER_GRADE_V1,"{""attack"": 5.55, ""creation"": 5.45, ""defending"": 2.22, ""discipline"": 5.44, ""possession"": 4.05, ""pressing"": null, ""progression"": 5.77}","[""AGGREGATE_SOURCE_NO_TRUE_ACTION_QUALITY"", ""PROGRESSION_PROXY_ONLY"", ""PRESSING_UNAVAILABLE""]",API_FOOTBALL_FIXTURES_PLAYERS,true,false,false,false,false
14696,319,Brann,2017-04-06T17:00:00+00:00,2026-09-26T08:36:03Z,40519,Piotr Leciejewski,G,90.0,6.59,HIGH,85.7,7.0,PBK_PLAYER_GRADE_V1,"{""attack"": 5.0, ""creation"": 5.0, ""defending"": 9.17, ""discipline"": 6.0, ""possession"": 2.16, ""pressing"": null, ""progression"": 5.46}","[""AGGREGATE_SOURCE_NO_TRUE_ACTION_QUALITY"", ""PROGRESSION_PROXY_ONLY"", ""PRESSING_UNAVAILABLE""]",API_FOOTBALL_FIXTURES_PLAYERS,true,false,false,false,false
14696,319,Brann,2017-04-06T17:00:00+00:00,2026-09-26T08:36:03Z,47803,Jakob Orlov,F,26.0,7.2,LOW,85.7,7.3,PBK_PLAYER_GRADE_V1,"{""attack"": 10.0, ""creation"": 6.56, ""defending"": 6.39, ""discipline"": 6.0, ""possession"": 2.02, ""pressing"": null, ""progression"": 5.73}","[""AGGREGATE_SOURCE_NO_TRUE_ACTION_QUALITY"", ""PROGRESSION_PROXY_ONLY"", ""PRESSING_UNAVAILABLE""]",API_FOOTBALL_FIXTURES_PLAYERS,true,false,false,false,false
14696,319,Brann,2017-04-06T17:00:00+00:00,2026-09-26T08:36:03Z,57142,Jonas Gronner,D,9.0,4.18,LOW,71.4,6.5,PBK_PLAYER_GRADE_V1,"{""attack"": 5.0, ""creation"": 5.0, ""defending"": 5.0, ""discipline"": 6.0, ""possession"": 0.0, ""pressing"": null}","[""AGGREGATE_SOURCE_NO_TRUE_ACTION_QUALITY"", ""PROGRESSION_PROXY_ONLY"", ""PRESSING_UNAVAILABLE""]",API_FOOTBALL_FIXTURES_PLAYERS,true,false,false,false,false
14696,319,Brann,2017-04-06T17:00:00+00:00,2026-09-26T08:36:03Z,8699,Amin Nouri,D,90.0,5.63,HIGH,85.7,6.9,PBK_PLAYER_GRADE_V1,"{""attack"": 5.55, ""creation"": 5.81, ""defending"": 5.76, ""discipline"": 5.72, ""possession"": 5.03, ""pressing"": null, ""progression"": 5.74}","[""AGGREGATE_SOURCE_NO_TRUE_ACTION_QUALITY"", ""PROGRESSION_PROXY_ONLY"", ""PRESSING_UNAVAILABLE""]",API_FOOTBALL_FIXTURES_PLAYERS,true,false,false,false,false
14696,324,Stromsgodset,2017-04-06T17:00:00+00:00,2026-09-26T08:36:03Z,14340,Bassel Jradi,M,33.0,6.89,LOW,85.7,6.7,PBK_PLAYER_GRADE_V1,"{""attack"": 5.0, ""creation"": 6.88, ""defending"": 8.12, ""discipline"": 5.24, ""possession"": 8.72, ""pressing"": null, ""progression"": 6.24}","[""AGGREGATE_SOURCE_NO_TRUE_ACTION_QUALITY"", ""PROGRESSION_PROXY_ONLY"", ""PRESSING_UNAVAILABLE""]",API_FOOTBALL_FIXTURES_PLAYERS,true,false,false,false,false
14696,324,Stromsgodset,2017-04-06T17:00:00+00:00,2026-09-26T08:36:03Z,28339,Tokmac Chol Nguen,M,19.0,6.67,LOW,85.7,6.5,PBK_PLAYER_GRADE_V1,"{""attack"": 7.37, ""creation"": 7.7, ""defending"": 6.2, ""discipline"": 4.67, ""possession"": 5.0, ""pressing"": null, ""progression"": 7.87}","[""AGGREGATE_SOURCE_NO_TRUE_ACTION_QUALITY"", ""PROGRESSION_PROXY_ONLY"", ""PRESSING_UNAVAILABLE""]",API_FOOTBALL_FIXTURES_PLAYERS,true,false,false,false,false
14696,324,Stromsgodset,2017-04-06T17:00:00+00:00,2026-09-26T08:36:03Z,3444,Francisco Junior,M,90.0,6.01,HIGH,85.7,6.3,PBK_PLAYER_GRADE_V1,"{""attack"": 5.25, ""creation"": 5.12, ""defending"": 4.19, ""discipline"": 5.44, ""possession"": 7.96, ""pressing"": null, ""progression"": 6.75}","[""AGGREGATE_SOURCE_NO_TRUE_ACTION_QUALITY"", ""PROGRESSION_PROXY_ONLY"", ""PRESSING_UNAVAILABLE""]",API_FOOTBALL_FIXTURES_PLAYERS,true,false,false,false,false
14696,324,Stromsgodset,2017-04-06T17:00:00+00:00,2026-09-26T08:36:03Z,39327,Jakob Glesnes,D,90.0,6.89,HIGH,85.7,7.3,PBK_PLAYER_GRADE_V1,"{""attack"": 5.0, ""creation"": 5.0, ""defending"": 7.31, ""discipline"": 6.0, ""possession"": 8.25, ""pressing"": null, ""progression"": 6.75}","[""AGGREGATE_SOURCE_NO_TRUE_ACTION_QUALITY"", ""PROGRESSION_PROXY_ONLY"", ""PRESSING_UNAVAILABLE""]",API_FOOTBALL_FIXTURES_PLAYERS,true,false,false,false,false
14696,324,Stromsgodset,2017-04-06T17:00:00+00:00,2026-09-26T08:36:03Z,39329,Jonathan Parr,D,90.0,5.41,HIGH,85.7,6.1,PBK_PLAYER_GRADE_V1,"{""attack"": 5.0, ""creation"": 5.57, ""defending"": 5.38, ""discipline"": 5.72, ""possession"": 4.72, ""pressing"": null, ""progression"": 6.02}","[""AGGREGATE_SOURCE_NO_TRUE_ACTION_QUALITY"", ""PROGRESSION_PROXY_ONLY"", ""PRESSING_UNAVAILABLE""]",API_FOOTBALL_FIXTURES_PLAYERS,true,false,false,false,false
14696,324,Stromsgodset,2017-04-06T17:00:00+00:00,2026-09-26T08:36:03Z,39330,Stian Ringstad,D,57.0,4.82,MEDIUM,85.7,6.4,PBK_PLAYER_GRADE_V1,"{""attack"": 5.0, ""creation"": 5.19, ""defending"": 4.77, ""discipline"": 5.12, ""possession"": 3.6, ""pressing"": null, ""progression"": 5.61}","[""AGGREGATE_SOURCE_NO_TRUE_ACTION_QUALITY"", ""PROGRESSION_PROXY_ONLY"", ""PRESSING_UNAVAILABLE""]",API_FOOTBALL_FIXTURES_PLAYERS,true,false,false,false,false
14696,324,Stromsgodset,2017-04-06T17:00:00+00:00,2026-09-26T08:36:03Z,39333,Lars Christopher Vilsvik,D,90.0,5.24,HIGH,85.7,6.2,PBK_PLAYER_GRADE_V1,"{""attack"": 5.0, ""creation"": 5.12, ""defending"": 5.38, ""discipline"": 6.0, ""possession"": 3.91, ""pressing"": null, ""progression"": 5.8}","[""AGGREGATE_SOURCE_NO_TRUE_ACTION_QUALITY"", ""PROGRESSION_PROXY_ONLY"", ""PRESSING_UNAVAILABLE""]",API_FOOTBALL_FIXTURES_PLAYERS,true,false,false,false,false
14696,324,Stromsgodset,2017-04-06T17:00:00+00:00,2026-09-26T08:36:03Z,39334,Henning Hauger,M,71.0,5.71,HIGH,85.7,6.6,PBK_PLAYER_GRADE_V1,"{""attack"": 5.0, ""creation"": 5.0, ""defending"": 4.92, ""discipline"": 5.65, ""possession"": 6.86, ""pressing"": null, ""progression"": 6.2}","[""AGGREGATE_SOURCE_NO_TRUE_ACTION_QUALITY"", ""PROGRESSION_PROXY_ONLY"", ""PRESSING_UNAVAILABLE""]",API_FOOTBALL_FIXTURES_PLAYERS,true,false,false,false,false
14696,324,Stromsgodset,2017-04-06T17:00:00+00:00,2026-09-26T08:36:03Z,39342,Kristoffer Tokstad,M,90.0,5.32,HIGH,85.7,5.9,PBK_PLAYER_GRADE_V1,"{""attack"": 5.25, ""creation"": 5.45, ""defending"": 1.67, ""discipline"": 5.16, ""possession"": 7.03, ""pressing"": null, ""progression"": 5.92}","[""AGGREGATE_SOURCE_NO_TRUE_ACTION_QUALITY"", ""PROGRESSION_PROXY_ONLY"", ""PRESSING_UNAVAILABLE""]",API_FOOTBALL_FIXTURES_PLAYERS,true,false,false,false,false
14696,324,Stromsgodset,2017-04-06T17:00:00+00:00,2026-09-26T08:36:03Z,39345,Marcus Pedersen,F,71.0,4.64,HIGH,85.7,6.6,PBK_PLAYER_GRADE_V1,"{""attack"": 5.0, ""creation"": 5.15, ""defending"": 3.61, ""discipline"": 5.65, ""possession"": 1.12, ""pressing"": null, ""progression"": 5.4}","[""AGGREGATE_SOURCE_NO_TRUE_ACTION_QUALITY"", ""PROGRESSION_PROXY_ONLY"", ""PRESSING_UNAVAILABLE""]",API_FOOTBALL_FIXTURES_PLAYERS,true,false,false,false,false
14696,324,Stromsgodset,2017-04-06T17:00:00+00:00,2026-09-26T08:36:03Z,40865,Radosław Janukiewicz,G,90.0,4.35,HIGH,85.7,6.5,PBK_PLAYER_GRADE_V1,"{""attack"": 5.0, ""creation"": 5.0, ""defending"": 5.0, ""discipline"": 6.0, ""possession"": 0.0, ""pressing"": null, ""progression"": 5.63}","[""AGGREGATE_SOURCE_NO_TRUE_ACTION_QUALITY"", ""PROGRESSION_PROXY_ONLY"", ""PRESSING_UNAVAILABLE""]",API_FOOTBALL_FIXTURES_PLAYERS,true,false,false,false,false
14696,324,Stromsgodset,2017-04-06T17:00:00+00:00,2026-09-26T08:36:03Z,57183,Pontus Engblom,F,19.0,6.3,LOW,85.7,6.5,PBK_PLAYER_GRADE_V1,"{""attack"": 7.61, ""creation"": 5.0, ""defending"": 4.17, ""discipline"": 6.0, ""possession"": 6.31, ""pressing"": null, ""progression"": 5.66}","[""AGGREGATE_SOURCE_NO_TRUE_ACTION_QUALITY"", ""PROGRESSION_PROXY_ONLY"", ""PRESSING_UNAVAILABLE""]",API_FOOTBALL_FIXTURES_PLAYERS,true,false,false,false,false
14696,324,Stromsgodset,2017-04-06T17:00:00+00:00,2026-09-26T08:36:03Z,98676,Kim Andre Madsen,D,90.0,6.79,HIGH,85.7,7.0,PBK_PLAYER_GRADE_V1,"{""attack"": 5.0, ""creation"": 5.0, ""defending"": 7.46, ""discipline"": 6.0, ""possession"": 7.43, ""pressing"": null, ""progression"": 6.54}","[""AGGREGATE_SOURCE_NO_TRUE_ACTION_QUALITY"", ""PROGRESSION_PROXY_ONLY"", ""PRESSING_UNAVAILABLE""]",API_FOOTBALL_FIXTURES_PLAYERS,true,false,false,false,false
14696,324,Stromsgodset,2017-04-06T17:00:00+00:00,2026-09-26T08:36:03Z,99358,Marco Tagbajumi,F,90.0,5.12,HIGH,85.7,6.1,PBK_PLAYER_GRADE_V1,"{""attack"": 5.25, ""creation"": 5.24, ""defending"": 2.5, ""discipline"": 4.6, ""possession"": 5.42, ""pressing"": null, ""progression"": 5.53}","[""AGGREGATE_SOURCE_NO_TRUE_ACTION_QUALITY"", ""PROGRESSION_PROXY_ONLY"", ""PRESSING_UNAVAILABLE""]",API_FOOTBALL_FIXTURES_PLAYERS,true,false,false,false,false
14697,326,Valerenga,2017-04-06T17:00:00+00:00,2026-09-26T08:36:03Z,15297,Ghayas Zahid,M,83.0,5.92,HIGH,85.7,6.0,PBK_PLAYER_GRADE_V1,"{""attack"": 5.54, ""creation"": 6.01, ""defending"": 4.68, ""discipline"": 5.7, ""possession"": 6.51, ""pressing"": null, ""progression"": 6.34}","[""AGGREGATE_SOURCE_NO_TRUE_ACTION_QUALITY"", ""PROGRESSION_PROXY_ONLY"", ""PRESSING_UNAVAILABLE""]",API_FOOTBALL_FIXTURES_PLAYERS,true,false,false,false,false
14697,326,Valerenga,2017-04-06T17:00:00+00:00,2026-09-26T08:36:03Z,15441,Abdisalam Ibrahim,M,90.0,6.45,HIGH,85.7,7.3,PBK_PLAYER_GRADE_V1,"{""attack"": 5.55, ""creation"": 5.36, ""defending"": 9.55, ""discipline"": 6.0, ""possession"": 6.63, ""pressing"": null, ""progression"": 6.12}","[""AGGREGATE_SOURCE_NO_TRUE_ACTION_QUALITY"", ""PROGRESSION_PROXY_ONLY"", ""PRESSING_UNAVAILABLE""]",API_FOOTBALL_FIXTURES_PLAYERS,true,false,false,false,false
14697,326,Valerenga,2017-04-06T17:00:00+00:00,2026-09-26T08:36:03Z,39110,Markus Nakkim,D,90.0,6.95,HIGH,85.7,6.6,PBK_PLAYER_GRADE_V1,"{""attack"": 5.0, ""creation"": 5.12, ""defending"": 7.91, ""discipline"": 5.44, ""possession"": 7.58, ""pressing"": null, ""progression"": 6.5}","[""AGGREGATE_SOURCE_NO_TRUE_ACTION_QUALITY"", ""PROGRESSION_PROXY_ONLY"", ""PRESSING_UNAVAILABLE""]",API_FOOTBALL_FIXTURES_PLAYERS,true,false,false,false,false
14697,326,Valerenga,2017-04-06T17:00:00+00:00,2026-09-26T08:36:03Z,39111,Ivan Nasberg,D,62.0,6.06,MEDIUM,85.7,6.0,PBK_PLAYER_GRADE_V1,"{""attack"": 5.0, ""creation"": 5.35, ""defending"": 7.63, ""discipline"": 5.59, ""possession"": 3.12, ""pressing"": null, ""progression"": 5.86}","[""AGGREGATE_SOURCE_NO_TRUE_ACTION_QUALITY"", ""PROGRESSION_PROXY_ONLY"", ""PRESSING_UNAVAILABLE""]",API_FOOTBALL_FIXTURES_PLAYERS,true,false,false,false,false
14697,326,Valerenga,2017-04-06T17:00:00+00:00,2026-09-26T08:36:03Z,39113,Jonatan Nation,D,90.0,5.61,HIGH,85.7,6.2,PBK_PLAYER_GRADE_V1,"{""attack"": 5.0, ""creation"": 5.45, ""defending"": 4.95, ""discipline"": 4.88, ""possession"": 7.22, ""pressing"": null, ""progression"": 6.47}","[""AGGREGATE_SOURCE_NO_TRUE_ACTION_QUALITY"", ""PROGRESSION_PROXY_ONLY"", ""PRESSING_UNAVAILABLE""]",API_FOOTBALL_FIXTURES_PLAYERS,true,false,false,false,false
14697,326,Valerenga,2017-04-06T17:00:00+00:00,2026-09-26T08:36:03Z,39122,Bard Finne,M,62.0,5.31,MEDIUM,85.7,5.9,PBK_PLAYER_GRADE_V1,"{""attack"": 5.73, ""creation"": 5.0, ""defending"": 2.92, ""discipline"": 6.0, ""possession"": 5.64, ""pressing"": null, ""progression"": 6.18}","[""AGGREGATE_SOURCE_NO_TRUE_ACTION_QUALITY"", ""PROGRESSION_PROXY_ONLY"", ""PRESSING_UNAVAILABLE""]",API_FOOTBALL_FIXTURES_PLAYERS,true,false,false,false,false
14697,326,Valerenga,2017-04-06T17:00:00+00:00,2026-09-26T08:36:03Z,39222,Henrik Kjelsrud Johansen,F,90.0,5.15,HIGH,85.7,6.8,PBK_PLAYER_GRADE_V1,"{""attack"": 5.55, ""creation"": 6.37, ""defending"": 2.92, ""discipline"": 4.6, ""possession"": 2.42, ""pressing"": null, ""progression"": 5.35}","[""AGGREGATE_SOURCE_NO_TRUE_ACTION_QUALITY"", ""PROGRESSION_PROXY_ONLY"", ""PRESSING_UNAVAILABLE""]",API_FOOTBALL_FIXTURES_PLAYERS,true,false,false,false,false
14697,326,Valerenga,2017-04-06T17:00:00+00:00,2026-09-26T08:36:03Z,39276,Marcus Sandberg,G,90.0,6.34,HIGH,85.7,5.5,PBK_PLAYER_GRADE_V1,"{""attack"": 5.0, ""creation"": 5.12, ""defending"": 9.17, ""discipline"": 6.0, ""possession"": 0.82, ""pressing"": null, ""progression"": 5.46}","[""AGGREGATE_SOURCE_NO_TRUE_ACTION_QUALITY"", ""PROGRESSION_PROXY_ONLY"", ""PRESSING_UNAVAILABLE""]",API_FOOTBALL_FIXTURES_PLAYERS,true,false,false,false,false
14697,326,Valerenga,2017-04-06T17:00:00+00:00,2026-09-26T08:36:03Z,39337,Muhammed Keita,M,28.0,5.89,LOW,85.7,7.3,PBK_PLAYER_GRADE_V1,"{""attack"": 10.0, ""creation"": 5.39, ""defending"": 7.26, ""discipline"": 5.1, ""possession"": 3.31, ""pressing"": null, ""progression"": 5.9}","[""AGGREGATE_SOURCE_NO_TRUE_ACTION_QUALITY"", ""PROGRESSION_PROXY_ONLY"", ""PRESSING_UNAVAILABLE""]",API_FOOTBALL_FIXTURES_PLAYERS,true,false,false,false,false
14697,326,Valerenga,2017-04-06T17:00:00+00:00,2026-09-26T08:36:03Z,39340,Herman Stengel,M,90.0,5.9,HIGH,85.7,6.5,PBK_PLAYER_GRADE_V1,"{""attack"": 5.0, ""creation"": 5.45, ""defending"": 5.0, ""discipline"": 5.72, ""possession"": 7.21, ""pressing"": null, ""progression"": 6.22}","[""AGGREGATE_SOURCE_NO_TRUE_ACTION_QUALITY"", ""PROGRESSION_PROXY_ONLY"", ""PRESSING_UNAVAILABLE""]",API_FOOTBALL_FIXTURES_PLAYERS,true,false,false,false,false
14697,326,Valerenga,2017-04-06T17:00:00+00:00,2026-09-26T08:36:03Z,48141,Robert Lundstrom,D,90.0,5.36,HIGH,85.7,6.5,PBK_PLAYER_GRADE_V1,"{""attack"": 5.5, ""creation"": 7.39, ""defending"": 5.38, ""discipline"": 4.44, ""possession"": 3.91, ""pressing"": null, ""progression"": 6.17}","[""AGGREGATE_SOURCE_NO_TRUE_ACTION_QUALITY"", ""PROGRESSION_PROXY_ONLY"", ""PRESSING_UNAVAILABLE""]",API_FOOTBALL_FIXTURES_PLAYERS,true,false,false,false,false
14697,326,Valerenga,2017-04-06T17:00:00+00:00,2026-09-26T08:36:03Z,57203,Magnus Grødem,M,28.0,4.97,LOW,85.7,6.7,PBK_PLAYER_GRADE_V1,"{""attack"": 10.0, ""creation"": 5.77, ""defending"": 3.96, ""discipline"": 6.0, ""possession"": 0.99, ""pressing"": null, ""progression"": 5.22}","[""AGGREGATE_SOURCE_NO_TRUE_ACTION_QUALITY"", ""PROGRESSION_PROXY_ONLY"", ""PRESSING_UNAVAILABLE""]",API_FOOTBALL_FIXTURES_PLAYERS,true,false,false,false,false
14697,326,Valerenga,2017-04-06T17:00:00+00:00,2026-09-26T08:36:03Z,8448,Simen Juklerød,D,90.0,4.81,HIGH,85.7,6.4,PBK_PLAYER_GRADE_V1,"{""attack"": 6.6, ""creation"": 5.57, ""defending"": 3.49, ""discipline"": 4.44, ""possession"": 5.93, ""pressing"": null, ""progression"": 6.2}","[""AGGREGATE_SOURCE_NO_TRUE_ACTION_QUALITY"", ""PROGRESSION_PROXY_ONLY"", ""PRESSING_UNAVAILABLE""]",API_FOOTBALL_FIXTURES_PLAYERS,true,false,false,false,false
14697,326,Valerenga,2017-04-06T17:00:00+00:00,2026-09-26T08:36:03Z,99181,Enar Jääger,D,7.0,6.16,LOW,85.7,6.3,PBK_PLAYER_GRADE_V1,"{""attack"": 5.0, ""creation"": 5.0, ""defending"": 9.17, ""discipline"": 6.0, ""possession"": 0.0, ""pressing"": null, ""progression"": 5.45}","[""AGGREGATE_SOURCE_NO_TRUE_ACTION_QUALITY"", ""PROGRESSION_PROXY_ONLY"", ""PRESSING_UNAVAILABLE""]",API_FOOTBALL_FIXTURES_PLAYERS,true,false,false,false,false
14697,328,Haugesund,2017-04-06T17:00:00+00:00,2026-09-26T08:36:03Z,16068,Frederik Gytkjaer,F,90.0,6.97,HIGH,85.7,8.2,PBK_PLAYER_GRADE_V1,"{""attack"": 8.75, ""creation"": 6.14, ""defending"": 5.0, ""discipline"": 4.44, ""possession"": 6.9, ""pressing"": null, ""progression"": 5.74}","[""AGGREGATE_SOURCE_NO_TRUE_ACTION_QUALITY"", ""PROGRESSION_PROXY_ONLY"", ""PRESSING_UNAVAILABLE""]",API_FOOTBALL_FIXTURES_PLAYERS,true,false,false,false,false
14697,328,Haugesund,2017-04-06T17:00:00+00:00,2026-09-26T08:36:03Z,39242,Alexander Stolaas,D,90.0,5.63,HIGH,85.7,6.2,PBK_PLAYER_GRADE_V1,"{""attack"": 5.25, ""creation"": 5.36, ""defending"": 6.52, ""discipline"": 5.16, ""possession"": 3.62, ""pressing"": null, ""progression"": 5.81}","[""AGGREGATE_SOURCE_NO_TRUE_ACTION_QUALITY"", ""PROGRESSION_PROXY_ONLY"", ""PRESSING_UNAVAILABLE""]",API_FOOTBALL_FIXTURES_PLAYERS,true,false,false,false,false
14697,328,Haugesund,2017-04-06T17:00:00+00:00,2026-09-26T08:36:03Z,39243,Sondre Trondstad,M,90.0,5.72,HIGH,85.7,7.0,PBK_PLAYER_GRADE_V1,"{""attack"": 5.0, ""creation"": 5.0, ""defending"": 7.84, ""discipline"": 5.72, ""possession"": 5.29, ""pressing"": null, ""progression"": 5.88}","[""AGGREGATE_SOURCE_NO_TRUE_ACTION_QUALITY"", ""PROGRESSION_PROXY_ONLY"", ""PRESSING_UNAVAILABLE""]",API_FOOTBALL_FIXTURES_PLAYERS,true,false,false,false,false
14697,328,Haugesund,2017-04-06T17:00:00+00:00,2026-09-26T08:36:03Z,44580,Filip Kiss,M,90.0,5.1,HIGH,85.7,6.6,PBK_PLAYER_GRADE_V1,"{""attack"": 5.0, ""creation"": 5.69, ""defending"": 5.96, ""discipline"": 5.72, ""possession"": 2.7, ""pressing"": null, ""progression"": 5.98}","[""AGGREGATE_SOURCE_NO_TRUE_ACTION_QUALITY"", ""PROGRESSION_PROXY_ONLY"", ""PRESSING_UNAVAILABLE""]",API_FOOTBALL_FIXTURES_PLAYERS,true,false,false,false,false
14697,328,Haugesund,2017-04-06T17:00:00+00:00,2026-09-26T08:36:03Z,48034,Per Kristian Bratveit,G,90.0,4.3,HIGH,85.7,6.2,PBK_PLAYER_GRADE_V1,"{""attack"": 5.0, ""creation"": 5.0, ""defending"": 5.0, ""discipline"": 6.0, ""possession"": 0.0, ""pressing"": null, ""progression"": 5.35}","[""AGGREGATE_SOURCE_NO_TRUE_ACTION_QUALITY"", ""PROGRESSION_PROXY_ONLY"", ""PRESSING_UNAVAILABLE""]",API_FOOTBALL_FIXTURES_PLAYERS,true,false,false,false,false
14697,328,Haugesund,2017-04-06T17:00:00+00:00,2026-09-26T08:36:03Z,50067,Haris Hajradinović,M,90.0,5.57,HIGH,85.7,6.5,PBK_PLAYER_GRADE_V1,"{""attack"": 5.75, ""creation"": 5.48, ""defending"": 5.6, ""discipline"": 4.88, ""possession"": 5.03, ""pressing"": null, ""progression"": 6.28}","[""AGGREGATE_SOURCE_NO_TRUE_ACTION_QUALITY"", ""PROGRESSION_PROXY_ONLY"", ""PRESSING_UNAVAILABLE""]",API_FOOTBALL_FIXTURES_PLAYERS,true,false,false,false,false
14697,328,Haugesund,2017-04-06T17:00:00+00:00,2026-09-26T08:36:03Z,57350,Johnny Per Buduson,F,9.0,3.71,LOW,71.4,6.3,PBK_PLAYER_GRADE_V1,"{""attack"": 5.0, ""creation"": 5.0, ""defending"": 2.22, ""discipline"": 0.4, ""possession"": 0.0, ""pressing"": null}","[""AGGREGATE_SOURCE_NO_TRUE_ACTION_QUALITY"", ""PROGRESSION_PROXY_ONLY"", ""PRESSING_UNAVAILABLE""]",API_FOOTBALL_FIXTURES_PLAYERS,true,false,false,false,false
14697,328,Haugesund,2017-04-06T17:00:00+00:00,2026-09-26T08:36:03Z,94581,Shuaibu Lalle Ibrahim,F,90.0,7.21,HIGH,85.7,8.1,PBK_PLAYER_GRADE_V1,"{""attack"": 9.6, ""creation"": 6.94, ""defending"": 3.4, ""discipline"": 5.72, ""possession"": 4.7, ""pressing"": null, ""progression"": 5.28}","[""AGGREGATE_SOURCE_NO_TRUE_ACTION_QUALITY"", ""PROGRESSION_PROXY_ONLY"", ""PRESSING_UNAVAILABLE""]",API_FOOTBALL_FIXTURES_PLAYERS,true,false,false,false,false
14697,328,Haugesund,2017-04-06T17:00:00+00:00,2026-09-26T08:36:03Z,94593,Erik Huseklepp,M,90.0,5.79,HIGH,85.7,6.6,PBK_PLAYER_GRADE_V1,"{""attack"": 5.25, ""creation"": 6.25, ""defending"": 3.99, ""discipline"": 6.0, ""possession"": 6.97, ""pressing"": null, ""progression"": 5.6}","[""AGGREGATE_SOURCE_NO_TRUE_ACTION_QUALITY"", ""PROGRESSION_PROXY_ONLY"", ""PRESSING_UNAVAILABLE""]",API_FOOTBALL_FIXTURES_PLAYERS,true,false,false,false,false
14697,328,Haugesund,2017-04-06T17:00:00+00:00,2026-09-26T08:36:03Z,98608,Vegard Skjerve,D,90.0,6.0,HIGH,85.7,6.1,PBK_PLAYER_GRADE_V1,"{""attack"": 5.0, ""creation"": 5.24, ""defending"": 6.77, ""discipline"": 5.72, ""possession"": 5.1, ""pressing"": null, ""progression"": 5.84}","[""AGGREGATE_SOURCE_NO_TRUE_ACTION_QUALITY"", ""PROGRESSION_PROXY_ONLY"", ""PRESSING_UNAVAILABLE""]",API_FOOTBALL_FIXTURES_PLAYERS,true,false,false,false,false
14697,328,Haugesund,2017-04-06T17:00:00+00:00,2026-09-26T08:36:03Z,99580,Tor Arne Andreassen,M,90.0,5.58,HIGH,85.7,6.4,PBK_PLAYER_GRADE_V1,"{""attack"": 5.0, ""creation"": 5.24, ""defending"": 8.16, ""discipline"": 6.0, ""possession"": 4.4, ""pressing"": null, ""progression"": 5.56}","[""AGGREGATE_SOURCE_NO_TRUE_ACTION_QUALITY"", ""PROGRESSION_PROXY_ONLY"", ""PRESSING_UNAVAILABLE""]",API_FOOTBALL_FIXTURES_PLAYERS,true,false,false,false,false
14697,328,Haugesund,2017-04-06T17:00:00+00:00,2026-09-26T08:36:03Z,99581,Eirik Maeland,M,81.0,5.86,HIGH,85.7,6.5,PBK_PLAYER_GRADE_V1,"{""attack"": 5.0, ""creation"": 5.13, ""defending"": 5.0, ""discipline"": 4.76, ""possession"": 7.72, ""pressing"": null, ""progression"": 6.24}","[""AGGREGATE_SOURCE_NO_TRUE_ACTION_QUALITY"", ""PROGRESSION_PROXY_ONLY"", ""PRESSING_UNAVAILABLE""]",API_FOOTBALL_FIXTURES_PLAYERS,true,false,false,false,false
14698,325,Tromso,2017-04-06T17:00:00+00:00,2026-09-26T08:36:03Z,1178,Gjermund Aasen,F,22.0,8.01,LOW,85.7,7.8,PBK_PLAYER_GRADE_V1,"{""attack"": 10.0, ""creation"": 5.0, ""defending"": 9.17, ""discipline"": 6.0, ""possession"": 9.58, ""pressing"": null, ""progression"": 7.05}","[""AGGREGATE_SOURCE_NO_TRUE_ACTION_QUALITY"", ""PROGRESSION_PROXY_ONLY"", ""PRESSING_UNAVAILABLE""]",API_FOOTBALL_FIXTURES_PLAYERS,true,false,false,false,false
14698,325,Tromso,2017-04-06T17:00:00+00:00,2026-09-26T08:36:03Z,15904,Ulrik Jenssen,D,1.0,4.18,LOW,71.4,–,PBK_PLAYER_GRADE_V1,"{""attack"": 5.0, ""creation"": 5.0, ""defending"": 5.0, ""discipline"": 6.0, ""possession"": 0.0, ""pressing"": null}","[""AGGREGATE_SOURCE_NO_TRUE_ACTION_QUALITY"", ""PROGRESSION_PROXY_ONLY"", ""PRESSING_UNAVAILABLE""]",API_FOOTBALL_FIXTURES_PLAYERS,true,false,false,false,false
14698,325,Tromso,2017-04-06T17:00:00+00:00,2026-09-26T08:36:03Z,39323,Thomas Lehne Olsen,F,90.0,5.17,HIGH,85.7,6.7,PBK_PLAYER_GRADE_V1,"{""attack"": 5.25, ""creation"": 5.69, ""defending"": 6.34, ""discipline"": 6.0, ""possession"": 1.95, ""pressing"": null, ""progression"": 5.81}","[""AGGREGATE_SOURCE_NO_TRUE_ACTION_QUALITY"", ""PROGRESSION_PROXY_ONLY"", ""PRESSING_UNAVAILABLE""]",API_FOOTBALL_FIXTURES_PLAYERS,true,false,false,false,false
14698,325,Tromso,2017-04-06T17:00:00+00:00,2026-09-26T08:36:03Z,39350,Gudmund Kongshavn,G,90.0,4.82,HIGH,85.7,6.7,PBK_PLAYER_GRADE_V1,"{""attack"": 5.0, ""creation"": 5.0, ""defending"": 5.0, ""discipline"": 6.0, ""possession"": 2.5, ""pressing"": null, ""progression"": 5.7}","[""AGGREGATE_SOURCE_NO_TRUE_ACTION_QUALITY"", ""PROGRESSION_PROXY_ONLY"", ""PRESSING_UNAVAILABLE""]",API_FOOTBALL_FIXTURES_PLAYERS,true,false,false,false,false
14698,325,Tromso,2017-04-06T17:00:00+00:00,2026-09-26T08:36:03Z,39352,Jostein Gundersen,D,90.0,5.21,HIGH,85.7,7.3,PBK_PLAYER_GRADE_V1,"{""attack"": 5.0, ""creation"": 5.48, ""defending"": 5.69, ""discipline"": 4.44, ""possession"": 4.22, ""pressing"": null, ""progression"": 5.32}","[""AGGREGATE_SOURCE_NO_TRUE_ACTION_QUALITY"", ""PROGRESSION_PROXY_ONLY"", ""PRESSING_UNAVAILABLE""]",API_FOOTBALL_FIXTURES_PLAYERS,true,false,false,false,false
14698,325,Tromso,2017-04-06T17:00:00+00:00,2026-09-26T08:36:03Z,39355,Simen Wangberg,D,90.0,5.33,HIGH,85.7,6.8,PBK_PLAYER_GRADE_V1,"{""attack"": 5.0, ""creation"": 5.12, ""defending"": 5.38, ""discipline"": 6.0, ""possession"": 5.15, ""pressing"": null, ""progression"": 5.21}","[""AGGREGATE_SOURCE_NO_TRUE_ACTION_QUALITY"", ""PROGRESSION_PROXY_ONLY"", ""PRESSING_UNAVAILABLE""]",API_FOOTBALL_FIXTURES_PLAYERS,true,false,false,false,false
14698,325,Tromso,2017-04-06T17:00:00+00:00,2026-09-26T08:36:03Z,39356,Magnus Andersen,M,86.0,4.58,HIGH,85.7,6.1,PBK_PLAYER_GRADE_V1,"{""attack"": 5.0, ""creation"": 5.47, ""defending"": 0.83, ""discipline"": 5.41, ""possession"": 4.71, ""pressing"": null, ""progression"": 5.29}","[""AGGREGATE_SOURCE_NO_TRUE_ACTION_QUALITY"", ""PROGRESSION_PROXY_ONLY"", ""PRESSING_UNAVAILABLE""]",API_FOOTBALL_FIXTURES_PLAYERS,true,false,false,false,false
14698,325,Tromso,2017-04-06T17:00:00+00:00,2026-09-26T08:36:03Z,39357,Kent-Are Antonsen,M,90.0,4.82,HIGH,85.7,6.5,PBK_PLAYER_GRADE_V1,"{""attack"": 5.0, ""creation"": 5.24, ""defending"": 5.48, ""discipline"": 5.16, ""possession"": 3.08, ""pressing"": null, ""progression"": 5.35}","[""AGGREGATE_SOURCE_NO_TRUE_ACTION_QUALITY"", ""PROGRESSION_PROXY_ONLY"", ""PRESSING_UNAVAILABLE""]",API_FOOTBALL_FIXTURES_PLAYERS,true,false,false,false,false
14698,325,Tromso,2017-04-06T17:00:00+00:00,2026-09-26T08:36:03Z,39358,Morten Gamst Pedersen,M,90.0,4.28,HIGH,85.7,6.7,PBK_PLAYER_GRADE_V1,"{""attack"": 5.0, ""creation"": 6.14, ""defending"": 4.55, ""discipline"": 5.16, ""possession"": 0.02, ""pressing"": null, ""progression"": 5.49}","[""AGGREGATE_SOURCE_NO_TRUE_ACTION_QUALITY"", ""PROGRESSION_PROXY_ONLY"", ""PRESSING_UNAVAILABLE""]",API_FOOTBALL_FIXTURES_PLAYERS,true,false,false,false,false
14698,325,Tromso,2017-04-06T17:00:00+00:00,2026-09-26T08:36:03Z,39370,Mikael Ingebrigtsen,F,4.0,4.45,LOW,71.4,6.5,PBK_PLAYER_GRADE_V1,"{""attack"": 5.0, ""creation"": 5.0, ""defending"": 5.0, ""discipline"": 6.0, ""possession"": 0.0, ""pressing"": null}","[""AGGREGATE_SOURCE_NO_TRUE_ACTION_QUALITY"", ""PROGRESSION_PROXY_ONLY"", ""PRESSING_UNAVAILABLE""]",API_FOOTBALL_FIXTURES_PLAYERS,true,false,false,false,false
14698,325,Tromso,2017-04-06T17:00:00+00:00,2026-09-26T08:36:03Z,48145,Magnar Odegaard,D,90.0,4.51,HIGH,85.7,6.6,PBK_PLAYER_GRADE_V1,"{""attack"": 5.0, ""creation"": 5.0, ""defending"": 4.75, ""discipline"": 6.0, ""possession"": 1.53, ""pressing"": null, ""progression"": 5.28}","[""AGGREGATE_SOURCE_NO_TRUE_ACTION_QUALITY"", ""PROGRESSION_PROXY_ONLY"", ""PRESSING_UNAVAILABLE""]",API_FOOTBALL_FIXTURES_PLAYERS,true,false,false,false,false
14698,325,Tromso,2017-04-06T17:00:00+00:00,2026-09-26T08:36:03Z,57254,Aron Sigurðarson,F,89.0,5.53,HIGH,85.7,6.2,PBK_PLAYER_GRADE_V1,"{""attack"": 5.76, ""creation"": 6.27, ""defending"": 4.0, ""discipline"": 5.15, ""possession"": 3.43, ""pressing"": null, ""progression"": 6.15}","[""AGGREGATE_SOURCE_NO_TRUE_ACTION_QUALITY"", ""PROGRESSION_PROXY_ONLY"", ""PRESSING_UNAVAILABLE""]",API_FOOTBALL_FIXTURES_PLAYERS,true,false,false,false,false
14698,325,Tromso,2017-04-06T17:00:00+00:00,2026-09-26T08:36:03Z,57300,Christian Landu-Landu,M,90.0,4.97,HIGH,85.7,7.1,PBK_PLAYER_GRADE_V1,"{""attack"": 5.25, ""creation"": 5.24, ""defending"": 5.83, ""discipline"": 3.88, ""possession"": 3.66, ""pressing"": null, ""progression"": 5.63}","[""AGGREGATE_SOURCE_NO_TRUE_ACTION_QUALITY"", ""PROGRESSION_PROXY_ONLY"", ""PRESSING_UNAVAILABLE""]",API_FOOTBALL_FIXTURES_PLAYERS,true,false,false,false,false
14698,325,Tromso,2017-04-06T17:00:00+00:00,2026-09-26T08:36:03Z,98678,Mour Samb,F,68.0,4.72,HIGH,85.7,6.7,PBK_PLAYER_GRADE_V1,"{""attack"": 5.0, ""creation"": 5.16, ""defending"": 5.0, ""discipline"": 5.26, ""possession"": 1.6, ""pressing"": null, ""progression"": 5.37}","[""AGGREGATE_SOURCE_NO_TRUE_ACTION_QUALITY"", ""PROGRESSION_PROXY_ONLY"", ""PRESSING_UNAVAILABLE""]",API_FOOTBALL_FIXTURES_PLAYERS,true,false,false,false,false
14698,759,Viking,2017-04-06T17:00:00+00:00,2026-09-26T08:36:03Z,20375,Kwesi Appiah,F,17.0,4.76,LOW,85.7,5.8,PBK_PLAYER_GRADE_V1,"{""attack"": 5.0, ""creation"": 5.64, ""defending"": 2.5, ""discipline"": 3.04, ""possession"": 3.76, ""pressing"": null, ""progression"": 5.37}","[""AGGREGATE_SOURCE_NO_TRUE_ACTION_QUALITY"", ""PROGRESSION_PROXY_ONLY"", ""PRESSING_UNAVAILABLE""]",API_FOOTBALL_FIXTURES_PLAYERS,true,false,false,false,false
14698,759,Viking,2017-04-06T17:00:00+00:00,2026-09-26T08:36:03Z,24845,Julian Ryerson,M,90.0,5.89,HIGH,85.7,7.3,PBK_PLAYER_GRADE_V1,"{""attack"": 8.1, ""creation"": 5.24, ""defending"": 5.25, ""discipline"": 4.88, ""possession"": 6.23, ""pressing"": null, ""progression"": 5.74}","[""AGGREGATE_SOURCE_NO_TRUE_ACTION_QUALITY"", ""PROGRESSION_PROXY_ONLY"", ""PRESSING_UNAVAILABLE""]",API_FOOTBALL_FIXTURES_PLAYERS,true,false,false,false,false
14698,759,Viking,2017-04-06T17:00:00+00:00,2026-09-26T08:36:03Z,39040,Kristoffer Haugen,D,90.0,4.68,HIGH,85.7,6.9,PBK_PLAYER_GRADE_V1,"{""attack"": 5.5, ""creation"": 6.47, ""defending"": 3.96, ""discipline"": 4.44, ""possession"": 4.0, ""pressing"": null, ""progression"": 6.06}","[""AGGREGATE_SOURCE_NO_TRUE_ACTION_QUALITY"", ""PROGRESSION_PROXY_ONLY"", ""PRESSING_UNAVAILABLE""]",API_FOOTBALL_FIXTURES_PLAYERS,true,false,false,false,false
14698,759,Viking,2017-04-06T17:00:00+00:00,2026-09-26T08:36:03Z,39126,Iven Austbø,G,90.0,7.59,HIGH,85.7,6.3,PBK_PLAYER_GRADE_V1,"{""attack"": 5.0, ""creation"": 5.12, ""defending"": 9.17, ""discipline"": 6.0, ""possession"": 6.99, ""pressing"": null, ""progression"": 6.16}","[""AGGREGATE_SOURCE_NO_TRUE_ACTION_QUALITY"", ""PROGRESSION_PROXY_ONLY"", ""PRESSING_UNAVAILABLE""]",API_FOOTBALL_FIXTURES_PLAYERS,true,false,false,false,false
14698,759,Viking,2017-04-06T17:00:00+00:00,2026-09-26T08:36:03Z,39131,Andrè Danielsen,M,90.0,6.2,HIGH,85.7,7.2,PBK_PLAYER_GRADE_V1,"{""attack"": 5.0, ""creation"": 5.81, ""defending"": 3.86, ""discipline"": 4.88, ""possession"": 8.27, ""pressing"": null, ""progression"": 7.24}","[""AGGREGATE_SOURCE_NO_TRUE_ACTION_QUALITY"", ""PROGRESSION_PROXY_ONLY"", ""PRESSING_UNAVAILABLE""]",API_FOOTBALL_FIXTURES_PLAYERS,true,false,false,false,false
14698,759,Viking,2017-04-06T17:00:00+00:00,2026-09-26T08:36:03Z,39137,Zymer Bytyqi,M,57.0,4.94,MEDIUM,85.7,6.3,PBK_PLAYER_GRADE_V1,"{""attack"": 5.39, ""creation"": 5.38, ""defending"": 5.0, ""discipline"": 5.56, ""possession"": 2.98, ""pressing"": null, ""progression"": 5.73}","[""AGGREGATE_SOURCE_NO_TRUE_ACTION_QUALITY"", ""PROGRESSION_PROXY_ONLY"", ""PRESSING_UNAVAILABLE""]",API_FOOTBALL_FIXTURES_PLAYERS,true,false,false,false,false
14698,759,Viking,2017-04-06T17:00:00+00:00,2026-09-26T08:36:03Z,48142,Karol Mets,D,90.0,7.35,HIGH,85.7,7.5,PBK_PLAYER_GRADE_V1,"{""attack"": 5.25, ""creation"": 5.45, ""defending"": 8.54, ""discipline"": 6.0, ""possession"": 7.28, ""pressing"": null, ""progression"": 6.96}","[""AGGREGATE_SOURCE_NO_TRUE_ACTION_QUALITY"", ""PROGRESSION_PROXY_ONLY"", ""PRESSING_UNAVAILABLE""]",API_FOOTBALL_FIXTURES_PLAYERS,true,false,false,false,false
14698,759,Viking,2017-04-06T17:00:00+00:00,2026-09-26T08:36:03Z,57261,Mathias Bringaker,F,73.0,5.25,HIGH,85.7,6.5,PBK_PLAYER_GRADE_V1,"{""attack"": 5.0, ""creation"": 5.15, ""defending"": 4.17, ""discipline"": 6.0, ""possession"": 5.84, ""pressing"": null, ""progression"": 5.47}","[""AGGREGATE_SOURCE_NO_TRUE_ACTION_QUALITY"", ""PROGRESSION_PROXY_ONLY"", ""PRESSING_UNAVAILABLE""]",API_FOOTBALL_FIXTURES_PLAYERS,true,false,false,false,false
14698,759,Viking,2017-04-06T17:00:00+00:00,2026-09-26T08:36:03Z,57440,Steffen Ernemann,M,90.0,6.35,HIGH,85.7,6.3,PBK_PLAYER_GRADE_V1,"{""attack"": 5.25, ""creation"": 5.69, ""defending"": 7.21, ""discipline"": 4.44, ""possession"": 7.37, ""pressing"": null, ""progression"": 6.86}","[""AGGREGATE_SOURCE_NO_TRUE_ACTION_QUALITY"", ""PROGRESSION_PROXY_ONLY"", ""PRESSING_UNAVAILABLE""]",API_FOOTBALL_FIXTURES_PLAYERS,true,false,false,false,false
14698,759,Viking,2017-04-06T17:00:00+00:00,2026-09-26T08:36:03Z,57457,Michael Ledger,D,90.0,3.81,HIGH,85.7,6.3,PBK_PLAYER_GRADE_V1,"{""attack"": 5.0, ""creation"": 5.0, ""defending"": 0.83, ""discipline"": 5.44, ""possession"": 6.72, ""pressing"": null, ""progression"": 6.47}","[""AGGREGATE_SOURCE_NO_TRUE_ACTION_QUALITY"", ""PROGRESSION_PROXY_ONLY"", ""PRESSING_UNAVAILABLE""]",API_FOOTBALL_FIXTURES_PLAYERS,true,false,false,false,false
14698,759,Viking,2017-04-06T17:00:00+00:00,2026-09-26T08:36:03Z,94570,Claes Kronberg,D,90.0,7.51,HIGH,85.7,8.1,PBK_PLAYER_GRADE_V1,"{""attack"": 5.0, ""creation"": 6.94, ""defending"": 10.0, ""discipline"": 6.0, ""possession"": 4.96, ""pressing"": null, ""progression"": 5.88}","[""AGGREGATE_SOURCE_NO_TRUE_ACTION_QUALITY"", ""PROGRESSION_PROXY_ONLY"", ""PRESSING_UNAVAILABLE""]",API_FOOTBALL_FIXTURES_PLAYERS,true,false,false,false,false
14698,759,Viking,2017-04-06T17:00:00+00:00,2026-09-26T08:36:03Z,94685,Stian Michalsen,F,73.0,6.14,HIGH,85.7,6.7,PBK_PLAYER_GRADE_V1,"{""attack"": 6.6, ""creation"": 5.3, ""defending"": 6.6, ""discipline"": 6.0, ""possession"": 5.96, ""pressing"": null, ""progression"": 6.31}","[""AGGREGATE_SOURCE_NO_TRUE_ACTION_QUALITY"", ""PROGRESSION_PROXY_ONLY"", ""PRESSING_UNAVAILABLE""]",API_FOOTBALL_FIXTURES_PLAYERS,true,false,false,false,false
14698,759,Viking,2017-04-06T17:00:00+00:00,2026-09-26T08:36:03Z,94917,Robin Shroot,M,33.0,6.88,LOW,85.7,6.5,PBK_PLAYER_GRADE_V1,"{""attack"": 6.5, ""creation"": 5.33, ""defending"": 9.17, ""discipline"": 6.0, ""possession"": 9.37, ""pressing"": null, ""progression"": 5.29}","[""AGGREGATE_SOURCE_NO_TRUE_ACTION_QUALITY"", ""PROGRESSION_PROXY_ONLY"", ""PRESSING_UNAVAILABLE""]",API_FOOTBALL_FIXTURES_PLAYERS,true,false,false,false,false
14698,759,Viking,2017-04-06T17:00:00+00:00,2026-09-26T08:36:03Z,99590,Michael Haukas,M,17.0,7.32,LOW,85.7,6.8,PBK_PLAYER_GRADE_V1,"{""attack"": 5.0, ""creation"": 10.0, ""defending"": 9.17, ""discipline"": 6.0, ""possession"": 6.19, ""pressing"": null, ""progression"": 6.67}","[""AGGREGATE_SOURCE_NO_TRUE_ACTION_QUALITY"", ""PROGRESSION_PROXY_ONLY"", ""PRESSING_UNAVAILABLE""]",API_FOOTBALL_FIXTURES_PLAYERS,true,false,false,false,false
14699,333,Sarpsborg 08 FF,2017-04-05T17:00:00+00:00,2026-09-26T08:36:03Z,1184,Anders Trondsen,M,90.0,6.93,HIGH,85.7,8.7,PBK_PLAYER_GRADE_V1,"{""attack"": 5.25, ""creation"": 8.99, ""defending"": 7.94, ""discipline"": 5.72, ""possession"": 6.67, ""pressing"": null, ""progression"": 6.12}","[""AGGREGATE_SOURCE_NO_TRUE_ACTION_QUALITY"", ""PROGRESSION_PROXY_ONLY"", ""PRESSING_UNAVAILABLE""]",API_FOOTBALL_FIXTURES_PLAYERS,true,false,false,false,false
14699,333,Sarpsborg 08 FF,2017-04-05T17:00:00+00:00,2026-09-26T08:36:03Z,15598,Patrick Mortensen,F,90.0,6.71,HIGH,85.7,8.2,PBK_PLAYER_GRADE_V1,"{""attack"": 9.05, ""creation"": 5.24, ""defending"": 5.0, ""discipline"": 5.44, ""possession"": 4.64, ""pressing"": null, ""progression"": 5.67}","[""AGGREGATE_SOURCE_NO_TRUE_ACTION_QUALITY"", ""PROGRESSION_PROXY_ONLY"", ""PRESSING_UNAVAILABLE""]",API_FOOTBALL_FIXTURES_PLAYERS,true,false,false,false,false
14699,333,Sarpsborg 08 FF,2017-04-05T17:00:00+00:00,2026-09-26T08:36:03Z,2015,Joachim Thomassen,D,23.0,4.84,LOW,85.7,6.3,PBK_PLAYER_GRADE_V1,"{""attack"": 5.0, ""creation"": 5.47, ""defending"": 5.0, ""discipline"": 6.0, ""possession"": 2.02, ""pressing"": null, ""progression"": 5.96}","[""AGGREGATE_SOURCE_NO_TRUE_ACTION_QUALITY"", ""PROGRESSION_PROXY_ONLY"", ""PRESSING_UNAVAILABLE""]",API_FOOTBALL_FIXTURES_PLAYERS,true,false,false,false,false
14699,333,Sarpsborg 08 FF,2017-04-05T17:00:00+00:00,2026-09-26T08:36:03Z,2021,Ole Jørgen Halvorsen,M,90.0,5.42,HIGH,85.7,7.1,PBK_PLAYER_GRADE_V1,"{""attack"": 5.0, ""creation"": 6.26, ""defending"": 5.76, ""discipline"": 5.44, ""possession"": 4.1, ""pressing"": null, ""progression"": 5.84}","[""AGGREGATE_SOURCE_NO_TRUE_ACTION_QUALITY"", ""PROGRESSION_PROXY_ONLY"", ""PRESSING_UNAVAILABLE""]",API_FOOTBALL_FIXTURES_PLAYERS,true,false,false,false,false
14699,333,Sarpsborg 08 FF,2017-04-05T17:00:00+00:00,2026-09-26T08:36:03Z,2025,Matti Lund Nielsen,M,90.0,5.72,HIGH,85.7,6.4,PBK_PLAYER_GRADE_V1,"{""attack"": 5.0, ""creation"": 5.45, ""defending"": 2.92, ""discipline"": 4.72, ""possession"": 8.09, ""pressing"": null, ""progression"": 6.29}","[""AGGREGATE_SOURCE_NO_TRUE_ACTION_QUALITY"", ""PROGRESSION_PROXY_ONLY"", ""PRESSING_UNAVAILABLE""]",API_FOOTBALL_FIXTURES_PLAYERS,true,false,false,false,false
14699,333,Sarpsborg 08 FF,2017-04-05T17:00:00+00:00,2026-09-26T08:36:03Z,2027,Kristoffer Zachariassen,M,90.0,6.11,HIGH,85.7,6.9,PBK_PLAYER_GRADE_V1,"{""attack"": 5.25, ""creation"": 5.45, ""defending"": 5.38, ""discipline"": 5.72, ""possession"": 7.98, ""pressing"": null, ""progression"": 6.09}","[""AGGREGATE_SOURCE_NO_TRUE_ACTION_QUALITY"", ""PROGRESSION_PROXY_ONLY"", ""PRESSING_UNAVAILABLE""]",API_FOOTBALL_FIXTURES_PLAYERS,true,false,false,false,false
14699,333,Sarpsborg 08 FF,2017-04-05T17:00:00+00:00,2026-09-26T08:36:03Z,48285,Jonas Lindberg,F,75.0,5.63,HIGH,85.7,6.2,PBK_PLAYER_GRADE_V1,"{""attack"": 5.96, ""creation"": 5.0, ""defending"": 2.76, ""discipline"": 5.33, ""possession"": 5.99, ""pressing"": null, ""progression"": 6.6}","[""AGGREGATE_SOURCE_NO_TRUE_ACTION_QUALITY"", ""PROGRESSION_PROXY_ONLY"", ""PRESSING_UNAVAILABLE""]",API_FOOTBALL_FIXTURES_PLAYERS,true,false,false,false,false
14699,333,Sarpsborg 08 FF,2017-04-05T17:00:00+00:00,2026-09-26T08:36:03Z,50068,Tobias Heintz,M,67.0,4.55,HIGH,85.7,6.5,PBK_PLAYER_GRADE_V1,"{""attack"": 5.74, ""creation"": 5.16, ""defending"": 4.4, ""discipline"": 6.0, ""possession"": 1.54, ""pressing"": null, ""progression"": 5.52}","[""AGGREGATE_SOURCE_NO_TRUE_ACTION_QUALITY"", ""PROGRESSION_PROXY_ONLY"", ""PRESSING_UNAVAILABLE""]",API_FOOTBALL_FIXTURES_PLAYERS,true,false,false,false,false
14699,333,Sarpsborg 08 FF,2017-04-05T17:00:00+00:00,2026-09-26T08:36:03Z,55401,Henri Toivomäki,D,35.0,6.33,LOW,85.7,7.0,PBK_PLAYER_GRADE_V1,"{""attack"": 7.06, ""creation"": 5.0, ""defending"": 6.54, ""discipline"": 6.0, ""possession"": 6.21, ""pressing"": null, ""progression"": 6.45}","[""AGGREGATE_SOURCE_NO_TRUE_ACTION_QUALITY"", ""PROGRESSION_PROXY_ONLY"", ""PRESSING_UNAVAILABLE""]",API_FOOTBALL_FIXTURES_PLAYERS,true,false,false,false,false
14699,333,Sarpsborg 08 FF,2017-04-05T17:00:00+00:00,2026-09-26T08:36:03Z,57244,Joakim Jørgensen,D,90.0,5.39,HIGH,85.7,7.4,PBK_PLAYER_GRADE_V1,"{""attack"": 6.75, ""creation"": 5.0, ""defending"": 4.62, ""discipline"": 6.0, ""possession"": 6.33, ""pressing"": null, ""progression"": 5.7}","[""AGGREGATE_SOURCE_NO_TRUE_ACTION_QUALITY"", ""PROGRESSION_PROXY_ONLY"", ""PRESSING_UNAVAILABLE""]",API_FOOTBALL_FIXTURES_PLAYERS,true,false,false,false,false
14699,333,Sarpsborg 08 FF,2017-04-05T17:00:00+00:00,2026-09-26T08:36:03Z,69920,Erton Fejzullahu,F,15.0,4.52,LOW,85.7,6.4,PBK_PLAYER_GRADE_V1,"{""attack"": 5.0, ""creation"": 5.0, ""defending"": 0.83, ""discipline"": 6.0, ""possession"": 1.13, ""pressing"": null, ""progression"": 5.42}","[""AGGREGATE_SOURCE_NO_TRUE_ACTION_QUALITY"", ""PROGRESSION_PROXY_ONLY"", ""PRESSING_UNAVAILABLE""]",API_FOOTBALL_FIXTURES_PLAYERS,true,false,false,false,false
14699,333,Sarpsborg 08 FF,2017-04-05T17:00:00+00:00,2026-09-26T08:36:03Z,8477,Sigurd Rosted,D,90.0,6.64,HIGH,85.7,7.6,PBK_PLAYER_GRADE_V1,"{""attack"": 5.0, ""creation"": 5.69, ""defending"": 7.43, ""discipline"": 5.72, ""possession"": 6.62, ""pressing"": null, ""progression"": 6.33}","[""AGGREGATE_SOURCE_NO_TRUE_ACTION_QUALITY"", ""PROGRESSION_PROXY_ONLY"", ""PRESSING_UNAVAILABLE""]",API_FOOTBALL_FIXTURES_PLAYERS,true,false,false,false,false
14699,333,Sarpsborg 08 FF,2017-04-05T17:00:00+00:00,2026-09-26T08:36:03Z,8949,Anders Kristiansen,G,90.0,4.47,HIGH,85.7,7.3,PBK_PLAYER_GRADE_V1,"{""attack"": 5.0, ""creation"": 5.0, ""defending"": 5.38, ""discipline"": 6.0, ""possession"": 0.0, ""pressing"": null, ""progression"": 5.35}","[""AGGREGATE_SOURCE_NO_TRUE_ACTION_QUALITY"", ""PROGRESSION_PROXY_ONLY"", ""PRESSING_UNAVAILABLE""]",API_FOOTBALL_FIXTURES_PLAYERS,true,false,false,false,false
14699,333,Sarpsborg 08 FF,2017-04-05T17:00:00+00:00,2026-09-26T08:36:03Z,89781,Andreas Albech,D,55.0,4.02,MEDIUM,85.7,6.2,PBK_PLAYER_GRADE_V1,"{""attack"": 5.0, ""creation"": 5.74, ""defending"": 2.22, ""discipline"": 2.99, ""possession"": 5.31, ""pressing"": null, ""progression"": 6.6}","[""AGGREGATE_SOURCE_NO_TRUE_ACTION_QUALITY"", ""PROGRESSION_PROXY_ONLY"", ""PRESSING_UNAVAILABLE""]",API_FOOTBALL_FIXTURES_PLAYERS,true,false,false,false,false
14699,757,Aalesund,2017-04-05T17:00:00+00:00,2026-09-26T08:36:03Z,11003,Edwin Gyasi,M,90.0,5.47,HIGH,85.7,6.2,PBK_PLAYER_GRADE_V1,"{""attack"": 5.25, ""creation"": 6.49, ""defending"": 3.33, ""discipline"": 5.72, ""possession"": 5.57, ""pressing"": null, ""progression"": 5.74}","[""AGGREGATE_SOURCE_NO_TRUE_ACTION_QUALITY"", ""PROGRESSION_PROXY_ONLY"", ""PRESSING_UNAVAILABLE""]",API_FOOTBALL_FIXTURES_PLAYERS,true,false,false,false,false
14699,757,Aalesund,2017-04-05T17:00:00+00:00,2026-09-26T08:36:03Z,37445,Lars Veldwijk,F,31.0,4.86,LOW,85.7,6.7,PBK_PLAYER_GRADE_V1,"{""attack"": 5.0, ""creation"": 6.31, ""defending"": 5.0, ""discipline"": 5.19, ""possession"": 0.17, ""pressing"": null, ""progression"": 5.71}","[""AGGREGATE_SOURCE_NO_TRUE_ACTION_QUALITY"", ""PROGRESSION_PROXY_ONLY"", ""PRESSING_UNAVAILABLE""]",API_FOOTBALL_FIXTURES_PLAYERS,true,false,false,false,false
14699,757,Aalesund,2017-04-05T17:00:00+00:00,2026-09-26T08:36:03Z,39089,Vebjørn Hoff,M,62.0,5.51,MEDIUM,85.7,6.7,PBK_PLAYER_GRADE_V1,"{""attack"": 5.36, ""creation"": 5.0, ""defending"": 5.55, ""discipline"": 4.14, ""possession"": 5.86, ""pressing"": null, ""progression"": 6.23}","[""AGGREGATE_SOURCE_NO_TRUE_ACTION_QUALITY"", ""PROGRESSION_PROXY_ONLY"", ""PRESSING_UNAVAILABLE""]",API_FOOTBALL_FIXTURES_PLAYERS,true,false,false,false,false
14699,757,Aalesund,2017-04-05T17:00:00+00:00,2026-09-26T08:36:03Z,39344,Mostafa Abdellaoue,F,90.0,4.95,HIGH,85.7,6.6,PBK_PLAYER_GRADE_V1,"{""attack"": 5.25, ""creation"": 5.0, ""defending"": 3.61, ""discipline"": 5.72, ""possession"": 3.17, ""pressing"": null, ""progression"": 5.42}","[""AGGREGATE_SOURCE_NO_TRUE_ACTION_QUALITY"", ""PROGRESSION_PROXY_ONLY"", ""PRESSING_UNAVAILABLE""]",API_FOOTBALL_FIXTURES_PLAYERS,true,false,false,false,false
14699,757,Aalesund,2017-04-05T17:00:00+00:00,2026-09-26T08:36:03Z,40223,Adam Orn Arnarson,D,28.0,3.54,LOW,85.7,6.3,PBK_PLAYER_GRADE_V1,"{""attack"": 5.0, ""creation"": 6.45, ""defending"": 2.05, ""discipline"": 5.1, ""possession"": 1.9, ""pressing"": null, ""progression"": 5.79}","[""AGGREGATE_SOURCE_NO_TRUE_ACTION_QUALITY"", ""PROGRESSION_PROXY_ONLY"", ""PRESSING_UNAVAILABLE""]",API_FOOTBALL_FIXTURES_PLAYERS,true,false,false,false,false
14699,757,Aalesund,2017-04-05T17:00:00+00:00,2026-09-26T08:36:03Z,40415,Mikkel Kirkeskov,D,90.0,6.05,HIGH,85.7,7.7,PBK_PLAYER_GRADE_V1,"{""attack"": 5.75, ""creation"": 6.59, ""defending"": 6.94, ""discipline"": 5.72, ""possession"": 3.29, ""pressing"": null, ""progression"": 6.42}","[""AGGREGATE_SOURCE_NO_TRUE_ACTION_QUALITY"", ""PROGRESSION_PROXY_ONLY"", ""PRESSING_UNAVAILABLE""]",API_FOOTBALL_FIXTURES_PLAYERS,true,false,false,false,false
14699,757,Aalesund,2017-04-05T17:00:00+00:00,2026-09-26T08:36:03Z,57137,Andreas Lie,G,90.0,6.19,HIGH,85.7,6.1,PBK_PLAYER_GRADE_V1,"{""attack"": 5.0, ""creation"": 5.0, ""defending"": 9.17, ""discipline"": 6.0, ""possession"": 0.0, ""pressing"": null, ""progression"": 5.46}","[""AGGREGATE_SOURCE_NO_TRUE_ACTION_QUALITY"", ""PROGRESSION_PROXY_ONLY"", ""PRESSING_UNAVAILABLE""]",API_FOOTBALL_FIXTURES_PLAYERS,true,false,false,false,false
14699,757,Aalesund,2017-04-05T17:00:00+00:00,2026-09-26T08:36:03Z,57145,Oddbjorn Lie,D,90.0,6.58,HIGH,85.7,7.0,PBK_PLAYER_GRADE_V1,"{""attack"": 5.8, ""creation"": 5.12, ""defending"": 7.5, ""discipline"": 6.0, ""possession"": 5.83, ""pressing"": null, ""progression"": 6.33}","[""AGGREGATE_SOURCE_NO_TRUE_ACTION_QUALITY"", ""PROGRESSION_PROXY_ONLY"", ""PRESSING_UNAVAILABLE""]",API_FOOTBALL_FIXTURES_PLAYERS,true,false,false,false,false
14699,757,Aalesund,2017-04-05T17:00:00+00:00,2026-09-26T08:36:03Z,57148,Kaj Ramsteijn,D,90.0,6.13,HIGH,85.7,6.6,PBK_PLAYER_GRADE_V1,"{""attack"": 5.5, ""creation"": 5.0, ""defending"": 6.39, ""discipline"": 5.44, ""possession"": 6.21, ""pressing"": null, ""progression"": 6.58}","[""AGGREGATE_SOURCE_NO_TRUE_ACTION_QUALITY"", ""PROGRESSION_PROXY_ONLY"", ""PRESSING_UNAVAILABLE""]",API_FOOTBALL_FIXTURES_PLAYERS,true,false,false,false,false
14699,757,Aalesund,2017-04-05T17:00:00+00:00,2026-09-26T08:36:03Z,57151,Fredrik Carlsen,M,90.0,5.91,HIGH,85.7,7.8,PBK_PLAYER_GRADE_V1,"{""attack"": 6.75, ""creation"": 5.57, ""defending"": 5.76, ""discipline"": 5.72, ""possession"": 5.75, ""pressing"": null, ""progression"": 6.05}","[""AGGREGATE_SOURCE_NO_TRUE_ACTION_QUALITY"", ""PROGRESSION_PROXY_ONLY"", ""PRESSING_UNAVAILABLE""]",API_FOOTBALL_FIXTURES_PLAYERS,true,false,false,false,false
14699,757,Aalesund,2017-04-05T17:00:00+00:00,2026-09-26T08:36:03Z,57157,Aron Elis Thrandarson,M,59.0,4.94,MEDIUM,85.7,6.6,PBK_PLAYER_GRADE_V1,"{""attack"": 5.0, ""creation"": 5.55, ""defending"": 6.39, ""discipline"": 6.0, ""possession"": 2.09, ""pressing"": null, ""progression"": 5.59}","[""AGGREGATE_SOURCE_NO_TRUE_ACTION_QUALITY"", ""PROGRESSION_PROXY_ONLY"", ""PRESSING_UNAVAILABLE""]",API_FOOTBALL_FIXTURES_PLAYERS,true,false,false,false,false
14699,757,Aalesund,2017-04-05T17:00:00+00:00,2026-09-26T08:36:03Z,57159,Sondre Fet,M,59.0,5.56,MEDIUM,85.7,6.5,PBK_PLAYER_GRADE_V1,"{""attack"": 6.68, ""creation"": 5.18, ""defending"": 7.37, ""discipline"": 6.0, ""possession"": 3.88, ""pressing"": null, ""progression"": 5.53}","[""AGGREGATE_SOURCE_NO_TRUE_ACTION_QUALITY"", ""PROGRESSION_PROXY_ONLY"", ""PRESSING_UNAVAILABLE""]",API_FOOTBALL_FIXTURES_PLAYERS,true,false,false,false,false
14699,757,Aalesund,2017-04-05T17:00:00+00:00,2026-09-26T08:36:03Z,89715,Valmir Berisha,F,31.0,4.86,LOW,85.7,6.4,PBK_PLAYER_GRADE_V1,"{""attack"": 5.0, ""creation"": 5.35, ""defending"": 2.92, ""discipline"": 6.0, ""possession"": 2.72, ""pressing"": null, ""progression"": 5.3}","[""AGGREGATE_SOURCE_NO_TRUE_ACTION_QUALITY"", ""PROGRESSION_PROXY_ONLY"", ""PRESSING_UNAVAILABLE""]",API_FOOTBALL_FIXTURES_PLAYERS,true,false,false,false,false
14699,757,Aalesund,2017-04-05T17:00:00+00:00,2026-09-26T08:36:03Z,94580,Bjorn Helge Riise,M,90.0,5.61,HIGH,85.7,6.6,PBK_PLAYER_GRADE_V1,"{""attack"": 5.55, ""creation"": 5.24, ""defending"": 5.76, ""discipline"": 5.16, ""possession"": 5.38, ""pressing"": null, ""progression"": 6.22}","[""AGGREGATE_SOURCE_NO_TRUE_ACTION_QUALITY"", ""PROGRESSION_PROXY_ONLY"", ""PRESSING_UNAVAILABLE""]",API_FOOTBALL_FIXTURES_PLAYERS,true,false,false,false,false
14700,321,Lillestrom,2017-04-05T17:00:00+00:00,2026-09-26T08:36:03Z,15527,Shikoze Udoji,F,73.0,6.21,HIGH,85.7,7.3,PBK_PLAYER_GRADE_V1,"{""attack"": 5.31, ""creation"": 7.65, ""defending"": 2.92, ""discipline"": 6.0, ""possession"": 8.09, ""pressing"": null, ""progression"": 6.04}","[""AGGREGATE_SOURCE_NO_TRUE_ACTION_QUALITY"", ""PROGRESSION_PROXY_ONLY"", ""PRESSING_UNAVAILABLE""]",API_FOOTBALL_FIXTURES_PLAYERS,true,false,false,false,false
14700,321,Lillestrom,2017-04-05T17:00:00+00:00,2026-09-26T08:36:03Z,39052,Erling Knudtzon,F,90.0,6.04,HIGH,85.7,6.5,PBK_PLAYER_GRADE_V1,"{""attack"": 6.3, ""creation"": 6.14, ""defending"": 6.31, ""discipline"": 5.16, ""possession"": 5.22, ""pressing"": null, ""progression"": 6.31}","[""AGGREGATE_SOURCE_NO_TRUE_ACTION_QUALITY"", ""PROGRESSION_PROXY_ONLY"", ""PRESSING_UNAVAILABLE""]",API_FOOTBALL_FIXTURES_PLAYERS,true,false,false,false,false
14700,321,Lillestrom,2017-04-05T17:00:00+00:00,2026-09-26T08:36:03Z,39305,Mats Haakenstad,D,90.0,7.24,HIGH,85.7,6.7,PBK_PLAYER_GRADE_V1,"{""attack"": 5.25, ""creation"": 5.24, ""defending"": 9.93, ""discipline"": 6.0, ""possession"": 4.47, ""pressing"": null, ""progression"": 5.6}","[""AGGREGATE_SOURCE_NO_TRUE_ACTION_QUALITY"", ""PROGRESSION_PROXY_ONLY"", ""PRESSING_UNAVAILABLE""]",API_FOOTBALL_FIXTURES_PLAYERS,true,false,false,false,false
14700,321,Lillestrom,2017-04-05T17:00:00+00:00,2026-09-26T08:36:03Z,39306,Simen Kind Mikalsen,D,90.0,5.34,HIGH,85.7,6.8,PBK_PLAYER_GRADE_V1,"{""attack"": 5.5, ""creation"": 5.0, ""defending"": 5.96, ""discipline"": 5.72, ""possession"": 2.88, ""pressing"": null, ""progression"": 5.89}","[""AGGREGATE_SOURCE_NO_TRUE_ACTION_QUALITY"", ""PROGRESSION_PROXY_ONLY"", ""PRESSING_UNAVAILABLE""]",API_FOOTBALL_FIXTURES_PLAYERS,true,false,false,false,false
14700,321,Lillestrom,2017-04-05T17:00:00+00:00,2026-09-26T08:36:03Z,39307,Frode Kippe,D,1.0,4.18,LOW,71.4,6.5,PBK_PLAYER_GRADE_V1,"{""attack"": 5.0, ""creation"": 5.0, ""defending"": 5.0, ""discipline"": 6.0, ""possession"": 0.0, ""pressing"": null}","[""AGGREGATE_SOURCE_NO_TRUE_ACTION_QUALITY"", ""PROGRESSION_PROXY_ONLY"", ""PRESSING_UNAVAILABLE""]",API_FOOTBALL_FIXTURES_PLAYERS,true,false,false,false,false
14700,321,Lillestrom,2017-04-05T17:00:00+00:00,2026-09-26T08:36:03Z,39309,Simen Rafn,D,89.0,4.77,HIGH,85.7,6.5,PBK_PLAYER_GRADE_V1,"{""attack"": 5.56, ""creation"": 6.82, ""defending"": 3.07, ""discipline"": 5.72, ""possession"": 6.34, ""pressing"": null, ""progression"": 5.71}","[""AGGREGATE_SOURCE_NO_TRUE_ACTION_QUALITY"", ""PROGRESSION_PROXY_ONLY"", ""PRESSING_UNAVAILABLE""]",API_FOOTBALL_FIXTURES_PLAYERS,true,false,false,false,false
14700,321,Lillestrom,2017-04-05T17:00:00+00:00,2026-09-26T08:36:03Z,39316,Fredrik Krogstad,M,89.0,5.86,HIGH,85.7,7.1,PBK_PLAYER_GRADE_V1,"{""attack"": 5.56, ""creation"": 5.91, ""defending"": 5.38, ""discipline"": 5.72, ""possession"": 5.91, ""pressing"": null, ""progression"": 6.27}","[""AGGREGATE_SOURCE_NO_TRUE_ACTION_QUALITY"", ""PROGRESSION_PROXY_ONLY"", ""PRESSING_UNAVAILABLE""]",API_FOOTBALL_FIXTURES_PLAYERS,true,false,false,false,false
14700,321,Lillestrom,2017-04-05T17:00:00+00:00,2026-09-26T08:36:03Z,39317,Aleksander Melgalvis,M,90.0,5.02,HIGH,85.7,6.7,PBK_PLAYER_GRADE_V1,"{""attack"": 5.0, ""creation"": 5.12, ""defending"": 7.55, ""discipline"": 5.72, ""possession"": 2.26, ""pressing"": null, ""progression"": 5.59}","[""AGGREGATE_SOURCE_NO_TRUE_ACTION_QUALITY"", ""PROGRESSION_PROXY_ONLY"", ""PRESSING_UNAVAILABLE""]",API_FOOTBALL_FIXTURES_PLAYERS,true,false,false,false,false
14700,321,Lillestrom,2017-04-05T17:00:00+00:00,2026-09-26T08:36:03Z,41877,Daniel Fernandes,G,90.0,6.17,HIGH,85.7,6.4,PBK_PLAYER_GRADE_V1,"{""attack"": 5.0, ""creation"": 5.12, ""defending"": 9.17, ""discipline"": 6.0, ""possession"": 0.0, ""pressing"": null, ""progression"": 5.32}","[""AGGREGATE_SOURCE_NO_TRUE_ACTION_QUALITY"", ""PROGRESSION_PROXY_ONLY"", ""PRESSING_UNAVAILABLE""]",API_FOOTBALL_FIXTURES_PLAYERS,true,false,false,false,false
14700,321,Lillestrom,2017-04-05T17:00:00+00:00,2026-09-26T08:36:03Z,57432,Stefan Antonijevic,D,1.0,4.18,LOW,71.4,–,PBK_PLAYER_GRADE_V1,"{""attack"": 5.0, ""creation"": 5.0, ""defending"": 5.0, ""discipline"": 6.0, ""possession"": 0.0, ""pressing"": null}","[""AGGREGATE_SOURCE_NO_TRUE_ACTION_QUALITY"", ""PROGRESSION_PROXY_ONLY"", ""PRESSING_UNAVAILABLE""]",API_FOOTBALL_FIXTURES_PLAYERS,true,false,false,false,false
14700,321,Lillestrom,2017-04-05T17:00:00+00:00,2026-09-26T08:36:03Z,61916,Matthew Ifeanyi,M,90.0,6.56,HIGH,85.7,7.9,PBK_PLAYER_GRADE_V1,"{""attack"": 7.8, ""creation"": 5.57, ""defending"": 6.01, ""discipline"": 5.72, ""possession"": 7.42, ""pressing"": null, ""progression"": 6.66}","[""AGGREGATE_SOURCE_NO_TRUE_ACTION_QUALITY"", ""PROGRESSION_PROXY_ONLY"", ""PRESSING_UNAVAILABLE""]",API_FOOTBALL_FIXTURES_PLAYERS,true,false,false,false,false
14700,321,Lillestrom,2017-04-05T17:00:00+00:00,2026-09-26T08:36:03Z,66417,Michal Škoda,F,17.0,4.74,LOW,85.7,6.0,PBK_PLAYER_GRADE_V1,"{""attack"": 5.0, ""creation"": 5.0, ""defending"": 0.83, ""discipline"": 6.0, ""possession"": 2.9, ""pressing"": null, ""progression"": 5.56}","[""AGGREGATE_SOURCE_NO_TRUE_ACTION_QUALITY"", ""PROGRESSION_PROXY_ONLY"", ""PRESSING_UNAVAILABLE""]",API_FOOTBALL_FIXTURES_PLAYERS,true,false,false,false,false
14700,321,Lillestrom,2017-04-05T17:00:00+00:00,2026-09-26T08:36:03Z,72375,Tomáš Malec,F,90.0,4.99,HIGH,85.7,7.1,PBK_PLAYER_GRADE_V1,"{""attack"": 5.0, ""creation"": 6.38, ""defending"": 5.06, ""discipline"": 5.16, ""possession"": 1.49, ""pressing"": null, ""progression"": 5.46}","[""AGGREGATE_SOURCE_NO_TRUE_ACTION_QUALITY"", ""PROGRESSION_PROXY_ONLY"", ""PRESSING_UNAVAILABLE""]",API_FOOTBALL_FIXTURES_PLAYERS,true,false,false,false,false
14700,321,Lillestrom,2017-04-05T17:00:00+00:00,2026-09-26T08:36:03Z,98613,Marius Amundsen,D,90.0,5.15,HIGH,85.7,6.9,PBK_PLAYER_GRADE_V1,"{""attack"": 5.0, ""creation"": 5.0, ""defending"": 6.14, ""discipline"": 6.0, ""possession"": 1.68, ""pressing"": null, ""progression"": 5.49}","[""AGGREGATE_SOURCE_NO_TRUE_ACTION_QUALITY"", ""PROGRESSION_PROXY_ONLY"", ""PRESSING_UNAVAILABLE""]",API_FOOTBALL_FIXTURES_PLAYERS,true,false,false,false,false
14700,329,Molde,2017-04-05T17:00:00+00:00,2026-09-26T08:36:03Z,100017,Knut Olav Rindarøy,D,63.0,5.52,MEDIUM,85.7,6.4,PBK_PLAYER_GRADE_V1,"{""attack"": 5.36, ""creation"": 5.0, ""defending"": 3.76, ""discipline"": 6.0, ""possession"": 9.0, ""pressing"": null, ""progression"": 6.66}","[""AGGREGATE_SOURCE_NO_TRUE_ACTION_QUALITY"", ""PROGRESSION_PROXY_ONLY"", ""PRESSING_UNAVAILABLE""]",API_FOOTBALL_FIXTURES_PLAYERS,true,false,false,false,false
14700,329,Molde,2017-04-05T17:00:00+00:00,2026-09-26T08:36:03Z,2796,Björn Sigurðarson,F,90.0,5.17,HIGH,85.7,6.6,PBK_PLAYER_GRADE_V1,"{""attack"": 5.25, ""creation"": 5.0, ""defending"": 3.53, ""discipline"": 5.72, ""possession"": 4.43, ""pressing"": null, ""progression"": 6.02}","[""AGGREGATE_SOURCE_NO_TRUE_ACTION_QUALITY"", ""PROGRESSION_PROXY_ONLY"", ""PRESSING_UNAVAILABLE""]",API_FOOTBALL_FIXTURES_PLAYERS,true,false,false,false,false
14700,329,Molde,2017-04-05T17:00:00+00:00,2026-09-26T08:36:03Z,39034,Andreas Linde,G,90.0,4.3,HIGH,85.7,6.6,PBK_PLAYER_GRADE_V1,"{""attack"": 5.0, ""creation"": 5.0, ""defending"": 5.0, ""discipline"": 6.0, ""possession"": 0.0, ""pressing"": null, ""progression"": 5.35}","[""AGGREGATE_SOURCE_NO_TRUE_ACTION_QUALITY"", ""PROGRESSION_PROXY_ONLY"", ""PRESSING_UNAVAILABLE""]",API_FOOTBALL_FIXTURES_PLAYERS,true,false,false,false,false
14700,329,Molde,2017-04-05T17:00:00+00:00,2026-09-26T08:36:03Z,39038,Ruben Gabrielsen,D,90.0,6.38,HIGH,85.7,7.2,PBK_PLAYER_GRADE_V1,"{""attack"": 5.25, ""creation"": 5.0, ""defending"": 6.42, ""discipline"": 6.0, ""possession"": 7.17, ""pressing"": null, ""progression"": 6.83}","[""AGGREGATE_SOURCE_NO_TRUE_ACTION_QUALITY"", ""PROGRESSION_PROXY_ONLY"", ""PRESSING_UNAVAILABLE""]",API_FOOTBALL_FIXTURES_PLAYERS,true,false,false,false,false
14700,329,Molde,2017-04-05T17:00:00+00:00,2026-09-26T08:36:03Z,39041,Christoffer Remmer,D,90.0,6.25,HIGH,85.7,6.9,PBK_PLAYER_GRADE_V1,"{""attack"": 5.55, ""creation"": 5.45, ""defending"": 6.42, ""discipline"": 6.0, ""possession"": 6.5, ""pressing"": null, ""progression"": 6.4}","[""AGGREGATE_SOURCE_NO_TRUE_ACTION_QUALITY"", ""PROGRESSION_PROXY_ONLY"", ""PRESSING_UNAVAILABLE""]",API_FOOTBALL_FIXTURES_PLAYERS,true,false,false,false,false
14700,329,Molde,2017-04-05T17:00:00+00:00,2026-09-26T08:36:03Z,39043,Fredrik Aursnes,M,24.0,7.3,LOW,85.7,7.2,PBK_PLAYER_GRADE_V1,"{""attack"": 6.88, ""creation"": 6.69, ""defending"": 9.17, ""discipline"": 6.0, ""possession"": 5.23, ""pressing"": null, ""progression"": 9.24}","[""AGGREGATE_SOURCE_NO_TRUE_ACTION_QUALITY"", ""PROGRESSION_PROXY_ONLY"", ""PRESSING_UNAVAILABLE""]",API_FOOTBALL_FIXTURES_PLAYERS,true,false,false,false,false
14700,329,Molde,2017-04-05T17:00:00+00:00,2026-09-26T08:36:03Z,39045,Etzaz Hussain,M,66.0,5.73,HIGH,85.7,6.8,PBK_PLAYER_GRADE_V1,"{""attack"": 5.0, ""creation"": 5.61, ""defending"": 1.76, ""discipline"": 5.24, ""possession"": 7.63, ""pressing"": null, ""progression"": 7.05}","[""AGGREGATE_SOURCE_NO_TRUE_ACTION_QUALITY"", ""PROGRESSION_PROXY_ONLY"", ""PRESSING_UNAVAILABLE""]",API_FOOTBALL_FIXTURES_PLAYERS,true,false,false,false,false
14700,329,Molde,2017-04-05T17:00:00+00:00,2026-09-26T08:36:03Z,39101,Sander Svendsen,F,90.0,5.95,HIGH,85.7,7.1,PBK_PLAYER_GRADE_V1,"{""attack"": 7.25, ""creation"": 5.36, ""defending"": 5.0, ""discipline"": 6.0, ""possession"": 3.07, ""pressing"": null, ""progression"": 5.92}","[""AGGREGATE_SOURCE_NO_TRUE_ACTION_QUALITY"", ""PROGRESSION_PROXY_ONLY"", ""PRESSING_UNAVAILABLE""]",API_FOOTBALL_FIXTURES_PLAYERS,true,false,false,false,false
14700,329,Molde,2017-04-05T17:00:00+00:00,2026-09-26T08:36:03Z,39197,Fredrik Brustad,F,24.0,4.23,LOW,71.4,6.5,PBK_PLAYER_GRADE_V1,"{""attack"": 5.0, ""creation"": 5.0, ""defending"": 0.83, ""discipline"": 6.0, ""possession"": 0.0, ""pressing"": null}","[""AGGREGATE_SOURCE_NO_TRUE_ACTION_QUALITY"", ""PROGRESSION_PROXY_ONLY"", ""PRESSING_UNAVAILABLE""]",API_FOOTBALL_FIXTURES_PLAYERS,true,false,false,false,false
14700,329,Molde,2017-04-05T17:00:00+00:00,2026-09-26T08:36:03Z,39217,Petter Strand,M,90.0,5.65,HIGH,85.7,7.4,PBK_PLAYER_GRADE_V1,"{""attack"": 5.5, ""creation"": 5.45, ""defending"": 4.42, ""discipline"": 5.44, ""possession"": 6.24, ""pressing"": null, ""progression"": 6.17}","[""AGGREGATE_SOURCE_NO_TRUE_ACTION_QUALITY"", ""PROGRESSION_PROXY_ONLY"", ""PRESSING_UNAVAILABLE""]",API_FOOTBALL_FIXTURES_PLAYERS,true,false,false,false,false
14700,329,Molde,2017-04-05T17:00:00+00:00,2026-09-26T08:36:03Z,47733,Óttar Magnús Karlsson,F,66.0,6.13,HIGH,85.7,7.0,PBK_PLAYER_GRADE_V1,"{""attack"": 5.75, ""creation"": 7.48, ""defending"": 4.56, ""discipline"": 5.62, ""possession"": 6.11, ""pressing"": null, ""progression"": 5.86}","[""AGGREGATE_SOURCE_NO_TRUE_ACTION_QUALITY"", ""PROGRESSION_PROXY_ONLY"", ""PRESSING_UNAVAILABLE""]",API_FOOTBALL_FIXTURES_PLAYERS,true,false,false,false,false
14700,329,Molde,2017-04-05T17:00:00+00:00,2026-09-26T08:36:03Z,48066,Stian Gregersen,D,90.0,7.31,HIGH,85.7,8.0,PBK_PLAYER_GRADE_V1,"{""attack"": 6.75, ""creation"": 5.12, ""defending"": 8.45, ""discipline"": 6.0, ""possession"": 7.57, ""pressing"": null, ""progression"": 6.26}","[""AGGREGATE_SOURCE_NO_TRUE_ACTION_QUALITY"", ""PROGRESSION_PROXY_ONLY"", ""PRESSING_UNAVAILABLE""]",API_FOOTBALL_FIXTURES_PLAYERS,true,false,false,false,false
14700,329,Molde,2017-04-05T17:00:00+00:00,2026-09-26T08:36:03Z,53756,Babacar Sarr,D,90.0,6.57,HIGH,85.7,7.4,PBK_PLAYER_GRADE_V1,"{""attack"": 5.25, ""creation"": 5.81, ""defending"": 7.05, ""discipline"": 4.6, ""possession"": 6.88, ""pressing"": null, ""progression"": 7.11}","[""AGGREGATE_SOURCE_NO_TRUE_ACTION_QUALITY"", ""PROGRESSION_PROXY_ONLY"", ""PRESSING_UNAVAILABLE""]",API_FOOTBALL_FIXTURES_PLAYERS,true,false,false,false,false
14700,329,Molde,2017-04-05T17:00:00+00:00,2026-09-26T08:36:03Z,57435,Ole Martin Rindarøy,M,27.0,5.48,LOW,85.7,6.7,PBK_PLAYER_GRADE_V1,"{""attack"": 5.0, ""creation"": 5.0, ""defending"": 0.83, ""discipline"": 6.0, ""possession"": 7.92, ""pressing"": null, ""progression"": 6.52}","[""AGGREGATE_SOURCE_NO_TRUE_ACTION_QUALITY"", ""PROGRESSION_PROXY_ONLY"", ""PRESSING_UNAVAILABLE""]",API_FOOTBALL_FIXTURES_PLAYERS,true,false,false,false,false
14701,320,Kristiansund BK,2017-04-05T17:00:00+00:00,2026-09-26T08:36:03Z,11048,Nikita Baranov,D,90.0,5.8,HIGH,85.7,7.5,PBK_PLAYER_GRADE_V1,"{""attack"": 5.0, ""creation"": 5.45, ""defending"": 5.0, ""discipline"": 6.0, ""possession"": 7.88, ""pressing"": null, ""progression"": 6.22}","[""AGGREGATE_SOURCE_NO_TRUE_ACTION_QUALITY"", ""PROGRESSION_PROXY_ONLY"", ""PRESSING_UNAVAILABLE""]",API_FOOTBALL_FIXTURES_PLAYERS,true,false,false,false,false
14701,320,Kristiansund BK,2017-04-05T17:00:00+00:00,2026-09-26T08:36:03Z,15706,Benjamin Stokke,F,90.0,4.91,HIGH,85.7,6.5,PBK_PLAYER_GRADE_V1,"{""attack"": 5.55, ""creation"": 5.12, ""defending"": 2.5, ""discipline"": 6.0, ""possession"": 1.8, ""pressing"": null, ""progression"": 5.42}","[""AGGREGATE_SOURCE_NO_TRUE_ACTION_QUALITY"", ""PROGRESSION_PROXY_ONLY"", ""PRESSING_UNAVAILABLE""]",API_FOOTBALL_FIXTURES_PLAYERS,true,false,false,false,false
14701,320,Kristiansund BK,2017-04-05T17:00:00+00:00,2026-09-26T08:36:03Z,39151,Sean McDermott,G,90.0,4.82,HIGH,85.7,6.2,PBK_PLAYER_GRADE_V1,"{""attack"": 5.0, ""creation"": 5.0, ""defending"": 5.0, ""discipline"": 6.0, ""possession"": 2.41, ""pressing"": null, ""progression"": 5.8}","[""AGGREGATE_SOURCE_NO_TRUE_ACTION_QUALITY"", ""PROGRESSION_PROXY_ONLY"", ""PRESSING_UNAVAILABLE""]",API_FOOTBALL_FIXTURES_PLAYERS,true,false,false,false,false
14701,320,Kristiansund BK,2017-04-05T17:00:00+00:00,2026-09-26T08:36:03Z,39153,Christoffer Aasbak,D,45.0,3.71,MEDIUM,85.7,6.3,PBK_PLAYER_GRADE_V1,"{""attack"": 5.0, ""creation"": 5.0, ""defending"": 2.92, ""discipline"": 6.0, ""possession"": 1.18, ""pressing"": null, ""progression"": 5.49}","[""AGGREGATE_SOURCE_NO_TRUE_ACTION_QUALITY"", ""PROGRESSION_PROXY_ONLY"", ""PRESSING_UNAVAILABLE""]",API_FOOTBALL_FIXTURES_PLAYERS,true,false,false,false,false
14701,320,Kristiansund BK,2017-04-05T17:00:00+00:00,2026-09-26T08:36:03Z,39154,Aliou Coly,D,90.0,6.58,HIGH,85.7,7.6,PBK_PLAYER_GRADE_V1,"{""attack"": 7.55, ""creation"": 5.57, ""defending"": 7.5, ""discipline"": 6.0, ""possession"": 3.77, ""pressing"": null, ""progression"": 7.28}","[""AGGREGATE_SOURCE_NO_TRUE_ACTION_QUALITY"", ""PROGRESSION_PROXY_ONLY"", ""PRESSING_UNAVAILABLE""]",API_FOOTBALL_FIXTURES_PLAYERS,true,false,false,false,false
14701,320,Kristiansund BK,2017-04-05T17:00:00+00:00,2026-09-26T08:36:03Z,39155,Andreas Hopmark,D,90.0,5.97,HIGH,85.7,7.0,PBK_PLAYER_GRADE_V1,"{""attack"": 5.25, ""creation"": 5.12, ""defending"": 5.86, ""discipline"": 5.44, ""possession"": 7.17, ""pressing"": null, ""progression"": 6.12}","[""AGGREGATE_SOURCE_NO_TRUE_ACTION_QUALITY"", ""PROGRESSION_PROXY_ONLY"", ""PRESSING_UNAVAILABLE""]",API_FOOTBALL_FIXTURES_PLAYERS,true,false,false,false,false
14701,320,Kristiansund BK,2017-04-05T17:00:00+00:00,2026-09-26T08:36:03Z,39160,Henrik Gjesdal,D,90.0,6.35,HIGH,85.7,6.9,PBK_PLAYER_GRADE_V1,"{""attack"": 5.0, ""creation"": 5.69, ""defending"": 7.53, ""discipline"": 5.72, ""possession"": 5.38, ""pressing"": null, ""progression"": 5.53}","[""AGGREGATE_SOURCE_NO_TRUE_ACTION_QUALITY"", ""PROGRESSION_PROXY_ONLY"", ""PRESSING_UNAVAILABLE""]",API_FOOTBALL_FIXTURES_PLAYERS,true,false,false,false,false
14701,320,Kristiansund BK,2017-04-05T17:00:00+00:00,2026-09-26T08:36:03Z,39161,Pal Erik Ulvestad,M,84.0,5.17,HIGH,85.7,6.6,PBK_PLAYER_GRADE_V1,"{""attack"": 5.27, ""creation"": 5.0, ""defending"": 5.0, ""discipline"": 5.7, ""possession"": 4.43, ""pressing"": null, ""progression"": 5.79}","[""AGGREGATE_SOURCE_NO_TRUE_ACTION_QUALITY"", ""PROGRESSION_PROXY_ONLY"", ""PRESSING_UNAVAILABLE""]",API_FOOTBALL_FIXTURES_PLAYERS,true,false,false,false,false
14701,320,Kristiansund BK,2017-04-05T17:00:00+00:00,2026-09-26T08:36:03Z,39166,Liridon Kalludra,M,33.0,5.16,LOW,85.7,6.6,PBK_PLAYER_GRADE_V1,"{""attack"": 5.0, ""creation"": 5.0, ""defending"": 0.83, ""discipline"": 6.0, ""possession"": 7.02, ""pressing"": null, ""progression"": 5.95}","[""AGGREGATE_SOURCE_NO_TRUE_ACTION_QUALITY"", ""PROGRESSION_PROXY_ONLY"", ""PRESSING_UNAVAILABLE""]",API_FOOTBALL_FIXTURES_PLAYERS,true,false,false,false,false
14701,320,Kristiansund BK,2017-04-05T17:00:00+00:00,2026-09-26T08:36:03Z,39169,Sondre Sorlie,M,90.0,5.4,HIGH,85.7,7.0,PBK_PLAYER_GRADE_V1,"{""attack"": 5.25, ""creation"": 6.14, ""defending"": 5.76, ""discipline"": 5.72, ""possession"": 4.34, ""pressing"": null, ""progression"": 5.42}","[""AGGREGATE_SOURCE_NO_TRUE_ACTION_QUALITY"", ""PROGRESSION_PROXY_ONLY"", ""PRESSING_UNAVAILABLE""]",API_FOOTBALL_FIXTURES_PLAYERS,true,false,false,false,false
14701,320,Kristiansund BK,2017-04-05T17:00:00+00:00,2026-09-26T08:36:03Z,57206,Sverre Okland,M,90.0,5.26,HIGH,85.7,6.4,PBK_PLAYER_GRADE_V1,"{""attack"": 5.0, ""creation"": 5.0, ""defending"": 1.59, ""discipline"": 6.0, ""possession"": 6.89, ""pressing"": null, ""progression"": 6.02}","[""AGGREGATE_SOURCE_NO_TRUE_ACTION_QUALITY"", ""PROGRESSION_PROXY_ONLY"", ""PRESSING_UNAVAILABLE""]",API_FOOTBALL_FIXTURES_PLAYERS,true,false,false,false,false
14701,320,Kristiansund BK,2017-04-05T17:00:00+00:00,2026-09-26T08:36:03Z,57324,Jonas Ronningen,M,45.0,5.45,MEDIUM,85.7,6.5,PBK_PLAYER_GRADE_V1,"{""attack"": 5.0, ""creation"": 5.24, ""defending"": 5.83, ""discipline"": 5.44, ""possession"": 5.45, ""pressing"": null, ""progression"": 5.63}","[""AGGREGATE_SOURCE_NO_TRUE_ACTION_QUALITY"", ""PROGRESSION_PROXY_ONLY"", ""PRESSING_UNAVAILABLE""]",API_FOOTBALL_FIXTURES_PLAYERS,true,false,false,false,false
14701,320,Kristiansund BK,2017-04-05T17:00:00+00:00,2026-09-26T08:36:03Z,94880,Kamer Qaka,M,57.0,6.61,MEDIUM,85.7,7.0,PBK_PLAYER_GRADE_V1,"{""attack"": 5.39, ""creation"": 5.95, ""defending"": 8.24, ""discipline"": 6.0, ""possession"": 7.76, ""pressing"": null, ""progression"": 6.11}","[""AGGREGATE_SOURCE_NO_TRUE_ACTION_QUALITY"", ""PROGRESSION_PROXY_ONLY"", ""PRESSING_UNAVAILABLE""]",API_FOOTBALL_FIXTURES_PLAYERS,true,false,false,false,false
14701,330,ODD Ballklubb,2017-04-05T17:00:00+00:00,2026-09-26T08:36:03Z,36852,Rafik Zekhnini,F,31.0,6.14,LOW,85.7,6.6,PBK_PLAYER_GRADE_V1,"{""attack"": 5.0, ""creation"": 9.94, ""defending"": 2.22, ""discipline"": 6.0, ""possession"": 4.23, ""pressing"": null, ""progression"": 6.02}","[""AGGREGATE_SOURCE_NO_TRUE_ACTION_QUALITY"", ""PROGRESSION_PROXY_ONLY"", ""PRESSING_UNAVAILABLE""]",API_FOOTBALL_FIXTURES_PLAYERS,true,false,false,false,false
14701,330,ODD Ballklubb,2017-04-05T17:00:00+00:00,2026-09-26T08:36:03Z,39081,Sondre Rossbach,G,90.0,4.46,HIGH,85.7,7.2,PBK_PLAYER_GRADE_V1,"{""attack"": 5.0, ""creation"": 5.0, ""defending"": 5.0, ""discipline"": 6.0, ""possession"": 0.8, ""pressing"": null, ""progression"": 5.42}","[""AGGREGATE_SOURCE_NO_TRUE_ACTION_QUALITY"", ""PROGRESSION_PROXY_ONLY"", ""PRESSING_UNAVAILABLE""]",API_FOOTBALL_FIXTURES_PLAYERS,true,false,false,false,false
14701,330,ODD Ballklubb,2017-04-05T17:00:00+00:00,2026-09-26T08:36:03Z,39084,Steffen Hagen,D,90.0,6.91,HIGH,85.7,7.3,PBK_PLAYER_GRADE_V1,"{""attack"": 5.5, ""creation"": 5.0, ""defending"": 7.08, ""discipline"": 5.72, ""possession"": 8.35, ""pressing"": null, ""progression"": 7.25}","[""AGGREGATE_SOURCE_NO_TRUE_ACTION_QUALITY"", ""PROGRESSION_PROXY_ONLY"", ""PRESSING_UNAVAILABLE""]",API_FOOTBALL_FIXTURES_PLAYERS,true,false,false,false,false
14701,330,ODD Ballklubb,2017-04-05T17:00:00+00:00,2026-09-26T08:36:03Z,39086,Espen Ruud,D,90.0,6.18,HIGH,85.7,6.9,PBK_PLAYER_GRADE_V1,"{""attack"": 5.8, ""creation"": 5.57, ""defending"": 5.83, ""discipline"": 4.72, ""possession"": 7.72, ""pressing"": null, ""progression"": 6.89}","[""AGGREGATE_SOURCE_NO_TRUE_ACTION_QUALITY"", ""PROGRESSION_PROXY_ONLY"", ""PRESSING_UNAVAILABLE""]",API_FOOTBALL_FIXTURES_PLAYERS,true,false,false,false,false
14701,330,ODD Ballklubb,2017-04-05T17:00:00+00:00,2026-09-26T08:36:03Z,39087,Fredrik Berge,D,90.0,7.48,HIGH,85.7,7.8,PBK_PLAYER_GRADE_V1,"{""attack"": 5.25, ""creation"": 6.25, ""defending"": 9.17, ""discipline"": 6.0, ""possession"": 6.38, ""pressing"": null, ""progression"": 6.65}","[""AGGREGATE_SOURCE_NO_TRUE_ACTION_QUALITY"", ""PROGRESSION_PROXY_ONLY"", ""PRESSING_UNAVAILABLE""]",API_FOOTBALL_FIXTURES_PLAYERS,true,false,false,false,false
14701,330,ODD Ballklubb,2017-04-05T17:00:00+00:00,2026-09-26T08:36:03Z,39093,Fredrik Nordkvelle,M,90.0,5.06,HIGH,85.7,5.9,PBK_PLAYER_GRADE_V1,"{""attack"": 5.0, ""creation"": 5.0, ""defending"": 1.76, ""discipline"": 5.72, ""possession"": 6.42, ""pressing"": null, ""progression"": 5.59}","[""AGGREGATE_SOURCE_NO_TRUE_ACTION_QUALITY"", ""PROGRESSION_PROXY_ONLY"", ""PRESSING_UNAVAILABLE""]",API_FOOTBALL_FIXTURES_PLAYERS,true,false,false,false,false
14701,330,ODD Ballklubb,2017-04-05T17:00:00+00:00,2026-09-26T08:36:03Z,39094,Fredrik Jensen,M,45.0,6.42,MEDIUM,85.7,6.6,PBK_PLAYER_GRADE_V1,"{""attack"": 5.0, ""creation"": 5.0, ""defending"": 5.76, ""discipline"": 5.44, ""possession"": 8.72, ""pressing"": null, ""progression"": 7.17}","[""AGGREGATE_SOURCE_NO_TRUE_ACTION_QUALITY"", ""PROGRESSION_PROXY_ONLY"", ""PRESSING_UNAVAILABLE""]",API_FOOTBALL_FIXTURES_PLAYERS,true,false,false,false,false
14701,330,ODD Ballklubb,2017-04-05T17:00:00+00:00,2026-09-26T08:36:03Z,39200,Olivier Occean,F,90.0,6.15,HIGH,85.7,7.6,PBK_PLAYER_GRADE_V1,"{""attack"": 7.0, ""creation"": 6.14, ""defending"": 4.78, ""discipline"": 5.44, ""possession"": 4.58, ""pressing"": null, ""progression"": 5.98}","[""AGGREGATE_SOURCE_NO_TRUE_ACTION_QUALITY"", ""PROGRESSION_PROXY_ONLY"", ""PRESSING_UNAVAILABLE""]",API_FOOTBALL_FIXTURES_PLAYERS,true,false,false,false,false
14701,330,ODD Ballklubb,2017-04-05T17:00:00+00:00,2026-09-26T08:36:03Z,39207,Thomas Grogaard,D,90.0,6.62,HIGH,85.7,8.0,PBK_PLAYER_GRADE_V1,"{""attack"": 6.75, ""creation"": 6.47, ""defending"": 6.36, ""discipline"": 6.0, ""possession"": 7.7, ""pressing"": null, ""progression"": 6.68}","[""AGGREGATE_SOURCE_NO_TRUE_ACTION_QUALITY"", ""PROGRESSION_PROXY_ONLY"", ""PRESSING_UNAVAILABLE""]",API_FOOTBALL_FIXTURES_PLAYERS,true,false,false,false,false
14701,330,ODD Ballklubb,2017-04-05T17:00:00+00:00,2026-09-26T08:36:03Z,39234,Joakim Vaage Nilsen,M,45.0,6.89,MEDIUM,85.7,6.8,PBK_PLAYER_GRADE_V1,"{""attack"": 5.5, ""creation"": 5.24, ""defending"": 4.93, ""discipline"": 2.88, ""possession"": 10.0, ""pressing"": null, ""progression"": 9.0}","[""AGGREGATE_SOURCE_NO_TRUE_ACTION_QUALITY"", ""PROGRESSION_PROXY_ONLY"", ""PRESSING_UNAVAILABLE""]",API_FOOTBALL_FIXTURES_PLAYERS,true,false,false,false,false
14701,330,ODD Ballklubb,2017-04-05T17:00:00+00:00,2026-09-26T08:36:03Z,48169,Oliver Berg,M,21.0,6.57,LOW,85.7,6.6,PBK_PLAYER_GRADE_V1,"{""attack"": 5.0, ""creation"": 5.0, ""defending"": 6.63, ""discipline"": 6.0, ""possession"": 9.92, ""pressing"": null, ""progression"": 6.05}","[""AGGREGATE_SOURCE_NO_TRUE_ACTION_QUALITY"", ""PROGRESSION_PROXY_ONLY"", ""PRESSING_UNAVAILABLE""]",API_FOOTBALL_FIXTURES_PLAYERS,true,false,false,false,false
14701,330,ODD Ballklubb,2017-04-05T17:00:00+00:00,2026-09-26T08:36:03Z,48302,Martin Broberg,F,69.0,5.38,HIGH,85.7,6.8,PBK_PLAYER_GRADE_V1,"{""attack"": 5.65, ""creation"": 5.0, ""defending"": 5.32, ""discipline"": 3.6, ""possession"": 5.59, ""pressing"": null, ""progression"": 6.29}","[""AGGREGATE_SOURCE_NO_TRUE_ACTION_QUALITY"", ""PROGRESSION_PROXY_ONLY"", ""PRESSING_UNAVAILABLE""]",API_FOOTBALL_FIXTURES_PLAYERS,true,false,false,false,false
14701,330,ODD Ballklubb,2017-04-05T17:00:00+00:00,2026-09-26T08:36:03Z,55407,Riku Riski,F,90.0,5.2,HIGH,85.7,6.5,PBK_PLAYER_GRADE_V1,"{""attack"": 5.25, ""creation"": 5.45, ""defending"": 3.81, ""discipline"": 6.0, ""possession"": 3.85, ""pressing"": null, ""progression"": 5.67}","[""AGGREGATE_SOURCE_NO_TRUE_ACTION_QUALITY"", ""PROGRESSION_PROXY_ONLY"", ""PRESSING_UNAVAILABLE""]",API_FOOTBALL_FIXTURES_PLAYERS,true,false,false,false,false
14701,330,ODD Ballklubb,2017-04-05T17:00:00+00:00,2026-09-26T08:36:03Z,99652,Pape Pate Diouf,F,59.0,4.43,MEDIUM,85.7,6.1,PBK_PLAYER_GRADE_V1,"{""attack"": 5.0, ""creation"": 5.18, ""defending"": 2.5, ""discipline"": 5.15, ""possession"": 0.19, ""pressing"": null, ""progression"": 5.27}","[""AGGREGATE_SOURCE_NO_TRUE_ACTION_QUALITY"", ""PROGRESSION_PROXY_ONLY"", ""PRESSING_UNAVAILABLE""]",API_FOOTBALL_FIXTURES_PLAYERS,true,false,false,false,false
14702,331,Rosenborg,2017-04-05T17:00:00+00:00,2026-09-26T08:36:03Z,1168,André Hansen,G,90.0,4.82,HIGH,85.7,7.2,PBK_PLAYER_GRADE_V1,"{""attack"": 5.0, ""creation"": 5.0, ""defending"": 5.0, ""discipline"": 6.0, ""possession"": 2.59, ""pressing"": null, ""progression"": 5.59}","[""AGGREGATE_SOURCE_NO_TRUE_ACTION_QUALITY"", ""PROGRESSION_PROXY_ONLY"", ""PRESSING_UNAVAILABLE""]",API_FOOTBALL_FIXTURES_PLAYERS,true,false,false,false,false
14702,331,Rosenborg,2017-04-05T17:00:00+00:00,2026-09-26T08:36:03Z,1171,Vegar Eggen Hedenstad,D,90.0,5.7,HIGH,85.7,7.6,PBK_PLAYER_GRADE_V1,"{""attack"": 5.5, ""creation"": 7.27, ""defending"": 4.93, ""discipline"": 4.44, ""possession"": 6.58, ""pressing"": null, ""progression"": 6.87}","[""AGGREGATE_SOURCE_NO_TRUE_ACTION_QUALITY"", ""PROGRESSION_PROXY_ONLY"", ""PRESSING_UNAVAILABLE""]",API_FOOTBALL_FIXTURES_PLAYERS,true,false,false,false,false
14702,331,Rosenborg,2017-04-05T17:00:00+00:00,2026-09-26T08:36:03Z,1175,Tore Reginiussen,D,90.0,7.2,HIGH,85.7,7.5,PBK_PLAYER_GRADE_V1,"{""attack"": 5.0, ""creation"": 6.14, ""defending"": 7.69, ""discipline"": 6.0, ""possession"": 8.28, ""pressing"": null, ""progression"": 7.03}","[""AGGREGATE_SOURCE_NO_TRUE_ACTION_QUALITY"", ""PROGRESSION_PROXY_ONLY"", ""PRESSING_UNAVAILABLE""]",API_FOOTBALL_FIXTURES_PLAYERS,true,false,false,false,false
14702,331,Rosenborg,2017-04-05T17:00:00+00:00,2026-09-26T08:36:03Z,1181,Anders Konradsen,M,90.0,6.29,HIGH,85.7,7.6,PBK_PLAYER_GRADE_V1,"{""attack"": 5.25, ""creation"": 5.48, ""defending"": 9.02, ""discipline"": 5.0, ""possession"": 5.84, ""pressing"": null, ""progression"": 6.83}","[""AGGREGATE_SOURCE_NO_TRUE_ACTION_QUALITY"", ""PROGRESSION_PROXY_ONLY"", ""PRESSING_UNAVAILABLE""]",API_FOOTBALL_FIXTURES_PLAYERS,true,false,false,false,false
14702,331,Rosenborg,2017-04-05T17:00:00+00:00,2026-09-26T08:36:03Z,1182,Mike Jensen,M,90.0,5.84,HIGH,85.7,7.1,PBK_PLAYER_GRADE_V1,"{""attack"": 5.0, ""creation"": 6.17, ""defending"": 7.33, ""discipline"": 5.44, ""possession"": 5.03, ""pressing"": null, ""progression"": 5.98}","[""AGGREGATE_SOURCE_NO_TRUE_ACTION_QUALITY"", ""PROGRESSION_PROXY_ONLY"", ""PRESSING_UNAVAILABLE""]",API_FOOTBALL_FIXTURES_PLAYERS,true,false,false,false,false
14702,331,Rosenborg,2017-04-05T17:00:00+00:00,2026-09-26T08:36:03Z,1187,Nicklas Bendtner,F,27.0,7.54,LOW,85.7,7.1,PBK_PLAYER_GRADE_V1,"{""attack"": 10.0, ""creation"": 6.5, ""defending"": 2.92, ""discipline"": 5.07, ""possession"": 6.0, ""pressing"": null, ""progression"": 6.77}","[""AGGREGATE_SOURCE_NO_TRUE_ACTION_QUALITY"", ""PROGRESSION_PROXY_ONLY"", ""PRESSING_UNAVAILABLE""]",API_FOOTBALL_FIXTURES_PLAYERS,true,false,false,false,false
14702,331,Rosenborg,2017-04-05T17:00:00+00:00,2026-09-26T08:36:03Z,1191,Pål André Helland,F,18.0,7.14,LOW,85.7,7.1,PBK_PLAYER_GRADE_V1,"{""attack"": 10.0, ""creation"": 5.0, ""defending"": 5.0, ""discipline"": 6.0, ""possession"": 5.38, ""pressing"": null, ""progression"": 5.53}","[""AGGREGATE_SOURCE_NO_TRUE_ACTION_QUALITY"", ""PROGRESSION_PROXY_ONLY"", ""PRESSING_UNAVAILABLE""]",API_FOOTBALL_FIXTURES_PLAYERS,true,false,false,false,false
14702,331,Rosenborg,2017-04-05T17:00:00+00:00,2026-09-26T08:36:03Z,2743,Alex Gersbach,D,90.0,5.91,HIGH,85.7,6.7,PBK_PLAYER_GRADE_V1,"{""attack"": 5.0, ""creation"": 5.12, ""defending"": 6.42, ""discipline"": 6.0, ""possession"": 5.08, ""pressing"": null, ""progression"": 6.05}","[""AGGREGATE_SOURCE_NO_TRUE_ACTION_QUALITY"", ""PROGRESSION_PROXY_ONLY"", ""PRESSING_UNAVAILABLE""]",API_FOOTBALL_FIXTURES_PLAYERS,true,false,false,false,false
14702,331,Rosenborg,2017-04-05T17:00:00+00:00,2026-09-26T08:36:03Z,31047,Jacob Rasmussen,D,90.0,6.77,HIGH,85.7,7.6,PBK_PLAYER_GRADE_V1,"{""attack"": 5.25, ""creation"": 5.0, ""defending"": 6.21, ""discipline"": 5.72, ""possession"": 9.44, ""pressing"": null, ""progression"": 7.67}","[""AGGREGATE_SOURCE_NO_TRUE_ACTION_QUALITY"", ""PROGRESSION_PROXY_ONLY"", ""PRESSING_UNAVAILABLE""]",API_FOOTBALL_FIXTURES_PLAYERS,true,false,false,false,false
14702,331,Rosenborg,2017-04-05T17:00:00+00:00,2026-09-26T08:36:03Z,354,Milan Jevtović,M,78.0,5.53,HIGH,85.7,6.7,PBK_PLAYER_GRADE_V1,"{""attack"": 5.0, ""creation"": 6.44, ""defending"": 4.05, ""discipline"": 6.0, ""possession"": 5.82, ""pressing"": null, ""progression"": 5.44}","[""AGGREGATE_SOURCE_NO_TRUE_ACTION_QUALITY"", ""PROGRESSION_PROXY_ONLY"", ""PRESSING_UNAVAILABLE""]",API_FOOTBALL_FIXTURES_PLAYERS,true,false,false,false,false
14702,331,Rosenborg,2017-04-05T17:00:00+00:00,2026-09-26T08:36:03Z,36901,Fredrik Midtsjø,M,63.0,6.72,MEDIUM,85.7,7.7,PBK_PLAYER_GRADE_V1,"{""attack"": 5.0, ""creation"": 8.89, ""defending"": 10.0, ""discipline"": 6.0, ""possession"": 4.87, ""pressing"": null, ""progression"": 5.75}","[""AGGREGATE_SOURCE_NO_TRUE_ACTION_QUALITY"", ""PROGRESSION_PROXY_ONLY"", ""PRESSING_UNAVAILABLE""]",API_FOOTBALL_FIXTURES_PLAYERS,true,false,false,false,false
14702,331,Rosenborg,2017-04-05T17:00:00+00:00,2026-09-26T08:36:03Z,39095,Elbasan Rashani,F,12.0,5.52,LOW,85.7,6.5,PBK_PLAYER_GRADE_V1,"{""attack"": 6.88, ""creation"": 5.0, ""defending"": 3.61, ""discipline"": 6.0, ""possession"": 1.02, ""pressing"": null, ""progression"": 6.61}","[""AGGREGATE_SOURCE_NO_TRUE_ACTION_QUALITY"", ""PROGRESSION_PROXY_ONLY"", ""PRESSING_UNAVAILABLE""]",API_FOOTBALL_FIXTURES_PLAYERS,true,false,false,false,false
14702,331,Rosenborg,2017-04-05T17:00:00+00:00,2026-09-26T08:36:03Z,39125,Matthías Vilhjálmsson,F,90.0,5.59,HIGH,85.7,7.2,PBK_PLAYER_GRADE_V1,"{""attack"": 6.75, ""creation"": 5.9, ""defending"": 7.98, ""discipline"": 6.0, ""possession"": 0.0, ""pressing"": null, ""progression"": 5.35}","[""AGGREGATE_SOURCE_NO_TRUE_ACTION_QUALITY"", ""PROGRESSION_PROXY_ONLY"", ""PRESSING_UNAVAILABLE""]",API_FOOTBALL_FIXTURES_PLAYERS,true,false,false,false,false
14702,331,Rosenborg,2017-04-05T17:00:00+00:00,2026-09-26T08:36:03Z,39366,Mushaga Bakenga,F,72.0,5.04,HIGH,85.7,6.6,PBK_PLAYER_GRADE_V1,"{""attack"": 5.0, ""creation"": 5.3, ""defending"": 5.83, ""discipline"": 6.0, ""possession"": 3.22, ""pressing"": null, ""progression"": 5.31}","[""AGGREGATE_SOURCE_NO_TRUE_ACTION_QUALITY"", ""PROGRESSION_PROXY_ONLY"", ""PRESSING_UNAVAILABLE""]",API_FOOTBALL_FIXTURES_PLAYERS,true,false,false,false,false
14702,332,Sandefjord,2017-04-05T17:00:00+00:00,2026-09-26T08:36:03Z,100014,Elliott Kebbie,D,73.0,4.26,HIGH,85.7,6.3,PBK_PLAYER_GRADE_V1,"{""attack"": 5.0, ""creation"": 5.0, ""defending"": 2.97, ""discipline"": 6.0, ""possession"": 4.75, ""pressing"": null, ""progression"": 5.35}","[""AGGREGATE_SOURCE_NO_TRUE_ACTION_QUALITY"", ""PROGRESSION_PROXY_ONLY"", ""PRESSING_UNAVAILABLE""]",API_FOOTBALL_FIXTURES_PLAYERS,true,false,false,false,false
14702,332,Sandefjord,2017-04-05T17:00:00+00:00,2026-09-26T08:36:03Z,107856,Markus Naglestad,F,17.0,4.47,LOW,85.7,6.6,PBK_PLAYER_GRADE_V1,"{""attack"": 5.0, ""creation"": 5.0, ""defending"": 0.83, ""discipline"": 6.0, ""possession"": 0.97, ""pressing"": null, ""progression"": 5.19}","[""AGGREGATE_SOURCE_NO_TRUE_ACTION_QUALITY"", ""PROGRESSION_PROXY_ONLY"", ""PRESSING_UNAVAILABLE""]",API_FOOTBALL_FIXTURES_PLAYERS,true,false,false,false,false
14702,332,Sandefjord,2017-04-05T17:00:00+00:00,2026-09-26T08:36:03Z,15949,Ingvar Jónsson,G,90.0,4.32,HIGH,85.7,5.8,PBK_PLAYER_GRADE_V1,"{""attack"": 5.0, ""creation"": 5.0, ""defending"": 5.0, ""discipline"": 6.0, ""possession"": 0.0, ""pressing"": null, ""progression"": 5.49}","[""AGGREGATE_SOURCE_NO_TRUE_ACTION_QUALITY"", ""PROGRESSION_PROXY_ONLY"", ""PRESSING_UNAVAILABLE""]",API_FOOTBALL_FIXTURES_PLAYERS,true,false,false,false,false
14702,332,Sandefjord,2017-04-05T17:00:00+00:00,2026-09-26T08:36:03Z,39102,Andre Sodlund,M,45.0,5.4,MEDIUM,85.7,6.7,PBK_PLAYER_GRADE_V1,"{""attack"": 5.0, ""creation"": 5.9, ""defending"": 5.76, ""discipline"": 5.44, ""possession"": 4.2, ""pressing"": null, ""progression"": 5.98}","[""AGGREGATE_SOURCE_NO_TRUE_ACTION_QUALITY"", ""PROGRESSION_PROXY_ONLY"", ""PRESSING_UNAVAILABLE""]",API_FOOTBALL_FIXTURES_PLAYERS,true,false,false,false,false
14702,332,Sandefjord,2017-04-05T17:00:00+00:00,2026-09-26T08:36:03Z,39176,Flamur Kastrati,F,90.0,4.68,HIGH,85.7,6.1,PBK_PLAYER_GRADE_V1,"{""attack"": 5.0, ""creation"": 6.02, ""defending"": 3.15, ""discipline"": 3.88, ""possession"": 1.39, ""pressing"": null, ""progression"": 5.32}","[""AGGREGATE_SOURCE_NO_TRUE_ACTION_QUALITY"", ""PROGRESSION_PROXY_ONLY"", ""PRESSING_UNAVAILABLE""]",API_FOOTBALL_FIXTURES_PLAYERS,true,false,false,false,false
14702,332,Sandefjord,2017-04-05T17:00:00+00:00,2026-09-26T08:36:03Z,55599,El-Hadji Gana Kane,D,87.0,3.52,HIGH,85.7,6.1,PBK_PLAYER_GRADE_V1,"{""attack"": 5.0, ""creation"": 5.0, ""defending"": 2.01, ""discipline"": 5.71, ""possession"": 2.53, ""pressing"": null, ""progression"": 5.51}","[""AGGREGATE_SOURCE_NO_TRUE_ACTION_QUALITY"", ""PROGRESSION_PROXY_ONLY"", ""PRESSING_UNAVAILABLE""]",API_FOOTBALL_FIXTURES_PLAYERS,true,false,false,false,false
14702,332,Sandefjord,2017-04-05T17:00:00+00:00,2026-09-26T08:36:03Z,57175,William Kurtovic,M,90.0,5.24,HIGH,85.7,6.6,PBK_PLAYER_GRADE_V1,"{""attack"": 5.0, ""creation"": 5.57, ""defending"": 3.97, ""discipline"": 4.16, ""possession"": 5.42, ""pressing"": null, ""progression"": 6.05}","[""AGGREGATE_SOURCE_NO_TRUE_ACTION_QUALITY"", ""PROGRESSION_PROXY_ONLY"", ""PRESSING_UNAVAILABLE""]",API_FOOTBALL_FIXTURES_PLAYERS,true,false,false,false,false
14702,332,Sandefjord,2017-04-05T17:00:00+00:00,2026-09-26T08:36:03Z,57181,Haavard Storbaek,M,90.0,5.85,HIGH,85.7,6.4,PBK_PLAYER_GRADE_V1,"{""attack"": 5.25, ""creation"": 5.12, ""defending"": 4.31, ""discipline"": 5.44, ""possession"": 7.42, ""pressing"": null, ""progression"": 6.47}","[""AGGREGATE_SOURCE_NO_TRUE_ACTION_QUALITY"", ""PROGRESSION_PROXY_ONLY"", ""PRESSING_UNAVAILABLE""]",API_FOOTBALL_FIXTURES_PLAYERS,true,false,false,false,false
14702,332,Sandefjord,2017-04-05T17:00:00+00:00,2026-09-26T08:36:03Z,57182,Enric Valles,M,90.0,6.08,HIGH,85.7,7.4,PBK_PLAYER_GRADE_V1,"{""attack"": 5.25, ""creation"": 5.12, ""defending"": 7.36, ""discipline"": 5.44, ""possession"": 6.15, ""pressing"": null, ""progression"": 6.79}","[""AGGREGATE_SOURCE_NO_TRUE_ACTION_QUALITY"", ""PROGRESSION_PROXY_ONLY"", ""PRESSING_UNAVAILABLE""]",API_FOOTBALL_FIXTURES_PLAYERS,true,false,false,false,false
14702,332,Sandefjord,2017-04-05T17:00:00+00:00,2026-09-26T08:36:03Z,69924,Pau Morer,M,45.0,5.57,MEDIUM,85.7,7.2,PBK_PLAYER_GRADE_V1,"{""attack"": 5.5, ""creation"": 6.38, ""defending"": 7.35, ""discipline"": 6.0, ""possession"": 2.95, ""pressing"": null, ""progression"": 5.99}","[""AGGREGATE_SOURCE_NO_TRUE_ACTION_QUALITY"", ""PROGRESSION_PROXY_ONLY"", ""PRESSING_UNAVAILABLE""]",API_FOOTBALL_FIXTURES_PLAYERS,true,false,false,false,false
14702,332,Sandefjord,2017-04-05T17:00:00+00:00,2026-09-26T08:36:03Z,8450,Abdoulaye Seck,D,90.0,4.82,HIGH,85.7,6.3,PBK_PLAYER_GRADE_V1,"{""attack"": 5.0, ""creation"": 5.0, ""defending"": 5.68, ""discipline"": 5.72, ""possession"": 0.9, ""pressing"": null, ""progression"": 5.56}","[""AGGREGATE_SOURCE_NO_TRUE_ACTION_QUALITY"", ""PROGRESSION_PROXY_ONLY"", ""PRESSING_UNAVAILABLE""]",API_FOOTBALL_FIXTURES_PLAYERS,true,false,false,false,false
14702,332,Sandefjord,2017-04-05T17:00:00+00:00,2026-09-26T08:36:03Z,94919,Victor Demba Bindia,D,45.0,4.55,MEDIUM,85.7,5.7,PBK_PLAYER_GRADE_V1,"{""attack"": 6.6, ""creation"": 5.0, ""defending"": 3.74, ""discipline"": 0.0, ""possession"": 6.83, ""pressing"": null, ""progression"": 6.06}","[""AGGREGATE_SOURCE_NO_TRUE_ACTION_QUALITY"", ""PROGRESSION_PROXY_ONLY"", ""PRESSING_UNAVAILABLE""]",API_FOOTBALL_FIXTURES_PLAYERS,true,false,false,false,false
14702,332,Sandefjord,2017-04-05T17:00:00+00:00,2026-09-26T08:36:03Z,95020,Mats Holt,D,3.0,6.05,LOW,85.7,–,PBK_PLAYER_GRADE_V1,"{""attack"": 5.0, ""creation"": 5.0, ""defending"": 5.0, ""discipline"": 6.0, ""possession"": 9.92, ""pressing"": null, ""progression"": 6.05}","[""AGGREGATE_SOURCE_NO_TRUE_ACTION_QUALITY"", ""PROGRESSION_PROXY_ONLY"", ""PRESSING_UNAVAILABLE""]",API_FOOTBALL_FIXTURES_PLAYERS,true,false,false,false,false
14702,332,Sandefjord,2017-04-05T17:00:00+00:00,2026-09-26T08:36:03Z,98609,Christer Hansen,D,90.0,4.37,HIGH,85.7,6.7,PBK_PLAYER_GRADE_V1,"{""attack"": 5.0, ""creation"": 5.0, ""defending"": 3.3, ""discipline"": 6.0, ""possession"": 4.26, ""pressing"": null, ""progression"": 5.59}","[""AGGREGATE_SOURCE_NO_TRUE_ACTION_QUALITY"", ""PROGRESSION_PROXY_ONLY"", ""PRESSING_UNAVAILABLE""]",API_FOOTBALL_FIXTURES_PLAYERS,true,false,false,false,false
14703,323,Stabaek,2017-04-05T17:00:00+00:00,2026-09-26T08:36:03Z,15845,Mande Sayouba,G,90.0,4.5,HIGH,85.7,5.8,PBK_PLAYER_GRADE_V1,"{""attack"": 5.0, ""creation"": 5.0, ""defending"": 5.0, ""discipline"": 6.0, ""possession"": 1.08, ""pressing"": null, ""progression"": 5.35}","[""AGGREGATE_SOURCE_NO_TRUE_ACTION_QUALITY"", ""PROGRESSION_PROXY_ONLY"", ""PRESSING_UNAVAILABLE""]",API_FOOTBALL_FIXTURES_PLAYERS,true,false,false,false,false
14703,323,Stabaek,2017-04-05T17:00:00+00:00,2026-09-26T08:36:03Z,20664,El-Hadji Ba,M,75.0,6.6,HIGH,85.7,6.7,PBK_PLAYER_GRADE_V1,"{""attack"": 5.3, ""creation"": 5.83, ""defending"": 6.5, ""discipline"": 6.0, ""possession"": 7.67, ""pressing"": null, ""progression"": 7.32}","[""AGGREGATE_SOURCE_NO_TRUE_ACTION_QUALITY"", ""PROGRESSION_PROXY_ONLY"", ""PRESSING_UNAVAILABLE""]",API_FOOTBALL_FIXTURES_PLAYERS,true,false,false,false,false
14703,323,Stabaek,2017-04-05T17:00:00+00:00,2026-09-26T08:36:03Z,39054,Ohi Omoijuanfo,F,90.0,5.76,HIGH,85.7,6.2,PBK_PLAYER_GRADE_V1,"{""attack"": 5.8, ""creation"": 5.57, ""defending"": 5.83, ""discipline"": 6.0, ""possession"": 5.88, ""pressing"": null, ""progression"": 5.71}","[""AGGREGATE_SOURCE_NO_TRUE_ACTION_QUALITY"", ""PROGRESSION_PROXY_ONLY"", ""PRESSING_UNAVAILABLE""]",API_FOOTBALL_FIXTURES_PLAYERS,true,false,false,false,false
14703,323,Stabaek,2017-04-05T17:00:00+00:00,2026-09-26T08:36:03Z,39189,Tonny Brochmann,M,90.0,6.32,HIGH,85.7,7.0,PBK_PLAYER_GRADE_V1,"{""attack"": 6.65, ""creation"": 5.81, ""defending"": 6.39, ""discipline"": 5.72, ""possession"": 6.9, ""pressing"": null, ""progression"": 6.26}","[""AGGREGATE_SOURCE_NO_TRUE_ACTION_QUALITY"", ""PROGRESSION_PROXY_ONLY"", ""PRESSING_UNAVAILABLE""]",API_FOOTBALL_FIXTURES_PLAYERS,true,false,false,false,false
14703,323,Stabaek,2017-04-05T17:00:00+00:00,2026-09-26T08:36:03Z,39277,Jeppe Moe,D,90.0,5.56,HIGH,85.7,6.9,PBK_PLAYER_GRADE_V1,"{""attack"": 5.25, ""creation"": 5.45, ""defending"": 5.89, ""discipline"": 5.72, ""possession"": 3.94, ""pressing"": null, ""progression"": 6.26}","[""AGGREGATE_SOURCE_NO_TRUE_ACTION_QUALITY"", ""PROGRESSION_PROXY_ONLY"", ""PRESSING_UNAVAILABLE""]",API_FOOTBALL_FIXTURES_PLAYERS,true,false,false,false,false
14703,323,Stabaek,2017-04-05T17:00:00+00:00,2026-09-26T08:36:03Z,39279,Andreas Hanche-Olsen,D,90.0,5.97,HIGH,85.7,6.6,PBK_PLAYER_GRADE_V1,"{""attack"": 5.0, ""creation"": 5.0, ""defending"": 5.31, ""discipline"": 4.72, ""possession"": 9.0, ""pressing"": null, ""progression"": 6.4}","[""AGGREGATE_SOURCE_NO_TRUE_ACTION_QUALITY"", ""PROGRESSION_PROXY_ONLY"", ""PRESSING_UNAVAILABLE""]",API_FOOTBALL_FIXTURES_PLAYERS,true,false,false,false,false
14703,323,Stabaek,2017-04-05T17:00:00+00:00,2026-09-26T08:36:03Z,39289,Luc Kassi,M,33.0,6.05,LOW,85.7,7.0,PBK_PLAYER_GRADE_V1,"{""attack"": 5.0, ""creation"": 8.41, ""defending"": 0.83, ""discipline"": 6.0, ""possession"": 6.96, ""pressing"": null, ""progression"": 6.81}","[""AGGREGATE_SOURCE_NO_TRUE_ACTION_QUALITY"", ""PROGRESSION_PROXY_ONLY"", ""PRESSING_UNAVAILABLE""]",API_FOOTBALL_FIXTURES_PLAYERS,true,false,false,false,false
14703,323,Stabaek,2017-04-05T17:00:00+00:00,2026-09-26T08:36:03Z,39291,Hugo Vetlesen,M,57.0,5.52,MEDIUM,85.7,6.2,PBK_PLAYER_GRADE_V1,"{""attack"": 5.39, ""creation"": 6.28, ""defending"": 5.38, ""discipline"": 6.0, ""possession"": 4.27, ""pressing"": null, ""progression"": 5.89}","[""AGGREGATE_SOURCE_NO_TRUE_ACTION_QUALITY"", ""PROGRESSION_PROXY_ONLY"", ""PRESSING_UNAVAILABLE""]",API_FOOTBALL_FIXTURES_PLAYERS,true,false,false,false,false
14703,323,Stabaek,2017-04-05T17:00:00+00:00,2026-09-26T08:36:03Z,39346,Sebastian Pedersen,F,15.0,4.45,LOW,71.4,6.5,PBK_PLAYER_GRADE_V1,"{""attack"": 5.0, ""creation"": 5.0, ""defending"": 5.0, ""discipline"": 6.0, ""possession"": 0.0, ""pressing"": null}","[""AGGREGATE_SOURCE_NO_TRUE_ACTION_QUALITY"", ""PROGRESSION_PROXY_ONLY"", ""PRESSING_UNAVAILABLE""]",API_FOOTBALL_FIXTURES_PLAYERS,true,false,false,false,false
14703,323,Stabaek,2017-04-05T17:00:00+00:00,2026-09-26T08:36:03Z,45834,Moussa Nije,M,90.0,6.02,HIGH,85.7,6.5,PBK_PLAYER_GRADE_V1,"{""attack"": 5.5, ""creation"": 5.24, ""defending"": 6.14, ""discipline"": 5.0, ""possession"": 7.27, ""pressing"": null, ""progression"": 6.2}","[""AGGREGATE_SOURCE_NO_TRUE_ACTION_QUALITY"", ""PROGRESSION_PROXY_ONLY"", ""PRESSING_UNAVAILABLE""]",API_FOOTBALL_FIXTURES_PLAYERS,true,false,false,false,false
14703,323,Stabaek,2017-04-05T17:00:00+00:00,2026-09-26T08:36:03Z,61915,Tortol Lumanza,M,67.0,7.12,HIGH,85.7,6.9,PBK_PLAYER_GRADE_V1,"{""attack"": 5.34, ""creation"": 6.09, ""defending"": 7.59, ""discipline"": 5.62, ""possession"": 8.71, ""pressing"": null, ""progression"": 7.87}","[""AGGREGATE_SOURCE_NO_TRUE_ACTION_QUALITY"", ""PROGRESSION_PROXY_ONLY"", ""PRESSING_UNAVAILABLE""]",API_FOOTBALL_FIXTURES_PLAYERS,true,false,false,false,false
14703,323,Stabaek,2017-04-05T17:00:00+00:00,2026-09-26T08:36:03Z,90540,Alex Nimely,F,23.0,7.63,LOW,85.7,7.4,PBK_PLAYER_GRADE_V1,"{""attack"": 10.0, ""creation"": 8.52, ""defending"": 9.17, ""discipline"": 6.0, ""possession"": 1.13, ""pressing"": null, ""progression"": 5.41}","[""AGGREGATE_SOURCE_NO_TRUE_ACTION_QUALITY"", ""PROGRESSION_PROXY_ONLY"", ""PRESSING_UNAVAILABLE""]",API_FOOTBALL_FIXTURES_PLAYERS,true,false,false,false,false
14703,323,Stabaek,2017-04-05T17:00:00+00:00,2026-09-26T08:36:03Z,99588,Morten Skjonsberg,D,90.0,5.04,HIGH,85.7,5.4,PBK_PLAYER_GRADE_V1,"{""attack"": 5.0, ""creation"": 5.45, ""defending"": 3.61, ""discipline"": 3.64, ""possession"": 7.82, ""pressing"": null, ""progression"": 6.61}","[""AGGREGATE_SOURCE_NO_TRUE_ACTION_QUALITY"", ""PROGRESSION_PROXY_ONLY"", ""PRESSING_UNAVAILABLE""]",API_FOOTBALL_FIXTURES_PLAYERS,true,false,false,false,false
14703,323,Stabaek,2017-04-05T17:00:00+00:00,2026-09-26T08:36:03Z,99591,Hakon Skogseid,D,90.0,6.77,HIGH,85.7,5.9,PBK_PLAYER_GRADE_V1,"{""attack"": 5.55, ""creation"": 5.9, ""defending"": 7.08, ""discipline"": 6.0, ""possession"": 7.72, ""pressing"": null, ""progression"": 6.47}","[""AGGREGATE_SOURCE_NO_TRUE_ACTION_QUALITY"", ""PROGRESSION_PROXY_ONLY"", ""PRESSING_UNAVAILABLE""]",API_FOOTBALL_FIXTURES_PLAYERS,true,false,false,false,false
14703,758,Sogndal,2017-04-05T17:00:00+00:00,2026-09-26T08:36:03Z,2017,Bjorn Utvik,D,90.0,5.72,HIGH,85.7,7.8,PBK_PLAYER_GRADE_V1,"{""attack"": 5.35, ""creation"": 6.37, ""defending"": 7.15, ""discipline"": 6.0, ""possession"": 1.92, ""pressing"": null, ""progression"": 5.35}","[""AGGREGATE_SOURCE_NO_TRUE_ACTION_QUALITY"", ""PROGRESSION_PROXY_ONLY"", ""PRESSING_UNAVAILABLE""]",API_FOOTBALL_FIXTURES_PLAYERS,true,false,false,false,false
14703,758,Sogndal,2017-04-05T17:00:00+00:00,2026-09-26T08:36:03Z,39157,Christophe Psyche,D,90.0,4.74,HIGH,85.7,6.6,PBK_PLAYER_GRADE_V1,"{""attack"": 5.0, ""creation"": 5.0, ""defending"": 5.0, ""discipline"": 5.72, ""possession"": 2.65, ""pressing"": null, ""progression"": 5.21}","[""AGGREGATE_SOURCE_NO_TRUE_ACTION_QUALITY"", ""PROGRESSION_PROXY_ONLY"", ""PRESSING_UNAVAILABLE""]",API_FOOTBALL_FIXTURES_PLAYERS,true,false,false,false,false
14703,758,Sogndal,2017-04-05T17:00:00+00:00,2026-09-26T08:36:03Z,39173,Bendik Bye,F,68.0,6.5,HIGH,85.7,8.0,PBK_PLAYER_GRADE_V1,"{""attack"": 10.0, ""creation"": 5.0, ""defending"": 0.83, ""discipline"": 5.63, ""possession"": 2.13, ""pressing"": null, ""progression"": 5.19}","[""AGGREGATE_SOURCE_NO_TRUE_ACTION_QUALITY"", ""PROGRESSION_PROXY_ONLY"", ""PRESSING_UNAVAILABLE""]",API_FOOTBALL_FIXTURES_PLAYERS,true,false,false,false,false
14703,758,Sogndal,2017-04-05T17:00:00+00:00,2026-09-26T08:36:03Z,39211,Taijo Teniste,D,90.0,6.58,HIGH,85.7,7.2,PBK_PLAYER_GRADE_V1,"{""attack"": 5.0, ""creation"": 5.45, ""defending"": 7.88, ""discipline"": 6.0, ""possession"": 5.67, ""pressing"": null, ""progression"": 5.7}","[""AGGREGATE_SOURCE_NO_TRUE_ACTION_QUALITY"", ""PROGRESSION_PROXY_ONLY"", ""PRESSING_UNAVAILABLE""]",API_FOOTBALL_FIXTURES_PLAYERS,true,false,false,false,false
14703,758,Sogndal,2017-04-05T17:00:00+00:00,2026-09-26T08:36:03Z,39223,Gilbert Koomson,F,88.0,6.72,HIGH,85.7,7.8,PBK_PLAYER_GRADE_V1,"{""attack"": 7.86, ""creation"": 6.96, ""defending"": 7.28, ""discipline"": 6.0, ""possession"": 3.4, ""pressing"": null, ""progression"": 6.16}","[""AGGREGATE_SOURCE_NO_TRUE_ACTION_QUALITY"", ""PROGRESSION_PROXY_ONLY"", ""PRESSING_UNAVAILABLE""]",API_FOOTBALL_FIXTURES_PLAYERS,true,false,false,false,false
14703,758,Sogndal,2017-04-05T17:00:00+00:00,2026-09-26T08:36:03Z,48225,Chidiebere Nwakali,M,71.0,4.2,HIGH,85.7,6.3,PBK_PLAYER_GRADE_V1,"{""attack"": 5.0, ""creation"": 5.15, ""defending"": 3.21, ""discipline"": 5.29, ""possession"": 1.59, ""pressing"": null, ""progression"": 5.35}","[""AGGREGATE_SOURCE_NO_TRUE_ACTION_QUALITY"", ""PROGRESSION_PROXY_ONLY"", ""PRESSING_UNAVAILABLE""]",API_FOOTBALL_FIXTURES_PLAYERS,true,false,false,false,false
14703,758,Sogndal,2017-04-05T17:00:00+00:00,2026-09-26T08:36:03Z,57429,Matias Dyngeland,G,90.0,4.6,HIGH,85.7,7.0,PBK_PLAYER_GRADE_V1,"{""attack"": 5.0, ""creation"": 5.0, ""defending"": 5.0, ""discipline"": 6.0, ""possession"": 1.43, ""pressing"": null, ""progression"": 5.59}","[""AGGREGATE_SOURCE_NO_TRUE_ACTION_QUALITY"", ""PROGRESSION_PROXY_ONLY"", ""PRESSING_UNAVAILABLE""]",API_FOOTBALL_FIXTURES_PLAYERS,true,false,false,false,false
14703,758,Sogndal,2017-04-05T17:00:00+00:00,2026-09-26T08:36:03Z,57439,Eirik Birkelund,M,90.0,4.77,HIGH,85.7,7.1,PBK_PLAYER_GRADE_V1,"{""attack"": 5.0, ""creation"": 6.7, ""defending"": 3.59, ""discipline"": 4.16, ""possession"": 2.88, ""pressing"": null, ""progression"": 5.53}","[""AGGREGATE_SOURCE_NO_TRUE_ACTION_QUALITY"", ""PROGRESSION_PROXY_ONLY"", ""PRESSING_UNAVAILABLE""]",API_FOOTBALL_FIXTURES_PLAYERS,true,false,false,false,false
14703,758,Sogndal,2017-04-05T17:00:00+00:00,2026-09-26T08:36:03Z,57444,Eirik Schulze,F,2.0,7.29,LOW,85.7,–,PBK_PLAYER_GRADE_V1,"{""attack"": 5.0, ""creation"": 10.0, ""defending"": 0.83, ""discipline"": 6.0, ""possession"": 10.0, ""pressing"": null, ""progression"": 10.0}","[""AGGREGATE_SOURCE_NO_TRUE_ACTION_QUALITY"", ""PROGRESSION_PROXY_ONLY"", ""PRESSING_UNAVAILABLE""]",API_FOOTBALL_FIXTURES_PLAYERS,true,false,false,false,false
14703,758,Sogndal,2017-04-05T17:00:00+00:00,2026-09-26T08:36:03Z,57450,Martin Ramsland,F,90.0,4.82,HIGH,85.7,6.9,PBK_PLAYER_GRADE_V1,"{""attack"": 5.0, ""creation"": 6.26, ""defending"": 4.48, ""discipline"": 5.44, ""possession"": 0.28, ""pressing"": null, ""progression"": 5.38}","[""AGGREGATE_SOURCE_NO_TRUE_ACTION_QUALITY"", ""PROGRESSION_PROXY_ONLY"", ""PRESSING_UNAVAILABLE""]",API_FOOTBALL_FIXTURES_PLAYERS,true,false,false,false,false
14703,758,Sogndal,2017-04-05T17:00:00+00:00,2026-09-26T08:36:03Z,57451,Ole Amund Sveen,M,22.0,5.73,LOW,85.7,6.6,PBK_PLAYER_GRADE_V1,"{""attack"": 7.25, ""creation"": 5.0, ""defending"": 3.61, ""discipline"": 6.0, ""possession"": 6.84, ""pressing"": null, ""progression"": 5.72}","[""AGGREGATE_SOURCE_NO_TRUE_ACTION_QUALITY"", ""PROGRESSION_PROXY_ONLY"", ""PRESSING_UNAVAILABLE""]",API_FOOTBALL_FIXTURES_PLAYERS,true,false,false,false,false
14703,758,Sogndal,2017-04-05T17:00:00+00:00,2026-09-26T08:36:03Z,94707,Henrik Furebotn,M,90.0,5.39,HIGH,85.7,7.0,PBK_PLAYER_GRADE_V1,"{""attack"": 5.0, ""creation"": 5.0, ""defending"": 5.1, ""discipline"": 4.88, ""possession"": 6.23, ""pressing"": null, ""progression"": 5.56}","[""AGGREGATE_SOURCE_NO_TRUE_ACTION_QUALITY"", ""PROGRESSION_PROXY_ONLY"", ""PRESSING_UNAVAILABLE""]",API_FOOTBALL_FIXTURES_PLAYERS,true,false,false,false,false
14703,758,Sogndal,2017-04-05T17:00:00+00:00,2026-09-26T08:36:03Z,94805,Simen Brekkhus,M,19.0,5.84,LOW,85.7,6.6,PBK_PLAYER_GRADE_V1,"{""attack"": 5.0, ""creation"": 5.0, ""defending"": 9.17, ""discipline"": 6.0, ""possession"": 4.93, ""pressing"": null, ""progression"": 5.83}","[""AGGREGATE_SOURCE_NO_TRUE_ACTION_QUALITY"", ""PROGRESSION_PROXY_ONLY"", ""PRESSING_UNAVAILABLE""]",API_FOOTBALL_FIXTURES_PLAYERS,true,false,false,false,false
14703,758,Sogndal,2017-04-05T17:00:00+00:00,2026-09-26T08:36:03Z,94948,Eirik Bergum Skaasheim,M,90.0,4.94,HIGH,85.7,6.5,PBK_PLAYER_GRADE_V1,"{""attack"": 5.0, ""creation"": 5.45, ""defending"": 2.88, ""discipline"": 5.72, ""possession"": 4.83, ""pressing"": null, ""progression"": 5.46}","[""AGGREGATE_SOURCE_NO_TRUE_ACTION_QUALITY"", ""PROGRESSION_PROXY_ONLY"", ""PRESSING_UNAVAILABLE""]",API_FOOTBALL_FIXTURES_PLAYERS,true,false,false,false,false
14704,326,Valerenga,2017-04-03T17:00:00+00:00,2026-09-26T08:36:03Z,15297,Ghayas Zahid,M,89.0,6.19,HIGH,85.7,6.8,PBK_PLAYER_GRADE_V1,"{""attack"": 5.0, ""creation"": 6.94, ""defending"": 3.61, ""discipline"": 6.0, ""possession"": 7.79, ""pressing"": null, ""progression"": 6.34}","[""AGGREGATE_SOURCE_NO_TRUE_ACTION_QUALITY"", ""PROGRESSION_PROXY_ONLY"", ""PRESSING_UNAVAILABLE""]",API_FOOTBALL_FIXTURES_PLAYERS,true,false,false,false,false
14704,326,Valerenga,2017-04-03T17:00:00+00:00,2026-09-26T08:36:03Z,15441,Abdisalam Ibrahim,M,90.0,5.93,HIGH,85.7,7.6,PBK_PLAYER_GRADE_V1,"{""attack"": 5.0, ""creation"": 5.12, ""defending"": 8.67, ""discipline"": 5.16, ""possession"": 5.22, ""pressing"": null, ""progression"": 6.47}","[""AGGREGATE_SOURCE_NO_TRUE_ACTION_QUALITY"", ""PROGRESSION_PROXY_ONLY"", ""PRESSING_UNAVAILABLE""]",API_FOOTBALL_FIXTURES_PLAYERS,true,false,false,false,false
14704,326,Valerenga,2017-04-03T17:00:00+00:00,2026-09-26T08:36:03Z,39110,Markus Nakkim,D,90.0,5.57,HIGH,85.7,6.9,PBK_PLAYER_GRADE_V1,"{""attack"": 5.0, ""creation"": 5.0, ""defending"": 5.0, ""discipline"": 6.0, ""possession"": 6.36, ""pressing"": null, ""progression"": 6.44}","[""AGGREGATE_SOURCE_NO_TRUE_ACTION_QUALITY"", ""PROGRESSION_PROXY_ONLY"", ""PRESSING_UNAVAILABLE""]",API_FOOTBALL_FIXTURES_PLAYERS,true,false,false,false,false
14704,326,Valerenga,2017-04-03T17:00:00+00:00,2026-09-26T08:36:03Z,39111,Ivan Nasberg,D,90.0,4.13,HIGH,85.7,7.4,PBK_PLAYER_GRADE_V1,"{""attack"": 5.0, ""creation"": 6.7, ""defending"": 2.22, ""discipline"": 5.16, ""possession"": 4.87, ""pressing"": null, ""progression"": 5.98}","[""AGGREGATE_SOURCE_NO_TRUE_ACTION_QUALITY"", ""PROGRESSION_PROXY_ONLY"", ""PRESSING_UNAVAILABLE""]",API_FOOTBALL_FIXTURES_PLAYERS,true,false,false,false,false
14704,326,Valerenga,2017-04-03T17:00:00+00:00,2026-09-26T08:36:03Z,39113,Jonatan Nation,D,90.0,6.44,HIGH,85.7,7.1,PBK_PLAYER_GRADE_V1,"{""attack"": 5.0, ""creation"": 5.0, ""defending"": 7.46, ""discipline"": 5.72, ""possession"": 5.5, ""pressing"": null, ""progression"": 6.4}","[""AGGREGATE_SOURCE_NO_TRUE_ACTION_QUALITY"", ""PROGRESSION_PROXY_ONLY"", ""PRESSING_UNAVAILABLE""]",API_FOOTBALL_FIXTURES_PLAYERS,true,false,false,false,false
14704,326,Valerenga,2017-04-03T17:00:00+00:00,2026-09-26T08:36:03Z,39122,Bard Finne,M,77.0,5.57,HIGH,85.7,7.2,PBK_PLAYER_GRADE_V1,"{""attack"": 8.27, ""creation"": 5.14, ""defending"": 4.06, ""discipline"": 5.67, ""possession"": 4.77, ""pressing"": null, ""progression"": 6.03}","[""AGGREGATE_SOURCE_NO_TRUE_ACTION_QUALITY"", ""PROGRESSION_PROXY_ONLY"", ""PRESSING_UNAVAILABLE""]",API_FOOTBALL_FIXTURES_PLAYERS,true,false,false,false,false
14704,326,Valerenga,2017-04-03T17:00:00+00:00,2026-09-26T08:36:03Z,39276,Marcus Sandberg,G,90.0,6.19,HIGH,85.7,7.7,PBK_PLAYER_GRADE_V1,"{""attack"": 5.0, ""creation"": 5.0, ""defending"": 9.17, ""discipline"": 6.0, ""possession"": 0.0, ""pressing"": null, ""progression"": 5.46}","[""AGGREGATE_SOURCE_NO_TRUE_ACTION_QUALITY"", ""PROGRESSION_PROXY_ONLY"", ""PRESSING_UNAVAILABLE""]",API_FOOTBALL_FIXTURES_PLAYERS,true,false,false,false,false
14704,326,Valerenga,2017-04-03T17:00:00+00:00,2026-09-26T08:36:03Z,39337,Muhammed Keita,M,24.0,6.86,LOW,85.7,6.9,PBK_PLAYER_GRADE_V1,"{""attack"": 7.06, ""creation"": 5.0, ""defending"": 6.42, ""discipline"": 6.0, ""possession"": 9.31, ""pressing"": null, ""progression"": 6.84}","[""AGGREGATE_SOURCE_NO_TRUE_ACTION_QUALITY"", ""PROGRESSION_PROXY_ONLY"", ""PRESSING_UNAVAILABLE""]",API_FOOTBALL_FIXTURES_PLAYERS,true,false,false,false,false
14704,326,Valerenga,2017-04-03T17:00:00+00:00,2026-09-26T08:36:03Z,39340,Herman Stengel,M,90.0,6.13,HIGH,85.7,7.4,PBK_PLAYER_GRADE_V1,"{""attack"": 5.0, ""creation"": 6.35, ""defending"": 5.38, ""discipline"": 5.72, ""possession"": 7.09, ""pressing"": null, ""progression"": 6.29}","[""AGGREGATE_SOURCE_NO_TRUE_ACTION_QUALITY"", ""PROGRESSION_PROXY_ONLY"", ""PRESSING_UNAVAILABLE""]",API_FOOTBALL_FIXTURES_PLAYERS,true,false,false,false,false
14704,326,Valerenga,2017-04-03T17:00:00+00:00,2026-09-26T08:36:03Z,39367,Daniel Berntsen,F,13.0,5.85,LOW,85.7,6.7,PBK_PLAYER_GRADE_V1,"{""attack"": 5.0, ""creation"": 6.66, ""defending"": 9.17, ""discipline"": 6.0, ""possession"": 5.2, ""pressing"": null, ""progression"": 6.21}","[""AGGREGATE_SOURCE_NO_TRUE_ACTION_QUALITY"", ""PROGRESSION_PROXY_ONLY"", ""PRESSING_UNAVAILABLE""]",API_FOOTBALL_FIXTURES_PLAYERS,true,false,false,false,false
14704,326,Valerenga,2017-04-03T17:00:00+00:00,2026-09-26T08:36:03Z,48141,Robert Lundstrom,D,90.0,5.86,HIGH,85.7,7.4,PBK_PLAYER_GRADE_V1,"{""attack"": 5.25, ""creation"": 5.0, ""defending"": 6.42, ""discipline"": 5.72, ""possession"": 4.72, ""pressing"": null, ""progression"": 6.2}","[""AGGREGATE_SOURCE_NO_TRUE_ACTION_QUALITY"", ""PROGRESSION_PROXY_ONLY"", ""PRESSING_UNAVAILABLE""]",API_FOOTBALL_FIXTURES_PLAYERS,true,false,false,false,false
14704,326,Valerenga,2017-04-03T17:00:00+00:00,2026-09-26T08:36:03Z,8448,Simen Juklerød,D,66.0,4.11,HIGH,85.7,6.0,PBK_PLAYER_GRADE_V1,"{""attack"": 5.34, ""creation"": 5.0, ""defending"": 2.5, ""discipline"": 5.62, ""possession"": 4.67, ""pressing"": null, ""progression"": 5.72}","[""AGGREGATE_SOURCE_NO_TRUE_ACTION_QUALITY"", ""PROGRESSION_PROXY_ONLY"", ""PRESSING_UNAVAILABLE""]",API_FOOTBALL_FIXTURES_PLAYERS,true,false,false,false,false
14704,326,Valerenga,2017-04-03T17:00:00+00:00,2026-09-26T08:36:03Z,99181,Enar Jääger,D,1.0,5.01,LOW,85.7,–,PBK_PLAYER_GRADE_V1,"{""attack"": 5.0, ""creation"": 5.0, ""defending"": 0.83, ""discipline"": 6.0, ""possession"": 10.0, ""pressing"": null, ""progression"": 10.0}","[""AGGREGATE_SOURCE_NO_TRUE_ACTION_QUALITY"", ""PROGRESSION_PROXY_ONLY"", ""PRESSING_UNAVAILABLE""]",API_FOOTBALL_FIXTURES_PLAYERS,true,false,false,false,false
14704,326,Valerenga,2017-04-03T17:00:00+00:00,2026-09-26T08:36:03Z,99991,Mohammed Abdellaoue,F,90.0,4.83,HIGH,85.7,6.6,PBK_PLAYER_GRADE_V1,"{""attack"": 5.0, ""creation"": 5.45, ""defending"": 2.88, ""discipline"": 5.44, ""possession"": 2.73, ""pressing"": null, ""progression"": 5.32}","[""AGGREGATE_SOURCE_NO_TRUE_ACTION_QUALITY"", ""PROGRESSION_PROXY_ONLY"", ""PRESSING_UNAVAILABLE""]",API_FOOTBALL_FIXTURES_PLAYERS,true,false,false,false,false
14704,759,Viking,2017-04-03T17:00:00+00:00,2026-09-26T08:36:03Z,100009,Patrick Pedersen,F,23.0,4.49,LOW,85.7,6.2,PBK_PLAYER_GRADE_V1,"{""attack"": 5.0, ""creation"": 5.0, ""defending"": 0.83, ""discipline"": 6.0, ""possession"": 1.03, ""pressing"": null, ""progression"": 5.27}","[""AGGREGATE_SOURCE_NO_TRUE_ACTION_QUALITY"", ""PROGRESSION_PROXY_ONLY"", ""PRESSING_UNAVAILABLE""]",API_FOOTBALL_FIXTURES_PLAYERS,true,false,false,false,false
14704,759,Viking,2017-04-03T17:00:00+00:00,2026-09-26T08:36:03Z,20375,Kwesi Appiah,F,67.0,5.11,HIGH,85.7,6.5,PBK_PLAYER_GRADE_V1,"{""attack"": 5.0, ""creation"": 5.48, ""defending"": 4.4, ""discipline"": 6.0, ""possession"": 3.84, ""pressing"": null, ""progression"": 5.47}","[""AGGREGATE_SOURCE_NO_TRUE_ACTION_QUALITY"", ""PROGRESSION_PROXY_ONLY"", ""PRESSING_UNAVAILABLE""]",API_FOOTBALL_FIXTURES_PLAYERS,true,false,false,false,false
14704,759,Viking,2017-04-03T17:00:00+00:00,2026-09-26T08:36:03Z,24845,Julian Ryerson,M,90.0,4.39,HIGH,85.7,6.8,PBK_PLAYER_GRADE_V1,"{""attack"": 5.55, ""creation"": 5.57, ""defending"": 5.16, ""discipline"": 6.0, ""possession"": 0.32, ""pressing"": null, ""progression"": 5.21}","[""AGGREGATE_SOURCE_NO_TRUE_ACTION_QUALITY"", ""PROGRESSION_PROXY_ONLY"", ""PRESSING_UNAVAILABLE""]",API_FOOTBALL_FIXTURES_PLAYERS,true,false,false,false,false
14704,759,Viking,2017-04-03T17:00:00+00:00,2026-09-26T08:36:03Z,39040,Kristoffer Haugen,D,90.0,5.76,HIGH,85.7,7.1,PBK_PLAYER_GRADE_V1,"{""attack"": 5.55, ""creation"": 5.0, ""defending"": 6.14, ""discipline"": 5.72, ""possession"": 5.01, ""pressing"": null, ""progression"": 5.95}","[""AGGREGATE_SOURCE_NO_TRUE_ACTION_QUALITY"", ""PROGRESSION_PROXY_ONLY"", ""PRESSING_UNAVAILABLE""]",API_FOOTBALL_FIXTURES_PLAYERS,true,false,false,false,false
14704,759,Viking,2017-04-03T17:00:00+00:00,2026-09-26T08:36:03Z,39126,Iven Austbø,G,90.0,4.71,HIGH,85.7,6.8,PBK_PLAYER_GRADE_V1,"{""attack"": 5.0, ""creation"": 5.0, ""defending"": 5.0, ""discipline"": 6.0, ""possession"": 2.04, ""pressing"": null, ""progression"": 5.53}","[""AGGREGATE_SOURCE_NO_TRUE_ACTION_QUALITY"", ""PROGRESSION_PROXY_ONLY"", ""PRESSING_UNAVAILABLE""]",API_FOOTBALL_FIXTURES_PLAYERS,true,false,false,false,false
14704,759,Viking,2017-04-03T17:00:00+00:00,2026-09-26T08:36:03Z,39131,Andrè Danielsen,M,90.0,6.08,HIGH,85.7,7.2,PBK_PLAYER_GRADE_V1,"{""attack"": 5.0, ""creation"": 5.69, ""defending"": 9.55, ""discipline"": 6.0, ""possession"": 4.8, ""pressing"": null, ""progression"": 6.12}","[""AGGREGATE_SOURCE_NO_TRUE_ACTION_QUALITY"", ""PROGRESSION_PROXY_ONLY"", ""PRESSING_UNAVAILABLE""]",API_FOOTBALL_FIXTURES_PLAYERS,true,false,false,false,false
14704,759,Viking,2017-04-03T17:00:00+00:00,2026-09-26T08:36:03Z,39137,Zymer Bytyqi,M,67.0,5.43,HIGH,85.7,7.1,PBK_PLAYER_GRADE_V1,"{""attack"": 6.34, ""creation"": 5.6, ""defending"": 7.31, ""discipline"": 6.0, ""possession"": 2.0, ""pressing"": null, ""progression"": 6.44}","[""AGGREGATE_SOURCE_NO_TRUE_ACTION_QUALITY"", ""PROGRESSION_PROXY_ONLY"", ""PRESSING_UNAVAILABLE""]",API_FOOTBALL_FIXTURES_PLAYERS,true,false,false,false,false
14704,759,Viking,2017-04-03T17:00:00+00:00,2026-09-26T08:36:03Z,48142,Karol Mets,D,90.0,5.95,HIGH,85.7,6.7,PBK_PLAYER_GRADE_V1,"{""attack"": 5.0, ""creation"": 5.12, ""defending"": 5.83, ""discipline"": 5.72, ""possession"": 6.99, ""pressing"": null, ""progression"": 6.16}","[""AGGREGATE_SOURCE_NO_TRUE_ACTION_QUALITY"", ""PROGRESSION_PROXY_ONLY"", ""PRESSING_UNAVAILABLE""]",API_FOOTBALL_FIXTURES_PLAYERS,true,false,false,false,false
14704,759,Viking,2017-04-03T17:00:00+00:00,2026-09-26T08:36:03Z,57261,Mathias Bringaker,F,4.0,5.6,LOW,85.7,6.5,PBK_PLAYER_GRADE_V1,"{""attack"": 5.0, ""creation"": 5.0, ""defending"": 5.0, ""discipline"": 6.0, ""possession"": 6.69, ""pressing"": null, ""progression"": 7.36}","[""AGGREGATE_SOURCE_NO_TRUE_ACTION_QUALITY"", ""PROGRESSION_PROXY_ONLY"", ""PRESSING_UNAVAILABLE""]",API_FOOTBALL_FIXTURES_PLAYERS,true,false,false,false,false
14704,759,Viking,2017-04-03T17:00:00+00:00,2026-09-26T08:36:03Z,57440,Steffen Ernemann,M,90.0,5.85,HIGH,85.7,8.5,PBK_PLAYER_GRADE_V1,"{""attack"": 5.25, ""creation"": 7.94, ""defending"": 8.22, ""discipline"": 5.16, ""possession"": 2.51, ""pressing"": null, ""progression"": 6.12}","[""AGGREGATE_SOURCE_NO_TRUE_ACTION_QUALITY"", ""PROGRESSION_PROXY_ONLY"", ""PRESSING_UNAVAILABLE""]",API_FOOTBALL_FIXTURES_PLAYERS,true,false,false,false,false
14704,759,Viking,2017-04-03T17:00:00+00:00,2026-09-26T08:36:03Z,57457,Michael Ledger,D,90.0,6.94,HIGH,85.7,7.5,PBK_PLAYER_GRADE_V1,"{""attack"": 5.55, ""creation"": 5.0, ""defending"": 10.0, ""discipline"": 6.0, ""possession"": 2.28, ""pressing"": null, ""progression"": 5.63}","[""AGGREGATE_SOURCE_NO_TRUE_ACTION_QUALITY"", ""PROGRESSION_PROXY_ONLY"", ""PRESSING_UNAVAILABLE""]",API_FOOTBALL_FIXTURES_PLAYERS,true,false,false,false,false
14704,759,Viking,2017-04-03T17:00:00+00:00,2026-09-26T08:36:03Z,94570,Claes Kronberg,D,90.0,6.13,HIGH,85.7,6.7,PBK_PLAYER_GRADE_V1,"{""attack"": 5.5, ""creation"": 5.69, ""defending"": 6.8, ""discipline"": 6.0, ""possession"": 4.88, ""pressing"": null, ""progression"": 6.13}","[""AGGREGATE_SOURCE_NO_TRUE_ACTION_QUALITY"", ""PROGRESSION_PROXY_ONLY"", ""PRESSING_UNAVAILABLE""]",API_FOOTBALL_FIXTURES_PLAYERS,true,false,false,false,false
14704,759,Viking,2017-04-03T17:00:00+00:00,2026-09-26T08:36:03Z,94917,Robin Shroot,M,23.0,5.64,LOW,85.7,6.5,PBK_PLAYER_GRADE_V1,"{""attack"": 5.0, ""creation"": 5.0, ""defending"": 0.83, ""discipline"": 4.9, ""possession"": 9.85, ""pressing"": null, ""progression"": 5.96}","[""AGGREGATE_SOURCE_NO_TRUE_ACTION_QUALITY"", ""PROGRESSION_PROXY_ONLY"", ""PRESSING_UNAVAILABLE""]",API_FOOTBALL_FIXTURES_PLAYERS,true,false,false,false,false
14704,759,Viking,2017-04-03T17:00:00+00:00,2026-09-26T08:36:03Z,99590,Michael Haukas,M,86.0,5.58,HIGH,85.7,6.6,PBK_PLAYER_GRADE_V1,"{""attack"": 5.84, ""creation"": 5.25, ""defending"": 5.86, ""discipline"": 6.0, ""possession"": 5.11, ""pressing"": null, ""progression"": 5.81}","[""AGGREGATE_SOURCE_NO_TRUE_ACTION_QUALITY"", ""PROGRESSION_PROXY_ONLY"", ""PRESSING_UNAVAILABLE""]",API_FOOTBALL_FIXTURES_PLAYERS,true,false,false,false,false
14705,330,ODD Ballklubb,2017-04-02T18:00:00+00:00,2026-09-26T08:36:03Z,36852,Rafik Zekhnini,F,62.0,4.92,MEDIUM,85.7,6.4,PBK_PLAYER_GRADE_V1,"{""attack"": 5.8, ""creation"": 5.35, ""defending"": 5.0, ""discipline"": 6.0, ""possession"": 0.0, ""pressing"": null, ""progression"": 5.1}","[""AGGREGATE_SOURCE_NO_TRUE_ACTION_QUALITY"", ""PROGRESSION_PROXY_ONLY"", ""PRESSING_UNAVAILABLE""]",API_FOOTBALL_FIXTURES_PLAYERS,true,false,false,false,false
14705,330,ODD Ballklubb,2017-04-02T18:00:00+00:00,2026-09-26T08:36:03Z,39081,Sondre Rossbach,G,90.0,4.59,HIGH,85.7,6.3,PBK_PLAYER_GRADE_V1,"{""attack"": 5.0, ""creation"": 5.0, ""defending"": 5.0, ""discipline"": 6.0, ""possession"": 1.49, ""pressing"": null, ""progression"": 5.46}","[""AGGREGATE_SOURCE_NO_TRUE_ACTION_QUALITY"", ""PROGRESSION_PROXY_ONLY"", ""PRESSING_UNAVAILABLE""]",API_FOOTBALL_FIXTURES_PLAYERS,true,false,false,false,false
14705,330,ODD Ballklubb,2017-04-02T18:00:00+00:00,2026-09-26T08:36:03Z,39084,Steffen Hagen,D,90.0,5.98,HIGH,85.7,7.0,PBK_PLAYER_GRADE_V1,"{""attack"": 5.0, ""creation"": 5.69, ""defending"": 5.76, ""discipline"": 6.0, ""possession"": 6.88, ""pressing"": null, ""progression"": 6.22}","[""AGGREGATE_SOURCE_NO_TRUE_ACTION_QUALITY"", ""PROGRESSION_PROXY_ONLY"", ""PRESSING_UNAVAILABLE""]",API_FOOTBALL_FIXTURES_PLAYERS,true,false,false,false,false
14705,330,ODD Ballklubb,2017-04-02T18:00:00+00:00,2026-09-26T08:36:03Z,39086,Espen Ruud,D,90.0,6.29,HIGH,85.7,6.6,PBK_PLAYER_GRADE_V1,"{""attack"": 5.0, ""creation"": 5.81, ""defending"": 6.8, ""discipline"": 5.72, ""possession"": 6.18, ""pressing"": null, ""progression"": 6.19}","[""AGGREGATE_SOURCE_NO_TRUE_ACTION_QUALITY"", ""PROGRESSION_PROXY_ONLY"", ""PRESSING_UNAVAILABLE""]",API_FOOTBALL_FIXTURES_PLAYERS,true,false,false,false,false
14705,330,ODD Ballklubb,2017-04-02T18:00:00+00:00,2026-09-26T08:36:03Z,39087,Fredrik Berge,D,90.0,3.45,HIGH,85.7,6.1,PBK_PLAYER_GRADE_V1,"{""attack"": 5.0, ""creation"": 5.0, ""defending"": 0.83, ""discipline"": 6.0, ""possession"": 4.44, ""pressing"": null, ""progression"": 6.08}","[""AGGREGATE_SOURCE_NO_TRUE_ACTION_QUALITY"", ""PROGRESSION_PROXY_ONLY"", ""PRESSING_UNAVAILABLE""]",API_FOOTBALL_FIXTURES_PLAYERS,true,false,false,false,false
14705,330,ODD Ballklubb,2017-04-02T18:00:00+00:00,2026-09-26T08:36:03Z,39093,Fredrik Nordkvelle,M,90.0,5.25,HIGH,85.7,6.1,PBK_PLAYER_GRADE_V1,"{""attack"": 5.0, ""creation"": 5.24, ""defending"": 5.44, ""discipline"": 5.44, ""possession"": 4.58, ""pressing"": null, ""progression"": 5.8}","[""AGGREGATE_SOURCE_NO_TRUE_ACTION_QUALITY"", ""PROGRESSION_PROXY_ONLY"", ""PRESSING_UNAVAILABLE""]",API_FOOTBALL_FIXTURES_PLAYERS,true,false,false,false,false
14705,330,ODD Ballklubb,2017-04-02T18:00:00+00:00,2026-09-26T08:36:03Z,39200,Olivier Occean,F,90.0,5.19,HIGH,85.7,6.7,PBK_PLAYER_GRADE_V1,"{""attack"": 5.0, ""creation"": 5.69, ""defending"": 5.46, ""discipline"": 5.72, ""possession"": 4.11, ""pressing"": null, ""progression"": 5.38}","[""AGGREGATE_SOURCE_NO_TRUE_ACTION_QUALITY"", ""PROGRESSION_PROXY_ONLY"", ""PRESSING_UNAVAILABLE""]",API_FOOTBALL_FIXTURES_PLAYERS,true,false,false,false,false
14705,330,ODD Ballklubb,2017-04-02T18:00:00+00:00,2026-09-26T08:36:03Z,39207,Thomas Grogaard,D,90.0,6.24,HIGH,85.7,6.5,PBK_PLAYER_GRADE_V1,"{""attack"": 5.0, ""creation"": 5.0, ""defending"": 6.83, ""discipline"": 6.0, ""possession"": 6.22, ""pressing"": null, ""progression"": 6.02}","[""AGGREGATE_SOURCE_NO_TRUE_ACTION_QUALITY"", ""PROGRESSION_PROXY_ONLY"", ""PRESSING_UNAVAILABLE""]",API_FOOTBALL_FIXTURES_PLAYERS,true,false,false,false,false
14705,330,ODD Ballklubb,2017-04-02T18:00:00+00:00,2026-09-26T08:36:03Z,39234,Joakim Vaage Nilsen,M,90.0,6.45,HIGH,85.7,6.4,PBK_PLAYER_GRADE_V1,"{""attack"": 5.25, ""creation"": 5.12, ""defending"": 4.35, ""discipline"": 6.0, ""possession"": 8.75, ""pressing"": null, ""progression"": 7.63}","[""AGGREGATE_SOURCE_NO_TRUE_ACTION_QUALITY"", ""PROGRESSION_PROXY_ONLY"", ""PRESSING_UNAVAILABLE""]",API_FOOTBALL_FIXTURES_PLAYERS,true,false,false,false,false
14705,330,ODD Ballklubb,2017-04-02T18:00:00+00:00,2026-09-26T08:36:03Z,48169,Oliver Berg,M,65.0,6.25,MEDIUM,85.7,6.7,PBK_PLAYER_GRADE_V1,"{""attack"": 5.35, ""creation"": 5.17, ""defending"": 10.0, ""discipline"": 6.0, ""possession"": 5.62, ""pressing"": null, ""progression"": 6.12}","[""AGGREGATE_SOURCE_NO_TRUE_ACTION_QUALITY"", ""PROGRESSION_PROXY_ONLY"", ""PRESSING_UNAVAILABLE""]",API_FOOTBALL_FIXTURES_PLAYERS,true,false,false,false,false
14705,330,ODD Ballklubb,2017-04-02T18:00:00+00:00,2026-09-26T08:36:03Z,48302,Martin Broberg,F,25.0,4.96,LOW,85.7,6.3,PBK_PLAYER_GRADE_V1,"{""attack"": 5.0, ""creation"": 5.86, ""defending"": 6.39, ""discipline"": 6.0, ""possession"": 1.1, ""pressing"": null, ""progression"": 5.38}","[""AGGREGATE_SOURCE_NO_TRUE_ACTION_QUALITY"", ""PROGRESSION_PROXY_ONLY"", ""PRESSING_UNAVAILABLE""]",API_FOOTBALL_FIXTURES_PLAYERS,true,false,false,false,false
14705,330,ODD Ballklubb,2017-04-02T18:00:00+00:00,2026-09-26T08:36:03Z,55407,Riku Riski,F,80.0,5.29,HIGH,85.7,6.3,PBK_PLAYER_GRADE_V1,"{""attack"": 5.0, ""creation"": 5.27, ""defending"": 4.81, ""discipline"": 6.0, ""possession"": 5.81, ""pressing"": null, ""progression"": 5.43}","[""AGGREGATE_SOURCE_NO_TRUE_ACTION_QUALITY"", ""PROGRESSION_PROXY_ONLY"", ""PRESSING_UNAVAILABLE""]",API_FOOTBALL_FIXTURES_PLAYERS,true,false,false,false,false
14705,330,ODD Ballklubb,2017-04-02T18:00:00+00:00,2026-09-26T08:36:03Z,57176,Stefan Mladenovic,F,10.0,5.63,LOW,85.7,6.4,PBK_PLAYER_GRADE_V1,"{""attack"": 5.0, ""creation"": 5.0, ""defending"": 5.0, ""discipline"": 6.0, ""possession"": 9.39, ""pressing"": null, ""progression"": 5.32}","[""AGGREGATE_SOURCE_NO_TRUE_ACTION_QUALITY"", ""PROGRESSION_PROXY_ONLY"", ""PRESSING_UNAVAILABLE""]",API_FOOTBALL_FIXTURES_PLAYERS,true,false,false,false,false
14705,330,ODD Ballklubb,2017-04-02T18:00:00+00:00,2026-09-26T08:36:03Z,99652,Pape Pate Diouf,F,28.0,5.21,LOW,85.7,6.2,PBK_PLAYER_GRADE_V1,"{""attack"": 5.0, ""creation"": 5.0, ""defending"": 2.05, ""discipline"": 3.3, ""possession"": 9.25, ""pressing"": null, ""progression"": 5.11}","[""AGGREGATE_SOURCE_NO_TRUE_ACTION_QUALITY"", ""PROGRESSION_PROXY_ONLY"", ""PRESSING_UNAVAILABLE""]",API_FOOTBALL_FIXTURES_PLAYERS,true,false,false,false,false
14705,331,Rosenborg,2017-04-02T18:00:00+00:00,2026-09-26T08:36:03Z,1168,André Hansen,G,90.0,4.96,HIGH,85.7,7.0,PBK_PLAYER_GRADE_V1,"{""attack"": 5.0, ""creation"": 5.0, ""defending"": 5.0, ""discipline"": 6.0, ""possession"": 3.22, ""pressing"": null, ""progression"": 5.77}","[""AGGREGATE_SOURCE_NO_TRUE_ACTION_QUALITY"", ""PROGRESSION_PROXY_ONLY"", ""PRESSING_UNAVAILABLE""]",API_FOOTBALL_FIXTURES_PLAYERS,true,false,false,false,false
14705,331,Rosenborg,2017-04-02T18:00:00+00:00,2026-09-26T08:36:03Z,1171,Vegar Eggen Hedenstad,D,90.0,6.84,HIGH,85.7,7.5,PBK_PLAYER_GRADE_V1,"{""attack"": 5.25, ""creation"": 5.12, ""defending"": 8.07, ""discipline"": 6.0, ""possession"": 6.46, ""pressing"": null, ""progression"": 6.05}","[""AGGREGATE_SOURCE_NO_TRUE_ACTION_QUALITY"", ""PROGRESSION_PROXY_ONLY"", ""PRESSING_UNAVAILABLE""]",API_FOOTBALL_FIXTURES_PLAYERS,true,false,false,false,false
14705,331,Rosenborg,2017-04-02T18:00:00+00:00,2026-09-26T08:36:03Z,1175,Tore Reginiussen,D,90.0,5.51,HIGH,85.7,7.0,PBK_PLAYER_GRADE_V1,"{""attack"": 5.0, ""creation"": 5.0, ""defending"": 5.1, ""discipline"": 5.44, ""possession"": 6.05, ""pressing"": null, ""progression"": 6.47}","[""AGGREGATE_SOURCE_NO_TRUE_ACTION_QUALITY"", ""PROGRESSION_PROXY_ONLY"", ""PRESSING_UNAVAILABLE""]",API_FOOTBALL_FIXTURES_PLAYERS,true,false,false,false,false
14705,331,Rosenborg,2017-04-02T18:00:00+00:00,2026-09-26T08:36:03Z,1181,Anders Konradsen,M,90.0,6.47,HIGH,85.7,7.3,PBK_PLAYER_GRADE_V1,"{""attack"": 5.5, ""creation"": 6.02, ""defending"": 7.5, ""discipline"": 5.72, ""possession"": 6.62, ""pressing"": null, ""progression"": 6.94}","[""AGGREGATE_SOURCE_NO_TRUE_ACTION_QUALITY"", ""PROGRESSION_PROXY_ONLY"", ""PRESSING_UNAVAILABLE""]",API_FOOTBALL_FIXTURES_PLAYERS,true,false,false,false,false
14705,331,Rosenborg,2017-04-02T18:00:00+00:00,2026-09-26T08:36:03Z,1182,Mike Jensen,M,90.0,6.01,HIGH,85.7,7.0,PBK_PLAYER_GRADE_V1,"{""attack"": 5.5, ""creation"": 6.94, ""defending"": 4.68, ""discipline"": 5.44, ""possession"": 5.97, ""pressing"": null, ""progression"": 6.48}","[""AGGREGATE_SOURCE_NO_TRUE_ACTION_QUALITY"", ""PROGRESSION_PROXY_ONLY"", ""PRESSING_UNAVAILABLE""]",API_FOOTBALL_FIXTURES_PLAYERS,true,false,false,false,false
14705,331,Rosenborg,2017-04-02T18:00:00+00:00,2026-09-26T08:36:03Z,1187,Nicklas Bendtner,F,90.0,6.01,HIGH,85.7,7.6,PBK_PLAYER_GRADE_V1,"{""attack"": 6.75, ""creation"": 5.9, ""defending"": 6.39, ""discipline"": 5.44, ""possession"": 4.24, ""pressing"": null, ""progression"": 5.8}","[""AGGREGATE_SOURCE_NO_TRUE_ACTION_QUALITY"", ""PROGRESSION_PROXY_ONLY"", ""PRESSING_UNAVAILABLE""]",API_FOOTBALL_FIXTURES_PLAYERS,true,false,false,false,false
14705,331,Rosenborg,2017-04-02T18:00:00+00:00,2026-09-26T08:36:03Z,1191,Pål André Helland,F,72.0,5.87,HIGH,85.7,7.2,PBK_PLAYER_GRADE_V1,"{""attack"": 5.31, ""creation"": 7.12, ""defending"": 6.39, ""discipline"": 5.65, ""possession"": 5.48, ""pressing"": null, ""progression"": 5.66}","[""AGGREGATE_SOURCE_NO_TRUE_ACTION_QUALITY"", ""PROGRESSION_PROXY_ONLY"", ""PRESSING_UNAVAILABLE""]",API_FOOTBALL_FIXTURES_PLAYERS,true,false,false,false,false
14705,331,Rosenborg,2017-04-02T18:00:00+00:00,2026-09-26T08:36:03Z,2743,Alex Gersbach,D,45.0,2.8,MEDIUM,85.7,6.4,PBK_PLAYER_GRADE_V1,"{""attack"": 5.0, ""creation"": 5.0, ""defending"": 1.59, ""discipline"": 3.44, ""possession"": 0.52, ""pressing"": null, ""progression"": 5.49}","[""AGGREGATE_SOURCE_NO_TRUE_ACTION_QUALITY"", ""PROGRESSION_PROXY_ONLY"", ""PRESSING_UNAVAILABLE""]",API_FOOTBALL_FIXTURES_PLAYERS,true,false,false,false,false
14705,331,Rosenborg,2017-04-02T18:00:00+00:00,2026-09-26T08:36:03Z,354,Milan Jevtović,M,76.0,5.59,HIGH,85.7,7.2,PBK_PLAYER_GRADE_V1,"{""attack"": 7.37, ""creation"": 5.53, ""defending"": 3.12, ""discipline"": 5.34, ""possession"": 6.19, ""pressing"": null, ""progression"": 5.71}","[""AGGREGATE_SOURCE_NO_TRUE_ACTION_QUALITY"", ""PROGRESSION_PROXY_ONLY"", ""PRESSING_UNAVAILABLE""]",API_FOOTBALL_FIXTURES_PLAYERS,true,false,false,false,false
14705,331,Rosenborg,2017-04-02T18:00:00+00:00,2026-09-26T08:36:03Z,36901,Fredrik Midtsjø,M,90.0,5.53,HIGH,85.7,6.8,PBK_PLAYER_GRADE_V1,"{""attack"": 5.0, ""creation"": 5.24, ""defending"": 5.76, ""discipline"": 5.16, ""possession"": 5.67, ""pressing"": null, ""progression"": 5.95}","[""AGGREGATE_SOURCE_NO_TRUE_ACTION_QUALITY"", ""PROGRESSION_PROXY_ONLY"", ""PRESSING_UNAVAILABLE""]",API_FOOTBALL_FIXTURES_PLAYERS,true,false,false,false,false
14705,331,Rosenborg,2017-04-02T18:00:00+00:00,2026-09-26T08:36:03Z,39095,Elbasan Rashani,F,18.0,4.87,LOW,85.7,6.6,PBK_PLAYER_GRADE_V1,"{""attack"": 5.0, ""creation"": 5.6, ""defending"": 9.17, ""discipline"": 6.0, ""possession"": 0.0, ""pressing"": null, ""progression"": 5.17}","[""AGGREGATE_SOURCE_NO_TRUE_ACTION_QUALITY"", ""PROGRESSION_PROXY_ONLY"", ""PRESSING_UNAVAILABLE""]",API_FOOTBALL_FIXTURES_PLAYERS,true,false,false,false,false
14705,331,Rosenborg,2017-04-02T18:00:00+00:00,2026-09-26T08:36:03Z,39109,Johan Bjørdal,D,45.0,4.14,MEDIUM,85.7,6.7,PBK_PLAYER_GRADE_V1,"{""attack"": 5.0, ""creation"": 5.0, ""defending"": 0.83, ""discipline"": 4.88, ""possession"": 8.38, ""pressing"": null, ""progression"": 7.17}","[""AGGREGATE_SOURCE_NO_TRUE_ACTION_QUALITY"", ""PROGRESSION_PROXY_ONLY"", ""PRESSING_UNAVAILABLE""]",API_FOOTBALL_FIXTURES_PLAYERS,true,false,false,false,false
14705,331,Rosenborg,2017-04-02T18:00:00+00:00,2026-09-26T08:36:03Z,39366,Mushaga Bakenga,F,14.0,7.75,LOW,85.7,7.0,PBK_PLAYER_GRADE_V1,"{""attack"": 10.0, ""creation"": 5.0, ""defending"": 5.0, ""discipline"": 6.0, ""possession"": 9.49, ""pressing"": null, ""progression"": 6.61}","[""AGGREGATE_SOURCE_NO_TRUE_ACTION_QUALITY"", ""PROGRESSION_PROXY_ONLY"", ""PRESSING_UNAVAILABLE""]",API_FOOTBALL_FIXTURES_PLAYERS,true,false,false,false,false
14705,331,Rosenborg,2017-04-02T18:00:00+00:00,2026-09-26T08:36:03Z,51056,Jørgen Skjelvik,D,90.0,6.38,HIGH,85.7,6.9,PBK_PLAYER_GRADE_V1,"{""attack"": 5.0, ""creation"": 5.0, ""defending"": 7.08, ""discipline"": 5.72, ""possession"": 6.26, ""pressing"": null, ""progression"": 6.29}","[""AGGREGATE_SOURCE_NO_TRUE_ACTION_QUALITY"", ""PROGRESSION_PROXY_ONLY"", ""PRESSING_UNAVAILABLE""]",API_FOOTBALL_FIXTURES_PLAYERS,true,false,false,false,false
14706,333,Sarpsborg 08 FF,2017-04-02T16:00:00+00:00,2026-09-26T08:36:03Z,1184,Anders Trondsen,M,90.0,6.19,HIGH,85.7,6.9,PBK_PLAYER_GRADE_V1,"{""attack"": 5.0, ""creation"": 6.02, ""defending"": 3.59, ""discipline"": 6.0, ""possession"": 8.76, ""pressing"": null, ""progression"": 6.29}","[""AGGREGATE_SOURCE_NO_TRUE_ACTION_QUALITY"", ""PROGRESSION_PROXY_ONLY"", ""PRESSING_UNAVAILABLE""]",API_FOOTBALL_FIXTURES_PLAYERS,true,false,false,false,false
14706,333,Sarpsborg 08 FF,2017-04-02T16:00:00+00:00,2026-09-26T08:36:03Z,15598,Patrick Mortensen,F,90.0,5.76,HIGH,85.7,7.4,PBK_PLAYER_GRADE_V1,"{""attack"": 5.0, ""creation"": 7.39, ""defending"": 5.6, ""discipline"": 6.0, ""possession"": 4.91, ""pressing"": null, ""progression"": 5.8}","[""AGGREGATE_SOURCE_NO_TRUE_ACTION_QUALITY"", ""PROGRESSION_PROXY_ONLY"", ""PRESSING_UNAVAILABLE""]",API_FOOTBALL_FIXTURES_PLAYERS,true,false,false,false,false
14706,333,Sarpsborg 08 FF,2017-04-02T16:00:00+00:00,2026-09-26T08:36:03Z,2015,Joachim Thomassen,D,90.0,7.25,HIGH,85.7,7.9,PBK_PLAYER_GRADE_V1,"{""attack"": 5.25, ""creation"": 6.02, ""defending"": 8.31, ""discipline"": 6.0, ""possession"": 6.64, ""pressing"": null, ""progression"": 7.25}","[""AGGREGATE_SOURCE_NO_TRUE_ACTION_QUALITY"", ""PROGRESSION_PROXY_ONLY"", ""PRESSING_UNAVAILABLE""]",API_FOOTBALL_FIXTURES_PLAYERS,true,false,false,false,false
14706,333,Sarpsborg 08 FF,2017-04-02T16:00:00+00:00,2026-09-26T08:36:03Z,2021,Ole Jørgen Halvorsen,M,83.0,6.46,HIGH,85.7,6.8,PBK_PLAYER_GRADE_V1,"{""attack"": 6.08, ""creation"": 5.26, ""defending"": 6.15, ""discipline"": 5.7, ""possession"": 7.53, ""pressing"": null, ""progression"": 7.22}","[""AGGREGATE_SOURCE_NO_TRUE_ACTION_QUALITY"", ""PROGRESSION_PROXY_ONLY"", ""PRESSING_UNAVAILABLE""]",API_FOOTBALL_FIXTURES_PLAYERS,true,false,false,false,false
14706,333,Sarpsborg 08 FF,2017-04-02T16:00:00+00:00,2026-09-26T08:36:03Z,2025,Matti Lund Nielsen,M,89.0,6.55,HIGH,85.7,7.0,PBK_PLAYER_GRADE_V1,"{""attack"": 5.81, ""creation"": 5.0, ""defending"": 7.88, ""discipline"": 6.0, ""possession"": 7.64, ""pressing"": null, ""progression"": 6.77}","[""AGGREGATE_SOURCE_NO_TRUE_ACTION_QUALITY"", ""PROGRESSION_PROXY_ONLY"", ""PRESSING_UNAVAILABLE""]",API_FOOTBALL_FIXTURES_PLAYERS,true,false,false,false,false
14706,333,Sarpsborg 08 FF,2017-04-02T16:00:00+00:00,2026-09-26T08:36:03Z,2027,Kristoffer Zachariassen,M,90.0,6.58,HIGH,85.7,7.5,PBK_PLAYER_GRADE_V1,"{""attack"": 7.75, ""creation"": 5.24, ""defending"": 7.46, ""discipline"": 6.0, ""possession"": 6.1, ""pressing"": null, ""progression"": 7.26}","[""AGGREGATE_SOURCE_NO_TRUE_ACTION_QUALITY"", ""PROGRESSION_PROXY_ONLY"", ""PRESSING_UNAVAILABLE""]",API_FOOTBALL_FIXTURES_PLAYERS,true,false,false,false,false
14706,333,Sarpsborg 08 FF,2017-04-02T16:00:00+00:00,2026-09-26T08:36:03Z,48285,Jonas Lindberg,F,78.0,6.85,HIGH,85.7,8.2,PBK_PLAYER_GRADE_V1,"{""attack"": 6.21, ""creation"": 8.82, ""defending"": 6.83, ""discipline"": 5.68, ""possession"": 6.45, ""pressing"": null, ""progression"": 6.51}","[""AGGREGATE_SOURCE_NO_TRUE_ACTION_QUALITY"", ""PROGRESSION_PROXY_ONLY"", ""PRESSING_UNAVAILABLE""]",API_FOOTBALL_FIXTURES_PLAYERS,true,false,false,false,false
14706,333,Sarpsborg 08 FF,2017-04-02T16:00:00+00:00,2026-09-26T08:36:03Z,57244,Joakim Jørgensen,D,90.0,6.05,HIGH,85.7,7.2,PBK_PLAYER_GRADE_V1,"{""attack"": 5.55, ""creation"": 5.12, ""defending"": 5.0, ""discipline"": 4.72, ""possession"": 9.4, ""pressing"": null, ""progression"": 6.96}","[""AGGREGATE_SOURCE_NO_TRUE_ACTION_QUALITY"", ""PROGRESSION_PROXY_ONLY"", ""PRESSING_UNAVAILABLE""]",API_FOOTBALL_FIXTURES_PLAYERS,true,false,false,false,false
14706,333,Sarpsborg 08 FF,2017-04-02T16:00:00+00:00,2026-09-26T08:36:03Z,69920,Erton Fejzullahu,F,12.0,5.32,LOW,85.7,6.6,PBK_PLAYER_GRADE_V1,"{""attack"": 5.0, ""creation"": 5.0, ""defending"": 6.81, ""discipline"": 3.9, ""possession"": 6.12, ""pressing"": null, ""progression"": 6.58}","[""AGGREGATE_SOURCE_NO_TRUE_ACTION_QUALITY"", ""PROGRESSION_PROXY_ONLY"", ""PRESSING_UNAVAILABLE""]",API_FOOTBALL_FIXTURES_PLAYERS,true,false,false,false,false
14706,333,Sarpsborg 08 FF,2017-04-02T16:00:00+00:00,2026-09-26T08:36:03Z,81,Krépin Diatta,F,7.0,4.8,LOW,85.7,6.2,PBK_PLAYER_GRADE_V1,"{""attack"": 5.0, ""creation"": 5.0, ""defending"": 0.83, ""discipline"": 2.4, ""possession"": 4.79, ""pressing"": null, ""progression"": 6.8}","[""AGGREGATE_SOURCE_NO_TRUE_ACTION_QUALITY"", ""PROGRESSION_PROXY_ONLY"", ""PRESSING_UNAVAILABLE""]",API_FOOTBALL_FIXTURES_PLAYERS,true,false,false,false,false
14706,333,Sarpsborg 08 FF,2017-04-02T16:00:00+00:00,2026-09-26T08:36:03Z,8477,Sigurd Rosted,D,90.0,7.75,HIGH,85.7,9.3,PBK_PLAYER_GRADE_V1,"{""attack"": 9.0, ""creation"": 5.81, ""defending"": 8.06, ""discipline"": 6.0, ""possession"": 8.72, ""pressing"": null, ""progression"": 7.53}","[""AGGREGATE_SOURCE_NO_TRUE_ACTION_QUALITY"", ""PROGRESSION_PROXY_ONLY"", ""PRESSING_UNAVAILABLE""]",API_FOOTBALL_FIXTURES_PLAYERS,true,false,false,false,false
14706,333,Sarpsborg 08 FF,2017-04-02T16:00:00+00:00,2026-09-26T08:36:03Z,8949,Anders Kristiansen,G,90.0,4.9,HIGH,85.7,7.0,PBK_PLAYER_GRADE_V1,"{""attack"": 5.0, ""creation"": 5.0, ""defending"": 5.0, ""discipline"": 6.0, ""possession"": 3.07, ""pressing"": null, ""progression"": 5.56}","[""AGGREGATE_SOURCE_NO_TRUE_ACTION_QUALITY"", ""PROGRESSION_PROXY_ONLY"", ""PRESSING_UNAVAILABLE""]",API_FOOTBALL_FIXTURES_PLAYERS,true,false,false,false,false
14706,333,Sarpsborg 08 FF,2017-04-02T16:00:00+00:00,2026-09-26T08:36:03Z,89781,Andreas Albech,D,90.0,6.33,HIGH,85.7,7.3,PBK_PLAYER_GRADE_V1,"{""attack"": 5.25, ""creation"": 5.12, ""defending"": 6.21, ""discipline"": 5.44, ""possession"": 7.58, ""pressing"": null, ""progression"": 6.93}","[""AGGREGATE_SOURCE_NO_TRUE_ACTION_QUALITY"", ""PROGRESSION_PROXY_ONLY"", ""PRESSING_UNAVAILABLE""]",API_FOOTBALL_FIXTURES_PLAYERS,true,false,false,false,false
14706,333,Sarpsborg 08 FF,2017-04-02T16:00:00+00:00,2026-09-26T08:36:03Z,99584,Tor Oyvind Hovda,M,1.0,4.52,LOW,71.4,–,PBK_PLAYER_GRADE_V1,"{""attack"": 5.0, ""creation"": 5.0, ""defending"": 9.17, ""discipline"": 6.0, ""possession"": 0.0, ""pressing"": null}","[""AGGREGATE_SOURCE_NO_TRUE_ACTION_QUALITY"", ""PROGRESSION_PROXY_ONLY"", ""PRESSING_UNAVAILABLE""]",API_FOOTBALL_FIXTURES_PLAYERS,true,false,false,false,false
14706,758,Sogndal,2017-04-02T16:00:00+00:00,2026-09-26T08:36:03Z,2017,Bjorn Utvik,D,90.0,4.48,HIGH,85.7,6.5,PBK_PLAYER_GRADE_V1,"{""attack"": 5.25, ""creation"": 5.12, ""defending"": 5.24, ""discipline"": 5.44, ""possession"": 0.0, ""pressing"": null, ""progression"": 5.5}","[""AGGREGATE_SOURCE_NO_TRUE_ACTION_QUALITY"", ""PROGRESSION_PROXY_ONLY"", ""PRESSING_UNAVAILABLE""]",API_FOOTBALL_FIXTURES_PLAYERS,true,false,false,false,false
14706,758,Sogndal,2017-04-02T16:00:00+00:00,2026-09-26T08:36:03Z,39157,Christophe Psyche,D,90.0,5.7,HIGH,85.7,6.8,PBK_PLAYER_GRADE_V1,"{""attack"": 5.0, ""creation"": 5.0, ""defending"": 6.39, ""discipline"": 6.0, ""possession"": 4.52, ""pressing"": null, ""progression"": 5.49}","[""AGGREGATE_SOURCE_NO_TRUE_ACTION_QUALITY"", ""PROGRESSION_PROXY_ONLY"", ""PRESSING_UNAVAILABLE""]",API_FOOTBALL_FIXTURES_PLAYERS,true,false,false,false,false
14706,758,Sogndal,2017-04-02T16:00:00+00:00,2026-09-26T08:36:03Z,39173,Bendik Bye,F,90.0,5.06,HIGH,85.7,5.9,PBK_PLAYER_GRADE_V1,"{""attack"": 5.0, ""creation"": 6.7, ""defending"": 2.25, ""discipline"": 5.44, ""possession"": 2.42, ""pressing"": null, ""progression"": 5.35}","[""AGGREGATE_SOURCE_NO_TRUE_ACTION_QUALITY"", ""PROGRESSION_PROXY_ONLY"", ""PRESSING_UNAVAILABLE""]",API_FOOTBALL_FIXTURES_PLAYERS,true,false,false,false,false
14706,758,Sogndal,2017-04-02T16:00:00+00:00,2026-09-26T08:36:03Z,39211,Taijo Teniste,D,90.0,5.59,HIGH,85.7,6.5,PBK_PLAYER_GRADE_V1,"{""attack"": 5.0, ""creation"": 5.0, ""defending"": 5.68, ""discipline"": 5.72, ""possession"": 5.67, ""pressing"": null, ""progression"": 5.7}","[""AGGREGATE_SOURCE_NO_TRUE_ACTION_QUALITY"", ""PROGRESSION_PROXY_ONLY"", ""PRESSING_UNAVAILABLE""]",API_FOOTBALL_FIXTURES_PLAYERS,true,false,false,false,false
14706,758,Sogndal,2017-04-02T16:00:00+00:00,2026-09-26T08:36:03Z,39223,Gilbert Koomson,F,90.0,5.3,HIGH,85.7,6.5,PBK_PLAYER_GRADE_V1,"{""attack"": 5.25, ""creation"": 6.47, ""defending"": 4.2, ""discipline"": 5.72, ""possession"": 2.62, ""pressing"": null, ""progression"": 5.81}","[""AGGREGATE_SOURCE_NO_TRUE_ACTION_QUALITY"", ""PROGRESSION_PROXY_ONLY"", ""PRESSING_UNAVAILABLE""]",API_FOOTBALL_FIXTURES_PLAYERS,true,false,false,false,false
14706,758,Sogndal,2017-04-02T16:00:00+00:00,2026-09-26T08:36:03Z,48225,Chidiebere Nwakali,M,73.0,5.42,HIGH,85.7,6.7,PBK_PLAYER_GRADE_V1,"{""attack"": 7.03, ""creation"": 5.0, ""defending"": 5.94, ""discipline"": 6.0, ""possession"": 4.49, ""pressing"": null, ""progression"": 5.22}","[""AGGREGATE_SOURCE_NO_TRUE_ACTION_QUALITY"", ""PROGRESSION_PROXY_ONLY"", ""PRESSING_UNAVAILABLE""]",API_FOOTBALL_FIXTURES_PLAYERS,true,false,false,false,false
14706,758,Sogndal,2017-04-02T16:00:00+00:00,2026-09-26T08:36:03Z,57429,Matias Dyngeland,G,90.0,6.17,HIGH,85.7,5.7,PBK_PLAYER_GRADE_V1,"{""attack"": 5.0, ""creation"": 5.0, ""defending"": 9.17, ""discipline"": 6.0, ""possession"": 0.0, ""pressing"": null, ""progression"": 5.35}","[""AGGREGATE_SOURCE_NO_TRUE_ACTION_QUALITY"", ""PROGRESSION_PROXY_ONLY"", ""PRESSING_UNAVAILABLE""]",API_FOOTBALL_FIXTURES_PLAYERS,true,false,false,false,false
14706,758,Sogndal,2017-04-02T16:00:00+00:00,2026-09-26T08:36:03Z,57439,Eirik Birkelund,M,90.0,4.3,HIGH,85.7,6.2,PBK_PLAYER_GRADE_V1,"{""attack"": 5.0, ""creation"": 5.12, ""defending"": 3.33, ""discipline"": 4.88, ""possession"": 1.93, ""pressing"": null, ""progression"": 5.59}","[""AGGREGATE_SOURCE_NO_TRUE_ACTION_QUALITY"", ""PROGRESSION_PROXY_ONLY"", ""PRESSING_UNAVAILABLE""]",API_FOOTBALL_FIXTURES_PLAYERS,true,false,false,false,false
14706,758,Sogndal,2017-04-02T16:00:00+00:00,2026-09-26T08:36:03Z,57444,Eirik Schulze,F,17.0,5.17,LOW,85.7,6.4,PBK_PLAYER_GRADE_V1,"{""attack"": 5.0, ""creation"": 5.0, ""defending"": 4.17, ""discipline"": 6.0, ""possession"": 5.4, ""pressing"": null, ""progression"": 5.56}","[""AGGREGATE_SOURCE_NO_TRUE_ACTION_QUALITY"", ""PROGRESSION_PROXY_ONLY"", ""PRESSING_UNAVAILABLE""]",API_FOOTBALL_FIXTURES_PLAYERS,true,false,false,false,false
14706,758,Sogndal,2017-04-02T16:00:00+00:00,2026-09-26T08:36:03Z,57450,Martin Ramsland,F,70.0,6.13,HIGH,85.7,7.4,PBK_PLAYER_GRADE_V1,"{""attack"": 7.25, ""creation"": 5.89, ""defending"": 3.44, ""discipline"": 4.56, ""possession"": 6.09, ""pressing"": null, ""progression"": 5.36}","[""AGGREGATE_SOURCE_NO_TRUE_ACTION_QUALITY"", ""PROGRESSION_PROXY_ONLY"", ""PRESSING_UNAVAILABLE""]",API_FOOTBALL_FIXTURES_PLAYERS,true,false,false,false,false
14706,758,Sogndal,2017-04-02T16:00:00+00:00,2026-09-26T08:36:03Z,57451,Ole Amund Sveen,M,20.0,6.43,LOW,85.7,6.4,PBK_PLAYER_GRADE_V1,"{""attack"": 7.25, ""creation"": 5.54, ""defending"": 6.11, ""discipline"": 6.0, ""possession"": 6.28, ""pressing"": null, ""progression"": 7.25}","[""AGGREGATE_SOURCE_NO_TRUE_ACTION_QUALITY"", ""PROGRESSION_PROXY_ONLY"", ""PRESSING_UNAVAILABLE""]",API_FOOTBALL_FIXTURES_PLAYERS,true,false,false,false,false
14706,758,Sogndal,2017-04-02T16:00:00+00:00,2026-09-26T08:36:03Z,57477,Victor Grodas,D,90.0,4.77,HIGH,85.7,6.3,PBK_PLAYER_GRADE_V1,"{""attack"": 5.0, ""creation"": 5.0, ""defending"": 3.99, ""discipline"": 5.72, ""possession"": 5.42, ""pressing"": null, ""progression"": 5.35}","[""AGGREGATE_SOURCE_NO_TRUE_ACTION_QUALITY"", ""PROGRESSION_PROXY_ONLY"", ""PRESSING_UNAVAILABLE""]",API_FOOTBALL_FIXTURES_PLAYERS,true,false,false,false,false
14706,758,Sogndal,2017-04-02T16:00:00+00:00,2026-09-26T08:36:03Z,94707,Henrik Furebotn,M,90.0,4.76,HIGH,85.7,6.5,PBK_PLAYER_GRADE_V1,"{""attack"": 5.0, ""creation"": 5.12, ""defending"": 4.37, ""discipline"": 5.72, ""possession"": 3.21, ""pressing"": null, ""progression"": 5.53}","[""AGGREGATE_SOURCE_NO_TRUE_ACTION_QUALITY"", ""PROGRESSION_PROXY_ONLY"", ""PRESSING_UNAVAILABLE""]",API_FOOTBALL_FIXTURES_PLAYERS,true,false,false,false,false
14707,323,Stabaek,2017-04-02T16:00:00+00:00,2026-09-26T08:36:03Z,15845,Mande Sayouba,G,90.0,6.16,HIGH,85.7,6.5,PBK_PLAYER_GRADE_V1,"{""attack"": 5.0, ""creation"": 5.0, ""defending"": 9.17, ""discipline"": 6.0, ""possession"": 0.0, ""pressing"": null, ""progression"": 5.25}","[""AGGREGATE_SOURCE_NO_TRUE_ACTION_QUALITY"", ""PROGRESSION_PROXY_ONLY"", ""PRESSING_UNAVAILABLE""]",API_FOOTBALL_FIXTURES_PLAYERS,true,false,false,false,false
14707,323,Stabaek,2017-04-02T16:00:00+00:00,2026-09-26T08:36:03Z,20664,El-Hadji Ba,M,90.0,6.89,HIGH,85.7,8.4,PBK_PLAYER_GRADE_V1,"{""attack"": 6.0, ""creation"": 6.59, ""defending"": 6.36, ""discipline"": 4.44, ""possession"": 8.14, ""pressing"": null, ""progression"": 7.79}","[""AGGREGATE_SOURCE_NO_TRUE_ACTION_QUALITY"", ""PROGRESSION_PROXY_ONLY"", ""PRESSING_UNAVAILABLE""]",API_FOOTBALL_FIXTURES_PLAYERS,true,false,false,false,false
14707,323,Stabaek,2017-04-02T16:00:00+00:00,2026-09-26T08:36:03Z,39054,Ohi Omoijuanfo,F,68.0,7.04,HIGH,85.7,8.3,PBK_PLAYER_GRADE_V1,"{""attack"": 10.0, ""creation"": 6.23, ""defending"": 2.92, ""discipline"": 4.68, ""possession"": 3.9, ""pressing"": null, ""progression"": 5.56}","[""AGGREGATE_SOURCE_NO_TRUE_ACTION_QUALITY"", ""PROGRESSION_PROXY_ONLY"", ""PRESSING_UNAVAILABLE""]",API_FOOTBALL_FIXTURES_PLAYERS,true,false,false,false,false
14707,323,Stabaek,2017-04-02T16:00:00+00:00,2026-09-26T08:36:03Z,39189,Tonny Brochmann,M,84.0,6.23,HIGH,85.7,6.8,PBK_PLAYER_GRADE_V1,"{""attack"": 6.12, ""creation"": 5.61, ""defending"": 6.06, ""discipline"": 5.4, ""possession"": 6.8, ""pressing"": null, ""progression"": 6.74}","[""AGGREGATE_SOURCE_NO_TRUE_ACTION_QUALITY"", ""PROGRESSION_PROXY_ONLY"", ""PRESSING_UNAVAILABLE""]",API_FOOTBALL_FIXTURES_PLAYERS,true,false,false,false,false
14707,323,Stabaek,2017-04-02T16:00:00+00:00,2026-09-26T08:36:03Z,39277,Jeppe Moe,D,90.0,5.11,HIGH,85.7,7.2,PBK_PLAYER_GRADE_V1,"{""attack"": 5.25, ""creation"": 6.82, ""defending"": 5.31, ""discipline"": 6.0, ""possession"": 2.19, ""pressing"": null, ""progression"": 5.92}","[""AGGREGATE_SOURCE_NO_TRUE_ACTION_QUALITY"", ""PROGRESSION_PROXY_ONLY"", ""PRESSING_UNAVAILABLE""]",API_FOOTBALL_FIXTURES_PLAYERS,true,false,false,false,false
14707,323,Stabaek,2017-04-02T16:00:00+00:00,2026-09-26T08:36:03Z,39279,Andreas Hanche-Olsen,D,90.0,5.55,HIGH,85.7,6.6,PBK_PLAYER_GRADE_V1,"{""attack"": 5.0, ""creation"": 5.12, ""defending"": 5.38, ""discipline"": 5.44, ""possession"": 6.03, ""pressing"": null, ""progression"": 5.98}","[""AGGREGATE_SOURCE_NO_TRUE_ACTION_QUALITY"", ""PROGRESSION_PROXY_ONLY"", ""PRESSING_UNAVAILABLE""]",API_FOOTBALL_FIXTURES_PLAYERS,true,false,false,false,false
14707,323,Stabaek,2017-04-02T16:00:00+00:00,2026-09-26T08:36:03Z,39289,Luc Kassi,M,30.0,4.66,LOW,85.7,6.1,PBK_PLAYER_GRADE_V1,"{""attack"": 6.65, ""creation"": 5.0, ""defending"": 0.83, ""discipline"": 6.0, ""possession"": 3.95, ""pressing"": null, ""progression"": 5.63}","[""AGGREGATE_SOURCE_NO_TRUE_ACTION_QUALITY"", ""PROGRESSION_PROXY_ONLY"", ""PRESSING_UNAVAILABLE""]",API_FOOTBALL_FIXTURES_PLAYERS,true,false,false,false,false
14707,323,Stabaek,2017-04-02T16:00:00+00:00,2026-09-26T08:36:03Z,39291,Hugo Vetlesen,M,90.0,6.07,HIGH,85.7,6.9,PBK_PLAYER_GRADE_V1,"{""attack"": 5.25, ""creation"": 5.81, ""defending"": 6.07, ""discipline"": 5.44, ""possession"": 6.5, ""pressing"": null, ""progression"": 6.58}","[""AGGREGATE_SOURCE_NO_TRUE_ACTION_QUALITY"", ""PROGRESSION_PROXY_ONLY"", ""PRESSING_UNAVAILABLE""]",API_FOOTBALL_FIXTURES_PLAYERS,true,false,false,false,false
14707,323,Stabaek,2017-04-02T16:00:00+00:00,2026-09-26T08:36:03Z,39346,Sebastian Pedersen,F,6.0,5.79,LOW,85.7,6.7,PBK_PLAYER_GRADE_V1,"{""attack"": 5.0, ""creation"": 10.0, ""defending"": 0.83, ""discipline"": 6.0, ""possession"": 1.58, ""pressing"": null, ""progression"": 6.05}","[""AGGREGATE_SOURCE_NO_TRUE_ACTION_QUALITY"", ""PROGRESSION_PROXY_ONLY"", ""PRESSING_UNAVAILABLE""]",API_FOOTBALL_FIXTURES_PLAYERS,true,false,false,false,false
14707,323,Stabaek,2017-04-02T16:00:00+00:00,2026-09-26T08:36:03Z,45834,Moussa Nije,M,90.0,5.43,HIGH,85.7,5.5,PBK_PLAYER_GRADE_V1,"{""attack"": 6.35, ""creation"": 5.0, ""defending"": 3.3, ""discipline"": 5.72, ""possession"": 6.23, ""pressing"": null, ""progression"": 5.74}","[""AGGREGATE_SOURCE_NO_TRUE_ACTION_QUALITY"", ""PROGRESSION_PROXY_ONLY"", ""PRESSING_UNAVAILABLE""]",API_FOOTBALL_FIXTURES_PLAYERS,true,false,false,false,false
14707,323,Stabaek,2017-04-02T16:00:00+00:00,2026-09-26T08:36:03Z,57338,Ahmed El-Amrani,D,22.0,5.7,LOW,85.7,7.1,PBK_PLAYER_GRADE_V1,"{""attack"": 6.02, ""creation"": 6.84, ""defending"": 7.39, ""discipline"": 4.85, ""possession"": 0.24, ""pressing"": null, ""progression"": 6.31}","[""AGGREGATE_SOURCE_NO_TRUE_ACTION_QUALITY"", ""PROGRESSION_PROXY_ONLY"", ""PRESSING_UNAVAILABLE""]",API_FOOTBALL_FIXTURES_PLAYERS,true,false,false,false,false
14707,323,Stabaek,2017-04-02T16:00:00+00:00,2026-09-26T08:36:03Z,61915,Tortol Lumanza,M,60.0,6.96,MEDIUM,85.7,7.2,PBK_PLAYER_GRADE_V1,"{""attack"": 6.95, ""creation"": 6.39, ""defending"": 7.31, ""discipline"": 6.0, ""possession"": 6.85, ""pressing"": null, ""progression"": 7.7}","[""AGGREGATE_SOURCE_NO_TRUE_ACTION_QUALITY"", ""PROGRESSION_PROXY_ONLY"", ""PRESSING_UNAVAILABLE""]",API_FOOTBALL_FIXTURES_PLAYERS,true,false,false,false,false
14707,323,Stabaek,2017-04-02T16:00:00+00:00,2026-09-26T08:36:03Z,99588,Morten Skjonsberg,D,90.0,6.41,HIGH,85.7,7.2,PBK_PLAYER_GRADE_V1,"{""attack"": 5.0, ""creation"": 5.24, ""defending"": 7.15, ""discipline"": 5.72, ""possession"": 6.83, ""pressing"": null, ""progression"": 5.7}","[""AGGREGATE_SOURCE_NO_TRUE_ACTION_QUALITY"", ""PROGRESSION_PROXY_ONLY"", ""PRESSING_UNAVAILABLE""]",API_FOOTBALL_FIXTURES_PLAYERS,true,false,false,false,false
14707,323,Stabaek,2017-04-02T16:00:00+00:00,2026-09-26T08:36:03Z,99591,Hakon Skogseid,D,90.0,4.83,HIGH,85.7,6.9,PBK_PLAYER_GRADE_V1,"{""attack"": 5.0, ""creation"": 6.02, ""defending"": 4.78, ""discipline"": 5.72, ""possession"": 2.58, ""pressing"": null, ""progression"": 5.8}","[""AGGREGATE_SOURCE_NO_TRUE_ACTION_QUALITY"", ""PROGRESSION_PROXY_ONLY"", ""PRESSING_UNAVAILABLE""]",API_FOOTBALL_FIXTURES_PLAYERS,true,false,false,false,false
14707,757,Aalesund,2017-04-02T16:00:00+00:00,2026-09-26T08:36:03Z,11003,Edwin Gyasi,M,59.0,4.77,MEDIUM,85.7,6.0,PBK_PLAYER_GRADE_V1,"{""attack"": 5.0, ""creation"": 5.0, ""defending"": 0.83, ""discipline"": 5.15, ""possession"": 5.92, ""pressing"": null, ""progression"": 5.59}","[""AGGREGATE_SOURCE_NO_TRUE_ACTION_QUALITY"", ""PROGRESSION_PROXY_ONLY"", ""PRESSING_UNAVAILABLE""]",API_FOOTBALL_FIXTURES_PLAYERS,true,false,false,false,false
14707,757,Aalesund,2017-04-02T16:00:00+00:00,2026-09-26T08:36:03Z,37445,Lars Veldwijk,F,31.0,5.55,LOW,85.7,6.8,PBK_PLAYER_GRADE_V1,"{""attack"": 5.0, ""creation"": 7.0, ""defending"": 7.08, ""discipline"": 6.0, ""possession"": 3.25, ""pressing"": null, ""progression"": 5.81}","[""AGGREGATE_SOURCE_NO_TRUE_ACTION_QUALITY"", ""PROGRESSION_PROXY_ONLY"", ""PRESSING_UNAVAILABLE""]",API_FOOTBALL_FIXTURES_PLAYERS,true,false,false,false,false
14707,757,Aalesund,2017-04-02T16:00:00+00:00,2026-09-26T08:36:03Z,39089,Vebjørn Hoff,M,29.0,4.68,LOW,85.7,6.5,PBK_PLAYER_GRADE_V1,"{""attack"": 5.0, ""creation"": 5.37, ""defending"": 3.96, ""discipline"": 5.13, ""possession"": 2.44, ""pressing"": null, ""progression"": 6.09}","[""AGGREGATE_SOURCE_NO_TRUE_ACTION_QUALITY"", ""PROGRESSION_PROXY_ONLY"", ""PRESSING_UNAVAILABLE""]",API_FOOTBALL_FIXTURES_PLAYERS,true,false,false,false,false
14707,757,Aalesund,2017-04-02T16:00:00+00:00,2026-09-26T08:36:03Z,39344,Mostafa Abdellaoue,F,90.0,5.1,HIGH,85.7,6.9,PBK_PLAYER_GRADE_V1,"{""attack"": 6.75, ""creation"": 5.0, ""defending"": 1.67, ""discipline"": 5.16, ""possession"": 0.93, ""pressing"": null, ""progression"": 5.14}","[""AGGREGATE_SOURCE_NO_TRUE_ACTION_QUALITY"", ""PROGRESSION_PROXY_ONLY"", ""PRESSING_UNAVAILABLE""]",API_FOOTBALL_FIXTURES_PLAYERS,true,false,false,false,false
14707,757,Aalesund,2017-04-02T16:00:00+00:00,2026-09-26T08:36:03Z,40223,Adam Orn Arnarson,D,90.0,5.91,HIGH,85.7,7.1,PBK_PLAYER_GRADE_V1,"{""attack"": 5.0, ""creation"": 5.45, ""defending"": 7.69, ""discipline"": 5.0, ""possession"": 2.62, ""pressing"": null, ""progression"": 5.63}","[""AGGREGATE_SOURCE_NO_TRUE_ACTION_QUALITY"", ""PROGRESSION_PROXY_ONLY"", ""PRESSING_UNAVAILABLE""]",API_FOOTBALL_FIXTURES_PLAYERS,true,false,false,false,false
14707,757,Aalesund,2017-04-02T16:00:00+00:00,2026-09-26T08:36:03Z,40415,Mikkel Kirkeskov,D,90.0,5.82,HIGH,85.7,7.1,PBK_PLAYER_GRADE_V1,"{""attack"": 5.0, ""creation"": 5.9, ""defending"": 7.36, ""discipline"": 5.16, ""possession"": 2.5, ""pressing"": null, ""progression"": 5.7}","[""AGGREGATE_SOURCE_NO_TRUE_ACTION_QUALITY"", ""PROGRESSION_PROXY_ONLY"", ""PRESSING_UNAVAILABLE""]",API_FOOTBALL_FIXTURES_PLAYERS,true,false,false,false,false
14707,757,Aalesund,2017-04-02T16:00:00+00:00,2026-09-26T08:36:03Z,57137,Andreas Lie,G,90.0,4.31,HIGH,85.7,6.4,PBK_PLAYER_GRADE_V1,"{""attack"": 5.0, ""creation"": 5.0, ""defending"": 5.0, ""discipline"": 6.0, ""possession"": 0.0, ""pressing"": null, ""progression"": 5.38}","[""AGGREGATE_SOURCE_NO_TRUE_ACTION_QUALITY"", ""PROGRESSION_PROXY_ONLY"", ""PRESSING_UNAVAILABLE""]",API_FOOTBALL_FIXTURES_PLAYERS,true,false,false,false,false
14707,757,Aalesund,2017-04-02T16:00:00+00:00,2026-09-26T08:36:03Z,57141,Daniel Leo Gretarsson,D,45.0,5.52,MEDIUM,85.7,6.9,PBK_PLAYER_GRADE_V1,"{""attack"": 5.0, ""creation"": 5.48, ""defending"": 6.5, ""discipline"": 4.88, ""possession"": 3.22, ""pressing"": null, ""progression"": 5.77}","[""AGGREGATE_SOURCE_NO_TRUE_ACTION_QUALITY"", ""PROGRESSION_PROXY_ONLY"", ""PRESSING_UNAVAILABLE""]",API_FOOTBALL_FIXTURES_PLAYERS,true,false,false,false,false
14707,757,Aalesund,2017-04-02T16:00:00+00:00,2026-09-26T08:36:03Z,57145,Oddbjorn Lie,D,90.0,6.11,HIGH,85.7,6.7,PBK_PLAYER_GRADE_V1,"{""attack"": 5.5, ""creation"": 5.12, ""defending"": 7.69, ""discipline"": 4.72, ""possession"": 3.29, ""pressing"": null, ""progression"": 6.24}","[""AGGREGATE_SOURCE_NO_TRUE_ACTION_QUALITY"", ""PROGRESSION_PROXY_ONLY"", ""PRESSING_UNAVAILABLE""]",API_FOOTBALL_FIXTURES_PLAYERS,true,false,false,false,false
14707,757,Aalesund,2017-04-02T16:00:00+00:00,2026-09-26T08:36:03Z,57148,Kaj Ramsteijn,D,90.0,6.34,HIGH,85.7,7.0,PBK_PLAYER_GRADE_V1,"{""attack"": 5.0, ""creation"": 5.24, ""defending"": 8.83, ""discipline"": 5.72, ""possession"": 2.04, ""pressing"": null, ""progression"": 5.53}","[""AGGREGATE_SOURCE_NO_TRUE_ACTION_QUALITY"", ""PROGRESSION_PROXY_ONLY"", ""PRESSING_UNAVAILABLE""]",API_FOOTBALL_FIXTURES_PLAYERS,true,false,false,false,false
14707,757,Aalesund,2017-04-02T16:00:00+00:00,2026-09-26T08:36:03Z,57151,Fredrik Carlsen,M,90.0,5.63,HIGH,85.7,6.6,PBK_PLAYER_GRADE_V1,"{""attack"": 5.0, ""creation"": 5.57, ""defending"": 5.38, ""discipline"": 5.72, ""possession"": 5.93, ""pressing"": null, ""progression"": 5.84}","[""AGGREGATE_SOURCE_NO_TRUE_ACTION_QUALITY"", ""PROGRESSION_PROXY_ONLY"", ""PRESSING_UNAVAILABLE""]",API_FOOTBALL_FIXTURES_PLAYERS,true,false,false,false,false
14707,757,Aalesund,2017-04-02T16:00:00+00:00,2026-09-26T08:36:03Z,57157,Aron Elis Thrandarson,M,90.0,4.85,HIGH,85.7,6.4,PBK_PLAYER_GRADE_V1,"{""attack"": 5.0, ""creation"": 5.24, ""defending"": 6.14, ""discipline"": 5.44, ""possession"": 2.4, ""pressing"": null, ""progression"": 5.56}","[""AGGREGATE_SOURCE_NO_TRUE_ACTION_QUALITY"", ""PROGRESSION_PROXY_ONLY"", ""PRESSING_UNAVAILABLE""]",API_FOOTBALL_FIXTURES_PLAYERS,true,false,false,false,false
14707,757,Aalesund,2017-04-02T16:00:00+00:00,2026-09-26T08:36:03Z,89715,Valmir Berisha,F,45.0,5.46,MEDIUM,85.7,6.6,PBK_PLAYER_GRADE_V1,"{""attack"": 6.6, ""creation"": 5.0, ""defending"": 1.67, ""discipline"": 4.88, ""possession"": 3.72, ""pressing"": null, ""progression"": 6.13}","[""AGGREGATE_SOURCE_NO_TRUE_ACTION_QUALITY"", ""PROGRESSION_PROXY_ONLY"", ""PRESSING_UNAVAILABLE""]",API_FOOTBALL_FIXTURES_PLAYERS,true,false,false,false,false
14707,757,Aalesund,2017-04-02T16:00:00+00:00,2026-09-26T08:36:03Z,94580,Bjorn Helge Riise,M,61.0,5.25,MEDIUM,85.7,6.5,PBK_PLAYER_GRADE_V1,"{""attack"": 5.0, ""creation"": 7.17, ""defending"": 3.61, ""discipline"": 5.59, ""possession"": 3.76, ""pressing"": null, ""progression"": 5.83}","[""AGGREGATE_SOURCE_NO_TRUE_ACTION_QUALITY"", ""PROGRESSION_PROXY_ONLY"", ""PRESSING_UNAVAILABLE""]",API_FOOTBALL_FIXTURES_PLAYERS,true,false,false,false,false
14708,324,Stromsgodset,2017-04-02T16:00:00+00:00,2026-09-26T08:36:03Z,14340,Bassel Jradi,M,72.0,5.94,HIGH,85.7,6.9,PBK_PLAYER_GRADE_V1,"{""attack"": 5.69, ""creation"": 6.58, ""defending"": 5.46, ""discipline"": 5.65, ""possession"": 6.06, ""pressing"": null, ""progression"": 5.79}","[""AGGREGATE_SOURCE_NO_TRUE_ACTION_QUALITY"", ""PROGRESSION_PROXY_ONLY"", ""PRESSING_UNAVAILABLE""]",API_FOOTBALL_FIXTURES_PLAYERS,true,false,false,false,false
14708,324,Stromsgodset,2017-04-02T16:00:00+00:00,2026-09-26T08:36:03Z,28339,Tokmac Chol Nguen,M,82.0,6.43,HIGH,85.7,7.5,PBK_PLAYER_GRADE_V1,"{""attack"": 7.8, ""creation"": 7.13, ""defending"": 5.58, ""discipline"": 5.39, ""possession"": 4.46, ""pressing"": null, ""progression"": 7.69}","[""AGGREGATE_SOURCE_NO_TRUE_ACTION_QUALITY"", ""PROGRESSION_PROXY_ONLY"", ""PRESSING_UNAVAILABLE""]",API_FOOTBALL_FIXTURES_PLAYERS,true,false,false,false,false
14708,324,Stromsgodset,2017-04-02T16:00:00+00:00,2026-09-26T08:36:03Z,3444,Francisco Junior,M,29.0,6.92,LOW,85.7,6.7,PBK_PLAYER_GRADE_V1,"{""attack"": 5.0, ""creation"": 5.0, ""defending"": 6.18, ""discipline"": 6.0, ""possession"": 9.85, ""pressing"": null, ""progression"": 7.82}","[""AGGREGATE_SOURCE_NO_TRUE_ACTION_QUALITY"", ""PROGRESSION_PROXY_ONLY"", ""PRESSING_UNAVAILABLE""]",API_FOOTBALL_FIXTURES_PLAYERS,true,false,false,false,false
14708,324,Stromsgodset,2017-04-02T16:00:00+00:00,2026-09-26T08:36:03Z,39147,Tommy Høiland,F,18.0,7.27,LOW,85.7,6.9,PBK_PLAYER_GRADE_V1,"{""attack"": 5.0, ""creation"": 10.0, ""defending"": 9.17, ""discipline"": 6.0, ""possession"": 10.0, ""pressing"": null, ""progression"": 7.1}","[""AGGREGATE_SOURCE_NO_TRUE_ACTION_QUALITY"", ""PROGRESSION_PROXY_ONLY"", ""PRESSING_UNAVAILABLE""]",API_FOOTBALL_FIXTURES_PLAYERS,true,false,false,false,false
14708,324,Stromsgodset,2017-04-02T16:00:00+00:00,2026-09-26T08:36:03Z,39179,Sosha Makani,G,90.0,6.99,HIGH,85.7,6.7,PBK_PLAYER_GRADE_V1,"{""attack"": 5.0, ""creation"": 5.0, ""defending"": 9.17, ""discipline"": 6.0, ""possession"": 4.26, ""pressing"": null, ""progression"": 5.59}","[""AGGREGATE_SOURCE_NO_TRUE_ACTION_QUALITY"", ""PROGRESSION_PROXY_ONLY"", ""PRESSING_UNAVAILABLE""]",API_FOOTBALL_FIXTURES_PLAYERS,true,false,false,false,false
14708,324,Stromsgodset,2017-04-02T16:00:00+00:00,2026-09-26T08:36:03Z,39327,Jakob Glesnes,D,90.0,6.73,HIGH,85.7,7.1,PBK_PLAYER_GRADE_V1,"{""attack"": 5.0, ""creation"": 5.0, ""defending"": 8.26, ""discipline"": 5.72, ""possession"": 5.08, ""pressing"": null, ""progression"": 6.5}","[""AGGREGATE_SOURCE_NO_TRUE_ACTION_QUALITY"", ""PROGRESSION_PROXY_ONLY"", ""PRESSING_UNAVAILABLE""]",API_FOOTBALL_FIXTURES_PLAYERS,true,false,false,false,false
14708,324,Stromsgodset,2017-04-02T16:00:00+00:00,2026-09-26T08:36:03Z,39329,Jonathan Parr,D,90.0,6.19,HIGH,85.7,7.6,PBK_PLAYER_GRADE_V1,"{""attack"": 5.0, ""creation"": 7.15, ""defending"": 5.76, ""discipline"": 6.0, ""possession"": 7.52, ""pressing"": null, ""progression"": 6.19}","[""AGGREGATE_SOURCE_NO_TRUE_ACTION_QUALITY"", ""PROGRESSION_PROXY_ONLY"", ""PRESSING_UNAVAILABLE""]",API_FOOTBALL_FIXTURES_PLAYERS,true,false,false,false,false
14708,324,Stromsgodset,2017-04-02T16:00:00+00:00,2026-09-26T08:36:03Z,39330,Stian Ringstad,D,8.0,5.09,LOW,85.7,6.5,PBK_PLAYER_GRADE_V1,"{""attack"": 5.0, ""creation"": 5.0, ""defending"": 5.0, ""discipline"": 6.0, ""possession"": 4.06, ""pressing"": null, ""progression"": 5.79}","[""AGGREGATE_SOURCE_NO_TRUE_ACTION_QUALITY"", ""PROGRESSION_PROXY_ONLY"", ""PRESSING_UNAVAILABLE""]",API_FOOTBALL_FIXTURES_PLAYERS,true,false,false,false,false
14708,324,Stromsgodset,2017-04-02T16:00:00+00:00,2026-09-26T08:36:03Z,39333,Lars Christopher Vilsvik,D,90.0,5.42,HIGH,85.7,6.4,PBK_PLAYER_GRADE_V1,"{""attack"": 5.55, ""creation"": 5.24, ""defending"": 5.18, ""discipline"": 5.72, ""possession"": 5.22, ""pressing"": null, ""progression"": 6.02}","[""AGGREGATE_SOURCE_NO_TRUE_ACTION_QUALITY"", ""PROGRESSION_PROXY_ONLY"", ""PRESSING_UNAVAILABLE""]",API_FOOTBALL_FIXTURES_PLAYERS,true,false,false,false,false
14708,324,Stromsgodset,2017-04-02T16:00:00+00:00,2026-09-26T08:36:03Z,39334,Henning Hauger,M,90.0,6.26,HIGH,85.7,6.9,PBK_PLAYER_GRADE_V1,"{""attack"": 5.0, ""creation"": 5.0, ""defending"": 3.96, ""discipline"": 5.44, ""possession"": 9.49, ""pressing"": null, ""progression"": 6.86}","[""AGGREGATE_SOURCE_NO_TRUE_ACTION_QUALITY"", ""PROGRESSION_PROXY_ONLY"", ""PRESSING_UNAVAILABLE""]",API_FOOTBALL_FIXTURES_PLAYERS,true,false,false,false,false
14708,324,Stromsgodset,2017-04-02T16:00:00+00:00,2026-09-26T08:36:03Z,39342,Kristoffer Tokstad,M,61.0,5.31,MEDIUM,85.7,6.1,PBK_PLAYER_GRADE_V1,"{""attack"": 5.0, ""creation"": 5.0, ""defending"": 3.21, ""discipline"": 6.0, ""possession"": 6.16, ""pressing"": null, ""progression"": 5.93}","[""AGGREGATE_SOURCE_NO_TRUE_ACTION_QUALITY"", ""PROGRESSION_PROXY_ONLY"", ""PRESSING_UNAVAILABLE""]",API_FOOTBALL_FIXTURES_PLAYERS,true,false,false,false,false
14708,324,Stromsgodset,2017-04-02T16:00:00+00:00,2026-09-26T08:36:03Z,39345,Marcus Pedersen,F,90.0,5.34,HIGH,85.7,6.9,PBK_PLAYER_GRADE_V1,"{""attack"": 6.75, ""creation"": 5.12, ""defending"": 2.5, ""discipline"": 4.16, ""possession"": 3.08, ""pressing"": null, ""progression"": 5.35}","[""AGGREGATE_SOURCE_NO_TRUE_ACTION_QUALITY"", ""PROGRESSION_PROXY_ONLY"", ""PRESSING_UNAVAILABLE""]",API_FOOTBALL_FIXTURES_PLAYERS,true,false,false,false,false
14708,324,Stromsgodset,2017-04-02T16:00:00+00:00,2026-09-26T08:36:03Z,57169,Marius Hoibraten,D,90.0,5.95,HIGH,85.7,6.9,PBK_PLAYER_GRADE_V1,"{""attack"": 5.0, ""creation"": 5.12, ""defending"": 5.38, ""discipline"": 6.0, ""possession"": 7.51, ""pressing"": null, ""progression"": 6.65}","[""AGGREGATE_SOURCE_NO_TRUE_ACTION_QUALITY"", ""PROGRESSION_PROXY_ONLY"", ""PRESSING_UNAVAILABLE""]",API_FOOTBALL_FIXTURES_PLAYERS,true,false,false,false,false
14708,324,Stromsgodset,2017-04-02T16:00:00+00:00,2026-09-26T08:36:03Z,99358,Marco Tagbajumi,F,90.0,6.73,HIGH,85.7,8.5,PBK_PLAYER_GRADE_V1,"{""attack"": 9.25, ""creation"": 5.48, ""defending"": 5.14, ""discipline"": 3.88, ""possession"": 4.05, ""pressing"": null, ""progression"": 6.31}","[""AGGREGATE_SOURCE_NO_TRUE_ACTION_QUALITY"", ""PROGRESSION_PROXY_ONLY"", ""PRESSING_UNAVAILABLE""]",API_FOOTBALL_FIXTURES_PLAYERS,true,false,false,false,false
14708,328,Haugesund,2017-04-02T16:00:00+00:00,2026-09-26T08:36:03Z,16068,Frederik Gytkjaer,F,79.0,5.72,HIGH,85.7,7.1,PBK_PLAYER_GRADE_V1,"{""attack"": 6.99, ""creation"": 6.03, ""defending"": 3.61, ""discipline"": 5.68, ""possession"": 1.98, ""pressing"": null, ""progression"": 5.44}","[""AGGREGATE_SOURCE_NO_TRUE_ACTION_QUALITY"", ""PROGRESSION_PROXY_ONLY"", ""PRESSING_UNAVAILABLE""]",API_FOOTBALL_FIXTURES_PLAYERS,true,false,false,false,false
14708,328,Haugesund,2017-04-02T16:00:00+00:00,2026-09-26T08:36:03Z,39039,Kristoffer Haraldseid,D,35.0,5.63,LOW,85.7,6.4,PBK_PLAYER_GRADE_V1,"{""attack"": 5.0, ""creation"": 5.31, ""defending"": 6.39, ""discipline"": 6.0, ""possession"": 3.89, ""pressing"": null, ""progression"": 5.54}","[""AGGREGATE_SOURCE_NO_TRUE_ACTION_QUALITY"", ""PROGRESSION_PROXY_ONLY"", ""PRESSING_UNAVAILABLE""]",API_FOOTBALL_FIXTURES_PLAYERS,true,false,false,false,false
14708,328,Haugesund,2017-04-02T16:00:00+00:00,2026-09-26T08:36:03Z,39242,Alexander Stolaas,D,90.0,5.02,HIGH,85.7,5.6,PBK_PLAYER_GRADE_V1,"{""attack"": 5.0, ""creation"": 5.69, ""defending"": 5.16, ""discipline"": 5.16, ""possession"": 3.38, ""pressing"": null, ""progression"": 5.77}","[""AGGREGATE_SOURCE_NO_TRUE_ACTION_QUALITY"", ""PROGRESSION_PROXY_ONLY"", ""PRESSING_UNAVAILABLE""]",API_FOOTBALL_FIXTURES_PLAYERS,true,false,false,false,false
14708,328,Haugesund,2017-04-02T16:00:00+00:00,2026-09-26T08:36:03Z,39243,Sondre Trondstad,M,55.0,5.48,MEDIUM,85.7,6.8,PBK_PLAYER_GRADE_V1,"{""attack"": 5.0, ""creation"": 5.74, ""defending"": 5.62, ""discipline"": 5.54, ""possession"": 4.95, ""pressing"": null, ""progression"": 5.86}","[""AGGREGATE_SOURCE_NO_TRUE_ACTION_QUALITY"", ""PROGRESSION_PROXY_ONLY"", ""PRESSING_UNAVAILABLE""]",API_FOOTBALL_FIXTURES_PLAYERS,true,false,false,false,false
14708,328,Haugesund,2017-04-02T16:00:00+00:00,2026-09-26T08:36:03Z,44580,Filip Kiss,M,90.0,5.77,HIGH,85.7,6.6,PBK_PLAYER_GRADE_V1,"{""attack"": 5.0, ""creation"": 5.81, ""defending"": 5.74, ""discipline"": 4.44, ""possession"": 6.03, ""pressing"": null, ""progression"": 6.44}","[""AGGREGATE_SOURCE_NO_TRUE_ACTION_QUALITY"", ""PROGRESSION_PROXY_ONLY"", ""PRESSING_UNAVAILABLE""]",API_FOOTBALL_FIXTURES_PLAYERS,true,false,false,false,false
14708,328,Haugesund,2017-04-02T16:00:00+00:00,2026-09-26T08:36:03Z,48034,Per Kristian Bratveit,G,90.0,4.49,HIGH,85.7,6.3,PBK_PLAYER_GRADE_V1,"{""attack"": 5.0, ""creation"": 5.0, ""defending"": 5.38, ""discipline"": 6.0, ""possession"": 0.0, ""pressing"": null, ""progression"": 5.46}","[""AGGREGATE_SOURCE_NO_TRUE_ACTION_QUALITY"", ""PROGRESSION_PROXY_ONLY"", ""PRESSING_UNAVAILABLE""]",API_FOOTBALL_FIXTURES_PLAYERS,true,false,false,false,false
14708,328,Haugesund,2017-04-02T16:00:00+00:00,2026-09-26T08:36:03Z,50067,Haris Hajradinović,M,90.0,5.86,HIGH,85.7,7.3,PBK_PLAYER_GRADE_V1,"{""attack"": 5.8, ""creation"": 5.45, ""defending"": 6.12, ""discipline"": 5.72, ""possession"": 5.24, ""pressing"": null, ""progression"": 6.68}","[""AGGREGATE_SOURCE_NO_TRUE_ACTION_QUALITY"", ""PROGRESSION_PROXY_ONLY"", ""PRESSING_UNAVAILABLE""]",API_FOOTBALL_FIXTURES_PLAYERS,true,false,false,false,false
14708,328,Haugesund,2017-04-02T16:00:00+00:00,2026-09-26T08:36:03Z,57350,Johnny Per Buduson,F,11.0,5.84,LOW,85.7,6.5,PBK_PLAYER_GRADE_V1,"{""attack"": 5.0, ""creation"": 5.98, ""defending"": 4.17, ""discipline"": 6.0, ""possession"": 7.89, ""pressing"": null, ""progression"": 6.72}","[""AGGREGATE_SOURCE_NO_TRUE_ACTION_QUALITY"", ""PROGRESSION_PROXY_ONLY"", ""PRESSING_UNAVAILABLE""]",API_FOOTBALL_FIXTURES_PLAYERS,true,false,false,false,false
14708,328,Haugesund,2017-04-02T16:00:00+00:00,2026-09-26T08:36:03Z,94581,Shuaibu Lalle Ibrahim,F,90.0,5.57,HIGH,85.7,6.9,PBK_PLAYER_GRADE_V1,"{""attack"": 5.0, ""creation"": 6.37, ""defending"": 4.92, ""discipline"": 5.72, ""possession"": 5.95, ""pressing"": null, ""progression"": 5.63}","[""AGGREGATE_SOURCE_NO_TRUE_ACTION_QUALITY"", ""PROGRESSION_PROXY_ONLY"", ""PRESSING_UNAVAILABLE""]",API_FOOTBALL_FIXTURES_PLAYERS,true,false,false,false,false
14708,328,Haugesund,2017-04-02T16:00:00+00:00,2026-09-26T08:36:03Z,94593,Erik Huseklepp,M,90.0,5.79,HIGH,85.7,6.3,PBK_PLAYER_GRADE_V1,"{""attack"": 5.25, ""creation"": 5.57, ""defending"": 5.83, ""discipline"": 6.0, ""possession"": 6.14, ""pressing"": null, ""progression"": 5.84}","[""AGGREGATE_SOURCE_NO_TRUE_ACTION_QUALITY"", ""PROGRESSION_PROXY_ONLY"", ""PRESSING_UNAVAILABLE""]",API_FOOTBALL_FIXTURES_PLAYERS,true,false,false,false,false
14708,328,Haugesund,2017-04-02T16:00:00+00:00,2026-09-26T08:36:03Z,98608,Vegard Skjerve,D,90.0,4.81,HIGH,85.7,6.4,PBK_PLAYER_GRADE_V1,"{""attack"": 5.0, ""creation"": 5.0, ""defending"": 4.17, ""discipline"": 6.0, ""possession"": 4.64, ""pressing"": null, ""progression"": 5.67}","[""AGGREGATE_SOURCE_NO_TRUE_ACTION_QUALITY"", ""PROGRESSION_PROXY_ONLY"", ""PRESSING_UNAVAILABLE""]",API_FOOTBALL_FIXTURES_PLAYERS,true,false,false,false,false
14708,328,Haugesund,2017-04-02T16:00:00+00:00,2026-09-26T08:36:03Z,99580,Tor Arne Andreassen,M,90.0,5.72,HIGH,85.7,6.3,PBK_PLAYER_GRADE_V1,"{""attack"": 5.0, ""creation"": 5.36, ""defending"": 6.52, ""discipline"": 4.44, ""possession"": 6.64, ""pressing"": null, ""progression"": 5.67}","[""AGGREGATE_SOURCE_NO_TRUE_ACTION_QUALITY"", ""PROGRESSION_PROXY_ONLY"", ""PRESSING_UNAVAILABLE""]",API_FOOTBALL_FIXTURES_PLAYERS,true,false,false,false,false
14708,328,Haugesund,2017-04-02T16:00:00+00:00,2026-09-26T08:36:03Z,99582,Liban Abdi,M,59.0,6.33,MEDIUM,85.7,6.9,PBK_PLAYER_GRADE_V1,"{""attack"": 6.53, ""creation"": 6.05, ""defending"": 8.36, ""discipline"": 0.0, ""possession"": 6.84, ""pressing"": null, ""progression"": 7.27}","[""AGGREGATE_SOURCE_NO_TRUE_ACTION_QUALITY"", ""PROGRESSION_PROXY_ONLY"", ""PRESSING_UNAVAILABLE""]",API_FOOTBALL_FIXTURES_PLAYERS,true,false,false,false,false
14709,319,Brann,2017-04-02T16:00:00+00:00,2026-09-26T08:36:03Z,15644,Sivert Nilsen,M,90.0,6.08,HIGH,85.7,7.1,PBK_PLAYER_GRADE_V1,"{""attack"": 5.5, ""creation"": 5.36, ""defending"": 7.88, ""discipline"": 6.0, ""possession"": 5.28, ""pressing"": null, ""progression"": 6.69}","[""AGGREGATE_SOURCE_NO_TRUE_ACTION_QUALITY"", ""PROGRESSION_PROXY_ONLY"", ""PRESSING_UNAVAILABLE""]",API_FOOTBALL_FIXTURES_PLAYERS,true,false,false,false,false
14709,319,Brann,2017-04-02T16:00:00+00:00,2026-09-26T08:36:03Z,2029,Steffen Skalevik,F,2.0,4.45,LOW,71.4,–,PBK_PLAYER_GRADE_V1,"{""attack"": 5.0, ""creation"": 5.0, ""defending"": 5.0, ""discipline"": 6.0, ""possession"": 0.0, ""pressing"": null}","[""AGGREGATE_SOURCE_NO_TRUE_ACTION_QUALITY"", ""PROGRESSION_PROXY_ONLY"", ""PRESSING_UNAVAILABLE""]",API_FOOTBALL_FIXTURES_PLAYERS,true,false,false,false,false
14709,319,Brann,2017-04-02T16:00:00+00:00,2026-09-26T08:36:03Z,39097,Torgeir Borven,F,13.0,4.71,LOW,71.4,6.6,PBK_PLAYER_GRADE_V1,"{""attack"": 5.0, ""creation"": 5.83, ""defending"": 5.83, ""discipline"": 6.0, ""possession"": 0.0, ""pressing"": null}","[""AGGREGATE_SOURCE_NO_TRUE_ACTION_QUALITY"", ""PROGRESSION_PROXY_ONLY"", ""PRESSING_UNAVAILABLE""]",API_FOOTBALL_FIXTURES_PLAYERS,true,false,false,false,false
14709,319,Brann,2017-04-02T16:00:00+00:00,2026-09-26T08:36:03Z,39205,Bismar Acosta,D,90.0,4.57,HIGH,85.7,6.7,PBK_PLAYER_GRADE_V1,"{""attack"": 5.55, ""creation"": 5.0, ""defending"": 3.61, ""discipline"": 3.6, ""possession"": 5.74, ""pressing"": null, ""progression"": 5.8}","[""AGGREGATE_SOURCE_NO_TRUE_ACTION_QUALITY"", ""PROGRESSION_PROXY_ONLY"", ""PRESSING_UNAVAILABLE""]",API_FOOTBALL_FIXTURES_PLAYERS,true,false,false,false,false
14709,319,Brann,2017-04-02T16:00:00+00:00,2026-09-26T08:36:03Z,39209,Ruben Kristiansen,D,90.0,7.16,HIGH,85.7,7.1,PBK_PLAYER_GRADE_V1,"{""attack"": 5.25, ""creation"": 5.12, ""defending"": 9.55, ""discipline"": 6.0, ""possession"": 4.39, ""pressing"": null, ""progression"": 6.2}","[""AGGREGATE_SOURCE_NO_TRUE_ACTION_QUALITY"", ""PROGRESSION_PROXY_ONLY"", ""PRESSING_UNAVAILABLE""]",API_FOOTBALL_FIXTURES_PLAYERS,true,false,false,false,false
14709,319,Brann,2017-04-02T16:00:00+00:00,2026-09-26T08:36:03Z,39213,Kristoffer Barmen,M,90.0,5.09,HIGH,85.7,6.9,PBK_PLAYER_GRADE_V1,"{""attack"": 5.55, ""creation"": 5.24, ""defending"": 5.84, ""discipline"": 5.16, ""possession"": 3.27, ""pressing"": null, ""progression"": 5.84}","[""AGGREGATE_SOURCE_NO_TRUE_ACTION_QUALITY"", ""PROGRESSION_PROXY_ONLY"", ""PRESSING_UNAVAILABLE""]",API_FOOTBALL_FIXTURES_PLAYERS,true,false,false,false,false
14709,319,Brann,2017-04-02T16:00:00+00:00,2026-09-26T08:36:03Z,39214,Fredrik Haugen,M,77.0,4.81,HIGH,85.7,6.8,PBK_PLAYER_GRADE_V1,"{""attack"": 5.64, ""creation"": 6.72, ""defending"": 2.92, ""discipline"": 6.0, ""possession"": 2.24, ""pressing"": null, ""progression"": 5.57}","[""AGGREGATE_SOURCE_NO_TRUE_ACTION_QUALITY"", ""PROGRESSION_PROXY_ONLY"", ""PRESSING_UNAVAILABLE""]",API_FOOTBALL_FIXTURES_PLAYERS,true,false,false,false,false
14709,319,Brann,2017-04-02T16:00:00+00:00,2026-09-26T08:36:03Z,39225,Gilli Sørensen,F,88.0,5.14,HIGH,85.7,7.0,PBK_PLAYER_GRADE_V1,"{""attack"": 5.0, ""creation"": 6.4, ""defending"": 7.08, ""discipline"": 6.0, ""possession"": 1.4, ""pressing"": null, ""progression"": 5.32}","[""AGGREGATE_SOURCE_NO_TRUE_ACTION_QUALITY"", ""PROGRESSION_PROXY_ONLY"", ""PRESSING_UNAVAILABLE""]",API_FOOTBALL_FIXTURES_PLAYERS,true,false,false,false,false
14709,319,Brann,2017-04-02T16:00:00+00:00,2026-09-26T08:36:03Z,39298,Daniel Braaten,F,90.0,5.5,HIGH,85.7,6.4,PBK_PLAYER_GRADE_V1,"{""attack"": 5.25, ""creation"": 5.36, ""defending"": 4.09, ""discipline"": 5.16, ""possession"": 7.09, ""pressing"": null, ""progression"": 5.77}","[""AGGREGATE_SOURCE_NO_TRUE_ACTION_QUALITY"", ""PROGRESSION_PROXY_ONLY"", ""PRESSING_UNAVAILABLE""]",API_FOOTBALL_FIXTURES_PLAYERS,true,false,false,false,false
14709,319,Brann,2017-04-02T16:00:00+00:00,2026-09-26T08:36:03Z,40519,Piotr Leciejewski,G,90.0,4.83,HIGH,85.7,6.5,PBK_PLAYER_GRADE_V1,"{""attack"": 5.0, ""creation"": 5.0, ""defending"": 5.0, ""discipline"": 6.0, ""possession"": 2.62, ""pressing"": null, ""progression"": 5.63}","[""AGGREGATE_SOURCE_NO_TRUE_ACTION_QUALITY"", ""PROGRESSION_PROXY_ONLY"", ""PRESSING_UNAVAILABLE""]",API_FOOTBALL_FIXTURES_PLAYERS,true,false,false,false,false
14709,319,Brann,2017-04-02T16:00:00+00:00,2026-09-26T08:36:03Z,47803,Jakob Orlov,F,77.0,5.71,HIGH,85.7,7.5,PBK_PLAYER_GRADE_V1,"{""attack"": 7.05, ""creation"": 6.19, ""defending"": 6.58, ""discipline"": 5.67, ""possession"": 0.37, ""pressing"": null, ""progression"": 5.29}","[""AGGREGATE_SOURCE_NO_TRUE_ACTION_QUALITY"", ""PROGRESSION_PROXY_ONLY"", ""PRESSING_UNAVAILABLE""]",API_FOOTBALL_FIXTURES_PLAYERS,true,false,false,false,false
14709,319,Brann,2017-04-02T16:00:00+00:00,2026-09-26T08:36:03Z,57142,Jonas Gronner,D,90.0,4.94,HIGH,85.7,6.7,PBK_PLAYER_GRADE_V1,"{""attack"": 5.0, ""creation"": 5.45, ""defending"": 5.38, ""discipline"": 4.72, ""possession"": 2.81, ""pressing"": null, ""progression"": 5.67}","[""AGGREGATE_SOURCE_NO_TRUE_ACTION_QUALITY"", ""PROGRESSION_PROXY_ONLY"", ""PRESSING_UNAVAILABLE""]",API_FOOTBALL_FIXTURES_PLAYERS,true,false,false,false,false
14709,319,Brann,2017-04-02T16:00:00+00:00,2026-09-26T08:36:03Z,57256,Kasper Skaanes,M,12.0,4.23,LOW,85.7,6.3,PBK_PLAYER_GRADE_V1,"{""attack"": 5.0, ""creation"": 5.0, ""defending"": 0.83, ""discipline"": 3.9, ""possession"": 3.88, ""pressing"": null, ""progression"": 5.53}","[""AGGREGATE_SOURCE_NO_TRUE_ACTION_QUALITY"", ""PROGRESSION_PROXY_ONLY"", ""PRESSING_UNAVAILABLE""]",API_FOOTBALL_FIXTURES_PLAYERS,true,false,false,false,false
14709,319,Brann,2017-04-02T16:00:00+00:00,2026-09-26T08:36:03Z,8699,Amin Nouri,D,90.0,5.02,HIGH,85.7,6.3,PBK_PLAYER_GRADE_V1,"{""attack"": 5.75, ""creation"": 5.12, ""defending"": 5.31, ""discipline"": 5.72, ""possession"": 2.42, ""pressing"": null, ""progression"": 5.89}","[""AGGREGATE_SOURCE_NO_TRUE_ACTION_QUALITY"", ""PROGRESSION_PROXY_ONLY"", ""PRESSING_UNAVAILABLE""]",API_FOOTBALL_FIXTURES_PLAYERS,true,false,false,false,false
14709,325,Tromso,2017-04-02T16:00:00+00:00,2026-09-26T08:36:03Z,15904,Ulrik Jenssen,D,72.0,3.85,HIGH,85.7,6.1,PBK_PLAYER_GRADE_V1,"{""attack"": 5.31, ""creation"": 5.0, ""defending"": 1.88, ""discipline"": 5.3, ""possession"": 4.39, ""pressing"": null, ""progression"": 6.23}","[""AGGREGATE_SOURCE_NO_TRUE_ACTION_QUALITY"", ""PROGRESSION_PROXY_ONLY"", ""PRESSING_UNAVAILABLE""]",API_FOOTBALL_FIXTURES_PLAYERS,true,false,false,false,false
14709,325,Tromso,2017-04-02T16:00:00+00:00,2026-09-26T08:36:03Z,39323,Thomas Lehne Olsen,F,90.0,5.65,HIGH,85.7,6.9,PBK_PLAYER_GRADE_V1,"{""attack"": 5.0, ""creation"": 5.81, ""defending"": 5.38, ""discipline"": 6.0, ""possession"": 7.54, ""pressing"": null, ""progression"": 5.53}","[""AGGREGATE_SOURCE_NO_TRUE_ACTION_QUALITY"", ""PROGRESSION_PROXY_ONLY"", ""PRESSING_UNAVAILABLE""]",API_FOOTBALL_FIXTURES_PLAYERS,true,false,false,false,false
14709,325,Tromso,2017-04-02T16:00:00+00:00,2026-09-26T08:36:03Z,39350,Gudmund Kongshavn,G,90.0,4.41,HIGH,85.7,6.8,PBK_PLAYER_GRADE_V1,"{""attack"": 5.0, ""creation"": 5.0, ""defending"": 5.0, ""discipline"": 6.0, ""possession"": 0.49, ""pressing"": null, ""progression"": 5.46}","[""AGGREGATE_SOURCE_NO_TRUE_ACTION_QUALITY"", ""PROGRESSION_PROXY_ONLY"", ""PRESSING_UNAVAILABLE""]",API_FOOTBALL_FIXTURES_PLAYERS,true,false,false,false,false
14709,325,Tromso,2017-04-02T16:00:00+00:00,2026-09-26T08:36:03Z,39355,Simen Wangberg,D,90.0,5.84,HIGH,85.7,7.6,PBK_PLAYER_GRADE_V1,"{""attack"": 6.75, ""creation"": 5.45, ""defending"": 4.55, ""discipline"": 5.72, ""possession"": 8.22, ""pressing"": null, ""progression"": 6.71}","[""AGGREGATE_SOURCE_NO_TRUE_ACTION_QUALITY"", ""PROGRESSION_PROXY_ONLY"", ""PRESSING_UNAVAILABLE""]",API_FOOTBALL_FIXTURES_PLAYERS,true,false,false,false,false
14709,325,Tromso,2017-04-02T16:00:00+00:00,2026-09-26T08:36:03Z,39356,Magnus Andersen,M,26.0,4.44,LOW,85.7,6.6,PBK_PLAYER_GRADE_V1,"{""attack"": 5.0, ""creation"": 5.0, ""defending"": 3.61, ""discipline"": 5.03, ""possession"": 2.76, ""pressing"": null, ""progression"": 5.36}","[""AGGREGATE_SOURCE_NO_TRUE_ACTION_QUALITY"", ""PROGRESSION_PROXY_ONLY"", ""PRESSING_UNAVAILABLE""]",API_FOOTBALL_FIXTURES_PLAYERS,true,false,false,false,false
14709,325,Tromso,2017-04-02T16:00:00+00:00,2026-09-26T08:36:03Z,39357,Kent-Are Antonsen,M,90.0,6.33,HIGH,85.7,7.0,PBK_PLAYER_GRADE_V1,"{""attack"": 5.5, ""creation"": 5.0, ""defending"": 6.97, ""discipline"": 6.0, ""possession"": 7.24, ""pressing"": null, ""progression"": 6.87}","[""AGGREGATE_SOURCE_NO_TRUE_ACTION_QUALITY"", ""PROGRESSION_PROXY_ONLY"", ""PRESSING_UNAVAILABLE""]",API_FOOTBALL_FIXTURES_PLAYERS,true,false,false,false,false
14709,325,Tromso,2017-04-02T16:00:00+00:00,2026-09-26T08:36:03Z,39358,Morten Gamst Pedersen,M,90.0,5.62,HIGH,85.7,7.7,PBK_PLAYER_GRADE_V1,"{""attack"": 5.5, ""creation"": 7.39, ""defending"": 6.25, ""discipline"": 4.16, ""possession"": 2.83, ""pressing"": null, ""progression"": 6.76}","[""AGGREGATE_SOURCE_NO_TRUE_ACTION_QUALITY"", ""PROGRESSION_PROXY_ONLY"", ""PRESSING_UNAVAILABLE""]",API_FOOTBALL_FIXTURES_PLAYERS,true,false,false,false,false
14709,325,Tromso,2017-04-02T16:00:00+00:00,2026-09-26T08:36:03Z,39370,Mikael Ingebrigtsen,F,64.0,5.3,MEDIUM,85.7,6.6,PBK_PLAYER_GRADE_V1,"{""attack"": 5.0, ""creation"": 5.8, ""defending"": 4.4, ""discipline"": 5.21, ""possession"": 5.52, ""pressing"": null, ""progression"": 5.49}","[""AGGREGATE_SOURCE_NO_TRUE_ACTION_QUALITY"", ""PROGRESSION_PROXY_ONLY"", ""PRESSING_UNAVAILABLE""]",API_FOOTBALL_FIXTURES_PLAYERS,true,false,false,false,false
14709,325,Tromso,2017-04-02T16:00:00+00:00,2026-09-26T08:36:03Z,48145,Magnar Odegaard,D,90.0,4.95,HIGH,85.7,6.8,PBK_PLAYER_GRADE_V1,"{""attack"": 5.0, ""creation"": 5.0, ""defending"": 4.06, ""discipline"": 4.44, ""possession"": 5.91, ""pressing"": null, ""progression"": 6.5}","[""AGGREGATE_SOURCE_NO_TRUE_ACTION_QUALITY"", ""PROGRESSION_PROXY_ONLY"", ""PRESSING_UNAVAILABLE""]",API_FOOTBALL_FIXTURES_PLAYERS,true,false,false,false,false
14709,325,Tromso,2017-04-02T16:00:00+00:00,2026-09-26T08:36:03Z,57254,Aron Sigurðarson,F,90.0,5.82,HIGH,85.7,6.7,PBK_PLAYER_GRADE_V1,"{""attack"": 5.25, ""creation"": 5.57, ""defending"": 5.0, ""discipline"": 5.72, ""possession"": 8.43, ""pressing"": null, ""progression"": 6.02}","[""AGGREGATE_SOURCE_NO_TRUE_ACTION_QUALITY"", ""PROGRESSION_PROXY_ONLY"", ""PRESSING_UNAVAILABLE""]",API_FOOTBALL_FIXTURES_PLAYERS,true,false,false,false,false
14709,325,Tromso,2017-04-02T16:00:00+00:00,2026-09-26T08:36:03Z,57300,Christian Landu-Landu,M,18.0,6.67,LOW,85.7,6.8,PBK_PLAYER_GRADE_V1,"{""attack"": 5.0, ""creation"": 5.0, ""defending"": 6.9, ""discipline"": 6.0, ""possession"": 10.0, ""pressing"": null, ""progression"": 6.22}","[""AGGREGATE_SOURCE_NO_TRUE_ACTION_QUALITY"", ""PROGRESSION_PROXY_ONLY"", ""PRESSING_UNAVAILABLE""]",API_FOOTBALL_FIXTURES_PLAYERS,true,false,false,false,false
14709,325,Tromso,2017-04-02T16:00:00+00:00,2026-09-26T08:36:03Z,57414,Hans Norbye,D,90.0,5.73,HIGH,85.7,7.2,PBK_PLAYER_GRADE_V1,"{""attack"": 5.0, ""creation"": 5.81, ""defending"": 6.97, ""discipline"": 5.72, ""possession"": 2.67, ""pressing"": null, ""progression"": 5.7}","[""AGGREGATE_SOURCE_NO_TRUE_ACTION_QUALITY"", ""PROGRESSION_PROXY_ONLY"", ""PRESSING_UNAVAILABLE""]",API_FOOTBALL_FIXTURES_PLAYERS,true,false,false,false,false
14709,325,Tromso,2017-04-02T16:00:00+00:00,2026-09-26T08:36:03Z,98673,Slobodan Vuk,F,90.0,5.11,HIGH,85.7,6.8,PBK_PLAYER_GRADE_V1,"{""attack"": 5.8, ""creation"": 5.6, ""defending"": 4.48, ""discipline"": 5.72, ""possession"": 1.06, ""pressing"": null, ""progression"": 5.5}","[""AGGREGATE_SOURCE_NO_TRUE_ACTION_QUALITY"", ""PROGRESSION_PROXY_ONLY"", ""PRESSING_UNAVAILABLE""]",API_FOOTBALL_FIXTURES_PLAYERS,true,false,false,false,false
14710,321,Lillestrom,2017-04-02T13:30:00+00:00,2026-09-26T08:36:03Z,15527,Shikoze Udoji,F,45.0,5.91,MEDIUM,85.7,6.7,PBK_PLAYER_GRADE_V1,"{""attack"": 6.6, ""creation"": 5.24, ""defending"": 6.39, ""discipline"": 6.0, ""possession"": 4.38, ""pressing"": null, ""progression"": 6.13}","[""AGGREGATE_SOURCE_NO_TRUE_ACTION_QUALITY"", ""PROGRESSION_PROXY_ONLY"", ""PRESSING_UNAVAILABLE""]",API_FOOTBALL_FIXTURES_PLAYERS,true,false,false,false,false
14710,321,Lillestrom,2017-04-02T13:30:00+00:00,2026-09-26T08:36:03Z,39052,Erling Knudtzon,F,90.0,5.05,HIGH,85.7,7.2,PBK_PLAYER_GRADE_V1,"{""attack"": 5.25, ""creation"": 5.57, ""defending"": 6.97, ""discipline"": 6.0, ""possession"": 1.13, ""pressing"": null, ""progression"": 5.6}","[""AGGREGATE_SOURCE_NO_TRUE_ACTION_QUALITY"", ""PROGRESSION_PROXY_ONLY"", ""PRESSING_UNAVAILABLE""]",API_FOOTBALL_FIXTURES_PLAYERS,true,false,false,false,false
14710,321,Lillestrom,2017-04-02T13:30:00+00:00,2026-09-26T08:36:03Z,39305,Mats Haakenstad,D,90.0,5.64,HIGH,85.7,6.3,PBK_PLAYER_GRADE_V1,"{""attack"": 5.75, ""creation"": 5.81, ""defending"": 5.0, ""discipline"": 5.44, ""possession"": 6.46, ""pressing"": null, ""progression"": 6.42}","[""AGGREGATE_SOURCE_NO_TRUE_ACTION_QUALITY"", ""PROGRESSION_PROXY_ONLY"", ""PRESSING_UNAVAILABLE""]",API_FOOTBALL_FIXTURES_PLAYERS,true,false,false,false,false
14710,321,Lillestrom,2017-04-02T13:30:00+00:00,2026-09-26T08:36:03Z,39306,Simen Kind Mikalsen,D,90.0,5.66,HIGH,85.7,6.7,PBK_PLAYER_GRADE_V1,"{""attack"": 5.25, ""creation"": 5.45, ""defending"": 6.5, ""discipline"": 5.72, ""possession"": 3.15, ""pressing"": null, ""progression"": 6.09}","[""AGGREGATE_SOURCE_NO_TRUE_ACTION_QUALITY"", ""PROGRESSION_PROXY_ONLY"", ""PRESSING_UNAVAILABLE""]",API_FOOTBALL_FIXTURES_PLAYERS,true,false,false,false,false
14710,321,Lillestrom,2017-04-02T13:30:00+00:00,2026-09-26T08:36:03Z,39307,Frode Kippe,D,8.0,2.71,LOW,85.7,6.7,PBK_PLAYER_GRADE_V1,"{""attack"": 5.0, ""creation"": 10.0, ""defending"": 0.83, ""discipline"": 2.85, ""possession"": 0.0, ""pressing"": null, ""progression"": 5.39}","[""AGGREGATE_SOURCE_NO_TRUE_ACTION_QUALITY"", ""PROGRESSION_PROXY_ONLY"", ""PRESSING_UNAVAILABLE""]",API_FOOTBALL_FIXTURES_PLAYERS,true,false,false,false,false
14710,321,Lillestrom,2017-04-02T13:30:00+00:00,2026-09-26T08:36:03Z,39309,Simen Rafn,D,67.0,6.01,HIGH,85.7,6.2,PBK_PLAYER_GRADE_V1,"{""attack"": 5.0, ""creation"": 5.48, ""defending"": 7.5, ""discipline"": 6.0, ""possession"": 3.63, ""pressing"": null, ""progression"": 5.19}","[""AGGREGATE_SOURCE_NO_TRUE_ACTION_QUALITY"", ""PROGRESSION_PROXY_ONLY"", ""PRESSING_UNAVAILABLE""]",API_FOOTBALL_FIXTURES_PLAYERS,true,false,false,false,false
14710,321,Lillestrom,2017-04-02T13:30:00+00:00,2026-09-26T08:36:03Z,39316,Fredrik Krogstad,M,82.0,5.33,HIGH,85.7,6.9,PBK_PLAYER_GRADE_V1,"{""attack"": 5.0, ""creation"": 5.76, ""defending"": 6.46, ""discipline"": 5.69, ""possession"": 3.18, ""pressing"": null, ""progression"": 6.19}","[""AGGREGATE_SOURCE_NO_TRUE_ACTION_QUALITY"", ""PROGRESSION_PROXY_ONLY"", ""PRESSING_UNAVAILABLE""]",API_FOOTBALL_FIXTURES_PLAYERS,true,false,false,false,false
14710,321,Lillestrom,2017-04-02T13:30:00+00:00,2026-09-26T08:36:03Z,39317,Aleksander Melgalvis,M,90.0,5.56,HIGH,85.7,8.1,PBK_PLAYER_GRADE_V1,"{""attack"": 5.8, ""creation"": 5.57, ""defending"": 8.19, ""discipline"": 5.72, ""possession"": 3.28, ""pressing"": null, ""progression"": 5.81}","[""AGGREGATE_SOURCE_NO_TRUE_ACTION_QUALITY"", ""PROGRESSION_PROXY_ONLY"", ""PRESSING_UNAVAILABLE""]",API_FOOTBALL_FIXTURES_PLAYERS,true,false,false,false,false
14710,321,Lillestrom,2017-04-02T13:30:00+00:00,2026-09-26T08:36:03Z,41877,Daniel Fernandes,G,90.0,4.3,HIGH,85.7,6.6,PBK_PLAYER_GRADE_V1,"{""attack"": 5.0, ""creation"": 5.0, ""defending"": 5.0, ""discipline"": 6.0, ""possession"": 0.0, ""pressing"": null, ""progression"": 5.32}","[""AGGREGATE_SOURCE_NO_TRUE_ACTION_QUALITY"", ""PROGRESSION_PROXY_ONLY"", ""PRESSING_UNAVAILABLE""]",API_FOOTBALL_FIXTURES_PLAYERS,true,false,false,false,false
14710,321,Lillestrom,2017-04-02T13:30:00+00:00,2026-09-26T08:36:03Z,61916,Matthew Ifeanyi,M,90.0,6.22,HIGH,85.7,7.2,PBK_PLAYER_GRADE_V1,"{""attack"": 5.25, ""creation"": 6.94, ""defending"": 5.0, ""discipline"": 5.44, ""possession"": 6.83, ""pressing"": null, ""progression"": 6.58}","[""AGGREGATE_SOURCE_NO_TRUE_ACTION_QUALITY"", ""PROGRESSION_PROXY_ONLY"", ""PRESSING_UNAVAILABLE""]",API_FOOTBALL_FIXTURES_PLAYERS,true,false,false,false,false
14710,321,Lillestrom,2017-04-02T13:30:00+00:00,2026-09-26T08:36:03Z,62290,Bajram Ajeti,F,45.0,5.15,MEDIUM,85.7,6.3,PBK_PLAYER_GRADE_V1,"{""attack"": 5.0, ""creation"": 5.24, ""defending"": 2.22, ""discipline"": 4.88, ""possession"": 6.58, ""pressing"": null, ""progression"": 5.35}","[""AGGREGATE_SOURCE_NO_TRUE_ACTION_QUALITY"", ""PROGRESSION_PROXY_ONLY"", ""PRESSING_UNAVAILABLE""]",API_FOOTBALL_FIXTURES_PLAYERS,true,false,false,false,false
14710,321,Lillestrom,2017-04-02T13:30:00+00:00,2026-09-26T08:36:03Z,66417,Michal Škoda,F,23.0,6.28,LOW,85.7,7.2,PBK_PLAYER_GRADE_V1,"{""attack"": 10.0, ""creation"": 5.0, ""defending"": 0.83, ""discipline"": 6.0, ""possession"": 0.0, ""pressing"": null, ""progression"": 5.14}","[""AGGREGATE_SOURCE_NO_TRUE_ACTION_QUALITY"", ""PROGRESSION_PROXY_ONLY"", ""PRESSING_UNAVAILABLE""]",API_FOOTBALL_FIXTURES_PLAYERS,true,false,false,false,false
14710,321,Lillestrom,2017-04-02T13:30:00+00:00,2026-09-26T08:36:03Z,72375,Tomáš Malec,F,90.0,5.37,HIGH,85.7,6.6,PBK_PLAYER_GRADE_V1,"{""attack"": 5.55, ""creation"": 6.14, ""defending"": 4.34, ""discipline"": 5.16, ""possession"": 3.57, ""pressing"": null, ""progression"": 5.56}","[""AGGREGATE_SOURCE_NO_TRUE_ACTION_QUALITY"", ""PROGRESSION_PROXY_ONLY"", ""PRESSING_UNAVAILABLE""]",API_FOOTBALL_FIXTURES_PLAYERS,true,false,false,false,false
14710,321,Lillestrom,2017-04-02T13:30:00+00:00,2026-09-26T08:36:03Z,98613,Marius Amundsen,D,90.0,6.73,HIGH,85.7,7.1,PBK_PLAYER_GRADE_V1,"{""attack"": 5.0, ""creation"": 5.57, ""defending"": 9.93, ""discipline"": 6.0, ""possession"": 0.79, ""pressing"": null, ""progression"": 5.88}","[""AGGREGATE_SOURCE_NO_TRUE_ACTION_QUALITY"", ""PROGRESSION_PROXY_ONLY"", ""PRESSING_UNAVAILABLE""]",API_FOOTBALL_FIXTURES_PLAYERS,true,false,false,false,false
14710,332,Sandefjord,2017-04-02T13:30:00+00:00,2026-09-26T08:36:03Z,107856,Markus Naglestad,F,27.0,4.46,LOW,85.7,6.5,PBK_PLAYER_GRADE_V1,"{""attack"": 5.0, ""creation"": 5.0, ""defending"": 3.61, ""discipline"": 5.07, ""possession"": 0.17, ""pressing"": null, ""progression"": 5.47}","[""AGGREGATE_SOURCE_NO_TRUE_ACTION_QUALITY"", ""PROGRESSION_PROXY_ONLY"", ""PRESSING_UNAVAILABLE""]",API_FOOTBALL_FIXTURES_PLAYERS,true,false,false,false,false
14710,332,Sandefjord,2017-04-02T13:30:00+00:00,2026-09-26T08:36:03Z,15949,Ingvar Jónsson,G,90.0,6.2,HIGH,85.7,6.8,PBK_PLAYER_GRADE_V1,"{""attack"": 5.0, ""creation"": 5.12, ""defending"": 9.17, ""discipline"": 6.0, ""possession"": 0.0, ""pressing"": null, ""progression"": 5.53}","[""AGGREGATE_SOURCE_NO_TRUE_ACTION_QUALITY"", ""PROGRESSION_PROXY_ONLY"", ""PRESSING_UNAVAILABLE""]",API_FOOTBALL_FIXTURES_PLAYERS,true,false,false,false,false
14710,332,Sandefjord,2017-04-02T13:30:00+00:00,2026-09-26T08:36:03Z,39102,Andre Sodlund,M,23.0,5.63,LOW,85.7,6.1,PBK_PLAYER_GRADE_V1,"{""attack"": 5.0, ""creation"": 5.0, ""defending"": 5.0, ""discipline"": 6.0, ""possession"": 6.82, ""pressing"": null, ""progression"": 5.68}","[""AGGREGATE_SOURCE_NO_TRUE_ACTION_QUALITY"", ""PROGRESSION_PROXY_ONLY"", ""PRESSING_UNAVAILABLE""]",API_FOOTBALL_FIXTURES_PLAYERS,true,false,false,false,false
14710,332,Sandefjord,2017-04-02T13:30:00+00:00,2026-09-26T08:36:03Z,39176,Flamur Kastrati,F,63.0,5.76,MEDIUM,85.7,7.4,PBK_PLAYER_GRADE_V1,"{""attack"": 8.29, ""creation"": 5.17, ""defending"": 3.86, ""discipline"": 5.6, ""possession"": 0.0, ""pressing"": null, ""progression"": 5.15}","[""AGGREGATE_SOURCE_NO_TRUE_ACTION_QUALITY"", ""PROGRESSION_PROXY_ONLY"", ""PRESSING_UNAVAILABLE""]",API_FOOTBALL_FIXTURES_PLAYERS,true,false,false,false,false
14710,332,Sandefjord,2017-04-02T13:30:00+00:00,2026-09-26T08:36:03Z,39184,Joackim Solberg,M,90.0,4.31,HIGH,85.7,6.5,PBK_PLAYER_GRADE_V1,"{""attack"": 5.0, ""creation"": 5.12, ""defending"": 6.14, ""discipline"": 5.72, ""possession"": 0.0, ""pressing"": null, ""progression"": 5.35}","[""AGGREGATE_SOURCE_NO_TRUE_ACTION_QUALITY"", ""PROGRESSION_PROXY_ONLY"", ""PRESSING_UNAVAILABLE""]",API_FOOTBALL_FIXTURES_PLAYERS,true,false,false,false,false
14710,332,Sandefjord,2017-04-02T13:30:00+00:00,2026-09-26T08:36:03Z,55599,El-Hadji Gana Kane,D,90.0,3.87,HIGH,85.7,6.5,PBK_PLAYER_GRADE_V1,"{""attack"": 5.0, ""creation"": 5.0, ""defending"": 3.99, ""discipline"": 5.72, ""possession"": 0.0, ""pressing"": null, ""progression"": 5.04}","[""AGGREGATE_SOURCE_NO_TRUE_ACTION_QUALITY"", ""PROGRESSION_PROXY_ONLY"", ""PRESSING_UNAVAILABLE""]",API_FOOTBALL_FIXTURES_PLAYERS,true,false,false,false,false
14710,332,Sandefjord,2017-04-02T13:30:00+00:00,2026-09-26T08:36:03Z,57175,William Kurtovic,M,67.0,4.42,HIGH,85.7,6.3,PBK_PLAYER_GRADE_V1,"{""attack"": 5.0, ""creation"": 5.16, ""defending"": 7.06, ""discipline"": 5.62, ""possession"": 0.0, ""pressing"": null, ""progression"": 5.28}","[""AGGREGATE_SOURCE_NO_TRUE_ACTION_QUALITY"", ""PROGRESSION_PROXY_ONLY"", ""PRESSING_UNAVAILABLE""]",API_FOOTBALL_FIXTURES_PLAYERS,true,false,false,false,false
14710,332,Sandefjord,2017-04-02T13:30:00+00:00,2026-09-26T08:36:03Z,57181,Haavard Storbaek,M,90.0,4.05,HIGH,85.7,6.1,PBK_PLAYER_GRADE_V1,"{""attack"": 5.0, ""creation"": 5.57, ""defending"": 4.26, ""discipline"": 4.16, ""possession"": 0.25, ""pressing"": null, ""progression"": 5.35}","[""AGGREGATE_SOURCE_NO_TRUE_ACTION_QUALITY"", ""PROGRESSION_PROXY_ONLY"", ""PRESSING_UNAVAILABLE""]",API_FOOTBALL_FIXTURES_PLAYERS,true,false,false,false,false
14710,332,Sandefjord,2017-04-02T13:30:00+00:00,2026-09-26T08:36:03Z,57182,Enric Valles,M,90.0,4.09,HIGH,85.7,6.8,PBK_PLAYER_GRADE_V1,"{""attack"": 5.0, ""creation"": 5.36, ""defending"": 3.9, ""discipline"": 4.88, ""possession"": 0.17, ""pressing"": null, ""progression"": 5.7}","[""AGGREGATE_SOURCE_NO_TRUE_ACTION_QUALITY"", ""PROGRESSION_PROXY_ONLY"", ""PRESSING_UNAVAILABLE""]",API_FOOTBALL_FIXTURES_PLAYERS,true,false,false,false,false
14710,332,Sandefjord,2017-04-02T13:30:00+00:00,2026-09-26T08:36:03Z,69924,Pau Morer,M,81.0,5.43,HIGH,85.7,6.8,PBK_PLAYER_GRADE_V1,"{""attack"": 6.11, ""creation"": 6.27, ""defending"": 3.9, ""discipline"": 6.0, ""possession"": 3.89, ""pressing"": null, ""progression"": 6.34}","[""AGGREGATE_SOURCE_NO_TRUE_ACTION_QUALITY"", ""PROGRESSION_PROXY_ONLY"", ""PRESSING_UNAVAILABLE""]",API_FOOTBALL_FIXTURES_PLAYERS,true,false,false,false,false
14710,332,Sandefjord,2017-04-02T13:30:00+00:00,2026-09-26T08:36:03Z,8450,Abdoulaye Seck,D,90.0,5.0,HIGH,85.7,6.9,PBK_PLAYER_GRADE_V1,"{""attack"": 5.0, ""creation"": 5.12, ""defending"": 6.9, ""discipline"": 4.44, ""possession"": 0.0, ""pressing"": null, ""progression"": 5.14}","[""AGGREGATE_SOURCE_NO_TRUE_ACTION_QUALITY"", ""PROGRESSION_PROXY_ONLY"", ""PRESSING_UNAVAILABLE""]",API_FOOTBALL_FIXTURES_PLAYERS,true,false,false,false,false
14710,332,Sandefjord,2017-04-02T13:30:00+00:00,2026-09-26T08:36:03Z,94737,Peter Kovacs,F,9.0,5.85,LOW,85.7,6.4,PBK_PLAYER_GRADE_V1,"{""attack"": 5.0, ""creation"": 6.2, ""defending"": 3.61, ""discipline"": 6.0, ""possession"": 9.42, ""pressing"": null, ""progression"": 5.35}","[""AGGREGATE_SOURCE_NO_TRUE_ACTION_QUALITY"", ""PROGRESSION_PROXY_ONLY"", ""PRESSING_UNAVAILABLE""]",API_FOOTBALL_FIXTURES_PLAYERS,true,false,false,false,false
14710,332,Sandefjord,2017-04-02T13:30:00+00:00,2026-09-26T08:36:03Z,94919,Victor Demba Bindia,D,90.0,5.69,HIGH,85.7,6.7,PBK_PLAYER_GRADE_V1,"{""attack"": 5.5, ""creation"": 6.37, ""defending"": 6.06, ""discipline"": 4.16, ""possession"": 5.09, ""pressing"": null, ""progression"": 5.96}","[""AGGREGATE_SOURCE_NO_TRUE_ACTION_QUALITY"", ""PROGRESSION_PROXY_ONLY"", ""PRESSING_UNAVAILABLE""]",API_FOOTBALL_FIXTURES_PLAYERS,true,false,false,false,false
14710,332,Sandefjord,2017-04-02T13:30:00+00:00,2026-09-26T08:36:03Z,98609,Christer Hansen,D,90.0,6.69,HIGH,85.7,6.8,PBK_PLAYER_GRADE_V1,"{""attack"": 5.0, ""creation"": 5.0, ""defending"": 7.08, ""discipline"": 6.0, ""possession"": 9.32, ""pressing"": null, ""progression"": 5.21}","[""AGGREGATE_SOURCE_NO_TRUE_ACTION_QUALITY"", ""PROGRESSION_PROXY_ONLY"", ""PRESSING_UNAVAILABLE""]",API_FOOTBALL_FIXTURES_PLAYERS,true,false,false,false,false
14711,320,Kristiansund BK,2017-04-01T16:00:00+00:00,2026-09-26T08:36:03Z,15706,Benjamin Stokke,F,73.0,4.48,HIGH,85.7,6.3,PBK_PLAYER_GRADE_V1,"{""attack"": 5.0, ""creation"": 5.15, ""defending"": 3.11, ""discipline"": 5.31, ""possession"": 0.35, ""pressing"": null, ""progression"": 5.26}","[""AGGREGATE_SOURCE_NO_TRUE_ACTION_QUALITY"", ""PROGRESSION_PROXY_ONLY"", ""PRESSING_UNAVAILABLE""]",API_FOOTBALL_FIXTURES_PLAYERS,true,false,false,false,false
14711,320,Kristiansund BK,2017-04-01T16:00:00+00:00,2026-09-26T08:36:03Z,39151,Sean McDermott,G,90.0,4.48,HIGH,85.7,6.4,PBK_PLAYER_GRADE_V1,"{""attack"": 5.0, ""creation"": 5.0, ""defending"": 5.0, ""discipline"": 6.0, ""possession"": 0.76, ""pressing"": null, ""progression"": 5.59}","[""AGGREGATE_SOURCE_NO_TRUE_ACTION_QUALITY"", ""PROGRESSION_PROXY_ONLY"", ""PRESSING_UNAVAILABLE""]",API_FOOTBALL_FIXTURES_PLAYERS,true,false,false,false,false
14711,320,Kristiansund BK,2017-04-01T16:00:00+00:00,2026-09-26T08:36:03Z,39154,Aliou Coly,D,90.0,4.75,HIGH,85.7,6.7,PBK_PLAYER_GRADE_V1,"{""attack"": 5.0, ""creation"": 6.47, ""defending"": 5.6, ""discipline"": 5.72, ""possession"": 0.0, ""pressing"": null, ""progression"": 5.49}","[""AGGREGATE_SOURCE_NO_TRUE_ACTION_QUALITY"", ""PROGRESSION_PROXY_ONLY"", ""PRESSING_UNAVAILABLE""]",API_FOOTBALL_FIXTURES_PLAYERS,true,false,false,false,false
14711,320,Kristiansund BK,2017-04-01T16:00:00+00:00,2026-09-26T08:36:03Z,39155,Andreas Hopmark,D,90.0,7.12,HIGH,85.7,7.0,PBK_PLAYER_GRADE_V1,"{""attack"": 5.0, ""creation"": 5.24, ""defending"": 8.88, ""discipline"": 6.0, ""possession"": 5.58, ""pressing"": null, ""progression"": 6.5}","[""AGGREGATE_SOURCE_NO_TRUE_ACTION_QUALITY"", ""PROGRESSION_PROXY_ONLY"", ""PRESSING_UNAVAILABLE""]",API_FOOTBALL_FIXTURES_PLAYERS,true,false,false,false,false
14711,320,Kristiansund BK,2017-04-01T16:00:00+00:00,2026-09-26T08:36:03Z,39160,Henrik Gjesdal,D,90.0,4.31,HIGH,85.7,6.4,PBK_PLAYER_GRADE_V1,"{""attack"": 5.0, ""creation"": 5.0, ""defending"": 3.64, ""discipline"": 5.72, ""possession"": 3.0, ""pressing"": null, ""progression"": 5.7}","[""AGGREGATE_SOURCE_NO_TRUE_ACTION_QUALITY"", ""PROGRESSION_PROXY_ONLY"", ""PRESSING_UNAVAILABLE""]",API_FOOTBALL_FIXTURES_PLAYERS,true,false,false,false,false
14711,320,Kristiansund BK,2017-04-01T16:00:00+00:00,2026-09-26T08:36:03Z,39161,Dan Peter Ulvestad,D,90.0,5.82,HIGH,85.7,6.9,PBK_PLAYER_GRADE_V1,"{""attack"": 5.0, ""creation"": 5.0, ""defending"": 6.06, ""discipline"": 5.72, ""possession"": 5.75, ""pressing"": null, ""progression"": 6.05}","[""AGGREGATE_SOURCE_NO_TRUE_ACTION_QUALITY"", ""PROGRESSION_PROXY_ONLY"", ""PRESSING_UNAVAILABLE""]",API_FOOTBALL_FIXTURES_PLAYERS,true,false,false,false,false
14711,320,Kristiansund BK,2017-04-01T16:00:00+00:00,2026-09-26T08:36:03Z,39166,Liridon Kalludra,M,29.0,7.02,LOW,85.7,6.7,PBK_PLAYER_GRADE_V1,"{""attack"": 5.0, ""creation"": 9.19, ""defending"": 5.0, ""discipline"": 6.0, ""possession"": 8.33, ""pressing"": null, ""progression"": 6.63}","[""AGGREGATE_SOURCE_NO_TRUE_ACTION_QUALITY"", ""PROGRESSION_PROXY_ONLY"", ""PRESSING_UNAVAILABLE""]",API_FOOTBALL_FIXTURES_PLAYERS,true,false,false,false,false
14711,320,Kristiansund BK,2017-04-01T16:00:00+00:00,2026-09-26T08:36:03Z,39169,Sondre Sorlie,M,90.0,5.03,HIGH,85.7,6.8,PBK_PLAYER_GRADE_V1,"{""attack"": 5.5, ""creation"": 6.14, ""defending"": 5.38, ""discipline"": 4.44, ""possession"": 2.8, ""pressing"": null, ""progression"": 5.78}","[""AGGREGATE_SOURCE_NO_TRUE_ACTION_QUALITY"", ""PROGRESSION_PROXY_ONLY"", ""PRESSING_UNAVAILABLE""]",API_FOOTBALL_FIXTURES_PLAYERS,true,false,false,false,false
14711,320,Kristiansund BK,2017-04-01T16:00:00+00:00,2026-09-26T08:36:03Z,39219,Daouda Karamoko Bamba,F,86.0,5.2,HIGH,85.7,6.5,PBK_PLAYER_GRADE_V1,"{""attack"": 5.0, ""creation"": 5.25, ""defending"": 5.0, ""discipline"": 6.0, ""possession"": 5.16, ""pressing"": null, ""progression"": 5.22}","[""AGGREGATE_SOURCE_NO_TRUE_ACTION_QUALITY"", ""PROGRESSION_PROXY_ONLY"", ""PRESSING_UNAVAILABLE""]",API_FOOTBALL_FIXTURES_PLAYERS,true,false,false,false,false
14711,320,Kristiansund BK,2017-04-01T16:00:00+00:00,2026-09-26T08:36:03Z,57206,Sverre Okland,M,90.0,6.08,HIGH,85.7,7.5,PBK_PLAYER_GRADE_V1,"{""attack"": 5.25, ""creation"": 5.0, ""defending"": 6.59, ""discipline"": 5.44, ""possession"": 7.42, ""pressing"": null, ""progression"": 6.23}","[""AGGREGATE_SOURCE_NO_TRUE_ACTION_QUALITY"", ""PROGRESSION_PROXY_ONLY"", ""PRESSING_UNAVAILABLE""]",API_FOOTBALL_FIXTURES_PLAYERS,true,false,false,false,false
14711,320,Kristiansund BK,2017-04-01T16:00:00+00:00,2026-09-26T08:36:03Z,57324,Jonas Ronningen,M,61.0,4.99,MEDIUM,85.7,6.8,PBK_PLAYER_GRADE_V1,"{""attack"": 5.0, ""creation"": 5.53, ""defending"": 6.3, ""discipline"": 6.0, ""possession"": 2.72, ""pressing"": null, ""progression"": 5.31}","[""AGGREGATE_SOURCE_NO_TRUE_ACTION_QUALITY"", ""PROGRESSION_PROXY_ONLY"", ""PRESSING_UNAVAILABLE""]",API_FOOTBALL_FIXTURES_PLAYERS,true,false,false,false,false
14711,320,Kristiansund BK,2017-04-01T16:00:00+00:00,2026-09-26T08:36:03Z,57427,Jean Allasande Mendy,F,17.0,5.54,LOW,85.7,6.3,PBK_PLAYER_GRADE_V1,"{""attack"": 5.0, ""creation"": 5.64, ""defending"": 2.5, ""discipline"": 4.52, ""possession"": 9.43, ""pressing"": null, ""progression"": 5.37}","[""AGGREGATE_SOURCE_NO_TRUE_ACTION_QUALITY"", ""PROGRESSION_PROXY_ONLY"", ""PRESSING_UNAVAILABLE""]",API_FOOTBALL_FIXTURES_PLAYERS,true,false,false,false,false
14711,320,Kristiansund BK,2017-04-01T16:00:00+00:00,2026-09-26T08:36:03Z,94725,Rocky Lekaj,M,4.0,6.87,LOW,85.7,6.5,PBK_PLAYER_GRADE_V1,"{""attack"": 5.0, ""creation"": 5.0, ""defending"": 5.0, ""discipline"": 6.0, ""possession"": 10.0, ""pressing"": null, ""progression"": 8.15}","[""AGGREGATE_SOURCE_NO_TRUE_ACTION_QUALITY"", ""PROGRESSION_PROXY_ONLY"", ""PRESSING_UNAVAILABLE""]",API_FOOTBALL_FIXTURES_PLAYERS,true,false,false,false,false
14711,320,Kristiansund BK,2017-04-01T16:00:00+00:00,2026-09-26T08:36:03Z,94880,Kamer Qaka,M,90.0,6.97,HIGH,85.7,7.4,PBK_PLAYER_GRADE_V1,"{""attack"": 5.75, ""creation"": 5.93, ""defending"": 6.8, ""discipline"": 5.72, ""possession"": 8.97, ""pressing"": null, ""progression"": 7.36}","[""AGGREGATE_SOURCE_NO_TRUE_ACTION_QUALITY"", ""PROGRESSION_PROXY_ONLY"", ""PRESSING_UNAVAILABLE""]",API_FOOTBALL_FIXTURES_PLAYERS,true,false,false,false,false
14711,329,Molde,2017-04-01T16:00:00+00:00,2026-09-26T08:36:03Z,100017,Knut Olav Rindarøy,D,90.0,5.83,HIGH,85.7,7.4,PBK_PLAYER_GRADE_V1,"{""attack"": 5.25, ""creation"": 5.12, ""defending"": 6.77, ""discipline"": 6.0, ""possession"": 3.58, ""pressing"": null, ""progression"": 5.98}","[""AGGREGATE_SOURCE_NO_TRUE_ACTION_QUALITY"", ""PROGRESSION_PROXY_ONLY"", ""PRESSING_UNAVAILABLE""]",API_FOOTBALL_FIXTURES_PLAYERS,true,false,false,false,false
14711,329,Molde,2017-04-01T16:00:00+00:00,2026-09-26T08:36:03Z,2796,Björn Sigurðarson,F,90.0,5.37,HIGH,85.7,7.0,PBK_PLAYER_GRADE_V1,"{""attack"": 5.75, ""creation"": 6.49, ""defending"": 4.58, ""discipline"": 5.72, ""possession"": 0.95, ""pressing"": null, ""progression"": 6.17}","[""AGGREGATE_SOURCE_NO_TRUE_ACTION_QUALITY"", ""PROGRESSION_PROXY_ONLY"", ""PRESSING_UNAVAILABLE""]",API_FOOTBALL_FIXTURES_PLAYERS,true,false,false,false,false
14711,329,Molde,2017-04-01T16:00:00+00:00,2026-09-26T08:36:03Z,39034,Andreas Linde,G,90.0,6.01,HIGH,85.7,7.2,PBK_PLAYER_GRADE_V1,"{""attack"": 5.0, ""creation"": 5.45, ""defending"": 9.17, ""discipline"": 5.0, ""possession"": 0.0, ""pressing"": null, ""progression"": 5.28}","[""AGGREGATE_SOURCE_NO_TRUE_ACTION_QUALITY"", ""PROGRESSION_PROXY_ONLY"", ""PRESSING_UNAVAILABLE""]",API_FOOTBALL_FIXTURES_PLAYERS,true,false,false,false,false
14711,329,Molde,2017-04-01T16:00:00+00:00,2026-09-26T08:36:03Z,39038,Ruben Gabrielsen,D,90.0,7.29,HIGH,85.7,7.5,PBK_PLAYER_GRADE_V1,"{""attack"": 5.25, ""creation"": 5.0, ""defending"": 10.0, ""discipline"": 6.0, ""possession"": 4.45, ""pressing"": null, ""progression"": 5.81}","[""AGGREGATE_SOURCE_NO_TRUE_ACTION_QUALITY"", ""PROGRESSION_PROXY_ONLY"", ""PRESSING_UNAVAILABLE""]",API_FOOTBALL_FIXTURES_PLAYERS,true,false,false,false,false
14711,329,Molde,2017-04-01T16:00:00+00:00,2026-09-26T08:36:03Z,39041,Christoffer Remmer,D,90.0,5.73,HIGH,85.7,7.1,PBK_PLAYER_GRADE_V1,"{""attack"": 5.0, ""creation"": 5.0, ""defending"": 6.59, ""discipline"": 4.72, ""possession"": 4.69, ""pressing"": null, ""progression"": 5.74}","[""AGGREGATE_SOURCE_NO_TRUE_ACTION_QUALITY"", ""PROGRESSION_PROXY_ONLY"", ""PRESSING_UNAVAILABLE""]",API_FOOTBALL_FIXTURES_PLAYERS,true,false,false,false,false
14711,329,Molde,2017-04-01T16:00:00+00:00,2026-09-26T08:36:03Z,39043,Fredrik Aursnes,M,11.0,4.46,LOW,85.7,6.5,PBK_PLAYER_GRADE_V1,"{""attack"": 5.0, ""creation"": 5.0, ""defending"": 5.0, ""discipline"": 6.0, ""possession"": 1.24, ""pressing"": null, ""progression"": 5.57}","[""AGGREGATE_SOURCE_NO_TRUE_ACTION_QUALITY"", ""PROGRESSION_PROXY_ONLY"", ""PRESSING_UNAVAILABLE""]",API_FOOTBALL_FIXTURES_PLAYERS,true,false,false,false,false
14711,329,Molde,2017-04-01T16:00:00+00:00,2026-09-26T08:36:03Z,39044,Eirik Hestad,M,79.0,4.67,HIGH,85.7,6.6,PBK_PLAYER_GRADE_V1,"{""attack"": 5.28, ""creation"": 5.14, ""defending"": 5.47, ""discipline"": 5.36, ""possession"": 1.73, ""pressing"": null, ""progression"": 5.76}","[""AGGREGATE_SOURCE_NO_TRUE_ACTION_QUALITY"", ""PROGRESSION_PROXY_ONLY"", ""PRESSING_UNAVAILABLE""]",API_FOOTBALL_FIXTURES_PLAYERS,true,false,false,false,false
14711,329,Molde,2017-04-01T16:00:00+00:00,2026-09-26T08:36:03Z,39045,Etzaz Hussain,M,27.0,5.06,LOW,85.7,6.7,PBK_PLAYER_GRADE_V1,"{""attack"": 5.0, ""creation"": 5.0, ""defending"": 4.17, ""discipline"": 4.13, ""possession"": 5.17, ""pressing"": null, ""progression"": 5.93}","[""AGGREGATE_SOURCE_NO_TRUE_ACTION_QUALITY"", ""PROGRESSION_PROXY_ONLY"", ""PRESSING_UNAVAILABLE""]",API_FOOTBALL_FIXTURES_PLAYERS,true,false,false,false,false
14711,329,Molde,2017-04-01T16:00:00+00:00,2026-09-26T08:36:03Z,39101,Sander Svendsen,F,59.0,5.31,MEDIUM,85.7,6.6,PBK_PLAYER_GRADE_V1,"{""attack"": 5.38, ""creation"": 5.0, ""defending"": 2.92, ""discipline"": 5.57, ""possession"": 5.66, ""pressing"": null, ""progression"": 5.97}","[""AGGREGATE_SOURCE_NO_TRUE_ACTION_QUALITY"", ""PROGRESSION_PROXY_ONLY"", ""PRESSING_UNAVAILABLE""]",API_FOOTBALL_FIXTURES_PLAYERS,true,false,false,false,false
14711,329,Molde,2017-04-01T16:00:00+00:00,2026-09-26T08:36:03Z,39197,Fredrik Brustad,F,63.0,6.02,MEDIUM,85.7,6.9,PBK_PLAYER_GRADE_V1,"{""attack"": 7.5, ""creation"": 5.0, ""defending"": 5.0, ""discipline"": 5.2, ""possession"": 4.6, ""pressing"": null, ""progression"": 5.6}","[""AGGREGATE_SOURCE_NO_TRUE_ACTION_QUALITY"", ""PROGRESSION_PROXY_ONLY"", ""PRESSING_UNAVAILABLE""]",API_FOOTBALL_FIXTURES_PLAYERS,true,false,false,false,false
14711,329,Molde,2017-04-01T16:00:00+00:00,2026-09-26T08:36:03Z,39217,Petter Strand,M,90.0,5.5,HIGH,85.7,6.2,PBK_PLAYER_GRADE_V1,"{""attack"": 5.25, ""creation"": 5.36, ""defending"": 5.13, ""discipline"": 5.72, ""possession"": 5.29, ""pressing"": null, ""progression"": 6.05}","[""AGGREGATE_SOURCE_NO_TRUE_ACTION_QUALITY"", ""PROGRESSION_PROXY_ONLY"", ""PRESSING_UNAVAILABLE""]",API_FOOTBALL_FIXTURES_PLAYERS,true,false,false,false,false
14711,329,Molde,2017-04-01T16:00:00+00:00,2026-09-26T08:36:03Z,47733,Óttar Magnús Karlsson,F,31.0,5.09,LOW,85.7,6.3,PBK_PLAYER_GRADE_V1,"{""attack"": 5.0, ""creation"": 5.35, ""defending"": 3.6, ""discipline"": 5.19, ""possession"": 4.67, ""pressing"": null, ""progression"": 5.71}","[""AGGREGATE_SOURCE_NO_TRUE_ACTION_QUALITY"", ""PROGRESSION_PROXY_ONLY"", ""PRESSING_UNAVAILABLE""]",API_FOOTBALL_FIXTURES_PLAYERS,true,false,false,false,false
14711,329,Molde,2017-04-01T16:00:00+00:00,2026-09-26T08:36:03Z,48066,Stian Gregersen,D,90.0,5.56,HIGH,85.7,7.2,PBK_PLAYER_GRADE_V1,"{""attack"": 5.0, ""creation"": 5.12, ""defending"": 5.83, ""discipline"": 5.44, ""possession"": 5.38, ""pressing"": null, ""progression"": 5.53}","[""AGGREGATE_SOURCE_NO_TRUE_ACTION_QUALITY"", ""PROGRESSION_PROXY_ONLY"", ""PRESSING_UNAVAILABLE""]",API_FOOTBALL_FIXTURES_PLAYERS,true,false,false,false,false
14711,329,Molde,2017-04-01T16:00:00+00:00,2026-09-26T08:36:03Z,53756,Babacar Sarr,D,90.0,6.63,HIGH,85.7,7.4,PBK_PLAYER_GRADE_V1,"{""attack"": 5.0, ""creation"": 5.24, ""defending"": 8.76, ""discipline"": 3.88, ""possession"": 4.72, ""pressing"": null, ""progression"": 6.02}","[""AGGREGATE_SOURCE_NO_TRUE_ACTION_QUALITY"", ""PROGRESSION_PROXY_ONLY"", ""PRESSING_UNAVAILABLE""]",API_FOOTBALL_FIXTURES_PLAYERS,true,false,false,false,false
