fixture_id,country,provider_competition_id,competition_name,season,round,kickoff_utc,home_team,away_team,team_id,team_name,player_id,player_name,availability_type,reason,retrieved_at_utc,source_endpoint,temporal_authority,archive_version
1382426,Belgium,144,Jupiler Pro League,2025,Regular Season - 1,2025-07-25T18:45:00+00:00,Antwerp,Union St. Gilloise,1393,Union St. Gilloise,76579,Guillaume Francois,Missing Fixture,Unknown Injury,2026-09-20T20:27:30Z,/injuries,RETROSPECTIVE_ONLY,PBK_STAGE80_HISTORICAL_LINEUP_INJURY_BACKFILL_V1
1382426,Belgium,144,Jupiler Pro League,2025,Regular Season - 1,2025-07-25T18:45:00+00:00,Antwerp,Union St. Gilloise,740,Antwerp,198347,Anthony Valencia,Missing Fixture,Ruptured cruciate ligament,2026-09-20T20:27:30Z,/injuries,RETROSPECTIVE_ONLY,PBK_STAGE80_HISTORICAL_LINEUP_INJURY_BACKFILL_V1
1382426,Belgium,144,Jupiler Pro League,2025,Regular Season - 1,2025-07-25T18:45:00+00:00,Antwerp,Union St. Gilloise,740,Antwerp,21999,Bjorn Engels,Missing Fixture,Achilles heel problems,2026-09-20T20:27:30Z,/injuries,RETROSPECTIVE_ONLY,PBK_STAGE80_HISTORICAL_LINEUP_INJURY_BACKFILL_V1
1382426,Belgium,144,Jupiler Pro League,2025,Regular Season - 1,2025-07-25T18:45:00+00:00,Antwerp,Union St. Gilloise,740,Antwerp,8455,Geoffry Hairemans,Missing Fixture,Cruciate ligament injury,2026-09-20T20:27:30Z,/injuries,RETROSPECTIVE_ONLY,PBK_STAGE80_HISTORICAL_LINEUP_INJURY_BACKFILL_V1
1382427,Belgium,144,Jupiler Pro League,2025,Regular Season - 1,2025-07-26T14:00:00+00:00,Dender,Cercle Brugge,6215,Dender,298006,Noah Mbamba,Missing Fixture,Muscle Injury,2026-09-20T20:27:30Z,/injuries,RETROSPECTIVE_ONLY,PBK_STAGE80_HISTORICAL_LINEUP_INJURY_BACKFILL_V1
1382427,Belgium,144,Jupiler Pro League,2025,Regular Season - 1,2025-07-26T14:00:00+00:00,Dender,Cercle Brugge,6215,Dender,315025,M. Berte,Missing Fixture,Muscle bruise,2026-09-20T20:27:30Z,/injuries,RETROSPECTIVE_ONLY,PBK_STAGE80_HISTORICAL_LINEUP_INJURY_BACKFILL_V1
1382427,Belgium,144,Jupiler Pro League,2025,Regular Season - 1,2025-07-26T14:00:00+00:00,Dender,Cercle Brugge,6215,Dender,37671,Joedrick Pupe,Missing Fixture,Abdominal muscles injury,2026-09-20T20:27:30Z,/injuries,RETROSPECTIVE_ONLY,PBK_STAGE80_HISTORICAL_LINEUP_INJURY_BACKFILL_V1
1382427,Belgium,144,Jupiler Pro League,2025,Regular Season - 1,2025-07-26T14:00:00+00:00,Dender,Cercle Brugge,6215,Dender,37839,Ragnar Oratmangoen,Missing Fixture,Infection,2026-09-20T20:27:30Z,/injuries,RETROSPECTIVE_ONLY,PBK_STAGE80_HISTORICAL_LINEUP_INJURY_BACKFILL_V1
1382427,Belgium,144,Jupiler Pro League,2025,Regular Season - 1,2025-07-26T14:00:00+00:00,Dender,Cercle Brugge,6215,Dender,8924,Michael Verrips,Missing Fixture,Abdominal muscles injury,2026-09-20T20:27:30Z,/injuries,RETROSPECTIVE_ONLY,PBK_STAGE80_HISTORICAL_LINEUP_INJURY_BACKFILL_V1
1382427,Belgium,144,Jupiler Pro League,2025,Regular Season - 1,2025-07-26T14:00:00+00:00,Dender,Cercle Brugge,741,Cercle Brugge,454418,Abdoul Ouattara,Missing Fixture,Broken leg,2026-09-20T20:27:30Z,/injuries,RETROSPECTIVE_ONLY,PBK_STAGE80_HISTORICAL_LINEUP_INJURY_BACKFILL_V1
1382429,Belgium,144,Jupiler Pro League,2025,Regular Season - 1,2025-07-26T18:45:00+00:00,RAAL La Louvière,Standard Liege,733,Standard Liege,15862,Casper Nielsen,Missing Fixture,Calf Injury,2026-09-20T20:27:30Z,/injuries,RETROSPECTIVE_ONLY,PBK_STAGE80_HISTORICAL_LINEUP_INJURY_BACKFILL_V1
1382429,Belgium,144,Jupiler Pro League,2025,Regular Season - 1,2025-07-26T18:45:00+00:00,RAAL La Louvière,Standard Liege,733,Standard Liege,24865,David Bates,Missing Fixture,Knee injury,2026-09-20T20:27:30Z,/injuries,RETROSPECTIVE_ONLY,PBK_STAGE80_HISTORICAL_LINEUP_INJURY_BACKFILL_V1
1382430,Belgium,144,Jupiler Pro League,2025,Regular Season - 1,2025-07-27T11:30:00+00:00,Anderlecht,KVC Westerlo,261,KVC Westerlo,300941,Bi Irie Fernand Goure,Missing Fixture,Knee Problems,2026-09-20T20:27:30Z,/injuries,RETROSPECTIVE_ONLY,PBK_STAGE80_HISTORICAL_LINEUP_INJURY_BACKFILL_V1
1382430,Belgium,144,Jupiler Pro League,2025,Regular Season - 1,2025-07-27T11:30:00+00:00,Anderlecht,KVC Westerlo,554,Anderlecht,127418,Killian Sardella,Missing Fixture,hamstring muscle injury,2026-09-20T20:27:30Z,/injuries,RETROSPECTIVE_ONLY,PBK_STAGE80_HISTORICAL_LINEUP_INJURY_BACKFILL_V1
1382430,Belgium,144,Jupiler Pro League,2025,Regular Season - 1,2025-07-27T11:30:00+00:00,Anderlecht,KVC Westerlo,554,Anderlecht,371839,Ilay Camara,Missing Fixture,Muscle Injury,2026-09-20T20:27:30Z,/injuries,RETROSPECTIVE_ONLY,PBK_STAGE80_HISTORICAL_LINEUP_INJURY_BACKFILL_V1
1382430,Belgium,144,Jupiler Pro League,2025,Regular Season - 1,2025-07-27T11:30:00+00:00,Anderlecht,KVC Westerlo,554,Anderlecht,371910,Jan-Carlo Simic,Missing Fixture,Muscle Injury,2026-09-20T20:27:30Z,/injuries,RETROSPECTIVE_ONLY,PBK_STAGE80_HISTORICAL_LINEUP_INJURY_BACKFILL_V1
1382430,Belgium,144,Jupiler Pro League,2025,Regular Season - 1,2025-07-27T11:30:00+00:00,Anderlecht,KVC Westerlo,554,Anderlecht,392147,Zoumana Keita,Missing Fixture,Unknown Injury,2026-09-20T20:27:30Z,/injuries,RETROSPECTIVE_ONLY,PBK_STAGE80_HISTORICAL_LINEUP_INJURY_BACKFILL_V1
1382430,Belgium,144,Jupiler Pro League,2025,Regular Season - 1,2025-07-27T11:30:00+00:00,Anderlecht,KVC Westerlo,554,Anderlecht,453957,Cedric Hatenboer,Missing Fixture,Concussion,2026-09-20T20:27:30Z,/injuries,RETROSPECTIVE_ONLY,PBK_STAGE80_HISTORICAL_LINEUP_INJURY_BACKFILL_V1
1382431,Belgium,144,Jupiler Pro League,2025,Regular Season - 1,2025-07-27T14:00:00+00:00,OH Leuven,Charleroi,260,OH Leuven,199903,Takahiro Akimoto,Missing Fixture,Thigh problems,2026-09-20T20:27:30Z,/injuries,RETROSPECTIVE_ONLY,PBK_STAGE80_HISTORICAL_LINEUP_INJURY_BACKFILL_V1
1382432,Belgium,144,Jupiler Pro League,2025,Regular Season - 1,2025-07-27T16:30:00+00:00,Club Brugge KV,Genk,569,Club Brugge KV,15683,Gustaf Nilsson,Missing Fixture,Achilles tendon problems,2026-09-20T20:27:30Z,/injuries,RETROSPECTIVE_ONLY,PBK_STAGE80_HISTORICAL_LINEUP_INJURY_BACKFILL_V1
1382432,Belgium,144,Jupiler Pro League,2025,Regular Season - 1,2025-07-27T16:30:00+00:00,Club Brugge KV,Genk,569,Club Brugge KV,301322,Kyriani Sabbe,Missing Fixture,Minor Knock,2026-09-20T20:27:30Z,/injuries,RETROSPECTIVE_ONLY,PBK_STAGE80_HISTORICAL_LINEUP_INJURY_BACKFILL_V1
1382432,Belgium,144,Jupiler Pro League,2025,Regular Season - 1,2025-07-27T16:30:00+00:00,Club Brugge KV,Genk,742,Genk,380780,Ibrahima Sory Bangoura,Missing Fixture,Ankle Injury,2026-09-20T20:27:30Z,/injuries,RETROSPECTIVE_ONLY,PBK_STAGE80_HISTORICAL_LINEUP_INJURY_BACKFILL_V1
1382433,Belgium,144,Jupiler Pro League,2025,Regular Season - 1,2025-07-27T17:15:00+00:00,St. Truiden,Gent,631,Gent,260798,Daisuke Yokota,Missing Fixture,Pubalgia,2026-09-20T20:27:30Z,/injuries,RETROSPECTIVE_ONLY,PBK_STAGE80_HISTORICAL_LINEUP_INJURY_BACKFILL_V1
1382434,Belgium,144,Jupiler Pro League,2025,Regular Season - 2,2025-08-01T18:45:00+00:00,KV Mechelen,Club Brugge KV,266,KV Mechelen,92974,Tommy St Jago,Missing Fixture,Achilles tendon problems,2026-09-20T20:27:30Z,/injuries,RETROSPECTIVE_ONLY,PBK_STAGE80_HISTORICAL_LINEUP_INJURY_BACKFILL_V1
1382434,Belgium,144,Jupiler Pro League,2025,Regular Season - 2,2025-08-01T18:45:00+00:00,KV Mechelen,Club Brugge KV,569,Club Brugge KV,15683,Gustaf Nilsson,Missing Fixture,Achilles tendon problems,2026-09-20T20:27:30Z,/injuries,RETROSPECTIVE_ONLY,PBK_STAGE80_HISTORICAL_LINEUP_INJURY_BACKFILL_V1
1382434,Belgium,144,Jupiler Pro League,2025,Regular Season - 2,2025-08-01T18:45:00+00:00,KV Mechelen,Club Brugge KV,569,Club Brugge KV,301322,Kyriani Sabbe,Missing Fixture,Minor Knock,2026-09-20T20:27:30Z,/injuries,RETROSPECTIVE_ONLY,PBK_STAGE80_HISTORICAL_LINEUP_INJURY_BACKFILL_V1
1382435,Belgium,144,Jupiler Pro League,2025,Regular Season - 2,2025-08-02T14:00:00+00:00,KVC Westerlo,Zulte Waregem,261,KVC Westerlo,300941,Bi Irie Fernand Goure,Missing Fixture,Knee Problems,2026-09-20T20:27:30Z,/injuries,RETROSPECTIVE_ONLY,PBK_STAGE80_HISTORICAL_LINEUP_INJURY_BACKFILL_V1
1382436,Belgium,144,Jupiler Pro League,2025,Regular Season - 2,2025-08-02T16:15:00+00:00,Standard Liege,Dender,6215,Dender,315025,M. Berte,Missing Fixture,Muscle bruise,2026-09-20T20:27:30Z,/injuries,RETROSPECTIVE_ONLY,PBK_STAGE80_HISTORICAL_LINEUP_INJURY_BACKFILL_V1
1382436,Belgium,144,Jupiler Pro League,2025,Regular Season - 2,2025-08-02T16:15:00+00:00,Standard Liege,Dender,6215,Dender,37839,Ragnar Oratmangoen,Missing Fixture,Infection,2026-09-20T20:27:30Z,/injuries,RETROSPECTIVE_ONLY,PBK_STAGE80_HISTORICAL_LINEUP_INJURY_BACKFILL_V1
1382436,Belgium,144,Jupiler Pro League,2025,Regular Season - 2,2025-08-02T16:15:00+00:00,Standard Liege,Dender,733,Standard Liege,15862,Casper Nielsen,Missing Fixture,Calf Injury,2026-09-20T20:27:30Z,/injuries,RETROSPECTIVE_ONLY,PBK_STAGE80_HISTORICAL_LINEUP_INJURY_BACKFILL_V1
1382436,Belgium,144,Jupiler Pro League,2025,Regular Season - 2,2025-08-02T16:15:00+00:00,Standard Liege,Dender,733,Standard Liege,1715,Boli Bolingoli Mbombo,Missing Fixture,Groin Injury,2026-09-20T20:27:30Z,/injuries,RETROSPECTIVE_ONLY,PBK_STAGE80_HISTORICAL_LINEUP_INJURY_BACKFILL_V1
1382436,Belgium,144,Jupiler Pro League,2025,Regular Season - 2,2025-08-02T16:15:00+00:00,Standard Liege,Dender,733,Standard Liege,198400,Ibe Hautekiet,Missing Fixture,Minor Knock,2026-09-20T20:27:30Z,/injuries,RETROSPECTIVE_ONLY,PBK_STAGE80_HISTORICAL_LINEUP_INJURY_BACKFILL_V1
1382436,Belgium,144,Jupiler Pro League,2025,Regular Season - 2,2025-08-02T16:15:00+00:00,Standard Liege,Dender,733,Standard Liege,24865,David Bates,Missing Fixture,Knee injury,2026-09-20T20:27:30Z,/injuries,RETROSPECTIVE_ONLY,PBK_STAGE80_HISTORICAL_LINEUP_INJURY_BACKFILL_V1
1382436,Belgium,144,Jupiler Pro League,2025,Regular Season - 2,2025-08-02T16:15:00+00:00,Standard Liege,Dender,733,Standard Liege,38128,Mo El Hankouri,Missing Fixture,fitness,2026-09-20T20:27:30Z,/injuries,RETROSPECTIVE_ONLY,PBK_STAGE80_HISTORICAL_LINEUP_INJURY_BACKFILL_V1
1382437,Belgium,144,Jupiler Pro League,2025,Regular Season - 2,2025-08-02T18:45:00+00:00,Gent,RAAL La Louvière,631,Gent,278233,Max Dean,Missing Fixture,Ruptured cruciate ligament,2026-09-20T20:27:30Z,/injuries,RETROSPECTIVE_ONLY,PBK_STAGE80_HISTORICAL_LINEUP_INJURY_BACKFILL_V1
1382437,Belgium,144,Jupiler Pro League,2025,Regular Season - 2,2025-08-02T18:45:00+00:00,Gent,RAAL La Louvière,631,Gent,2819,Stefan Mitrovic,Missing Fixture,Unknown Injury,2026-09-20T20:27:30Z,/injuries,RETROSPECTIVE_ONLY,PBK_STAGE80_HISTORICAL_LINEUP_INJURY_BACKFILL_V1
1382438,Belgium,144,Jupiler Pro League,2025,Regular Season - 2,2025-08-03T11:30:00+00:00,Genk,Antwerp,740,Antwerp,198347,Anthony Valencia,Missing Fixture,Ruptured cruciate ligament,2026-09-20T20:27:30Z,/injuries,RETROSPECTIVE_ONLY,PBK_STAGE80_HISTORICAL_LINEUP_INJURY_BACKFILL_V1
1382438,Belgium,144,Jupiler Pro League,2025,Regular Season - 2,2025-08-03T11:30:00+00:00,Genk,Antwerp,740,Antwerp,21999,Bjorn Engels,Missing Fixture,Achilles heel problems,2026-09-20T20:27:30Z,/injuries,RETROSPECTIVE_ONLY,PBK_STAGE80_HISTORICAL_LINEUP_INJURY_BACKFILL_V1
1382438,Belgium,144,Jupiler Pro League,2025,Regular Season - 2,2025-08-03T11:30:00+00:00,Genk,Antwerp,740,Antwerp,8455,Geoffry Hairemans,Missing Fixture,Cruciate ligament injury,2026-09-20T20:27:30Z,/injuries,RETROSPECTIVE_ONLY,PBK_STAGE80_HISTORICAL_LINEUP_INJURY_BACKFILL_V1
1382439,Belgium,144,Jupiler Pro League,2025,Regular Season - 2,2025-08-03T14:00:00+00:00,Cercle Brugge,Anderlecht,554,Anderlecht,127418,Killian Sardella,Missing Fixture,hamstring muscle injury,2026-09-20T20:27:30Z,/injuries,RETROSPECTIVE_ONLY,PBK_STAGE80_HISTORICAL_LINEUP_INJURY_BACKFILL_V1
1382439,Belgium,144,Jupiler Pro League,2025,Regular Season - 2,2025-08-03T14:00:00+00:00,Cercle Brugge,Anderlecht,554,Anderlecht,371839,Ilay Camara,Missing Fixture,Muscle Injury,2026-09-20T20:27:30Z,/injuries,RETROSPECTIVE_ONLY,PBK_STAGE80_HISTORICAL_LINEUP_INJURY_BACKFILL_V1
1382439,Belgium,144,Jupiler Pro League,2025,Regular Season - 2,2025-08-03T14:00:00+00:00,Cercle Brugge,Anderlecht,554,Anderlecht,392147,Zoumana Keita,Missing Fixture,Unknown Injury,2026-09-20T20:27:30Z,/injuries,RETROSPECTIVE_ONLY,PBK_STAGE80_HISTORICAL_LINEUP_INJURY_BACKFILL_V1
1382439,Belgium,144,Jupiler Pro League,2025,Regular Season - 2,2025-08-03T14:00:00+00:00,Cercle Brugge,Anderlecht,554,Anderlecht,453957,Cedric Hatenboer,Missing Fixture,Concussion,2026-09-20T20:27:30Z,/injuries,RETROSPECTIVE_ONLY,PBK_STAGE80_HISTORICAL_LINEUP_INJURY_BACKFILL_V1
1382439,Belgium,144,Jupiler Pro League,2025,Regular Season - 2,2025-08-03T14:00:00+00:00,Cercle Brugge,Anderlecht,741,Cercle Brugge,341969,Heriberto Jurado,Missing Fixture,Minor Knock,2026-09-20T20:27:30Z,/injuries,RETROSPECTIVE_ONLY,PBK_STAGE80_HISTORICAL_LINEUP_INJURY_BACKFILL_V1
1382439,Belgium,144,Jupiler Pro League,2025,Regular Season - 2,2025-08-03T14:00:00+00:00,Cercle Brugge,Anderlecht,741,Cercle Brugge,454418,Abdoul Ouattara,Missing Fixture,Broken leg,2026-09-20T20:27:30Z,/injuries,RETROSPECTIVE_ONLY,PBK_STAGE80_HISTORICAL_LINEUP_INJURY_BACKFILL_V1
1382440,Belgium,144,Jupiler Pro League,2025,Regular Season - 2,2025-08-03T16:30:00+00:00,Union St. Gilloise,OH Leuven,1393,Union St. Gilloise,76579,Guillaume Francois,Missing Fixture,Unknown Injury,2026-09-20T20:27:30Z,/injuries,RETROSPECTIVE_ONLY,PBK_STAGE80_HISTORICAL_LINEUP_INJURY_BACKFILL_V1
1382440,Belgium,144,Jupiler Pro League,2025,Regular Season - 2,2025-08-03T16:30:00+00:00,Union St. Gilloise,OH Leuven,260,OH Leuven,315024,Manuel Osifo,Missing Fixture,Minor Knock,2026-09-20T20:27:30Z,/injuries,RETROSPECTIVE_ONLY,PBK_STAGE80_HISTORICAL_LINEUP_INJURY_BACKFILL_V1
1382440,Belgium,144,Jupiler Pro League,2025,Regular Season - 2,2025-08-03T16:30:00+00:00,Union St. Gilloise,OH Leuven,260,OH Leuven,71109,Bryang Kayo,Missing Fixture,Minor Knock,2026-09-20T20:27:30Z,/injuries,RETROSPECTIVE_ONLY,PBK_STAGE80_HISTORICAL_LINEUP_INJURY_BACKFILL_V1
1382442,Belgium,144,Jupiler Pro League,2025,Regular Season - 3,2025-08-08T18:45:00+00:00,St. Truiden,Dender,6215,Dender,315025,M. Berte,Missing Fixture,Muscle bruise,2026-09-20T20:27:30Z,/injuries,RETROSPECTIVE_ONLY,PBK_STAGE80_HISTORICAL_LINEUP_INJURY_BACKFILL_V1
1382442,Belgium,144,Jupiler Pro League,2025,Regular Season - 3,2025-08-08T18:45:00+00:00,St. Truiden,Dender,6215,Dender,37839,Ragnar Oratmangoen,Missing Fixture,Infection,2026-09-20T20:27:30Z,/injuries,RETROSPECTIVE_ONLY,PBK_STAGE80_HISTORICAL_LINEUP_INJURY_BACKFILL_V1
1382442,Belgium,144,Jupiler Pro League,2025,Regular Season - 3,2025-08-08T18:45:00+00:00,St. Truiden,Dender,735,St. Truiden,20839,Abdoulaye Sissako,Missing Fixture,Knee injury,2026-09-20T20:27:30Z,/injuries,RETROSPECTIVE_ONLY,PBK_STAGE80_HISTORICAL_LINEUP_INJURY_BACKFILL_V1
1382442,Belgium,144,Jupiler Pro League,2025,Regular Season - 3,2025-08-08T18:45:00+00:00,St. Truiden,Dender,735,St. Truiden,21068,Loic Lapoussin,Missing Fixture,Calf Injury,2026-09-20T20:27:30Z,/injuries,RETROSPECTIVE_ONLY,PBK_STAGE80_HISTORICAL_LINEUP_INJURY_BACKFILL_V1
1382443,Belgium,144,Jupiler Pro League,2025,Regular Season - 3,2025-08-09T14:00:00+00:00,Club Brugge KV,Cercle Brugge,569,Club Brugge KV,15683,Gustaf Nilsson,Missing Fixture,Achilles tendon problems,2026-09-20T20:27:30Z,/injuries,RETROSPECTIVE_ONLY,PBK_STAGE80_HISTORICAL_LINEUP_INJURY_BACKFILL_V1
1382443,Belgium,144,Jupiler Pro League,2025,Regular Season - 3,2025-08-09T14:00:00+00:00,Club Brugge KV,Cercle Brugge,569,Club Brugge KV,301322,Kyriani Sabbe,Missing Fixture,Minor Knock,2026-09-20T20:27:30Z,/injuries,RETROSPECTIVE_ONLY,PBK_STAGE80_HISTORICAL_LINEUP_INJURY_BACKFILL_V1
1382443,Belgium,144,Jupiler Pro League,2025,Regular Season - 3,2025-08-09T14:00:00+00:00,Club Brugge KV,Cercle Brugge,569,Club Brugge KV,40809,Michal Skoras,Missing Fixture,Minor Knock,2026-09-20T20:27:30Z,/injuries,RETROSPECTIVE_ONLY,PBK_STAGE80_HISTORICAL_LINEUP_INJURY_BACKFILL_V1
1382443,Belgium,144,Jupiler Pro League,2025,Regular Season - 3,2025-08-09T14:00:00+00:00,Club Brugge KV,Cercle Brugge,741,Cercle Brugge,341969,Heriberto Jurado,Missing Fixture,Minor Knock,2026-09-20T20:27:30Z,/injuries,RETROSPECTIVE_ONLY,PBK_STAGE80_HISTORICAL_LINEUP_INJURY_BACKFILL_V1
1382443,Belgium,144,Jupiler Pro League,2025,Regular Season - 3,2025-08-09T14:00:00+00:00,Club Brugge KV,Cercle Brugge,741,Cercle Brugge,454418,Abdoul Ouattara,Missing Fixture,Broken leg,2026-09-20T20:27:30Z,/injuries,RETROSPECTIVE_ONLY,PBK_STAGE80_HISTORICAL_LINEUP_INJURY_BACKFILL_V1
1382444,Belgium,144,Jupiler Pro League,2025,Regular Season - 3,2025-08-09T16:15:00+00:00,KVC Westerlo,KV Mechelen,261,KVC Westerlo,300941,Bi Irie Fernand Goure,Missing Fixture,Knee Problems,2026-09-20T20:27:30Z,/injuries,RETROSPECTIVE_ONLY,PBK_STAGE80_HISTORICAL_LINEUP_INJURY_BACKFILL_V1
1382445,Belgium,144,Jupiler Pro League,2025,Regular Season - 3,2025-08-09T18:45:00+00:00,Gent,Union St. Gilloise,1393,Union St. Gilloise,19850,Christian Burgess,Missing Fixture,Minor Knock,2026-09-20T20:27:30Z,/injuries,RETROSPECTIVE_ONLY,PBK_STAGE80_HISTORICAL_LINEUP_INJURY_BACKFILL_V1
1382445,Belgium,144,Jupiler Pro League,2025,Regular Season - 3,2025-08-09T18:45:00+00:00,Gent,Union St. Gilloise,1393,Union St. Gilloise,313353,Promise David,Missing Fixture,Minor Knock,2026-09-20T20:27:30Z,/injuries,RETROSPECTIVE_ONLY,PBK_STAGE80_HISTORICAL_LINEUP_INJURY_BACKFILL_V1
1382445,Belgium,144,Jupiler Pro League,2025,Regular Season - 3,2025-08-09T18:45:00+00:00,Gent,Union St. Gilloise,631,Gent,278233,Max Dean,Missing Fixture,Ruptured cruciate ligament,2026-09-20T20:27:30Z,/injuries,RETROSPECTIVE_ONLY,PBK_STAGE80_HISTORICAL_LINEUP_INJURY_BACKFILL_V1
1382445,Belgium,144,Jupiler Pro League,2025,Regular Season - 3,2025-08-09T18:45:00+00:00,Gent,Union St. Gilloise,631,Gent,2819,Stefan Mitrovic,Missing Fixture,Unknown Injury,2026-09-20T20:27:30Z,/injuries,RETROSPECTIVE_ONLY,PBK_STAGE80_HISTORICAL_LINEUP_INJURY_BACKFILL_V1
1382446,Belgium,144,Jupiler Pro League,2025,Regular Season - 3,2025-08-10T11:30:00+00:00,RAAL La Louvière,Charleroi,5902,RAAL La Louvière,274254,Lucas Bretelle,Missing Fixture,fitness,2026-09-20T20:27:30Z,/injuries,RETROSPECTIVE_ONLY,PBK_STAGE80_HISTORICAL_LINEUP_INJURY_BACKFILL_V1
1382447,Belgium,144,Jupiler Pro League,2025,Regular Season - 3,2025-08-10T14:00:00+00:00,Anderlecht,Zulte Waregem,554,Anderlecht,127418,Killian Sardella,Missing Fixture,hamstring muscle injury,2026-09-20T20:27:30Z,/injuries,RETROSPECTIVE_ONLY,PBK_STAGE80_HISTORICAL_LINEUP_INJURY_BACKFILL_V1
1382447,Belgium,144,Jupiler Pro League,2025,Regular Season - 3,2025-08-10T14:00:00+00:00,Anderlecht,Zulte Waregem,554,Anderlecht,371839,Ilay Camara,Missing Fixture,Hamstring Injury,2026-09-20T20:27:30Z,/injuries,RETROSPECTIVE_ONLY,PBK_STAGE80_HISTORICAL_LINEUP_INJURY_BACKFILL_V1
1382447,Belgium,144,Jupiler Pro League,2025,Regular Season - 3,2025-08-10T14:00:00+00:00,Anderlecht,Zulte Waregem,554,Anderlecht,392147,Zoumana Keita,Missing Fixture,Unknown Injury,2026-09-20T20:27:30Z,/injuries,RETROSPECTIVE_ONLY,PBK_STAGE80_HISTORICAL_LINEUP_INJURY_BACKFILL_V1
1382447,Belgium,144,Jupiler Pro League,2025,Regular Season - 3,2025-08-10T14:00:00+00:00,Anderlecht,Zulte Waregem,600,Zulte Waregem,151502,Atli Barkarson,Missing Fixture,Shoulder injury,2026-09-20T20:27:30Z,/injuries,RETROSPECTIVE_ONLY,PBK_STAGE80_HISTORICAL_LINEUP_INJURY_BACKFILL_V1
1382448,Belgium,144,Jupiler Pro League,2025,Regular Season - 3,2025-08-10T16:30:00+00:00,Standard Liege,Genk,733,Standard Liege,138823,Henry Lawrence,Missing Fixture,Appendectomy,2026-09-20T20:27:30Z,/injuries,RETROSPECTIVE_ONLY,PBK_STAGE80_HISTORICAL_LINEUP_INJURY_BACKFILL_V1
1382448,Belgium,144,Jupiler Pro League,2025,Regular Season - 3,2025-08-10T16:30:00+00:00,Standard Liege,Genk,733,Standard Liege,24865,David Bates,Missing Fixture,Knee injury,2026-09-20T20:27:30Z,/injuries,RETROSPECTIVE_ONLY,PBK_STAGE80_HISTORICAL_LINEUP_INJURY_BACKFILL_V1
1382448,Belgium,144,Jupiler Pro League,2025,Regular Season - 3,2025-08-10T16:30:00+00:00,Standard Liege,Genk,742,Genk,8845,Daan Heymans,Missing Fixture,Ankle Injury,2026-09-20T20:27:30Z,/injuries,RETROSPECTIVE_ONLY,PBK_STAGE80_HISTORICAL_LINEUP_INJURY_BACKFILL_V1
1382449,Belgium,144,Jupiler Pro League,2025,Regular Season - 3,2025-08-10T17:15:00+00:00,Antwerp,OH Leuven,260,OH Leuven,315024,Manuel Osifo,Missing Fixture,Minor Knock,2026-09-20T20:27:30Z,/injuries,RETROSPECTIVE_ONLY,PBK_STAGE80_HISTORICAL_LINEUP_INJURY_BACKFILL_V1
1382449,Belgium,144,Jupiler Pro League,2025,Regular Season - 3,2025-08-10T17:15:00+00:00,Antwerp,OH Leuven,260,OH Leuven,71109,Bryang Kayo,Missing Fixture,Minor Knock,2026-09-20T20:27:30Z,/injuries,RETROSPECTIVE_ONLY,PBK_STAGE80_HISTORICAL_LINEUP_INJURY_BACKFILL_V1
1382449,Belgium,144,Jupiler Pro League,2025,Regular Season - 3,2025-08-10T17:15:00+00:00,Antwerp,OH Leuven,740,Antwerp,198347,Anthony Valencia,Missing Fixture,Ruptured cruciate ligament,2026-09-20T20:27:30Z,/injuries,RETROSPECTIVE_ONLY,PBK_STAGE80_HISTORICAL_LINEUP_INJURY_BACKFILL_V1
1382449,Belgium,144,Jupiler Pro League,2025,Regular Season - 3,2025-08-10T17:15:00+00:00,Antwerp,OH Leuven,740,Antwerp,21999,Bjorn Engels,Missing Fixture,Achilles heel problems,2026-09-20T20:27:30Z,/injuries,RETROSPECTIVE_ONLY,PBK_STAGE80_HISTORICAL_LINEUP_INJURY_BACKFILL_V1
1382449,Belgium,144,Jupiler Pro League,2025,Regular Season - 3,2025-08-10T17:15:00+00:00,Antwerp,OH Leuven,740,Antwerp,8455,Geoffry Hairemans,Missing Fixture,Cruciate ligament injury,2026-09-20T20:27:30Z,/injuries,RETROSPECTIVE_ONLY,PBK_STAGE80_HISTORICAL_LINEUP_INJURY_BACKFILL_V1
1382450,Belgium,144,Jupiler Pro League,2025,Regular Season - 4,2025-08-15T18:45:00+00:00,OH Leuven,Genk,260,OH Leuven,315024,Manuel Osifo,Missing Fixture,Minor Knock,2026-09-20T20:27:30Z,/injuries,RETROSPECTIVE_ONLY,PBK_STAGE80_HISTORICAL_LINEUP_INJURY_BACKFILL_V1
1382450,Belgium,144,Jupiler Pro League,2025,Regular Season - 4,2025-08-15T18:45:00+00:00,OH Leuven,Genk,260,OH Leuven,71109,Bryang Kayo,Missing Fixture,Minor Knock,2026-09-20T20:27:30Z,/injuries,RETROSPECTIVE_ONLY,PBK_STAGE80_HISTORICAL_LINEUP_INJURY_BACKFILL_V1
1382450,Belgium,144,Jupiler Pro League,2025,Regular Season - 4,2025-08-15T18:45:00+00:00,OH Leuven,Genk,742,Genk,8845,Daan Heymans,Missing Fixture,Ankle Injury,2026-09-20T20:27:30Z,/injuries,RETROSPECTIVE_ONLY,PBK_STAGE80_HISTORICAL_LINEUP_INJURY_BACKFILL_V1
1382451,Belgium,144,Jupiler Pro League,2025,Regular Season - 4,2025-08-16T14:00:00+00:00,Zulte Waregem,Club Brugge KV,569,Club Brugge KV,15683,Gustaf Nilsson,Missing Fixture,Achilles tendon problems,2026-09-20T20:27:30Z,/injuries,RETROSPECTIVE_ONLY,PBK_STAGE80_HISTORICAL_LINEUP_INJURY_BACKFILL_V1
1382451,Belgium,144,Jupiler Pro League,2025,Regular Season - 4,2025-08-16T14:00:00+00:00,Zulte Waregem,Club Brugge KV,569,Club Brugge KV,301322,Kyriani Sabbe,Missing Fixture,Minor Knock,2026-09-20T20:27:30Z,/injuries,RETROSPECTIVE_ONLY,PBK_STAGE80_HISTORICAL_LINEUP_INJURY_BACKFILL_V1
1382451,Belgium,144,Jupiler Pro League,2025,Regular Season - 4,2025-08-16T14:00:00+00:00,Zulte Waregem,Club Brugge KV,569,Club Brugge KV,40809,Michal Skoras,Missing Fixture,Minor Knock,2026-09-20T20:27:30Z,/injuries,RETROSPECTIVE_ONLY,PBK_STAGE80_HISTORICAL_LINEUP_INJURY_BACKFILL_V1
1382451,Belgium,144,Jupiler Pro League,2025,Regular Season - 4,2025-08-16T14:00:00+00:00,Zulte Waregem,Club Brugge KV,600,Zulte Waregem,151502,Atli Barkarson,Missing Fixture,Shoulder injury,2026-09-20T20:27:30Z,/injuries,RETROSPECTIVE_ONLY,PBK_STAGE80_HISTORICAL_LINEUP_INJURY_BACKFILL_V1
1382452,Belgium,144,Jupiler Pro League,2025,Regular Season - 4,2025-08-16T16:15:00+00:00,KV Mechelen,Gent,631,Gent,278233,Max Dean,Missing Fixture,Ruptured cruciate ligament,2026-09-20T20:27:30Z,/injuries,RETROSPECTIVE_ONLY,PBK_STAGE80_HISTORICAL_LINEUP_INJURY_BACKFILL_V1
1382452,Belgium,144,Jupiler Pro League,2025,Regular Season - 4,2025-08-16T16:15:00+00:00,KV Mechelen,Gent,631,Gent,2819,Stefan Mitrovic,Missing Fixture,Unknown Injury,2026-09-20T20:27:30Z,/injuries,RETROSPECTIVE_ONLY,PBK_STAGE80_HISTORICAL_LINEUP_INJURY_BACKFILL_V1
1382453,Belgium,144,Jupiler Pro League,2025,Regular Season - 4,2025-08-16T18:45:00+00:00,Union St. Gilloise,Standard Liege,1393,Union St. Gilloise,19850,Christian Burgess,Missing Fixture,Minor Knock,2026-09-20T20:27:30Z,/injuries,RETROSPECTIVE_ONLY,PBK_STAGE80_HISTORICAL_LINEUP_INJURY_BACKFILL_V1
1382453,Belgium,144,Jupiler Pro League,2025,Regular Season - 4,2025-08-16T18:45:00+00:00,Union St. Gilloise,Standard Liege,1393,Union St. Gilloise,313353,Promise David,Missing Fixture,Minor Knock,2026-09-20T20:27:30Z,/injuries,RETROSPECTIVE_ONLY,PBK_STAGE80_HISTORICAL_LINEUP_INJURY_BACKFILL_V1
1382453,Belgium,144,Jupiler Pro League,2025,Regular Season - 4,2025-08-16T18:45:00+00:00,Union St. Gilloise,Standard Liege,733,Standard Liege,138823,Henry Lawrence,Missing Fixture,Appendectomy,2026-09-20T20:27:30Z,/injuries,RETROSPECTIVE_ONLY,PBK_STAGE80_HISTORICAL_LINEUP_INJURY_BACKFILL_V1
1382453,Belgium,144,Jupiler Pro League,2025,Regular Season - 4,2025-08-16T18:45:00+00:00,Union St. Gilloise,Standard Liege,733,Standard Liege,24865,David Bates,Missing Fixture,Knee injury,2026-09-20T20:27:30Z,/injuries,RETROSPECTIVE_ONLY,PBK_STAGE80_HISTORICAL_LINEUP_INJURY_BACKFILL_V1
1382454,Belgium,144,Jupiler Pro League,2025,Regular Season - 4,2025-08-17T11:30:00+00:00,Dender,Anderlecht,554,Anderlecht,127418,Killian Sardella,Missing Fixture,hamstring muscle injury,2026-09-20T20:27:30Z,/injuries,RETROSPECTIVE_ONLY,PBK_STAGE80_HISTORICAL_LINEUP_INJURY_BACKFILL_V1
1382454,Belgium,144,Jupiler Pro League,2025,Regular Season - 4,2025-08-17T11:30:00+00:00,Dender,Anderlecht,554,Anderlecht,371839,Ilay Camara,Missing Fixture,Hamstring Injury,2026-09-20T20:27:30Z,/injuries,RETROSPECTIVE_ONLY,PBK_STAGE80_HISTORICAL_LINEUP_INJURY_BACKFILL_V1
1382454,Belgium,144,Jupiler Pro League,2025,Regular Season - 4,2025-08-17T11:30:00+00:00,Dender,Anderlecht,554,Anderlecht,392147,Zoumana Keita,Missing Fixture,Unknown Injury,2026-09-20T20:27:30Z,/injuries,RETROSPECTIVE_ONLY,PBK_STAGE80_HISTORICAL_LINEUP_INJURY_BACKFILL_V1
1382454,Belgium,144,Jupiler Pro League,2025,Regular Season - 4,2025-08-17T11:30:00+00:00,Dender,Anderlecht,6215,Dender,315025,M. Berte,Missing Fixture,Muscle bruise,2026-09-20T20:27:30Z,/injuries,RETROSPECTIVE_ONLY,PBK_STAGE80_HISTORICAL_LINEUP_INJURY_BACKFILL_V1
1382454,Belgium,144,Jupiler Pro League,2025,Regular Season - 4,2025-08-17T11:30:00+00:00,Dender,Anderlecht,6215,Dender,37839,Ragnar Oratmangoen,Missing Fixture,Infection,2026-09-20T20:27:30Z,/injuries,RETROSPECTIVE_ONLY,PBK_STAGE80_HISTORICAL_LINEUP_INJURY_BACKFILL_V1
1382455,Belgium,144,Jupiler Pro League,2025,Regular Season - 4,2025-08-17T14:00:00+00:00,St. Truiden,RAAL La Louvière,5902,RAAL La Louvière,274254,Lucas Bretelle,Missing Fixture,fitness,2026-09-20T20:27:30Z,/injuries,RETROSPECTIVE_ONLY,PBK_STAGE80_HISTORICAL_LINEUP_INJURY_BACKFILL_V1
1382455,Belgium,144,Jupiler Pro League,2025,Regular Season - 4,2025-08-17T14:00:00+00:00,St. Truiden,RAAL La Louvière,735,St. Truiden,21068,Loic Lapoussin,Missing Fixture,Calf Injury,2026-09-20T20:27:30Z,/injuries,RETROSPECTIVE_ONLY,PBK_STAGE80_HISTORICAL_LINEUP_INJURY_BACKFILL_V1
1382456,Belgium,144,Jupiler Pro League,2025,Regular Season - 4,2025-08-17T16:30:00+00:00,Charleroi,Antwerp,740,Antwerp,198347,Anthony Valencia,Missing Fixture,Ruptured cruciate ligament,2026-09-20T20:27:30Z,/injuries,RETROSPECTIVE_ONLY,PBK_STAGE80_HISTORICAL_LINEUP_INJURY_BACKFILL_V1
1382456,Belgium,144,Jupiler Pro League,2025,Regular Season - 4,2025-08-17T16:30:00+00:00,Charleroi,Antwerp,740,Antwerp,21999,Bjorn Engels,Missing Fixture,Achilles heel problems,2026-09-20T20:27:30Z,/injuries,RETROSPECTIVE_ONLY,PBK_STAGE80_HISTORICAL_LINEUP_INJURY_BACKFILL_V1
1382456,Belgium,144,Jupiler Pro League,2025,Regular Season - 4,2025-08-17T16:30:00+00:00,Charleroi,Antwerp,740,Antwerp,8455,Geoffry Hairemans,Missing Fixture,Cruciate ligament injury,2026-09-20T20:27:30Z,/injuries,RETROSPECTIVE_ONLY,PBK_STAGE80_HISTORICAL_LINEUP_INJURY_BACKFILL_V1
1382457,Belgium,144,Jupiler Pro League,2025,Regular Season - 4,2025-08-17T17:15:00+00:00,Cercle Brugge,KVC Westerlo,261,KVC Westerlo,29784,Allahyar Sayyadmanesh,Missing Fixture,Unknown Injury,2026-09-20T20:27:30Z,/injuries,RETROSPECTIVE_ONLY,PBK_STAGE80_HISTORICAL_LINEUP_INJURY_BACKFILL_V1
1382457,Belgium,144,Jupiler Pro League,2025,Regular Season - 4,2025-08-17T17:15:00+00:00,Cercle Brugge,KVC Westerlo,261,KVC Westerlo,300941,Bi Irie Fernand Goure,Missing Fixture,Knee Problems,2026-09-20T20:27:30Z,/injuries,RETROSPECTIVE_ONLY,PBK_STAGE80_HISTORICAL_LINEUP_INJURY_BACKFILL_V1
1382457,Belgium,144,Jupiler Pro League,2025,Regular Season - 4,2025-08-17T17:15:00+00:00,Cercle Brugge,KVC Westerlo,741,Cercle Brugge,327691,I. Diakité,Missing Fixture,Broken ankle,2026-09-20T20:27:30Z,/injuries,RETROSPECTIVE_ONLY,PBK_STAGE80_HISTORICAL_LINEUP_INJURY_BACKFILL_V1
1382457,Belgium,144,Jupiler Pro League,2025,Regular Season - 4,2025-08-17T17:15:00+00:00,Cercle Brugge,KVC Westerlo,741,Cercle Brugge,341969,Heriberto Jurado,Missing Fixture,Minor Knock,2026-09-20T20:27:30Z,/injuries,RETROSPECTIVE_ONLY,PBK_STAGE80_HISTORICAL_LINEUP_INJURY_BACKFILL_V1
1382457,Belgium,144,Jupiler Pro League,2025,Regular Season - 4,2025-08-17T17:15:00+00:00,Cercle Brugge,KVC Westerlo,741,Cercle Brugge,454418,Abdoul Ouattara,Missing Fixture,Broken leg,2026-09-20T20:27:30Z,/injuries,RETROSPECTIVE_ONLY,PBK_STAGE80_HISTORICAL_LINEUP_INJURY_BACKFILL_V1
1382459,Belgium,144,Jupiler Pro League,2025,Regular Season - 5,2025-09-24T18:30:00+00:00,Club Brugge KV,KVC Westerlo,261,KVC Westerlo,29784,Allahyar Sayyadmanesh,Missing Fixture,Unknown Injury,2026-09-20T20:27:30Z,/injuries,RETROSPECTIVE_ONLY,PBK_STAGE80_HISTORICAL_LINEUP_INJURY_BACKFILL_V1
1382459,Belgium,144,Jupiler Pro League,2025,Regular Season - 5,2025-09-24T18:30:00+00:00,Club Brugge KV,KVC Westerlo,261,KVC Westerlo,300941,Bi Irie Fernand Goure,Missing Fixture,Knee Problems,2026-09-20T20:27:30Z,/injuries,RETROSPECTIVE_ONLY,PBK_STAGE80_HISTORICAL_LINEUP_INJURY_BACKFILL_V1
1382459,Belgium,144,Jupiler Pro League,2025,Regular Season - 5,2025-09-24T18:30:00+00:00,Club Brugge KV,KVC Westerlo,569,Club Brugge KV,271276,Romeo Vermant,Missing Fixture,Muscle Injury,2026-09-20T20:27:30Z,/injuries,RETROSPECTIVE_ONLY,PBK_STAGE80_HISTORICAL_LINEUP_INJURY_BACKFILL_V1
1382460,Belgium,144,Jupiler Pro League,2025,Regular Season - 5,2025-08-23T16:15:00+00:00,Standard Liege,Cercle Brugge,733,Standard Liege,2217,Timothe Nkada,Missing Fixture,torn muscle fiber in the adduc,2026-09-20T20:27:30Z,/injuries,RETROSPECTIVE_ONLY,PBK_STAGE80_HISTORICAL_LINEUP_INJURY_BACKFILL_V1
1382460,Belgium,144,Jupiler Pro League,2025,Regular Season - 5,2025-08-23T16:15:00+00:00,Standard Liege,Cercle Brugge,733,Standard Liege,24865,David Bates,Missing Fixture,Knee injury,2026-09-20T20:27:30Z,/injuries,RETROSPECTIVE_ONLY,PBK_STAGE80_HISTORICAL_LINEUP_INJURY_BACKFILL_V1
1382460,Belgium,144,Jupiler Pro League,2025,Regular Season - 5,2025-08-23T16:15:00+00:00,Standard Liege,Cercle Brugge,741,Cercle Brugge,327691,I. Diakité,Missing Fixture,Broken ankle,2026-09-20T20:27:30Z,/injuries,RETROSPECTIVE_ONLY,PBK_STAGE80_HISTORICAL_LINEUP_INJURY_BACKFILL_V1
1382460,Belgium,144,Jupiler Pro League,2025,Regular Season - 5,2025-08-23T16:15:00+00:00,Standard Liege,Cercle Brugge,741,Cercle Brugge,454418,Abdoul Ouattara,Missing Fixture,Broken leg,2026-09-20T20:27:30Z,/injuries,RETROSPECTIVE_ONLY,PBK_STAGE80_HISTORICAL_LINEUP_INJURY_BACKFILL_V1
1382460,Belgium,144,Jupiler Pro League,2025,Regular Season - 5,2025-08-23T16:15:00+00:00,Standard Liege,Cercle Brugge,741,Cercle Brugge,501199,Krys Kouassi,Missing Fixture,Ankle Injury,2026-09-20T20:27:30Z,/injuries,RETROSPECTIVE_ONLY,PBK_STAGE80_HISTORICAL_LINEUP_INJURY_BACKFILL_V1
1382461,Belgium,144,Jupiler Pro League,2025,Regular Season - 5,2025-08-23T18:45:00+00:00,Zulte Waregem,St. Truiden,600,Zulte Waregem,151502,Atli Barkarson,Missing Fixture,Shoulder injury,2026-09-20T20:27:30Z,/injuries,RETROSPECTIVE_ONLY,PBK_STAGE80_HISTORICAL_LINEUP_INJURY_BACKFILL_V1
1382461,Belgium,144,Jupiler Pro League,2025,Regular Season - 5,2025-08-23T18:45:00+00:00,Zulte Waregem,St. Truiden,735,St. Truiden,21068,Loic Lapoussin,Missing Fixture,Calf Injury,2026-09-20T20:27:30Z,/injuries,RETROSPECTIVE_ONLY,PBK_STAGE80_HISTORICAL_LINEUP_INJURY_BACKFILL_V1
1382462,Belgium,144,Jupiler Pro League,2025,Regular Season - 5,2025-08-24T11:30:00+00:00,Antwerp,KV Mechelen,266,KV Mechelen,8741,Ortwin De Wolf,Missing Fixture,Minor Knock,2026-09-20T20:27:30Z,/injuries,RETROSPECTIVE_ONLY,PBK_STAGE80_HISTORICAL_LINEUP_INJURY_BACKFILL_V1
1382462,Belgium,144,Jupiler Pro League,2025,Regular Season - 5,2025-08-24T11:30:00+00:00,Antwerp,KV Mechelen,740,Antwerp,198347,Anthony Valencia,Missing Fixture,Ruptured cruciate ligament,2026-09-20T20:27:30Z,/injuries,RETROSPECTIVE_ONLY,PBK_STAGE80_HISTORICAL_LINEUP_INJURY_BACKFILL_V1
1382462,Belgium,144,Jupiler Pro League,2025,Regular Season - 5,2025-08-24T11:30:00+00:00,Antwerp,KV Mechelen,740,Antwerp,21999,Bjorn Engels,Missing Fixture,Achilles heel problems,2026-09-20T20:27:30Z,/injuries,RETROSPECTIVE_ONLY,PBK_STAGE80_HISTORICAL_LINEUP_INJURY_BACKFILL_V1
1382462,Belgium,144,Jupiler Pro League,2025,Regular Season - 5,2025-08-24T11:30:00+00:00,Antwerp,KV Mechelen,740,Antwerp,37188,Gyrano Kerk,Missing Fixture,Minor Knock,2026-09-20T20:27:30Z,/injuries,RETROSPECTIVE_ONLY,PBK_STAGE80_HISTORICAL_LINEUP_INJURY_BACKFILL_V1
1382462,Belgium,144,Jupiler Pro League,2025,Regular Season - 5,2025-08-24T11:30:00+00:00,Antwerp,KV Mechelen,740,Antwerp,8455,Geoffry Hairemans,Missing Fixture,Cruciate ligament injury,2026-09-20T20:27:30Z,/injuries,RETROSPECTIVE_ONLY,PBK_STAGE80_HISTORICAL_LINEUP_INJURY_BACKFILL_V1
1382463,Belgium,144,Jupiler Pro League,2025,Regular Season - 5,2025-09-23T18:30:00+00:00,Anderlecht,Gent,554,Anderlecht,127418,Killian Sardella,Missing Fixture,hamstring muscle injury,2026-09-20T20:27:30Z,/injuries,RETROSPECTIVE_ONLY,PBK_STAGE80_HISTORICAL_LINEUP_INJURY_BACKFILL_V1
1382463,Belgium,144,Jupiler Pro League,2025,Regular Season - 5,2025-09-23T18:30:00+00:00,Anderlecht,Gent,554,Anderlecht,371839,Ilay Camara,Missing Fixture,Hamstring Injury,2026-09-20T20:27:30Z,/injuries,RETROSPECTIVE_ONLY,PBK_STAGE80_HISTORICAL_LINEUP_INJURY_BACKFILL_V1
1382463,Belgium,144,Jupiler Pro League,2025,Regular Season - 5,2025-09-23T18:30:00+00:00,Anderlecht,Gent,554,Anderlecht,371910,Jan-Carlo Simic,Missing Fixture,Minor Knock,2026-09-20T20:27:30Z,/injuries,RETROSPECTIVE_ONLY,PBK_STAGE80_HISTORICAL_LINEUP_INJURY_BACKFILL_V1
1382463,Belgium,144,Jupiler Pro League,2025,Regular Season - 5,2025-09-23T18:30:00+00:00,Anderlecht,Gent,554,Anderlecht,392147,Zoumana Keita,Missing Fixture,Unknown Injury,2026-09-20T20:27:30Z,/injuries,RETROSPECTIVE_ONLY,PBK_STAGE80_HISTORICAL_LINEUP_INJURY_BACKFILL_V1
1382463,Belgium,144,Jupiler Pro League,2025,Regular Season - 5,2025-09-23T18:30:00+00:00,Anderlecht,Gent,631,Gent,278233,Max Dean,Missing Fixture,Ruptured cruciate ligament,2026-09-20T20:27:30Z,/injuries,RETROSPECTIVE_ONLY,PBK_STAGE80_HISTORICAL_LINEUP_INJURY_BACKFILL_V1
1382463,Belgium,144,Jupiler Pro League,2025,Regular Season - 5,2025-09-23T18:30:00+00:00,Anderlecht,Gent,631,Gent,2819,Stefan Mitrovic,Missing Fixture,Unknown Injury,2026-09-20T20:27:30Z,/injuries,RETROSPECTIVE_ONLY,PBK_STAGE80_HISTORICAL_LINEUP_INJURY_BACKFILL_V1
1382464,Belgium,144,Jupiler Pro League,2025,Regular Season - 5,2025-08-24T16:30:00+00:00,RAAL La Louvière,Union St. Gilloise,1393,Union St. Gilloise,268182,Henok Teklab,Missing Fixture,Back Injury,2026-09-20T20:27:30Z,/injuries,RETROSPECTIVE_ONLY,PBK_STAGE80_HISTORICAL_LINEUP_INJURY_BACKFILL_V1
1382464,Belgium,144,Jupiler Pro League,2025,Regular Season - 5,2025-08-24T16:30:00+00:00,RAAL La Louvière,Union St. Gilloise,1393,Union St. Gilloise,340574,Kamiel Van De Perre,Missing Fixture,Back Injury,2026-09-20T20:27:30Z,/injuries,RETROSPECTIVE_ONLY,PBK_STAGE80_HISTORICAL_LINEUP_INJURY_BACKFILL_V1
1382464,Belgium,144,Jupiler Pro League,2025,Regular Season - 5,2025-08-24T16:30:00+00:00,RAAL La Louvière,Union St. Gilloise,5902,RAAL La Louvière,180470,Samuel Gueulette,Missing Fixture,hamstring muscle injury,2026-09-20T20:27:30Z,/injuries,RETROSPECTIVE_ONLY,PBK_STAGE80_HISTORICAL_LINEUP_INJURY_BACKFILL_V1
1382464,Belgium,144,Jupiler Pro League,2025,Regular Season - 5,2025-08-24T16:30:00+00:00,RAAL La Louvière,Union St. Gilloise,5902,RAAL La Louvière,274254,Lucas Bretelle,Missing Fixture,fitness,2026-09-20T20:27:30Z,/injuries,RETROSPECTIVE_ONLY,PBK_STAGE80_HISTORICAL_LINEUP_INJURY_BACKFILL_V1
1382465,Belgium,144,Jupiler Pro League,2025,Regular Season - 5,2025-08-24T17:15:00+00:00,Dender,OH Leuven,260,OH Leuven,71109,Bryang Kayo,Missing Fixture,Minor Knock,2026-09-20T20:27:30Z,/injuries,RETROSPECTIVE_ONLY,PBK_STAGE80_HISTORICAL_LINEUP_INJURY_BACKFILL_V1
1382465,Belgium,144,Jupiler Pro League,2025,Regular Season - 5,2025-08-24T17:15:00+00:00,Dender,OH Leuven,260,OH Leuven,8787,Mathieu Maertens,Missing Fixture,Unknown Injury,2026-09-20T20:27:30Z,/injuries,RETROSPECTIVE_ONLY,PBK_STAGE80_HISTORICAL_LINEUP_INJURY_BACKFILL_V1
1382465,Belgium,144,Jupiler Pro League,2025,Regular Season - 5,2025-08-24T17:15:00+00:00,Dender,OH Leuven,6215,Dender,315025,M. Berte,Missing Fixture,Muscle bruise,2026-09-20T20:27:30Z,/injuries,RETROSPECTIVE_ONLY,PBK_STAGE80_HISTORICAL_LINEUP_INJURY_BACKFILL_V1
1382466,Belgium,144,Jupiler Pro League,2025,Regular Season - 6,2025-08-29T18:45:00+00:00,Cercle Brugge,St. Truiden,741,Cercle Brugge,327691,I. Diakité,Missing Fixture,Broken ankle,2026-09-20T20:27:30Z,/injuries,RETROSPECTIVE_ONLY,PBK_STAGE80_HISTORICAL_LINEUP_INJURY_BACKFILL_V1
1382469,Belgium,144,Jupiler Pro League,2025,Regular Season - 6,2025-08-31T14:00:00+00:00,OH Leuven,Standard Liege,260,OH Leuven,71109,Bryang Kayo,Missing Fixture,Minor Knock,2026-09-20T20:27:30Z,/injuries,RETROSPECTIVE_ONLY,PBK_STAGE80_HISTORICAL_LINEUP_INJURY_BACKFILL_V1
1382469,Belgium,144,Jupiler Pro League,2025,Regular Season - 6,2025-08-31T14:00:00+00:00,OH Leuven,Standard Liege,733,Standard Liege,2217,Timothe Nkada,Missing Fixture,torn muscle fiber in the adduc,2026-09-20T20:27:30Z,/injuries,RETROSPECTIVE_ONLY,PBK_STAGE80_HISTORICAL_LINEUP_INJURY_BACKFILL_V1
1382469,Belgium,144,Jupiler Pro League,2025,Regular Season - 6,2025-08-31T14:00:00+00:00,OH Leuven,Standard Liege,733,Standard Liege,24865,David Bates,Missing Fixture,Knee injury,2026-09-20T20:27:30Z,/injuries,RETROSPECTIVE_ONLY,PBK_STAGE80_HISTORICAL_LINEUP_INJURY_BACKFILL_V1
1382471,Belgium,144,Jupiler Pro League,2025,Regular Season - 6,2025-08-30T18:45:00+00:00,Charleroi,Dender,6215,Dender,309920,M. Sahi,Missing Fixture,Muscle bruise,2026-09-20T20:27:30Z,/injuries,RETROSPECTIVE_ONLY,PBK_STAGE80_HISTORICAL_LINEUP_INJURY_BACKFILL_V1
1382471,Belgium,144,Jupiler Pro League,2025,Regular Season - 6,2025-08-30T18:45:00+00:00,Charleroi,Dender,6215,Dender,315025,M. Berte,Missing Fixture,Muscle bruise,2026-09-20T20:27:30Z,/injuries,RETROSPECTIVE_ONLY,PBK_STAGE80_HISTORICAL_LINEUP_INJURY_BACKFILL_V1
1382476,Belgium,144,Jupiler Pro League,2025,Regular Season - 7,2025-09-13T16:15:00+00:00,Dender,Union St. Gilloise,6215,Dender,309920,M. Sahi,Missing Fixture,Muscle bruise,2026-09-20T20:27:30Z,/injuries,RETROSPECTIVE_ONLY,PBK_STAGE80_HISTORICAL_LINEUP_INJURY_BACKFILL_V1
1382479,Belgium,144,Jupiler Pro League,2025,Regular Season - 7,2025-09-14T14:00:00+00:00,Cercle Brugge,Charleroi,741,Cercle Brugge,327691,I. Diakité,Missing Fixture,Broken ankle,2026-09-20T20:27:30Z,/injuries,RETROSPECTIVE_ONLY,PBK_STAGE80_HISTORICAL_LINEUP_INJURY_BACKFILL_V1
1390027,Austria,218,Bundesliga,2025,Regular Season - 1,2025-08-01T18:30:00+00:00,Lask Linz,Sturm Graz,1026,Lask Linz,7394,Maximilian Entrup,Missing Fixture,Muscle Injury,2026-09-20T20:27:30Z,/injuries,RETROSPECTIVE_ONLY,PBK_STAGE80_HISTORICAL_LINEUP_INJURY_BACKFILL_V1
1390027,Austria,218,Bundesliga,2025,Regular Season - 1,2025-08-01T18:30:00+00:00,Lask Linz,Sturm Graz,637,Sturm Graz,169498,Niklas Geyrhofer,Missing Fixture,Knee Surgery,2026-09-20T20:27:30Z,/injuries,RETROSPECTIVE_ONLY,PBK_STAGE80_HISTORICAL_LINEUP_INJURY_BACKFILL_V1
1390027,Austria,218,Bundesliga,2025,Regular Season - 1,2025-08-01T18:30:00+00:00,Lask Linz,Sturm Graz,637,Sturm Graz,281989,Daniil Khudyakov,Missing Fixture,Broken wrist,2026-09-20T20:27:30Z,/injuries,RETROSPECTIVE_ONLY,PBK_STAGE80_HISTORICAL_LINEUP_INJURY_BACKFILL_V1
1390027,Austria,218,Bundesliga,2025,Regular Season - 1,2025-08-01T18:30:00+00:00,Lask Linz,Sturm Graz,637,Sturm Graz,7432,Alexandar Borkovic,Missing Fixture,Ruptured cruciate ligament,2026-09-20T20:27:30Z,/injuries,RETROSPECTIVE_ONLY,PBK_STAGE80_HISTORICAL_LINEUP_INJURY_BACKFILL_V1
1390028,Austria,218,Bundesliga,2025,Regular Season - 1,2025-08-02T15:00:00+00:00,Wolfsberger AC,SCR Altach,1025,Wolfsberger AC,371027,Chibuike Nwaiwu,Missing Fixture,Torn Collateral Ligament,2026-09-20T20:27:30Z,/injuries,RETROSPECTIVE_ONLY,PBK_STAGE80_HISTORICAL_LINEUP_INJURY_BACKFILL_V1
1390028,Austria,218,Bundesliga,2025,Regular Season - 1,2025-08-02T15:00:00+00:00,Wolfsberger AC,SCR Altach,618,SCR Altach,475565,Salif Tietietta,Missing Fixture,Ruptured cruciate ligament,2026-09-20T20:27:30Z,/injuries,RETROSPECTIVE_ONLY,PBK_STAGE80_HISTORICAL_LINEUP_INJURY_BACKFILL_V1
1390029,Austria,218,Bundesliga,2025,Regular Season - 1,2025-08-02T17:30:00+00:00,Ried,Red Bull Salzburg,1028,Ried,26111,Saliou Sane,Missing Fixture,Laceration of inferior tibiofi,2026-09-20T20:27:30Z,/injuries,RETROSPECTIVE_ONLY,PBK_STAGE80_HISTORICAL_LINEUP_INJURY_BACKFILL_V1
1390029,Austria,218,Bundesliga,2025,Regular Season - 1,2025-08-02T17:30:00+00:00,Ried,Red Bull Salzburg,1028,Ried,428267,Nermin Mesic,Missing Fixture,Ruptured cruciate ligament,2026-09-20T20:27:30Z,/injuries,RETROSPECTIVE_ONLY,PBK_STAGE80_HISTORICAL_LINEUP_INJURY_BACKFILL_V1
1390029,Austria,218,Bundesliga,2025,Regular Season - 1,2025-08-02T17:30:00+00:00,Ried,Red Bull Salzburg,571,Red Bull Salzburg,162121,Justin Omoregie,Missing Fixture,Achilles tendon rupture,2026-09-20T20:27:30Z,/injuries,RETROSPECTIVE_ONLY,PBK_STAGE80_HISTORICAL_LINEUP_INJURY_BACKFILL_V1
1390029,Austria,218,Bundesliga,2025,Regular Season - 1,2025-08-02T17:30:00+00:00,Ried,Red Bull Salzburg,571,Red Bull Salzburg,331865,Karim Konate,Missing Fixture,Ruptured cruciate ligament,2026-09-20T20:27:30Z,/injuries,RETROSPECTIVE_ONLY,PBK_STAGE80_HISTORICAL_LINEUP_INJURY_BACKFILL_V1
1390029,Austria,218,Bundesliga,2025,Regular Season - 1,2025-08-02T17:30:00+00:00,Ried,Red Bull Salzburg,571,Red Bull Salzburg,33910,T. Kawamura,Missing Fixture,Jumpers knee,2026-09-20T20:27:30Z,/injuries,RETROSPECTIVE_ONLY,PBK_STAGE80_HISTORICAL_LINEUP_INJURY_BACKFILL_V1
1390029,Austria,218,Bundesliga,2025,Regular Season - 1,2025-08-02T17:30:00+00:00,Ried,Red Bull Salzburg,571,Red Bull Salzburg,361981,A. Chase,Missing Fixture,Torn muscle fiber in the adductor area,2026-09-20T20:27:30Z,/injuries,RETROSPECTIVE_ONLY,PBK_STAGE80_HISTORICAL_LINEUP_INJURY_BACKFILL_V1
1390029,Austria,218,Bundesliga,2025,Regular Season - 1,2025-08-02T17:30:00+00:00,Ried,Red Bull Salzburg,571,Red Bull Salzburg,364320,Valentin Sulzbacher,Missing Fixture,Thigh problems,2026-09-20T20:27:30Z,/injuries,RETROSPECTIVE_ONLY,PBK_STAGE80_HISTORICAL_LINEUP_INJURY_BACKFILL_V1
1390029,Austria,218,Bundesliga,2025,Regular Season - 1,2025-08-02T17:30:00+00:00,Ried,Red Bull Salzburg,571,Red Bull Salzburg,381810,Moussa Yeo,Missing Fixture,Knee injury,2026-09-20T20:27:30Z,/injuries,RETROSPECTIVE_ONLY,PBK_STAGE80_HISTORICAL_LINEUP_INJURY_BACKFILL_V1
1390029,Austria,218,Bundesliga,2025,Regular Season - 1,2025-08-02T17:30:00+00:00,Ried,Red Bull Salzburg,571,Red Bull Salzburg,394986,J. Mellberg,Missing Fixture,Jumpers knee,2026-09-20T20:27:30Z,/injuries,RETROSPECTIVE_ONLY,PBK_STAGE80_HISTORICAL_LINEUP_INJURY_BACKFILL_V1
1390029,Austria,218,Bundesliga,2025,Regular Season - 1,2025-08-02T17:30:00+00:00,Ried,Red Bull Salzburg,571,Red Bull Salzburg,445566,Christian Zawieschitzky,Missing Fixture,Calf Injury,2026-09-20T20:27:30Z,/injuries,RETROSPECTIVE_ONLY,PBK_STAGE80_HISTORICAL_LINEUP_INJURY_BACKFILL_V1
1390030,Austria,218,Bundesliga,2025,Regular Season - 1,2025-08-03T15:00:00+00:00,Grazer AK,Austria Vienna,4256,Grazer AK,7587,Tobias Koch,Missing Fixture,Torn Muscle Fibre,2026-09-20T20:27:30Z,/injuries,RETROSPECTIVE_ONLY,PBK_STAGE80_HISTORICAL_LINEUP_INJURY_BACKFILL_V1
1390030,Austria,218,Bundesliga,2025,Regular Season - 1,2025-08-03T15:00:00+00:00,Grazer AK,Austria Vienna,601,Austria Vienna,263813,Kelvin Boateng,Missing Fixture,Unknown Injury,2026-09-20T20:27:30Z,/injuries,RETROSPECTIVE_ONLY,PBK_STAGE80_HISTORICAL_LINEUP_INJURY_BACKFILL_V1
1390030,Austria,218,Bundesliga,2025,Regular Season - 1,2025-08-03T15:00:00+00:00,Grazer AK,Austria Vienna,601,Austria Vienna,277303,Z. El Sheiwi,Missing Fixture,Cruciate Ligament Rupture,2026-09-20T20:27:30Z,/injuries,RETROSPECTIVE_ONLY,PBK_STAGE80_HISTORICAL_LINEUP_INJURY_BACKFILL_V1
1390030,Austria,218,Bundesliga,2025,Regular Season - 1,2025-08-03T15:00:00+00:00,Grazer AK,Austria Vienna,601,Austria Vienna,277304,F. Wustinger,Missing Fixture,Cruciate Ligament Rupture,2026-09-20T20:27:30Z,/injuries,RETROSPECTIVE_ONLY,PBK_STAGE80_HISTORICAL_LINEUP_INJURY_BACKFILL_V1
1390030,Austria,218,Bundesliga,2025,Regular Season - 1,2025-08-03T15:00:00+00:00,Grazer AK,Austria Vienna,601,Austria Vienna,277305,R. Vučić,Missing Fixture,Cartilage Damage,2026-09-20T20:27:30Z,/injuries,RETROSPECTIVE_ONLY,PBK_STAGE80_HISTORICAL_LINEUP_INJURY_BACKFILL_V1
1390030,Austria,218,Bundesliga,2025,Regular Season - 1,2025-08-03T15:00:00+00:00,Grazer AK,Austria Vienna,601,Austria Vienna,480397,Abdoulaye Kante,Missing Fixture,Ruptured cruciate ligament,2026-09-20T20:27:30Z,/injuries,RETROSPECTIVE_ONLY,PBK_STAGE80_HISTORICAL_LINEUP_INJURY_BACKFILL_V1
1390031,Austria,218,Bundesliga,2025,Regular Season - 1,2025-08-03T15:00:00+00:00,Rapid Vienna,FC BW Linz,1394,FC BW Linz,7212,Christopher Cvetko,Missing Fixture,Unknown Injury,2026-09-20T20:27:30Z,/injuries,RETROSPECTIVE_ONLY,PBK_STAGE80_HISTORICAL_LINEUP_INJURY_BACKFILL_V1
1390031,Austria,218,Bundesliga,2025,Regular Season - 1,2025-08-03T15:00:00+00:00,Rapid Vienna,FC BW Linz,1394,FC BW Linz,7254,Paul Mensah,Missing Fixture,Adductor muscle tear,2026-09-20T20:27:30Z,/injuries,RETROSPECTIVE_ONLY,PBK_STAGE80_HISTORICAL_LINEUP_INJURY_BACKFILL_V1
1390031,Austria,218,Bundesliga,2025,Regular Season - 1,2025-08-03T15:00:00+00:00,Rapid Vienna,FC BW Linz,781,Rapid Vienna,169420,Moritz Oswald,Missing Fixture,Partial tear of the plantar fa,2026-09-20T20:27:30Z,/injuries,RETROSPECTIVE_ONLY,PBK_STAGE80_HISTORICAL_LINEUP_INJURY_BACKFILL_V1
1390031,Austria,218,Bundesliga,2025,Regular Season - 1,2025-08-03T15:00:00+00:00,Rapid Vienna,FC BW Linz,781,Rapid Vienna,272700,N. Bischof,Missing Fixture,Sprained ankle,2026-09-20T20:27:30Z,/injuries,RETROSPECTIVE_ONLY,PBK_STAGE80_HISTORICAL_LINEUP_INJURY_BACKFILL_V1
1390031,Austria,218,Bundesliga,2025,Regular Season - 1,2025-08-03T15:00:00+00:00,Rapid Vienna,FC BW Linz,781,Rapid Vienna,339985,J. Schöller,Missing Fixture,Hamstring Injury,2026-09-20T20:27:30Z,/injuries,RETROSPECTIVE_ONLY,PBK_STAGE80_HISTORICAL_LINEUP_INJURY_BACKFILL_V1
1390031,Austria,218,Bundesliga,2025,Regular Season - 1,2025-08-03T15:00:00+00:00,Rapid Vienna,FC BW Linz,781,Rapid Vienna,39288,T. Børkeeiet,Missing Fixture,Cartilage Damage,2026-09-20T20:27:30Z,/injuries,RETROSPECTIVE_ONLY,PBK_STAGE80_HISTORICAL_LINEUP_INJURY_BACKFILL_V1
1390031,Austria,218,Bundesliga,2025,Regular Season - 1,2025-08-03T15:00:00+00:00,Rapid Vienna,FC BW Linz,781,Rapid Vienna,428779,Nikolaus Wurmbrand,Missing Fixture,Hamstring Injury,2026-09-20T20:27:30Z,/injuries,RETROSPECTIVE_ONLY,PBK_STAGE80_HISTORICAL_LINEUP_INJURY_BACKFILL_V1
1390031,Austria,218,Bundesliga,2025,Regular Season - 1,2025-08-03T15:00:00+00:00,Rapid Vienna,FC BW Linz,781,Rapid Vienna,461621,Amìn-Elias Gröller,Missing Fixture,Injury,2026-09-20T20:27:30Z,/injuries,RETROSPECTIVE_ONLY,PBK_STAGE80_HISTORICAL_LINEUP_INJURY_BACKFILL_V1
1390032,Austria,218,Bundesliga,2025,Regular Season - 2,2025-08-09T15:00:00+00:00,FC BW Linz,TSV Hartberg,1072,TSV Hartberg,169509,Paul Komposch,Missing Fixture,Ruptured cruciate ligament,2026-09-20T20:27:30Z,/injuries,RETROSPECTIVE_ONLY,PBK_STAGE80_HISTORICAL_LINEUP_INJURY_BACKFILL_V1
1390032,Austria,218,Bundesliga,2025,Regular Season - 2,2025-08-09T15:00:00+00:00,FC BW Linz,TSV Hartberg,1072,TSV Hartberg,278992,Maximilian Fillafer,Missing Fixture,Unknown Injury,2026-09-20T20:27:30Z,/injuries,RETROSPECTIVE_ONLY,PBK_STAGE80_HISTORICAL_LINEUP_INJURY_BACKFILL_V1
1390032,Austria,218,Bundesliga,2025,Regular Season - 2,2025-08-09T15:00:00+00:00,FC BW Linz,TSV Hartberg,1072,TSV Hartberg,7757,Jurgen Heil,Missing Fixture,Unknown Injury,2026-09-20T20:27:30Z,/injuries,RETROSPECTIVE_ONLY,PBK_STAGE80_HISTORICAL_LINEUP_INJURY_BACKFILL_V1
1390032,Austria,218,Bundesliga,2025,Regular Season - 2,2025-08-09T15:00:00+00:00,FC BW Linz,TSV Hartberg,1072,TSV Hartberg,77623,Youba Diarra,Missing Fixture,Unknown Injury,2026-09-20T20:27:30Z,/injuries,RETROSPECTIVE_ONLY,PBK_STAGE80_HISTORICAL_LINEUP_INJURY_BACKFILL_V1
1390033,Austria,218,Bundesliga,2025,Regular Season - 2,2025-08-09T15:00:00+00:00,SCR Altach,Ried,1028,Ried,26111,Saliou Sane,Missing Fixture,Laceration of inferior tibiofi,2026-09-20T20:27:30Z,/injuries,RETROSPECTIVE_ONLY,PBK_STAGE80_HISTORICAL_LINEUP_INJURY_BACKFILL_V1
1390033,Austria,218,Bundesliga,2025,Regular Season - 2,2025-08-09T15:00:00+00:00,SCR Altach,Ried,1028,Ried,323119,Jonas Mayer,Missing Fixture,Ill,2026-09-20T20:27:30Z,/injuries,RETROSPECTIVE_ONLY,PBK_STAGE80_HISTORICAL_LINEUP_INJURY_BACKFILL_V1
1390033,Austria,218,Bundesliga,2025,Regular Season - 2,2025-08-09T15:00:00+00:00,SCR Altach,Ried,1028,Ried,428267,Nermin Mesic,Missing Fixture,Ruptured cruciate ligament,2026-09-20T20:27:30Z,/injuries,RETROSPECTIVE_ONLY,PBK_STAGE80_HISTORICAL_LINEUP_INJURY_BACKFILL_V1
1390033,Austria,218,Bundesliga,2025,Regular Season - 2,2025-08-09T15:00:00+00:00,SCR Altach,Ried,618,SCR Altach,475565,Salif Tietietta,Missing Fixture,Ruptured cruciate ligament,2026-09-20T20:27:30Z,/injuries,RETROSPECTIVE_ONLY,PBK_STAGE80_HISTORICAL_LINEUP_INJURY_BACKFILL_V1
1390034,Austria,218,Bundesliga,2025,Regular Season - 2,2025-08-09T17:30:00+00:00,Red Bull Salzburg,Grazer AK,571,Red Bull Salzburg,162121,Justin Omoregie,Missing Fixture,Achilles tendon rupture,2026-09-20T20:27:30Z,/injuries,RETROSPECTIVE_ONLY,PBK_STAGE80_HISTORICAL_LINEUP_INJURY_BACKFILL_V1
1390034,Austria,218,Bundesliga,2025,Regular Season - 2,2025-08-09T17:30:00+00:00,Red Bull Salzburg,Grazer AK,571,Red Bull Salzburg,25928,K. Onisiwo,Missing Fixture,Hamstring Injury,2026-09-20T20:27:30Z,/injuries,RETROSPECTIVE_ONLY,PBK_STAGE80_HISTORICAL_LINEUP_INJURY_BACKFILL_V1
1390034,Austria,218,Bundesliga,2025,Regular Season - 2,2025-08-09T17:30:00+00:00,Red Bull Salzburg,Grazer AK,571,Red Bull Salzburg,331865,Karim Konate,Missing Fixture,Ruptured cruciate ligament,2026-09-20T20:27:30Z,/injuries,RETROSPECTIVE_ONLY,PBK_STAGE80_HISTORICAL_LINEUP_INJURY_BACKFILL_V1
1390034,Austria,218,Bundesliga,2025,Regular Season - 2,2025-08-09T17:30:00+00:00,Red Bull Salzburg,Grazer AK,571,Red Bull Salzburg,33910,T. Kawamura,Missing Fixture,Jumpers knee,2026-09-20T20:27:30Z,/injuries,RETROSPECTIVE_ONLY,PBK_STAGE80_HISTORICAL_LINEUP_INJURY_BACKFILL_V1
1390034,Austria,218,Bundesliga,2025,Regular Season - 2,2025-08-09T17:30:00+00:00,Red Bull Salzburg,Grazer AK,571,Red Bull Salzburg,361981,A. Chase,Missing Fixture,Torn muscle fiber in the adductor area,2026-09-20T20:27:30Z,/injuries,RETROSPECTIVE_ONLY,PBK_STAGE80_HISTORICAL_LINEUP_INJURY_BACKFILL_V1
1390034,Austria,218,Bundesliga,2025,Regular Season - 2,2025-08-09T17:30:00+00:00,Red Bull Salzburg,Grazer AK,571,Red Bull Salzburg,364320,Valentin Sulzbacher,Missing Fixture,Thigh problems,2026-09-20T20:27:30Z,/injuries,RETROSPECTIVE_ONLY,PBK_STAGE80_HISTORICAL_LINEUP_INJURY_BACKFILL_V1
1390034,Austria,218,Bundesliga,2025,Regular Season - 2,2025-08-09T17:30:00+00:00,Red Bull Salzburg,Grazer AK,571,Red Bull Salzburg,381810,Moussa Yeo,Missing Fixture,Knee injury,2026-09-20T20:27:30Z,/injuries,RETROSPECTIVE_ONLY,PBK_STAGE80_HISTORICAL_LINEUP_INJURY_BACKFILL_V1
1390034,Austria,218,Bundesliga,2025,Regular Season - 2,2025-08-09T17:30:00+00:00,Red Bull Salzburg,Grazer AK,571,Red Bull Salzburg,394986,J. Mellberg,Missing Fixture,Jumpers knee,2026-09-20T20:27:30Z,/injuries,RETROSPECTIVE_ONLY,PBK_STAGE80_HISTORICAL_LINEUP_INJURY_BACKFILL_V1
1390034,Austria,218,Bundesliga,2025,Regular Season - 2,2025-08-09T17:30:00+00:00,Red Bull Salzburg,Grazer AK,571,Red Bull Salzburg,445566,Christian Zawieschitzky,Missing Fixture,Calf Injury,2026-09-20T20:27:30Z,/injuries,RETROSPECTIVE_ONLY,PBK_STAGE80_HISTORICAL_LINEUP_INJURY_BACKFILL_V1
1390035,Austria,218,Bundesliga,2025,Regular Season - 2,2025-08-10T15:00:00+00:00,Austria Vienna,Wolfsberger AC,1025,Wolfsberger AC,371027,Chibuike Nwaiwu,Missing Fixture,Torn Collateral Ligament,2026-09-20T20:27:30Z,/injuries,RETROSPECTIVE_ONLY,PBK_STAGE80_HISTORICAL_LINEUP_INJURY_BACKFILL_V1
1390035,Austria,218,Bundesliga,2025,Regular Season - 2,2025-08-10T15:00:00+00:00,Austria Vienna,Wolfsberger AC,1025,Wolfsberger AC,410096,Erik Kojzek,Missing Fixture,Elbow Injury,2026-09-20T20:27:30Z,/injuries,RETROSPECTIVE_ONLY,PBK_STAGE80_HISTORICAL_LINEUP_INJURY_BACKFILL_V1
1390035,Austria,218,Bundesliga,2025,Regular Season - 2,2025-08-10T15:00:00+00:00,Austria Vienna,Wolfsberger AC,601,Austria Vienna,263813,Kelvin Boateng,Missing Fixture,Unknown Injury,2026-09-20T20:27:30Z,/injuries,RETROSPECTIVE_ONLY,PBK_STAGE80_HISTORICAL_LINEUP_INJURY_BACKFILL_V1
1390035,Austria,218,Bundesliga,2025,Regular Season - 2,2025-08-10T15:00:00+00:00,Austria Vienna,Wolfsberger AC,601,Austria Vienna,277303,Z. El Sheiwi,Missing Fixture,Cruciate Ligament Rupture,2026-09-20T20:27:30Z,/injuries,RETROSPECTIVE_ONLY,PBK_STAGE80_HISTORICAL_LINEUP_INJURY_BACKFILL_V1
1390035,Austria,218,Bundesliga,2025,Regular Season - 2,2025-08-10T15:00:00+00:00,Austria Vienna,Wolfsberger AC,601,Austria Vienna,277304,F. Wustinger,Missing Fixture,Cruciate Ligament Rupture,2026-09-20T20:27:30Z,/injuries,RETROSPECTIVE_ONLY,PBK_STAGE80_HISTORICAL_LINEUP_INJURY_BACKFILL_V1
1390035,Austria,218,Bundesliga,2025,Regular Season - 2,2025-08-10T15:00:00+00:00,Austria Vienna,Wolfsberger AC,601,Austria Vienna,277305,R. Vučić,Missing Fixture,Cartilage Damage,2026-09-20T20:27:30Z,/injuries,RETROSPECTIVE_ONLY,PBK_STAGE80_HISTORICAL_LINEUP_INJURY_BACKFILL_V1
1390035,Austria,218,Bundesliga,2025,Regular Season - 2,2025-08-10T15:00:00+00:00,Austria Vienna,Wolfsberger AC,601,Austria Vienna,480397,Abdoulaye Kante,Missing Fixture,Ruptured cruciate ligament,2026-09-20T20:27:30Z,/injuries,RETROSPECTIVE_ONLY,PBK_STAGE80_HISTORICAL_LINEUP_INJURY_BACKFILL_V1
1390035,Austria,218,Bundesliga,2025,Regular Season - 2,2025-08-10T15:00:00+00:00,Austria Vienna,Wolfsberger AC,601,Austria Vienna,968,Aleksandar Dragovic,Missing Fixture,Hamstring Injury,2026-09-20T20:27:30Z,/injuries,RETROSPECTIVE_ONLY,PBK_STAGE80_HISTORICAL_LINEUP_INJURY_BACKFILL_V1
1390036,Austria,218,Bundesliga,2025,Regular Season - 2,2025-08-10T15:00:00+00:00,WSG Wattens,Lask Linz,1398,WSG Wattens,169323,Lukas Sulzbacher,Missing Fixture,Ruptured cruciate ligament,2026-09-20T20:27:30Z,/injuries,RETROSPECTIVE_ONLY,PBK_STAGE80_HISTORICAL_LINEUP_INJURY_BACKFILL_V1
1390036,Austria,218,Bundesliga,2025,Regular Season - 2,2025-08-10T15:00:00+00:00,WSG Wattens,Lask Linz,1398,WSG Wattens,528003,David Falkner,Missing Fixture,Meniscus injur,2026-09-20T20:27:30Z,/injuries,RETROSPECTIVE_ONLY,PBK_STAGE80_HISTORICAL_LINEUP_INJURY_BACKFILL_V1
1390037,Austria,218,Bundesliga,2025,Regular Season - 2,2025-08-10T15:00:00+00:00,Sturm Graz,Rapid Vienna,637,Sturm Graz,280091,Tim Oermann,Missing Fixture,Bruise,2026-09-20T20:27:30Z,/injuries,RETROSPECTIVE_ONLY,PBK_STAGE80_HISTORICAL_LINEUP_INJURY_BACKFILL_V1
1390037,Austria,218,Bundesliga,2025,Regular Season - 2,2025-08-10T15:00:00+00:00,Sturm Graz,Rapid Vienna,637,Sturm Graz,281989,Daniil Khudyakov,Missing Fixture,Broken wrist,2026-09-20T20:27:30Z,/injuries,RETROSPECTIVE_ONLY,PBK_STAGE80_HISTORICAL_LINEUP_INJURY_BACKFILL_V1
1390037,Austria,218,Bundesliga,2025,Regular Season - 2,2025-08-10T15:00:00+00:00,Sturm Graz,Rapid Vienna,637,Sturm Graz,7432,Alexandar Borkovic,Missing Fixture,Ruptured cruciate ligament,2026-09-20T20:27:30Z,/injuries,RETROSPECTIVE_ONLY,PBK_STAGE80_HISTORICAL_LINEUP_INJURY_BACKFILL_V1
1390037,Austria,218,Bundesliga,2025,Regular Season - 2,2025-08-10T15:00:00+00:00,Sturm Graz,Rapid Vienna,781,Rapid Vienna,169420,Moritz Oswald,Missing Fixture,Partial tear of the plantar fa,2026-09-20T20:27:30Z,/injuries,RETROSPECTIVE_ONLY,PBK_STAGE80_HISTORICAL_LINEUP_INJURY_BACKFILL_V1
1390037,Austria,218,Bundesliga,2025,Regular Season - 2,2025-08-10T15:00:00+00:00,Sturm Graz,Rapid Vienna,781,Rapid Vienna,272700,N. Bischof,Missing Fixture,Sprained ankle,2026-09-20T20:27:30Z,/injuries,RETROSPECTIVE_ONLY,PBK_STAGE80_HISTORICAL_LINEUP_INJURY_BACKFILL_V1
1390037,Austria,218,Bundesliga,2025,Regular Season - 2,2025-08-10T15:00:00+00:00,Sturm Graz,Rapid Vienna,781,Rapid Vienna,339985,J. Schöller,Missing Fixture,Hamstring Injury,2026-09-20T20:27:30Z,/injuries,RETROSPECTIVE_ONLY,PBK_STAGE80_HISTORICAL_LINEUP_INJURY_BACKFILL_V1
1390037,Austria,218,Bundesliga,2025,Regular Season - 2,2025-08-10T15:00:00+00:00,Sturm Graz,Rapid Vienna,781,Rapid Vienna,39288,T. Børkeeiet,Missing Fixture,Cartilage Damage,2026-09-20T20:27:30Z,/injuries,RETROSPECTIVE_ONLY,PBK_STAGE80_HISTORICAL_LINEUP_INJURY_BACKFILL_V1
1390037,Austria,218,Bundesliga,2025,Regular Season - 2,2025-08-10T15:00:00+00:00,Sturm Graz,Rapid Vienna,781,Rapid Vienna,461621,Amìn-Elias Gröller,Missing Fixture,Injury,2026-09-20T20:27:30Z,/injuries,RETROSPECTIVE_ONLY,PBK_STAGE80_HISTORICAL_LINEUP_INJURY_BACKFILL_V1
1390038,Austria,218,Bundesliga,2025,Regular Season - 3,2025-08-16T15:00:00+00:00,TSV Hartberg,Red Bull Salzburg,1072,TSV Hartberg,169509,Paul Komposch,Missing Fixture,Ruptured cruciate ligament,2026-09-20T20:27:30Z,/injuries,RETROSPECTIVE_ONLY,PBK_STAGE80_HISTORICAL_LINEUP_INJURY_BACKFILL_V1
1390038,Austria,218,Bundesliga,2025,Regular Season - 3,2025-08-16T15:00:00+00:00,TSV Hartberg,Red Bull Salzburg,1072,TSV Hartberg,7757,Jurgen Heil,Missing Fixture,Unknown Injury,2026-09-20T20:27:30Z,/injuries,RETROSPECTIVE_ONLY,PBK_STAGE80_HISTORICAL_LINEUP_INJURY_BACKFILL_V1
1390038,Austria,218,Bundesliga,2025,Regular Season - 3,2025-08-16T15:00:00+00:00,TSV Hartberg,Red Bull Salzburg,1072,TSV Hartberg,77623,Youba Diarra,Missing Fixture,Unknown Injury,2026-09-20T20:27:30Z,/injuries,RETROSPECTIVE_ONLY,PBK_STAGE80_HISTORICAL_LINEUP_INJURY_BACKFILL_V1
1390038,Austria,218,Bundesliga,2025,Regular Season - 3,2025-08-16T15:00:00+00:00,TSV Hartberg,Red Bull Salzburg,571,Red Bull Salzburg,162121,Justin Omoregie,Missing Fixture,Achilles tendon rupture,2026-09-20T20:27:30Z,/injuries,RETROSPECTIVE_ONLY,PBK_STAGE80_HISTORICAL_LINEUP_INJURY_BACKFILL_V1
1390038,Austria,218,Bundesliga,2025,Regular Season - 3,2025-08-16T15:00:00+00:00,TSV Hartberg,Red Bull Salzburg,571,Red Bull Salzburg,25928,K. Onisiwo,Missing Fixture,Hamstring Injury,2026-09-20T20:27:30Z,/injuries,RETROSPECTIVE_ONLY,PBK_STAGE80_HISTORICAL_LINEUP_INJURY_BACKFILL_V1
1390038,Austria,218,Bundesliga,2025,Regular Season - 3,2025-08-16T15:00:00+00:00,TSV Hartberg,Red Bull Salzburg,571,Red Bull Salzburg,280335,Frans Kratzig,Missing Fixture,Muscular problems,2026-09-20T20:27:30Z,/injuries,RETROSPECTIVE_ONLY,PBK_STAGE80_HISTORICAL_LINEUP_INJURY_BACKFILL_V1
1390038,Austria,218,Bundesliga,2025,Regular Season - 3,2025-08-16T15:00:00+00:00,TSV Hartberg,Red Bull Salzburg,571,Red Bull Salzburg,288073,Sota Kitano,Missing Fixture,Ankle Injury,2026-09-20T20:27:30Z,/injuries,RETROSPECTIVE_ONLY,PBK_STAGE80_HISTORICAL_LINEUP_INJURY_BACKFILL_V1
1390038,Austria,218,Bundesliga,2025,Regular Season - 3,2025-08-16T15:00:00+00:00,TSV Hartberg,Red Bull Salzburg,571,Red Bull Salzburg,331865,Karim Konate,Missing Fixture,Ruptured cruciate ligament,2026-09-20T20:27:30Z,/injuries,RETROSPECTIVE_ONLY,PBK_STAGE80_HISTORICAL_LINEUP_INJURY_BACKFILL_V1
1390038,Austria,218,Bundesliga,2025,Regular Season - 3,2025-08-16T15:00:00+00:00,TSV Hartberg,Red Bull Salzburg,571,Red Bull Salzburg,33910,T. Kawamura,Missing Fixture,Jumpers knee,2026-09-20T20:27:30Z,/injuries,RETROSPECTIVE_ONLY,PBK_STAGE80_HISTORICAL_LINEUP_INJURY_BACKFILL_V1
1390038,Austria,218,Bundesliga,2025,Regular Season - 3,2025-08-16T15:00:00+00:00,TSV Hartberg,Red Bull Salzburg,571,Red Bull Salzburg,361981,A. Chase,Missing Fixture,Torn muscle fiber in the adductor area,2026-09-20T20:27:30Z,/injuries,RETROSPECTIVE_ONLY,PBK_STAGE80_HISTORICAL_LINEUP_INJURY_BACKFILL_V1
1390038,Austria,218,Bundesliga,2025,Regular Season - 3,2025-08-16T15:00:00+00:00,TSV Hartberg,Red Bull Salzburg,571,Red Bull Salzburg,364320,Valentin Sulzbacher,Missing Fixture,Thigh problems,2026-09-20T20:27:30Z,/injuries,RETROSPECTIVE_ONLY,PBK_STAGE80_HISTORICAL_LINEUP_INJURY_BACKFILL_V1
1390038,Austria,218,Bundesliga,2025,Regular Season - 3,2025-08-16T15:00:00+00:00,TSV Hartberg,Red Bull Salzburg,571,Red Bull Salzburg,394986,J. Mellberg,Missing Fixture,Jumpers knee,2026-09-20T20:27:30Z,/injuries,RETROSPECTIVE_ONLY,PBK_STAGE80_HISTORICAL_LINEUP_INJURY_BACKFILL_V1
1390038,Austria,218,Bundesliga,2025,Regular Season - 3,2025-08-16T15:00:00+00:00,TSV Hartberg,Red Bull Salzburg,571,Red Bull Salzburg,445566,Christian Zawieschitzky,Missing Fixture,Calf Injury,2026-09-20T20:27:30Z,/injuries,RETROSPECTIVE_ONLY,PBK_STAGE80_HISTORICAL_LINEUP_INJURY_BACKFILL_V1
1390039,Austria,218,Bundesliga,2025,Regular Season - 3,2025-08-16T15:00:00+00:00,Grazer AK,WSG Wattens,1398,WSG Wattens,169323,Lukas Sulzbacher,Missing Fixture,Ruptured cruciate ligament,2026-09-20T20:27:30Z,/injuries,RETROSPECTIVE_ONLY,PBK_STAGE80_HISTORICAL_LINEUP_INJURY_BACKFILL_V1
1390039,Austria,218,Bundesliga,2025,Regular Season - 3,2025-08-16T15:00:00+00:00,Grazer AK,WSG Wattens,1398,WSG Wattens,528003,David Falkner,Missing Fixture,Meniscus injur,2026-09-20T20:27:30Z,/injuries,RETROSPECTIVE_ONLY,PBK_STAGE80_HISTORICAL_LINEUP_INJURY_BACKFILL_V1
1390040,Austria,218,Bundesliga,2025,Regular Season - 3,2025-08-16T17:30:00+00:00,Ried,Sturm Graz,1028,Ried,323119,Jonas Mayer,Missing Fixture,Ill,2026-09-20T20:27:30Z,/injuries,RETROSPECTIVE_ONLY,PBK_STAGE80_HISTORICAL_LINEUP_INJURY_BACKFILL_V1
1390040,Austria,218,Bundesliga,2025,Regular Season - 3,2025-08-16T17:30:00+00:00,Ried,Sturm Graz,1028,Ried,428267,Nermin Mesic,Missing Fixture,Ruptured cruciate ligament,2026-09-20T20:27:30Z,/injuries,RETROSPECTIVE_ONLY,PBK_STAGE80_HISTORICAL_LINEUP_INJURY_BACKFILL_V1
1390040,Austria,218,Bundesliga,2025,Regular Season - 3,2025-08-16T17:30:00+00:00,Ried,Sturm Graz,637,Sturm Graz,280091,Tim Oermann,Missing Fixture,Bruise,2026-09-20T20:27:30Z,/injuries,RETROSPECTIVE_ONLY,PBK_STAGE80_HISTORICAL_LINEUP_INJURY_BACKFILL_V1
1390040,Austria,218,Bundesliga,2025,Regular Season - 3,2025-08-16T17:30:00+00:00,Ried,Sturm Graz,637,Sturm Graz,281989,Daniil Khudyakov,Missing Fixture,Broken wrist,2026-09-20T20:27:30Z,/injuries,RETROSPECTIVE_ONLY,PBK_STAGE80_HISTORICAL_LINEUP_INJURY_BACKFILL_V1
1390040,Austria,218,Bundesliga,2025,Regular Season - 3,2025-08-16T17:30:00+00:00,Ried,Sturm Graz,637,Sturm Graz,7432,Alexandar Borkovic,Missing Fixture,Ruptured cruciate ligament,2026-09-20T20:27:30Z,/injuries,RETROSPECTIVE_ONLY,PBK_STAGE80_HISTORICAL_LINEUP_INJURY_BACKFILL_V1
1390041,Austria,218,Bundesliga,2025,Regular Season - 3,2025-08-17T15:00:00+00:00,Rapid Vienna,SCR Altach,618,SCR Altach,25612,Lukas Jager,Missing Fixture,Unknown Injury,2026-09-20T20:27:30Z,/injuries,RETROSPECTIVE_ONLY,PBK_STAGE80_HISTORICAL_LINEUP_INJURY_BACKFILL_V1
1390041,Austria,218,Bundesliga,2025,Regular Season - 3,2025-08-17T15:00:00+00:00,Rapid Vienna,SCR Altach,618,SCR Altach,475565,Salif Tietietta,Missing Fixture,Ruptured cruciate ligament,2026-09-20T20:27:30Z,/injuries,RETROSPECTIVE_ONLY,PBK_STAGE80_HISTORICAL_LINEUP_INJURY_BACKFILL_V1
1390041,Austria,218,Bundesliga,2025,Regular Season - 3,2025-08-17T15:00:00+00:00,Rapid Vienna,SCR Altach,781,Rapid Vienna,169420,Moritz Oswald,Missing Fixture,Partial tear of the plantar fa,2026-09-20T20:27:30Z,/injuries,RETROSPECTIVE_ONLY,PBK_STAGE80_HISTORICAL_LINEUP_INJURY_BACKFILL_V1
1390041,Austria,218,Bundesliga,2025,Regular Season - 3,2025-08-17T15:00:00+00:00,Rapid Vienna,SCR Altach,781,Rapid Vienna,272700,N. Bischof,Missing Fixture,Sprained ankle,2026-09-20T20:27:30Z,/injuries,RETROSPECTIVE_ONLY,PBK_STAGE80_HISTORICAL_LINEUP_INJURY_BACKFILL_V1
1390041,Austria,218,Bundesliga,2025,Regular Season - 3,2025-08-17T15:00:00+00:00,Rapid Vienna,SCR Altach,781,Rapid Vienna,339985,J. Schöller,Missing Fixture,Hamstring Injury,2026-09-20T20:27:30Z,/injuries,RETROSPECTIVE_ONLY,PBK_STAGE80_HISTORICAL_LINEUP_INJURY_BACKFILL_V1
1390041,Austria,218,Bundesliga,2025,Regular Season - 3,2025-08-17T15:00:00+00:00,Rapid Vienna,SCR Altach,781,Rapid Vienna,39288,T. Børkeeiet,Missing Fixture,Cartilage Damage,2026-09-20T20:27:30Z,/injuries,RETROSPECTIVE_ONLY,PBK_STAGE80_HISTORICAL_LINEUP_INJURY_BACKFILL_V1
1390041,Austria,218,Bundesliga,2025,Regular Season - 3,2025-08-17T15:00:00+00:00,Rapid Vienna,SCR Altach,781,Rapid Vienna,461621,Amìn-Elias Gröller,Missing Fixture,Injury,2026-09-20T20:27:30Z,/injuries,RETROSPECTIVE_ONLY,PBK_STAGE80_HISTORICAL_LINEUP_INJURY_BACKFILL_V1
1390042,Austria,218,Bundesliga,2025,Regular Season - 3,2025-08-17T15:00:00+00:00,Lask Linz,Austria Vienna,601,Austria Vienna,263813,Kelvin Boateng,Missing Fixture,Unknown Injury,2026-09-20T20:27:30Z,/injuries,RETROSPECTIVE_ONLY,PBK_STAGE80_HISTORICAL_LINEUP_INJURY_BACKFILL_V1
1390042,Austria,218,Bundesliga,2025,Regular Season - 3,2025-08-17T15:00:00+00:00,Lask Linz,Austria Vienna,601,Austria Vienna,277303,Z. El Sheiwi,Missing Fixture,Cruciate Ligament Rupture,2026-09-20T20:27:30Z,/injuries,RETROSPECTIVE_ONLY,PBK_STAGE80_HISTORICAL_LINEUP_INJURY_BACKFILL_V1
1390042,Austria,218,Bundesliga,2025,Regular Season - 3,2025-08-17T15:00:00+00:00,Lask Linz,Austria Vienna,601,Austria Vienna,277304,F. Wustinger,Missing Fixture,Cruciate Ligament Rupture,2026-09-20T20:27:30Z,/injuries,RETROSPECTIVE_ONLY,PBK_STAGE80_HISTORICAL_LINEUP_INJURY_BACKFILL_V1
1390042,Austria,218,Bundesliga,2025,Regular Season - 3,2025-08-17T15:00:00+00:00,Lask Linz,Austria Vienna,601,Austria Vienna,277305,R. Vučić,Missing Fixture,Cartilage Damage,2026-09-20T20:27:30Z,/injuries,RETROSPECTIVE_ONLY,PBK_STAGE80_HISTORICAL_LINEUP_INJURY_BACKFILL_V1
1390042,Austria,218,Bundesliga,2025,Regular Season - 3,2025-08-17T15:00:00+00:00,Lask Linz,Austria Vienna,601,Austria Vienna,480397,Abdoulaye Kante,Missing Fixture,Ruptured cruciate ligament,2026-09-20T20:27:30Z,/injuries,RETROSPECTIVE_ONLY,PBK_STAGE80_HISTORICAL_LINEUP_INJURY_BACKFILL_V1
1390042,Austria,218,Bundesliga,2025,Regular Season - 3,2025-08-17T15:00:00+00:00,Lask Linz,Austria Vienna,601,Austria Vienna,968,Aleksandar Dragovic,Missing Fixture,Hamstring Injury,2026-09-20T20:27:30Z,/injuries,RETROSPECTIVE_ONLY,PBK_STAGE80_HISTORICAL_LINEUP_INJURY_BACKFILL_V1
1390043,Austria,218,Bundesliga,2025,Regular Season - 3,2025-08-17T15:00:00+00:00,Wolfsberger AC,FC BW Linz,1025,Wolfsberger AC,410096,Erik Kojzek,Missing Fixture,Elbow Injury,2026-09-20T20:27:30Z,/injuries,RETROSPECTIVE_ONLY,PBK_STAGE80_HISTORICAL_LINEUP_INJURY_BACKFILL_V1
1390043,Austria,218,Bundesliga,2025,Regular Season - 3,2025-08-17T15:00:00+00:00,Wolfsberger AC,FC BW Linz,1394,FC BW Linz,271395,Alexander Briedl,Missing Fixture,Unknown Injury,2026-09-20T20:27:30Z,/injuries,RETROSPECTIVE_ONLY,PBK_STAGE80_HISTORICAL_LINEUP_INJURY_BACKFILL_V1
1390044,Austria,218,Bundesliga,2025,Regular Season - 4,2025-08-23T15:00:00+00:00,FC BW Linz,Ried,1028,Ried,428267,Nermin Mesic,Missing Fixture,Ruptured cruciate ligament,2026-09-20T20:27:30Z,/injuries,RETROSPECTIVE_ONLY,PBK_STAGE80_HISTORICAL_LINEUP_INJURY_BACKFILL_V1
1390044,Austria,218,Bundesliga,2025,Regular Season - 4,2025-08-23T15:00:00+00:00,FC BW Linz,Ried,1394,FC BW Linz,271395,Alexander Briedl,Missing Fixture,Unknown Injury,2026-09-20T20:27:30Z,/injuries,RETROSPECTIVE_ONLY,PBK_STAGE80_HISTORICAL_LINEUP_INJURY_BACKFILL_V1
1390045,Austria,218,Bundesliga,2025,Regular Season - 4,2025-08-23T15:00:00+00:00,Red Bull Salzburg,Lask Linz,571,Red Bull Salzburg,162121,Justin Omoregie,Missing Fixture,Achilles tendon rupture,2026-09-20T20:27:30Z,/injuries,RETROSPECTIVE_ONLY,PBK_STAGE80_HISTORICAL_LINEUP_INJURY_BACKFILL_V1
1390045,Austria,218,Bundesliga,2025,Regular Season - 4,2025-08-23T15:00:00+00:00,Red Bull Salzburg,Lask Linz,571,Red Bull Salzburg,25928,K. Onisiwo,Missing Fixture,Hamstring Injury,2026-09-20T20:27:30Z,/injuries,RETROSPECTIVE_ONLY,PBK_STAGE80_HISTORICAL_LINEUP_INJURY_BACKFILL_V1
1390045,Austria,218,Bundesliga,2025,Regular Season - 4,2025-08-23T15:00:00+00:00,Red Bull Salzburg,Lask Linz,571,Red Bull Salzburg,280335,Frans Kratzig,Missing Fixture,Muscular problems,2026-09-20T20:27:30Z,/injuries,RETROSPECTIVE_ONLY,PBK_STAGE80_HISTORICAL_LINEUP_INJURY_BACKFILL_V1
1390045,Austria,218,Bundesliga,2025,Regular Season - 4,2025-08-23T15:00:00+00:00,Red Bull Salzburg,Lask Linz,571,Red Bull Salzburg,288073,Sota Kitano,Missing Fixture,Ankle Injury,2026-09-20T20:27:30Z,/injuries,RETROSPECTIVE_ONLY,PBK_STAGE80_HISTORICAL_LINEUP_INJURY_BACKFILL_V1
1390045,Austria,218,Bundesliga,2025,Regular Season - 4,2025-08-23T15:00:00+00:00,Red Bull Salzburg,Lask Linz,571,Red Bull Salzburg,331865,Karim Konate,Missing Fixture,Ruptured cruciate ligament,2026-09-20T20:27:30Z,/injuries,RETROSPECTIVE_ONLY,PBK_STAGE80_HISTORICAL_LINEUP_INJURY_BACKFILL_V1
1390045,Austria,218,Bundesliga,2025,Regular Season - 4,2025-08-23T15:00:00+00:00,Red Bull Salzburg,Lask Linz,571,Red Bull Salzburg,33910,T. Kawamura,Missing Fixture,Jumpers knee,2026-09-20T20:27:30Z,/injuries,RETROSPECTIVE_ONLY,PBK_STAGE80_HISTORICAL_LINEUP_INJURY_BACKFILL_V1
1390045,Austria,218,Bundesliga,2025,Regular Season - 4,2025-08-23T15:00:00+00:00,Red Bull Salzburg,Lask Linz,571,Red Bull Salzburg,361981,A. Chase,Missing Fixture,Torn muscle fiber in the adductor area,2026-09-20T20:27:30Z,/injuries,RETROSPECTIVE_ONLY,PBK_STAGE80_HISTORICAL_LINEUP_INJURY_BACKFILL_V1
1390045,Austria,218,Bundesliga,2025,Regular Season - 4,2025-08-23T15:00:00+00:00,Red Bull Salzburg,Lask Linz,571,Red Bull Salzburg,364320,Valentin Sulzbacher,Missing Fixture,Thigh problems,2026-09-20T20:27:30Z,/injuries,RETROSPECTIVE_ONLY,PBK_STAGE80_HISTORICAL_LINEUP_INJURY_BACKFILL_V1
1390045,Austria,218,Bundesliga,2025,Regular Season - 4,2025-08-23T15:00:00+00:00,Red Bull Salzburg,Lask Linz,571,Red Bull Salzburg,394986,J. Mellberg,Missing Fixture,Jumpers knee,2026-09-20T20:27:30Z,/injuries,RETROSPECTIVE_ONLY,PBK_STAGE80_HISTORICAL_LINEUP_INJURY_BACKFILL_V1
1390047,Austria,218,Bundesliga,2025,Regular Season - 4,2025-08-24T15:00:00+00:00,Wolfsberger AC,Rapid Vienna,1025,Wolfsberger AC,410096,Erik Kojzek,Missing Fixture,Elbow Injury,2026-09-20T20:27:30Z,/injuries,RETROSPECTIVE_ONLY,PBK_STAGE80_HISTORICAL_LINEUP_INJURY_BACKFILL_V1
1390047,Austria,218,Bundesliga,2025,Regular Season - 4,2025-08-24T15:00:00+00:00,Wolfsberger AC,Rapid Vienna,1025,Wolfsberger AC,90663,Donis Avdijaj,Missing Fixture,Muscle Injury,2026-09-20T20:27:30Z,/injuries,RETROSPECTIVE_ONLY,PBK_STAGE80_HISTORICAL_LINEUP_INJURY_BACKFILL_V1
1390047,Austria,218,Bundesliga,2025,Regular Season - 4,2025-08-24T15:00:00+00:00,Wolfsberger AC,Rapid Vienna,781,Rapid Vienna,20864,J. Marcelin,Missing Fixture,Hamstring Injury,2026-09-20T20:27:30Z,/injuries,RETROSPECTIVE_ONLY,PBK_STAGE80_HISTORICAL_LINEUP_INJURY_BACKFILL_V1
1390047,Austria,218,Bundesliga,2025,Regular Season - 4,2025-08-24T15:00:00+00:00,Wolfsberger AC,Rapid Vienna,781,Rapid Vienna,272700,N. Bischof,Missing Fixture,Sprained ankle,2026-09-20T20:27:30Z,/injuries,RETROSPECTIVE_ONLY,PBK_STAGE80_HISTORICAL_LINEUP_INJURY_BACKFILL_V1
1390047,Austria,218,Bundesliga,2025,Regular Season - 4,2025-08-24T15:00:00+00:00,Wolfsberger AC,Rapid Vienna,781,Rapid Vienna,339985,J. Schöller,Missing Fixture,Hamstring Injury,2026-09-20T20:27:30Z,/injuries,RETROSPECTIVE_ONLY,PBK_STAGE80_HISTORICAL_LINEUP_INJURY_BACKFILL_V1
1390047,Austria,218,Bundesliga,2025,Regular Season - 4,2025-08-24T15:00:00+00:00,Wolfsberger AC,Rapid Vienna,781,Rapid Vienna,39288,T. Børkeeiet,Missing Fixture,Cartilage Damage,2026-09-20T20:27:30Z,/injuries,RETROSPECTIVE_ONLY,PBK_STAGE80_HISTORICAL_LINEUP_INJURY_BACKFILL_V1
1390047,Austria,218,Bundesliga,2025,Regular Season - 4,2025-08-24T15:00:00+00:00,Wolfsberger AC,Rapid Vienna,781,Rapid Vienna,461621,Amìn-Elias Gröller,Missing Fixture,Injury,2026-09-20T20:27:30Z,/injuries,RETROSPECTIVE_ONLY,PBK_STAGE80_HISTORICAL_LINEUP_INJURY_BACKFILL_V1
1390048,Austria,218,Bundesliga,2025,Regular Season - 4,2025-08-24T15:00:00+00:00,Austria Vienna,TSV Hartberg,1072,TSV Hartberg,169509,Paul Komposch,Missing Fixture,Ruptured cruciate ligament,2026-09-20T20:27:30Z,/injuries,RETROSPECTIVE_ONLY,PBK_STAGE80_HISTORICAL_LINEUP_INJURY_BACKFILL_V1
1390048,Austria,218,Bundesliga,2025,Regular Season - 4,2025-08-24T15:00:00+00:00,Austria Vienna,TSV Hartberg,1072,TSV Hartberg,77623,Youba Diarra,Missing Fixture,Unknown Injury,2026-09-20T20:27:30Z,/injuries,RETROSPECTIVE_ONLY,PBK_STAGE80_HISTORICAL_LINEUP_INJURY_BACKFILL_V1
1390048,Austria,218,Bundesliga,2025,Regular Season - 4,2025-08-24T15:00:00+00:00,Austria Vienna,TSV Hartberg,601,Austria Vienna,224669,Lee Kang-Hee,Missing Fixture,Knee medial ligament tear,2026-09-20T20:27:30Z,/injuries,RETROSPECTIVE_ONLY,PBK_STAGE80_HISTORICAL_LINEUP_INJURY_BACKFILL_V1
1390048,Austria,218,Bundesliga,2025,Regular Season - 4,2025-08-24T15:00:00+00:00,Austria Vienna,TSV Hartberg,601,Austria Vienna,263813,Kelvin Boateng,Missing Fixture,Unknown Injury,2026-09-20T20:27:30Z,/injuries,RETROSPECTIVE_ONLY,PBK_STAGE80_HISTORICAL_LINEUP_INJURY_BACKFILL_V1
1390048,Austria,218,Bundesliga,2025,Regular Season - 4,2025-08-24T15:00:00+00:00,Austria Vienna,TSV Hartberg,601,Austria Vienna,277303,Z. El Sheiwi,Missing Fixture,Cruciate Ligament Rupture,2026-09-20T20:27:30Z,/injuries,RETROSPECTIVE_ONLY,PBK_STAGE80_HISTORICAL_LINEUP_INJURY_BACKFILL_V1
1390048,Austria,218,Bundesliga,2025,Regular Season - 4,2025-08-24T15:00:00+00:00,Austria Vienna,TSV Hartberg,601,Austria Vienna,277304,F. Wustinger,Missing Fixture,Cruciate Ligament Rupture,2026-09-20T20:27:30Z,/injuries,RETROSPECTIVE_ONLY,PBK_STAGE80_HISTORICAL_LINEUP_INJURY_BACKFILL_V1
1390048,Austria,218,Bundesliga,2025,Regular Season - 4,2025-08-24T15:00:00+00:00,Austria Vienna,TSV Hartberg,601,Austria Vienna,277305,R. Vučić,Missing Fixture,Cartilage Damage,2026-09-20T20:27:30Z,/injuries,RETROSPECTIVE_ONLY,PBK_STAGE80_HISTORICAL_LINEUP_INJURY_BACKFILL_V1
1390048,Austria,218,Bundesliga,2025,Regular Season - 4,2025-08-24T15:00:00+00:00,Austria Vienna,TSV Hartberg,601,Austria Vienna,480397,Abdoulaye Kante,Missing Fixture,Ruptured cruciate ligament,2026-09-20T20:27:30Z,/injuries,RETROSPECTIVE_ONLY,PBK_STAGE80_HISTORICAL_LINEUP_INJURY_BACKFILL_V1
1390048,Austria,218,Bundesliga,2025,Regular Season - 4,2025-08-24T15:00:00+00:00,Austria Vienna,TSV Hartberg,601,Austria Vienna,968,Aleksandar Dragovic,Missing Fixture,Hamstring Injury,2026-09-20T20:27:30Z,/injuries,RETROSPECTIVE_ONLY,PBK_STAGE80_HISTORICAL_LINEUP_INJURY_BACKFILL_V1
1390049,Austria,218,Bundesliga,2025,Regular Season - 4,2025-08-24T15:00:00+00:00,SCR Altach,Grazer AK,618,SCR Altach,475565,Salif Tietietta,Missing Fixture,Ruptured cruciate ligament,2026-09-20T20:27:30Z,/injuries,RETROSPECTIVE_ONLY,PBK_STAGE80_HISTORICAL_LINEUP_INJURY_BACKFILL_V1
1390050,Austria,218,Bundesliga,2025,Regular Season - 5,2025-08-30T15:00:00+00:00,Red Bull Salzburg,FC BW Linz,1394,FC BW Linz,161820,Nico Maier,Missing Fixture,Unknown Injury,2026-09-20T20:27:30Z,/injuries,RETROSPECTIVE_ONLY,PBK_STAGE80_HISTORICAL_LINEUP_INJURY_BACKFILL_V1
1390050,Austria,218,Bundesliga,2025,Regular Season - 5,2025-08-30T15:00:00+00:00,Red Bull Salzburg,FC BW Linz,1394,FC BW Linz,7131,Ronivaldo Bernardo Sales,Missing Fixture,Torn Muscle Fibre,2026-09-20T20:27:30Z,/injuries,RETROSPECTIVE_ONLY,PBK_STAGE80_HISTORICAL_LINEUP_INJURY_BACKFILL_V1
1390050,Austria,218,Bundesliga,2025,Regular Season - 5,2025-08-30T15:00:00+00:00,Red Bull Salzburg,FC BW Linz,571,Red Bull Salzburg,162121,Justin Omoregie,Missing Fixture,Achilles tendon rupture,2026-09-20T20:27:30Z,/injuries,RETROSPECTIVE_ONLY,PBK_STAGE80_HISTORICAL_LINEUP_INJURY_BACKFILL_V1
1390050,Austria,218,Bundesliga,2025,Regular Season - 5,2025-08-30T15:00:00+00:00,Red Bull Salzburg,FC BW Linz,571,Red Bull Salzburg,25928,K. Onisiwo,Missing Fixture,Hamstring Injury,2026-09-20T20:27:30Z,/injuries,RETROSPECTIVE_ONLY,PBK_STAGE80_HISTORICAL_LINEUP_INJURY_BACKFILL_V1
1390050,Austria,218,Bundesliga,2025,Regular Season - 5,2025-08-30T15:00:00+00:00,Red Bull Salzburg,FC BW Linz,571,Red Bull Salzburg,280335,Frans Kratzig,Missing Fixture,Muscular problems,2026-09-20T20:27:30Z,/injuries,RETROSPECTIVE_ONLY,PBK_STAGE80_HISTORICAL_LINEUP_INJURY_BACKFILL_V1
1390050,Austria,218,Bundesliga,2025,Regular Season - 5,2025-08-30T15:00:00+00:00,Red Bull Salzburg,FC BW Linz,571,Red Bull Salzburg,331865,Karim Konate,Missing Fixture,Ruptured cruciate ligament,2026-09-20T20:27:30Z,/injuries,RETROSPECTIVE_ONLY,PBK_STAGE80_HISTORICAL_LINEUP_INJURY_BACKFILL_V1
1390050,Austria,218,Bundesliga,2025,Regular Season - 5,2025-08-30T15:00:00+00:00,Red Bull Salzburg,FC BW Linz,571,Red Bull Salzburg,33910,T. Kawamura,Missing Fixture,Jumpers knee,2026-09-20T20:27:30Z,/injuries,RETROSPECTIVE_ONLY,PBK_STAGE80_HISTORICAL_LINEUP_INJURY_BACKFILL_V1
1390050,Austria,218,Bundesliga,2025,Regular Season - 5,2025-08-30T15:00:00+00:00,Red Bull Salzburg,FC BW Linz,571,Red Bull Salzburg,361981,A. Chase,Missing Fixture,Torn muscle fiber in the adductor area,2026-09-20T20:27:30Z,/injuries,RETROSPECTIVE_ONLY,PBK_STAGE80_HISTORICAL_LINEUP_INJURY_BACKFILL_V1
1390050,Austria,218,Bundesliga,2025,Regular Season - 5,2025-08-30T15:00:00+00:00,Red Bull Salzburg,FC BW Linz,571,Red Bull Salzburg,364320,Valentin Sulzbacher,Missing Fixture,Thigh problems,2026-09-20T20:27:30Z,/injuries,RETROSPECTIVE_ONLY,PBK_STAGE80_HISTORICAL_LINEUP_INJURY_BACKFILL_V1
1390050,Austria,218,Bundesliga,2025,Regular Season - 5,2025-08-30T15:00:00+00:00,Red Bull Salzburg,FC BW Linz,571,Red Bull Salzburg,394986,J. Mellberg,Missing Fixture,Jumpers knee,2026-09-20T20:27:30Z,/injuries,RETROSPECTIVE_ONLY,PBK_STAGE80_HISTORICAL_LINEUP_INJURY_BACKFILL_V1
1390051,Austria,218,Bundesliga,2025,Regular Season - 5,2025-08-30T15:00:00+00:00,Lask Linz,Ried,1028,Ried,428267,Nermin Mesic,Missing Fixture,Ruptured cruciate ligament,2026-09-20T20:27:30Z,/injuries,RETROSPECTIVE_ONLY,PBK_STAGE80_HISTORICAL_LINEUP_INJURY_BACKFILL_V1
1390052,Austria,218,Bundesliga,2025,Regular Season - 5,2025-08-30T17:30:00+00:00,Grazer AK,Sturm Graz,637,Sturm Graz,281989,Daniil Khudyakov,Missing Fixture,Broken wrist,2026-09-20T20:27:30Z,/injuries,RETROSPECTIVE_ONLY,PBK_STAGE80_HISTORICAL_LINEUP_INJURY_BACKFILL_V1
1390052,Austria,218,Bundesliga,2025,Regular Season - 5,2025-08-30T17:30:00+00:00,Grazer AK,Sturm Graz,637,Sturm Graz,7432,Alexandar Borkovic,Missing Fixture,Ruptured cruciate ligament,2026-09-20T20:27:30Z,/injuries,RETROSPECTIVE_ONLY,PBK_STAGE80_HISTORICAL_LINEUP_INJURY_BACKFILL_V1
1390053,Austria,218,Bundesliga,2025,Regular Season - 5,2025-08-31T15:00:00+00:00,Austria Vienna,SCR Altach,601,Austria Vienna,224669,Lee Kang-Hee,Missing Fixture,Knee medial ligament tear,2026-09-20T20:27:30Z,/injuries,RETROSPECTIVE_ONLY,PBK_STAGE80_HISTORICAL_LINEUP_INJURY_BACKFILL_V1
1390053,Austria,218,Bundesliga,2025,Regular Season - 5,2025-08-31T15:00:00+00:00,Austria Vienna,SCR Altach,601,Austria Vienna,277303,Z. El Sheiwi,Missing Fixture,Cruciate Ligament Rupture,2026-09-20T20:27:30Z,/injuries,RETROSPECTIVE_ONLY,PBK_STAGE80_HISTORICAL_LINEUP_INJURY_BACKFILL_V1
1390053,Austria,218,Bundesliga,2025,Regular Season - 5,2025-08-31T15:00:00+00:00,Austria Vienna,SCR Altach,601,Austria Vienna,277304,F. Wustinger,Missing Fixture,Cruciate Ligament Rupture,2026-09-20T20:27:30Z,/injuries,RETROSPECTIVE_ONLY,PBK_STAGE80_HISTORICAL_LINEUP_INJURY_BACKFILL_V1
1390053,Austria,218,Bundesliga,2025,Regular Season - 5,2025-08-31T15:00:00+00:00,Austria Vienna,SCR Altach,601,Austria Vienna,277305,R. Vučić,Missing Fixture,Cartilage Damage,2026-09-20T20:27:30Z,/injuries,RETROSPECTIVE_ONLY,PBK_STAGE80_HISTORICAL_LINEUP_INJURY_BACKFILL_V1
1390053,Austria,218,Bundesliga,2025,Regular Season - 5,2025-08-31T15:00:00+00:00,Austria Vienna,SCR Altach,601,Austria Vienna,480397,Abdoulaye Kante,Missing Fixture,Ruptured cruciate ligament,2026-09-20T20:27:30Z,/injuries,RETROSPECTIVE_ONLY,PBK_STAGE80_HISTORICAL_LINEUP_INJURY_BACKFILL_V1
1390053,Austria,218,Bundesliga,2025,Regular Season - 5,2025-08-31T15:00:00+00:00,Austria Vienna,SCR Altach,601,Austria Vienna,7139,Johannes Handl,Missing Fixture,Ill,2026-09-20T20:27:30Z,/injuries,RETROSPECTIVE_ONLY,PBK_STAGE80_HISTORICAL_LINEUP_INJURY_BACKFILL_V1
1390053,Austria,218,Bundesliga,2025,Regular Season - 5,2025-08-31T15:00:00+00:00,Austria Vienna,SCR Altach,601,Austria Vienna,7353,T. Plavotić,Missing Fixture,Injury,2026-09-20T20:27:30Z,/injuries,RETROSPECTIVE_ONLY,PBK_STAGE80_HISTORICAL_LINEUP_INJURY_BACKFILL_V1
1390053,Austria,218,Bundesliga,2025,Regular Season - 5,2025-08-31T15:00:00+00:00,Austria Vienna,SCR Altach,618,SCR Altach,161087,Ousmane Diawara,Missing Fixture,Muscle Injury,2026-09-20T20:27:30Z,/injuries,RETROSPECTIVE_ONLY,PBK_STAGE80_HISTORICAL_LINEUP_INJURY_BACKFILL_V1
1390053,Austria,218,Bundesliga,2025,Regular Season - 5,2025-08-31T15:00:00+00:00,Austria Vienna,SCR Altach,618,SCR Altach,475565,Salif Tietietta,Missing Fixture,Ruptured cruciate ligament,2026-09-20T20:27:30Z,/injuries,RETROSPECTIVE_ONLY,PBK_STAGE80_HISTORICAL_LINEUP_INJURY_BACKFILL_V1
1390053,Austria,218,Bundesliga,2025,Regular Season - 5,2025-08-31T15:00:00+00:00,Austria Vienna,SCR Altach,618,SCR Altach,7441,Vesel Demaku,Missing Fixture,Collarbone fracture,2026-09-20T20:27:30Z,/injuries,RETROSPECTIVE_ONLY,PBK_STAGE80_HISTORICAL_LINEUP_INJURY_BACKFILL_V1
1390053,Austria,218,Bundesliga,2025,Regular Season - 5,2025-08-31T15:00:00+00:00,Austria Vienna,SCR Altach,618,SCR Altach,7677,Benedikt Zech,Missing Fixture,Fractured Rib,2026-09-20T20:27:30Z,/injuries,RETROSPECTIVE_ONLY,PBK_STAGE80_HISTORICAL_LINEUP_INJURY_BACKFILL_V1
1390054,Austria,218,Bundesliga,2025,Regular Season - 5,2025-08-31T15:00:00+00:00,TSV Hartberg,Rapid Vienna,1072,TSV Hartberg,169509,Paul Komposch,Missing Fixture,Ruptured cruciate ligament,2026-09-20T20:27:30Z,/injuries,RETROSPECTIVE_ONLY,PBK_STAGE80_HISTORICAL_LINEUP_INJURY_BACKFILL_V1
1390054,Austria,218,Bundesliga,2025,Regular Season - 5,2025-08-31T15:00:00+00:00,TSV Hartberg,Rapid Vienna,781,Rapid Vienna,20864,J. Marcelin,Missing Fixture,Hamstring Injury,2026-09-20T20:27:30Z,/injuries,RETROSPECTIVE_ONLY,PBK_STAGE80_HISTORICAL_LINEUP_INJURY_BACKFILL_V1
1390054,Austria,218,Bundesliga,2025,Regular Season - 5,2025-08-31T15:00:00+00:00,TSV Hartberg,Rapid Vienna,781,Rapid Vienna,272700,N. Bischof,Missing Fixture,Sprained ankle,2026-09-20T20:27:30Z,/injuries,RETROSPECTIVE_ONLY,PBK_STAGE80_HISTORICAL_LINEUP_INJURY_BACKFILL_V1
1390054,Austria,218,Bundesliga,2025,Regular Season - 5,2025-08-31T15:00:00+00:00,TSV Hartberg,Rapid Vienna,781,Rapid Vienna,339985,J. Schöller,Missing Fixture,Hamstring Injury,2026-09-20T20:27:30Z,/injuries,RETROSPECTIVE_ONLY,PBK_STAGE80_HISTORICAL_LINEUP_INJURY_BACKFILL_V1
1390054,Austria,218,Bundesliga,2025,Regular Season - 5,2025-08-31T15:00:00+00:00,TSV Hartberg,Rapid Vienna,781,Rapid Vienna,39288,T. Børkeeiet,Missing Fixture,Cartilage Damage,2026-09-20T20:27:30Z,/injuries,RETROSPECTIVE_ONLY,PBK_STAGE80_HISTORICAL_LINEUP_INJURY_BACKFILL_V1
1390054,Austria,218,Bundesliga,2025,Regular Season - 5,2025-08-31T15:00:00+00:00,TSV Hartberg,Rapid Vienna,781,Rapid Vienna,461621,Amìn-Elias Gröller,Missing Fixture,Injury,2026-09-20T20:27:30Z,/injuries,RETROSPECTIVE_ONLY,PBK_STAGE80_HISTORICAL_LINEUP_INJURY_BACKFILL_V1
1390057,Austria,218,Bundesliga,2025,Regular Season - 6,2025-09-14T12:30:00+00:00,Rapid Vienna,WSG Wattens,781,Rapid Vienna,20864,J. Marcelin,Missing Fixture,Hamstring Injury,2026-09-20T20:27:30Z,/injuries,RETROSPECTIVE_ONLY,PBK_STAGE80_HISTORICAL_LINEUP_INJURY_BACKFILL_V1
1390057,Austria,218,Bundesliga,2025,Regular Season - 6,2025-09-14T12:30:00+00:00,Rapid Vienna,WSG Wattens,781,Rapid Vienna,272700,N. Bischof,Missing Fixture,Sprained ankle,2026-09-20T20:27:30Z,/injuries,RETROSPECTIVE_ONLY,PBK_STAGE80_HISTORICAL_LINEUP_INJURY_BACKFILL_V1
1390057,Austria,218,Bundesliga,2025,Regular Season - 6,2025-09-14T12:30:00+00:00,Rapid Vienna,WSG Wattens,781,Rapid Vienna,339985,J. Schöller,Missing Fixture,Hamstring Injury,2026-09-20T20:27:30Z,/injuries,RETROSPECTIVE_ONLY,PBK_STAGE80_HISTORICAL_LINEUP_INJURY_BACKFILL_V1
1390057,Austria,218,Bundesliga,2025,Regular Season - 6,2025-09-14T12:30:00+00:00,Rapid Vienna,WSG Wattens,781,Rapid Vienna,39288,T. Børkeeiet,Missing Fixture,Cartilage Damage,2026-09-20T20:27:30Z,/injuries,RETROSPECTIVE_ONLY,PBK_STAGE80_HISTORICAL_LINEUP_INJURY_BACKFILL_V1
1390057,Austria,218,Bundesliga,2025,Regular Season - 6,2025-09-14T12:30:00+00:00,Rapid Vienna,WSG Wattens,781,Rapid Vienna,461621,Amìn-Elias Gröller,Missing Fixture,Injury,2026-09-20T20:27:30Z,/injuries,RETROSPECTIVE_ONLY,PBK_STAGE80_HISTORICAL_LINEUP_INJURY_BACKFILL_V1
1390058,Austria,218,Bundesliga,2025,Regular Season - 6,2025-09-14T15:00:00+00:00,Sturm Graz,Austria Vienna,601,Austria Vienna,277303,Z. El Sheiwi,Missing Fixture,Cruciate Ligament Rupture,2026-09-20T20:27:30Z,/injuries,RETROSPECTIVE_ONLY,PBK_STAGE80_HISTORICAL_LINEUP_INJURY_BACKFILL_V1
1390058,Austria,218,Bundesliga,2025,Regular Season - 6,2025-09-14T15:00:00+00:00,Sturm Graz,Austria Vienna,601,Austria Vienna,277304,F. Wustinger,Missing Fixture,Cruciate Ligament Rupture,2026-09-20T20:27:30Z,/injuries,RETROSPECTIVE_ONLY,PBK_STAGE80_HISTORICAL_LINEUP_INJURY_BACKFILL_V1
1390058,Austria,218,Bundesliga,2025,Regular Season - 6,2025-09-14T15:00:00+00:00,Sturm Graz,Austria Vienna,601,Austria Vienna,7353,T. Plavotić,Missing Fixture,Injury,2026-09-20T20:27:30Z,/injuries,RETROSPECTIVE_ONLY,PBK_STAGE80_HISTORICAL_LINEUP_INJURY_BACKFILL_V1
1390059,Austria,218,Bundesliga,2025,Regular Season - 6,2025-09-13T15:00:00+00:00,Wolfsberger AC,Red Bull Salzburg,571,Red Bull Salzburg,25928,K. Onisiwo,Missing Fixture,Hamstring Injury,2026-09-20T20:27:30Z,/injuries,RETROSPECTIVE_ONLY,PBK_STAGE80_HISTORICAL_LINEUP_INJURY_BACKFILL_V1
1390059,Austria,218,Bundesliga,2025,Regular Season - 6,2025-09-13T15:00:00+00:00,Wolfsberger AC,Red Bull Salzburg,571,Red Bull Salzburg,33910,T. Kawamura,Missing Fixture,Jumpers knee,2026-09-20T20:27:30Z,/injuries,RETROSPECTIVE_ONLY,PBK_STAGE80_HISTORICAL_LINEUP_INJURY_BACKFILL_V1
1390059,Austria,218,Bundesliga,2025,Regular Season - 6,2025-09-13T15:00:00+00:00,Wolfsberger AC,Red Bull Salzburg,571,Red Bull Salzburg,394986,J. Mellberg,Missing Fixture,Jumpers knee,2026-09-20T20:27:30Z,/injuries,RETROSPECTIVE_ONLY,PBK_STAGE80_HISTORICAL_LINEUP_INJURY_BACKFILL_V1
1390064,Austria,218,Bundesliga,2025,Regular Season - 7,2025-09-21T15:00:00+00:00,Grazer AK,Rapid Vienna,781,Rapid Vienna,20864,J. Marcelin,Missing Fixture,Hamstring Injury,2026-09-20T20:27:30Z,/injuries,RETROSPECTIVE_ONLY,PBK_STAGE80_HISTORICAL_LINEUP_INJURY_BACKFILL_V1
1390064,Austria,218,Bundesliga,2025,Regular Season - 7,2025-09-21T15:00:00+00:00,Grazer AK,Rapid Vienna,781,Rapid Vienna,272700,N. Bischof,Missing Fixture,Sprained ankle,2026-09-20T20:27:30Z,/injuries,RETROSPECTIVE_ONLY,PBK_STAGE80_HISTORICAL_LINEUP_INJURY_BACKFILL_V1
1390064,Austria,218,Bundesliga,2025,Regular Season - 7,2025-09-21T15:00:00+00:00,Grazer AK,Rapid Vienna,781,Rapid Vienna,339985,J. Schöller,Missing Fixture,Hamstring Injury,2026-09-20T20:27:30Z,/injuries,RETROSPECTIVE_ONLY,PBK_STAGE80_HISTORICAL_LINEUP_INJURY_BACKFILL_V1
1390064,Austria,218,Bundesliga,2025,Regular Season - 7,2025-09-21T15:00:00+00:00,Grazer AK,Rapid Vienna,781,Rapid Vienna,39288,T. Børkeeiet,Missing Fixture,Cartilage Damage,2026-09-20T20:27:30Z,/injuries,RETROSPECTIVE_ONLY,PBK_STAGE80_HISTORICAL_LINEUP_INJURY_BACKFILL_V1
1390064,Austria,218,Bundesliga,2025,Regular Season - 7,2025-09-21T15:00:00+00:00,Grazer AK,Rapid Vienna,781,Rapid Vienna,461621,Amìn-Elias Gröller,Missing Fixture,Injury,2026-09-20T20:27:30Z,/injuries,RETROSPECTIVE_ONLY,PBK_STAGE80_HISTORICAL_LINEUP_INJURY_BACKFILL_V1
1390065,Austria,218,Bundesliga,2025,Regular Season - 7,2025-09-20T15:00:00+00:00,Austria Vienna,Ried,601,Austria Vienna,277303,Z. El Sheiwi,Missing Fixture,Cruciate Ligament Rupture,2026-09-20T20:27:30Z,/injuries,RETROSPECTIVE_ONLY,PBK_STAGE80_HISTORICAL_LINEUP_INJURY_BACKFILL_V1
1390065,Austria,218,Bundesliga,2025,Regular Season - 7,2025-09-20T15:00:00+00:00,Austria Vienna,Ried,601,Austria Vienna,277304,F. Wustinger,Missing Fixture,Cruciate Ligament Rupture,2026-09-20T20:27:30Z,/injuries,RETROSPECTIVE_ONLY,PBK_STAGE80_HISTORICAL_LINEUP_INJURY_BACKFILL_V1
1390066,Austria,218,Bundesliga,2025,Regular Season - 7,2025-09-20T15:00:00+00:00,Red Bull Salzburg,Sturm Graz,571,Red Bull Salzburg,25928,K. Onisiwo,Missing Fixture,Hamstring Injury,2026-09-20T20:27:30Z,/injuries,RETROSPECTIVE_ONLY,PBK_STAGE80_HISTORICAL_LINEUP_INJURY_BACKFILL_V1
1390066,Austria,218,Bundesliga,2025,Regular Season - 7,2025-09-20T15:00:00+00:00,Red Bull Salzburg,Sturm Graz,571,Red Bull Salzburg,33910,T. Kawamura,Missing Fixture,Jumpers knee,2026-09-20T20:27:30Z,/injuries,RETROSPECTIVE_ONLY,PBK_STAGE80_HISTORICAL_LINEUP_INJURY_BACKFILL_V1
1390066,Austria,218,Bundesliga,2025,Regular Season - 7,2025-09-20T15:00:00+00:00,Red Bull Salzburg,Sturm Graz,571,Red Bull Salzburg,394986,J. Mellberg,Missing Fixture,Jumpers knee,2026-09-20T20:27:30Z,/injuries,RETROSPECTIVE_ONLY,PBK_STAGE80_HISTORICAL_LINEUP_INJURY_BACKFILL_V1
1390067,Austria,218,Bundesliga,2025,Regular Season - 8,2025-09-28T15:00:00+00:00,Rapid Vienna,Austria Vienna,601,Austria Vienna,277303,Z. El Sheiwi,Missing Fixture,Cruciate Ligament Rupture,2026-09-20T20:27:30Z,/injuries,RETROSPECTIVE_ONLY,PBK_STAGE80_HISTORICAL_LINEUP_INJURY_BACKFILL_V1
1390067,Austria,218,Bundesliga,2025,Regular Season - 8,2025-09-28T15:00:00+00:00,Rapid Vienna,Austria Vienna,601,Austria Vienna,277304,F. Wustinger,Missing Fixture,Cruciate Ligament Rupture,2026-09-20T20:27:30Z,/injuries,RETROSPECTIVE_ONLY,PBK_STAGE80_HISTORICAL_LINEUP_INJURY_BACKFILL_V1
1390067,Austria,218,Bundesliga,2025,Regular Season - 8,2025-09-28T15:00:00+00:00,Rapid Vienna,Austria Vienna,781,Rapid Vienna,20864,J. Marcelin,Missing Fixture,Hamstring Injury,2026-09-20T20:27:30Z,/injuries,RETROSPECTIVE_ONLY,PBK_STAGE80_HISTORICAL_LINEUP_INJURY_BACKFILL_V1
1390067,Austria,218,Bundesliga,2025,Regular Season - 8,2025-09-28T15:00:00+00:00,Rapid Vienna,Austria Vienna,781,Rapid Vienna,272700,N. Bischof,Missing Fixture,Sprained ankle,2026-09-20T20:27:30Z,/injuries,RETROSPECTIVE_ONLY,PBK_STAGE80_HISTORICAL_LINEUP_INJURY_BACKFILL_V1
1390067,Austria,218,Bundesliga,2025,Regular Season - 8,2025-09-28T15:00:00+00:00,Rapid Vienna,Austria Vienna,781,Rapid Vienna,339985,J. Schöller,Missing Fixture,Hamstring Injury,2026-09-20T20:27:30Z,/injuries,RETROSPECTIVE_ONLY,PBK_STAGE80_HISTORICAL_LINEUP_INJURY_BACKFILL_V1
1390067,Austria,218,Bundesliga,2025,Regular Season - 8,2025-09-28T15:00:00+00:00,Rapid Vienna,Austria Vienna,781,Rapid Vienna,39288,T. Børkeeiet,Missing Fixture,Cartilage Damage,2026-09-20T20:27:30Z,/injuries,RETROSPECTIVE_ONLY,PBK_STAGE80_HISTORICAL_LINEUP_INJURY_BACKFILL_V1
1390067,Austria,218,Bundesliga,2025,Regular Season - 8,2025-09-28T15:00:00+00:00,Rapid Vienna,Austria Vienna,781,Rapid Vienna,461621,Amìn-Elias Gröller,Missing Fixture,Injury,2026-09-20T20:27:30Z,/injuries,RETROSPECTIVE_ONLY,PBK_STAGE80_HISTORICAL_LINEUP_INJURY_BACKFILL_V1
1390072,Austria,218,Bundesliga,2025,Regular Season - 8,2025-09-28T12:30:00+00:00,WSG Wattens,Red Bull Salzburg,571,Red Bull Salzburg,25928,K. Onisiwo,Missing Fixture,Hamstring Injury,2026-09-20T20:27:30Z,/injuries,RETROSPECTIVE_ONLY,PBK_STAGE80_HISTORICAL_LINEUP_INJURY_BACKFILL_V1
1390072,Austria,218,Bundesliga,2025,Regular Season - 8,2025-09-28T12:30:00+00:00,WSG Wattens,Red Bull Salzburg,571,Red Bull Salzburg,33910,T. Kawamura,Missing Fixture,Jumpers knee,2026-09-20T20:27:30Z,/injuries,RETROSPECTIVE_ONLY,PBK_STAGE80_HISTORICAL_LINEUP_INJURY_BACKFILL_V1
1390072,Austria,218,Bundesliga,2025,Regular Season - 8,2025-09-28T12:30:00+00:00,WSG Wattens,Red Bull Salzburg,571,Red Bull Salzburg,394986,J. Mellberg,Missing Fixture,Jumpers knee,2026-09-20T20:27:30Z,/injuries,RETROSPECTIVE_ONLY,PBK_STAGE80_HISTORICAL_LINEUP_INJURY_BACKFILL_V1
1390073,Austria,218,Bundesliga,2025,Regular Season - 9,2025-10-05T15:00:00+00:00,Red Bull Salzburg,Rapid Vienna,571,Red Bull Salzburg,33910,T. Kawamura,Missing Fixture,Jumpers knee,2026-09-20T20:27:30Z,/injuries,RETROSPECTIVE_ONLY,PBK_STAGE80_HISTORICAL_LINEUP_INJURY_BACKFILL_V1
1390073,Austria,218,Bundesliga,2025,Regular Season - 9,2025-10-05T15:00:00+00:00,Red Bull Salzburg,Rapid Vienna,571,Red Bull Salzburg,394986,J. Mellberg,Missing Fixture,Jumpers knee,2026-09-20T20:27:30Z,/injuries,RETROSPECTIVE_ONLY,PBK_STAGE80_HISTORICAL_LINEUP_INJURY_BACKFILL_V1
1390073,Austria,218,Bundesliga,2025,Regular Season - 9,2025-10-05T15:00:00+00:00,Red Bull Salzburg,Rapid Vienna,781,Rapid Vienna,272700,N. Bischof,Missing Fixture,Sprained ankle,2026-09-20T20:27:30Z,/injuries,RETROSPECTIVE_ONLY,PBK_STAGE80_HISTORICAL_LINEUP_INJURY_BACKFILL_V1
1390073,Austria,218,Bundesliga,2025,Regular Season - 9,2025-10-05T15:00:00+00:00,Red Bull Salzburg,Rapid Vienna,781,Rapid Vienna,339985,J. Schöller,Missing Fixture,Hamstring Injury,2026-09-20T20:27:30Z,/injuries,RETROSPECTIVE_ONLY,PBK_STAGE80_HISTORICAL_LINEUP_INJURY_BACKFILL_V1
1390073,Austria,218,Bundesliga,2025,Regular Season - 9,2025-10-05T15:00:00+00:00,Red Bull Salzburg,Rapid Vienna,781,Rapid Vienna,39288,T. Børkeeiet,Missing Fixture,Cartilage Damage,2026-09-20T20:27:30Z,/injuries,RETROSPECTIVE_ONLY,PBK_STAGE80_HISTORICAL_LINEUP_INJURY_BACKFILL_V1
1390073,Austria,218,Bundesliga,2025,Regular Season - 9,2025-10-05T15:00:00+00:00,Red Bull Salzburg,Rapid Vienna,781,Rapid Vienna,461621,Amìn-Elias Gröller,Missing Fixture,Injury,2026-09-20T20:27:30Z,/injuries,RETROSPECTIVE_ONLY,PBK_STAGE80_HISTORICAL_LINEUP_INJURY_BACKFILL_V1
1390076,Austria,218,Bundesliga,2025,Regular Season - 9,2025-10-04T15:00:00+00:00,Austria Vienna,FC BW Linz,601,Austria Vienna,277303,Z. El Sheiwi,Missing Fixture,Cruciate Ligament Rupture,2026-09-20T20:27:30Z,/injuries,RETROSPECTIVE_ONLY,PBK_STAGE80_HISTORICAL_LINEUP_INJURY_BACKFILL_V1
1390076,Austria,218,Bundesliga,2025,Regular Season - 9,2025-10-04T15:00:00+00:00,Austria Vienna,FC BW Linz,601,Austria Vienna,277304,F. Wustinger,Missing Fixture,Cruciate Ligament Rupture,2026-09-20T20:27:30Z,/injuries,RETROSPECTIVE_ONLY,PBK_STAGE80_HISTORICAL_LINEUP_INJURY_BACKFILL_V1
1390080,Austria,218,Bundesliga,2025,Regular Season - 10,2025-10-18T15:00:00+00:00,WSG Wattens,Austria Vienna,601,Austria Vienna,277303,Z. El Sheiwi,Missing Fixture,Cruciate Ligament Rupture,2026-09-20T20:27:30Z,/injuries,RETROSPECTIVE_ONLY,PBK_STAGE80_HISTORICAL_LINEUP_INJURY_BACKFILL_V1
1390080,Austria,218,Bundesliga,2025,Regular Season - 10,2025-10-18T15:00:00+00:00,WSG Wattens,Austria Vienna,601,Austria Vienna,277304,F. Wustinger,Missing Fixture,Cruciate Ligament Rupture,2026-09-20T20:27:30Z,/injuries,RETROSPECTIVE_ONLY,PBK_STAGE80_HISTORICAL_LINEUP_INJURY_BACKFILL_V1
1390082,Austria,218,Bundesliga,2025,Regular Season - 10,2025-10-19T15:00:00+00:00,Rapid Vienna,Lask Linz,781,Rapid Vienna,272700,N. Bischof,Missing Fixture,Sprained ankle,2026-09-20T20:27:30Z,/injuries,RETROSPECTIVE_ONLY,PBK_STAGE80_HISTORICAL_LINEUP_INJURY_BACKFILL_V1
1390082,Austria,218,Bundesliga,2025,Regular Season - 10,2025-10-19T15:00:00+00:00,Rapid Vienna,Lask Linz,781,Rapid Vienna,339985,J. Schöller,Missing Fixture,Hamstring Injury,2026-09-20T20:27:30Z,/injuries,RETROSPECTIVE_ONLY,PBK_STAGE80_HISTORICAL_LINEUP_INJURY_BACKFILL_V1
1390082,Austria,218,Bundesliga,2025,Regular Season - 10,2025-10-19T15:00:00+00:00,Rapid Vienna,Lask Linz,781,Rapid Vienna,39288,T. Børkeeiet,Missing Fixture,Cartilage Damage,2026-09-20T20:27:30Z,/injuries,RETROSPECTIVE_ONLY,PBK_STAGE80_HISTORICAL_LINEUP_INJURY_BACKFILL_V1
1390082,Austria,218,Bundesliga,2025,Regular Season - 10,2025-10-19T15:00:00+00:00,Rapid Vienna,Lask Linz,781,Rapid Vienna,461621,Amìn-Elias Gröller,Missing Fixture,Injury,2026-09-20T20:27:30Z,/injuries,RETROSPECTIVE_ONLY,PBK_STAGE80_HISTORICAL_LINEUP_INJURY_BACKFILL_V1
1390086,Austria,218,Bundesliga,2025,Regular Season - 11,2025-10-26T16:00:00+00:00,Austria Vienna,Red Bull Salzburg,571,Red Bull Salzburg,33910,T. Kawamura,Missing Fixture,Jumpers knee,2026-09-20T20:27:30Z,/injuries,RETROSPECTIVE_ONLY,PBK_STAGE80_HISTORICAL_LINEUP_INJURY_BACKFILL_V1
1390086,Austria,218,Bundesliga,2025,Regular Season - 11,2025-10-26T16:00:00+00:00,Austria Vienna,Red Bull Salzburg,601,Austria Vienna,277303,Z. El Sheiwi,Missing Fixture,Cruciate Ligament Rupture,2026-09-20T20:27:30Z,/injuries,RETROSPECTIVE_ONLY,PBK_STAGE80_HISTORICAL_LINEUP_INJURY_BACKFILL_V1
1390086,Austria,218,Bundesliga,2025,Regular Season - 11,2025-10-26T16:00:00+00:00,Austria Vienna,Red Bull Salzburg,601,Austria Vienna,277304,F. Wustinger,Missing Fixture,Cruciate Ligament Rupture,2026-09-20T20:27:30Z,/injuries,RETROSPECTIVE_ONLY,PBK_STAGE80_HISTORICAL_LINEUP_INJURY_BACKFILL_V1
1390089,Austria,218,Bundesliga,2025,Regular Season - 11,2025-10-26T13:30:00+00:00,Ried,Rapid Vienna,781,Rapid Vienna,272700,N. Bischof,Missing Fixture,Sprained ankle,2026-09-20T20:27:30Z,/injuries,RETROSPECTIVE_ONLY,PBK_STAGE80_HISTORICAL_LINEUP_INJURY_BACKFILL_V1
1390089,Austria,218,Bundesliga,2025,Regular Season - 11,2025-10-26T13:30:00+00:00,Ried,Rapid Vienna,781,Rapid Vienna,339985,J. Schöller,Missing Fixture,Hamstring Injury,2026-09-20T20:27:30Z,/injuries,RETROSPECTIVE_ONLY,PBK_STAGE80_HISTORICAL_LINEUP_INJURY_BACKFILL_V1
1390089,Austria,218,Bundesliga,2025,Regular Season - 11,2025-10-26T13:30:00+00:00,Ried,Rapid Vienna,781,Rapid Vienna,39288,T. Børkeeiet,Missing Fixture,Cartilage Damage,2026-09-20T20:27:30Z,/injuries,RETROSPECTIVE_ONLY,PBK_STAGE80_HISTORICAL_LINEUP_INJURY_BACKFILL_V1
1390089,Austria,218,Bundesliga,2025,Regular Season - 11,2025-10-26T13:30:00+00:00,Ried,Rapid Vienna,781,Rapid Vienna,461621,Amìn-Elias Gröller,Missing Fixture,Injury,2026-09-20T20:27:30Z,/injuries,RETROSPECTIVE_ONLY,PBK_STAGE80_HISTORICAL_LINEUP_INJURY_BACKFILL_V1
1390092,Austria,218,Bundesliga,2025,Regular Season - 12,2025-11-02T13:30:00+00:00,Red Bull Salzburg,Ried,571,Red Bull Salzburg,33910,T. Kawamura,Missing Fixture,Jumpers knee,2026-09-20T20:27:30Z,/injuries,RETROSPECTIVE_ONLY,PBK_STAGE80_HISTORICAL_LINEUP_INJURY_BACKFILL_V1
1390093,Austria,218,Bundesliga,2025,Regular Season - 12,2025-11-01T16:00:00+00:00,TSV Hartberg,Austria Vienna,601,Austria Vienna,277303,Z. El Sheiwi,Missing Fixture,Cruciate Ligament Rupture,2026-09-20T20:27:30Z,/injuries,RETROSPECTIVE_ONLY,PBK_STAGE80_HISTORICAL_LINEUP_INJURY_BACKFILL_V1
1390093,Austria,218,Bundesliga,2025,Regular Season - 12,2025-11-01T16:00:00+00:00,TSV Hartberg,Austria Vienna,601,Austria Vienna,277304,F. Wustinger,Missing Fixture,Cruciate Ligament Rupture,2026-09-20T20:27:30Z,/injuries,RETROSPECTIVE_ONLY,PBK_STAGE80_HISTORICAL_LINEUP_INJURY_BACKFILL_V1
1390095,Austria,218,Bundesliga,2025,Regular Season - 12,2025-11-02T16:00:00+00:00,Rapid Vienna,Sturm Graz,781,Rapid Vienna,272700,N. Bischof,Missing Fixture,Sprained ankle,2026-09-20T20:27:30Z,/injuries,RETROSPECTIVE_ONLY,PBK_STAGE80_HISTORICAL_LINEUP_INJURY_BACKFILL_V1
1390095,Austria,218,Bundesliga,2025,Regular Season - 12,2025-11-02T16:00:00+00:00,Rapid Vienna,Sturm Graz,781,Rapid Vienna,339985,J. Schöller,Missing Fixture,Hamstring Injury,2026-09-20T20:27:30Z,/injuries,RETROSPECTIVE_ONLY,PBK_STAGE80_HISTORICAL_LINEUP_INJURY_BACKFILL_V1
1390095,Austria,218,Bundesliga,2025,Regular Season - 12,2025-11-02T16:00:00+00:00,Rapid Vienna,Sturm Graz,781,Rapid Vienna,39288,T. Børkeeiet,Missing Fixture,Cartilage Damage,2026-09-20T20:27:30Z,/injuries,RETROSPECTIVE_ONLY,PBK_STAGE80_HISTORICAL_LINEUP_INJURY_BACKFILL_V1
1390095,Austria,218,Bundesliga,2025,Regular Season - 12,2025-11-02T16:00:00+00:00,Rapid Vienna,Sturm Graz,781,Rapid Vienna,461621,Amìn-Elias Gröller,Missing Fixture,Injury,2026-09-20T20:27:30Z,/injuries,RETROSPECTIVE_ONLY,PBK_STAGE80_HISTORICAL_LINEUP_INJURY_BACKFILL_V1
1390096,Austria,218,Bundesliga,2025,Regular Season - 13,2025-11-09T16:00:00+00:00,Sturm Graz,Red Bull Salzburg,571,Red Bull Salzburg,33910,T. Kawamura,Missing Fixture,Jumpers knee,2026-09-20T20:27:30Z,/injuries,RETROSPECTIVE_ONLY,PBK_STAGE80_HISTORICAL_LINEUP_INJURY_BACKFILL_V1
1390097,Austria,218,Bundesliga,2025,Regular Season - 13,2025-11-09T13:30:00+00:00,WSG Wattens,Rapid Vienna,781,Rapid Vienna,39288,T. Børkeeiet,Missing Fixture,Cartilage Damage,2026-09-20T20:27:30Z,/injuries,RETROSPECTIVE_ONLY,PBK_STAGE80_HISTORICAL_LINEUP_INJURY_BACKFILL_V1
1390098,Austria,218,Bundesliga,2025,Regular Season - 13,2025-11-08T16:00:00+00:00,Austria Vienna,Grazer AK,601,Austria Vienna,277303,Z. El Sheiwi,Missing Fixture,Cruciate Ligament Rupture,2026-09-20T20:27:30Z,/injuries,RETROSPECTIVE_ONLY,PBK_STAGE80_HISTORICAL_LINEUP_INJURY_BACKFILL_V1
1390098,Austria,218,Bundesliga,2025,Regular Season - 13,2025-11-08T16:00:00+00:00,Austria Vienna,Grazer AK,601,Austria Vienna,277304,F. Wustinger,Missing Fixture,Cruciate Ligament Rupture,2026-09-20T20:27:30Z,/injuries,RETROSPECTIVE_ONLY,PBK_STAGE80_HISTORICAL_LINEUP_INJURY_BACKFILL_V1
1390103,Austria,218,Bundesliga,2025,Regular Season - 14,2025-11-23T13:30:00+00:00,Red Bull Salzburg,WSG Wattens,571,Red Bull Salzburg,33910,T. Kawamura,Missing Fixture,Jumpers knee,2026-09-20T20:27:30Z,/injuries,RETROSPECTIVE_ONLY,PBK_STAGE80_HISTORICAL_LINEUP_INJURY_BACKFILL_V1
1390104,Austria,218,Bundesliga,2025,Regular Season - 14,2025-11-23T16:00:00+00:00,Rapid Vienna,Grazer AK,781,Rapid Vienna,39288,T. Børkeeiet,Missing Fixture,Cartilage Damage,2026-09-20T20:27:30Z,/injuries,RETROSPECTIVE_ONLY,PBK_STAGE80_HISTORICAL_LINEUP_INJURY_BACKFILL_V1
1390107,Austria,218,Bundesliga,2025,Regular Season - 14,2025-11-22T16:00:00+00:00,FC BW Linz,Austria Vienna,601,Austria Vienna,277303,Z. El Sheiwi,Missing Fixture,Cruciate Ligament Rupture,2026-09-20T20:27:30Z,/injuries,RETROSPECTIVE_ONLY,PBK_STAGE80_HISTORICAL_LINEUP_INJURY_BACKFILL_V1
1390107,Austria,218,Bundesliga,2025,Regular Season - 14,2025-11-22T16:00:00+00:00,FC BW Linz,Austria Vienna,601,Austria Vienna,277304,F. Wustinger,Missing Fixture,Cruciate Ligament Rupture,2026-09-20T20:27:30Z,/injuries,RETROSPECTIVE_ONLY,PBK_STAGE80_HISTORICAL_LINEUP_INJURY_BACKFILL_V1
1390108,Austria,218,Bundesliga,2025,Regular Season - 15,2025-11-29T16:00:00+00:00,Austria Vienna,WSG Wattens,601,Austria Vienna,277303,Z. El Sheiwi,Missing Fixture,Cruciate Ligament Rupture,2026-09-20T20:27:30Z,/injuries,RETROSPECTIVE_ONLY,PBK_STAGE80_HISTORICAL_LINEUP_INJURY_BACKFILL_V1
1390108,Austria,218,Bundesliga,2025,Regular Season - 15,2025-11-29T16:00:00+00:00,Austria Vienna,WSG Wattens,601,Austria Vienna,277304,F. Wustinger,Missing Fixture,Cruciate Ligament Rupture,2026-09-20T20:27:30Z,/injuries,RETROSPECTIVE_ONLY,PBK_STAGE80_HISTORICAL_LINEUP_INJURY_BACKFILL_V1
1390111,Austria,218,Bundesliga,2025,Regular Season - 15,2025-11-30T16:00:00+00:00,Lask Linz,Rapid Vienna,781,Rapid Vienna,39288,T. Børkeeiet,Missing Fixture,Cartilage Damage,2026-09-20T20:27:30Z,/injuries,RETROSPECTIVE_ONLY,PBK_STAGE80_HISTORICAL_LINEUP_INJURY_BACKFILL_V1
1390115,Austria,218,Bundesliga,2025,Regular Season - 16,2025-12-06T16:00:00+00:00,Rapid Vienna,Ried,781,Rapid Vienna,39288,T. Børkeeiet,Missing Fixture,Cartilage Damage,2026-09-20T20:27:30Z,/injuries,RETROSPECTIVE_ONLY,PBK_STAGE80_HISTORICAL_LINEUP_INJURY_BACKFILL_V1
1390119,Austria,218,Bundesliga,2025,Regular Season - 16,2025-12-07T13:30:00+00:00,Wolfsberger AC,Austria Vienna,601,Austria Vienna,277303,Z. El Sheiwi,Missing Fixture,Cruciate Ligament Rupture,2026-09-20T20:27:30Z,/injuries,RETROSPECTIVE_ONLY,PBK_STAGE80_HISTORICAL_LINEUP_INJURY_BACKFILL_V1
1390119,Austria,218,Bundesliga,2025,Regular Season - 16,2025-12-07T13:30:00+00:00,Wolfsberger AC,Austria Vienna,601,Austria Vienna,277304,F. Wustinger,Missing Fixture,Cruciate Ligament Rupture,2026-09-20T20:27:30Z,/injuries,RETROSPECTIVE_ONLY,PBK_STAGE80_HISTORICAL_LINEUP_INJURY_BACKFILL_V1
1390120,Austria,218,Bundesliga,2025,Regular Season - 17,2025-12-14T16:00:00+00:00,Austria Vienna,Sturm Graz,601,Austria Vienna,277303,Z. El Sheiwi,Missing Fixture,Cruciate Ligament Rupture,2026-09-20T20:27:30Z,/injuries,RETROSPECTIVE_ONLY,PBK_STAGE80_HISTORICAL_LINEUP_INJURY_BACKFILL_V1
1390120,Austria,218,Bundesliga,2025,Regular Season - 17,2025-12-14T16:00:00+00:00,Austria Vienna,Sturm Graz,601,Austria Vienna,277304,F. Wustinger,Missing Fixture,Cruciate Ligament Rupture,2026-09-20T20:27:30Z,/injuries,RETROSPECTIVE_ONLY,PBK_STAGE80_HISTORICAL_LINEUP_INJURY_BACKFILL_V1
1390123,Austria,218,Bundesliga,2025,Regular Season - 17,2025-12-14T13:30:00+00:00,FC BW Linz,Rapid Vienna,781,Rapid Vienna,39288,T. Børkeeiet,Missing Fixture,Cartilage Damage,2026-09-20T20:27:30Z,/injuries,RETROSPECTIVE_ONLY,PBK_STAGE80_HISTORICAL_LINEUP_INJURY_BACKFILL_V1
1390127,Austria,218,Bundesliga,2025,Regular Season - 18,2026-02-06T19:30:00+00:00,Red Bull Salzburg,Austria Vienna,601,Austria Vienna,277303,Z. El Sheiwi,Missing Fixture,Cruciate Ligament Rupture,2026-09-20T20:27:30Z,/injuries,RETROSPECTIVE_ONLY,PBK_STAGE80_HISTORICAL_LINEUP_INJURY_BACKFILL_V1
1390127,Austria,218,Bundesliga,2025,Regular Season - 18,2026-02-06T19:30:00+00:00,Red Bull Salzburg,Austria Vienna,601,Austria Vienna,277304,F. Wustinger,Missing Fixture,Cruciate Ligament Rupture,2026-09-20T20:27:30Z,/injuries,RETROSPECTIVE_ONLY,PBK_STAGE80_HISTORICAL_LINEUP_INJURY_BACKFILL_V1
1390130,Austria,218,Bundesliga,2025,Regular Season - 18,2026-02-07T16:00:00+00:00,Rapid Vienna,TSV Hartberg,781,Rapid Vienna,39288,T. Børkeeiet,Missing Fixture,Cartilage Damage,2026-09-20T20:27:30Z,/injuries,RETROSPECTIVE_ONLY,PBK_STAGE80_HISTORICAL_LINEUP_INJURY_BACKFILL_V1
1390133,Austria,218,Bundesliga,2025,Regular Season - 19,2026-02-15T16:00:00+00:00,Austria Vienna,Rapid Vienna,601,Austria Vienna,277303,Z. El Sheiwi,Missing Fixture,Cruciate Ligament Rupture,2026-09-20T20:27:30Z,/injuries,RETROSPECTIVE_ONLY,PBK_STAGE80_HISTORICAL_LINEUP_INJURY_BACKFILL_V1
1390133,Austria,218,Bundesliga,2025,Regular Season - 19,2026-02-15T16:00:00+00:00,Austria Vienna,Rapid Vienna,601,Austria Vienna,277304,F. Wustinger,Missing Fixture,Cruciate Ligament Rupture,2026-09-20T20:27:30Z,/injuries,RETROSPECTIVE_ONLY,PBK_STAGE80_HISTORICAL_LINEUP_INJURY_BACKFILL_V1
1390133,Austria,218,Bundesliga,2025,Regular Season - 19,2026-02-15T16:00:00+00:00,Austria Vienna,Rapid Vienna,781,Rapid Vienna,39288,T. Børkeeiet,Missing Fixture,Cartilage Damage,2026-09-20T20:27:30Z,/injuries,RETROSPECTIVE_ONLY,PBK_STAGE80_HISTORICAL_LINEUP_INJURY_BACKFILL_V1
1390140,Austria,218,Bundesliga,2025,Regular Season - 20,2026-02-21T16:00:00+00:00,Rapid Vienna,Wolfsberger AC,781,Rapid Vienna,39288,T. Børkeeiet,Missing Fixture,Cartilage Damage,2026-09-20T20:27:30Z,/injuries,RETROSPECTIVE_ONLY,PBK_STAGE80_HISTORICAL_LINEUP_INJURY_BACKFILL_V1
1390143,Austria,218,Bundesliga,2025,Regular Season - 20,2026-02-21T16:00:00+00:00,SCR Altach,Austria Vienna,601,Austria Vienna,277303,Z. El Sheiwi,Missing Fixture,Cruciate Ligament Rupture,2026-09-20T20:27:30Z,/injuries,RETROSPECTIVE_ONLY,PBK_STAGE80_HISTORICAL_LINEUP_INJURY_BACKFILL_V1
1390143,Austria,218,Bundesliga,2025,Regular Season - 20,2026-02-21T16:00:00+00:00,SCR Altach,Austria Vienna,601,Austria Vienna,277304,F. Wustinger,Missing Fixture,Cruciate Ligament Rupture,2026-09-20T20:27:30Z,/injuries,RETROSPECTIVE_ONLY,PBK_STAGE80_HISTORICAL_LINEUP_INJURY_BACKFILL_V1
1390146,Austria,218,Bundesliga,2025,Regular Season - 21,2026-03-01T16:00:00+00:00,SCR Altach,Rapid Vienna,781,Rapid Vienna,39288,T. Børkeeiet,Missing Fixture,Cartilage Damage,2026-09-20T20:27:30Z,/injuries,RETROSPECTIVE_ONLY,PBK_STAGE80_HISTORICAL_LINEUP_INJURY_BACKFILL_V1
1390147,Austria,218,Bundesliga,2025,Regular Season - 21,2026-03-01T16:00:00+00:00,Austria Vienna,Lask Linz,601,Austria Vienna,277303,Z. El Sheiwi,Missing Fixture,Cruciate Ligament Rupture,2026-09-20T20:27:30Z,/injuries,RETROSPECTIVE_ONLY,PBK_STAGE80_HISTORICAL_LINEUP_INJURY_BACKFILL_V1
1390147,Austria,218,Bundesliga,2025,Regular Season - 21,2026-03-01T16:00:00+00:00,Austria Vienna,Lask Linz,601,Austria Vienna,277304,F. Wustinger,Missing Fixture,Cruciate Ligament Rupture,2026-09-20T20:27:30Z,/injuries,RETROSPECTIVE_ONLY,PBK_STAGE80_HISTORICAL_LINEUP_INJURY_BACKFILL_V1
1390151,Austria,218,Bundesliga,2025,Regular Season - 22,2026-03-08T16:00:00+00:00,Rapid Vienna,Red Bull Salzburg,781,Rapid Vienna,39288,T. Børkeeiet,Missing Fixture,Cartilage Damage,2026-09-20T20:27:30Z,/injuries,RETROSPECTIVE_ONLY,PBK_STAGE80_HISTORICAL_LINEUP_INJURY_BACKFILL_V1
1390154,Austria,218,Bundesliga,2025,Regular Season - 22,2026-03-08T16:00:00+00:00,Ried,Austria Vienna,601,Austria Vienna,277303,Z. El Sheiwi,Missing Fixture,Cruciate Ligament Rupture,2026-09-20T20:27:30Z,/injuries,RETROSPECTIVE_ONLY,PBK_STAGE80_HISTORICAL_LINEUP_INJURY_BACKFILL_V1
1390154,Austria,218,Bundesliga,2025,Regular Season - 22,2026-03-08T16:00:00+00:00,Ried,Austria Vienna,601,Austria Vienna,277304,F. Wustinger,Missing Fixture,Cruciate Ligament Rupture,2026-09-20T20:27:30Z,/injuries,RETROSPECTIVE_ONLY,PBK_STAGE80_HISTORICAL_LINEUP_INJURY_BACKFILL_V1
1399967,Austria,218,Bundesliga,2025,Regular Season - 1,2025-08-02T15:00:00+00:00,WSG Wattens,TSV Hartberg,1072,TSV Hartberg,169509,Paul Komposch,Missing Fixture,Ruptured cruciate ligament,2026-09-20T20:27:30Z,/injuries,RETROSPECTIVE_ONLY,PBK_STAGE80_HISTORICAL_LINEUP_INJURY_BACKFILL_V1
1399967,Austria,218,Bundesliga,2025,Regular Season - 1,2025-08-02T15:00:00+00:00,WSG Wattens,TSV Hartberg,1072,TSV Hartberg,278992,Maximilian Fillafer,Missing Fixture,Unknown Injury,2026-09-20T20:27:30Z,/injuries,RETROSPECTIVE_ONLY,PBK_STAGE80_HISTORICAL_LINEUP_INJURY_BACKFILL_V1
1399967,Austria,218,Bundesliga,2025,Regular Season - 1,2025-08-02T15:00:00+00:00,WSG Wattens,TSV Hartberg,1398,WSG Wattens,169323,Lukas Sulzbacher,Missing Fixture,Ruptured cruciate ligament,2026-09-20T20:27:30Z,/injuries,RETROSPECTIVE_ONLY,PBK_STAGE80_HISTORICAL_LINEUP_INJURY_BACKFILL_V1
1399967,Austria,218,Bundesliga,2025,Regular Season - 1,2025-08-02T15:00:00+00:00,WSG Wattens,TSV Hartberg,1398,WSG Wattens,528003,David Falkner,Missing Fixture,Meniscus injur,2026-09-20T20:27:30Z,/injuries,RETROSPECTIVE_ONLY,PBK_STAGE80_HISTORICAL_LINEUP_INJURY_BACKFILL_V1
1399967,Austria,218,Bundesliga,2025,Regular Season - 1,2025-08-02T15:00:00+00:00,WSG Wattens,TSV Hartberg,1398,WSG Wattens,7134,Alexander Eckmayr,Missing Fixture,Meniscus injur,2026-09-20T20:27:30Z,/injuries,RETROSPECTIVE_ONLY,PBK_STAGE80_HISTORICAL_LINEUP_INJURY_BACKFILL_V1
1399968,Austria,218,Bundesliga,2025,Regular Season - 5,2025-08-31T15:00:00+00:00,WSG Wattens,Wolfsberger AC,1025,Wolfsberger AC,169349,Nikolas Polster,Missing Fixture,Knee Problems,2026-09-20T20:27:30Z,/injuries,RETROSPECTIVE_ONLY,PBK_STAGE80_HISTORICAL_LINEUP_INJURY_BACKFILL_V1
1399968,Austria,218,Bundesliga,2025,Regular Season - 5,2025-08-31T15:00:00+00:00,WSG Wattens,Wolfsberger AC,1025,Wolfsberger AC,410096,Erik Kojzek,Missing Fixture,Elbow Injury,2026-09-20T20:27:30Z,/injuries,RETROSPECTIVE_ONLY,PBK_STAGE80_HISTORICAL_LINEUP_INJURY_BACKFILL_V1
1399968,Austria,218,Bundesliga,2025,Regular Season - 5,2025-08-31T15:00:00+00:00,WSG Wattens,Wolfsberger AC,1025,Wolfsberger AC,90663,Donis Avdijaj,Missing Fixture,Muscle Injury,2026-09-20T20:27:30Z,/injuries,RETROSPECTIVE_ONLY,PBK_STAGE80_HISTORICAL_LINEUP_INJURY_BACKFILL_V1
1399968,Austria,218,Bundesliga,2025,Regular Season - 5,2025-08-31T15:00:00+00:00,WSG Wattens,Wolfsberger AC,1398,WSG Wattens,169323,Lukas Sulzbacher,Missing Fixture,Ruptured cruciate ligament,2026-09-20T20:27:30Z,/injuries,RETROSPECTIVE_ONLY,PBK_STAGE80_HISTORICAL_LINEUP_INJURY_BACKFILL_V1
1399969,Austria,218,Bundesliga,2025,Regular Season - 10,2025-10-19T12:30:00+00:00,Red Bull Salzburg,SCR Altach,571,Red Bull Salzburg,33910,T. Kawamura,Missing Fixture,Jumpers knee,2026-09-20T20:27:30Z,/injuries,RETROSPECTIVE_ONLY,PBK_STAGE80_HISTORICAL_LINEUP_INJURY_BACKFILL_V1
