pbk_player_id,pbk_player_name,statsbomb_player_id,statsbomb_player_name,statsbomb_match_id,statsbomb_team_id,team_name,match_date,competition_id,competition_name,season_id,season_name,shots,non_penalty_shots,penalty_shots,xg_total,npxg,penalty_xg,assisted_shots,xa,mapping_method,mapping_confidence,statsbomb_record_id,source_event_sha256,source_revision,source,attribution_required,research_only,operational_betting_authority,creates_signal,probability_mutation,eligibility_mutation,stake_changes,forward_journal_mutation
1096,D. Szoboszlai,21209,Dominik Szoboszlai,3930159,916,Hungary,2024-06-15,55,UEFA Euro,282,2024,0,0,0,0.000000000,0.000000000,0.000000000,2,0.723294530,EXACT_FULL_NAME_VIA_VERIFIED_TRANSFER,HIGH,47d18969cfe352d954bda140406a6b7e68526bdf9b8c718b480d84a99e517329,76b4d3812a0dc5d027c0714a3910722074f2c42fce1db7b3f297c7d0b3d60cc3,4b73468fc5b0f1950f9f66fada70ad3a4f9327cb,StatsBomb Open Data via Stage91 + Stage92 verified identity bridge,true,true,false,false,false,false,false,false
1096,D. Szoboszlai,21209,Dominik Szoboszlai,3930168,916,Hungary,2024-06-19,55,UEFA Euro,282,2024,3,3,0,0.089777329,0.089777329,0.000000000,0,0.000000000,EXACT_FULL_NAME_VIA_VERIFIED_TRANSFER,HIGH,d1fc2071960cbdfccf132d7fe1ac5a76829b5379cf70bd9f3ac8a6f9b53da7c2,d9a0e186a912b33c9fe1676fb4bb20e505cb2092e06f63a15ea5044f71be64f4,4b73468fc5b0f1950f9f66fada70ad3a4f9327cb,StatsBomb Open Data via Stage91 + Stage92 verified identity bridge,true,true,false,false,false,false,false,false
1096,D. Szoboszlai,21209,Dominik Szoboszlai,3930177,916,Hungary,2024-06-23,55,UEFA Euro,282,2024,3,3,0,0.129823709,0.129823709,0.000000000,4,0.244219095,EXACT_FULL_NAME_VIA_VERIFIED_TRANSFER,HIGH,f6071e2b1abf83c4442e18d4834cd759bbadcebf23a5024c4eba40c8102b0aa7,910b8cbb1f6f8196e0e47e4ab70803105348b0161b23088cc4fdfb39c368ddf8,4b73468fc5b0f1950f9f66fada70ad3a4f9327cb,StatsBomb Open Data via Stage91 + Stage92 verified identity bridge,true,true,false,false,false,false,false,false
110,H. Massengo,21199,Han-Noah Massengo,3837998,167,Auxerre,2023-05-21,7,Ligue 1,235,2022/2023,1,1,0,0.019495677,0.019495677,0.000000000,1,0.022908825,EXACT_FULL_NAME_VIA_VERIFIED_TRANSFER,HIGH,db597e6920e147f42caa8eff5f5ad5d46d19ce859969bd0c19a7de5258d4659e,fdc216ead00b91d30f539adf8d2ccfac95fd9ec4d069f50399bcb490334ed19f,4b73468fc5b0f1950f9f66fada70ad3a4f9327cb,StatsBomb Open Data via Stage91 + Stage92 verified identity bridge,true,true,false,false,false,false,false,false
1125,R. Christie,12510,Ryan Christie,3788748,942,Scotland,2021-06-14,55,UEFA Euro,43,2020,0,0,0,0.000000000,0.000000000,0.000000000,1,0.103115280,EXACT_FULL_NAME_VIA_VERIFIED_TRANSFER,HIGH,170584bb23fa9b404806dd63e6651a4377247e27ad61064bd16136b0b5cda715,1e669e09c0850a54469a4788c5da51c5a788a4b6570e049644905144c4d6dd83,4b73468fc5b0f1950f9f66fada70ad3a4f9327cb,StatsBomb Open Data via Stage91 + Stage92 verified identity bridge,true,true,false,false,false,false,false,false
1150,T. Adams,12751,Tyler Adams,3857282,1839,United States,2022-11-21,43,FIFA World Cup,106,2022,1,1,0,0.019808901,0.019808901,0.000000000,0,0.000000000,EXACT_FULL_NAME_VIA_VERIFIED_TRANSFER,HIGH,5451c141ac1c4ab0df20b36a8ef2bc9833339f4ca9bdde495fc3d8369bef8282,d2df23c0f0e4dd42d26ac74dc97f726c8c84a544beacfe2b0bbef62a76f323a4,4b73468fc5b0f1950f9f66fada70ad3a4f9327cb,StatsBomb Open Data via Stage91 + Stage92 verified identity bridge,true,true,false,false,false,false,false,false
1150,T. Adams,12751,Tyler Adams,3869117,1839,United States,2022-12-03,43,FIFA World Cup,106,2022,0,0,0,0.000000000,0.000000000,0.000000000,2,0.350762815,EXACT_FULL_NAME_VIA_VERIFIED_TRANSFER,HIGH,0c7ce5d010d8f0b8788de12c8ace67b5a1aaa60f6634fa3ffd957b3cdf32e33f,7610da69013777bd6117eb955d9d51eb7eb6131a2ae71f5d20b6b7033877a105,4b73468fc5b0f1950f9f66fada70ad3a4f9327cb,StatsBomb Open Data via Stage91 + Stage92 verified identity bridge,true,true,false,false,false,false,false,false
1156,T. Krauß,38917,Tom Krauß,3895095,177,FSV Mainz 05,2023-09-30,9,1. Bundesliga,281,2023/2024,1,1,0,0.045486383,0.045486383,0.000000000,0,0.000000000,EXACT_FULL_NAME_VIA_VERIFIED_TRANSFER,HIGH,0a045aad1db375f5d23a6ac00973a7e551bc3969d90d42cdd574fbcb0f78115c,5f6d8200d5850f087450547b2755196a25e449836266a820bb55652182a44a2a,4b73468fc5b0f1950f9f66fada70ad3a4f9327cb,StatsBomb Open Data via Stage91 + Stage92 verified identity bridge,true,true,false,false,false,false,false,false
1156,T. Krauß,38917,Tom Krauß,3895250,177,FSV Mainz 05,2024-02-23,9,1. Bundesliga,281,2023/2024,2,2,0,0.056954509,0.056954509,0.000000000,0,0.000000000,EXACT_FULL_NAME_VIA_VERIFIED_TRANSFER,HIGH,d2bc0ca3513d51e990829d50a6ea6b18a265bd7e9682f26b7886b6577673dd16,a30ed91a22ef21a450b1bd0259d60ce31479b1bd95c6c3808d0d365d96c78cd1,4b73468fc5b0f1950f9f66fada70ad3a4f9327cb,StatsBomb Open Data via Stage91 + Stage92 verified identity bridge,true,true,false,false,false,false,false,false
1159,M. Sabitzer,8518,Marcel Sabitzer,3788747,915,Austria,2021-06-13,55,UEFA Euro,43,2020,2,2,0,0.090884813,0.090884813,0.000000000,3,0.325938647,EXACT_FULL_NAME_VIA_VERIFIED_TRANSFER,HIGH,c31bbcbda6b0be17f233d1178cf21c02909931cc465c9c1c9ead6526a05b4b2b,44a92319bff283b077bb2c6ae8ce5e8f5bec15f8201d1b5b249bc107f9745b28,4b73468fc5b0f1950f9f66fada70ad3a4f9327cb,StatsBomb Open Data via Stage91 + Stage92 verified identity bridge,true,true,false,false,false,false,false,false
1159,M. Sabitzer,8518,Marcel Sabitzer,3788756,915,Austria,2021-06-17,55,UEFA Euro,43,2020,1,1,0,0.020399962,0.020399962,0.000000000,0,0.000000000,EXACT_FULL_NAME_VIA_VERIFIED_TRANSFER,HIGH,ea3e85054d898bcdf05a3758eb3da14ba6239267754dc8c38bf825b058e20386,6b4d825245748865de1473fac78cccb2f90c5d732b1221bc4f474a8160d1f02e,4b73468fc5b0f1950f9f66fada70ad3a4f9327cb,StatsBomb Open Data via Stage91 + Stage92 verified identity bridge,true,true,false,false,false,false,false,false
1159,M. Sabitzer,8518,Marcel Sabitzer,3788767,915,Austria,2021-06-21,55,UEFA Euro,43,2020,4,4,0,0.207312925,0.207312925,0.000000000,1,0.203605850,EXACT_FULL_NAME_VIA_VERIFIED_TRANSFER,HIGH,9ecc31742e5a700d2128a7bdd58f71874b6b6828092acb56ea3c7ad7c16fcc82,61aecf0b40d69ede008ffce492d74c3a305e667627790a53742584dadf2b8f70,4b73468fc5b0f1950f9f66fada70ad3a4f9327cb,StatsBomb Open Data via Stage91 + Stage92 verified identity bridge,true,true,false,false,false,false,false,false
1159,M. Sabitzer,8518,Marcel Sabitzer,3794685,915,Austria,2021-06-26,55,UEFA Euro,43,2020,5,5,0,0.451692580,0.451692580,0.000000000,1,0.068707000,EXACT_FULL_NAME_VIA_VERIFIED_TRANSFER,HIGH,f0567d2e6f34607588cbd341ff99628bb941a955cf18e9687e55b1dabb557133,32e21227f903b9afeeef47b4661385f8344358bde44922acb4a0ffdb3258acd9,4b73468fc5b0f1950f9f66fada70ad3a4f9327cb,StatsBomb Open Data via Stage91 + Stage92 verified identity bridge,true,true,false,false,false,false,false,false
1159,M. Sabitzer,8518,Marcel Sabitzer,3895309,180,Borussia Dortmund,2024-04-21,9,1. Bundesliga,281,2023/2024,2,2,0,0.117821273,0.117821273,0.000000000,1,0.164296940,EXACT_FULL_NAME_VIA_VERIFIED_TRANSFER,HIGH,8c30f0941f0913ba6c3fd24747b1337b7de8c6cc7a70a551ff1d53817deca74d,f9b1c4cd0ead322f05b0b4cd4c99acdd5c85011fec539c638078215ad03e5f33,4b73468fc5b0f1950f9f66fada70ad3a4f9327cb,StatsBomb Open Data via Stage91 + Stage92 verified identity bridge,true,true,false,false,false,false,false,false
1159,M. Sabitzer,8518,Marcel Sabitzer,3930165,915,Austria,2024-06-17,55,UEFA Euro,282,2024,0,0,0,0.000000000,0.000000000,0.000000000,2,0.508703743,EXACT_FULL_NAME_VIA_VERIFIED_TRANSFER,HIGH,a471227608f07e0fa7d5b3f1f534491ce4f720080d25c528d4fa63e296c6436e,cfdd7349c341614eae3adf28a14e3e7be751ea5dbd9bea18e1b5e3dc8489414e,4b73468fc5b0f1950f9f66fada70ad3a4f9327cb,StatsBomb Open Data via Stage91 + Stage92 verified identity bridge,true,true,false,false,false,false,false,false
1159,M. Sabitzer,8518,Marcel Sabitzer,3930180,915,Austria,2024-06-25,55,UEFA Euro,282,2024,3,3,0,0.211274117,0.211274117,0.000000000,2,0.135120855,EXACT_FULL_NAME_VIA_VERIFIED_TRANSFER,HIGH,69016da033eda35ee1c071a1000af7934c10d98e33d85ad793b16a7d0443d10a,49a412dbe9f6a2dac5ab639aa0d77a2e3adae819e746ea0b53d986ebdacdffe1,4b73468fc5b0f1950f9f66fada70ad3a4f9327cb,StatsBomb Open Data via Stage91 + Stage92 verified identity bridge,true,true,false,false,false,false,false,false
1159,M. Sabitzer,8518,Marcel Sabitzer,3938641,915,Austria,2024-06-21,55,UEFA Euro,282,2024,5,5,0,0.373966813,0.373966813,0.000000000,0,0.000000000,EXACT_FULL_NAME_VIA_VERIFIED_TRANSFER,HIGH,164395c9e1e85c4476d3e9093534ee00432cdfe881512c2d07dcc493bdb815c5,a7794f7966a74fc303b51e4b18790013e1e5541b94349faac5d54dcbacade48f,4b73468fc5b0f1950f9f66fada70ad3a4f9327cb,StatsBomb Open Data via Stage91 + Stage92 verified identity bridge,true,true,false,false,false,false,false,false
1159,M. Sabitzer,8518,Marcel Sabitzer,3941022,915,Austria,2024-07-02,55,UEFA Euro,282,2024,3,3,0,0.080810422,0.080810422,0.000000000,3,0.211743136,EXACT_FULL_NAME_VIA_VERIFIED_TRANSFER,HIGH,8f098a44a574db2a7220ccaec0b9529dbbdad9994b71265b2964b670607dea4d,c1e28bd5a964143113f29474cb7ec00e30516343930775054411a6f6074a0568,4b73468fc5b0f1950f9f66fada70ad3a4f9327cb,StatsBomb Open Data via Stage91 + Stage92 verified identity bridge,true,true,false,false,false,false,false,false
1257,J. Koundé,4445,Jules Koundé,303674,213,Sevilla,2020-06-19,11,La Liga,42,2019/2020,1,1,0,0.041484836,0.041484836,0.000000000,0,0.000000000,EXACT_FULL_NAME_VIA_VERIFIED_TRANSFER,HIGH,36742b3fb55cdb4f3731b7e1d8fe2850d5e130b1510198a84df49b3defc2c1f0,5a267ca199ac73c327097a4eb7a41f88980dbdfb7c1f12493250e3c6338aa4c5,4b73468fc5b0f1950f9f66fada70ad3a4f9327cb,StatsBomb Open Data via Stage91 + Stage92 verified identity bridge,true,true,false,false,false,false,false,false
1257,J. Koundé,4445,Jules Koundé,3773672,213,Sevilla,2020-10-04,11,La Liga,90,2020/2021,2,2,0,0.172635130,0.172635130,0.000000000,0,0.000000000,EXACT_FULL_NAME_VIA_VERIFIED_TRANSFER,HIGH,36972e70e0b0e57bffdee7448772c1f8fb5b222cb8d8d1e7a3c4adb63af84a97,e519a8c6f8dfca3af6c269e2050cee2e24f03b973992261f95a47d86c50bd76d,4b73468fc5b0f1950f9f66fada70ad3a4f9327cb,StatsBomb Open Data via Stage91 + Stage92 verified identity bridge,true,true,false,false,false,false,false,false
1257,J. Koundé,4445,Jules Koundé,3857266,771,France,2022-11-26,43,FIFA World Cup,106,2022,2,2,0,0.135692336,0.135692336,0.000000000,0,0.000000000,EXACT_FULL_NAME_VIA_VERIFIED_TRANSFER,HIGH,433bbc4c1c861818201689f712bb487987e78cb1943b4d34dfed396bc26d8a4c,447731f4ebd788ff4287578c332721e3c4a1d6c00f574044524843e3923af301,4b73468fc5b0f1950f9f66fada70ad3a4f9327cb,StatsBomb Open Data via Stage91 + Stage92 verified identity bridge,true,true,false,false,false,false,false,false
1257,J. Koundé,4445,Jules Koundé,3869152,771,France,2022-12-04,43,FIFA World Cup,106,2022,1,1,0,0.016244380,0.016244380,0.000000000,1,0.123652630,EXACT_FULL_NAME_VIA_VERIFIED_TRANSFER,HIGH,135cb5c2418fc50e29c6f0c6527261852146f8c4472efd08f6ed36ac92389fdc,07c4a510d96bce66747ed9bac03fc4477fefdd3610fba3cda919b040564f7a4a,4b73468fc5b0f1950f9f66fada70ad3a4f9327cb,StatsBomb Open Data via Stage91 + Stage92 verified identity bridge,true,true,false,false,false,false,false,false
1257,J. Koundé,4445,Jules Koundé,3869354,771,France,2022-12-10,43,FIFA World Cup,106,2022,0,0,0,0.000000000,0.000000000,0.000000000,1,0.066672640,EXACT_FULL_NAME_VIA_VERIFIED_TRANSFER,HIGH,5989844190b675c2895daa0dec6ff3bf6620f7f67e22f473f28fe2b2329b1be1,ff8125681456581146fd1a7fb88dfba8340d2c316a9af8a98fd954f1ba903bce,4b73468fc5b0f1950f9f66fada70ad3a4f9327cb,StatsBomb Open Data via Stage91 + Stage92 verified identity bridge,true,true,false,false,false,false,false,false
1257,J. Koundé,4445,Jules Koundé,3869552,771,France,2022-12-14,43,FIFA World Cup,106,2022,1,1,0,0.017669110,0.017669110,0.000000000,0,0.000000000,EXACT_FULL_NAME_VIA_VERIFIED_TRANSFER,HIGH,d86d8448582bb699777d96833c3d79f467ef45487b95ca2f783fb55d67cd8558,b0b1d1362846c4a15beb8b72c5d38c02bbf35ef8b651bcd3733a3dbdc88a9a4e,4b73468fc5b0f1950f9f66fada70ad3a4f9327cb,StatsBomb Open Data via Stage91 + Stage92 verified identity bridge,true,true,false,false,false,false,false,false
1257,J. Koundé,4445,Jules Koundé,3930165,771,France,2024-06-17,55,UEFA Euro,282,2024,1,1,0,0.070751180,0.070751180,0.000000000,0,0.000000000,EXACT_FULL_NAME_VIA_VERIFIED_TRANSFER,HIGH,a30c2e7cb8a1e6de5e4d9cb2e0bff33cb77e21a0263d1b02a3466e2c3f881ebe,cfdd7349c341614eae3adf28a14e3e7be751ea5dbd9bea18e1b5e3dc8489414e,4b73468fc5b0f1950f9f66fada70ad3a4f9327cb,StatsBomb Open Data via Stage91 + Stage92 verified identity bridge,true,true,false,false,false,false,false,false
1257,J. Koundé,4445,Jules Koundé,3930173,771,France,2024-06-21,55,UEFA Euro,282,2024,0,0,0,0.000000000,0.000000000,0.000000000,2,0.134213443,EXACT_FULL_NAME_VIA_VERIFIED_TRANSFER,HIGH,74ab6e670b8b741efc6569a4741f5cfc5360cb0a314faf7da8e54cb85cb15be0,f421a57870796c15fd4266b13e1bdfb61c014b7ae0965d2199eb99fe3e70fb63,4b73468fc5b0f1950f9f66fada70ad3a4f9327cb,StatsBomb Open Data via Stage91 + Stage92 verified identity bridge,true,true,false,false,false,false,false,false
1257,J. Koundé,4445,Jules Koundé,3938643,771,France,2024-06-25,55,UEFA Euro,282,2024,0,0,0,0.000000000,0.000000000,0.000000000,3,0.153093271,EXACT_FULL_NAME_VIA_VERIFIED_TRANSFER,HIGH,24a32eff807bacb7274638397bf1b5a407ccced52d248b2f9b6994e2bbda8b3c,84d24bb5a268ee83680a3bc0fd30730522ae5107eaf0cec210cd6fa618b983c3,4b73468fc5b0f1950f9f66fada70ad3a4f9327cb,StatsBomb Open Data via Stage91 + Stage92 verified identity bridge,true,true,false,false,false,false,false,false
1257,J. Koundé,4445,Jules Koundé,3941019,771,France,2024-07-01,55,UEFA Euro,282,2024,0,0,0,0.000000000,0.000000000,0.000000000,5,0.590270944,EXACT_FULL_NAME_VIA_VERIFIED_TRANSFER,HIGH,3f05131feaf6ef5e2358dfa27473e36a3346a7d9ddd49c036d5f554dd3837b7f,50eb929ab41ef64451513b1b39453cfac4ae5cda855531234804f43cb4fcedde,4b73468fc5b0f1950f9f66fada70ad3a4f9327cb,StatsBomb Open Data via Stage91 + Stage92 verified identity bridge,true,true,false,false,false,false,false,false
1257,J. Koundé,4445,Jules Koundé,3942349,771,France,2024-07-05,55,UEFA Euro,282,2024,1,0,1,0.783500000,0.000000000,0.783500000,1,0.116558924,EXACT_FULL_NAME_VIA_VERIFIED_TRANSFER,HIGH,ac6f31e8a92dfd45cfd3ddf4cf0fe8c39d46b129d66f28b6d0aab1761e07a434,06c37787bdea7098c48b6cf7b8515fe4cd586d04108940ff823fd3b488da757f,4b73468fc5b0f1950f9f66fada70ad3a4f9327cb,StatsBomb Open Data via Stage91 + Stage92 verified identity bridge,true,true,false,false,false,false,false,false
128287,J. Chotard,29969,Joris Chotard,3802665,139,Montpellier,2022-05-14,7,Ligue 1,108,2021/2022,1,1,0,0.131899580,0.131899580,0.000000000,1,0.050452836,EXACT_FULL_NAME_VIA_VERIFIED_TRANSFER,HIGH,760a78e77cf4b506f7ea5d3316ccba396a899091d4d310f5a0ef6bdaeb6d613f,e1247f1c760ef001955b989afe96b9a9d9caa4d9065065cce0a667ea282b907f,4b73468fc5b0f1950f9f66fada70ad3a4f9327cb,StatsBomb Open Data via Stage91 + Stage92 verified identity bridge,true,true,false,false,false,false,false,false
128287,J. Chotard,29969,Joris Chotard,3837659,139,Montpellier,2022-08-13,7,Ligue 1,235,2022/2023,0,0,0,0.000000000,0.000000000,0.000000000,1,0.036152728,EXACT_FULL_NAME_VIA_VERIFIED_TRANSFER,HIGH,ce0faccf6a90acc883a698452d997770091542a4e2cf7c82696930c9dece73c6,de48ddf815c13b61962b944252118b1699fd4313cf7c9e50fb83c5aba7d12337,4b73468fc5b0f1950f9f66fada70ad3a4f9327cb,StatsBomb Open Data via Stage91 + Stage92 verified identity bridge,true,true,false,false,false,false,false,false
128287,J. Chotard,29969,Joris Chotard,3837844,139,Montpellier,2023-02-01,7,Ligue 1,235,2022/2023,0,0,0,0.000000000,0.000000000,0.000000000,1,0.089667104,EXACT_FULL_NAME_VIA_VERIFIED_TRANSFER,HIGH,cc16b1f6a9991b3a8c6db147904cdb651e2c796fb23a7a691034e71f9aeb734d,277e6b99a010ea451e1599e3715b9b1d87a54998df4ad047e134feeb37585ead,4b73468fc5b0f1950f9f66fada70ad3a4f9327cb,StatsBomb Open Data via Stage91 + Stage92 verified identity bridge,true,true,false,false,false,false,false,false
128533,J. Leweling,28805,Jamie Leweling,3895167,174,VfB Stuttgart,2023-12-10,9,1. Bundesliga,281,2023/2024,0,0,0,0.000000000,0.000000000,0.000000000,1,0.040256012,EXACT_FULL_NAME_VIA_VERIFIED_TRANSFER,HIGH,488ab426f22614c747f65677b398f89407a5124409accc841b0be718b139d873,a36906d0d063540f30364cd19d07c298426c699ab75f79630a55e81afb15db85,4b73468fc5b0f1950f9f66fada70ad3a4f9327cb,StatsBomb Open Data via Stage91 + Stage92 verified identity bridge,true,true,false,false,false,false,false,false
128533,J. Leweling,28805,Jamie Leweling,3895320,174,VfB Stuttgart,2024-04-27,9,1. Bundesliga,281,2023/2024,1,1,0,0.111039735,0.111039735,0.000000000,1,0.204633340,EXACT_FULL_NAME_VIA_VERIFIED_TRANSFER,HIGH,10d11cac01321381f5bfec02aace2856ac622e4bad55e3081e81bbda98df3dca,963548e4314f750ec4c92a6340e4f55f669fd21db3295cb9780d3220d8e891f3,4b73468fc5b0f1950f9f66fada70ad3a4f9327cb,StatsBomb Open Data via Stage91 + Stage92 verified identity bridge,true,true,false,false,false,false,false,false
129682,A. Adli,33401,Amine Adli,3895074,904,Bayer Leverkusen,2023-09-15,9,1. Bundesliga,281,2023/2024,0,0,0,0.000000000,0.000000000,0.000000000,1,0.117368564,EXACT_FULL_NAME_VIA_VERIFIED_TRANSFER,HIGH,1aa9c5a853abaf38a3a63c3bd91708ba70d7a2df626c56db0ef7b414e1ae666e,3d220ff9c36b514d0623c8fbe555ecd3f05f7be23ae3d473326b27904327d330,4b73468fc5b0f1950f9f66fada70ad3a4f9327cb,StatsBomb Open Data via Stage91 + Stage92 verified identity bridge,true,true,false,false,false,false,false,false
129682,A. Adli,33401,Amine Adli,3895086,904,Bayer Leverkusen,2023-09-24,9,1. Bundesliga,281,2023/2024,1,1,0,0.064662070,0.064662070,0.000000000,0,0.000000000,EXACT_FULL_NAME_VIA_VERIFIED_TRANSFER,HIGH,c5096e7e0c403b4ec6a49699d4816f1ba2d0056e3a9d4fa08cbd9388e1c36afb,69a5473ce37763ecaf9acc2d1a8e9e282f39a54e71a605096d3f7e50e293d225,4b73468fc5b0f1950f9f66fada70ad3a4f9327cb,StatsBomb Open Data via Stage91 + Stage92 verified identity bridge,true,true,false,false,false,false,false,false
129682,A. Adli,33401,Amine Adli,3895095,904,Bayer Leverkusen,2023-09-30,9,1. Bundesliga,281,2023/2024,1,1,0,0.040240420,0.040240420,0.000000000,1,0.124212080,EXACT_FULL_NAME_VIA_VERIFIED_TRANSFER,HIGH,aafe4f3d1c88fc9459efdad37c3f442d994b95aabdf0c0948f96255ed13d5d84,5f6d8200d5850f087450547b2755196a25e449836266a820bb55652182a44a2a,4b73468fc5b0f1950f9f66fada70ad3a4f9327cb,StatsBomb Open Data via Stage91 + Stage92 verified identity bridge,true,true,false,false,false,false,false,false
129682,A. Adli,33401,Amine Adli,3895107,904,Bayer Leverkusen,2023-10-08,9,1. Bundesliga,281,2023/2024,1,1,0,0.025139155,0.025139155,0.000000000,0,0.000000000,EXACT_FULL_NAME_VIA_VERIFIED_TRANSFER,HIGH,fa30ca5439c708d0e67eb9cb8a4b588e26a86ee8d8ccfa5073316da4a21e01b7,0a37a536bfed09bedb9ac8b9fa93fc111e4b75d735940d51bd031c30b05e00bb,4b73468fc5b0f1950f9f66fada70ad3a4f9327cb,StatsBomb Open Data via Stage91 + Stage92 verified identity bridge,true,true,false,false,false,false,false,false
129682,A. Adli,33401,Amine Adli,3895113,904,Bayer Leverkusen,2023-10-21,9,1. Bundesliga,281,2023/2024,1,1,0,0.042114120,0.042114120,0.000000000,3,0.322414304,EXACT_FULL_NAME_VIA_VERIFIED_TRANSFER,HIGH,3a10c5e4b24b26408b773544f68ff94fb5bed2170ec04380039d1f06dc572338,a3e8a334b8e52b785a36c18e6c213a803d0c5824b2d6d592a38f7f5763127c11,4b73468fc5b0f1950f9f66fada70ad3a4f9327cb,StatsBomb Open Data via Stage91 + Stage92 verified identity bridge,true,true,false,false,false,false,false,false
129682,A. Adli,33401,Amine Adli,3895139,904,Bayer Leverkusen,2023-11-12,9,1. Bundesliga,281,2023/2024,1,1,0,0.053452987,0.053452987,0.000000000,1,0.061974540,EXACT_FULL_NAME_VIA_VERIFIED_TRANSFER,HIGH,66fa9304e9c74c3cd3e91f9e522e4397cc3e39bd011e382c5722772b3de71631,e4f41619d69b87a96879e9c080310e2a1e89721f88b42cbb109ccbe61def3fcd,4b73468fc5b0f1950f9f66fada70ad3a4f9327cb,StatsBomb Open Data via Stage91 + Stage92 verified identity bridge,true,true,false,false,false,false,false,false
129682,A. Adli,33401,Amine Adli,3895153,904,Bayer Leverkusen,2023-11-25,9,1. Bundesliga,281,2023/2024,0,0,0,0.000000000,0.000000000,0.000000000,2,0.128435307,EXACT_FULL_NAME_VIA_VERIFIED_TRANSFER,HIGH,5ffe2316c1c22fd08e224030ca4fb534f501f7c81031ce883e83f9e88ee09802,1fd1265ea536e1e5e28ee477a2ff240187b50b4b79e06cb51505a6a8d15293b7,4b73468fc5b0f1950f9f66fada70ad3a4f9327cb,StatsBomb Open Data via Stage91 + Stage92 verified identity bridge,true,true,false,false,false,false,false,false
129682,A. Adli,33401,Amine Adli,3895158,904,Bayer Leverkusen,2023-12-03,9,1. Bundesliga,281,2023/2024,0,0,0,0.000000000,0.000000000,0.000000000,1,0.081225390,EXACT_FULL_NAME_VIA_VERIFIED_TRANSFER,HIGH,701d87457f92f9a4b28e2d0daf07de8729f66a4ef2e8b34e5b68cc259681e0c2,28b94c327b61685ee44405020174cf16a308628747d7c276269d5659a02f7afd,4b73468fc5b0f1950f9f66fada70ad3a4f9327cb,StatsBomb Open Data via Stage91 + Stage92 verified identity bridge,true,true,false,false,false,false,false,false
129682,A. Adli,33401,Amine Adli,3895167,904,Bayer Leverkusen,2023-12-10,9,1. Bundesliga,281,2023/2024,2,2,0,0.127074084,0.127074084,0.000000000,1,0.037411700,EXACT_FULL_NAME_VIA_VERIFIED_TRANSFER,HIGH,5003554a74cb52c1935f525fb056a118c8d31847e94fdc22530377b88ccb2004,a36906d0d063540f30364cd19d07c298426c699ab75f79630a55e81afb15db85,4b73468fc5b0f1950f9f66fada70ad3a4f9327cb,StatsBomb Open Data via Stage91 + Stage92 verified identity bridge,true,true,false,false,false,false,false,false
129682,A. Adli,33401,Amine Adli,3895232,904,Bayer Leverkusen,2024-02-10,9,1. Bundesliga,281,2023/2024,2,2,0,0.120600194,0.120600194,0.000000000,0,0.000000000,EXACT_FULL_NAME_VIA_VERIFIED_TRANSFER,HIGH,b94c35ae3574c445ba0a8a12e0263d06728ec254e3bef25c015a8633c047ef60,2ba1ab324707b047719b27ff4f6b9238f9a92aa73a75e9ecf5a2d815a35ca54e,4b73468fc5b0f1950f9f66fada70ad3a4f9327cb,StatsBomb Open Data via Stage91 + Stage92 verified identity bridge,true,true,false,false,false,false,false,false
129682,A. Adli,33401,Amine Adli,3895244,904,Bayer Leverkusen,2024-02-17,9,1. Bundesliga,281,2023/2024,2,2,0,0.749407030,0.749407030,0.000000000,2,0.138103790,EXACT_FULL_NAME_VIA_VERIFIED_TRANSFER,HIGH,3bec5eff547abe71bdf8dbbf16774ebc8ff52f071eb64c3a325b7a0e60f96e9c,1a336dff19f3204be114864a02d34fdb63e3c5b347f72a1671af56344efa079d,4b73468fc5b0f1950f9f66fada70ad3a4f9327cb,StatsBomb Open Data via Stage91 + Stage92 verified identity bridge,true,true,false,false,false,false,false,false
129682,A. Adli,33401,Amine Adli,3895250,904,Bayer Leverkusen,2024-02-23,9,1. Bundesliga,281,2023/2024,1,1,0,0.045761540,0.045761540,0.000000000,0,0.000000000,EXACT_FULL_NAME_VIA_VERIFIED_TRANSFER,HIGH,d056e798335ae95dd632276a0800ad8797613e1a6530a2acf0156627d99ec6b2,a30ed91a22ef21a450b1bd0259d60ce31479b1bd95c6c3808d0d365d96c78cd1,4b73468fc5b0f1950f9f66fada70ad3a4f9327cb,StatsBomb Open Data via Stage91 + Stage92 verified identity bridge,true,true,false,false,false,false,false,false
129682,A. Adli,33401,Amine Adli,3895258,904,Bayer Leverkusen,2024-03-03,9,1. Bundesliga,281,2023/2024,0,0,0,0.000000000,0.000000000,0.000000000,2,0.135033024,EXACT_FULL_NAME_VIA_VERIFIED_TRANSFER,HIGH,98334fec1d09d7df43485b480710bb89e229a41f4512278b53a6b0f2b68ff6f7,2b438ed6a9a4eb20073baed3db69641c309c92d6551c3e1083915d7d05d97d4c,4b73468fc5b0f1950f9f66fada70ad3a4f9327cb,StatsBomb Open Data via Stage91 + Stage92 verified identity bridge,true,true,false,false,false,false,false,false
129682,A. Adli,33401,Amine Adli,3895266,904,Bayer Leverkusen,2024-03-10,9,1. Bundesliga,281,2023/2024,2,2,0,0.132297061,0.132297061,0.000000000,1,0.008269166,EXACT_FULL_NAME_VIA_VERIFIED_TRANSFER,HIGH,8cc9855c156c42c953276bdcb41c8e993a3cfc0b630e6016e85990614f471087,77159019a226bcf8f17490965eee5d6beeeda549c05e3d56e702de6db6958d05,4b73468fc5b0f1950f9f66fada70ad3a4f9327cb,StatsBomb Open Data via Stage91 + Stage92 verified identity bridge,true,true,false,false,false,false,false,false
129682,A. Adli,33401,Amine Adli,3895286,904,Bayer Leverkusen,2024-03-30,9,1. Bundesliga,281,2023/2024,2,2,0,0.125756568,0.125756568,0.000000000,5,0.460412317,EXACT_FULL_NAME_VIA_VERIFIED_TRANSFER,HIGH,46d981d58734b70df2b2bcafe888c6a5eb1e15e44bf0cbe3320b268ae7b4075a,6319d6f22710e564089cb957803d090455ac1d89ddc639ee026423727c03f10c,4b73468fc5b0f1950f9f66fada70ad3a4f9327cb,StatsBomb Open Data via Stage91 + Stage92 verified identity bridge,true,true,false,false,false,false,false,false
129682,A. Adli,33401,Amine Adli,3895292,904,Bayer Leverkusen,2024-04-06,9,1. Bundesliga,281,2023/2024,2,2,0,0.506472700,0.506472700,0.000000000,0,0.000000000,EXACT_FULL_NAME_VIA_VERIFIED_TRANSFER,HIGH,645a840f41a6243361e4ca01b12cf071f6553568e47acd533e7e8de48fcb2b78,5122e5f94a8f609590601f808f18de6fd0211892805bd89e1429d5151e511454,4b73468fc5b0f1950f9f66fada70ad3a4f9327cb,StatsBomb Open Data via Stage91 + Stage92 verified identity bridge,true,true,false,false,false,false,false,false
129682,A. Adli,33401,Amine Adli,3895302,904,Bayer Leverkusen,2024-04-14,9,1. Bundesliga,281,2023/2024,1,1,0,0.074157380,0.074157380,0.000000000,0,0.000000000,EXACT_FULL_NAME_VIA_VERIFIED_TRANSFER,HIGH,2f4cde7421f736b24b745044b3fa79e403e0d2d30e81ca4916cf52f5cfd994c2,3d55160f108c36784642a3b21563eb4c9c34df94fffd0275acc4025212818537,4b73468fc5b0f1950f9f66fada70ad3a4f9327cb,StatsBomb Open Data via Stage91 + Stage92 verified identity bridge,true,true,false,false,false,false,false,false
129682,A. Adli,33401,Amine Adli,3895320,904,Bayer Leverkusen,2024-04-27,9,1. Bundesliga,281,2023/2024,2,2,0,0.116927669,0.116927669,0.000000000,0,0.000000000,EXACT_FULL_NAME_VIA_VERIFIED_TRANSFER,HIGH,096db63199cd19c7b1f1f4192199a9280da8c1f4e1832d4c9de4894cd7a6b894,963548e4314f750ec4c92a6340e4f55f669fd21db3295cb9780d3220d8e891f3,4b73468fc5b0f1950f9f66fada70ad3a4f9327cb,StatsBomb Open Data via Stage91 + Stage92 verified identity bridge,true,true,false,false,false,false,false,false
129682,A. Adli,33401,Amine Adli,3895340,904,Bayer Leverkusen,2024-05-12,9,1. Bundesliga,281,2023/2024,5,5,0,0.802209351,0.802209351,0.000000000,0,0.000000000,EXACT_FULL_NAME_VIA_VERIFIED_TRANSFER,HIGH,a9d9d7a4d44e0fe51d00ab3fcbe182b057058942362e5bf1382c34f6e84298b5,d375970918f62cbd9cd5678379e36fc524b3c4fef2a1c63286055244c6075527,4b73468fc5b0f1950f9f66fada70ad3a4f9327cb,StatsBomb Open Data via Stage91 + Stage92 verified identity bridge,true,true,false,false,false,false,false,false
129682,A. Adli,33401,Amine Adli,3895348,904,Bayer Leverkusen,2024-05-18,9,1. Bundesliga,281,2023/2024,1,1,0,0.058906764,0.058906764,0.000000000,2,0.821934600,EXACT_FULL_NAME_VIA_VERIFIED_TRANSFER,HIGH,d1448a10fdca0e0ec4644052cb2c30eaf55f92d6f6209ca9169a1349851ddc04,a6e46131364655d9bef96487b9fee1cea207a943cceb9b660d964337c8ffe91e,4b73468fc5b0f1950f9f66fada70ad3a4f9327cb,StatsBomb Open Data via Stage91 + Stage92 verified identity bridge,true,true,false,false,false,false,false,false
129682,A. Adli,33401,Amine Adli,3920394,788,Morocco,2024-01-17,1267,African Cup of Nations,107,2023,1,1,0,0.029703820,0.029703820,0.000000000,2,0.144637369,EXACT_FULL_NAME_VIA_VERIFIED_TRANSFER,HIGH,927338fbb1a7a6e4ff5372e931047144969d88ae38fd60e551685c3a1ee343de,5429709727068260e493dbca2aa193f6e1484f5c499e2579259e5113c88f7fdb,4b73468fc5b0f1950f9f66fada70ad3a4f9327cb,StatsBomb Open Data via Stage91 + Stage92 verified identity bridge,true,true,false,false,false,false,false,false
129682,A. Adli,33401,Amine Adli,3920419,788,Morocco,2024-01-24,1267,African Cup of Nations,107,2023,2,2,0,0.476619606,0.476619606,0.000000000,0,0.000000000,EXACT_FULL_NAME_VIA_VERIFIED_TRANSFER,HIGH,224d04de006ec7a24d0fdb72a930de499f0fb4fd3f827e9821c2e4783e6d20fd,5836ed86b192b07016666acac0e18b8eb6e9570c679e1d96f7882f4ddd2808ac,4b73468fc5b0f1950f9f66fada70ad3a4f9327cb,StatsBomb Open Data via Stage91 + Stage92 verified identity bridge,true,true,false,false,false,false,false,false
129682,A. Adli,33401,Amine Adli,3922243,788,Morocco,2024-01-30,1267,African Cup of Nations,107,2023,2,2,0,0.208123530,0.208123530,0.000000000,0,0.000000000,EXACT_FULL_NAME_VIA_VERIFIED_TRANSFER,HIGH,bdf6750229b01a6c902816222554cd7834b9ef1d2e3cdbd8b8a83a2907c63822,7bed709222a4b45f6fdaf74368e9e82d8edcb74b069fac9cc96babd95d24642d,4b73468fc5b0f1950f9f66fada70ad3a4f9327cb,StatsBomb Open Data via Stage91 + Stage92 verified identity bridge,true,true,false,false,false,false,false,false
137210,A. Stiller,39360,Angelo Stiller,3895167,174,VfB Stuttgart,2023-12-10,9,1. Bundesliga,281,2023/2024,1,1,0,0.040256012,0.040256012,0.000000000,2,0.124520550,EXACT_FULL_NAME_VIA_VERIFIED_TRANSFER,HIGH,ebb2ae76732554a078a8bb6083af84da386a9849b52c4379779c4017577d008b,a36906d0d063540f30364cd19d07c298426c699ab75f79630a55e81afb15db85,4b73468fc5b0f1950f9f66fada70ad3a4f9327cb,StatsBomb Open Data via Stage91 + Stage92 verified identity bridge,true,true,false,false,false,false,false,false
137303,E. Guessand,45189,Evann Guessand,3837695,144,Nantes,2022-09-03,7,Ligue 1,235,2022/2023,1,1,0,0.048714466,0.048714466,0.000000000,0,0.000000000,EXACT_FULL_NAME_VIA_VERIFIED_TRANSFER,HIGH,ed0de5594c4956a0c4bafd9de61ef96a6b86fcd000c8b8938006f5745b9554b0,251c66544e95d946ab5ac849a1e6b5cea7b87a19daf0c61ad3ec6e0ffb38e198,4b73468fc5b0f1950f9f66fada70ad3a4f9327cb,StatsBomb Open Data via Stage91 + Stage92 verified identity bridge,true,true,false,false,false,false,false,false
138780,N. Williams,34794,Neco Williams,3794689,907,Wales,2021-06-26,55,UEFA Euro,43,2020,0,0,0,0.000000000,0.000000000,0.000000000,1,0.175887080,EXACT_FULL_NAME_VIA_VERIFIED_TRANSFER,HIGH,9650b01e080a7d9cf269fa7051deb9a7db55316beb91e61385edf4042dde3fce,a656485b1fd8f827e15beb0fb39a12b3dd4f88713e3cf12235599098f6ed07e2,4b73468fc5b0f1950f9f66fada70ad3a4f9327cb,StatsBomb Open Data via Stage91 + Stage92 verified identity bridge,true,true,false,false,false,false,false,false
138780,N. Williams,34794,Neco Williams,3857273,907,Wales,2022-11-25,43,FIFA World Cup,106,2022,3,3,0,0.075571141,0.075571141,0.000000000,0,0.000000000,EXACT_FULL_NAME_VIA_VERIFIED_TRANSFER,HIGH,1141db98da36d5259c07b2076ee7279feb61225b779356e45f7f6a943ddeac54,b9507d3b64ae212d20c0d61d4514b5cc042bb96111ed8b2ac7803dc535980902,4b73468fc5b0f1950f9f66fada70ad3a4f9327cb,StatsBomb Open Data via Stage91 + Stage92 verified identity bridge,true,true,false,false,false,false,false,false
1438,B. Leno,15581,Bernd Leno,3890273,904,Bayer Leverkusen,2015-08-22,9,1. Bundesliga,27,2015/2016,0,0,0,0.000000000,0.000000000,0.000000000,1,0.033038873,EXACT_FULL_NAME_VIA_VERIFIED_TRANSFER,HIGH,cd1e50348a254655eb94266b860e5c1ce5053607e15586d740175cd8caf5b174,a01d3f3b49a08db830235f37e308099d4a8f95a2dabe44baa5cfcf33ed192d35,4b73468fc5b0f1950f9f66fada70ad3a4f9327cb,StatsBomb Open Data via Stage91 + Stage92 verified identity bridge,true,true,false,false,false,false,false,false
1438,B. Leno,15581,Bernd Leno,3890395,904,Bayer Leverkusen,2015-12-12,9,1. Bundesliga,27,2015/2016,0,0,0,0.000000000,0.000000000,0.000000000,1,0.016587133,EXACT_FULL_NAME_VIA_VERIFIED_TRANSFER,HIGH,084fa466ae3ed99724f63550af6b3c96ecc7940d9340f2d23257177a5c34c633,e24488d641a44f8f6635c09ccffb778871f53ca9c70adb00c1a1cf1e153192aa,4b73468fc5b0f1950f9f66fada70ad3a4f9327cb,StatsBomb Open Data via Stage91 + Stage92 verified identity bridge,true,true,false,false,false,false,false,false
1460,B. Saka,22084,Bukayo Saka,3795506,768,England,2021-07-11,55,UEFA Euro,43,2020,1,0,1,0.783500000,0.000000000,0.783500000,0,0.000000000,EXACT_FULL_NAME_VIA_VERIFIED_TRANSFER,HIGH,55132b79525b43e12c4895e16f4a0829f42bbbac303f52858f4016d5f980bc44,bb26e2ef8d4bb360f1c96c3eafebfff441e48941724d13a8633540654ba3cce1,4b73468fc5b0f1950f9f66fada70ad3a4f9327cb,StatsBomb Open Data via Stage91 + Stage92 verified identity bridge,true,true,false,false,false,false,false,false
1460,B. Saka,22084,Bukayo Saka,3857271,768,England,2022-11-21,43,FIFA World Cup,106,2022,3,3,0,0.169339465,0.169339465,0.000000000,1,0.066974920,EXACT_FULL_NAME_VIA_VERIFIED_TRANSFER,HIGH,69408f1027bacc6f7559081250254290be17ee07f931e327670efe249df33c39,606ee5b47cb0e629f1071e817b4e9cb0a9a48fb5851e4379cd426a92afd8c5d2,4b73468fc5b0f1950f9f66fada70ad3a4f9327cb,StatsBomb Open Data via Stage91 + Stage92 verified identity bridge,true,true,false,false,false,false,false,false
1460,B. Saka,22084,Bukayo Saka,3857272,768,England,2022-11-25,43,FIFA World Cup,106,2022,1,1,0,0.086801340,0.086801340,0.000000000,1,0.106077130,EXACT_FULL_NAME_VIA_VERIFIED_TRANSFER,HIGH,d473ae8ffde306fca749863f4fcb0e16b17295cd8f358d9a345081f93fdf6316,f749b56c04cec2030cbb07cb421402f91393c2c7be4539a4664e0798ddc5d147,4b73468fc5b0f1950f9f66fada70ad3a4f9327cb,StatsBomb Open Data via Stage91 + Stage92 verified identity bridge,true,true,false,false,false,false,false,false
1460,B. Saka,22084,Bukayo Saka,3869118,768,England,2022-12-04,43,FIFA World Cup,106,2022,2,2,0,0.252577200,0.252577200,0.000000000,1,0.184229360,EXACT_FULL_NAME_VIA_VERIFIED_TRANSFER,HIGH,31323b76d363699eb6ee6e5ff6f1cf2a80e83fa24962fa42feb58cfc94f6a410,e6d921d0bfed57c7a02d82cc7ec412a378d9f080e41ba8e7a7e71d04fd021133,4b73468fc5b0f1950f9f66fada70ad3a4f9327cb,StatsBomb Open Data via Stage91 + Stage92 verified identity bridge,true,true,false,false,false,false,false,false
1460,B. Saka,22084,Bukayo Saka,3869354,768,England,2022-12-10,43,FIFA World Cup,106,2022,1,1,0,0.070737460,0.070737460,0.000000000,2,0.104734834,EXACT_FULL_NAME_VIA_VERIFIED_TRANSFER,HIGH,935246026e27af970962f5db0d20c4c540a0b0b2855d86456fe1bb297799b8f0,ff8125681456581146fd1a7fb88dfba8340d2c316a9af8a98fd954f1ba903bce,4b73468fc5b0f1950f9f66fada70ad3a4f9327cb,StatsBomb Open Data via Stage91 + Stage92 verified identity bridge,true,true,false,false,false,false,false,false
1460,B. Saka,22084,Bukayo Saka,3930171,768,England,2024-06-20,55,UEFA Euro,282,2024,3,3,0,0.325699500,0.325699500,0.000000000,2,0.055357697,EXACT_FULL_NAME_VIA_VERIFIED_TRANSFER,HIGH,1bdcf04b6ba2d19704581136752d153dfcf449845c6411c5fe638ec035c35873,5cbafbf6a6b76cd6af75e862ce8a653f0ae3c5c8106cd493d0162d39bb839d6b,4b73468fc5b0f1950f9f66fada70ad3a4f9327cb,StatsBomb Open Data via Stage91 + Stage92 verified identity bridge,true,true,false,false,false,false,false,false
1460,B. Saka,22084,Bukayo Saka,3941017,768,England,2024-06-30,55,UEFA Euro,282,2024,1,1,0,0.026043994,0.026043994,0.000000000,1,0.026050739,EXACT_FULL_NAME_VIA_VERIFIED_TRANSFER,HIGH,f0b8f0a068420f49a5f1680a53f29354aca8a2c804a787cd97e2b2cd9d9c4ba1,1632a7f9d0de3d3cb441b634af76676916ddde48ee2b1bf9323083f7a4075c11,4b73468fc5b0f1950f9f66fada70ad3a4f9327cb,StatsBomb Open Data via Stage91 + Stage92 verified identity bridge,true,true,false,false,false,false,false,false
1460,B. Saka,22084,Bukayo Saka,3942227,768,England,2024-07-06,55,UEFA Euro,282,2024,4,3,1,0.877007607,0.093507607,0.783500000,2,0.149220333,EXACT_FULL_NAME_VIA_VERIFIED_TRANSFER,HIGH,833ba374ab6357ba688c4e37731d40db3ef95a5d07356c46885880e4c5892c0b,cdea56bfb63d25fa0585e6d6583a9b15d4e898d33ee6c27af30b9499ff3d91a0,4b73468fc5b0f1950f9f66fada70ad3a4f9327cb,StatsBomb Open Data via Stage91 + Stage92 verified identity bridge,true,true,false,false,false,false,false,false
1460,B. Saka,22084,Bukayo Saka,3942819,768,England,2024-07-10,55,UEFA Euro,282,2024,1,1,0,0.071749640,0.071749640,0.000000000,1,0.028710563,EXACT_FULL_NAME_VIA_VERIFIED_TRANSFER,HIGH,d6be75ef5b0458f13f246bb68228e5c4a25daf961473fbf106966e35fbbca372,721bc660915e98aee8095a06fede183f22f7093ff2d93550542d43777a87daa7,4b73468fc5b0f1950f9f66fada70ad3a4f9327cb,StatsBomb Open Data via Stage91 + Stage92 verified identity bridge,true,true,false,false,false,false,false,false
1460,B. Saka,22084,Bukayo Saka,3943043,768,England,2024-07-14,55,UEFA Euro,282,2024,0,0,0,0.000000000,0.000000000,0.000000000,2,0.105281130,EXACT_FULL_NAME_VIA_VERIFIED_TRANSFER,HIGH,64250001adb9af575c133295fc5e19903fac14339ba74ea4ada33674e5e51f43,99e8db5e9cf3e73dd71d360022be8e98f3922a8eed820e76844b0517a7a77e7c,4b73468fc5b0f1950f9f66fada70ad3a4f9327cb,StatsBomb Open Data via Stage91 + Stage92 verified identity bridge,true,true,false,false,false,false,false,false
1464,G. Xhaka,3500,Granit Xhaka,3788744,773,Switzerland,2021-06-12,55,UEFA Euro,43,2020,2,2,0,0.049277936,0.049277936,0.000000000,0,0.000000000,EXACT_FULL_NAME_VIA_VERIFIED_TRANSFER,HIGH,1366d4a7f869e5e35512603b430305463ab0735db40dc4fd06906c8bba79838f,dcf64d847bc4b0e77a3a65fabd5965772bce36465f54e5282cd485fd78dcd8e6,4b73468fc5b0f1950f9f66fada70ad3a4f9327cb,StatsBomb Open Data via Stage91 + Stage92 verified identity bridge,true,true,false,false,false,false,false,false
1464,G. Xhaka,3500,Granit Xhaka,3788765,773,Switzerland,2021-06-20,55,UEFA Euro,43,2020,1,1,0,0.117576760,0.117576760,0.000000000,2,0.096241817,EXACT_FULL_NAME_VIA_VERIFIED_TRANSFER,HIGH,4457426197244d9162615445c30d512078d9a99fc514fb4f2c8ce6c65865932e,2bf690c077d2439f6a868974fd2d04478e6bda7a8c4405f61b353b3eb9932908,4b73468fc5b0f1950f9f66fada70ad3a4f9327cb,StatsBomb Open Data via Stage91 + Stage92 verified identity bridge,true,true,false,false,false,false,false,false
1464,G. Xhaka,3500,Granit Xhaka,3794691,773,Switzerland,2021-06-28,55,UEFA Euro,43,2020,1,1,0,0.024705180,0.024705180,0.000000000,3,0.210345604,EXACT_FULL_NAME_VIA_VERIFIED_TRANSFER,HIGH,3292e047201d97e4dbb1c7c13a8c52cf22fdd7f38faa920f125d1e21f48e647b,c81d5c79012af1ae0c91c0c696be5a38a50bc68b11fbb72c08aa3164a9fb2a9a,4b73468fc5b0f1950f9f66fada70ad3a4f9327cb,StatsBomb Open Data via Stage91 + Stage92 verified identity bridge,true,true,false,false,false,false,false,false
1464,G. Xhaka,3500,Granit Xhaka,3857256,773,Switzerland,2022-12-02,43,FIFA World Cup,106,2022,3,3,0,0.150858323,0.150858323,0.000000000,1,0.030122569,EXACT_FULL_NAME_VIA_VERIFIED_TRANSFER,HIGH,1c9117e288868743ca090bbce5c7ffd4b490727eae3f76a5fb23414aff41e40c,fdf4e99c1e631da81bd56499ab826caeea6063d648d619e37ac3c3228b9a94a6,4b73468fc5b0f1950f9f66fada70ad3a4f9327cb,StatsBomb Open Data via Stage91 + Stage92 verified identity bridge,true,true,false,false,false,false,false,false
1464,G. Xhaka,3500,Granit Xhaka,3857290,773,Switzerland,2022-11-24,43,FIFA World Cup,106,2022,2,2,0,0.060987956,0.060987956,0.000000000,0,0.000000000,EXACT_FULL_NAME_VIA_VERIFIED_TRANSFER,HIGH,8f11b2f0fd9a6621c3a250b1376c71f19648ab2575b5210ab075ef462322d258,6d77e71ac40fcb8120cba1f6810b4ba84b7771aff79c37557ccfa2648967cadb,4b73468fc5b0f1950f9f66fada70ad3a4f9327cb,StatsBomb Open Data via Stage91 + Stage92 verified identity bridge,true,true,false,false,false,false,false,false
1464,G. Xhaka,3500,Granit Xhaka,3869254,773,Switzerland,2022-12-06,43,FIFA World Cup,106,2022,1,1,0,0.083675800,0.083675800,0.000000000,1,0.061377330,EXACT_FULL_NAME_VIA_VERIFIED_TRANSFER,HIGH,46d840a583c255162c4b6667188d3eec4e6a01934b03e0256061d9e781568c86,35f0f7ec35869b3ed717884da1ce6d1893387b3ceed4fc519329df6478a7d5fe,4b73468fc5b0f1950f9f66fada70ad3a4f9327cb,StatsBomb Open Data via Stage91 + Stage92 verified identity bridge,true,true,false,false,false,false,false,false
1464,G. Xhaka,3500,Granit Xhaka,3890261,185,Borussia Mönchengladbach,,,,,,2,2,0,0.079674020,0.079674020,0.000000000,0,0.000000000,EXACT_FULL_NAME_VIA_VERIFIED_TRANSFER,HIGH,baaf03d153cfb86cf7e41e81e1841be332aca7768be0e18ace55c25502dd8e5a,ea9dc73567662c82a1b6f210be188266bb070d1dbdaedaf3bd756d56055d2758,4b73468fc5b0f1950f9f66fada70ad3a4f9327cb,StatsBomb Open Data via Stage91 + Stage92 verified identity bridge,true,true,false,false,false,false,false,false
1464,G. Xhaka,3500,Granit Xhaka,3890276,185,Borussia Mönchengladbach,,,,,,2,2,0,0.059656439,0.059656439,0.000000000,2,0.463387910,EXACT_FULL_NAME_VIA_VERIFIED_TRANSFER,HIGH,f75c59d53a70a9a6ea8691dcdbb3660fa072cf8b6e9d88332503b0c0694643d8,387efec08d912a035e64166c7a6b5aacaa1f579753a001d7b83296d87037bc7f,4b73468fc5b0f1950f9f66fada70ad3a4f9327cb,StatsBomb Open Data via Stage91 + Stage92 verified identity bridge,true,true,false,false,false,false,false,false
1464,G. Xhaka,3500,Granit Xhaka,3890285,185,Borussia Mönchengladbach,,,,,,2,2,0,0.038344965,0.038344965,0.000000000,2,0.226356160,EXACT_FULL_NAME_VIA_VERIFIED_TRANSFER,HIGH,7ac764f6e0d719d769a5090b128f440fb170812bccb5ac16c2518b7f4eec621d,67592f1c421440137929f7036bb76008019feef951950699855a5eacd6c29ace,4b73468fc5b0f1950f9f66fada70ad3a4f9327cb,StatsBomb Open Data via Stage91 + Stage92 verified identity bridge,true,true,false,false,false,false,false,false
1464,G. Xhaka,3500,Granit Xhaka,3890299,185,Borussia Mönchengladbach,,,,,,1,1,0,0.005152225,0.005152225,0.000000000,0,0.000000000,EXACT_FULL_NAME_VIA_VERIFIED_TRANSFER,HIGH,4f07f72df05ec69cf0efd2a542f1f04f7b834192c035793afdf57cc404ed7d79,5b4cc16167565cec01bb41dc95bc99edca0ce11cfccc9638dffbc8acb86b7556,4b73468fc5b0f1950f9f66fada70ad3a4f9327cb,StatsBomb Open Data via Stage91 + Stage92 verified identity bridge,true,true,false,false,false,false,false,false
1464,G. Xhaka,3500,Granit Xhaka,3890308,185,Borussia Mönchengladbach,,,,,,3,3,0,0.429652267,0.429652267,0.000000000,0,0.000000000,EXACT_FULL_NAME_VIA_VERIFIED_TRANSFER,HIGH,703119e2b565a4fae8fb518aae2d8022566129debcee517f7f25d0832704cb60,875cb2fd0e760ed6ab27bfa20a89094f2d053c296eb0403e5c8039c577486488,4b73468fc5b0f1950f9f66fada70ad3a4f9327cb,StatsBomb Open Data via Stage91 + Stage92 verified identity bridge,true,true,false,false,false,false,false,false
1464,G. Xhaka,3500,Granit Xhaka,3890318,185,Borussia Mönchengladbach,,,,,,1,1,0,0.113066180,0.113066180,0.000000000,0,0.000000000,EXACT_FULL_NAME_VIA_VERIFIED_TRANSFER,HIGH,b034afcf6ecf05c30cf9161524be474d24f2d5f66fd0f7ba7bf73caa6a670f62,462b1a6577f25beb86b4b1a77d197d2331203c49e73daf8242d016e8b0152d69,4b73468fc5b0f1950f9f66fada70ad3a4f9327cb,StatsBomb Open Data via Stage91 + Stage92 verified identity bridge,true,true,false,false,false,false,false,false
1464,G. Xhaka,3500,Granit Xhaka,3890323,185,Borussia Mönchengladbach,,,,,,1,1,0,0.044280860,0.044280860,0.000000000,0,0.000000000,EXACT_FULL_NAME_VIA_VERIFIED_TRANSFER,HIGH,7a9b60574a090055fc47885b0bd4ed47a7d2dc9c6d414c4de59eda1e7d044c34,07fc989c1c63f500bfc3332738ac136199ce7541163053e9c397813fb85ec7f0,4b73468fc5b0f1950f9f66fada70ad3a4f9327cb,StatsBomb Open Data via Stage91 + Stage92 verified identity bridge,true,true,false,false,false,false,false,false
1464,G. Xhaka,3500,Granit Xhaka,3890334,185,Borussia Mönchengladbach,,,,,,1,1,0,0.112402390,0.112402390,0.000000000,0,0.000000000,EXACT_FULL_NAME_VIA_VERIFIED_TRANSFER,HIGH,34d831420dc5e2f0dd3752388935d655e5b52fbf717f9f484ef69f6d55dfc152,796a6eebf448188da0562f80987c6b2bcb0ca8f14f48bdb71884a5a04521bbbd,4b73468fc5b0f1950f9f66fada70ad3a4f9327cb,StatsBomb Open Data via Stage91 + Stage92 verified identity bridge,true,true,false,false,false,false,false,false
1464,G. Xhaka,3500,Granit Xhaka,3890348,185,Borussia Mönchengladbach,,,,,,1,1,0,0.017792135,0.017792135,0.000000000,1,0.027456421,EXACT_FULL_NAME_VIA_VERIFIED_TRANSFER,HIGH,1f9ad39f2abbcbe4d975ef1a6fcde3e8636f4676358e460f61bd2861ff1df4fe,30d9a8e9f32397601b7545e9ec82d47cec97e94b5fbdf0c2fb98b369de68c6d9,4b73468fc5b0f1950f9f66fada70ad3a4f9327cb,StatsBomb Open Data via Stage91 + Stage92 verified identity bridge,true,true,false,false,false,false,false,false
1464,G. Xhaka,3500,Granit Xhaka,3890351,185,Borussia Mönchengladbach,,,,,,1,0,1,0.783500000,0.000000000,0.783500000,0,0.000000000,EXACT_FULL_NAME_VIA_VERIFIED_TRANSFER,HIGH,9c383ee170ae0c2af23f71e9a222e45385818eef226368d3e02d32dbd2191485,c22c7630b0161b7cd895bc73e3d00d92246e7881cd192a58e7ccea6a1be70d71,4b73468fc5b0f1950f9f66fada70ad3a4f9327cb,StatsBomb Open Data via Stage91 + Stage92 verified identity bridge,true,true,false,false,false,false,false,false
1464,G. Xhaka,3500,Granit Xhaka,3890363,185,Borussia Mönchengladbach,,,,,,1,1,0,0.029946532,0.029946532,0.000000000,0,0.000000000,EXACT_FULL_NAME_VIA_VERIFIED_TRANSFER,HIGH,bff173a9c38d07ec0e23c78db7f4964c174d22d656a4e173f45cdd4e64cddd37,4a34c6e5632ac512153832ccd52d0f1f5523417060159d63f71637104505d0ce,4b73468fc5b0f1950f9f66fada70ad3a4f9327cb,StatsBomb Open Data via Stage91 + Stage92 verified identity bridge,true,true,false,false,false,false,false,false
1464,G. Xhaka,3500,Granit Xhaka,3890377,185,Borussia Mönchengladbach,,,,,,4,4,0,0.076919077,0.076919077,0.000000000,0,0.000000000,EXACT_FULL_NAME_VIA_VERIFIED_TRANSFER,HIGH,e2887e41b3b8a3f5dadc84dc95c040ca8ed19eb8584dca337b500f84fc2555e5,551d9eb1b367535f5ab82467b2369d2050d32ad846a9210fdb98a428d7b7ac16,4b73468fc5b0f1950f9f66fada70ad3a4f9327cb,StatsBomb Open Data via Stage91 + Stage92 verified identity bridge,true,true,false,false,false,false,false,false
1464,G. Xhaka,3500,Granit Xhaka,3890410,185,Borussia Mönchengladbach,,,,,,1,1,0,0.077419090,0.077419090,0.000000000,0,0.000000000,EXACT_FULL_NAME_VIA_VERIFIED_TRANSFER,HIGH,0a36de913d4930a51361e9e76cc0ecf5a31f6f8ca8fc2f961e7edf5c026a6ee6,c594f05761414da1dbb717bdb58749fc2dc0ec4273888062072837ecb41edd0f,4b73468fc5b0f1950f9f66fada70ad3a4f9327cb,StatsBomb Open Data via Stage91 + Stage92 verified identity bridge,true,true,false,false,false,false,false,false
1464,G. Xhaka,3500,Granit Xhaka,3890447,185,Borussia Mönchengladbach,,,,,,1,1,0,0.024553517,0.024553517,0.000000000,0,0.000000000,EXACT_FULL_NAME_VIA_VERIFIED_TRANSFER,HIGH,da46fa338e1523cbae84a13b2b9d7156a123d3ab282162284b6ffc346a88b89e,98bf0c6319bc18cebe1738203e9cfb8e5924cc20789300ca43f2fc1e6d2e1708,4b73468fc5b0f1950f9f66fada70ad3a4f9327cb,StatsBomb Open Data via Stage91 + Stage92 verified identity bridge,true,true,false,false,false,false,false,false
1464,G. Xhaka,3500,Granit Xhaka,3890450,185,Borussia Mönchengladbach,,,,,,2,2,0,0.106735617,0.106735617,0.000000000,0,0.000000000,EXACT_FULL_NAME_VIA_VERIFIED_TRANSFER,HIGH,e715979c395cb09da970cd56408005069e3ce69c36fb7979af6ad530885438b4,4ae00b5e68214a71242383b8815c5735578c1ca29d6773fdd7c3dadb66e719fc,4b73468fc5b0f1950f9f66fada70ad3a4f9327cb,StatsBomb Open Data via Stage91 + Stage92 verified identity bridge,true,true,false,false,false,false,false,false
1464,G. Xhaka,3500,Granit Xhaka,3890462,185,Borussia Mönchengladbach,,,,,,1,1,0,0.024574809,0.024574809,0.000000000,0,0.000000000,EXACT_FULL_NAME_VIA_VERIFIED_TRANSFER,HIGH,5deb6584d3d643da856c091d27ae840f16e6d7e361494c71fd892c8c724d34fe,ef099f2ec1ceb76c22f2e59ba746877d213149a5bb534f712979f25262fcf14d,4b73468fc5b0f1950f9f66fada70ad3a4f9327cb,StatsBomb Open Data via Stage91 + Stage92 verified identity bridge,true,true,false,false,false,false,false,false
1464,G. Xhaka,3500,Granit Xhaka,3890475,185,Borussia Mönchengladbach,,,,,,0,0,0,0.000000000,0.000000000,0.000000000,2,0.036946255,EXACT_FULL_NAME_VIA_VERIFIED_TRANSFER,HIGH,21a50d7eae9d069b2c564f74fd7b69bb8f77c677a110e8d02ca21b2dc5a99b44,a9c105d40294b3502390f6ae49138411f06ba3c409543f6fef07a36e50299b46,4b73468fc5b0f1950f9f66fada70ad3a4f9327cb,StatsBomb Open Data via Stage91 + Stage92 verified identity bridge,true,true,false,false,false,false,false,false
1464,G. Xhaka,3500,Granit Xhaka,3890488,185,Borussia Mönchengladbach,,,,,,2,2,0,0.044782921,0.044782921,0.000000000,1,0.007575104,EXACT_FULL_NAME_VIA_VERIFIED_TRANSFER,HIGH,3754fcdd5d4c2e7866cbe8f4cac258b0e1ec14b07c7655c3750d609b64fbd9a6,0284b7ae7d42450fdffb5828742119281dcf353f723a1f1848ed86292f1c354f,4b73468fc5b0f1950f9f66fada70ad3a4f9327cb,StatsBomb Open Data via Stage91 + Stage92 verified identity bridge,true,true,false,false,false,false,false,false
1464,G. Xhaka,3500,Granit Xhaka,3890493,185,Borussia Mönchengladbach,,,,,,1,1,0,0.035693828,0.035693828,0.000000000,0,0.000000000,EXACT_FULL_NAME_VIA_VERIFIED_TRANSFER,HIGH,d04c60d696f03d2c801b27ddbe13712c6e1df3849293eff53dad7d420184be31,1626d129f76da5074089a909ec1e119fa8ad2c19febec70e3a6957e2a419e532,4b73468fc5b0f1950f9f66fada70ad3a4f9327cb,StatsBomb Open Data via Stage91 + Stage92 verified identity bridge,true,true,false,false,false,false,false,false
1464,G. Xhaka,3500,Granit Xhaka,3890510,185,Borussia Mönchengladbach,,,,,,1,1,0,0.116582990,0.116582990,0.000000000,2,0.189995080,EXACT_FULL_NAME_VIA_VERIFIED_TRANSFER,HIGH,9d872c9c754837515848919469ec6eb6a5170f9611f2cd215b94b1f39ea7289c,6f4c5affd8e3d020f7d5f55ba8a06710156ef4480c3c6d1fc518e1fb9e9ecc62,4b73468fc5b0f1950f9f66fada70ad3a4f9327cb,StatsBomb Open Data via Stage91 + Stage92 verified identity bridge,true,true,false,false,false,false,false,false
1464,G. Xhaka,3500,Granit Xhaka,3890536,185,Borussia Mönchengladbach,,,,,,0,0,0,0.000000000,0.000000000,0.000000000,2,0.089917143,EXACT_FULL_NAME_VIA_VERIFIED_TRANSFER,HIGH,eaa9d56b60e779f51dcf78a71cd2326997afc736e27bdab0aa931eba24e76a8e,a1e80fa5996b0a35b7b7a5aee59ec9ae7522cd18ba5c9b6badf9479c460ae648,4b73468fc5b0f1950f9f66fada70ad3a4f9327cb,StatsBomb Open Data via Stage91 + Stage92 verified identity bridge,true,true,false,false,false,false,false,false
1464,G. Xhaka,3500,Granit Xhaka,3890541,185,Borussia Mönchengladbach,,,,,,1,1,0,0.047373015,0.047373015,0.000000000,0,0.000000000,EXACT_FULL_NAME_VIA_VERIFIED_TRANSFER,HIGH,bf428a5bfd1d6b9bb9f87c71e7bdd43051af6a26c47bc9bc9e96b1da3dc593da,dc69bc10437aab3a206c95e43e93347416ff4280c5dabee842313279ccd71b8d,4b73468fc5b0f1950f9f66fada70ad3a4f9327cb,StatsBomb Open Data via Stage91 + Stage92 verified identity bridge,true,true,false,false,false,false,false,false
1464,G. Xhaka,3500,Granit Xhaka,3890550,185,Borussia Mönchengladbach,2016-05-07,9,1. Bundesliga,27,2015/2016,1,1,0,0.045289190,0.045289190,0.000000000,0,0.000000000,EXACT_FULL_NAME_VIA_VERIFIED_TRANSFER,HIGH,deb28ab87b98219646f9535931f44c54e88d31fc09527f5c44c32115a4697020,fed68453a217c0bcd2fdb2fe31c8018aab86a59a4ad9c048bc687bf00550c541,4b73468fc5b0f1950f9f66fada70ad3a4f9327cb,StatsBomb Open Data via Stage91 + Stage92 verified identity bridge,true,true,false,false,false,false,false,false
1464,G. Xhaka,3500,Granit Xhaka,3890560,185,Borussia Mönchengladbach,,,,,,2,2,0,0.057490193,0.057490193,0.000000000,5,0.189559129,EXACT_FULL_NAME_VIA_VERIFIED_TRANSFER,HIGH,d013f690f42f01cc16d52af5d22f189f14fd52c681edf8f07713e31bd16393f9,00e29234aa1ffcf9c53bb0a6a750d373ca9e3e9a4eb58cb7df201e1753e469a5,4b73468fc5b0f1950f9f66fada70ad3a4f9327cb,StatsBomb Open Data via Stage91 + Stage92 verified identity bridge,true,true,false,false,false,false,false,false
1464,G. Xhaka,3500,Granit Xhaka,3895052,904,Bayer Leverkusen,2023-08-19,9,1. Bundesliga,281,2023/2024,1,1,0,0.020733545,0.020733545,0.000000000,0,0.000000000,EXACT_FULL_NAME_VIA_VERIFIED_TRANSFER,HIGH,d8bfc1cec3cbaa92f6916cf17e6ae564b9bc96a82b19ea82f772bf91eb2acea2,5185ad903c7f4889992190cd862ee444d9d344f7c974d4c4cf777e43820083a8,4b73468fc5b0f1950f9f66fada70ad3a4f9327cb,StatsBomb Open Data via Stage91 + Stage92 verified identity bridge,true,true,false,false,false,false,false,false
1464,G. Xhaka,3500,Granit Xhaka,3895060,904,Bayer Leverkusen,2023-08-26,9,1. Bundesliga,281,2023/2024,1,1,0,0.044252444,0.044252444,0.000000000,0,0.000000000,EXACT_FULL_NAME_VIA_VERIFIED_TRANSFER,HIGH,9846022679938d4e84531ab103adbf9fbcbbbe47ca87909d0bd5650256f404f3,2ca3bebbe842035fee9b344381724e15bf2a9570e4647d939d5e25563dc584b9,4b73468fc5b0f1950f9f66fada70ad3a4f9327cb,StatsBomb Open Data via Stage91 + Stage92 verified identity bridge,true,true,false,false,false,false,false,false
1464,G. Xhaka,3500,Granit Xhaka,3895067,904,Bayer Leverkusen,2023-09-02,9,1. Bundesliga,281,2023/2024,1,1,0,0.040526580,0.040526580,0.000000000,3,0.214447688,EXACT_FULL_NAME_VIA_VERIFIED_TRANSFER,HIGH,a50292f77ed46c089b2cc10941fb95241bdc150a9fc64945e7e0d151dad2f045,f05a8165c934b006d065c16ae38b6810c3af4adf207e92caf7c9a4eea52c1cad,4b73468fc5b0f1950f9f66fada70ad3a4f9327cb,StatsBomb Open Data via Stage91 + Stage92 verified identity bridge,true,true,false,false,false,false,false,false
1464,G. Xhaka,3500,Granit Xhaka,3895074,904,Bayer Leverkusen,2023-09-15,9,1. Bundesliga,281,2023/2024,1,1,0,0.006139515,0.006139515,0.000000000,0,0.000000000,EXACT_FULL_NAME_VIA_VERIFIED_TRANSFER,HIGH,c0f61e058abf2d09da27d40e481fe00ac4eb719e48e3112af4320247eaee7ecb,3d220ff9c36b514d0623c8fbe555ecd3f05f7be23ae3d473326b27904327d330,4b73468fc5b0f1950f9f66fada70ad3a4f9327cb,StatsBomb Open Data via Stage91 + Stage92 verified identity bridge,true,true,false,false,false,false,false,false
1464,G. Xhaka,3500,Granit Xhaka,3895086,904,Bayer Leverkusen,2023-09-24,9,1. Bundesliga,281,2023/2024,0,0,0,0.000000000,0.000000000,0.000000000,2,0.377317417,EXACT_FULL_NAME_VIA_VERIFIED_TRANSFER,HIGH,88131dc7c87dc75affe90977e443f82feb1432590db4624a12340728ca568bd9,69a5473ce37763ecaf9acc2d1a8e9e282f39a54e71a605096d3f7e50e293d225,4b73468fc5b0f1950f9f66fada70ad3a4f9327cb,StatsBomb Open Data via Stage91 + Stage92 verified identity bridge,true,true,false,false,false,false,false,false
1464,G. Xhaka,3500,Granit Xhaka,3895107,904,Bayer Leverkusen,2023-10-08,9,1. Bundesliga,281,2023/2024,1,1,0,0.041414940,0.041414940,0.000000000,3,0.126066185,EXACT_FULL_NAME_VIA_VERIFIED_TRANSFER,HIGH,8c87de173692625eba7001cf25633db60617ca236af39e7a02fe63ce334de205,0a37a536bfed09bedb9ac8b9fa93fc111e4b75d735940d51bd031c30b05e00bb,4b73468fc5b0f1950f9f66fada70ad3a4f9327cb,StatsBomb Open Data via Stage91 + Stage92 verified identity bridge,true,true,false,false,false,false,false,false
1464,G. Xhaka,3500,Granit Xhaka,3895113,904,Bayer Leverkusen,2023-10-21,9,1. Bundesliga,281,2023/2024,0,0,0,0.000000000,0.000000000,0.000000000,1,0.042114120,EXACT_FULL_NAME_VIA_VERIFIED_TRANSFER,HIGH,ea335a4fb7043285b174f8e27903de40fc846f0bdb76c06123a0c71fe9c3b1cb,a3e8a334b8e52b785a36c18e6c213a803d0c5824b2d6d592a38f7f5763127c11,4b73468fc5b0f1950f9f66fada70ad3a4f9327cb,StatsBomb Open Data via Stage91 + Stage92 verified identity bridge,true,true,false,false,false,false,false,false
1464,G. Xhaka,3500,Granit Xhaka,3895121,904,Bayer Leverkusen,2023-10-29,9,1. Bundesliga,281,2023/2024,2,2,0,0.047940271,0.047940271,0.000000000,0,0.000000000,EXACT_FULL_NAME_VIA_VERIFIED_TRANSFER,HIGH,8ec0ef91e1e62c65b7e25f8c3473d0cd571200d579e8b5e697ea3886aec4aeb4,484f89c900a8348d6db359dcd45144c51f6286888bfd28826399a3973af8c140,4b73468fc5b0f1950f9f66fada70ad3a4f9327cb,StatsBomb Open Data via Stage91 + Stage92 verified identity bridge,true,true,false,false,false,false,false,false
1464,G. Xhaka,3500,Granit Xhaka,3895134,904,Bayer Leverkusen,2023-11-04,9,1. Bundesliga,281,2023/2024,0,0,0,0.000000000,0.000000000,0.000000000,2,0.130087436,EXACT_FULL_NAME_VIA_VERIFIED_TRANSFER,HIGH,0ac45a9137b3432d006417871e2104a0f3b88cda0cfd1a5436f0af88d930d120,910d73c08017d3be09ba4e60b205143b686205c311aff136cf9a67fcec751d0d,4b73468fc5b0f1950f9f66fada70ad3a4f9327cb,StatsBomb Open Data via Stage91 + Stage92 verified identity bridge,true,true,false,false,false,false,false,false
1464,G. Xhaka,3500,Granit Xhaka,3895139,904,Bayer Leverkusen,2023-11-12,9,1. Bundesliga,281,2023/2024,1,1,0,0.025693294,0.025693294,0.000000000,0,0.000000000,EXACT_FULL_NAME_VIA_VERIFIED_TRANSFER,HIGH,b259bbba5b78e0c379c2ba4809171783f7287ab32dc8b41f3e7ef7117eca6b6c,e4f41619d69b87a96879e9c080310e2a1e89721f88b42cbb109ccbe61def3fcd,4b73468fc5b0f1950f9f66fada70ad3a4f9327cb,StatsBomb Open Data via Stage91 + Stage92 verified identity bridge,true,true,false,false,false,false,false,false
1464,G. Xhaka,3500,Granit Xhaka,3895153,904,Bayer Leverkusen,2023-11-25,9,1. Bundesliga,281,2023/2024,2,2,0,0.074052202,0.074052202,0.000000000,1,0.053728370,EXACT_FULL_NAME_VIA_VERIFIED_TRANSFER,HIGH,a02cde1a2163b6c49fdc7ece66dc2f6c0ae9ce518efa6e6637f172228fd5b3e5,1fd1265ea536e1e5e28ee477a2ff240187b50b4b79e06cb51505a6a8d15293b7,4b73468fc5b0f1950f9f66fada70ad3a4f9327cb,StatsBomb Open Data via Stage91 + Stage92 verified identity bridge,true,true,false,false,false,false,false,false
1464,G. Xhaka,3500,Granit Xhaka,3895158,904,Bayer Leverkusen,2023-12-03,9,1. Bundesliga,281,2023/2024,5,5,0,0.231029591,0.231029591,0.000000000,3,0.129229303,EXACT_FULL_NAME_VIA_VERIFIED_TRANSFER,HIGH,12ed82a0953afe046c9334d59392594dfb5962faa21cbaa58cf3884248d25151,28b94c327b61685ee44405020174cf16a308628747d7c276269d5659a02f7afd,4b73468fc5b0f1950f9f66fada70ad3a4f9327cb,StatsBomb Open Data via Stage91 + Stage92 verified identity bridge,true,true,false,false,false,false,false,false
1464,G. Xhaka,3500,Granit Xhaka,3895167,904,Bayer Leverkusen,2023-12-10,9,1. Bundesliga,281,2023/2024,1,1,0,0.047657520,0.047657520,0.000000000,2,0.073421753,EXACT_FULL_NAME_VIA_VERIFIED_TRANSFER,HIGH,a7339fbe6a82522d216d242acdb111ddd2e0ef468ff1a87c84b64df975676379,a36906d0d063540f30364cd19d07c298426c699ab75f79630a55e81afb15db85,4b73468fc5b0f1950f9f66fada70ad3a4f9327cb,StatsBomb Open Data via Stage91 + Stage92 verified identity bridge,true,true,false,false,false,false,false,false
1464,G. Xhaka,3500,Granit Xhaka,3895180,904,Bayer Leverkusen,2023-12-17,9,1. Bundesliga,281,2023/2024,1,1,0,0.024108738,0.024108738,0.000000000,0,0.000000000,EXACT_FULL_NAME_VIA_VERIFIED_TRANSFER,HIGH,fe10236d2dbc87e90c3665c5cb0170e7dfff195ec2b1d12e9621e3fdbba7e7e6,b4a7813ae333f08fc5268bfc93b1db810b34c82af2c4cf66aa62612dadac4c4b,4b73468fc5b0f1950f9f66fada70ad3a4f9327cb,StatsBomb Open Data via Stage91 + Stage92 verified identity bridge,true,true,false,false,false,false,false,false
1464,G. Xhaka,3500,Granit Xhaka,3895194,904,Bayer Leverkusen,2024-01-13,9,1. Bundesliga,281,2023/2024,3,3,0,0.105574649,0.105574649,0.000000000,3,0.079805204,EXACT_FULL_NAME_VIA_VERIFIED_TRANSFER,HIGH,c6c148e3d63a4a872a9b8fc07e271abb30e62ff9eda4b572ec9ed3a1bf6e239d,6c9b1aa893ee56ad08ac25a21bb1acbe468f653bfed8eeb10a105e42109988f1,4b73468fc5b0f1950f9f66fada70ad3a4f9327cb,StatsBomb Open Data via Stage91 + Stage92 verified identity bridge,true,true,false,false,false,false,false,false
1464,G. Xhaka,3500,Granit Xhaka,3895202,904,Bayer Leverkusen,2024-01-20,9,1. Bundesliga,281,2023/2024,1,1,0,0.029031394,0.029031394,0.000000000,1,0.023342180,EXACT_FULL_NAME_VIA_VERIFIED_TRANSFER,HIGH,2a3a5eae8e35d3bc8d936df0f905226578050c50546dfa34ca0a44967c3ee631,5a2eb3e3c5ffc9c22ed67d8cb6715693dec1b6468d0193868e9f98f4992cebd0,4b73468fc5b0f1950f9f66fada70ad3a4f9327cb,StatsBomb Open Data via Stage91 + Stage92 verified identity bridge,true,true,false,false,false,false,false,false
1464,G. Xhaka,3500,Granit Xhaka,3895210,904,Bayer Leverkusen,2024-01-27,9,1. Bundesliga,281,2023/2024,1,1,0,0.019440634,0.019440634,0.000000000,2,0.045856646,EXACT_FULL_NAME_VIA_VERIFIED_TRANSFER,HIGH,53395b3fd6f7032ec7d29ee1266049fca262d90ba5a2f75e4c9ed07f9d06546a,19e1e77404af24bc8dd160c8320acc300484d67c49fc6525af213c62ee31a75b,4b73468fc5b0f1950f9f66fada70ad3a4f9327cb,StatsBomb Open Data via Stage91 + Stage92 verified identity bridge,true,true,false,false,false,false,false,false
1464,G. Xhaka,3500,Granit Xhaka,3895220,904,Bayer Leverkusen,2024-02-03,9,1. Bundesliga,281,2023/2024,0,0,0,0.000000000,0.000000000,0.000000000,3,0.587588530,EXACT_FULL_NAME_VIA_VERIFIED_TRANSFER,HIGH,3b437b5a014f42a63fe23619056aaf32071328c3adbd682d7b95f684149a22b1,ddf8e892fca7b30942e99b64cb1ed13f29baeeff7ccdec8ad8d5b42cc7450151,4b73468fc5b0f1950f9f66fada70ad3a4f9327cb,StatsBomb Open Data via Stage91 + Stage92 verified identity bridge,true,true,false,false,false,false,false,false
1464,G. Xhaka,3500,Granit Xhaka,3895232,904,Bayer Leverkusen,2024-02-10,9,1. Bundesliga,281,2023/2024,1,1,0,0.020570640,0.020570640,0.000000000,2,0.086941489,EXACT_FULL_NAME_VIA_VERIFIED_TRANSFER,HIGH,35e6713ca759a5a8a43fdd5cd8303975ec65e6e8736f4e5d1c76b1d1af756523,2ba1ab324707b047719b27ff4f6b9238f9a92aa73a75e9ecf5a2d815a35ca54e,4b73468fc5b0f1950f9f66fada70ad3a4f9327cb,StatsBomb Open Data via Stage91 + Stage92 verified identity bridge,true,true,false,false,false,false,false,false
1464,G. Xhaka,3500,Granit Xhaka,3895244,904,Bayer Leverkusen,2024-02-17,9,1. Bundesliga,281,2023/2024,1,1,0,0.047684450,0.047684450,0.000000000,1,0.023499340,EXACT_FULL_NAME_VIA_VERIFIED_TRANSFER,HIGH,608b126203eba390331846110d134879f6fe72ac3d8d55caaf556b50e5cae842,1a336dff19f3204be114864a02d34fdb63e3c5b347f72a1671af56344efa079d,4b73468fc5b0f1950f9f66fada70ad3a4f9327cb,StatsBomb Open Data via Stage91 + Stage92 verified identity bridge,true,true,false,false,false,false,false,false
1464,G. Xhaka,3500,Granit Xhaka,3895250,904,Bayer Leverkusen,2024-02-23,9,1. Bundesliga,281,2023/2024,2,2,0,0.051734701,0.051734701,0.000000000,2,0.097350717,EXACT_FULL_NAME_VIA_VERIFIED_TRANSFER,HIGH,62a5bf5271000c8dc27cba3e848c8708743b2c59c50e0c86c7d52c42bb1bcf0b,a30ed91a22ef21a450b1bd0259d60ce31479b1bd95c6c3808d0d365d96c78cd1,4b73468fc5b0f1950f9f66fada70ad3a4f9327cb,StatsBomb Open Data via Stage91 + Stage92 verified identity bridge,true,true,false,false,false,false,false,false
1464,G. Xhaka,3500,Granit Xhaka,3895258,904,Bayer Leverkusen,2024-03-03,9,1. Bundesliga,281,2023/2024,0,0,0,0.000000000,0.000000000,0.000000000,1,0.048773732,EXACT_FULL_NAME_VIA_VERIFIED_TRANSFER,HIGH,568d80e00eb6c010c3f53074ebb27ed2dcab8b18b3b7d63b79ce0bf5d71ffe58,2b438ed6a9a4eb20073baed3db69641c309c92d6551c3e1083915d7d05d97d4c,4b73468fc5b0f1950f9f66fada70ad3a4f9327cb,StatsBomb Open Data via Stage91 + Stage92 verified identity bridge,true,true,false,false,false,false,false,false
1464,G. Xhaka,3500,Granit Xhaka,3895266,904,Bayer Leverkusen,2024-03-10,9,1. Bundesliga,281,2023/2024,2,2,0,0.043321265,0.043321265,0.000000000,3,0.217855770,EXACT_FULL_NAME_VIA_VERIFIED_TRANSFER,HIGH,36feabf096f5fb685b2646b05ea1fe89b182bf58e25c9701a09d61d96b07ca34,77159019a226bcf8f17490965eee5d6beeeda549c05e3d56e702de6db6958d05,4b73468fc5b0f1950f9f66fada70ad3a4f9327cb,StatsBomb Open Data via Stage91 + Stage92 verified identity bridge,true,true,false,false,false,false,false,false
1464,G. Xhaka,3500,Granit Xhaka,3895275,904,Bayer Leverkusen,2024-03-17,9,1. Bundesliga,281,2023/2024,1,1,0,0.036471350,0.036471350,0.000000000,2,0.033879511,EXACT_FULL_NAME_VIA_VERIFIED_TRANSFER,HIGH,b7b4c5bd2126abfe51b85d588700d94082220411c97fd50252dea094386b4542,f8aa048ddb9f38d90c363a2d839770c2e72b2e1f8e2de38e7826956a5bc46cfa,4b73468fc5b0f1950f9f66fada70ad3a4f9327cb,StatsBomb Open Data via Stage91 + Stage92 verified identity bridge,true,true,false,false,false,false,false,false
1464,G. Xhaka,3500,Granit Xhaka,3895286,904,Bayer Leverkusen,2024-03-30,9,1. Bundesliga,281,2023/2024,4,4,0,0.174235635,0.174235635,0.000000000,2,0.046980739,EXACT_FULL_NAME_VIA_VERIFIED_TRANSFER,HIGH,b21ec3910d6f7d73a57accf2f153d3327443d58913b015ba0aba51480857d9f7,6319d6f22710e564089cb957803d090455ac1d89ddc639ee026423727c03f10c,4b73468fc5b0f1950f9f66fada70ad3a4f9327cb,StatsBomb Open Data via Stage91 + Stage92 verified identity bridge,true,true,false,false,false,false,false,false
1464,G. Xhaka,3500,Granit Xhaka,3895292,904,Bayer Leverkusen,2024-04-06,9,1. Bundesliga,281,2023/2024,1,1,0,0.042398700,0.042398700,0.000000000,0,0.000000000,EXACT_FULL_NAME_VIA_VERIFIED_TRANSFER,HIGH,1d1e1f72c18c9d25f7095097c282ff4abf6782da4cd2f20b496a3977b5422ed9,5122e5f94a8f609590601f808f18de6fd0211892805bd89e1429d5151e511454,4b73468fc5b0f1950f9f66fada70ad3a4f9327cb,StatsBomb Open Data via Stage91 + Stage92 verified identity bridge,true,true,false,false,false,false,false,false
1464,G. Xhaka,3500,Granit Xhaka,3895302,904,Bayer Leverkusen,2024-04-14,9,1. Bundesliga,281,2023/2024,3,3,0,0.102853968,0.102853968,0.000000000,0,0.000000000,EXACT_FULL_NAME_VIA_VERIFIED_TRANSFER,HIGH,5e9950a71a67b6a7169f01232e5b0e96ade4d2aaa1b07bda1aa73e0c045b764f,3d55160f108c36784642a3b21563eb4c9c34df94fffd0275acc4025212818537,4b73468fc5b0f1950f9f66fada70ad3a4f9327cb,StatsBomb Open Data via Stage91 + Stage92 verified identity bridge,true,true,false,false,false,false,false,false
1464,G. Xhaka,3500,Granit Xhaka,3895333,904,Bayer Leverkusen,2024-05-05,9,1. Bundesliga,281,2023/2024,2,2,0,0.057225591,0.057225591,0.000000000,0,0.000000000,EXACT_FULL_NAME_VIA_VERIFIED_TRANSFER,HIGH,8bfe1f106dc0ce0d312f600b73b601f94146b61e67493335695d881f0088991f,bb5f8abe61e3320c04d3691cdf379afb91279b6397d211d283caa04d4c1995cb,4b73468fc5b0f1950f9f66fada70ad3a4f9327cb,StatsBomb Open Data via Stage91 + Stage92 verified identity bridge,true,true,false,false,false,false,false,false
1464,G. Xhaka,3500,Granit Xhaka,3895340,904,Bayer Leverkusen,2024-05-12,9,1. Bundesliga,281,2023/2024,3,3,0,0.144107994,0.144107994,0.000000000,1,0.137276010,EXACT_FULL_NAME_VIA_VERIFIED_TRANSFER,HIGH,7182daca17763f0200e96e8af4491bb4b2931bce363648593fe2f17fcce2ef7c,d375970918f62cbd9cd5678379e36fc524b3c4fef2a1c63286055244c6075527,4b73468fc5b0f1950f9f66fada70ad3a4f9327cb,StatsBomb Open Data via Stage91 + Stage92 verified identity bridge,true,true,false,false,false,false,false,false
1464,G. Xhaka,3500,Granit Xhaka,3895348,904,Bayer Leverkusen,2024-05-18,9,1. Bundesliga,281,2023/2024,2,2,0,0.092719968,0.092719968,0.000000000,1,0.030079998,EXACT_FULL_NAME_VIA_VERIFIED_TRANSFER,HIGH,837380b29d834183927a2f8c9a665b3b583b520c24e2cc268e4045f0554a8652,a6e46131364655d9bef96487b9fee1cea207a943cceb9b660d964337c8ffe91e,4b73468fc5b0f1950f9f66fada70ad3a4f9327cb,StatsBomb Open Data via Stage91 + Stage92 verified identity bridge,true,true,false,false,false,false,false,false
1464,G. Xhaka,3500,Granit Xhaka,3930159,773,Switzerland,2024-06-15,55,UEFA Euro,282,2024,1,1,0,0.044237033,0.044237033,0.000000000,4,0.303494201,EXACT_FULL_NAME_VIA_VERIFIED_TRANSFER,HIGH,7d0930b57e25ba5ac9ffd3ee79c040038c03529c75cd286f76630608fb4eaa30,76b4d3812a0dc5d027c0714a3910722074f2c42fce1db7b3f297c7d0b3d60cc3,4b73468fc5b0f1950f9f66fada70ad3a4f9327cb,StatsBomb Open Data via Stage91 + Stage92 verified identity bridge,true,true,false,false,false,false,false,false
1464,G. Xhaka,3500,Granit Xhaka,3930169,773,Switzerland,2024-06-19,55,UEFA Euro,282,2024,1,1,0,0.039015256,0.039015256,0.000000000,0,0.000000000,EXACT_FULL_NAME_VIA_VERIFIED_TRANSFER,HIGH,06a504932a02d06107087eba89a8262ee9dff54753b8bd3dd5c62dc3fd63dbad,196d2fb0e69c44bebbca0e9ccbcb6014dae2e4f12e847d4ecd0e36524cb79449,4b73468fc5b0f1950f9f66fada70ad3a4f9327cb,StatsBomb Open Data via Stage91 + Stage92 verified identity bridge,true,true,false,false,false,false,false,false
1464,G. Xhaka,3500,Granit Xhaka,3930176,773,Switzerland,2024-06-23,55,UEFA Euro,282,2024,1,1,0,0.028437931,0.028437931,0.000000000,1,0.024068562,EXACT_FULL_NAME_VIA_VERIFIED_TRANSFER,HIGH,a9e7947c8d4f886fdd241cc8039384835d0466afe5548c11b9af3f279ba7579f,9018ec119a65af536561536b7448c3a965ba9b03bfd7502edbb52a38b11b33be,4b73468fc5b0f1950f9f66fada70ad3a4f9327cb,StatsBomb Open Data via Stage91 + Stage92 verified identity bridge,true,true,false,false,false,false,false,false
1464,G. Xhaka,3500,Granit Xhaka,3940878,773,Switzerland,2024-06-29,55,UEFA Euro,282,2024,1,1,0,0.040708100,0.040708100,0.000000000,3,0.117631147,EXACT_FULL_NAME_VIA_VERIFIED_TRANSFER,HIGH,bfba52d7c1283077fa2346c98e96d97bb3382dfad8f503068df21fcb6a3dad0f,fb143f35d046ce3c4b25871a5fe3784c3d30ffb35a2f10a51fbec1a0573caf2b,4b73468fc5b0f1950f9f66fada70ad3a4f9327cb,StatsBomb Open Data via Stage91 + Stage92 verified identity bridge,true,true,false,false,false,false,false,false
1464,G. Xhaka,3500,Granit Xhaka,7550,773,Switzerland,2018-06-22,43,FIFA World Cup,3,2018,2,2,0,0.016162611,0.016162611,0.000000000,0,0.000000000,EXACT_FULL_NAME_VIA_VERIFIED_TRANSFER,HIGH,0038a70c99e4e48433baa93a920164ba284e0ee0a05f7b917f813f012681f93b,470b1440b9dd3686ab56e5441848626fa1d792f0523aa07cb2827ec060ac1f03,4b73468fc5b0f1950f9f66fada70ad3a4f9327cb,StatsBomb Open Data via Stage91 + Stage92 verified identity bridge,true,true,false,false,false,false,false,false
1464,G. Xhaka,3500,Granit Xhaka,7568,773,Switzerland,2018-06-27,43,FIFA World Cup,3,2018,0,0,0,0.000000000,0.000000000,0.000000000,2,0.034986954,EXACT_FULL_NAME_VIA_VERIFIED_TRANSFER,HIGH,9198e8ae416798107e58fa6def5f4f197d2ea164219878484c6bb60dd7a15f53,fd869b2a3621e47fc0ce9395721cc2f69fead1a8c59f15dac43e208e77ce6523,4b73468fc5b0f1950f9f66fada70ad3a4f9327cb,StatsBomb Open Data via Stage91 + Stage92 verified identity bridge,true,true,false,false,false,false,false,false
1464,G. Xhaka,3500,Granit Xhaka,7586,773,Switzerland,2018-07-03,43,FIFA World Cup,3,2018,2,2,0,0.025377900,0.025377900,0.000000000,1,0.015321670,EXACT_FULL_NAME_VIA_VERIFIED_TRANSFER,HIGH,d8a6ca003f00223952e2b2d84b4c136adef5b9865eee891c8df6747092f7f5a2,b7e688c69c23eeaba2667ab97e1efafa1d171d3bb98b2a15b6d0b48275990d4c,4b73468fc5b0f1950f9f66fada70ad3a4f9327cb,StatsBomb Open Data via Stage91 + Stage92 verified identity bridge,true,true,false,false,false,false,false,false
152654,J. Frimpong,32712,Jeremie Frimpong,3895052,904,Bayer Leverkusen,2023-08-19,9,1. Bundesliga,281,2023/2024,1,1,0,0.491543050,0.491543050,0.000000000,1,0.144350480,EXACT_FULL_NAME_VIA_VERIFIED_TRANSFER,HIGH,6b9e484acd963a5ba6c68565152404dbc136da9af2cd4dc01f51faebc3418bce,5185ad903c7f4889992190cd862ee444d9d344f7c974d4c4cf777e43820083a8,4b73468fc5b0f1950f9f66fada70ad3a4f9327cb,StatsBomb Open Data via Stage91 + Stage92 verified identity bridge,true,true,false,false,false,false,false,false
152654,J. Frimpong,32712,Jeremie Frimpong,3895060,904,Bayer Leverkusen,2023-08-26,9,1. Bundesliga,281,2023/2024,1,1,0,0.037416630,0.037416630,0.000000000,4,0.425436331,EXACT_FULL_NAME_VIA_VERIFIED_TRANSFER,HIGH,1c774cd97ee2233dab4dd8b6cbb8d2436b941f3fae1fc08f2ca8271a983bd5aa,2ca3bebbe842035fee9b344381724e15bf2a9570e4647d939d5e25563dc584b9,4b73468fc5b0f1950f9f66fada70ad3a4f9327cb,StatsBomb Open Data via Stage91 + Stage92 verified identity bridge,true,true,false,false,false,false,false,false
152654,J. Frimpong,32712,Jeremie Frimpong,3895067,904,Bayer Leverkusen,2023-09-02,9,1. Bundesliga,281,2023/2024,2,2,0,0.170089806,0.170089806,0.000000000,2,0.339943830,EXACT_FULL_NAME_VIA_VERIFIED_TRANSFER,HIGH,ad09010c9fae34898201c6dad563f2f6a1425f31d1372918f5af0c3e46d429e9,f05a8165c934b006d065c16ae38b6810c3af4adf207e92caf7c9a4eea52c1cad,4b73468fc5b0f1950f9f66fada70ad3a4f9327cb,StatsBomb Open Data via Stage91 + Stage92 verified identity bridge,true,true,false,false,false,false,false,false
152654,J. Frimpong,32712,Jeremie Frimpong,3895086,904,Bayer Leverkusen,2023-09-24,9,1. Bundesliga,281,2023/2024,2,2,0,0.176438080,0.176438080,0.000000000,1,0.026264055,EXACT_FULL_NAME_VIA_VERIFIED_TRANSFER,HIGH,f41766f9c45d96004c1226484835874efc24eec2a6fafac6a5558dd9ae8c4831,69a5473ce37763ecaf9acc2d1a8e9e282f39a54e71a605096d3f7e50e293d225,4b73468fc5b0f1950f9f66fada70ad3a4f9327cb,StatsBomb Open Data via Stage91 + Stage92 verified identity bridge,true,true,false,false,false,false,false,false
152654,J. Frimpong,32712,Jeremie Frimpong,3895107,904,Bayer Leverkusen,2023-10-08,9,1. Bundesliga,281,2023/2024,3,3,0,0.794303990,0.794303990,0.000000000,1,0.061079353,EXACT_FULL_NAME_VIA_VERIFIED_TRANSFER,HIGH,9a8659a669fc23d3f5fbd00136fdc4638f014299ba38e5254ef4554173c4435f,0a37a536bfed09bedb9ac8b9fa93fc111e4b75d735940d51bd031c30b05e00bb,4b73468fc5b0f1950f9f66fada70ad3a4f9327cb,StatsBomb Open Data via Stage91 + Stage92 verified identity bridge,true,true,false,false,false,false,false,false
152654,J. Frimpong,32712,Jeremie Frimpong,3895113,904,Bayer Leverkusen,2023-10-21,9,1. Bundesliga,281,2023/2024,3,3,0,0.931964334,0.931964334,0.000000000,2,0.452263130,EXACT_FULL_NAME_VIA_VERIFIED_TRANSFER,HIGH,7b0950ffaef874e6654a5d78f7e1c3205dd4e22352467bad31876cb5bbdae2f6,a3e8a334b8e52b785a36c18e6c213a803d0c5824b2d6d592a38f7f5763127c11,4b73468fc5b0f1950f9f66fada70ad3a4f9327cb,StatsBomb Open Data via Stage91 + Stage92 verified identity bridge,true,true,false,false,false,false,false,false
152654,J. Frimpong,32712,Jeremie Frimpong,3895121,904,Bayer Leverkusen,2023-10-29,9,1. Bundesliga,281,2023/2024,2,2,0,0.322144428,0.322144428,0.000000000,1,0.075424970,EXACT_FULL_NAME_VIA_VERIFIED_TRANSFER,HIGH,53c6af196c43cb13e445d686843a69064e1eac86c9614af1bdb1a488c6aa3bc0,484f89c900a8348d6db359dcd45144c51f6286888bfd28826399a3973af8c140,4b73468fc5b0f1950f9f66fada70ad3a4f9327cb,StatsBomb Open Data via Stage91 + Stage92 verified identity bridge,true,true,false,false,false,false,false,false
152654,J. Frimpong,32712,Jeremie Frimpong,3895134,904,Bayer Leverkusen,2023-11-04,9,1. Bundesliga,281,2023/2024,2,2,0,0.191802050,0.191802050,0.000000000,1,0.041514000,EXACT_FULL_NAME_VIA_VERIFIED_TRANSFER,HIGH,a1e737d3018c8490c3be8403be64b42710010a56456ea9e37356aab69e410a43,910d73c08017d3be09ba4e60b205143b686205c311aff136cf9a67fcec751d0d,4b73468fc5b0f1950f9f66fada70ad3a4f9327cb,StatsBomb Open Data via Stage91 + Stage92 verified identity bridge,true,true,false,false,false,false,false,false
152654,J. Frimpong,32712,Jeremie Frimpong,3895139,904,Bayer Leverkusen,2023-11-12,9,1. Bundesliga,281,2023/2024,2,2,0,0.544139520,0.544139520,0.000000000,2,0.217493390,EXACT_FULL_NAME_VIA_VERIFIED_TRANSFER,HIGH,0397c050fa9e2508a5c7e12388fc76c9cb6fd3e25d836fc1c3a3c3b63aa4534c,e4f41619d69b87a96879e9c080310e2a1e89721f88b42cbb109ccbe61def3fcd,4b73468fc5b0f1950f9f66fada70ad3a4f9327cb,StatsBomb Open Data via Stage91 + Stage92 verified identity bridge,true,true,false,false,false,false,false,false
152654,J. Frimpong,32712,Jeremie Frimpong,3895153,904,Bayer Leverkusen,2023-11-25,9,1. Bundesliga,281,2023/2024,2,2,0,0.196413625,0.196413625,0.000000000,2,0.145778499,EXACT_FULL_NAME_VIA_VERIFIED_TRANSFER,HIGH,2e7453fd4c2ddaf9e0e19346cd9ccc15d3b687927388598cfb3e7f9f03e9a1ac,1fd1265ea536e1e5e28ee477a2ff240187b50b4b79e06cb51505a6a8d15293b7,4b73468fc5b0f1950f9f66fada70ad3a4f9327cb,StatsBomb Open Data via Stage91 + Stage92 verified identity bridge,true,true,false,false,false,false,false,false
152654,J. Frimpong,32712,Jeremie Frimpong,3895158,904,Bayer Leverkusen,2023-12-03,9,1. Bundesliga,281,2023/2024,2,2,0,0.076818370,0.076818370,0.000000000,1,0.018200042,EXACT_FULL_NAME_VIA_VERIFIED_TRANSFER,HIGH,6c71c3297610ee5aab4374a2d2f9d9ffb7eb8118d6b0ea72f51bd5fbf730a554,28b94c327b61685ee44405020174cf16a308628747d7c276269d5659a02f7afd,4b73468fc5b0f1950f9f66fada70ad3a4f9327cb,StatsBomb Open Data via Stage91 + Stage92 verified identity bridge,true,true,false,false,false,false,false,false
152654,J. Frimpong,32712,Jeremie Frimpong,3895167,904,Bayer Leverkusen,2023-12-10,9,1. Bundesliga,281,2023/2024,2,2,0,0.071153460,0.071153460,0.000000000,3,0.262081597,EXACT_FULL_NAME_VIA_VERIFIED_TRANSFER,HIGH,adfac46a4c0c2f01759fe556ed4a8da75eec03147e07256573f72d392fea36be,a36906d0d063540f30364cd19d07c298426c699ab75f79630a55e81afb15db85,4b73468fc5b0f1950f9f66fada70ad3a4f9327cb,StatsBomb Open Data via Stage91 + Stage92 verified identity bridge,true,true,false,false,false,false,false,false
152654,J. Frimpong,32712,Jeremie Frimpong,3895180,904,Bayer Leverkusen,2023-12-17,9,1. Bundesliga,281,2023/2024,1,1,0,0.911102900,0.911102900,0.000000000,2,0.174031860,EXACT_FULL_NAME_VIA_VERIFIED_TRANSFER,HIGH,63aa2acfe88221be16041cacc790460889fb025116196b3bb4db8c5bf747c2ce,b4a7813ae333f08fc5268bfc93b1db810b34c82af2c4cf66aa62612dadac4c4b,4b73468fc5b0f1950f9f66fada70ad3a4f9327cb,StatsBomb Open Data via Stage91 + Stage92 verified identity bridge,true,true,false,false,false,false,false,false
152654,J. Frimpong,32712,Jeremie Frimpong,3895182,904,Bayer Leverkusen,2023-12-20,9,1. Bundesliga,281,2023/2024,2,2,0,0.205338220,0.205338220,0.000000000,4,0.639020760,EXACT_FULL_NAME_VIA_VERIFIED_TRANSFER,HIGH,6b66e5057d562d2b6164ab030011ba6441fa5e189cd2a24d1256526a7bc77b04,87569ccd7b20b60662b8b8d363ba0470935d30cf2d30d7e9d0f4e627f1d7b239,4b73468fc5b0f1950f9f66fada70ad3a4f9327cb,StatsBomb Open Data via Stage91 + Stage92 verified identity bridge,true,true,false,false,false,false,false,false
152654,J. Frimpong,32712,Jeremie Frimpong,3895194,904,Bayer Leverkusen,2024-01-13,9,1. Bundesliga,281,2023/2024,2,2,0,0.091099457,0.091099457,0.000000000,4,0.230803795,EXACT_FULL_NAME_VIA_VERIFIED_TRANSFER,HIGH,b08ea4ab2dc9ce47801d19a52ed85fca82bb740307a2191423216dfd3428c091,6c9b1aa893ee56ad08ac25a21bb1acbe468f653bfed8eeb10a105e42109988f1,4b73468fc5b0f1950f9f66fada70ad3a4f9327cb,StatsBomb Open Data via Stage91 + Stage92 verified identity bridge,true,true,false,false,false,false,false,false
152654,J. Frimpong,32712,Jeremie Frimpong,3895210,904,Bayer Leverkusen,2024-01-27,9,1. Bundesliga,281,2023/2024,2,2,0,0.372387140,0.372387140,0.000000000,2,0.279008210,EXACT_FULL_NAME_VIA_VERIFIED_TRANSFER,HIGH,b7dfd0fe768835cf65b3f4d2526d44739f7b6630464fc9e467203e3b8045ebe2,19e1e77404af24bc8dd160c8320acc300484d67c49fc6525af213c62ee31a75b,4b73468fc5b0f1950f9f66fada70ad3a4f9327cb,StatsBomb Open Data via Stage91 + Stage92 verified identity bridge,true,true,false,false,false,false,false,false
152654,J. Frimpong,32712,Jeremie Frimpong,3895232,904,Bayer Leverkusen,2024-02-10,9,1. Bundesliga,281,2023/2024,3,3,0,0.113338358,0.113338358,0.000000000,0,0.000000000,EXACT_FULL_NAME_VIA_VERIFIED_TRANSFER,HIGH,aa88ac92278bcd4651bc2b917b7b1e5fa54b8f84f9e766089f6dce2d4da2ed70,2ba1ab324707b047719b27ff4f6b9238f9a92aa73a75e9ecf5a2d815a35ca54e,4b73468fc5b0f1950f9f66fada70ad3a4f9327cb,StatsBomb Open Data via Stage91 + Stage92 verified identity bridge,true,true,false,false,false,false,false,false
152654,J. Frimpong,32712,Jeremie Frimpong,3895244,904,Bayer Leverkusen,2024-02-17,9,1. Bundesliga,281,2023/2024,6,6,0,0.453738438,0.453738438,0.000000000,1,0.040711830,EXACT_FULL_NAME_VIA_VERIFIED_TRANSFER,HIGH,9e678dbcda376bc225198fcc0195a51c59e94378bc2f16d68532ee0d27b9cace,1a336dff19f3204be114864a02d34fdb63e3c5b347f72a1671af56344efa079d,4b73468fc5b0f1950f9f66fada70ad3a4f9327cb,StatsBomb Open Data via Stage91 + Stage92 verified identity bridge,true,true,false,false,false,false,false,false
152654,J. Frimpong,32712,Jeremie Frimpong,3895250,904,Bayer Leverkusen,2024-02-23,9,1. Bundesliga,281,2023/2024,1,1,0,0.149163930,0.149163930,0.000000000,2,0.179136746,EXACT_FULL_NAME_VIA_VERIFIED_TRANSFER,HIGH,51a95593ab62e3d6c793e66a31c13ab071f89b16f305069748dfb36ba41b9681,a30ed91a22ef21a450b1bd0259d60ce31479b1bd95c6c3808d0d365d96c78cd1,4b73468fc5b0f1950f9f66fada70ad3a4f9327cb,StatsBomb Open Data via Stage91 + Stage92 verified identity bridge,true,true,false,false,false,false,false,false
152654,J. Frimpong,32712,Jeremie Frimpong,3895258,904,Bayer Leverkusen,2024-03-03,9,1. Bundesliga,281,2023/2024,2,2,0,0.635899250,0.635899250,0.000000000,0,0.000000000,EXACT_FULL_NAME_VIA_VERIFIED_TRANSFER,HIGH,8c0ba4cfc50ae5d345c4fc04ba6ef1f94a38e32e29d57e94001f9c50af330e6d,2b438ed6a9a4eb20073baed3db69641c309c92d6551c3e1083915d7d05d97d4c,4b73468fc5b0f1950f9f66fada70ad3a4f9327cb,StatsBomb Open Data via Stage91 + Stage92 verified identity bridge,true,true,false,false,false,false,false,false
152654,J. Frimpong,32712,Jeremie Frimpong,3895275,904,Bayer Leverkusen,2024-03-17,9,1. Bundesliga,281,2023/2024,1,1,0,0.087779300,0.087779300,0.000000000,1,0.064399794,EXACT_FULL_NAME_VIA_VERIFIED_TRANSFER,HIGH,d0d8213965617b9ac0cc43b48d8cbf48a508392c99c0c951e677353f36cfd02a,f8aa048ddb9f38d90c363a2d839770c2e72b2e1f8e2de38e7826956a5bc46cfa,4b73468fc5b0f1950f9f66fada70ad3a4f9327cb,StatsBomb Open Data via Stage91 + Stage92 verified identity bridge,true,true,false,false,false,false,false,false
152654,J. Frimpong,32712,Jeremie Frimpong,3895286,904,Bayer Leverkusen,2024-03-30,9,1. Bundesliga,281,2023/2024,3,3,0,0.260460240,0.260460240,0.000000000,2,0.361049210,EXACT_FULL_NAME_VIA_VERIFIED_TRANSFER,HIGH,6b93455175e45bc9b1bb975735a46ae9a88b7dc2f82534a99dc54f37032215db,6319d6f22710e564089cb957803d090455ac1d89ddc639ee026423727c03f10c,4b73468fc5b0f1950f9f66fada70ad3a4f9327cb,StatsBomb Open Data via Stage91 + Stage92 verified identity bridge,true,true,false,false,false,false,false,false
152654,J. Frimpong,32712,Jeremie Frimpong,3895292,904,Bayer Leverkusen,2024-04-06,9,1. Bundesliga,281,2023/2024,2,2,0,0.183958225,0.183958225,0.000000000,0,0.000000000,EXACT_FULL_NAME_VIA_VERIFIED_TRANSFER,HIGH,6322403bb7dfb9ffa8b299bd5a28f35237026292b79f70669bb02eca688ca98d,5122e5f94a8f609590601f808f18de6fd0211892805bd89e1429d5151e511454,4b73468fc5b0f1950f9f66fada70ad3a4f9327cb,StatsBomb Open Data via Stage91 + Stage92 verified identity bridge,true,true,false,false,false,false,false,false
152654,J. Frimpong,32712,Jeremie Frimpong,3895302,904,Bayer Leverkusen,2024-04-14,9,1. Bundesliga,281,2023/2024,1,1,0,0.173470740,0.173470740,0.000000000,1,0.109270036,EXACT_FULL_NAME_VIA_VERIFIED_TRANSFER,HIGH,6c19af6ba79a0ea37cfbbc8d9967e698749a87a3fb2c62803373d0f14a6ecada,3d55160f108c36784642a3b21563eb4c9c34df94fffd0275acc4025212818537,4b73468fc5b0f1950f9f66fada70ad3a4f9327cb,StatsBomb Open Data via Stage91 + Stage92 verified identity bridge,true,true,false,false,false,false,false,false
152654,J. Frimpong,32712,Jeremie Frimpong,3895309,904,Bayer Leverkusen,2024-04-21,9,1. Bundesliga,281,2023/2024,3,3,0,0.292627074,0.292627074,0.000000000,1,0.026485367,EXACT_FULL_NAME_VIA_VERIFIED_TRANSFER,HIGH,22d49cfdd2973d4a92c5c9c412733f4d99c1bf71033485c44d8358097e49d880,f9b1c4cd0ead322f05b0b4cd4c99acdd5c85011fec539c638078215ad03e5f33,4b73468fc5b0f1950f9f66fada70ad3a4f9327cb,StatsBomb Open Data via Stage91 + Stage92 verified identity bridge,true,true,false,false,false,false,false,false
152654,J. Frimpong,32712,Jeremie Frimpong,3895320,904,Bayer Leverkusen,2024-04-27,9,1. Bundesliga,281,2023/2024,1,1,0,0.225012840,0.225012840,0.000000000,0,0.000000000,EXACT_FULL_NAME_VIA_VERIFIED_TRANSFER,HIGH,4578a669d839862438205014511fef4287b32215e3641f939d20f0fe19af135e,963548e4314f750ec4c92a6340e4f55f669fd21db3295cb9780d3220d8e891f3,4b73468fc5b0f1950f9f66fada70ad3a4f9327cb,StatsBomb Open Data via Stage91 + Stage92 verified identity bridge,true,true,false,false,false,false,false,false
152654,J. Frimpong,32712,Jeremie Frimpong,3895333,904,Bayer Leverkusen,2024-05-05,9,1. Bundesliga,281,2023/2024,1,1,0,0.478533720,0.478533720,0.000000000,0,0.000000000,EXACT_FULL_NAME_VIA_VERIFIED_TRANSFER,HIGH,d1de383723b535092dd8cbb2c3c7ccbcf154ffe17fdf05feadabce4e08433c24,bb5f8abe61e3320c04d3691cdf379afb91279b6397d211d283caa04d4c1995cb,4b73468fc5b0f1950f9f66fada70ad3a4f9327cb,StatsBomb Open Data via Stage91 + Stage92 verified identity bridge,true,true,false,false,false,false,false,false
152654,J. Frimpong,32712,Jeremie Frimpong,3895348,904,Bayer Leverkusen,2024-05-18,9,1. Bundesliga,281,2023/2024,1,1,0,0.081525005,0.081525005,0.000000000,2,0.229694754,EXACT_FULL_NAME_VIA_VERIFIED_TRANSFER,HIGH,c9bb9bc3985f66029f88390d84bb53057364321490fe7ec161ef0e98f029369f,a6e46131364655d9bef96487b9fee1cea207a943cceb9b660d964337c8ffe91e,4b73468fc5b0f1950f9f66fada70ad3a4f9327cb,StatsBomb Open Data via Stage91 + Stage92 verified identity bridge,true,true,false,false,false,false,false,false
152654,J. Frimpong,32712,Jeremie Frimpong,3930173,941,Netherlands,2024-06-21,55,UEFA Euro,282,2024,2,2,0,0.169808350,0.169808350,0.000000000,0,0.000000000,EXACT_FULL_NAME_VIA_VERIFIED_TRANSFER,HIGH,0cc7797a80632eb2de7998c159afb04be1262dfd756bbea9ddde519a405be6c8,f421a57870796c15fd4266b13e1bdfb61c014b7ae0965d2199eb99fe3e70fb63,4b73468fc5b0f1950f9f66fada70ad3a4f9327cb,StatsBomb Open Data via Stage91 + Stage92 verified identity bridge,true,true,false,false,false,false,false,false
152654,J. Frimpong,32712,Jeremie Frimpong,3942382,941,Netherlands,2024-07-06,55,UEFA Euro,282,2024,0,0,0,0.000000000,0.000000000,0.000000000,1,0.071894180,EXACT_FULL_NAME_VIA_VERIFIED_TRANSFER,HIGH,15c36d54c55d623d6eebb40aae271a65264e405780783712eedce125b12d549d,7cf3953908c039bcf3968e8e4b67885779a27eac24b2dabb5930b8951d43566b,4b73468fc5b0f1950f9f66fada70ad3a4f9327cb,StatsBomb Open Data via Stage91 + Stage92 verified identity bridge,true,true,false,false,false,false,false,false
152982,C. Palmer,39461,Cole Palmer,3930181,768,England,2024-06-25,55,UEFA Euro,282,2024,1,1,0,0.047335200,0.047335200,0.000000000,0,0.000000000,EXACT_FULL_NAME_VIA_VERIFIED_TRANSFER,HIGH,b1491bd466f99c2d343ae526b132f3f2354d9bdb6d8876fe88eddebec1305354,4e11deb8334f781107d2c7a98f7f3b7858e105b8b64184b2a5a80d99b09d4643,4b73468fc5b0f1950f9f66fada70ad3a4f9327cb,StatsBomb Open Data via Stage91 + Stage92 verified identity bridge,true,true,false,false,false,false,false,false
152982,C. Palmer,39461,Cole Palmer,3942227,768,England,2024-07-06,55,UEFA Euro,282,2024,1,0,1,0.783500000,0.000000000,0.783500000,0,0.000000000,EXACT_FULL_NAME_VIA_VERIFIED_TRANSFER,HIGH,ce5cbf74b947d85f48bf463730c439f15598a78fbccf6e49c3b986e3de52b829,cdea56bfb63d25fa0585e6d6583a9b15d4e898d33ee6c27af30b9499ff3d91a0,4b73468fc5b0f1950f9f66fada70ad3a4f9327cb,StatsBomb Open Data via Stage91 + Stage92 verified identity bridge,true,true,false,false,false,false,false,false
152982,C. Palmer,39461,Cole Palmer,3942819,768,England,2024-07-10,55,UEFA Euro,282,2024,1,1,0,0.051446717,0.051446717,0.000000000,1,0.035494413,EXACT_FULL_NAME_VIA_VERIFIED_TRANSFER,HIGH,6a01c3df48debc6a92e40dc4aa588452bdf6efa6ae459364da3e9f59d42c7edf,721bc660915e98aee8095a06fede183f22f7093ff2d93550542d43777a87daa7,4b73468fc5b0f1950f9f66fada70ad3a4f9327cb,StatsBomb Open Data via Stage91 + Stage92 verified identity bridge,true,true,false,false,false,false,false,false
152982,C. Palmer,39461,Cole Palmer,3943043,768,England,2024-07-14,55,UEFA Euro,282,2024,1,1,0,0.037943350,0.037943350,0.000000000,1,0.057442125,EXACT_FULL_NAME_VIA_VERIFIED_TRANSFER,HIGH,6b71023ddf717721dba14958105df3636d15f2ba6d4b1559ad0eed2459c3f1ec,99e8db5e9cf3e73dd71d360022be8e98f3922a8eed820e76844b0517a7a77e7c,4b73468fc5b0f1950f9f66fada70ad3a4f9327cb,StatsBomb Open Data via Stage91 + Stage92 verified identity bridge,true,true,false,false,false,false,false,false
157052,R. Calafiori,41768,Riccardo Calafiori,3930161,914,Italy,2024-06-15,55,UEFA Euro,282,2024,2,2,0,0.281188190,0.281188190,0.000000000,0,0.000000000,EXACT_FULL_NAME_VIA_VERIFIED_TRANSFER,HIGH,5fdd37cd46157080d9bc03885923dc3f6c60c73283af62a47338b6ef91e2347c,474e8f990e3e69e5e652ea5581d29c7eb21ad01bc8d5b6db6df03a53062bb009,4b73468fc5b0f1950f9f66fada70ad3a4f9327cb,StatsBomb Open Data via Stage91 + Stage92 verified identity bridge,true,true,false,false,false,false,false,false
157052,R. Calafiori,41768,Riccardo Calafiori,3930172,914,Italy,2024-06-20,55,UEFA Euro,282,2024,1,1,0,0.028129116,0.028129116,0.000000000,0,0.000000000,EXACT_FULL_NAME_VIA_VERIFIED_TRANSFER,HIGH,18aae6a6747713db7bd4c508c67c9bfcd0c5d95b2add2ee07fd8032c959dbeb2,f9fccad8d1a89798a1f6a5e808c3df4b98b8100aea7eeb96b833206bc765c48a,4b73468fc5b0f1950f9f66fada70ad3a4f9327cb,StatsBomb Open Data via Stage91 + Stage92 verified identity bridge,true,true,false,false,false,false,false,false
157052,R. Calafiori,41768,Riccardo Calafiori,3930178,914,Italy,2024-06-24,55,UEFA Euro,282,2024,0,0,0,0.000000000,0.000000000,0.000000000,2,0.142327667,EXACT_FULL_NAME_VIA_VERIFIED_TRANSFER,HIGH,4bbd7472b5766038aaaea7f5e7cecb71625fc802a4884a14beb2960cedc16b25,ce180d6a3e7e06d96a95498086bfe05ff856696c8e53a7c27885c2d8dd981784,4b73468fc5b0f1950f9f66fada70ad3a4f9327cb,StatsBomb Open Data via Stage91 + Stage92 verified identity bridge,true,true,false,false,false,false,false,false
158644,M. Beier,35242,Maximilian Beier,3895134,175,Hoffenheim,2023-11-04,9,1. Bundesliga,281,2023/2024,4,4,0,0.218328386,0.218328386,0.000000000,0,0.000000000,EXACT_FULL_NAME_VIA_VERIFIED_TRANSFER,HIGH,8b0be15839462014d5a5293594cdc613a10957ed1b75526b2da8610839b83b0f,910d73c08017d3be09ba4e60b205143b686205c311aff136cf9a67fcec751d0d,4b73468fc5b0f1950f9f66fada70ad3a4f9327cb,StatsBomb Open Data via Stage91 + Stage92 verified identity bridge,true,true,false,false,false,false,false,false
158644,M. Beier,35242,Maximilian Beier,3895286,175,Hoffenheim,2024-03-30,9,1. Bundesliga,281,2023/2024,2,2,0,0.345391153,0.345391153,0.000000000,1,0.124782290,EXACT_FULL_NAME_VIA_VERIFIED_TRANSFER,HIGH,791edb4589135b0234c7b9d03099d397ce04b127e479e201500ae6a3a35d6d72,6319d6f22710e564089cb957803d090455ac1d89ddc639ee026423727c03f10c,4b73468fc5b0f1950f9f66fada70ad3a4f9327cb,StatsBomb Open Data via Stage91 + Stage92 verified identity bridge,true,true,false,false,false,false,false,false
16,M. Götze,8227,Mario Götze,3857284,770,Germany,2022-11-23,43,FIFA World Cup,106,2022,0,0,0,0.000000000,0.000000000,0.000000000,1,0.031593546,EXACT_FULL_NAME_VIA_VERIFIED_TRANSFER,HIGH,c699e263840422ca2d08d39b05452bc7315b02848e438335be74aa63263bc5dc,984675db8a02f0471631995341f277a2dcf0f8cead2d45a2907f69dd2b26e184,4b73468fc5b0f1950f9f66fada70ad3a4f9327cb,StatsBomb Open Data via Stage91 + Stage92 verified identity bridge,true,true,false,false,false,false,false,false
16,M. Götze,8227,Mario Götze,3857292,770,Germany,2022-12-01,43,FIFA World Cup,106,2022,1,1,0,0.066507556,0.066507556,0.000000000,1,0.110909514,EXACT_FULL_NAME_VIA_VERIFIED_TRANSFER,HIGH,ea18eecceb3a4aa554f6dc67ee81ab171aea877cdea24e31ce9270a84d1efc2d,01bd2104e6e7e11fc778f8d558c2e70e1a195fc01c0162087c5c60195dc5a34d,4b73468fc5b0f1950f9f66fada70ad3a4f9327cb,StatsBomb Open Data via Stage91 + Stage92 verified identity bridge,true,true,false,false,false,false,false,false
16,M. Götze,8227,Mario Götze,3890270,169,Bayern Munich,,,,,,0,0,0,0.000000000,0.000000000,0.000000000,4,1.303568816,EXACT_FULL_NAME_VIA_VERIFIED_TRANSFER,HIGH,6c17982ae2e0d5ca3f6abb89dabe37fe61ce855f3c7b9fa8b193e772ac411951,4229a6c21cff3157d3b03916229024f9a6c2cb947539668b16afaa7aab11e7bb,4b73468fc5b0f1950f9f66fada70ad3a4f9327cb,StatsBomb Open Data via Stage91 + Stage92 verified identity bridge,true,true,false,false,false,false,false,false
16,M. Götze,8227,Mario Götze,3890278,169,Bayern Munich,2015-08-29,9,1. Bundesliga,27,2015/2016,1,1,0,0.270362080,0.270362080,0.000000000,0,0.000000000,EXACT_FULL_NAME_VIA_VERIFIED_TRANSFER,HIGH,2ff4f28d330c4ccf3cd6a6597d82e38dd130f051bc5ac8f6d7e758afb53caeee,d37a8b248b2bfdf02bdfb00e3426e6362a6cd84df050ba92047663f63c4a7f07,4b73468fc5b0f1950f9f66fada70ad3a4f9327cb,StatsBomb Open Data via Stage91 + Stage92 verified identity bridge,true,true,false,false,false,false,false,false
16,M. Götze,8227,Mario Götze,3890296,169,Bayern Munich,,,,,,1,1,0,0.031983990,0.031983990,0.000000000,1,0.055451670,EXACT_FULL_NAME_VIA_VERIFIED_TRANSFER,HIGH,9446bde09c280e61e63753fa1a3fd68c84625bd8ff1d850a781103f8c79557c1,a96a88aa3fba7b5d6af7dfa56ab95fbcf0b626bec2f81d525c38019ec57ffe8a,4b73468fc5b0f1950f9f66fada70ad3a4f9327cb,StatsBomb Open Data via Stage91 + Stage92 verified identity bridge,true,true,false,false,false,false,false,false
16,M. Götze,8227,Mario Götze,3890305,169,Bayern Munich,,,,,,1,1,0,0.140212680,0.140212680,0.000000000,4,0.697829227,EXACT_FULL_NAME_VIA_VERIFIED_TRANSFER,HIGH,d2794636447d736014892ae301ed336e3cb69c90c2cae5cbe265b5d68d315733,2f74a975b8b74fa20fe4006c94abb4ffde4a3150ff3c7fa7f633953a8b159d26,4b73468fc5b0f1950f9f66fada70ad3a4f9327cb,StatsBomb Open Data via Stage91 + Stage92 verified identity bridge,true,true,false,false,false,false,false,false
16,M. Götze,8227,Mario Götze,3890329,169,Bayern Munich,,,,,,2,2,0,0.717767030,0.717767030,0.000000000,1,0.167481440,EXACT_FULL_NAME_VIA_VERIFIED_TRANSFER,HIGH,d2dc797863e402cbf5d4a45a7324f15c910cec35632c626902d8b0d102a4cf5f,926e34a67a97c4d2c3f5ad3adc07f4b7f73192d55e20124fab3828140e87901f,4b73468fc5b0f1950f9f66fada70ad3a4f9327cb,StatsBomb Open Data via Stage91 + Stage92 verified identity bridge,true,true,false,false,false,false,false,false
16,M. Götze,8227,Mario Götze,3890489,169,Bayern Munich,,,,,,2,2,0,0.125695930,0.125695930,0.000000000,0,0.000000000,EXACT_FULL_NAME_VIA_VERIFIED_TRANSFER,HIGH,7c710eae7aa5ea486d2d770beb9be4a210372f0462c5caca1aa1d9a8fdf5b69d,0535a9621d6fd2ca9cf17059d2b35d658465a0d1f6d3d9a94d3f0a926a3a8a8f,4b73468fc5b0f1950f9f66fada70ad3a4f9327cb,StatsBomb Open Data via Stage91 + Stage92 verified identity bridge,true,true,false,false,false,false,false,false
16,M. Götze,8227,Mario Götze,3890505,169,Bayern Munich,,,,,,3,3,0,0.368896177,0.368896177,0.000000000,1,0.035408612,EXACT_FULL_NAME_VIA_VERIFIED_TRANSFER,HIGH,b5912b0e4b464ddacf1736487145396f34926441184a7cd7decc645ce6469cb1,a020d87004da5f1cdc5f84e9b41cf162503166bd6ff124da7168f112d178c699,4b73468fc5b0f1950f9f66fada70ad3a4f9327cb,StatsBomb Open Data via Stage91 + Stage92 verified identity bridge,true,true,false,false,false,false,false,false
16,M. Götze,8227,Mario Götze,3890516,169,Bayern Munich,,,,,,2,2,0,0.094238377,0.094238377,0.000000000,1,0.101791550,EXACT_FULL_NAME_VIA_VERIFIED_TRANSFER,HIGH,4eee7d3eb7003c35b088e6b6513d2b9f2589a28449b9018d80f84582b94614b7,cb0b4c5f7aadad0be3059c3e5ea96225a497adfb6eaca2b79451cbecd98f0479,4b73468fc5b0f1950f9f66fada70ad3a4f9327cb,StatsBomb Open Data via Stage91 + Stage92 verified identity bridge,true,true,false,false,false,false,false,false
16,M. Götze,8227,Mario Götze,3890526,169,Bayern Munich,,,,,,1,1,0,0.039629140,0.039629140,0.000000000,1,0.029797679,EXACT_FULL_NAME_VIA_VERIFIED_TRANSFER,HIGH,957f3f28cfb69f18a01db488c3ef74077ff1f3abcae2b8f81c36e06c8c374036,26c490a56fccf07277c9ad5e8c8dca73ec629312afd70338db231f0e166bb327,4b73468fc5b0f1950f9f66fada70ad3a4f9327cb,StatsBomb Open Data via Stage91 + Stage92 verified identity bridge,true,true,false,false,false,false,false,false
16,M. Götze,8227,Mario Götze,3890533,169,Bayern Munich,,,,,,0,0,0,0.000000000,0.000000000,0.000000000,1,0.037742750,EXACT_FULL_NAME_VIA_VERIFIED_TRANSFER,HIGH,42205b8ce9c0602c5759f60290051f455c8b0acb9daacd353ab6f0f111ae3eee,5a870b975984103becc06f79a3000655b11a301b0223c72e5cae89813871fc42,4b73468fc5b0f1950f9f66fada70ad3a4f9327cb,StatsBomb Open Data via Stage91 + Stage92 verified identity bridge,true,true,false,false,false,false,false,false
16,M. Götze,8227,Mario Götze,3890541,169,Bayern Munich,,,,,,0,0,0,0.000000000,0.000000000,0.000000000,2,0.097882945,EXACT_FULL_NAME_VIA_VERIFIED_TRANSFER,HIGH,799a75f910b41d373e4f1e0dfeabc292a188e448607ecb051f001af79ba07759,dc69bc10437aab3a206c95e43e93347416ff4280c5dabee842313279ccd71b8d,4b73468fc5b0f1950f9f66fada70ad3a4f9327cb,StatsBomb Open Data via Stage91 + Stage92 verified identity bridge,true,true,false,false,false,false,false,false
16,M. Götze,8227,Mario Götze,3890559,169,Bayern Munich,,,,,,4,4,0,0.864851865,0.864851865,0.000000000,2,0.354608810,EXACT_FULL_NAME_VIA_VERIFIED_TRANSFER,HIGH,a30296e424bd34b2d8ae5700fcad358d2cadb4e903e822e6fa152a1c415de46d,760cb8a39c0822aecb543f1d228cf7bd919ca8a53d36bbae0adb87d47eb38f76,4b73468fc5b0f1950f9f66fada70ad3a4f9327cb,StatsBomb Open Data via Stage91 + Stage92 verified identity bridge,true,true,false,false,false,false,false,false
16,M. Götze,8227,Mario Götze,3895333,184,Eintracht Frankfurt,2024-05-05,9,1. Bundesliga,281,2023/2024,2,2,0,0.095075496,0.095075496,0.000000000,2,0.153317774,EXACT_FULL_NAME_VIA_VERIFIED_TRANSFER,HIGH,f64811eac5bfcda0f149d0593590b00765efefc713087c54d07e4d2e3549e972,bb5f8abe61e3320c04d3691cdf379afb91279b6397d211d283caa04d4c1995cb,4b73468fc5b0f1950f9f66fada70ad3a4f9327cb,StatsBomb Open Data via Stage91 + Stage92 verified identity bridge,true,true,false,false,false,false,false,false
161904,B. Barcola,39420,Bradley Barcola,3837928,137,Lyon,2023-04-02,7,Ligue 1,235,2022/2023,2,2,0,0.455956526,0.455956526,0.000000000,0,0.000000000,EXACT_FULL_NAME_VIA_VERIFIED_TRANSFER,HIGH,09571b5d7ba03a85a037fc1fe578eebed68302d47c5d3acdca7b830efc117e54,3b80b6a9c115a071e35514b00b6e2e1c73dcfe5c378904afae02cba8c317537f,4b73468fc5b0f1950f9f66fada70ad3a4f9327cb,StatsBomb Open Data via Stage91 + Stage92 verified identity bridge,true,true,false,false,false,false,false,false
161904,B. Barcola,39420,Bradley Barcola,3938643,771,France,2024-06-25,55,UEFA Euro,282,2024,1,1,0,0.019646157,0.019646157,0.000000000,2,0.046800170,EXACT_FULL_NAME_VIA_VERIFIED_TRANSFER,HIGH,3978156656b1432e82ee3298589dca8f8341725e03d8bba9d1a7fe9176772ff4,84d24bb5a268ee83680a3bc0fd30730522ae5107eaf0cec210cd6fa618b983c3,4b73468fc5b0f1950f9f66fada70ad3a4f9327cb,StatsBomb Open Data via Stage91 + Stage92 verified identity bridge,true,true,false,false,false,false,false,false
161904,B. Barcola,39420,Bradley Barcola,3942349,771,France,2024-07-05,55,UEFA Euro,282,2024,2,1,1,0.842950485,0.059450485,0.783500000,0,0.000000000,EXACT_FULL_NAME_VIA_VERIFIED_TRANSFER,HIGH,6bd2355752ec8a9753512efb21c447670ec8d9182582017b3475d9a502459a74,06c37787bdea7098c48b6cf7b8515fe4cd586d04108940ff823fd3b488da757f,4b73468fc5b0f1950f9f66fada70ad3a4f9327cb,StatsBomb Open Data via Stage91 + Stage92 verified identity bridge,true,true,false,false,false,false,false,false
161904,B. Barcola,39420,Bradley Barcola,3942752,771,France,2024-07-09,55,UEFA Euro,282,2024,0,0,0,0.000000000,0.000000000,0.000000000,2,0.131446770,EXACT_FULL_NAME_VIA_VERIFIED_TRANSFER,HIGH,c1d921b7078fc6638bab19e820811e6f47bccc1bcfd63a3ea76f77fa0d8d17a7,287d3451905aaf59bef49172107f86db5c7c9e7794a0e1ac8354f52ea465fe8d,4b73468fc5b0f1950f9f66fada70ad3a4f9327cb,StatsBomb Open Data via Stage91 + Stage92 verified identity bridge,true,true,false,false,false,false,false,false
161907,M. Gusto,39260,Malo Gusto,3802752,137,Lyon,2021-09-19,7,Ligue 1,108,2021/2022,1,1,0,0.019779654,0.019779654,0.000000000,1,0.051775962,EXACT_FULL_NAME_VIA_VERIFIED_TRANSFER,HIGH,2b37c055de4539aa3a77b1e078db4e07eff44370bb81b5456b9f1eef6bffb4b3,cb15c5c776c524a8db1ad73cd3ce5377fdfeca04932862c57400b67d44c94a11,4b73468fc5b0f1950f9f66fada70ad3a4f9327cb,StatsBomb Open Data via Stage91 + Stage92 verified identity bridge,true,true,false,false,false,false,false,false
161907,M. Gusto,39260,Malo Gusto,3837717,137,Lyon,2022-09-18,7,Ligue 1,235,2022/2023,0,0,0,0.000000000,0.000000000,0.000000000,1,0.050262574,EXACT_FULL_NAME_VIA_VERIFIED_TRANSFER,HIGH,3ab5e22c1e6d56a36852f7484cc85c609fcce0e9a65174aa2aed0e84dd024960,836b6109a4a9b7cbbfe590fb1c114e6e6a4d3cb12f43ba1fa1a92ee3a0d43a19,4b73468fc5b0f1950f9f66fada70ad3a4f9327cb,StatsBomb Open Data via Stage91 + Stage92 verified identity bridge,true,true,false,false,false,false,false,false
162266,L. da Cunha,33151,Lucas Da Cunha,3803000,152,Clermont Foot,2022-04-09,7,Ligue 1,108,2021/2022,0,0,0,0.000000000,0.000000000,0.000000000,1,0.011954057,EXACT_FULL_NAME_VIA_VERIFIED_TRANSFER,HIGH,18ff53a84a0f84531f13210d71830015ff53a7e00280e9a4137a6e05773e4ed4,0f6b7bc9354bce1ac73f8cfb98bddce8c0f113bcabad2c1a79941099cf8b8957,4b73468fc5b0f1950f9f66fada70ad3a4f9327cb,StatsBomb Open Data via Stage91 + Stage92 verified identity bridge,true,true,false,false,false,false,false,false
162267,A. Truffert,45026,Adrien Truffert,3837827,134,Rennes,2023-01-15,7,Ligue 1,235,2022/2023,0,0,0,0.000000000,0.000000000,0.000000000,3,0.288385117,EXACT_FULL_NAME_VIA_VERIFIED_TRANSFER,HIGH,7a6f79ec1a9116b7df5878bc82566ac378fbc14a56654ee22f5502bce8b53c2b,5dd17c06e29e1d5613633d4b5382055e9d0d528b4058d5ca7832359e04b2d70e,4b73468fc5b0f1950f9f66fada70ad3a4f9327cb,StatsBomb Open Data via Stage91 + Stage92 verified identity bridge,true,true,false,false,false,false,false,false
163022,P. Osterhage,133208,Patrick Osterhage,3895182,868,Bochum,2023-12-20,9,1. Bundesliga,281,2023/2024,1,1,0,0.057716127,0.057716127,0.000000000,0,0.000000000,EXACT_FULL_NAME_VIA_VERIFIED_TRANSFER,HIGH,eb751cf781d2c6be6a01597c1fe965561493f261a8a0f2161b06c1e2b493c98e,87569ccd7b20b60662b8b8d363ba0470935d30cf2d30d7e9d0f4e627f1d7b239,4b73468fc5b0f1950f9f66fada70ad3a4f9327cb,StatsBomb Open Data via Stage91 + Stage92 verified identity bridge,true,true,false,false,false,false,false,false
17,C. Pulišić,8246,Christian Pulisic,3857272,1839,United States,2022-11-25,43,FIFA World Cup,106,2022,4,4,0,0.136052350,0.136052350,0.000000000,1,0.042263300,EXACT_FULL_NAME_VIA_VERIFIED_TRANSFER,HIGH,aa68c431a8ffdc5fe2eca22f223a10cf1c7b004548f621234bd00f515dca367a,f749b56c04cec2030cbb07cb421402f91393c2c7be4539a4664e0798ddc5d147,4b73468fc5b0f1950f9f66fada70ad3a4f9327cb,StatsBomb Open Data via Stage91 + Stage92 verified identity bridge,true,true,false,false,false,false,false,false
17,C. Pulišić,8246,Christian Pulisic,3857278,1839,United States,2022-11-29,43,FIFA World Cup,106,2022,2,2,0,0.610759206,0.610759206,0.000000000,2,0.084649760,EXACT_FULL_NAME_VIA_VERIFIED_TRANSFER,HIGH,f22d9c5863618f00a11bb929c17eaa75aff28a2cf22e0ebbb74b87282a7c3e16,3ffcce54c0e0575ddaa075021beeb91fbf57e5bdc42e072930c2cee9d60918e6,4b73468fc5b0f1950f9f66fada70ad3a4f9327cb,StatsBomb Open Data via Stage91 + Stage92 verified identity bridge,true,true,false,false,false,false,false,false
17,C. Pulišić,8246,Christian Pulisic,3857282,1839,United States,2022-11-21,43,FIFA World Cup,106,2022,0,0,0,0.000000000,0.000000000,0.000000000,2,0.295294590,EXACT_FULL_NAME_VIA_VERIFIED_TRANSFER,HIGH,3063fef4f1b526c7e7bd0217a59d60f324eee43caa847a40068bdb35f3610dfc,d2df23c0f0e4dd42d26ac74dc97f726c8c84a544beacfe2b0bbef62a76f323a4,4b73468fc5b0f1950f9f66fada70ad3a4f9327cb,StatsBomb Open Data via Stage91 + Stage92 verified identity bridge,true,true,false,false,false,false,false,false
17,C. Pulišić,8246,Christian Pulisic,3869117,1839,United States,2022-12-03,43,FIFA World Cup,106,2022,3,3,0,0.391275537,0.391275537,0.000000000,4,0.514602130,EXACT_FULL_NAME_VIA_VERIFIED_TRANSFER,HIGH,1efd2f7db7c815fe204036f9ef1f8bef3fefd09d61903303eeaac53ec87c1755,7610da69013777bd6117eb955d9d51eb7eb6131a2ae71f5d20b6b7033877a105,4b73468fc5b0f1950f9f66fada70ad3a4f9327cb,StatsBomb Open Data via Stage91 + Stage92 verified identity bridge,true,true,false,false,false,false,false,false
17,C. Pulišić,8246,Christian Pulisic,3890456,180,Borussia Dortmund,2016-02-21,9,1. Bundesliga,27,2015/2016,0,0,0,0.000000000,0.000000000,0.000000000,1,0.319196400,EXACT_FULL_NAME_VIA_VERIFIED_TRANSFER,HIGH,09d5e6dd022ab06af247d6bac6d2a6c1f4b9b13035b444019f0ac1e14a0054b8,e47be4e7ee93977cfe5f9e26b4c61570fbf337e162a9f8a27ebce171384e8829,4b73468fc5b0f1950f9f66fada70ad3a4f9327cb,StatsBomb Open Data via Stage91 + Stage92 verified identity bridge,true,true,false,false,false,false,false,false
17,C. Pulišić,8246,Christian Pulisic,3890507,180,Borussia Dortmund,,,,,,1,1,0,0.055055227,0.055055227,0.000000000,1,0.013013898,EXACT_FULL_NAME_VIA_VERIFIED_TRANSFER,HIGH,091e6b1ac2ab614330857474e50bc03f2ab9593d2559ea94df36a7e006490872,9ae27c977ff10417562ca82a81888e14fa966d61919be9f9e930fd4782f83979,4b73468fc5b0f1950f9f66fada70ad3a4f9327cb,StatsBomb Open Data via Stage91 + Stage92 verified identity bridge,true,true,false,false,false,false,false,false
17,C. Pulišić,8246,Christian Pulisic,3890518,180,Borussia Dortmund,,,,,,2,2,0,0.278066340,0.278066340,0.000000000,1,0.396652250,EXACT_FULL_NAME_VIA_VERIFIED_TRANSFER,HIGH,4ff0d5dbd0ba2460046cef822aecb11a7d814dbbea8060d412a7bc21b58bdc31,4c4a0fede95e4cf45a96c501d38e506d26aea9d397034d7c5433ac737a288586,4b73468fc5b0f1950f9f66fada70ad3a4f9327cb,StatsBomb Open Data via Stage91 + Stage92 verified identity bridge,true,true,false,false,false,false,false,false
17,C. Pulišić,8246,Christian Pulisic,3890528,180,Borussia Dortmund,,,,,,2,2,0,0.124787100,0.124787100,0.000000000,3,0.289416090,EXACT_FULL_NAME_VIA_VERIFIED_TRANSFER,HIGH,0c4cc108d8f5ab5d41b1f9b6e7fe07192b5d7d3bf8c11677886b15d6987b4d65,15247e6aebdcf0268fa6bc8befae926374c04c3f6b9704a673921560a170ab79,4b73468fc5b0f1950f9f66fada70ad3a4f9327cb,StatsBomb Open Data via Stage91 + Stage92 verified identity bridge,true,true,false,false,false,false,false,false
17,C. Pulišić,8246,Christian Pulisic,3890530,180,Borussia Dortmund,,,,,,2,2,0,0.496024620,0.496024620,0.000000000,1,0.085251030,EXACT_FULL_NAME_VIA_VERIFIED_TRANSFER,HIGH,6a7fbcefe0d7b9f8de4c6bf92477389a67b45b73ae8304efcea328a52c6ca028,1aec6c000808f89aca995b69cf3571c9fc0febb9ce7fb8cb99b476f2fe5edc36,4b73468fc5b0f1950f9f66fada70ad3a4f9327cb,StatsBomb Open Data via Stage91 + Stage92 verified identity bridge,true,true,false,false,false,false,false,false
17,C. Pulišić,8246,Christian Pulisic,3890553,180,Borussia Dortmund,,,,,,1,1,0,0.015327663,0.015327663,0.000000000,0,0.000000000,EXACT_FULL_NAME_VIA_VERIFIED_TRANSFER,HIGH,f022515dc4d7b5a1fd144077fbd5452a8a9ac32460bc8cf45cc36e33bc91d445,d3cd53a47b174c6796d10ca78d94d3efb8aafa1bf8e59f1775814daaafda0d4a,4b73468fc5b0f1950f9f66fada70ad3a4f9327cb,StatsBomb Open Data via Stage91 + Stage92 verified identity bridge,true,true,false,false,false,false,false,false
17,C. Pulišić,8246,Christian Pulisic,3939974,1839,United States,2024-06-23,223,Copa America,282,2024,4,4,0,0.216177251,0.216177251,0.000000000,3,0.212531172,EXACT_FULL_NAME_VIA_VERIFIED_TRANSFER,HIGH,755dde2567d2e866c2daba9e5c3d09e857c72a9b91150259b7a9470cf7b2de1e,37b297bc3204dbb4f33acffab084428411b1a313b4139e7d0ce6c654476c4bbb,4b73468fc5b0f1950f9f66fada70ad3a4f9327cb,StatsBomb Open Data via Stage91 + Stage92 verified identity bridge,true,true,false,false,false,false,false,false
17,C. Pulišić,8246,Christian Pulisic,3939981,1839,United States,2024-06-27,223,Copa America,282,2024,0,0,0,0.000000000,0.000000000,0.000000000,4,0.329390549,EXACT_FULL_NAME_VIA_VERIFIED_TRANSFER,HIGH,6ab088043888fc7103bffce93faca860a6be1a65aedd57e47ac95c84b58c373b,6c23dd738d673a18ce12f6afba26871e905190b622c0f33e25f4b5bf12e3d4ab,4b73468fc5b0f1950f9f66fada70ad3a4f9327cb,StatsBomb Open Data via Stage91 + Stage92 verified identity bridge,true,true,false,false,false,false,false,false
17,C. Pulišić,8246,Christian Pulisic,3939990,1839,United States,2024-07-02,223,Copa America,282,2024,3,3,0,0.158304021,0.158304021,0.000000000,0,0.000000000,EXACT_FULL_NAME_VIA_VERIFIED_TRANSFER,HIGH,8aed08ba5072ba0e7ade3357f9e3be195e3be1e57cc1a6d19241638c63686582,934f8bef37ae1ed010fe2e6a8adec3816ef89a7b8be08825d6976c2af243bd45,4b73468fc5b0f1950f9f66fada70ad3a4f9327cb,StatsBomb Open Data via Stage91 + Stage92 verified identity bridge,true,true,false,false,false,false,false,false
1748,L. Coulibaly,3433,Lassana Coulibaly,3829434,2736,Bastia,2015-08-22,7,Ligue 1,27,2015/2016,1,1,0,0.262147100,0.262147100,0.000000000,0,0.000000000,EXACT_FULL_NAME_VIA_VERIFIED_TRANSFER,HIGH,1ddd1bb8d8afdd01fe6919d4db87ee414829a5edf3a6c0a397d78821335fa261,9a7a2f4d7418e9f71716f02e50f96259e98faca294b7767fb36eedd3555acca8,4b73468fc5b0f1950f9f66fada70ad3a4f9327cb,StatsBomb Open Data via Stage91 + Stage92 verified identity bridge,true,true,false,false,false,false,false,false
1748,L. Coulibaly,3433,Lassana Coulibaly,3829451,2736,Bastia,2015-08-30,7,Ligue 1,27,2015/2016,1,1,0,0.016916428,0.016916428,0.000000000,0,0.000000000,EXACT_FULL_NAME_VIA_VERIFIED_TRANSFER,HIGH,675bd66fd913fe79ff56b09781979c8005022c1eec4e47ae6d0ba082137806ac,bb62a4ee138625ec5c061e4ebffe86d5cae9e5c58a91df3a345676a68e2af218,4b73468fc5b0f1950f9f66fada70ad3a4f9327cb,StatsBomb Open Data via Stage91 + Stage92 verified identity bridge,true,true,false,false,false,false,false,false
1748,L. Coulibaly,3433,Lassana Coulibaly,3900554,2736,Bastia,2015-12-12,7,Ligue 1,27,2015/2016,1,1,0,0.007286928,0.007286928,0.000000000,1,0.027458160,EXACT_FULL_NAME_VIA_VERIFIED_TRANSFER,HIGH,b1f1ba9fd768a39639e9c0adcb1730867f0c8ffd23179798ecdd5c02bb56ce78,482b4b0768e59ee653f59b150dda71459c0062cec43c04e2ca95fe7446f2fa52,4b73468fc5b0f1950f9f66fada70ad3a4f9327cb,StatsBomb Open Data via Stage91 + Stage92 verified identity bridge,true,true,false,false,false,false,false,false
1748,L. Coulibaly,3433,Lassana Coulibaly,3900611,2736,Bastia,2016-02-02,7,Ligue 1,27,2015/2016,2,2,0,0.033707234,0.033707234,0.000000000,0,0.000000000,EXACT_FULL_NAME_VIA_VERIFIED_TRANSFER,HIGH,132225261cbbf2d181eee43b16a677348a4a2f4ac5fc5415097e8dd131ad81ef,30e55750050cd2d130e2c18992d758bae407032c73ff48e3880f85bdba0b2132,4b73468fc5b0f1950f9f66fada70ad3a4f9327cb,StatsBomb Open Data via Stage91 + Stage92 verified identity bridge,true,true,false,false,false,false,false,false
1748,L. Coulibaly,3433,Lassana Coulibaly,3901220,2736,Bastia,2016-04-16,7,Ligue 1,27,2015/2016,3,3,0,0.070820550,0.070820550,0.000000000,1,0.048802987,EXACT_FULL_NAME_VIA_VERIFIED_TRANSFER,HIGH,2bc7503d41abf8516e2391ba0b80b5ba45498c789cfed94caeab4d83bb26a862,29bf998ce77d47d362f397bb249aa36dbca4d752eaa07750cf0502d4574b4d82,4b73468fc5b0f1950f9f66fada70ad3a4f9327cb,StatsBomb Open Data via Stage91 + Stage92 verified identity bridge,true,true,false,false,false,false,false,false
1748,L. Coulibaly,3433,Lassana Coulibaly,3901230,2736,Bastia,2016-04-24,7,Ligue 1,27,2015/2016,1,1,0,0.006952405,0.006952405,0.000000000,2,0.011121212,EXACT_FULL_NAME_VIA_VERIFIED_TRANSFER,HIGH,3147349861bb18480fd451973840829d66c527bf6beac3a183aee9f07124f4dd,ca6a7a40d50247d8a145e305e9c4f424310bb9d2484e5906336fcb61341d8c8d,4b73468fc5b0f1950f9f66fada70ad3a4f9327cb,StatsBomb Open Data via Stage91 + Stage92 verified identity bridge,true,true,false,false,false,false,false,false
1748,L. Coulibaly,3433,Lassana Coulibaly,3901263,2736,Bastia,2016-05-14,7,Ligue 1,27,2015/2016,2,2,0,0.093062516,0.093062516,0.000000000,0,0.000000000,EXACT_FULL_NAME_VIA_VERIFIED_TRANSFER,HIGH,fe97dc0fe9070c06601c85f9ac7a76fe39621dd024e19c21c886c334f336c456,c5232f37401b7379eac333295e4e836295d4a8d08c855b889c3c039becc01fdd,4b73468fc5b0f1950f9f66fada70ad3a4f9327cb,StatsBomb Open Data via Stage91 + Stage92 verified identity bridge,true,true,false,false,false,false,false,false
1748,L. Coulibaly,3433,Lassana Coulibaly,3920391,4930,Mali,2024-01-16,1267,African Cup of Nations,107,2023,0,0,0,0.000000000,0.000000000,0.000000000,1,0.006498541,EXACT_FULL_NAME_VIA_VERIFIED_TRANSFER,HIGH,f8d3662b8977221d56aa5625d21227f4b71f6734ee6caa9e2384ff46dec98c99,caecf587e6f8a792e251f728555b773003fcd2d97978f87fc8a892231c36b4d9,4b73468fc5b0f1950f9f66fada70ad3a4f9327cb,StatsBomb Open Data via Stage91 + Stage92 verified identity bridge,true,true,false,false,false,false,false,false
1748,L. Coulibaly,3433,Lassana Coulibaly,3920404,4930,Mali,2024-01-20,1267,African Cup of Nations,107,2023,1,1,0,0.037891313,0.037891313,0.000000000,0,0.000000000,EXACT_FULL_NAME_VIA_VERIFIED_TRANSFER,HIGH,df7d2e75696e4f6e33778e56c2f938bce20b8e381d05771fca6c18d0309e2535,f97b42e12233ac91be79765f25f6b9a3bff67c9fa916d330618aa4dfc98f8d6e,4b73468fc5b0f1950f9f66fada70ad3a4f9327cb,StatsBomb Open Data via Stage91 + Stage92 verified identity bridge,true,true,false,false,false,false,false,false
178093,Y. Keitel,35713,Yannik Keitel,3895275,183,Freiburg,2024-03-17,9,1. Bundesliga,281,2023/2024,2,2,0,0.231413920,0.231413920,0.000000000,0,0.000000000,EXACT_FULL_NAME_VIA_VERIFIED_TRANSFER,HIGH,5789ed519e99fe0492ba28db2489340b211b3feaf8c31d8c01d18b293f48f4d7,f8aa048ddb9f38d90c363a2d839770c2e72b2e1f8e2de38e7826956a5bc46cfa,4b73468fc5b0f1950f9f66fada70ad3a4f9327cb,StatsBomb Open Data via Stage91 + Stage92 verified identity bridge,true,true,false,false,false,false,false,false
1800,K. Trapp,4440,Kevin Trapp,3895333,184,Eintracht Frankfurt,2024-05-05,9,1. Bundesliga,281,2023/2024,0,0,0,0.000000000,0.000000000,0.000000000,1,0.021870451,EXACT_FULL_NAME_VIA_VERIFIED_TRANSFER,HIGH,fd0a5493603439e51bf24075a348324f38c5db773698e89a80dd48a96c4a00ab,bb5f8abe61e3320c04d3691cdf379afb91279b6397d211d283caa04d4c1995cb,4b73468fc5b0f1950f9f66fada70ad3a4f9327cb,StatsBomb Open Data via Stage91 + Stage92 verified identity bridge,true,true,false,false,false,false,false,false
1803,T. Chandler,8670,Timothy Chandler,3890272,184,Eintracht Frankfurt,,,,,,2,2,0,0.014342994,0.014342994,0.000000000,0,0.000000000,EXACT_FULL_NAME_VIA_VERIFIED_TRANSFER,HIGH,cf5f2bb72d173b49708b10dc2e181d5d6d13d6cff419d8ba6833b3ea28e5c123,7d69ac0eb5cf24769f24ce93087f5ff3de5b8ec547832bdbc2e1dc83642559ab,4b73468fc5b0f1950f9f66fada70ad3a4f9327cb,StatsBomb Open Data via Stage91 + Stage92 verified identity bridge,true,true,false,false,false,false,false,false
1803,T. Chandler,8670,Timothy Chandler,3890553,184,Eintracht Frankfurt,,,,,,1,1,0,0.041019680,0.041019680,0.000000000,0,0.000000000,EXACT_FULL_NAME_VIA_VERIFIED_TRANSFER,HIGH,aa83b4b414e2702d9b57f84f31f9f445fdccb1b98064e4971edbc9198594d507,d3cd53a47b174c6796d10ca78d94d3efb8aafa1bf8e59f1775814daaafda0d4a,4b73468fc5b0f1950f9f66fada70ad3a4f9327cb,StatsBomb Open Data via Stage91 + Stage92 verified identity bridge,true,true,false,false,false,false,false,false
180496,G. Mikautadze,33234,Georges Mikautadze,3938639,2138,Georgia,2024-06-18,55,UEFA Euro,282,2024,4,4,0,0.458068862,0.458068862,0.000000000,3,0.396787793,EXACT_FULL_NAME_VIA_VERIFIED_TRANSFER,HIGH,2cb7d3e639902ce9847d95a5b9d477bb905d1e90843e6773a6f21418ae4e8b9a,bee35d0fb4494a83b964bd8985e12942d2fb6015929f0caff481ae5fcb9c6687,4b73468fc5b0f1950f9f66fada70ad3a4f9327cb,StatsBomb Open Data via Stage91 + Stage92 verified identity bridge,true,true,false,false,false,false,false,false
180496,G. Mikautadze,33234,Georges Mikautadze,3938642,2138,Georgia,2024-06-22,55,UEFA Euro,282,2024,1,0,1,0.783500000,0.000000000,0.783500000,0,0.000000000,EXACT_FULL_NAME_VIA_VERIFIED_TRANSFER,HIGH,24ea920423be9c6e6c394e8acae592d8fbaa318a1b61cd1bf2fae639d0d27405,89e70d22b18e26b2aaf78e5821b53bd24b00ebfc37f436424d8c39215bfa6d59,4b73468fc5b0f1950f9f66fada70ad3a4f9327cb,StatsBomb Open Data via Stage91 + Stage92 verified identity bridge,true,true,false,false,false,false,false,false
180496,G. Mikautadze,33234,Georges Mikautadze,3938644,2138,Georgia,2024-06-26,55,UEFA Euro,282,2024,1,0,1,0.783500000,0.000000000,0.783500000,2,0.225768750,EXACT_FULL_NAME_VIA_VERIFIED_TRANSFER,HIGH,fe3d0566905383b20f9c01a3faab007ffe612232cc65f5a2c11296db6358f7a6,035d749ae58bf59036337da95274ced93d7c68d7dbd9a3ecd2609ced87133893,4b73468fc5b0f1950f9f66fada70ad3a4f9327cb,StatsBomb Open Data via Stage91 + Stage92 verified identity bridge,true,true,false,false,false,false,false,false
18869,A. Smith,6409,Adam Smith,3753975,28,AFC Bournemouth,2016-01-23,2,Premier League,27,2015/2016,2,2,0,0.073903958,0.073903958,0.000000000,1,0.021885946,EXACT_FULL_NAME_VIA_VERIFIED_TRANSFER,HIGH,c017c3382d16d11c506aa4a31a3ab3995b6ef5c6c3a7e3cdfc60753407034649,a35c2865b4a24010b40c336b9cbc4ae12114931111b5748d07c2bdb60721d9e2,4b73468fc5b0f1950f9f66fada70ad3a4f9327cb,StatsBomb Open Data via Stage91 + Stage92 verified identity bridge,true,true,false,false,false,false,false,false
18869,A. Smith,6409,Adam Smith,3754020,28,AFC Bournemouth,2015-08-17,2,Premier League,27,2015/2016,0,0,0,0.000000000,0.000000000,0.000000000,1,0.046197142,EXACT_FULL_NAME_VIA_VERIFIED_TRANSFER,HIGH,42e06653f19d57e68cb6b336d8b3b46ebc72378a742a6aa6517369e6766ab089,1f9cb694b3486a846121355fc322390e718ecf3f83655f73c73d8445979b4601,4b73468fc5b0f1950f9f66fada70ad3a4f9327cb,StatsBomb Open Data via Stage91 + Stage92 verified identity bridge,true,true,false,false,false,false,false,false
18869,A. Smith,6409,Adam Smith,3754021,28,AFC Bournemouth,2016-01-12,2,Premier League,27,2015/2016,2,2,0,0.021599219,0.021599219,0.000000000,2,0.118604865,EXACT_FULL_NAME_VIA_VERIFIED_TRANSFER,HIGH,4be965075d9f5e1aec9973603167dfddfd8e8617b46eb373785d93ac0228e3ee,d5f2d83e01c0635451307f71d2736c50aa1cb48cb5df1bc3803d8e0be96a1296,4b73468fc5b0f1950f9f66fada70ad3a4f9327cb,StatsBomb Open Data via Stage91 + Stage92 verified identity bridge,true,true,false,false,false,false,false,false
18869,A. Smith,6409,Adam Smith,3754058,28,AFC Bournemouth,2016-01-02,2,Premier League,27,2015/2016,2,2,0,0.038970133,0.038970133,0.000000000,0,0.000000000,EXACT_FULL_NAME_VIA_VERIFIED_TRANSFER,HIGH,ef494c99442ceb45cb1ffd31323e6ee41f24e78c890e5d83ab7fa381e4d03df9,f14749e0908e23def2e3bc161a92ebd9fed1fa76e4cde91c639611771a840943,4b73468fc5b0f1950f9f66fada70ad3a4f9327cb,StatsBomb Open Data via Stage91 + Stage92 verified identity bridge,true,true,false,false,false,false,false,false
18869,A. Smith,6409,Adam Smith,3754144,28,AFC Bournemouth,2016-04-02,2,Premier League,27,2015/2016,0,0,0,0.000000000,0.000000000,0.000000000,1,0.114928060,EXACT_FULL_NAME_VIA_VERIFIED_TRANSFER,HIGH,f69d569886fee94223a37afb569820ae994b6f0076e64731138e08c48a0fd61d,def976728a2918b6db33dfda6ec43e76d499cdc962e3cc2130c5bad26613fbd2,4b73468fc5b0f1950f9f66fada70ad3a4f9327cb,StatsBomb Open Data via Stage91 + Stage92 verified identity bridge,true,true,false,false,false,false,false,false
18869,A. Smith,6409,Adam Smith,3754157,28,AFC Bournemouth,2015-11-28,2,Premier League,27,2015/2016,1,1,0,0.018571923,0.018571923,0.000000000,0,0.000000000,EXACT_FULL_NAME_VIA_VERIFIED_TRANSFER,HIGH,fdd701c4ce6461eb0ba40eb71b6c66e3b6b98309ca0323bad41198c9ea5b23e3,059656b07342c40582f55ef459deb1a5f6d1c70229d8a2c7cad5807fb2f7f15c,4b73468fc5b0f1950f9f66fada70ad3a4f9327cb,StatsBomb Open Data via Stage91 + Stage92 verified identity bridge,true,true,false,false,false,false,false,false
18869,A. Smith,6409,Adam Smith,3754169,28,AFC Bournemouth,2015-09-19,2,Premier League,27,2015/2016,1,1,0,0.044645246,0.044645246,0.000000000,1,0.046460558,EXACT_FULL_NAME_VIA_VERIFIED_TRANSFER,HIGH,acfdfb14ef9964102e9ebb19d3b67da78e2f9294f0f31bf94d6f1346d2ed93c9,3ddef06b2e51b829b677f137d4bf1bf5c09ff1deb194b2440afedbc48e38cf0f,4b73468fc5b0f1950f9f66fada70ad3a4f9327cb,StatsBomb Open Data via Stage91 + Stage92 verified identity bridge,true,true,false,false,false,false,false,false
18869,A. Smith,6409,Adam Smith,3754177,28,AFC Bournemouth,2016-03-05,2,Premier League,27,2015/2016,1,1,0,0.010117820,0.010117820,0.000000000,1,0.078030586,EXACT_FULL_NAME_VIA_VERIFIED_TRANSFER,HIGH,e489864f6b78265045c969d4f1edef1d91c253aa8895caa2817b90b42fe3f326,0c8c8a2d7f788c322012d3b891298333bb21ef3bf5bf8a851454b59ffe6974ab,4b73468fc5b0f1950f9f66fada70ad3a4f9327cb,StatsBomb Open Data via Stage91 + Stage92 verified identity bridge,true,true,false,false,false,false,false,false
18869,A. Smith,6409,Adam Smith,3754191,28,AFC Bournemouth,2015-11-01,2,Premier League,27,2015/2016,1,1,0,0.108189810,0.108189810,0.000000000,1,0.020624738,EXACT_FULL_NAME_VIA_VERIFIED_TRANSFER,HIGH,2a6844447e8376b8f9b1e4c71c70bd9bfc55657fd7829c4b49d6fde47e2b0c7e,6eb15159c9bc87a29dcee72291a257923cc7ed439af926f55ddf4ded5b9957e2,4b73468fc5b0f1950f9f66fada70ad3a4f9327cb,StatsBomb Open Data via Stage91 + Stage92 verified identity bridge,true,true,false,false,false,false,false,false
18869,A. Smith,6409,Adam Smith,3754193,28,AFC Bournemouth,2015-10-17,2,Premier League,27,2015/2016,1,1,0,0.028205842,0.028205842,0.000000000,0,0.000000000,EXACT_FULL_NAME_VIA_VERIFIED_TRANSFER,HIGH,9069a3d58006ec58682984a9d91b19d9db8705b2d70eb1762cad55fb1224c4d9,0bb1e99fc1118155b4f344656f7ec36777f54ea2c08cee50968e705eccf7741b,4b73468fc5b0f1950f9f66fada70ad3a4f9327cb,StatsBomb Open Data via Stage91 + Stage92 verified identity bridge,true,true,false,false,false,false,false,false
18869,A. Smith,6409,Adam Smith,3754219,28,AFC Bournemouth,2015-12-19,2,Premier League,27,2015/2016,2,2,0,0.076894470,0.076894470,0.000000000,1,0.011636744,EXACT_FULL_NAME_VIA_VERIFIED_TRANSFER,HIGH,c963ea0962e755fceaaaee523cc0c3816736c7f61457837951a1d991c75b53eb,d730892186643043853e903d3b56536a68eb90188655c88ce6e2cbb3aeea4ceb,4b73468fc5b0f1950f9f66fada70ad3a4f9327cb,StatsBomb Open Data via Stage91 + Stage92 verified identity bridge,true,true,false,false,false,false,false,false
18869,A. Smith,6409,Adam Smith,3754238,28,AFC Bournemouth,2015-11-07,2,Premier League,27,2015/2016,1,1,0,0.043637280,0.043637280,0.000000000,1,0.049359806,EXACT_FULL_NAME_VIA_VERIFIED_TRANSFER,HIGH,e1519f5dd17ca1cb255b158e6701ee33cd8bdeb56129695933474ed33ed24782,ef15916f69457285b89014f02d4ccb5dd6247591b49dab3e0f68af2317f10cfc,4b73468fc5b0f1950f9f66fada70ad3a4f9327cb,StatsBomb Open Data via Stage91 + Stage92 verified identity bridge,true,true,false,false,false,false,false,false
18869,A. Smith,6409,Adam Smith,3754253,28,AFC Bournemouth,2016-02-07,2,Premier League,27,2015/2016,1,1,0,0.056943372,0.056943372,0.000000000,3,0.076516322,EXACT_FULL_NAME_VIA_VERIFIED_TRANSFER,HIGH,7513d145e7ecd65b83293821a5ca87b1c3538859b010ac6420aaec545c11ee6e,e13cacca46fce65f1ac8852aed29bd9d8b67e01ab165a16de8f3f71a72f0c8dc,4b73468fc5b0f1950f9f66fada70ad3a4f9327cb,StatsBomb Open Data via Stage91 + Stage92 verified identity bridge,true,true,false,false,false,false,false,false
18869,A. Smith,6409,Adam Smith,3754315,28,AFC Bournemouth,2015-09-12,2,Premier League,27,2015/2016,0,0,0,0.000000000,0.000000000,0.000000000,1,0.049492385,EXACT_FULL_NAME_VIA_VERIFIED_TRANSFER,HIGH,f7bc4393640ddb69a92c225b243cc2131c34964ac1c7ac6e852944ba0a5a43a6,1281d41555470aa6f2b035a20c7d9c3ee3887d481cdd7d9b08129eed99518e6f,4b73468fc5b0f1950f9f66fada70ad3a4f9327cb,StatsBomb Open Data via Stage91 + Stage92 verified identity bridge,true,true,false,false,false,false,false,false
189,D. Padelli,34881,Daniele Padelli,3878606,241,Torino,2015-09-20,12,Serie A,27,2015/2016,0,0,0,0.000000000,0.000000000,0.000000000,1,0.036764536,EXACT_FULL_NAME_VIA_VERIFIED_TRANSFER,HIGH,7b9b37a05489a53fb0133a358e0abb22ca64e3239be72aa611c68a42668badf6,47223475df40c945df3d7f3bc2d0d1eb3ce6b5f6440588f00a2c70a0ff0e65c0,4b73468fc5b0f1950f9f66fada70ad3a4f9327cb,StatsBomb Open Data via Stage91 + Stage92 verified identity bridge,true,true,false,false,false,false,false,false
1904,B. Kamara,4433,Boubacar Kamara,3802902,147,Olympique de Marseille,2021-10-24,7,Ligue 1,108,2021/2022,1,1,0,0.017006677,0.017006677,0.000000000,1,0.062970060,EXACT_FULL_NAME_VIA_VERIFIED_TRANSFER,HIGH,b5e2637260878711407a404d8c5bc685e4db6bfbf6b6fb12b2d05678f90e3751,c25dae77554d054be079f29c5c6b964e0ce5e3046a40dff6ddbaa1438fd10848,4b73468fc5b0f1950f9f66fada70ad3a4f9327cb,StatsBomb Open Data via Stage91 + Stage92 verified identity bridge,true,true,false,false,false,false,false,false
19179,T. Mings,3323,Tyrone Mings,3788745,768,England,2021-06-13,55,UEFA Euro,43,2020,0,0,0,0.000000000,0.000000000,0.000000000,1,0.060603306,EXACT_FULL_NAME_VIA_VERIFIED_TRANSFER,HIGH,2d8f636fdf9af564f21366d67dc74dbba02f4378b2bc0173f9912d32f7aa1c08,4a253381847b2a7b363688d73f7e49a96f26117a92714a83b60a7cc502619d4f,4b73468fc5b0f1950f9f66fada70ad3a4f9327cb,StatsBomb Open Data via Stage91 + Stage92 verified identity bridge,true,true,false,false,false,false,false,false
19187,J. Grealish,9638,Jack Grealish,3754017,59,Aston Villa,2015-10-24,2,Premier League,27,2015/2016,0,0,0,0.000000000,0.000000000,0.000000000,1,0.102013394,EXACT_FULL_NAME_VIA_VERIFIED_TRANSFER,HIGH,74c8009d1d5c1956a60e2c52b1822b5dcc006c362a62783371c36db4f2a8c48e,39be102ff1f0fc177bf607c3cc1f4c78bb7c83181cc70b38b9b27582b9bc4f75,4b73468fc5b0f1950f9f66fada70ad3a4f9327cb,StatsBomb Open Data via Stage91 + Stage92 verified identity bridge,true,true,false,false,false,false,false,false
19187,J. Grealish,9638,Jack Grealish,3754029,59,Aston Villa,2015-11-02,2,Premier League,27,2015/2016,3,3,0,0.064786603,0.064786603,0.000000000,0,0.000000000,EXACT_FULL_NAME_VIA_VERIFIED_TRANSFER,HIGH,794cc3b03546be989d0480167dd9ca734c7b0ead1057668909205fa022834704,6b3c84ef90caa537194cfd45299150fffbbaaa5782c6d368265e57698bb3fe85,4b73468fc5b0f1950f9f66fada70ad3a4f9327cb,StatsBomb Open Data via Stage91 + Stage92 verified identity bridge,true,true,false,false,false,false,false,false
19187,J. Grealish,9638,Jack Grealish,3754041,59,Aston Villa,2016-05-15,2,Premier League,27,2015/2016,1,1,0,0.056488220,0.056488220,0.000000000,0,0.000000000,EXACT_FULL_NAME_VIA_VERIFIED_TRANSFER,HIGH,a8fbda5fe279ae0eff7a417a80db024f5667ac522c3d94c769055ad5f5bf5ca7,3ed5dc6343d7bd256b8eba900b8e497c3c299aec504700b853c689a0ce15567c,4b73468fc5b0f1950f9f66fada70ad3a4f9327cb,StatsBomb Open Data via Stage91 + Stage92 verified identity bridge,true,true,false,false,false,false,false,false
19187,J. Grealish,9638,Jack Grealish,3754068,59,Aston Villa,2015-09-19,2,Premier League,27,2015/2016,2,2,0,0.079226360,0.079226360,0.000000000,1,0.022118682,EXACT_FULL_NAME_VIA_VERIFIED_TRANSFER,HIGH,f3f0cf932662d44f11726cd9a069697ce3d491da2f01b474f0bc7604b5356e57,81520fa57f59d910cd7967d059b98010b95346023e99fbd44e2a9a39d81b4d42,4b73468fc5b0f1950f9f66fada70ad3a4f9327cb,StatsBomb Open Data via Stage91 + Stage92 verified identity bridge,true,true,false,false,false,false,false,false
19187,J. Grealish,9638,Jack Grealish,3754075,59,Aston Villa,2016-04-02,2,Premier League,27,2015/2016,1,1,0,0.107056080,0.107056080,0.000000000,1,0.041788258,EXACT_FULL_NAME_VIA_VERIFIED_TRANSFER,HIGH,2e2dea7f2498bc1af512b9bd72c4c284c10610d1a326337aadccb6ed5f742e3b,bab19f6b0627c39e7d1fdbe7ea273c262ad87f70297ef24155434023ab7aced8,4b73468fc5b0f1950f9f66fada70ad3a4f9327cb,StatsBomb Open Data via Stage91 + Stage92 verified identity bridge,true,true,false,false,false,false,false,false
19187,J. Grealish,9638,Jack Grealish,3754106,59,Aston Villa,2015-09-13,2,Premier League,27,2015/2016,3,3,0,0.228303970,0.228303970,0.000000000,1,0.027363540,EXACT_FULL_NAME_VIA_VERIFIED_TRANSFER,HIGH,a85e538c72f4e24eee23b8db9c2c65a1f43107c419b6d0de567d7e8745ce8d9c,75ec6777c277d659b43c061c2eb85451169f9e26705220c7a90413c37688b842,4b73468fc5b0f1950f9f66fada70ad3a4f9327cb,StatsBomb Open Data via Stage91 + Stage92 verified identity bridge,true,true,false,false,false,false,false,false
19187,J. Grealish,9638,Jack Grealish,3754115,59,Aston Villa,2015-10-17,2,Premier League,27,2015/2016,2,2,0,0.051184776,0.051184776,0.000000000,1,0.049216557,EXACT_FULL_NAME_VIA_VERIFIED_TRANSFER,HIGH,534fcdb39a958b4a8ac25737fcb87290567e7f37c77a6f6c045c324b5ff0bc95,1c83a1d297d723cb7cfd81353ff4726c0d37ba6762730ef32fe05972639ee8a2,4b73468fc5b0f1950f9f66fada70ad3a4f9327cb,StatsBomb Open Data via Stage91 + Stage92 verified identity bridge,true,true,false,false,false,false,false,false
19187,J. Grealish,9638,Jack Grealish,3754190,59,Aston Villa,2015-08-22,2,Premier League,27,2015/2016,2,2,0,0.044053141,0.044053141,0.000000000,1,0.038452350,EXACT_FULL_NAME_VIA_VERIFIED_TRANSFER,HIGH,41079949fa857ec5ee3a078587a84dc3126ab08b6ab3e8fcb8a225a024ae314c,b72028dcaa162cef9ca19b6507d7044ce4dbecbfee1c8c5d7d30d365720ced17,4b73468fc5b0f1950f9f66fada70ad3a4f9327cb,StatsBomb Open Data via Stage91 + Stage92 verified identity bridge,true,true,false,false,false,false,false,false
19187,J. Grealish,9638,Jack Grealish,3754282,59,Aston Villa,2016-04-23,2,Premier League,27,2015/2016,0,0,0,0.000000000,0.000000000,0.000000000,1,0.078222744,EXACT_FULL_NAME_VIA_VERIFIED_TRANSFER,HIGH,61deddc11bc58dcfcedea7ac9cafd41bdfca8dd1bff08cf7b0708fb7d5a6469a,0e2b556395fbfaf2338f5405dc4fb94954e6ab77c4ad390b7342d1176294ecf1,4b73468fc5b0f1950f9f66fada70ad3a4f9327cb,StatsBomb Open Data via Stage91 + Stage92 verified identity bridge,true,true,false,false,false,false,false,false
19187,J. Grealish,9638,Jack Grealish,3754283,59,Aston Villa,2015-11-21,2,Premier League,27,2015/2016,1,1,0,0.039676666,0.039676666,0.000000000,4,0.126655224,EXACT_FULL_NAME_VIA_VERIFIED_TRANSFER,HIGH,8dbca8858bf2536c1c1e80339b28889b40e145e705cb6f15fccbf837e860b453,75b72caf67f43a8a1fe098260a455db0aefdb8d6bb0d947e6c9bca3924eb266d,4b73468fc5b0f1950f9f66fada70ad3a4f9327cb,StatsBomb Open Data via Stage91 + Stage92 verified identity bridge,true,true,false,false,false,false,false,false
19187,J. Grealish,9638,Jack Grealish,3754330,59,Aston Villa,2015-10-03,2,Premier League,27,2015/2016,1,1,0,0.034181617,0.034181617,0.000000000,0,0.000000000,EXACT_FULL_NAME_VIA_VERIFIED_TRANSFER,HIGH,509bbdee9f349d3c121f6e7a57d477c482b65da860f0480db4c07350700f1f7e,3de6a81ef7a310262cd78db498aae4dfe7873ebc9e2c9be8c93d80690af87184,4b73468fc5b0f1950f9f66fada70ad3a4f9327cb,StatsBomb Open Data via Stage91 + Stage92 verified identity bridge,true,true,false,false,false,false,false,false
19187,J. Grealish,9638,Jack Grealish,3788772,768,England,2021-06-22,55,UEFA Euro,43,2020,0,0,0,0.000000000,0.000000000,0.000000000,2,0.351792810,EXACT_FULL_NAME_VIA_VERIFIED_TRANSFER,HIGH,233dec21a025d19588b80568accbe027c7f480ea395397258a41386f011cca3f,76d0711704fb815eb7907d53e4b279679c356ac8b931e9974dc0c849a73c33c2,4b73468fc5b0f1950f9f66fada70ad3a4f9327cb,StatsBomb Open Data via Stage91 + Stage92 verified identity bridge,true,true,false,false,false,false,false,false
19187,J. Grealish,9638,Jack Grealish,3794688,768,England,2021-06-29,55,UEFA Euro,43,2020,0,0,0,0.000000000,0.000000000,0.000000000,1,0.439126250,EXACT_FULL_NAME_VIA_VERIFIED_TRANSFER,HIGH,5426c69639e92610a947898614e615f0051aeba9c44021d816fa76a179c3a930,1050c9a0730989bddf32f594dca840b52374632a399aad1b13be6e748da9c1a9,4b73468fc5b0f1950f9f66fada70ad3a4f9327cb,StatsBomb Open Data via Stage91 + Stage92 verified identity bridge,true,true,false,false,false,false,false,false
19187,J. Grealish,9638,Jack Grealish,3795221,768,England,2021-07-07,55,UEFA Euro,43,2020,1,1,0,0.015307101,0.015307101,0.000000000,2,0.210849082,EXACT_FULL_NAME_VIA_VERIFIED_TRANSFER,HIGH,c82a9bffbeecab110ba6208a29b4dcce7bd21a5fd4b9dce8353f8fa59cd3ebfd,04ba852b0bead873dd468a38bbfb20dd48b02301b7c4a3fe697be878040f0d9d,4b73468fc5b0f1950f9f66fada70ad3a4f9327cb,StatsBomb Open Data via Stage91 + Stage92 verified identity bridge,true,true,false,false,false,false,false,false
19187,J. Grealish,9638,Jack Grealish,3795506,768,England,2021-07-11,55,UEFA Euro,43,2020,1,1,0,0.074520050,0.074520050,0.000000000,0,0.000000000,EXACT_FULL_NAME_VIA_VERIFIED_TRANSFER,HIGH,10caabe7aa42d7d23142993cc4b25d037249dd59e3fe7e80553755fa15184035,bb26e2ef8d4bb360f1c96c3eafebfff441e48941724d13a8633540654ba3cce1,4b73468fc5b0f1950f9f66fada70ad3a4f9327cb,StatsBomb Open Data via Stage91 + Stage92 verified identity bridge,true,true,false,false,false,false,false,false
19187,J. Grealish,9638,Jack Grealish,3857261,768,England,2022-11-29,43,FIFA World Cup,106,2022,0,0,0,0.000000000,0.000000000,0.000000000,1,0.097535070,EXACT_FULL_NAME_VIA_VERIFIED_TRANSFER,HIGH,d771f217b5a5c39860d0f071307b6a009eb7e667863a87f11f1e484b39822d3f,762c7cc4df6442de4952ecbeabdb835b9d0fb50fcb678b627d0a9283dbf9e7e1,4b73468fc5b0f1950f9f66fada70ad3a4f9327cb,StatsBomb Open Data via Stage91 + Stage92 verified identity bridge,true,true,false,false,false,false,false,false
19187,J. Grealish,9638,Jack Grealish,3857271,768,England,2022-11-21,43,FIFA World Cup,106,2022,1,1,0,0.626280900,0.626280900,0.000000000,0,0.000000000,EXACT_FULL_NAME_VIA_VERIFIED_TRANSFER,HIGH,3a6f200c11f6df9bfacfe7376d00520631bfa3ad665c7223b0e6d5291f3fc2d2,606ee5b47cb0e629f1071e817b4e9cb0a9a48fb5851e4379cd426a92afd8c5d2,4b73468fc5b0f1950f9f66fada70ad3a4f9327cb,StatsBomb Open Data via Stage91 + Stage92 verified identity bridge,true,true,false,false,false,false,false,false
19187,J. Grealish,9638,Jack Grealish,3857272,768,England,2022-11-25,43,FIFA World Cup,106,2022,0,0,0,0.000000000,0.000000000,0.000000000,1,0.009332121,EXACT_FULL_NAME_VIA_VERIFIED_TRANSFER,HIGH,b796ea6163272dfc2cea842152b2a0bf350e3c1625510ae4e9451519fbfa1343,f749b56c04cec2030cbb07cb421402f91393c2c7be4539a4664e0798ddc5d147,4b73468fc5b0f1950f9f66fada70ad3a4f9327cb,StatsBomb Open Data via Stage91 + Stage92 verified identity bridge,true,true,false,false,false,false,false,false
19191,J.  McGinn,9974,John McGinn,3788748,942,Scotland,2021-06-14,55,UEFA Euro,43,2020,4,4,0,0.213825177,0.213825177,0.000000000,1,0.256372270,EXACT_FULL_NAME_VIA_VERIFIED_TRANSFER,HIGH,810c7f3322c554efc4f30152c9eda84c5fb334e28b3f064df83d244ed0e93ef2,1e669e09c0850a54469a4788c5da51c5a788a4b6570e049644905144c4d6dd83,4b73468fc5b0f1950f9f66fada70ad3a4f9327cb,StatsBomb Open Data via Stage91 + Stage92 verified identity bridge,true,true,false,false,false,false,false,false
19191,J.  McGinn,9974,John McGinn,3788759,942,Scotland,2021-06-18,55,UEFA Euro,43,2020,1,1,0,0.016838156,0.016838156,0.000000000,0,0.000000000,EXACT_FULL_NAME_VIA_VERIFIED_TRANSFER,HIGH,21bf9daf4cd0f07d3ebbf3f0e2b814e19b3ccfa939e86611703caab4992f0c04,24e973e9f359c5a91b24cf4a57c5d95b093dc6fa02b49f86de101273891bcb65,4b73468fc5b0f1950f9f66fada70ad3a4f9327cb,StatsBomb Open Data via Stage91 + Stage92 verified identity bridge,true,true,false,false,false,false,false,false
19191,J.  McGinn,9974,John McGinn,3788771,942,Scotland,2021-06-22,55,UEFA Euro,43,2020,2,2,0,0.371955014,0.371955014,0.000000000,1,0.034627773,EXACT_FULL_NAME_VIA_VERIFIED_TRANSFER,HIGH,5eba4d9f6fcc1aaf3d9c3338f7d61e05ad3f41fb8bba1d63c99f24927d27ff25,f0161932190e03bda4a7e1c865c21872a3b52780ee9eb9bcb94657628d58f799,4b73468fc5b0f1950f9f66fada70ad3a4f9327cb,StatsBomb Open Data via Stage91 + Stage92 verified identity bridge,true,true,false,false,false,false,false,false
19220,M. Mount,7843,Mason Mount,3788745,768,England,2021-06-13,55,UEFA Euro,43,2020,1,1,0,0.058016267,0.058016267,0.000000000,1,0.243753100,EXACT_FULL_NAME_VIA_VERIFIED_TRANSFER,HIGH,c232a4ed8643ed50c9831c40ed5738681d99cf119a5e585e31a5027f30a3fb00,4a253381847b2a7b363688d73f7e49a96f26117a92714a83b60a7cc502619d4f,4b73468fc5b0f1950f9f66fada70ad3a4f9327cb,StatsBomb Open Data via Stage91 + Stage92 verified identity bridge,true,true,false,false,false,false,false,false
19220,M. Mount,7843,Mason Mount,3788759,768,England,2021-06-18,55,UEFA Euro,43,2020,3,3,0,0.246645183,0.246645183,0.000000000,2,0.292557442,EXACT_FULL_NAME_VIA_VERIFIED_TRANSFER,HIGH,0d8c0896a8951724031fe7262a2e371e3fc79b02f39e7c72c6297a563f07fc63,24e973e9f359c5a91b24cf4a57c5d95b093dc6fa02b49f86de101273891bcb65,4b73468fc5b0f1950f9f66fada70ad3a4f9327cb,StatsBomb Open Data via Stage91 + Stage92 verified identity bridge,true,true,false,false,false,false,false,false
19220,M. Mount,7843,Mason Mount,3795187,768,England,2021-07-03,55,UEFA Euro,43,2020,1,1,0,0.077203500,0.077203500,0.000000000,2,0.278703775,EXACT_FULL_NAME_VIA_VERIFIED_TRANSFER,HIGH,d59d1127f96ab33703bb0d3ad6f46218939c5f86e3ac8aff37496258b6eda027,0a5de781cebf3dd86d783dafb4ca0bd5b0c3537fb338e4bbce6691921e15c347,4b73468fc5b0f1950f9f66fada70ad3a4f9327cb,StatsBomb Open Data via Stage91 + Stage92 verified identity bridge,true,true,false,false,false,false,false,false
19220,M. Mount,7843,Mason Mount,3795221,768,England,2021-07-07,55,UEFA Euro,43,2020,2,2,0,0.144101820,0.144101820,0.000000000,4,0.212714763,EXACT_FULL_NAME_VIA_VERIFIED_TRANSFER,HIGH,625ddf4d3e8254c5f373074cdde0dda4f05e56bb4a247aa72397e2d4286b1cb2,04ba852b0bead873dd468a38bbfb20dd48b02301b7c4a3fe697be878040f0d9d,4b73468fc5b0f1950f9f66fada70ad3a4f9327cb,StatsBomb Open Data via Stage91 + Stage92 verified identity bridge,true,true,false,false,false,false,false,false
19220,M. Mount,7843,Mason Mount,3857271,768,England,2022-11-21,43,FIFA World Cup,106,2022,1,1,0,0.066974920,0.066974920,0.000000000,1,0.028282227,EXACT_FULL_NAME_VIA_VERIFIED_TRANSFER,HIGH,e4cfd1b975ee9bae5475fc26f3e230182cf2588a24129567ae081f67729bf5d8,606ee5b47cb0e629f1071e817b4e9cb0a9a48fb5851e4379cd426a92afd8c5d2,4b73468fc5b0f1950f9f66fada70ad3a4f9327cb,StatsBomb Open Data via Stage91 + Stage92 verified identity bridge,true,true,false,false,false,false,false,false
19220,M. Mount,7843,Mason Mount,3857272,768,England,2022-11-25,43,FIFA World Cup,106,2022,2,2,0,0.090719145,0.090719145,0.000000000,0,0.000000000,EXACT_FULL_NAME_VIA_VERIFIED_TRANSFER,HIGH,2d5ad5f192eaec74fa506fe9c9b75e3711b5f283392acd20f231d85f05491301,f749b56c04cec2030cbb07cb421402f91393c2c7be4539a4664e0798ddc5d147,4b73468fc5b0f1950f9f66fada70ad3a4f9327cb,StatsBomb Open Data via Stage91 + Stage92 verified identity bridge,true,true,false,false,false,false,false,false
19220,M. Mount,7843,Mason Mount,3869354,768,England,2022-12-10,43,FIFA World Cup,106,2022,1,1,0,0.024138648,0.024138648,0.000000000,0,0.000000000,EXACT_FULL_NAME_VIA_VERIFIED_TRANSFER,HIGH,9938a59235e7edca59880aafa9a97af15c22c59bff30f26bd3257280a9b7c50c,ff8125681456581146fd1a7fb88dfba8340d2c316a9af8a98fd954f1ba903bce,4b73468fc5b0f1950f9f66fada70ad3a4f9327cb,StatsBomb Open Data via Stage91 + Stage92 verified identity bridge,true,true,false,false,false,false,false,false
19281,A. Semenyo,9286,Antoine Semenyo,3857293,4885,Ghana,2022-12-02,43,FIFA World Cup,106,2022,1,1,0,0.120244330,0.120244330,0.000000000,0,0.000000000,EXACT_FULL_NAME_VIA_VERIFIED_TRANSFER,HIGH,1a40e7831fe9e502e482882fd619f885dfb3ee3e224a9a95aaec61be6c24b887,7eb7490e913079f2dc1c1036382f6e6a4ccc16dbf845c13d9431d7fbfff0ca45,4b73468fc5b0f1950f9f66fada70ad3a4f9327cb,StatsBomb Open Data via Stage91 + Stage92 verified identity bridge,true,true,false,false,false,false,false,false
19281,A. Semenyo,9286,Antoine Semenyo,3920387,4885,Ghana,2024-01-14,1267,African Cup of Nations,107,2023,0,0,0,0.000000000,0.000000000,0.000000000,1,0.292533930,EXACT_FULL_NAME_VIA_VERIFIED_TRANSFER,HIGH,082a835d0cbd860144194a07c2741508a60f9aed664a81874bcb9f74afd3647a,c496ceedbdc5324205bf1aea3f69419580fa892463a5a1727d942d97db74712d,4b73468fc5b0f1950f9f66fada70ad3a4f9327cb,StatsBomb Open Data via Stage91 + Stage92 verified identity bridge,true,true,false,false,false,false,false,false
19281,A. Semenyo,9286,Antoine Semenyo,3920396,4885,Ghana,2024-01-18,1267,African Cup of Nations,107,2023,1,1,0,0.037763234,0.037763234,0.000000000,0,0.000000000,EXACT_FULL_NAME_VIA_VERIFIED_TRANSFER,HIGH,85bbec080d2386fd5133d7f0444a770355c3b70d650d13a39338cdb18cb5db2d,3289ff5f0796555e2ebab75adc0e5cda0399450de4a26b08e6c72f3be5c81399,4b73468fc5b0f1950f9f66fada70ad3a4f9327cb,StatsBomb Open Data via Stage91 + Stage92 verified identity bridge,true,true,false,false,false,false,false,false
19281,A. Semenyo,9286,Antoine Semenyo,3920410,4885,Ghana,2024-01-22,1267,African Cup of Nations,107,2023,1,1,0,0.041300800,0.041300800,0.000000000,0,0.000000000,EXACT_FULL_NAME_VIA_VERIFIED_TRANSFER,HIGH,7b7cc54f11d983f0b614290508a0fac67b9772d4ef153a6994f871aa0e5be191,e12ffefe3f6000abc6247b87c3ba45e685e52fb660d16142eca92c5f711d46a2,4b73468fc5b0f1950f9f66fada70ad3a4f9327cb,StatsBomb Open Data via Stage91 + Stage92 verified identity bridge,true,true,false,false,false,false,false,false
1939,J. Piotrowski,20841,Jakub Piotrowski,3938637,789,Poland,2024-06-16,55,UEFA Euro,282,2024,1,1,0,0.021284437,0.021284437,0.000000000,1,0.131449520,EXACT_FULL_NAME_VIA_VERIFIED_TRANSFER,HIGH,0273c98c22e36180a114fae6801f09b55c645e78bbee274dcae61a4196d69028,ad83e03096240fe52742cb3a0e7ce8e6db403753cf947e23822e112ef41579e1,4b73468fc5b0f1950f9f66fada70ad3a4f9327cb,StatsBomb Open Data via Stage91 + Stage92 verified identity bridge,true,true,false,false,false,false,false,false
1939,J. Piotrowski,20841,Jakub Piotrowski,3938641,789,Poland,2024-06-21,55,UEFA Euro,282,2024,1,1,0,0.047813110,0.047813110,0.000000000,0,0.000000000,EXACT_FULL_NAME_VIA_VERIFIED_TRANSFER,HIGH,684080dbec4272251a898e0d214640b2ee99d594068209dabf496bdce63a6984,a7794f7966a74fc303b51e4b18790013e1e5541b94349faac5d54dcbacade48f,4b73468fc5b0f1950f9f66fada70ad3a4f9327cb,StatsBomb Open Data via Stage91 + Stage92 verified identity bridge,true,true,false,false,false,false,false,false
19545,R. James,9550,Reece James,3788759,768,England,2021-06-18,55,UEFA Euro,43,2020,1,1,0,0.055685814,0.055685814,0.000000000,2,0.226620413,EXACT_FULL_NAME_VIA_VERIFIED_TRANSFER,HIGH,e7065eb5303e0386e8ce6b7c9b4bba6d55af5c100ceb04ddf4a6ef124b4078ce,24e973e9f359c5a91b24cf4a57c5d95b093dc6fa02b49f86de101273891bcb65,4b73468fc5b0f1950f9f66fada70ad3a4f9327cb,StatsBomb Open Data via Stage91 + Stage92 verified identity bridge,true,true,false,false,false,false,false,false
19549,A. Robinson,4614,Antonee Robinson,3857272,1839,United States,2022-11-25,43,FIFA World Cup,106,2022,0,0,0,0.000000000,0.000000000,0.000000000,2,0.041995466,EXACT_FULL_NAME_VIA_VERIFIED_TRANSFER,HIGH,b0b0e0d190f7a341928decd470db94c41f57cdfa1a90c202b691d3829e839277,f749b56c04cec2030cbb07cb421402f91393c2c7be4539a4664e0798ddc5d147,4b73468fc5b0f1950f9f66fada70ad3a4f9327cb,StatsBomb Open Data via Stage91 + Stage92 verified identity bridge,true,true,false,false,false,false,false,false
19549,A. Robinson,4614,Antonee Robinson,3857282,1839,United States,2022-11-21,43,FIFA World Cup,106,2022,0,0,0,0.000000000,0.000000000,0.000000000,1,0.253327730,EXACT_FULL_NAME_VIA_VERIFIED_TRANSFER,HIGH,b129a04713b3cadadbb617724c9e463a2510b1d3edd282e0b2b04e732061f042,d2df23c0f0e4dd42d26ac74dc97f726c8c84a544beacfe2b0bbef62a76f323a4,4b73468fc5b0f1950f9f66fada70ad3a4f9327cb,StatsBomb Open Data via Stage91 + Stage92 verified identity bridge,true,true,false,false,false,false,false,false
19549,A. Robinson,4614,Antonee Robinson,3939974,1839,United States,2024-06-23,223,Copa America,282,2024,2,2,0,0.069431041,0.069431041,0.000000000,5,1.046896605,EXACT_FULL_NAME_VIA_VERIFIED_TRANSFER,HIGH,e22b03bc37defc15758e126cc313a3032ae445a538411b5b7b76309b4fc8177a,37b297bc3204dbb4f33acffab084428411b1a313b4139e7d0ce6c654476c4bbb,4b73468fc5b0f1950f9f66fada70ad3a4f9327cb,StatsBomb Open Data via Stage91 + Stage92 verified identity bridge,true,true,false,false,false,false,false,false
19549,A. Robinson,4614,Antonee Robinson,3939981,1839,United States,2024-06-27,223,Copa America,282,2024,0,0,0,0.000000000,0.000000000,0.000000000,1,0.047028550,EXACT_FULL_NAME_VIA_VERIFIED_TRANSFER,HIGH,74d360c743103be5b2946eca648fe200784ae3f84037ee841db0a3e7e9355f99,6c23dd738d673a18ce12f6afba26871e905190b622c0f33e25f4b5bf12e3d4ab,4b73468fc5b0f1950f9f66fada70ad3a4f9327cb,StatsBomb Open Data via Stage91 + Stage92 verified identity bridge,true,true,false,false,false,false,false,false
19549,A. Robinson,4614,Antonee Robinson,3939990,1839,United States,2024-07-02,223,Copa America,282,2024,1,1,0,0.027801150,0.027801150,0.000000000,0,0.000000000,EXACT_FULL_NAME_VIA_VERIFIED_TRANSFER,HIGH,fdc8a7098572388ab44c79dbb4f6ddd640556b349cf05e69dcc91bccd886eb4f,934f8bef37ae1ed010fe2e6a8adec3816ef89a7b8be08825d6976c2af243bd45,4b73468fc5b0f1950f9f66fada70ad3a4f9327cb,StatsBomb Open Data via Stage91 + Stage92 verified identity bridge,true,true,false,false,false,false,false,false
19586,E. Eze,9000,Eberechi Eze,3941017,768,England,2024-06-30,55,UEFA Euro,282,2024,1,1,0,0.028122703,0.028122703,0.000000000,0,0.000000000,EXACT_FULL_NAME_VIA_VERIFIED_TRANSFER,HIGH,f924da3da04cc187068a9032319228857dfdfcc2c2390bef0ab827e1de70402d,1632a7f9d0de3d3cb441b634af76676916ddde48ee2b1bf9323083f7a4075c11,4b73468fc5b0f1950f9f66fada70ad3a4f9327cb,StatsBomb Open Data via Stage91 + Stage92 verified identity bridge,true,true,false,false,false,false,false,false
19586,E. Eze,9000,Eberechi Eze,3942227,768,England,2024-07-06,55,UEFA Euro,282,2024,1,1,0,0.012332749,0.012332749,0.000000000,0,0.000000000,EXACT_FULL_NAME_VIA_VERIFIED_TRANSFER,HIGH,0e57ec893e699d79a2708b9916e32fe49e7935122c48bd2bb783df84164df60f,cdea56bfb63d25fa0585e6d6583a9b15d4e898d33ee6c27af30b9499ff3d91a0,4b73468fc5b0f1950f9f66fada70ad3a4f9327cb,StatsBomb Open Data via Stage91 + Stage92 verified identity bridge,true,true,false,false,false,false,false,false
19591,Paweł Wszołek,11339,Paweł Wszołek,3879551,226,Hellas Verona,2015-09-27,12,Serie A,27,2015/2016,0,0,0,0.000000000,0.000000000,0.000000000,1,0.036396902,EXACT_FULL_NAME_VIA_VERIFIED_TRANSFER,HIGH,c31f7a910be3fd1a49107da9a816a4deb6be771cdbde29e96a9631ff468041b8,d477b1afff0cbe990c6d53bb43e1f6fa824093af4afd022c0f7d3578c5a60df4,4b73468fc5b0f1950f9f66fada70ad3a4f9327cb,StatsBomb Open Data via Stage91 + Stage92 verified identity bridge,true,true,false,false,false,false,false,false
19591,Paweł Wszołek,11339,Paweł Wszołek,3879641,226,Hellas Verona,2015-12-06,12,Serie A,27,2015/2016,0,0,0,0.000000000,0.000000000,0.000000000,2,0.091329251,EXACT_FULL_NAME_VIA_VERIFIED_TRANSFER,HIGH,2ba49fd918b5333c9d98d54def816554b3305183fcf35bbc3a919f2aee1ea6d4,858ff061c5c326079bc8a7948c1c961a7011b81c135a3a8ca495f36b9b5f5d1e,4b73468fc5b0f1950f9f66fada70ad3a4f9327cb,StatsBomb Open Data via Stage91 + Stage92 verified identity bridge,true,true,false,false,false,false,false,false
19591,Paweł Wszołek,11339,Paweł Wszołek,3879652,226,Hellas Verona,2015-12-13,12,Serie A,27,2015/2016,0,0,0,0.000000000,0.000000000,0.000000000,2,0.095786143,EXACT_FULL_NAME_VIA_VERIFIED_TRANSFER,HIGH,fc2ee04d792446bea45228d7461beca917576d0e264d45aa7af0a2ebb25a64f3,cc5e1a045ee6a88ce76f9416ef737dc7bfadd5a5f6646cd4d8a27c462acd7ccd,4b73468fc5b0f1950f9f66fada70ad3a4f9327cb,StatsBomb Open Data via Stage91 + Stage92 verified identity bridge,true,true,false,false,false,false,false,false
19591,Paweł Wszołek,11339,Paweł Wszołek,3879663,226,Hellas Verona,2015-12-20,12,Serie A,27,2015/2016,1,1,0,0.029909685,0.029909685,0.000000000,1,0.521142400,EXACT_FULL_NAME_VIA_VERIFIED_TRANSFER,HIGH,3dacfd23a3dfa43955aeb5bb94ec9749319f6838a9486044716d3024e2be443b,06c36840425e0d9e74e8ca615919560908bb6550954e5fa2503f06ea47367776,4b73468fc5b0f1950f9f66fada70ad3a4f9327cb,StatsBomb Open Data via Stage91 + Stage92 verified identity bridge,true,true,false,false,false,false,false,false
19591,Paweł Wszołek,11339,Paweł Wszołek,3879691,226,Hellas Verona,2016-01-17,12,Serie A,27,2015/2016,2,2,0,0.206733180,0.206733180,0.000000000,1,0.083242550,EXACT_FULL_NAME_VIA_VERIFIED_TRANSFER,HIGH,67988ad1fe4842d316ecd3289ffea8496bde94f24c5ebdf7bac24008e1afebc2,90ce68e7ee40f4e5a3eb629d7fbeb176127cab5cc1b60be3f1a286fc53672308,4b73468fc5b0f1950f9f66fada70ad3a4f9327cb,StatsBomb Open Data via Stage91 + Stage92 verified identity bridge,true,true,false,false,false,false,false,false
19591,Paweł Wszołek,11339,Paweł Wszołek,3879702,226,Hellas Verona,2016-01-24,12,Serie A,27,2015/2016,2,2,0,0.267891643,0.267891643,0.000000000,2,0.358725050,EXACT_FULL_NAME_VIA_VERIFIED_TRANSFER,HIGH,2096f1f958491ad0f0c03c6c050023cb1d60373860603466168c8e6db0955ba7,98a2956e7f27af5828a81664a850f74babe5d9f940d122e0a51d2bb19b390238,4b73468fc5b0f1950f9f66fada70ad3a4f9327cb,StatsBomb Open Data via Stage91 + Stage92 verified identity bridge,true,true,false,false,false,false,false,false
19591,Paweł Wszołek,11339,Paweł Wszołek,3879715,226,Hellas Verona,2016-01-31,12,Serie A,27,2015/2016,0,0,0,0.000000000,0.000000000,0.000000000,1,0.036112256,EXACT_FULL_NAME_VIA_VERIFIED_TRANSFER,HIGH,9da37f4845fb884f6014a2b47be1b98965a7507b6545f9ac171b23f98c8624a7,c86d8082c56d6146fb6d3f17845e11115553c84b565dcce34d83804654175700,4b73468fc5b0f1950f9f66fada70ad3a4f9327cb,StatsBomb Open Data via Stage91 + Stage92 verified identity bridge,true,true,false,false,false,false,false,false
19591,Paweł Wszołek,11339,Paweł Wszołek,3879722,226,Hellas Verona,2016-02-03,12,Serie A,27,2015/2016,0,0,0,0.000000000,0.000000000,0.000000000,6,1.241810161,EXACT_FULL_NAME_VIA_VERIFIED_TRANSFER,HIGH,b02e46b257de64d945e5e4888c447c6028299ed60ec73c8b9efdf89fee7ad965,3b3c780c0c5955dc5d13c336c1ed6cac414e2272b77b27558d5ed21ace5c39d3,4b73468fc5b0f1950f9f66fada70ad3a4f9327cb,StatsBomb Open Data via Stage91 + Stage92 verified identity bridge,true,true,false,false,false,false,false,false
19591,Paweł Wszołek,11339,Paweł Wszołek,3879737,226,Hellas Verona,2016-02-11,12,Serie A,27,2015/2016,1,1,0,0.095653534,0.095653534,0.000000000,3,0.317601880,EXACT_FULL_NAME_VIA_VERIFIED_TRANSFER,HIGH,b22cddefbc5afa2b004ef685c3b481f15e91087902f5be32546ac9bff7e5563e,0c4b03f474ca3586661be2ad6859232fb52ac6689ac3d82f6e51fee02e99a219,4b73468fc5b0f1950f9f66fada70ad3a4f9327cb,StatsBomb Open Data via Stage91 + Stage92 verified identity bridge,true,true,false,false,false,false,false,false
19591,Paweł Wszołek,11339,Paweł Wszołek,3879748,226,Hellas Verona,2016-02-20,12,Serie A,27,2015/2016,1,1,0,0.046070226,0.046070226,0.000000000,3,0.085584719,EXACT_FULL_NAME_VIA_VERIFIED_TRANSFER,HIGH,64839a28cf35cc4fda6d23e680a7ef3a267d1ef59bcc9787ec5e6bddfce1a18f,d53d87aa8473d82746c36d3babbe0f2b14359d764fc65d86c52d204d02f1d9fd,4b73468fc5b0f1950f9f66fada70ad3a4f9327cb,StatsBomb Open Data via Stage91 + Stage92 verified identity bridge,true,true,false,false,false,false,false,false
19591,Paweł Wszołek,11339,Paweł Wszołek,3879768,226,Hellas Verona,2016-03-05,12,Serie A,27,2015/2016,0,0,0,0.000000000,0.000000000,0.000000000,2,0.572255080,EXACT_FULL_NAME_VIA_VERIFIED_TRANSFER,HIGH,5f43bc030f5b93fa347dde1256fc8c00ba9190c6b6404b918b3129116897043e,2509a390c8a97b224d5d5df2ee888ea3559524343fdec8e43d28e6ccca98bdbc,4b73468fc5b0f1950f9f66fada70ad3a4f9327cb,StatsBomb Open Data via Stage91 + Stage92 verified identity bridge,true,true,false,false,false,false,false,false
19591,Paweł Wszołek,11339,Paweł Wszołek,3879795,226,Hellas Verona,2016-03-20,12,Serie A,27,2015/2016,0,0,0,0.000000000,0.000000000,0.000000000,3,0.460141922,EXACT_FULL_NAME_VIA_VERIFIED_TRANSFER,HIGH,bf19abf97bc2db4ed09e28fa9fb831f083da393e24b30f209b2fd33d7966776e,57d604d98c8de3f3bf46e549782c3a1b89d3fd4dd31bf055a0e5e67bef82beb1,4b73468fc5b0f1950f9f66fada70ad3a4f9327cb,StatsBomb Open Data via Stage91 + Stage92 verified identity bridge,true,true,false,false,false,false,false,false
19591,Paweł Wszołek,11339,Paweł Wszołek,3879811,226,Hellas Verona,2016-04-10,12,Serie A,27,2015/2016,1,1,0,0.102380250,0.102380250,0.000000000,0,0.000000000,EXACT_FULL_NAME_VIA_VERIFIED_TRANSFER,HIGH,90e08390073312a71947336a35e67f77ac88cdebcd9c01432479a8b8631c6260,ea01b10c8d430379c1b6f8508189dcd011769b88d9712b79b571c36ee8e220a9,4b73468fc5b0f1950f9f66fada70ad3a4f9327cb,StatsBomb Open Data via Stage91 + Stage92 verified identity bridge,true,true,false,false,false,false,false,false
19591,Paweł Wszołek,11339,Paweł Wszołek,3879829,226,Hellas Verona,2016-04-20,12,Serie A,27,2015/2016,2,2,0,0.378541660,0.378541660,0.000000000,3,0.451253610,EXACT_FULL_NAME_VIA_VERIFIED_TRANSFER,HIGH,958c4a1842e4eb14f28ae6953e7b290c2a57faf6536ffcba2846aa3459c484fd,4b5a0545f9b581e6a651a66721b5c2f36731522662afa85c0f19e150a56c7116,4b73468fc5b0f1950f9f66fada70ad3a4f9327cb,StatsBomb Open Data via Stage91 + Stage92 verified identity bridge,true,true,false,false,false,false,false,false
19591,Paweł Wszołek,11339,Paweł Wszołek,3879846,226,Hellas Verona,2016-04-25,12,Serie A,27,2015/2016,0,0,0,0.000000000,0.000000000,0.000000000,1,0.051161600,EXACT_FULL_NAME_VIA_VERIFIED_TRANSFER,HIGH,471ea7d4b4f43d8782432056e8b36126b57aeafb959f9d5cd423d0b1a34052a5,d9608937a023c3463887244f14659aabbabf1b5be368b6e6cbae9963be31a996,4b73468fc5b0f1950f9f66fada70ad3a4f9327cb,StatsBomb Open Data via Stage91 + Stage92 verified identity bridge,true,true,false,false,false,false,false,false
19591,Paweł Wszołek,11339,Paweł Wszołek,3879854,226,Hellas Verona,2016-05-01,12,Serie A,27,2015/2016,2,2,0,0.144180586,0.144180586,0.000000000,0,0.000000000,EXACT_FULL_NAME_VIA_VERIFIED_TRANSFER,HIGH,01fc83d3b04c5c8a81b8c7f1d70c02249ff617cc1fa083f2dadb95ae84512ef1,8b819c575f90be49756aa739c58886a3655a878feef39bef953b27a22ff0faa5,4b73468fc5b0f1950f9f66fada70ad3a4f9327cb,StatsBomb Open Data via Stage91 + Stage92 verified identity bridge,true,true,false,false,false,false,false,false
19591,Paweł Wszołek,11339,Paweł Wszołek,3879864,226,Hellas Verona,2016-05-08,12,Serie A,27,2015/2016,0,0,0,0.000000000,0.000000000,0.000000000,2,0.186911550,EXACT_FULL_NAME_VIA_VERIFIED_TRANSFER,HIGH,95052d74f8a4bc5b56c75f09c4d732ce71c2d952613ad132ce636892f67c32fc,b66a1f639283ff1223bb29f1ffe657bec5184d16a56abbb553d002cf43a57e94,4b73468fc5b0f1950f9f66fada70ad3a4f9327cb,StatsBomb Open Data via Stage91 + Stage92 verified identity bridge,true,true,false,false,false,false,false,false
19591,Paweł Wszołek,11339,Paweł Wszołek,3879875,226,Hellas Verona,2016-05-15,12,Serie A,27,2015/2016,0,0,0,0.000000000,0.000000000,0.000000000,1,0.026361354,EXACT_FULL_NAME_VIA_VERIFIED_TRANSFER,HIGH,d27e3e9297b7d506a8cd930f785ad8603c3a07aaf2e8eaf1821fded0f98eb91a,9e407b0f8f544aeb811969fa1535ae64a265b1d46b55cd8a74919a18f4edfc7f,4b73468fc5b0f1950f9f66fada70ad3a4f9327cb,StatsBomb Open Data via Stage91 + Stage92 verified identity bridge,true,true,false,false,false,false,false,false
19789,E. Pinnock,4610,Ethan Pinnock,3939971,2305,Jamaica,2024-06-23,223,Copa America,282,2024,0,0,0,0.000000000,0.000000000,0.000000000,1,0.013424586,EXACT_FULL_NAME_VIA_VERIFIED_TRANSFER,HIGH,53403b9c80cf8e857b4a0baf071ee0a59c8edc8bc5ed4b38a79531a6a5d90944,13d1942ef6c1cd95f2e714c9504900deb9f8c7746f2c2daca31b52cc44d9f461,4b73468fc5b0f1950f9f66fada70ad3a4f9327cb,StatsBomb Open Data via Stage91 + Stage92 verified identity bridge,true,true,false,false,false,false,false,false
19789,E. Pinnock,4610,Ethan Pinnock,3939980,2305,Jamaica,2024-06-26,223,Copa America,282,2024,1,1,0,0.125668600,0.125668600,0.000000000,0,0.000000000,EXACT_FULL_NAME_VIA_VERIFIED_TRANSFER,HIGH,2c9797108e9b3b64cbe6662dc3e486720c238ef963cb4aa1262b5d25bf0a5c70,f56315a4d97fc2dbb8ca0b167ed233e122e134e675dd7f92cdeea1cc09cee818,4b73468fc5b0f1950f9f66fada70ad3a4f9327cb,StatsBomb Open Data via Stage91 + Stage92 verified identity bridge,true,true,false,false,false,false,false,false
202854,M. Röhl,48240,Merlin Röhl,3895121,183,Freiburg,2023-10-29,9,1. Bundesliga,281,2023/2024,1,1,0,0.063671730,0.063671730,0.000000000,0,0.000000000,EXACT_FULL_NAME_VIA_VERIFIED_TRANSFER,HIGH,cc20999cb3981bccf157b28dac4b40533c4999ebbcf46a7edbe008a59efb4ae0,484f89c900a8348d6db359dcd45144c51f6286888bfd28826399a3973af8c140,4b73468fc5b0f1950f9f66fada70ad3a4f9327cb,StatsBomb Open Data via Stage91 + Stage92 verified identity bridge,true,true,false,false,false,false,false,false
202854,M. Röhl,48240,Merlin Röhl,3895275,183,Freiburg,2024-03-17,9,1. Bundesliga,281,2023/2024,2,2,0,0.143741004,0.143741004,0.000000000,1,0.029738823,EXACT_FULL_NAME_VIA_VERIFIED_TRANSFER,HIGH,cc68d75a273d947272492c759334034f5ffe0f3cd1348adec15870c877bb9554,f8aa048ddb9f38d90c363a2d839770c2e72b2e1f8e2de38e7826956a5bc46cfa,4b73468fc5b0f1950f9f66fada70ad3a4f9327cb,StatsBomb Open Data via Stage91 + Stage92 verified identity bridge,true,true,false,false,false,false,false,false
203224,F. Wirtz,40724,Florian Wirtz,3895052,904,Bayer Leverkusen,2023-08-19,9,1. Bundesliga,281,2023/2024,2,2,0,0.449633430,0.449633430,0.000000000,0,0.000000000,EXACT_FULL_NAME_VIA_VERIFIED_TRANSFER,HIGH,7d924c2d83c4cc0a95f267bdd77bcd390dbecb050c5b967f579eb99f513ea252,5185ad903c7f4889992190cd862ee444d9d344f7c974d4c4cf777e43820083a8,4b73468fc5b0f1950f9f66fada70ad3a4f9327cb,StatsBomb Open Data via Stage91 + Stage92 verified identity bridge,true,true,false,false,false,false,false,false
203224,F. Wirtz,40724,Florian Wirtz,3895060,904,Bayer Leverkusen,2023-08-26,9,1. Bundesliga,281,2023/2024,1,1,0,0.034900530,0.034900530,0.000000000,9,1.275463790,EXACT_FULL_NAME_VIA_VERIFIED_TRANSFER,HIGH,20086bebec7dfb1115d680a58837f538c9e6505a2a032d8096b96059b5af2e26,2ca3bebbe842035fee9b344381724e15bf2a9570e4647d939d5e25563dc584b9,4b73468fc5b0f1950f9f66fada70ad3a4f9327cb,StatsBomb Open Data via Stage91 + Stage92 verified identity bridge,true,true,false,false,false,false,false,false
203224,F. Wirtz,40724,Florian Wirtz,3895067,904,Bayer Leverkusen,2023-09-02,9,1. Bundesliga,281,2023/2024,2,2,0,0.090581770,0.090581770,0.000000000,3,0.661576034,EXACT_FULL_NAME_VIA_VERIFIED_TRANSFER,HIGH,2daae0ef4c28e0f691b71ab5364fdbe9c1b2ca07e4785077f3bfd2fc171bb902,f05a8165c934b006d065c16ae38b6810c3af4adf207e92caf7c9a4eea52c1cad,4b73468fc5b0f1950f9f66fada70ad3a4f9327cb,StatsBomb Open Data via Stage91 + Stage92 verified identity bridge,true,true,false,false,false,false,false,false
203224,F. Wirtz,40724,Florian Wirtz,3895074,904,Bayer Leverkusen,2023-09-15,9,1. Bundesliga,281,2023/2024,1,1,0,0.360085430,0.360085430,0.000000000,3,0.248343925,EXACT_FULL_NAME_VIA_VERIFIED_TRANSFER,HIGH,8f7e556cbfb583462f6413bce445bd053986db808475260baef4f7f1c55d6313,3d220ff9c36b514d0623c8fbe555ecd3f05f7be23ae3d473326b27904327d330,4b73468fc5b0f1950f9f66fada70ad3a4f9327cb,StatsBomb Open Data via Stage91 + Stage92 verified identity bridge,true,true,false,false,false,false,false,false
203224,F. Wirtz,40724,Florian Wirtz,3895086,904,Bayer Leverkusen,2023-09-24,9,1. Bundesliga,281,2023/2024,3,3,0,0.273933553,0.273933553,0.000000000,3,0.180206070,EXACT_FULL_NAME_VIA_VERIFIED_TRANSFER,HIGH,c73127cc4a4a83480f2174d806daec8438ae0f7cbececd9a32e8841019166016,69a5473ce37763ecaf9acc2d1a8e9e282f39a54e71a605096d3f7e50e293d225,4b73468fc5b0f1950f9f66fada70ad3a4f9327cb,StatsBomb Open Data via Stage91 + Stage92 verified identity bridge,true,true,false,false,false,false,false,false
203224,F. Wirtz,40724,Florian Wirtz,3895107,904,Bayer Leverkusen,2023-10-08,9,1. Bundesliga,281,2023/2024,5,5,0,0.205003153,0.205003153,0.000000000,2,0.300653710,EXACT_FULL_NAME_VIA_VERIFIED_TRANSFER,HIGH,f0557064e5abea3ce4b0d3944e0f47ca94460b2abd6d1979785a3a8ae97d14d0,0a37a536bfed09bedb9ac8b9fa93fc111e4b75d735940d51bd031c30b05e00bb,4b73468fc5b0f1950f9f66fada70ad3a4f9327cb,StatsBomb Open Data via Stage91 + Stage92 verified identity bridge,true,true,false,false,false,false,false,false
203224,F. Wirtz,40724,Florian Wirtz,3895113,904,Bayer Leverkusen,2023-10-21,9,1. Bundesliga,281,2023/2024,2,2,0,0.102757647,0.102757647,0.000000000,0,0.000000000,EXACT_FULL_NAME_VIA_VERIFIED_TRANSFER,HIGH,49b656577c06dcc46430450f6091c05f8f966bed634de9b3d83d12eac40ead9e,a3e8a334b8e52b785a36c18e6c213a803d0c5824b2d6d592a38f7f5763127c11,4b73468fc5b0f1950f9f66fada70ad3a4f9327cb,StatsBomb Open Data via Stage91 + Stage92 verified identity bridge,true,true,false,false,false,false,false,false
203224,F. Wirtz,40724,Florian Wirtz,3895121,904,Bayer Leverkusen,2023-10-29,9,1. Bundesliga,281,2023/2024,3,3,0,0.219582736,0.219582736,0.000000000,2,0.422846110,EXACT_FULL_NAME_VIA_VERIFIED_TRANSFER,HIGH,f72636e92971946b5188ad2c34df5e6de7908383a50a9678922ad195af44b17c,484f89c900a8348d6db359dcd45144c51f6286888bfd28826399a3973af8c140,4b73468fc5b0f1950f9f66fada70ad3a4f9327cb,StatsBomb Open Data via Stage91 + Stage92 verified identity bridge,true,true,false,false,false,false,false,false
203224,F. Wirtz,40724,Florian Wirtz,3895134,904,Bayer Leverkusen,2023-11-04,9,1. Bundesliga,281,2023/2024,1,1,0,0.433593400,0.433593400,0.000000000,1,0.296777520,EXACT_FULL_NAME_VIA_VERIFIED_TRANSFER,HIGH,6c041314dbb198ba18db86a0041edae2637a0034a983de533eaa0a35903c4301,910d73c08017d3be09ba4e60b205143b686205c311aff136cf9a67fcec751d0d,4b73468fc5b0f1950f9f66fada70ad3a4f9327cb,StatsBomb Open Data via Stage91 + Stage92 verified identity bridge,true,true,false,false,false,false,false,false
203224,F. Wirtz,40724,Florian Wirtz,3895139,904,Bayer Leverkusen,2023-11-12,9,1. Bundesliga,281,2023/2024,3,3,0,0.521512284,0.521512284,0.000000000,5,0.268568566,EXACT_FULL_NAME_VIA_VERIFIED_TRANSFER,HIGH,71462f0019df6119382d337ef7fb0d4be0d0aaad622c4df1e81ed93cfa2a4504,e4f41619d69b87a96879e9c080310e2a1e89721f88b42cbb109ccbe61def3fcd,4b73468fc5b0f1950f9f66fada70ad3a4f9327cb,StatsBomb Open Data via Stage91 + Stage92 verified identity bridge,true,true,false,false,false,false,false,false
203224,F. Wirtz,40724,Florian Wirtz,3895158,904,Bayer Leverkusen,2023-12-03,9,1. Bundesliga,281,2023/2024,2,2,0,0.070881274,0.070881274,0.000000000,3,0.165972486,EXACT_FULL_NAME_VIA_VERIFIED_TRANSFER,HIGH,bca4f1d10cf572396011ff20c21e132ae86403684206ecbca46cd1fd83a0a016,28b94c327b61685ee44405020174cf16a308628747d7c276269d5659a02f7afd,4b73468fc5b0f1950f9f66fada70ad3a4f9327cb,StatsBomb Open Data via Stage91 + Stage92 verified identity bridge,true,true,false,false,false,false,false,false
203224,F. Wirtz,40724,Florian Wirtz,3895167,904,Bayer Leverkusen,2023-12-10,9,1. Bundesliga,281,2023/2024,2,2,0,0.565901840,0.565901840,0.000000000,1,0.077768460,EXACT_FULL_NAME_VIA_VERIFIED_TRANSFER,HIGH,b02fcf4c12ce52700d4d11bdd78c9c02392502291518d9b092bdbd6e94d34d02,a36906d0d063540f30364cd19d07c298426c699ab75f79630a55e81afb15db85,4b73468fc5b0f1950f9f66fada70ad3a4f9327cb,StatsBomb Open Data via Stage91 + Stage92 verified identity bridge,true,true,false,false,false,false,false,false
203224,F. Wirtz,40724,Florian Wirtz,3895180,904,Bayer Leverkusen,2023-12-17,9,1. Bundesliga,281,2023/2024,4,4,0,0.544262803,0.544262803,0.000000000,2,0.159495223,EXACT_FULL_NAME_VIA_VERIFIED_TRANSFER,HIGH,b6aaa5c5830b0014749463d4920c5ec3e3856e7282886b1221504b87292db43c,b4a7813ae333f08fc5268bfc93b1db810b34c82af2c4cf66aa62612dadac4c4b,4b73468fc5b0f1950f9f66fada70ad3a4f9327cb,StatsBomb Open Data via Stage91 + Stage92 verified identity bridge,true,true,false,false,false,false,false,false
203224,F. Wirtz,40724,Florian Wirtz,3895182,904,Bayer Leverkusen,2023-12-20,9,1. Bundesliga,281,2023/2024,1,1,0,0.106435160,0.106435160,0.000000000,2,0.400742578,EXACT_FULL_NAME_VIA_VERIFIED_TRANSFER,HIGH,b8d073218689565c43552b38d5a532a276654c9927fa45844fd410f90161305c,87569ccd7b20b60662b8b8d363ba0470935d30cf2d30d7e9d0f4e627f1d7b239,4b73468fc5b0f1950f9f66fada70ad3a4f9327cb,StatsBomb Open Data via Stage91 + Stage92 verified identity bridge,true,true,false,false,false,false,false,false
203224,F. Wirtz,40724,Florian Wirtz,3895194,904,Bayer Leverkusen,2024-01-13,9,1. Bundesliga,281,2023/2024,2,2,0,0.142889615,0.142889615,0.000000000,0,0.000000000,EXACT_FULL_NAME_VIA_VERIFIED_TRANSFER,HIGH,765b2f7ea2d51717d43e1c53d8e22e6830b80300e5ab227021a7d2ae8799253b,6c9b1aa893ee56ad08ac25a21bb1acbe468f653bfed8eeb10a105e42109988f1,4b73468fc5b0f1950f9f66fada70ad3a4f9327cb,StatsBomb Open Data via Stage91 + Stage92 verified identity bridge,true,true,false,false,false,false,false,false
203224,F. Wirtz,40724,Florian Wirtz,3895202,904,Bayer Leverkusen,2024-01-20,9,1. Bundesliga,281,2023/2024,3,3,0,0.169646643,0.169646643,0.000000000,2,0.126711487,EXACT_FULL_NAME_VIA_VERIFIED_TRANSFER,HIGH,003bee6b7e0394d3f42fc32950961f7910afcfbf4d189e6ac7d89691350f0da1,5a2eb3e3c5ffc9c22ed67d8cb6715693dec1b6468d0193868e9f98f4992cebd0,4b73468fc5b0f1950f9f66fada70ad3a4f9327cb,StatsBomb Open Data via Stage91 + Stage92 verified identity bridge,true,true,false,false,false,false,false,false
203224,F. Wirtz,40724,Florian Wirtz,3895210,904,Bayer Leverkusen,2024-01-27,9,1. Bundesliga,281,2023/2024,4,4,0,0.524159179,0.524159179,0.000000000,6,0.735060604,EXACT_FULL_NAME_VIA_VERIFIED_TRANSFER,HIGH,00239818dfce4246ea056a5d463c9c643109d2469b0f082e79a8e84e0faa8291,19e1e77404af24bc8dd160c8320acc300484d67c49fc6525af213c62ee31a75b,4b73468fc5b0f1950f9f66fada70ad3a4f9327cb,StatsBomb Open Data via Stage91 + Stage92 verified identity bridge,true,true,false,false,false,false,false,false
203224,F. Wirtz,40724,Florian Wirtz,3895220,904,Bayer Leverkusen,2024-02-03,9,1. Bundesliga,281,2023/2024,2,2,0,0.184695376,0.184695376,0.000000000,2,0.160106237,EXACT_FULL_NAME_VIA_VERIFIED_TRANSFER,HIGH,5d49901169f286f69c3d82b6c5c091ce29b13a490a73e671ffdde25ffaf6ac52,ddf8e892fca7b30942e99b64cb1ed13f29baeeff7ccdec8ad8d5b42cc7450151,4b73468fc5b0f1950f9f66fada70ad3a4f9327cb,StatsBomb Open Data via Stage91 + Stage92 verified identity bridge,true,true,false,false,false,false,false,false
203224,F. Wirtz,40724,Florian Wirtz,3895232,904,Bayer Leverkusen,2024-02-10,9,1. Bundesliga,281,2023/2024,1,1,0,0.077250870,0.077250870,0.000000000,0,0.000000000,EXACT_FULL_NAME_VIA_VERIFIED_TRANSFER,HIGH,90c1bb1b0ad974a0588b3fe3ff7c9de54bb8375e9f0b047dd00bf4c54b6c14f3,2ba1ab324707b047719b27ff4f6b9238f9a92aa73a75e9ecf5a2d815a35ca54e,4b73468fc5b0f1950f9f66fada70ad3a4f9327cb,StatsBomb Open Data via Stage91 + Stage92 verified identity bridge,true,true,false,false,false,false,false,false
203224,F. Wirtz,40724,Florian Wirtz,3895244,904,Bayer Leverkusen,2024-02-17,9,1. Bundesliga,281,2023/2024,2,2,0,0.240074100,0.240074100,0.000000000,4,0.730474043,EXACT_FULL_NAME_VIA_VERIFIED_TRANSFER,HIGH,ca32ee631a7292955ca95f7a4ba78bc37345fd175cac89d09cee4ab1ddc82b6e,1a336dff19f3204be114864a02d34fdb63e3c5b347f72a1671af56344efa079d,4b73468fc5b0f1950f9f66fada70ad3a4f9327cb,StatsBomb Open Data via Stage91 + Stage92 verified identity bridge,true,true,false,false,false,false,false,false
203224,F. Wirtz,40724,Florian Wirtz,3895250,904,Bayer Leverkusen,2024-02-23,9,1. Bundesliga,281,2023/2024,3,3,0,0.132703234,0.132703234,0.000000000,3,0.068545030,EXACT_FULL_NAME_VIA_VERIFIED_TRANSFER,HIGH,0e254d418982510daa7736faf5d69f087c2160b1d7d8c8150e307dd1f0d3ce6f,a30ed91a22ef21a450b1bd0259d60ce31479b1bd95c6c3808d0d365d96c78cd1,4b73468fc5b0f1950f9f66fada70ad3a4f9327cb,StatsBomb Open Data via Stage91 + Stage92 verified identity bridge,true,true,false,false,false,false,false,false
203224,F. Wirtz,40724,Florian Wirtz,3895258,904,Bayer Leverkusen,2024-03-03,9,1. Bundesliga,281,2023/2024,4,4,0,0.120631612,0.120631612,0.000000000,1,0.040050685,EXACT_FULL_NAME_VIA_VERIFIED_TRANSFER,HIGH,44e837ce9d4f57d79f8f12d0a33c0f787596c4bc4748713326400e71a9fc83aa,2b438ed6a9a4eb20073baed3db69641c309c92d6551c3e1083915d7d05d97d4c,4b73468fc5b0f1950f9f66fada70ad3a4f9327cb,StatsBomb Open Data via Stage91 + Stage92 verified identity bridge,true,true,false,false,false,false,false,false
203224,F. Wirtz,40724,Florian Wirtz,3895266,904,Bayer Leverkusen,2024-03-10,9,1. Bundesliga,281,2023/2024,3,3,0,0.337492040,0.337492040,0.000000000,2,0.072932821,EXACT_FULL_NAME_VIA_VERIFIED_TRANSFER,HIGH,b083a5cf8bcce6e5171923fe74b2d2e4c22da7228f87aea708daaba02e4eaf11,77159019a226bcf8f17490965eee5d6beeeda549c05e3d56e702de6db6958d05,4b73468fc5b0f1950f9f66fada70ad3a4f9327cb,StatsBomb Open Data via Stage91 + Stage92 verified identity bridge,true,true,false,false,false,false,false,false
203224,F. Wirtz,40724,Florian Wirtz,3895275,904,Bayer Leverkusen,2024-03-17,9,1. Bundesliga,281,2023/2024,2,2,0,0.520676904,0.520676904,0.000000000,2,0.258088650,EXACT_FULL_NAME_VIA_VERIFIED_TRANSFER,HIGH,6917085b0b15a6cbca754aa281319b09644a6b25a96ae45a903de9145b4612af,f8aa048ddb9f38d90c363a2d839770c2e72b2e1f8e2de38e7826956a5bc46cfa,4b73468fc5b0f1950f9f66fada70ad3a4f9327cb,StatsBomb Open Data via Stage91 + Stage92 verified identity bridge,true,true,false,false,false,false,false,false
203224,F. Wirtz,40724,Florian Wirtz,3895286,904,Bayer Leverkusen,2024-03-30,9,1. Bundesliga,281,2023/2024,3,3,0,0.129059061,0.129059061,0.000000000,6,0.432529294,EXACT_FULL_NAME_VIA_VERIFIED_TRANSFER,HIGH,88306ee17c91a241f38f2b37a0a6cdb17af77ec9bfdb5fe315ae80d9446443bd,6319d6f22710e564089cb957803d090455ac1d89ddc639ee026423727c03f10c,4b73468fc5b0f1950f9f66fada70ad3a4f9327cb,StatsBomb Open Data via Stage91 + Stage92 verified identity bridge,true,true,false,false,false,false,false,false
203224,F. Wirtz,40724,Florian Wirtz,3895292,904,Bayer Leverkusen,2024-04-06,9,1. Bundesliga,281,2023/2024,2,1,1,0.841714318,0.058214318,0.783500000,3,0.348682139,EXACT_FULL_NAME_VIA_VERIFIED_TRANSFER,HIGH,566379854a80831fde1ef84205204cb264709850786b186308d4c52513b1f0a8,5122e5f94a8f609590601f808f18de6fd0211892805bd89e1429d5151e511454,4b73468fc5b0f1950f9f66fada70ad3a4f9327cb,StatsBomb Open Data via Stage91 + Stage92 verified identity bridge,true,true,false,false,false,false,false,false
203224,F. Wirtz,40724,Florian Wirtz,3895302,904,Bayer Leverkusen,2024-04-14,9,1. Bundesliga,281,2023/2024,5,5,0,0.870759703,0.870759703,0.000000000,1,0.068441980,EXACT_FULL_NAME_VIA_VERIFIED_TRANSFER,HIGH,2c7876bbbe3b39274252434193eeeabf48983597687041c2b2aa3e79ad484400,3d55160f108c36784642a3b21563eb4c9c34df94fffd0275acc4025212818537,4b73468fc5b0f1950f9f66fada70ad3a4f9327cb,StatsBomb Open Data via Stage91 + Stage92 verified identity bridge,true,true,false,false,false,false,false,false
203224,F. Wirtz,40724,Florian Wirtz,3895309,904,Bayer Leverkusen,2024-04-21,9,1. Bundesliga,281,2023/2024,0,0,0,0.000000000,0.000000000,0.000000000,1,0.116545040,EXACT_FULL_NAME_VIA_VERIFIED_TRANSFER,HIGH,6a195a95b75f7ddd2d6dbdea6d9bbd1c33fa1b0412a127307e3e32463646a292,f9b1c4cd0ead322f05b0b4cd4c99acdd5c85011fec539c638078215ad03e5f33,4b73468fc5b0f1950f9f66fada70ad3a4f9327cb,StatsBomb Open Data via Stage91 + Stage92 verified identity bridge,true,true,false,false,false,false,false,false
203224,F. Wirtz,40724,Florian Wirtz,3895348,904,Bayer Leverkusen,2024-05-18,9,1. Bundesliga,281,2023/2024,3,3,0,0.200013376,0.200013376,0.000000000,2,0.116226042,EXACT_FULL_NAME_VIA_VERIFIED_TRANSFER,HIGH,2a57931196e998c7d9c1a554f9767bf728fdda9bea06ca42e1829b8a79b40270,a6e46131364655d9bef96487b9fee1cea207a943cceb9b660d964337c8ffe91e,4b73468fc5b0f1950f9f66fada70ad3a4f9327cb,StatsBomb Open Data via Stage91 + Stage92 verified identity bridge,true,true,false,false,false,false,false,false
203224,F. Wirtz,40724,Florian Wirtz,3930158,770,Germany,2024-06-14,55,UEFA Euro,282,2024,3,3,0,0.199686272,0.199686272,0.000000000,0,0.000000000,EXACT_FULL_NAME_VIA_VERIFIED_TRANSFER,HIGH,0779507fb2111e78533f0f92b55eff71ec3eb4a8c6e883fb7bcb0cd1fc48b89a,957e5bc5e94225cc979d22b99d6846f040b85d5ab43b8095eff30e1a8216f02d,4b73468fc5b0f1950f9f66fada70ad3a4f9327cb,StatsBomb Open Data via Stage91 + Stage92 verified identity bridge,true,true,false,false,false,false,false,false
203224,F. Wirtz,40724,Florian Wirtz,3930168,770,Germany,2024-06-19,55,UEFA Euro,282,2024,1,1,0,0.009146902,0.009146902,0.000000000,1,0.057380453,EXACT_FULL_NAME_VIA_VERIFIED_TRANSFER,HIGH,7645091513531aef76c2c930b73a3a2d562546005c1cc3ce74f15471dfe81b42,d9a0e186a912b33c9fe1676fb4bb20e505cb2092e06f63a15ea5044f71be64f4,4b73468fc5b0f1950f9f66fada70ad3a4f9327cb,StatsBomb Open Data via Stage91 + Stage92 verified identity bridge,true,true,false,false,false,false,false,false
203224,F. Wirtz,40724,Florian Wirtz,3930176,770,Germany,2024-06-23,55,UEFA Euro,282,2024,0,0,0,0.000000000,0.000000000,0.000000000,2,0.200169600,EXACT_FULL_NAME_VIA_VERIFIED_TRANSFER,HIGH,8349f23068ce13fc9b8f0562d598704a9381608c4a5d011c83699e3a4f5571dd,9018ec119a65af536561536b7448c3a965ba9b03bfd7502edbb52a38b11b33be,4b73468fc5b0f1950f9f66fada70ad3a4f9327cb,StatsBomb Open Data via Stage91 + Stage92 verified identity bridge,true,true,false,false,false,false,false,false
203224,F. Wirtz,40724,Florian Wirtz,3940983,770,Germany,2024-06-29,55,UEFA Euro,282,2024,1,1,0,0.111365720,0.111365720,0.000000000,2,0.208174489,EXACT_FULL_NAME_VIA_VERIFIED_TRANSFER,HIGH,f8168e21a71bed28a625fba075456e8fd1f6c51ef0350ec9f42b3940307aa34a,cc812d021ecf09aca781786d337dc9b7af36d79fc91686f003cceac5f02f77bd,4b73468fc5b0f1950f9f66fada70ad3a4f9327cb,StatsBomb Open Data via Stage91 + Stage92 verified identity bridge,true,true,false,false,false,false,false,false
203224,F. Wirtz,40724,Florian Wirtz,3942226,770,Germany,2024-07-05,55,UEFA Euro,282,2024,3,3,0,0.255206137,0.255206137,0.000000000,2,0.146698797,EXACT_FULL_NAME_VIA_VERIFIED_TRANSFER,HIGH,8c74f5388d398736aaccfe4c8e34bfdd1a751386ebda398ec36754a08503c978,9e62eceb78e5d5ca4498e5f9ee2b5169524f9b7bf2e42481520fbf064c20551e,4b73468fc5b0f1950f9f66fada70ad3a4f9327cb,StatsBomb Open Data via Stage91 + Stage92 verified identity bridge,true,true,false,false,false,false,false,false
20558,H. Magnetti,23206,Hugo Magnetti,3837706,153,Stade Brestois,2022-09-10,7,Ligue 1,235,2022/2023,0,0,0,0.000000000,0.000000000,0.000000000,1,0.021601437,EXACT_FULL_NAME_VIA_VERIFIED_TRANSFER,HIGH,6c90af65ca1bbabe86c0c6a44ea33ff7ce9bd7cffc9a4f72304324816397487e,f811f6852902a8b3fa9c0f94a83fea5ef1844a7fc30ed3b6b181f07ed97de13f,4b73468fc5b0f1950f9f66fada70ad3a4f9327cb,StatsBomb Open Data via Stage91 + Stage92 verified identity bridge,true,true,false,false,false,false,false,false
20558,H. Magnetti,23206,Hugo Magnetti,3837902,153,Stade Brestois,2023-03-11,7,Ligue 1,235,2022/2023,1,1,0,0.022160351,0.022160351,0.000000000,1,0.047006607,EXACT_FULL_NAME_VIA_VERIFIED_TRANSFER,HIGH,21b180490ff90c88f777c57aec29a92ed5ce1061b4c4c3f52bc723044c3d8c81,176fe615f6565113416de1238e5873c333eb9b04333616d7f735e8eb2ebb38e1,4b73468fc5b0f1950f9f66fada70ad3a4f9327cb,StatsBomb Open Data via Stage91 + Stage92 verified identity bridge,true,true,false,false,false,false,false,false
20589,B. Mbeumo,4935,Bryan Mbeumo,3857259,2722,Cameroon,2022-11-28,43,FIFA World Cup,106,2022,0,0,0,0.000000000,0.000000000,0.000000000,2,0.097907336,EXACT_FULL_NAME_VIA_VERIFIED_TRANSFER,HIGH,6692416cf51cf9293a6db6b9b077ff0a0fd562f0b407b94f08cec98536970a60,a5c415088b6b5355d37158bcd34958db10e958c3fd94d2e3ab4e35b5c114261c,4b73468fc5b0f1950f9f66fada70ad3a4f9327cb,StatsBomb Open Data via Stage91 + Stage92 verified identity bridge,true,true,false,false,false,false,false,false
20589,B. Mbeumo,4935,Bryan Mbeumo,3857280,2722,Cameroon,2022-12-02,43,FIFA World Cup,106,2022,1,1,0,0.118273370,0.118273370,0.000000000,1,0.070588430,EXACT_FULL_NAME_VIA_VERIFIED_TRANSFER,HIGH,628814499fa60f12a90fdf80090c2fa8f801f08b46141053057a7f39973964d5,3a8343d93d362ae471be98cb5e0e3c97bc97bdd6068eafdf87c7146eec24329e,4b73468fc5b0f1950f9f66fada70ad3a4f9327cb,StatsBomb Open Data via Stage91 + Stage92 verified identity bridge,true,true,false,false,false,false,false,false
20589,B. Mbeumo,4935,Bryan Mbeumo,3857290,2722,Cameroon,2022-11-24,43,FIFA World Cup,106,2022,1,1,0,0.016072592,0.016072592,0.000000000,2,0.128730186,EXACT_FULL_NAME_VIA_VERIFIED_TRANSFER,HIGH,74c2f74f51700ae4cd41e1401fa741a12d7a8177462adbeca6b6f7535c25f0d4,6d77e71ac40fcb8120cba1f6810b4ba84b7771aff79c37557ccfa2648967cadb,4b73468fc5b0f1950f9f66fada70ad3a4f9327cb,StatsBomb Open Data via Stage91 + Stage92 verified identity bridge,true,true,false,false,false,false,false,false
206254,M. Kerkez,89635,Milos Kerkez,3930168,916,Hungary,2024-06-19,55,UEFA Euro,282,2024,0,0,0,0.000000000,0.000000000,0.000000000,1,0.062200293,EXACT_FULL_NAME_VIA_VERIFIED_TRANSFER,HIGH,bb245c2288310fa9defb02cfc406010f8c77fda30f11b41d2ac504119beec43b,d9a0e186a912b33c9fe1676fb4bb20e505cb2092e06f63a15ea5044f71be64f4,4b73468fc5b0f1950f9f66fada70ad3a4f9327cb,StatsBomb Open Data via Stage91 + Stage92 verified identity bridge,true,true,false,false,false,false,false,false
20638,E. Le Fée,24959,Enzo Le Fée,3802690,165,Lorient,2021-12-22,7,Ligue 1,108,2021/2022,1,1,0,0.008289157,0.008289157,0.000000000,2,0.161187976,EXACT_FULL_NAME_VIA_VERIFIED_TRANSFER,HIGH,35cd1943467589b0f4e78fc4c40881aa7afa0b61a7f172f26b3cbb222f3d5166,7d7a92ad0c158b34e5ce02ae4f79322c34e3e5620b9be5f9b32230fe7d29e4d8,4b73468fc5b0f1950f9f66fada70ad3a4f9327cb,StatsBomb Open Data via Stage91 + Stage92 verified identity bridge,true,true,false,false,false,false,false,false
20638,E. Le Fée,24959,Enzo Le Fée,3802818,165,Lorient,2022-04-03,7,Ligue 1,108,2021/2022,3,3,0,0.194506582,0.194506582,0.000000000,0,0.000000000,EXACT_FULL_NAME_VIA_VERIFIED_TRANSFER,HIGH,b8bade2c2370a40e0cdcf404e122320b2dc2784bd9244aef1aebcd82b9dff6b1,5448882141bc39ee3a85bf2082833a8405fc6bc9a388005f83b955fd733d42f1,4b73468fc5b0f1950f9f66fada70ad3a4f9327cb,StatsBomb Open Data via Stage91 + Stage92 verified identity bridge,true,true,false,false,false,false,false,false
20638,E. Le Fée,24959,Enzo Le Fée,3837963,165,Lorient,2023-04-30,7,Ligue 1,235,2022/2023,2,2,0,0.446448255,0.446448255,0.000000000,2,0.188724423,EXACT_FULL_NAME_VIA_VERIFIED_TRANSFER,HIGH,9e5e208a31eff58e88c8ca623250af9a7fbac663ddeae4202030a3bbdd8da402,a4d1258954a9b1e33ed79db183feb3619d976c3c910330efd315e01bc1499579,4b73468fc5b0f1950f9f66fada70ad3a4f9327cb,StatsBomb Open Data via Stage91 + Stage92 verified identity bridge,true,true,false,false,false,false,false,false
20696,P. Gueye,21026,Pape Gueye,3802902,147,Olympique de Marseille,2021-10-24,7,Ligue 1,108,2021/2022,2,2,0,0.055960398,0.055960398,0.000000000,1,0.020923058,EXACT_FULL_NAME_VIA_VERIFIED_TRANSFER,HIGH,a22720ba662b773044be34e88e1e1598a8ad1f66b290404bd93e64640093630b,c25dae77554d054be079f29c5c6b964e0ce5e3046a40dff6ddbaa1438fd10848,4b73468fc5b0f1950f9f66fada70ad3a4f9327cb,StatsBomb Open Data via Stage91 + Stage92 verified identity bridge,true,true,false,false,false,false,false,false
20696,P. Gueye,21026,Pape Gueye,3837747,147,Marseille,2022-10-16,7,Ligue 1,235,2022/2023,1,1,0,0.053586170,0.053586170,0.000000000,0,0.000000000,EXACT_FULL_NAME_VIA_VERIFIED_TRANSFER,HIGH,241585467f5c76107f3a2bd97ac55c81d071d3610eb3946e595dc32ce317178f,fa78713c2a5f6184fd668de306b857579259f64f2316d6cb6e312c4250919e1e,4b73468fc5b0f1950f9f66fada70ad3a4f9327cb,StatsBomb Open Data via Stage91 + Stage92 verified identity bridge,true,true,false,false,false,false,false,false
20696,P. Gueye,21026,Pape Gueye,3857267,787,Senegal,2022-11-29,43,FIFA World Cup,106,2022,2,2,0,0.057711941,0.057711941,0.000000000,2,0.236545559,EXACT_FULL_NAME_VIA_VERIFIED_TRANSFER,HIGH,495b4472c2854743c927d032e19f72d304782a979ab49deaa9bd307f75c90607,49feb2a20c8a0bcb0156d41425350a0a691ecb88855d5a70b0c62f5b5711a152,4b73468fc5b0f1950f9f66fada70ad3a4f9327cb,StatsBomb Open Data via Stage91 + Stage92 verified identity bridge,true,true,false,false,false,false,false,false
20696,P. Gueye,21026,Pape Gueye,3857285,787,Senegal,2022-11-21,43,FIFA World Cup,106,2022,1,1,0,0.008650101,0.008650101,0.000000000,0,0.000000000,EXACT_FULL_NAME_VIA_VERIFIED_TRANSFER,HIGH,912f207e941f141dd1cd93d8d0ab56d600790a472ed01db57a9a42357a492f10,35bc1ccc42a5a8b9fd9c32b924640f9d12aba7ecbf7bfd3d4dffd0fd5c7e65bd,4b73468fc5b0f1950f9f66fada70ad3a4f9327cb,StatsBomb Open Data via Stage91 + Stage92 verified identity bridge,true,true,false,false,false,false,false,false
20696,P. Gueye,21026,Pape Gueye,3869118,787,Senegal,2022-12-04,43,FIFA World Cup,106,2022,1,1,0,0.027956013,0.027956013,0.000000000,0,0.000000000,EXACT_FULL_NAME_VIA_VERIFIED_TRANSFER,HIGH,708a0e6febd7b4d19ffaf00d35599b9830f3df97a82a514f6e662e25a8ad08d0,e6d921d0bfed57c7a02d82cc7ec412a378d9f080e41ba8e7a7e71d04fd021133,4b73468fc5b0f1950f9f66fada70ad3a4f9327cb,StatsBomb Open Data via Stage91 + Stage92 verified identity bridge,true,true,false,false,false,false,false,false
20696,P. Gueye,21026,Pape Gueye,3920388,787,Senegal,2024-01-15,1267,African Cup of Nations,107,2023,2,2,0,0.173681300,0.173681300,0.000000000,0,0.000000000,EXACT_FULL_NAME_VIA_VERIFIED_TRANSFER,HIGH,0230a423e02b93fb6bd8d77a6a17681d7e9a6aae17323e6ba3b2340a7af67ec0,e719f0a34009eaf374219030bcbbf148f812e24c436aa4c6784636311b07fe82,4b73468fc5b0f1950f9f66fada70ad3a4f9327cb,StatsBomb Open Data via Stage91 + Stage92 verified identity bridge,true,true,false,false,false,false,false,false
20696,P. Gueye,21026,Pape Gueye,3920412,787,Senegal,2024-01-23,1267,African Cup of Nations,107,2023,0,0,0,0.000000000,0.000000000,0.000000000,1,0.072521820,EXACT_FULL_NAME_VIA_VERIFIED_TRANSFER,HIGH,ff1dfff378cb22212e5e96d30e6ad4f5ebbe5cbfaf4eae175c14e4d41f037b62,cec15d806049c354b92f13d3b863ba794d8ce45e45a87d5854d29f1ddca1ac9a,4b73468fc5b0f1950f9f66fada70ad3a4f9327cb,StatsBomb Open Data via Stage91 + Stage92 verified identity bridge,true,true,false,false,false,false,false,false
20784,F. Honorat,7198,Franck Honorat,3837706,153,Stade Brestois,2022-09-10,7,Ligue 1,235,2022/2023,1,1,0,0.022045681,0.022045681,0.000000000,1,0.027340233,EXACT_FULL_NAME_VIA_VERIFIED_TRANSFER,HIGH,45c31e6c22f04f0a1e574dcc2f818434bee2906bd400bbcd3079357aab37cb43,f811f6852902a8b3fa9c0f94a83fea5ef1844a7fc30ed3b6b181f07ed97de13f,4b73468fc5b0f1950f9f66fada70ad3a4f9327cb,StatsBomb Open Data via Stage91 + Stage92 verified identity bridge,true,true,false,false,false,false,false,false
20784,F. Honorat,7198,Franck Honorat,3837902,153,Stade Brestois,2023-03-11,7,Ligue 1,235,2022/2023,2,2,0,0.325316017,0.325316017,0.000000000,2,0.162366840,EXACT_FULL_NAME_VIA_VERIFIED_TRANSFER,HIGH,22723ad9cd2474501f3c4adb94299c7aa1f2e658d31e6c101cbe93f39dcc6e91,176fe615f6565113416de1238e5873c333eb9b04333616d7f735e8eb2ebb38e1,4b73468fc5b0f1950f9f66fada70ad3a4f9327cb,StatsBomb Open Data via Stage91 + Stage92 verified identity bridge,true,true,false,false,false,false,false,false
20784,F. Honorat,7198,Franck Honorat,3895060,185,Borussia Mönchengladbach,2023-08-26,9,1. Bundesliga,281,2023/2024,1,1,0,0.070884824,0.070884824,0.000000000,6,0.539362556,EXACT_FULL_NAME_VIA_VERIFIED_TRANSFER,HIGH,c146b1004bbb36930f292f13dce5dd462152e5387e63f3ab1cfa260b1e517095,2ca3bebbe842035fee9b344381724e15bf2a9570e4647d939d5e25563dc584b9,4b73468fc5b0f1950f9f66fada70ad3a4f9327cb,StatsBomb Open Data via Stage91 + Stage92 verified identity bridge,true,true,false,false,false,false,false,false
20784,F. Honorat,7198,Franck Honorat,3900578,136,OGC Nice,2016-01-10,7,Ligue 1,27,2015/2016,1,1,0,0.062311668,0.062311668,0.000000000,0,0.000000000,EXACT_FULL_NAME_VIA_VERIFIED_TRANSFER,HIGH,539ab6b0f278c0060717b160adcc78896be0eb127c5bb2559d40247e60d34224,04f07e5d2eabb5a7e9f0560453c661393af5c79d491ad870dcf44789076f6cd9,4b73468fc5b0f1950f9f66fada70ad3a4f9327cb,StatsBomb Open Data via Stage91 + Stage92 verified identity bridge,true,true,false,false,false,false,false,false
20784,F. Honorat,7198,Franck Honorat,3900580,136,OGC Nice,2016-01-15,7,Ligue 1,27,2015/2016,1,1,0,0.023567894,0.023567894,0.000000000,2,0.092691164,EXACT_FULL_NAME_VIA_VERIFIED_TRANSFER,HIGH,2aa051e07d5490a6affa20e87ae08d8dd2f80391a10c3df265e6fff561149e53,ca3674f24cd0c5db495ff42a4c687b2f7a82877e71127a79d76ea515c730f2f1,4b73468fc5b0f1950f9f66fada70ad3a4f9327cb,StatsBomb Open Data via Stage91 + Stage92 verified identity bridge,true,true,false,false,false,false,false,false
20925,V. Marchetti,7440,Vincent Marchetti,3837752,158,AC Ajaccio,2022-10-21,7,Ligue 1,235,2022/2023,3,3,0,0.090084623,0.090084623,0.000000000,0,0.000000000,EXACT_FULL_NAME_VIA_VERIFIED_TRANSFER,HIGH,8ac6367f3ec32d1b1cae53dacdeb5faea02f89a735b518c595c92cef6598484b,588a73fb47dc19e3c8853c2064cd2d277d53bff1ec672e1e6d6a71ecb2114597,4b73468fc5b0f1950f9f66fada70ad3a4f9327cb,StatsBomb Open Data via Stage91 + Stage92 verified identity bridge,true,true,false,false,false,false,false,false
20925,V. Marchetti,7440,Vincent Marchetti,3837987,158,AC Ajaccio,2023-05-13,7,Ligue 1,235,2022/2023,1,1,0,0.055948900,0.055948900,0.000000000,0,0.000000000,EXACT_FULL_NAME_VIA_VERIFIED_TRANSFER,HIGH,1f084c7dbb724f77a782a0ed412fb469020b4f05fe195aaeb5c5165c0fc7c26a,a899e44f2c43faeb5fa310a940b7c07a7f65b38290b775ec648c04d7cba9fe93,4b73468fc5b0f1950f9f66fada70ad3a4f9327cb,StatsBomb Open Data via Stage91 + Stage92 verified identity bridge,true,true,false,false,false,false,false,false
21393,S. Guirassy,9102,Serhou Guirassy,3802809,134,Rennes,2021-10-03,7,Ligue 1,108,2021/2022,0,0,0,0.000000000,0.000000000,0.000000000,1,0.024079710,EXACT_FULL_NAME_VIA_VERIFIED_TRANSFER,HIGH,93b46aacbebeae90b6caaded070c23d1a4eb6a3235e00269c725d6f736ace505,c0c9c6d2cbea4dad8f578457422e290398e5402d8c3cac671645fbaad49792d8,4b73468fc5b0f1950f9f66fada70ad3a4f9327cb,StatsBomb Open Data via Stage91 + Stage92 verified identity bridge,true,true,false,false,false,false,false,false
21393,S. Guirassy,9102,Serhou Guirassy,3829413,143,Lille,2015-08-07,7,Ligue 1,27,2015/2016,2,2,0,0.281490450,0.281490450,0.000000000,0,0.000000000,EXACT_FULL_NAME_VIA_VERIFIED_TRANSFER,HIGH,6124edefad582a82fe142b45e6ae06b7c7f85d0cbe69dfc46679aaac76a26275,0b9231b54a87fb9d735dca3e19b2ae31911711b97ed6c7b91dffca28f427f774,4b73468fc5b0f1950f9f66fada70ad3a4f9327cb,StatsBomb Open Data via Stage91 + Stage92 verified identity bridge,true,true,false,false,false,false,false,false
21393,S. Guirassy,9102,Serhou Guirassy,3829442,143,Lille,2015-08-23,7,Ligue 1,27,2015/2016,1,1,0,0.076467390,0.076467390,0.000000000,0,0.000000000,EXACT_FULL_NAME_VIA_VERIFIED_TRANSFER,HIGH,7365a48e519d8a3434da9573510c6475f27a0422467cde79dd4a2f200b42d801,37d5e09c566b93ecd39a243a15cbd3887b44f9c73a3e4a3590b0eaab74081688,4b73468fc5b0f1950f9f66fada70ad3a4f9327cb,StatsBomb Open Data via Stage91 + Stage92 verified identity bridge,true,true,false,false,false,false,false,false
21393,S. Guirassy,9102,Serhou Guirassy,3829482,143,Lille,2015-09-25,7,Ligue 1,27,2015/2016,0,0,0,0.000000000,0.000000000,0.000000000,1,0.065497120,EXACT_FULL_NAME_VIA_VERIFIED_TRANSFER,HIGH,cadb69a4510cf42160afaa27cd87fc1093d12566b33e3c9d8388c3015a76bc03,9d5d664fddbf068afb4f7d069d9359cb27f20fb0b0923d3c6238e059bdf3e99d,4b73468fc5b0f1950f9f66fada70ad3a4f9327cb,StatsBomb Open Data via Stage91 + Stage92 verified identity bridge,true,true,false,false,false,false,false,false
21393,S. Guirassy,9102,Serhou Guirassy,3895167,174,VfB Stuttgart,2023-12-10,9,1. Bundesliga,281,2023/2024,3,3,0,0.436844954,0.436844954,0.000000000,3,0.094761677,EXACT_FULL_NAME_VIA_VERIFIED_TRANSFER,HIGH,bab0b39e05477eb395b3b72021198897bab5d45343e9426968812206ad210c2b,a36906d0d063540f30364cd19d07c298426c699ab75f79630a55e81afb15db85,4b73468fc5b0f1950f9f66fada70ad3a4f9327cb,StatsBomb Open Data via Stage91 + Stage92 verified identity bridge,true,true,false,false,false,false,false,false
21393,S. Guirassy,9102,Serhou Guirassy,3895320,174,VfB Stuttgart,2024-04-27,9,1. Bundesliga,281,2023/2024,6,6,0,1.434243433,1.434243433,0.000000000,0,0.000000000,EXACT_FULL_NAME_VIA_VERIFIED_TRANSFER,HIGH,1ae3c5697e5643552955a2e5aa604ccb94d8a9b9ffe2af3d90011e80498d3237,963548e4314f750ec4c92a6340e4f55f669fd21db3295cb9780d3220d8e891f3,4b73468fc5b0f1950f9f66fada70ad3a4f9327cb,StatsBomb Open Data via Stage91 + Stage92 verified identity bridge,true,true,false,false,false,false,false,false
21393,S. Guirassy,9102,Serhou Guirassy,3900513,143,Lille,2015-11-21,7,Ligue 1,27,2015/2016,2,2,0,0.192764016,0.192764016,0.000000000,1,0.108089800,EXACT_FULL_NAME_VIA_VERIFIED_TRANSFER,HIGH,b37b38a32d01cac33550f36486cb34e978d9ce65f96569da7849619d36c3f3b8,349579b28503022837fd8fb129655f34af1a0a14cb284fbf9904af46d5ce6f3d,4b73468fc5b0f1950f9f66fada70ad3a4f9327cb,StatsBomb Open Data via Stage91 + Stage92 verified identity bridge,true,true,false,false,false,false,false,false
21393,S. Guirassy,9102,Serhou Guirassy,3922239,4892,Guinea,2024-01-28,1267,African Cup of Nations,107,2023,2,2,0,0.161201766,0.161201766,0.000000000,0,0.000000000,EXACT_FULL_NAME_VIA_VERIFIED_TRANSFER,HIGH,a6eb64215c0069b5380483394c1bc4a91accc0a7d5163b0b5e4334ec819c5f03,bf41c5df3ecf4fa368904569ff49c58fc596bc463b9108fcc6e0f4181256bf7b,4b73468fc5b0f1950f9f66fada70ad3a4f9327cb,StatsBomb Open Data via Stage91 + Stage92 verified identity bridge,true,true,false,false,false,false,false,false
21393,S. Guirassy,9102,Serhou Guirassy,3922356,4892,Guinea,2024-02-02,1267,African Cup of Nations,107,2023,2,2,0,0.184095130,0.184095130,0.000000000,0,0.000000000,EXACT_FULL_NAME_VIA_VERIFIED_TRANSFER,HIGH,998a3f5afc503a66d059e44061b564e41f0f661d16d2a74ba32a8137681a7d90,a4f835b6f31d8cb71b3eb344862db37056803389128694244e9cc79c8ea5fc60,4b73468fc5b0f1950f9f66fada70ad3a4f9327cb,StatsBomb Open Data via Stage91 + Stage92 verified identity bridge,true,true,false,false,false,false,false,false
21451,R. Ripart,7505,Renaud Ripart,3802930,133,Troyes,2022-05-08,7,Ligue 1,108,2021/2022,1,1,0,0.020669880,0.020669880,0.000000000,0,0.000000000,EXACT_FULL_NAME_VIA_VERIFIED_TRANSFER,HIGH,a5ed37ced0a055775fbe4e599005b7c80dca080bb6b7e1ccb79c625d59ce6cd9,1ae1edda5f1cf4b7d423abc3f43fd4db042e2e53a5fe4f4a74c082b8647284b2,4b73468fc5b0f1950f9f66fada70ad3a4f9327cb,StatsBomb Open Data via Stage91 + Stage92 verified identity bridge,true,true,false,false,false,false,false,false
21451,R. Ripart,7505,Renaud Ripart,3837771,133,Troyes,2022-10-29,7,Ligue 1,235,2022/2023,1,1,0,0.076975690,0.076975690,0.000000000,0,0.000000000,EXACT_FULL_NAME_VIA_VERIFIED_TRANSFER,HIGH,21c37fbd7fa6d3987b4b807b06b30ae6b28f6b5a393ebfbacd7c776f8761d03a,4a74b789d68405fc7e3cdd3de1311cf283007f77578fc19453099b462c049ac2,4b73468fc5b0f1950f9f66fada70ad3a4f9327cb,StatsBomb Open Data via Stage91 + Stage92 verified identity bridge,true,true,false,false,false,false,false,false
21566,B. Lecomte,3008,Benjamin Lecomte,3829422,165,Lorient,2015-08-09,7,Ligue 1,27,2015/2016,0,0,0,0.000000000,0.000000000,0.000000000,1,0.018027246,EXACT_FULL_NAME_VIA_VERIFIED_TRANSFER,HIGH,bc3eecce3325f3ec2cd7bf5c803039140d87d56d02e6f4677daa949d7fd3e9d0,d832820f4cdeff5414df21ab2d3e9800684cd901ef6dd4ee6b96aece6ec93ba2,4b73468fc5b0f1950f9f66fada70ad3a4f9327cb,StatsBomb Open Data via Stage91 + Stage92 verified identity bridge,true,true,false,false,false,false,false,false
21566,B. Lecomte,3008,Benjamin Lecomte,3900502,165,Lorient,2015-11-07,7,Ligue 1,27,2015/2016,0,0,0,0.000000000,0.000000000,0.000000000,1,0.032234106,EXACT_FULL_NAME_VIA_VERIFIED_TRANSFER,HIGH,b075c884ec04807215cf68d7d23a1dabbdcd729ca0f3f1412af37f419e1f8ca3,9fda773561d8b9d9c314903943f27b10ae87720ca8e8176643a1e2d872ac5ae5,4b73468fc5b0f1950f9f66fada70ad3a4f9327cb,StatsBomb Open Data via Stage91 + Stage92 verified identity bridge,true,true,false,false,false,false,false,false
21566,B. Lecomte,3008,Benjamin Lecomte,3900571,165,Lorient,2016-01-09,7,Ligue 1,27,2015/2016,0,0,0,0.000000000,0.000000000,0.000000000,1,0.044823450,EXACT_FULL_NAME_VIA_VERIFIED_TRANSFER,HIGH,6d5ed4dacd131273be58cb1e6191012c86d631e59a2d1d6f87483188dd4de452,ad5916ec7c8ded521c772b5655438e5330181eab52d2c634b451958d5f415c9c,4b73468fc5b0f1950f9f66fada70ad3a4f9327cb,StatsBomb Open Data via Stage91 + Stage92 verified identity bridge,true,true,false,false,false,false,false,false
21997,Logan Costa,45557,Logan Costa,3920411,4924,Cape Verde Islands,2024-01-22,1267,African Cup of Nations,107,2023,0,0,0,0.000000000,0.000000000,0.000000000,1,0.151421670,EXACT_FULL_NAME_VIA_VERIFIED_TRANSFER,HIGH,666bb4393a6c5268976ddae3a082cde9bfaaab34da33ea1d868f2f99c31982c9,46120629868bc209569e5d5d2995c1aa3afcddd3ed563a6f8c47e536fdac979f,4b73468fc5b0f1950f9f66fada70ad3a4f9327cb,StatsBomb Open Data via Stage91 + Stage92 verified identity bridge,true,true,false,false,false,false,false,false
21997,Logan Costa,45557,Logan Costa,3922658,4924,Cape Verde Islands,2024-02-03,1267,African Cup of Nations,107,2023,0,0,0,0.000000000,0.000000000,0.000000000,1,0.189445000,EXACT_FULL_NAME_VIA_VERIFIED_TRANSFER,HIGH,a40630e8584a037efd6eda540a6b35e4933ef32eb2b09a568684b09cd96d344f,06233a42ce1f35847797a8acaed3c57264cf204ae055313508b057bac7c3c177,4b73468fc5b0f1950f9f66fada70ad3a4f9327cb,StatsBomb Open Data via Stage91 + Stage92 verified identity bridge,true,true,false,false,false,false,false,false
22007,H. Kamara,7438,Hassane Kamara,3900566,156,Stade de Reims,2015-12-19,7,Ligue 1,27,2015/2016,1,1,0,0.005128525,0.005128525,0.000000000,0,0.000000000,EXACT_FULL_NAME_VIA_VERIFIED_TRANSFER,HIGH,5794bcf60a750bd6c64113e3515288f02ba9e495a753a92d11e1b4a0a5206197,fb08817b75e8ea09420369adeb1e85dd22b0dd806132953387a490d90d42b320,4b73468fc5b0f1950f9f66fada70ad3a4f9327cb,StatsBomb Open Data via Stage91 + Stage92 verified identity bridge,true,true,false,false,false,false,false,false
2202,H. Traoré,3248,Hamari Traoré,3802809,134,Rennes,2021-10-03,7,Ligue 1,108,2021/2022,1,1,0,0.024079710,0.024079710,0.000000000,1,0.030122670,EXACT_FULL_NAME_VIA_VERIFIED_TRANSFER,HIGH,b912b2be0bf881720f4a66330c8d96dbf867fc72f3dee2e9eb2c347e8c58c0ed,c0c9c6d2cbea4dad8f578457422e290398e5402d8c3cac671645fbaad49792d8,4b73468fc5b0f1950f9f66fada70ad3a4f9327cb,StatsBomb Open Data via Stage91 + Stage92 verified identity bridge,true,true,false,false,false,false,false,false
2202,H. Traoré,3248,Hamari Traoré,3829420,156,Stade de Reims,2015-08-09,7,Ligue 1,27,2015/2016,0,0,0,0.000000000,0.000000000,0.000000000,1,0.154908030,EXACT_FULL_NAME_VIA_VERIFIED_TRANSFER,HIGH,90cb8135ac19651b07f2a0c43bee3c0ce5ca9f4ef1737c6ca51f8fc5bd8168a9,21b3d9c8900905d69af481ea63ff4c2ec9d2ba2dd74d90d77a96ce632195fbaf,4b73468fc5b0f1950f9f66fada70ad3a4f9327cb,StatsBomb Open Data via Stage91 + Stage92 verified identity bridge,true,true,false,false,false,false,false,false
2202,H. Traoré,3248,Hamari Traoré,3829430,156,Stade de Reims,2015-08-16,7,Ligue 1,27,2015/2016,2,2,0,0.064365925,0.064365925,0.000000000,2,0.084083710,EXACT_FULL_NAME_VIA_VERIFIED_TRANSFER,HIGH,2e8177718ccb63b224592e1f65b233bd4a1023598e6704a4126edd326a105a05,97bee2383026a261fd9f2648ab7fecfbfd953defaae3ba56b600466c01a3138d,4b73468fc5b0f1950f9f66fada70ad3a4f9327cb,StatsBomb Open Data via Stage91 + Stage92 verified identity bridge,true,true,false,false,false,false,false,false
2202,H. Traoré,3248,Hamari Traoré,3829436,156,Stade de Reims,2015-08-22,7,Ligue 1,27,2015/2016,0,0,0,0.000000000,0.000000000,0.000000000,1,0.021346772,EXACT_FULL_NAME_VIA_VERIFIED_TRANSFER,HIGH,640ffc5c31c14caede65ad5e126f5b81a1188b53d35c6a2ec9e95c2cc2d96752,cca8368ebfac6ec1b1f74dcb8bbf985493b242b96f7fa07107bddae507404b4a,4b73468fc5b0f1950f9f66fada70ad3a4f9327cb,StatsBomb Open Data via Stage91 + Stage92 verified identity bridge,true,true,false,false,false,false,false,false
2202,H. Traoré,3248,Hamari Traoré,3829458,156,Stade de Reims,2015-09-12,7,Ligue 1,27,2015/2016,0,0,0,0.000000000,0.000000000,0.000000000,4,0.088164296,EXACT_FULL_NAME_VIA_VERIFIED_TRANSFER,HIGH,b1c24b7aeb65e199d46544fd113f34f74a264856658f6d5ae8c52fea167ae67e,cc8a7f8906cab39304db5b4c140f9446556467130a0b82f5966bf62603a3a51c,4b73468fc5b0f1950f9f66fada70ad3a4f9327cb,StatsBomb Open Data via Stage91 + Stage92 verified identity bridge,true,true,false,false,false,false,false,false
2202,H. Traoré,3248,Hamari Traoré,3829465,156,Stade de Reims,2015-09-19,7,Ligue 1,27,2015/2016,1,1,0,0.021184430,0.021184430,0.000000000,0,0.000000000,EXACT_FULL_NAME_VIA_VERIFIED_TRANSFER,HIGH,39bc3b7b33b5185391d1a4b55a4a928ceb6b1af338210d247e2edc97e7ddbf36,f3cafde0f0d6f66a1c13a5c7055e0aee39504ebad0234e339823bd544c70ae37,4b73468fc5b0f1950f9f66fada70ad3a4f9327cb,StatsBomb Open Data via Stage91 + Stage92 verified identity bridge,true,true,false,false,false,false,false,false
2202,H. Traoré,3248,Hamari Traoré,3829482,156,Stade de Reims,2015-09-25,7,Ligue 1,27,2015/2016,0,0,0,0.000000000,0.000000000,0.000000000,1,0.049513556,EXACT_FULL_NAME_VIA_VERIFIED_TRANSFER,HIGH,4e912b123a15b7a591cf8c2cb4542e0a53b980b1afd7de4bec54e24b9a5eabba,9d5d664fddbf068afb4f7d069d9359cb27f20fb0b0923d3c6238e059bdf3e99d,4b73468fc5b0f1950f9f66fada70ad3a4f9327cb,StatsBomb Open Data via Stage91 + Stage92 verified identity bridge,true,true,false,false,false,false,false,false
2202,H. Traoré,3248,Hamari Traoré,3829495,156,Stade de Reims,2015-10-03,7,Ligue 1,27,2015/2016,1,1,0,0.008035077,0.008035077,0.000000000,1,0.123442960,EXACT_FULL_NAME_VIA_VERIFIED_TRANSFER,HIGH,bfaf89c19084605687834fcaf062ebc4240dc3febc61db426e72c06b5bf7188c,45d9177a76de027fa5759abfa13b88d971d1f3b5fbefd64396fe7670a0b31d9e,4b73468fc5b0f1950f9f66fada70ad3a4f9327cb,StatsBomb Open Data via Stage91 + Stage92 verified identity bridge,true,true,false,false,false,false,false,false
2202,H. Traoré,3248,Hamari Traoré,3829520,156,Stade de Reims,2015-10-25,7,Ligue 1,27,2015/2016,0,0,0,0.000000000,0.000000000,0.000000000,2,0.133146000,EXACT_FULL_NAME_VIA_VERIFIED_TRANSFER,HIGH,fd572aa6fd177928893eb3244ff3cb1cffcbf9117219f1981cccd14e4c4dbbf9,42d9b52c648ca029e0af5bf9eb07b306c1ac693ca8ab902d92d40cf56d33d890,4b73468fc5b0f1950f9f66fada70ad3a4f9327cb,StatsBomb Open Data via Stage91 + Stage92 verified identity bridge,true,true,false,false,false,false,false,false
2202,H. Traoré,3248,Hamari Traoré,3837827,134,Rennes,2023-01-15,7,Ligue 1,235,2022/2023,2,2,0,0.090746225,0.090746225,0.000000000,0,0.000000000,EXACT_FULL_NAME_VIA_VERIFIED_TRANSFER,HIGH,5d6dabf3d1a31f6f96f98c23aef79656b9fafaa7c8176b3b41868182dc48c643,5dd17c06e29e1d5613633d4b5382055e9d0d528b4058d5ca7832359e04b2d70e,4b73468fc5b0f1950f9f66fada70ad3a4f9327cb,StatsBomb Open Data via Stage91 + Stage92 verified identity bridge,true,true,false,false,false,false,false,false
2202,H. Traoré,3248,Hamari Traoré,3837918,134,Rennes,2023-03-19,7,Ligue 1,235,2022/2023,1,1,0,0.102812760,0.102812760,0.000000000,0,0.000000000,EXACT_FULL_NAME_VIA_VERIFIED_TRANSFER,HIGH,1cebda9cc02ebb5ef3453cab2fc5bf04442c091cdb647db0dcce7010d975ee0d,f2f8730858bb9f92a2bf56dcf67428c2261b610374af72f59abde99319b63ff0,4b73468fc5b0f1950f9f66fada70ad3a4f9327cb,StatsBomb Open Data via Stage91 + Stage92 verified identity bridge,true,true,false,false,false,false,false,false
2202,H. Traoré,3248,Hamari Traoré,3900506,156,Stade de Reims,2015-11-07,7,Ligue 1,27,2015/2016,2,2,0,0.029905609,0.029905609,0.000000000,3,0.164456196,EXACT_FULL_NAME_VIA_VERIFIED_TRANSFER,HIGH,c847cb22b730b9a4e2dd6aa91123fbfe39bd35bdec8eea5b0ee32b9fcfb8c76e,b6770d098c227aedd6ce3ed3764d7441074a24dd246c0b6f688a467734e0d76a,4b73468fc5b0f1950f9f66fada70ad3a4f9327cb,StatsBomb Open Data via Stage91 + Stage92 verified identity bridge,true,true,false,false,false,false,false,false
2202,H. Traoré,3248,Hamari Traoré,3900553,156,Stade de Reims,2015-12-12,7,Ligue 1,27,2015/2016,0,0,0,0.000000000,0.000000000,0.000000000,3,0.140421662,EXACT_FULL_NAME_VIA_VERIFIED_TRANSFER,HIGH,1571fc22d8b4f30b1a1747e71120ba99ece781792ba072542686d0dc331a3f0f,c90389194989a5de3abbcaf750fa10c60b320cde50907df781efc44bd138340b,4b73468fc5b0f1950f9f66fada70ad3a4f9327cb,StatsBomb Open Data via Stage91 + Stage92 verified identity bridge,true,true,false,false,false,false,false,false
2202,H. Traoré,3248,Hamari Traoré,3900575,156,Stade de Reims,2016-01-09,7,Ligue 1,27,2015/2016,1,1,0,0.010223549,0.010223549,0.000000000,1,0.135070060,EXACT_FULL_NAME_VIA_VERIFIED_TRANSFER,HIGH,afc306d237d24d1473dd9091aa2191026f7ea085c4f05a2d0319636ce24ee670,d02f10650567cbfe6acb51294bb8882d72f31f87ad3aa121cd2ce8378c6aa2cf,4b73468fc5b0f1950f9f66fada70ad3a4f9327cb,StatsBomb Open Data via Stage91 + Stage92 verified identity bridge,true,true,false,false,false,false,false,false
2202,H. Traoré,3248,Hamari Traoré,3900582,156,Stade de Reims,2016-01-16,7,Ligue 1,27,2015/2016,1,1,0,0.054744184,0.054744184,0.000000000,2,0.081688700,EXACT_FULL_NAME_VIA_VERIFIED_TRANSFER,HIGH,eee342740abf92cdad7a9fd8c3b8b4c13a79268dba71174def5e26c9dbc1c0b7,090adb13972d03e4bd5d5d7e417a27a46617acfafe2f8e3910acaac1880a1b86,4b73468fc5b0f1950f9f66fada70ad3a4f9327cb,StatsBomb Open Data via Stage91 + Stage92 verified identity bridge,true,true,false,false,false,false,false,false
2202,H. Traoré,3248,Hamari Traoré,3900602,156,Stade de Reims,2016-01-30,7,Ligue 1,27,2015/2016,1,1,0,0.013807156,0.013807156,0.000000000,1,0.012536011,EXACT_FULL_NAME_VIA_VERIFIED_TRANSFER,HIGH,08b12d3ba74afa1ca419efa0d25525c20e77ffa6cd0c70d9e31aa4825015002b,5b6abf580df090666cc34149e55160506f3281bdd041b4369eff9da321fd9ff3,4b73468fc5b0f1950f9f66fada70ad3a4f9327cb,StatsBomb Open Data via Stage91 + Stage92 verified identity bridge,true,true,false,false,false,false,false,false
2202,H. Traoré,3248,Hamari Traoré,3900617,156,Stade de Reims,2016-02-03,7,Ligue 1,27,2015/2016,4,4,0,0.126834349,0.126834349,0.000000000,1,0.027282152,EXACT_FULL_NAME_VIA_VERIFIED_TRANSFER,HIGH,0e73cbc6eac929c80e6052a2cfbd68e4ca6011442c59e6d8ac8f8f0517e5e85e,b1ec592ac54d4501c8c8746d36de00198118be06ae2d7c6725bf1482cdf2bcf1,4b73468fc5b0f1950f9f66fada70ad3a4f9327cb,StatsBomb Open Data via Stage91 + Stage92 verified identity bridge,true,true,false,false,false,false,false,false
2202,H. Traoré,3248,Hamari Traoré,3900620,156,Stade de Reims,2016-02-06,7,Ligue 1,27,2015/2016,1,1,0,0.008170518,0.008170518,0.000000000,3,0.367211940,EXACT_FULL_NAME_VIA_VERIFIED_TRANSFER,HIGH,6418821b9898639d0d17e20e986cfc91d9df39eca4b68546553721afab40c232,2708e2b28f899750276aa069a6a59a27567408e9c81c36e9ce4cb39c5fa804ae,4b73468fc5b0f1950f9f66fada70ad3a4f9327cb,StatsBomb Open Data via Stage91 + Stage92 verified identity bridge,true,true,false,false,false,false,false,false
2202,H. Traoré,3248,Hamari Traoré,3901157,156,Stade de Reims,2016-02-27,7,Ligue 1,27,2015/2016,3,3,0,0.084894667,0.084894667,0.000000000,0,0.000000000,EXACT_FULL_NAME_VIA_VERIFIED_TRANSFER,HIGH,51e15a43212512fcf5f46a3d7430662499c262e923aa631f80a7b56df3375f91,f6a5534a6633f1aeb1e9813a487416e0905b20d9b67815db323c2b87ba97c4f8,4b73468fc5b0f1950f9f66fada70ad3a4f9327cb,StatsBomb Open Data via Stage91 + Stage92 verified identity bridge,true,true,false,false,false,false,false,false
2202,H. Traoré,3248,Hamari Traoré,3901168,156,Stade de Reims,2016-03-05,7,Ligue 1,27,2015/2016,1,1,0,0.036078904,0.036078904,0.000000000,0,0.000000000,EXACT_FULL_NAME_VIA_VERIFIED_TRANSFER,HIGH,fcffbceea2ba24d708861ea513c321a7b0f06b7ffe81cfae395303bc9fa01183,a37e5feab1006f463d387b811c44316c8764726e8443887f3b5d0ca5ea290e00,4b73468fc5b0f1950f9f66fada70ad3a4f9327cb,StatsBomb Open Data via Stage91 + Stage92 verified identity bridge,true,true,false,false,false,false,false,false
2202,H. Traoré,3248,Hamari Traoré,3901185,156,Stade de Reims,2016-03-19,7,Ligue 1,27,2015/2016,0,0,0,0.000000000,0.000000000,0.000000000,2,0.227625660,EXACT_FULL_NAME_VIA_VERIFIED_TRANSFER,HIGH,74cd62f9e21627a0a0d830d40c7b27b97b912c9f8fc764a820b37174b64b1a86,4c9b4b6705f5a96bfb12dd96bb2b9273d12d10eae0671fc883f9ecf5449e67c1,4b73468fc5b0f1950f9f66fada70ad3a4f9327cb,StatsBomb Open Data via Stage91 + Stage92 verified identity bridge,true,true,false,false,false,false,false,false
2202,H. Traoré,3248,Hamari Traoré,3901199,156,Stade de Reims,2016-04-02,7,Ligue 1,27,2015/2016,1,1,0,0.025543662,0.025543662,0.000000000,0,0.000000000,EXACT_FULL_NAME_VIA_VERIFIED_TRANSFER,HIGH,5a30340e0d5812ded12bc564a5a22d52cb82172e4b8ec67f67c879319ec60fe8,5852d9eabf8ed7677cbcd90ea0acb09a53a271316ba878093cf2e39830845978,4b73468fc5b0f1950f9f66fada70ad3a4f9327cb,StatsBomb Open Data via Stage91 + Stage92 verified identity bridge,true,true,false,false,false,false,false,false
2202,H. Traoré,3248,Hamari Traoré,3901207,156,Stade de Reims,2016-04-09,7,Ligue 1,27,2015/2016,0,0,0,0.000000000,0.000000000,0.000000000,1,0.055963890,EXACT_FULL_NAME_VIA_VERIFIED_TRANSFER,HIGH,7aaca851057fa6890200ba462e310409120593c03c30f2c017ba3efecd02e30d,f0c28219db76eb35354ef6f48ccf26ef8ca4aeae123ac7e7338a32ae62447506,4b73468fc5b0f1950f9f66fada70ad3a4f9327cb,StatsBomb Open Data via Stage91 + Stage92 verified identity bridge,true,true,false,false,false,false,false,false
2202,H. Traoré,3248,Hamari Traoré,3901217,156,Stade de Reims,2016-04-16,7,Ligue 1,27,2015/2016,0,0,0,0.000000000,0.000000000,0.000000000,2,0.344804773,EXACT_FULL_NAME_VIA_VERIFIED_TRANSFER,HIGH,aef4bd502f88be0ef886babd2f2d9fd2e007755b45ad6077ff9a6fb4f7b287f7,fda78e7021d2646ebdc11524d535c5188eb2cbb234699442f86229bf6a88c35d,4b73468fc5b0f1950f9f66fada70ad3a4f9327cb,StatsBomb Open Data via Stage91 + Stage92 verified identity bridge,true,true,false,false,false,false,false,false
2202,H. Traoré,3248,Hamari Traoré,3901224,156,Stade de Reims,2016-04-22,7,Ligue 1,27,2015/2016,0,0,0,0.000000000,0.000000000,0.000000000,2,0.194583370,EXACT_FULL_NAME_VIA_VERIFIED_TRANSFER,HIGH,ecd2c5811aa603112cec5a63c24f084cf3b7371c2baf7f6e521b43e5cef116a2,f335155662b5f3a8c5f94f6eb820ce22e3d4d9d40e206b8491ce8124187df585,4b73468fc5b0f1950f9f66fada70ad3a4f9327cb,StatsBomb Open Data via Stage91 + Stage92 verified identity bridge,true,true,false,false,false,false,false,false
2202,H. Traoré,3248,Hamari Traoré,3901234,156,Stade de Reims,2016-04-30,7,Ligue 1,27,2015/2016,0,0,0,0.000000000,0.000000000,0.000000000,1,0.087411740,EXACT_FULL_NAME_VIA_VERIFIED_TRANSFER,HIGH,59954c7dcd7b369f7c951726ee3d8ed38a2d49eeec76b41b6882422c63c7b3b5,26d22eeb198d22dbff85eb65aa1153f77170ceb6dcda0df687118539fe21a783,4b73468fc5b0f1950f9f66fada70ad3a4f9327cb,StatsBomb Open Data via Stage91 + Stage92 verified identity bridge,true,true,false,false,false,false,false,false
2202,H. Traoré,3248,Hamari Traoré,3901254,156,Stade de Reims,2016-05-14,7,Ligue 1,27,2015/2016,1,1,0,0.010510642,0.010510642,0.000000000,0,0.000000000,EXACT_FULL_NAME_VIA_VERIFIED_TRANSFER,HIGH,6d0ecaebebad5dc214f277da50687c6a69e4b110d4b0ca0f39988b2b7aabd63f,cc4ae2146a97e2b136bca09d3906a9b37a8beeac989313f06aed8646e7b02559,4b73468fc5b0f1950f9f66fada70ad3a4f9327cb,StatsBomb Open Data via Stage91 + Stage92 verified identity bridge,true,true,false,false,false,false,false,false
2202,H. Traoré,3248,Hamari Traoré,3920391,4930,Mali,2024-01-16,1267,African Cup of Nations,107,2023,1,1,0,0.884975400,0.884975400,0.000000000,1,0.064310625,EXACT_FULL_NAME_VIA_VERIFIED_TRANSFER,HIGH,bfc2181197833f5f4050f610da6813ddb186328a04891e4488239007a9470e3a,caecf587e6f8a792e251f728555b773003fcd2d97978f87fc8a892231c36b4d9,4b73468fc5b0f1950f9f66fada70ad3a4f9327cb,StatsBomb Open Data via Stage91 + Stage92 verified identity bridge,true,true,false,false,false,false,false,false
2202,H. Traoré,3248,Hamari Traoré,3920404,4930,Mali,2024-01-20,1267,African Cup of Nations,107,2023,1,1,0,0.014043608,0.014043608,0.000000000,1,0.187945010,EXACT_FULL_NAME_VIA_VERIFIED_TRANSFER,HIGH,46f630d59a664fb3186c9fbd9c2103c7f9abd1693822af48ca8c1aef14e48fe0,f97b42e12233ac91be79765f25f6b9a3bff67c9fa916d330618aa4dfc98f8d6e,4b73468fc5b0f1950f9f66fada70ad3a4f9327cb,StatsBomb Open Data via Stage91 + Stage92 verified identity bridge,true,true,false,false,false,false,false,false
2202,H. Traoré,3248,Hamari Traoré,3920417,4930,Mali,2024-01-24,1267,African Cup of Nations,107,2023,1,1,0,0.022396100,0.022396100,0.000000000,1,0.011612468,EXACT_FULL_NAME_VIA_VERIFIED_TRANSFER,HIGH,2009fdd78fe1f6e673bf76518046248a014cd87947ce975a9931fd02d4ada45b,37803035840003db16867de52d441214e37c6ab7464490a3f6f229d1ea6699d6,4b73468fc5b0f1950f9f66fada70ad3a4f9327cb,StatsBomb Open Data via Stage91 + Stage92 verified identity bridge,true,true,false,false,false,false,false,false
2202,H. Traoré,3248,Hamari Traoré,3922244,4930,Mali,2024-01-30,1267,African Cup of Nations,107,2023,0,0,0,0.000000000,0.000000000,0.000000000,2,0.188946380,EXACT_FULL_NAME_VIA_VERIFIED_TRANSFER,HIGH,44e25ff729761f1acfe3b302b0e370fb8ad5a9f44fc67fdf9764cf677482a71f,2b955c9285596861774c7b0f6cae2bf4fb3dccf04cb1f6a981540dbce36b9081,4b73468fc5b0f1950f9f66fada70ad3a4f9327cb,StatsBomb Open Data via Stage91 + Stage92 verified identity bridge,true,true,false,false,false,false,false,false
2202,H. Traoré,3248,Hamari Traoré,3922659,4930,Mali,2024-02-03,1267,African Cup of Nations,107,2023,0,0,0,0.000000000,0.000000000,0.000000000,1,0.038379240,EXACT_FULL_NAME_VIA_VERIFIED_TRANSFER,HIGH,901145e893ab63319c8ae93bbdeca648ab84b8db02df3770b9632cb329ab6bca,d45d75239ce478618e779ab10821bc11d63f3f0488e40ac0f24effed62b6a069,4b73468fc5b0f1950f9f66fada70ad3a4f9327cb,StatsBomb Open Data via Stage91 + Stage92 verified identity bridge,true,true,false,false,false,false,false,false
22090,W. Saliba,17592,William Saliba,3802902,147,Olympique de Marseille,2021-10-24,7,Ligue 1,108,2021/2022,1,1,0,0.024746979,0.024746979,0.000000000,0,0.000000000,EXACT_FULL_NAME_VIA_VERIFIED_TRANSFER,HIGH,b04cd7fcdb54ef1d635dcbe02607bb5236a4da6a10ba9da598d33e4fb4eb58f2,c25dae77554d054be079f29c5c6b964e0ce5e3046a40dff6ddbaa1438fd10848,4b73468fc5b0f1950f9f66fada70ad3a4f9327cb,StatsBomb Open Data via Stage91 + Stage92 verified identity bridge,true,true,false,false,false,false,false,false
22090,W. Saliba,17592,William Saliba,3857275,771,France,2022-11-30,43,FIFA World Cup,106,2022,0,0,0,0.000000000,0.000000000,0.000000000,1,0.020325886,EXACT_FULL_NAME_VIA_VERIFIED_TRANSFER,HIGH,3f371406cc581019f7a45426c3dda85f3d67caf197be28b2e3ac7642d4e0e2a1,0354ddf37e525484be0fa3f256c78cc5435a91893ffafb3d62c0f415ec57eefc,4b73468fc5b0f1950f9f66fada70ad3a4f9327cb,StatsBomb Open Data via Stage91 + Stage92 verified identity bridge,true,true,false,false,false,false,false,false
22090,W. Saliba,17592,William Saliba,3938643,771,France,2024-06-25,55,UEFA Euro,282,2024,1,1,0,0.046296313,0.046296313,0.000000000,0,0.000000000,EXACT_FULL_NAME_VIA_VERIFIED_TRANSFER,HIGH,57b50381c1352b95ad759911ce85eeed6bba240febb8ed02dfc10c1b5a24297d,84d24bb5a268ee83680a3bc0fd30730522ae5107eaf0cec210cd6fa618b983c3,4b73468fc5b0f1950f9f66fada70ad3a4f9327cb,StatsBomb Open Data via Stage91 + Stage92 verified identity bridge,true,true,false,false,false,false,false,false
22090,W. Saliba,17592,William Saliba,3941019,771,France,2024-07-01,55,UEFA Euro,282,2024,1,1,0,0.067829640,0.067829640,0.000000000,0,0.000000000,EXACT_FULL_NAME_VIA_VERIFIED_TRANSFER,HIGH,3eac02174d24ec76d5285914f99c4aa5772a6239a35928fdf397b545cc8a5707,50eb929ab41ef64451513b1b39453cfac4ae5cda855531234804f43cb4fcedde,4b73468fc5b0f1950f9f66fada70ad3a4f9327cb,StatsBomb Open Data via Stage91 + Stage92 verified identity bridge,true,true,false,false,false,false,false,false
22090,W. Saliba,17592,William Saliba,3942349,771,France,2024-07-05,55,UEFA Euro,282,2024,0,0,0,0.000000000,0.000000000,0.000000000,1,0.006239464,EXACT_FULL_NAME_VIA_VERIFIED_TRANSFER,HIGH,2bd6601f41e16f0476da8bbee9d875ae676631ad9cf9c33296ccf942eb0bb810,06c37787bdea7098c48b6cf7b8515fe4cd586d04108940ff823fd3b488da757f,4b73468fc5b0f1950f9f66fada70ad3a4f9327cb,StatsBomb Open Data via Stage91 + Stage92 verified identity bridge,true,true,false,false,false,false,false,false
22136,B. Diakité,22148,Bafodé Diakité,3837662,143,Lille,2022-08-21,7,Ligue 1,235,2022/2023,1,1,0,0.263250560,0.263250560,0.000000000,0,0.000000000,EXACT_FULL_NAME_VIA_VERIFIED_TRANSFER,HIGH,351a193331dc7155ceeeb8303d83ee366a4739d903f0a2b61aebd14061ad1fe9,28b00292222c24c579777d44c9c9d2353320f37680abae69bb16d7f55fffe389,4b73468fc5b0f1950f9f66fada70ad3a4f9327cb,StatsBomb Open Data via Stage91 + Stage92 verified identity bridge,true,true,false,false,false,false,false,false
22136,B. Diakité,22148,Bafodé Diakité,3837876,143,Lille,2023-02-19,7,Ligue 1,235,2022/2023,1,1,0,0.113931656,0.113931656,0.000000000,0,0.000000000,EXACT_FULL_NAME_VIA_VERIFIED_TRANSFER,HIGH,c4d1849ddec4bf1bf5bdb65277cc6e4fb6d7781c8b5a37713c4c380c374c5040,dfa6bf71d69aa760df1acdf124eb94166eec064bb84eb783e380496c0737b4a7,4b73468fc5b0f1950f9f66fada70ad3a4f9327cb,StatsBomb Open Data via Stage91 + Stage92 verified identity bridge,true,true,false,false,false,false,false,false
2214,R. Del Castillo,7322,Romain Del Castillo,3837902,153,Stade Brestois,2023-03-11,7,Ligue 1,235,2022/2023,1,1,0,0.047006607,0.047006607,0.000000000,2,0.372738110,EXACT_FULL_NAME_VIA_VERIFIED_TRANSFER,HIGH,12c8f7360f7f56d57c158944f62860ed68dd1e2f50658b9ce2669c53d5bea6bf,176fe615f6565113416de1238e5873c333eb9b04333616d7f735e8eb2ebb38e1,4b73468fc5b0f1950f9f66fada70ad3a4f9327cb,StatsBomb Open Data via Stage91 + Stage92 verified identity bridge,true,true,false,false,false,false,false,false
2214,R. Del Castillo,7322,Romain Del Castillo,3900510,137,Lyon,2015-11-20,7,Ligue 1,27,2015/2016,1,1,0,0.094586130,0.094586130,0.000000000,0,0.000000000,EXACT_FULL_NAME_VIA_VERIFIED_TRANSFER,HIGH,7df6c1641aec0d39f5340f0dc9908ce4e31a6e61b2fe3de9aee3d617b5342bd3,4c38132f0878634bee8e27afd603a03d250f1ac6b322be97d14ddcc010029198,4b73468fc5b0f1950f9f66fada70ad3a4f9327cb,StatsBomb Open Data via Stage91 + Stage92 verified identity bridge,true,true,false,false,false,false,false,false
22149,I. Sangaré,3017,Ibrahim Sangaré,3920398,3374,Côte d'Ivoire,2024-01-18,1267,African Cup of Nations,107,2023,2,2,0,0.013425134,0.013425134,0.000000000,1,0.006214463,EXACT_FULL_NAME_VIA_VERIFIED_TRANSFER,HIGH,a800ee579b50c525e23bb3884f11f7bfd8091ddd1cfae7b579845c8fa08bb74c,b4254378c62d55f70f619288553837c1dde95fa7962fb3c13041b50162eceaff,4b73468fc5b0f1950f9f66fada70ad3a4f9327cb,StatsBomb Open Data via Stage91 + Stage92 verified identity bridge,true,true,false,false,false,false,false,false
22149,I. Sangaré,3017,Ibrahim Sangaré,3920408,3374,Côte d'Ivoire,2024-01-22,1267,African Cup of Nations,107,2023,3,3,0,0.242839032,0.242839032,0.000000000,0,0.000000000,EXACT_FULL_NAME_VIA_VERIFIED_TRANSFER,HIGH,c27ad5312631b4d514e276b90165b604875834a1114c279fa88c3063e84770bf,13e728a66d0d584bf2dffae5af1dde3dcb4829a0079e589bb43d12f1ebe4c02d,4b73468fc5b0f1950f9f66fada70ad3a4f9327cb,StatsBomb Open Data via Stage91 + Stage92 verified identity bridge,true,true,false,false,false,false,false,false
22171,J. Makengo,4255,Jean-Victor Makengo,3900589,140,Stade Malherbe Caen,2016-01-17,7,Ligue 1,27,2015/2016,0,0,0,0.000000000,0.000000000,0.000000000,2,0.125244475,EXACT_FULL_NAME_VIA_VERIFIED_TRANSFER,HIGH,1beedd8ba27d50638a9015753f977b0d8cc18882b4718540b26efca10663ee31,cf0508d0bc750747c79f26c80debe99175eb344ab88a211d9d731b479d71e32d,4b73468fc5b0f1950f9f66fada70ad3a4f9327cb,StatsBomb Open Data via Stage91 + Stage92 verified identity bridge,true,true,false,false,false,false,false,false
22171,J. Makengo,4255,Jean-Victor Makengo,3900592,140,Stade Malherbe Caen,2016-01-23,7,Ligue 1,27,2015/2016,0,0,0,0.000000000,0.000000000,0.000000000,1,0.013828469,EXACT_FULL_NAME_VIA_VERIFIED_TRANSFER,HIGH,03c4fabd0a123cacc5c9bdb9f1c2b75ce8e3cc551dadcdf4f0710282ccc62c9c,6ba1f28bf80ccfe4fa13304e03051beb2834f5a56ea97cf04c8d6288effbbd98,4b73468fc5b0f1950f9f66fada70ad3a4f9327cb,StatsBomb Open Data via Stage91 + Stage92 verified identity bridge,true,true,false,false,false,false,false,false
22171,J. Makengo,4255,Jean-Victor Makengo,3900620,140,Stade Malherbe Caen,2016-02-06,7,Ligue 1,27,2015/2016,1,1,0,0.017764790,0.017764790,0.000000000,0,0.000000000,EXACT_FULL_NAME_VIA_VERIFIED_TRANSFER,HIGH,d1e4488090c2a8c7ce1d165b3734edeb5edee8edb4bb60b68a7652fea52944be,2708e2b28f899750276aa069a6a59a27567408e9c81c36e9ce4cb39c5fa804ae,4b73468fc5b0f1950f9f66fada70ad3a4f9327cb,StatsBomb Open Data via Stage91 + Stage92 verified identity bridge,true,true,false,false,false,false,false,false
22171,J. Makengo,4255,Jean-Victor Makengo,3900638,140,Stade Malherbe Caen,2016-02-14,7,Ligue 1,27,2015/2016,1,1,0,0.016492482,0.016492482,0.000000000,0,0.000000000,EXACT_FULL_NAME_VIA_VERIFIED_TRANSFER,HIGH,42fbd6cee282f20e9fbd55308fdf532653144772240e1bd60b64b2891bb47f0f,0ec15fcf7582a506aa559d0f0389a6462997302063661f8a58f823f1d0f28c31,4b73468fc5b0f1950f9f66fada70ad3a4f9327cb,StatsBomb Open Data via Stage91 + Stage92 verified identity bridge,true,true,false,false,false,false,false,false
2218,I. Sarr,2941,Ismaïla Sarr,3857267,787,Senegal,2022-11-29,43,FIFA World Cup,106,2022,3,2,1,0.849701335,0.066201335,0.783500000,0,0.000000000,EXACT_FULL_NAME_VIA_VERIFIED_TRANSFER,HIGH,5b4b0eed36b9c70acf42244fd3c0183d6237ed0775df26e5ef91c52f33d05195,49feb2a20c8a0bcb0156d41425350a0a691ecb88855d5a70b0c62f5b5711a152,4b73468fc5b0f1950f9f66fada70ad3a4f9327cb,StatsBomb Open Data via Stage91 + Stage92 verified identity bridge,true,true,false,false,false,false,false,false
2218,I. Sarr,2941,Ismaïla Sarr,3857285,787,Senegal,2022-11-21,43,FIFA World Cup,106,2022,3,3,0,0.158767545,0.158767545,0.000000000,4,0.181060108,EXACT_FULL_NAME_VIA_VERIFIED_TRANSFER,HIGH,5832986c1706d40b0620951c5f01e0e9ab90aede8e241d341e7af6be9f672b92,35bc1ccc42a5a8b9fd9c32b924640f9d12aba7ecbf7bfd3d4dffd0fd5c7e65bd,4b73468fc5b0f1950f9f66fada70ad3a4f9327cb,StatsBomb Open Data via Stage91 + Stage92 verified identity bridge,true,true,false,false,false,false,false,false
2218,I. Sarr,2941,Ismaïla Sarr,3857301,787,Senegal,2022-11-25,43,FIFA World Cup,106,2022,2,2,0,0.103602664,0.103602664,0.000000000,1,0.053291440,EXACT_FULL_NAME_VIA_VERIFIED_TRANSFER,HIGH,f9e8abb43e99cdf655d3190a911a9cb171ccab803b61918fa9dfadb925c0f15b,c5d8c4be318c5cb280ac38d95a75be9f323453919c5dd7bb0ff032be81edf97a,4b73468fc5b0f1950f9f66fada70ad3a4f9327cb,StatsBomb Open Data via Stage91 + Stage92 verified identity bridge,true,true,false,false,false,false,false,false
2218,I. Sarr,2941,Ismaïla Sarr,3869118,787,Senegal,2022-12-04,43,FIFA World Cup,106,2022,2,2,0,0.736718675,0.736718675,0.000000000,1,0.035874900,EXACT_FULL_NAME_VIA_VERIFIED_TRANSFER,HIGH,da5b70edc991e27e209d66368ce39cfcfe972738120e29f2800805b1d8027ee4,e6d921d0bfed57c7a02d82cc7ec412a378d9f080e41ba8e7a7e71d04fd021133,4b73468fc5b0f1950f9f66fada70ad3a4f9327cb,StatsBomb Open Data via Stage91 + Stage92 verified identity bridge,true,true,false,false,false,false,false,false
2218,I. Sarr,2941,Ismaïla Sarr,3920388,787,Senegal,2024-01-15,1267,African Cup of Nations,107,2023,2,2,0,0.410606364,0.410606364,0.000000000,1,0.109819670,EXACT_FULL_NAME_VIA_VERIFIED_TRANSFER,HIGH,d40618ca54e9ae79f166d038568a2891f5b3851c3f43b50f16474adb8391a07d,e719f0a34009eaf374219030bcbbf148f812e24c436aa4c6784636311b07fe82,4b73468fc5b0f1950f9f66fada70ad3a4f9327cb,StatsBomb Open Data via Stage91 + Stage92 verified identity bridge,true,true,false,false,false,false,false,false
2218,I. Sarr,2941,Ismaïla Sarr,3920400,787,Senegal,2024-01-19,1267,African Cup of Nations,107,2023,1,1,0,0.078061350,0.078061350,0.000000000,1,0.874751400,EXACT_FULL_NAME_VIA_VERIFIED_TRANSFER,HIGH,b6e07c28b08dda9d2b8067b359022defa1cd3f4e75fdbb6ddcbccd0c71b1c0c9,e35ad929fcf636a802c47e1cbbfaea1a28de521eb6478d197ed0f02fd0f923b9,4b73468fc5b0f1950f9f66fada70ad3a4f9327cb,StatsBomb Open Data via Stage91 + Stage92 verified identity bridge,true,true,false,false,false,false,false,false
2218,I. Sarr,2941,Ismaïla Sarr,3920412,787,Senegal,2024-01-23,1267,African Cup of Nations,107,2023,2,2,0,0.105217620,0.105217620,0.000000000,0,0.000000000,EXACT_FULL_NAME_VIA_VERIFIED_TRANSFER,HIGH,8272efe9dbec0cafc6ca6adb421431f89caac3c1f7db5e9e59b36d524c0c8e31,cec15d806049c354b92f13d3b863ba794d8ce45e45a87d5854d29f1ddca1ac9a,4b73468fc5b0f1950f9f66fada70ad3a4f9327cb,StatsBomb Open Data via Stage91 + Stage92 verified identity bridge,true,true,false,false,false,false,false,false
2218,I. Sarr,2941,Ismaïla Sarr,3922242,787,Senegal,2024-01-29,1267,African Cup of Nations,107,2023,2,2,0,0.424566870,0.424566870,0.000000000,1,0.219621120,EXACT_FULL_NAME_VIA_VERIFIED_TRANSFER,HIGH,8f0d03e39df863d84fd8af350668301833a9ace791b7a41a2a478581b152aba6,1b9a34357989b41f25d411cb976c7047744749f8b1d20eb8457a39415b54b26e,4b73468fc5b0f1950f9f66fada70ad3a4f9327cb,StatsBomb Open Data via Stage91 + Stage92 verified identity bridge,true,true,false,false,false,false,false,false
2218,I. Sarr,2941,Ismaïla Sarr,7556,787,Senegal,2018-06-24,43,FIFA World Cup,3,2018,1,1,0,0.134040490,0.134040490,0.000000000,1,0.064981826,EXACT_FULL_NAME_VIA_VERIFIED_TRANSFER,HIGH,420ab9033de09ed4058a39c2ef7a78e39a73aa81908826e34b1c4f0b9a1adf1b,d03786aa46c39c090e7becbd2f8ba6030a52a303b65af8784ea5ac1834494748,4b73468fc5b0f1950f9f66fada70ad3a4f9327cb,StatsBomb Open Data via Stage91 + Stage92 verified identity bridge,true,true,false,false,false,false,false,false
2218,I. Sarr,2941,Ismaïla Sarr,7571,787,Senegal,2018-06-28,43,FIFA World Cup,3,2018,2,2,0,0.115207040,0.115207040,0.000000000,0,0.000000000,EXACT_FULL_NAME_VIA_VERIFIED_TRANSFER,HIGH,57664ecb3b70fbeb781cf6843a97a2fd564d50f69b49a3ca12a68081754475df,b786fbf7cfa569c14aa94f689c07c72de2fb6bbbd6a24d10a11da27c645cd34a,4b73468fc5b0f1950f9f66fada70ad3a4f9327cb,StatsBomb Open Data via Stage91 + Stage92 verified identity bridge,true,true,false,false,false,false,false,false
22244,A. Caci,10480,Anthony Caci,3802643,138,Strasbourg,2022-04-29,7,Ligue 1,108,2021/2022,1,1,0,0.186066180,0.186066180,0.000000000,1,0.060562376,EXACT_FULL_NAME_VIA_VERIFIED_TRANSFER,HIGH,f03495df58bdf86d8be465b90f4045d07d488755fda2a4162f25496a55602741,e5e055c00c5a089eae67ef709df82e60428633c3afa2138af3453d6254e6cad1,4b73468fc5b0f1950f9f66fada70ad3a4f9327cb,StatsBomb Open Data via Stage91 + Stage92 verified identity bridge,true,true,false,false,false,false,false,false
22244,A. Caci,10480,Anthony Caci,3895250,177,FSV Mainz 05,2024-02-23,9,1. Bundesliga,281,2023/2024,1,1,0,0.025662301,0.025662301,0.000000000,0,0.000000000,EXACT_FULL_NAME_VIA_VERIFIED_TRANSFER,HIGH,e2b6b0e2ee8f1cec170e77a656c6b1a90f531e356181eaba21dce97c7e244271,a30ed91a22ef21a450b1bd0259d60ce31479b1bd95c6c3808d0d365d96c78cd1,4b73468fc5b0f1950f9f66fada70ad3a4f9327cb,StatsBomb Open Data via Stage91 + Stage92 verified identity bridge,true,true,false,false,false,false,false,false
22264,L. Ajorque,7208,Ludovic Ajorque,3895095,177,FSV Mainz 05,2023-09-30,9,1. Bundesliga,281,2023/2024,0,0,0,0.000000000,0.000000000,0.000000000,1,0.053944573,EXACT_FULL_NAME_VIA_VERIFIED_TRANSFER,HIGH,9052f9ebb9fc9ddbc891a165c662afeeda7969c2db42b16e13709e436a4e0c6c,5f6d8200d5850f087450547b2755196a25e449836266a820bb55652182a44a2a,4b73468fc5b0f1950f9f66fada70ad3a4f9327cb,StatsBomb Open Data via Stage91 + Stage92 verified identity bridge,true,true,false,false,false,false,false,false
22842,J. Krasso,43072,Jean-Philippe Krasso,3802837,135,Saint-Étienne,2021-11-28,7,Ligue 1,108,2021/2022,1,1,0,0.009678892,0.009678892,0.000000000,0,0.000000000,EXACT_FULL_NAME_VIA_VERIFIED_TRANSFER,HIGH,c781ee557e2b68db129e0631b5361b29640986afd6eabfdeb38b67bc7e13e2c0,73ef81542d610d5291e548502fe735d780993ce2f5e6d50a738710167fcafdb5,4b73468fc5b0f1950f9f66fada70ad3a4f9327cb,StatsBomb Open Data via Stage91 + Stage92 verified identity bridge,true,true,false,false,false,false,false,false
22842,J. Krasso,43072,Jean-Philippe Krasso,3920384,3374,Côte d'Ivoire,2024-01-13,1267,African Cup of Nations,107,2023,4,4,0,0.270901065,0.270901065,0.000000000,1,0.078778915,EXACT_FULL_NAME_VIA_VERIFIED_TRANSFER,HIGH,78a54eec55c856cd773114e08d4d8ede04a1fc94ee76aad26aa46d49475dc57d,d5fa3de3a60e1bbc0299b364efc057456eadf67705e5f30feb5c3d7b9b651dc6,4b73468fc5b0f1950f9f66fada70ad3a4f9327cb,StatsBomb Open Data via Stage91 + Stage92 verified identity bridge,true,true,false,false,false,false,false,false
22842,J. Krasso,43072,Jean-Philippe Krasso,3920398,3374,Côte d'Ivoire,2024-01-18,1267,African Cup of Nations,107,2023,1,1,0,0.046536960,0.046536960,0.000000000,0,0.000000000,EXACT_FULL_NAME_VIA_VERIFIED_TRANSFER,HIGH,e149a0dfcbfcd3a21d0695145e2314782e153e1fd27943943e3ecec128a91c0b,b4254378c62d55f70f619288553837c1dde95fa7962fb3c13041b50162eceaff,4b73468fc5b0f1950f9f66fada70ad3a4f9327cb,StatsBomb Open Data via Stage91 + Stage92 verified identity bridge,true,true,false,false,false,false,false,false
22842,J. Krasso,43072,Jean-Philippe Krasso,3920408,3374,Côte d'Ivoire,2024-01-22,1267,African Cup of Nations,107,2023,2,2,0,0.352446793,0.352446793,0.000000000,2,0.338046684,EXACT_FULL_NAME_VIA_VERIFIED_TRANSFER,HIGH,cac63b088e240ccce313d015f55119772eee529c95ce6080bfd515d0f3543c12,13e728a66d0d584bf2dffae5af1dde3dcb4829a0079e589bb43d12f1ebe4c02d,4b73468fc5b0f1950f9f66fada70ad3a4f9327cb,StatsBomb Open Data via Stage91 + Stage92 verified identity bridge,true,true,false,false,false,false,false,false
22842,J. Krasso,43072,Jean-Philippe Krasso,3922242,3374,Côte d'Ivoire,2024-01-29,1267,African Cup of Nations,107,2023,0,0,0,0.000000000,0.000000000,0.000000000,1,0.048072793,EXACT_FULL_NAME_VIA_VERIFIED_TRANSFER,HIGH,92023d5cfca45142a4c0632dd533bb8fd6d6ae8832af8efe553cd44f653d802a,1b9a34357989b41f25d411cb976c7047744749f8b1d20eb8457a39415b54b26e,4b73468fc5b0f1950f9f66fada70ad3a4f9327cb,StatsBomb Open Data via Stage91 + Stage92 verified identity bridge,true,true,false,false,false,false,false,false
2287,R. Barkley,4275,Ross Barkley,3753974,29,Everton,2015-12-26,2,Premier League,27,2015/2016,2,2,0,0.111183503,0.111183503,0.000000000,1,0.240094330,EXACT_FULL_NAME_VIA_VERIFIED_TRANSFER,HIGH,e989cf024a57eb8550e0bdc19efd2d4f894ad59dea232ead0d007e96c70f71d6,e0b26bbf7e9b6beb66dbdb5cd2569e1871cdc00037219465d61645b000e9d867,4b73468fc5b0f1950f9f66fada70ad3a4f9327cb,StatsBomb Open Data via Stage91 + Stage92 verified identity bridge,true,true,false,false,false,false,false,false
2287,R. Barkley,4275,Ross Barkley,3753980,29,Everton,2016-03-19,2,Premier League,27,2015/2016,1,1,0,0.021068270,0.021068270,0.000000000,1,0.047226544,EXACT_FULL_NAME_VIA_VERIFIED_TRANSFER,HIGH,85cdc15a4ee6d358afda0778411461942c8c7f3d04d8d6846735c043ff55dead,86e29394f6b9be111c1c84713480c45bd8bfc130ddfcdd28c76543b2dac2d5e3,4b73468fc5b0f1950f9f66fada70ad3a4f9327cb,StatsBomb Open Data via Stage91 + Stage92 verified identity bridge,true,true,false,false,false,false,false,false
2287,R. Barkley,4275,Ross Barkley,3753989,29,Everton,2016-05-11,2,Premier League,27,2015/2016,1,1,0,0.008131136,0.008131136,0.000000000,0,0.000000000,EXACT_FULL_NAME_VIA_VERIFIED_TRANSFER,HIGH,7cab2121ad401c876a843926a0622021a7345ebbc562b51294551467d3be8acc,f24277de42bf0e7d847052a5e0f9786efeca7c39b738e7a1f2e9ac7d9f0865df,4b73468fc5b0f1950f9f66fada70ad3a4f9327cb,StatsBomb Open Data via Stage91 + Stage92 verified identity bridge,true,true,false,false,false,false,false,false
2287,R. Barkley,4275,Ross Barkley,3754030,29,Everton,2016-04-09,2,Premier League,27,2015/2016,1,1,0,0.028868094,0.028868094,0.000000000,0,0.000000000,EXACT_FULL_NAME_VIA_VERIFIED_TRANSFER,HIGH,e3fde0302c2a3467ad7fbcd52423a2d3f8130146528b94a9aededbcf51813487,25404fb2cebc12c7c6840f0f5493d6ba32df7176792470a4be1771ab856742f2,4b73468fc5b0f1950f9f66fada70ad3a4f9327cb,StatsBomb Open Data via Stage91 + Stage92 verified identity bridge,true,true,false,false,false,false,false,false
2287,R. Barkley,4275,Ross Barkley,3754033,29,Everton,2016-05-07,2,Premier League,27,2015/2016,0,0,0,0.000000000,0.000000000,0.000000000,1,0.103985470,EXACT_FULL_NAME_VIA_VERIFIED_TRANSFER,HIGH,4464982ef79746e4e341483e6fe959adbfd1c003c45692f28883ea19511d1793,b150eb7a2934c7f1c17e9b92851a9bcae6652eb85c59bd9ec47cef71d5a61d19,4b73468fc5b0f1950f9f66fada70ad3a4f9327cb,StatsBomb Open Data via Stage91 + Stage92 verified identity bridge,true,true,false,false,false,false,false,false
2287,R. Barkley,4275,Ross Barkley,3754034,29,Everton,2015-08-15,2,Premier League,27,2015/2016,3,3,0,0.337803038,0.337803038,0.000000000,2,0.171225684,EXACT_FULL_NAME_VIA_VERIFIED_TRANSFER,HIGH,0bbb9a9d6987eb8ffc87d9cdf99db5b6ca07d9c78253f24ea2e1771f3bb68535,b87f90d92dac68d19ab0e222f39257c1019e5531c322160831d874236e16d62d,4b73468fc5b0f1950f9f66fada70ad3a4f9327cb,StatsBomb Open Data via Stage91 + Stage92 verified identity bridge,true,true,false,false,false,false,false,false
2287,R. Barkley,4275,Ross Barkley,3754037,29,Everton,2016-04-30,2,Premier League,27,2015/2016,4,4,0,0.368501275,0.368501275,0.000000000,3,0.214945186,EXACT_FULL_NAME_VIA_VERIFIED_TRANSFER,HIGH,4f8fa83c471104830df7c308c35966cf627ff2270f43435afbb91c83a25aa0ba,fa8e95d09bd791654387b0d8184ed8abb7f085075d8cc12817e913b2de27981a,4b73468fc5b0f1950f9f66fada70ad3a4f9327cb,StatsBomb Open Data via Stage91 + Stage92 verified identity bridge,true,true,false,false,false,false,false,false
2287,R. Barkley,4275,Ross Barkley,3754046,29,Everton,2015-12-07,2,Premier League,27,2015/2016,5,5,0,0.270993035,0.270993035,0.000000000,0,0.000000000,EXACT_FULL_NAME_VIA_VERIFIED_TRANSFER,HIGH,8eab07cdd664fdcc1ae75b0b864c920fe2321b1d51dcd6727f6263ed2c395424,cf927bf533346abdfe109df0ff38672dcb7a75156f6a6aee08980bd0ac4d5686,4b73468fc5b0f1950f9f66fada70ad3a4f9327cb,StatsBomb Open Data via Stage91 + Stage92 verified identity bridge,true,true,false,false,false,false,false,false
2287,R. Barkley,4275,Ross Barkley,3754048,29,Everton,2016-04-13,2,Premier League,27,2015/2016,2,2,0,0.090509590,0.090509590,0.000000000,3,0.332115832,EXACT_FULL_NAME_VIA_VERIFIED_TRANSFER,HIGH,25744432d831546b8d757167853511570ba33192dad4ae740083d9370544eff1,d8fd6e5109be4e30301361f65bdd879b88b3996b0f5a6df6b40e3ecf217fe02e,4b73468fc5b0f1950f9f66fada70ad3a4f9327cb,StatsBomb Open Data via Stage91 + Stage92 verified identity bridge,true,true,false,false,false,false,false,false
2287,R. Barkley,4275,Ross Barkley,3754056,29,Everton,2015-12-28,2,Premier League,27,2015/2016,3,3,0,0.155784050,0.155784050,0.000000000,2,0.921588380,EXACT_FULL_NAME_VIA_VERIFIED_TRANSFER,HIGH,e30980909a503cbd64b1a52ca986fe325a91cd1948275e094177f42414220787,cad1b5804bd6d9cd51c0e07588ee72eec43484f24b422af484eba44690a6e1ae,4b73468fc5b0f1950f9f66fada70ad3a4f9327cb,StatsBomb Open Data via Stage91 + Stage92 verified identity bridge,true,true,false,false,false,false,false,false
2287,R. Barkley,4275,Ross Barkley,3754060,29,Everton,2015-10-04,2,Premier League,27,2015/2016,3,3,0,0.064070335,0.064070335,0.000000000,2,0.188719580,EXACT_FULL_NAME_VIA_VERIFIED_TRANSFER,HIGH,10bda21041aee119ba8929e8441928e45ecd87cc702241b84e2c0a1ccb735064,cd04d8828057602729fec6e6722c6f84a25f97eaf507a67e0b2eced9f0a6b77d,4b73468fc5b0f1950f9f66fada70ad3a4f9327cb,StatsBomb Open Data via Stage91 + Stage92 verified identity bridge,true,true,false,false,false,false,false,false
2287,R. Barkley,4275,Ross Barkley,3754082,29,Everton,2015-11-01,2,Premier League,27,2015/2016,2,2,0,0.074934293,0.074934293,0.000000000,3,0.137770746,EXACT_FULL_NAME_VIA_VERIFIED_TRANSFER,HIGH,519e742447af0b573d8de16601d4d5c6a55e4dac777b3ca5348893f600352698,9ff117def7a1d91715a44878e130741974409064169f55ce962a84b87a594f67,4b73468fc5b0f1950f9f66fada70ad3a4f9327cb,StatsBomb Open Data via Stage91 + Stage92 verified identity bridge,true,true,false,false,false,false,false,false
2287,R. Barkley,4275,Ross Barkley,3754105,29,Everton,2015-09-28,2,Premier League,27,2015/2016,3,3,0,0.416454228,0.416454228,0.000000000,2,0.214540180,EXACT_FULL_NAME_VIA_VERIFIED_TRANSFER,HIGH,17ba41619c50074e1465a12ff2b3f7e02f376d48f058d93b4ee2d7778a6df464,04347e0fc45ca3fbf5e5abaab4c8dc2d8976910516aa4a067f80fc2c24ddd3c7,4b73468fc5b0f1950f9f66fada70ad3a4f9327cb,StatsBomb Open Data via Stage91 + Stage92 verified identity bridge,true,true,false,false,false,false,false,false
2287,R. Barkley,4275,Ross Barkley,3754123,29,Everton,2016-05-15,2,Premier League,27,2015/2016,1,1,0,0.047837157,0.047837157,0.000000000,0,0.000000000,EXACT_FULL_NAME_VIA_VERIFIED_TRANSFER,HIGH,b1153bdb59d50eb9ab9698bdb8a0ba9228bdb3e6c892803c22e54f06435ef276,234038ee14a93d830dfdfd92b56b740aabf68f65f4d5757173dccaaa5c1f9e72,4b73468fc5b0f1950f9f66fada70ad3a4f9327cb,StatsBomb Open Data via Stage91 + Stage92 verified identity bridge,true,true,false,false,false,false,false,false
2287,R. Barkley,4275,Ross Barkley,3754125,29,Everton,2016-01-16,2,Premier League,27,2015/2016,3,3,0,0.245306325,0.245306325,0.000000000,0,0.000000000,EXACT_FULL_NAME_VIA_VERIFIED_TRANSFER,HIGH,d0b4cb5182dacc7893a4ac709a8bcf8a83ca10d11304179a0ac5cad63dbf2c33,7bdaaccf8d02046c88c4bfd94769f498d26234835f7cca299fed5c6b8416e01a,4b73468fc5b0f1950f9f66fada70ad3a4f9327cb,StatsBomb Open Data via Stage91 + Stage92 verified identity bridge,true,true,false,false,false,false,false,false
2287,R. Barkley,4275,Ross Barkley,3754126,29,Everton,2015-10-24,2,Premier League,27,2015/2016,2,2,0,0.118465310,0.118465310,0.000000000,1,0.022345418,EXACT_FULL_NAME_VIA_VERIFIED_TRANSFER,HIGH,3baa7ea0e27da42d40d9af15f691d9bd0a3142ad04a977aca1822f910a1f54b4,d6859a41239b5a2c863d9989204e44a7ce78a1765d792ff6d5cf1d9365f4537f,4b73468fc5b0f1950f9f66fada70ad3a4f9327cb,StatsBomb Open Data via Stage91 + Stage92 verified identity bridge,true,true,false,false,false,false,false,false
2287,R. Barkley,4275,Ross Barkley,3754127,29,Everton,2016-02-06,2,Premier League,27,2015/2016,4,4,0,0.286595632,0.286595632,0.000000000,2,0.645859030,EXACT_FULL_NAME_VIA_VERIFIED_TRANSFER,HIGH,4df1037e834c7705d3f8c264976b642c06b06386413e6e5fe489d1ff1e5d8a0c,0960ab8bdf7a517f1dfb79b4c05e544656e6fe414b24c663bc9431ada4ba31ca,4b73468fc5b0f1950f9f66fada70ad3a4f9327cb,StatsBomb Open Data via Stage91 + Stage92 verified identity bridge,true,true,false,false,false,false,false,false
2287,R. Barkley,4275,Ross Barkley,3754137,29,Everton,2016-04-16,2,Premier League,27,2015/2016,0,0,0,0.000000000,0.000000000,0.000000000,2,0.063852867,EXACT_FULL_NAME_VIA_VERIFIED_TRANSFER,HIGH,fffb7e9a5e9fecaacf705742668624bd8bb44e6552addbd3a62ff6b3f0254c0d,49af5966a1de59f254876325454cd5cd7bcf676b95d5b4a24e081f54148a28ee,4b73468fc5b0f1950f9f66fada70ad3a4f9327cb,StatsBomb Open Data via Stage91 + Stage92 verified identity bridge,true,true,false,false,false,false,false,false
2287,R. Barkley,4275,Ross Barkley,3754140,29,Everton,2016-01-03,2,Premier League,27,2015/2016,2,2,0,0.063850372,0.063850372,0.000000000,1,0.039835047,EXACT_FULL_NAME_VIA_VERIFIED_TRANSFER,HIGH,6eacd5bd5da36abb506ced3770cd02aae707ef908b8b727479c0b771a528fd6b,aa5016361d0d48207c75bcf8ee73a5aeea79bd830598e3a34338303ddfcb66ea,4b73468fc5b0f1950f9f66fada70ad3a4f9327cb,StatsBomb Open Data via Stage91 + Stage92 verified identity bridge,true,true,false,false,false,false,false,false
2287,R. Barkley,4275,Ross Barkley,3754142,29,Everton,2016-01-13,2,Premier League,27,2015/2016,1,1,0,0.035427800,0.035427800,0.000000000,0,0.000000000,EXACT_FULL_NAME_VIA_VERIFIED_TRANSFER,HIGH,fac5e2833f98e5a9c5c1232ada052acf47ccba3658b7540d8f37392d95279c97,b4374319898a6064881f615675e4ee62555d9f1cf6c7409054bb92e06ecdadb1,4b73468fc5b0f1950f9f66fada70ad3a4f9327cb,StatsBomb Open Data via Stage91 + Stage92 verified identity bridge,true,true,false,false,false,false,false,false
2287,R. Barkley,4275,Ross Barkley,3754157,29,Everton,2015-11-28,2,Premier League,27,2015/2016,2,2,0,0.144108586,0.144108586,0.000000000,4,0.303244322,EXACT_FULL_NAME_VIA_VERIFIED_TRANSFER,HIGH,ec558ee2284e9928d63458d876dcb6609212a9d91c6237d43bdfc4262e0bc3c4,059656b07342c40582f55ef459deb1a5f6d1c70229d8a2c7cad5807fb2f7f15c,4b73468fc5b0f1950f9f66fada70ad3a4f9327cb,StatsBomb Open Data via Stage91 + Stage92 verified identity bridge,true,true,false,false,false,false,false,false
2287,R. Barkley,4275,Ross Barkley,3754163,29,Everton,2016-01-24,2,Premier League,27,2015/2016,2,2,0,0.062634236,0.062634236,0.000000000,1,0.090502820,EXACT_FULL_NAME_VIA_VERIFIED_TRANSFER,HIGH,dedf5344a45c6d55bec3e41c15a1b93f840ed51de1492dc8e630adb1011949d4,c0ca48cbd214f935c1d3d210fe5985527db6b44eb7a30ad8410fdc70299f640b,4b73468fc5b0f1950f9f66fada70ad3a4f9327cb,StatsBomb Open Data via Stage91 + Stage92 verified identity bridge,true,true,false,false,false,false,false,false
2287,R. Barkley,4275,Ross Barkley,3754166,29,Everton,2015-12-19,2,Premier League,27,2015/2016,5,5,0,0.600197156,0.600197156,0.000000000,1,0.093734250,EXACT_FULL_NAME_VIA_VERIFIED_TRANSFER,HIGH,d5b8d8cfca52ea62763d8d3e2aa49826e6409406a4b8a3314ee040c07d0f43e9,2ab27fde760d0393420b431a0bb80e54937f3476e4f83568cf7b83dc5c4704bc,4b73468fc5b0f1950f9f66fada70ad3a4f9327cb,StatsBomb Open Data via Stage91 + Stage92 verified identity bridge,true,true,false,false,false,false,false,false
2287,R. Barkley,4275,Ross Barkley,3754182,29,Everton,2015-12-12,2,Premier League,27,2015/2016,0,0,0,0.000000000,0.000000000,0.000000000,2,0.126972578,EXACT_FULL_NAME_VIA_VERIFIED_TRANSFER,HIGH,a1a204f7460d26b227df60365f5ecb3b0ed2d9da3f1c8ba295e3f2ca8db67e83,05a3a8a1a19f8c2e184c400e030e211cb1500dfced1d7b0508f7e36861bfe006,4b73468fc5b0f1950f9f66fada70ad3a4f9327cb,StatsBomb Open Data via Stage91 + Stage92 verified identity bridge,true,true,false,false,false,false,false,false
2287,R. Barkley,4275,Ross Barkley,3754194,29,Everton,2015-11-07,2,Premier League,27,2015/2016,3,3,0,0.095030058,0.095030058,0.000000000,4,0.183885893,EXACT_FULL_NAME_VIA_VERIFIED_TRANSFER,HIGH,d605b2f27d651f1540c26d66ec674c435c77c993b81516a041514cd5c38607d6,cbc7a6e354c6c80bbf90c606f125cf9494c68aaa1d3c87fc0c4e4fc91b04affc,4b73468fc5b0f1950f9f66fada70ad3a4f9327cb,StatsBomb Open Data via Stage91 + Stage92 verified identity bridge,true,true,false,false,false,false,false,false
2287,R. Barkley,4275,Ross Barkley,3754233,29,Everton,2015-08-23,2,Premier League,27,2015/2016,3,3,0,0.133430045,0.133430045,0.000000000,1,0.056426886,EXACT_FULL_NAME_VIA_VERIFIED_TRANSFER,HIGH,7f39bdf0dc15917fa4658f395aed1262a5ab48aa7455fbdedfe0f5ef453275fb,6ad4d869b87d0b33c5f6bee597df308fa60d12e5cfbaf7539439f7b757ca451d,4b73468fc5b0f1950f9f66fada70ad3a4f9327cb,StatsBomb Open Data via Stage91 + Stage92 verified identity bridge,true,true,false,false,false,false,false,false
2287,R. Barkley,4275,Ross Barkley,3754252,29,Everton,2016-02-03,2,Premier League,27,2015/2016,8,6,2,1.806797960,0.239797960,1.567000000,3,0.634082962,EXACT_FULL_NAME_VIA_VERIFIED_TRANSFER,HIGH,6328f8fd3407b29441c1b66b0e04fb79ac06f48038166a85e9b1e661194a44b5,f0f009970c907189efd882433d8caebd0c800b087e29ea39717ba4855bc844a1,4b73468fc5b0f1950f9f66fada70ad3a4f9327cb,StatsBomb Open Data via Stage91 + Stage92 verified identity bridge,true,true,false,false,false,false,false,false
2287,R. Barkley,4275,Ross Barkley,3754256,29,Everton,2015-10-17,2,Premier League,27,2015/2016,5,5,0,0.206986608,0.206986608,0.000000000,2,0.130877395,EXACT_FULL_NAME_VIA_VERIFIED_TRANSFER,HIGH,b94a4b225abaed2742ca5a3137bc6b39cb1e7cd907a9483ada23ef3af21612c8,b26437ff5a0c7c2392544e885ed21073915c6b4e4543e9996d25b85c0ad1549c,4b73468fc5b0f1950f9f66fada70ad3a4f9327cb,StatsBomb Open Data via Stage91 + Stage92 verified identity bridge,true,true,false,false,false,false,false,false
2287,R. Barkley,4275,Ross Barkley,3754268,29,Everton,2015-08-29,2,Premier League,27,2015/2016,3,3,0,0.088148020,0.088148020,0.000000000,0,0.000000000,EXACT_FULL_NAME_VIA_VERIFIED_TRANSFER,HIGH,15db5b98998c1722b0047a321aa0b3701c413a9c149a366b7edec8a4cfa384fa,4ae05850466c31301ba6c6d831fd31a3e3c86cc33059cc7e7276b93252d4fdf2,4b73468fc5b0f1950f9f66fada70ad3a4f9327cb,StatsBomb Open Data via Stage91 + Stage92 verified identity bridge,true,true,false,false,false,false,false,false
2287,R. Barkley,4275,Ross Barkley,3754277,29,Everton,2016-03-05,2,Premier League,27,2015/2016,2,2,0,0.053777127,0.053777127,0.000000000,2,0.268896237,EXACT_FULL_NAME_VIA_VERIFIED_TRANSFER,HIGH,c755b39f7a2a6a1d425d38638d36cd4fa12debd48180fce111a4726c0a043b2f,34eceedd13e5dbdb9d129c5478768cd98c0d2c6dd0f675b375e02d05f78feedd,4b73468fc5b0f1950f9f66fada70ad3a4f9327cb,StatsBomb Open Data via Stage91 + Stage92 verified identity bridge,true,true,false,false,false,false,false,false
2287,R. Barkley,4275,Ross Barkley,3754283,29,Everton,2015-11-21,2,Premier League,27,2015/2016,2,2,0,0.877632350,0.877632350,0.000000000,1,0.276038830,EXACT_FULL_NAME_VIA_VERIFIED_TRANSFER,HIGH,b09f933273066c26032284ba5aff8709b0e7dbae1afee1a1c56a38875b72bee6,75b72caf67f43a8a1fe098260a455db0aefdb8d6bb0d947e6c9bca3924eb266d,4b73468fc5b0f1950f9f66fada70ad3a4f9327cb,StatsBomb Open Data via Stage91 + Stage92 verified identity bridge,true,true,false,false,false,false,false,false
2287,R. Barkley,4275,Ross Barkley,3754294,29,Everton,2016-04-20,2,Premier League,27,2015/2016,1,1,0,0.027545230,0.027545230,0.000000000,0,0.000000000,EXACT_FULL_NAME_VIA_VERIFIED_TRANSFER,HIGH,4a6ad83a6583e8c4412110dfb1e03b317fb226f23d2890dfad31bc0bd3c83670,9a80540e581c33120cd4fe72dbd9cf835d421904fbc2729f10e41e49a1b1f336,4b73468fc5b0f1950f9f66fada70ad3a4f9327cb,StatsBomb Open Data via Stage91 + Stage92 verified identity bridge,true,true,false,false,false,false,false,false
2287,R. Barkley,4275,Ross Barkley,3754298,29,Everton,2015-09-19,2,Premier League,27,2015/2016,2,2,0,0.072250873,0.072250873,0.000000000,5,0.377491372,EXACT_FULL_NAME_VIA_VERIFIED_TRANSFER,HIGH,5e2c9fef99b6ed1ffd2d3367ed278cfe756fbc0b8f88188791e2edb36e48a451,dea869fdbba5879a59e67ed1cac9ebc2a4f5382358d7bb501b5225e8a1aa5801,4b73468fc5b0f1950f9f66fada70ad3a4f9327cb,StatsBomb Open Data via Stage91 + Stage92 verified identity bridge,true,true,false,false,false,false,false,false
2287,R. Barkley,4275,Ross Barkley,3754300,29,Everton,2015-08-08,2,Premier League,27,2015/2016,4,4,0,0.108858128,0.108858128,0.000000000,2,0.310904894,EXACT_FULL_NAME_VIA_VERIFIED_TRANSFER,HIGH,cc9716740c2816d578b0e1f3a8ea9285a9b06d20313e6290f139cf2704c11088,d641aaba8cd98303bd0ab7ad13971183f1d0950b4f7cf826f4142a7f2587b723,4b73468fc5b0f1950f9f66fada70ad3a4f9327cb,StatsBomb Open Data via Stage91 + Stage92 verified identity bridge,true,true,false,false,false,false,false,false
2287,R. Barkley,4275,Ross Barkley,3754327,29,Everton,2016-03-01,2,Premier League,27,2015/2016,0,0,0,0.000000000,0.000000000,0.000000000,2,0.053438779,EXACT_FULL_NAME_VIA_VERIFIED_TRANSFER,HIGH,f83547b3136ee71e46e36010afc8d49411e4690e0c2c5fad1b97230e88682abf,d2167aa1063b5760de13d3ac2b04b062b6280e3bb50bc41ec3d543901a9be20c,4b73468fc5b0f1950f9f66fada70ad3a4f9327cb,StatsBomb Open Data via Stage91 + Stage92 verified identity bridge,true,true,false,false,false,false,false,false
2287,R. Barkley,4275,Ross Barkley,3754336,29,Everton,2015-09-12,2,Premier League,27,2015/2016,2,2,0,0.068823356,0.068823356,0.000000000,4,0.206049129,EXACT_FULL_NAME_VIA_VERIFIED_TRANSFER,HIGH,13fd9dd042d90d22268b46c76fb95e4e1c947d09b6222817daeaa9c5beed426c,5616372b2367a94c0fa69532af1e4d94ccf188441f8452687bf9022c2784a93e,4b73468fc5b0f1950f9f66fada70ad3a4f9327cb,StatsBomb Open Data via Stage91 + Stage92 verified identity bridge,true,true,false,false,false,false,false,false
2287,R. Barkley,4275,Ross Barkley,3754350,29,Everton,2016-02-13,2,Premier League,27,2015/2016,8,8,0,0.592940294,0.592940294,0.000000000,2,0.064466052,EXACT_FULL_NAME_VIA_VERIFIED_TRANSFER,HIGH,04137aeca8e12f0ecd74822b435b96b5d73a53ace66c96da7d698e29ed006f42,ee7dafa7e0df9ab2a4793a27a752f8aae5fa684da2a28cfecffe21dea00e406d,4b73468fc5b0f1950f9f66fada70ad3a4f9327cb,StatsBomb Open Data via Stage91 + Stage92 verified identity bridge,true,true,false,false,false,false,false,false
2287,R. Barkley,4275,Ross Barkley,3837938,136,OGC Nice,2023-04-08,7,Ligue 1,235,2022/2023,1,1,0,0.037763458,0.037763458,0.000000000,0,0.000000000,EXACT_FULL_NAME_VIA_VERIFIED_TRANSFER,HIGH,78f568ee69e55e8872e7c52379930f84478cf6d409e9f471125a9f51826960fa,128e25cf1bc80446e9da7a2b6eb1ef86d6001ca4372b7b93baf4bac903cf79eb,4b73468fc5b0f1950f9f66fada70ad3a4f9327cb,StatsBomb Open Data via Stage91 + Stage92 verified identity bridge,true,true,false,false,false,false,false,false
2292,R. Loftus-Cheek,3504,Ruben Loftus-Cheek,3753973,33,Chelsea,2016-03-19,2,Premier League,27,2015/2016,1,1,0,0.086544774,0.086544774,0.000000000,0,0.000000000,EXACT_FULL_NAME_VIA_VERIFIED_TRANSFER,HIGH,1923bbb2576c3f285e9e1328f6dbed294f3dd0e3fc15ef6d3d1e86162e52951e,13987f8ec2279a5f469c8c23f3166bdd79fbe470ac05388db23a2950d3e66bff,4b73468fc5b0f1950f9f66fada70ad3a4f9327cb,StatsBomb Open Data via Stage91 + Stage92 verified identity bridge,true,true,false,false,false,false,false,false
2292,R. Loftus-Cheek,3504,Ruben Loftus-Cheek,3754061,33,Chelsea,2016-03-05,2,Premier League,27,2015/2016,2,2,0,0.187030103,0.187030103,0.000000000,0,0.000000000,EXACT_FULL_NAME_VIA_VERIFIED_TRANSFER,HIGH,42b8fa03a42bae76db529e344feed1bc13cce648409dd3c6abc906654097c15b,c1ede21c2f0c34dd970867f25b2bfc61cfd8ba35d2321de3419f71eab88df947,4b73468fc5b0f1950f9f66fada70ad3a4f9327cb,StatsBomb Open Data via Stage91 + Stage92 verified identity bridge,true,true,false,false,false,false,false,false
2292,R. Loftus-Cheek,3504,Ruben Loftus-Cheek,3754075,33,Chelsea,2016-04-02,2,Premier League,27,2015/2016,2,2,0,0.199803630,0.199803630,0.000000000,1,0.059069980,EXACT_FULL_NAME_VIA_VERIFIED_TRANSFER,HIGH,b83d76fbcec7b7d6eeada71e3f1821e8dee49014057d356debace7fdf557f43b,bab19f6b0627c39e7d1fdbe7ea273c262ad87f70297ef24155434023ab7aced8,4b73468fc5b0f1950f9f66fada70ad3a4f9327cb,StatsBomb Open Data via Stage91 + Stage92 verified identity bridge,true,true,false,false,false,false,false,false
2292,R. Loftus-Cheek,3504,Ruben Loftus-Cheek,3754083,33,Chelsea,2015-08-29,2,Premier League,27,2015/2016,0,0,0,0.000000000,0.000000000,0.000000000,1,0.015415090,EXACT_FULL_NAME_VIA_VERIFIED_TRANSFER,HIGH,a94e608c401a78e287db5f24e955a74df21fbc68d35548bc06d5b0e1b12c0139,e34a89d9392b06b4511fa3876ccece6e4da5a1a23b78a6ef2b7fa433729c5fe9,4b73468fc5b0f1950f9f66fada70ad3a4f9327cb,StatsBomb Open Data via Stage91 + Stage92 verified identity bridge,true,true,false,false,false,false,false,false
2292,R. Loftus-Cheek,3504,Ruben Loftus-Cheek,3754115,33,Chelsea,2015-10-17,2,Premier League,27,2015/2016,1,1,0,0.043863820,0.043863820,0.000000000,0,0.000000000,EXACT_FULL_NAME_VIA_VERIFIED_TRANSFER,HIGH,5246343d1dda0f598ae1d8eb0d80d2220adfac02ede06926fddc3017cf39d822,1c83a1d297d723cb7cfd81353ff4726c0d37ba6762730ef32fe05972639ee8a2,4b73468fc5b0f1950f9f66fada70ad3a4f9327cb,StatsBomb Open Data via Stage91 + Stage92 verified identity bridge,true,true,false,false,false,false,false,false
2292,R. Loftus-Cheek,3504,Ruben Loftus-Cheek,3754116,33,Chelsea,2016-04-09,2,Premier League,27,2015/2016,3,3,0,0.185476908,0.185476908,0.000000000,0,0.000000000,EXACT_FULL_NAME_VIA_VERIFIED_TRANSFER,HIGH,eeb300f95ca74d0d31d697daf63720740ce9d031ec7f6d3ef4542135c58751be,d5ffb1f74c7a6bb5dda24de41dfe71b5f40f3bbbd4d8ae7b30d4eff9793dfb4e,4b73468fc5b0f1950f9f66fada70ad3a4f9327cb,StatsBomb Open Data via Stage91 + Stage92 verified identity bridge,true,true,false,false,false,false,false,false
2292,R. Loftus-Cheek,3504,Ruben Loftus-Cheek,3754229,33,Chelsea,2016-05-15,2,Premier League,27,2015/2016,2,2,0,0.176175630,0.176175630,0.000000000,0,0.000000000,EXACT_FULL_NAME_VIA_VERIFIED_TRANSFER,HIGH,f59833b06f876744dad6afe6b65d195c43dc02605cfb90f143be31e82575ed26,abc692fd11dbc28f0e75827abbe664c554f4d7f849124c3a37111b54914717f8,4b73468fc5b0f1950f9f66fada70ad3a4f9327cb,StatsBomb Open Data via Stage91 + Stage92 verified identity bridge,true,true,false,false,false,false,false,false
2292,R. Loftus-Cheek,3504,Ruben Loftus-Cheek,3754322,33,Chelsea,2016-04-16,2,Premier League,27,2015/2016,3,3,0,0.490155016,0.490155016,0.000000000,2,0.093432440,EXACT_FULL_NAME_VIA_VERIFIED_TRANSFER,HIGH,05cda3b2a2773fa5d2d1dc4916065e2dca1cae5099879a76e721530f880503b8,9ecfb21a19000f99087a683a7d03c8bd1d736243584863486a9961eaccde9776,4b73468fc5b0f1950f9f66fada70ad3a4f9327cb,StatsBomb Open Data via Stage91 + Stage92 verified identity bridge,true,true,false,false,false,false,false,false
2292,R. Loftus-Cheek,3504,Ruben Loftus-Cheek,7554,768,England,2018-06-24,43,FIFA World Cup,3,2018,1,1,0,0.034591670,0.034591670,0.000000000,0,0.000000000,EXACT_FULL_NAME_VIA_VERIFIED_TRANSFER,HIGH,6bbee631a0b8547e28ba2e966925c220431969f89f0f2db2a8785c814dd2f2a5,6c1e1f596c4c23ac316a3c76d98cf7b0546ab45b85267761b173c1571b778303,4b73468fc5b0f1950f9f66fada70ad3a4f9327cb,StatsBomb Open Data via Stage91 + Stage92 verified identity bridge,true,true,false,false,false,false,false,false
2292,R. Loftus-Cheek,3504,Ruben Loftus-Cheek,7570,768,England,2018-06-28,43,FIFA World Cup,3,2018,1,1,0,0.085506970,0.085506970,0.000000000,1,0.006554132,EXACT_FULL_NAME_VIA_VERIFIED_TRANSFER,HIGH,5fe4ab68709c4001ba237e2c8800808e9a51a3459576203d1c2d9fdc8fe3ff43,23de24585567e6017b5b87ea513ec215ad8b19b2f8d3c06978d898ef5f544352,4b73468fc5b0f1950f9f66fada70ad3a4f9327cb,StatsBomb Open Data via Stage91 + Stage92 verified identity bridge,true,true,false,false,false,false,false,false
2292,R. Loftus-Cheek,3504,Ruben Loftus-Cheek,8657,768,England,2018-07-14,43,FIFA World Cup,3,2018,1,1,0,0.154553010,0.154553010,0.000000000,1,0.010714026,EXACT_FULL_NAME_VIA_VERIFIED_TRANSFER,HIGH,319f2c1d501609aec246f37d44de258dcef138f4364075869b539a36ca026528,e90fb0d3604f6b289b171403e2d3da4069be6c8f9d3c83642dea0a19f40de7b4,4b73468fc5b0f1950f9f66fada70ad3a4f9327cb,StatsBomb Open Data via Stage91 + Stage92 verified identity bridge,true,true,false,false,false,false,false,false
24012,L. Mpasi,35413,Lionel Mpasi-Nzau,3922240,4881,Congo DR,2024-01-28,1267,African Cup of Nations,107,2023,1,0,1,0.783500000,0.000000000,0.783500000,0,0.000000000,EXACT_FULL_NAME_VIA_VERIFIED_TRANSFER,HIGH,090b60761de5946bccfcb1cc7bb30105411dbd9e38fd204db1a4d84d34b9ecd6,a62b7f42a6d51451116a49a618f25cce067592b8fae2b081930441abb40674f5,4b73468fc5b0f1950f9f66fada70ad3a4f9327cb,StatsBomb Open Data via Stage91 + Stage92 verified identity bridge,true,true,false,false,false,false,false,false
243,Z. Aboukhlal,21736,Zakaria Aboukhlal,3837683,130,Toulouse,2022-08-31,7,Ligue 1,235,2022/2023,1,1,0,0.044320380,0.044320380,0.000000000,1,0.006072677,EXACT_FULL_NAME_VIA_VERIFIED_TRANSFER,HIGH,0929a1fdd44ba84a74eceb75756418963bc9063530e64d6190f73b605fd49b8d,5ddda90038b14ee3c88ee84fb7007c27379f157c5f2e2ecc17545f6b751b2912,4b73468fc5b0f1950f9f66fada70ad3a4f9327cb,StatsBomb Open Data via Stage91 + Stage92 verified identity bridge,true,true,false,false,false,false,false,false
243,Z. Aboukhlal,21736,Zakaria Aboukhlal,3837859,130,Toulouse,2023-02-04,7,Ligue 1,235,2022/2023,1,1,0,0.021727845,0.021727845,0.000000000,0,0.000000000,EXACT_FULL_NAME_VIA_VERIFIED_TRANSFER,HIGH,01722931a0014679903c9cb24e1cba5f8c9c124afc51a4db836e90e597e08c31,fbb6e5d4e64e6f22a29967f2b26ada9f89cef2dbfa96028f30082246c6eb19e6,4b73468fc5b0f1950f9f66fada70ad3a4f9327cb,StatsBomb Open Data via Stage91 + Stage92 verified identity bridge,true,true,false,false,false,false,false,false
243,Z. Aboukhlal,21736,Zakaria Aboukhlal,3857283,788,Morocco,2022-11-27,43,FIFA World Cup,106,2022,1,1,0,0.181049060,0.181049060,0.000000000,0,0.000000000,EXACT_FULL_NAME_VIA_VERIFIED_TRANSFER,HIGH,3f9593a56198faf4d34379a63106b108e1858e9140e71174b06d7f9cb0a6433a,7285fea113792265bcc086abc21fc6f546a1d73bb25b3b1abe0b6bfefb59dd55,4b73468fc5b0f1950f9f66fada70ad3a4f9327cb,StatsBomb Open Data via Stage91 + Stage92 verified identity bridge,true,true,false,false,false,false,false,false
243,Z. Aboukhlal,21736,Zakaria Aboukhlal,3869486,788,Morocco,2022-12-10,43,FIFA World Cup,106,2022,1,1,0,0.391091230,0.391091230,0.000000000,0,0.000000000,EXACT_FULL_NAME_VIA_VERIFIED_TRANSFER,HIGH,7278e8835d2c68120bb17f4327dd914d67c1eadf9545e871e4733412d3af4d56,fc6b63f73ea3acdf3bd8b1a99ade9fa29b705e8df1d2b6edfba58bb0e411574f,4b73468fc5b0f1950f9f66fada70ad3a4f9327cb,StatsBomb Open Data via Stage91 + Stage92 verified identity bridge,true,true,false,false,false,false,false,false
243,Z. Aboukhlal,21736,Zakaria Aboukhlal,3869552,788,Morocco,2022-12-14,43,FIFA World Cup,106,2022,1,1,0,0.024939176,0.024939176,0.000000000,0,0.000000000,EXACT_FULL_NAME_VIA_VERIFIED_TRANSFER,HIGH,294fae4d2e3799a007b6f454b8f78322eeb1deea5f8ad9a3dc644502900f450d,b0b1d1362846c4a15beb8b72c5d38c02bbf35ef8b651bcd3733a3dbdc88a9a4e,4b73468fc5b0f1950f9f66fada70ad3a4f9327cb,StatsBomb Open Data via Stage91 + Stage92 verified identity bridge,true,true,false,false,false,false,false,false
2467,Lisandro Martínez,27768,Lisandro Martínez,3857300,779,Argentina,2022-11-22,43,FIFA World Cup,106,2022,1,1,0,0.331561270,0.331561270,0.000000000,0,0.000000000,EXACT_FULL_NAME_VIA_VERIFIED_TRANSFER,HIGH,429b65af9b177227f7b63e6df9c486b35b02cc7f4da4f21a66eb6eb5b378c13f,abdf62b8e445a0289474a03598d1de52ca3bea443fa848e37d6dcff8439424a9,4b73468fc5b0f1950f9f66fada70ad3a4f9327cb,StatsBomb Open Data via Stage91 + Stage92 verified identity bridge,true,true,false,false,false,false,false,false
2467,Lisandro Martínez,27768,Lisandro Martínez,3939969,779,Argentina,2024-06-21,223,Copa America,282,2024,0,0,0,0.000000000,0.000000000,0.000000000,1,0.349010530,EXACT_FULL_NAME_VIA_VERIFIED_TRANSFER,HIGH,00d0acff5a4d9068fea006427c01e3f31e526d54a4dd807031f3c6f2ffbc1249,fa8e8d415a359954f823e7b496946faf0b006e07d47e143827d3d82132ed29a7,4b73468fc5b0f1950f9f66fada70ad3a4f9327cb,StatsBomb Open Data via Stage91 + Stage92 verified identity bridge,true,true,false,false,false,false,false,false
2467,Lisandro Martínez,27768,Lisandro Martínez,3939977,779,Argentina,2024-06-26,223,Copa America,282,2024,1,1,0,0.049713437,0.049713437,0.000000000,2,0.521844836,EXACT_FULL_NAME_VIA_VERIFIED_TRANSFER,HIGH,25341cd439f19621e0a595499220400160f26e0565b6f016f525eaf9a5cb380d,b4b4be2210c32290ce4805f358e2d5e9238faf43290378377fadc81c00a3f27d,4b73468fc5b0f1950f9f66fada70ad3a4f9327cb,StatsBomb Open Data via Stage91 + Stage92 verified identity bridge,true,true,false,false,false,false,false,false
2467,Lisandro Martínez,27768,Lisandro Martínez,3942228,779,Argentina,2024-07-05,223,Copa America,282,2024,3,3,0,0.502053625,0.502053625,0.000000000,0,0.000000000,EXACT_FULL_NAME_VIA_VERIFIED_TRANSFER,HIGH,1a04295afa85e69bd9cdee6f8f2304d03d33494618171b7186821a61ffa02c6a,7e30d92d22f0087b8dc26c4f52ddfe9d4f839a76d7db117556910ad6d728eaf7,4b73468fc5b0f1950f9f66fada70ad3a4f9327cb,StatsBomb Open Data via Stage91 + Stage92 verified identity bridge,true,true,false,false,false,false,false,false
2467,Lisandro Martínez,27768,Lisandro Martínez,3942785,779,Argentina,2024-07-10,223,Copa America,282,2024,1,1,0,0.025677638,0.025677638,0.000000000,0,0.000000000,EXACT_FULL_NAME_VIA_VERIFIED_TRANSFER,HIGH,f1171329ddff6c145d29d9719c467d71953942c0237da95a32b64f2bd779013b,dc3f41f73580bb3f7467efeb1deeacf74138e3d402eea93f67e05f87a019d3a1,4b73468fc5b0f1950f9f66fada70ad3a4f9327cb,StatsBomb Open Data via Stage91 + Stage92 verified identity bridge,true,true,false,false,false,false,false,false
24798,C. Führich,23614,Chris Führich,3895167,174,VfB Stuttgart,2023-12-10,9,1. Bundesliga,281,2023/2024,4,4,0,0.941826610,0.941826610,0.000000000,2,0.462231480,EXACT_FULL_NAME_VIA_VERIFIED_TRANSFER,HIGH,5200a24b09a6fa8aca05c19cce0448b7df4ab4896907c783984c4ca88f0f48dc,a36906d0d063540f30364cd19d07c298426c699ab75f79630a55e81afb15db85,4b73468fc5b0f1950f9f66fada70ad3a4f9327cb,StatsBomb Open Data via Stage91 + Stage92 verified identity bridge,true,true,false,false,false,false,false,false
24798,C. Führich,23614,Chris Führich,3895320,174,VfB Stuttgart,2024-04-27,9,1. Bundesliga,281,2023/2024,2,2,0,0.155021070,0.155021070,0.000000000,0,0.000000000,EXACT_FULL_NAME_VIA_VERIFIED_TRANSFER,HIGH,3148558c6338a87a93f1458745fa9c35676f3185671e2b9d1dd3c940ffb49d37,963548e4314f750ec4c92a6340e4f55f669fd21db3295cb9780d3220d8e891f3,4b73468fc5b0f1950f9f66fada70ad3a4f9327cb,StatsBomb Open Data via Stage91 + Stage92 verified identity bridge,true,true,false,false,false,false,false,false
24798,C. Führich,23614,Chris Führich,3930168,770,Germany,2024-06-19,55,UEFA Euro,282,2024,1,1,0,0.027013024,0.027013024,0.000000000,0,0.000000000,EXACT_FULL_NAME_VIA_VERIFIED_TRANSFER,HIGH,70879c423d7985a17f03f2e86c78a041b060328cbd5ca3719a01638f5ce77b1d,d9a0e186a912b33c9fe1676fb4bb20e505cb2092e06f63a15ea5044f71be64f4,4b73468fc5b0f1950f9f66fada70ad3a4f9327cb,StatsBomb Open Data via Stage91 + Stage92 verified identity bridge,true,true,false,false,false,false,false,false
24845,J. Ryerson,12387,Julian Ryerson,3895158,180,Borussia Dortmund,2023-12-03,9,1. Bundesliga,281,2023/2024,1,1,0,0.378846350,0.378846350,0.000000000,0,0.000000000,EXACT_FULL_NAME_VIA_VERIFIED_TRANSFER,HIGH,7596f05da00d604947839b311ec880f423051e112f25f7f4ce1c538d0da9aa9d,28b94c327b61685ee44405020174cf16a308628747d7c276269d5659a02f7afd,4b73468fc5b0f1950f9f66fada70ad3a4f9327cb,StatsBomb Open Data via Stage91 + Stage92 verified identity bridge,true,true,false,false,false,false,false,false
24845,J. Ryerson,12387,Julian Ryerson,3895309,180,Borussia Dortmund,2024-04-21,9,1. Bundesliga,281,2023/2024,1,1,0,0.028324867,0.028324867,0.000000000,1,0.053571710,EXACT_FULL_NAME_VIA_VERIFIED_TRANSFER,HIGH,2af776a0a690d027346e649652acec7a8bc085badbf75881f1cc5960cc23080d,f9b1c4cd0ead322f05b0b4cd4c99acdd5c85011fec539c638078215ad03e5f33,4b73468fc5b0f1950f9f66fada70ad3a4f9327cb,StatsBomb Open Data via Stage91 + Stage92 verified identity bridge,true,true,false,false,false,false,false,false
24848,C. Trimmel,9164,Christopher Trimmel,3895292,190,Union Berlin,2024-04-06,9,1. Bundesliga,281,2023/2024,0,0,0,0.000000000,0.000000000,0.000000000,1,0.061352093,EXACT_FULL_NAME_VIA_VERIFIED_TRANSFER,HIGH,79363165296cf0ccbe874081ee7bf33a5cf5b95c5d4947fbd771428230f43744,5122e5f94a8f609590601f808f18de6fd0211892805bd89e1429d5151e511454,4b73468fc5b0f1950f9f66fada70ad3a4f9327cb,StatsBomb Open Data via Stage91 + Stage92 verified identity bridge,true,true,false,false,false,false,false,false
24910,T. Skarke,9209,Tim Skarke,3895067,872,Darmstadt 98,2023-09-02,9,1. Bundesliga,281,2023/2024,2,2,0,0.036261563,0.036261563,0.000000000,0,0.000000000,EXACT_FULL_NAME_VIA_VERIFIED_TRANSFER,HIGH,eadd7b4c18251254f830de9acbb30f8f4a470ede2d52610b340abea45e35830f,f05a8165c934b006d065c16ae38b6810c3af4adf207e92caf7c9a4eea52c1cad,4b73468fc5b0f1950f9f66fada70ad3a4f9327cb,StatsBomb Open Data via Stage91 + Stage92 verified identity bridge,true,true,false,false,false,false,false,false
24910,T. Skarke,9209,Tim Skarke,3895220,872,Darmstadt 98,2024-02-03,9,1. Bundesliga,281,2023/2024,0,0,0,0.000000000,0.000000000,0.000000000,2,0.182489366,EXACT_FULL_NAME_VIA_VERIFIED_TRANSFER,HIGH,6393f99aad4783e506aefc2efbfeceae4fa7fb745200ead9465aa36c3ac47b06,ddf8e892fca7b30942e99b64cb1ed13f29baeeff7ccdec8ad8d5b42cc7450151,4b73468fc5b0f1950f9f66fada70ad3a4f9327cb,StatsBomb Open Data via Stage91 + Stage92 verified identity bridge,true,true,false,false,false,false,false,false
24963,A. Karazor,20947,Atakan Karazor,3895167,174,VfB Stuttgart,2023-12-10,9,1. Bundesliga,281,2023/2024,1,1,0,0.031105785,0.031105785,0.000000000,4,0.103607719,EXACT_FULL_NAME_VIA_VERIFIED_TRANSFER,HIGH,81a5e1b62058c5473f68c3ace86a3f90d9cfe02717574d140125dd2c869872e5,a36906d0d063540f30364cd19d07c298426c699ab75f79630a55e81afb15db85,4b73468fc5b0f1950f9f66fada70ad3a4f9327cb,StatsBomb Open Data via Stage91 + Stage92 verified identity bridge,true,true,false,false,false,false,false,false
24963,A. Karazor,20947,Atakan Karazor,3895320,174,VfB Stuttgart,2024-04-27,9,1. Bundesliga,281,2023/2024,0,0,0,0.000000000,0.000000000,0.000000000,1,0.020028373,EXACT_FULL_NAME_VIA_VERIFIED_TRANSFER,HIGH,8591b4725c39381adf5b0fbe6f98bf530e1ca71ee60bbf026f690a3dbf743c67,963548e4314f750ec4c92a6340e4f55f669fd21db3295cb9780d3220d8e891f3,4b73468fc5b0f1950f9f66fada70ad3a4f9327cb,StatsBomb Open Data via Stage91 + Stage92 verified identity bridge,true,true,false,false,false,false,false,false
25158,D. Raum,12034,David Raum,3857263,770,Germany,2022-11-27,43,FIFA World Cup,106,2022,0,0,0,0.000000000,0.000000000,0.000000000,2,0.089649972,EXACT_FULL_NAME_VIA_VERIFIED_TRANSFER,HIGH,70078dc75d0cf93336ae25b81f155c6cb68fe9f26c2539abe8799e29371529ca,81c6a2481b469bfbd328798a70f86b4cf55f2918b771f5836e7e1ab9a3dda99d,4b73468fc5b0f1950f9f66fada70ad3a4f9327cb,StatsBomb Open Data via Stage91 + Stage92 verified identity bridge,true,true,false,false,false,false,false,false
25158,D. Raum,12034,David Raum,3857284,770,Germany,2022-11-23,43,FIFA World Cup,106,2022,0,0,0,0.000000000,0.000000000,0.000000000,3,0.312802050,EXACT_FULL_NAME_VIA_VERIFIED_TRANSFER,HIGH,58ee3c05c806cf5afa1a99f6eac5e3523b9dead4696a752d59fa6a408fd07481,984675db8a02f0471631995341f277a2dcf0f8cead2d45a2907f69dd2b26e184,4b73468fc5b0f1950f9f66fada70ad3a4f9327cb,StatsBomb Open Data via Stage91 + Stage92 verified identity bridge,true,true,false,false,false,false,false,false
25158,D. Raum,12034,David Raum,3857292,770,Germany,2022-12-01,43,FIFA World Cup,106,2022,0,0,0,0.000000000,0.000000000,0.000000000,3,0.222411194,EXACT_FULL_NAME_VIA_VERIFIED_TRANSFER,HIGH,9bf04e0d82e84af27de23afe7c880625b59496b12a4bdc1e3d74d4e8caecb23b,01bd2104e6e7e11fc778f8d558c2e70e1a195fc01c0162087c5c60195dc5a34d,4b73468fc5b0f1950f9f66fada70ad3a4f9327cb,StatsBomb Open Data via Stage91 + Stage92 verified identity bridge,true,true,false,false,false,false,false,false
25158,D. Raum,12034,David Raum,3895052,182,RB Leipzig,2023-08-19,9,1. Bundesliga,281,2023/2024,0,0,0,0.000000000,0.000000000,0.000000000,3,0.429008716,EXACT_FULL_NAME_VIA_VERIFIED_TRANSFER,HIGH,1658ba2e08adfa4e6765e0620060f9d5f45363cd0901e824206c14028f227a48,5185ad903c7f4889992190cd862ee444d9d344f7c974d4c4cf777e43820083a8,4b73468fc5b0f1950f9f66fada70ad3a4f9327cb,StatsBomb Open Data via Stage91 + Stage92 verified identity bridge,true,true,false,false,false,false,false,false
25158,D. Raum,12034,David Raum,3895202,182,RB Leipzig,2024-01-20,9,1. Bundesliga,281,2023/2024,0,0,0,0.000000000,0.000000000,0.000000000,1,0.187151490,EXACT_FULL_NAME_VIA_VERIFIED_TRANSFER,HIGH,42658fa31f6b13a0271945a5943779e63178a24fbb48dd4d9400747132b5130b,5a2eb3e3c5ffc9c22ed67d8cb6715693dec1b6468d0193868e9f98f4992cebd0,4b73468fc5b0f1950f9f66fada70ad3a4f9327cb,StatsBomb Open Data via Stage91 + Stage92 verified identity bridge,true,true,false,false,false,false,false,false
25158,D. Raum,12034,David Raum,3930176,770,Germany,2024-06-23,55,UEFA Euro,282,2024,1,1,0,0.024444293,0.024444293,0.000000000,2,0.392755410,EXACT_FULL_NAME_VIA_VERIFIED_TRANSFER,HIGH,49dc12bc4d4e09413a14fb3e498d64ae13f5a2b5c4be23256fb7b90bd8dd369f,9018ec119a65af536561536b7448c3a965ba9b03bfd7502edbb52a38b11b33be,4b73468fc5b0f1950f9f66fada70ad3a4f9327cb,StatsBomb Open Data via Stage91 + Stage92 verified identity bridge,true,true,false,false,false,false,false,false
25158,D. Raum,12034,David Raum,3940983,770,Germany,2024-06-29,55,UEFA Euro,282,2024,0,0,0,0.000000000,0.000000000,0.000000000,2,0.561328220,EXACT_FULL_NAME_VIA_VERIFIED_TRANSFER,HIGH,e97db999f221745111e15add32b80e539bc6c5f135cfca9c311a91d6f65336cb,cc812d021ecf09aca781786d337dc9b7af36d79fc91686f003cceac5f02f77bd,4b73468fc5b0f1950f9f66fada70ad3a4f9327cb,StatsBomb Open Data via Stage91 + Stage92 verified identity bridge,true,true,false,false,false,false,false,false
25242,M. Bülter,9133,Marius Bülter,3895134,175,Hoffenheim,2023-11-04,9,1. Bundesliga,281,2023/2024,1,1,0,0.006225055,0.006225055,0.000000000,2,0.122275220,EXACT_FULL_NAME_VIA_VERIFIED_TRANSFER,HIGH,ff7387e45142c692aa41d59df8d3f58f32acb6ca1274c48606dd0f621f021cf8,910d73c08017d3be09ba4e60b205143b686205c311aff136cf9a67fcec751d0d,4b73468fc5b0f1950f9f66fada70ad3a4f9327cb,StatsBomb Open Data via Stage91 + Stage92 verified identity bridge,true,true,false,false,false,false,false,false
25290,J. Gouweleeuw,8318,Jeffrey Gouweleeuw,3890446,172,Augsburg,,,,,,0,0,0,0.000000000,0.000000000,0.000000000,1,0.026839456,EXACT_FULL_NAME_VIA_VERIFIED_TRANSFER,HIGH,8ebb7cfda9f2241ed885af7db9bb71862f8729d3f6b6b2d0fe673f2e29946e21,19eb24bb0b1eb45ec2449bb4171535da0902f878124e31762dd74757f1dbb471,4b73468fc5b0f1950f9f66fada70ad3a4f9327cb,StatsBomb Open Data via Stage91 + Stage92 verified identity bridge,true,true,false,false,false,false,false,false
25290,J. Gouweleeuw,8318,Jeffrey Gouweleeuw,3890469,172,Augsburg,,,,,,0,0,0,0.000000000,0.000000000,0.000000000,1,0.068447670,EXACT_FULL_NAME_VIA_VERIFIED_TRANSFER,HIGH,f1f8c4607654be9c7c13374c0dc4c17ff5ff206e4b2a78c6a62f8a29ac048f8f,455e3b83b3960861c7b64d3217c974d8a1e707af98a10ea3049a02b3eb140672,4b73468fc5b0f1950f9f66fada70ad3a4f9327cb,StatsBomb Open Data via Stage91 + Stage92 verified identity bridge,true,true,false,false,false,false,false,false
25290,J. Gouweleeuw,8318,Jeffrey Gouweleeuw,3890522,172,Augsburg,,,,,,2,2,0,0.763364650,0.763364650,0.000000000,0,0.000000000,EXACT_FULL_NAME_VIA_VERIFIED_TRANSFER,HIGH,f1e95ce2f9c8b3451944a7b0d0dafe9f05f30f40607c664c17a985a9711c09f3,17ee612ef77b4d8193d65c6af762189169ba1f4c22d5382bbf6750a0ffeb046e,4b73468fc5b0f1950f9f66fada70ad3a4f9327cb,StatsBomb Open Data via Stage91 + Stage92 verified identity bridge,true,true,false,false,false,false,false,false
25290,J. Gouweleeuw,8318,Jeffrey Gouweleeuw,3890535,172,Augsburg,,,,,,0,0,0,0.000000000,0.000000000,0.000000000,1,0.258804230,EXACT_FULL_NAME_VIA_VERIFIED_TRANSFER,HIGH,db906e4107979488610c150d37866dbca5845bd3a66ca30989adf22fb76c3aaa,2ea19c9883fdd50201523d817dfa645ba0360f84f1404044b47aa180c9d96956,4b73468fc5b0f1950f9f66fada70ad3a4f9327cb,StatsBomb Open Data via Stage91 + Stage92 verified identity bridge,true,true,false,false,false,false,false,false
25290,J. Gouweleeuw,8318,Jeffrey Gouweleeuw,3895348,172,Augsburg,2024-05-18,9,1. Bundesliga,281,2023/2024,0,0,0,0.000000000,0.000000000,0.000000000,2,0.292424060,EXACT_FULL_NAME_VIA_VERIFIED_TRANSFER,HIGH,aacd24ac06127bb289b783f60c874615b223c270f38d0ddb604dfdfcfa982ce3,a6e46131364655d9bef96487b9fee1cea207a943cceb9b660d964337c8ffe91e,4b73468fc5b0f1950f9f66fada70ad3a4f9327cb,StatsBomb Open Data via Stage91 + Stage92 verified identity bridge,true,true,false,false,false,false,false,false
25297,M. Gregoritsch,8309,Michael Gregoritsch,3788747,915,Austria,2021-06-13,55,UEFA Euro,43,2020,2,2,0,0.475984990,0.475984990,0.000000000,0,0.000000000,EXACT_FULL_NAME_VIA_VERIFIED_TRANSFER,HIGH,e80b78e971912e78122caf1055737658513868a978b20035303de3714381ddf5,44a92319bff283b077bb2c6ae8ce5e8f5bec15f8201d1b5b249bc107f9745b28,4b73468fc5b0f1950f9f66fada70ad3a4f9327cb,StatsBomb Open Data via Stage91 + Stage92 verified identity bridge,true,true,false,false,false,false,false,false
25297,M. Gregoritsch,8309,Michael Gregoritsch,3794685,915,Austria,2021-06-26,55,UEFA Euro,43,2020,1,1,0,0.025258655,0.025258655,0.000000000,1,0.193925510,EXACT_FULL_NAME_VIA_VERIFIED_TRANSFER,HIGH,2cd7774d13124170f9eb92c023c10c50a6ffd392ec3d9cfcc0876a9c9df76bb4,32e21227f903b9afeeef47b4661385f8344358bde44922acb4a0ffdb3258acd9,4b73468fc5b0f1950f9f66fada70ad3a4f9327cb,StatsBomb Open Data via Stage91 + Stage92 verified identity bridge,true,true,false,false,false,false,false,false
25297,M. Gregoritsch,8309,Michael Gregoritsch,3890259,171,Hamburger SV,,,,,,1,1,0,0.005245988,0.005245988,0.000000000,2,0.030239769,EXACT_FULL_NAME_VIA_VERIFIED_TRANSFER,HIGH,321ef3629affe54d6bba1d598292a6f2226afcba9507078d9d5af5933250c3d7,4efd7ea9c96c99fb6774ee3e005f502a697b2ec4cda70113a752bd8ae53da2f6,4b73468fc5b0f1950f9f66fada70ad3a4f9327cb,StatsBomb Open Data via Stage91 + Stage92 verified identity bridge,true,true,false,false,false,false,false,false
25297,M. Gregoritsch,8309,Michael Gregoritsch,3890269,171,Hamburger SV,,,,,,2,2,0,0.061690051,0.061690051,0.000000000,1,0.009410816,EXACT_FULL_NAME_VIA_VERIFIED_TRANSFER,HIGH,cb2a1a22c099b7c870b9a4e8e1523fe0b7db0a2e36435746865a47a7b1b7f624,c74da4d393873aef24f06ebe2093ef41068cc29d1b87c5210213ca55af3f86af,4b73468fc5b0f1950f9f66fada70ad3a4f9327cb,StatsBomb Open Data via Stage91 + Stage92 verified identity bridge,true,true,false,false,false,false,false,false
25297,M. Gregoritsch,8309,Michael Gregoritsch,3890280,171,Hamburger SV,,,,,,5,5,0,0.146812402,0.146812402,0.000000000,1,0.022494512,EXACT_FULL_NAME_VIA_VERIFIED_TRANSFER,HIGH,34650351f6da48277fc558a78c24a1b867a38a81126b2c7614b584f2a1ca1a6a,1741045b122e05236c3841f1bc5aa3e023b9e8ea4ea5a8a62fca835ab045ac7d,4b73468fc5b0f1950f9f66fada70ad3a4f9327cb,StatsBomb Open Data via Stage91 + Stage92 verified identity bridge,true,true,false,false,false,false,false,false
25297,M. Gregoritsch,8309,Michael Gregoritsch,3890297,171,Hamburger SV,,,,,,1,1,0,0.007899668,0.007899668,0.000000000,0,0.000000000,EXACT_FULL_NAME_VIA_VERIFIED_TRANSFER,HIGH,41fedfc473ee199ec0f8844b53d94ae36c95283680d4dbca36d74077a4eb4476,695034439b13b5d5af37d81fe23ec577a54a9c7144830d1e2c1c1aad68ab8059,4b73468fc5b0f1950f9f66fada70ad3a4f9327cb,StatsBomb Open Data via Stage91 + Stage92 verified identity bridge,true,true,false,false,false,false,false,false
25297,M. Gregoritsch,8309,Michael Gregoritsch,3890304,171,Hamburger SV,,,,,,1,1,0,0.034338380,0.034338380,0.000000000,0,0.000000000,EXACT_FULL_NAME_VIA_VERIFIED_TRANSFER,HIGH,61a28ee7d9df8ef716122b8e69e1ba678208d1f029bafba61fa9946af0e055dc,82aab06ed7f9f90b206664dfda344a690c8f20f67b09cb390123342d942a0403,4b73468fc5b0f1950f9f66fada70ad3a4f9327cb,StatsBomb Open Data via Stage91 + Stage92 verified identity bridge,true,true,false,false,false,false,false,false
25297,M. Gregoritsch,8309,Michael Gregoritsch,3890317,171,Hamburger SV,,,,,,1,1,0,0.014892450,0.014892450,0.000000000,1,0.034685362,EXACT_FULL_NAME_VIA_VERIFIED_TRANSFER,HIGH,035bcef85776a84498890737e9fc2b778234b98feac5dea2ba5bace349986bc9,48e8cddfc9fa82303809871eab7db59a248de703009047f274997fdb2ea8c81d,4b73468fc5b0f1950f9f66fada70ad3a4f9327cb,StatsBomb Open Data via Stage91 + Stage92 verified identity bridge,true,true,false,false,false,false,false,false
25297,M. Gregoritsch,8309,Michael Gregoritsch,3890340,171,Hamburger SV,,,,,,6,6,0,0.343572592,0.343572592,0.000000000,2,0.038298259,EXACT_FULL_NAME_VIA_VERIFIED_TRANSFER,HIGH,a12465e9b7e81a77feb958ce463845b22140d7ddd153a38122eb4acde62e5fcd,9e44bdb4ecc67ab9affbeae447160a7bcd2b904585171fad5222142666630312,4b73468fc5b0f1950f9f66fada70ad3a4f9327cb,StatsBomb Open Data via Stage91 + Stage92 verified identity bridge,true,true,false,false,false,false,false,false
25297,M. Gregoritsch,8309,Michael Gregoritsch,3890356,171,Hamburger SV,,,,,,2,2,0,0.943683190,0.943683190,0.000000000,1,0.036015406,EXACT_FULL_NAME_VIA_VERIFIED_TRANSFER,HIGH,4359536af1a077373c5349c5c852051b1a1ba96a5455a50b43d443a87a81f832,a1da3f3a9cfd7d755c4b9a30eefd3253f34fccd28283d0da60c8a2f2fb520286,4b73468fc5b0f1950f9f66fada70ad3a4f9327cb,StatsBomb Open Data via Stage91 + Stage92 verified identity bridge,true,true,false,false,false,false,false,false
25297,M. Gregoritsch,8309,Michael Gregoritsch,3890360,171,Hamburger SV,,,,,,0,0,0,0.000000000,0.000000000,0.000000000,2,0.135319624,EXACT_FULL_NAME_VIA_VERIFIED_TRANSFER,HIGH,2053a10789517d246632f1ed544ca4be3ec244ea889792de822e96e6ac72ff35,025bee9fcde8680d70e117b204426d529b78dd8409688a7ba49bdf593e507424,4b73468fc5b0f1950f9f66fada70ad3a4f9327cb,StatsBomb Open Data via Stage91 + Stage92 verified identity bridge,true,true,false,false,false,false,false,false
25297,M. Gregoritsch,8309,Michael Gregoritsch,3890367,171,Hamburger SV,,,,,,1,1,0,0.078696660,0.078696660,0.000000000,0,0.000000000,EXACT_FULL_NAME_VIA_VERIFIED_TRANSFER,HIGH,9dc6e76bfa651cf27c6a7bfb8081e7e48a743963f645151f455cb57b5a5888a9,1964ebacf134bf3ea8fdf4652baa3ba7065ffe200a8a440fc9165c3f29e95616,4b73468fc5b0f1950f9f66fada70ad3a4f9327cb,StatsBomb Open Data via Stage91 + Stage92 verified identity bridge,true,true,false,false,false,false,false,false
25297,M. Gregoritsch,8309,Michael Gregoritsch,3890379,171,Hamburger SV,,,,,,3,3,0,0.412871944,0.412871944,0.000000000,1,0.038906794,EXACT_FULL_NAME_VIA_VERIFIED_TRANSFER,HIGH,3b186c3ac23a3a31f74bbef430f4e2656198e3238c670603d75980931faa6155,a158c18be259439a0a53eb56460ab7c4d6d5254a62a403666c87cd5e44731b53,4b73468fc5b0f1950f9f66fada70ad3a4f9327cb,StatsBomb Open Data via Stage91 + Stage92 verified identity bridge,true,true,false,false,false,false,false,false
25297,M. Gregoritsch,8309,Michael Gregoritsch,3890386,171,Hamburger SV,,,,,,8,8,0,0.561749782,0.561749782,0.000000000,1,0.054830033,EXACT_FULL_NAME_VIA_VERIFIED_TRANSFER,HIGH,ea013a9cd58b767db77417f3a7dc1137dbf733759348c47b861e312de16214e3,481aaf61ab02386f06468ed50d8119e0ecb85fd88bb1e74b5bbf9932cf53be46,4b73468fc5b0f1950f9f66fada70ad3a4f9327cb,StatsBomb Open Data via Stage91 + Stage92 verified identity bridge,true,true,false,false,false,false,false,false
25297,M. Gregoritsch,8309,Michael Gregoritsch,3890396,171,Hamburger SV,,,,,,0,0,0,0.000000000,0.000000000,0.000000000,2,0.015667274,EXACT_FULL_NAME_VIA_VERIFIED_TRANSFER,HIGH,643671f684eb0f3602bc64384d95a15a5ef52c1b9318105c6d0df271807bc1dd,a1fa0e4ed9c6f322df8cdb66b6c8d058b7fa684dd2dae2e586aaa43fc7969d54,4b73468fc5b0f1950f9f66fada70ad3a4f9327cb,StatsBomb Open Data via Stage91 + Stage92 verified identity bridge,true,true,false,false,false,false,false,false
25297,M. Gregoritsch,8309,Michael Gregoritsch,3890404,171,Hamburger SV,,,,,,1,1,0,0.038725056,0.038725056,0.000000000,0,0.000000000,EXACT_FULL_NAME_VIA_VERIFIED_TRANSFER,HIGH,892bfce0bf832d62e5496f66b5dd28c274561e4aaa051757f875069314fc4bf9,274e2fc756f6b6311dd62005cc6f15f50eddef3721fafe8468cac254a60460a2,4b73468fc5b0f1950f9f66fada70ad3a4f9327cb,StatsBomb Open Data via Stage91 + Stage92 verified identity bridge,true,true,false,false,false,false,false,false
25297,M. Gregoritsch,8309,Michael Gregoritsch,3890412,171,Hamburger SV,,,,,,3,3,0,0.168102966,0.168102966,0.000000000,0,0.000000000,EXACT_FULL_NAME_VIA_VERIFIED_TRANSFER,HIGH,ccc243d389f623cd82f39799e811f3bbd7fac56150724305cdb61c89b548711f,94a0f00484a300d143f22dd2b224720f4170bf9732c317cc15e6f42513e68ccf,4b73468fc5b0f1950f9f66fada70ad3a4f9327cb,StatsBomb Open Data via Stage91 + Stage92 verified identity bridge,true,true,false,false,false,false,false,false
25297,M. Gregoritsch,8309,Michael Gregoritsch,3890499,171,Hamburger SV,,,,,,5,5,0,0.871846349,0.871846349,0.000000000,0,0.000000000,EXACT_FULL_NAME_VIA_VERIFIED_TRANSFER,HIGH,f78e1d963770a6ea1e93429c4429cfd4c9cfb5ae8c92511a47812f158ac250f8,bc082b726b632873ac75d44786460f83dae3f51816a4d6d80d8eca49d413451c,4b73468fc5b0f1950f9f66fada70ad3a4f9327cb,StatsBomb Open Data via Stage91 + Stage92 verified identity bridge,true,true,false,false,false,false,false,false
25297,M. Gregoritsch,8309,Michael Gregoritsch,3890515,171,Hamburger SV,,,,,,4,4,0,0.206981416,0.206981416,0.000000000,2,0.110838648,EXACT_FULL_NAME_VIA_VERIFIED_TRANSFER,HIGH,300c88411d96eb825e02fa770427bab6e26ed6b39f8f063cb0ce444cf5114536,60b3c9db85cba067f252304b93acba4718ee471291eedf943222746166973740,4b73468fc5b0f1950f9f66fada70ad3a4f9327cb,StatsBomb Open Data via Stage91 + Stage92 verified identity bridge,true,true,false,false,false,false,false,false
25297,M. Gregoritsch,8309,Michael Gregoritsch,3890528,171,Hamburger SV,,,,,,0,0,0,0.000000000,0.000000000,0.000000000,1,0.009920478,EXACT_FULL_NAME_VIA_VERIFIED_TRANSFER,HIGH,a503f0a5c0f22cf0744dc30f8a7cb6bdf658aa8a9510a47e27289d5e58846800,15247e6aebdcf0268fa6bc8befae926374c04c3f6b9704a673921560a170ab79,4b73468fc5b0f1950f9f66fada70ad3a4f9327cb,StatsBomb Open Data via Stage91 + Stage92 verified identity bridge,true,true,false,false,false,false,false,false
25297,M. Gregoritsch,8309,Michael Gregoritsch,3890529,171,Hamburger SV,,,,,,4,4,0,0.165958855,0.165958855,0.000000000,0,0.000000000,EXACT_FULL_NAME_VIA_VERIFIED_TRANSFER,HIGH,39ff47223746577354b982994d3d16d5feb5cbc802d8f4df1935d2c54884f637,98f34650beae1a3febba00300533b1e320a08286a661c72cc2e3af4251da179c,4b73468fc5b0f1950f9f66fada70ad3a4f9327cb,StatsBomb Open Data via Stage91 + Stage92 verified identity bridge,true,true,false,false,false,false,false,false
25297,M. Gregoritsch,8309,Michael Gregoritsch,3890551,171,Hamburger SV,,,,,,1,1,0,0.067381620,0.067381620,0.000000000,0,0.000000000,EXACT_FULL_NAME_VIA_VERIFIED_TRANSFER,HIGH,0df289b297af50dc3a1faf3645366bbbc10013587fe9bead80ee1460ed391a98,c671bbe1a8367cdf86a2c5cde09eef1d45cc658984950d7701e3bfed23d3e0de,4b73468fc5b0f1950f9f66fada70ad3a4f9327cb,StatsBomb Open Data via Stage91 + Stage92 verified identity bridge,true,true,false,false,false,false,false,false
25297,M. Gregoritsch,8309,Michael Gregoritsch,3890564,171,Hamburger SV,,,,,,4,4,0,0.583454445,0.583454445,0.000000000,1,0.066731100,EXACT_FULL_NAME_VIA_VERIFIED_TRANSFER,HIGH,d071d8cd446437d445ecfb7e33c1d89d4b72a5352e9ebaaefe496842bed447c6,28521f9214709e412feaaf776016b478994878d0364a0ed4c0a6f2607729af6c,4b73468fc5b0f1950f9f66fada70ad3a4f9327cb,StatsBomb Open Data via Stage91 + Stage92 verified identity bridge,true,true,false,false,false,false,false,false
25297,M. Gregoritsch,8309,Michael Gregoritsch,3895121,183,Freiburg,2023-10-29,9,1. Bundesliga,281,2023/2024,3,3,0,0.200481045,0.200481045,0.000000000,0,0.000000000,EXACT_FULL_NAME_VIA_VERIFIED_TRANSFER,HIGH,9f34d36f10712f1981b39dab4ff819326e3751305aabf6ea112fce5b79e33f18,484f89c900a8348d6db359dcd45144c51f6286888bfd28826399a3973af8c140,4b73468fc5b0f1950f9f66fada70ad3a4f9327cb,StatsBomb Open Data via Stage91 + Stage92 verified identity bridge,true,true,false,false,false,false,false,false
25297,M. Gregoritsch,8309,Michael Gregoritsch,3941022,915,Austria,2024-07-02,55,UEFA Euro,282,2024,4,4,0,0.820379972,0.820379972,0.000000000,0,0.000000000,EXACT_FULL_NAME_VIA_VERIFIED_TRANSFER,HIGH,9237cabdec7f0f3cb860d2046df2e97437cbd36dceb4b875d5f1be209be1e15e,c1e28bd5a964143113f29474cb7ec00e30516343930775054411a6f6074a0568,4b73468fc5b0f1950f9f66fada70ad3a4f9327cb,StatsBomb Open Data via Stage91 + Stage92 verified identity bridge,true,true,false,false,false,false,false,false
25300,R. Khedira,9402,Rani Khedira,3895292,190,Union Berlin,2024-04-06,9,1. Bundesliga,281,2023/2024,1,1,0,0.048803795,0.048803795,0.000000000,0,0.000000000,EXACT_FULL_NAME_VIA_VERIFIED_TRANSFER,HIGH,31bf69b46f9c1af74681d497696cd8cc074f30770ab13e60b1b08ee8891fba6a,5122e5f94a8f609590601f808f18de6fd0211892805bd89e1429d5151e511454,4b73468fc5b0f1950f9f66fada70ad3a4f9327cb,StatsBomb Open Data via Stage91 + Stage92 verified identity bridge,true,true,false,false,false,false,false,false
25342,M. Mittelstädt,12407,Maximilian Mittelstädt,3890533,173,Hertha Berlin,,,,,,1,1,0,0.032863020,0.032863020,0.000000000,1,0.033793747,EXACT_FULL_NAME_VIA_VERIFIED_TRANSFER,HIGH,24038f97c0ef6652d174bbc65fe82e97160ec86f30befeee996b0b0b80e9e376,5a870b975984103becc06f79a3000655b11a301b0223c72e5cae89813871fc42,4b73468fc5b0f1950f9f66fada70ad3a4f9327cb,StatsBomb Open Data via Stage91 + Stage92 verified identity bridge,true,true,false,false,false,false,false,false
25342,M. Mittelstädt,12407,Maximilian Mittelstädt,3890555,173,Hertha Berlin,,,,,,0,0,0,0.000000000,0.000000000,0.000000000,1,0.179972840,EXACT_FULL_NAME_VIA_VERIFIED_TRANSFER,HIGH,86855399c38d641acef588011e0f8a88949467916eed04947919a2d308d7b67e,5b09eb86b6a5306a9c4958ff311cb019c381797738889f01382e5ec456bb6d66,4b73468fc5b0f1950f9f66fada70ad3a4f9327cb,StatsBomb Open Data via Stage91 + Stage92 verified identity bridge,true,true,false,false,false,false,false,false
25342,M. Mittelstädt,12407,Maximilian Mittelstädt,3895167,174,VfB Stuttgart,2023-12-10,9,1. Bundesliga,281,2023/2024,1,1,0,0.023887914,0.023887914,0.000000000,1,0.097661200,EXACT_FULL_NAME_VIA_VERIFIED_TRANSFER,HIGH,7da968e4a3f3b8d62d3e20d4e57146d09a4c2d7d3f2e5c5857afc3daffe2edb8,a36906d0d063540f30364cd19d07c298426c699ab75f79630a55e81afb15db85,4b73468fc5b0f1950f9f66fada70ad3a4f9327cb,StatsBomb Open Data via Stage91 + Stage92 verified identity bridge,true,true,false,false,false,false,false,false
25342,M. Mittelstädt,12407,Maximilian Mittelstädt,3930158,770,Germany,2024-06-14,55,UEFA Euro,282,2024,3,3,0,0.069404214,0.069404214,0.000000000,2,0.189448330,EXACT_FULL_NAME_VIA_VERIFIED_TRANSFER,HIGH,3dbf53df8a6dead1964dd155d8add610361082667e8050cfa5944f5813f0e96a,957e5bc5e94225cc979d22b99d6846f040b85d5ab43b8095eff30e1a8216f02d,4b73468fc5b0f1950f9f66fada70ad3a4f9327cb,StatsBomb Open Data via Stage91 + Stage92 verified identity bridge,true,true,false,false,false,false,false,false
25342,M. Mittelstädt,12407,Maximilian Mittelstädt,3930168,770,Germany,2024-06-19,55,UEFA Euro,282,2024,1,1,0,0.035652474,0.035652474,0.000000000,1,0.223869100,EXACT_FULL_NAME_VIA_VERIFIED_TRANSFER,HIGH,aee7ca1ec9dceca0bf35d1681832da2643c2d630023e6b76fb361133a8631cc2,d9a0e186a912b33c9fe1676fb4bb20e505cb2092e06f63a15ea5044f71be64f4,4b73468fc5b0f1950f9f66fada70ad3a4f9327cb,StatsBomb Open Data via Stage91 + Stage92 verified identity bridge,true,true,false,false,false,false,false,false
25342,M. Mittelstädt,12407,Maximilian Mittelstädt,3930176,770,Germany,2024-06-23,55,UEFA Euro,282,2024,0,0,0,0.000000000,0.000000000,0.000000000,1,0.087086074,EXACT_FULL_NAME_VIA_VERIFIED_TRANSFER,HIGH,89907d8facbd00b75459e519114bb7301956b761628a6137be5acc892ffdd0ed,9018ec119a65af536561536b7448c3a965ba9b03bfd7502edbb52a38b11b33be,4b73468fc5b0f1950f9f66fada70ad3a4f9327cb,StatsBomb Open Data via Stage91 + Stage92 verified identity bridge,true,true,false,false,false,false,false,false
25342,M. Mittelstädt,12407,Maximilian Mittelstädt,3942226,770,Germany,2024-07-05,55,UEFA Euro,282,2024,1,1,0,0.040309463,0.040309463,0.000000000,0,0.000000000,EXACT_FULL_NAME_VIA_VERIFIED_TRANSFER,HIGH,2a587b25dfffef0f62ec5d2677f7140b38be214956ad7281eb7d0956a0e64ddf,9e62eceb78e5d5ca4498e5f9ee2b5169524f9b7bf2e42481520fbf064c20551e,4b73468fc5b0f1950f9f66fada70ad3a4f9327cb,StatsBomb Open Data via Stage91 + Stage92 verified identity bridge,true,true,false,false,false,false,false,false
25380,L. Maina,12318,Linton Maina,3895258,186,FC Köln,2024-03-03,9,1. Bundesliga,281,2023/2024,0,0,0,0.000000000,0.000000000,0.000000000,1,0.198273670,EXACT_FULL_NAME_VIA_VERIFIED_TRANSFER,HIGH,7632884343554d3765bfe1b3f0cfe52d3ed9f914b9e634e39e2b0da4ed6728f4,2b438ed6a9a4eb20073baed3db69641c309c92d6551c3e1083915d7d05d97d4c,4b73468fc5b0f1950f9f66fada70ad3a4f9327cb,StatsBomb Open Data via Stage91 + Stage92 verified identity bridge,true,true,false,false,false,false,false,false
25461,K. Stöger,12303,Kevin Stöger,3895340,868,Bochum,2024-05-12,9,1. Bundesliga,281,2023/2024,1,1,0,0.038659126,0.038659126,0.000000000,1,0.123862230,EXACT_FULL_NAME_VIA_VERIFIED_TRANSFER,HIGH,b491acefd96fce8916fda16b513b3fe0d42a6bb159abd544dcb2b1aae1f24557,d375970918f62cbd9cd5678379e36fc524b3c4fef2a1c63286055244c6075527,4b73468fc5b0f1950f9f66fada70ad3a4f9327cb,StatsBomb Open Data via Stage91 + Stage92 verified identity bridge,true,true,false,false,false,false,false,false
25638,F. Neuhaus,12323,Florian Neuhaus,3895210,185,Borussia Mönchengladbach,2024-01-27,9,1. Bundesliga,281,2023/2024,1,1,0,0.038628068,0.038628068,0.000000000,2,0.126848937,EXACT_FULL_NAME_VIA_VERIFIED_TRANSFER,HIGH,c1a4c3a20ba4cc0253fb5527487ac7031e2e3b0873117d2a28e739624fae8b5d,19e1e77404af24bc8dd160c8320acc300484d67c49fc6525af213c62ee31a75b,4b73468fc5b0f1950f9f66fada70ad3a4f9327cb,StatsBomb Open Data via Stage91 + Stage92 verified identity bridge,true,true,false,false,false,false,false,false
25903,F. Dahmen,37005,Finn Dahmen,3895194,172,Augsburg,2024-01-13,9,1. Bundesliga,281,2023/2024,0,0,0,0.000000000,0.000000000,0.000000000,1,0.057657912,EXACT_FULL_NAME_VIA_VERIFIED_TRANSFER,HIGH,3cf15049a67c7ce242df60da4591ba81a8dc682f654ef0b3398f64fce7919ba4,6c9b1aa893ee56ad08ac25a21bb1acbe468f653bfed8eeb10a105e42109988f1,4b73468fc5b0f1950f9f66fada70ad3a4f9327cb,StatsBomb Open Data via Stage91 + Stage92 verified identity bridge,true,true,false,false,false,false,false,false
25907,S. Bell,8559,Stefan Bell,3890276,177,FSV Mainz 05,,,,,,2,2,0,0.086407939,0.086407939,0.000000000,1,0.077056214,EXACT_FULL_NAME_VIA_VERIFIED_TRANSFER,HIGH,177f5e9154dfb53fbf04f90692ab7035dbc889e1da7c4f5180f8dcb13da6d1c8,387efec08d912a035e64166c7a6b5aacaa1f579753a001d7b83296d87037bc7f,4b73468fc5b0f1950f9f66fada70ad3a4f9327cb,StatsBomb Open Data via Stage91 + Stage92 verified identity bridge,true,true,false,false,false,false,false,false
25907,S. Bell,8559,Stefan Bell,3890282,177,FSV Mainz 05,,,,,,1,1,0,0.076532590,0.076532590,0.000000000,0,0.000000000,EXACT_FULL_NAME_VIA_VERIFIED_TRANSFER,HIGH,5fe20e39f163d25c719fff1cafea5e87b1ca90c3dfa23d89f7a1c6c9894e73be,889801275f8c65f5a388f3e896991462dcf82fdcbfa15a3b73ca1a1a371f37cf,4b73468fc5b0f1950f9f66fada70ad3a4f9327cb,StatsBomb Open Data via Stage91 + Stage92 verified identity bridge,true,true,false,false,false,false,false,false
25907,S. Bell,8559,Stefan Bell,3890293,177,FSV Mainz 05,,,,,,1,1,0,0.110117200,0.110117200,0.000000000,0,0.000000000,EXACT_FULL_NAME_VIA_VERIFIED_TRANSFER,HIGH,c2c767c2e66888e0afcb4a246fda4909ba9a7216fb4acde6e6e356a10208066c,bb5af1a9319b20ad8ee8ebfaee1497c10fc36a3eca82f8cf8be6eaffafdf6dbc,4b73468fc5b0f1950f9f66fada70ad3a4f9327cb,StatsBomb Open Data via Stage91 + Stage92 verified identity bridge,true,true,false,false,false,false,false,false
25907,S. Bell,8559,Stefan Bell,3890322,177,FSV Mainz 05,,,,,,1,1,0,0.073683630,0.073683630,0.000000000,0,0.000000000,EXACT_FULL_NAME_VIA_VERIFIED_TRANSFER,HIGH,b0fc2ec3a13777c5b3d5c59c6f9edf87fcdec0ba71f74f234ae144217475f460,c6cc1b39f13219ebfeab3e8051bd4e2324c91e604415968dec505ceecb603c8e,4b73468fc5b0f1950f9f66fada70ad3a4f9327cb,StatsBomb Open Data via Stage91 + Stage92 verified identity bridge,true,true,false,false,false,false,false,false
25907,S. Bell,8559,Stefan Bell,3890344,177,FSV Mainz 05,,,,,,1,1,0,0.026098056,0.026098056,0.000000000,0,0.000000000,EXACT_FULL_NAME_VIA_VERIFIED_TRANSFER,HIGH,249950b07377c1e720b1458c8eaaae305c3bbd91c7934def9caa7fd8170c07d0,ee0c5b1aa4cacfa1c720d2336481a72795bf5d61b5d56d54997bafaaf0ca1f73,4b73468fc5b0f1950f9f66fada70ad3a4f9327cb,StatsBomb Open Data via Stage91 + Stage92 verified identity bridge,true,true,false,false,false,false,false,false
25907,S. Bell,8559,Stefan Bell,3890354,177,FSV Mainz 05,,,,,,1,1,0,0.047475215,0.047475215,0.000000000,1,0.119702120,EXACT_FULL_NAME_VIA_VERIFIED_TRANSFER,HIGH,76d32e0c96f640bad7c367ab2518e8760f37aef14ba1069cba173f892e24b306,cf50e71b0bbef8e7384bd3750a533d15d860f2a318c5ed896b174f58f0f3f9da,4b73468fc5b0f1950f9f66fada70ad3a4f9327cb,StatsBomb Open Data via Stage91 + Stage92 verified identity bridge,true,true,false,false,false,false,false,false
25907,S. Bell,8559,Stefan Bell,3890411,177,FSV Mainz 05,,,,,,0,0,0,0.000000000,0.000000000,0.000000000,1,0.030917957,EXACT_FULL_NAME_VIA_VERIFIED_TRANSFER,HIGH,69edc354dda3bdc5cfcc192565e4315b367ff979e2fac2c04468f4b2ca5abc59,f4dd0328eba497f61963279569dda28d1bffdde709488e51d3bad2dd9685ac2c,4b73468fc5b0f1950f9f66fada70ad3a4f9327cb,StatsBomb Open Data via Stage91 + Stage92 verified identity bridge,true,true,false,false,false,false,false,false
25907,S. Bell,8559,Stefan Bell,3890421,177,FSV Mainz 05,,,,,,3,3,0,0.197442744,0.197442744,0.000000000,0,0.000000000,EXACT_FULL_NAME_VIA_VERIFIED_TRANSFER,HIGH,0d801166a744bd6cff3c19b3135302c8be8bec8041086403165adfe2b469d9e0,a3078d248e30808bbe6db6f0f59dfc3b2703b1d9f9157431ec23c7f823ae3ebb,4b73468fc5b0f1950f9f66fada70ad3a4f9327cb,StatsBomb Open Data via Stage91 + Stage92 verified identity bridge,true,true,false,false,false,false,false,false
25907,S. Bell,8559,Stefan Bell,3890434,177,FSV Mainz 05,,,,,,1,1,0,0.069417104,0.069417104,0.000000000,0,0.000000000,EXACT_FULL_NAME_VIA_VERIFIED_TRANSFER,HIGH,3e27a5109f69f7f412f2bca708a491ff52369c61a1cd2928ff1f9cb1aacfccc1,13c884ab3a24c6908b95c2e1484dd43db3eca232250b49c952708d91498e01b7,4b73468fc5b0f1950f9f66fada70ad3a4f9327cb,StatsBomb Open Data via Stage91 + Stage92 verified identity bridge,true,true,false,false,false,false,false,false
25907,S. Bell,8559,Stefan Bell,3890439,177,FSV Mainz 05,,,,,,1,1,0,0.025617272,0.025617272,0.000000000,1,0.060713917,EXACT_FULL_NAME_VIA_VERIFIED_TRANSFER,HIGH,3d828c67a57744e85d63bde538ef51041917f25dd8bded04c8cee156226e9173,8226d300d36fc0f95af5146b9ee68a6a75581b661663807735041d5c98119cee,4b73468fc5b0f1950f9f66fada70ad3a4f9327cb,StatsBomb Open Data via Stage91 + Stage92 verified identity bridge,true,true,false,false,false,false,false,false
25907,S. Bell,8559,Stefan Bell,3890491,177,FSV Mainz 05,,,,,,1,1,0,0.059655435,0.059655435,0.000000000,0,0.000000000,EXACT_FULL_NAME_VIA_VERIFIED_TRANSFER,HIGH,3aed5390593f2a3ab8a14ec6c39f3e4626241be88bfbd2fcbeace979f133ec36,b16fe701b0bc46a681dfce6acf5ac1af0e0f7428687bc5174953b0b6081d1183,4b73468fc5b0f1950f9f66fada70ad3a4f9327cb,StatsBomb Open Data via Stage91 + Stage92 verified identity bridge,true,true,false,false,false,false,false,false
25907,S. Bell,8559,Stefan Bell,3890503,177,FSV Mainz 05,,,,,,1,1,0,0.137164220,0.137164220,0.000000000,0,0.000000000,EXACT_FULL_NAME_VIA_VERIFIED_TRANSFER,HIGH,6e770067e7259173b52c943de2a7d2c15ecd9fc96842eca2aa3d3bce60a15194,480baa00f093b1daac2bad34a6e18f731a63416f918be9b33237c95f69ba5b69,4b73468fc5b0f1950f9f66fada70ad3a4f9327cb,StatsBomb Open Data via Stage91 + Stage92 verified identity bridge,true,true,false,false,false,false,false,false
25907,S. Bell,8559,Stefan Bell,3890513,177,FSV Mainz 05,,,,,,2,2,0,0.332988075,0.332988075,0.000000000,1,0.230613840,EXACT_FULL_NAME_VIA_VERIFIED_TRANSFER,HIGH,55674c814caf611393c267ce88c2fccf58ad74cdc64c24c6b507664c16f84657,7cadccdd5c02dff077fcc2ee5e22c2b498842eff09edcd26a90076fcf58e5cc5,4b73468fc5b0f1950f9f66fada70ad3a4f9327cb,StatsBomb Open Data via Stage91 + Stage92 verified identity bridge,true,true,false,false,false,false,false,false
25907,S. Bell,8559,Stefan Bell,3890527,177,FSV Mainz 05,,,,,,3,3,0,0.345634122,0.345634122,0.000000000,0,0.000000000,EXACT_FULL_NAME_VIA_VERIFIED_TRANSFER,HIGH,1c5209d69443e8a3e4dd749b8aebe625b0b75827645ab8985b77302325b9aab5,fec60b4688a124b9f29ed40a59194fd06052d358f750403c59e788e0a4d156fd,4b73468fc5b0f1950f9f66fada70ad3a4f9327cb,StatsBomb Open Data via Stage91 + Stage92 verified identity bridge,true,true,false,false,false,false,false,false
25907,S. Bell,8559,Stefan Bell,3890537,177,FSV Mainz 05,,,,,,1,1,0,0.211537700,0.211537700,0.000000000,0,0.000000000,EXACT_FULL_NAME_VIA_VERIFIED_TRANSFER,HIGH,0aa01e71a0e7335cad9f95d44847cb3d6b94c916e1a0e9864a00152c2f7db7c8,94c00c0d6eef08cb3bd784e9bac9fc1b9ce8060987b3b574d5a21911be95c0e9,4b73468fc5b0f1950f9f66fada70ad3a4f9327cb,StatsBomb Open Data via Stage91 + Stage92 verified identity bridge,true,true,false,false,false,false,false,false
25907,S. Bell,8559,Stefan Bell,3890552,177,FSV Mainz 05,,,,,,3,3,0,0.315536703,0.315536703,0.000000000,0,0.000000000,EXACT_FULL_NAME_VIA_VERIFIED_TRANSFER,HIGH,9a6fd6bff6a6bd15e5dbbeaaac9afae98ef47397d6b316e14382c58f250aad9d,ebb76f5f03829785e1cf08c4a9c91c9e2b77fc90c1831c12cbd3c20f40ab233a,4b73468fc5b0f1950f9f66fada70ad3a4f9327cb,StatsBomb Open Data via Stage91 + Stage92 verified identity bridge,true,true,false,false,false,false,false,false
25907,S. Bell,8559,Stefan Bell,3895095,177,FSV Mainz 05,2023-09-30,9,1. Bundesliga,281,2023/2024,1,1,0,0.054707997,0.054707997,0.000000000,0,0.000000000,EXACT_FULL_NAME_VIA_VERIFIED_TRANSFER,HIGH,94e983110e3c48c768759454bf7fb55144a14c18b48bdffb0e7b049a47e73410,5f6d8200d5850f087450547b2755196a25e449836266a820bb55652182a44a2a,4b73468fc5b0f1950f9f66fada70ad3a4f9327cb,StatsBomb Open Data via Stage91 + Stage92 verified identity bridge,true,true,false,false,false,false,false,false
2598,R. Dōan,8361,Ritsu Doan,3857255,778,Japan,2022-12-01,43,FIFA World Cup,106,2022,1,1,0,0.027777622,0.027777622,0.000000000,1,0.050481100,EXACT_FULL_NAME_VIA_VERIFIED_TRANSFER,HIGH,c6c7b42258da77b93d21b635c1d34b84826770355b8489cee3416951aa9fb0b8,fe3580846bbfff42d4de3ac96e5396b53db0a2b936229bc3f7b19f7484c0a758,4b73468fc5b0f1950f9f66fada70ad3a4f9327cb,StatsBomb Open Data via Stage91 + Stage92 verified identity bridge,true,true,false,false,false,false,false,false
2598,R. Dōan,8361,Ritsu Doan,3857284,778,Japan,2022-11-23,43,FIFA World Cup,106,2022,1,1,0,0.477751100,0.477751100,0.000000000,0,0.000000000,EXACT_FULL_NAME_VIA_VERIFIED_TRANSFER,HIGH,3db5aa03b9b22a591a8208a019aa6000152a11a9f81589e94946f13b73dfa74b,984675db8a02f0471631995341f277a2dcf0f8cead2d45a2907f69dd2b26e184,4b73468fc5b0f1950f9f66fada70ad3a4f9327cb,StatsBomb Open Data via Stage91 + Stage92 verified identity bridge,true,true,false,false,false,false,false,false
2598,R. Dōan,8361,Ritsu Doan,3857295,778,Japan,2022-11-27,43,FIFA World Cup,106,2022,1,1,0,0.015573137,0.015573137,0.000000000,1,0.031327810,EXACT_FULL_NAME_VIA_VERIFIED_TRANSFER,HIGH,d3a0d615683ea1836b1fe8967cc117ebe3b837d39a84ed9677c56e2ed79c6c8c,c5cf330ffc9361001e09f09d50f0548c0fa3f5d5beb362d2933bbbdbabe33f89,4b73468fc5b0f1950f9f66fada70ad3a4f9327cb,StatsBomb Open Data via Stage91 + Stage92 verified identity bridge,true,true,false,false,false,false,false,false
2598,R. Dōan,8361,Ritsu Doan,3869219,778,Japan,2022-12-05,43,FIFA World Cup,106,2022,1,1,0,0.056113943,0.056113943,0.000000000,0,0.000000000,EXACT_FULL_NAME_VIA_VERIFIED_TRANSFER,HIGH,a4ffe596acf3068469d83f907cb2373a05f2520973cf32b0c380aec4e95b8cab,50d5624546db0ec8e88830a85d06aa37e64821dea8ca3702e4ee9105d7a53750,4b73468fc5b0f1950f9f66fada70ad3a4f9327cb,StatsBomb Open Data via Stage91 + Stage92 verified identity bridge,true,true,false,false,false,false,false,false
2598,R. Dōan,8361,Ritsu Doan,3895121,183,Freiburg,2023-10-29,9,1. Bundesliga,281,2023/2024,0,0,0,0.000000000,0.000000000,0.000000000,1,0.053001095,EXACT_FULL_NAME_VIA_VERIFIED_TRANSFER,HIGH,fd08b0f160cdaac4c5a2dc6ee4dbb1141ead1d28fff9f788a27f5150dbb7e0ba,484f89c900a8348d6db359dcd45144c51f6286888bfd28826399a3973af8c140,4b73468fc5b0f1950f9f66fada70ad3a4f9327cb,StatsBomb Open Data via Stage91 + Stage92 verified identity bridge,true,true,false,false,false,false,false,false
2598,R. Dōan,8361,Ritsu Doan,3895275,183,Freiburg,2024-03-17,9,1. Bundesliga,281,2023/2024,1,1,0,0.076960765,0.076960765,0.000000000,0,0.000000000,EXACT_FULL_NAME_VIA_VERIFIED_TRANSFER,HIGH,318a7a8975a3ad269a50502f47158afc2ea02c5731e0583c7e2d56c7bd00b180,f8aa048ddb9f38d90c363a2d839770c2e72b2e1f8e2de38e7826956a5bc46cfa,4b73468fc5b0f1950f9f66fada70ad3a4f9327cb,StatsBomb Open Data via Stage91 + Stage92 verified identity bridge,true,true,false,false,false,false,false,false
26,M. Wolf,9410,Marius Wolf,3890466,178,Hannover 96,,,,,,1,1,0,0.034880437,0.034880437,0.000000000,0,0.000000000,EXACT_FULL_NAME_VIA_VERIFIED_TRANSFER,HIGH,7eac6a19bd26abfb3a2098ffcfd8041401237e8b5b267deb8eb7d5b3d8c54a6e,5bd82241ea36bb3d2a9efc39f413b7595875419f1b2694be09279f22c535afb0,4b73468fc5b0f1950f9f66fada70ad3a4f9327cb,StatsBomb Open Data via Stage91 + Stage92 verified identity bridge,true,true,false,false,false,false,false,false
26,M. Wolf,9410,Marius Wolf,3895309,180,Borussia Dortmund,2024-04-21,9,1. Bundesliga,281,2023/2024,1,1,0,0.053571710,0.053571710,0.000000000,0,0.000000000,EXACT_FULL_NAME_VIA_VERIFIED_TRANSFER,HIGH,3ee5315fc4b2700b283f1cd091fa08d1158a3a7b32a8c0480bd0b67d3cb9d006,f9b1c4cd0ead322f05b0b4cd4c99acdd5c85011fec539c638078215ad03e5f33,4b73468fc5b0f1950f9f66fada70ad3a4f9327cb,StatsBomb Open Data via Stage91 + Stage92 verified identity bridge,true,true,false,false,false,false,false,false
2601,D. Kamada,9411,Daichi Kamada,3857255,778,Japan,2022-12-01,43,FIFA World Cup,106,2022,1,1,0,0.033560690,0.033560690,0.000000000,0,0.000000000,EXACT_FULL_NAME_VIA_VERIFIED_TRANSFER,HIGH,82714f264d0973da79e487231f15add627b070a6ac3dab20763f1d364d3aeb15,fe3580846bbfff42d4de3ac96e5396b53db0a2b936229bc3f7b19f7484c0a758,4b73468fc5b0f1950f9f66fada70ad3a4f9327cb,StatsBomb Open Data via Stage91 + Stage92 verified identity bridge,true,true,false,false,false,false,false,false
2601,D. Kamada,9411,Daichi Kamada,3857284,778,Japan,2022-11-23,43,FIFA World Cup,106,2022,1,1,0,0.064441960,0.064441960,0.000000000,1,0.034016185,EXACT_FULL_NAME_VIA_VERIFIED_TRANSFER,HIGH,735b9636f313b9c815d44d7e17ab7a3ac799c4668ed7ac9e39f6598f3ca8e19b,984675db8a02f0471631995341f277a2dcf0f8cead2d45a2907f69dd2b26e184,4b73468fc5b0f1950f9f66fada70ad3a4f9327cb,StatsBomb Open Data via Stage91 + Stage92 verified identity bridge,true,true,false,false,false,false,false,false
2601,D. Kamada,9411,Daichi Kamada,3857295,778,Japan,2022-11-27,43,FIFA World Cup,106,2022,2,2,0,0.194291460,0.194291460,0.000000000,0,0.000000000,EXACT_FULL_NAME_VIA_VERIFIED_TRANSFER,HIGH,5bce4f9d842f4ce92f81de860e4b9777afbc994f298ba1d2c5f2fee78f23159e,c5cf330ffc9361001e09f09d50f0548c0fa3f5d5beb362d2933bbbdbabe33f89,4b73468fc5b0f1950f9f66fada70ad3a4f9327cb,StatsBomb Open Data via Stage91 + Stage92 verified identity bridge,true,true,false,false,false,false,false,false
2601,D. Kamada,9411,Daichi Kamada,3869219,778,Japan,2022-12-05,43,FIFA World Cup,106,2022,2,2,0,0.128997640,0.128997640,0.000000000,0,0.000000000,EXACT_FULL_NAME_VIA_VERIFIED_TRANSFER,HIGH,55b064e1a383673ba537838d44637585f3b5905226cd8014a09d9c65065ae1b0,50d5624546db0ec8e88830a85d06aa37e64821dea8ca3702e4ee9105d7a53750,4b73468fc5b0f1950f9f66fada70ad3a4f9327cb,StatsBomb Open Data via Stage91 + Stage92 verified identity bridge,true,true,false,false,false,false,false,false
26236,C. Günter,8945,Christian Günter,3895275,183,Freiburg,2024-03-17,9,1. Bundesliga,281,2023/2024,2,2,0,0.051873596,0.051873596,0.000000000,1,0.092075124,EXACT_FULL_NAME_VIA_VERIFIED_TRANSFER,HIGH,15f84c9d3d1a1504aed880d3cd450773ebdb53b946f9c83d7d2f5d61bcb2fae2,f8aa048ddb9f38d90c363a2d839770c2e72b2e1f8e2de38e7826956a5bc46cfa,4b73468fc5b0f1950f9f66fada70ad3a4f9327cb,StatsBomb Open Data via Stage91 + Stage92 verified identity bridge,true,true,false,false,false,false,false,false
26239,L. Kübler,11459,Lukas Kübler,3895121,183,Freiburg,2023-10-29,9,1. Bundesliga,281,2023/2024,1,1,0,0.021455169,0.021455169,0.000000000,0,0.000000000,EXACT_FULL_NAME_VIA_VERIFIED_TRANSFER,HIGH,6ff0d265dec3f8233cf98efc4512530ef645ad1e09aaffe80a21af8bf492dd7b,484f89c900a8348d6db359dcd45144c51f6286888bfd28826399a3973af8c140,4b73468fc5b0f1950f9f66fada70ad3a4f9327cb,StatsBomb Open Data via Stage91 + Stage92 verified identity bridge,true,true,false,false,false,false,false,false
26240,P. Lienhart,8931,Philipp Lienhart,3941022,915,Austria,2024-07-02,55,UEFA Euro,282,2024,2,2,0,0.181171116,0.181171116,0.000000000,0,0.000000000,EXACT_FULL_NAME_VIA_VERIFIED_TRANSFER,HIGH,0f62b636d107df367a60aa428bd74e38ee557fe1f91f50a3959e1da7cbadf7f6,c1e28bd5a964143113f29474cb7ec00e30516343930775054411a6f6074a0568,4b73468fc5b0f1950f9f66fada70ad3a4f9327cb,StatsBomb Open Data via Stage91 + Stage92 verified identity bridge,true,true,false,false,false,false,false,false
26243,N. Schlotterbeck,24118,Nico Schlotterbeck,3857284,770,Germany,2022-11-23,43,FIFA World Cup,106,2022,0,0,0,0.000000000,0.000000000,0.000000000,2,0.057177714,EXACT_FULL_NAME_VIA_VERIFIED_TRANSFER,HIGH,c7aee51fadf184806e6899ef5500a68ccb197587144f8e20e01056285d3524d4,984675db8a02f0471631995341f277a2dcf0f8cead2d45a2907f69dd2b26e184,4b73468fc5b0f1950f9f66fada70ad3a4f9327cb,StatsBomb Open Data via Stage91 + Stage92 verified identity bridge,true,true,false,false,false,false,false,false
26243,N. Schlotterbeck,24118,Nico Schlotterbeck,3895158,180,Borussia Dortmund,2023-12-03,9,1. Bundesliga,281,2023/2024,0,0,0,0.000000000,0.000000000,0.000000000,1,0.007701097,EXACT_FULL_NAME_VIA_VERIFIED_TRANSFER,HIGH,8027622f32ebbe5940352c4f1784c5cbf49f473f17688001d20cd24eaef86a8e,28b94c327b61685ee44405020174cf16a308628747d7c276269d5659a02f7afd,4b73468fc5b0f1950f9f66fada70ad3a4f9327cb,StatsBomb Open Data via Stage91 + Stage92 verified identity bridge,true,true,false,false,false,false,false,false
26243,N. Schlotterbeck,24118,Nico Schlotterbeck,3930176,770,Germany,2024-06-23,55,UEFA Euro,282,2024,0,0,0,0.000000000,0.000000000,0.000000000,1,0.024444293,EXACT_FULL_NAME_VIA_VERIFIED_TRANSFER,HIGH,9900a0b4bf98c1277a1b41111c38cea012b78ba63657eab543fd63715658bb46,9018ec119a65af536561536b7448c3a965ba9b03bfd7502edbb52a38b11b33be,4b73468fc5b0f1950f9f66fada70ad3a4f9327cb,StatsBomb Open Data via Stage91 + Stage92 verified identity bridge,true,true,false,false,false,false,false,false
26243,N. Schlotterbeck,24118,Nico Schlotterbeck,3940983,770,Germany,2024-06-29,55,UEFA Euro,282,2024,2,2,0,0.069550190,0.069550190,0.000000000,1,0.256393730,EXACT_FULL_NAME_VIA_VERIFIED_TRANSFER,HIGH,f2fd32133c4cf727736ca42e115aa7a40f67f890a3c284311f3c6d200a7fb847,cc812d021ecf09aca781786d337dc9b7af36d79fc91686f003cceac5f02f77bd,4b73468fc5b0f1950f9f66fada70ad3a4f9327cb,StatsBomb Open Data via Stage91 + Stage92 verified identity bridge,true,true,false,false,false,false,false,false
26248,V. Grifo,11282,Vincenzo Grifo,3895121,183,Freiburg,2023-10-29,9,1. Bundesliga,281,2023/2024,0,0,0,0.000000000,0.000000000,0.000000000,1,0.239135460,EXACT_FULL_NAME_VIA_VERIFIED_TRANSFER,HIGH,1cfdef4cfa422dcb27fd91892d35e154ca64f981640027b1740ba298b22993d8,484f89c900a8348d6db359dcd45144c51f6286888bfd28826399a3973af8c140,4b73468fc5b0f1950f9f66fada70ad3a4f9327cb,StatsBomb Open Data via Stage91 + Stage92 verified identity bridge,true,true,false,false,false,false,false,false
26248,V. Grifo,11282,Vincenzo Grifo,3895275,183,Freiburg,2024-03-17,9,1. Bundesliga,281,2023/2024,0,0,0,0.000000000,0.000000000,0.000000000,3,0.209688136,EXACT_FULL_NAME_VIA_VERIFIED_TRANSFER,HIGH,511b5bd0790e34b69f314daff4bcb66b34bf92dda1775e86bed8e81c4dae7f24,f8aa048ddb9f38d90c363a2d839770c2e72b2e1f8e2de38e7826956a5bc46cfa,4b73468fc5b0f1950f9f66fada70ad3a4f9327cb,StatsBomb Open Data via Stage91 + Stage92 verified identity bridge,true,true,false,false,false,false,false,false
26249,J. Haberer,8938,Janik Haberer,3895139,190,Union Berlin,2023-11-12,9,1. Bundesliga,281,2023/2024,1,1,0,0.021716330,0.021716330,0.000000000,0,0.000000000,EXACT_FULL_NAME_VIA_VERIFIED_TRANSFER,HIGH,6e48cd7c12a6d95e3a5093ab0f74a35fbea638e0570a64dc976f548add56fde4,e4f41619d69b87a96879e9c080310e2a1e89721f88b42cbb109ccbe61def3fcd,4b73468fc5b0f1950f9f66fada70ad3a4f9327cb,StatsBomb Open Data via Stage91 + Stage92 verified identity bridge,true,true,false,false,false,false,false,false
26255,L. Höler,12418,Lucas Höler,3895121,183,Freiburg,2023-10-29,9,1. Bundesliga,281,2023/2024,2,2,0,0.135623514,0.135623514,0.000000000,1,0.063671730,EXACT_FULL_NAME_VIA_VERIFIED_TRANSFER,HIGH,51249bc49ca549040fb9fac667ee2392599548209cc215b2f98682e7f625b0e7,484f89c900a8348d6db359dcd45144c51f6286888bfd28826399a3973af8c140,4b73468fc5b0f1950f9f66fada70ad3a4f9327cb,StatsBomb Open Data via Stage91 + Stage92 verified identity bridge,true,true,false,false,false,false,false,false
26255,L. Höler,12418,Lucas Höler,3895275,183,Freiburg,2024-03-17,9,1. Bundesliga,281,2023/2024,1,1,0,0.130777870,0.130777870,0.000000000,2,0.128626645,EXACT_FULL_NAME_VIA_VERIFIED_TRANSFER,HIGH,cd881ab745081713db012067997e97a678f7c15807493c87c5535845bdbb6948,f8aa048ddb9f38d90c363a2d839770c2e72b2e1f8e2de38e7826956a5bc46cfa,4b73468fc5b0f1950f9f66fada70ad3a4f9327cb,StatsBomb Open Data via Stage91 + Stage92 verified identity bridge,true,true,false,false,false,false,false,false
26256,T. Kleindienst,11382,Tim Kleindienst,3895086,201,FC Heidenheim,2023-09-24,9,1. Bundesliga,281,2023/2024,1,1,0,0.246458550,0.246458550,0.000000000,0,0.000000000,EXACT_FULL_NAME_VIA_VERIFIED_TRANSFER,HIGH,2db8e51fcfacf0c7c965351d32eb508dda277a050d2cd497f160f3f6b1117ee1,69a5473ce37763ecaf9acc2d1a8e9e282f39a54e71a605096d3f7e50e293d225,4b73468fc5b0f1950f9f66fada70ad3a4f9327cb,StatsBomb Open Data via Stage91 + Stage92 verified identity bridge,true,true,false,false,false,false,false,false
26256,T. Kleindienst,11382,Tim Kleindienst,3895244,201,FC Heidenheim,2024-02-17,9,1. Bundesliga,281,2023/2024,2,2,0,0.298827225,0.298827225,0.000000000,0,0.000000000,EXACT_FULL_NAME_VIA_VERIFIED_TRANSFER,HIGH,4e8100300fb6b5fa012d1380e2928762520d8c40b560745beae64da6fff1b23d,1a336dff19f3204be114864a02d34fdb63e3c5b347f72a1671af56344efa079d,4b73468fc5b0f1950f9f66fada70ad3a4f9327cb,StatsBomb Open Data via Stage91 + Stage92 verified identity bridge,true,true,false,false,false,false,false,false
26303,B. Sosa,12625,Borna Sosa,3857277,785,Croatia,2022-11-23,43,FIFA World Cup,106,2022,0,0,0,0.000000000,0.000000000,0.000000000,1,0.447769940,EXACT_FULL_NAME_VIA_VERIFIED_TRANSFER,HIGH,9c697f062a2d14a83d73ba4d8a02c70c7c86eb107e86f211cdfafbb4d0ff1de6,6637e5b620b108ed9250d19fb350c5f8b2b4643c55c5cdff2f6c7dcc95c4a9ba,4b73468fc5b0f1950f9f66fada70ad3a4f9327cb,StatsBomb Open Data via Stage91 + Stage92 verified identity bridge,true,true,false,false,false,false,false,false
26303,B. Sosa,12625,Borna Sosa,3857296,785,Croatia,2022-12-01,43,FIFA World Cup,106,2022,2,2,0,0.048374664,0.048374664,0.000000000,1,0.104244776,EXACT_FULL_NAME_VIA_VERIFIED_TRANSFER,HIGH,764ba4ac503b84775d33a2153d661873f9a8d8341367dfa0dfd9756235466a10,00a773d07e24ecae5d1681d2cfb9580de2544fdb153a2a481063bc3230ae1843,4b73468fc5b0f1950f9f66fada70ad3a4f9327cb,StatsBomb Open Data via Stage91 + Stage92 verified identity bridge,true,true,false,false,false,false,false,false
263482,Nuno Mendes,41092,Nuno Mendes,3802643,131,Paris Saint-Germain,2022-04-29,7,Ligue 1,108,2021/2022,0,0,0,0.000000000,0.000000000,0.000000000,1,0.050864660,EXACT_FULL_NAME_VIA_VERIFIED_TRANSFER,HIGH,cbbbaa9d08066834dabdf6bee1885fce73d45983588697717be90f7eabb9dcab,e5e055c00c5a089eae67ef709df82e60428633c3afa2138af3453d6254e6cad1,4b73468fc5b0f1950f9f66fada70ad3a4f9327cb,StatsBomb Open Data via Stage91 + Stage92 verified identity bridge,true,true,false,false,false,false,false,false
263482,Nuno Mendes,41092,Nuno Mendes,3802676,131,Paris Saint-Germain,2022-04-23,7,Ligue 1,108,2021/2022,1,1,0,0.010131053,0.010131053,0.000000000,0,0.000000000,EXACT_FULL_NAME_VIA_VERIFIED_TRANSFER,HIGH,5c44f60e8ce9f4b31e45fd408b77fabd734d6df5701d7da83e182ca9a79c50ca,bda318051545ef5d2aece6d719a000c846eb31ddb74aaafa95048c45f24cb210,4b73468fc5b0f1950f9f66fada70ad3a4f9327cb,StatsBomb Open Data via Stage91 + Stage92 verified identity bridge,true,true,false,false,false,false,false,false
263482,Nuno Mendes,41092,Nuno Mendes,3802690,131,Paris Saint-Germain,2021-12-22,7,Ligue 1,108,2021/2022,0,0,0,0.000000000,0.000000000,0.000000000,1,0.313168820,EXACT_FULL_NAME_VIA_VERIFIED_TRANSFER,HIGH,54bbeeb8bf09a7e40432ed2258118903eb3685ff69099bdbda243cf06bc2294d,7d7a92ad0c158b34e5ce02ae4f79322c34e3e5620b9be5f9b32230fe7d29e4d8,4b73468fc5b0f1950f9f66fada70ad3a4f9327cb,StatsBomb Open Data via Stage91 + Stage92 verified identity bridge,true,true,false,false,false,false,false,false
263482,Nuno Mendes,41092,Nuno Mendes,3802709,131,Paris Saint-Germain,2022-02-26,7,Ligue 1,108,2021/2022,1,1,0,0.013959779,0.013959779,0.000000000,1,0.041824100,EXACT_FULL_NAME_VIA_VERIFIED_TRANSFER,HIGH,2aeb4225e074d008be92af52d7e342f011dff7cff3810dc0d39c08e7c00ab537,8f48631478f06511c59e22b67ac03e84ffd17187b3ca8e79e9bfb0cb1fa2c0db,4b73468fc5b0f1950f9f66fada70ad3a4f9327cb,StatsBomb Open Data via Stage91 + Stage92 verified identity bridge,true,true,false,false,false,false,false,false
263482,Nuno Mendes,41092,Nuno Mendes,3802752,131,Paris Saint-Germain,2021-09-19,7,Ligue 1,108,2021/2022,1,1,0,0.007237851,0.007237851,0.000000000,0,0.000000000,EXACT_FULL_NAME_VIA_VERIFIED_TRANSFER,HIGH,6cbcf241d830b7ec9507a9df410e20ea02ce3bbe1e048c2f6c54acc0093debee,cb15c5c776c524a8db1ad73cd3ce5377fdfeca04932862c57400b67d44c94a11,4b73468fc5b0f1950f9f66fada70ad3a4f9327cb,StatsBomb Open Data via Stage91 + Stage92 verified identity bridge,true,true,false,false,false,false,false,false
263482,Nuno Mendes,41092,Nuno Mendes,3802793,131,Paris Saint-Germain,2021-12-01,7,Ligue 1,108,2021/2022,1,1,0,0.030297244,0.030297244,0.000000000,0,0.000000000,EXACT_FULL_NAME_VIA_VERIFIED_TRANSFER,HIGH,94e408d6c17b461e7e8988fa141dd50ea4e7cacc13304de3aefcc1a8aeb94a46,d717a9c58306b59bfa9ac305535379f7301bc0656493edb4c7d560fc99c7cdc3,4b73468fc5b0f1950f9f66fada70ad3a4f9327cb,StatsBomb Open Data via Stage91 + Stage92 verified identity bridge,true,true,false,false,false,false,false,false
263482,Nuno Mendes,41092,Nuno Mendes,3802802,131,Paris Saint-Germain,2022-01-23,7,Ligue 1,108,2021/2022,0,0,0,0.000000000,0.000000000,0.000000000,1,0.296029300,EXACT_FULL_NAME_VIA_VERIFIED_TRANSFER,HIGH,3b8def804e7185e70d60a73778293cfed7c10ed8e7e4b430576acec164978782,844d71ba03cc012c76898f4eb028720b84392775bbd1aea506e454427d198e71,4b73468fc5b0f1950f9f66fada70ad3a4f9327cb,StatsBomb Open Data via Stage91 + Stage92 verified identity bridge,true,true,false,false,false,false,false,false
263482,Nuno Mendes,41092,Nuno Mendes,3802809,131,Paris Saint-Germain,2021-10-03,7,Ligue 1,108,2021/2022,0,0,0,0.000000000,0.000000000,0.000000000,1,0.216939420,EXACT_FULL_NAME_VIA_VERIFIED_TRANSFER,HIGH,7c61d2ac81cf8662563c4cb80acc1a52df2a9d5b0f4c2271fcd747ca674e3f20,c0c9c6d2cbea4dad8f578457422e290398e5402d8c3cac671645fbaad49792d8,4b73468fc5b0f1950f9f66fada70ad3a4f9327cb,StatsBomb Open Data via Stage91 + Stage92 verified identity bridge,true,true,false,false,false,false,false,false
263482,Nuno Mendes,41092,Nuno Mendes,3802818,131,Paris Saint-Germain,2022-04-03,7,Ligue 1,108,2021/2022,0,0,0,0.000000000,0.000000000,0.000000000,1,0.118662000,EXACT_FULL_NAME_VIA_VERIFIED_TRANSFER,HIGH,38de788ea6ba39146e7c41741664ca1825025f8d0f0871f3aeaaa9dcb08b6f0a,5448882141bc39ee3a85bf2082833a8405fc6bc9a388005f83b955fd733d42f1,4b73468fc5b0f1950f9f66fada70ad3a4f9327cb,StatsBomb Open Data via Stage91 + Stage92 verified identity bridge,true,true,false,false,false,false,false,false
263482,Nuno Mendes,41092,Nuno Mendes,3802839,131,Paris Saint-Germain,2022-02-19,7,Ligue 1,108,2021/2022,0,0,0,0.000000000,0.000000000,0.000000000,1,0.063760966,EXACT_FULL_NAME_VIA_VERIFIED_TRANSFER,HIGH,0c882506a4b548093eccb0e733afcf542ab4f9ee254fff3f50141232d799ca5a,4056892e3814f77cad2696a9e3e4ff38b2bfcc647246ab89c78f4ba8414868d4,4b73468fc5b0f1950f9f66fada70ad3a4f9327cb,StatsBomb Open Data via Stage91 + Stage92 verified identity bridge,true,true,false,false,false,false,false,false
263482,Nuno Mendes,41092,Nuno Mendes,3802902,131,Paris Saint-Germain,2021-10-24,7,Ligue 1,108,2021/2022,0,0,0,0.000000000,0.000000000,0.000000000,1,0.064671226,EXACT_FULL_NAME_VIA_VERIFIED_TRANSFER,HIGH,3c3f4145f60a7a4b6cca5316010711f387e40d82170e60689708ddcba8a923af,c25dae77554d054be079f29c5c6b964e0ce5e3046a40dff6ddbaa1438fd10848,4b73468fc5b0f1950f9f66fada70ad3a4f9327cb,StatsBomb Open Data via Stage91 + Stage92 verified identity bridge,true,true,false,false,false,false,false,false
263482,Nuno Mendes,41092,Nuno Mendes,3802904,131,Paris Saint-Germain,2022-03-13,7,Ligue 1,108,2021/2022,1,1,0,0.022762544,0.022762544,0.000000000,0,0.000000000,EXACT_FULL_NAME_VIA_VERIFIED_TRANSFER,HIGH,41b5b672e2514a7d905a4bd1560f3e6f08a1d52ef9e7b138b1111e3b15f794e0,d4df13680770064cacee94fb6fef9f456ec4ea01764d0cd12da9d8ae625e8d69,4b73468fc5b0f1950f9f66fada70ad3a4f9327cb,StatsBomb Open Data via Stage91 + Stage92 verified identity bridge,true,true,false,false,false,false,false,false
263482,Nuno Mendes,41092,Nuno Mendes,3802907,131,Paris Saint-Germain,2022-02-06,7,Ligue 1,108,2021/2022,1,1,0,0.071146220,0.071146220,0.000000000,1,0.132879540,EXACT_FULL_NAME_VIA_VERIFIED_TRANSFER,HIGH,aa484a37b5d28bf2b84bce4a94d01c8ad00bac73631db6ae25e118debc5a3be8,7aff87ef0e035fbfe83958e2a8bab3c9556cd6bb9cb88a6e7db31552c08de0f7,4b73468fc5b0f1950f9f66fada70ad3a4f9327cb,StatsBomb Open Data via Stage91 + Stage92 verified identity bridge,true,true,false,false,false,false,false,false
263482,Nuno Mendes,41092,Nuno Mendes,3802930,131,Paris Saint-Germain,2022-05-08,7,Ligue 1,108,2021/2022,0,0,0,0.000000000,0.000000000,0.000000000,1,0.040338460,EXACT_FULL_NAME_VIA_VERIFIED_TRANSFER,HIGH,fea8445e094a1abc3363ef65084ba0f70ebcc283619cdd93f8ac523d37081ef3,1ae1edda5f1cf4b7d423abc3f43fd4db042e2e53a5fe4f4a74c082b8647284b2,4b73468fc5b0f1950f9f66fada70ad3a4f9327cb,StatsBomb Open Data via Stage91 + Stage92 verified identity bridge,true,true,false,false,false,false,false,false
263482,Nuno Mendes,41092,Nuno Mendes,3837650,131,Paris Saint-Germain,2022-08-06,7,Ligue 1,235,2022/2023,2,2,0,0.332857664,0.332857664,0.000000000,1,0.070429670,EXACT_FULL_NAME_VIA_VERIFIED_TRANSFER,HIGH,f6b9a966c696b11fa653d37f52b89c9249312e3a2e0b96fa1558865fbae13bd9,72d8a6b1207d67dcf2546464e84d00a12c9ea2367b22838e785661c34898a2a0,4b73468fc5b0f1950f9f66fada70ad3a4f9327cb,StatsBomb Open Data via Stage91 + Stage92 verified identity bridge,true,true,false,false,false,false,false,false
263482,Nuno Mendes,41092,Nuno Mendes,3837659,131,Paris Saint-Germain,2022-08-13,7,Ligue 1,235,2022/2023,0,0,0,0.000000000,0.000000000,0.000000000,1,0.324424540,EXACT_FULL_NAME_VIA_VERIFIED_TRANSFER,HIGH,6b20e39f375d16b4398881a499073705e71c9699e196839d753937d004a2e9bd,de48ddf815c13b61962b944252118b1699fd4313cf7c9e50fb83c5aba7d12337,4b73468fc5b0f1950f9f66fada70ad3a4f9327cb,StatsBomb Open Data via Stage91 + Stage92 verified identity bridge,true,true,false,false,false,false,false,false
263482,Nuno Mendes,41092,Nuno Mendes,3837662,131,Paris Saint-Germain,2022-08-21,7,Ligue 1,235,2022/2023,0,0,0,0.000000000,0.000000000,0.000000000,1,0.166144220,EXACT_FULL_NAME_VIA_VERIFIED_TRANSFER,HIGH,c90743c903923794fb99d12d9f4a97589080ff220b60aee02dd1e13908681482,28b00292222c24c579777d44c9c9d2353320f37680abae69bb16d7f55fffe389,4b73468fc5b0f1950f9f66fada70ad3a4f9327cb,StatsBomb Open Data via Stage91 + Stage92 verified identity bridge,true,true,false,false,false,false,false,false
263482,Nuno Mendes,41092,Nuno Mendes,3837680,131,Paris Saint-Germain,2022-08-28,7,Ligue 1,235,2022/2023,0,0,0,0.000000000,0.000000000,0.000000000,2,0.284430570,EXACT_FULL_NAME_VIA_VERIFIED_TRANSFER,HIGH,d847ff6be2e871933a42ee2d2dafeace70022f8533791c3083141d92a7ca16e1,e9132c8e51468a26a73d17f959bea9579cd5c60b337fce6c5b1ba91ab5053d28,4b73468fc5b0f1950f9f66fada70ad3a4f9327cb,StatsBomb Open Data via Stage91 + Stage92 verified identity bridge,true,true,false,false,false,false,false,false
263482,Nuno Mendes,41092,Nuno Mendes,3837683,131,Paris Saint-Germain,2022-08-31,7,Ligue 1,235,2022/2023,1,1,0,0.126858030,0.126858030,0.000000000,2,0.170251170,EXACT_FULL_NAME_VIA_VERIFIED_TRANSFER,HIGH,d5d2f203d328c096c3f7e5117a3d4d898b6aca34f382094ca41527e1544e500d,5ddda90038b14ee3c88ee84fb7007c27379f157c5f2e2ecc17545f6b751b2912,4b73468fc5b0f1950f9f66fada70ad3a4f9327cb,StatsBomb Open Data via Stage91 + Stage92 verified identity bridge,true,true,false,false,false,false,false,false
263482,Nuno Mendes,41092,Nuno Mendes,3837695,131,Paris Saint-Germain,2022-09-03,7,Ligue 1,235,2022/2023,2,2,0,0.412652470,0.412652470,0.000000000,1,0.118365176,EXACT_FULL_NAME_VIA_VERIFIED_TRANSFER,HIGH,0cbe1ce793f4d2d963cdb82a8754bdfce55a60029e028480b43ce38f7ce611d3,251c66544e95d946ab5ac849a1e6b5cea7b87a19daf0c61ad3ec6e0ffb38e198,4b73468fc5b0f1950f9f66fada70ad3a4f9327cb,StatsBomb Open Data via Stage91 + Stage92 verified identity bridge,true,true,false,false,false,false,false,false
263482,Nuno Mendes,41092,Nuno Mendes,3837706,131,Paris Saint-Germain,2022-09-10,7,Ligue 1,235,2022/2023,0,0,0,0.000000000,0.000000000,0.000000000,1,0.021341342,EXACT_FULL_NAME_VIA_VERIFIED_TRANSFER,HIGH,44fb82ba5fe5d293cdac0c364caca71557a50140699d0b8ed9e2e33790cbe01d,f811f6852902a8b3fa9c0f94a83fea5ef1844a7fc30ed3b6b181f07ed97de13f,4b73468fc5b0f1950f9f66fada70ad3a4f9327cb,StatsBomb Open Data via Stage91 + Stage92 verified identity bridge,true,true,false,false,false,false,false,false
263482,Nuno Mendes,41092,Nuno Mendes,3837717,131,Paris Saint-Germain,2022-09-18,7,Ligue 1,235,2022/2023,0,0,0,0.000000000,0.000000000,0.000000000,3,0.683820348,EXACT_FULL_NAME_VIA_VERIFIED_TRANSFER,HIGH,b4f5c7a1a7a51dba8709e430abd17492830a3373468b92bcdc9cfd8337a71e9b,836b6109a4a9b7cbbfe590fb1c114e6e6a4d3cb12f43ba1fa1a92ee3a0d43a19,4b73468fc5b0f1950f9f66fada70ad3a4f9327cb,StatsBomb Open Data via Stage91 + Stage92 verified identity bridge,true,true,false,false,false,false,false,false
263482,Nuno Mendes,41092,Nuno Mendes,3837771,131,Paris Saint-Germain,2022-10-29,7,Ligue 1,235,2022/2023,0,0,0,0.000000000,0.000000000,0.000000000,1,0.100838260,EXACT_FULL_NAME_VIA_VERIFIED_TRANSFER,HIGH,fe1bc951516308154831cb01ae889d998a5cd54b1409ce4e08bd59fee3359294,4a74b789d68405fc7e3cdd3de1311cf283007f77578fc19453099b462c049ac2,4b73468fc5b0f1950f9f66fada70ad3a4f9327cb,StatsBomb Open Data via Stage91 + Stage92 verified identity bridge,true,true,false,false,false,false,false,false
263482,Nuno Mendes,41092,Nuno Mendes,3837785,131,Paris Saint-Germain,2022-11-13,7,Ligue 1,235,2022/2023,0,0,0,0.000000000,0.000000000,0.000000000,1,0.145450060,EXACT_FULL_NAME_VIA_VERIFIED_TRANSFER,HIGH,6683ce8aeff9454b8ffe92a46e46f116ed03fdabe3372654cbb3789528eb6d28,1ded8de4b52cd71412c9a50bf9398d2a1e29e0bceeb669001fe02f37f7bed310,4b73468fc5b0f1950f9f66fada70ad3a4f9327cb,StatsBomb Open Data via Stage91 + Stage92 verified identity bridge,true,true,false,false,false,false,false,false
263482,Nuno Mendes,41092,Nuno Mendes,3837844,131,Paris Saint-Germain,2023-02-01,7,Ligue 1,235,2022/2023,0,0,0,0.000000000,0.000000000,0.000000000,1,0.033210590,EXACT_FULL_NAME_VIA_VERIFIED_TRANSFER,HIGH,a9691cf55214fb0a4a99f9bc39fbc737a7d81ef97023c39ea0712b4994a228a9,277e6b99a010ea451e1599e3715b9b1d87a54998df4ad047e134feeb37585ead,4b73468fc5b0f1950f9f66fada70ad3a4f9327cb,StatsBomb Open Data via Stage91 + Stage92 verified identity bridge,true,true,false,false,false,false,false,false
263482,Nuno Mendes,41092,Nuno Mendes,3837859,131,Paris Saint-Germain,2023-02-04,7,Ligue 1,235,2022/2023,0,0,0,0.000000000,0.000000000,0.000000000,1,0.068506450,EXACT_FULL_NAME_VIA_VERIFIED_TRANSFER,HIGH,b081110e194aede46843804a517701fb06d8c9407f01dffcb2c0c4f54f1d6cf7,fbb6e5d4e64e6f22a29967f2b26ada9f89cef2dbfa96028f30082246c6eb19e6,4b73468fc5b0f1950f9f66fada70ad3a4f9327cb,StatsBomb Open Data via Stage91 + Stage92 verified identity bridge,true,true,false,false,false,false,false,false
263482,Nuno Mendes,41092,Nuno Mendes,3837896,131,Paris Saint-Germain,2023-03-04,7,Ligue 1,235,2022/2023,1,1,0,0.058975212,0.058975212,0.000000000,0,0.000000000,EXACT_FULL_NAME_VIA_VERIFIED_TRANSFER,HIGH,b33ef38963b0181c9c66edef1d5ce3dd2feed7ad6554caa24788767d68d1c328,679f58fc063836a39545be22c4afae130eb4a01bc895a76ff607691edb6781f5,4b73468fc5b0f1950f9f66fada70ad3a4f9327cb,StatsBomb Open Data via Stage91 + Stage92 verified identity bridge,true,true,false,false,false,false,false,false
263482,Nuno Mendes,41092,Nuno Mendes,3837902,131,Paris Saint-Germain,2023-03-11,7,Ligue 1,235,2022/2023,2,2,0,0.242820900,0.242820900,0.000000000,1,0.068105110,EXACT_FULL_NAME_VIA_VERIFIED_TRANSFER,HIGH,a52a676ba3650353ba3ab4aecd87bb2aba9ef66e8e60392b18d0dc3c8ec7813a,176fe615f6565113416de1238e5873c333eb9b04333616d7f735e8eb2ebb38e1,4b73468fc5b0f1950f9f66fada70ad3a4f9327cb,StatsBomb Open Data via Stage91 + Stage92 verified identity bridge,true,true,false,false,false,false,false,false
263482,Nuno Mendes,41092,Nuno Mendes,3837918,131,Paris Saint-Germain,2023-03-19,7,Ligue 1,235,2022/2023,0,0,0,0.000000000,0.000000000,0.000000000,2,0.174100808,EXACT_FULL_NAME_VIA_VERIFIED_TRANSFER,HIGH,2640cc371734ab092c6b2813aee2e8d49be79b3dc33d47c7d5738f9381f4b290,f2f8730858bb9f92a2bf56dcf67428c2261b610374af72f59abde99319b63ff0,4b73468fc5b0f1950f9f66fada70ad3a4f9327cb,StatsBomb Open Data via Stage91 + Stage92 verified identity bridge,true,true,false,false,false,false,false,false
263482,Nuno Mendes,41092,Nuno Mendes,3837928,131,Paris Saint-Germain,2023-04-02,7,Ligue 1,235,2022/2023,0,0,0,0.000000000,0.000000000,0.000000000,1,0.022830166,EXACT_FULL_NAME_VIA_VERIFIED_TRANSFER,HIGH,19dd6b78172ffd393f49507adf901ea2c93e0e60e6987023b37ec9c95f074084,3b80b6a9c115a071e35514b00b6e2e1c73dcfe5c378904afae02cba8c317537f,4b73468fc5b0f1950f9f66fada70ad3a4f9327cb,StatsBomb Open Data via Stage91 + Stage92 verified identity bridge,true,true,false,false,false,false,false,false
263482,Nuno Mendes,41092,Nuno Mendes,3837938,131,Paris Saint-Germain,2023-04-08,7,Ligue 1,235,2022/2023,1,1,0,0.012968122,0.012968122,0.000000000,2,0.239650865,EXACT_FULL_NAME_VIA_VERIFIED_TRANSFER,HIGH,f90c45074f757c4602e45b79f88711893f6741ce2288487789a661f374517cd3,128e25cf1bc80446e9da7a2b6eb1ef86d6001ca4372b7b93baf4bac903cf79eb,4b73468fc5b0f1950f9f66fada70ad3a4f9327cb,StatsBomb Open Data via Stage91 + Stage92 verified identity bridge,true,true,false,false,false,false,false,false
263482,Nuno Mendes,41092,Nuno Mendes,3837947,131,Paris Saint-Germain,2023-04-15,7,Ligue 1,235,2022/2023,1,1,0,0.140989740,0.140989740,0.000000000,2,0.220302928,EXACT_FULL_NAME_VIA_VERIFIED_TRANSFER,HIGH,678e2de70ef3ceb24e09f390e2ba7353ff117f0b1c4194f60aee93c29ee71ed1,f8518dc5ec8c3648458b7011bf771623811f00a7759884bcf0e38a63b7db8da0,4b73468fc5b0f1950f9f66fada70ad3a4f9327cb,StatsBomb Open Data via Stage91 + Stage92 verified identity bridge,true,true,false,false,false,false,false,false
263482,Nuno Mendes,41092,Nuno Mendes,3857270,780,Portugal,2022-11-28,43,FIFA World Cup,106,2022,0,0,0,0.000000000,0.000000000,0.000000000,1,0.028039778,EXACT_FULL_NAME_VIA_VERIFIED_TRANSFER,HIGH,4a539d8c0c2171c41fa746c5ce4dadeb602b9dff5dfc9fd2488b0d8e00920cf1,403d16699154e58a21f97e112d49a415295bf0b6d9805246abbdc5b7e97665ae,4b73468fc5b0f1950f9f66fada70ad3a4f9327cb,StatsBomb Open Data via Stage91 + Stage92 verified identity bridge,true,true,false,false,false,false,false,false
263482,Nuno Mendes,41092,Nuno Mendes,3930166,780,Portugal,2024-06-18,55,UEFA Euro,282,2024,2,2,0,0.052313472,0.052313472,0.000000000,1,0.005573996,EXACT_FULL_NAME_VIA_VERIFIED_TRANSFER,HIGH,c5e2261f0e7f3b22800044a034e9eba18ab4bc134da901e9acccbec8ce397b0d,b22d7395d34dc057f685c9666dacffb8d7a96f924675840f72a32e797757d512,4b73468fc5b0f1950f9f66fada70ad3a4f9327cb,StatsBomb Open Data via Stage91 + Stage92 verified identity bridge,true,true,false,false,false,false,false,false
263482,Nuno Mendes,41092,Nuno Mendes,3941020,780,Portugal,2024-07-01,55,UEFA Euro,282,2024,0,0,0,0.000000000,0.000000000,0.000000000,1,0.006350360,EXACT_FULL_NAME_VIA_VERIFIED_TRANSFER,HIGH,fa8d7403cde46d1b15f914c75ffadd0cb40971c9c39d638e4c682961ef862523,41f8836621c70208eb8069e1e16f4297cf565a7318093060192abc9ca62e7354,4b73468fc5b0f1950f9f66fada70ad3a4f9327cb,StatsBomb Open Data via Stage91 + Stage92 verified identity bridge,true,true,false,false,false,false,false,false
263482,Nuno Mendes,41092,Nuno Mendes,3942349,780,Portugal,2024-07-05,55,UEFA Euro,282,2024,2,1,1,0.915875500,0.132375500,0.783500000,1,0.021586083,EXACT_FULL_NAME_VIA_VERIFIED_TRANSFER,HIGH,ec6c113b754dccdafddf88fd0cadc7d101277e803c3ad9780708a562078ac8c8,06c37787bdea7098c48b6cf7b8515fe4cd586d04108940ff823fd3b488da757f,4b73468fc5b0f1950f9f66fada70ad3a4f9327cb,StatsBomb Open Data via Stage91 + Stage92 verified identity bridge,true,true,false,false,false,false,false,false
26475,D. Undav,131243,Deniz Undav,3895167,174,VfB Stuttgart,2023-12-10,9,1. Bundesliga,281,2023/2024,8,8,0,0.550190704,0.550190704,0.000000000,0,0.000000000,EXACT_FULL_NAME_VIA_VERIFIED_TRANSFER,HIGH,47c93a98de3879f12f1eefa25fbe73fdc2d748ec881e477eae87fbfb5dbe1f41,a36906d0d063540f30364cd19d07c298426c699ab75f79630a55e81afb15db85,4b73468fc5b0f1950f9f66fada70ad3a4f9327cb,StatsBomb Open Data via Stage91 + Stage92 verified identity bridge,true,true,false,false,false,false,false,false
26475,D. Undav,131243,Deniz Undav,3895320,174,VfB Stuttgart,2024-04-27,9,1. Bundesliga,281,2023/2024,1,1,0,0.079109700,0.079109700,0.000000000,3,0.110511533,EXACT_FULL_NAME_VIA_VERIFIED_TRANSFER,HIGH,cf249da5f9407df6f106a7488612925531bea1e04310984c49151e7c52854ad6,963548e4314f750ec4c92a6340e4f55f669fd21db3295cb9780d3220d8e891f3,4b73468fc5b0f1950f9f66fada70ad3a4f9327cb,StatsBomb Open Data via Stage91 + Stage92 verified identity bridge,true,true,false,false,false,false,false,false
2729,J. Andersen,8247,Joachim Andersen,3794689,776,Denmark,2021-06-26,55,UEFA Euro,43,2020,1,1,0,0.164230380,0.164230380,0.000000000,0,0.000000000,EXACT_FULL_NAME_VIA_VERIFIED_TRANSFER,HIGH,4f65a7978c1d5757ad3ccf82bb400dc3896e85677bdaada4a5b40d9628c0f4f6,a656485b1fd8f827e15beb0fb39a12b3dd4f88713e3cf12235599098f6ed07e2,4b73468fc5b0f1950f9f66fada70ad3a4f9327cb,StatsBomb Open Data via Stage91 + Stage92 verified identity bridge,true,true,false,false,false,false,false,false
2729,J. Andersen,8247,Joachim Andersen,3857254,776,Denmark,2022-11-22,43,FIFA World Cup,106,2022,1,1,0,0.027654220,0.027654220,0.000000000,0,0.000000000,EXACT_FULL_NAME_VIA_VERIFIED_TRANSFER,HIGH,f4bf93f1b04f299824ee5472bd9a496c2cd55fb125389ec0683f39d93a2f796b,29505cd22ffcf602135bf603208bbe0e16b7db2ff970d732f325915f41457bad,4b73468fc5b0f1950f9f66fada70ad3a4f9327cb,StatsBomb Open Data via Stage91 + Stage92 verified identity bridge,true,true,false,false,false,false,false,false
2729,J. Andersen,8247,Joachim Andersen,3857257,776,Denmark,2022-11-30,43,FIFA World Cup,106,2022,1,1,0,0.020115681,0.020115681,0.000000000,0,0.000000000,EXACT_FULL_NAME_VIA_VERIFIED_TRANSFER,HIGH,01b517d3668c5a4463c403972a6c7bbd8a0eda8fe7a4a297a58c24cd4b975f09,2a6d1e5a51f34638a71e5141a0bb8ed5b74aa48259cc39daced22d69e1ab3323,4b73468fc5b0f1950f9f66fada70ad3a4f9327cb,StatsBomb Open Data via Stage91 + Stage92 verified identity bridge,true,true,false,false,false,false,false,false
2729,J. Andersen,8247,Joachim Andersen,3857266,776,Denmark,2022-11-26,43,FIFA World Cup,106,2022,2,2,0,0.097091399,0.097091399,0.000000000,0,0.000000000,EXACT_FULL_NAME_VIA_VERIFIED_TRANSFER,HIGH,022dd3577adb3bdb711c1edd6cc76f32f071d9cb9228b8435d6c2877f63ab719,447731f4ebd788ff4287578c332721e3c4a1d6c00f574044524843e3923af301,4b73468fc5b0f1950f9f66fada70ad3a4f9327cb,StatsBomb Open Data via Stage91 + Stage92 verified identity bridge,true,true,false,false,false,false,false,false
2729,J. Andersen,8247,Joachim Andersen,3930162,776,Denmark,2024-06-16,55,UEFA Euro,282,2024,1,1,0,0.072108650,0.072108650,0.000000000,0,0.000000000,EXACT_FULL_NAME_VIA_VERIFIED_TRANSFER,HIGH,4740f4a4892ed7262227370e08f62c3837fe385554b6ecf606e2701c6b29a794,6c7a7a5233798d42cc96d45bf0966a565b274580d1f97191a80fec01efd490e2,4b73468fc5b0f1950f9f66fada70ad3a4f9327cb,StatsBomb Open Data via Stage91 + Stage92 verified identity bridge,true,true,false,false,false,false,false,false
2729,J. Andersen,8247,Joachim Andersen,3930171,776,Denmark,2024-06-20,55,UEFA Euro,282,2024,1,1,0,0.011467024,0.011467024,0.000000000,1,0.061008230,EXACT_FULL_NAME_VIA_VERIFIED_TRANSFER,HIGH,1717331c0927ed1cb7f15f7aa31035cdd1b16677cb7e12f7713807fd1e5ff44b,5cbafbf6a6b76cd6af75e862ce8a653f0ae3c5c8106cd493d0162d39bb839d6b,4b73468fc5b0f1950f9f66fada70ad3a4f9327cb,StatsBomb Open Data via Stage91 + Stage92 verified identity bridge,true,true,false,false,false,false,false,false
2729,J. Andersen,8247,Joachim Andersen,3940983,776,Denmark,2024-06-29,55,UEFA Euro,282,2024,1,1,0,0.060721400,0.060721400,0.000000000,1,0.122344420,EXACT_FULL_NAME_VIA_VERIFIED_TRANSFER,HIGH,3776db422c6cfadc4c5f6b46723eafb9d9a8af770b0f81ac107e2b7a59b98a90,cc812d021ecf09aca781786d337dc9b7af36d79fc91686f003cceac5f02f77bd,4b73468fc5b0f1950f9f66fada70ad3a4f9327cb,StatsBomb Open Data via Stage91 + Stage92 verified identity bridge,true,true,false,false,false,false,false,false
2817,N. Milenković,5603,Nikola Milenković,3857256,786,Serbia,2022-12-02,43,FIFA World Cup,106,2022,1,1,0,0.081608720,0.081608720,0.000000000,0,0.000000000,EXACT_FULL_NAME_VIA_VERIFIED_TRANSFER,HIGH,a8beddd6c0494a5943e66426fef63b140a1f69b66a99801090093e0f22acbcd4,fdf4e99c1e631da81bd56499ab826caeea6063d648d619e37ac3c3228b9a94a6,4b73468fc5b0f1950f9f66fada70ad3a4f9327cb,StatsBomb Open Data via Stage91 + Stage92 verified identity bridge,true,true,false,false,false,false,false,false
2817,N. Milenković,5603,Nikola Milenković,3857258,786,Serbia,2022-11-24,43,FIFA World Cup,106,2022,1,1,0,0.011090157,0.011090157,0.000000000,0,0.000000000,EXACT_FULL_NAME_VIA_VERIFIED_TRANSFER,HIGH,dbe2e51d0be5f857517c90972b1437586b57f256e1f67befbc25015fac51547c,f2673d5bc27b1b44255711c64f7d3d12c85a484244751211b2248a8909b06681,4b73468fc5b0f1950f9f66fada70ad3a4f9327cb,StatsBomb Open Data via Stage91 + Stage92 verified identity bridge,true,true,false,false,false,false,false,false
2817,N. Milenković,5603,Nikola Milenković,3857259,786,Serbia,2022-11-28,43,FIFA World Cup,106,2022,1,1,0,0.030465200,0.030465200,0.000000000,0,0.000000000,EXACT_FULL_NAME_VIA_VERIFIED_TRANSFER,HIGH,7a6ea13496a17efb321749ae42c115c03170cc612038fed3ae888f5bbd94c3ca,a5c415088b6b5355d37158bcd34958db10e958c3fd94d2e3ab4e35b5c114261c,4b73468fc5b0f1950f9f66fada70ad3a4f9327cb,StatsBomb Open Data via Stage91 + Stage92 verified identity bridge,true,true,false,false,false,false,false,false
2817,N. Milenković,5603,Nikola Milenković,3930163,786,Serbia,2024-06-16,55,UEFA Euro,282,2024,0,0,0,0.000000000,0.000000000,0.000000000,1,0.022912710,EXACT_FULL_NAME_VIA_VERIFIED_TRANSFER,HIGH,5f2067142fc90fecc0637f38596b23464548fb7c6712597f478f5ad04b7ccd9b,767e42347cc9cc53d3b6420c01b6294dfdf6fe2d7af106e1a0433db1f2c9ccc9,4b73468fc5b0f1950f9f66fada70ad3a4f9327cb,StatsBomb Open Data via Stage91 + Stage92 verified identity bridge,true,true,false,false,false,false,false,false
284322,K. Mainoo,99174,Kobbie Mainoo,3941017,768,England,2024-06-30,55,UEFA Euro,282,2024,2,2,0,0.073899718,0.073899718,0.000000000,1,0.026043994,EXACT_FULL_NAME_VIA_VERIFIED_TRANSFER,HIGH,d7f2b7db48838825b163044b7fc7d08b135a49a1ba9dc8c4e8dd884edcd1b7ee,1632a7f9d0de3d3cb441b634af76676916ddde48ee2b1bf9323083f7a4075c11,4b73468fc5b0f1950f9f66fada70ad3a4f9327cb,StatsBomb Open Data via Stage91 + Stage92 verified identity bridge,true,true,false,false,false,false,false,false
284322,K. Mainoo,99174,Kobbie Mainoo,3942227,768,England,2024-07-06,55,UEFA Euro,282,2024,2,2,0,0.146669533,0.146669533,0.000000000,1,0.022693586,EXACT_FULL_NAME_VIA_VERIFIED_TRANSFER,HIGH,7de593f04915ca5bdef9c401b6619efdc100ac4da05a47f3cd0eca47c78ff15e,cdea56bfb63d25fa0585e6d6583a9b15d4e898d33ee6c27af30b9499ff3d91a0,4b73468fc5b0f1950f9f66fada70ad3a4f9327cb,StatsBomb Open Data via Stage91 + Stage92 verified identity bridge,true,true,false,false,false,false,false,false
284322,K. Mainoo,99174,Kobbie Mainoo,3942819,768,England,2024-07-10,55,UEFA Euro,282,2024,1,1,0,0.029809527,0.029809527,0.000000000,1,0.034638480,EXACT_FULL_NAME_VIA_VERIFIED_TRANSFER,HIGH,e5572d70160153c743d3b5c3e40858a45d04460168c79aa8d7bb7f838141b7ed,721bc660915e98aee8095a06fede183f22f7093ff2d93550542d43777a87daa7,4b73468fc5b0f1950f9f66fada70ad3a4f9327cb,StatsBomb Open Data via Stage91 + Stage92 verified identity bridge,true,true,false,false,false,false,false,false
2864,A. Isak,8819,Alexander Isak,303479,210,Real Sociedad,2020-03-07,11,La Liga,42,2019/2020,4,4,0,0.321009360,0.321009360,0.000000000,3,0.174943719,EXACT_FULL_NAME_VIA_VERIFIED_TRANSFER,HIGH,c46370f8929c791ed567061069fc243a841c51a7b9a25419bf6614e868ffba87,188222130e3a7a8c55b2822c3b36d409d3b7a8c7505845a08d95dfd93ab83856,4b73468fc5b0f1950f9f66fada70ad3a4f9327cb,StatsBomb Open Data via Stage91 + Stage92 verified identity bridge,true,true,false,false,false,false,false,false
2864,A. Isak,8819,Alexander Isak,303664,210,Real Sociedad,2019-12-14,11,La Liga,42,2019/2020,3,3,0,0.776258998,0.776258998,0.000000000,0,0.000000000,EXACT_FULL_NAME_VIA_VERIFIED_TRANSFER,HIGH,d90928ec7bef104fee47f54bcee0b6848bb1e19ab35f5c0e94e65c628d89214e,7a4f479b93d1a1a3d9bc09eda1cec06762da8892cecf26896a4d51326402d971,4b73468fc5b0f1950f9f66fada70ad3a4f9327cb,StatsBomb Open Data via Stage91 + Stage92 verified identity bridge,true,true,false,false,false,false,false,false
2864,A. Isak,8819,Alexander Isak,3773523,210,Real Sociedad,2020-12-16,11,La Liga,90,2020/2021,2,2,0,0.543724900,0.543724900,0.000000000,0,0.000000000,EXACT_FULL_NAME_VIA_VERIFIED_TRANSFER,HIGH,aa445f25d411bc8f11425591435c69442d43f0d8d016df238d6bf2558adb6c0d,8005f196339175aab602542b7cb3cdc951676f2c57de33798d9e48777f5e8a0f,4b73468fc5b0f1950f9f66fada70ad3a4f9327cb,StatsBomb Open Data via Stage91 + Stage92 verified identity bridge,true,true,false,false,false,false,false,false
2864,A. Isak,8819,Alexander Isak,3773597,210,Real Sociedad,2021-03-21,11,La Liga,90,2020/2021,2,2,0,0.254656360,0.254656360,0.000000000,2,0.031223965,EXACT_FULL_NAME_VIA_VERIFIED_TRANSFER,HIGH,785e594fdacc92b367694569d06b45bd4e7c3ec9db031cc3416d9d8739b5184d,030db4e4cabb4eda244792706444202bdf503c1d238f208fa58996d1d778f43f,4b73468fc5b0f1950f9f66fada70ad3a4f9327cb,StatsBomb Open Data via Stage91 + Stage92 verified identity bridge,true,true,false,false,false,false,false,false
2864,A. Isak,8819,Alexander Isak,3788750,790,Sweden,2021-06-14,55,UEFA Euro,43,2020,1,1,0,0.117233366,0.117233366,0.000000000,1,0.627757600,EXACT_FULL_NAME_VIA_VERIFIED_TRANSFER,HIGH,35d8168afa8739ce3c2a29b2c751c722284ac6aec9caa7e1bc0ae1ef1d83a13c,647b58dd9472a4b0c0b2a10d2cad69c8d487928155a35ec017806902668ab5dc,4b73468fc5b0f1950f9f66fada70ad3a4f9327cb,StatsBomb Open Data via Stage91 + Stage92 verified identity bridge,true,true,false,false,false,false,false,false
2864,A. Isak,8819,Alexander Isak,3788761,790,Sweden,2021-06-18,55,UEFA Euro,43,2020,5,5,0,0.291036494,0.291036494,0.000000000,1,0.182663960,EXACT_FULL_NAME_VIA_VERIFIED_TRANSFER,HIGH,76568d4981211641bbb543ee966a056528b06b5e3de79f9f6a85b237e1ab2dfe,c68c97bbf1996bec16816f231217d02cfcc778f58dfb527687f093c6c7aedd25,4b73468fc5b0f1950f9f66fada70ad3a4f9327cb,StatsBomb Open Data via Stage91 + Stage92 verified identity bridge,true,true,false,false,false,false,false,false
2864,A. Isak,8819,Alexander Isak,3788776,790,Sweden,2021-06-23,55,UEFA Euro,43,2020,0,0,0,0.000000000,0.000000000,0.000000000,1,0.176857670,EXACT_FULL_NAME_VIA_VERIFIED_TRANSFER,HIGH,f6e074fee5313105a4a25bc4f86a100ff56a8001e0e4888d85a5bcd8b8bf5e35,d15ff63f068b35353d6a34e7a5c82eaef55549e23dffaed47bd095505dc7abb4,4b73468fc5b0f1950f9f66fada70ad3a4f9327cb,StatsBomb Open Data via Stage91 + Stage92 verified identity bridge,true,true,false,false,false,false,false,false
2864,A. Isak,8819,Alexander Isak,3794692,790,Sweden,2021-06-29,55,UEFA Euro,43,2020,2,2,0,0.246396720,0.246396720,0.000000000,2,0.136964832,EXACT_FULL_NAME_VIA_VERIFIED_TRANSFER,HIGH,544f794c2a3f02b95cb7b40f0a7a5907bab3263044d0339536338b257b611dc6,1b7cbed761a0890cc54b2015a6e747612f6017f3bfa7a0f25a6d20f862c32d14,4b73468fc5b0f1950f9f66fada70ad3a4f9327cb,StatsBomb Open Data via Stage91 + Stage92 verified identity bridge,true,true,false,false,false,false,false,false
290,V. van Dijk,3669,Virgil van Dijk,18245,24,Liverpool,2018-05-26,16,Champions League,1,2017/2018,1,1,0,0.248676960,0.248676960,0.000000000,0,0.000000000,EXACT_FULL_NAME_VIA_VERIFIED_TRANSFER,HIGH,01ce3252a8c1097b0e6228c1ae0c0bbddc7a528d7570f308e53973d414dc7193,aafc27998976ec2669e9fdc4802aa9ce65d405d1c02fe87efb2f9164040a4fac,4b73468fc5b0f1950f9f66fada70ad3a4f9327cb,StatsBomb Open Data via Stage91 + Stage92 verified identity bridge,true,true,false,false,false,false,false,false
290,V. van Dijk,3669,Virgil van Dijk,22912,24,Liverpool,2019-06-01,16,Champions League,4,2018/2019,1,1,0,0.061952036,0.061952036,0.000000000,0,0.000000000,EXACT_FULL_NAME_VIA_VERIFIED_TRANSFER,HIGH,b3b50d0257fb8624d3ccce2764bd4a2b6f3e8e42f1ba795534c02d7a7f33f9af,737dc78690cd354bc845e5736502f29f7e1ea47fe122f98011d10d85bd020af9,4b73468fc5b0f1950f9f66fada70ad3a4f9327cb,StatsBomb Open Data via Stage91 + Stage92 verified identity bridge,true,true,false,false,false,false,false,false
290,V. van Dijk,3669,Virgil van Dijk,3753978,25,Southampton,2015-09-26,2,Premier League,27,2015/2016,2,2,0,0.326939110,0.326939110,0.000000000,0,0.000000000,EXACT_FULL_NAME_VIA_VERIFIED_TRANSFER,HIGH,b213aa404b640c754eaf8cb930160b2734952f34a755220d38e55af56c6fcc19,468e4d0dfdc7b2c1d844b07f6c0b0128e16f3493d83a0aea3eeaf2396bbd2eee,4b73468fc5b0f1950f9f66fada70ad3a4f9327cb,StatsBomb Open Data via Stage91 + Stage92 verified identity bridge,true,true,false,false,false,false,false,false
290,V. van Dijk,3669,Virgil van Dijk,3753982,25,Southampton,2016-04-03,2,Premier League,27,2015/2016,1,1,0,0.075048040,0.075048040,0.000000000,0,0.000000000,EXACT_FULL_NAME_VIA_VERIFIED_TRANSFER,HIGH,15f7dcbf39b2ba378eff8eaaeb508d5fdd1798c41c3cccc648d496cd565d2569,bd51247b2464ffc766fceff8338b926800b334095ae8b3da56f4fa3fa03edd26,4b73468fc5b0f1950f9f66fada70ad3a4f9327cb,StatsBomb Open Data via Stage91 + Stage92 verified identity bridge,true,true,false,false,false,false,false,false
290,V. van Dijk,3669,Virgil van Dijk,3753994,25,Southampton,2016-05-15,2,Premier League,27,2015/2016,2,2,0,0.164185568,0.164185568,0.000000000,1,0.024985412,EXACT_FULL_NAME_VIA_VERIFIED_TRANSFER,HIGH,dab8ef74eacd23fee925a3c97b8759859aceaece2b0025026a0847a223d3ac6e,b85e09dc75a0c2a1d22b9652d5f4d5f8fe02806c22dde6e0bb9372f9123a88e3,4b73468fc5b0f1950f9f66fada70ad3a4f9327cb,StatsBomb Open Data via Stage91 + Stage92 verified identity bridge,true,true,false,false,false,false,false,false
290,V. van Dijk,3669,Virgil van Dijk,3753995,25,Southampton,2015-10-03,2,Premier League,27,2015/2016,0,0,0,0.000000000,0.000000000,0.000000000,1,0.031013798,EXACT_FULL_NAME_VIA_VERIFIED_TRANSFER,HIGH,1819bb9318736eab978e4c6e5d5b6f105e4e577a22e61c72030cc73e65f23c8f,86da7c4b9baf9b364a74e397a3ebea4cfb3253ca2a0ec8f1b50f180a19b37a9d,4b73468fc5b0f1950f9f66fada70ad3a4f9327cb,StatsBomb Open Data via Stage91 + Stage92 verified identity bridge,true,true,false,false,false,false,false,false
290,V. van Dijk,3669,Virgil van Dijk,3753998,25,Southampton,2015-12-28,2,Premier League,27,2015/2016,1,1,0,0.046774870,0.046774870,0.000000000,0,0.000000000,EXACT_FULL_NAME_VIA_VERIFIED_TRANSFER,HIGH,1162c9866cf2a5cbaa1c52c762dd982c535156adb37a5032259a5edac287ec03,dc624344920d9ddeb9e18a04b24e81cecc55d452fc7fcd02d1f9e32cfbbce891,4b73468fc5b0f1950f9f66fada70ad3a4f9327cb,StatsBomb Open Data via Stage91 + Stage92 verified identity bridge,true,true,false,false,false,false,false,false
290,V. van Dijk,3669,Virgil van Dijk,3754000,25,Southampton,2015-11-07,2,Premier League,27,2015/2016,1,1,0,0.006067050,0.006067050,0.000000000,0,0.000000000,EXACT_FULL_NAME_VIA_VERIFIED_TRANSFER,HIGH,556d3e5a1c83487cb96a9f311a8b792309fdd85cb941737da512c0383490b576,3dc021864ab9060c4ac1f1eb109c06f60eb7ce3b5522e7f1d49c88f2c354207a,4b73468fc5b0f1950f9f66fada70ad3a4f9327cb,StatsBomb Open Data via Stage91 + Stage92 verified identity bridge,true,true,false,false,false,false,false,false
290,V. van Dijk,3669,Virgil van Dijk,3754011,25,Southampton,2015-09-20,2,Premier League,27,2015/2016,0,0,0,0.000000000,0.000000000,0.000000000,1,0.047635320,EXACT_FULL_NAME_VIA_VERIFIED_TRANSFER,HIGH,d6f9b0b10821fa607edf43e22ff054352fe197f08c3a401bc2d8286158bce3f4,4d11d113293ed7aec1b0f58b0971fb73547165a6fc3e3f4b0d616b701850196e,4b73468fc5b0f1950f9f66fada70ad3a4f9327cb,StatsBomb Open Data via Stage91 + Stage92 verified identity bridge,true,true,false,false,false,false,false,false
290,V. van Dijk,3669,Virgil van Dijk,3754012,25,Southampton,2016-02-27,2,Premier League,27,2015/2016,2,2,0,0.092589642,0.092589642,0.000000000,1,0.394751400,EXACT_FULL_NAME_VIA_VERIFIED_TRANSFER,HIGH,e036b04b45de17500176692450260c96b93f50299fccbe3988f4568476d71381,b35e25d99b702714562f3d9dd61c225adfa6bf8f51243363ccfd8b4d81500180,4b73468fc5b0f1950f9f66fada70ad3a4f9327cb,StatsBomb Open Data via Stage91 + Stage92 verified identity bridge,true,true,false,false,false,false,false,false
290,V. van Dijk,3669,Virgil van Dijk,3754016,25,Southampton,2016-04-09,2,Premier League,27,2015/2016,1,1,0,0.021433160,0.021433160,0.000000000,1,0.150522400,EXACT_FULL_NAME_VIA_VERIFIED_TRANSFER,HIGH,ed8839c4715e856aaabfe8edf7d98d4d41cd26dd7ce925230e678d4e17989891,095c58013ec1f2827b9a0705c658fb5d2342f96c26748155a98f8b480ddfe7fd,4b73468fc5b0f1950f9f66fada70ad3a4f9327cb,StatsBomb Open Data via Stage91 + Stage92 verified identity bridge,true,true,false,false,false,false,false,false
290,V. van Dijk,3669,Virgil van Dijk,3754028,25,Southampton,2015-11-28,2,Premier League,27,2015/2016,1,1,0,0.025508767,0.025508767,0.000000000,0,0.000000000,EXACT_FULL_NAME_VIA_VERIFIED_TRANSFER,HIGH,9bac0310992b8b6b694b6341060697fa2159c0fb8b56fa6aeeceb05047073559,ff3b8ce0386e9b37fba94aba70146ea71ee90335329bc355b368b98806d86c43,4b73468fc5b0f1950f9f66fada70ad3a4f9327cb,StatsBomb Open Data via Stage91 + Stage92 verified identity bridge,true,true,false,false,false,false,false,false
290,V. van Dijk,3669,Virgil van Dijk,3754064,25,Southampton,2016-03-20,2,Premier League,27,2015/2016,2,2,0,0.111327482,0.111327482,0.000000000,0,0.000000000,EXACT_FULL_NAME_VIA_VERIFIED_TRANSFER,HIGH,e9e556c92946852ef8fdf4bbb08e29fc2cc210445640e285b73f819b4cb9a54f,166b51637592df2337ea46e59bc395a8a3d4741984cf41f6e3c6c951077e15fd,4b73468fc5b0f1950f9f66fada70ad3a4f9327cb,StatsBomb Open Data via Stage91 + Stage92 verified identity bridge,true,true,false,false,false,false,false,false
290,V. van Dijk,3669,Virgil van Dijk,3754101,25,Southampton,2016-01-02,2,Premier League,27,2015/2016,1,1,0,0.101128710,0.101128710,0.000000000,0,0.000000000,EXACT_FULL_NAME_VIA_VERIFIED_TRANSFER,HIGH,96f63817fe387c7d6f070ed5e7691bffc9ed8cc924928639e595c9010796f8cf,e0a2fb996ef755d2c48045d045a222bfaaa9538bf3b4c10b92a19ab6cbb8c478,4b73468fc5b0f1950f9f66fada70ad3a4f9327cb,StatsBomb Open Data via Stage91 + Stage92 verified identity bridge,true,true,false,false,false,false,false,false
290,V. van Dijk,3669,Virgil van Dijk,3754113,25,Southampton,2015-12-05,2,Premier League,27,2015/2016,2,2,0,0.214640420,0.214640420,0.000000000,0,0.000000000,EXACT_FULL_NAME_VIA_VERIFIED_TRANSFER,HIGH,388c805c136acfccd2675bd0d5f6f2444e3d2518997725354ee7f700f92005ef,1216ffe98673a04d0e6c59bf748b89da1489b739347782bf719a5e2aafc5709b,4b73468fc5b0f1950f9f66fada70ad3a4f9327cb,StatsBomb Open Data via Stage91 + Stage92 verified identity bridge,true,true,false,false,false,false,false,false
290,V. van Dijk,3669,Virgil van Dijk,3754137,25,Southampton,2016-04-16,2,Premier League,27,2015/2016,1,1,0,0.080075710,0.080075710,0.000000000,0,0.000000000,EXACT_FULL_NAME_VIA_VERIFIED_TRANSFER,HIGH,9f339030188f201ec48c7e1ae3268ad0da4d8e715dde18c7564d7fc060229f37,49af5966a1de59f254876325454cd5cd7bcf676b95d5b4a24e081f54148a28ee,4b73468fc5b0f1950f9f66fada70ad3a4f9327cb,StatsBomb Open Data via Stage91 + Stage92 verified identity bridge,true,true,false,false,false,false,false,false
290,V. van Dijk,3669,Virgil van Dijk,3754164,25,Southampton,2016-03-05,2,Premier League,27,2015/2016,2,2,0,0.240079250,0.240079250,0.000000000,0,0.000000000,EXACT_FULL_NAME_VIA_VERIFIED_TRANSFER,HIGH,5684fc6c11653ec29eeac417fd6771c14be118330228930900fbf9f3b7ba9b55,2c00343d5ff6ef67d0eced14b757ff2d9b48834f68eecd25f87e0365da966fab,4b73468fc5b0f1950f9f66fada70ad3a4f9327cb,StatsBomb Open Data via Stage91 + Stage92 verified identity bridge,true,true,false,false,false,false,false,false
290,V. van Dijk,3669,Virgil van Dijk,3754183,25,Southampton,2016-01-13,2,Premier League,27,2015/2016,0,0,0,0.000000000,0.000000000,0.000000000,1,0.234042500,EXACT_FULL_NAME_VIA_VERIFIED_TRANSFER,HIGH,9ede0398e41a8f8a270db488be4b9522657445618843d7ed7aaee2ab396383e4,8198bc80599300c8cf2dbe5125744edd51351d200485e5ee2560244419566436,4b73468fc5b0f1950f9f66fada70ad3a4f9327cb,StatsBomb Open Data via Stage91 + Stage92 verified identity bridge,true,true,false,false,false,false,false,false
290,V. van Dijk,3669,Virgil van Dijk,3754201,25,Southampton,2016-02-02,2,Premier League,27,2015/2016,0,0,0,0.000000000,0.000000000,0.000000000,1,0.357758070,EXACT_FULL_NAME_VIA_VERIFIED_TRANSFER,HIGH,fa7e510dcb50e35b415c10677d6bee3d2216c76a528c5ca63364a703e6384e80,8f184afe7064cf50cf20c658ef2277ef9d6b02b3df58494493478804d2c968b4,4b73468fc5b0f1950f9f66fada70ad3a4f9327cb,StatsBomb Open Data via Stage91 + Stage92 verified identity bridge,true,true,false,false,false,false,false,false
290,V. van Dijk,3669,Virgil van Dijk,3754218,25,Southampton,2015-12-12,2,Premier League,27,2015/2016,1,1,0,0.017250390,0.017250390,0.000000000,1,0.026598644,EXACT_FULL_NAME_VIA_VERIFIED_TRANSFER,HIGH,b763d34d0a769df66960afb87d7cf3eeb89f32a73c0be386df486c9a00a8a12a,8a7236e4379c7d6f11d37300ebf6d746a427e3ae1d170357d5dfca43471461b3,4b73468fc5b0f1950f9f66fada70ad3a4f9327cb,StatsBomb Open Data via Stage91 + Stage92 verified identity bridge,true,true,false,false,false,false,false,false
290,V. van Dijk,3669,Virgil van Dijk,3754230,25,Southampton,2015-10-25,2,Premier League,27,2015/2016,1,1,0,0.152043030,0.152043030,0.000000000,0,0.000000000,EXACT_FULL_NAME_VIA_VERIFIED_TRANSFER,HIGH,0a3742a72435471bdc6895eb695330e6b2bb305b2b4c330ac2b6a4615667e0c1,26138ac066d6d5c0a32e4a26617120f2d84ba05445bb55772e1a9bb5a13d9ca1,4b73468fc5b0f1950f9f66fada70ad3a4f9327cb,StatsBomb Open Data via Stage91 + Stage92 verified identity bridge,true,true,false,false,false,false,false,false
290,V. van Dijk,3669,Virgil van Dijk,3754282,25,Southampton,2016-04-23,2,Premier League,27,2015/2016,1,1,0,0.069201470,0.069201470,0.000000000,0,0.000000000,EXACT_FULL_NAME_VIA_VERIFIED_TRANSFER,HIGH,7521ca903c42cf0d3a895021444eadf4935dab659bdb937e5ae5fe7e8e947bb1,0e2b556395fbfaf2338f5405dc4fb94954e6ab77c4ad390b7342d1176294ecf1,4b73468fc5b0f1950f9f66fada70ad3a4f9327cb,StatsBomb Open Data via Stage91 + Stage92 verified identity bridge,true,true,false,false,false,false,false,false
290,V. van Dijk,3669,Virgil van Dijk,3754302,25,Southampton,2015-10-17,2,Premier League,27,2015/2016,3,3,0,0.942659978,0.942659978,0.000000000,0,0.000000000,EXACT_FULL_NAME_VIA_VERIFIED_TRANSFER,HIGH,8d2ed6c8dba3516d682fa0020ac239a3003122d8bf3ca4721492e25da262615d,ef17fa3ef8287ec683f2278151d54f099b7a4909522fe0b3084d4b9133a85f76,4b73468fc5b0f1950f9f66fada70ad3a4f9327cb,StatsBomb Open Data via Stage91 + Stage92 verified identity bridge,true,true,false,false,false,false,false,false
290,V. van Dijk,3669,Virgil van Dijk,3754320,25,Southampton,2016-05-01,2,Premier League,27,2015/2016,2,2,0,0.174311105,0.174311105,0.000000000,0,0.000000000,EXACT_FULL_NAME_VIA_VERIFIED_TRANSFER,HIGH,33e6c8e6c5fec8bc3d0d1281fa407726b2c97d09727cef32dcda80a98ff7d82c,4d666aeca99e030a336b1c40685882c9e19735a64f6499dd3850d7620a3521d8,4b73468fc5b0f1950f9f66fada70ad3a4f9327cb,StatsBomb Open Data via Stage91 + Stage92 verified identity bridge,true,true,false,false,false,false,false,false
290,V. van Dijk,3669,Virgil van Dijk,3754325,25,Southampton,2015-09-12,2,Premier League,27,2015/2016,1,1,0,0.131697220,0.131697220,0.000000000,0,0.000000000,EXACT_FULL_NAME_VIA_VERIFIED_TRANSFER,HIGH,a48863bc123ec0a39dcbe6b890d4fc0733c4655d8a494e889ed36ac78e49e289,a60ef23920b74cf522588ab18b56308969b8fab41e3c8dd14e02b5ffedb1f526,4b73468fc5b0f1950f9f66fada70ad3a4f9327cb,StatsBomb Open Data via Stage91 + Stage92 verified identity bridge,true,true,false,false,false,false,false,false
290,V. van Dijk,3669,Virgil van Dijk,3754334,25,Southampton,2016-03-01,2,Premier League,27,2015/2016,1,1,0,0.006276543,0.006276543,0.000000000,0,0.000000000,EXACT_FULL_NAME_VIA_VERIFIED_TRANSFER,HIGH,7a2f63e2cdc872a30dbc2174460a1df55ec5df9784680d14b0a1206039d2f7ca,a4c3b5dab8d33599e705f02910f1dc796c7b23e94156dca53a3e090bf9cbd358,4b73468fc5b0f1950f9f66fada70ad3a4f9327cb,StatsBomb Open Data via Stage91 + Stage92 verified identity bridge,true,true,false,false,false,false,false,false
290,V. van Dijk,3669,Virgil van Dijk,3857285,941,Netherlands,2022-11-21,43,FIFA World Cup,106,2022,2,2,0,0.114081776,0.114081776,0.000000000,0,0.000000000,EXACT_FULL_NAME_VIA_VERIFIED_TRANSFER,HIGH,908e5b4f9b4324fdbb295a13a11c737e25de53541457f99deb876acce01e4675,35bc1ccc42a5a8b9fd9c32b924640f9d12aba7ecbf7bfd3d4dffd0fd5c7e65bd,4b73468fc5b0f1950f9f66fada70ad3a4f9327cb,StatsBomb Open Data via Stage91 + Stage92 verified identity bridge,true,true,false,false,false,false,false,false
290,V. van Dijk,3669,Virgil van Dijk,3857294,941,Netherlands,2022-11-29,43,FIFA World Cup,106,2022,0,0,0,0.000000000,0.000000000,0.000000000,1,0.041132770,EXACT_FULL_NAME_VIA_VERIFIED_TRANSFER,HIGH,abd1c505f199b36e2c9fc31a3eec5f3bec4f215d37e416817f6ad0fc3247c7c9,72146937f60a58bbdceac2debe5694cb88b0a292dd4eadc7bff9748d78f8f1bc,4b73468fc5b0f1950f9f66fada70ad3a4f9327cb,StatsBomb Open Data via Stage91 + Stage92 verified identity bridge,true,true,false,false,false,false,false,false
290,V. van Dijk,3669,Virgil van Dijk,3869117,941,Netherlands,2022-12-03,43,FIFA World Cup,106,2022,1,1,0,0.080367020,0.080367020,0.000000000,1,0.008920797,EXACT_FULL_NAME_VIA_VERIFIED_TRANSFER,HIGH,75ff7f958f169caa32c19194cf9b4f5405c0f23d32bd9d67b73c671e8b1b76fd,7610da69013777bd6117eb955d9d51eb7eb6131a2ae71f5d20b6b7033877a105,4b73468fc5b0f1950f9f66fada70ad3a4f9327cb,StatsBomb Open Data via Stage91 + Stage92 verified identity bridge,true,true,false,false,false,false,false,false
290,V. van Dijk,3669,Virgil van Dijk,3869321,941,Netherlands,2022-12-09,43,FIFA World Cup,106,2022,1,0,1,0.783500000,0.000000000,0.783500000,0,0.000000000,EXACT_FULL_NAME_VIA_VERIFIED_TRANSFER,HIGH,39815a727111c1f4000bc0c2a411a78cf9d6bec9c9d57c77bc5ab0f32e12a761,39a3564279bf533d6d5542489e3d79b45caf1407c05f13123b05a0880309b4b3,4b73468fc5b0f1950f9f66fada70ad3a4f9327cb,StatsBomb Open Data via Stage91 + Stage92 verified identity bridge,true,true,false,false,false,false,false,false
290,V. van Dijk,3669,Virgil van Dijk,3930173,941,Netherlands,2024-06-21,55,UEFA Euro,282,2024,1,1,0,0.024942296,0.024942296,0.000000000,0,0.000000000,EXACT_FULL_NAME_VIA_VERIFIED_TRANSFER,HIGH,4630e4ed7048172e077770ac43c0507351170ddb2a1a50840fe1f71fbc502ffb,f421a57870796c15fd4266b13e1bdfb61c014b7ae0965d2199eb99fe3e70fb63,4b73468fc5b0f1950f9f66fada70ad3a4f9327cb,StatsBomb Open Data via Stage91 + Stage92 verified identity bridge,true,true,false,false,false,false,false,false
290,V. van Dijk,3669,Virgil van Dijk,3930180,941,Netherlands,2024-06-25,55,UEFA Euro,282,2024,1,1,0,0.140792620,0.140792620,0.000000000,0,0.000000000,EXACT_FULL_NAME_VIA_VERIFIED_TRANSFER,HIGH,4caab243b1add1f671a21c298fcf2f577a702bf7fe3aa407a9a70c97617e050f,49a412dbe9f6a2dac5ab639aa0d77a2e3adae819e746ea0b53d986ebdacdffe1,4b73468fc5b0f1950f9f66fada70ad3a4f9327cb,StatsBomb Open Data via Stage91 + Stage92 verified identity bridge,true,true,false,false,false,false,false,false
290,V. van Dijk,3669,Virgil van Dijk,3938637,941,Netherlands,2024-06-16,55,UEFA Euro,282,2024,1,1,0,0.033487294,0.033487294,0.000000000,0,0.000000000,EXACT_FULL_NAME_VIA_VERIFIED_TRANSFER,HIGH,b79f8371045a554eb66e98cc1b5b9ed6d65285c34e1451d940159b880ff1a2f6,ad83e03096240fe52742cb3a0e7ce8e6db403753cf947e23822e112ef41579e1,4b73468fc5b0f1950f9f66fada70ad3a4f9327cb,StatsBomb Open Data via Stage91 + Stage92 verified identity bridge,true,true,false,false,false,false,false,false
290,V. van Dijk,3669,Virgil van Dijk,3941021,941,Netherlands,2024-07-02,55,UEFA Euro,282,2024,1,1,0,0.065895840,0.065895840,0.000000000,3,0.140384262,EXACT_FULL_NAME_VIA_VERIFIED_TRANSFER,HIGH,ec67802c63dde46b817b325b9d917d778d16665bef2ace2737923a85f60e1089,66e23706f9bde7a95a63f9c54ba517b59d73dab63fa5732540329f0d5a895eed,4b73468fc5b0f1950f9f66fada70ad3a4f9327cb,StatsBomb Open Data via Stage91 + Stage92 verified identity bridge,true,true,false,false,false,false,false,false
290,V. van Dijk,3669,Virgil van Dijk,3942819,941,Netherlands,2024-07-10,55,UEFA Euro,282,2024,1,1,0,0.081578740,0.081578740,0.000000000,0,0.000000000,EXACT_FULL_NAME_VIA_VERIFIED_TRANSFER,HIGH,0f784409c62cbadf41b604c3f48335cd8a74326257d25899526fa39a4be36ee9,721bc660915e98aee8095a06fede183f22f7093ff2d93550542d43777a87daa7,4b73468fc5b0f1950f9f66fada70ad3a4f9327cb,StatsBomb Open Data via Stage91 + Stage92 verified identity bridge,true,true,false,false,false,false,false,false
2906,Lee Jae-Sung,5623,Jae-Sung Lee,3857262,791,South Korea,2022-12-02,43,FIFA World Cup,106,2022,1,1,0,0.021393217,0.021393217,0.000000000,0,0.000000000,EXACT_FULL_NAME_VIA_VERIFIED_TRANSFER,HIGH,790870fd0f3937a05118fcfbda191b68aff90f8c933cb01da460c9642f8d56d5,4af8cc92ae3f0e6ff822f283c360d5e2bc86a904737285ba2ef70b8850ac2811,4b73468fc5b0f1950f9f66fada70ad3a4f9327cb,StatsBomb Open Data via Stage91 + Stage92 verified identity bridge,true,true,false,false,false,false,false,false
2906,Lee Jae-Sung,5623,Jae-Sung Lee,3869253,791,South Korea,2022-12-05,43,FIFA World Cup,106,2022,0,0,0,0.000000000,0.000000000,0.000000000,2,0.032488705,EXACT_FULL_NAME_VIA_VERIFIED_TRANSFER,HIGH,98122ccd54cc03acef9f14813a08699c57759816ec6c0f56959c576f9fc8a20a,7e6863fb2b2d7635daa19295b8a3de93676e590237498214cd79be9075ec81c4,4b73468fc5b0f1950f9f66fada70ad3a4f9327cb,StatsBomb Open Data via Stage91 + Stage92 verified identity bridge,true,true,false,false,false,false,false,false
2906,Lee Jae-Sung,5623,Jae-Sung Lee,3895250,177,FSV Mainz 05,2024-02-23,9,1. Bundesliga,281,2023/2024,2,2,0,0.425109445,0.425109445,0.000000000,1,0.028864658,EXACT_FULL_NAME_VIA_VERIFIED_TRANSFER,HIGH,d8d1338c4ed4dd629749fee56198319799c451a7c67112696966d2a819ccceba,a30ed91a22ef21a450b1bd0259d60ce31479b1bd95c6c3808d0d365d96c78cd1,4b73468fc5b0f1950f9f66fada70ad3a4f9327cb,StatsBomb Open Data via Stage91 + Stage92 verified identity bridge,true,true,false,false,false,false,false,false
2906,Lee Jae-Sung,5623,Jae-Sung Lee,7538,791,South Korea,2018-06-18,43,FIFA World Cup,3,2018,1,1,0,0.041962028,0.041962028,0.000000000,0,0.000000000,EXACT_FULL_NAME_VIA_VERIFIED_TRANSFER,HIGH,74ea085c961decf6b3aee8b97c9b9b3ab5446edfaf0d459d91a6ff9f95a5714e,312faa1fc79cfe7f14f2ed52a77ccac67c2bf6df1a80aaf407a4d6d31e93b84e,4b73468fc5b0f1950f9f66fada70ad3a4f9327cb,StatsBomb Open Data via Stage91 + Stage92 verified identity bridge,true,true,false,false,false,false,false,false
2906,Lee Jae-Sung,5623,Jae-Sung Lee,7553,791,South Korea,2018-06-23,43,FIFA World Cup,3,2018,3,3,0,0.110557923,0.110557923,0.000000000,2,0.041923129,EXACT_FULL_NAME_VIA_VERIFIED_TRANSFER,HIGH,40e7f3987484cb950af03e20d6b4ada2a608fa6df2568b5b3b598931b459c29b,e688a21c155ce614073b8a7726b261a2cdf0240a1237ff87ba85e74bf05ce3ed,4b73468fc5b0f1950f9f66fada70ad3a4f9327cb,StatsBomb Open Data via Stage91 + Stage92 verified identity bridge,true,true,false,false,false,false,false,false
2906,Lee Jae-Sung,5623,Jae-Sung Lee,7567,791,South Korea,2018-06-27,43,FIFA World Cup,3,2018,1,1,0,0.037488606,0.037488606,0.000000000,2,0.099983032,EXACT_FULL_NAME_VIA_VERIFIED_TRANSFER,HIGH,4de8f39bfd91f45a1f6e6cfdd5d5ee977f349cfbf29fd368469e8e93426ae52c,00ad868842859a43509ee83ba7d263bf43ee85cba637d7f3cfb69782a41ec34c,4b73468fc5b0f1950f9f66fada70ad3a4f9327cb,StatsBomb Open Data via Stage91 + Stage92 verified identity bridge,true,true,false,false,false,false,false,false
2915,M. Ginter,8808,Matthias Ginter,3788774,770,Germany,2021-06-23,55,UEFA Euro,43,2020,1,1,0,0.269360500,0.269360500,0.000000000,1,0.013726477,EXACT_FULL_NAME_VIA_VERIFIED_TRANSFER,HIGH,0186462724b398941b517d7728d840b3fb784536157008751238e22e676cd0b5,8e3ddec494cd1e7015ceca77f59ac3a6494839b37b5ade9cba73617b758ae14d,4b73468fc5b0f1950f9f66fada70ad3a4f9327cb,StatsBomb Open Data via Stage91 + Stage92 verified identity bridge,true,true,false,false,false,false,false,false
2915,M. Ginter,8808,Matthias Ginter,3890275,180,Borussia Dortmund,,,,,,1,1,0,0.263759550,0.263759550,0.000000000,0,0.000000000,EXACT_FULL_NAME_VIA_VERIFIED_TRANSFER,HIGH,317d05edf10b401f35271b651e8c33ea2aa13e89ffc8799ae840192312b3790a,6882ab0bab8c09cf20f84af7e5f24a40747f60b81139a14601c43731f60e59b5,4b73468fc5b0f1950f9f66fada70ad3a4f9327cb,StatsBomb Open Data via Stage91 + Stage92 verified identity bridge,true,true,false,false,false,false,false,false
2915,M. Ginter,8808,Matthias Ginter,3890284,180,Borussia Dortmund,,,,,,1,1,0,0.043403618,0.043403618,0.000000000,1,0.617727460,EXACT_FULL_NAME_VIA_VERIFIED_TRANSFER,HIGH,7c4bf3d972f7e307e03d7d0eb0772389bbcb377d5b00d4c148bd3842a63c02c4,0945aaa2e34c81a35039a53848ef04bd10940e95b012144197597561aba6c732,4b73468fc5b0f1950f9f66fada70ad3a4f9327cb,StatsBomb Open Data via Stage91 + Stage92 verified identity bridge,true,true,false,false,false,false,false,false
2915,M. Ginter,8808,Matthias Ginter,3890292,180,Borussia Dortmund,,,,,,2,2,0,0.077016190,0.077016190,0.000000000,4,0.177362727,EXACT_FULL_NAME_VIA_VERIFIED_TRANSFER,HIGH,485a217aed10115bd6ec6ff0cdf86f430b3214398c1a8e53e628b9e864eb5887,44db224115ad7b64ccee06b180777762c71af5184421d21fae774f95fb035211,4b73468fc5b0f1950f9f66fada70ad3a4f9327cb,StatsBomb Open Data via Stage91 + Stage92 verified identity bridge,true,true,false,false,false,false,false,false
2915,M. Ginter,8808,Matthias Ginter,3890301,180,Borussia Dortmund,2015-09-20,9,1. Bundesliga,27,2015/2016,1,1,0,0.024046374,0.024046374,0.000000000,0,0.000000000,EXACT_FULL_NAME_VIA_VERIFIED_TRANSFER,HIGH,6829098fc5dc4e70169812f23d9438da4a14b38acedd16ca0d378ebc2a9800a2,0c019bb83d934ef363b11f491b7e7c4ddfa9658e2ac9677e0a9fc7d367954eff,4b73468fc5b0f1950f9f66fada70ad3a4f9327cb,StatsBomb Open Data via Stage91 + Stage92 verified identity bridge,true,true,false,false,false,false,false,false
2915,M. Ginter,8808,Matthias Ginter,3890310,180,Borussia Dortmund,,,,,,0,0,0,0.000000000,0.000000000,0.000000000,2,0.105713580,EXACT_FULL_NAME_VIA_VERIFIED_TRANSFER,HIGH,fe2235a6e5a156bb40c74d493706a1d944bc09964907bfc46ce6aabc05835797,b073ac7a77e06c32a2f3dbb98e32be77cf23c9af1830fe0d5684eded33cce519,4b73468fc5b0f1950f9f66fada70ad3a4f9327cb,StatsBomb Open Data via Stage91 + Stage92 verified identity bridge,true,true,false,false,false,false,false,false
2915,M. Ginter,8808,Matthias Ginter,3890321,180,Borussia Dortmund,,,,,,0,0,0,0.000000000,0.000000000,0.000000000,1,0.279740040,EXACT_FULL_NAME_VIA_VERIFIED_TRANSFER,HIGH,fe9a786ea4c645c6cb3e2194a04dd9928f69cba3d427c4e3d362768fc7b9e026,3c874cbac3ceff8f7df0df4d1eadb162efc541dfc5fef7b8fa0fe597465881c5,4b73468fc5b0f1950f9f66fada70ad3a4f9327cb,StatsBomb Open Data via Stage91 + Stage92 verified identity bridge,true,true,false,false,false,false,false,false
2915,M. Ginter,8808,Matthias Ginter,3890331,180,Borussia Dortmund,,,,,,0,0,0,0.000000000,0.000000000,0.000000000,1,0.435126720,EXACT_FULL_NAME_VIA_VERIFIED_TRANSFER,HIGH,0a489dfa8ff473955bf462da10fbef814aa664d5c134e13795f4f5f18f49ccf0,2688d28848d1cb6926bf3ff12c34708e1ae78927d1929782849a3130959e4be3,4b73468fc5b0f1950f9f66fada70ad3a4f9327cb,StatsBomb Open Data via Stage91 + Stage92 verified identity bridge,true,true,false,false,false,false,false,false
2915,M. Ginter,8808,Matthias Ginter,3890347,180,Borussia Dortmund,,,,,,1,1,0,0.028687103,0.028687103,0.000000000,0,0.000000000,EXACT_FULL_NAME_VIA_VERIFIED_TRANSFER,HIGH,9910207dcd81926447312ce49ed6b750522ec67ac27bb3a99c9c576d29cceb91,7043c304a7e16333424b0be955508c46cbe789feae31263feaada421d720c548,4b73468fc5b0f1950f9f66fada70ad3a4f9327cb,StatsBomb Open Data via Stage91 + Stage92 verified identity bridge,true,true,false,false,false,false,false,false
2915,M. Ginter,8808,Matthias Ginter,3890365,180,Borussia Dortmund,,,,,,2,2,0,0.137440696,0.137440696,0.000000000,2,0.573494216,EXACT_FULL_NAME_VIA_VERIFIED_TRANSFER,HIGH,c82b0f129c8d8818d601e1ef559d9398a778d4ae67c669d1a3ff410840f0f76f,824f9f3b517125cb6134700b436be45cbee553eb1a3e2ef01be0545056a1e484,4b73468fc5b0f1950f9f66fada70ad3a4f9327cb,StatsBomb Open Data via Stage91 + Stage92 verified identity bridge,true,true,false,false,false,false,false,false
2915,M. Ginter,8808,Matthias Ginter,3890367,180,Borussia Dortmund,,,,,,1,1,0,0.070145560,0.070145560,0.000000000,0,0.000000000,EXACT_FULL_NAME_VIA_VERIFIED_TRANSFER,HIGH,5f3bb4fb9d000f78bd30503a220f3fa731d1190f90c7a44c167fe55b224994e1,1964ebacf134bf3ea8fdf4652baa3ba7065ffe200a8a440fc9165c3f29e95616,4b73468fc5b0f1950f9f66fada70ad3a4f9327cb,StatsBomb Open Data via Stage91 + Stage92 verified identity bridge,true,true,false,false,false,false,false,false
2915,M. Ginter,8808,Matthias Ginter,3890388,180,Borussia Dortmund,,,,,,1,1,0,0.098841800,0.098841800,0.000000000,0,0.000000000,EXACT_FULL_NAME_VIA_VERIFIED_TRANSFER,HIGH,8ab17658beb4c28f8a0a01e3319dc12a5419db12dee8fad0b40b9500b88e445f,ffe7f5d0567166754afaba9599d3a4f78a4c1238171046d913b9e402c134e69d,4b73468fc5b0f1950f9f66fada70ad3a4f9327cb,StatsBomb Open Data via Stage91 + Stage92 verified identity bridge,true,true,false,false,false,false,false,false
2915,M. Ginter,8808,Matthias Ginter,3890406,180,Borussia Dortmund,,,,,,2,2,0,0.037829136,0.037829136,0.000000000,1,0.123101920,EXACT_FULL_NAME_VIA_VERIFIED_TRANSFER,HIGH,4bf215487592ebd244fe56ff2304c1a444f4c91553bd2f9299ffc1a560176b79,12bf15ecfa1dd93dd4080ca394d85c78abc3ab2cb6de39fcc164365b16214d2b,4b73468fc5b0f1950f9f66fada70ad3a4f9327cb,StatsBomb Open Data via Stage91 + Stage92 verified identity bridge,true,true,false,false,false,false,false,false
2915,M. Ginter,8808,Matthias Ginter,3890456,180,Borussia Dortmund,2016-02-21,9,1. Bundesliga,27,2015/2016,1,1,0,0.030112157,0.030112157,0.000000000,1,0.326366630,EXACT_FULL_NAME_VIA_VERIFIED_TRANSFER,HIGH,47a19305713731b2eba6cbe5f9b21fc3d967340c877e693cd628e43e50a284d8,e47be4e7ee93977cfe5f9e26b4c61570fbf337e162a9f8a27ebce171384e8829,4b73468fc5b0f1950f9f66fada70ad3a4f9327cb,StatsBomb Open Data via Stage91 + Stage92 verified identity bridge,true,true,false,false,false,false,false,false
2915,M. Ginter,8808,Matthias Ginter,3890468,180,Borussia Dortmund,,,,,,1,1,0,0.063148550,0.063148550,0.000000000,1,0.029303102,EXACT_FULL_NAME_VIA_VERIFIED_TRANSFER,HIGH,4d657ce824f6e2cfe7ece720e4d2ff498e97a1b7431d5963601479c5d44e58ad,3642117e76f5539981e17030d0b8f57574a6ccc14b16f9b49d2f3b41b81f9cef,4b73468fc5b0f1950f9f66fada70ad3a4f9327cb,StatsBomb Open Data via Stage91 + Stage92 verified identity bridge,true,true,false,false,false,false,false,false
2915,M. Ginter,8808,Matthias Ginter,3890518,180,Borussia Dortmund,,,,,,2,2,0,0.265068527,0.265068527,0.000000000,1,0.087137500,EXACT_FULL_NAME_VIA_VERIFIED_TRANSFER,HIGH,049cc6f3515aecabc8d297c02f39cc73e50d9f6755061d735ab40a29a0364422,4c4a0fede95e4cf45a96c501d38e506d26aea9d397034d7c5433ac737a288586,4b73468fc5b0f1950f9f66fada70ad3a4f9327cb,StatsBomb Open Data via Stage91 + Stage92 verified identity bridge,true,true,false,false,false,false,false,false
2915,M. Ginter,8808,Matthias Ginter,3890528,180,Borussia Dortmund,,,,,,1,1,0,0.044371340,0.044371340,0.000000000,0,0.000000000,EXACT_FULL_NAME_VIA_VERIFIED_TRANSFER,HIGH,6529efeb778123abf3461085734a3538725bf45dcf2fb269334a768a30c5345c,15247e6aebdcf0268fa6bc8befae926374c04c3f6b9704a673921560a170ab79,4b73468fc5b0f1950f9f66fada70ad3a4f9327cb,StatsBomb Open Data via Stage91 + Stage92 verified identity bridge,true,true,false,false,false,false,false,false
2915,M. Ginter,8808,Matthias Ginter,3890530,180,Borussia Dortmund,,,,,,0,0,0,0.000000000,0.000000000,0.000000000,1,0.054714937,EXACT_FULL_NAME_VIA_VERIFIED_TRANSFER,HIGH,f0d198cd4aec1e75b994e23107f5228d035763676bdb831d29639beb5f7ffd03,1aec6c000808f89aca995b69cf3571c9fc0febb9ce7fb8cb99b476f2fe5edc36,4b73468fc5b0f1950f9f66fada70ad3a4f9327cb,StatsBomb Open Data via Stage91 + Stage92 verified identity bridge,true,true,false,false,false,false,false,false
2915,M. Ginter,8808,Matthias Ginter,3890562,180,Borussia Dortmund,,,,,,0,0,0,0.000000000,0.000000000,0.000000000,1,0.029276852,EXACT_FULL_NAME_VIA_VERIFIED_TRANSFER,HIGH,c3f179855902b0fbdf6ad98b974a88f5c82b8078f42fb7181d816d5bfa31ebf4,7f53d042974760f78d3a57610e58aacf7fc6a9e38a56f0e27cf8d15aa17338e1,4b73468fc5b0f1950f9f66fada70ad3a4f9327cb,StatsBomb Open Data via Stage91 + Stage92 verified identity bridge,true,true,false,false,false,false,false,false
2917,M. Eggestein,8401,Maximilian Eggestein,3890268,176,Werder Bremen,,,,,,0,0,0,0.000000000,0.000000000,0.000000000,1,0.015776569,EXACT_FULL_NAME_VIA_VERIFIED_TRANSFER,HIGH,997ce7c64cafcaf70ada0c5a417130b16c0ee1382ff71c8c1e54d1915eae7e5d,d9767da79b1067f403656f15e923f6bd2dfef25c1d18127d131ec1f21db304e8,4b73468fc5b0f1950f9f66fada70ad3a4f9327cb,StatsBomb Open Data via Stage91 + Stage92 verified identity bridge,true,true,false,false,false,false,false,false
2917,M. Eggestein,8401,Maximilian Eggestein,3890325,176,Werder Bremen,,,,,,1,1,0,0.055144860,0.055144860,0.000000000,1,0.070374120,EXACT_FULL_NAME_VIA_VERIFIED_TRANSFER,HIGH,49266a0ae11bb590f594887c36b49a017bba9672d832b922d084347ba9946311,40e98e5357a989d2746127b815ad438ae66dcf24bc8bf92fd7facd1b1442113a,4b73468fc5b0f1950f9f66fada70ad3a4f9327cb,StatsBomb Open Data via Stage91 + Stage92 verified identity bridge,true,true,false,false,false,false,false,false
2917,M. Eggestein,8401,Maximilian Eggestein,3890344,176,Werder Bremen,,,,,,0,0,0,0.000000000,0.000000000,0.000000000,2,0.218919315,EXACT_FULL_NAME_VIA_VERIFIED_TRANSFER,HIGH,b471e48623811328f14a82188e0555c2aec4d4e689aaff3cdac077e6d9f84b8e,ee0c5b1aa4cacfa1c720d2336481a72795bf5d61b5d56d54997bafaaf0ca1f73,4b73468fc5b0f1950f9f66fada70ad3a4f9327cb,StatsBomb Open Data via Stage91 + Stage92 verified identity bridge,true,true,false,false,false,false,false,false
2917,M. Eggestein,8401,Maximilian Eggestein,3890557,176,Werder Bremen,,,,,,1,1,0,0.057216120,0.057216120,0.000000000,0,0.000000000,EXACT_FULL_NAME_VIA_VERIFIED_TRANSFER,HIGH,ea92ec862357cad6cd6f3d7f7ef0110ada11e6f6b3d8841a42f2976d35202227,e914861365411368d68ea339de0c71772509eb72b92e9dc7fdaa90645ba70903,4b73468fc5b0f1950f9f66fada70ad3a4f9327cb,StatsBomb Open Data via Stage91 + Stage92 verified identity bridge,true,true,false,false,false,false,false,false
2937,D. Rice,3943,Declan Rice,3794688,768,England,2021-06-29,55,UEFA Euro,43,2020,0,0,0,0.000000000,0.000000000,0.000000000,1,0.030664481,EXACT_FULL_NAME_VIA_VERIFIED_TRANSFER,HIGH,3f6193f2e807d49993d61ccaf1fe873829d25e418c8586c22c3e7c827fe2b13b,1050c9a0730989bddf32f594dca840b52374632a399aad1b13be6e748da9c1a9,4b73468fc5b0f1950f9f66fada70ad3a4f9327cb,StatsBomb Open Data via Stage91 + Stage92 verified identity bridge,true,true,false,false,false,false,false,false
2937,D. Rice,3943,Declan Rice,3795187,768,England,2021-07-03,55,UEFA Euro,43,2020,1,1,0,0.034906770,0.034906770,0.000000000,0,0.000000000,EXACT_FULL_NAME_VIA_VERIFIED_TRANSFER,HIGH,5ffb6ae05b52f4fad192fc287eb0742d9eee9cc66406bbd70ab37c44fda9b1e9,0a5de781cebf3dd86d783dafb4ca0bd5b0c3537fb338e4bbce6691921e15c347,4b73468fc5b0f1950f9f66fada70ad3a4f9327cb,StatsBomb Open Data via Stage91 + Stage92 verified identity bridge,true,true,false,false,false,false,false,false
2937,D. Rice,3943,Declan Rice,3869354,768,England,2022-12-10,43,FIFA World Cup,106,2022,0,0,0,0.000000000,0.000000000,0.000000000,1,0.018916143,EXACT_FULL_NAME_VIA_VERIFIED_TRANSFER,HIGH,8265fc25d5a6026f8de93363f3e39f406be7c01c40eea1c03e51181fcf571950,ff8125681456581146fd1a7fb88dfba8340d2c316a9af8a98fd954f1ba903bce,4b73468fc5b0f1950f9f66fada70ad3a4f9327cb,StatsBomb Open Data via Stage91 + Stage92 verified identity bridge,true,true,false,false,false,false,false,false
2937,D. Rice,3943,Declan Rice,3930163,768,England,2024-06-16,55,UEFA Euro,282,2024,0,0,0,0.000000000,0.000000000,0.000000000,1,0.023010701,EXACT_FULL_NAME_VIA_VERIFIED_TRANSFER,HIGH,ec091ef38112af3bdc3afb3d0cb5273775248c8d4945a74579331d4e3ef453c5,767e42347cc9cc53d3b6420c01b6294dfdf6fe2d7af106e1a0433db1f2c9ccc9,4b73468fc5b0f1950f9f66fada70ad3a4f9327cb,StatsBomb Open Data via Stage91 + Stage92 verified identity bridge,true,true,false,false,false,false,false,false
2937,D. Rice,3943,Declan Rice,3930171,768,England,2024-06-20,55,UEFA Euro,282,2024,1,1,0,0.021318365,0.021318365,0.000000000,0,0.000000000,EXACT_FULL_NAME_VIA_VERIFIED_TRANSFER,HIGH,134d6ea15f8cd8e73743fb5fb037988f79612dd68f993a3bbe819d5542ad34bc,5cbafbf6a6b76cd6af75e862ce8a653f0ae3c5c8106cd493d0162d39bb839d6b,4b73468fc5b0f1950f9f66fada70ad3a4f9327cb,StatsBomb Open Data via Stage91 + Stage92 verified identity bridge,true,true,false,false,false,false,false,false
2937,D. Rice,3943,Declan Rice,3930181,768,England,2024-06-25,55,UEFA Euro,282,2024,1,1,0,0.035136804,0.035136804,0.000000000,2,0.062829636,EXACT_FULL_NAME_VIA_VERIFIED_TRANSFER,HIGH,f881efdf3a8a409d73372f65979c69422c8ee8b93ec20db9e78ac6d7051d8c81,4e11deb8334f781107d2c7a98f7f3b7858e105b8b64184b2a5a80d99b09d4643,4b73468fc5b0f1950f9f66fada70ad3a4f9327cb,StatsBomb Open Data via Stage91 + Stage92 verified identity bridge,true,true,false,false,false,false,false,false
2937,D. Rice,3943,Declan Rice,3941017,768,England,2024-06-30,55,UEFA Euro,282,2024,2,2,0,0.066741279,0.066741279,0.000000000,0,0.000000000,EXACT_FULL_NAME_VIA_VERIFIED_TRANSFER,HIGH,0337c1f0e8566dd3a28a70dc95ef8a7fee1cfa0cddcf6475b0b71d81cd61ec37,1632a7f9d0de3d3cb441b634af76676916ddde48ee2b1bf9323083f7a4075c11,4b73468fc5b0f1950f9f66fada70ad3a4f9327cb,StatsBomb Open Data via Stage91 + Stage92 verified identity bridge,true,true,false,false,false,false,false,false
2937,D. Rice,3943,Declan Rice,3942227,768,England,2024-07-06,55,UEFA Euro,282,2024,2,2,0,0.057292543,0.057292543,0.000000000,1,0.027096223,EXACT_FULL_NAME_VIA_VERIFIED_TRANSFER,HIGH,64d09b542b1c23fe991c8fdcc19d98e70fe52a7f370908f2eae42c3e558fcf27,cdea56bfb63d25fa0585e6d6583a9b15d4e898d33ee6c27af30b9499ff3d91a0,4b73468fc5b0f1950f9f66fada70ad3a4f9327cb,StatsBomb Open Data via Stage91 + Stage92 verified identity bridge,true,true,false,false,false,false,false,false
2937,D. Rice,3943,Declan Rice,3943043,768,England,2024-07-14,55,UEFA Euro,282,2024,3,3,0,0.212219465,0.212219465,0.000000000,0,0.000000000,EXACT_FULL_NAME_VIA_VERIFIED_TRANSFER,HIGH,34e81ae99354060b2684a7466477260c5eefc24ed6ebcd6e8cb66066a2b8b282,99e8db5e9cf3e73dd71d360022be8e98f3922a8eed820e76844b0517a7a77e7c,4b73468fc5b0f1950f9f66fada70ad3a4f9327cb,StatsBomb Open Data via Stage91 + Stage92 verified identity bridge,true,true,false,false,false,false,false,false
295026,M. Baturina,63505,Martin Baturina,3930167,785,Croatia,2024-06-19,55,UEFA Euro,282,2024,1,1,0,0.018151348,0.018151348,0.000000000,0,0.000000000,EXACT_FULL_NAME_VIA_VERIFIED_TRANSFER,HIGH,e3ede5474013b1d1e4120c24df3d5d9d04430da45b801346a215c00872ed523e,5f0b4d2e0b2e526ebc316007521d2fb73e4b247bb729168811a2e0ebea7e9f0e,4b73468fc5b0f1950f9f66fada70ad3a4f9327cb,StatsBomb Open Data via Stage91 + Stage92 verified identity bridge,true,true,false,false,false,false,false,false
3012,Kamil Grosicki,5667,Kamil Grosicki,3829429,134,Rennes,2015-08-15,7,Ligue 1,27,2015/2016,2,2,0,0.138753879,0.138753879,0.000000000,0,0.000000000,EXACT_FULL_NAME_VIA_VERIFIED_TRANSFER,HIGH,d574b72d7e474cc9ff8fb043b4a715a66ab9c9b31b48f111bc225d52fc236385,55fd45726778865c29142918dc975ceeba7fab3e07231690548e3b9e2d7b6bb9,4b73468fc5b0f1950f9f66fada70ad3a4f9327cb,StatsBomb Open Data via Stage91 + Stage92 verified identity bridge,true,true,false,false,false,false,false,false
3012,Kamil Grosicki,5667,Kamil Grosicki,3829449,134,Rennes,2015-08-29,7,Ligue 1,27,2015/2016,1,1,0,0.082230050,0.082230050,0.000000000,3,0.261423686,EXACT_FULL_NAME_VIA_VERIFIED_TRANSFER,HIGH,06ec4e1bed78d3253fc3db1905caae1ede88a94c39403f2b59d8ed2e33894180,4b186eaa7db10497f6dfccfb00fc41a53216c78eb4c35608a40839c6cf97bcf0,4b73468fc5b0f1950f9f66fada70ad3a4f9327cb,StatsBomb Open Data via Stage91 + Stage92 verified identity bridge,true,true,false,false,false,false,false,false
3012,Kamil Grosicki,5667,Kamil Grosicki,3829463,134,Rennes,2015-09-18,7,Ligue 1,27,2015/2016,1,1,0,0.013065994,0.013065994,0.000000000,0,0.000000000,EXACT_FULL_NAME_VIA_VERIFIED_TRANSFER,HIGH,1698a1ee9ebc3322895b455694c9b0fd797d5701718eb8ac9e3ffd7723d01b03,b73f049ebd1433d3f6c86327cf35396eb891360f5779f561090d58996a32a288,4b73468fc5b0f1950f9f66fada70ad3a4f9327cb,StatsBomb Open Data via Stage91 + Stage92 verified identity bridge,true,true,false,false,false,false,false,false
3012,Kamil Grosicki,5667,Kamil Grosicki,3829478,134,Rennes,2015-09-23,7,Ligue 1,27,2015/2016,3,3,0,0.084468591,0.084468591,0.000000000,1,0.376854100,EXACT_FULL_NAME_VIA_VERIFIED_TRANSFER,HIGH,a33928fa82cbf1c9cde49fd48e328c927baa51e1079b5b87751ffbfe8cfaa556,e22e87349c2cc8d31bd2ea49187433b35787742dec7300ed9cedbbdabf3eb42a,4b73468fc5b0f1950f9f66fada70ad3a4f9327cb,StatsBomb Open Data via Stage91 + Stage92 verified identity bridge,true,true,false,false,false,false,false,false
3012,Kamil Grosicki,5667,Kamil Grosicki,3829485,134,Rennes,2015-09-26,7,Ligue 1,27,2015/2016,2,2,0,0.481718030,0.481718030,0.000000000,1,0.065071724,EXACT_FULL_NAME_VIA_VERIFIED_TRANSFER,HIGH,b162338e4d32c2e87f8ac86505747b56ea4967cd85a173d7e53c1d5f42c4925e,a004410df87ec8f64a101504613f99ae001a8a2b4eccb6596525ff97280e3268,4b73468fc5b0f1950f9f66fada70ad3a4f9327cb,StatsBomb Open Data via Stage91 + Stage92 verified identity bridge,true,true,false,false,false,false,false,false
3012,Kamil Grosicki,5667,Kamil Grosicki,3829510,134,Rennes,2015-10-18,7,Ligue 1,27,2015/2016,4,4,0,0.354637820,0.354637820,0.000000000,0,0.000000000,EXACT_FULL_NAME_VIA_VERIFIED_TRANSFER,HIGH,90a72e4e66c1ef5a3133d971e506c0fe38ca9db6d1ec9555e24d7cf08dbfdfcf,6bf5355b5a98bd00205c0250d769e004f522e5406e1d3addb4862cc0e2fbabeb,4b73468fc5b0f1950f9f66fada70ad3a4f9327cb,StatsBomb Open Data via Stage91 + Stage92 verified identity bridge,true,true,false,false,false,false,false,false
3012,Kamil Grosicki,5667,Kamil Grosicki,3829516,134,Rennes,2015-10-24,7,Ligue 1,27,2015/2016,2,2,0,0.289550294,0.289550294,0.000000000,1,0.101831830,EXACT_FULL_NAME_VIA_VERIFIED_TRANSFER,HIGH,7a28e32428d523175eeda306990755dd47795451f480f5084e2bacf546245d67,278e0db71595b4b6f9bcb42da656b90bdb4ca3ec916bd09ad6ed6469215c2f03,4b73468fc5b0f1950f9f66fada70ad3a4f9327cb,StatsBomb Open Data via Stage91 + Stage92 verified identity bridge,true,true,false,false,false,false,false,false
3012,Kamil Grosicki,5667,Kamil Grosicki,3869152,789,Poland,2022-12-04,43,FIFA World Cup,106,2022,0,0,0,0.000000000,0.000000000,0.000000000,1,0.104433080,EXACT_FULL_NAME_VIA_VERIFIED_TRANSFER,HIGH,6ffedffd88c1f4610eca41aaba0ed6b132758dd37150da1fd2c2ac2183256ae5,07c4a510d96bce66747ed9bac03fc4477fefdd3610fba3cda919b040564f7a4a,4b73468fc5b0f1950f9f66fada70ad3a4f9327cb,StatsBomb Open Data via Stage91 + Stage92 verified identity bridge,true,true,false,false,false,false,false,false
3012,Kamil Grosicki,5667,Kamil Grosicki,3900500,134,Rennes,2015-11-06,7,Ligue 1,27,2015/2016,3,3,0,0.168231643,0.168231643,0.000000000,0,0.000000000,EXACT_FULL_NAME_VIA_VERIFIED_TRANSFER,HIGH,9d0c89b0e2d78c41247c123ee9c9ce74d927611a5d61c14aa4f8b437edb7c501,211f4ed5a60787f1bb35ee751edf97f256818e93634d87625ec359bf502cb577,4b73468fc5b0f1950f9f66fada70ad3a4f9327cb,StatsBomb Open Data via Stage91 + Stage92 verified identity bridge,true,true,false,false,false,false,false,false
3012,Kamil Grosicki,5667,Kamil Grosicki,3900519,134,Rennes,2015-11-22,7,Ligue 1,27,2015/2016,1,1,0,0.052710533,0.052710533,0.000000000,1,0.099690870,EXACT_FULL_NAME_VIA_VERIFIED_TRANSFER,HIGH,d19f06d38b3aa8099395bd36f6d08089dc571495d9034321b73f3331e1dc6ef1,3af7c1f824fb631a32cdd5565b0261dce807bbd59ff0eef1d70fae95942dc713,4b73468fc5b0f1950f9f66fada70ad3a4f9327cb,StatsBomb Open Data via Stage91 + Stage92 verified identity bridge,true,true,false,false,false,false,false,false
3012,Kamil Grosicki,5667,Kamil Grosicki,3900523,134,Rennes,2015-11-28,7,Ligue 1,27,2015/2016,2,2,0,0.314126342,0.314126342,0.000000000,2,0.436522356,EXACT_FULL_NAME_VIA_VERIFIED_TRANSFER,HIGH,8f3f3e119e8883a2a021fdb5e8c16c809476fcb2a60ea94aa7c5c1865d8d0f4f,7b0c7917b46ef9d515ab0390c80721dedc1d6239494678ddc5bfbb22b1c24fa5,4b73468fc5b0f1950f9f66fada70ad3a4f9327cb,StatsBomb Open Data via Stage91 + Stage92 verified identity bridge,true,true,false,false,false,false,false,false
3012,Kamil Grosicki,5667,Kamil Grosicki,3900539,134,Rennes,2015-12-03,7,Ligue 1,27,2015/2016,1,1,0,0.042180670,0.042180670,0.000000000,1,0.222775790,EXACT_FULL_NAME_VIA_VERIFIED_TRANSFER,HIGH,aaf64f1e75a0c31b73ef5f3d1cd57df569e5dbcd4d038c72876cfff912a8891a,020d6d1f89e07d480cfe20fa6bdde2e2cbcb92d3893aa4a66ce4441c3d9696d7,4b73468fc5b0f1950f9f66fada70ad3a4f9327cb,StatsBomb Open Data via Stage91 + Stage92 verified identity bridge,true,true,false,false,false,false,false,false
3012,Kamil Grosicki,5667,Kamil Grosicki,3900550,134,Rennes,2015-12-11,7,Ligue 1,27,2015/2016,3,3,0,0.151271094,0.151271094,0.000000000,1,0.148744930,EXACT_FULL_NAME_VIA_VERIFIED_TRANSFER,HIGH,0a1da7e9a57e2daf96c19e9e3623547eff2fea4519537abc426c3ee37661535e,6508467d6b39005494c2de0ade1015156545e1efd9d91588e96b3aa0fa3874e5,4b73468fc5b0f1950f9f66fada70ad3a4f9327cb,StatsBomb Open Data via Stage91 + Stage92 verified identity bridge,true,true,false,false,false,false,false,false
3012,Kamil Grosicki,5667,Kamil Grosicki,3900583,134,Rennes,2016-01-16,7,Ligue 1,27,2015/2016,3,3,0,0.268908395,0.268908395,0.000000000,0,0.000000000,EXACT_FULL_NAME_VIA_VERIFIED_TRANSFER,HIGH,d4b41af3f942ddd8be8ae92dd0c68bb95c1fc1b609ccbaa95f3bd649ab0300dc,d5c3724f52ea6825cd5474388d8c7b0c48c51048a431657b5daac4c40edb4dd4,4b73468fc5b0f1950f9f66fada70ad3a4f9327cb,StatsBomb Open Data via Stage91 + Stage92 verified identity bridge,true,true,false,false,false,false,false,false
3012,Kamil Grosicki,5667,Kamil Grosicki,3900609,134,Rennes,2016-01-31,7,Ligue 1,27,2015/2016,1,1,0,0.175688420,0.175688420,0.000000000,0,0.000000000,EXACT_FULL_NAME_VIA_VERIFIED_TRANSFER,HIGH,8f280a068403df31f99d97c0b5e8be3756c53b8f7b4b8dcec47d5e435ec06930,6a5f163f30895feadaab6b160ca1775df3ab6245bf70a387d592d85667d38895,4b73468fc5b0f1950f9f66fada70ad3a4f9327cb,StatsBomb Open Data via Stage91 + Stage92 verified identity bridge,true,true,false,false,false,false,false,false
3012,Kamil Grosicki,5667,Kamil Grosicki,3900619,134,Rennes,2016-02-04,7,Ligue 1,27,2015/2016,1,1,0,0.067510150,0.067510150,0.000000000,0,0.000000000,EXACT_FULL_NAME_VIA_VERIFIED_TRANSFER,HIGH,c2b75b690b9ce3cbc2282a9198ed019dd72fc92b29078eaa847c46b2781779ee,616b83ab7d25dcd4ed3c381bc9489f044b23882e9239831970f75ddd56edae6e,4b73468fc5b0f1950f9f66fada70ad3a4f9327cb,StatsBomb Open Data via Stage91 + Stage92 verified identity bridge,true,true,false,false,false,false,false,false
3012,Kamil Grosicki,5667,Kamil Grosicki,3900628,134,Rennes,2016-02-07,7,Ligue 1,27,2015/2016,2,2,0,0.016366553,0.016366553,0.000000000,1,0.022212980,EXACT_FULL_NAME_VIA_VERIFIED_TRANSFER,HIGH,0f8511c7cd6115f9b15cfc59785b00c601195b1463623f79c277fc60255c3fca,467d9f2b6e823487c4cac9797dc567c8587a1796a171ca727f121e7cc816293b,4b73468fc5b0f1950f9f66fada70ad3a4f9327cb,StatsBomb Open Data via Stage91 + Stage92 verified identity bridge,true,true,false,false,false,false,false,false
3012,Kamil Grosicki,5667,Kamil Grosicki,3900630,134,Rennes,2016-02-12,7,Ligue 1,27,2015/2016,1,1,0,0.313274920,0.313274920,0.000000000,0,0.000000000,EXACT_FULL_NAME_VIA_VERIFIED_TRANSFER,HIGH,680225a8785dbe2939d71890a2676b01bff67e7ad2e7d5bfc1a51fc4027249fc,d1449c63e0b7e59bd73c79da8b95db8e3359c9df31a1186ce426ac720dde5dc4,4b73468fc5b0f1950f9f66fada70ad3a4f9327cb,StatsBomb Open Data via Stage91 + Stage92 verified identity bridge,true,true,false,false,false,false,false,false
3012,Kamil Grosicki,5667,Kamil Grosicki,3901158,134,Rennes,2016-02-27,7,Ligue 1,27,2015/2016,1,1,0,0.053553170,0.053553170,0.000000000,0,0.000000000,EXACT_FULL_NAME_VIA_VERIFIED_TRANSFER,HIGH,70dede4f572ac6fa7d671b89e72208d8cd144266b5e6fb53514bae8b06c1e813,a4a761284db77ab8ef71f6fa8afe41ee10720edda5ab5bd3572b91523ef76441,4b73468fc5b0f1950f9f66fada70ad3a4f9327cb,StatsBomb Open Data via Stage91 + Stage92 verified identity bridge,true,true,false,false,false,false,false,false
3012,Kamil Grosicki,5667,Kamil Grosicki,3901170,134,Rennes,2016-03-06,7,Ligue 1,27,2015/2016,3,3,0,0.471422240,0.471422240,0.000000000,2,0.117644720,EXACT_FULL_NAME_VIA_VERIFIED_TRANSFER,HIGH,1a34fdcc268edca59c91cbda916c75eed7d019a8dc498654dc0d48859191099d,9f3d58b322a385982e49c5052d70a37c1463c834026a5850681e642f117ba5a0,4b73468fc5b0f1950f9f66fada70ad3a4f9327cb,StatsBomb Open Data via Stage91 + Stage92 verified identity bridge,true,true,false,false,false,false,false,false
3012,Kamil Grosicki,5667,Kamil Grosicki,3901181,134,Rennes,2016-03-13,7,Ligue 1,27,2015/2016,2,2,0,0.069394836,0.069394836,0.000000000,0,0.000000000,EXACT_FULL_NAME_VIA_VERIFIED_TRANSFER,HIGH,d63c13d7d9ed9e6d1fc63a7178d4b7cd2b7d9aff54a0927e3f23cdf3f7b88602,7951b159eac7ea0e407ab404797b93256cdd0b3f0dcbba880a3978a92361ee92,4b73468fc5b0f1950f9f66fada70ad3a4f9327cb,StatsBomb Open Data via Stage91 + Stage92 verified identity bridge,true,true,false,false,false,false,false,false
3012,Kamil Grosicki,5667,Kamil Grosicki,3901184,134,Rennes,2016-03-18,7,Ligue 1,27,2015/2016,0,0,0,0.000000000,0.000000000,0.000000000,1,0.252290100,EXACT_FULL_NAME_VIA_VERIFIED_TRANSFER,HIGH,1384f3e7e3ffd2905664a1d089e89bf38d7360bccdd26c892607f75d3284fb01,eeab5db346ad9efefe2a836ccda91a50d8a51b073089edc6dec4a2f281604682,4b73468fc5b0f1950f9f66fada70ad3a4f9327cb,StatsBomb Open Data via Stage91 + Stage92 verified identity bridge,true,true,false,false,false,false,false,false
3012,Kamil Grosicki,5667,Kamil Grosicki,3901199,134,Rennes,2016-04-02,7,Ligue 1,27,2015/2016,4,4,0,0.321272661,0.321272661,0.000000000,1,0.185507950,EXACT_FULL_NAME_VIA_VERIFIED_TRANSFER,HIGH,b20f9c780dc3c640c23565d26e1dcf805e5ce3f584e797cfb660ad1944898d00,5852d9eabf8ed7677cbcd90ea0acb09a53a271316ba878093cf2e39830845978,4b73468fc5b0f1950f9f66fada70ad3a4f9327cb,StatsBomb Open Data via Stage91 + Stage92 verified identity bridge,true,true,false,false,false,false,false,false
3012,Kamil Grosicki,5667,Kamil Grosicki,3901213,134,Rennes,2016-04-10,7,Ligue 1,27,2015/2016,0,0,0,0.000000000,0.000000000,0.000000000,1,0.064342010,EXACT_FULL_NAME_VIA_VERIFIED_TRANSFER,HIGH,fa9cf867afc7733a17c35439e40fb988e36766c1423f9545888d9e00b08627c5,3fe6fc70ec832a808885ce38d06872f3539f536951722ed56c846a646c4eed8b,4b73468fc5b0f1950f9f66fada70ad3a4f9327cb,StatsBomb Open Data via Stage91 + Stage92 verified identity bridge,true,true,false,false,false,false,false,false
3012,Kamil Grosicki,5667,Kamil Grosicki,3901221,134,Rennes,2016-04-17,7,Ligue 1,27,2015/2016,3,3,0,0.182278650,0.182278650,0.000000000,2,0.155637752,EXACT_FULL_NAME_VIA_VERIFIED_TRANSFER,HIGH,bbdd00585b6b4b36b2cc4821e59ea4d9e3237eec1a232e91a5fe0179d3819311,73c820e0a4679cb8d25616322f93a3440d1cd33fb62651a818f19b72b966f40f,4b73468fc5b0f1950f9f66fada70ad3a4f9327cb,StatsBomb Open Data via Stage91 + Stage92 verified identity bridge,true,true,false,false,false,false,false,false
3012,Kamil Grosicki,5667,Kamil Grosicki,3901231,134,Rennes,2016-04-24,7,Ligue 1,27,2015/2016,3,3,0,0.080249959,0.080249959,0.000000000,4,0.163372281,EXACT_FULL_NAME_VIA_VERIFIED_TRANSFER,HIGH,dac0e60fc5c12a9c23bb2fd4680781cc7538e9fb12b6a081a20829c108e739b6,e599a84f7321a5ca4949e7113aaa2fb018cb3048e7649e07d0c77ddd0d708f55,4b73468fc5b0f1950f9f66fada70ad3a4f9327cb,StatsBomb Open Data via Stage91 + Stage92 verified identity bridge,true,true,false,false,false,false,false,false
3012,Kamil Grosicki,5667,Kamil Grosicki,3901263,134,Rennes,2016-05-14,7,Ligue 1,27,2015/2016,3,3,0,0.213690715,0.213690715,0.000000000,3,0.173432823,EXACT_FULL_NAME_VIA_VERIFIED_TRANSFER,HIGH,6053e4ad95fb1b6b4af3d2613e441bda8c035c15e5b6f052be94df99d33564db,c5232f37401b7379eac333295e4e836295d4a8d08c855b889c3c039becc01fdd,4b73468fc5b0f1950f9f66fada70ad3a4f9327cb,StatsBomb Open Data via Stage91 + Stage92 verified identity bridge,true,true,false,false,false,false,false,false
3012,Kamil Grosicki,5667,Kamil Grosicki,3938641,789,Poland,2024-06-21,55,UEFA Euro,282,2024,1,1,0,0.120307490,0.120307490,0.000000000,0,0.000000000,EXACT_FULL_NAME_VIA_VERIFIED_TRANSFER,HIGH,0c6cac5c30a58dba5eeab5a2a675a18d69af53360fe29d3c8d7ea12adbac2ac4,a7794f7966a74fc303b51e4b18790013e1e5541b94349faac5d54dcbacade48f,4b73468fc5b0f1950f9f66fada70ad3a4f9327cb,StatsBomb Open Data via Stage91 + Stage92 verified identity bridge,true,true,false,false,false,false,false,false
3012,Kamil Grosicki,5667,Kamil Grosicki,7539,789,Poland,2018-06-19,43,FIFA World Cup,3,2018,3,3,0,0.297110998,0.297110998,0.000000000,1,0.365114150,EXACT_FULL_NAME_VIA_VERIFIED_TRANSFER,HIGH,545a3f46bb405e1255bedf092bbd8615b0d706071a1a191f70ebdd76932bdd90,74460cd8d8a3a6cff7368de129325e332234acb3067df10e0b5cbe39cf4159a1,4b73468fc5b0f1950f9f66fada70ad3a4f9327cb,StatsBomb Open Data via Stage91 + Stage92 verified identity bridge,true,true,false,false,false,false,false,false
3012,Kamil Grosicki,5667,Kamil Grosicki,7555,789,Poland,2018-06-24,43,FIFA World Cup,3,2018,0,0,0,0.000000000,0.000000000,0.000000000,1,0.068770080,EXACT_FULL_NAME_VIA_VERIFIED_TRANSFER,HIGH,5f25383e771cc882242f8d4a0bfecaba68df4d521f8c2446d7e6193513d38ebb,7f80efc40531d9ff49ae9e86a7396eecd1015f9da5848873015e650022dbd11c,4b73468fc5b0f1950f9f66fada70ad3a4f9327cb,StatsBomb Open Data via Stage91 + Stage92 verified identity bridge,true,true,false,false,false,false,false,false
3012,Kamil Grosicki,5667,Kamil Grosicki,7572,789,Poland,2018-06-28,43,FIFA World Cup,3,2018,2,2,0,0.232271820,0.232271820,0.000000000,3,0.393430030,EXACT_FULL_NAME_VIA_VERIFIED_TRANSFER,HIGH,44c78e472f1b3dba90faa7811cf197af01c6750466cea1e51ac55e4b857b3647,5ccff733c028ad266596e94789c5b1388c8b205e8dfe5b6b7000182630b4e447,4b73468fc5b0f1950f9f66fada70ad3a4f9327cb,StatsBomb Open Data via Stage91 + Stage92 verified identity bridge,true,true,false,false,false,false,false,false
30396,C. Biraghi,7158,Cristiano Biraghi,266620,1049,Granada,2016-01-09,11,La Liga,27,2015/2016,0,0,0,0.000000000,0.000000000,0.000000000,1,0.028827160,EXACT_FULL_NAME_VIA_VERIFIED_TRANSFER,HIGH,45026c86d09c330847204816e8029f1b80456ce39868ae2c6a244dd7c23b71eb,e53804824cf5b18279b4a3129ea3cad159f6e1aa5fda94e84762e1f7c4ec36ab,4b73468fc5b0f1950f9f66fada70ad3a4f9327cb,StatsBomb Open Data via Stage91 + Stage92 verified identity bridge,true,true,false,false,false,false,false,false
30396,C. Biraghi,7158,Cristiano Biraghi,3825590,1049,Granada,2015-09-19,11,La Liga,27,2015/2016,0,0,0,0.000000000,0.000000000,0.000000000,1,0.173336000,EXACT_FULL_NAME_VIA_VERIFIED_TRANSFER,HIGH,81653af24478835a2ef39de786dc4b71e99beb4c563118bd04d7c0d8add8a48d,f1b13e640a06288068fac36269a9feff58804aab86612ad7c7fbe7217f7553bb,4b73468fc5b0f1950f9f66fada70ad3a4f9327cb,StatsBomb Open Data via Stage91 + Stage92 verified identity bridge,true,true,false,false,false,false,false,false
30396,C. Biraghi,7158,Cristiano Biraghi,3825604,1049,Granada,2015-09-25,11,La Liga,27,2015/2016,1,1,0,0.027916886,0.027916886,0.000000000,0,0.000000000,EXACT_FULL_NAME_VIA_VERIFIED_TRANSFER,HIGH,fdc85131fbd9a5087a9b04f77a7e4d3c99feadd2e4d1297e7975b0ccbd5ef0d2,61c2944d174536b0e9208c6498a9d1756f606919eaf4a48bd43486aa82ccee5c,4b73468fc5b0f1950f9f66fada70ad3a4f9327cb,StatsBomb Open Data via Stage91 + Stage92 verified identity bridge,true,true,false,false,false,false,false,false
30396,C. Biraghi,7158,Cristiano Biraghi,3825632,1049,Granada,2015-10-19,11,La Liga,27,2015/2016,0,0,0,0.000000000,0.000000000,0.000000000,1,0.018271790,EXACT_FULL_NAME_VIA_VERIFIED_TRANSFER,HIGH,4238e06e98dde8db1bdc77eed7e6afd605552055624288a34390b278cea19474,f60aa405ee56ef7eef0a0d567925355e2f2fef7448e40218153600ebc0b4a051,4b73468fc5b0f1950f9f66fada70ad3a4f9327cb,StatsBomb Open Data via Stage91 + Stage92 verified identity bridge,true,true,false,false,false,false,false,false
30396,C. Biraghi,7158,Cristiano Biraghi,3825634,1049,Granada,2015-10-24,11,La Liga,27,2015/2016,1,1,0,0.005711380,0.005711380,0.000000000,0,0.000000000,EXACT_FULL_NAME_VIA_VERIFIED_TRANSFER,HIGH,9f1abbfdaa9c7029de20ee22dd9a9d12aa8d586c5a49ce8a6ed6b754577ae0e6,ce1c0fdde8256a4b81230a997abd8519f8793a1f064433e2a4e886650d320854,4b73468fc5b0f1950f9f66fada70ad3a4f9327cb,StatsBomb Open Data via Stage91 + Stage92 verified identity bridge,true,true,false,false,false,false,false,false
30396,C. Biraghi,7158,Cristiano Biraghi,3825651,1049,Granada,2015-11-01,11,La Liga,27,2015/2016,0,0,0,0.000000000,0.000000000,0.000000000,1,0.011294605,EXACT_FULL_NAME_VIA_VERIFIED_TRANSFER,HIGH,ad4e693510876fed1e197b61ffdff5290cd7da3a0107f0d986fbfa53c6d70f89,003307c8356d79d967a52a0dff4fafe8468e0914346eaaffe19ee57e444a5198,4b73468fc5b0f1950f9f66fada70ad3a4f9327cb,StatsBomb Open Data via Stage91 + Stage92 verified identity bridge,true,true,false,false,false,false,false,false
30396,C. Biraghi,7158,Cristiano Biraghi,3825655,1049,Granada,2015-11-07,11,La Liga,27,2015/2016,1,1,0,0.015883477,0.015883477,0.000000000,0,0.000000000,EXACT_FULL_NAME_VIA_VERIFIED_TRANSFER,HIGH,7f7f7e4225afa8cbab446a0beccc67abc8a95d20beb170de399877a2370e848c,a208a81bb6d1d88616c849588e9c1212845908fa184a0927137de9210d5e0e6c,4b73468fc5b0f1950f9f66fada70ad3a4f9327cb,StatsBomb Open Data via Stage91 + Stage92 verified identity bridge,true,true,false,false,false,false,false,false
30396,C. Biraghi,7158,Cristiano Biraghi,3825672,1049,Granada,2015-11-28,11,La Liga,27,2015/2016,0,0,0,0.000000000,0.000000000,0.000000000,1,0.066784374,EXACT_FULL_NAME_VIA_VERIFIED_TRANSFER,HIGH,e191ef332477c54b0b38241354276b439b833933bfa806b3de9df73fc3aa78ca,f473253c6efc049d5d8253dcf23f021577a044872655adb1a9a51693d9a893d5,4b73468fc5b0f1950f9f66fada70ad3a4f9327cb,StatsBomb Open Data via Stage91 + Stage92 verified identity bridge,true,true,false,false,false,false,false,false
30396,C. Biraghi,7158,Cristiano Biraghi,3825682,1049,Granada,2015-12-05,11,La Liga,27,2015/2016,0,0,0,0.000000000,0.000000000,0.000000000,3,0.109786155,EXACT_FULL_NAME_VIA_VERIFIED_TRANSFER,HIGH,3fd8401ee52915185e7665d636eb12c243a1ed7c324320a921b5aa6671cf14ea,5ff6e72e06a8fe5ecec4ef9452514411e37f6204149a1a37b02c9b3bfd80912f,4b73468fc5b0f1950f9f66fada70ad3a4f9327cb,StatsBomb Open Data via Stage91 + Stage92 verified identity bridge,true,true,false,false,false,false,false,false
30396,C. Biraghi,7158,Cristiano Biraghi,3825704,1049,Granada,2015-12-20,11,La Liga,27,2015/2016,2,2,0,0.014841696,0.014841696,0.000000000,1,0.005788018,EXACT_FULL_NAME_VIA_VERIFIED_TRANSFER,HIGH,bf73507b2dcae700b21101af9275a92ce41906217fa8b070ffd24319bcc35582,6b5ed15d75bbc3eb7de66da552f12f40157d83db001bead4373e392740edfe05,4b73468fc5b0f1950f9f66fada70ad3a4f9327cb,StatsBomb Open Data via Stage91 + Stage92 verified identity bridge,true,true,false,false,false,false,false,false
30396,C. Biraghi,7158,Cristiano Biraghi,3825707,1049,Granada,2015-12-30,11,La Liga,27,2015/2016,1,1,0,0.007674452,0.007674452,0.000000000,1,0.138384630,EXACT_FULL_NAME_VIA_VERIFIED_TRANSFER,HIGH,ce6b71d3dc6c9acec76512dc26aa86dec91840d5e4f4850e7495f20f5f3c3a42,ff2d2244fb665d3b094de10b169b2ef04abb056b6361ecb6276a93e73189e26f,4b73468fc5b0f1950f9f66fada70ad3a4f9327cb,StatsBomb Open Data via Stage91 + Stage92 verified identity bridge,true,true,false,false,false,false,false,false
30396,C. Biraghi,7158,Cristiano Biraghi,3825740,1049,Granada,2016-01-18,11,La Liga,27,2015/2016,1,1,0,0.012225850,0.012225850,0.000000000,1,0.021189656,EXACT_FULL_NAME_VIA_VERIFIED_TRANSFER,HIGH,a372a89131cd8120f83036b96ec8048ff1877ad310d5c13f9abe7f3b0f347c08,cf4eb14ce1d6e5c536a2139b43b96d6fc8981fc424cb4e840ad6e762d3e8dd4a,4b73468fc5b0f1950f9f66fada70ad3a4f9327cb,StatsBomb Open Data via Stage91 + Stage92 verified identity bridge,true,true,false,false,false,false,false,false
30396,C. Biraghi,7158,Cristiano Biraghi,3825792,1049,Granada,2016-02-28,11,La Liga,27,2015/2016,1,1,0,0.007584025,0.007584025,0.000000000,0,0.000000000,EXACT_FULL_NAME_VIA_VERIFIED_TRANSFER,HIGH,724453479f41e1a63991124c2a89c6eb23cc999a81fd6c358ea5d3fdfc5c53f7,bb381e7be8861dee2e538d12844e409bbbcdc753f2e7b46c8799693c0264bd78,4b73468fc5b0f1950f9f66fada70ad3a4f9327cb,StatsBomb Open Data via Stage91 + Stage92 verified identity bridge,true,true,false,false,false,false,false,false
30396,C. Biraghi,7158,Cristiano Biraghi,3825803,1049,Granada,2016-03-03,11,La Liga,27,2015/2016,1,1,0,0.007910970,0.007910970,0.000000000,1,0.042214630,EXACT_FULL_NAME_VIA_VERIFIED_TRANSFER,HIGH,d4dd522b078abd34d2bcb54e3dcf80767509235d09b6896e8af8e3bfd49a41f4,3824506d005da8f3e700e24661ba24eb32bbc7fe91accaab558881c0bc0a6760,4b73468fc5b0f1950f9f66fada70ad3a4f9327cb,StatsBomb Open Data via Stage91 + Stage92 verified identity bridge,true,true,false,false,false,false,false,false
30396,C. Biraghi,7158,Cristiano Biraghi,3825809,1049,Granada,2016-03-06,11,La Liga,27,2015/2016,1,1,0,0.026526127,0.026526127,0.000000000,0,0.000000000,EXACT_FULL_NAME_VIA_VERIFIED_TRANSFER,HIGH,efd712a4c0a931e483256b7e424ec5045468feb510d0a010bb7b8d05ee9e5171,99746a5454cb6932f29b36bae7ffe9113e082a2dcfab422067eb18e13118f7ca,4b73468fc5b0f1950f9f66fada70ad3a4f9327cb,StatsBomb Open Data via Stage91 + Stage92 verified identity bridge,true,true,false,false,false,false,false,false
30396,C. Biraghi,7158,Cristiano Biraghi,3825834,1049,Granada,2016-04-17,11,La Liga,27,2015/2016,0,0,0,0.000000000,0.000000000,0.000000000,1,0.007053017,EXACT_FULL_NAME_VIA_VERIFIED_TRANSFER,HIGH,699299d735032060e1dde39023cd3ae121dcbfc9db1165e75480eb1902c832ac,3210ca4068fc9998e6d165bfb5bcfbfe9a3e9baface785714f0711d299c08187,4b73468fc5b0f1950f9f66fada70ad3a4f9327cb,StatsBomb Open Data via Stage91 + Stage92 verified identity bridge,true,true,false,false,false,false,false,false
30396,C. Biraghi,7158,Cristiano Biraghi,3825853,1049,Granada,2016-05-08,11,La Liga,27,2015/2016,1,1,0,0.017073967,0.017073967,0.000000000,0,0.000000000,EXACT_FULL_NAME_VIA_VERIFIED_TRANSFER,HIGH,f29058d751ae03e7ed1d38f26c525d23bdc1de07dfc022ff91677fd885ad9af8,56eabbd903062075aa60ccbd3e949b23942f60a9e8da186aa0421b65b558a8fe,4b73468fc5b0f1950f9f66fada70ad3a4f9327cb,StatsBomb Open Data via Stage91 + Stage92 verified identity bridge,true,true,false,false,false,false,false,false
30396,C. Biraghi,7158,Cristiano Biraghi,3825881,1049,Granada,2016-03-14,11,La Liga,27,2015/2016,0,0,0,0.000000000,0.000000000,0.000000000,1,0.073074795,EXACT_FULL_NAME_VIA_VERIFIED_TRANSFER,HIGH,334b97adb15f948e03e9a2c6db079553e91dc9350a042c7c65c300db36bf8844,0d2420c0f2bdf58240dc9d271b92360d8134b81f7799d800721e987178581b90,4b73468fc5b0f1950f9f66fada70ad3a4f9327cb,StatsBomb Open Data via Stage91 + Stage92 verified identity bridge,true,true,false,false,false,false,false,false
30396,C. Biraghi,7158,Cristiano Biraghi,3825892,1049,Granada,2015-09-22,11,La Liga,27,2015/2016,0,0,0,0.000000000,0.000000000,0.000000000,2,0.032257885,EXACT_FULL_NAME_VIA_VERIFIED_TRANSFER,HIGH,8110fe9ed687ce6498495c304f500ce47bdfd6bd2ffc480fa6845186f7b23a2c,34b74be9ea7e276b6d8e600f1a3dc2a586b52f8dd606d128964541ba809f9758,4b73468fc5b0f1950f9f66fada70ad3a4f9327cb,StatsBomb Open Data via Stage91 + Stage92 verified identity bridge,true,true,false,false,false,false,false,false
30498,L. De Silvestri,7473,Lorenzo De Silvestri,3879625,234,Sampdoria,2015-11-22,12,Serie A,27,2015/2016,1,1,0,0.118683570,0.118683570,0.000000000,0,0.000000000,EXACT_FULL_NAME_VIA_VERIFIED_TRANSFER,HIGH,7035b1307b415988379ea86fdf4588aa59f43af166462e44c275b15a87f80b89,ab21be5e344f107e56057f52a6d51e834dab931f748fe786d5edfcb815e5b96b,4b73468fc5b0f1950f9f66fada70ad3a4f9327cb,StatsBomb Open Data via Stage91 + Stage92 verified identity bridge,true,true,false,false,false,false,false,false
30498,L. De Silvestri,7473,Lorenzo De Silvestri,3879655,234,Sampdoria,2015-12-14,12,Serie A,27,2015/2016,0,0,0,0.000000000,0.000000000,0.000000000,3,0.269219630,EXACT_FULL_NAME_VIA_VERIFIED_TRANSFER,HIGH,ae3d3d46473041182156025a3b06390c3b7266d6f013e8fd5a0fbb15bdb1fb76,d987e1ac9fadc6c6ea7f6f4579013a146db2cfb1dfbdd419a1b863819da804c6,4b73468fc5b0f1950f9f66fada70ad3a4f9327cb,StatsBomb Open Data via Stage91 + Stage92 verified identity bridge,true,true,false,false,false,false,false,false
30498,L. De Silvestri,7473,Lorenzo De Silvestri,3879664,234,Sampdoria,2015-12-20,12,Serie A,27,2015/2016,2,2,0,0.313273890,0.313273890,0.000000000,0,0.000000000,EXACT_FULL_NAME_VIA_VERIFIED_TRANSFER,HIGH,6ea6709514bcedd947f7c96e3998bff017e7502a1b752e3c51a4e9c0c13cc261,000fa4ab8380ba3904a5afc620fbd58f6ebb33fad89d7b2d9662ddf68cbaa95a,4b73468fc5b0f1950f9f66fada70ad3a4f9327cb,StatsBomb Open Data via Stage91 + Stage92 verified identity bridge,true,true,false,false,false,false,false,false
30498,L. De Silvestri,7473,Lorenzo De Silvestri,3879666,234,Sampdoria,2016-01-05,12,Serie A,27,2015/2016,1,1,0,0.023291685,0.023291685,0.000000000,0,0.000000000,EXACT_FULL_NAME_VIA_VERIFIED_TRANSFER,HIGH,20f7e689d00eb4ca3a07c473f493226dd7ef40666ea04fdc852c063806d40fa6,4b3246baa0f25fb5ed4070e4084eb7042145840271695c4f935daa556cc7b237,4b73468fc5b0f1950f9f66fada70ad3a4f9327cb,StatsBomb Open Data via Stage91 + Stage92 verified identity bridge,true,true,false,false,false,false,false,false
30498,L. De Silvestri,7473,Lorenzo De Silvestri,3879763,234,Sampdoria,2016-02-28,12,Serie A,27,2015/2016,1,1,0,0.056014430,0.056014430,0.000000000,1,0.164223430,EXACT_FULL_NAME_VIA_VERIFIED_TRANSFER,HIGH,595fcc48059a157957f1adce5f6d8ceeddc846bbe47ad93187551291e674b4d5,4bdf6c3a2b8e777a03ed706302f96f9a5b6c86c20798959b616b24e7be0e514a,4b73468fc5b0f1950f9f66fada70ad3a4f9327cb,StatsBomb Open Data via Stage91 + Stage92 verified identity bridge,true,true,false,false,false,false,false,false
30498,L. De Silvestri,7473,Lorenzo De Silvestri,3879768,234,Sampdoria,2016-03-05,12,Serie A,27,2015/2016,0,0,0,0.000000000,0.000000000,0.000000000,1,0.092835860,EXACT_FULL_NAME_VIA_VERIFIED_TRANSFER,HIGH,d551e58c6ff6d7a2f62b96a5d1626e1c91c875e0eefb917510e53951a0a679a1,2509a390c8a97b224d5d5df2ee888ea3559524343fdec8e43d28e6ccca98bdbc,4b73468fc5b0f1950f9f66fada70ad3a4f9327cb,StatsBomb Open Data via Stage91 + Stage92 verified identity bridge,true,true,false,false,false,false,false,false
30498,L. De Silvestri,7473,Lorenzo De Silvestri,3879792,234,Sampdoria,2016-03-20,12,Serie A,27,2015/2016,3,3,0,0.528227570,0.528227570,0.000000000,0,0.000000000,EXACT_FULL_NAME_VIA_VERIFIED_TRANSFER,HIGH,ce2b0552383c5915255481f3adfb878343b84e77d0facb981aa7ca577680a550,330c9bc64fd9e1ecfb17c32e7768aa20e395db41ee059add4a16e3da5eb391ea,4b73468fc5b0f1950f9f66fada70ad3a4f9327cb,StatsBomb Open Data via Stage91 + Stage92 verified identity bridge,true,true,false,false,false,false,false,false
30498,L. De Silvestri,7473,Lorenzo De Silvestri,3879800,234,Sampdoria,2016-04-03,12,Serie A,27,2015/2016,0,0,0,0.000000000,0.000000000,0.000000000,2,0.090546993,EXACT_FULL_NAME_VIA_VERIFIED_TRANSFER,HIGH,241546a710233dbfc85a86a9f448058949d755cc9b9bdccabb580f59491faad7,79df333f345703f721857fef32ec489b28374c7a1233e2b4876a82e3a4c61d2c,4b73468fc5b0f1950f9f66fada70ad3a4f9327cb,StatsBomb Open Data via Stage91 + Stage92 verified identity bridge,true,true,false,false,false,false,false,false
30498,L. De Silvestri,7473,Lorenzo De Silvestri,3879813,234,Sampdoria,2016-04-10,12,Serie A,27,2015/2016,1,1,0,0.283399370,0.283399370,0.000000000,1,0.123144860,EXACT_FULL_NAME_VIA_VERIFIED_TRANSFER,HIGH,0180143c45eafda39e37fa0cd41967cd634d79e8ef56e64517f5cea1f134b477,5d3874d1ed2059484b69743aaa3f28ec5ba61a714eccfae0c84aa8b02c6e6eb0,4b73468fc5b0f1950f9f66fada70ad3a4f9327cb,StatsBomb Open Data via Stage91 + Stage92 verified identity bridge,true,true,false,false,false,false,false,false
30498,L. De Silvestri,7473,Lorenzo De Silvestri,3879824,234,Sampdoria,2016-04-17,12,Serie A,27,2015/2016,0,0,0,0.000000000,0.000000000,0.000000000,3,0.062376813,EXACT_FULL_NAME_VIA_VERIFIED_TRANSFER,HIGH,449202a067da0f9a594f4dc306b486b4d0be92fdd0dd0c51567c996010870a04,83fae41542bc04f436ee6f99fa260391d1a0ae4829a4cce920ae5442c8d95df5,4b73468fc5b0f1950f9f66fada70ad3a4f9327cb,StatsBomb Open Data via Stage91 + Stage92 verified identity bridge,true,true,false,false,false,false,false,false
30498,L. De Silvestri,7473,Lorenzo De Silvestri,3879831,234,Sampdoria,2016-04-20,12,Serie A,27,2015/2016,1,1,0,0.033773202,0.033773202,0.000000000,1,0.020200528,EXACT_FULL_NAME_VIA_VERIFIED_TRANSFER,HIGH,77c63e00a18e47890193f988b56c00e2921d0ad3099816b4de2a490db502e09d,29ddd23b245b28e436de2615cabc402a7a12d38ed11c6ae8247c2e63a3c65386,4b73468fc5b0f1950f9f66fada70ad3a4f9327cb,StatsBomb Open Data via Stage91 + Stage92 verified identity bridge,true,true,false,false,false,false,false,false
30498,L. De Silvestri,7473,Lorenzo De Silvestri,3879838,234,Sampdoria,2016-04-24,12,Serie A,27,2015/2016,1,1,0,0.544015800,0.544015800,0.000000000,0,0.000000000,EXACT_FULL_NAME_VIA_VERIFIED_TRANSFER,HIGH,abb298b56fccf89cdacbea2e8d32b4173d826e09d919c082e92e8299e97055de,7f1dcbb52c2a172ebf5682ff5db6cfdbc4066549938280e655ad13775a5ab0df,4b73468fc5b0f1950f9f66fada70ad3a4f9327cb,StatsBomb Open Data via Stage91 + Stage92 verified identity bridge,true,true,false,false,false,false,false,false
30498,L. De Silvestri,7473,Lorenzo De Silvestri,3879852,234,Sampdoria,2016-05-01,12,Serie A,27,2015/2016,1,1,0,0.139991270,0.139991270,0.000000000,1,0.045580550,EXACT_FULL_NAME_VIA_VERIFIED_TRANSFER,HIGH,30fb323c4d9e277f2bd285327de0ca6b695c59f0d9092795af925b38bbbfea49,beb7e9711ef4e8573dc501b4f64017d6b9eecbf57598e8a46515886bde37c94e,4b73468fc5b0f1950f9f66fada70ad3a4f9327cb,StatsBomb Open Data via Stage91 + Stage92 verified identity bridge,true,true,false,false,false,false,false,false
30533,M. Locatelli,7038,Manuel Locatelli,3788741,914,Italy,2021-06-11,55,UEFA Euro,43,2020,1,1,0,0.034924656,0.034924656,0.000000000,2,0.077266736,EXACT_FULL_NAME_VIA_VERIFIED_TRANSFER,HIGH,97ddadc0b5955be6680e861c66d85a4a047229dccf10de6a8e8cae8f872b2e1a,eec7dd38bbffebd34f97527a58343e7156fd22a029efb8c2bbcd0ebe6f20d177,4b73468fc5b0f1950f9f66fada70ad3a4f9327cb,StatsBomb Open Data via Stage91 + Stage92 verified identity bridge,true,true,false,false,false,false,false,false
30533,M. Locatelli,7038,Manuel Locatelli,3788754,914,Italy,2021-06-16,55,UEFA Euro,43,2020,2,2,0,0.794914157,0.794914157,0.000000000,1,0.066242220,EXACT_FULL_NAME_VIA_VERIFIED_TRANSFER,HIGH,2701c68e6d5fb737729b97355c12d259047ffd597a65ce99995d594d862e39cd,4d0655240bb66f47dd63fa15ad23fcc2894d95ff40fd274d6f82fc1ca83b61fd,4b73468fc5b0f1950f9f66fada70ad3a4f9327cb,StatsBomb Open Data via Stage91 + Stage92 verified identity bridge,true,true,false,false,false,false,false,false
30533,M. Locatelli,7038,Manuel Locatelli,3794685,914,Italy,2021-06-26,55,UEFA Euro,43,2020,1,1,0,0.060681216,0.060681216,0.000000000,0,0.000000000,EXACT_FULL_NAME_VIA_VERIFIED_TRANSFER,HIGH,dfb067329b416205db0fb52acfe7de6decd2133ad933dc7f665a944b7e050a96,32e21227f903b9afeeef47b4661385f8344358bde44922acb4a0ffdb3258acd9,4b73468fc5b0f1950f9f66fada70ad3a4f9327cb,StatsBomb Open Data via Stage91 + Stage92 verified identity bridge,true,true,false,false,false,false,false,false
30533,M. Locatelli,7038,Manuel Locatelli,3795220,914,Italy,2021-07-06,55,UEFA Euro,43,2020,1,0,1,0.783500000,0.000000000,0.783500000,0,0.000000000,EXACT_FULL_NAME_VIA_VERIFIED_TRANSFER,HIGH,8c71704e813650dd059d58b77f64c3a78eaeb654b22ecbe901ae3d22bde222fa,b74f01ad8acc400b51dfe33d51ffd4df83520e9dd5966773bae07b5e6e01f6d8,4b73468fc5b0f1950f9f66fada70ad3a4f9327cb,StatsBomb Open Data via Stage91 + Stage92 verified identity bridge,true,true,false,false,false,false,false,false
30533,M. Locatelli,7038,Manuel Locatelli,3795506,914,Italy,2021-07-11,55,UEFA Euro,43,2020,1,1,0,0.042237855,0.042237855,0.000000000,0,0.000000000,EXACT_FULL_NAME_VIA_VERIFIED_TRANSFER,HIGH,8bcf67dd687e8d9b7c5d0181e634ac0a2767346ebdc0c7d34c0f6f33bc06a4e3,bb26e2ef8d4bb360f1c96c3eafebfff441e48941724d13a8633540654ba3cce1,4b73468fc5b0f1950f9f66fada70ad3a4f9327cb,StatsBomb Open Data via Stage91 + Stage92 verified identity bridge,true,true,false,false,false,false,false,false
30537,D. Berardi,7131,Domenico Berardi,3788741,914,Italy,2021-06-11,55,UEFA Euro,43,2020,4,4,0,0.202166658,0.202166658,0.000000000,5,0.296327769,EXACT_FULL_NAME_VIA_VERIFIED_TRANSFER,HIGH,b5b4885a36a88e98cb531e36db4b322977c83697b0dbbafecfcd8b9a874e5aa9,eec7dd38bbffebd34f97527a58343e7156fd22a029efb8c2bbcd0ebe6f20d177,4b73468fc5b0f1950f9f66fada70ad3a4f9327cb,StatsBomb Open Data via Stage91 + Stage92 verified identity bridge,true,true,false,false,false,false,false,false
30537,D. Berardi,7131,Domenico Berardi,3788754,914,Italy,2021-06-16,55,UEFA Euro,43,2020,3,3,0,0.156377763,0.156377763,0.000000000,1,0.741422200,EXACT_FULL_NAME_VIA_VERIFIED_TRANSFER,HIGH,2909b3c39f61759b7f9681dc5b6267beb8c64e9c76f9bfcfb3cdf20bbaf5d746,4d0655240bb66f47dd63fa15ad23fcc2894d95ff40fd274d6f82fc1ca83b61fd,4b73468fc5b0f1950f9f66fada70ad3a4f9327cb,StatsBomb Open Data via Stage91 + Stage92 verified identity bridge,true,true,false,false,false,false,false,false
30537,D. Berardi,7131,Domenico Berardi,3794685,914,Italy,2021-06-26,55,UEFA Euro,43,2020,3,3,0,0.154372774,0.154372774,0.000000000,3,0.141812407,EXACT_FULL_NAME_VIA_VERIFIED_TRANSFER,HIGH,3f57283f5bb7de0b5b6902c0f918b4170a768c8fae24957b197bfbb78244cfbb,32e21227f903b9afeeef47b4661385f8344358bde44922acb4a0ffdb3258acd9,4b73468fc5b0f1950f9f66fada70ad3a4f9327cb,StatsBomb Open Data via Stage91 + Stage92 verified identity bridge,true,true,false,false,false,false,false,false
30537,D. Berardi,7131,Domenico Berardi,3795220,914,Italy,2021-07-06,55,UEFA Euro,43,2020,3,3,0,0.221983301,0.221983301,0.000000000,0,0.000000000,EXACT_FULL_NAME_VIA_VERIFIED_TRANSFER,HIGH,8db671b7d2b56aa290eb0e4dc34964782c5dae8945aa228032715d28e7b580a1,b74f01ad8acc400b51dfe33d51ffd4df83520e9dd5966773bae07b5e6e01f6d8,4b73468fc5b0f1950f9f66fada70ad3a4f9327cb,StatsBomb Open Data via Stage91 + Stage92 verified identity bridge,true,true,false,false,false,false,false,false
30537,D. Berardi,7131,Domenico Berardi,3795506,914,Italy,2021-07-11,55,UEFA Euro,43,2020,2,1,1,0.983887140,0.200387140,0.783500000,1,0.023924677,EXACT_FULL_NAME_VIA_VERIFIED_TRANSFER,HIGH,59aa94c15e118e5d82ccbc8f3db510b83f73beb3cab6fea95003eff1a535cda0,bb26e2ef8d4bb360f1c96c3eafebfff441e48941724d13a8633540654ba3cce1,4b73468fc5b0f1950f9f66fada70ad3a4f9327cb,StatsBomb Open Data via Stage91 + Stage92 verified identity bridge,true,true,false,false,false,false,false,false
30537,D. Berardi,7131,Domenico Berardi,3878546,232,Sassuolo,2015-08-23,12,Serie A,27,2015/2016,2,2,0,0.094551160,0.094551160,0.000000000,2,0.302438360,EXACT_FULL_NAME_VIA_VERIFIED_TRANSFER,HIGH,380ebcc93ebcdfd1d4971b0d3f9a12b398b28daa408790b01a184161a71bb78d,94f6e2b492f17572c3e9a91209c6feeabf5793c85b3aad4cc270c9578aef871a,4b73468fc5b0f1950f9f66fada70ad3a4f9327cb,StatsBomb Open Data via Stage91 + Stage92 verified identity bridge,true,true,false,false,false,false,false,false
30537,D. Berardi,7131,Domenico Berardi,3878607,232,Sassuolo,2015-09-20,12,Serie A,27,2015/2016,1,1,0,0.018037844,0.018037844,0.000000000,0,0.000000000,EXACT_FULL_NAME_VIA_VERIFIED_TRANSFER,HIGH,13e36734310cf20c0561458389c34da9e75dc37b38bde3f12587f55462a96ceb,dadea072c37e2beeb4f7e72e5ef8d0a0eed77f1baeee939f9292e9cce902b539,4b73468fc5b0f1950f9f66fada70ad3a4f9327cb,StatsBomb Open Data via Stage91 + Stage92 verified identity bridge,true,true,false,false,false,false,false,false
30537,D. Berardi,7131,Domenico Berardi,3879544,232,Sassuolo,2015-09-23,12,Serie A,27,2015/2016,2,2,0,0.073935036,0.073935036,0.000000000,1,0.060741730,EXACT_FULL_NAME_VIA_VERIFIED_TRANSFER,HIGH,7a4bc2e7fbe053ffc729d3e0fd8f77dddf796994eb117551949d321e091a9165,0621a8e8aecb83050643e2059243b232dc9bc52022c9c344130398f70ae9cb08,4b73468fc5b0f1950f9f66fada70ad3a4f9327cb,StatsBomb Open Data via Stage91 + Stage92 verified identity bridge,true,true,false,false,false,false,false,false
30537,D. Berardi,7131,Domenico Berardi,3879553,232,Sassuolo,2015-09-27,12,Serie A,27,2015/2016,3,3,0,0.081549926,0.081549926,0.000000000,1,0.074193600,EXACT_FULL_NAME_VIA_VERIFIED_TRANSFER,HIGH,badb9d214418ec0fd3dba1f3408cce6413f70ea5bfdbbdf0dc90b80d023cf4bf,6405d7eb2c2ebcd060d0c5da973b31a7d4a8d45e2de3dfe017eec0812301aff2,4b73468fc5b0f1950f9f66fada70ad3a4f9327cb,StatsBomb Open Data via Stage91 + Stage92 verified identity bridge,true,true,false,false,false,false,false,false
30537,D. Berardi,7131,Domenico Berardi,3879573,232,Sassuolo,2015-10-18,12,Serie A,27,2015/2016,5,4,1,1.010666591,0.227166591,0.783500000,1,0.029065836,EXACT_FULL_NAME_VIA_VERIFIED_TRANSFER,HIGH,af24419c77c82c304ebb7bc4444285c88f8947c6869768efb501de9a3e2d892f,23cf0081e4902fa2ca63cac41a4eb8cc56a6af2e3166e4a62a8b6f9aadfa022d,4b73468fc5b0f1950f9f66fada70ad3a4f9327cb,StatsBomb Open Data via Stage91 + Stage92 verified identity bridge,true,true,false,false,false,false,false,false
30537,D. Berardi,7131,Domenico Berardi,3879585,232,Sassuolo,2015-10-25,12,Serie A,27,2015/2016,3,3,0,0.062965756,0.062965756,0.000000000,0,0.000000000,EXACT_FULL_NAME_VIA_VERIFIED_TRANSFER,HIGH,17b50826c9b8cc0d58d4537e7c6e2ce066dfe042096028b9f3211ec948de6311,e0569a29e1fab47abdcad900efcadf86c7e770e7888867e406f1699c458f2110,4b73468fc5b0f1950f9f66fada70ad3a4f9327cb,StatsBomb Open Data via Stage91 + Stage92 verified identity bridge,true,true,false,false,false,false,false,false
30537,D. Berardi,7131,Domenico Berardi,3879603,232,Sassuolo,2015-11-01,12,Serie A,27,2015/2016,4,4,0,0.119086573,0.119086573,0.000000000,1,0.098151220,EXACT_FULL_NAME_VIA_VERIFIED_TRANSFER,HIGH,02ac37fa41e611c8c55b73dba0657891036764a4638cc02d5c626ff3cb1fafd2,588125a271ecf29b715e63a2d345bb7c0df1a3ee556ddcd739a0ecb001a1eef5,4b73468fc5b0f1950f9f66fada70ad3a4f9327cb,StatsBomb Open Data via Stage91 + Stage92 verified identity bridge,true,true,false,false,false,false,false,false
30537,D. Berardi,7131,Domenico Berardi,3879615,232,Sassuolo,2015-11-08,12,Serie A,27,2015/2016,5,5,0,0.234082631,0.234082631,0.000000000,1,0.282544800,EXACT_FULL_NAME_VIA_VERIFIED_TRANSFER,HIGH,f681e0491cd4d9ebda2c20ca21a6e8a34d06109239fa6e925004829e43c97921,a4cbe86f914a98957fe5f800b7532d94b70ebe4ba6a2c325c46bde8c4f6eddc6,4b73468fc5b0f1950f9f66fada70ad3a4f9327cb,StatsBomb Open Data via Stage91 + Stage92 verified identity bridge,true,true,false,false,false,false,false,false
30537,D. Berardi,7131,Domenico Berardi,3879619,232,Sassuolo,2015-11-22,12,Serie A,27,2015/2016,3,3,0,0.177019856,0.177019856,0.000000000,1,0.030632480,EXACT_FULL_NAME_VIA_VERIFIED_TRANSFER,HIGH,6e8f377a78a04a2da635ce2c5b3458889755045b0033fc818e4cf1c65cf9c940,c7515c86fb3e3b1304b35196fda3e2218c04f0de2dcdc7fa7bc0d84aed981574,4b73468fc5b0f1950f9f66fada70ad3a4f9327cb,StatsBomb Open Data via Stage91 + Stage92 verified identity bridge,true,true,false,false,false,false,false,false
30537,D. Berardi,7131,Domenico Berardi,3879667,232,Sassuolo,2016-01-06,12,Serie A,27,2015/2016,4,4,0,0.242210290,0.242210290,0.000000000,4,0.234451233,EXACT_FULL_NAME_VIA_VERIFIED_TRANSFER,HIGH,ff2bbb54d504a4a6957169f7d2399db3e1a02074f325cb20a674fdc74806f9f2,b1c84c9200366e6e4f8538a67fb9fd263346cccbe3cbc733e0b9fdaeac8d53d4,4b73468fc5b0f1950f9f66fada70ad3a4f9327cb,StatsBomb Open Data via Stage91 + Stage92 verified identity bridge,true,true,false,false,false,false,false,false
30537,D. Berardi,7131,Domenico Berardi,3879681,232,Sassuolo,2016-01-10,12,Serie A,27,2015/2016,3,2,1,0.825494703,0.041994703,0.783500000,2,0.300357140,EXACT_FULL_NAME_VIA_VERIFIED_TRANSFER,HIGH,ed86635992f4036cc1b334e44c7e97a969df1117bb526cef461019cf450b7a9b,f3e75911739479f8a4fb6047fdcd3981d6b6de9df408d3ef58c752b38f20b1be,4b73468fc5b0f1950f9f66fada70ad3a4f9327cb,StatsBomb Open Data via Stage91 + Stage92 verified identity bridge,true,true,false,false,false,false,false,false
30537,D. Berardi,7131,Domenico Berardi,3879696,232,Sassuolo,2016-01-20,12,Serie A,27,2015/2016,1,1,0,0.031731990,0.031731990,0.000000000,0,0.000000000,EXACT_FULL_NAME_VIA_VERIFIED_TRANSFER,HIGH,2ea12c104154e235dc05ce78256a73836f2dbd674ed9fd9ef5bbd26e3c8d8847,bdcbb27cf6e8dc0be81278bc9c9aa3b0d7900a4e2dc4bf34b31d2c1a952d7093,4b73468fc5b0f1950f9f66fada70ad3a4f9327cb,StatsBomb Open Data via Stage91 + Stage92 verified identity bridge,true,true,false,false,false,false,false,false
30537,D. Berardi,7131,Domenico Berardi,3879705,232,Sassuolo,2016-01-24,12,Serie A,27,2015/2016,4,4,0,0.227770159,0.227770159,0.000000000,2,0.074785453,EXACT_FULL_NAME_VIA_VERIFIED_TRANSFER,HIGH,8bb8205cde0e8a68d711d7e4cb433db96d98eed6d40010284b9e961dafb1d008,d93c1bbd52517a4b5b4e3af65fe6adf8af8b6522a62226cd2c6489e42da57d3b,4b73468fc5b0f1950f9f66fada70ad3a4f9327cb,StatsBomb Open Data via Stage91 + Stage92 verified identity bridge,true,true,false,false,false,false,false,false
30537,D. Berardi,7131,Domenico Berardi,3879708,232,Sassuolo,2016-01-30,12,Serie A,27,2015/2016,2,2,0,0.726340116,0.726340116,0.000000000,1,0.051910378,EXACT_FULL_NAME_VIA_VERIFIED_TRANSFER,HIGH,6425643a999884cf6c87ce80376a8ec359dc228786f37847c33916be91dd7804,d2307becae906305afd55002ad82b28d927315bdbc5e0964f015015937db2516,4b73468fc5b0f1950f9f66fada70ad3a4f9327cb,StatsBomb Open Data via Stage91 + Stage92 verified identity bridge,true,true,false,false,false,false,false,false
30537,D. Berardi,7131,Domenico Berardi,3879717,232,Sassuolo,2016-02-02,12,Serie A,27,2015/2016,5,4,1,0.910810001,0.127310001,0.783500000,4,0.113976546,EXACT_FULL_NAME_VIA_VERIFIED_TRANSFER,HIGH,99cc43ce52a6063bb3b06f577c6e856c5c10a3405543661ef8347d67a31f5b57,f6359048f57e0db2819637e7c4e3cb7afad1c479495f495b685f46467054923a,4b73468fc5b0f1950f9f66fada70ad3a4f9327cb,StatsBomb Open Data via Stage91 + Stage92 verified identity bridge,true,true,false,false,false,false,false,false
30537,D. Berardi,7131,Domenico Berardi,3879729,232,Sassuolo,2016-02-07,12,Serie A,27,2015/2016,5,5,0,0.305719974,0.305719974,0.000000000,3,0.274629247,EXACT_FULL_NAME_VIA_VERIFIED_TRANSFER,HIGH,65e946e01aaab47f4faaa9fe2063a5329a6e38d2f4389b91acc9f732e45818ae,16b28d0371888ff265f2aa6011ce164c715224af9468673de78346cef8dcd2a8,4b73468fc5b0f1950f9f66fada70ad3a4f9327cb,StatsBomb Open Data via Stage91 + Stage92 verified identity bridge,true,true,false,false,false,false,false,false
30537,D. Berardi,7131,Domenico Berardi,3879741,232,Sassuolo,2016-02-13,12,Serie A,27,2015/2016,3,3,0,0.183391754,0.183391754,0.000000000,1,0.037125710,EXACT_FULL_NAME_VIA_VERIFIED_TRANSFER,HIGH,34a3edc066d70ec25e145422e1467feb9378213d25291af510e3966f5b85b8c8,bfd764d4bdc955e2c35083e8b20048826b5dc35dcae4e63f556ae3665034f973,4b73468fc5b0f1950f9f66fada70ad3a4f9327cb,StatsBomb Open Data via Stage91 + Stage92 verified identity bridge,true,true,false,false,false,false,false,false
30537,D. Berardi,7131,Domenico Berardi,3879753,232,Sassuolo,2016-02-21,12,Serie A,27,2015/2016,3,3,0,0.151322646,0.151322646,0.000000000,2,0.239675913,EXACT_FULL_NAME_VIA_VERIFIED_TRANSFER,HIGH,24ac66dff1a60e5b328d4c2497b046bbd4a48a4a9635b8b859e538ffeff57116,31f24471e08ca06664c3e6cf2742ca72f0242ecd90c261a3adf3434de09a7ee4,4b73468fc5b0f1950f9f66fada70ad3a4f9327cb,StatsBomb Open Data via Stage91 + Stage92 verified identity bridge,true,true,false,false,false,false,false,false
30537,D. Berardi,7131,Domenico Berardi,3879766,232,Sassuolo,2016-02-29,12,Serie A,27,2015/2016,3,2,1,1.309798157,0.526298157,0.783500000,1,0.114106850,EXACT_FULL_NAME_VIA_VERIFIED_TRANSFER,HIGH,9e0d2b2482ad1732a0312340d55e8e8027b9aae397e88075a85b67ae4d00706c,10a67a0c2e38e3a7f8929c7a461b4e75baea8a534296cac0ed1826500c553340,4b73468fc5b0f1950f9f66fada70ad3a4f9327cb,StatsBomb Open Data via Stage91 + Stage92 verified identity bridge,true,true,false,false,false,false,false,false
30537,D. Berardi,7131,Domenico Berardi,3879771,232,Sassuolo,2016-03-06,12,Serie A,27,2015/2016,5,5,0,0.320385762,0.320385762,0.000000000,2,0.115152883,EXACT_FULL_NAME_VIA_VERIFIED_TRANSFER,HIGH,00a08d02aa2694918250a9ef67f46f0fad1ed28931ae18cf6e4ee05825e669e4,87605c73ad6b8362c8c556c4b7c5a85446683ade65b5b16f200cdb5ffbefd647,4b73468fc5b0f1950f9f66fada70ad3a4f9327cb,StatsBomb Open Data via Stage91 + Stage92 verified identity bridge,true,true,false,false,false,false,false,false
30537,D. Berardi,7131,Domenico Berardi,3879797,232,Sassuolo,2016-04-02,12,Serie A,27,2015/2016,3,3,0,0.264610256,0.264610256,0.000000000,0,0.000000000,EXACT_FULL_NAME_VIA_VERIFIED_TRANSFER,HIGH,794bf77d7d1b05fa008dc61c699d8cfb166bfa26e7d9e64823bd458d334f6f69,cd520d4ad122d40c9e47793f486785dc25c38114af3a8846b8f890d50b15eae9,4b73468fc5b0f1950f9f66fada70ad3a4f9327cb,StatsBomb Open Data via Stage91 + Stage92 verified identity bridge,true,true,false,false,false,false,false,false
30537,D. Berardi,7131,Domenico Berardi,3879809,232,Sassuolo,2016-04-09,12,Serie A,27,2015/2016,3,3,0,0.097628342,0.097628342,0.000000000,1,0.022686828,EXACT_FULL_NAME_VIA_VERIFIED_TRANSFER,HIGH,b3c2cdf1cfdcff44ac363389021fd3afa2581729838ec6630037d74a3a3a3dc5,6ed7b9ff9e9490f37c0fe0fa800273d23667c4e1e296209e693986213949662c,4b73468fc5b0f1950f9f66fada70ad3a4f9327cb,StatsBomb Open Data via Stage91 + Stage92 verified identity bridge,true,true,false,false,false,false,false,false
30537,D. Berardi,7131,Domenico Berardi,3879821,232,Sassuolo,2016-04-17,12,Serie A,27,2015/2016,3,3,0,0.386729069,0.386729069,0.000000000,0,0.000000000,EXACT_FULL_NAME_VIA_VERIFIED_TRANSFER,HIGH,885b85416af2164bf5f15cea1dd04ed395bc73adc8ef3a862c47f0e2fb966449,ee92439e5dd19073c59e02f0f153db4942ac2a3815ee37fd1a83057241837f2f,4b73468fc5b0f1950f9f66fada70ad3a4f9327cb,StatsBomb Open Data via Stage91 + Stage92 verified identity bridge,true,true,false,false,false,false,false,false
30537,D. Berardi,7131,Domenico Berardi,3879831,232,Sassuolo,2016-04-20,12,Serie A,27,2015/2016,5,4,1,0.898892493,0.115392493,0.783500000,2,0.195087763,EXACT_FULL_NAME_VIA_VERIFIED_TRANSFER,HIGH,6d76f95626853fc11a816ef4c7c7ed0c08cf5ea73e128e8571dc86f835a214b2,29ddd23b245b28e436de2615cabc402a7a12d38ed11c6ae8247c2e63a3c65386,4b73468fc5b0f1950f9f66fada70ad3a4f9327cb,StatsBomb Open Data via Stage91 + Stage92 verified identity bridge,true,true,false,false,false,false,false,false
30537,D. Berardi,7131,Domenico Berardi,3879843,232,Sassuolo,2016-04-24,12,Serie A,27,2015/2016,1,1,0,0.028531209,0.028531209,0.000000000,2,0.124308445,EXACT_FULL_NAME_VIA_VERIFIED_TRANSFER,HIGH,5b364d2f95123c5827c24a9b240e3aef060872583afa08489022697a6d9cb288,bd2f26611ddcb5314d762db32071fdc9b8572ba7d3df4b961fefe64ee4022b10,4b73468fc5b0f1950f9f66fada70ad3a4f9327cb,StatsBomb Open Data via Stage91 + Stage92 verified identity bridge,true,true,false,false,false,false,false,false
30537,D. Berardi,7131,Domenico Berardi,3879854,232,Sassuolo,2016-05-01,12,Serie A,27,2015/2016,2,2,0,0.104469422,0.104469422,0.000000000,0,0.000000000,EXACT_FULL_NAME_VIA_VERIFIED_TRANSFER,HIGH,e704b50ef57c59587d95d6a15f97797c9d4bd0fe9ce9ea8888d0dcd68c9dae27,8b819c575f90be49756aa739c58886a3655a878feef39bef953b27a22ff0faa5,4b73468fc5b0f1950f9f66fada70ad3a4f9327cb,StatsBomb Open Data via Stage91 + Stage92 verified identity bridge,true,true,false,false,false,false,false,false
30537,D. Berardi,7131,Domenico Berardi,3879861,232,Sassuolo,2016-05-08,12,Serie A,27,2015/2016,5,5,0,0.211173340,0.211173340,0.000000000,2,0.105764876,EXACT_FULL_NAME_VIA_VERIFIED_TRANSFER,HIGH,e6a180d71bb2b12cd34f92fb6dd2e4b4571862b4a0bfa894d648d7540d4c76c5,7865c4801bdbf6b9d45b063e713e0cacaab4b553c0ce652d37073c221cba99b9,4b73468fc5b0f1950f9f66fada70ad3a4f9327cb,StatsBomb Open Data via Stage91 + Stage92 verified identity bridge,true,true,false,false,false,false,false,false
30785,A. Schäfer,42822,András Schäfer,3788752,916,Hungary,2021-06-15,55,UEFA Euro,43,2020,0,0,0,0.000000000,0.000000000,0.000000000,1,0.006729686,EXACT_FULL_NAME_VIA_VERIFIED_TRANSFER,HIGH,de657067e00b150c87cbf38cd02adab3189d450a430e2c4f1cc94ace23195e95,68e79199bc724561582549900a36b23059a5d93643d308553aac0aec25defab8,4b73468fc5b0f1950f9f66fada70ad3a4f9327cb,StatsBomb Open Data via Stage91 + Stage92 verified identity bridge,true,true,false,false,false,false,false,false
30785,A. Schäfer,42822,András Schäfer,3788763,916,Hungary,2021-06-19,55,UEFA Euro,43,2020,0,0,0,0.000000000,0.000000000,0.000000000,1,0.017003974,EXACT_FULL_NAME_VIA_VERIFIED_TRANSFER,HIGH,60312d4cfde85f409d2c6aeb509c47c53ebc24449cd2927348ec94de8d4f1601,86936ec90ad2d2a35fe67ce836a2192f5e8b7127614405db1d5e89f098ba7b93,4b73468fc5b0f1950f9f66fada70ad3a4f9327cb,StatsBomb Open Data via Stage91 + Stage92 verified identity bridge,true,true,false,false,false,false,false,false
30785,A. Schäfer,42822,András Schäfer,3788774,916,Hungary,2021-06-23,55,UEFA Euro,43,2020,2,2,0,0.186595729,0.186595729,0.000000000,1,0.031978770,EXACT_FULL_NAME_VIA_VERIFIED_TRANSFER,HIGH,ec99577808d1d2b9e20ed18e7ad04b1b14a3c0ed56e8882f95ed7046734e538b,8e3ddec494cd1e7015ceca77f59ac3a6494839b37b5ade9cba73617b758ae14d,4b73468fc5b0f1950f9f66fada70ad3a4f9327cb,StatsBomb Open Data via Stage91 + Stage92 verified identity bridge,true,true,false,false,false,false,false,false
30785,A. Schäfer,42822,András Schäfer,3895292,190,Union Berlin,2024-04-06,9,1. Bundesliga,281,2023/2024,1,1,0,0.025344010,0.025344010,0.000000000,0,0.000000000,EXACT_FULL_NAME_VIA_VERIFIED_TRANSFER,HIGH,b3e9e2a7d685cd1d4e36f1012fd09544974176c711b728747cd4067af7d051ac,5122e5f94a8f609590601f808f18de6fd0211892805bd89e1429d5151e511454,4b73468fc5b0f1950f9f66fada70ad3a4f9327cb,StatsBomb Open Data via Stage91 + Stage92 verified identity bridge,true,true,false,false,false,false,false,false
30785,A. Schäfer,42822,András Schäfer,3930177,916,Hungary,2024-06-23,55,UEFA Euro,282,2024,2,2,0,0.066007694,0.066007694,0.000000000,0,0.000000000,EXACT_FULL_NAME_VIA_VERIFIED_TRANSFER,HIGH,fca58f820da6b63d59b5dc0d9f960137522da312a94beb1a0d3618995b05701f,910b8cbb1f6f8196e0e47e4ab70803105348b0161b23088cc4fdfb39c368ddf8,4b73468fc5b0f1950f9f66fada70ad3a4f9327cb,StatsBomb Open Data via Stage91 + Stage92 verified identity bridge,true,true,false,false,false,false,false,false
31073,E. Goldaniga,8102,Edoardo Goldaniga,3879624,2256,Palermo,2015-11-22,12,Serie A,27,2015/2016,1,1,0,0.141681270,0.141681270,0.000000000,0,0.000000000,EXACT_FULL_NAME_VIA_VERIFIED_TRANSFER,HIGH,f3b49bd6b4adec1439c862163da30c7a0911f29d9c0ec530dc14dbb3bf4a5dd4,56305fb7f31428eb5816ea3256078ee483383529b6b67214f838cd6cf644bf81,4b73468fc5b0f1950f9f66fada70ad3a4f9327cb,StatsBomb Open Data via Stage91 + Stage92 verified identity bridge,true,true,false,false,false,false,false,false
31073,E. Goldaniga,8102,Edoardo Goldaniga,3879644,2256,Palermo,2015-12-06,12,Serie A,27,2015/2016,0,0,0,0.000000000,0.000000000,0.000000000,1,0.027731834,EXACT_FULL_NAME_VIA_VERIFIED_TRANSFER,HIGH,efe6086b0deaab120573bbcc6cf4bd5432f079dbc6f4b797a50b03b680f181bf,e413a6a512bc1377900b3aa9c643764a606d163d226766bb86d9970a71e4ef58,4b73468fc5b0f1950f9f66fada70ad3a4f9327cb,StatsBomb Open Data via Stage91 + Stage92 verified identity bridge,true,true,false,false,false,false,false,false
31073,E. Goldaniga,8102,Edoardo Goldaniga,3879649,2256,Palermo,2015-12-12,12,Serie A,27,2015/2016,1,1,0,0.447751900,0.447751900,0.000000000,0,0.000000000,EXACT_FULL_NAME_VIA_VERIFIED_TRANSFER,HIGH,91f3d70333a96a1ec599c8952952372c73dd49487469806ace1a321ab3c7ef05,15f4db0696c38b8bb0c62482e7e5de944c8004663be870944294af8446761fcd,4b73468fc5b0f1950f9f66fada70ad3a4f9327cb,StatsBomb Open Data via Stage91 + Stage92 verified identity bridge,true,true,false,false,false,false,false,false
31073,E. Goldaniga,8102,Edoardo Goldaniga,3879664,2256,Palermo,2015-12-20,12,Serie A,27,2015/2016,1,1,0,0.003983254,0.003983254,0.000000000,0,0.000000000,EXACT_FULL_NAME_VIA_VERIFIED_TRANSFER,HIGH,2892c8b8233b2220b7c60b17fa5789271075d128cf5370104b276e7d3864b93b,000fa4ab8380ba3904a5afc620fbd58f6ebb33fad89d7b2d9662ddf68cbaa95a,4b73468fc5b0f1950f9f66fada70ad3a4f9327cb,StatsBomb Open Data via Stage91 + Stage92 verified identity bridge,true,true,false,false,false,false,false,false
31073,E. Goldaniga,8102,Edoardo Goldaniga,3879671,2256,Palermo,2016-01-06,12,Serie A,27,2015/2016,2,2,0,0.197941300,0.197941300,0.000000000,0,0.000000000,EXACT_FULL_NAME_VIA_VERIFIED_TRANSFER,HIGH,b0fc7c7f0644e71464a9cdf87cc7cfa9d3e3a53547d30a2f9dcd67cd5b4daa01,3c74346d783ba7da673fcedea58569c326bd30226a38594d0e3816b6058a1675,4b73468fc5b0f1950f9f66fada70ad3a4f9327cb,StatsBomb Open Data via Stage91 + Stage92 verified identity bridge,true,true,false,false,false,false,false,false
31073,E. Goldaniga,8102,Edoardo Goldaniga,3879683,2256,Palermo,2016-01-10,12,Serie A,27,2015/2016,1,1,0,0.261112930,0.261112930,0.000000000,0,0.000000000,EXACT_FULL_NAME_VIA_VERIFIED_TRANSFER,HIGH,5c431bc262f955273d115805b353b139a9987e8b7e87af6b2af5f34d8de94358,e06e767ec7a8bd2112b3de67964e9c317de4e6c5fcf2d00cb6e7048426828be3,4b73468fc5b0f1950f9f66fada70ad3a4f9327cb,StatsBomb Open Data via Stage91 + Stage92 verified identity bridge,true,true,false,false,false,false,false,false
31073,E. Goldaniga,8102,Edoardo Goldaniga,3879700,2256,Palermo,2016-01-24,12,Serie A,27,2015/2016,0,0,0,0.000000000,0.000000000,0.000000000,1,0.444584070,EXACT_FULL_NAME_VIA_VERIFIED_TRANSFER,HIGH,1a87a15ab5d2750c861504b2853aef4cd51ffee83f28873f25aa44d00e81af43,916c09c6b7d0618e19723d89148730519083c5fc1377e3f9af4b06c7d5a33005,4b73468fc5b0f1950f9f66fada70ad3a4f9327cb,StatsBomb Open Data via Stage91 + Stage92 verified identity bridge,true,true,false,false,false,false,false,false
31137,S. Sabelli,30750,Stefano Sabelli,3879738,1683,Carpi,2016-02-12,12,Serie A,27,2015/2016,1,1,0,0.026289353,0.026289353,0.000000000,1,0.046253170,EXACT_FULL_NAME_VIA_VERIFIED_TRANSFER,HIGH,1225f297216a4b66fbc051a4e816ab5fa10c050e41bac8bbe39fec4845d781c1,04a98b1251c719b7269b5b6036494e045d58cb6e74a02effa910f52c61525f2b,4b73468fc5b0f1950f9f66fada70ad3a4f9327cb,StatsBomb Open Data via Stage91 + Stage92 verified identity bridge,true,true,false,false,false,false,false,false
31137,S. Sabelli,30750,Stefano Sabelli,3879819,1683,Carpi,2016-04-16,12,Serie A,27,2015/2016,1,1,0,0.128070800,0.128070800,0.000000000,0,0.000000000,EXACT_FULL_NAME_VIA_VERIFIED_TRANSFER,HIGH,6498460cad0847e3acfeafc071f53a898bad258a41e9f27725115d1c1dace0c2,11667209108eb8ab4781d3b38220da941c6214259e9ded9a7e1592518ed7b946,4b73468fc5b0f1950f9f66fada70ad3a4f9327cb,StatsBomb Open Data via Stage91 + Stage92 verified identity bridge,true,true,false,false,false,false,false,false
31137,S. Sabelli,30750,Stefano Sabelli,3879836,1683,Carpi,2016-04-21,12,Serie A,27,2015/2016,0,0,0,0.000000000,0.000000000,0.000000000,1,0.033514313,EXACT_FULL_NAME_VIA_VERIFIED_TRANSFER,HIGH,433491dc040c28913d54c68ebb8f0dd4cb5e41cae01ee15b8810a2936f866083,00e8a9b3c0e8a2572422402130bce38dde1aed25e07234db53d8d9d133ed3e37,4b73468fc5b0f1950f9f66fada70ad3a4f9327cb,StatsBomb Open Data via Stage91 + Stage92 verified identity bridge,true,true,false,false,false,false,false,false
31137,S. Sabelli,30750,Stefano Sabelli,3879850,1683,Carpi,2016-05-01,12,Serie A,27,2015/2016,2,2,0,0.078902505,0.078902505,0.000000000,0,0.000000000,EXACT_FULL_NAME_VIA_VERIFIED_TRANSFER,HIGH,2373e1dff28daa1452772c5adb58c04b3ae4da514eec3d6ef3cff2897574b982,eec6619c76c17a80e953478238c36e8095f36866c175591d431ef0b9669b379e,4b73468fc5b0f1950f9f66fada70ad3a4f9327cb,StatsBomb Open Data via Stage91 + Stage92 verified identity bridge,true,true,false,false,false,false,false,false
31137,S. Sabelli,30750,Stefano Sabelli,3879871,1683,Carpi,2016-05-15,12,Serie A,27,2015/2016,0,0,0,0.000000000,0.000000000,0.000000000,3,0.159744219,EXACT_FULL_NAME_VIA_VERIFIED_TRANSFER,HIGH,fd6b5acd6f0e932269e1be6e50aac1fdf4d5977a85df6b7341c2f622bb822477,4239285bbc6b8753da2c753390de87b0d4dcfb36295db46b7165e699b3922bf3,4b73468fc5b0f1950f9f66fada70ad3a4f9327cb,StatsBomb Open Data via Stage91 + Stage92 verified identity bridge,true,true,false,false,false,false,false,false
3246,N. Pépé,3013,Nicolas Pépé,3837727,136,OGC Nice,2022-10-01,7,Ligue 1,235,2022/2023,0,0,0,0.000000000,0.000000000,0.000000000,1,0.044472660,EXACT_FULL_NAME_VIA_VERIFIED_TRANSFER,HIGH,2bb9ce55a61b040440f050216ecd99ba695aff382ef0b71061f3f9aea101599a,0cc105c6f709b315f97701e862a00eded0e81a7168cba0ab02d49b9256d69453,4b73468fc5b0f1950f9f66fada70ad3a4f9327cb,StatsBomb Open Data via Stage91 + Stage92 verified identity bridge,true,true,false,false,false,false,false,false
3246,N. Pépé,3013,Nicolas Pépé,3837938,136,OGC Nice,2023-04-08,7,Ligue 1,235,2022/2023,4,4,0,0.462134333,0.462134333,0.000000000,4,0.155988164,EXACT_FULL_NAME_VIA_VERIFIED_TRANSFER,HIGH,341e2822332eeb1c8b610de4ec5903e172f12f564a6492f93acb216337811b4a,128e25cf1bc80446e9da7a2b6eb1ef86d6001ca4372b7b93baf4bac903cf79eb,4b73468fc5b0f1950f9f66fada70ad3a4f9327cb,StatsBomb Open Data via Stage91 + Stage92 verified identity bridge,true,true,false,false,false,false,false,false
3246,N. Pépé,3013,Nicolas Pépé,3920384,3374,Côte d'Ivoire,2024-01-13,1267,African Cup of Nations,107,2023,1,1,0,0.095529630,0.095529630,0.000000000,0,0.000000000,EXACT_FULL_NAME_VIA_VERIFIED_TRANSFER,HIGH,a3edbdf15bf3eebfa4ed05bd49a254c5aeeb0b3a4e487b5b0b9e46584084e78a,d5fa3de3a60e1bbc0299b364efc057456eadf67705e5f30feb5c3d7b9b651dc6,4b73468fc5b0f1950f9f66fada70ad3a4f9327cb,StatsBomb Open Data via Stage91 + Stage92 verified identity bridge,true,true,false,false,false,false,false,false
3246,N. Pépé,3013,Nicolas Pépé,3920398,3374,Côte d'Ivoire,2024-01-18,1267,African Cup of Nations,107,2023,0,0,0,0.000000000,0.000000000,0.000000000,2,0.094931147,EXACT_FULL_NAME_VIA_VERIFIED_TRANSFER,HIGH,cae7942e7d8f8ccfbb3b665c576c6702b2c75568c8464761a0f45ff5ade3abf6,b4254378c62d55f70f619288553837c1dde95fa7962fb3c13041b50162eceaff,4b73468fc5b0f1950f9f66fada70ad3a4f9327cb,StatsBomb Open Data via Stage91 + Stage92 verified identity bridge,true,true,false,false,false,false,false,false
3246,N. Pépé,3013,Nicolas Pépé,3920408,3374,Côte d'Ivoire,2024-01-22,1267,African Cup of Nations,107,2023,1,1,0,0.019947974,0.019947974,0.000000000,2,0.183533780,EXACT_FULL_NAME_VIA_VERIFIED_TRANSFER,HIGH,8813d7d1dc5637e9e8013a45af454889d8ab70ceb77a05850d1384fa67f6bb2e,13e728a66d0d584bf2dffae5af1dde3dcb4829a0079e589bb43d12f1ebe4c02d,4b73468fc5b0f1950f9f66fada70ad3a4f9327cb,StatsBomb Open Data via Stage91 + Stage92 verified identity bridge,true,true,false,false,false,false,false,false
3246,N. Pépé,3013,Nicolas Pépé,3922242,3374,Côte d'Ivoire,2024-01-29,1267,African Cup of Nations,107,2023,2,1,1,0.888389490,0.104889490,0.783500000,1,0.030940711,EXACT_FULL_NAME_VIA_VERIFIED_TRANSFER,HIGH,755f1896fe28d4ffb2f62eede9cfee51c829e6d9c1cb3a5e8780fd03649b69c3,1b9a34357989b41f25d411cb976c7047744749f8b1d20eb8457a39415b54b26e,4b73468fc5b0f1950f9f66fada70ad3a4f9327cb,StatsBomb Open Data via Stage91 + Stage92 verified identity bridge,true,true,false,false,false,false,false,false
3246,N. Pépé,3013,Nicolas Pépé,3922659,3374,Côte d'Ivoire,2024-02-03,1267,African Cup of Nations,107,2023,1,1,0,0.059566945,0.059566945,0.000000000,0,0.000000000,EXACT_FULL_NAME_VIA_VERIFIED_TRANSFER,HIGH,15cbebeb3af3b1a8bb1d6daa7b5de3a09709b1d2ff967e150fa0cc00e0a11ace,d45d75239ce478618e779ab10821bc11d63f3f0488e40ac0f24effed62b6a069,4b73468fc5b0f1950f9f66fada70ad3a4f9327cb,StatsBomb Open Data via Stage91 + Stage92 verified identity bridge,true,true,false,false,false,false,false,false
326068,K. Doumbia,162132,Kamory Doumbia,3837839,156,Stade de Reims,2023-01-29,7,Ligue 1,235,2022/2023,0,0,0,0.000000000,0.000000000,0.000000000,1,0.609651100,EXACT_FULL_NAME_VIA_VERIFIED_TRANSFER,HIGH,7e89469f1c00cc0c0f6458a1eec36f9b93cf789691e071c4253e2ef29c6dbeb4,45d87353d5a32fbe0dbcf1648499d573044af9649b39b86f8a79e2666e1465f5,4b73468fc5b0f1950f9f66fada70ad3a4f9327cb,StatsBomb Open Data via Stage91 + Stage92 verified identity bridge,true,true,false,false,false,false,false,false
326068,K. Doumbia,162132,Kamory Doumbia,3920391,4930,Mali,2024-01-16,1267,African Cup of Nations,107,2023,4,4,0,0.175579845,0.175579845,0.000000000,2,0.236893397,EXACT_FULL_NAME_VIA_VERIFIED_TRANSFER,HIGH,71f8a5c8e30b7eb45061f3e2770f674cf39063def3abf7520805ee052daf68e5,caecf587e6f8a792e251f728555b773003fcd2d97978f87fc8a892231c36b4d9,4b73468fc5b0f1950f9f66fada70ad3a4f9327cb,StatsBomb Open Data via Stage91 + Stage92 verified identity bridge,true,true,false,false,false,false,false,false
326068,K. Doumbia,162132,Kamory Doumbia,3920404,4930,Mali,2024-01-20,1267,African Cup of Nations,107,2023,2,2,0,0.183973308,0.183973308,0.000000000,2,0.089197585,EXACT_FULL_NAME_VIA_VERIFIED_TRANSFER,HIGH,3d0a21735b87015016ef66c1ce932c3e5bfc0ca8e169f0c1c1df89df4d50c0f9,f97b42e12233ac91be79765f25f6b9a3bff67c9fa916d330618aa4dfc98f8d6e,4b73468fc5b0f1950f9f66fada70ad3a4f9327cb,StatsBomb Open Data via Stage91 + Stage92 verified identity bridge,true,true,false,false,false,false,false,false
326068,K. Doumbia,162132,Kamory Doumbia,3920417,4930,Mali,2024-01-24,1267,African Cup of Nations,107,2023,0,0,0,0.000000000,0.000000000,0.000000000,1,0.122952580,EXACT_FULL_NAME_VIA_VERIFIED_TRANSFER,HIGH,11f1d73590bcb8c676d63b0c404ecf222e525b305d6313b5cf8654a836f7ed11,37803035840003db16867de52d441214e37c6ab7464490a3f6f229d1ea6699d6,4b73468fc5b0f1950f9f66fada70ad3a4f9327cb,StatsBomb Open Data via Stage91 + Stage92 verified identity bridge,true,true,false,false,false,false,false,false
326068,K. Doumbia,162132,Kamory Doumbia,3922244,4930,Mali,2024-01-30,1267,African Cup of Nations,107,2023,3,3,0,0.177356632,0.177356632,0.000000000,0,0.000000000,EXACT_FULL_NAME_VIA_VERIFIED_TRANSFER,HIGH,d17d19f3efa165b4f0e2882a4dda63c38ff48f102c75cb4f006c6fe999a672e0,2b955c9285596861774c7b0f6cae2bf4fb3dccf04cb1f6a981540dbce36b9081,4b73468fc5b0f1950f9f66fada70ad3a4f9327cb,StatsBomb Open Data via Stage91 + Stage92 verified identity bridge,true,true,false,false,false,false,false,false
326068,K. Doumbia,162132,Kamory Doumbia,3922659,4930,Mali,2024-02-03,1267,African Cup of Nations,107,2023,0,0,0,0.000000000,0.000000000,0.000000000,1,0.081963840,EXACT_FULL_NAME_VIA_VERIFIED_TRANSFER,HIGH,cb3f0aaa6a8c57d46fb7be94e7789562908a107ba09bfef8429418929036554d,d45d75239ce478618e779ab10821bc11d63f3f0488e40ac0f24effed62b6a069,4b73468fc5b0f1950f9f66fada70ad3a4f9327cb,StatsBomb Open Data via Stage91 + Stage92 verified identity bridge,true,true,false,false,false,false,false,false
328225,B. Gruda,363583,Brajan Gruda,3895095,177,FSV Mainz 05,2023-09-30,9,1. Bundesliga,281,2023/2024,1,1,0,0.025721980,0.025721980,0.000000000,1,0.040845540,EXACT_FULL_NAME_VIA_VERIFIED_TRANSFER,HIGH,8a1c2f414c72b6a0f770e473d535fe105c22c2aeaa4cabd84e042b51b1ce5ae4,5f6d8200d5850f087450547b2755196a25e449836266a820bb55652182a44a2a,4b73468fc5b0f1950f9f66fada70ad3a4f9327cb,StatsBomb Open Data via Stage91 + Stage92 verified identity bridge,true,true,false,false,false,false,false,false
328225,B. Gruda,363583,Brajan Gruda,3895250,177,FSV Mainz 05,2024-02-23,9,1. Bundesliga,281,2023/2024,0,0,0,0.000000000,0.000000000,0.000000000,1,0.041426830,EXACT_FULL_NAME_VIA_VERIFIED_TRANSFER,HIGH,b775b2131548ac3f40af3837f70946f1f4e5ef071c362f5e1bb5934924993831,a30ed91a22ef21a450b1bd0259d60ce31479b1bd95c6c3808d0d365d96c78cd1,4b73468fc5b0f1950f9f66fada70ad3a4f9327cb,StatsBomb Open Data via Stage91 + Stage92 verified identity bridge,true,true,false,false,false,false,false,false
333,A. Milik,5665,Arkadiusz Milik,3802902,147,Olympique de Marseille,2021-10-24,7,Ligue 1,108,2021/2022,1,1,0,0.103287390,0.103287390,0.000000000,0,0.000000000,EXACT_FULL_NAME_VIA_VERIFIED_TRANSFER,HIGH,10700b1458e2b0c60b0575ca100c4a690984ac08e25163bd99ae04256f9ef345,c25dae77554d054be079f29c5c6b964e0ce5e3046a40dff6ddbaa1438fd10848,4b73468fc5b0f1950f9f66fada70ad3a4f9327cb,StatsBomb Open Data via Stage91 + Stage92 verified identity bridge,true,true,false,false,false,false,false,false
333,A. Milik,5665,Arkadiusz Milik,3857297,789,Poland,2022-11-26,43,FIFA World Cup,106,2022,1,1,0,0.135197330,0.135197330,0.000000000,0,0.000000000,EXACT_FULL_NAME_VIA_VERIFIED_TRANSFER,HIGH,187ce1a3dc2660fbd5f080f50823e8af36da5cfffd1b5f48dcff887f0151f781,f1da376d709ee6b6ae148c7da0319bc939c951bce52501e5ce510297a87e739e,4b73468fc5b0f1950f9f66fada70ad3a4f9327cb,StatsBomb Open Data via Stage91 + Stage92 verified identity bridge,true,true,false,false,false,false,false,false
333,A. Milik,5665,Arkadiusz Milik,7539,789,Poland,2018-06-19,43,FIFA World Cup,3,2018,1,1,0,0.121662260,0.121662260,0.000000000,0,0.000000000,EXACT_FULL_NAME_VIA_VERIFIED_TRANSFER,HIGH,feb147efcf806922797b3fe153f1a00be8772f09ab55de5ec31f2b896232816b,74460cd8d8a3a6cff7368de129325e332234acb3067df10e0b5cbe39cf4159a1,4b73468fc5b0f1950f9f66fada70ad3a4f9327cb,StatsBomb Open Data via Stage91 + Stage92 verified identity bridge,true,true,false,false,false,false,false,false
335051,João Neves,143859,João Neves,3938644,780,Portugal,2024-06-26,55,UEFA Euro,282,2024,1,1,0,0.044234637,0.044234637,0.000000000,0,0.000000000,EXACT_FULL_NAME_VIA_VERIFIED_TRANSFER,HIGH,d031ae5f2a1b749c5fd9af23a94a917a8720b3e90670de5bd1c4930c77bdd6a7,035d749ae58bf59036337da95274ced93d7c68d7dbd9a3ecd2609ced87133893,4b73468fc5b0f1950f9f66fada70ad3a4f9327cb,StatsBomb Open Data via Stage91 + Stage92 verified identity bridge,true,true,false,false,false,false,false,false
335071,M. Berisha,142800,Medon Berisha,3930179,906,Albania,2024-06-24,55,UEFA Euro,282,2024,1,1,0,0.031800460,0.031800460,0.000000000,0,0.000000000,EXACT_FULL_NAME_VIA_VERIFIED_TRANSFER,HIGH,4e02164bc5f27505ec09764b714e3b6f12914a4d3866a5333b93685bc13916a5,0a23a335c0d9c885a7d549da60206102d04c85576d357418328fd5664a81f9f0,4b73468fc5b0f1950f9f66fada70ad3a4f9327cb,StatsBomb Open Data via Stage91 + Stage92 verified identity bridge,true,true,false,false,false,false,false,false
343027,D. Doué,214013,Désiré Doué,3837918,134,Rennes,2023-03-19,7,Ligue 1,235,2022/2023,0,0,0,0.000000000,0.000000000,0.000000000,2,0.130551897,EXACT_FULL_NAME_VIA_VERIFIED_TRANSFER,HIGH,0bee0999733c118cddadcb6a64fe6d7d825c2247e1fa68a42dd208f4081a45c2,f2f8730858bb9f92a2bf56dcf67428c2261b610374af72f59abde99319b63ff0,4b73468fc5b0f1950f9f66fada70ad3a4f9327cb,StatsBomb Open Data via Stage91 + Stage92 verified identity bridge,true,true,false,false,false,false,false,false
348888,M. Kömür,316237,Mert Kömür,3895348,172,Augsburg,2024-05-18,9,1. Bundesliga,281,2023/2024,1,1,0,0.104352160,0.104352160,0.000000000,0,0.000000000,EXACT_FULL_NAME_VIA_VERIFIED_TRANSFER,HIGH,0563b33ef2e494ed10b1c71949518b24c8302a7d00b85b753c0c809b0a7eb8b5,a6e46131364655d9bef96487b9fee1cea207a943cceb9b660d964337c8ffe91e,4b73468fc5b0f1950f9f66fada70ad3a4f9327cb,StatsBomb Open Data via Stage91 + Stage92 verified identity bridge,true,true,false,false,false,false,false,false
355167,Max Finkgräfe,405983,Max Finkgräfe,3895107,186,FC Köln,2023-10-08,9,1. Bundesliga,281,2023/2024,1,1,0,0.110310300,0.110310300,0.000000000,0,0.000000000,EXACT_FULL_NAME_VIA_VERIFIED_TRANSFER,HIGH,beb957b81453845812286132b5edbc67104e6352955e585dfed7a2895a2f7e2b,0a37a536bfed09bedb9ac8b9fa93fc111e4b75d735940d51bd031c30b05e00bb,4b73468fc5b0f1950f9f66fada70ad3a4f9327cb,StatsBomb Open Data via Stage91 + Stage92 verified identity bridge,true,true,false,false,false,false,false,false
355167,Max Finkgräfe,405983,Max Finkgräfe,3895258,186,FC Köln,2024-03-03,9,1. Bundesliga,281,2023/2024,0,0,0,0.000000000,0.000000000,0.000000000,1,0.037996390,EXACT_FULL_NAME_VIA_VERIFIED_TRANSFER,HIGH,496d1cbbfce2d484cc0fe2f15b2521e0cf01b9fbbde1f355d3b7b90dfd503b91,2b438ed6a9a4eb20073baed3db69641c309c92d6551c3e1083915d7d05d97d4c,4b73468fc5b0f1950f9f66fada70ad3a4f9327cb,StatsBomb Open Data via Stage91 + Stage92 verified identity bridge,true,true,false,false,false,false,false,false
36899,T. Koopmeiners,7891,Teun Koopmeiners,3857274,941,Netherlands,2022-11-25,43,FIFA World Cup,106,2022,1,1,0,0.045204540,0.045204540,0.000000000,0,0.000000000,EXACT_FULL_NAME_VIA_VERIFIED_TRANSFER,HIGH,e38553da2540c3df7e376805d41a1d314e2876eb700a294a69a1ee44ce2986ca,043d1269b519096a3af5233de4efa22ecf8fff50d2507022a8a984f6d9a59ecc,4b73468fc5b0f1950f9f66fada70ad3a4f9327cb,StatsBomb Open Data via Stage91 + Stage92 verified identity bridge,true,true,false,false,false,false,false,false
36899,T. Koopmeiners,7891,Teun Koopmeiners,3857285,941,Netherlands,2022-11-21,43,FIFA World Cup,106,2022,0,0,0,0.000000000,0.000000000,0.000000000,1,0.102816984,EXACT_FULL_NAME_VIA_VERIFIED_TRANSFER,HIGH,976702f464465982d27cff46ccb5d63012fb33a1868e08796979ab9667e17dfd,35bc1ccc42a5a8b9fd9c32b924640f9d12aba7ecbf7bfd3d4dffd0fd5c7e65bd,4b73468fc5b0f1950f9f66fada70ad3a4f9327cb,StatsBomb Open Data via Stage91 + Stage92 verified identity bridge,true,true,false,false,false,false,false,false
36899,T. Koopmeiners,7891,Teun Koopmeiners,3869117,941,Netherlands,2022-12-03,43,FIFA World Cup,106,2022,1,1,0,0.044726130,0.044726130,0.000000000,0,0.000000000,EXACT_FULL_NAME_VIA_VERIFIED_TRANSFER,HIGH,44000b83eb91eba781814ff46230bbcff5060c2d473e79e64817c91c4a64932e,7610da69013777bd6117eb955d9d51eb7eb6131a2ae71f5d20b6b7033877a105,4b73468fc5b0f1950f9f66fada70ad3a4f9327cb,StatsBomb Open Data via Stage91 + Stage92 verified identity bridge,true,true,false,false,false,false,false,false
36899,T. Koopmeiners,7891,Teun Koopmeiners,3869321,941,Netherlands,2022-12-09,43,FIFA World Cup,106,2022,1,0,1,0.783500000,0.000000000,0.783500000,1,0.219593150,EXACT_FULL_NAME_VIA_VERIFIED_TRANSFER,HIGH,a1c3f26dcaaeb16833c530122d124a235aef64b3096c077a8637c8aa396e6f6b,39a3564279bf533d6d5542489e3d79b45caf1407c05f13123b05a0880309b4b3,4b73468fc5b0f1950f9f66fada70ad3a4f9327cb,StatsBomb Open Data via Stage91 + Stage92 verified identity bridge,true,true,false,false,false,false,false,false
37127,M. Ødegaard,8252,Martin Ødegaard,303479,210,Real Sociedad,2020-03-07,11,La Liga,42,2019/2020,1,1,0,0.090227194,0.090227194,0.000000000,2,0.169695960,EXACT_FULL_NAME_VIA_VERIFIED_TRANSFER,HIGH,ccac0d124edfa5b71fc3e9893432e47d326d6441c3695e8296bf24784c0d959d,188222130e3a7a8c55b2822c3b36d409d3b7a8c7505845a08d95dfd93ab83856,4b73468fc5b0f1950f9f66fada70ad3a4f9327cb,StatsBomb Open Data via Stage91 + Stage92 verified identity bridge,true,true,false,false,false,false,false,false
37127,M. Ødegaard,8252,Martin Ødegaard,303664,210,Real Sociedad,2019-12-14,11,La Liga,42,2019/2020,5,5,0,0.149676147,0.149676147,0.000000000,3,0.236628551,EXACT_FULL_NAME_VIA_VERIFIED_TRANSFER,HIGH,7951ce2969749bb47ea3dbf22afb561a9a25c5e70fa3c300e924b23a8b505327,7a4f479b93d1a1a3d9bc09eda1cec06762da8892cecf26896a4d51326402d971,4b73468fc5b0f1950f9f66fada70ad3a4f9327cb,StatsBomb Open Data via Stage91 + Stage92 verified identity bridge,true,true,false,false,false,false,false,false
415,W. McKennie,8526,Weston McKennie,3857272,1839,United States,2022-11-25,43,FIFA World Cup,106,2022,2,2,0,0.215000596,0.215000596,0.000000000,1,0.048006557,EXACT_FULL_NAME_VIA_VERIFIED_TRANSFER,HIGH,f5d623c324b1306f16c68fe583a691955e05ac3c4f79cafe5d81a749e3f621db,f749b56c04cec2030cbb07cb421402f91393c2c7be4539a4664e0798ddc5d147,4b73468fc5b0f1950f9f66fada70ad3a4f9327cb,StatsBomb Open Data via Stage91 + Stage92 verified identity bridge,true,true,false,false,false,false,false,false
415,W. McKennie,8526,Weston McKennie,3857278,1839,United States,2022-11-29,43,FIFA World Cup,106,2022,0,0,0,0.000000000,0.000000000,0.000000000,1,0.011004616,EXACT_FULL_NAME_VIA_VERIFIED_TRANSFER,HIGH,8d16aa9ff53193a9b4cd48b98062cce00ebfc80aabe5c9197e102ec833623524,3ffcce54c0e0575ddaa075021beeb91fbf57e5bdc42e072930c2cee9d60918e6,4b73468fc5b0f1950f9f66fada70ad3a4f9327cb,StatsBomb Open Data via Stage91 + Stage92 verified identity bridge,true,true,false,false,false,false,false,false
415,W. McKennie,8526,Weston McKennie,3869117,1839,United States,2022-12-03,43,FIFA World Cup,106,2022,3,3,0,0.160661354,0.160661354,0.000000000,1,0.040512722,EXACT_FULL_NAME_VIA_VERIFIED_TRANSFER,HIGH,15605e1bfca5b1fa14edaa6b7093f50dc2ba23dfcaa62310e7a88face0a43b62,7610da69013777bd6117eb955d9d51eb7eb6131a2ae71f5d20b6b7033877a105,4b73468fc5b0f1950f9f66fada70ad3a4f9327cb,StatsBomb Open Data via Stage91 + Stage92 verified identity bridge,true,true,false,false,false,false,false,false
415,W. McKennie,8526,Weston McKennie,3939974,1839,United States,2024-06-23,223,Copa America,282,2024,0,0,0,0.000000000,0.000000000,0.000000000,1,0.069373840,EXACT_FULL_NAME_VIA_VERIFIED_TRANSFER,HIGH,817492d54a8a06602a20d86c9ce0d587d2bef4c4febbe9f8341273a99e551145,37b297bc3204dbb4f33acffab084428411b1a313b4139e7d0ce6c654476c4bbb,4b73468fc5b0f1950f9f66fada70ad3a4f9327cb,StatsBomb Open Data via Stage91 + Stage92 verified identity bridge,true,true,false,false,false,false,false,false
415,W. McKennie,8526,Weston McKennie,3939981,1839,United States,2024-06-27,223,Copa America,282,2024,1,1,0,0.140927340,0.140927340,0.000000000,1,0.537859440,EXACT_FULL_NAME_VIA_VERIFIED_TRANSFER,HIGH,3a8a6bd0cb60d41cb0b63edc833eb00f8bf600d5ef782d28073c42962d43610a,6c23dd738d673a18ce12f6afba26871e905190b622c0f33e25f4b5bf12e3d4ab,4b73468fc5b0f1950f9f66fada70ad3a4f9327cb,StatsBomb Open Data via Stage91 + Stage92 verified identity bridge,true,true,false,false,false,false,false,false
415,W. McKennie,8526,Weston McKennie,3939990,1839,United States,2024-07-02,223,Copa America,282,2024,1,1,0,0.096499160,0.096499160,0.000000000,1,0.040504940,EXACT_FULL_NAME_VIA_VERIFIED_TRANSFER,HIGH,e833535e66e250026147e1408380c48000b88404ac5469aeafdd0d2bad844cdf,934f8bef37ae1ed010fe2e6a8adec3816ef89a7b8be08825d6976c2af243bd45,4b73468fc5b0f1950f9f66fada70ad3a4f9327cb,StatsBomb Open Data via Stage91 + Stage92 verified identity bridge,true,true,false,false,false,false,false,false
45826,S. Pavlović,27719,Strahinja Pavlović,3857258,786,Serbia,2022-11-24,43,FIFA World Cup,106,2022,1,1,0,0.098937765,0.098937765,0.000000000,0,0.000000000,EXACT_FULL_NAME_VIA_VERIFIED_TRANSFER,HIGH,4da5f321a2c486c36d23d38aadc0b998ed67ef3ab97ad4873212ceaff864c866,f2673d5bc27b1b44255711c64f7d3d12c85a484244751211b2248a8909b06681,4b73468fc5b0f1950f9f66fada70ad3a4f9327cb,StatsBomb Open Data via Stage91 + Stage92 verified identity bridge,true,true,false,false,false,false,false,false
45826,S. Pavlović,27719,Strahinja Pavlović,3857259,786,Serbia,2022-11-28,43,FIFA World Cup,106,2022,1,1,0,0.078928120,0.078928120,0.000000000,0,0.000000000,EXACT_FULL_NAME_VIA_VERIFIED_TRANSFER,HIGH,c1c1fd59024c7ac1e336a9f8cbbe495c13bc3c2ccf08494dcc258e668e02e090,a5c415088b6b5355d37158bcd34958db10e958c3fd94d2e3ab4e35b5c114261c,4b73468fc5b0f1950f9f66fada70ad3a4f9327cb,StatsBomb Open Data via Stage91 + Stage92 verified identity bridge,true,true,false,false,false,false,false,false
45826,S. Pavlović,27719,Strahinja Pavlović,3930170,786,Serbia,2024-06-20,55,UEFA Euro,282,2024,0,0,0,0.000000000,0.000000000,0.000000000,1,0.032908905,EXACT_FULL_NAME_VIA_VERIFIED_TRANSFER,HIGH,2ae09c31ead82f95b76d0c4d0b6294902139741d91649563d9fed8cf2fdc2030,03767f106a8d4f20fdd40e7d0f6533e99f03cb50eb52ea0ef35958d3196b7a87,4b73468fc5b0f1950f9f66fada70ad3a4f9327cb,StatsBomb Open Data via Stage91 + Stage92 verified identity bridge,true,true,false,false,false,false,false,false
47438,M. Jensen,18722,Mathias Jensen,3788742,776,Denmark,2021-06-12,55,UEFA Euro,43,2020,1,1,0,0.040802725,0.040802725,0.000000000,0,0.000000000,EXACT_FULL_NAME_VIA_VERIFIED_TRANSFER,HIGH,542d59e1bdb4569c46d3b917b8d27720717241821c336baaaaf6a9aee03b28c0,b056ce9c4daec974f06b6360bd11b827f08324701402e1a62d8af95244c372ff,4b73468fc5b0f1950f9f66fada70ad3a4f9327cb,StatsBomb Open Data via Stage91 + Stage92 verified identity bridge,true,true,false,false,false,false,false,false
47438,M. Jensen,18722,Mathias Jensen,3788757,776,Denmark,2021-06-17,55,UEFA Euro,43,2020,1,1,0,0.034532060,0.034532060,0.000000000,0,0.000000000,EXACT_FULL_NAME_VIA_VERIFIED_TRANSFER,HIGH,f4dd90096aa5a62316abc1fda9294c7e8e403413727ef4892386929c91a774ae,17b81c3f5606de6a7895e5de9f94663e9ab851d9aca563e944e68f4349d7501f,4b73468fc5b0f1950f9f66fada70ad3a4f9327cb,StatsBomb Open Data via Stage91 + Stage92 verified identity bridge,true,true,false,false,false,false,false,false
47438,M. Jensen,18722,Mathias Jensen,3794689,776,Denmark,2021-06-26,55,UEFA Euro,43,2020,0,0,0,0.000000000,0.000000000,0.000000000,2,0.234724010,EXACT_FULL_NAME_VIA_VERIFIED_TRANSFER,HIGH,90cf287296c4d4b01fffb9f457dc5664f918376c2ab147115672b59c0101a525,a656485b1fd8f827e15beb0fb39a12b3dd4f88713e3cf12235599098f6ed07e2,4b73468fc5b0f1950f9f66fada70ad3a4f9327cb,StatsBomb Open Data via Stage91 + Stage92 verified identity bridge,true,true,false,false,false,false,false,false
47438,M. Jensen,18722,Mathias Jensen,3857254,776,Denmark,2022-11-22,43,FIFA World Cup,106,2022,1,1,0,0.028723570,0.028723570,0.000000000,2,0.230490780,EXACT_FULL_NAME_VIA_VERIFIED_TRANSFER,HIGH,b03e1d3b9094e4afcc17ce76b831739ab5c2aeb5ecbc1cfe92719394a8de7afb,29505cd22ffcf602135bf603208bbe0e16b7db2ff970d732f325915f41457bad,4b73468fc5b0f1950f9f66fada70ad3a4f9327cb,StatsBomb Open Data via Stage91 + Stage92 verified identity bridge,true,true,false,false,false,false,false,false
47438,M. Jensen,18722,Mathias Jensen,3857257,776,Denmark,2022-11-30,43,FIFA World Cup,106,2022,1,1,0,0.019605601,0.019605601,0.000000000,2,0.140715613,EXACT_FULL_NAME_VIA_VERIFIED_TRANSFER,HIGH,42e1eabaee227e5aab98b5a3fc825811cda363e20f0cd807e8a54165f3ad5edd,2a6d1e5a51f34638a71e5141a0bb8ed5b74aa48259cc39daced22d69e1ab3323,4b73468fc5b0f1950f9f66fada70ad3a4f9327cb,StatsBomb Open Data via Stage91 + Stage92 verified identity bridge,true,true,false,false,false,false,false,false
47461,E. Bardhi,6782,Enis Bardhi,16095,221,Levante UD,2018-12-16,11,La Liga,4,2018/2019,3,3,0,0.082941497,0.082941497,0.000000000,1,0.017246180,EXACT_FULL_NAME_VIA_VERIFIED_TRANSFER,HIGH,0b79724b6b758c57f04bbe6146067d79f9912b4dbd35a4ae03c02882f8a2fa29,b0359c279693337290c0a9077a818b384bcadd34d6013a39f3d4ffa16f159c4d,4b73468fc5b0f1950f9f66fada70ad3a4f9327cb,StatsBomb Open Data via Stage91 + Stage92 verified identity bridge,true,true,false,false,false,false,false,false
47461,E. Bardhi,6782,Enis Bardhi,16289,221,Levante UD,2019-04-27,11,La Liga,4,2018/2019,2,2,0,0.131925070,0.131925070,0.000000000,0,0.000000000,EXACT_FULL_NAME_VIA_VERIFIED_TRANSFER,HIGH,1501b232dbfee3f23303612d811bf20295b1cd6ed966e5612434f672dc9eeac9,51a3b0933ab956d21a72c182dea8b6b9647a02b13a2d223e3d93d46decc172fb,4b73468fc5b0f1950f9f66fada70ad3a4f9327cb,StatsBomb Open Data via Stage91 + Stage92 verified identity bridge,true,true,false,false,false,false,false,false
47461,E. Bardhi,6782,Enis Bardhi,303682,221,Levante UD,2020-02-02,11,La Liga,42,2019/2020,1,1,0,0.256535080,0.256535080,0.000000000,0,0.000000000,EXACT_FULL_NAME_VIA_VERIFIED_TRANSFER,HIGH,a7bb779acbbe2670fb2dbf607e97a0afac2c77f47f66a4af5c4826ec7b07c11a,a3facf06a5c2e148fe3fc0be285a9d0362ec26715a6f34be6f58ea7318490677,4b73468fc5b0f1950f9f66fada70ad3a4f9327cb,StatsBomb Open Data via Stage91 + Stage92 verified identity bridge,true,true,false,false,false,false,false,false
47461,E. Bardhi,6782,Enis Bardhi,3773387,221,Levante UD,2021-05-11,11,La Liga,90,2020/2021,1,1,0,0.043615576,0.043615576,0.000000000,1,0.065637350,EXACT_FULL_NAME_VIA_VERIFIED_TRANSFER,HIGH,7acc3ec381b973c6076f2e8229c1d1c5e1d0ad7ed1c125d825624243568f835d,a58eeedfe55dc27f395d46f7c6e907ee100af275c27dbee2a241146a60aa03eb,4b73468fc5b0f1950f9f66fada70ad3a4f9327cb,StatsBomb Open Data via Stage91 + Stage92 verified identity bridge,true,true,false,false,false,false,false,false
47461,E. Bardhi,6782,Enis Bardhi,3788747,2358,North Macedonia,2021-06-13,55,UEFA Euro,43,2020,0,0,0,0.000000000,0.000000000,0.000000000,1,0.198110180,EXACT_FULL_NAME_VIA_VERIFIED_TRANSFER,HIGH,97029ac244dc24cea26cc908a95280b0ad511fc946e878b730bfa7ae07400012,44a92319bff283b077bb2c6ae8ce5e8f5bec15f8201d1b5b249bc107f9745b28,4b73468fc5b0f1950f9f66fada70ad3a4f9327cb,StatsBomb Open Data via Stage91 + Stage92 verified identity bridge,true,true,false,false,false,false,false,false
47461,E. Bardhi,6782,Enis Bardhi,3788758,2358,North Macedonia,2021-06-17,55,UEFA Euro,43,2020,2,2,0,0.055836924,0.055836924,0.000000000,2,0.037811600,EXACT_FULL_NAME_VIA_VERIFIED_TRANSFER,HIGH,22944340f79898f693fe6e0d61ab07f69e7af6fdcc1def47d8fccb9c309f6459,0ec8fe3790587614b7a95279ea406d07294027714a31b8a238c89b3766831df8,4b73468fc5b0f1950f9f66fada70ad3a4f9327cb,StatsBomb Open Data via Stage91 + Stage92 verified identity bridge,true,true,false,false,false,false,false,false
47461,E. Bardhi,6782,Enis Bardhi,3788770,2358,North Macedonia,2021-06-21,55,UEFA Euro,43,2020,3,3,0,0.128757292,0.128757292,0.000000000,2,0.217296030,EXACT_FULL_NAME_VIA_VERIFIED_TRANSFER,HIGH,c31c505f57b6fb6e8afc96c93e36a72041a48f6b775eea68d833d34225ee08b9,5edb071e41a989a296abd0fe0a6cf2f5254a73e0b6b1e359caf50f6dbcb35004,4b73468fc5b0f1950f9f66fada70ad3a4f9327cb,StatsBomb Open Data via Stage91 + Stage92 verified identity bridge,true,true,false,false,false,false,false,false
483,K. Kvaratskhelia,38229,Khvicha Kvaratskhelia,3938639,2138,Georgia,2024-06-18,55,UEFA Euro,282,2024,1,1,0,0.128058780,0.128058780,0.000000000,4,0.206995250,EXACT_FULL_NAME_VIA_VERIFIED_TRANSFER,HIGH,ea05a9a4b83a637a03bcff5a30a92c35baf382935117dc185cda029be8ef0dfa,bee35d0fb4494a83b964bd8985e12942d2fb6015929f0caff481ae5fcb9c6687,4b73468fc5b0f1950f9f66fada70ad3a4f9327cb,StatsBomb Open Data via Stage91 + Stage92 verified identity bridge,true,true,false,false,false,false,false,false
483,K. Kvaratskhelia,38229,Khvicha Kvaratskhelia,3938642,2138,Georgia,2024-06-22,55,UEFA Euro,282,2024,1,1,0,0.023518495,0.023518495,0.000000000,1,0.053461310,EXACT_FULL_NAME_VIA_VERIFIED_TRANSFER,HIGH,87c7389b265922a7dbb9f2163c9912ad12ca36cd5438e351e16b5bbae9e905f6,89e70d22b18e26b2aaf78e5821b53bd24b00ebfc37f436424d8c39215bfa6d59,4b73468fc5b0f1950f9f66fada70ad3a4f9327cb,StatsBomb Open Data via Stage91 + Stage92 verified identity bridge,true,true,false,false,false,false,false,false
483,K. Kvaratskhelia,38229,Khvicha Kvaratskhelia,3938644,2138,Georgia,2024-06-26,55,UEFA Euro,282,2024,3,3,0,0.394917392,0.394917392,0.000000000,0,0.000000000,EXACT_FULL_NAME_VIA_VERIFIED_TRANSFER,HIGH,dec4bbaca387c8c279f5371263e7dbd45e63ded25e4e5cbb72a8033f0747394c,035d749ae58bf59036337da95274ced93d7c68d7dbd9a3ecd2609ced87133893,4b73468fc5b0f1950f9f66fada70ad3a4f9327cb,StatsBomb Open Data via Stage91 + Stage92 verified identity bridge,true,true,false,false,false,false,false,false
483,K. Kvaratskhelia,38229,Khvicha Kvaratskhelia,3941018,2138,Georgia,2024-06-30,55,UEFA Euro,282,2024,1,1,0,0.005591553,0.005591553,0.000000000,3,0.107486089,EXACT_FULL_NAME_VIA_VERIFIED_TRANSFER,HIGH,a5a493ace47915a6104b6999c3857d87b18fa22c412dcdeda61bf72f8fbdf89a,953efc17858a152315a2cc88452f32996de0b419bcb215cbc7db0071596c5967,4b73468fc5b0f1950f9f66fada70ad3a4f9327cb,StatsBomb Open Data via Stage91 + Stage92 verified identity bridge,true,true,false,false,false,false,false,false
48378,S. Widmer,7796,Silvan Widmer,3795108,773,Switzerland,2021-07-02,55,UEFA Euro,43,2020,1,1,0,0.064440930,0.064440930,0.000000000,0,0.000000000,EXACT_FULL_NAME_VIA_VERIFIED_TRANSFER,HIGH,4ebc38a314d631c461b3ca31658ba54914f4acddaab5d7feca194b1f855caa8a,51adea019fde1f1550e3e4a6b2af9f5304f5d4034b8b257aa299e065329a82be,4b73468fc5b0f1950f9f66fada70ad3a4f9327cb,StatsBomb Open Data via Stage91 + Stage92 verified identity bridge,true,true,false,false,false,false,false,false
48378,S. Widmer,7796,Silvan Widmer,3857256,773,Switzerland,2022-12-02,43,FIFA World Cup,106,2022,0,0,0,0.000000000,0.000000000,0.000000000,1,0.726975560,EXACT_FULL_NAME_VIA_VERIFIED_TRANSFER,HIGH,35eadd566ea02fe157b8c4491f172df6e08935922b7df7bac14d0fd6c123b4f1,fdf4e99c1e631da81bd56499ab826caeea6063d648d619e37ac3c3228b9a94a6,4b73468fc5b0f1950f9f66fada70ad3a4f9327cb,StatsBomb Open Data via Stage91 + Stage92 verified identity bridge,true,true,false,false,false,false,false,false
48378,S. Widmer,7796,Silvan Widmer,3857269,773,Switzerland,2022-11-28,43,FIFA World Cup,106,2022,1,1,0,0.051174280,0.051174280,0.000000000,0,0.000000000,EXACT_FULL_NAME_VIA_VERIFIED_TRANSFER,HIGH,5eb1d77b7b8ee92e98f6b6d8466382dd4c5a76f11675ec44cd90a911c9e1ecf4,279a8fc630e2aa847858a957ed52c301ea280c47ee0a6bf1d14a2ca94e5ec56d,4b73468fc5b0f1950f9f66fada70ad3a4f9327cb,StatsBomb Open Data via Stage91 + Stage92 verified identity bridge,true,true,false,false,false,false,false,false
48378,S. Widmer,7796,Silvan Widmer,3857290,773,Switzerland,2022-11-24,43,FIFA World Cup,106,2022,0,0,0,0.000000000,0.000000000,0.000000000,1,0.197799500,EXACT_FULL_NAME_VIA_VERIFIED_TRANSFER,HIGH,2fc727359250f50aef4045fdfecbbf6693c4a7a8444bbea7168a11fb6ba9d9f8,6d77e71ac40fcb8120cba1f6810b4ba84b7771aff79c37557ccfa2648967cadb,4b73468fc5b0f1950f9f66fada70ad3a4f9327cb,StatsBomb Open Data via Stage91 + Stage92 verified identity bridge,true,true,false,false,false,false,false,false
48378,S. Widmer,7796,Silvan Widmer,3878548,230,Udinese,2015-08-23,12,Serie A,27,2015/2016,1,1,0,0.078625520,0.078625520,0.000000000,0,0.000000000,EXACT_FULL_NAME_VIA_VERIFIED_TRANSFER,HIGH,95c2164ad8589a6b38a7aacbbe636f4c325bbd9fde2f29601d917f5b836dd031,9caa8610803d7df9e450214ec241e9b7f5ba10ebd016930ad2b3c12149fca496,4b73468fc5b0f1950f9f66fada70ad3a4f9327cb,StatsBomb Open Data via Stage91 + Stage92 verified identity bridge,true,true,false,false,false,false,false,false
48378,S. Widmer,7796,Silvan Widmer,3879566,230,Udinese,2015-10-04,12,Serie A,27,2015/2016,1,1,0,0.070344890,0.070344890,0.000000000,0,0.000000000,EXACT_FULL_NAME_VIA_VERIFIED_TRANSFER,HIGH,5b6c71ec59126a0c0d6481cb08237a1044d87c5d9d1cdd3f839419847407257d,7772c620a147ccb32e0028954f30761fc01f390f4505d42f9e9fdf0c0a12504a,4b73468fc5b0f1950f9f66fada70ad3a4f9327cb,StatsBomb Open Data via Stage91 + Stage92 verified identity bridge,true,true,false,false,false,false,false,false
48378,S. Widmer,7796,Silvan Widmer,3879609,230,Udinese,2015-11-08,12,Serie A,27,2015/2016,3,3,0,0.198016113,0.198016113,0.000000000,1,0.057793690,EXACT_FULL_NAME_VIA_VERIFIED_TRANSFER,HIGH,8163ba690df4e15fc506cfaceff183d36f898a88b9e06844282164757e2da522,7865cd6463c590cdf245de77bf53e4364fbac33a9c4d28cbfdcf06410038bbc4,4b73468fc5b0f1950f9f66fada70ad3a4f9327cb,StatsBomb Open Data via Stage91 + Stage92 verified identity bridge,true,true,false,false,false,false,false,false
48378,S. Widmer,7796,Silvan Widmer,3879631,230,Udinese,2015-11-29,12,Serie A,27,2015/2016,1,1,0,0.057456570,0.057456570,0.000000000,1,0.089265110,EXACT_FULL_NAME_VIA_VERIFIED_TRANSFER,HIGH,2eeddd49d949cf5dd04b5137e222745f922be5bb73273a6b0f2c58a665e2f5ab,ba24b45f79b635a8aece717fd3c882e5b7107e6f74c4b8f385f8913db00e1e39,4b73468fc5b0f1950f9f66fada70ad3a4f9327cb,StatsBomb Open Data via Stage91 + Stage92 verified identity bridge,true,true,false,false,false,false,false,false
48378,S. Widmer,7796,Silvan Widmer,3879646,230,Udinese,2015-12-06,12,Serie A,27,2015/2016,2,2,0,0.181247275,0.181247275,0.000000000,1,0.334651140,EXACT_FULL_NAME_VIA_VERIFIED_TRANSFER,HIGH,64e3dd6adf0fc57dfc6e5fcf19a2d8d60ce506d90a882721b7c79227f9536d19,6e6321e06bb1de8555f5a69604578ecbb83f15e2b340b1d6530cd8ad37faed6f,4b73468fc5b0f1950f9f66fada70ad3a4f9327cb,StatsBomb Open Data via Stage91 + Stage92 verified identity bridge,true,true,false,false,false,false,false,false
48378,S. Widmer,7796,Silvan Widmer,3879648,230,Udinese,2015-12-12,12,Serie A,27,2015/2016,3,3,0,0.285325599,0.285325599,0.000000000,2,0.046820368,EXACT_FULL_NAME_VIA_VERIFIED_TRANSFER,HIGH,20e1ab69640c4c47334e060237d10730f3e076e961b1b9257804cf93e336a7d7,10dfa131e22815e8a6fc1fa2d0c2d6ff54a48e4aa67f6bd717597711af0b30aa,4b73468fc5b0f1950f9f66fada70ad3a4f9327cb,StatsBomb Open Data via Stage91 + Stage92 verified identity bridge,true,true,false,false,false,false,false,false
48378,S. Widmer,7796,Silvan Widmer,3879658,230,Udinese,2015-12-20,12,Serie A,27,2015/2016,1,1,0,0.337684750,0.337684750,0.000000000,0,0.000000000,EXACT_FULL_NAME_VIA_VERIFIED_TRANSFER,HIGH,822896a7d40b928141ef63dd24cb4fff7dd709bc30198b919e359cf77e413811,46a15192ca1eee1703f09684caf30b049120fe8db78f1557b95dbfa9486257fc,4b73468fc5b0f1950f9f66fada70ad3a4f9327cb,StatsBomb Open Data via Stage91 + Stage92 verified identity bridge,true,true,false,false,false,false,false,false
48378,S. Widmer,7796,Silvan Widmer,3879673,230,Udinese,2016-01-06,12,Serie A,27,2015/2016,2,2,0,0.135386733,0.135386733,0.000000000,1,0.046083745,EXACT_FULL_NAME_VIA_VERIFIED_TRANSFER,HIGH,5542a2f0bbe2baa9b16509a897d46cfd977eb644e41d534349aa3204bc1fd927,4be1db5bb7b059bdabea5b659e4a03a549b8e26919e01f42d5d3f4d2dd61db84,4b73468fc5b0f1950f9f66fada70ad3a4f9327cb,StatsBomb Open Data via Stage91 + Stage92 verified identity bridge,true,true,false,false,false,false,false,false
48378,S. Widmer,7796,Silvan Widmer,3879693,230,Udinese,2016-01-17,12,Serie A,27,2015/2016,2,2,0,0.180149105,0.180149105,0.000000000,0,0.000000000,EXACT_FULL_NAME_VIA_VERIFIED_TRANSFER,HIGH,74ca29ea645e353d099715cd6d1ae60a5d6b23a142e5a92033cd3ef787471549,0e73642b97156d64119a0ff3e284f34545f461b8732f6657e7494756e008caaa,4b73468fc5b0f1950f9f66fada70ad3a4f9327cb,StatsBomb Open Data via Stage91 + Stage92 verified identity bridge,true,true,false,false,false,false,false,false
48378,S. Widmer,7796,Silvan Widmer,3879700,230,Udinese,2016-01-24,12,Serie A,27,2015/2016,1,1,0,0.076283924,0.076283924,0.000000000,2,0.102180459,EXACT_FULL_NAME_VIA_VERIFIED_TRANSFER,HIGH,1cedfc83549ae5ee0d3ce8243c775f9e93bfe7d748374908347648ad1702979b,916c09c6b7d0618e19723d89148730519083c5fc1377e3f9af4b06c7d5a33005,4b73468fc5b0f1950f9f66fada70ad3a4f9327cb,StatsBomb Open Data via Stage91 + Stage92 verified identity bridge,true,true,false,false,false,false,false,false
48378,S. Widmer,7796,Silvan Widmer,3879783,230,Udinese,2016-03-13,12,Serie A,27,2015/2016,0,0,0,0.000000000,0.000000000,0.000000000,1,0.021246059,EXACT_FULL_NAME_VIA_VERIFIED_TRANSFER,HIGH,dda163505c3bfb1cbe68a0473a7d318ce8f5ea4cffc86ef13ed916d3a2b5432b,9b0265fe1b61d525e9502b8054d7e6cd573df6ce37f25646d618760a84d55994,4b73468fc5b0f1950f9f66fada70ad3a4f9327cb,StatsBomb Open Data via Stage91 + Stage92 verified identity bridge,true,true,false,false,false,false,false,false
48378,S. Widmer,7796,Silvan Widmer,3879793,230,Udinese,2016-03-20,12,Serie A,27,2015/2016,1,1,0,0.142421890,0.142421890,0.000000000,1,0.336864980,EXACT_FULL_NAME_VIA_VERIFIED_TRANSFER,HIGH,a70bf4d9b58148a350cc1d93d01a54ea7a45f37f7765577122f818b23aa0eb18,9bb110ebeec6188604857be0388b54f8a3f2a487e9f4d1657c6446e638d8d9df,4b73468fc5b0f1950f9f66fada70ad3a4f9327cb,StatsBomb Open Data via Stage91 + Stage92 verified identity bridge,true,true,false,false,false,false,false,false
48378,S. Widmer,7796,Silvan Widmer,3879803,230,Udinese,2016-04-03,12,Serie A,27,2015/2016,0,0,0,0.000000000,0.000000000,0.000000000,2,0.302339826,EXACT_FULL_NAME_VIA_VERIFIED_TRANSFER,HIGH,9f9f4dfc5913c96884cd3ad514a69b1faa225064f764f95d815c0cd414ca0451,26a48eed8a9e9e6be3e792595a08e0e627fbbf2e7b8a14f07d3b17fb442fce5c,4b73468fc5b0f1950f9f66fada70ad3a4f9327cb,StatsBomb Open Data via Stage91 + Stage92 verified identity bridge,true,true,false,false,false,false,false,false
48378,S. Widmer,7796,Silvan Widmer,3879822,230,Udinese,2016-04-17,12,Serie A,27,2015/2016,2,2,0,0.158776130,0.158776130,0.000000000,0,0.000000000,EXACT_FULL_NAME_VIA_VERIFIED_TRANSFER,HIGH,f276d3f054c105bfb42daa858ce46066aa1c8987a102c3d7aec5bb9b8dccf653,4884c11c1699c22a1e9565e246b983d3cc1042b5e0d8ba24a1f6c785aab72eb3,4b73468fc5b0f1950f9f66fada70ad3a4f9327cb,StatsBomb Open Data via Stage91 + Stage92 verified identity bridge,true,true,false,false,false,false,false,false
48378,S. Widmer,7796,Silvan Widmer,3879834,230,Udinese,2016-04-20,12,Serie A,27,2015/2016,0,0,0,0.000000000,0.000000000,0.000000000,2,0.433791130,EXACT_FULL_NAME_VIA_VERIFIED_TRANSFER,HIGH,15aca5f05df4e7fd268b9e1553010eeb31c5c47bf4de535a17537741a544ead1,934953895189262eff2af6790d08d748113d76ae689ba2d51dcf217e34c18d18,4b73468fc5b0f1950f9f66fada70ad3a4f9327cb,StatsBomb Open Data via Stage91 + Stage92 verified identity bridge,true,true,false,false,false,false,false,false
48378,S. Widmer,7796,Silvan Widmer,3879837,230,Udinese,2016-04-23,12,Serie A,27,2015/2016,2,2,0,0.238094553,0.238094553,0.000000000,1,0.051361550,EXACT_FULL_NAME_VIA_VERIFIED_TRANSFER,HIGH,98775c15a1abf5b3214972563169b46dc865cb03b495398ae02892d78974db09,27c546645c546898aed2169cdf6d4ccd6dcf5c1644d41ae9d92910859c19011e,4b73468fc5b0f1950f9f66fada70ad3a4f9327cb,StatsBomb Open Data via Stage91 + Stage92 verified identity bridge,true,true,false,false,false,false,false,false
48378,S. Widmer,7796,Silvan Widmer,3879863,230,Udinese,2016-05-08,12,Serie A,27,2015/2016,0,0,0,0.000000000,0.000000000,0.000000000,1,0.129075180,EXACT_FULL_NAME_VIA_VERIFIED_TRANSFER,HIGH,66c5242f968b5a1ea347d22c304d81ffaf40e53c8c017c2c1a7659a2218e8d9a,b5eea66b95aac576a8704b89910da65e9deaa3f24eacd40ef425850ff8aa9d5e,4b73468fc5b0f1950f9f66fada70ad3a4f9327cb,StatsBomb Open Data via Stage91 + Stage92 verified identity bridge,true,true,false,false,false,false,false,false
48378,S. Widmer,7796,Silvan Widmer,3879871,230,Udinese,2016-05-15,12,Serie A,27,2015/2016,1,1,0,0.061075570,0.061075570,0.000000000,1,0.061816428,EXACT_FULL_NAME_VIA_VERIFIED_TRANSFER,HIGH,f0a70d3db2f36af3ea991aaa16b9b3a39b1ec90113ab4131e5f7fe056d00ea8f,4239285bbc6b8753da2c753390de87b0d4dcfb36295db46b7165e699b3922bf3,4b73468fc5b0f1950f9f66fada70ad3a4f9327cb,StatsBomb Open Data via Stage91 + Stage92 verified identity bridge,true,true,false,false,false,false,false,false
48378,S. Widmer,7796,Silvan Widmer,3895250,177,FSV Mainz 05,2024-02-23,9,1. Bundesliga,281,2023/2024,0,0,0,0.000000000,0.000000000,0.000000000,1,0.161291960,EXACT_FULL_NAME_VIA_VERIFIED_TRANSFER,HIGH,b07bd30a45997a7dc859dca0204a382aff734211f42bef8b29d682fc99ed31c6,a30ed91a22ef21a450b1bd0259d60ce31479b1bd95c6c3808d0d365d96c78cd1,4b73468fc5b0f1950f9f66fada70ad3a4f9327cb,StatsBomb Open Data via Stage91 + Stage92 verified identity bridge,true,true,false,false,false,false,false,false
48378,S. Widmer,7796,Silvan Widmer,3930169,773,Switzerland,2024-06-19,55,UEFA Euro,282,2024,1,1,0,0.042245070,0.042245070,0.000000000,0,0.000000000,EXACT_FULL_NAME_VIA_VERIFIED_TRANSFER,HIGH,746551b044f4c4c767dbade5bf25306d0b55422610516f11920df17a4780d077,196d2fb0e69c44bebbca0e9ccbcb6014dae2e4f12e847d4ecd0e36524cb79449,4b73468fc5b0f1950f9f66fada70ad3a4f9327cb,StatsBomb Open Data via Stage91 + Stage92 verified identity bridge,true,true,false,false,false,false,false,false
48378,S. Widmer,7796,Silvan Widmer,3942227,773,Switzerland,2024-07-06,55,UEFA Euro,282,2024,1,1,0,0.117690320,0.117690320,0.000000000,1,0.012323262,EXACT_FULL_NAME_VIA_VERIFIED_TRANSFER,HIGH,e9aff7a8b20bbbf3056841ea2d1a05f223548ccbbaa7df51f26eb07ed47d2748,cdea56bfb63d25fa0585e6d6583a9b15d4e898d33ee6c27af30b9499ff3d91a0,4b73468fc5b0f1950f9f66fada70ad3a4f9327cb,StatsBomb Open Data via Stage91 + Stage92 verified identity bridge,true,true,false,false,false,false,false,false
48392,E. Zhegrova,24723,Edon Zhegrova,3802907,143,Lille,2022-02-06,7,Ligue 1,108,2021/2022,0,0,0,0.000000000,0.000000000,0.000000000,1,0.208019470,EXACT_FULL_NAME_VIA_VERIFIED_TRANSFER,HIGH,d72514bd607238eb7280576171c9d3755062f76611c5b17739aebce1b0130a57,7aff87ef0e035fbfe83958e2a8bab3c9556cd6bb9cb88a6e7db31552c08de0f7,4b73468fc5b0f1950f9f66fada70ad3a4f9327cb,StatsBomb Open Data via Stage91 + Stage92 verified identity bridge,true,true,false,false,false,false,false,false
48392,E. Zhegrova,24723,Edon Zhegrova,3837662,143,Lille,2022-08-21,7,Ligue 1,235,2022/2023,1,1,0,0.033586750,0.033586750,0.000000000,0,0.000000000,EXACT_FULL_NAME_VIA_VERIFIED_TRANSFER,HIGH,9a2b676320c92a89bc9d1109b7860fcae95a8d0989a5db3b03bee12baa5094a3,28b00292222c24c579777d44c9c9d2353320f37680abae69bb16d7f55fffe389,4b73468fc5b0f1950f9f66fada70ad3a4f9327cb,StatsBomb Open Data via Stage91 + Stage92 verified identity bridge,true,true,false,false,false,false,false,false
48481,L. Stergiou,29227,Leonidas Stergiou,3895320,174,VfB Stuttgart,2024-04-27,9,1. Bundesliga,281,2023/2024,1,1,0,0.020028373,0.020028373,0.000000000,1,0.139834580,EXACT_FULL_NAME_VIA_VERIFIED_TRANSFER,HIGH,dac634a9ab1b8837b512d84a195184cfec0a2ee2db61c6440a8ca1782f6b54ee,963548e4314f750ec4c92a6340e4f55f669fd21db3295cb9780d3220d8e891f3,4b73468fc5b0f1950f9f66fada70ad3a4f9327cb,StatsBomb Open Data via Stage91 + Stage92 verified identity bridge,true,true,false,false,false,false,false,false
48648,D. Ndoye,45190,Dan Ndoye,3930159,773,Switzerland,2024-06-15,55,UEFA Euro,282,2024,3,3,0,0.232590623,0.232590623,0.000000000,1,0.060899010,EXACT_FULL_NAME_VIA_VERIFIED_TRANSFER,HIGH,f35edb98c89ac0ea5441beb2f4cfa17e07a676b8ecfe517788624261aae59b60,76b4d3812a0dc5d027c0714a3910722074f2c42fce1db7b3f297c7d0b3d60cc3,4b73468fc5b0f1950f9f66fada70ad3a4f9327cb,StatsBomb Open Data via Stage91 + Stage92 verified identity bridge,true,true,false,false,false,false,false,false
48648,D. Ndoye,45190,Dan Ndoye,3930169,773,Switzerland,2024-06-19,55,UEFA Euro,282,2024,4,4,0,0.602533162,0.602533162,0.000000000,1,0.039015256,EXACT_FULL_NAME_VIA_VERIFIED_TRANSFER,HIGH,fad0213bfe97e97d9ba139455c0fe0040b9615474890a0ed88aabc8b7401baff,196d2fb0e69c44bebbca0e9ccbcb6014dae2e4f12e847d4ecd0e36524cb79449,4b73468fc5b0f1950f9f66fada70ad3a4f9327cb,StatsBomb Open Data via Stage91 + Stage92 verified identity bridge,true,true,false,false,false,false,false,false
48648,D. Ndoye,45190,Dan Ndoye,3930176,773,Switzerland,2024-06-23,55,UEFA Euro,282,2024,2,2,0,0.227579106,0.227579106,0.000000000,0,0.000000000,EXACT_FULL_NAME_VIA_VERIFIED_TRANSFER,HIGH,03ca6bcf937cc05ba7d6175e219b7b30a556ca083c1aba88127d8bcdebfeba55,9018ec119a65af536561536b7448c3a965ba9b03bfd7502edbb52a38b11b33be,4b73468fc5b0f1950f9f66fada70ad3a4f9327cb,StatsBomb Open Data via Stage91 + Stage92 verified identity bridge,true,true,false,false,false,false,false,false
48648,D. Ndoye,45190,Dan Ndoye,3940878,773,Switzerland,2024-06-29,55,UEFA Euro,282,2024,4,4,0,0.149286610,0.149286610,0.000000000,1,0.017792227,EXACT_FULL_NAME_VIA_VERIFIED_TRANSFER,HIGH,e796817e34e5a906acc973f528afb4ffff2ef3dc4163a5c136938ce3f54d8af1,fb143f35d046ce3c4b25871a5fe3784c3d30ffb35a2f10a51fbec1a0573caf2b,4b73468fc5b0f1950f9f66fada70ad3a4f9327cb,StatsBomb Open Data via Stage91 + Stage92 verified identity bridge,true,true,false,false,false,false,false,false
48648,D. Ndoye,45190,Dan Ndoye,3942227,773,Switzerland,2024-07-06,55,UEFA Euro,282,2024,1,1,0,0.028368550,0.028368550,0.000000000,0,0.000000000,EXACT_FULL_NAME_VIA_VERIFIED_TRANSFER,HIGH,73a39858212741221cfe6c6fe4f354a9e65d2219eaf99331a74b896687f9482f,cdea56bfb63d25fa0585e6d6583a9b15d4e898d33ee6c27af30b9499ff3d91a0,4b73468fc5b0f1950f9f66fada70ad3a4f9327cb,StatsBomb Open Data via Stage91 + Stage92 verified identity bridge,true,true,false,false,false,false,false,false
51016,T. Buchanan,24024,Tajon Buchanan,3857268,1833,Canada,2022-11-23,43,FIFA World Cup,106,2022,3,3,0,0.411234090,0.411234090,0.000000000,2,0.214346330,EXACT_FULL_NAME_VIA_VERIFIED_TRANSFER,HIGH,deeb049519a569b27a79cbb8df27544f5853325ec122595f644b66e70df83b23,71e5023f13f20bef1697de51fdda8c8ee1e2df7597d7236f0519efd3e5e51df5,4b73468fc5b0f1950f9f66fada70ad3a4f9327cb,StatsBomb Open Data via Stage91 + Stage92 verified identity bridge,true,true,false,false,false,false,false,false
51016,T. Buchanan,24024,Tajon Buchanan,3857276,1833,Canada,2022-12-01,43,FIFA World Cup,106,2022,1,1,0,0.279144610,0.279144610,0.000000000,0,0.000000000,EXACT_FULL_NAME_VIA_VERIFIED_TRANSFER,HIGH,73796df13d095aa41a01df948ceae4bd067c6a7c10d4fe716414a4fa7b63fee6,24614e566fd626ac4bd4708d511a741e06870fa1cc069f8b8d727aff6379f294,4b73468fc5b0f1950f9f66fada70ad3a4f9327cb,StatsBomb Open Data via Stage91 + Stage92 verified identity bridge,true,true,false,false,false,false,false,false
51016,T. Buchanan,24024,Tajon Buchanan,3857281,1833,Canada,2022-11-27,43,FIFA World Cup,106,2022,1,1,0,0.023891453,0.023891453,0.000000000,2,0.134189785,EXACT_FULL_NAME_VIA_VERIFIED_TRANSFER,HIGH,91cba85e476dd0ab4dee383f92522de660e7e9d994ae8a242adafa2ec316e6ee,61f8acc42c16130343367dda95aa5e4e0f9bdea010b7e275705b457cc63a5006,4b73468fc5b0f1950f9f66fada70ad3a4f9327cb,StatsBomb Open Data via Stage91 + Stage92 verified identity bridge,true,true,false,false,false,false,false,false
51016,T. Buchanan,24024,Tajon Buchanan,3939969,1833,Canada,2024-06-21,223,Copa America,282,2024,1,1,0,0.095893780,0.095893780,0.000000000,1,0.053879940,EXACT_FULL_NAME_VIA_VERIFIED_TRANSFER,HIGH,8faf07fb06ed2e051eb6178608b3d9fcfd250f219386a9a54d37189731aa89e4,fa8e8d415a359954f823e7b496946faf0b006e07d47e143827d3d82132ed29a7,4b73468fc5b0f1950f9f66fada70ad3a4f9327cb,StatsBomb Open Data via Stage91 + Stage92 verified identity bridge,true,true,false,false,false,false,false,false
51016,T. Buchanan,24024,Tajon Buchanan,3939985,1833,Canada,2024-06-30,223,Copa America,282,2024,1,1,0,0.195755360,0.195755360,0.000000000,0,0.000000000,EXACT_FULL_NAME_VIA_VERIFIED_TRANSFER,HIGH,002015977f4eea5533bcb77b2ce27ac6ed3fd378d6e1ea98e0e952f2ee83436a,509382d8340e8e6e3b133ab89bab8686d74e57e6a8050d59a5d260d62dc90dd6,4b73468fc5b0f1950f9f66fada70ad3a4f9327cb,StatsBomb Open Data via Stage91 + Stage92 verified identity bridge,true,true,false,false,false,false,false,false
512,Jeong Woo-Yeong,22067,Woo-Yeong Jeong,3857299,791,South Korea,2022-11-28,43,FIFA World Cup,106,2022,1,1,0,0.030081430,0.030081430,0.000000000,0,0.000000000,EXACT_FULL_NAME_VIA_VERIFIED_TRANSFER,HIGH,04b0a99d23c0f55a879381f3e3aa8a0b590eb746b03c73704236de22df425bf5,f2d267883012e8a52d51f1d732a2e78e3618d35772a680cc2c216563202d0fc9,4b73468fc5b0f1950f9f66fada70ad3a4f9327cb,StatsBomb Open Data via Stage91 + Stage92 verified identity bridge,true,true,false,false,false,false,false,false
512,Jeong Woo-Yeong,22067,Woo-Yeong Jeong,3895320,174,VfB Stuttgart,2024-04-27,9,1. Bundesliga,281,2023/2024,0,0,0,0.000000000,0.000000000,0.000000000,1,0.429489820,EXACT_FULL_NAME_VIA_VERIFIED_TRANSFER,HIGH,9de27665c58b886a241100b66c4e28282996e48ffc9779f5d8c4d10628980b44,963548e4314f750ec4c92a6340e4f55f669fd21db3295cb9780d3220d8e891f3,4b73468fc5b0f1950f9f66fada70ad3a4f9327cb,StatsBomb Open Data via Stage91 + Stage92 verified identity bridge,true,true,false,false,false,false,false,false
538,F. de Jong,8118,Frenkie de Jong,303400,217,Barcelona,2020-01-25,11,La Liga,42,2019/2020,1,1,0,0.147523420,0.147523420,0.000000000,0,0.000000000,EXACT_FULL_NAME_VIA_VERIFIED_TRANSFER,HIGH,c90120db2c0f1a32587944d324878078a2a7aa651756ac275e21ac545918b0f9,b5075604fab7ce189ba7f1e93a0be2610f632f04d6af5e063b797bb79e026d82,4b73468fc5b0f1950f9f66fada70ad3a4f9327cb,StatsBomb Open Data via Stage91 + Stage92 verified identity bridge,true,true,false,false,false,false,false,false
538,F. de Jong,8118,Frenkie de Jong,303421,217,Barcelona,2020-07-19,11,La Liga,42,2019/2020,0,0,0,0.000000000,0.000000000,0.000000000,1,0.110620130,EXACT_FULL_NAME_VIA_VERIFIED_TRANSFER,HIGH,9c2d8a6ef9a0a385f38ae0ad4e909ab4c76235891bc392a52d7c968d4da60c2e,d38178cf93921480f39816e8ef29a96bf7f43047a00d814ae3c1a7e3f09efde3,4b73468fc5b0f1950f9f66fada70ad3a4f9327cb,StatsBomb Open Data via Stage91 + Stage92 verified identity bridge,true,true,false,false,false,false,false,false
538,F. de Jong,8118,Frenkie de Jong,303451,217,Barcelona,2019-12-07,11,La Liga,42,2019/2020,0,0,0,0.000000000,0.000000000,0.000000000,3,0.368738535,EXACT_FULL_NAME_VIA_VERIFIED_TRANSFER,HIGH,d02400a472607a135372c29cce2911391d3f66b280d73b8fbe041b89acd69fd3,52bc0aa4237defe4ad62a906189eb296b468efea72930c8fbd8b44a06d20021b,4b73468fc5b0f1950f9f66fada70ad3a4f9327cb,StatsBomb Open Data via Stage91 + Stage92 verified identity bridge,true,true,false,false,false,false,false,false
538,F. de Jong,8118,Frenkie de Jong,303470,217,Barcelona,2020-03-01,11,La Liga,42,2019/2020,0,0,0,0.000000000,0.000000000,0.000000000,1,0.036573373,EXACT_FULL_NAME_VIA_VERIFIED_TRANSFER,HIGH,c5ddc1b707c55079e9c790a6e969700e2317072605ae302e92bc3c8f3c268b71,c712d917dff8d98e049ec2e29d41ed51ab71b044bcc079b3e5debd58a1a01403,4b73468fc5b0f1950f9f66fada70ad3a4f9327cb,StatsBomb Open Data via Stage91 + Stage92 verified identity bridge,true,true,false,false,false,false,false,false
538,F. de Jong,8118,Frenkie de Jong,303473,217,Barcelona,2019-10-06,11,La Liga,42,2019/2020,0,0,0,0.000000000,0.000000000,0.000000000,1,0.023257881,EXACT_FULL_NAME_VIA_VERIFIED_TRANSFER,HIGH,5d11bf334dea26b3e8c9e3c8e088a1ad56b66e39a1833f0125bd6b0c85b2a89c,5a5b50f255eb9c43a39b21ee61e0d91f74e0be0a6f5b801e50fab64fe4aa3da8,4b73468fc5b0f1950f9f66fada70ad3a4f9327cb,StatsBomb Open Data via Stage91 + Stage92 verified identity bridge,true,true,false,false,false,false,false,false
538,F. de Jong,8118,Frenkie de Jong,303479,217,Barcelona,2020-03-07,11,La Liga,42,2019/2020,0,0,0,0.000000000,0.000000000,0.000000000,2,0.191834164,EXACT_FULL_NAME_VIA_VERIFIED_TRANSFER,HIGH,ca1527355e8a1f50c320f8ccf20b0b57a58ee20cf8feefd0a5b24549b5a6cc60,188222130e3a7a8c55b2822c3b36d409d3b7a8c7505845a08d95dfd93ab83856,4b73468fc5b0f1950f9f66fada70ad3a4f9327cb,StatsBomb Open Data via Stage91 + Stage92 verified identity bridge,true,true,false,false,false,false,false,false
538,F. de Jong,8118,Frenkie de Jong,303504,217,Barcelona,2019-11-02,11,La Liga,42,2019/2020,0,0,0,0.000000000,0.000000000,0.000000000,1,0.059072360,EXACT_FULL_NAME_VIA_VERIFIED_TRANSFER,HIGH,66882b5d4096a3dc64a3d4d120e97ca993beb35811c358bc0d446fda2e7dd71b,2e862acd7c492acd23466c0401919694ce15499615949fe5bcc9d1c1bc4dd863,4b73468fc5b0f1950f9f66fada70ad3a4f9327cb,StatsBomb Open Data via Stage91 + Stage92 verified identity bridge,true,true,false,false,false,false,false,false
538,F. de Jong,8118,Frenkie de Jong,303524,217,Barcelona,2019-12-01,11,La Liga,42,2019/2020,0,0,0,0.000000000,0.000000000,0.000000000,1,0.022750970,EXACT_FULL_NAME_VIA_VERIFIED_TRANSFER,HIGH,ef51758d8f17f2f9bc0b836d98b0ff9899c7946cbd907a4f6e82321b5a0a73ec,bee47c8e80e32b1270f4377c5d6c78293087f582ee1757f5e07e5e9def06a968,4b73468fc5b0f1950f9f66fada70ad3a4f9327cb,StatsBomb Open Data via Stage91 + Stage92 verified identity bridge,true,true,false,false,false,false,false,false
538,F. de Jong,8118,Frenkie de Jong,303596,217,Barcelona,2019-12-18,11,La Liga,42,2019/2020,1,1,0,0.071469720,0.071469720,0.000000000,0,0.000000000,EXACT_FULL_NAME_VIA_VERIFIED_TRANSFER,HIGH,52ed9507df515bb739c96dde87de9dff5f7c202dcbaea6e16335152a03a3afe3,af9ae8dafc0aa782c3f4c1d83e1d543ac0f1955012477242fd4a70f0a8687c15,4b73468fc5b0f1950f9f66fada70ad3a4f9327cb,StatsBomb Open Data via Stage91 + Stage92 verified identity bridge,true,true,false,false,false,false,false,false
538,F. de Jong,8118,Frenkie de Jong,303600,217,Barcelona,2019-10-29,11,La Liga,42,2019/2020,0,0,0,0.000000000,0.000000000,0.000000000,1,0.281823130,EXACT_FULL_NAME_VIA_VERIFIED_TRANSFER,HIGH,d697d686938010776e343fa96dcc0e89ce5eac11a1043264d359a83f25e68a32,8281326640be95989cd3c6a70854308e1cdf3688ee9734292ba1351b8bb213a1,4b73468fc5b0f1950f9f66fada70ad3a4f9327cb,StatsBomb Open Data via Stage91 + Stage92 verified identity bridge,true,true,false,false,false,false,false,false
538,F. de Jong,8118,Frenkie de Jong,303666,217,Barcelona,2019-09-21,11,La Liga,42,2019/2020,0,0,0,0.000000000,0.000000000,0.000000000,1,0.022427276,EXACT_FULL_NAME_VIA_VERIFIED_TRANSFER,HIGH,fd7d5ddcc678e273d78345e15c77596bfd264e30dcc9fab033517eed493c4680,7c42df6783f180a27787f4d85db7d688ed3d17fbd863e354333b8a72cb8ea142,4b73468fc5b0f1950f9f66fada70ad3a4f9327cb,StatsBomb Open Data via Stage91 + Stage92 verified identity bridge,true,true,false,false,false,false,false,false
538,F. de Jong,8118,Frenkie de Jong,303682,217,Barcelona,2020-02-02,11,La Liga,42,2019/2020,0,0,0,0.000000000,0.000000000,0.000000000,3,0.150665062,EXACT_FULL_NAME_VIA_VERIFIED_TRANSFER,HIGH,8f7cb390f58666eec832ae5d0110e1e32732736b5f26f84f5c6e372784d37b76,a3facf06a5c2e148fe3fc0be285a9d0362ec26715a6f34be6f58ea7318490677,4b73468fc5b0f1950f9f66fada70ad3a4f9327cb,StatsBomb Open Data via Stage91 + Stage92 verified identity bridge,true,true,false,false,false,false,false,false
538,F. de Jong,8118,Frenkie de Jong,303700,217,Barcelona,2019-10-19,11,La Liga,42,2019/2020,0,0,0,0.000000000,0.000000000,0.000000000,2,0.171025970,EXACT_FULL_NAME_VIA_VERIFIED_TRANSFER,HIGH,fa694ca0cd005979ea96ff0014e729bc5a98a3cb21884623600d432a198d20c2,cc1317127ad37c8fb3bd9f7761721284e42b6506c802a1724a21162ed1e77abe,4b73468fc5b0f1950f9f66fada70ad3a4f9327cb,StatsBomb Open Data via Stage91 + Stage92 verified identity bridge,true,true,false,false,false,false,false,false
538,F. de Jong,8118,Frenkie de Jong,303707,217,Barcelona,2020-02-09,11,La Liga,42,2019/2020,1,1,0,0.403436840,0.403436840,0.000000000,0,0.000000000,EXACT_FULL_NAME_VIA_VERIFIED_TRANSFER,HIGH,13d6a725c27efc43f39ee033dc238ada24f861d00fe9198b9a13590e89add4e3,88fd4f438901461805406942388fd177de8179307523b30586a6c31c6cdb0f05,4b73468fc5b0f1950f9f66fada70ad3a4f9327cb,StatsBomb Open Data via Stage91 + Stage92 verified identity bridge,true,true,false,false,false,false,false,false
538,F. de Jong,8118,Frenkie de Jong,303715,217,Barcelona,2019-11-23,11,La Liga,42,2019/2020,0,0,0,0.000000000,0.000000000,0.000000000,1,0.110796340,EXACT_FULL_NAME_VIA_VERIFIED_TRANSFER,HIGH,db7b6a655a461cd4950651aa2fe4567a72ca61a9228d5512dc5314b913b9f250,2a28a87f58d8e0117e1c397c6ecfd765884f361ca840bca9f0da34884e66e368,4b73468fc5b0f1950f9f66fada70ad3a4f9327cb,StatsBomb Open Data via Stage91 + Stage92 verified identity bridge,true,true,false,false,false,false,false,false
538,F. de Jong,8118,Frenkie de Jong,3764440,217,Barcelona,2021-02-24,11,La Liga,90,2020/2021,0,0,0,0.000000000,0.000000000,0.000000000,3,0.696413130,EXACT_FULL_NAME_VIA_VERIFIED_TRANSFER,HIGH,5c3bf5f90d971237b640b8df9c5654f5c84edad5ab154f664c709deee27a68ee,c0f0936c36ffe0bf94e13ab216bf4a130e3b15239d4cb1e01b11377c21558170,4b73468fc5b0f1950f9f66fada70ad3a4f9327cb,StatsBomb Open Data via Stage91 + Stage92 verified identity bridge,true,true,false,false,false,false,false,false
538,F. de Jong,8118,Frenkie de Jong,3764661,217,Barcelona,2021-01-06,11,La Liga,90,2020/2021,0,0,0,0.000000000,0.000000000,0.000000000,1,0.309443200,EXACT_FULL_NAME_VIA_VERIFIED_TRANSFER,HIGH,9f25941386f259029b2759b86e6bf017bf5fdadd55a8db83b6ebc6423992f495,ad3ed1dab62481516061a571f7f0c81f5b1041fb7ceed4d39918b99ba42fa784,4b73468fc5b0f1950f9f66fada70ad3a4f9327cb,StatsBomb Open Data via Stage91 + Stage92 verified identity bridge,true,true,false,false,false,false,false,false
538,F. de Jong,8118,Frenkie de Jong,3773369,217,Barcelona,2021-03-15,11,La Liga,90,2020/2021,1,1,0,0.242608280,0.242608280,0.000000000,0,0.000000000,EXACT_FULL_NAME_VIA_VERIFIED_TRANSFER,HIGH,a8b4986519999c6ecfcf1cf3edc34da0914303efc57535a10460e555d73ee082,f1f8d4b9decd77bbc96242e0abed04cb09e2a7c466484a4952759327f5e163f9,4b73468fc5b0f1950f9f66fada70ad3a4f9327cb,StatsBomb Open Data via Stage91 + Stage92 verified identity bridge,true,true,false,false,false,false,false,false
538,F. de Jong,8118,Frenkie de Jong,3773372,217,Barcelona,2021-05-08,11,La Liga,90,2020/2021,0,0,0,0.000000000,0.000000000,0.000000000,1,0.111832410,EXACT_FULL_NAME_VIA_VERIFIED_TRANSFER,HIGH,691521249679d05ae33fdee4a748aa36320dcccbb25cc79be973adc3159cfb9c,f2d41017b4da8e9a2bc11132ed94dc74b9b12dfbd037ce9fee315da9d84cd150,4b73468fc5b0f1950f9f66fada70ad3a4f9327cb,StatsBomb Open Data via Stage91 + Stage92 verified identity bridge,true,true,false,false,false,false,false,false
538,F. de Jong,8118,Frenkie de Jong,3773377,217,Barcelona,2020-12-19,11,La Liga,90,2020/2021,0,0,0,0.000000000,0.000000000,0.000000000,3,0.170696290,EXACT_FULL_NAME_VIA_VERIFIED_TRANSFER,HIGH,092717ca764e88dceb2f06fd5559ef61674d24977fec756318e77428843eefdf,91f4ed381d75ff59ab6d1f21f025d2171c485a6ef29108222465640df7c01db4,4b73468fc5b0f1950f9f66fada70ad3a4f9327cb,StatsBomb Open Data via Stage91 + Stage92 verified identity bridge,true,true,false,false,false,false,false,false
538,F. de Jong,8118,Frenkie de Jong,3773386,217,Barcelona,2020-10-31,11,La Liga,90,2020/2021,1,1,0,0.203073320,0.203073320,0.000000000,1,0.037237283,EXACT_FULL_NAME_VIA_VERIFIED_TRANSFER,HIGH,31fc4ff046888d35f79acc4ac1b807be6561b626d8c8d07c517b0b7e1b93a302,5536a7a6978b3593867d309825e38a7c5872f96f25b1a22186b1342a6586c60c,4b73468fc5b0f1950f9f66fada70ad3a4f9327cb,StatsBomb Open Data via Stage91 + Stage92 verified identity bridge,true,true,false,false,false,false,false,false
538,F. de Jong,8118,Frenkie de Jong,3773387,217,Barcelona,2021-05-11,11,La Liga,90,2020/2021,1,1,0,0.156082290,0.156082290,0.000000000,4,0.608814905,EXACT_FULL_NAME_VIA_VERIFIED_TRANSFER,HIGH,a7577b5f62739ce747d83a2d2788a186691c234c7d9c2eac27dc9b3be1db0c2b,a58eeedfe55dc27f395d46f7c6e907ee100af275c27dbee2a241146a60aa03eb,4b73468fc5b0f1950f9f66fada70ad3a4f9327cb,StatsBomb Open Data via Stage91 + Stage92 verified identity bridge,true,true,false,false,false,false,false,false
538,F. de Jong,8118,Frenkie de Jong,3773403,217,Barcelona,2021-01-31,11,La Liga,90,2020/2021,0,0,0,0.000000000,0.000000000,0.000000000,1,0.096097640,EXACT_FULL_NAME_VIA_VERIFIED_TRANSFER,HIGH,6cf15adb0f1402ff9dcfaf122b451ee78962c2d5368a0a2cd5aeb13afd625924,b02ad0effc3ce01824cc87c0d4bab3553070b9c39d27a67c535348e828847b82,4b73468fc5b0f1950f9f66fada70ad3a4f9327cb,StatsBomb Open Data via Stage91 + Stage92 verified identity bridge,true,true,false,false,false,false,false,false
538,F. de Jong,8118,Frenkie de Jong,3773415,217,Barcelona,2021-02-21,11,La Liga,90,2020/2021,1,1,0,0.182958260,0.182958260,0.000000000,0,0.000000000,EXACT_FULL_NAME_VIA_VERIFIED_TRANSFER,HIGH,c2c6aeba9a356d1e33b99c6077f6747625b5aee56c7c9fb5c4a6768cb30e8ff6,aefa1eaa084cd1adeb0f3302ad7ebb7ef8f0da4d76b80ac177eb74af37d92fda,4b73468fc5b0f1950f9f66fada70ad3a4f9327cb,StatsBomb Open Data via Stage91 + Stage92 verified identity bridge,true,true,false,false,false,false,false,false
538,F. de Jong,8118,Frenkie de Jong,3773428,217,Barcelona,2020-12-05,11,La Liga,90,2020/2021,1,1,0,0.037747677,0.037747677,0.000000000,0,0.000000000,EXACT_FULL_NAME_VIA_VERIFIED_TRANSFER,HIGH,6c25760a3eda88cdcc0c3ca7cf1d3cc7630960c608d3743051779547ccc1e14c,aa8b0d66b56bccf6a9ed23a5e0b0dc0127cd852be7fd16cf6a3172ee2a8ddeb0,4b73468fc5b0f1950f9f66fada70ad3a4f9327cb,StatsBomb Open Data via Stage91 + Stage92 verified identity bridge,true,true,false,false,false,false,false,false
538,F. de Jong,8118,Frenkie de Jong,3773466,217,Barcelona,2020-10-01,11,La Liga,90,2020/2021,0,0,0,0.000000000,0.000000000,0.000000000,1,0.157009330,EXACT_FULL_NAME_VIA_VERIFIED_TRANSFER,HIGH,08dd75ae0baa2c7c03496d384d1b0069c5d5e238970bba45945785feb130121b,a870f7819992de9d7aa5561cff306f35541b26c241b7375c5dec30e0c0b3efd7,4b73468fc5b0f1950f9f66fada70ad3a4f9327cb,StatsBomb Open Data via Stage91 + Stage92 verified identity bridge,true,true,false,false,false,false,false,false
538,F. de Jong,8118,Frenkie de Jong,3773474,217,Barcelona,2021-04-05,11,La Liga,90,2020/2021,0,0,0,0.000000000,0.000000000,0.000000000,4,0.286817694,EXACT_FULL_NAME_VIA_VERIFIED_TRANSFER,HIGH,f6b238385d059b9467badddd4712c490787251957020e6013499f9990769ae2c,4d2130fd0c82f8ad0ff6f4f27bf7b0098be538090a77727f66b9b34f86d53b36,4b73468fc5b0f1950f9f66fada70ad3a4f9327cb,StatsBomb Open Data via Stage91 + Stage92 verified identity bridge,true,true,false,false,false,false,false,false
538,F. de Jong,8118,Frenkie de Jong,3773523,217,Barcelona,2020-12-16,11,La Liga,90,2020/2021,1,1,0,0.409946860,0.409946860,0.000000000,2,0.244877610,EXACT_FULL_NAME_VIA_VERIFIED_TRANSFER,HIGH,231abe15c4352f47b81a08b138e87c1b29d3ecca540fcff6d5220380ac46759f,8005f196339175aab602542b7cb3cdc951676f2c57de33798d9e48777f5e8a0f,4b73468fc5b0f1950f9f66fada70ad3a4f9327cb,StatsBomb Open Data via Stage91 + Stage92 verified identity bridge,true,true,false,false,false,false,false,false
538,F. de Jong,8118,Frenkie de Jong,3773547,217,Barcelona,2020-11-29,11,La Liga,90,2020/2021,1,1,0,0.260452030,0.260452030,0.000000000,1,0.095153406,EXACT_FULL_NAME_VIA_VERIFIED_TRANSFER,HIGH,c41ff0ccfcbc16f744a7dee61be7d8161a10ff7aa806fab5ec2145ac63d3ab67,2df2273a96df496c9df721c6b6853969a6553a96d91260661a2dd32ea993716e,4b73468fc5b0f1950f9f66fada70ad3a4f9327cb,StatsBomb Open Data via Stage91 + Stage92 verified identity bridge,true,true,false,false,false,false,false,false
538,F. de Jong,8118,Frenkie de Jong,3773552,217,Barcelona,2021-01-03,11,La Liga,90,2020/2021,1,1,0,0.277201440,0.277201440,0.000000000,0,0.000000000,EXACT_FULL_NAME_VIA_VERIFIED_TRANSFER,HIGH,cfb884a1b6818f04602866a3cb9b314910518f55248918cfe7f32cff6708ae91,83ed5fd4521252a27d229ae2211f032c456411f525d0aab6034e75afa82895cc,4b73468fc5b0f1950f9f66fada70ad3a4f9327cb,StatsBomb Open Data via Stage91 + Stage92 verified identity bridge,true,true,false,false,false,false,false,false
538,F. de Jong,8118,Frenkie de Jong,3773565,217,Barcelona,2021-01-09,11,La Liga,90,2020/2021,1,1,0,0.124102466,0.124102466,0.000000000,2,0.084192028,EXACT_FULL_NAME_VIA_VERIFIED_TRANSFER,HIGH,b8ac2fe70c5ed7052f65a539cc5bdccfc3c499df9d4e4ab0455b8bf645c818ff,c542d05b628d376370eb5c777b409b0d50669bbf6824cbe61d70d371d7c7d5c2,4b73468fc5b0f1950f9f66fada70ad3a4f9327cb,StatsBomb Open Data via Stage91 + Stage92 verified identity bridge,true,true,false,false,false,false,false,false
538,F. de Jong,8118,Frenkie de Jong,3773571,217,Barcelona,2020-12-22,11,La Liga,90,2020/2021,0,0,0,0.000000000,0.000000000,0.000000000,2,0.211498585,EXACT_FULL_NAME_VIA_VERIFIED_TRANSFER,HIGH,dfaaa051b7e0a818dcfddcf2b9435f88cd17b95931b0831d8da3b0ff414bb322,b2c37318c45d1a451dbd4af4fe836720264f643cb913e5199252233b3dfa80c5,4b73468fc5b0f1950f9f66fada70ad3a4f9327cb,StatsBomb Open Data via Stage91 + Stage92 verified identity bridge,true,true,false,false,false,false,false,false
538,F. de Jong,8118,Frenkie de Jong,3773585,217,Barcelona,2020-10-24,11,La Liga,90,2020/2021,0,0,0,0.000000000,0.000000000,0.000000000,1,0.045709990,EXACT_FULL_NAME_VIA_VERIFIED_TRANSFER,HIGH,36b075eaad8d623881cef94d7ec997271a97392f75fe56ae8041b10ba4aafd18,eec6f96549e5f73c13a121591d257c8440337b7658b135ab7ae414f397463c38,4b73468fc5b0f1950f9f66fada70ad3a4f9327cb,StatsBomb Open Data via Stage91 + Stage92 verified identity bridge,true,true,false,false,false,false,false,false
538,F. de Jong,8118,Frenkie de Jong,3773586,217,Barcelona,2021-04-29,11,La Liga,90,2020/2021,0,0,0,0.000000000,0.000000000,0.000000000,6,0.326948250,EXACT_FULL_NAME_VIA_VERIFIED_TRANSFER,HIGH,8a139eee20a3c3b92ed2aa2f9d7ce503c04c4402e96c6cf765dcb83519ac1909,e495f083dfe467a059f64317a6c94b0e76b550ab3d2b906f722fa10165bf52da,4b73468fc5b0f1950f9f66fada70ad3a4f9327cb,StatsBomb Open Data via Stage91 + Stage92 verified identity bridge,true,true,false,false,false,false,false,false
538,F. de Jong,8118,Frenkie de Jong,3773593,217,Barcelona,2020-09-27,11,La Liga,90,2020/2021,0,0,0,0.000000000,0.000000000,0.000000000,2,0.135875435,EXACT_FULL_NAME_VIA_VERIFIED_TRANSFER,HIGH,51aacd55548f9f7cadc7001759b984bc5e613896bfeb6934bfd8463a514591be,19160116a646d33fceaeb29682eddaa754cd78973df134db2a418fdfa6974c96,4b73468fc5b0f1950f9f66fada70ad3a4f9327cb,StatsBomb Open Data via Stage91 + Stage92 verified identity bridge,true,true,false,false,false,false,false,false
538,F. de Jong,8118,Frenkie de Jong,3773625,217,Barcelona,2021-02-27,11,La Liga,90,2020/2021,0,0,0,0.000000000,0.000000000,0.000000000,2,0.133142400,EXACT_FULL_NAME_VIA_VERIFIED_TRANSFER,HIGH,b079d7263183035ad008eb767098970f5e35db4f657e73646be72284bb67e673,af0037b533cbd6e9dcbafdd88c1b9d9cfb74631269689a9c71ec02e5eb72fff2,4b73468fc5b0f1950f9f66fada70ad3a4f9327cb,StatsBomb Open Data via Stage91 + Stage92 verified identity bridge,true,true,false,false,false,false,false,false
538,F. de Jong,8118,Frenkie de Jong,3773660,217,Barcelona,2020-12-13,11,La Liga,90,2020/2021,0,0,0,0.000000000,0.000000000,0.000000000,5,0.444557321,EXACT_FULL_NAME_VIA_VERIFIED_TRANSFER,HIGH,e9b686036834d9ce509ad6ab1ec50a4db77eddb772c435871fb650a3ac64cc54,84bf9357b514f9c680fdf1675327269bdc990c8641d1097c39d0faf44ebaea0e,4b73468fc5b0f1950f9f66fada70ad3a4f9327cb,StatsBomb Open Data via Stage91 + Stage92 verified identity bridge,true,true,false,false,false,false,false,false
538,F. de Jong,8118,Frenkie de Jong,3773661,217,Barcelona,2021-04-22,11,La Liga,90,2020/2021,0,0,0,0.000000000,0.000000000,0.000000000,1,0.142620150,EXACT_FULL_NAME_VIA_VERIFIED_TRANSFER,HIGH,22aed8f30f15cc1de5ccb66e8579b5f8a2edd5b2b403607248ca0e5d126c92ea,fe93deccb9d997c4e0eacbc9ab78360ece705c78398ee01d8f66aedaae46f6e1,4b73468fc5b0f1950f9f66fada70ad3a4f9327cb,StatsBomb Open Data via Stage91 + Stage92 verified identity bridge,true,true,false,false,false,false,false,false
538,F. de Jong,8118,Frenkie de Jong,3773665,217,Barcelona,2021-03-06,11,La Liga,90,2020/2021,1,1,0,0.154246730,0.154246730,0.000000000,1,0.037518650,EXACT_FULL_NAME_VIA_VERIFIED_TRANSFER,HIGH,8b85e13ab0a620cb4bfec985bcb69f1ea83a5461fd44459d47b6b8f52994c77f,b35e5fee5d71b0167e9b8d2dba0d7b9c1a05761ed27a759177e415020af57e80,4b73468fc5b0f1950f9f66fada70ad3a4f9327cb,StatsBomb Open Data via Stage91 + Stage92 verified identity bridge,true,true,false,false,false,false,false,false
538,F. de Jong,8118,Frenkie de Jong,3773672,217,Barcelona,2020-10-04,11,La Liga,90,2020/2021,1,1,0,0.346306600,0.346306600,0.000000000,0,0.000000000,EXACT_FULL_NAME_VIA_VERIFIED_TRANSFER,HIGH,c46d11e9d28aa4f05bf592afb808d97d46e0044351318b995b89bcc558768ac8,e519a8c6f8dfca3af6c269e2050cee2e24f03b973992261f95a47d86c50bd76d,4b73468fc5b0f1950f9f66fada70ad3a4f9327cb,StatsBomb Open Data via Stage91 + Stage92 verified identity bridge,true,true,false,false,false,false,false,false
538,F. de Jong,8118,Frenkie de Jong,3773689,217,Barcelona,2021-04-25,11,La Liga,90,2020/2021,3,3,0,1.695804160,1.695804160,0.000000000,3,0.316202594,EXACT_FULL_NAME_VIA_VERIFIED_TRANSFER,HIGH,22b2d9ce785e73be07476ae95b35bcfdb1ed748ed007c4baab4029e552f93abb,eb877997b4679a86030280ed265aa386f795d0d341023fa58f4704b1245ab5ca,4b73468fc5b0f1950f9f66fada70ad3a4f9327cb,StatsBomb Open Data via Stage91 + Stage92 verified identity bridge,true,true,false,false,false,false,false,false
538,F. de Jong,8118,Frenkie de Jong,3773695,217,Barcelona,2021-05-02,11,La Liga,90,2020/2021,1,1,0,0.120029920,0.120029920,0.000000000,1,0.265194600,EXACT_FULL_NAME_VIA_VERIFIED_TRANSFER,HIGH,01db3f9be1d0faf365444c6e2bb03910d628a5be519ad4196ba5672946e5ad91,6040ad56b018d47584f91f6ac78f019fc478ec36a4b13fbcf8fd23c82738fbe7,4b73468fc5b0f1950f9f66fada70ad3a4f9327cb,StatsBomb Open Data via Stage91 + Stage92 verified identity bridge,true,true,false,false,false,false,false,false
538,F. de Jong,8118,Frenkie de Jong,3788746,941,Netherlands,2021-06-13,55,UEFA Euro,43,2020,0,0,0,0.000000000,0.000000000,0.000000000,2,0.059921067,EXACT_FULL_NAME_VIA_VERIFIED_TRANSFER,HIGH,ada6e5a43d4d08bc35317d6586beb1f00919ea7a2635df15ce77996ee1e376c1,f2766ba4b42ecad1a534c6af5ab300b57186aa488669e71324f4b4ca90b05f31,4b73468fc5b0f1950f9f66fada70ad3a4f9327cb,StatsBomb Open Data via Stage91 + Stage92 verified identity bridge,true,true,false,false,false,false,false,false
538,F. de Jong,8118,Frenkie de Jong,3788756,941,Netherlands,2021-06-17,55,UEFA Euro,43,2020,0,0,0,0.000000000,0.000000000,0.000000000,1,0.056245416,EXACT_FULL_NAME_VIA_VERIFIED_TRANSFER,HIGH,6ba54f848bce5e01e37f760b740d8b80f2905eedeba479b91590d25528dfebd4,6b4d825245748865de1473fac78cccb2f90c5d732b1221bc4f474a8160d1f02e,4b73468fc5b0f1950f9f66fada70ad3a4f9327cb,StatsBomb Open Data via Stage91 + Stage92 verified identity bridge,true,true,false,false,false,false,false,false
538,F. de Jong,8118,Frenkie de Jong,3788770,941,Netherlands,2021-06-21,55,UEFA Euro,43,2020,0,0,0,0.000000000,0.000000000,0.000000000,1,0.208220240,EXACT_FULL_NAME_VIA_VERIFIED_TRANSFER,HIGH,bbb77da8bbde810081aed3403e644baea86b59920020a29edab49624faed226a,5edb071e41a989a296abd0fe0a6cf2f5254a73e0b6b1e359caf50f6dbcb35004,4b73468fc5b0f1950f9f66fada70ad3a4f9327cb,StatsBomb Open Data via Stage91 + Stage92 verified identity bridge,true,true,false,false,false,false,false,false
538,F. de Jong,8118,Frenkie de Jong,3857285,941,Netherlands,2022-11-21,43,FIFA World Cup,106,2022,0,0,0,0.000000000,0.000000000,0.000000000,2,0.324529227,EXACT_FULL_NAME_VIA_VERIFIED_TRANSFER,HIGH,69f31b986de92b75b92df778fbd6d7b9ca1415e22918e1fb9123de53921f32d5,35bc1ccc42a5a8b9fd9c32b924640f9d12aba7ecbf7bfd3d4dffd0fd5c7e65bd,4b73468fc5b0f1950f9f66fada70ad3a4f9327cb,StatsBomb Open Data via Stage91 + Stage92 verified identity bridge,true,true,false,false,false,false,false,false
538,F. de Jong,8118,Frenkie de Jong,3857294,941,Netherlands,2022-11-29,43,FIFA World Cup,106,2022,2,2,0,0.720993446,0.720993446,0.000000000,1,0.023612352,EXACT_FULL_NAME_VIA_VERIFIED_TRANSFER,HIGH,3a4b9814396ad7e688341e54b3d6abcffda271dfb0a52f6430409a242f9d9cb1,72146937f60a58bbdceac2debe5694cb88b0a292dd4eadc7bff9748d78f8f1bc,4b73468fc5b0f1950f9f66fada70ad3a4f9327cb,StatsBomb Open Data via Stage91 + Stage92 verified identity bridge,true,true,false,false,false,false,false,false
538,F. de Jong,8118,Frenkie de Jong,3869117,941,Netherlands,2022-12-03,43,FIFA World Cup,106,2022,0,0,0,0.000000000,0.000000000,0.000000000,1,0.053106464,EXACT_FULL_NAME_VIA_VERIFIED_TRANSFER,HIGH,07e58e9f765eae42469e8e8fcc08740f0d288302ea1f1cb2e00f2c74b592c5bb,7610da69013777bd6117eb955d9d51eb7eb6131a2ae71f5d20b6b7033877a105,4b73468fc5b0f1950f9f66fada70ad3a4f9327cb,StatsBomb Open Data via Stage91 + Stage92 verified identity bridge,true,true,false,false,false,false,false,false
542,R. Gravenberch,23230,Ryan Gravenberch,3788770,941,Netherlands,2021-06-21,55,UEFA Euro,43,2020,2,2,0,0.057453204,0.057453204,0.000000000,1,0.016231125,EXACT_FULL_NAME_VIA_VERIFIED_TRANSFER,HIGH,e6cfc9e24f59c66907195c82a30e7026418cee29f9f0ecc8765c26b159adfae4,5edb071e41a989a296abd0fe0a6cf2f5254a73e0b6b1e359caf50f6dbcb35004,4b73468fc5b0f1950f9f66fada70ad3a4f9327cb,StatsBomb Open Data via Stage91 + Stage92 verified identity bridge,true,true,false,false,false,false,false,false
545,N. Mazraoui,15890,Noussair Mazraoui,3857277,788,Morocco,2022-11-23,43,FIFA World Cup,106,2022,2,2,0,0.105738022,0.105738022,0.000000000,0,0.000000000,EXACT_FULL_NAME_VIA_VERIFIED_TRANSFER,HIGH,42f8b06e6387717fe75e8fa22a601b18364be4f3d622350bc749236733277818,6637e5b620b108ed9250d19fb350c5f8b2b4643c55c5cdff2f6c7dcc95c4a9ba,4b73468fc5b0f1950f9f66fada70ad3a4f9327cb,StatsBomb Open Data via Stage91 + Stage92 verified identity bridge,true,true,false,false,false,false,false,false
545,N. Mazraoui,15890,Noussair Mazraoui,3857283,788,Morocco,2022-11-27,43,FIFA World Cup,106,2022,1,1,0,0.022188112,0.022188112,0.000000000,0,0.000000000,EXACT_FULL_NAME_VIA_VERIFIED_TRANSFER,HIGH,3f4187344ef4fe0d7939b86f4aa85a664bb701b88ce33c7a959a92ee5fb9fc55,7285fea113792265bcc086abc21fc6f546a1d73bb25b3b1abe0b6bfefb59dd55,4b73468fc5b0f1950f9f66fada70ad3a4f9327cb,StatsBomb Open Data via Stage91 + Stage92 verified identity bridge,true,true,false,false,false,false,false,false
545,N. Mazraoui,15890,Noussair Mazraoui,3869220,788,Morocco,2022-12-06,43,FIFA World Cup,106,2022,1,1,0,0.023416335,0.023416335,0.000000000,0,0.000000000,EXACT_FULL_NAME_VIA_VERIFIED_TRANSFER,HIGH,422eb7f7696f42f4978c10fcd82fca9773e3f18cfa8ba9dcde9dad7ac442b303,2aaabf564dbbf4d2b1636cec1b6eefb717f2017b200d9c94628afaf28bcc78c6,4b73468fc5b0f1950f9f66fada70ad3a4f9327cb,StatsBomb Open Data via Stage91 + Stage92 verified identity bridge,true,true,false,false,false,false,false,false
545,N. Mazraoui,15890,Noussair Mazraoui,3869552,788,Morocco,2022-12-14,43,FIFA World Cup,106,2022,0,0,0,0.000000000,0.000000000,0.000000000,1,0.019246960,EXACT_FULL_NAME_VIA_VERIFIED_TRANSFER,HIGH,39876c694511e4a3d869dbe60faa5c4a844aad6705c6980d255cb5a49ac028a8,b0b1d1362846c4a15beb8b72c5d38c02bbf35ef8b651bcd3733a3dbdc88a9a4e,4b73468fc5b0f1950f9f66fada70ad3a4f9327cb,StatsBomb Open Data via Stage91 + Stage92 verified identity bridge,true,true,false,false,false,false,false,false
545,N. Mazraoui,15890,Noussair Mazraoui,3895232,169,Bayern Munich,2024-02-10,9,1. Bundesliga,281,2023/2024,1,1,0,0.030153356,0.030153356,0.000000000,3,0.363260008,EXACT_FULL_NAME_VIA_VERIFIED_TRANSFER,HIGH,1e952b9caecd87d020a857f661b5e8cfda70d5c8040d049f7bb582a59f664118,2ba1ab324707b047719b27ff4f6b9238f9a92aa73a75e9ecf5a2d815a35ca54e,4b73468fc5b0f1950f9f66fada70ad3a4f9327cb,StatsBomb Open Data via Stage91 + Stage92 verified identity bridge,true,true,false,false,false,false,false,false
545,N. Mazraoui,15890,Noussair Mazraoui,3922243,788,Morocco,2024-01-30,1267,African Cup of Nations,107,2023,0,0,0,0.000000000,0.000000000,0.000000000,1,0.127686070,EXACT_FULL_NAME_VIA_VERIFIED_TRANSFER,HIGH,2293360a666691b63a97c5e4634eb040eed7e88a0e49b745249af7db3f2f1a76,7bed709222a4b45f6fdaf74368e9e82d8edcb74b069fac9cc96babd95d24642d,4b73468fc5b0f1950f9f66fada70ad3a4f9327cb,StatsBomb Open Data via Stage91 + Stage92 verified identity bridge,true,true,false,false,false,false,false,false
623,Benjamin Mendy,3261,Benjamin Mendy,3829414,147,Olympique de Marseille,2015-08-08,7,Ligue 1,27,2015/2016,1,1,0,0.006179578,0.006179578,0.000000000,1,0.248772860,EXACT_FULL_NAME_VIA_VERIFIED_TRANSFER,HIGH,75ec895ce127ce8f3b5777ffa151d1ed98cb1cc0fd8146e09debb5122f080613,101a72b2e42c93d7f6b9572356d793490bc89491e301a5fa9983d9eae02963fd,4b73468fc5b0f1950f9f66fada70ad3a4f9327cb,StatsBomb Open Data via Stage91 + Stage92 verified identity bridge,true,true,false,false,false,false,false,false
623,Benjamin Mendy,3261,Benjamin Mendy,3829430,147,Marseille,2015-08-16,7,Ligue 1,27,2015/2016,0,0,0,0.000000000,0.000000000,0.000000000,1,0.032009378,EXACT_FULL_NAME_VIA_VERIFIED_TRANSFER,HIGH,fd43d81101d258b71e0b3c2997e67bae9ffdbdc2088c16c2a9a640065fbefd4d,97bee2383026a261fd9f2648ab7fecfbfd953defaae3ba56b600466c01a3138d,4b73468fc5b0f1950f9f66fada70ad3a4f9327cb,StatsBomb Open Data via Stage91 + Stage92 verified identity bridge,true,true,false,false,false,false,false,false
623,Benjamin Mendy,3261,Benjamin Mendy,3829441,147,Olympique de Marseille,2015-08-23,7,Ligue 1,27,2015/2016,0,0,0,0.000000000,0.000000000,0.000000000,3,0.300449520,EXACT_FULL_NAME_VIA_VERIFIED_TRANSFER,HIGH,f75f0d4272f88e4b5659e5e2152bebf3bb6cdab4c1ae47cf12213bba93ef009d,db2cf065a21e362f23c7e39e679dce6bd0d439066340bb08aaa651d23238b343,4b73468fc5b0f1950f9f66fada70ad3a4f9327cb,StatsBomb Open Data via Stage91 + Stage92 verified identity bridge,true,true,false,false,false,false,false,false
623,Benjamin Mendy,3261,Benjamin Mendy,3829443,147,Marseille,2015-08-28,7,Ligue 1,27,2015/2016,0,0,0,0.000000000,0.000000000,0.000000000,1,0.056328500,EXACT_FULL_NAME_VIA_VERIFIED_TRANSFER,HIGH,f9c6d456b560d5c9761769ca00148e3cb69cb869a61131c450ab3a5bb73aa3ed,af137e7f3caa1c02324c1092648aa296bcd64daaddedaff4d0201c2e283e9f32,4b73468fc5b0f1950f9f66fada70ad3a4f9327cb,StatsBomb Open Data via Stage91 + Stage92 verified identity bridge,true,true,false,false,false,false,false,false
623,Benjamin Mendy,3261,Benjamin Mendy,3829461,147,Olympique de Marseille,2015-09-13,7,Ligue 1,27,2015/2016,2,2,0,0.029121704,0.029121704,0.000000000,1,0.302715450,EXACT_FULL_NAME_VIA_VERIFIED_TRANSFER,HIGH,e4189e84dc7f0fb31b662c9b151067756a76f175f96c6ddfc8309f08470af03b,203740d74f0f0dd6ba0a580d383b6282b7c89513cff5f7268a818aff9fe74fda,4b73468fc5b0f1950f9f66fada70ad3a4f9327cb,StatsBomb Open Data via Stage91 + Stage92 verified identity bridge,true,true,false,false,false,false,false,false
623,Benjamin Mendy,3261,Benjamin Mendy,3829472,147,Olympique de Marseille,2015-09-20,7,Ligue 1,27,2015/2016,0,0,0,0.000000000,0.000000000,0.000000000,1,0.016438367,EXACT_FULL_NAME_VIA_VERIFIED_TRANSFER,HIGH,7c454d79c58ee202bf9202234f4d73971c56e65e23edd14a5561b53e53415c81,73890372f4e33eda2ccbe7ca1576f187a862c6c49920c32ec96b8b413257eb98,4b73468fc5b0f1950f9f66fada70ad3a4f9327cb,StatsBomb Open Data via Stage91 + Stage92 verified identity bridge,true,true,false,false,false,false,false,false
623,Benjamin Mendy,3261,Benjamin Mendy,3829509,147,Olympique de Marseille,2015-10-18,7,Ligue 1,27,2015/2016,1,1,0,0.040361043,0.040361043,0.000000000,5,0.325837651,EXACT_FULL_NAME_VIA_VERIFIED_TRANSFER,HIGH,5a2ba154c925dd156ff21139f732e58687415ef2557446cdf52269da3d63b928,364ee9dfea61f794392bba050be80e6ea63f60d5830cd258f2d85fdd857bfc59,4b73468fc5b0f1950f9f66fada70ad3a4f9327cb,StatsBomb Open Data via Stage91 + Stage92 verified identity bridge,true,true,false,false,false,false,false,false
623,Benjamin Mendy,3261,Benjamin Mendy,3829518,147,Marseille,2015-10-25,7,Ligue 1,27,2015/2016,0,0,0,0.000000000,0.000000000,0.000000000,2,0.238816110,EXACT_FULL_NAME_VIA_VERIFIED_TRANSFER,HIGH,35281171d7e86a5208ae7ab9915a5aa2b209ad904720d3f3417fe9fc4650d224,cba896422e48b8bb63fdd94d9f520c15c1b1ee631b1f1cb1dfdd39df413fef3a,4b73468fc5b0f1950f9f66fada70ad3a4f9327cb,StatsBomb Open Data via Stage91 + Stage92 verified identity bridge,true,true,false,false,false,false,false,false
623,Benjamin Mendy,3261,Benjamin Mendy,3900499,147,Olympique de Marseille,2015-11-01,7,Ligue 1,27,2015/2016,0,0,0,0.000000000,0.000000000,0.000000000,1,0.113477350,EXACT_FULL_NAME_VIA_VERIFIED_TRANSFER,HIGH,583ef8505b8945204149565cd92d25dc23779ecf0c6aa74087265d2dad888303,cd15ce45de1b4e1380cbb7243b5a34f4bcf704693c90ae825dc4eed0ff46f8ab,4b73468fc5b0f1950f9f66fada70ad3a4f9327cb,StatsBomb Open Data via Stage91 + Stage92 verified identity bridge,true,true,false,false,false,false,false,false
623,Benjamin Mendy,3261,Benjamin Mendy,3900507,147,Olympique de Marseille,2015-11-08,7,Ligue 1,27,2015/2016,1,1,0,0.009262236,0.009262236,0.000000000,4,0.191836874,EXACT_FULL_NAME_VIA_VERIFIED_TRANSFER,HIGH,b5e9f8875ae1f3129da2579b73cca8beb832152e99a032c5382f50f8d34cf588,359e4c70696fe7c0b56b897bfd3088f3e125503d67c13c8682b1cdc71158f971,4b73468fc5b0f1950f9f66fada70ad3a4f9327cb,StatsBomb Open Data via Stage91 + Stage92 verified identity bridge,true,true,false,false,false,false,false,false
623,Benjamin Mendy,3261,Benjamin Mendy,3900547,147,Olympique de Marseille,2015-12-06,7,Ligue 1,27,2015/2016,0,0,0,0.000000000,0.000000000,0.000000000,1,0.113826245,EXACT_FULL_NAME_VIA_VERIFIED_TRANSFER,HIGH,63bcb7116182defaa81c1a551b67758d1ac1ca3fe1f983361b7c437f4770dbde,1d601604f03e484dae00c4ba1169ee5ca10792a651fb3a1f1f86e0c8ffc7aaa5,4b73468fc5b0f1950f9f66fada70ad3a4f9327cb,StatsBomb Open Data via Stage91 + Stage92 verified identity bridge,true,true,false,false,false,false,false,false
623,Benjamin Mendy,3261,Benjamin Mendy,3900559,147,Olympique de Marseille,2015-12-13,7,Ligue 1,27,2015/2016,0,0,0,0.000000000,0.000000000,0.000000000,2,0.236876109,EXACT_FULL_NAME_VIA_VERIFIED_TRANSFER,HIGH,70bfd0b6ff09d050beeae7df11adf92a68ac8d4611df781bb487c9f47dd210c4,94fd229bc5397eb45a666cb08340c89cfb60fc39949d9a078b633670d0ffb391,4b73468fc5b0f1950f9f66fada70ad3a4f9327cb,StatsBomb Open Data via Stage91 + Stage92 verified identity bridge,true,true,false,false,false,false,false,false
623,Benjamin Mendy,3261,Benjamin Mendy,3900567,147,Olympique de Marseille,2015-12-20,7,Ligue 1,27,2015/2016,0,0,0,0.000000000,0.000000000,0.000000000,1,0.083559370,EXACT_FULL_NAME_VIA_VERIFIED_TRANSFER,HIGH,72b30ab55c2507aaf6dde363fd2c90314294970cf53c69ed68a2026fc98df956,444d95a6151575b1834c0e83ee7889c55f51deceb918797091ff71b877e41dc7,4b73468fc5b0f1950f9f66fada70ad3a4f9327cb,StatsBomb Open Data via Stage91 + Stage92 verified identity bridge,true,true,false,false,false,false,false,false
623,Benjamin Mendy,3261,Benjamin Mendy,3901169,147,Olympique de Marseille,2016-03-06,7,Ligue 1,27,2015/2016,0,0,0,0.000000000,0.000000000,0.000000000,1,0.010510393,EXACT_FULL_NAME_VIA_VERIFIED_TRANSFER,HIGH,5f81dc0f5dc0a9a22e8653d29d5593c4ff0af948f520d3ece5eb35578089acb7,0fdc27a424dd5a274f33ed47a01e08ec7418584c498f58fe5beaac0ef0aa702e,4b73468fc5b0f1950f9f66fada70ad3a4f9327cb,StatsBomb Open Data via Stage91 + Stage92 verified identity bridge,true,true,false,false,false,false,false,false
623,Benjamin Mendy,3261,Benjamin Mendy,3901173,147,Marseille,2016-03-09,7,Ligue 1,27,2015/2016,0,0,0,0.000000000,0.000000000,0.000000000,1,0.058580770,EXACT_FULL_NAME_VIA_VERIFIED_TRANSFER,HIGH,7c60939fffdb0496b8c356edbba77038b2c391df96999f08a12cafb84f08b812,bd2213c270481dbac240c7e369bc47ff2ee8f04abc45782f22c5342c376580f7,4b73468fc5b0f1950f9f66fada70ad3a4f9327cb,StatsBomb Open Data via Stage91 + Stage92 verified identity bridge,true,true,false,false,false,false,false,false
623,Benjamin Mendy,3261,Benjamin Mendy,3901223,147,Marseille,2016-04-17,7,Ligue 1,27,2015/2016,0,0,0,0.000000000,0.000000000,0.000000000,2,0.072792507,EXACT_FULL_NAME_VIA_VERIFIED_TRANSFER,HIGH,647f1f347bbf6b2071c7bf07d1570011da50977d4006a768d9ca0fff80dc72e2,92400babb43f7c62365ffb016fecf62504957000e8db77beed1f2c917ac80010,4b73468fc5b0f1950f9f66fada70ad3a4f9327cb,StatsBomb Open Data via Stage91 + Stage92 verified identity bridge,true,true,false,false,false,false,false,false
623,Benjamin Mendy,3261,Benjamin Mendy,3901242,147,Marseille,2016-05-01,7,Ligue 1,27,2015/2016,1,1,0,0.009680099,0.009680099,0.000000000,1,0.180712880,EXACT_FULL_NAME_VIA_VERIFIED_TRANSFER,HIGH,6843be434945d1d79169d3715b7381f203fc7a45d3150ea95b0ecb5809a7dec5,31cf595f17c370092aa99af2fec90d5df20a4e99c99abb23cbfc32b9bb616d74,4b73468fc5b0f1950f9f66fada70ad3a4f9327cb,StatsBomb Open Data via Stage91 + Stage92 verified identity bridge,true,true,false,false,false,false,false,false
623,Benjamin Mendy,3261,Benjamin Mendy,3901251,147,Olympique de Marseille,2016-05-07,7,Ligue 1,27,2015/2016,2,2,0,0.021394468,0.021394468,0.000000000,0,0.000000000,EXACT_FULL_NAME_VIA_VERIFIED_TRANSFER,HIGH,9e2765aa076f75d6bb680a15625d5e5c98669d48911675cfb0aa41569ec595ee,c6d6e2cbe109e6db3fee1f9520828b6836e01752e3666cc10cfc0de61010da11,4b73468fc5b0f1950f9f66fada70ad3a4f9327cb,StatsBomb Open Data via Stage91 + Stage92 verified identity bridge,true,true,false,false,false,false,false,false
623,Benjamin Mendy,3261,Benjamin Mendy,7563,771,France,2018-06-26,43,FIFA World Cup,3,2018,0,0,0,0.000000000,0.000000000,0.000000000,1,0.098076040,EXACT_FULL_NAME_VIA_VERIFIED_TRANSFER,HIGH,0a29f5dbfcb6fb73cfe3674746b695710a65aeba0944a67e9ed6aa5f6ed98049,f696b915693b8c5686c042c72915e1e617a80cf8ad5ba92c5b438c5ba700e8df,4b73468fc5b0f1950f9f66fada70ad3a4f9327cb,StatsBomb Open Data via Stage91 + Stage92 verified identity bridge,true,true,false,false,false,false,false,false
659,M. Caqueret,33158,Maxence Caqueret,3802752,137,Lyon,2021-09-19,7,Ligue 1,108,2021/2022,2,2,0,0.111066316,0.111066316,0.000000000,2,0.027752518,EXACT_FULL_NAME_VIA_VERIFIED_TRANSFER,HIGH,695648f4e3ff2c27ffbd0857dd6b7fe2489f2833e29426f3097e749f4f00a59b,cb15c5c776c524a8db1ad73cd3ce5377fdfeca04932862c57400b67d44c94a11,4b73468fc5b0f1950f9f66fada70ad3a4f9327cb,StatsBomb Open Data via Stage91 + Stage92 verified identity bridge,true,true,false,false,false,false,false,false
659,M. Caqueret,33158,Maxence Caqueret,3837717,137,Lyon,2022-09-18,7,Ligue 1,235,2022/2023,0,0,0,0.000000000,0.000000000,0.000000000,2,0.098482780,EXACT_FULL_NAME_VIA_VERIFIED_TRANSFER,HIGH,e55e8ca4c8f9f52adb6f1d8e8e34ff187ec7fdda7826fc8bcce009124dad9421,836b6109a4a9b7cbbfe590fb1c114e6e6a4d3cb12f43ba1fa1a92ee3a0d43a19,4b73468fc5b0f1950f9f66fada70ad3a4f9327cb,StatsBomb Open Data via Stage91 + Stage92 verified identity bridge,true,true,false,false,false,false,false,false
659,M. Caqueret,33158,Maxence Caqueret,3837928,137,Lyon,2023-04-02,7,Ligue 1,235,2022/2023,0,0,0,0.000000000,0.000000000,0.000000000,1,0.114928626,EXACT_FULL_NAME_VIA_VERIFIED_TRANSFER,HIGH,5c20858b9dbb8d6277240e0b2f42548b65282a43866346df5104d956def753e9,3b80b6a9c115a071e35514b00b6e2e1c73dcfe5c378904afae02cba8c317537f,4b73468fc5b0f1950f9f66fada70ad3a4f9327cb,StatsBomb Open Data via Stage91 + Stage92 verified identity bridge,true,true,false,false,false,false,false,false
6716,A. Mac Allister,27886,Alexis Mac Allister,3857264,779,Argentina,2022-11-30,43,FIFA World Cup,106,2022,2,2,0,0.237645544,0.237645544,0.000000000,3,0.289235480,EXACT_FULL_NAME_VIA_VERIFIED_TRANSFER,HIGH,01fef3207c7277ff28c4603142fa3370b4c554bf8f2da918d38ace5db6700ddc,bcf53cbaca5dfe1aa0747b551e43cd6968e5e7cd8c5832c393c672b9abcf103f,4b73468fc5b0f1950f9f66fada70ad3a4f9327cb,StatsBomb Open Data via Stage91 + Stage92 verified identity bridge,true,true,false,false,false,false,false,false
6716,A. Mac Allister,27886,Alexis Mac Allister,3869151,779,Argentina,2022-12-03,43,FIFA World Cup,106,2022,0,0,0,0.000000000,0.000000000,0.000000000,1,0.045171540,EXACT_FULL_NAME_VIA_VERIFIED_TRANSFER,HIGH,4ed920e86a6cfbeec05e0d2c22ea0cdb3cd0800ae347161ff24eab152905c840,692ca1f7375cc34cd6e06064032f7b0dbd991c6ff705d37d5720294b7686799b,4b73468fc5b0f1950f9f66fada70ad3a4f9327cb,StatsBomb Open Data via Stage91 + Stage92 verified identity bridge,true,true,false,false,false,false,false,false
6716,A. Mac Allister,27886,Alexis Mac Allister,3869321,779,Argentina,2022-12-09,43,FIFA World Cup,106,2022,0,0,0,0.000000000,0.000000000,0.000000000,1,0.049762752,EXACT_FULL_NAME_VIA_VERIFIED_TRANSFER,HIGH,a45b60dc21f2d43efbec2318b24eb70d088b33aa9b9347cea0d38154492a7016,39a3564279bf533d6d5542489e3d79b45caf1407c05f13123b05a0880309b4b3,4b73468fc5b0f1950f9f66fada70ad3a4f9327cb,StatsBomb Open Data via Stage91 + Stage92 verified identity bridge,true,true,false,false,false,false,false,false
6716,A. Mac Allister,27886,Alexis Mac Allister,3869519,779,Argentina,2022-12-13,43,FIFA World Cup,106,2022,2,2,0,0.209813480,0.209813480,0.000000000,2,0.055475795,EXACT_FULL_NAME_VIA_VERIFIED_TRANSFER,HIGH,34b6d0baba4b6b4d96c65865ff8a543f7aa642843c24e6d1773065b12123f054,a84e28f78cd2f843c8ce6a2a73d69566efff3ec7858b05f45d0f09638ef413c2,4b73468fc5b0f1950f9f66fada70ad3a4f9327cb,StatsBomb Open Data via Stage91 + Stage92 verified identity bridge,true,true,false,false,false,false,false,false
6716,A. Mac Allister,27886,Alexis Mac Allister,3869685,779,Argentina,2022-12-18,43,FIFA World Cup,106,2022,3,3,0,0.054379339,0.054379339,0.000000000,1,0.303409160,EXACT_FULL_NAME_VIA_VERIFIED_TRANSFER,HIGH,52adbbef697743a685dad344acc7cac52e5b2087347c2667f0b8619c046d5d80,20e866e56a1b459e4c099cd4b4e690c19066ab55b7f89b9001f48eaf1656983d,4b73468fc5b0f1950f9f66fada70ad3a4f9327cb,StatsBomb Open Data via Stage91 + Stage92 verified identity bridge,true,true,false,false,false,false,false,false
6716,A. Mac Allister,27886,Alexis Mac Allister,3939969,779,Argentina,2024-06-21,223,Copa America,282,2024,1,1,0,0.097855950,0.097855950,0.000000000,2,0.298797459,EXACT_FULL_NAME_VIA_VERIFIED_TRANSFER,HIGH,b4e55e9e3e889f7613996855bd5afcd7925b30668f29681302b59097b3fddc43,fa8e8d415a359954f823e7b496946faf0b006e07d47e143827d3d82132ed29a7,4b73468fc5b0f1950f9f66fada70ad3a4f9327cb,StatsBomb Open Data via Stage91 + Stage92 verified identity bridge,true,true,false,false,false,false,false,false
6716,A. Mac Allister,27886,Alexis Mac Allister,3939977,779,Argentina,2024-06-26,223,Copa America,282,2024,4,4,0,0.486468589,0.486468589,0.000000000,0,0.000000000,EXACT_FULL_NAME_VIA_VERIFIED_TRANSFER,HIGH,a47533b0bc8a52c8a3ba59f735b8a3037d0c2b734eecb00b75693ef23c54ab86,b4b4be2210c32290ce4805f358e2d5e9238faf43290378377fadc81c00a3f27d,4b73468fc5b0f1950f9f66fada70ad3a4f9327cb,StatsBomb Open Data via Stage91 + Stage92 verified identity bridge,true,true,false,false,false,false,false,false
6716,A. Mac Allister,27886,Alexis Mac Allister,3942228,779,Argentina,2024-07-05,223,Copa America,282,2024,1,0,1,0.783500000,0.000000000,0.783500000,1,0.377219140,EXACT_FULL_NAME_VIA_VERIFIED_TRANSFER,HIGH,01a857598f5f62f88840d3adb1a39170dbc2d36eda4ac7a43df9c2114f244ae6,7e30d92d22f0087b8dc26c4f52ddfe9d4f839a76d7db117556910ad6d728eaf7,4b73468fc5b0f1950f9f66fada70ad3a4f9327cb,StatsBomb Open Data via Stage91 + Stage92 verified identity bridge,true,true,false,false,false,false,false,false
6716,A. Mac Allister,27886,Alexis Mac Allister,3942785,779,Argentina,2024-07-10,223,Copa America,282,2024,0,0,0,0.000000000,0.000000000,0.000000000,1,0.055415776,EXACT_FULL_NAME_VIA_VERIFIED_TRANSFER,HIGH,8a12d729c8337bc315d21c245536b3cd06267a1b686c10aa148fad1eff3c495a,dc3f41f73580bb3f7467efeb1deeacf74138e3d402eea93f67e05f87a019d3a1,4b73468fc5b0f1950f9f66fada70ad3a4f9327cb,StatsBomb Open Data via Stage91 + Stage92 verified identity bridge,true,true,false,false,false,false,false,false
6716,A. Mac Allister,27886,Alexis Mac Allister,3943077,779,Argentina,2024-07-15,223,Copa America,282,2024,1,1,0,0.040732585,0.040732585,0.000000000,1,0.065693370,EXACT_FULL_NAME_VIA_VERIFIED_TRANSFER,HIGH,27f74391bd07718a56f4b22ad4144795eb0a22e2f221aee07b99ec6d009131a8,c1c42d0b416a31858c3c078f85a4c14b985023b973c52c0f69ad1b1afe821e92,4b73468fc5b0f1950f9f66fada70ad3a4f9327cb,StatsBomb Open Data via Stage91 + Stage92 verified identity bridge,true,true,false,false,false,false,false,false
714,N. Amiri,8403,Nadiem Amiri,3890340,175,Hoffenheim,,,,,,0,0,0,0.000000000,0.000000000,0.000000000,1,0.043768890,EXACT_FULL_NAME_VIA_VERIFIED_TRANSFER,HIGH,ae3f328c9add902a6478361b9865be8278c77ad0e6f26518748c8a017da66cea,9e44bdb4ecc67ab9affbeae447160a7bcd2b904585171fad5222142666630312,4b73468fc5b0f1950f9f66fada70ad3a4f9327cb,StatsBomb Open Data via Stage91 + Stage92 verified identity bridge,true,true,false,false,false,false,false,false
714,N. Amiri,8403,Nadiem Amiri,3890362,175,Hoffenheim,,,,,,1,1,0,0.044410728,0.044410728,0.000000000,0,0.000000000,EXACT_FULL_NAME_VIA_VERIFIED_TRANSFER,HIGH,4b9ca96da894fa619a8d3701d5ad940801c2a10f3acca56cd95d816bef9f22c8,35109097495edb1e3f83a88d195d5a5983240e9286fd332f80c6f9322bba43d5,4b73468fc5b0f1950f9f66fada70ad3a4f9327cb,StatsBomb Open Data via Stage91 + Stage92 verified identity bridge,true,true,false,false,false,false,false,false
714,N. Amiri,8403,Nadiem Amiri,3890375,175,Hoffenheim,,,,,,1,1,0,0.067433930,0.067433930,0.000000000,0,0.000000000,EXACT_FULL_NAME_VIA_VERIFIED_TRANSFER,HIGH,2c703247bb13ad4aeb448807d89034c52c3ea4fac3836dcc92c313c36e00cb0f,01c130ad4a404fdb57bc31e6add0dbd1e4fa6eff9c5f1431a24195f84ecc47aa,4b73468fc5b0f1950f9f66fada70ad3a4f9327cb,StatsBomb Open Data via Stage91 + Stage92 verified identity bridge,true,true,false,false,false,false,false,false
714,N. Amiri,8403,Nadiem Amiri,3890377,175,Hoffenheim,,,,,,4,4,0,0.574633529,0.574633529,0.000000000,5,0.380645430,EXACT_FULL_NAME_VIA_VERIFIED_TRANSFER,HIGH,86bad9458fc1d2120409c24269987489e5f87dd71da605570f8c6660a893b6e7,551d9eb1b367535f5ab82467b2369d2050d32ad846a9210fdb98a428d7b7ac16,4b73468fc5b0f1950f9f66fada70ad3a4f9327cb,StatsBomb Open Data via Stage91 + Stage92 verified identity bridge,true,true,false,false,false,false,false,false
714,N. Amiri,8403,Nadiem Amiri,3890389,175,Hoffenheim,,,,,,2,2,0,0.093326146,0.093326146,0.000000000,1,0.500432100,EXACT_FULL_NAME_VIA_VERIFIED_TRANSFER,HIGH,f0e2e012bb9fbb76fa5da5083f3cd11d0023e3878ff26b26e131ff3175e4fe1b,5c671832b0f3e08b3e5db55e062c98a19c620e44e8f2321c2727b139b7f1167f,4b73468fc5b0f1950f9f66fada70ad3a4f9327cb,StatsBomb Open Data via Stage91 + Stage92 verified identity bridge,true,true,false,false,false,false,false,false
714,N. Amiri,8403,Nadiem Amiri,3890397,175,Hoffenheim,,,,,,3,3,0,0.079529486,0.079529486,0.000000000,3,0.310799671,EXACT_FULL_NAME_VIA_VERIFIED_TRANSFER,HIGH,c0bd88ee18a57a8006a60fe7ca68cd415735c3cbe5035d982ea36def737ddf7b,fd300a60046dca48e7bdcaa1fc02634e886bb45b432f1a3ae5b912c6808dafb7,4b73468fc5b0f1950f9f66fada70ad3a4f9327cb,StatsBomb Open Data via Stage91 + Stage92 verified identity bridge,true,true,false,false,false,false,false,false
714,N. Amiri,8403,Nadiem Amiri,3890403,175,Hoffenheim,,,,,,2,2,0,0.044250486,0.044250486,0.000000000,0,0.000000000,EXACT_FULL_NAME_VIA_VERIFIED_TRANSFER,HIGH,710046309fbad009895699df4d6b82d3d41ea8d13b82c4fda2786b70ecbb0c4e,0cf4222bdadf86fedd0270feedd38a468d713a93e867cc9b8dfef43b94cf2c00,4b73468fc5b0f1950f9f66fada70ad3a4f9327cb,StatsBomb Open Data via Stage91 + Stage92 verified identity bridge,true,true,false,false,false,false,false,false
714,N. Amiri,8403,Nadiem Amiri,3890428,175,Hoffenheim,,,,,,0,0,0,0.000000000,0.000000000,0.000000000,1,0.090800120,EXACT_FULL_NAME_VIA_VERIFIED_TRANSFER,HIGH,3383465a62eaaad2e4863d73d7cad957ff351533d2c6b7aa3011bf0407cda771,ccaa56532dcf9c4ff4f61afa99bb82de07344762c4287bed2422c6803ebef7f2,4b73468fc5b0f1950f9f66fada70ad3a4f9327cb,StatsBomb Open Data via Stage91 + Stage92 verified identity bridge,true,true,false,false,false,false,false,false
714,N. Amiri,8403,Nadiem Amiri,3890437,175,Hoffenheim,,,,,,2,2,0,0.144558897,0.144558897,0.000000000,1,0.074523090,EXACT_FULL_NAME_VIA_VERIFIED_TRANSFER,HIGH,dc1bd5d406f702d898b26be90a71cedb51aafec6f89f491491e15e47422e03b1,cb864b81b391c3e461ef6d48292c67481b584e5a80fdca94f82b2a3dda9f8dda,4b73468fc5b0f1950f9f66fada70ad3a4f9327cb,StatsBomb Open Data via Stage91 + Stage92 verified identity bridge,true,true,false,false,false,false,false,false
714,N. Amiri,8403,Nadiem Amiri,3890443,175,Hoffenheim,,,,,,3,3,0,0.117358896,0.117358896,0.000000000,1,0.072717050,EXACT_FULL_NAME_VIA_VERIFIED_TRANSFER,HIGH,4cc7ef4ff452d0ac85eb40bf8787efb129143e654c71c5513286e9b8c8a68f55,5da672090082980bb15ea8f145b72227ff5f28de62beb883b0d49b1a2a0776c2,4b73468fc5b0f1950f9f66fada70ad3a4f9327cb,StatsBomb Open Data via Stage91 + Stage92 verified identity bridge,true,true,false,false,false,false,false,false
714,N. Amiri,8403,Nadiem Amiri,3890452,175,Hoffenheim,,,,,,3,3,0,0.331968281,0.331968281,0.000000000,2,0.084777013,EXACT_FULL_NAME_VIA_VERIFIED_TRANSFER,HIGH,e0eb3f82fa078122998acc4b0387c2fbd663730c94f1ea2e9be421aad6dad7a9,eac3d168e5d8335f00e69640de2630781bcfd884751bdd2d5dadbf4ead409697,4b73468fc5b0f1950f9f66fada70ad3a4f9327cb,StatsBomb Open Data via Stage91 + Stage92 verified identity bridge,true,true,false,false,false,false,false,false
714,N. Amiri,8403,Nadiem Amiri,3890464,175,Hoffenheim,,,,,,0,0,0,0.000000000,0.000000000,0.000000000,2,0.129322748,EXACT_FULL_NAME_VIA_VERIFIED_TRANSFER,HIGH,94907e8bd44704347791f627968ba9eec330cdd6036a06477eb2ca70457d9df2,b138f298963ad34a96cc53d7dd81c6603caa78a742e04c63377aca3eb4da7637,4b73468fc5b0f1950f9f66fada70ad3a4f9327cb,StatsBomb Open Data via Stage91 + Stage92 verified identity bridge,true,true,false,false,false,false,false,false
714,N. Amiri,8403,Nadiem Amiri,3890469,175,Hoffenheim,,,,,,3,3,0,0.199541563,0.199541563,0.000000000,1,0.067117660,EXACT_FULL_NAME_VIA_VERIFIED_TRANSFER,HIGH,9ade2b64b1c774c748b50a1e0d59636670fd69713ce2a8eab7bcde611424cb2d,455e3b83b3960861c7b64d3217c974d8a1e707af98a10ea3049a02b3eb140672,4b73468fc5b0f1950f9f66fada70ad3a4f9327cb,StatsBomb Open Data via Stage91 + Stage92 verified identity bridge,true,true,false,false,false,false,false,false
714,N. Amiri,8403,Nadiem Amiri,3890476,175,Hoffenheim,,,,,,2,2,0,0.129934944,0.129934944,0.000000000,3,0.182241502,EXACT_FULL_NAME_VIA_VERIFIED_TRANSFER,HIGH,524c5ca4ecfe4d7cb4b75bbabaa382d1cd9deef4dd9779f9049bcacf2ead3481,c1e7875129ccfd70dd768e7edf73de66a448995be334f7918a9c2fe82311a515,4b73468fc5b0f1950f9f66fada70ad3a4f9327cb,StatsBomb Open Data via Stage91 + Stage92 verified identity bridge,true,true,false,false,false,false,false,false
714,N. Amiri,8403,Nadiem Amiri,3890486,175,Hoffenheim,,,,,,1,1,0,0.021406764,0.021406764,0.000000000,1,0.009290163,EXACT_FULL_NAME_VIA_VERIFIED_TRANSFER,HIGH,e88e5112338b1102f5823fbd900309cdd590c32c0ae8af619d9285d0917e743e,1e305037c9a6430ef10aea8c7ac316df2e1a9a4f1c7a2315610855673a41caf6,4b73468fc5b0f1950f9f66fada70ad3a4f9327cb,StatsBomb Open Data via Stage91 + Stage92 verified identity bridge,true,true,false,false,false,false,false,false
714,N. Amiri,8403,Nadiem Amiri,3890499,175,Hoffenheim,,,,,,0,0,0,0.000000000,0.000000000,0.000000000,2,0.063665410,EXACT_FULL_NAME_VIA_VERIFIED_TRANSFER,HIGH,770229dd34cc2388e5680a87d66575f4a38e7c2e58adb1f9a36067e648d8153b,bc082b726b632873ac75d44786460f83dae3f51816a4d6d80d8eca49d413451c,4b73468fc5b0f1950f9f66fada70ad3a4f9327cb,StatsBomb Open Data via Stage91 + Stage92 verified identity bridge,true,true,false,false,false,false,false,false
714,N. Amiri,8403,Nadiem Amiri,3890509,175,Hoffenheim,,,,,,2,2,0,0.095866480,0.095866480,0.000000000,0,0.000000000,EXACT_FULL_NAME_VIA_VERIFIED_TRANSFER,HIGH,40fe6435def37a4d164367fa0bfbb8979da5da73bb7075a6ae7c302016343e02,2d3bcad97b2cffdc0b2bf87c75bfe65d2036b88ca2b67b0de77213c38baa0ff5,4b73468fc5b0f1950f9f66fada70ad3a4f9327cb,StatsBomb Open Data via Stage91 + Stage92 verified identity bridge,true,true,false,false,false,false,false,false
714,N. Amiri,8403,Nadiem Amiri,3890512,175,Hoffenheim,,,,,,1,1,0,0.127655630,0.127655630,0.000000000,0,0.000000000,EXACT_FULL_NAME_VIA_VERIFIED_TRANSFER,HIGH,f572ccbd30f2a89513c963a6d863914cf335675797adb423b9206e4dca894a7b,c5b75b61e77a64d8c8cd72675dfcfe1f08a72bbf891f301e6c88a1f9c2348be2,4b73468fc5b0f1950f9f66fada70ad3a4f9327cb,StatsBomb Open Data via Stage91 + Stage92 verified identity bridge,true,true,false,false,false,false,false,false
714,N. Amiri,8403,Nadiem Amiri,3890524,175,Hoffenheim,,,,,,4,4,0,0.145332819,0.145332819,0.000000000,7,0.412807665,EXACT_FULL_NAME_VIA_VERIFIED_TRANSFER,HIGH,acde4d455f319ce864d6a8cddeb4e4291d8ae86c35263162c1497a4e3de0ef66,84375a1c01ff832a1ae93c4d4426f59908633483ad919a6a445488cd3a4450a1,4b73468fc5b0f1950f9f66fada70ad3a4f9327cb,StatsBomb Open Data via Stage91 + Stage92 verified identity bridge,true,true,false,false,false,false,false,false
714,N. Amiri,8403,Nadiem Amiri,3890536,175,Hoffenheim,,,,,,0,0,0,0.000000000,0.000000000,0.000000000,2,0.142518780,EXACT_FULL_NAME_VIA_VERIFIED_TRANSFER,HIGH,1c2993965896377ff9dd83ebdf82545bf90644a479f5ad5d61ecc46d9b6b92bf,a1e80fa5996b0a35b7b7a5aee59ec9ae7522cd18ba5c9b6badf9479c460ae648,4b73468fc5b0f1950f9f66fada70ad3a4f9327cb,StatsBomb Open Data via Stage91 + Stage92 verified identity bridge,true,true,false,false,false,false,false,false
714,N. Amiri,8403,Nadiem Amiri,3890544,175,Hoffenheim,,,,,,1,1,0,0.067708640,0.067708640,0.000000000,0,0.000000000,EXACT_FULL_NAME_VIA_VERIFIED_TRANSFER,HIGH,421a4a7645e171ef6e1f8acba5f0e1bee8addbc167502bd59670110dc0991334,a5a95b173eeea3bb51ad8c4e90765584c509776d29e785cd1fb9a1ea3b8f65a8,4b73468fc5b0f1950f9f66fada70ad3a4f9327cb,StatsBomb Open Data via Stage91 + Stage92 verified identity bridge,true,true,false,false,false,false,false,false
714,N. Amiri,8403,Nadiem Amiri,3890547,175,Hoffenheim,,,,,,2,2,0,0.035300606,0.035300606,0.000000000,2,0.588603110,EXACT_FULL_NAME_VIA_VERIFIED_TRANSFER,HIGH,672620d7862a086e0b1359c882dca48b31cf4d7add48b9682e6cc711d321ec65,6b9d8acc6867b7f037f5e74f6a8f81ffc65354b86b41ae8659124d9e3ad85bde,4b73468fc5b0f1950f9f66fada70ad3a4f9327cb,StatsBomb Open Data via Stage91 + Stage92 verified identity bridge,true,true,false,false,false,false,false,false
714,N. Amiri,8403,Nadiem Amiri,3895153,904,Bayer Leverkusen,2023-11-25,9,1. Bundesliga,281,2023/2024,1,1,0,0.076801040,0.076801040,0.000000000,0,0.000000000,EXACT_FULL_NAME_VIA_VERIFIED_TRANSFER,HIGH,d533d7db2fd19d871709f74ae77672e0bc4e4ba572bf0ddf2a715755369968fc,1fd1265ea536e1e5e28ee477a2ff240187b50b4b79e06cb51505a6a8d15293b7,4b73468fc5b0f1950f9f66fada70ad3a4f9327cb,StatsBomb Open Data via Stage91 + Stage92 verified identity bridge,true,true,false,false,false,false,false,false
714,N. Amiri,8403,Nadiem Amiri,3895210,904,Bayer Leverkusen,2024-01-27,9,1. Bundesliga,281,2023/2024,2,2,0,0.035945968,0.035945968,0.000000000,1,0.034224097,EXACT_FULL_NAME_VIA_VERIFIED_TRANSFER,HIGH,7c4c70c61a89b25c700fd8882d5673c83baae3fde93388add8615b10dee51e1a,19e1e77404af24bc8dd160c8320acc300484d67c49fc6525af213c62ee31a75b,4b73468fc5b0f1950f9f66fada70ad3a4f9327cb,StatsBomb Open Data via Stage91 + Stage92 verified identity bridge,true,true,false,false,false,false,false,false
714,N. Amiri,8403,Nadiem Amiri,3895250,177,FSV Mainz 05,2024-02-23,9,1. Bundesliga,281,2023/2024,1,1,0,0.041426830,0.041426830,0.000000000,2,0.218499035,EXACT_FULL_NAME_VIA_VERIFIED_TRANSFER,HIGH,566c36a768eac0dbdb60090138a378750637368c7cb46f668954911975631a05,a30ed91a22ef21a450b1bd0259d60ce31479b1bd95c6c3808d0d365d96c78cd1,4b73468fc5b0f1950f9f66fada70ad3a4f9327cb,StatsBomb Open Data via Stage91 + Stage92 verified identity bridge,true,true,false,false,false,false,false,false
715,C. Baumgartner,24977,Christoph Baumgartner,3788747,915,Austria,2021-06-13,55,UEFA Euro,43,2020,1,1,0,0.025002297,0.025002297,0.000000000,0,0.000000000,EXACT_FULL_NAME_VIA_VERIFIED_TRANSFER,HIGH,824df09e2372bd879398c17cc61e4116bf6c5806d66e0717bff6d334db0e28a3,44a92319bff283b077bb2c6ae8ce5e8f5bec15f8201d1b5b249bc107f9745b28,4b73468fc5b0f1950f9f66fada70ad3a4f9327cb,StatsBomb Open Data via Stage91 + Stage92 verified identity bridge,true,true,false,false,false,false,false,false
715,C. Baumgartner,24977,Christoph Baumgartner,3788756,915,Austria,2021-06-17,55,UEFA Euro,43,2020,1,1,0,0.045103706,0.045103706,0.000000000,0,0.000000000,EXACT_FULL_NAME_VIA_VERIFIED_TRANSFER,HIGH,cfbb6a9e3fe477f3b31a4beb8deb42eb6907d23ef6260f4501d465a6ec9efc82,6b4d825245748865de1473fac78cccb2f90c5d732b1221bc4f474a8160d1f02e,4b73468fc5b0f1950f9f66fada70ad3a4f9327cb,StatsBomb Open Data via Stage91 + Stage92 verified identity bridge,true,true,false,false,false,false,false,false
715,C. Baumgartner,24977,Christoph Baumgartner,3788767,915,Austria,2021-06-21,55,UEFA Euro,43,2020,1,1,0,0.194142600,0.194142600,0.000000000,1,0.044016894,EXACT_FULL_NAME_VIA_VERIFIED_TRANSFER,HIGH,9f01b6165e34bcae55dc37029d1e85057450eb65dd2b7325e696b65a4683a217,61aecf0b40d69ede008ffce492d74c3a305e667627790a53742584dadf2b8f70,4b73468fc5b0f1950f9f66fada70ad3a4f9327cb,StatsBomb Open Data via Stage91 + Stage92 verified identity bridge,true,true,false,false,false,false,false,false
715,C. Baumgartner,24977,Christoph Baumgartner,3930165,915,Austria,2024-06-17,55,UEFA Euro,282,2024,2,2,0,0.668956150,0.668956150,0.000000000,1,0.021681927,EXACT_FULL_NAME_VIA_VERIFIED_TRANSFER,HIGH,55b8b8d97bb299d15f1d575b0cb252267b48836aa6515b3645a89fdfad39c900,cfdd7349c341614eae3adf28a14e3e7be751ea5dbd9bea18e1b5e3dc8489414e,4b73468fc5b0f1950f9f66fada70ad3a4f9327cb,StatsBomb Open Data via Stage91 + Stage92 verified identity bridge,true,true,false,false,false,false,false,false
715,C. Baumgartner,24977,Christoph Baumgartner,3930180,915,Austria,2024-06-25,55,UEFA Euro,282,2024,0,0,0,0.000000000,0.000000000,0.000000000,1,0.132423100,EXACT_FULL_NAME_VIA_VERIFIED_TRANSFER,HIGH,d8678819e9f3ebd35936fa47457d24c75a591c2a5d7a152f4d50bcb624abc8af,49a412dbe9f6a2dac5ab639aa0d77a2e3adae819e746ea0b53d986ebdacdffe1,4b73468fc5b0f1950f9f66fada70ad3a4f9327cb,StatsBomb Open Data via Stage91 + Stage92 verified identity bridge,true,true,false,false,false,false,false,false
715,C. Baumgartner,24977,Christoph Baumgartner,3938641,915,Austria,2024-06-21,55,UEFA Euro,282,2024,1,1,0,0.142425580,0.142425580,0.000000000,3,0.264968681,EXACT_FULL_NAME_VIA_VERIFIED_TRANSFER,HIGH,e115d934e5d06132b8e0e1814fe00a2ca739238d9fbaa327c473f814cde7fa1d,a7794f7966a74fc303b51e4b18790013e1e5541b94349faac5d54dcbacade48f,4b73468fc5b0f1950f9f66fada70ad3a4f9327cb,StatsBomb Open Data via Stage91 + Stage92 verified identity bridge,true,true,false,false,false,false,false,false
715,C. Baumgartner,24977,Christoph Baumgartner,3941022,915,Austria,2024-07-02,55,UEFA Euro,282,2024,5,5,0,0.739473616,0.739473616,0.000000000,1,0.060313236,EXACT_FULL_NAME_VIA_VERIFIED_TRANSFER,HIGH,384bface703963d8eb89e6b01d12db34c536c81a5aceeecd66b6aab625a064e9,c1e28bd5a964143113f29474cb7ec00e30516343930775054411a6f6074a0568,4b73468fc5b0f1950f9f66fada70ad3a4f9327cb,StatsBomb Open Data via Stage91 + Stage92 verified identity bridge,true,true,false,false,false,false,false,false
725,R. Hack,11399,Robin Hack,3895210,185,Borussia Mönchengladbach,2024-01-27,9,1. Bundesliga,281,2023/2024,1,1,0,0.062127307,0.062127307,0.000000000,0,0.000000000,EXACT_FULL_NAME_VIA_VERIFIED_TRANSFER,HIGH,8f7df2337705f1dc82d9cbf08cafdf127b62f9aa84eef03f6b8397a202521cf3,19e1e77404af24bc8dd160c8320acc300484d67c49fc6525af213c62ee31a75b,4b73468fc5b0f1950f9f66fada70ad3a4f9327cb,StatsBomb Open Data via Stage91 + Stage92 verified identity bridge,true,true,false,false,false,false,false,false
7328,N. Seiwald,39460,Nicolas Seiwald,3895202,182,RB Leipzig,2024-01-20,9,1. Bundesliga,281,2023/2024,0,0,0,0.000000000,0.000000000,0.000000000,1,0.036876670,EXACT_FULL_NAME_VIA_VERIFIED_TRANSFER,HIGH,b405811967dd1caf954eed00816a49aa7d4177573e848181a7c6d1d1fdf95698,5a2eb3e3c5ffc9c22ed67d8cb6715693dec1b6468d0193868e9f98f4992cebd0,4b73468fc5b0f1950f9f66fada70ad3a4f9327cb,StatsBomb Open Data via Stage91 + Stage92 verified identity bridge,true,true,false,false,false,false,false,false
7328,N. Seiwald,39460,Nicolas Seiwald,3938641,915,Austria,2024-06-21,55,UEFA Euro,282,2024,1,1,0,0.033934437,0.033934437,0.000000000,4,0.177363608,EXACT_FULL_NAME_VIA_VERIFIED_TRANSFER,HIGH,199e4a9f6d4245e7931ab6ffc0abd1ce8efc78ba91cbf9245385f8a1051b69ce,a7794f7966a74fc303b51e4b18790013e1e5541b94349faac5d54dcbacade48f,4b73468fc5b0f1950f9f66fada70ad3a4f9327cb,StatsBomb Open Data via Stage91 + Stage92 verified identity bridge,true,true,false,false,false,false,false,false
7328,N. Seiwald,39460,Nicolas Seiwald,3941022,915,Austria,2024-07-02,55,UEFA Euro,282,2024,0,0,0,0.000000000,0.000000000,0.000000000,1,0.098569036,EXACT_FULL_NAME_VIA_VERIFIED_TRANSFER,HIGH,a61573cce5cf019e29cec5a00cf1abbee370dc427ecc9683c5eed9e272dfe02f,c1e28bd5a964143113f29474cb7ec00e30516343930775054411a6f6074a0568,4b73468fc5b0f1950f9f66fada70ad3a4f9327cb,StatsBomb Open Data via Stage91 + Stage92 verified identity bridge,true,true,false,false,false,false,false,false
754,L. Modrić,5463,Luka Modrić,16196,220,Real Madrid,2019-03-02,11,La Liga,4,2018/2019,2,2,0,0.192497315,0.192497315,0.000000000,1,0.056671873,EXACT_FULL_NAME_VIA_VERIFIED_TRANSFER,HIGH,7b0de4ad359886c71a6c9b9536fbd3b21dbbac59997e252c092995db48bccff4,84724d829459bccbce2e8d6454aa187683d23668fa3190bad2cb861db621729d,4b73468fc5b0f1950f9f66fada70ad3a4f9327cb,StatsBomb Open Data via Stage91 + Stage92 verified identity bridge,true,true,false,false,false,false,false,false
754,L. Modrić,5463,Luka Modrić,18241,220,Real Madrid,2014-05-24,16,Champions League,25,2013/2014,1,1,0,0.028465914,0.028465914,0.000000000,1,0.059337225,EXACT_FULL_NAME_VIA_VERIFIED_TRANSFER,HIGH,5b0c993f32bb866fd8136484fb55d35cc8a384f71a94fa2039039b220841dee7,a90fb460bf5892d1bdf6db6c75f67dd52849e8c16b4fbc9a8b8bbcf59014c50d,4b73468fc5b0f1950f9f66fada70ad3a4f9327cb,StatsBomb Open Data via Stage91 + Stage92 verified identity bridge,true,true,false,false,false,false,false,false
754,L. Modrić,5463,Luka Modrić,18243,220,Real Madrid,2016-05-28,16,Champions League,27,2015/2016,1,1,0,0.024222028,0.024222028,0.000000000,7,0.580723113,EXACT_FULL_NAME_VIA_VERIFIED_TRANSFER,HIGH,18c79137832b5822750a45e060f9c85bc3e4bef259a6688b7b96e58714390517,2453b8bc6529b55009e5d80719ad7442bd80fc585f8327dd9d05771dab3a4d83,4b73468fc5b0f1950f9f66fada70ad3a4f9327cb,StatsBomb Open Data via Stage91 + Stage92 verified identity bridge,true,true,false,false,false,false,false,false
754,L. Modrić,5463,Luka Modrić,18244,220,Real Madrid,2017-06-03,16,Champions League,2,2016/2017,1,1,0,0.036176078,0.036176078,0.000000000,1,0.136509730,EXACT_FULL_NAME_VIA_VERIFIED_TRANSFER,HIGH,aecf83f02b194734322d4b003f32531c94023c0550873277eb54600ee8b94a61,9050606dfbeb7de788218b994311d111783ec11e2fc352bfd0fd87e6f9e475c3,4b73468fc5b0f1950f9f66fada70ad3a4f9327cb,StatsBomb Open Data via Stage91 + Stage92 verified identity bridge,true,true,false,false,false,false,false,false
754,L. Modrić,5463,Luka Modrić,18245,220,Real Madrid,2018-05-26,16,Champions League,1,2017/2018,1,1,0,0.034284090,0.034284090,0.000000000,0,0.000000000,EXACT_FULL_NAME_VIA_VERIFIED_TRANSFER,HIGH,20f5a074cf3daa0b4605fb060ae6fecadbd31e4e67ac432675680d42f31fd343,aafc27998976ec2669e9fdc4802aa9ce65d405d1c02fe87efb2f9164040a4fac,4b73468fc5b0f1950f9f66fada70ad3a4f9327cb,StatsBomb Open Data via Stage91 + Stage92 verified identity bridge,true,true,false,false,false,false,false,false
754,L. Modrić,5463,Luka Modrić,265857,220,Real Madrid,2014-03-23,11,La Liga,25,2013/2014,1,1,0,0.052870486,0.052870486,0.000000000,0,0.000000000,EXACT_FULL_NAME_VIA_VERIFIED_TRANSFER,HIGH,2f40e3ae3de88fcc3e38bae08695cf45c421004c59732ad9caf8cf8d28bc8f95,ef9f489a5e7de908f41735df89ab7ce475e553630025fc98d7ab29fdee789b08,4b73468fc5b0f1950f9f66fada70ad3a4f9327cb,StatsBomb Open Data via Stage91 + Stage92 verified identity bridge,true,true,false,false,false,false,false,false
754,L. Modrić,5463,Luka Modrić,266424,220,Real Madrid,2015-11-21,11,La Liga,27,2015/2016,1,1,0,0.049863577,0.049863577,0.000000000,2,0.054642513,EXACT_FULL_NAME_VIA_VERIFIED_TRANSFER,HIGH,0ec006dd63a175881ef7f3215020d94354b047f4704e32917d9aa5f6f442bf86,14c6dcf62b875efbd67f0359e46dbcfa11806ef65176e5c11957519e69a90439,4b73468fc5b0f1950f9f66fada70ad3a4f9327cb,StatsBomb Open Data via Stage91 + Stage92 verified identity bridge,true,true,false,false,false,false,false,false
754,L. Modrić,5463,Luka Modrić,267076,220,Real Madrid,2016-12-03,11,La Liga,2,2016/2017,1,1,0,0.008614269,0.008614269,0.000000000,3,0.220476607,EXACT_FULL_NAME_VIA_VERIFIED_TRANSFER,HIGH,3dae00a91bd7eb2574e4fa43329cee908c9034ed3d35dd7f2e1e1cd64af90ad0,34d98be777368ea447bc40045c39fc46310d6618d36a02318c1a24328c9ed62c,4b73468fc5b0f1950f9f66fada70ad3a4f9327cb,StatsBomb Open Data via Stage91 + Stage92 verified identity bridge,true,true,false,false,false,false,false,false
754,L. Modrić,5463,Luka Modrić,267183,220,Real Madrid,2015-03-22,11,La Liga,26,2014/2015,1,1,0,0.028931323,0.028931323,0.000000000,1,0.023909047,EXACT_FULL_NAME_VIA_VERIFIED_TRANSFER,HIGH,bc541eceb1e45b78e3a9d4e97f4d1a11d51e9f3ea6c6c7671024085bd579d6a2,9db18c01be406ed4f1f2792297e364fdd381cc6e2585d3072a9952f7b9231e65,4b73468fc5b0f1950f9f66fada70ad3a4f9327cb,StatsBomb Open Data via Stage91 + Stage92 verified identity bridge,true,true,false,false,false,false,false,false
754,L. Modrić,5463,Luka Modrić,267533,220,Real Madrid,2016-04-02,11,La Liga,27,2015/2016,1,1,0,0.030578910,0.030578910,0.000000000,1,0.059924684,EXACT_FULL_NAME_VIA_VERIFIED_TRANSFER,HIGH,56f3a698bed1d85cb225a447299a9b2d2c2e330fb6f262dc5cee369bd6362ab5,807aa471c67cc45fcaadeb30e8f92594db0eea96d530d5f72ed0fd7ca4dce4be,4b73468fc5b0f1950f9f66fada70ad3a4f9327cb,StatsBomb Open Data via Stage91 + Stage92 verified identity bridge,true,true,false,false,false,false,false,false
754,L. Modrić,5463,Luka Modrić,267569,220,Real Madrid,2017-04-23,11,La Liga,2,2016/2017,1,1,0,0.027474060,0.027474060,0.000000000,3,0.126465507,EXACT_FULL_NAME_VIA_VERIFIED_TRANSFER,HIGH,24f387241db285d95f9ec8b9a27b371923540b07c4f4b7b462737e9c8034e085,a67e43a45d4288c1417beb3bbe6958d73c383e5abab8f2b7a32389bc7300c2a8,4b73468fc5b0f1950f9f66fada70ad3a4f9327cb,StatsBomb Open Data via Stage91 + Stage92 verified identity bridge,true,true,false,false,false,false,false,false
754,L. Modrić,5463,Luka Modrić,303596,220,Real Madrid,2019-12-18,11,La Liga,42,2019/2020,0,0,0,0.000000000,0.000000000,0.000000000,1,0.104067944,EXACT_FULL_NAME_VIA_VERIFIED_TRANSFER,HIGH,dc8d7950a1e1238745ebdf4cf55d500f4b5a73a832391ac898a447fefd4fc0df,af9ae8dafc0aa782c3f4c1d83e1d543ac0f1955012477242fd4a70f0a8687c15,4b73468fc5b0f1950f9f66fada70ad3a4f9327cb,StatsBomb Open Data via Stage91 + Stage92 verified identity bridge,true,true,false,false,false,false,false,false
754,L. Modrić,5463,Luka Modrić,3773497,220,Real Madrid,2021-04-10,11,La Liga,90,2020/2021,1,1,0,0.066987070,0.066987070,0.000000000,0,0.000000000,EXACT_FULL_NAME_VIA_VERIFIED_TRANSFER,HIGH,3e4e79faeb71dee9bd4852a1aa0a53a01c4afc21ad93893d76bdb2daa411bdf7,c9968758980a6448e94e89040a6f7ec18f57f588e1fa11012abe59dd08968e8b,4b73468fc5b0f1950f9f66fada70ad3a4f9327cb,StatsBomb Open Data via Stage91 + Stage92 verified identity bridge,true,true,false,false,false,false,false,false
754,L. Modrić,5463,Luka Modrić,3773585,220,Real Madrid,2020-10-24,11,La Liga,90,2020/2021,1,1,0,0.294335540,0.294335540,0.000000000,1,0.043617720,EXACT_FULL_NAME_VIA_VERIFIED_TRANSFER,HIGH,f643d2d71d477ed5983e34b92a4e8b3dbe767e1c4526c8a3d42083f606035799,eec6f96549e5f73c13a121591d257c8440337b7658b135ab7ae414f397463c38,4b73468fc5b0f1950f9f66fada70ad3a4f9327cb,StatsBomb Open Data via Stage91 + Stage92 verified identity bridge,true,true,false,false,false,false,false,false
754,L. Modrić,5463,Luka Modrić,3788745,785,Croatia,2021-06-13,55,UEFA Euro,43,2020,1,1,0,0.006381807,0.006381807,0.000000000,2,0.043127848,EXACT_FULL_NAME_VIA_VERIFIED_TRANSFER,HIGH,0b3b8ea5e7e2c38390477507d84d7765a1013ea13fe3ebda461f33f0c5c1aa87,4a253381847b2a7b363688d73f7e49a96f26117a92714a83b60a7cc502619d4f,4b73468fc5b0f1950f9f66fada70ad3a4f9327cb,StatsBomb Open Data via Stage91 + Stage92 verified identity bridge,true,true,false,false,false,false,false,false
754,L. Modrić,5463,Luka Modrić,3788760,785,Croatia,2021-06-18,55,UEFA Euro,43,2020,0,0,0,0.000000000,0.000000000,0.000000000,2,0.166220945,EXACT_FULL_NAME_VIA_VERIFIED_TRANSFER,HIGH,922c1e4cc2211920b2dea4eec221f13116d010813f96bb1c0e285343029a0879,cfb3d7adffffcc2f74f3c96fd19295c9237303d919fb3c75ca4fd01ee4a067a1,4b73468fc5b0f1950f9f66fada70ad3a4f9327cb,StatsBomb Open Data via Stage91 + Stage92 verified identity bridge,true,true,false,false,false,false,false,false
754,L. Modrić,5463,Luka Modrić,3788771,785,Croatia,2021-06-22,55,UEFA Euro,43,2020,2,2,0,0.081586396,0.081586396,0.000000000,1,0.069997290,EXACT_FULL_NAME_VIA_VERIFIED_TRANSFER,HIGH,649fd9258fc6e4180a23c64efebc742a9c04f1ae2cbde32ddbe76e880c6cc14f,f0161932190e03bda4a7e1c865c21872a3b52780ee9eb9bcb94657628d58f799,4b73468fc5b0f1950f9f66fada70ad3a4f9327cb,StatsBomb Open Data via Stage91 + Stage92 verified identity bridge,true,true,false,false,false,false,false,false
754,L. Modrić,5463,Luka Modrić,3794686,785,Croatia,2021-06-28,55,UEFA Euro,43,2020,0,0,0,0.000000000,0.000000000,0.000000000,1,0.066409856,EXACT_FULL_NAME_VIA_VERIFIED_TRANSFER,HIGH,e32398f62e5a06b481ed2ae0a85dbf1a88f04c93a84f26f6ae234f1810eeb3e4,47c277dac68fe7e1ed792edf3a5b83987c8bf806bf5deb8c31aeb417055ecb1e,4b73468fc5b0f1950f9f66fada70ad3a4f9327cb,StatsBomb Open Data via Stage91 + Stage92 verified identity bridge,true,true,false,false,false,false,false,false
754,L. Modrić,5463,Luka Modrić,3825567,220,Real Madrid,2015-08-23,11,La Liga,27,2015/2016,2,2,0,0.079540397,0.079540397,0.000000000,4,0.172555118,EXACT_FULL_NAME_VIA_VERIFIED_TRANSFER,HIGH,824d55c0f2af569c6696f9273cad86fde3a0d9f5b8adb66dede438019d01c18d,f214821fd11e866973af9f7afd83818254bcd82d4ceeffad3194904ad85c21b4,4b73468fc5b0f1950f9f66fada70ad3a4f9327cb,StatsBomb Open Data via Stage91 + Stage92 verified identity bridge,true,true,false,false,false,false,false,false
754,L. Modrić,5463,Luka Modrić,3825572,220,Real Madrid,2015-08-29,11,La Liga,27,2015/2016,1,1,0,0.035992970,0.035992970,0.000000000,1,0.100030040,EXACT_FULL_NAME_VIA_VERIFIED_TRANSFER,HIGH,b14c0611ee37807efc17dd5a9259f46d9e02862b3929c0ed73ee9a6530688b35,db4d8aaac732f6369f16d2428f8fb8fa238778d837c74bbfd44dc1e4bc74f724,4b73468fc5b0f1950f9f66fada70ad3a4f9327cb,StatsBomb Open Data via Stage91 + Stage92 verified identity bridge,true,true,false,false,false,false,false,false
754,L. Modrić,5463,Luka Modrić,3825581,220,Real Madrid,2015-09-12,11,La Liga,27,2015/2016,0,0,0,0.000000000,0.000000000,0.000000000,2,0.273926097,EXACT_FULL_NAME_VIA_VERIFIED_TRANSFER,HIGH,92d012894687c687f15a2856aed8af65956a70debd86f18972ea848ff09c3467,b92a0b99ea5e9b783cb923f2b79bc05f26f2142c4e0c44fc0d55b966a59f3450,4b73468fc5b0f1950f9f66fada70ad3a4f9327cb,StatsBomb Open Data via Stage91 + Stage92 verified identity bridge,true,true,false,false,false,false,false,false
754,L. Modrić,5463,Luka Modrić,3825590,220,Real Madrid,2015-09-19,11,La Liga,27,2015/2016,2,2,0,0.373101740,0.373101740,0.000000000,2,0.055812665,EXACT_FULL_NAME_VIA_VERIFIED_TRANSFER,HIGH,856f565c20e813a7382fa3da121167031fe3762a10af58b390a88557bc57ef52,f1b13e640a06288068fac36269a9feff58804aab86612ad7c7fbe7217f7553bb,4b73468fc5b0f1950f9f66fada70ad3a4f9327cb,StatsBomb Open Data via Stage91 + Stage92 verified identity bridge,true,true,false,false,false,false,false,false
754,L. Modrić,5463,Luka Modrić,3825602,220,Real Madrid,2015-09-23,11,La Liga,27,2015/2016,1,1,0,0.027672317,0.027672317,0.000000000,1,0.109136010,EXACT_FULL_NAME_VIA_VERIFIED_TRANSFER,HIGH,d17fbf260897687bb75cfba40c58b7d120b4f890181ede0fca0d70bee6e4c320,59da1d0c0464c6a2a1d550cdd77198e18ad9887fd2871e0e81d5fbff449117e8,4b73468fc5b0f1950f9f66fada70ad3a4f9327cb,StatsBomb Open Data via Stage91 + Stage92 verified identity bridge,true,true,false,false,false,false,false,false
754,L. Modrić,5463,Luka Modrić,3825606,220,Real Madrid,2015-09-26,11,La Liga,27,2015/2016,2,2,0,0.157465656,0.157465656,0.000000000,5,0.355329137,EXACT_FULL_NAME_VIA_VERIFIED_TRANSFER,HIGH,ced6f44dfc57548d0f3e808914de02b6244d6fc1ef2c88c2d783108bc867b957,991863265e8cb6d3c26504f240fb8129412344c85843f692e76a08e244a87662,4b73468fc5b0f1950f9f66fada70ad3a4f9327cb,StatsBomb Open Data via Stage91 + Stage92 verified identity bridge,true,true,false,false,false,false,false,false
754,L. Modrić,5463,Luka Modrić,3825621,220,Real Madrid,2015-10-04,11,La Liga,27,2015/2016,1,1,0,0.020475682,0.020475682,0.000000000,2,0.062779210,EXACT_FULL_NAME_VIA_VERIFIED_TRANSFER,HIGH,1b7523585536dbf1af532c03ce404945a2f3e0c0ea0a46795b8d9b531dcac5d3,3fa57b86e73d4f864ee1c83fc82b10501777ab6a3c807a6a393e8593235dc4dc,4b73468fc5b0f1950f9f66fada70ad3a4f9327cb,StatsBomb Open Data via Stage91 + Stage92 verified identity bridge,true,true,false,false,false,false,false,false
754,L. Modrić,5463,Luka Modrić,3825635,220,Real Madrid,2015-10-24,11,La Liga,27,2015/2016,0,0,0,0.000000000,0.000000000,0.000000000,2,0.238921795,EXACT_FULL_NAME_VIA_VERIFIED_TRANSFER,HIGH,2ef2d2d972750c2171f7237a9c988045c66e33ea2906549052d536ad13e4306e,4c1a89d6a7f667ce10b734c2c5085bf7253f4e840a357d3740dbb8c1814c5cce,4b73468fc5b0f1950f9f66fada70ad3a4f9327cb,StatsBomb Open Data via Stage91 + Stage92 verified identity bridge,true,true,false,false,false,false,false,false
754,L. Modrić,5463,Luka Modrić,3825643,220,Real Madrid,2015-10-31,11,La Liga,27,2015/2016,1,1,0,0.067577600,0.067577600,0.000000000,0,0.000000000,EXACT_FULL_NAME_VIA_VERIFIED_TRANSFER,HIGH,076e4b52f6e870bb60fe3a32263d3c9e3ddfffacd2de878cb6960977c7546591,fa1fe0a0aa7379b4a78a217390da46346835ea303a6c869b74ced737e1b72a82,4b73468fc5b0f1950f9f66fada70ad3a4f9327cb,StatsBomb Open Data via Stage91 + Stage92 verified identity bridge,true,true,false,false,false,false,false,false
754,L. Modrić,5463,Luka Modrić,3825661,220,Real Madrid,2015-11-08,11,La Liga,27,2015/2016,3,3,0,0.072733477,0.072733477,0.000000000,5,0.155397540,EXACT_FULL_NAME_VIA_VERIFIED_TRANSFER,HIGH,128ed93511ccd77c9ee56d38e8de5dcf844a20228306bdc868a2cf0895c50adb,29a197d4b7ebbd72b94e4386c9c337654290104650e012a7b33c7f6f624194bc,4b73468fc5b0f1950f9f66fada70ad3a4f9327cb,StatsBomb Open Data via Stage91 + Stage92 verified identity bridge,true,true,false,false,false,false,false,false
754,L. Modrić,5463,Luka Modrić,3825678,220,Real Madrid,2015-11-29,11,La Liga,27,2015/2016,1,1,0,0.025958532,0.025958532,0.000000000,2,0.147440380,EXACT_FULL_NAME_VIA_VERIFIED_TRANSFER,HIGH,de626699174266d80849ccdc0bb1b059b6f990b40408279ee1bc8ae3d271b533,ba4727b92c36c4747180e9a2ddaf739df6ba3bed9b670c2bcd5d0047f76e3a62,4b73468fc5b0f1950f9f66fada70ad3a4f9327cb,StatsBomb Open Data via Stage91 + Stage92 verified identity bridge,true,true,false,false,false,false,false,false
754,L. Modrić,5463,Luka Modrić,3825695,220,Real Madrid,2015-12-13,11,La Liga,27,2015/2016,1,1,0,0.029138323,0.029138323,0.000000000,3,0.192332272,EXACT_FULL_NAME_VIA_VERIFIED_TRANSFER,HIGH,5e61e8077ee7823f2d87ea7b92840c8c6d4fd622a5e34f083a3565fe8dcd8992,b753eaf7d039377dd89c88344f722883a3300e8844d8a884119d4bea321b7b4b,4b73468fc5b0f1950f9f66fada70ad3a4f9327cb,StatsBomb Open Data via Stage91 + Stage92 verified identity bridge,true,true,false,false,false,false,false,false
754,L. Modrić,5463,Luka Modrić,3825700,220,Real Madrid,2015-12-20,11,La Liga,27,2015/2016,2,2,0,0.131018406,0.131018406,0.000000000,3,0.416473210,EXACT_FULL_NAME_VIA_VERIFIED_TRANSFER,HIGH,965dac1fd832142d96b415686405155cbdb553ef412098d1a57272f17ac2ad07,7da4d52bcb38f0087cb8e1e89b5e0318996d9c1ffac0394288f08f7ff8ade0b9,4b73468fc5b0f1950f9f66fada70ad3a4f9327cb,StatsBomb Open Data via Stage91 + Stage92 verified identity bridge,true,true,false,false,false,false,false,false
754,L. Modrić,5463,Luka Modrić,3825710,220,Real Madrid,2015-12-30,11,La Liga,27,2015/2016,1,1,0,0.045909416,0.045909416,0.000000000,0,0.000000000,EXACT_FULL_NAME_VIA_VERIFIED_TRANSFER,HIGH,3a64fa59428364381b90f359c8b2eba5c06f18b416c922d65f56fea10bfe5d72,9a58dfcc7ea05ee2c3adfda0810e349ee492d641eebe031f1d931acde81cb8c9,4b73468fc5b0f1950f9f66fada70ad3a4f9327cb,StatsBomb Open Data via Stage91 + Stage92 verified identity bridge,true,true,false,false,false,false,false,false
754,L. Modrić,5463,Luka Modrić,3825718,220,Real Madrid,2016-01-03,11,La Liga,27,2015/2016,2,2,0,0.049364882,0.049364882,0.000000000,1,0.089292640,EXACT_FULL_NAME_VIA_VERIFIED_TRANSFER,HIGH,1dbbdb295e7ca37a1e6c671332ffe4092d177678161de8e5be3b4f36a2f64e76,adda7c580904619f476ff2ada03fabfefed13c308c623101816937547c7ea935,4b73468fc5b0f1950f9f66fada70ad3a4f9327cb,StatsBomb Open Data via Stage91 + Stage92 verified identity bridge,true,true,false,false,false,false,false,false
754,L. Modrić,5463,Luka Modrić,3825724,220,Real Madrid,2016-01-09,11,La Liga,27,2015/2016,0,0,0,0.000000000,0.000000000,0.000000000,3,0.247424762,EXACT_FULL_NAME_VIA_VERIFIED_TRANSFER,HIGH,3baaa42a7c64e6a1babf16406e8f0671ad5accc0084e53e2be0c4826260b3604,ff5536cf0df1d652cd50ba6d9ffa78d9b5f786649e942d03f0c9d817ec41fdff,4b73468fc5b0f1950f9f66fada70ad3a4f9327cb,StatsBomb Open Data via Stage91 + Stage92 verified identity bridge,true,true,false,false,false,false,false,false
754,L. Modrić,5463,Luka Modrić,3825739,220,Real Madrid,2016-01-17,11,La Liga,27,2015/2016,3,3,0,0.103850193,0.103850193,0.000000000,0,0.000000000,EXACT_FULL_NAME_VIA_VERIFIED_TRANSFER,HIGH,94304382026ede9c1aefd5a4336c93f978801b3adf6d817ecc2a351e051a9386,77e5ad0841f1f03d34dea84209958d77f653345e4c6b6f9aed9d5a51d3fb278e,4b73468fc5b0f1950f9f66fada70ad3a4f9327cb,StatsBomb Open Data via Stage91 + Stage92 verified identity bridge,true,true,false,false,false,false,false,false
754,L. Modrić,5463,Luka Modrić,3825746,220,Real Madrid,2016-01-24,11,La Liga,27,2015/2016,1,1,0,0.074934620,0.074934620,0.000000000,2,0.110158922,EXACT_FULL_NAME_VIA_VERIFIED_TRANSFER,HIGH,d18a9f295f05c1326378c2e05ddcd13335d3df1209de9dd737bba20f5d2911b3,78af12431873fe8a718a325ea1af8b417a84a10361734021b99104171c5d1b8a,4b73468fc5b0f1950f9f66fada70ad3a4f9327cb,StatsBomb Open Data via Stage91 + Stage92 verified identity bridge,true,true,false,false,false,false,false,false
754,L. Modrić,5463,Luka Modrić,3825757,220,Real Madrid,2016-01-31,11,La Liga,27,2015/2016,0,0,0,0.000000000,0.000000000,0.000000000,1,0.050442394,EXACT_FULL_NAME_VIA_VERIFIED_TRANSFER,HIGH,b1ea545830fd0fcbd4641e786b2cb95262606796a17ca9478d7467a906285c8d,f049d4aa4ae090e24b1c22a41fc2e778829bdf8166a998fb5651f24f19c8271b,4b73468fc5b0f1950f9f66fada70ad3a4f9327cb,StatsBomb Open Data via Stage91 + Stage92 verified identity bridge,true,true,false,false,false,false,false,false
754,L. Modrić,5463,Luka Modrić,3825764,220,Real Madrid,2016-02-07,11,La Liga,27,2015/2016,3,3,0,0.155261260,0.155261260,0.000000000,3,0.687325924,EXACT_FULL_NAME_VIA_VERIFIED_TRANSFER,HIGH,c751a9032e10c4db5677648868f3147e86c9c571bfcc5fa6bb8a8bcd62b867b9,c0b66be280e6835bfab4aa150391dd957f226005c111e53159bfaf203f0763fe,4b73468fc5b0f1950f9f66fada70ad3a4f9327cb,StatsBomb Open Data via Stage91 + Stage92 verified identity bridge,true,true,false,false,false,false,false,false
754,L. Modrić,5463,Luka Modrić,3825770,220,Real Madrid,2016-02-13,11,La Liga,27,2015/2016,0,0,0,0.000000000,0.000000000,0.000000000,1,0.063710230,EXACT_FULL_NAME_VIA_VERIFIED_TRANSFER,HIGH,bcb11a8b14c4ebc81869dcde1711d0a4600e551cc859831c9b5cc71c5c14f7dd,181382255d1132b436e1d6357913f08b2a0dfc9363a8360c034f0532debcdf50,4b73468fc5b0f1950f9f66fada70ad3a4f9327cb,StatsBomb Open Data via Stage91 + Stage92 verified identity bridge,true,true,false,false,false,false,false,false
754,L. Modrić,5463,Luka Modrić,3825785,220,Real Madrid,2016-02-21,11,La Liga,27,2015/2016,0,0,0,0.000000000,0.000000000,0.000000000,2,0.096462034,EXACT_FULL_NAME_VIA_VERIFIED_TRANSFER,HIGH,13f603162b6560b7cb1315aeff377a1b780bcc360a218110b343f2b4bfa40a99,aafb39342218242a6f60587e311af5b9554fd8213317d996d443d420447de3c9,4b73468fc5b0f1950f9f66fada70ad3a4f9327cb,StatsBomb Open Data via Stage91 + Stage92 verified identity bridge,true,true,false,false,false,false,false,false
754,L. Modrić,5463,Luka Modrić,3825787,220,Real Madrid,2016-02-27,11,La Liga,27,2015/2016,1,1,0,0.048778090,0.048778090,0.000000000,3,0.174350906,EXACT_FULL_NAME_VIA_VERIFIED_TRANSFER,HIGH,f93557d18031a9a123f74ae8eec62ff7c55147e13484ddc7e6186cd5e5967db7,69aadc2398f53fa1354eeac2a1eda5e8c82f883858b5cc45b2b30884ae1465bf,4b73468fc5b0f1950f9f66fada70ad3a4f9327cb,StatsBomb Open Data via Stage91 + Stage92 verified identity bridge,true,true,false,false,false,false,false,false
754,L. Modrić,5463,Luka Modrić,3825820,220,Real Madrid,2016-03-20,11,La Liga,27,2015/2016,1,1,0,0.045475237,0.045475237,0.000000000,2,0.055662121,EXACT_FULL_NAME_VIA_VERIFIED_TRANSFER,HIGH,e8683769e36242c86f8a2a2c0d3e415a2041dcde6cab813450e55c8671f76253,392fee618428fbdf1b6760a19b812107fdc1f9a57fd36ef18cb6e04027a3e406,4b73468fc5b0f1950f9f66fada70ad3a4f9327cb,StatsBomb Open Data via Stage91 + Stage92 verified identity bridge,true,true,false,false,false,false,false,false
754,L. Modrić,5463,Luka Modrić,3825846,220,Real Madrid,2016-05-14,11,La Liga,27,2015/2016,1,1,0,0.020789662,0.020789662,0.000000000,0,0.000000000,EXACT_FULL_NAME_VIA_VERIFIED_TRANSFER,HIGH,2454ac658a2208b6d3f241cc390299ffda5bb350716a55715cf2af54a85e8804,1fc3394db0698201cf76511d3349007fd7bc2da79375890e48b8fc919e71d4bc,4b73468fc5b0f1950f9f66fada70ad3a4f9327cb,StatsBomb Open Data via Stage91 + Stage92 verified identity bridge,true,true,false,false,false,false,false,false
754,L. Modrić,5463,Luka Modrić,3825864,220,Real Madrid,2016-04-30,11,La Liga,27,2015/2016,0,0,0,0.000000000,0.000000000,0.000000000,4,0.200619886,EXACT_FULL_NAME_VIA_VERIFIED_TRANSFER,HIGH,b7fca963caca207282688fbb6e7426a977e7e5dd3bc22a7fc029817136fd0627,0b5f7d9d4bf6cf949b982447e7442856a812a2fa06e71f5f75ce7567c7b79ff4,4b73468fc5b0f1950f9f66fada70ad3a4f9327cb,StatsBomb Open Data via Stage91 + Stage92 verified identity bridge,true,true,false,false,false,false,false,false
754,L. Modrić,5463,Luka Modrić,3825879,220,Real Madrid,2016-03-13,11,La Liga,27,2015/2016,0,0,0,0.000000000,0.000000000,0.000000000,1,0.237853020,EXACT_FULL_NAME_VIA_VERIFIED_TRANSFER,HIGH,8e7ebf388bbee057a4618de23934044c8ac9ec1a3da7681121d9e5c3838e9bb6,a796ed74f19968b08975605c947fc0f02bdcf27863bec299f2d1819adfbeacb3,4b73468fc5b0f1950f9f66fada70ad3a4f9327cb,StatsBomb Open Data via Stage91 + Stage92 verified identity bridge,true,true,false,false,false,false,false,false
754,L. Modrić,5463,Luka Modrić,3825893,220,Real Madrid,2016-04-20,11,La Liga,27,2015/2016,3,3,0,0.179168499,0.179168499,0.000000000,5,0.257623178,EXACT_FULL_NAME_VIA_VERIFIED_TRANSFER,HIGH,24715e7e72bc223b147f049a598479bf34751623c55036f5e41eb2424d9cd8e7,5d0983ea68ad63fb6c7cf3ca8ba99765b513c4bf369fba03a456911d7b7b9357,4b73468fc5b0f1950f9f66fada70ad3a4f9327cb,StatsBomb Open Data via Stage91 + Stage92 verified identity bridge,true,true,false,false,false,false,false,false
754,L. Modrić,5463,Luka Modrić,3857277,785,Croatia,2022-11-23,43,FIFA World Cup,106,2022,1,1,0,0.073204115,0.073204115,0.000000000,0,0.000000000,EXACT_FULL_NAME_VIA_VERIFIED_TRANSFER,HIGH,f91b79083efc2ee883cbbd2ad84e23883005a12fff3d3e41625c8f1154a843ce,6637e5b620b108ed9250d19fb350c5f8b2b4643c55c5cdff2f6c7dcc95c4a9ba,4b73468fc5b0f1950f9f66fada70ad3a4f9327cb,StatsBomb Open Data via Stage91 + Stage92 verified identity bridge,true,true,false,false,false,false,false,false
754,L. Modrić,5463,Luka Modrić,3857281,785,Croatia,2022-11-27,43,FIFA World Cup,106,2022,0,0,0,0.000000000,0.000000000,0.000000000,2,0.384339910,EXACT_FULL_NAME_VIA_VERIFIED_TRANSFER,HIGH,f81a8f3cde9a0d5dae81ca3a5c077d3bf03b2b83a538a5f7ef0499a3412d7ad9,61f8acc42c16130343367dda95aa5e4e0f9bdea010b7e275705b457cc63a5006,4b73468fc5b0f1950f9f66fada70ad3a4f9327cb,StatsBomb Open Data via Stage91 + Stage92 verified identity bridge,true,true,false,false,false,false,false,false
754,L. Modrić,5463,Luka Modrić,3857296,785,Croatia,2022-12-01,43,FIFA World Cup,106,2022,2,2,0,0.143307925,0.143307925,0.000000000,1,0.033970810,EXACT_FULL_NAME_VIA_VERIFIED_TRANSFER,HIGH,20f1912d42782fb029630d7a7d3bb335bb13cbbd53513d54382a118aa6cb1ffc,00a773d07e24ecae5d1681d2cfb9580de2544fdb153a2a481063bc3230ae1843,4b73468fc5b0f1950f9f66fada70ad3a4f9327cb,StatsBomb Open Data via Stage91 + Stage92 verified identity bridge,true,true,false,false,false,false,false,false
754,L. Modrić,5463,Luka Modrić,3869219,785,Croatia,2022-12-05,43,FIFA World Cup,106,2022,1,1,0,0.031055314,0.031055314,0.000000000,0,0.000000000,EXACT_FULL_NAME_VIA_VERIFIED_TRANSFER,HIGH,973e66fcce0bfc4f2b6834284ba74e4a8d73ca28adee42da56a76cf1db7c4b86,50d5624546db0ec8e88830a85d06aa37e64821dea8ca3702e4ee9105d7a53750,4b73468fc5b0f1950f9f66fada70ad3a4f9327cb,StatsBomb Open Data via Stage91 + Stage92 verified identity bridge,true,true,false,false,false,false,false,false
754,L. Modrić,5463,Luka Modrić,3869420,785,Croatia,2022-12-09,43,FIFA World Cup,106,2022,1,0,1,0.783500000,0.000000000,0.783500000,1,0.110051590,EXACT_FULL_NAME_VIA_VERIFIED_TRANSFER,HIGH,49c2efb710b6a931e9b77986003fcc47fbb1a27a888af099be9fc0a059b032c9,72e2c4616ea220cbade7fe06125184317ed4662607829457230c300a2db30744,4b73468fc5b0f1950f9f66fada70ad3a4f9327cb,StatsBomb Open Data via Stage91 + Stage92 verified identity bridge,true,true,false,false,false,false,false,false
754,L. Modrić,5463,Luka Modrić,3869519,785,Croatia,2022-12-13,43,FIFA World Cup,106,2022,1,1,0,0.026162526,0.026162526,0.000000000,2,0.099613527,EXACT_FULL_NAME_VIA_VERIFIED_TRANSFER,HIGH,ee37c9c1e1d3a63b5b98222eab7de6e47f4bca6d7b3b3692ad6910a412380309,a84e28f78cd2f843c8ce6a2a73d69566efff3ec7858b05f45d0f09638ef413c2,4b73468fc5b0f1950f9f66fada70ad3a4f9327cb,StatsBomb Open Data via Stage91 + Stage92 verified identity bridge,true,true,false,false,false,false,false,false
754,L. Modrić,5463,Luka Modrić,3869684,785,Croatia,2022-12-17,43,FIFA World Cup,106,2022,1,1,0,0.070127480,0.070127480,0.000000000,0,0.000000000,EXACT_FULL_NAME_VIA_VERIFIED_TRANSFER,HIGH,f640d68ec3bc3c19b050c350a31d85b8b4548f12baf9b8b0a4d65b0ed0e83363,288b5c718bafaa48b2a1f29a9d418b7df05df65f6e0807218661bb31c489e04d,4b73468fc5b0f1950f9f66fada70ad3a4f9327cb,StatsBomb Open Data via Stage91 + Stage92 verified identity bridge,true,true,false,false,false,false,false,false
754,L. Modrić,5463,Luka Modrić,3930167,785,Croatia,2024-06-19,55,UEFA Euro,282,2024,2,2,0,0.074632481,0.074632481,0.000000000,2,0.290202656,EXACT_FULL_NAME_VIA_VERIFIED_TRANSFER,HIGH,6e7eb6ac6b7847f039d878c343223edf014cf1f371985aa21562d10c4d9cdf5a,5f0b4d2e0b2e526ebc316007521d2fb73e4b247bb729168811a2e0ebea7e9f0e,4b73468fc5b0f1950f9f66fada70ad3a4f9327cb,StatsBomb Open Data via Stage91 + Stage92 verified identity bridge,true,true,false,false,false,false,false,false
754,L. Modrić,5463,Luka Modrić,3930178,785,Croatia,2024-06-24,55,UEFA Euro,282,2024,3,2,1,1.288909137,0.505409137,0.783500000,1,0.021476122,EXACT_FULL_NAME_VIA_VERIFIED_TRANSFER,HIGH,3e77a901d72fdc928c3ada3428c6475c8942343e712a590c15a0872a0a9ab1a5,ce180d6a3e7e06d96a95498086bfe05ff856696c8e53a7c27885c2d8dd981784,4b73468fc5b0f1950f9f66fada70ad3a4f9327cb,StatsBomb Open Data via Stage91 + Stage92 verified identity bridge,true,true,false,false,false,false,false,false
754,L. Modrić,5463,Luka Modrić,70272,220,Real Madrid,2013-03-02,11,La Liga,24,2012/2013,1,1,0,0.033327780,0.033327780,0.000000000,4,0.201740960,EXACT_FULL_NAME_VIA_VERIFIED_TRANSFER,HIGH,d78deb585b07b6a917c03acc47c9f85e502832f8dcaebbea786385599eb70dae,9c268f4563c85fe2b3134b76911b8ab640b6d0f61399cf83d21fbbe8e80c3faf,4b73468fc5b0f1950f9f66fada70ad3a4f9327cb,StatsBomb Open Data via Stage91 + Stage92 verified identity bridge,true,true,false,false,false,false,false,false
754,L. Modrić,5463,Luka Modrić,70293,220,Real Madrid,2013-10-26,11,La Liga,25,2013/2014,0,0,0,0.000000000,0.000000000,0.000000000,2,0.145505384,EXACT_FULL_NAME_VIA_VERIFIED_TRANSFER,HIGH,1ec657e4a419e86f31d99a676ea13aafdc1807e3500fdbe67d6e4bc14b2e87c4,4d3502d093070553dc3e4f733f8f3d3ee2c440a3b0ce06d0c4e3380836bd0ef9,4b73468fc5b0f1950f9f66fada70ad3a4f9327cb,StatsBomb Open Data via Stage91 + Stage92 verified identity bridge,true,true,false,false,false,false,false,false
754,L. Modrić,5463,Luka Modrić,7529,785,Croatia,2018-06-16,43,FIFA World Cup,3,2018,1,0,1,0.783500000,0.000000000,0.783500000,0,0.000000000,EXACT_FULL_NAME_VIA_VERIFIED_TRANSFER,HIGH,ce07e1fe92424b243b364345ce9f8407fb0d14eea3f35e912f82cd6165bfd3c1,e95e4f31413fca83717ec71ea9ce3500e717c597f9e38b19e4b6bb4b727b90c4,4b73468fc5b0f1950f9f66fada70ad3a4f9327cb,StatsBomb Open Data via Stage91 + Stage92 verified identity bridge,true,true,false,false,false,false,false,false
754,L. Modrić,5463,Luka Modrić,7545,785,Croatia,2018-06-21,43,FIFA World Cup,3,2018,2,2,0,0.033162551,0.033162551,0.000000000,2,0.109290046,EXACT_FULL_NAME_VIA_VERIFIED_TRANSFER,HIGH,ac6aa63ab23150aae4aa7846dab05310a5f7e253b433557fe681cf05d0df7625,9bd8c3e7758bb976decf2ba0974d4ce857bd37d0b090c09ea11ebc289a0ca0a0,4b73468fc5b0f1950f9f66fada70ad3a4f9327cb,StatsBomb Open Data via Stage91 + Stage92 verified identity bridge,true,true,false,false,false,false,false,false
754,L. Modrić,5463,Luka Modrić,7561,785,Croatia,2018-06-26,43,FIFA World Cup,3,2018,1,1,0,0.022482410,0.022482410,0.000000000,3,0.097237828,EXACT_FULL_NAME_VIA_VERIFIED_TRANSFER,HIGH,322ad9ff9c40825c02e293e8e4be80f931633dcf73b0ce87e4c895b901f106c5,5379a3e1c141363b80142bb1186aeb666a253bee222f0f3c7014101d02c2d0e9,4b73468fc5b0f1950f9f66fada70ad3a4f9327cb,StatsBomb Open Data via Stage91 + Stage92 verified identity bridge,true,true,false,false,false,false,false,false
754,L. Modrić,5463,Luka Modrić,7581,785,Croatia,2018-07-01,43,FIFA World Cup,3,2018,4,2,2,1.666559169,0.099559169,1.567000000,5,0.300240037,EXACT_FULL_NAME_VIA_VERIFIED_TRANSFER,HIGH,09aea7e4372dbcdacbc73bab6a2cbf22531ee4ce68826a6bbf07c554be3b643b,c86231f4aae57b934ea286e7e2396aad524363c1c82ae9feafd50874690e3e73,4b73468fc5b0f1950f9f66fada70ad3a4f9327cb,StatsBomb Open Data via Stage91 + Stage92 verified identity bridge,true,true,false,false,false,false,false,false
754,L. Modrić,5463,Luka Modrić,8652,785,Croatia,2018-07-07,43,FIFA World Cup,3,2018,4,3,1,0.901351339,0.117851339,0.783500000,3,0.243654101,EXACT_FULL_NAME_VIA_VERIFIED_TRANSFER,HIGH,31a1bfa4684a523927538050c891e1e6a741d3592255e227dd76c973496a7db3,50bed741e99b3eb6384e7d5e9ce98bd63c3e8153dc7a0a0cd5169b6dd3da4953,4b73468fc5b0f1950f9f66fada70ad3a4f9327cb,StatsBomb Open Data via Stage91 + Stage92 verified identity bridge,true,true,false,false,false,false,false,false
754,L. Modrić,5463,Luka Modrić,8656,785,Croatia,2018-07-11,43,FIFA World Cup,3,2018,0,0,0,0.000000000,0.000000000,0.000000000,2,0.023132257,EXACT_FULL_NAME_VIA_VERIFIED_TRANSFER,HIGH,ba46f0409ab7c761cebcf9b286c4f9edd1856d9722568df89e343611e4ab013e,ff9c1a7ff16fe938e97d5a46be42d7389b20ff1c3a18b02cba1b9db8f051a830,4b73468fc5b0f1950f9f66fada70ad3a4f9327cb,StatsBomb Open Data via Stage91 + Stage92 verified identity bridge,true,true,false,false,false,false,false,false
754,L. Modrić,5463,Luka Modrić,8658,785,Croatia,2018-07-15,43,FIFA World Cup,3,2018,0,0,0,0.000000000,0.000000000,0.000000000,3,0.295552114,EXACT_FULL_NAME_VIA_VERIFIED_TRANSFER,HIGH,3597be9702f1f95d59b6b50c989a6d764ed904a01d3c6e41b7f668d7a2540caf,d817aec62adc6e2b52fe79b25051d903d7ffd936af21ebea62e9375ec5246a68,4b73468fc5b0f1950f9f66fada70ad3a4f9327cb,StatsBomb Open Data via Stage91 + Stage92 verified identity bridge,true,true,false,false,false,false,false,false
754,L. Modrić,5463,Luka Modrić,9736,220,Real Madrid,2017-12-23,11,La Liga,1,2017/2018,1,1,0,0.022427704,0.022427704,0.000000000,2,0.356351900,EXACT_FULL_NAME_VIA_VERIFIED_TRANSFER,HIGH,3cb3ac3e1c01c3c00f11740f4789fe32d8ed6394d19d10d95de1497344d7e81b,d3aa477a446d05ac1cc2385ed29ccc1c4da19109fd239fbfdfa255c40d118418,4b73468fc5b0f1950f9f66fada70ad3a4f9327cb,StatsBomb Open Data via Stage91 + Stage92 verified identity bridge,true,true,false,false,false,false,false,false
754,L. Modrić,5463,Luka Modrić,9924,220,Real Madrid,2018-05-06,11,La Liga,1,2017/2018,1,1,0,0.033115752,0.033115752,0.000000000,3,0.529617226,EXACT_FULL_NAME_VIA_VERIFIED_TRANSFER,HIGH,869490b54abe292adf75287ce37e24121ad66d83f7b1066418ca989a9c08f7e1,efc1bf9e64141a3498bd1ad34d9f9082600ab00c0dd308b5476be42b9e92ad9a,4b73468fc5b0f1950f9f66fada70ad3a4f9327cb,StatsBomb Open Data via Stage91 + Stage92 verified identity bridge,true,true,false,false,false,false,false,false
792,J. Kluivert,8063,Justin Kluivert,3802805,136,OGC Nice,2022-03-05,7,Ligue 1,108,2021/2022,2,2,0,0.067613320,0.067613320,0.000000000,1,0.040810674,EXACT_FULL_NAME_VIA_VERIFIED_TRANSFER,HIGH,33c3e227c15afe9d326d622e842dfa3e1034b687752a80f2e1c38a76877b2408,b69a0bc9a147556091c5697a62bdd3e4c7d1640e64b2fc154d7990c5529099c6,4b73468fc5b0f1950f9f66fada70ad3a4f9327cb,StatsBomb Open Data via Stage91 + Stage92 verified identity bridge,true,true,false,false,false,false,false,false
81573,Omar Marmoush,40761,Omar Marmoush,3895333,184,Eintracht Frankfurt,2024-05-05,9,1. Bundesliga,281,2023/2024,4,4,0,0.457169910,0.457169910,0.000000000,1,0.038133413,EXACT_FULL_NAME_VIA_VERIFIED_TRANSFER,HIGH,9b480571170127c78f9906deeb32d7655e0d84e464a95f96a3098763bfda83aa,bb5f8abe61e3320c04d3691cdf379afb91279b6397d211d283caa04d4c1995cb,4b73468fc5b0f1950f9f66fada70ad3a4f9327cb,StatsBomb Open Data via Stage91 + Stage92 verified identity bridge,true,true,false,false,false,false,false,false
81573,Omar Marmoush,40761,Omar Marmoush,3920385,774,Egypt,2024-01-14,1267,African Cup of Nations,107,2023,1,1,0,0.044817682,0.044817682,0.000000000,0,0.000000000,EXACT_FULL_NAME_VIA_VERIFIED_TRANSFER,HIGH,4dbe4e87fc4e62c16795c115f6e2a2b4638e837e9dde987a5fd778b24bfc50b3,eb53c6c040846404b0d3038b3c2d06d7faa965b1979168fa36cacd20c57db131,4b73468fc5b0f1950f9f66fada70ad3a4f9327cb,StatsBomb Open Data via Stage91 + Stage92 verified identity bridge,true,true,false,false,false,false,false,false
81573,Omar Marmoush,40761,Omar Marmoush,3920396,774,Egypt,2024-01-18,1267,African Cup of Nations,107,2023,4,4,0,0.566595894,0.566595894,0.000000000,3,0.141047637,EXACT_FULL_NAME_VIA_VERIFIED_TRANSFER,HIGH,91e8ecfdcd49adef295388fdf47ce6bf4a23e8bcfb4ac527b4afdc0163a6bb2f,3289ff5f0796555e2ebab75adc0e5cda0399450de4a26b08e6c72f3be5c81399,4b73468fc5b0f1950f9f66fada70ad3a4f9327cb,StatsBomb Open Data via Stage91 + Stage92 verified identity bridge,true,true,false,false,false,false,false,false
81573,Omar Marmoush,40761,Omar Marmoush,3920411,774,Egypt,2024-01-22,1267,African Cup of Nations,107,2023,2,2,0,0.078559693,0.078559693,0.000000000,1,0.127904460,EXACT_FULL_NAME_VIA_VERIFIED_TRANSFER,HIGH,06d119adb79f091a6159a6f4d6fe21a7d39bb6943e9eeb612d5fd693b9fd00bf,46120629868bc209569e5d5d2995c1aa3afcddd3ed563a6f8c47e536fdac979f,4b73468fc5b0f1950f9f66fada70ad3a4f9327cb,StatsBomb Open Data via Stage91 + Stage92 verified identity bridge,true,true,false,false,false,false,false,false
81573,Omar Marmoush,40761,Omar Marmoush,3922240,774,Egypt,2024-01-28,1267,African Cup of Nations,107,2023,2,1,1,0.789478227,0.005978227,0.783500000,0,0.000000000,EXACT_FULL_NAME_VIA_VERIFIED_TRANSFER,HIGH,611ad72b98f7c3bf34024564591da6aaad1650ea3707b56c227670b34337e9a2,a62b7f42a6d51451116a49a618f25cce067592b8fae2b081930441abb40674f5,4b73468fc5b0f1950f9f66fada70ad3a4f9327cb,StatsBomb Open Data via Stage91 + Stage92 verified identity bridge,true,true,false,false,false,false,false,false
83831,I. Kebbal,45039,Ilan Kebbal,3802696,156,Stade de Reims,2021-08-29,7,Ligue 1,108,2021/2022,1,1,0,0.063010630,0.063010630,0.000000000,3,0.173788215,EXACT_FULL_NAME_VIA_VERIFIED_TRANSFER,HIGH,0a7ce3e62daf4ce607d45723537f8de9c3cbed154b6e3ac0c2f8b9b44cdfcce4,678c66162b0e6f13080dde47f1e6b1d40a829afd156fe961fb602328edeebbf4,4b73468fc5b0f1950f9f66fada70ad3a4f9327cb,StatsBomb Open Data via Stage91 + Stage92 verified identity bridge,true,true,false,false,false,false,false,false
842,N. Vlašić,3441,Nikola Vlašić,3788760,785,Croatia,2021-06-18,55,UEFA Euro,43,2020,1,1,0,0.237378430,0.237378430,0.000000000,0,0.000000000,EXACT_FULL_NAME_VIA_VERIFIED_TRANSFER,HIGH,e6d872e622b70eea80290b6d09c3ab113add251bc9204e6a3ead198f344efa3f,cfb3d7adffffcc2f74f3c96fd19295c9237303d919fb3c75ca4fd01ee4a067a1,4b73468fc5b0f1950f9f66fada70ad3a4f9327cb,StatsBomb Open Data via Stage91 + Stage92 verified identity bridge,true,true,false,false,false,false,false,false
842,N. Vlašić,3441,Nikola Vlašić,3788771,785,Croatia,2021-06-22,55,UEFA Euro,43,2020,1,1,0,0.065931596,0.065931596,0.000000000,1,0.421165020,EXACT_FULL_NAME_VIA_VERIFIED_TRANSFER,HIGH,4cd53b1fd49457604cbd64595011a387c27e298c8b454b28d0b93da64137930f,f0161932190e03bda4a7e1c865c21872a3b52780ee9eb9bcb94657628d58f799,4b73468fc5b0f1950f9f66fada70ad3a4f9327cb,StatsBomb Open Data via Stage91 + Stage92 verified identity bridge,true,true,false,false,false,false,false,false
842,N. Vlašić,3441,Nikola Vlašić,3794686,785,Croatia,2021-06-28,55,UEFA Euro,43,2020,1,1,0,0.066409856,0.066409856,0.000000000,1,0.098175585,EXACT_FULL_NAME_VIA_VERIFIED_TRANSFER,HIGH,0fb585d98c3bff16efbdb5e880ed632791476376b26bedc663c159859b174358,47c277dac68fe7e1ed792edf3a5b83987c8bf806bf5deb8c31aeb417055ecb1e,4b73468fc5b0f1950f9f66fada70ad3a4f9327cb,StatsBomb Open Data via Stage91 + Stage92 verified identity bridge,true,true,false,false,false,false,false,false
842,N. Vlašić,3441,Nikola Vlašić,3857277,785,Croatia,2022-11-23,43,FIFA World Cup,106,2022,2,2,0,0.516561570,0.516561570,0.000000000,0,0.000000000,EXACT_FULL_NAME_VIA_VERIFIED_TRANSFER,HIGH,66bcdb764ac559fb00886666fb5a6e9af024509ba7a436406ce9dfe9d4da0178,6637e5b620b108ed9250d19fb350c5f8b2b4643c55c5cdff2f6c7dcc95c4a9ba,4b73468fc5b0f1950f9f66fada70ad3a4f9327cb,StatsBomb Open Data via Stage91 + Stage92 verified identity bridge,true,true,false,false,false,false,false,false
842,N. Vlašić,3441,Nikola Vlašić,3869219,785,Croatia,2022-12-05,43,FIFA World Cup,106,2022,1,0,1,0.783500000,0.000000000,0.783500000,0,0.000000000,EXACT_FULL_NAME_VIA_VERIFIED_TRANSFER,HIGH,2d9ad5a9756e88e36c4caadb5ded8b0c16be1989f95922ac223a3aef1384beac,50d5624546db0ec8e88830a85d06aa37e64821dea8ca3702e4ee9105d7a53750,4b73468fc5b0f1950f9f66fada70ad3a4f9327cb,StatsBomb Open Data via Stage91 + Stage92 verified identity bridge,true,true,false,false,false,false,false,false
842,N. Vlašić,3441,Nikola Vlašić,3869420,785,Croatia,2022-12-09,43,FIFA World Cup,106,2022,2,1,1,0.810384926,0.026884926,0.783500000,0,0.000000000,EXACT_FULL_NAME_VIA_VERIFIED_TRANSFER,HIGH,df52bede22be962383c248d98ea7bbf6aee92aef0a864920a91e7fdf01f3a8d8,72e2c4616ea220cbade7fe06125184317ed4662607829457230c300a2db30744,4b73468fc5b0f1950f9f66fada70ad3a4f9327cb,StatsBomb Open Data via Stage91 + Stage92 verified identity bridge,true,true,false,false,false,false,false,false
842,N. Vlašić,3441,Nikola Vlašić,3869519,785,Croatia,2022-12-13,43,FIFA World Cup,106,2022,1,1,0,0.049129687,0.049129687,0.000000000,0,0.000000000,EXACT_FULL_NAME_VIA_VERIFIED_TRANSFER,HIGH,831b3f2d077186308cf90074c39c3835b67a508dad14d4857f5a9d7ccd88534a,a84e28f78cd2f843c8ce6a2a73d69566efff3ec7858b05f45d0f09638ef413c2,4b73468fc5b0f1950f9f66fada70ad3a4f9327cb,StatsBomb Open Data via Stage91 + Stage92 verified identity bridge,true,true,false,false,false,false,false,false
842,N. Vlašić,3441,Nikola Vlašić,3869684,785,Croatia,2022-12-17,43,FIFA World Cup,106,2022,1,1,0,0.035977250,0.035977250,0.000000000,0,0.000000000,EXACT_FULL_NAME_VIA_VERIFIED_TRANSFER,HIGH,368280b6ab5c2a1ef42cd49cf2592f949293c6b648c0fbb834ef1b83f282e57d,288b5c718bafaa48b2a1f29a9d418b7df05df65f6e0807218661bb31c489e04d,4b73468fc5b0f1950f9f66fada70ad3a4f9327cb,StatsBomb Open Data via Stage91 + Stage92 verified identity bridge,true,true,false,false,false,false,false,false
8489,J. David,23640,Jonathan David,3802699,143,Lille,2021-10-29,7,Ligue 1,108,2021/2022,4,4,0,0.899261164,0.899261164,0.000000000,1,0.316771240,EXACT_FULL_NAME_VIA_VERIFIED_TRANSFER,HIGH,e0e6748d2b8bb187be740c3d2bb49cd1efc2e156549e62c7de1c441cde205cdc,d520f44fb5e220a02e270e3b016664a38321beee3ce62626441341832202a4aa,4b73468fc5b0f1950f9f66fada70ad3a4f9327cb,StatsBomb Open Data via Stage91 + Stage92 verified identity bridge,true,true,false,false,false,false,false,false
8489,J. David,23640,Jonathan David,3837662,143,Lille,2022-08-21,7,Ligue 1,235,2022/2023,3,3,0,0.227334143,0.227334143,0.000000000,2,0.079263805,EXACT_FULL_NAME_VIA_VERIFIED_TRANSFER,HIGH,1444bf82d75c0030f1819a3b76df053dc8e9c1574d601c96f94f9830d0ef4e73,28b00292222c24c579777d44c9c9d2353320f37680abae69bb16d7f55fffe389,4b73468fc5b0f1950f9f66fada70ad3a4f9327cb,StatsBomb Open Data via Stage91 + Stage92 verified identity bridge,true,true,false,false,false,false,false,false
8489,J. David,23640,Jonathan David,3837876,143,Lille,2023-02-19,7,Ligue 1,235,2022/2023,7,6,1,1.329343853,0.545843853,0.783500000,2,0.075875271,EXACT_FULL_NAME_VIA_VERIFIED_TRANSFER,HIGH,68c7321dcf73b857cb2c624c0c09149800bc782d98744674ec0a925ae60109d1,dfa6bf71d69aa760df1acdf124eb94166eec064bb84eb783e380496c0737b4a7,4b73468fc5b0f1950f9f66fada70ad3a4f9327cb,StatsBomb Open Data via Stage91 + Stage92 verified identity bridge,true,true,false,false,false,false,false,false
8489,J. David,23640,Jonathan David,3857268,1833,Canada,2022-11-23,43,FIFA World Cup,106,2022,7,7,0,0.759927350,0.759927350,0.000000000,0,0.000000000,EXACT_FULL_NAME_VIA_VERIFIED_TRANSFER,HIGH,33efac55b0ce06895ba78d2f47df70bff438cd01a17efbdef5dda66d884981d9,71e5023f13f20bef1697de51fdda8c8ee1e2df7597d7236f0519efd3e5e51df5,4b73468fc5b0f1950f9f66fada70ad3a4f9327cb,StatsBomb Open Data via Stage91 + Stage92 verified identity bridge,true,true,false,false,false,false,false,false
8489,J. David,23640,Jonathan David,3857281,1833,Canada,2022-11-27,43,FIFA World Cup,106,2022,1,1,0,0.052886155,0.052886155,0.000000000,0,0.000000000,EXACT_FULL_NAME_VIA_VERIFIED_TRANSFER,HIGH,e6584aeac460e6bc82e3b218f11675ab5dba52e6e3c71ea8388e022db8578d84,61f8acc42c16130343367dda95aa5e4e0f9bdea010b7e275705b457cc63a5006,4b73468fc5b0f1950f9f66fada70ad3a4f9327cb,StatsBomb Open Data via Stage91 + Stage92 verified identity bridge,true,true,false,false,false,false,false,false
8489,J. David,23640,Jonathan David,3939969,1833,Canada,2024-06-21,223,Copa America,282,2024,1,1,0,0.157872240,0.157872240,0.000000000,1,0.072254890,EXACT_FULL_NAME_VIA_VERIFIED_TRANSFER,HIGH,bf2bcd8a40de1255e5d4f220e91ed4cb6a327a18009ae080088f63e97f6b393a,fa8e8d415a359954f823e7b496946faf0b006e07d47e143827d3d82132ed29a7,4b73468fc5b0f1950f9f66fada70ad3a4f9327cb,StatsBomb Open Data via Stage91 + Stage92 verified identity bridge,true,true,false,false,false,false,false,false
8489,J. David,23640,Jonathan David,3939978,1833,Canada,2024-06-25,223,Copa America,282,2024,1,1,0,0.248837530,0.248837530,0.000000000,0,0.000000000,EXACT_FULL_NAME_VIA_VERIFIED_TRANSFER,HIGH,cdcf5ace6dd03dba77239c51fc176fac768a360df5d98bf045551ff3af42acae,3bb6fa9f4b5d7b0c98e20842908855783478b6dd83f9d0925e7a8e1d565c43b5,4b73468fc5b0f1950f9f66fada70ad3a4f9327cb,StatsBomb Open Data via Stage91 + Stage92 verified identity bridge,true,true,false,false,false,false,false,false
8489,J. David,23640,Jonathan David,3939985,1833,Canada,2024-06-30,223,Copa America,282,2024,1,1,0,0.177432980,0.177432980,0.000000000,1,0.078950380,EXACT_FULL_NAME_VIA_VERIFIED_TRANSFER,HIGH,1f7436dbad07254ee096294ebad8cfa94d57848047b92b05f4a7bdb970e95425,509382d8340e8e6e3b133ab89bab8686d74e57e6a8050d59a5d260d62dc90dd6,4b73468fc5b0f1950f9f66fada70ad3a4f9327cb,StatsBomb Open Data via Stage91 + Stage92 verified identity bridge,true,true,false,false,false,false,false,false
8489,J. David,23640,Jonathan David,3942229,1833,Canada,2024-07-06,223,Copa America,282,2024,4,3,1,1.166139071,0.382639071,0.783500000,3,0.220228232,EXACT_FULL_NAME_VIA_VERIFIED_TRANSFER,HIGH,f01719db05d40afb8ec756a8a8282990d16761353c3362a98d166ca03e587ca7,cd3a75a0341a86cba1cb2f4053d53ad2e5b56cfaa98a55ab215cf7808821d8f7,4b73468fc5b0f1950f9f66fada70ad3a4f9327cb,StatsBomb Open Data via Stage91 + Stage92 verified identity bridge,true,true,false,false,false,false,false,false
8489,J. David,23640,Jonathan David,3942785,1833,Canada,2024-07-10,223,Copa America,282,2024,1,1,0,0.165856850,0.165856850,0.000000000,1,0.045266423,EXACT_FULL_NAME_VIA_VERIFIED_TRANSFER,HIGH,7a1c8b14adae4e9df2a3c219e4da65fe3ac36daf58c3c01e58576ad25e457665,dc3f41f73580bb3f7467efeb1deeacf74138e3d402eea93f67e05f87a019d3a1,4b73468fc5b0f1950f9f66fada70ad3a4f9327cb,StatsBomb Open Data via Stage91 + Stage92 verified identity bridge,true,true,false,false,false,false,false,false
8489,J. David,23640,Jonathan David,3943076,1833,Canada,2024-07-14,223,Copa America,282,2024,2,1,1,0.987151700,0.203651700,0.783500000,0,0.000000000,EXACT_FULL_NAME_VIA_VERIFIED_TRANSFER,HIGH,e90a7eab840323bdb1913ae6a6830df1203622ec2a4537ecd22e7778ff254c0b,265ff1abb77d9d680a1d494f4649c7a14b9bd9b403d2d9712bf1618a3ce1f3ef,4b73468fc5b0f1950f9f66fada70ad3a4f9327cb,StatsBomb Open Data via Stage91 + Stage92 verified identity bridge,true,true,false,false,false,false,false,false
8500,W. Endo,23721,Wataru Endo,3857284,778,Japan,2022-11-23,43,FIFA World Cup,106,2022,0,0,0,0.000000000,0.000000000,0.000000000,1,0.068451110,EXACT_FULL_NAME_VIA_VERIFIED_TRANSFER,HIGH,804cdd2367da7402ab0a6795b826ea116c3c6b677063c04f3c55976ea612a3ff,984675db8a02f0471631995341f277a2dcf0f8cead2d45a2907f69dd2b26e184,4b73468fc5b0f1950f9f66fada70ad3a4f9327cb,StatsBomb Open Data via Stage91 + Stage92 verified identity bridge,true,true,false,false,false,false,false,false
8500,W. Endo,23721,Wataru Endo,3857295,778,Japan,2022-11-27,43,FIFA World Cup,106,2022,3,3,0,0.114804686,0.114804686,0.000000000,0,0.000000000,EXACT_FULL_NAME_VIA_VERIFIED_TRANSFER,HIGH,0e117b5cae5fd3f87a6dcea6c5ba755fa104c2cbedcfa53e48ce61b8c2bb5551,c5cf330ffc9361001e09f09d50f0548c0fa3f5d5beb362d2933bbbdbabe33f89,4b73468fc5b0f1950f9f66fada70ad3a4f9327cb,StatsBomb Open Data via Stage91 + Stage92 verified identity bridge,true,true,false,false,false,false,false,false
8500,W. Endo,23721,Wataru Endo,3869219,778,Japan,2022-12-05,43,FIFA World Cup,106,2022,3,3,0,0.066596221,0.066596221,0.000000000,3,0.259676313,EXACT_FULL_NAME_VIA_VERIFIED_TRANSFER,HIGH,6adb7782e078200500b88d860e02cdcf5730fc44a40d209f863c2fafa9a68e81,50d5624546db0ec8e88830a85d06aa37e64821dea8ca3702e4ee9105d7a53750,4b73468fc5b0f1950f9f66fada70ad3a4f9327cb,StatsBomb Open Data via Stage91 + Stage92 verified identity bridge,true,true,false,false,false,false,false,false
861,D. Rugani,6953,Daniele Rugani,3879777,224,Juventus,2016-03-11,12,Serie A,27,2015/2016,1,1,0,0.094409060,0.094409060,0.000000000,1,0.011003339,EXACT_FULL_NAME_VIA_VERIFIED_TRANSFER,HIGH,f59d29fa89506f834b75f2bde55f894819b71a73bd6cf4f159e4d099e91e79be,ec697379f673e2d647ed287704033bea6cef07e71e58517c9989a0f29878e06f,4b73468fc5b0f1950f9f66fada70ad3a4f9327cb,StatsBomb Open Data via Stage91 + Stage92 verified identity bridge,true,true,false,false,false,false,false,false
861,D. Rugani,6953,Daniele Rugani,3879850,224,Juventus,2016-05-01,12,Serie A,27,2015/2016,1,1,0,0.065577970,0.065577970,0.000000000,0,0.000000000,EXACT_FULL_NAME_VIA_VERIFIED_TRANSFER,HIGH,d6b8eb52b0f1f92fdd94c7ff5b7e6c7edc9c681767cd62df1fe2ba24143783ab,eec6619c76c17a80e953478238c36e8095f36866c175591d431ef0b9669b379e,4b73468fc5b0f1950f9f66fada70ad3a4f9327cb,StatsBomb Open Data via Stage91 + Stage92 verified identity bridge,true,true,false,false,false,false,false,false
861,D. Rugani,6953,Daniele Rugani,3879864,224,Juventus,2016-05-08,12,Serie A,27,2015/2016,1,1,0,0.006863560,0.006863560,0.000000000,0,0.000000000,EXACT_FULL_NAME_VIA_VERIFIED_TRANSFER,HIGH,8c2e27f6ecfd8dea94abba7ae9242c213ef093b6a1049698b8ae3e7174be8f2f,b66a1f639283ff1223bb29f1ffe657bec5184d16a56abbb553d002cf43a57e94,4b73468fc5b0f1950f9f66fada70ad3a4f9327cb,StatsBomb Open Data via Stage91 + Stage92 verified identity bridge,true,true,false,false,false,false,false,false
873,F. Bernardeschi,7777,Federico Bernardeschi,3788766,914,Italy,2021-06-20,55,UEFA Euro,43,2020,3,3,0,0.098015434,0.098015434,0.000000000,2,0.206370357,EXACT_FULL_NAME_VIA_VERIFIED_TRANSFER,HIGH,8830e1681ea8155fd29be9156f439b38b0d34c08fb918e182f86f8bce2905ed2,bdaeba47bd2ae40af49d4cada9868d59c503f187286994ecf012f8c931f15b5a,4b73468fc5b0f1950f9f66fada70ad3a4f9327cb,StatsBomb Open Data via Stage91 + Stage92 verified identity bridge,true,true,false,false,false,false,false,false
873,F. Bernardeschi,7777,Federico Bernardeschi,3795220,914,Italy,2021-07-06,55,UEFA Euro,43,2020,1,0,1,0.783500000,0.000000000,0.783500000,0,0.000000000,EXACT_FULL_NAME_VIA_VERIFIED_TRANSFER,HIGH,f81c3706a0f294c28a2da0e0fa2f39872481c84fa8841970d33269268d2f0d19,b74f01ad8acc400b51dfe33d51ffd4df83520e9dd5966773bae07b5e6e01f6d8,4b73468fc5b0f1950f9f66fada70ad3a4f9327cb,StatsBomb Open Data via Stage91 + Stage92 verified identity bridge,true,true,false,false,false,false,false,false
873,F. Bernardeschi,7777,Federico Bernardeschi,3795506,914,Italy,2021-07-11,55,UEFA Euro,43,2020,2,1,1,0.814345515,0.030845515,0.783500000,2,0.164896155,EXACT_FULL_NAME_VIA_VERIFIED_TRANSFER,HIGH,9c5610aaf2fc50840ebce147de1e25c4f78f88671569903f3d5c85ef1918c0ec,bb26e2ef8d4bb360f1c96c3eafebfff441e48941724d13a8633540654ba3cce1,4b73468fc5b0f1950f9f66fada70ad3a4f9327cb,StatsBomb Open Data via Stage91 + Stage92 verified identity bridge,true,true,false,false,false,false,false,false
873,F. Bernardeschi,7777,Federico Bernardeschi,3877115,575,Toronto FC,2023-09-21,44,Major League Soccer,107,2023,2,2,0,0.061623603,0.061623603,0.000000000,1,0.083594010,EXACT_FULL_NAME_VIA_VERIFIED_TRANSFER,HIGH,28b66462575107c03ae8319cfbe11e71dd5b8d19707511a75d440ba74f475be3,1066f2258c83fb7090304106fd5e8e3c90fd1e79062231300d41e2e7cf7183b5,4b73468fc5b0f1950f9f66fada70ad3a4f9327cb,StatsBomb Open Data via Stage91 + Stage92 verified identity bridge,true,true,false,false,false,false,false,false
873,F. Bernardeschi,7777,Federico Bernardeschi,3878542,239,Fiorentina,2015-08-23,12,Serie A,27,2015/2016,0,0,0,0.000000000,0.000000000,0.000000000,2,0.547140194,EXACT_FULL_NAME_VIA_VERIFIED_TRANSFER,HIGH,f45c24a0d3c18ac6d5b9ad6b204216837d3e49d0d1dcc17e6ae0b797ca015008,aa2c908fe062dbaf2b0cb1d51cad48d2ce233378046ea0eaa235b2a1595f9f83,4b73468fc5b0f1950f9f66fada70ad3a4f9327cb,StatsBomb Open Data via Stage91 + Stage92 verified identity bridge,true,true,false,false,false,false,false,false
873,F. Bernardeschi,7777,Federico Bernardeschi,3878556,239,Fiorentina,2015-08-30,12,Serie A,27,2015/2016,1,1,0,0.082688340,0.082688340,0.000000000,1,0.008516528,EXACT_FULL_NAME_VIA_VERIFIED_TRANSFER,HIGH,558bf74d0cd901c3dd9630334440d68633d6c8656b2c10ae7eacf3f5e4cd4df9,050392e795721de964deccfd0689bbd5be2787df2c18b54114e12841bdf50cea,4b73468fc5b0f1950f9f66fada70ad3a4f9327cb,StatsBomb Open Data via Stage91 + Stage92 verified identity bridge,true,true,false,false,false,false,false,false
873,F. Bernardeschi,7777,Federico Bernardeschi,3878605,239,Fiorentina,2015-09-20,12,Serie A,27,2015/2016,1,1,0,0.024446016,0.024446016,0.000000000,0,0.000000000,EXACT_FULL_NAME_VIA_VERIFIED_TRANSFER,HIGH,165468e78566780115802812f1d18e2c57451adc1aab33e4c1cd171e72d1a743,187f1e2b702ef251095a05be19dbb15b8517b537f3812dc06874e46a4eb36427,4b73468fc5b0f1950f9f66fada70ad3a4f9327cb,StatsBomb Open Data via Stage91 + Stage92 verified identity bridge,true,true,false,false,false,false,false,false
873,F. Bernardeschi,7777,Federico Bernardeschi,3879561,239,Fiorentina,2015-10-04,12,Serie A,27,2015/2016,3,3,0,0.159932945,0.159932945,0.000000000,2,0.603027890,EXACT_FULL_NAME_VIA_VERIFIED_TRANSFER,HIGH,a0c95315f97c4e4f998b7c2955f3f7c6c4bfe48967a3029f6cfab18fbd4de77a,ac7df1f9531d43ba74984ff9f7d52270235a5a3e5874591162b181919a0d9e0d,4b73468fc5b0f1950f9f66fada70ad3a4f9327cb,StatsBomb Open Data via Stage91 + Stage92 verified identity bridge,true,true,false,false,false,false,false,false
873,F. Bernardeschi,7777,Federico Bernardeschi,3879572,239,Fiorentina,2015-10-18,12,Serie A,27,2015/2016,1,1,0,0.094622240,0.094622240,0.000000000,0,0.000000000,EXACT_FULL_NAME_VIA_VERIFIED_TRANSFER,HIGH,1f82bf3549c2ef08e3efcd0878b4974c09460738157e5062b9b796ed65c6a6d0,b3b8580418b6503cf3687929f7e89c57f37f6895a07b3c7f21e334dae5b8d118,4b73468fc5b0f1950f9f66fada70ad3a4f9327cb,StatsBomb Open Data via Stage91 + Stage92 verified identity bridge,true,true,false,false,false,false,false,false
873,F. Bernardeschi,7777,Federico Bernardeschi,3879583,239,Fiorentina,2015-10-25,12,Serie A,27,2015/2016,2,2,0,0.124651166,0.124651166,0.000000000,2,0.182962995,EXACT_FULL_NAME_VIA_VERIFIED_TRANSFER,HIGH,f434a473a7efdba2d289e42c2f26f5bb757d8fa10ff74013c1b4ec85f2813f42,3f7a7e92e1f57f3097eece21cdf2183468d0b35bbef9770f4cfa83d5e4342d95,4b73468fc5b0f1950f9f66fada70ad3a4f9327cb,StatsBomb Open Data via Stage91 + Stage92 verified identity bridge,true,true,false,false,false,false,false,false
873,F. Bernardeschi,7777,Federico Bernardeschi,3879616,239,Fiorentina,2015-11-08,12,Serie A,27,2015/2016,6,6,0,0.201261146,0.201261146,0.000000000,1,0.009325057,EXACT_FULL_NAME_VIA_VERIFIED_TRANSFER,HIGH,160d1a4aed37de6fae04543190c09ef00d54f90fbf05912d342b3bde46ccf321,4545d4a7b73ed0845347a1c4b4ab14a13ed17af73172b21705dd1a271500ca7f,4b73468fc5b0f1950f9f66fada70ad3a4f9327cb,StatsBomb Open Data via Stage91 + Stage92 verified identity bridge,true,true,false,false,false,false,false,false
873,F. Bernardeschi,7777,Federico Bernardeschi,3879623,239,Fiorentina,2015-11-22,12,Serie A,27,2015/2016,2,2,0,0.068680605,0.068680605,0.000000000,0,0.000000000,EXACT_FULL_NAME_VIA_VERIFIED_TRANSFER,HIGH,24d3d11f5d68afc9b497cb22286dcd6668e28b7dd7d0bee9f214b11efe9e46b4,906e21f66b3be30e9288f47020a4f3bbec14f35bbc428811df80bebd4b9954d1,4b73468fc5b0f1950f9f66fada70ad3a4f9327cb,StatsBomb Open Data via Stage91 + Stage92 verified identity bridge,true,true,false,false,false,false,false,false
873,F. Bernardeschi,7777,Federico Bernardeschi,3879636,239,Fiorentina,2015-11-30,12,Serie A,27,2015/2016,2,2,0,0.067098841,0.067098841,0.000000000,2,0.344069778,EXACT_FULL_NAME_VIA_VERIFIED_TRANSFER,HIGH,215d3a8532cf0ed1da9d508bf79caa0215a33184e86111fa09c14927b2bfaf71,e7309a6d40931cb61f9fede0426bc741b4fd04e2f75072e3fd10a36f6a86a607,4b73468fc5b0f1950f9f66fada70ad3a4f9327cb,StatsBomb Open Data via Stage91 + Stage92 verified identity bridge,true,true,false,false,false,false,false,false
873,F. Bernardeschi,7777,Federico Bernardeschi,3879646,239,Fiorentina,2015-12-06,12,Serie A,27,2015/2016,3,3,0,0.096562059,0.096562059,0.000000000,1,0.250971940,EXACT_FULL_NAME_VIA_VERIFIED_TRANSFER,HIGH,9658a98b490dc2e6dcf8b8cbcb039ae3beb7c83daeb3eef4609656a6447792c3,6e6321e06bb1de8555f5a69604578ecbb83f15e2b340b1d6530cd8ad37faed6f,4b73468fc5b0f1950f9f66fada70ad3a4f9327cb,StatsBomb Open Data via Stage91 + Stage92 verified identity bridge,true,true,false,false,false,false,false,false
873,F. Bernardeschi,7777,Federico Bernardeschi,3879653,239,Fiorentina,2015-12-13,12,Serie A,27,2015/2016,0,0,0,0.000000000,0.000000000,0.000000000,1,0.045213968,EXACT_FULL_NAME_VIA_VERIFIED_TRANSFER,HIGH,6b51436c90b0b341318088263be4688febcdddcc87202c1ee82d4bbf7b21696d,e3f82185f8d64a793aec3a7a52333cd6839ebb6316d20760acfec4e52f985e4f,4b73468fc5b0f1950f9f66fada70ad3a4f9327cb,StatsBomb Open Data via Stage91 + Stage92 verified identity bridge,true,true,false,false,false,false,false,false
873,F. Bernardeschi,7777,Federico Bernardeschi,3879662,239,Fiorentina,2015-12-20,12,Serie A,27,2015/2016,1,1,0,0.027004419,0.027004419,0.000000000,3,0.334900613,EXACT_FULL_NAME_VIA_VERIFIED_TRANSFER,HIGH,3b7a4bb0adc3035adc7192d78f551677ba166bfab1aa5597f37caf54b898a442,7fc70fe8575a47645834c7b574fb788c7741856733b80bc68de80ca473a9b63f,4b73468fc5b0f1950f9f66fada70ad3a4f9327cb,StatsBomb Open Data via Stage91 + Stage92 verified identity bridge,true,true,false,false,false,false,false,false
873,F. Bernardeschi,7777,Federico Bernardeschi,3879671,239,Fiorentina,2016-01-06,12,Serie A,27,2015/2016,2,2,0,0.114825130,0.114825130,0.000000000,0,0.000000000,EXACT_FULL_NAME_VIA_VERIFIED_TRANSFER,HIGH,38b2292d41642bd6dddd7fad1e724414be2668489b04649259a5ca01227ee7da,3c74346d783ba7da673fcedea58569c326bd30226a38594d0e3816b6058a1675,4b73468fc5b0f1950f9f66fada70ad3a4f9327cb,StatsBomb Open Data via Stage91 + Stage92 verified identity bridge,true,true,false,false,false,false,false,false
873,F. Bernardeschi,7777,Federico Bernardeschi,3879690,239,Fiorentina,2016-01-17,12,Serie A,27,2015/2016,2,2,0,0.099911627,0.099911627,0.000000000,1,0.051654167,EXACT_FULL_NAME_VIA_VERIFIED_TRANSFER,HIGH,72e2d11cb29284005597c81dcdf9655951b3bc0ce78c907c741dfd3d4ed6bdf2,f6c3a963124169865e3a6c233d981e310e34c8c94dd660d534cd1f1b7b170472,4b73468fc5b0f1950f9f66fada70ad3a4f9327cb,StatsBomb Open Data via Stage91 + Stage92 verified identity bridge,true,true,false,false,false,false,false,false
873,F. Bernardeschi,7777,Federico Bernardeschi,3879706,239,Fiorentina,2016-01-24,12,Serie A,27,2015/2016,4,4,0,0.285240927,0.285240927,0.000000000,1,0.014502025,EXACT_FULL_NAME_VIA_VERIFIED_TRANSFER,HIGH,edb73bebff491458b6f9dba7c866d57ddc7fcb5e945594b70c6676f704e2dfa9,602269df195b5a009d0744edf74359921e9c82a5f3c3de806060ffe918013209,4b73468fc5b0f1950f9f66fada70ad3a4f9327cb,StatsBomb Open Data via Stage91 + Stage92 verified identity bridge,true,true,false,false,false,false,false,false
873,F. Bernardeschi,7777,Federico Bernardeschi,3879716,239,Fiorentina,2016-01-31,12,Serie A,27,2015/2016,2,2,0,0.116674837,0.116674837,0.000000000,2,0.232860110,EXACT_FULL_NAME_VIA_VERIFIED_TRANSFER,HIGH,56dd42e3dc62e7b12afe2c43ef589270a8308dae9a4e08947cd477782322439c,856ba8035efb16a957a1fe8eb57905dfcce42b1ab218ec7486ebc53b0193b5ac,4b73468fc5b0f1950f9f66fada70ad3a4f9327cb,StatsBomb Open Data via Stage91 + Stage92 verified identity bridge,true,true,false,false,false,false,false,false
873,F. Bernardeschi,7777,Federico Bernardeschi,3879724,239,Fiorentina,2016-02-03,12,Serie A,27,2015/2016,1,1,0,0.019725416,0.019725416,0.000000000,0,0.000000000,EXACT_FULL_NAME_VIA_VERIFIED_TRANSFER,HIGH,bd50ee38c439a5901b17b4b434db9c99549b13e7df49dae7267b8578ee28b3ca,76c12f59d26c456570d93e8d843bf45b081f43e2de0f0d57b7099cb232021a59,4b73468fc5b0f1950f9f66fada70ad3a4f9327cb,StatsBomb Open Data via Stage91 + Stage92 verified identity bridge,true,true,false,false,false,false,false,false
873,F. Bernardeschi,7777,Federico Bernardeschi,3879728,239,Fiorentina,2016-02-06,12,Serie A,27,2015/2016,2,2,0,0.191613797,0.191613797,0.000000000,2,0.089973160,EXACT_FULL_NAME_VIA_VERIFIED_TRANSFER,HIGH,67e2e04337dd2f7d3577da6120ca54d3b6531239a310dd76cd6a59d316c1b545,dc4a9a3a925a7c6101e3f89e0ec81a9d9c4d0b5bd2585408b434808de8b1acc2,4b73468fc5b0f1950f9f66fada70ad3a4f9327cb,StatsBomb Open Data via Stage91 + Stage92 verified identity bridge,true,true,false,false,false,false,false,false
873,F. Bernardeschi,7777,Federico Bernardeschi,3879746,239,Fiorentina,2016-02-14,12,Serie A,27,2015/2016,1,1,0,0.040639054,0.040639054,0.000000000,2,0.154355044,EXACT_FULL_NAME_VIA_VERIFIED_TRANSFER,HIGH,ae672663079905102a333d6a785448f4875f20e62552badc552bbdfc4bfe2d9f,b3517a6ef31007c3236ef1a39b645966f17b46bee3598d84914f628edfc8b361,4b73468fc5b0f1950f9f66fada70ad3a4f9327cb,StatsBomb Open Data via Stage91 + Stage92 verified identity bridge,true,true,false,false,false,false,false,false
873,F. Bernardeschi,7777,Federico Bernardeschi,3879750,239,Fiorentina,2016-02-21,12,Serie A,27,2015/2016,1,1,0,0.030946665,0.030946665,0.000000000,0,0.000000000,EXACT_FULL_NAME_VIA_VERIFIED_TRANSFER,HIGH,cf7967a948d062a12a843bb3d7ff14e43b48077ded59525848225c059c675ba1,c82ca21e7ce19efc56fa684a3aad9778eb8abddd2257efe88df63416fed7a9fd,4b73468fc5b0f1950f9f66fada70ad3a4f9327cb,StatsBomb Open Data via Stage91 + Stage92 verified identity bridge,true,true,false,false,false,false,false,false
873,F. Bernardeschi,7777,Federico Bernardeschi,3879767,239,Fiorentina,2016-03-04,12,Serie A,27,2015/2016,2,2,0,0.046853475,0.046853475,0.000000000,0,0.000000000,EXACT_FULL_NAME_VIA_VERIFIED_TRANSFER,HIGH,6d3cfcb02e7ef7fcb29ebdd4643465a9ef97ba7417871bd2b22b468f359a9b31,6b5f43ac39c3a5f4e0aa9e9989645e96cd53955419c01da7d8bb472af83059b6,4b73468fc5b0f1950f9f66fada70ad3a4f9327cb,StatsBomb Open Data via Stage91 + Stage92 verified identity bridge,true,true,false,false,false,false,false,false
873,F. Bernardeschi,7777,Federico Bernardeschi,3879780,239,Fiorentina,2016-03-13,12,Serie A,27,2015/2016,1,1,0,0.032824920,0.032824920,0.000000000,1,0.033873476,EXACT_FULL_NAME_VIA_VERIFIED_TRANSFER,HIGH,cf858d26ce347694b24cfe69e46fe7eebae246d76696ddcd6819c46039622bdf,78019ad8bdb303b0956453d7b05d984ceb48ac411b1ff771f6e6856f0d28a8a2,4b73468fc5b0f1950f9f66fada70ad3a4f9327cb,StatsBomb Open Data via Stage91 + Stage92 verified identity bridge,true,true,false,false,false,false,false,false
873,F. Bernardeschi,7777,Federico Bernardeschi,3879789,239,Fiorentina,2016-03-20,12,Serie A,27,2015/2016,4,4,0,0.162500170,0.162500170,0.000000000,0,0.000000000,EXACT_FULL_NAME_VIA_VERIFIED_TRANSFER,HIGH,48914aa8402886750571980d313601b2eb82708d9c0db80651704f485744f73e,e622d6070bc38fd1764f3bc393d15f49433f1ec5ba6df2092ede53a723d05282,4b73468fc5b0f1950f9f66fada70ad3a4f9327cb,StatsBomb Open Data via Stage91 + Stage92 verified identity bridge,true,true,false,false,false,false,false,false
873,F. Bernardeschi,7777,Federico Bernardeschi,3879814,239,Fiorentina,2016-04-10,12,Serie A,27,2015/2016,2,2,0,0.143276167,0.143276167,0.000000000,4,0.329258627,EXACT_FULL_NAME_VIA_VERIFIED_TRANSFER,HIGH,7c8889e78118db8b81d70f5cbde2abf26dca24ece1edf7d9d5d27f15c36f90e7,768eb9a6cbad91b78a7cfaaabb440da4122569bdacb6b60f69f9f26ca9230f87,4b73468fc5b0f1950f9f66fada70ad3a4f9327cb,StatsBomb Open Data via Stage91 + Stage92 verified identity bridge,true,true,false,false,false,false,false,false
873,F. Bernardeschi,7777,Federico Bernardeschi,3879839,239,Fiorentina,2016-04-24,12,Serie A,27,2015/2016,2,2,0,0.430581309,0.430581309,0.000000000,2,0.060159534,EXACT_FULL_NAME_VIA_VERIFIED_TRANSFER,HIGH,033186bfb1580c44a1fa594aac32b851e3f912e8611c4cb2f2e1046e2a8fc72d,bf940bf3584097eebb2d28b7212bf868254148e1097f35566f3e93d689564e2e,4b73468fc5b0f1950f9f66fada70ad3a4f9327cb,StatsBomb Open Data via Stage91 + Stage92 verified identity bridge,true,true,false,false,false,false,false,false
873,F. Bernardeschi,7777,Federico Bernardeschi,3879848,239,Fiorentina,2016-04-30,12,Serie A,27,2015/2016,0,0,0,0.000000000,0.000000000,0.000000000,2,0.123596316,EXACT_FULL_NAME_VIA_VERIFIED_TRANSFER,HIGH,aee565feaa507f78dca7854fd3185bc071a3ba620f7339b481c69def5bb9ae9d,b8b985e177bdfd507a3d57297d3ca25cce3f7c213d3fe31cd968938c08a9925c,4b73468fc5b0f1950f9f66fada70ad3a4f9327cb,StatsBomb Open Data via Stage91 + Stage92 verified identity bridge,true,true,false,false,false,false,false,false
873,F. Bernardeschi,7777,Federico Bernardeschi,3879860,239,Fiorentina,2016-05-08,12,Serie A,27,2015/2016,3,3,0,0.087453182,0.087453182,0.000000000,4,0.737098718,EXACT_FULL_NAME_VIA_VERIFIED_TRANSFER,HIGH,1327cb992fc16c5f7ff3efb97c51d969463825c00964619859e64f66494087b6,3b0fa421af1f1a526fd3c52260a96e476b1528d9c5d4103d2af23cbda1deb480,4b73468fc5b0f1950f9f66fada70ad3a4f9327cb,StatsBomb Open Data via Stage91 + Stage92 verified identity bridge,true,true,false,false,false,false,false,false
873,F. Bernardeschi,7777,Federico Bernardeschi,3879874,239,Fiorentina,2016-05-15,12,Serie A,27,2015/2016,3,3,0,0.189871268,0.189871268,0.000000000,3,0.501837200,EXACT_FULL_NAME_VIA_VERIFIED_TRANSFER,HIGH,235ea5c14e52ff565588c0a43c91bfc30c09d2d858ea2ca2f1e5fe1d78f03426,76d89f0ad3661befc97e663a7f9afd1ad18ee9f8437a78f56c7bd6ddff2d9553,4b73468fc5b0f1950f9f66fada70ad3a4f9327cb,StatsBomb Open Data via Stage91 + Stage92 verified identity bridge,true,true,false,false,false,false,false,false
891,L. Shaw,3382,Luke Shaw,3754107,39,Manchester United,2015-08-14,2,Premier League,27,2015/2016,0,0,0,0.000000000,0.000000000,0.000000000,1,0.007038042,EXACT_FULL_NAME_VIA_VERIFIED_TRANSFER,HIGH,38d04c36ccb4d5e62b8ba47423f8852f9e175179e5c933354016ec96a117ff91,169dba4a131e9e3fc11dbaa906955de288dbddf1a6cd0ce082699e721fe05897,4b73468fc5b0f1950f9f66fada70ad3a4f9327cb,StatsBomb Open Data via Stage91 + Stage92 verified identity bridge,true,true,false,false,false,false,false,false
891,L. Shaw,3382,Luke Shaw,3754221,39,Manchester United,2015-08-30,2,Premier League,27,2015/2016,0,0,0,0.000000000,0.000000000,0.000000000,2,0.175863320,EXACT_FULL_NAME_VIA_VERIFIED_TRANSFER,HIGH,c6dd32dbe9ec2ae2971ca5e829db364c4351913ab25aacd2bcba228de9f3a69a,18a81126a58c5e3c122ebf8b4f060f89af8a366c81b03ce3a5b057dd5e4ba21b,4b73468fc5b0f1950f9f66fada70ad3a4f9327cb,StatsBomb Open Data via Stage91 + Stage92 verified identity bridge,true,true,false,false,false,false,false,false
891,L. Shaw,3382,Luke Shaw,3754254,39,Manchester United,2015-08-22,2,Premier League,27,2015/2016,1,1,0,0.092071380,0.092071380,0.000000000,1,0.026509432,EXACT_FULL_NAME_VIA_VERIFIED_TRANSFER,HIGH,4caad74600ab97eb482730d0ae8eed85510eef503d60008c94e27ffe75b674f2,f3611cb0e38c69d8954620e307a796437bb7cfbec71f2c5966cb0ab1a6be5261,4b73468fc5b0f1950f9f66fada70ad3a4f9327cb,StatsBomb Open Data via Stage91 + Stage92 verified identity bridge,true,true,false,false,false,false,false,false
891,L. Shaw,3382,Luke Shaw,3788759,768,England,2021-06-18,55,UEFA Euro,43,2020,1,1,0,0.032427795,0.032427795,0.000000000,1,0.026745433,EXACT_FULL_NAME_VIA_VERIFIED_TRANSFER,HIGH,728cb57f66f83cf2735cf06e9fb2ee5134c80e6da3f830c0eee9e48a3ccbf2c6,24e973e9f359c5a91b24cf4a57c5d95b093dc6fa02b49f86de101273891bcb65,4b73468fc5b0f1950f9f66fada70ad3a4f9327cb,StatsBomb Open Data via Stage91 + Stage92 verified identity bridge,true,true,false,false,false,false,false,false
891,L. Shaw,3382,Luke Shaw,3788772,768,England,2021-06-22,55,UEFA Euro,43,2020,0,0,0,0.000000000,0.000000000,0.000000000,2,0.165871298,EXACT_FULL_NAME_VIA_VERIFIED_TRANSFER,HIGH,69546bfa0cf2a457ece6c2401cf2aec32a66599568d1cb6b8ba4cb822a6b14ff,76d0711704fb815eb7907d53e4b279679c356ac8b931e9974dc0c849a73c33c2,4b73468fc5b0f1950f9f66fada70ad3a4f9327cb,StatsBomb Open Data via Stage91 + Stage92 verified identity bridge,true,true,false,false,false,false,false,false
891,L. Shaw,3382,Luke Shaw,3794688,768,England,2021-06-29,55,UEFA Euro,43,2020,0,0,0,0.000000000,0.000000000,0.000000000,1,0.497585400,EXACT_FULL_NAME_VIA_VERIFIED_TRANSFER,HIGH,c5d984d85c26c14ca7c3996668b0add6d60e1100651d8fd48dfb2ca1278dc3e9,1050c9a0730989bddf32f594dca840b52374632a399aad1b13be6e748da9c1a9,4b73468fc5b0f1950f9f66fada70ad3a4f9327cb,StatsBomb Open Data via Stage91 + Stage92 verified identity bridge,true,true,false,false,false,false,false,false
891,L. Shaw,3382,Luke Shaw,3795187,768,England,2021-07-03,55,UEFA Euro,43,2020,0,0,0,0.000000000,0.000000000,0.000000000,3,0.395554434,EXACT_FULL_NAME_VIA_VERIFIED_TRANSFER,HIGH,eb71e4cdca9d7f8490a1cf0742ff0ffa383a156d033b9bd8da4a503d56ce38ae,0a5de781cebf3dd86d783dafb4ca0bd5b0c3537fb338e4bbce6691921e15c347,4b73468fc5b0f1950f9f66fada70ad3a4f9327cb,StatsBomb Open Data via Stage91 + Stage92 verified identity bridge,true,true,false,false,false,false,false,false
891,L. Shaw,3382,Luke Shaw,3795221,768,England,2021-07-07,55,UEFA Euro,43,2020,0,0,0,0.000000000,0.000000000,0.000000000,1,0.049515914,EXACT_FULL_NAME_VIA_VERIFIED_TRANSFER,HIGH,701c90a546e86d28901c97b478df76880624ac8f2c41eaee60f17d182e101df3,04ba852b0bead873dd468a38bbfb20dd48b02301b7c4a3fe697be878040f0d9d,4b73468fc5b0f1950f9f66fada70ad3a4f9327cb,StatsBomb Open Data via Stage91 + Stage92 verified identity bridge,true,true,false,false,false,false,false,false
891,L. Shaw,3382,Luke Shaw,3795506,768,England,2021-07-11,55,UEFA Euro,43,2020,2,2,0,0.167811881,0.167811881,0.000000000,1,0.061429110,EXACT_FULL_NAME_VIA_VERIFIED_TRANSFER,HIGH,cee506ce0f8462b584bb1d3c032f3bafaf998cdce3846ab94aa571df3750d895,bb26e2ef8d4bb360f1c96c3eafebfff441e48941724d13a8633540654ba3cce1,4b73468fc5b0f1950f9f66fada70ad3a4f9327cb,StatsBomb Open Data via Stage91 + Stage92 verified identity bridge,true,true,false,false,false,false,false,false
891,L. Shaw,3382,Luke Shaw,3857261,768,England,2022-11-29,43,FIFA World Cup,106,2022,0,0,0,0.000000000,0.000000000,0.000000000,2,0.040906741,EXACT_FULL_NAME_VIA_VERIFIED_TRANSFER,HIGH,20ea350a8978108f0a411c60e2cae0c25c448a16121f29e6fb2f6bbd16246ffe,762c7cc4df6442de4952ecbeabdb835b9d0fb50fcb678b627d0a9283dbf9e7e1,4b73468fc5b0f1950f9f66fada70ad3a4f9327cb,StatsBomb Open Data via Stage91 + Stage92 verified identity bridge,true,true,false,false,false,false,false,false
891,L. Shaw,3382,Luke Shaw,3857271,768,England,2022-11-21,43,FIFA World Cup,106,2022,1,1,0,0.021548782,0.021548782,0.000000000,1,0.082851390,EXACT_FULL_NAME_VIA_VERIFIED_TRANSFER,HIGH,c38d6f40b13a21985730643193c76218158d7b65c2f095d7b0e8f126dd6192c4,606ee5b47cb0e629f1071e817b4e9cb0a9a48fb5851e4379cd426a92afd8c5d2,4b73468fc5b0f1950f9f66fada70ad3a4f9327cb,StatsBomb Open Data via Stage91 + Stage92 verified identity bridge,true,true,false,false,false,false,false,false
891,L. Shaw,3382,Luke Shaw,3857272,768,England,2022-11-25,43,FIFA World Cup,106,2022,0,0,0,0.000000000,0.000000000,0.000000000,2,0.156719250,EXACT_FULL_NAME_VIA_VERIFIED_TRANSFER,HIGH,c40766624ff677efe94144d3f4bd8839f388405471a0d858359b1a93a4ab78d7,f749b56c04cec2030cbb07cb421402f91393c2c7be4539a4664e0798ddc5d147,4b73468fc5b0f1950f9f66fada70ad3a4f9327cb,StatsBomb Open Data via Stage91 + Stage92 verified identity bridge,true,true,false,false,false,false,false,false
891,L. Shaw,3382,Luke Shaw,3869118,768,England,2022-12-04,43,FIFA World Cup,106,2022,0,0,0,0.000000000,0.000000000,0.000000000,2,0.161157041,EXACT_FULL_NAME_VIA_VERIFIED_TRANSFER,HIGH,2d5c73ce11e931b2a895e3d62362dbf77fab3013e623dac3898eabc45c41f144,e6d921d0bfed57c7a02d82cc7ec412a378d9f080e41ba8e7a7e71d04fd021133,4b73468fc5b0f1950f9f66fada70ad3a4f9327cb,StatsBomb Open Data via Stage91 + Stage92 verified identity bridge,true,true,false,false,false,false,false,false
891,L. Shaw,3382,Luke Shaw,3869354,768,England,2022-12-10,43,FIFA World Cup,106,2022,2,2,0,0.062845667,0.062845667,0.000000000,1,0.046397094,EXACT_FULL_NAME_VIA_VERIFIED_TRANSFER,HIGH,dba19ffb266ec57b412b2839390d49b9cf325f09a25030beeedfbd3ef23bdfb7,ff8125681456581146fd1a7fb88dfba8340d2c316a9af8a98fd954f1ba903bce,4b73468fc5b0f1950f9f66fada70ad3a4f9327cb,StatsBomb Open Data via Stage91 + Stage92 verified identity bridge,true,true,false,false,false,false,false,false
891,L. Shaw,3382,Luke Shaw,3942819,768,England,2024-07-10,55,UEFA Euro,282,2024,0,0,0,0.000000000,0.000000000,0.000000000,1,0.051446717,EXACT_FULL_NAME_VIA_VERIFIED_TRANSFER,HIGH,56ad9486394bcff0913c4c1da3ff925abd2c8775dd3d8256bc35ad099c906f5d,721bc660915e98aee8095a06fede183f22f7093ff2d93550542d43777a87daa7,4b73468fc5b0f1950f9f66fada70ad3a4f9327cb,StatsBomb Open Data via Stage91 + Stage92 verified identity bridge,true,true,false,false,false,false,false,false
902,N. Matić,3381,Nemanja Matić,3753996,33,Chelsea,2015-11-21,2,Premier League,27,2015/2016,2,2,0,0.289377922,0.289377922,0.000000000,3,0.070523850,EXACT_FULL_NAME_VIA_VERIFIED_TRANSFER,HIGH,796fab16c5da3ddf6a25b0d4b2c90d0347194c9529395bedaf5faf969e38edd5,4be1ccf50fcad04890333d0cdd27c225cd0443e667a1ea31670683ac9601ad88,4b73468fc5b0f1950f9f66fada70ad3a4f9327cb,StatsBomb Open Data via Stage91 + Stage92 verified identity bridge,true,true,false,false,false,false,false,false
902,N. Matić,3381,Nemanja Matić,3754013,33,Chelsea,2015-12-14,2,Premier League,27,2015/2016,2,2,0,0.090853623,0.090853623,0.000000000,0,0.000000000,EXACT_FULL_NAME_VIA_VERIFIED_TRANSFER,HIGH,a83a0f678743ee8c78dfb17d1e2ad161973a470dadfa3658f6aa880bf6a6dade,f793820f0b91409e49f5db2b6fae4de26622080a65f01019a5980f13f52d9290,4b73468fc5b0f1950f9f66fada70ad3a4f9327cb,StatsBomb Open Data via Stage91 + Stage92 verified identity bridge,true,true,false,false,false,false,false,false
902,N. Matić,3381,Nemanja Matić,3754019,33,Chelsea,2015-12-28,2,Premier League,27,2015/2016,3,3,0,0.289747107,0.289747107,0.000000000,0,0.000000000,EXACT_FULL_NAME_VIA_VERIFIED_TRANSFER,HIGH,365c67caf41d743b739a9407039e9e4ec63ecbf621e099db6a3234b3a97ef5e8,430dfb8b1dd929eb22b4fb12d79126c40a63a058d44077fb2fc96a5d43f46812,4b73468fc5b0f1950f9f66fada70ad3a4f9327cb,StatsBomb Open Data via Stage91 + Stage92 verified identity bridge,true,true,false,false,false,false,false,false
902,N. Matić,3381,Nemanja Matić,3754025,33,Chelsea,2015-12-19,2,Premier League,27,2015/2016,0,0,0,0.000000000,0.000000000,0.000000000,1,0.063708910,EXACT_FULL_NAME_VIA_VERIFIED_TRANSFER,HIGH,1dc342c1bff0f3e793e841dd65c68e69a39409492ed6ca408a786a858ff39f5e,52c1cfd998f81485e7ba7204c912897fd3c4f3c65693ffe0ac2be331803eb1fe,4b73468fc5b0f1950f9f66fada70ad3a4f9327cb,StatsBomb Open Data via Stage91 + Stage92 verified identity bridge,true,true,false,false,false,false,false,false
902,N. Matić,3381,Nemanja Matić,3754059,33,Chelsea,2015-08-23,2,Premier League,27,2015/2016,1,1,0,0.056344714,0.056344714,0.000000000,1,0.300497680,EXACT_FULL_NAME_VIA_VERIFIED_TRANSFER,HIGH,8d7ff5e00ebdf6327f4f6a2d0b8d364014443136c772d7e580063abe68f58c88,9b7c65613fb814618cdbfc0e46a4ab6c64d537c84d8815f529c8d53ff14edd30,4b73468fc5b0f1950f9f66fada70ad3a4f9327cb,StatsBomb Open Data via Stage91 + Stage92 verified identity bridge,true,true,false,false,false,false,false,false
902,N. Matić,3381,Nemanja Matić,3754061,33,Chelsea,2016-03-05,2,Premier League,27,2015/2016,0,0,0,0.000000000,0.000000000,0.000000000,1,0.067387930,EXACT_FULL_NAME_VIA_VERIFIED_TRANSFER,HIGH,dfcd98b675b3cfc3c62da3bf52d3f82555ebfd07ff4c4b19a272742a6377e1b3,c1ede21c2f0c34dd970867f25b2bfc61cfd8ba35d2321de3419f71eab88df947,4b73468fc5b0f1950f9f66fada70ad3a4f9327cb,StatsBomb Open Data via Stage91 + Stage92 verified identity bridge,true,true,false,false,false,false,false,false
902,N. Matić,3381,Nemanja Matić,3754066,33,Chelsea,2015-08-16,2,Premier League,27,2015/2016,1,1,0,0.083087630,0.083087630,0.000000000,0,0.000000000,EXACT_FULL_NAME_VIA_VERIFIED_TRANSFER,HIGH,69330f6488bfc754f40c1fb766feae2bf353adfff123852bb64c646bbbb0d78a,6ed1bb8fa74ae4d1733f52ab66922d07dad1a4756af0b835dea05579e7bcd1d1,4b73468fc5b0f1950f9f66fada70ad3a4f9327cb,StatsBomb Open Data via Stage91 + Stage92 verified identity bridge,true,true,false,false,false,false,false,false
902,N. Matić,3381,Nemanja Matić,3754073,33,Chelsea,2015-12-05,2,Premier League,27,2015/2016,3,3,0,0.336121275,0.336121275,0.000000000,0,0.000000000,EXACT_FULL_NAME_VIA_VERIFIED_TRANSFER,HIGH,0b67a52a13baf31f20b60dcf3d5b38b58895a314c4d806af5d6c4f214d984845,7cf2aa7667953e17e3e651e51c74f55489b731c725cb93a51741807621b7c14c,4b73468fc5b0f1950f9f66fada70ad3a4f9327cb,StatsBomb Open Data via Stage91 + Stage92 verified identity bridge,true,true,false,false,false,false,false,false
902,N. Matić,3381,Nemanja Matić,3754078,33,Chelsea,2015-08-08,2,Premier League,27,2015/2016,1,1,0,0.022756897,0.022756897,0.000000000,0,0.000000000,EXACT_FULL_NAME_VIA_VERIFIED_TRANSFER,HIGH,8a977bc65aa0e0ec33b45e9bc7b27ee47779359281f8a0cd2377cb68c0d8494c,f28e3682ec1ee88741f0827289ed88b5d52a03d125dfde18b83840bb0092d1d0,4b73468fc5b0f1950f9f66fada70ad3a4f9327cb,StatsBomb Open Data via Stage91 + Stage92 verified identity bridge,true,true,false,false,false,false,false,false
902,N. Matić,3381,Nemanja Matić,3754083,33,Chelsea,2015-08-29,2,Premier League,27,2015/2016,1,1,0,0.237448900,0.237448900,0.000000000,1,0.021316962,EXACT_FULL_NAME_VIA_VERIFIED_TRANSFER,HIGH,62d8a86fa303fbca5167e4cc9fcd691cfbf4f24f6b5d064b29f84276b904a008,e34a89d9392b06b4511fa3876ccece6e4da5a1a23b78a6ef2b7fa433729c5fe9,4b73468fc5b0f1950f9f66fada70ad3a4f9327cb,StatsBomb Open Data via Stage91 + Stage92 verified identity bridge,true,true,false,false,false,false,false,false
902,N. Matić,3381,Nemanja Matić,3754092,33,Chelsea,2016-05-02,2,Premier League,27,2015/2016,0,0,0,0.000000000,0.000000000,0.000000000,1,0.018449865,EXACT_FULL_NAME_VIA_VERIFIED_TRANSFER,HIGH,7abcf27cfd6046e5f73ee2c0b2a9c75acb5e3574573daa16e1697ea0b68b9a54,1bb8877c2078a3698497a58ac47189e4d4e4fdf02031a683d7c21c1807daf796,4b73468fc5b0f1950f9f66fada70ad3a4f9327cb,StatsBomb Open Data via Stage91 + Stage92 verified identity bridge,true,true,false,false,false,false,false,false
902,N. Matić,3381,Nemanja Matić,3754103,33,Chelsea,2016-02-03,2,Premier League,27,2015/2016,1,1,0,0.016115844,0.016115844,0.000000000,0,0.000000000,EXACT_FULL_NAME_VIA_VERIFIED_TRANSFER,HIGH,cf6bea697d9441b387072addae48c58904f1f2610420cb5591eda4d122fdc43b,d74bc9a5a92f205a4b28a696dfbc45c105c671eaa12338684e56bfcee74f05fc,4b73468fc5b0f1950f9f66fada70ad3a4f9327cb,StatsBomb Open Data via Stage91 + Stage92 verified identity bridge,true,true,false,false,false,false,false,false
902,N. Matić,3381,Nemanja Matić,3754108,33,Chelsea,2016-05-07,2,Premier League,27,2015/2016,1,1,0,0.381172300,0.381172300,0.000000000,0,0.000000000,EXACT_FULL_NAME_VIA_VERIFIED_TRANSFER,HIGH,8eff5e25a81831e0156d91105db0d8c63817772ac628ee52a9be255dd5cc45f9,0c296ddea61885e639a23b7da5c7012d5fb28176421bc6e1575f651484b3c6d3,4b73468fc5b0f1950f9f66fada70ad3a4f9327cb,StatsBomb Open Data via Stage91 + Stage92 verified identity bridge,true,true,false,false,false,false,false,false
902,N. Matić,3381,Nemanja Matić,3754111,33,Chelsea,2016-01-24,2,Premier League,27,2015/2016,1,1,0,0.083888990,0.083888990,0.000000000,0,0.000000000,EXACT_FULL_NAME_VIA_VERIFIED_TRANSFER,HIGH,299b40ac50e71e845bc8c1d9188088e31d19687b8a97cfb7ff7a93391016de7a,5acd39a094ac8516a32a65efed44ebe9878dbe78d875467d0bc1ef4b98636bb5,4b73468fc5b0f1950f9f66fada70ad3a4f9327cb,StatsBomb Open Data via Stage91 + Stage92 verified identity bridge,true,true,false,false,false,false,false,false
902,N. Matić,3381,Nemanja Matić,3754217,33,Chelsea,2015-09-19,2,Premier League,27,2015/2016,2,2,0,0.042638144,0.042638144,0.000000000,3,0.102864406,EXACT_FULL_NAME_VIA_VERIFIED_TRANSFER,HIGH,0580794a30d14b3d2139be516674cee4d42daff631ff6d439a7422b98e032ba4,b161cd8ce61e794f9672841799aeb0c36bba9077a87ef2653042730ca5f5e917,4b73468fc5b0f1950f9f66fada70ad3a4f9327cb,StatsBomb Open Data via Stage91 + Stage92 verified identity bridge,true,true,false,false,false,false,false,false
902,N. Matić,3381,Nemanja Matić,3754229,33,Chelsea,2016-05-15,2,Premier League,27,2015/2016,1,1,0,0.033987690,0.033987690,0.000000000,2,0.088671144,EXACT_FULL_NAME_VIA_VERIFIED_TRANSFER,HIGH,61fe8436b279b86eb39558c939383f0099a1742cb77b24903784e67a9831b741,abc692fd11dbc28f0e75827abbe664c554f4d7f849124c3a37111b54914717f8,4b73468fc5b0f1950f9f66fada70ad3a4f9327cb,StatsBomb Open Data via Stage91 + Stage92 verified identity bridge,true,true,false,false,false,false,false,false
902,N. Matić,3381,Nemanja Matić,3754242,33,Chelsea,2016-04-23,2,Premier League,27,2015/2016,0,0,0,0.000000000,0.000000000,0.000000000,2,0.151625165,EXACT_FULL_NAME_VIA_VERIFIED_TRANSFER,HIGH,0adc35d88a9bfec4365c77eefb574a75774693753b6ba3c29d0325e96232f62a,e4d907420ec71b37c5b1214765a567e455fe5498d3d0b313b020462f2b95b8dd,4b73468fc5b0f1950f9f66fada70ad3a4f9327cb,StatsBomb Open Data via Stage91 + Stage92 verified identity bridge,true,true,false,false,false,false,false,false
902,N. Matić,3381,Nemanja Matić,3754264,33,Chelsea,2016-02-13,2,Premier League,27,2015/2016,1,1,0,0.025694937,0.025694937,0.000000000,0,0.000000000,EXACT_FULL_NAME_VIA_VERIFIED_TRANSFER,HIGH,29ba58ee0a49d87e0cf4a1de02fbed15d7aedd7c5a439de360d2df2551abd01a,c20887b344b0243ccc91de735912e9f1fe9250bd401713b4366091035231fa4a,4b73468fc5b0f1950f9f66fada70ad3a4f9327cb,StatsBomb Open Data via Stage91 + Stage92 verified identity bridge,true,true,false,false,false,false,false,false
902,N. Matić,3381,Nemanja Matić,3754280,33,Chelsea,2016-03-01,2,Premier League,27,2015/2016,2,2,0,0.134311635,0.134311635,0.000000000,0,0.000000000,EXACT_FULL_NAME_VIA_VERIFIED_TRANSFER,HIGH,ec6885cc112f2787bb3098da6407e1f3028a35aafd0a197798b76de1df20f8a4,0dc7cc95f9a3ec734f45572053f186f5347fedc4306fc6b2080e56004665ff0f,4b73468fc5b0f1950f9f66fada70ad3a4f9327cb,StatsBomb Open Data via Stage91 + Stage92 verified identity bridge,true,true,false,false,false,false,false,false
902,N. Matić,3381,Nemanja Matić,3754281,33,Chelsea,2016-02-07,2,Premier League,27,2015/2016,2,2,0,0.065691805,0.065691805,0.000000000,0,0.000000000,EXACT_FULL_NAME_VIA_VERIFIED_TRANSFER,HIGH,f0c382b00a5fa20bb367490386674b897147488139cd14374d02e02faef8f366,ba431a62190b0cf2048349b7a7995ee348c63402227dba6e03f02e1f6c1c4feb,4b73468fc5b0f1950f9f66fada70ad3a4f9327cb,StatsBomb Open Data via Stage91 + Stage92 verified identity bridge,true,true,false,false,false,false,false,false
902,N. Matić,3381,Nemanja Matić,3754287,33,Chelsea,2015-12-26,2,Premier League,27,2015/2016,2,2,0,0.062288450,0.062288450,0.000000000,0,0.000000000,EXACT_FULL_NAME_VIA_VERIFIED_TRANSFER,HIGH,4c4b1a5bcf545ba370dac40d8884da06300dae94a14a82af8fc4c0d5ecf03ee0,0340219a80c719f830d5393f9d3f3f7fed990fc7f8ab69183e58fce9486bf9c0,4b73468fc5b0f1950f9f66fada70ad3a4f9327cb,StatsBomb Open Data via Stage91 + Stage92 verified identity bridge,true,true,false,false,false,false,false,false
902,N. Matić,3381,Nemanja Matić,3754293,33,Chelsea,2015-11-07,2,Premier League,27,2015/2016,4,4,0,0.056084472,0.056084472,0.000000000,0,0.000000000,EXACT_FULL_NAME_VIA_VERIFIED_TRANSFER,HIGH,2455bef5bf4b0b72df96cbd7f5ad831eae8376424920769261335ce73fd9a2a2,d4cc0c3292144b11363f85a6f852109af8ba5d37319a88700855457358fc4a29,4b73468fc5b0f1950f9f66fada70ad3a4f9327cb,StatsBomb Open Data via Stage91 + Stage92 verified identity bridge,true,true,false,false,false,false,false,false
902,N. Matić,3381,Nemanja Matić,3754336,33,Chelsea,2015-09-12,2,Premier League,27,2015/2016,3,3,0,0.050792493,0.050792493,0.000000000,1,0.026283957,EXACT_FULL_NAME_VIA_VERIFIED_TRANSFER,HIGH,785ad4e5e2df642f7e6d2524803563859303b1ee14bd9cee383347db16005f42,5616372b2367a94c0fa69532af1e4d94ccf188441f8452687bf9022c2784a93e,4b73468fc5b0f1950f9f66fada70ad3a4f9327cb,StatsBomb Open Data via Stage91 + Stage92 verified identity bridge,true,true,false,false,false,false,false,false
902,N. Matić,3381,Nemanja Matić,7535,786,Serbia,2018-06-17,43,FIFA World Cup,3,2018,1,1,0,0.078343830,0.078343830,0.000000000,0,0.000000000,EXACT_FULL_NAME_VIA_VERIFIED_TRANSFER,HIGH,fffc63459669777138ecc1792290b9e70bc311cb437cb0205644258cee6933c0,e406b0a768bae95a646820740c0285887f7dd3a22dab53d39930a49faea166fc,4b73468fc5b0f1950f9f66fada70ad3a4f9327cb,StatsBomb Open Data via Stage91 + Stage92 verified identity bridge,true,true,false,false,false,false,false,false
902,N. Matić,3381,Nemanja Matić,7550,786,Serbia,2018-06-22,43,FIFA World Cup,3,2018,1,1,0,0.073507890,0.073507890,0.000000000,1,0.035976026,EXACT_FULL_NAME_VIA_VERIFIED_TRANSFER,HIGH,0fd80d0b527660f263eee8fd896da2a328bf5de8597ce4114f0300f022bcdb02,470b1440b9dd3686ab56e5441848626fa1d792f0523aa07cb2827ec060ac1f03,4b73468fc5b0f1950f9f66fada70ad3a4f9327cb,StatsBomb Open Data via Stage91 + Stage92 verified identity bridge,true,true,false,false,false,false,false,false
902,N. Matić,3381,Nemanja Matić,7565,786,Serbia,2018-06-27,43,FIFA World Cup,3,2018,1,1,0,0.129004120,0.129004120,0.000000000,0,0.000000000,EXACT_FULL_NAME_VIA_VERIFIED_TRANSFER,HIGH,c3efa0706b6085e96fc7b5089c26b6c82ffbcf25dbfb2ab5e37c670c11f81d3c,1a76c49de15e9002da10e3dc06ba52f73a5da8d11a564ec6c40cb32e379e48aa,4b73468fc5b0f1950f9f66fada70ad3a4f9327cb,StatsBomb Open Data via Stage91 + Stage92 verified identity bridge,true,true,false,false,false,false,false,false
978,K. Havertz,8966,Kai Havertz,3788751,770,Germany,2021-06-15,55,UEFA Euro,43,2020,1,1,0,0.089375300,0.089375300,0.000000000,1,0.059798285,EXACT_FULL_NAME_VIA_VERIFIED_TRANSFER,HIGH,6a8054adbc6169e05b63c243dd9903d0e497d19e49ffe786f8ccd832652dba9c,5550e535d9a67dc30ec9cb1fa1e1adc2b52b57a2657f7e2023f1295b4128362b,4b73468fc5b0f1950f9f66fada70ad3a4f9327cb,StatsBomb Open Data via Stage91 + Stage92 verified identity bridge,true,true,false,false,false,false,false,false
978,K. Havertz,8966,Kai Havertz,3788764,770,Germany,2021-06-19,55,UEFA Euro,43,2020,4,4,0,1.334556112,1.334556112,0.000000000,1,0.018427081,EXACT_FULL_NAME_VIA_VERIFIED_TRANSFER,HIGH,b229513473196de8a3e62f674fb3b7561bea9167206bb4754bfddae3f1907027,3e665e48e7253f7a272f0864a6265703d837a571557b48e05533e60114547dd5,4b73468fc5b0f1950f9f66fada70ad3a4f9327cb,StatsBomb Open Data via Stage91 + Stage92 verified identity bridge,true,true,false,false,false,false,false,false
978,K. Havertz,8966,Kai Havertz,3788774,770,Germany,2021-06-23,55,UEFA Euro,43,2020,4,4,0,0.996865168,0.996865168,0.000000000,0,0.000000000,EXACT_FULL_NAME_VIA_VERIFIED_TRANSFER,HIGH,5a9a6f3777d6f4d56cc4d22243105d9ce83b441ade55ee6e7ec9f5d12a8f79d7,8e3ddec494cd1e7015ceca77f59ac3a6494839b37b5ade9cba73617b758ae14d,4b73468fc5b0f1950f9f66fada70ad3a4f9327cb,StatsBomb Open Data via Stage91 + Stage92 verified identity bridge,true,true,false,false,false,false,false,false
978,K. Havertz,8966,Kai Havertz,3794688,770,Germany,2021-06-29,55,UEFA Euro,43,2020,2,2,0,0.117257285,0.117257285,0.000000000,2,0.459201900,EXACT_FULL_NAME_VIA_VERIFIED_TRANSFER,HIGH,72f54e8136aeab2fe3ecdf0d1e411c605c2975102d6c5fd6a347ce3822867be6,1050c9a0730989bddf32f594dca840b52374632a399aad1b13be6e748da9c1a9,4b73468fc5b0f1950f9f66fada70ad3a4f9327cb,StatsBomb Open Data via Stage91 + Stage92 verified identity bridge,true,true,false,false,false,false,false,false
978,K. Havertz,8966,Kai Havertz,3857284,770,Germany,2022-11-23,43,FIFA World Cup,106,2022,0,0,0,0.000000000,0.000000000,0.000000000,1,0.028658802,EXACT_FULL_NAME_VIA_VERIFIED_TRANSFER,HIGH,363553c17f1391a99a561a934537f1a517c0375e74540cce6f190a4a09b7def8,984675db8a02f0471631995341f277a2dcf0f8cead2d45a2907f69dd2b26e184,4b73468fc5b0f1950f9f66fada70ad3a4f9327cb,StatsBomb Open Data via Stage91 + Stage92 verified identity bridge,true,true,false,false,false,false,false,false
978,K. Havertz,8966,Kai Havertz,3857292,770,Germany,2022-12-01,43,FIFA World Cup,106,2022,5,5,0,1.155300964,1.155300964,0.000000000,1,0.134079860,EXACT_FULL_NAME_VIA_VERIFIED_TRANSFER,HIGH,766919b81dd93d4fbff20d19e09094ca73d88fb9d76e331de82ac3450a69b16e,01bd2104e6e7e11fc778f8d558c2e70e1a195fc01c0162087c5c60195dc5a34d,4b73468fc5b0f1950f9f66fada70ad3a4f9327cb,StatsBomb Open Data via Stage91 + Stage92 verified identity bridge,true,true,false,false,false,false,false,false
978,K. Havertz,8966,Kai Havertz,3930158,770,Germany,2024-06-14,55,UEFA Euro,282,2024,2,1,1,0.845390993,0.061890993,0.783500000,1,0.093475190,EXACT_FULL_NAME_VIA_VERIFIED_TRANSFER,HIGH,ab5413771eef1b9da5808e0f797f65a19f6efbe8be7c35b0f3abbb735b1d96ed,957e5bc5e94225cc979d22b99d6846f040b85d5ab43b8095eff30e1a8216f02d,4b73468fc5b0f1950f9f66fada70ad3a4f9327cb,StatsBomb Open Data via Stage91 + Stage92 verified identity bridge,true,true,false,false,false,false,false,false
978,K. Havertz,8966,Kai Havertz,3930168,770,Germany,2024-06-19,55,UEFA Euro,282,2024,2,2,0,0.248625930,0.248625930,0.000000000,0,0.000000000,EXACT_FULL_NAME_VIA_VERIFIED_TRANSFER,HIGH,a4b7743079e5715976e58d204d318074ae3bf59df0291cca166825c47e806a94,d9a0e186a912b33c9fe1676fb4bb20e505cb2092e06f63a15ea5044f71be64f4,4b73468fc5b0f1950f9f66fada70ad3a4f9327cb,StatsBomb Open Data via Stage91 + Stage92 verified identity bridge,true,true,false,false,false,false,false,false
978,K. Havertz,8966,Kai Havertz,3930176,770,Germany,2024-06-23,55,UEFA Euro,282,2024,6,6,0,0.722911968,0.722911968,0.000000000,0,0.000000000,EXACT_FULL_NAME_VIA_VERIFIED_TRANSFER,HIGH,a061908c587ce3b9be9b112e827195f87c4bbb34800d96f570ef28e9989a36a2,9018ec119a65af536561536b7448c3a965ba9b03bfd7502edbb52a38b11b33be,4b73468fc5b0f1950f9f66fada70ad3a4f9327cb,StatsBomb Open Data via Stage91 + Stage92 verified identity bridge,true,true,false,false,false,false,false,false
978,K. Havertz,8966,Kai Havertz,3940983,770,Germany,2024-06-29,55,UEFA Euro,282,2024,5,4,1,1.608179130,0.824679130,0.783500000,1,0.111365720,EXACT_FULL_NAME_VIA_VERIFIED_TRANSFER,HIGH,dd0ed24187fc892f46b885fed0e4c64424ebd2be136cd3dcc951da5287241ac5,cc812d021ecf09aca781786d337dc9b7af36d79fc91686f003cceac5f02f77bd,4b73468fc5b0f1950f9f66fada70ad3a4f9327cb,StatsBomb Open Data via Stage91 + Stage92 verified identity bridge,true,true,false,false,false,false,false,false
978,K. Havertz,8966,Kai Havertz,3942226,770,Germany,2024-07-05,55,UEFA Euro,282,2024,4,4,0,0.353330656,0.353330656,0.000000000,0,0.000000000,EXACT_FULL_NAME_VIA_VERIFIED_TRANSFER,HIGH,b6b8e9bc19a365bc39d0eb67d09119c3b0df6f887a0453b0c1a78f399a8f5e29,9e62eceb78e5d5ca4498e5f9ee2b5169524f9b7bf2e42481520fbf064c20551e,4b73468fc5b0f1950f9f66fada70ad3a4f9327cb,StatsBomb Open Data via Stage91 + Stage92 verified identity bridge,true,true,false,false,false,false,false,false
979,D. Kohr,8207,Dominik Kohr,3890265,172,Augsburg,,,,,,2,2,0,0.425048210,0.425048210,0.000000000,0,0.000000000,EXACT_FULL_NAME_VIA_VERIFIED_TRANSFER,HIGH,268acf157797bbc3fa639eb4a479734ddbcd667f5baf33fd4eedfbd4b280a26e,ef0f7102c0ba5f04026b361321b69eb527293792c6ed31e01fec4653a910292d,4b73468fc5b0f1950f9f66fada70ad3a4f9327cb,StatsBomb Open Data via Stage91 + Stage92 verified identity bridge,true,true,false,false,false,false,false,false
979,D. Kohr,8207,Dominik Kohr,3890281,172,Augsburg,,,,,,1,1,0,0.005485600,0.005485600,0.000000000,0,0.000000000,EXACT_FULL_NAME_VIA_VERIFIED_TRANSFER,HIGH,0e9eed71dabbc51fa8bc293922280468d6769360c3eaef81985129e52f1db2bf,25fab6ed0e26ba136e8d2114912969c399e4aa3bea369ab68a5d91c5a42aaf7b,4b73468fc5b0f1950f9f66fada70ad3a4f9327cb,StatsBomb Open Data via Stage91 + Stage92 verified identity bridge,true,true,false,false,false,false,false,false
979,D. Kohr,8207,Dominik Kohr,3890308,172,Augsburg,,,,,,2,2,0,0.075311915,0.075311915,0.000000000,0,0.000000000,EXACT_FULL_NAME_VIA_VERIFIED_TRANSFER,HIGH,1cb1606cf4034355409db244e270300d8897e6ecbc60d494572c647718dc7f12,875cb2fd0e760ed6ab27bfa20a89094f2d053c296eb0403e5c8039c577486488,4b73468fc5b0f1950f9f66fada70ad3a4f9327cb,StatsBomb Open Data via Stage91 + Stage92 verified identity bridge,true,true,false,false,false,false,false,false
979,D. Kohr,8207,Dominik Kohr,3890314,172,Augsburg,,,,,,2,2,0,0.042052581,0.042052581,0.000000000,0,0.000000000,EXACT_FULL_NAME_VIA_VERIFIED_TRANSFER,HIGH,74ab5d5ed23212a1cec693911445dae18e956d2c909677f26a927f5bb3d0784b,7e43b07a9f9fb48b0905e0c48a961c19411b3ce3301f374f761f25936d1a0e05,4b73468fc5b0f1950f9f66fada70ad3a4f9327cb,StatsBomb Open Data via Stage91 + Stage92 verified identity bridge,true,true,false,false,false,false,false,false
979,D. Kohr,8207,Dominik Kohr,3890383,172,Augsburg,,,,,,2,2,0,0.148697080,0.148697080,0.000000000,0,0.000000000,EXACT_FULL_NAME_VIA_VERIFIED_TRANSFER,HIGH,19edb4f1bce8addebf9b50f0934be16f2cd6a70b11bb003ac68a26325e700fb9,a154e0f519193c8b729c4505b0164e52fff31366feb21ca330376aeb6607d166,4b73468fc5b0f1950f9f66fada70ad3a4f9327cb,StatsBomb Open Data via Stage91 + Stage92 verified identity bridge,true,true,false,false,false,false,false,false
979,D. Kohr,8207,Dominik Kohr,3890391,172,Augsburg,,,,,,2,2,0,0.036401911,0.036401911,0.000000000,1,0.024000032,EXACT_FULL_NAME_VIA_VERIFIED_TRANSFER,HIGH,b72123d5fea3187bfacd3ed48b68cd32e977d0fefbcc48d8660f26c03b3214c1,191f018a4bd9620c5df44a19cf95bb8966ee68e512975e415a9160b647cbb1eb,4b73468fc5b0f1950f9f66fada70ad3a4f9327cb,StatsBomb Open Data via Stage91 + Stage92 verified identity bridge,true,true,false,false,false,false,false,false
979,D. Kohr,8207,Dominik Kohr,3890402,172,Augsburg,,,,,,2,2,0,0.116296748,0.116296748,0.000000000,1,0.023393130,EXACT_FULL_NAME_VIA_VERIFIED_TRANSFER,HIGH,be0de2b61cee8fd0dd6fb0869246cfcaf34372fe950ed82763c05cfe735ab967,122d708e14a1db0521b74ad7f7b247c1a7217e6f91f8dd31f856ba6196ddb189,4b73468fc5b0f1950f9f66fada70ad3a4f9327cb,StatsBomb Open Data via Stage91 + Stage92 verified identity bridge,true,true,false,false,false,false,false,false
979,D. Kohr,8207,Dominik Kohr,3890414,172,Augsburg,,,,,,3,3,0,0.149596247,0.149596247,0.000000000,0,0.000000000,EXACT_FULL_NAME_VIA_VERIFIED_TRANSFER,HIGH,f79a8c615768aad8322f93ec6ed11716c3c97f32a41d741a98061c90b9c355be,10ad8eb2ddefebc4f16e883017ac928e5afe56984482651475e6a95ac3ce8545,4b73468fc5b0f1950f9f66fada70ad3a4f9327cb,StatsBomb Open Data via Stage91 + Stage92 verified identity bridge,true,true,false,false,false,false,false,false
979,D. Kohr,8207,Dominik Kohr,3890436,172,Augsburg,,,,,,0,0,0,0.000000000,0.000000000,0.000000000,1,0.016381014,EXACT_FULL_NAME_VIA_VERIFIED_TRANSFER,HIGH,7e8a461246ec4cc7351e7ea445abe5000cc0719cae470c199b9077c58b6e4101,6cff6b82310bc7460291a52f57685a26b6a225a3fd8fa87f7f566d45698bf2be,4b73468fc5b0f1950f9f66fada70ad3a4f9327cb,StatsBomb Open Data via Stage91 + Stage92 verified identity bridge,true,true,false,false,false,false,false,false
979,D. Kohr,8207,Dominik Kohr,3890462,172,Augsburg,,,,,,2,2,0,0.082843402,0.082843402,0.000000000,1,0.079563310,EXACT_FULL_NAME_VIA_VERIFIED_TRANSFER,HIGH,bb5f7861f4c51db1568d54176d63fad016a2ef23f7af95787124acec5aba317f,ef099f2ec1ceb76c22f2e59ba746877d213149a5bb534f712979f25262fcf14d,4b73468fc5b0f1950f9f66fada70ad3a4f9327cb,StatsBomb Open Data via Stage91 + Stage92 verified identity bridge,true,true,false,false,false,false,false,false
979,D. Kohr,8207,Dominik Kohr,3890469,172,Augsburg,,,,,,1,1,0,0.033020027,0.033020027,0.000000000,1,0.012024061,EXACT_FULL_NAME_VIA_VERIFIED_TRANSFER,HIGH,d056fc66a557eabbbce0e3827ff8d400cb81b498436830ad66ef4e505bb11025,455e3b83b3960861c7b64d3217c974d8a1e707af98a10ea3049a02b3eb140672,4b73468fc5b0f1950f9f66fada70ad3a4f9327cb,StatsBomb Open Data via Stage91 + Stage92 verified identity bridge,true,true,false,false,false,false,false,false
979,D. Kohr,8207,Dominik Kohr,3890487,172,Augsburg,,,,,,2,2,0,0.035874319,0.035874319,0.000000000,0,0.000000000,EXACT_FULL_NAME_VIA_VERIFIED_TRANSFER,HIGH,cf8ce2a8a6652b1ad39f6b554b3d6ccde01486156f0ce7c5d0157e028f6db917,d5478c60071a5ed1c095d92e190775dd9b155c4cb4bb623fd2a14bef073c2112,4b73468fc5b0f1950f9f66fada70ad3a4f9327cb,StatsBomb Open Data via Stage91 + Stage92 verified identity bridge,true,true,false,false,false,false,false,false
979,D. Kohr,8207,Dominik Kohr,3890503,172,Augsburg,,,,,,1,1,0,0.027069810,0.027069810,0.000000000,1,0.144135550,EXACT_FULL_NAME_VIA_VERIFIED_TRANSFER,HIGH,16fb7c38876385c027a24128133fc564590310db606fb505ef5e596ec727b707,480baa00f093b1daac2bad34a6e18f731a63416f918be9b33237c95f69ba5b69,4b73468fc5b0f1950f9f66fada70ad3a4f9327cb,StatsBomb Open Data via Stage91 + Stage92 verified identity bridge,true,true,false,false,false,false,false,false
979,D. Kohr,8207,Dominik Kohr,3890549,172,Augsburg,,,,,,0,0,0,0.000000000,0.000000000,0.000000000,1,0.043753374,EXACT_FULL_NAME_VIA_VERIFIED_TRANSFER,HIGH,018b15cf4f28a91ad5cf57c87f07da88e0913303b460a0e0a5aa3430b2cd58d5,b1b2c5289f0cbe135c839fc376694cac1932964aed0e8a07f9a15a4335dd9128,4b73468fc5b0f1950f9f66fada70ad3a4f9327cb,StatsBomb Open Data via Stage91 + Stage92 verified identity bridge,true,true,false,false,false,false,false,false
979,D. Kohr,8207,Dominik Kohr,3890564,172,Augsburg,,,,,,1,1,0,0.009039259,0.009039259,0.000000000,0,0.000000000,EXACT_FULL_NAME_VIA_VERIFIED_TRANSFER,HIGH,11e6f95b76494af78b1c0da52cc3139d829d0884bbb3965689750e424d373ed2,28521f9214709e412feaaf776016b478994878d0364a0ed4c0a6f2607729af6c,4b73468fc5b0f1950f9f66fada70ad3a4f9327cb,StatsBomb Open Data via Stage91 + Stage92 verified identity bridge,true,true,false,false,false,false,false,false
979,D. Kohr,8207,Dominik Kohr,3895095,177,FSV Mainz 05,2023-09-30,9,1. Bundesliga,281,2023/2024,1,1,0,0.038837012,0.038837012,0.000000000,0,0.000000000,EXACT_FULL_NAME_VIA_VERIFIED_TRANSFER,HIGH,a24150f0712c5174b0f24b31ac687a5bac1e91ac7528a0a6fecc79c1af038610,5f6d8200d5850f087450547b2755196a25e449836266a820bb55652182a44a2a,4b73468fc5b0f1950f9f66fada70ad3a4f9327cb,StatsBomb Open Data via Stage91 + Stage92 verified identity bridge,true,true,false,false,false,false,false,false
979,D. Kohr,8207,Dominik Kohr,3895250,177,FSV Mainz 05,2024-02-23,9,1. Bundesliga,281,2023/2024,2,2,0,0.259213935,0.259213935,0.000000000,0,0.000000000,EXACT_FULL_NAME_VIA_VERIFIED_TRANSFER,HIGH,9cd44bf3e38fc710ec0ac0d0ab50239beef9d6f5fd228e9fa2eb011cea673a06,a30ed91a22ef21a450b1bd0259d60ce31479b1bd95c6c3808d0d365d96c78cd1,4b73468fc5b0f1950f9f66fada70ad3a4f9327cb,StatsBomb Open Data via Stage91 + Stage92 verified identity bridge,true,true,false,false,false,false,false,false
98,B. Henrichs,8211,Benjamin Henrichs,3890472,904,Bayer Leverkusen,2016-03-02,9,1. Bundesliga,27,2015/2016,0,0,0,0.000000000,0.000000000,0.000000000,1,0.049710000,EXACT_FULL_NAME_VIA_VERIFIED_TRANSFER,HIGH,9b8e6a16bf01e7df813ca57d9a75d2fb74e8193c53fcb1c095855b44ec96a5b7,827316ab5e4b2424951d4ad938d841821bf568135379cc4d5c909df7336e3a11,4b73468fc5b0f1950f9f66fada70ad3a4f9327cb,StatsBomb Open Data via Stage91 + Stage92 verified identity bridge,true,true,false,false,false,false,false,false
98,B. Henrichs,8211,Benjamin Henrichs,3890534,904,Bayer Leverkusen,2016-04-23,9,1. Bundesliga,27,2015/2016,0,0,0,0.000000000,0.000000000,0.000000000,1,0.016041374,EXACT_FULL_NAME_VIA_VERIFIED_TRANSFER,HIGH,9814e4cb7a4a004fbcc37456a4ccb5dd5fdb5255a6e7c5c26211b632ce285d03,be515bcf888ca931e7483481a09b5e0bb0077005371582fb83e80f0be829db71,4b73468fc5b0f1950f9f66fada70ad3a4f9327cb,StatsBomb Open Data via Stage91 + Stage92 verified identity bridge,true,true,false,false,false,false,false,false
98,B. Henrichs,8211,Benjamin Henrichs,3890550,904,Bayer Leverkusen,2016-05-07,9,1. Bundesliga,27,2015/2016,0,0,0,0.000000000,0.000000000,0.000000000,1,0.061911967,EXACT_FULL_NAME_VIA_VERIFIED_TRANSFER,HIGH,e59f3ef7767e513f582efa7c4541d331b42154bcd6f203db941571eeaea11450,fed68453a217c0bcd2fdb2fe31c8018aab86a59a4ad9c048bc687bf00550c541,4b73468fc5b0f1950f9f66fada70ad3a4f9327cb,StatsBomb Open Data via Stage91 + Stage92 verified identity bridge,true,true,false,false,false,false,false,false
98,B. Henrichs,8211,Benjamin Henrichs,3895052,182,RB Leipzig,2023-08-19,9,1. Bundesliga,281,2023/2024,5,5,0,0.167161626,0.167161626,0.000000000,0,0.000000000,EXACT_FULL_NAME_VIA_VERIFIED_TRANSFER,HIGH,594e975de6beecf2422d7884a3b7fdc8f3b640a22032801029e8221af18cfb8e,5185ad903c7f4889992190cd862ee444d9d344f7c974d4c4cf777e43820083a8,4b73468fc5b0f1950f9f66fada70ad3a4f9327cb,StatsBomb Open Data via Stage91 + Stage92 verified identity bridge,true,true,false,false,false,false,false,false
98,B. Henrichs,8211,Benjamin Henrichs,3895202,182,RB Leipzig,2024-01-20,9,1. Bundesliga,281,2023/2024,1,1,0,0.187151490,0.187151490,0.000000000,0,0.000000000,EXACT_FULL_NAME_VIA_VERIFIED_TRANSFER,HIGH,b32b09ba340fdc53ac4e3a4ab1917e22965bc75e5d16e781b50b3e0532b8571a,5a2eb3e3c5ffc9c22ed67d8cb6715693dec1b6468d0193868e9f98f4992cebd0,4b73468fc5b0f1950f9f66fada70ad3a4f9327cb,StatsBomb Open Data via Stage91 + Stage92 verified identity bridge,true,true,false,false,false,false,false,false
98,B. Henrichs,8211,Benjamin Henrichs,3940983,770,Germany,2024-06-29,55,UEFA Euro,282,2024,1,1,0,0.018572439,0.018572439,0.000000000,0,0.000000000,EXACT_FULL_NAME_VIA_VERIFIED_TRANSFER,HIGH,66bdee0c7d92d521bd6ef4264836053e87922126e80f625108d283f1ed312e69,cc812d021ecf09aca781786d337dc9b7af36d79fc91686f003cceac5f02f77bd,4b73468fc5b0f1950f9f66fada70ad3a4f9327cb,StatsBomb Open Data via Stage91 + Stage92 verified identity bridge,true,true,false,false,false,false,false,false
