fixture_id,kickoff_utc,team_id,team_name,side,previous_fixture_id,previous_kickoff_utc,starting_xi_count,previous_xi_count,retained_starters,changed_in_count,changed_out_count,xi_stability_pct,xi_quality_prior,previous_xi_quality_at_same_cutoff,quality_delta_vs_previous_membership,covered_players,previous_covered_players,quality_coverage_pct,previous_quality_coverage_pct,grade_history_matches_mean,quality_status,grade_basis,temporal_authority,prematch_observation_time_known,research_only
1390035,2025-08-10T15:00:00+00:00,1025,Wolfsberger AC,AWAY,1390028,2025-08-02T15:00:00+00:00,11,11,8,3,3,72.727,5.611,5.388,0.223,8,11,72.727,100.0,1,RESEARCH_COMPONENT,STRICTLY_PRIOR_MATCH_CHRONOLOGY_FORM5_MIN30,RETROSPECTIVE_CHRONOLOGY_ONLY,NO,YES
1390043,2025-08-17T15:00:00+00:00,1025,Wolfsberger AC,HOME,1390035,2025-08-10T15:00:00+00:00,11,11,8,3,3,72.727,5.039,5.25,-0.211,10,11,90.909,100.0,1.6,RESEARCH_COMPONENT,STRICTLY_PRIOR_MATCH_CHRONOLOGY_FORM5_MIN30,RETROSPECTIVE_CHRONOLOGY_ONLY,NO,YES
1390047,2025-08-24T15:00:00+00:00,1025,Wolfsberger AC,HOME,1390043,2025-08-17T15:00:00+00:00,11,11,6,5,5,54.545,5.19,5.039,0.151,10,11,90.909,100.0,2.5,RESEARCH_COMPONENT,STRICTLY_PRIOR_MATCH_CHRONOLOGY_FORM5_MIN30,RETROSPECTIVE_CHRONOLOGY_ONLY,NO,YES
1399968,2025-08-31T15:00:00+00:00,1025,Wolfsberger AC,AWAY,1390047,2025-08-24T15:00:00+00:00,11,11,7,4,4,63.636,5.186,5.146,0.04,10,11,90.909,100.0,3,RESEARCH_COMPONENT,STRICTLY_PRIOR_MATCH_CHRONOLOGY_FORM5_MIN30,RETROSPECTIVE_CHRONOLOGY_ONLY,NO,YES
1390059,2025-09-13T15:00:00+00:00,1025,Wolfsberger AC,HOME,1399968,2025-08-31T15:00:00+00:00,11,11,8,3,3,72.727,5.396,5.383,0.013,11,11,100.0,100.0,3.091,RESEARCH_COMPONENT,STRICTLY_PRIOR_MATCH_CHRONOLOGY_FORM5_MIN30,RETROSPECTIVE_CHRONOLOGY_ONLY,NO,YES
1390061,2025-09-20T15:00:00+00:00,1025,Wolfsberger AC,AWAY,1390059,2025-09-13T15:00:00+00:00,11,11,10,1,1,90.909,5.268,5.439,-0.171,11,11,100.0,100.0,4,RESEARCH_COMPONENT,STRICTLY_PRIOR_MATCH_CHRONOLOGY_FORM5_MIN30,RETROSPECTIVE_CHRONOLOGY_ONLY,NO,YES
1390070,2025-09-27T15:00:00+00:00,1025,Wolfsberger AC,HOME,1390061,2025-09-20T15:00:00+00:00,11,11,10,1,1,90.909,5.173,5.227,-0.054,11,11,100.0,100.0,4.364,RESEARCH_COMPONENT,STRICTLY_PRIOR_MATCH_CHRONOLOGY_FORM5_MIN30,RETROSPECTIVE_CHRONOLOGY_ONLY,NO,YES
1390075,2025-10-04T15:00:00+00:00,1025,Wolfsberger AC,AWAY,1390070,2025-09-27T15:00:00+00:00,11,11,9,2,2,81.818,5.193,5.17,0.023,11,11,100.0,100.0,4.909,RESEARCH_COMPONENT,STRICTLY_PRIOR_MATCH_CHRONOLOGY_FORM5_MIN30,RETROSPECTIVE_CHRONOLOGY_ONLY,NO,YES
1390083,2025-10-18T15:00:00+00:00,1025,Wolfsberger AC,HOME,1390075,2025-10-04T15:00:00+00:00,11,11,10,1,1,90.909,5.304,5.294,0.01,11,11,100.0,100.0,5,RESEARCH_COMPONENT,STRICTLY_PRIOR_MATCH_CHRONOLOGY_FORM5_MIN30,RETROSPECTIVE_CHRONOLOGY_ONLY,NO,YES
1390084,2025-10-26T13:30:00+00:00,1025,Wolfsberger AC,AWAY,1390083,2025-10-18T15:00:00+00:00,11,11,11,0,0,100.0,5.312,5.312,0.0,11,11,100.0,100.0,5,RESEARCH_COMPONENT,STRICTLY_PRIOR_MATCH_CHRONOLOGY_FORM5_MIN30,RETROSPECTIVE_CHRONOLOGY_ONLY,NO,YES
1390090,2025-11-02T13:30:00+00:00,1025,Wolfsberger AC,HOME,1390084,2025-10-26T13:30:00+00:00,11,11,11,0,0,100.0,5.319,5.319,0.0,11,11,100.0,100.0,5,RESEARCH_COMPONENT,STRICTLY_PRIOR_MATCH_CHRONOLOGY_FORM5_MIN30,RETROSPECTIVE_CHRONOLOGY_ONLY,NO,YES
1390100,2025-11-08T16:00:00+00:00,1025,Wolfsberger AC,HOME,1390090,2025-11-02T13:30:00+00:00,11,11,9,2,2,81.818,5.424,5.389,0.035,10,11,90.909,100.0,5,RESEARCH_COMPONENT,STRICTLY_PRIOR_MATCH_CHRONOLOGY_FORM5_MIN30,RETROSPECTIVE_CHRONOLOGY_ONLY,NO,YES
1390105,2025-11-22T16:00:00+00:00,1025,Wolfsberger AC,AWAY,1390100,2025-11-08T16:00:00+00:00,11,11,8,3,3,72.727,5.54,5.566,-0.026,11,11,100.0,100.0,4.455,RESEARCH_COMPONENT,STRICTLY_PRIOR_MATCH_CHRONOLOGY_FORM5_MIN30,RETROSPECTIVE_CHRONOLOGY_ONLY,NO,YES
1390113,2025-11-29T16:00:00+00:00,1025,Wolfsberger AC,AWAY,1390105,2025-11-22T16:00:00+00:00,11,11,8,3,3,72.727,5.431,5.549,-0.118,11,11,100.0,100.0,4.909,RESEARCH_COMPONENT,STRICTLY_PRIOR_MATCH_CHRONOLOGY_FORM5_MIN30,RETROSPECTIVE_CHRONOLOGY_ONLY,NO,YES
1390119,2025-12-07T13:30:00+00:00,1025,Wolfsberger AC,HOME,1390113,2025-11-29T16:00:00+00:00,11,11,6,5,5,54.545,5.461,5.369,0.092,11,11,100.0,100.0,4.727,RESEARCH_COMPONENT,STRICTLY_PRIOR_MATCH_CHRONOLOGY_FORM5_MIN30,RETROSPECTIVE_CHRONOLOGY_ONLY,NO,YES
1390125,2025-12-14T13:30:00+00:00,1025,Wolfsberger AC,AWAY,1390119,2025-12-07T13:30:00+00:00,11,11,9,2,2,81.818,5.182,5.464,-0.282,11,11,100.0,100.0,4.818,RESEARCH_COMPONENT,STRICTLY_PRIOR_MATCH_CHRONOLOGY_FORM5_MIN30,RETROSPECTIVE_CHRONOLOGY_ONLY,NO,YES
1390126,2026-02-08T13:30:00+00:00,1025,Wolfsberger AC,HOME,1390125,2025-12-14T13:30:00+00:00,11,11,7,4,4,63.636,5.298,5.178,0.12,11,11,100.0,100.0,4.818,RESEARCH_COMPONENT,STRICTLY_PRIOR_MATCH_CHRONOLOGY_FORM5_MIN30,RETROSPECTIVE_CHRONOLOGY_ONLY,NO,YES
1390137,2026-02-15T13:30:00+00:00,1025,Wolfsberger AC,AWAY,1390126,2026-02-08T13:30:00+00:00,11,11,9,2,2,81.818,5.367,5.327,0.04,11,11,100.0,100.0,4.909,RESEARCH_COMPONENT,STRICTLY_PRIOR_MATCH_CHRONOLOGY_FORM5_MIN30,RETROSPECTIVE_CHRONOLOGY_ONLY,NO,YES
1390140,2026-02-21T16:00:00+00:00,1025,Wolfsberger AC,AWAY,1390137,2026-02-15T13:30:00+00:00,11,11,7,4,4,63.636,5.328,5.328,0.0,11,11,100.0,100.0,5,RESEARCH_COMPONENT,STRICTLY_PRIOR_MATCH_CHRONOLOGY_FORM5_MIN30,RETROSPECTIVE_CHRONOLOGY_ONLY,NO,YES
1390145,2026-03-01T16:00:00+00:00,1025,Wolfsberger AC,HOME,1390140,2026-02-21T16:00:00+00:00,11,11,8,3,3,72.727,5.365,5.321,0.044,10,11,90.909,100.0,5,RESEARCH_COMPONENT,STRICTLY_PRIOR_MATCH_CHRONOLOGY_FORM5_MIN30,RETROSPECTIVE_CHRONOLOGY_ONLY,NO,YES
1390150,2026-03-08T16:00:00+00:00,1025,Wolfsberger AC,AWAY,1390145,2026-03-01T16:00:00+00:00,11,11,10,1,1,90.909,5.147,5.231,-0.084,11,11,100.0,100.0,4.636,RESEARCH_COMPONENT,STRICTLY_PRIOR_MATCH_CHRONOLOGY_FORM5_MIN30,RETROSPECTIVE_CHRONOLOGY_ONLY,NO,YES
1531168,2026-03-14T16:00:00+00:00,1025,Wolfsberger AC,AWAY,1390150,2026-03-08T16:00:00+00:00,11,11,8,3,3,72.727,5.196,5.078,0.118,11,11,100.0,100.0,5,RESEARCH_COMPONENT,STRICTLY_PRIOR_MATCH_CHRONOLOGY_FORM5_MIN30,RETROSPECTIVE_CHRONOLOGY_ONLY,NO,YES
1531262,2026-03-21T16:00:00+00:00,1025,Wolfsberger AC,HOME,1531168,2026-03-14T16:00:00+00:00,11,11,6,5,5,54.545,4.955,5.148,-0.193,11,11,100.0,100.0,4.364,RESEARCH_COMPONENT,STRICTLY_PRIOR_MATCH_CHRONOLOGY_FORM5_MIN30,RETROSPECTIVE_CHRONOLOGY_ONLY,NO,YES
1531265,2026-04-04T15:00:00+00:00,1025,Wolfsberger AC,AWAY,1531262,2026-03-21T16:00:00+00:00,11,11,11,0,0,100.0,4.936,4.936,0.0,11,11,100.0,100.0,4.545,RESEARCH_COMPONENT,STRICTLY_PRIOR_MATCH_CHRONOLOGY_FORM5_MIN30,RETROSPECTIVE_CHRONOLOGY_ONLY,NO,YES
1531267,2026-04-11T15:00:00+00:00,1025,Wolfsberger AC,HOME,1531265,2026-04-04T15:00:00+00:00,11,11,8,3,3,72.727,5.087,5.004,0.083,11,11,100.0,100.0,4.818,RESEARCH_COMPONENT,STRICTLY_PRIOR_MATCH_CHRONOLOGY_FORM5_MIN30,RETROSPECTIVE_CHRONOLOGY_ONLY,NO,YES
1531271,2026-04-18T15:00:00+00:00,1025,Wolfsberger AC,HOME,1531267,2026-04-11T15:00:00+00:00,11,11,8,3,3,72.727,4.976,4.994,-0.018,10,11,90.909,100.0,5,RESEARCH_COMPONENT,STRICTLY_PRIOR_MATCH_CHRONOLOGY_FORM5_MIN30,RETROSPECTIVE_CHRONOLOGY_ONLY,NO,YES
1531273,2026-04-21T16:30:00+00:00,1025,Wolfsberger AC,AWAY,1531271,2026-04-18T15:00:00+00:00,11,11,9,2,2,81.818,4.954,4.951,0.003,10,10,90.909,90.909,5,RESEARCH_COMPONENT,STRICTLY_PRIOR_MATCH_CHRONOLOGY_FORM5_MIN30,RETROSPECTIVE_CHRONOLOGY_ONLY,NO,YES
1531277,2026-04-25T15:00:00+00:00,1025,Wolfsberger AC,HOME,1531273,2026-04-21T16:30:00+00:00,11,11,7,4,4,63.636,5.01,4.962,0.048,11,10,100.0,90.909,5,RESEARCH_COMPONENT,STRICTLY_PRIOR_MATCH_CHRONOLOGY_FORM5_MIN30,RETROSPECTIVE_CHRONOLOGY_ONLY,NO,YES
1531280,2026-05-04T16:30:00+00:00,1025,Wolfsberger AC,AWAY,1531277,2026-04-25T15:00:00+00:00,11,11,11,0,0,100.0,4.99,4.99,0.0,11,11,100.0,100.0,5,RESEARCH_COMPONENT,STRICTLY_PRIOR_MATCH_CHRONOLOGY_FORM5_MIN30,RETROSPECTIVE_CHRONOLOGY_ONLY,NO,YES
1531282,2026-05-09T15:00:00+00:00,1025,Wolfsberger AC,AWAY,1531280,2026-05-04T16:30:00+00:00,11,11,8,3,3,72.727,4.928,4.966,-0.038,11,11,100.0,100.0,5,RESEARCH_COMPONENT,STRICTLY_PRIOR_MATCH_CHRONOLOGY_FORM5_MIN30,RETROSPECTIVE_CHRONOLOGY_ONLY,NO,YES
1531286,2026-05-16T15:00:00+00:00,1025,Wolfsberger AC,HOME,1531282,2026-05-09T15:00:00+00:00,11,11,6,5,5,54.545,5.215,4.904,0.311,11,11,100.0,100.0,4.727,RESEARCH_COMPONENT,STRICTLY_PRIOR_MATCH_CHRONOLOGY_FORM5_MIN30,RETROSPECTIVE_CHRONOLOGY_ONLY,NO,YES
1545407,2026-05-19T16:30:00+00:00,1025,Wolfsberger AC,AWAY,1531286,2026-05-16T15:00:00+00:00,11,11,8,3,3,72.727,5.078,5.24,-0.162,11,11,100.0,100.0,5,RESEARCH_COMPONENT,STRICTLY_PRIOR_MATCH_CHRONOLOGY_FORM5_MIN30,RETROSPECTIVE_CHRONOLOGY_ONLY,NO,YES
1390036,2025-08-10T15:00:00+00:00,1026,Lask Linz,AWAY,1390027,2025-08-01T18:30:00+00:00,11,11,10,1,1,90.909,5.101,5.062,0.039,10,11,90.909,100.0,1,RESEARCH_COMPONENT,STRICTLY_PRIOR_MATCH_CHRONOLOGY_FORM5_MIN30,RETROSPECTIVE_CHRONOLOGY_ONLY,NO,YES
1390042,2025-08-17T15:00:00+00:00,1026,Lask Linz,HOME,1390036,2025-08-10T15:00:00+00:00,11,11,8,3,3,72.727,5.083,5.222,-0.139,9,11,81.818,100.0,1.889,RESEARCH_COMPONENT,STRICTLY_PRIOR_MATCH_CHRONOLOGY_FORM5_MIN30,RETROSPECTIVE_CHRONOLOGY_ONLY,NO,YES
1390045,2025-08-23T15:00:00+00:00,1026,Lask Linz,AWAY,1390042,2025-08-17T15:00:00+00:00,11,11,11,0,0,100.0,5.135,5.135,0.0,11,11,100.0,100.0,2.545,RESEARCH_COMPONENT,STRICTLY_PRIOR_MATCH_CHRONOLOGY_FORM5_MIN30,RETROSPECTIVE_CHRONOLOGY_ONLY,NO,YES
1390051,2025-08-30T15:00:00+00:00,1026,Lask Linz,HOME,1390045,2025-08-23T15:00:00+00:00,11,11,7,4,4,63.636,5.005,5.008,-0.003,9,11,81.818,100.0,3.333,RESEARCH_COMPONENT,STRICTLY_PRIOR_MATCH_CHRONOLOGY_FORM5_MIN30,RETROSPECTIVE_CHRONOLOGY_ONLY,NO,YES
1390055,2025-09-13T15:00:00+00:00,1026,Lask Linz,AWAY,1390051,2025-08-30T15:00:00+00:00,11,11,7,4,4,63.636,4.955,5.053,-0.098,11,11,100.0,100.0,3,RESEARCH_COMPONENT,STRICTLY_PRIOR_MATCH_CHRONOLOGY_FORM5_MIN30,RETROSPECTIVE_CHRONOLOGY_ONLY,NO,YES
1390063,2025-09-21T12:30:00+00:00,1026,Lask Linz,HOME,1390055,2025-09-13T15:00:00+00:00,11,11,7,4,4,63.636,4.964,4.885,0.079,10,11,90.909,100.0,4.3,RESEARCH_COMPONENT,STRICTLY_PRIOR_MATCH_CHRONOLOGY_FORM5_MIN30,RETROSPECTIVE_CHRONOLOGY_ONLY,NO,YES
1390070,2025-09-27T15:00:00+00:00,1026,Lask Linz,AWAY,1390063,2025-09-21T12:30:00+00:00,11,11,8,3,3,72.727,5.246,5.064,0.182,11,11,100.0,100.0,4.727,RESEARCH_COMPONENT,STRICTLY_PRIOR_MATCH_CHRONOLOGY_FORM5_MIN30,RETROSPECTIVE_CHRONOLOGY_ONLY,NO,YES
1390077,2025-10-05T12:30:00+00:00,1026,Lask Linz,HOME,1390070,2025-09-27T15:00:00+00:00,11,11,7,4,4,63.636,5.033,5.154,-0.121,10,11,90.909,100.0,4,RESEARCH_COMPONENT,STRICTLY_PRIOR_MATCH_CHRONOLOGY_FORM5_MIN30,RETROSPECTIVE_CHRONOLOGY_ONLY,NO,YES
1390082,2025-10-19T15:00:00+00:00,1026,Lask Linz,AWAY,1390077,2025-10-05T12:30:00+00:00,11,11,6,5,5,54.545,5.214,5.174,0.04,11,11,100.0,100.0,4.727,RESEARCH_COMPONENT,STRICTLY_PRIOR_MATCH_CHRONOLOGY_FORM5_MIN30,RETROSPECTIVE_CHRONOLOGY_ONLY,NO,YES
1390088,2025-10-25T15:00:00+00:00,1026,Lask Linz,HOME,1390082,2025-10-19T15:00:00+00:00,11,11,11,0,0,100.0,5.178,5.178,0.0,11,11,100.0,100.0,4.909,RESEARCH_COMPONENT,STRICTLY_PRIOR_MATCH_CHRONOLOGY_FORM5_MIN30,RETROSPECTIVE_CHRONOLOGY_ONLY,NO,YES
1390091,2025-11-01T16:00:00+00:00,1026,Lask Linz,AWAY,1390088,2025-10-25T15:00:00+00:00,11,11,11,0,0,100.0,5.159,5.159,0.0,11,11,100.0,100.0,5,RESEARCH_COMPONENT,STRICTLY_PRIOR_MATCH_CHRONOLOGY_FORM5_MIN30,RETROSPECTIVE_CHRONOLOGY_ONLY,NO,YES
1390099,2025-11-09T13:30:00+00:00,1026,Lask Linz,HOME,1390091,2025-11-01T16:00:00+00:00,11,11,11,0,0,100.0,5.134,5.134,0.0,11,11,100.0,100.0,5,RESEARCH_COMPONENT,STRICTLY_PRIOR_MATCH_CHRONOLOGY_FORM5_MIN30,RETROSPECTIVE_CHRONOLOGY_ONLY,NO,YES
1390102,2025-11-23T13:30:00+00:00,1026,Lask Linz,AWAY,1390099,2025-11-09T13:30:00+00:00,11,11,11,0,0,100.0,5.124,5.124,0.0,11,11,100.0,100.0,5,RESEARCH_COMPONENT,STRICTLY_PRIOR_MATCH_CHRONOLOGY_FORM5_MIN30,RETROSPECTIVE_CHRONOLOGY_ONLY,NO,YES
1390111,2025-11-30T16:00:00+00:00,1026,Lask Linz,HOME,1390102,2025-11-23T13:30:00+00:00,11,11,11,0,0,100.0,5.161,5.161,0.0,11,11,100.0,100.0,5,RESEARCH_COMPONENT,STRICTLY_PRIOR_MATCH_CHRONOLOGY_FORM5_MIN30,RETROSPECTIVE_CHRONOLOGY_ONLY,NO,YES
1390117,2025-12-06T16:00:00+00:00,1026,Lask Linz,AWAY,1390111,2025-11-30T16:00:00+00:00,11,11,11,0,0,100.0,5.176,5.176,0.0,11,11,100.0,100.0,5,RESEARCH_COMPONENT,STRICTLY_PRIOR_MATCH_CHRONOLOGY_FORM5_MIN30,RETROSPECTIVE_CHRONOLOGY_ONLY,NO,YES
1390121,2025-12-13T16:00:00+00:00,1026,Lask Linz,AWAY,1390117,2025-12-06T16:00:00+00:00,11,11,9,2,2,81.818,5.227,5.238,-0.011,11,11,100.0,100.0,4.636,RESEARCH_COMPONENT,STRICTLY_PRIOR_MATCH_CHRONOLOGY_FORM5_MIN30,RETROSPECTIVE_CHRONOLOGY_ONLY,NO,YES
1390129,2026-02-07T16:00:00+00:00,1026,Lask Linz,HOME,1390121,2025-12-13T16:00:00+00:00,11,11,8,3,3,72.727,5.307,5.284,0.023,11,11,100.0,100.0,4.818,RESEARCH_COMPONENT,STRICTLY_PRIOR_MATCH_CHRONOLOGY_FORM5_MIN30,RETROSPECTIVE_CHRONOLOGY_ONLY,NO,YES
1390135,2026-02-14T16:00:00+00:00,1026,Lask Linz,AWAY,1390129,2026-02-07T16:00:00+00:00,11,11,10,1,1,90.909,5.207,5.297,-0.09,11,11,100.0,100.0,4.909,RESEARCH_COMPONENT,STRICTLY_PRIOR_MATCH_CHRONOLOGY_FORM5_MIN30,RETROSPECTIVE_CHRONOLOGY_ONLY,NO,YES
1390142,2026-02-22T16:00:00+00:00,1026,Lask Linz,HOME,1390135,2026-02-14T16:00:00+00:00,11,11,9,2,2,81.818,5.188,5.187,0.001,11,11,100.0,100.0,4.818,RESEARCH_COMPONENT,STRICTLY_PRIOR_MATCH_CHRONOLOGY_FORM5_MIN30,RETROSPECTIVE_CHRONOLOGY_ONLY,NO,YES
1390147,2026-03-01T16:00:00+00:00,1026,Lask Linz,AWAY,1390142,2026-02-22T16:00:00+00:00,11,11,9,2,2,81.818,5.328,5.223,0.105,11,11,100.0,100.0,5,RESEARCH_COMPONENT,STRICTLY_PRIOR_MATCH_CHRONOLOGY_FORM5_MIN30,RETROSPECTIVE_CHRONOLOGY_ONLY,NO,YES
1390150,2026-03-08T16:00:00+00:00,1026,Lask Linz,HOME,1390147,2026-03-01T16:00:00+00:00,11,11,9,2,2,81.818,5.282,5.267,0.015,11,11,100.0,100.0,4.909,RESEARCH_COMPONENT,STRICTLY_PRIOR_MATCH_CHRONOLOGY_FORM5_MIN30,RETROSPECTIVE_CHRONOLOGY_ONLY,NO,YES
1531166,2026-03-13T18:30:00+00:00,1026,Lask Linz,HOME,1390150,2026-03-08T16:00:00+00:00,11,11,9,2,2,81.818,5.286,5.248,0.038,11,11,100.0,100.0,5,RESEARCH_COMPONENT,STRICTLY_PRIOR_MATCH_CHRONOLOGY_FORM5_MIN30,RETROSPECTIVE_CHRONOLOGY_ONLY,NO,YES
1531235,2026-03-22T16:00:00+00:00,1026,Lask Linz,AWAY,1531166,2026-03-13T18:30:00+00:00,11,11,9,2,2,81.818,5.073,5.228,-0.155,11,11,100.0,100.0,4.909,RESEARCH_COMPONENT,STRICTLY_PRIOR_MATCH_CHRONOLOGY_FORM5_MIN30,RETROSPECTIVE_CHRONOLOGY_ONLY,NO,YES
1531237,2026-04-05T12:30:00+00:00,1026,Lask Linz,HOME,1531235,2026-03-22T16:00:00+00:00,11,11,7,4,4,63.636,5.282,5.125,0.157,11,11,100.0,100.0,5,RESEARCH_COMPONENT,STRICTLY_PRIOR_MATCH_CHRONOLOGY_FORM5_MIN30,RETROSPECTIVE_CHRONOLOGY_ONLY,NO,YES
1531239,2026-04-10T17:30:00+00:00,1026,Lask Linz,AWAY,1531237,2026-04-05T12:30:00+00:00,11,11,11,0,0,100.0,5.499,5.499,0.0,11,11,100.0,100.0,5,RESEARCH_COMPONENT,STRICTLY_PRIOR_MATCH_CHRONOLOGY_FORM5_MIN30,RETROSPECTIVE_CHRONOLOGY_ONLY,NO,YES
1531244,2026-04-19T15:00:00+00:00,1026,Lask Linz,HOME,1531239,2026-04-10T17:30:00+00:00,11,11,11,0,0,100.0,5.445,5.445,0.0,11,11,100.0,100.0,5,RESEARCH_COMPONENT,STRICTLY_PRIOR_MATCH_CHRONOLOGY_FORM5_MIN30,RETROSPECTIVE_CHRONOLOGY_ONLY,NO,YES
1531247,2026-04-22T18:30:00+00:00,1026,Lask Linz,AWAY,1531244,2026-04-19T15:00:00+00:00,11,11,11,0,0,100.0,5.498,5.498,0.0,11,11,100.0,100.0,5,RESEARCH_COMPONENT,STRICTLY_PRIOR_MATCH_CHRONOLOGY_FORM5_MIN30,RETROSPECTIVE_CHRONOLOGY_ONLY,NO,YES
1531248,2026-04-26T12:30:00+00:00,1026,Lask Linz,AWAY,1531247,2026-04-22T18:30:00+00:00,11,11,8,3,3,72.727,5.242,5.395,-0.153,11,11,100.0,100.0,5,RESEARCH_COMPONENT,STRICTLY_PRIOR_MATCH_CHRONOLOGY_FORM5_MIN30,RETROSPECTIVE_CHRONOLOGY_ONLY,NO,YES
1531252,2026-05-04T18:30:00+00:00,1026,Lask Linz,HOME,1531248,2026-04-26T12:30:00+00:00,11,11,8,3,3,72.727,5.247,5.301,-0.054,11,11,100.0,100.0,5,RESEARCH_COMPONENT,STRICTLY_PRIOR_MATCH_CHRONOLOGY_FORM5_MIN30,RETROSPECTIVE_CHRONOLOGY_ONLY,NO,YES
1531255,2026-05-10T15:00:00+00:00,1026,Lask Linz,HOME,1531252,2026-05-04T18:30:00+00:00,11,11,10,1,1,90.909,5.15,5.037,0.113,11,11,100.0,100.0,5,RESEARCH_COMPONENT,STRICTLY_PRIOR_MATCH_CHRONOLOGY_FORM5_MIN30,RETROSPECTIVE_CHRONOLOGY_ONLY,NO,YES
1531257,2026-05-17T12:30:00+00:00,1026,Lask Linz,AWAY,1531255,2026-05-10T15:00:00+00:00,11,11,9,2,2,81.818,5.025,5.064,-0.039,11,11,100.0,100.0,5,RESEARCH_COMPONENT,STRICTLY_PRIOR_MATCH_CHRONOLOGY_FORM5_MIN30,RETROSPECTIVE_CHRONOLOGY_ONLY,NO,YES
1390033,2025-08-09T15:00:00+00:00,1028,Ried,AWAY,1390029,2025-08-02T17:30:00+00:00,11,11,10,1,1,90.909,4.934,4.883,0.051,10,11,90.909,100.0,1,RESEARCH_COMPONENT,STRICTLY_PRIOR_MATCH_CHRONOLOGY_FORM5_MIN30,RETROSPECTIVE_CHRONOLOGY_ONLY,NO,YES
1390040,2025-08-16T17:30:00+00:00,1028,Ried,HOME,1390033,2025-08-09T15:00:00+00:00,11,11,9,2,2,81.818,4.753,4.755,-0.002,11,11,100.0,100.0,1.727,RESEARCH_COMPONENT,STRICTLY_PRIOR_MATCH_CHRONOLOGY_FORM5_MIN30,RETROSPECTIVE_CHRONOLOGY_ONLY,NO,YES
1390044,2025-08-23T15:00:00+00:00,1028,Ried,AWAY,1390040,2025-08-16T17:30:00+00:00,11,11,10,1,1,90.909,4.76,4.821,-0.061,11,11,100.0,100.0,2.636,RESEARCH_COMPONENT,STRICTLY_PRIOR_MATCH_CHRONOLOGY_FORM5_MIN30,RETROSPECTIVE_CHRONOLOGY_ONLY,NO,YES
1390051,2025-08-30T15:00:00+00:00,1028,Ried,AWAY,1390044,2025-08-23T15:00:00+00:00,11,11,11,0,0,100.0,4.881,4.881,0.0,11,11,100.0,100.0,3.636,RESEARCH_COMPONENT,STRICTLY_PRIOR_MATCH_CHRONOLOGY_FORM5_MIN30,RETROSPECTIVE_CHRONOLOGY_ONLY,NO,YES
1390060,2025-09-14T12:30:00+00:00,1028,Ried,HOME,1390051,2025-08-30T15:00:00+00:00,11,11,8,3,3,72.727,4.826,4.885,-0.059,8,11,72.727,100.0,4.625,RESEARCH_COMPONENT,STRICTLY_PRIOR_MATCH_CHRONOLOGY_FORM5_MIN30,RETROSPECTIVE_CHRONOLOGY_ONLY,NO,YES
1390065,2025-09-20T15:00:00+00:00,1028,Ried,AWAY,1390060,2025-09-14T12:30:00+00:00,11,11,8,3,3,72.727,4.996,4.84,0.156,11,11,100.0,100.0,4.818,RESEARCH_COMPONENT,STRICTLY_PRIOR_MATCH_CHRONOLOGY_FORM5_MIN30,RETROSPECTIVE_CHRONOLOGY_ONLY,NO,YES
1390069,2025-09-27T15:00:00+00:00,1028,Ried,HOME,1390065,2025-09-20T15:00:00+00:00,11,11,11,0,0,100.0,5.061,5.061,0.0,11,11,100.0,100.0,5,RESEARCH_COMPONENT,STRICTLY_PRIOR_MATCH_CHRONOLOGY_FORM5_MIN30,RETROSPECTIVE_CHRONOLOGY_ONLY,NO,YES
1390078,2025-10-04T15:00:00+00:00,1028,Ried,HOME,1390069,2025-09-27T15:00:00+00:00,11,11,11,0,0,100.0,5.069,5.069,0.0,11,11,100.0,100.0,5,RESEARCH_COMPONENT,STRICTLY_PRIOR_MATCH_CHRONOLOGY_FORM5_MIN30,RETROSPECTIVE_CHRONOLOGY_ONLY,NO,YES
1390083,2025-10-18T15:00:00+00:00,1028,Ried,AWAY,1390078,2025-10-04T15:00:00+00:00,11,11,9,2,2,81.818,4.993,5.02,-0.027,11,11,100.0,100.0,4.636,RESEARCH_COMPONENT,STRICTLY_PRIOR_MATCH_CHRONOLOGY_FORM5_MIN30,RETROSPECTIVE_CHRONOLOGY_ONLY,NO,YES
1390089,2025-10-26T13:30:00+00:00,1028,Ried,HOME,1390083,2025-10-18T15:00:00+00:00,11,11,9,2,2,81.818,5.036,5.055,-0.019,11,11,100.0,100.0,4.364,RESEARCH_COMPONENT,STRICTLY_PRIOR_MATCH_CHRONOLOGY_FORM5_MIN30,RETROSPECTIVE_CHRONOLOGY_ONLY,NO,YES
1390092,2025-11-02T13:30:00+00:00,1028,Ried,AWAY,1390089,2025-10-26T13:30:00+00:00,11,11,9,2,2,81.818,4.966,4.918,0.048,11,11,100.0,100.0,5,RESEARCH_COMPONENT,STRICTLY_PRIOR_MATCH_CHRONOLOGY_FORM5_MIN30,RETROSPECTIVE_CHRONOLOGY_ONLY,NO,YES
1390101,2025-11-08T16:00:00+00:00,1028,Ried,HOME,1390092,2025-11-02T13:30:00+00:00,11,11,9,2,2,81.818,4.893,4.913,-0.02,11,11,100.0,100.0,4.636,RESEARCH_COMPONENT,STRICTLY_PRIOR_MATCH_CHRONOLOGY_FORM5_MIN30,RETROSPECTIVE_CHRONOLOGY_ONLY,NO,YES
1390106,2025-11-22T16:00:00+00:00,1028,Ried,AWAY,1390101,2025-11-08T16:00:00+00:00,11,11,10,1,1,90.909,4.928,4.919,0.009,11,11,100.0,100.0,4.909,RESEARCH_COMPONENT,STRICTLY_PRIOR_MATCH_CHRONOLOGY_FORM5_MIN30,RETROSPECTIVE_CHRONOLOGY_ONLY,NO,YES
1390113,2025-11-29T16:00:00+00:00,1028,Ried,HOME,1390106,2025-11-22T16:00:00+00:00,11,11,10,1,1,90.909,4.995,4.967,0.028,11,11,100.0,100.0,4.909,RESEARCH_COMPONENT,STRICTLY_PRIOR_MATCH_CHRONOLOGY_FORM5_MIN30,RETROSPECTIVE_CHRONOLOGY_ONLY,NO,YES
1390115,2025-12-06T16:00:00+00:00,1028,Ried,AWAY,1390113,2025-11-29T16:00:00+00:00,11,11,8,3,3,72.727,4.925,5.026,-0.101,11,11,100.0,100.0,4.909,RESEARCH_COMPONENT,STRICTLY_PRIOR_MATCH_CHRONOLOGY_FORM5_MIN30,RETROSPECTIVE_CHRONOLOGY_ONLY,NO,YES
1390122,2025-12-13T16:00:00+00:00,1028,Ried,HOME,1390115,2025-12-06T16:00:00+00:00,11,11,10,1,1,90.909,4.873,4.891,-0.018,11,11,100.0,100.0,5,RESEARCH_COMPONENT,STRICTLY_PRIOR_MATCH_CHRONOLOGY_FORM5_MIN30,RETROSPECTIVE_CHRONOLOGY_ONLY,NO,YES
1390128,2026-02-08T16:00:00+00:00,1028,Ried,AWAY,1390122,2025-12-13T16:00:00+00:00,11,11,8,3,3,72.727,4.975,4.879,0.096,11,11,100.0,100.0,5,RESEARCH_COMPONENT,STRICTLY_PRIOR_MATCH_CHRONOLOGY_FORM5_MIN30,RETROSPECTIVE_CHRONOLOGY_ONLY,NO,YES
1390135,2026-02-14T16:00:00+00:00,1028,Ried,HOME,1390128,2026-02-08T16:00:00+00:00,11,11,11,0,0,100.0,5.012,5.012,0.0,11,11,100.0,100.0,5,RESEARCH_COMPONENT,STRICTLY_PRIOR_MATCH_CHRONOLOGY_FORM5_MIN30,RETROSPECTIVE_CHRONOLOGY_ONLY,NO,YES
1390138,2026-02-22T13:30:00+00:00,1028,Ried,AWAY,1390135,2026-02-14T16:00:00+00:00,11,11,10,1,1,90.909,4.939,4.952,-0.013,11,11,100.0,100.0,5,RESEARCH_COMPONENT,STRICTLY_PRIOR_MATCH_CHRONOLOGY_FORM5_MIN30,RETROSPECTIVE_CHRONOLOGY_ONLY,NO,YES
1390144,2026-03-01T16:00:00+00:00,1028,Ried,AWAY,1390138,2026-02-22T13:30:00+00:00,11,11,10,1,1,90.909,4.941,4.925,0.016,11,11,100.0,100.0,5,RESEARCH_COMPONENT,STRICTLY_PRIOR_MATCH_CHRONOLOGY_FORM5_MIN30,RETROSPECTIVE_CHRONOLOGY_ONLY,NO,YES
1390154,2026-03-08T16:00:00+00:00,1028,Ried,HOME,1390144,2026-03-01T16:00:00+00:00,11,11,9,2,2,81.818,4.983,4.953,0.03,11,11,100.0,100.0,5,RESEARCH_COMPONENT,STRICTLY_PRIOR_MATCH_CHRONOLOGY_FORM5_MIN30,RETROSPECTIVE_CHRONOLOGY_ONLY,NO,YES
1531167,2026-03-14T16:00:00+00:00,1028,Ried,HOME,1390154,2026-03-08T16:00:00+00:00,11,11,10,1,1,90.909,5.009,5.038,-0.029,11,11,100.0,100.0,5,RESEARCH_COMPONENT,STRICTLY_PRIOR_MATCH_CHRONOLOGY_FORM5_MIN30,RETROSPECTIVE_CHRONOLOGY_ONLY,NO,YES
1531260,2026-03-21T16:00:00+00:00,1028,Ried,AWAY,1531167,2026-03-14T16:00:00+00:00,11,11,5,6,6,45.455,4.816,4.921,-0.105,10,11,90.909,100.0,4.4,RESEARCH_COMPONENT,STRICTLY_PRIOR_MATCH_CHRONOLOGY_FORM5_MIN30,RETROSPECTIVE_CHRONOLOGY_ONLY,NO,YES
1531263,2026-04-03T17:30:00+00:00,1028,Ried,HOME,1531260,2026-03-21T16:00:00+00:00,11,11,6,5,5,54.545,4.952,4.837,0.115,11,11,100.0,100.0,5,RESEARCH_COMPONENT,STRICTLY_PRIOR_MATCH_CHRONOLOGY_FORM5_MIN30,RETROSPECTIVE_CHRONOLOGY_ONLY,NO,YES
1531267,2026-04-11T15:00:00+00:00,1028,Ried,AWAY,1531263,2026-04-03T17:30:00+00:00,11,11,9,2,2,81.818,5.006,4.975,0.031,11,11,100.0,100.0,5,RESEARCH_COMPONENT,STRICTLY_PRIOR_MATCH_CHRONOLOGY_FORM5_MIN30,RETROSPECTIVE_CHRONOLOGY_ONLY,NO,YES
1531269,2026-04-17T17:30:00+00:00,1028,Ried,AWAY,1531267,2026-04-11T15:00:00+00:00,11,11,10,1,1,90.909,4.963,4.907,0.056,11,11,100.0,100.0,5,RESEARCH_COMPONENT,STRICTLY_PRIOR_MATCH_CHRONOLOGY_FORM5_MIN30,RETROSPECTIVE_CHRONOLOGY_ONLY,NO,YES
1531274,2026-04-21T18:30:00+00:00,1028,Ried,HOME,1531269,2026-04-17T17:30:00+00:00,11,11,10,1,1,90.909,4.949,4.946,0.003,11,11,100.0,100.0,4.818,RESEARCH_COMPONENT,STRICTLY_PRIOR_MATCH_CHRONOLOGY_FORM5_MIN30,RETROSPECTIVE_CHRONOLOGY_ONLY,NO,YES
1531276,2026-04-25T15:00:00+00:00,1028,Ried,AWAY,1531274,2026-04-21T18:30:00+00:00,11,11,9,2,2,81.818,4.894,4.924,-0.03,11,11,100.0,100.0,4.636,RESEARCH_COMPONENT,STRICTLY_PRIOR_MATCH_CHRONOLOGY_FORM5_MIN30,RETROSPECTIVE_CHRONOLOGY_ONLY,NO,YES
1531279,2026-05-02T15:00:00+00:00,1028,Ried,HOME,1531276,2026-04-25T15:00:00+00:00,11,11,9,2,2,81.818,4.914,4.866,0.048,11,11,100.0,100.0,5,RESEARCH_COMPONENT,STRICTLY_PRIOR_MATCH_CHRONOLOGY_FORM5_MIN30,RETROSPECTIVE_CHRONOLOGY_ONLY,NO,YES
1531282,2026-05-09T15:00:00+00:00,1028,Ried,HOME,1531279,2026-05-02T15:00:00+00:00,11,11,10,1,1,90.909,4.868,4.86,0.008,11,11,100.0,100.0,5,RESEARCH_COMPONENT,STRICTLY_PRIOR_MATCH_CHRONOLOGY_FORM5_MIN30,RETROSPECTIVE_CHRONOLOGY_ONLY,NO,YES
1531284,2026-05-16T15:00:00+00:00,1028,Ried,AWAY,1531282,2026-05-09T15:00:00+00:00,11,11,5,6,6,45.455,4.633,4.935,-0.302,10,11,90.909,100.0,4.2,RESEARCH_COMPONENT,STRICTLY_PRIOR_MATCH_CHRONOLOGY_FORM5_MIN30,RETROSPECTIVE_CHRONOLOGY_ONLY,NO,YES
1545407,2026-05-19T16:30:00+00:00,1028,Ried,HOME,1531284,2026-05-16T15:00:00+00:00,11,11,5,6,6,45.455,4.906,4.716,0.19,11,11,100.0,100.0,5,RESEARCH_COMPONENT,STRICTLY_PRIOR_MATCH_CHRONOLOGY_FORM5_MIN30,RETROSPECTIVE_CHRONOLOGY_ONLY,NO,YES
1545664,2026-05-22T17:30:00+00:00,1028,Ried,HOME,1545407,2026-05-19T16:30:00+00:00,11,11,10,1,1,90.909,5.027,5.053,-0.026,11,11,100.0,100.0,5,RESEARCH_COMPONENT,STRICTLY_PRIOR_MATCH_CHRONOLOGY_FORM5_MIN30,RETROSPECTIVE_CHRONOLOGY_ONLY,NO,YES
1545665,2026-05-25T15:00:00+00:00,1028,Ried,AWAY,1545664,2026-05-22T17:30:00+00:00,11,11,10,1,1,90.909,4.956,5.007,-0.051,11,11,100.0,100.0,5,RESEARCH_COMPONENT,STRICTLY_PRIOR_MATCH_CHRONOLOGY_FORM5_MIN30,RETROSPECTIVE_CHRONOLOGY_ONLY,NO,YES
1390032,2025-08-09T15:00:00+00:00,1072,TSV Hartberg,AWAY,1399967,2025-08-02T15:00:00+00:00,11,11,9,2,2,81.818,4.662,4.625,0.037,10,11,90.909,100.0,1,RESEARCH_COMPONENT,STRICTLY_PRIOR_MATCH_CHRONOLOGY_FORM5_MIN30,RETROSPECTIVE_CHRONOLOGY_ONLY,NO,YES
1390038,2025-08-16T15:00:00+00:00,1072,TSV Hartberg,HOME,1390032,2025-08-09T15:00:00+00:00,11,11,10,1,1,90.909,4.987,4.989,-0.002,10,11,90.909,100.0,1.9,RESEARCH_COMPONENT,STRICTLY_PRIOR_MATCH_CHRONOLOGY_FORM5_MIN30,RETROSPECTIVE_CHRONOLOGY_ONLY,NO,YES
1390048,2025-08-24T15:00:00+00:00,1072,TSV Hartberg,AWAY,1390038,2025-08-16T15:00:00+00:00,11,11,10,1,1,90.909,4.951,4.879,0.072,11,11,100.0,100.0,2.818,RESEARCH_COMPONENT,STRICTLY_PRIOR_MATCH_CHRONOLOGY_FORM5_MIN30,RETROSPECTIVE_CHRONOLOGY_ONLY,NO,YES
1390054,2025-08-31T15:00:00+00:00,1072,TSV Hartberg,HOME,1390048,2025-08-24T15:00:00+00:00,11,11,9,2,2,81.818,4.971,5.008,-0.037,11,11,100.0,100.0,3.364,RESEARCH_COMPONENT,STRICTLY_PRIOR_MATCH_CHRONOLOGY_FORM5_MIN30,RETROSPECTIVE_CHRONOLOGY_ONLY,NO,YES
1390060,2025-09-14T12:30:00+00:00,1072,TSV Hartberg,AWAY,1390054,2025-08-31T15:00:00+00:00,11,11,9,2,2,81.818,4.967,4.951,0.016,10,11,90.909,100.0,4.5,RESEARCH_COMPONENT,STRICTLY_PRIOR_MATCH_CHRONOLOGY_FORM5_MIN30,RETROSPECTIVE_CHRONOLOGY_ONLY,NO,YES
1390061,2025-09-20T15:00:00+00:00,1072,TSV Hartberg,HOME,1390060,2025-09-14T12:30:00+00:00,11,11,10,1,1,90.909,4.9,4.968,-0.068,10,10,90.909,90.909,4.5,RESEARCH_COMPONENT,STRICTLY_PRIOR_MATCH_CHRONOLOGY_FORM5_MIN30,RETROSPECTIVE_CHRONOLOGY_ONLY,NO,YES
1390071,2025-09-28T12:30:00+00:00,1072,TSV Hartberg,AWAY,1390061,2025-09-20T15:00:00+00:00,11,11,9,2,2,81.818,5.197,5.002,0.195,10,10,90.909,90.909,4.5,RESEARCH_COMPONENT,STRICTLY_PRIOR_MATCH_CHRONOLOGY_FORM5_MIN30,RETROSPECTIVE_CHRONOLOGY_ONLY,NO,YES
1390077,2025-10-05T12:30:00+00:00,1072,TSV Hartberg,AWAY,1390071,2025-09-28T12:30:00+00:00,11,11,10,1,1,90.909,5.0,5.176,-0.176,10,10,90.909,90.909,4.5,RESEARCH_COMPONENT,STRICTLY_PRIOR_MATCH_CHRONOLOGY_FORM5_MIN30,RETROSPECTIVE_CHRONOLOGY_ONLY,NO,YES
1390079,2025-10-18T15:00:00+00:00,1072,TSV Hartberg,AWAY,1390077,2025-10-05T12:30:00+00:00,11,11,10,1,1,90.909,5.053,4.94,0.113,10,10,90.909,90.909,4.8,RESEARCH_COMPONENT,STRICTLY_PRIOR_MATCH_CHRONOLOGY_FORM5_MIN30,RETROSPECTIVE_CHRONOLOGY_ONLY,NO,YES
1390087,2025-10-25T15:00:00+00:00,1072,TSV Hartberg,AWAY,1390079,2025-10-18T15:00:00+00:00,11,11,11,0,0,100.0,5.191,5.191,0.0,10,10,90.909,90.909,4.9,RESEARCH_COMPONENT,STRICTLY_PRIOR_MATCH_CHRONOLOGY_FORM5_MIN30,RETROSPECTIVE_CHRONOLOGY_ONLY,NO,YES
1390093,2025-11-01T16:00:00+00:00,1072,TSV Hartberg,HOME,1390087,2025-10-25T15:00:00+00:00,11,11,9,2,2,81.818,5.237,5.26,-0.023,10,10,90.909,90.909,4.7,RESEARCH_COMPONENT,STRICTLY_PRIOR_MATCH_CHRONOLOGY_FORM5_MIN30,RETROSPECTIVE_CHRONOLOGY_ONLY,NO,YES
1390100,2025-11-08T16:00:00+00:00,1072,TSV Hartberg,AWAY,1390093,2025-11-01T16:00:00+00:00,11,11,10,1,1,90.909,5.105,5.115,-0.01,10,10,90.909,90.909,4.8,RESEARCH_COMPONENT,STRICTLY_PRIOR_MATCH_CHRONOLOGY_FORM5_MIN30,RETROSPECTIVE_CHRONOLOGY_ONLY,NO,YES
1390106,2025-11-22T16:00:00+00:00,1072,TSV Hartberg,HOME,1390100,2025-11-08T16:00:00+00:00,11,11,9,2,2,81.818,5.052,5.103,-0.051,11,10,100.0,90.909,4.636,RESEARCH_COMPONENT,STRICTLY_PRIOR_MATCH_CHRONOLOGY_FORM5_MIN30,RETROSPECTIVE_CHRONOLOGY_ONLY,NO,YES
1390109,2025-11-30T13:30:00+00:00,1072,TSV Hartberg,HOME,1390106,2025-11-22T16:00:00+00:00,11,11,10,1,1,90.909,5.189,5.156,0.033,10,11,90.909,100.0,5,RESEARCH_COMPONENT,STRICTLY_PRIOR_MATCH_CHRONOLOGY_FORM5_MIN30,RETROSPECTIVE_CHRONOLOGY_ONLY,NO,YES
1390117,2025-12-06T16:00:00+00:00,1072,TSV Hartberg,HOME,1390109,2025-11-30T13:30:00+00:00,11,11,10,1,1,90.909,5.208,5.056,0.152,10,10,90.909,90.909,4.6,RESEARCH_COMPONENT,STRICTLY_PRIOR_MATCH_CHRONOLOGY_FORM5_MIN30,RETROSPECTIVE_CHRONOLOGY_ONLY,NO,YES
1390124,2025-12-13T16:00:00+00:00,1072,TSV Hartberg,HOME,1390117,2025-12-06T16:00:00+00:00,11,11,8,3,3,72.727,4.905,5.099,-0.194,9,10,81.818,90.909,4.556,RESEARCH_COMPONENT,STRICTLY_PRIOR_MATCH_CHRONOLOGY_FORM5_MIN30,RETROSPECTIVE_CHRONOLOGY_ONLY,NO,YES
1390130,2026-02-07T16:00:00+00:00,1072,TSV Hartberg,AWAY,1390124,2025-12-13T16:00:00+00:00,11,11,7,4,4,63.636,5.136,4.977,0.159,10,10,90.909,90.909,4.7,RESEARCH_COMPONENT,STRICTLY_PRIOR_MATCH_CHRONOLOGY_FORM5_MIN30,RETROSPECTIVE_CHRONOLOGY_ONLY,NO,YES
1390136,2026-02-14T16:00:00+00:00,1072,TSV Hartberg,HOME,1390130,2026-02-07T16:00:00+00:00,11,11,10,1,1,90.909,5.154,5.102,0.052,10,10,90.909,90.909,4.8,RESEARCH_COMPONENT,STRICTLY_PRIOR_MATCH_CHRONOLOGY_FORM5_MIN30,RETROSPECTIVE_CHRONOLOGY_ONLY,NO,YES
1390141,2026-02-21T16:00:00+00:00,1072,TSV Hartberg,HOME,1390136,2026-02-14T16:00:00+00:00,11,11,10,1,1,90.909,5.141,5.152,-0.011,10,10,90.909,90.909,4.9,RESEARCH_COMPONENT,STRICTLY_PRIOR_MATCH_CHRONOLOGY_FORM5_MIN30,RETROSPECTIVE_CHRONOLOGY_ONLY,NO,YES
1390148,2026-03-01T16:00:00+00:00,1072,TSV Hartberg,AWAY,1390141,2026-02-21T16:00:00+00:00,11,11,8,3,3,72.727,5.173,5.221,-0.048,11,10,100.0,90.909,4.636,RESEARCH_COMPONENT,STRICTLY_PRIOR_MATCH_CHRONOLOGY_FORM5_MIN30,RETROSPECTIVE_CHRONOLOGY_ONLY,NO,YES
1390152,2026-03-08T16:00:00+00:00,1072,TSV Hartberg,HOME,1390148,2026-03-01T16:00:00+00:00,11,11,9,2,2,81.818,5.113,5.084,0.029,10,11,90.909,100.0,5,RESEARCH_COMPONENT,STRICTLY_PRIOR_MATCH_CHRONOLOGY_FORM5_MIN30,RETROSPECTIVE_CHRONOLOGY_ONLY,NO,YES
1531166,2026-03-13T18:30:00+00:00,1072,TSV Hartberg,AWAY,1390152,2026-03-08T16:00:00+00:00,11,11,8,3,3,72.727,5.08,5.16,-0.08,10,10,90.909,90.909,4.9,RESEARCH_COMPONENT,STRICTLY_PRIOR_MATCH_CHRONOLOGY_FORM5_MIN30,RETROSPECTIVE_CHRONOLOGY_ONLY,NO,YES
1531234,2026-03-22T13:30:00+00:00,1072,TSV Hartberg,HOME,1531166,2026-03-13T18:30:00+00:00,11,11,8,3,3,72.727,5.17,5.174,-0.004,9,11,81.818,100.0,5,RESEARCH_COMPONENT,STRICTLY_PRIOR_MATCH_CHRONOLOGY_FORM5_MIN30,RETROSPECTIVE_CHRONOLOGY_ONLY,NO,YES
1531236,2026-04-05T12:30:00+00:00,1072,TSV Hartberg,HOME,1531234,2026-03-22T13:30:00+00:00,11,11,7,4,4,63.636,5.135,5.142,-0.007,11,11,100.0,100.0,4.909,RESEARCH_COMPONENT,STRICTLY_PRIOR_MATCH_CHRONOLOGY_FORM5_MIN30,RETROSPECTIVE_CHRONOLOGY_ONLY,NO,YES
1531240,2026-04-12T12:30:00+00:00,1072,TSV Hartberg,AWAY,1531236,2026-04-05T12:30:00+00:00,11,11,7,4,4,63.636,4.963,5.051,-0.088,10,11,90.909,100.0,4.2,RESEARCH_COMPONENT,STRICTLY_PRIOR_MATCH_CHRONOLOGY_FORM5_MIN30,RETROSPECTIVE_CHRONOLOGY_ONLY,NO,YES
1531243,2026-04-19T12:30:00+00:00,1072,TSV Hartberg,HOME,1531240,2026-04-12T12:30:00+00:00,11,11,9,2,2,81.818,5.249,5.057,0.192,10,10,90.909,90.909,4.7,RESEARCH_COMPONENT,STRICTLY_PRIOR_MATCH_CHRONOLOGY_FORM5_MIN30,RETROSPECTIVE_CHRONOLOGY_ONLY,NO,YES
1531246,2026-04-22T16:30:00+00:00,1072,TSV Hartberg,AWAY,1531243,2026-04-19T12:30:00+00:00,11,11,9,2,2,81.818,4.969,5.203,-0.234,10,10,90.909,90.909,5,RESEARCH_COMPONENT,STRICTLY_PRIOR_MATCH_CHRONOLOGY_FORM5_MIN30,RETROSPECTIVE_CHRONOLOGY_ONLY,NO,YES
1531248,2026-04-26T12:30:00+00:00,1072,TSV Hartberg,HOME,1531246,2026-04-22T16:30:00+00:00,11,11,11,0,0,100.0,4.803,4.803,0.0,10,10,90.909,90.909,5,RESEARCH_COMPONENT,STRICTLY_PRIOR_MATCH_CHRONOLOGY_FORM5_MIN30,RETROSPECTIVE_CHRONOLOGY_ONLY,NO,YES
1531251,2026-05-03T12:30:00+00:00,1072,TSV Hartberg,AWAY,1531248,2026-04-26T12:30:00+00:00,11,11,9,2,2,81.818,5.049,4.804,0.245,10,10,90.909,90.909,4.8,RESEARCH_COMPONENT,STRICTLY_PRIOR_MATCH_CHRONOLOGY_FORM5_MIN30,RETROSPECTIVE_CHRONOLOGY_ONLY,NO,YES
1531254,2026-05-10T15:00:00+00:00,1072,TSV Hartberg,HOME,1531251,2026-05-03T12:30:00+00:00,11,11,9,2,2,81.818,4.984,5.058,-0.074,10,10,90.909,90.909,4.9,RESEARCH_COMPONENT,STRICTLY_PRIOR_MATCH_CHRONOLOGY_FORM5_MIN30,RETROSPECTIVE_CHRONOLOGY_ONLY,NO,YES
1531258,2026-05-17T12:30:00+00:00,1072,TSV Hartberg,AWAY,1531254,2026-05-10T15:00:00+00:00,11,11,9,2,2,81.818,5.151,5.107,0.044,9,10,81.818,90.909,5,RESEARCH_COMPONENT,STRICTLY_PRIOR_MATCH_CHRONOLOGY_FORM5_MIN30,RETROSPECTIVE_CHRONOLOGY_ONLY,NO,YES
1382440,2025-08-03T16:30:00+00:00,1393,Union St. Gilloise,HOME,1382426,2025-07-25T18:45:00+00:00,11,11,7,4,4,63.636,5.093,5.086,0.007,9,11,81.818,100.0,1,RESEARCH_COMPONENT,STRICTLY_PRIOR_MATCH_CHRONOLOGY_FORM5_MIN30,RETROSPECTIVE_CHRONOLOGY_ONLY,NO,YES
1382445,2025-08-09T18:45:00+00:00,1393,Union St. Gilloise,AWAY,1382440,2025-08-03T16:30:00+00:00,11,11,10,1,1,90.909,5.387,5.196,0.191,11,11,100.0,100.0,1.818,RESEARCH_COMPONENT,STRICTLY_PRIOR_MATCH_CHRONOLOGY_FORM5_MIN30,RETROSPECTIVE_CHRONOLOGY_ONLY,NO,YES
1382453,2025-08-16T18:45:00+00:00,1393,Union St. Gilloise,HOME,1382445,2025-08-09T18:45:00+00:00,11,11,10,1,1,90.909,5.326,5.24,0.086,10,11,90.909,100.0,2.8,RESEARCH_COMPONENT,STRICTLY_PRIOR_MATCH_CHRONOLOGY_FORM5_MIN30,RETROSPECTIVE_CHRONOLOGY_ONLY,NO,YES
1382464,2025-08-24T16:30:00+00:00,1393,Union St. Gilloise,AWAY,1382453,2025-08-16T18:45:00+00:00,11,11,10,1,1,90.909,5.365,5.374,-0.009,11,11,100.0,100.0,3.273,RESEARCH_COMPONENT,STRICTLY_PRIOR_MATCH_CHRONOLOGY_FORM5_MIN30,RETROSPECTIVE_CHRONOLOGY_ONLY,NO,YES
1382472,2025-08-31T16:30:00+00:00,1393,Union St. Gilloise,HOME,1382464,2025-08-24T16:30:00+00:00,11,11,8,3,3,72.727,5.351,5.381,-0.03,10,11,90.909,100.0,4.1,RESEARCH_COMPONENT,STRICTLY_PRIOR_MATCH_CHRONOLOGY_FORM5_MIN30,RETROSPECTIVE_CHRONOLOGY_ONLY,NO,YES
1382476,2025-09-13T16:15:00+00:00,1393,Union St. Gilloise,AWAY,1382472,2025-08-31T16:30:00+00:00,11,11,9,2,2,81.818,5.25,5.372,-0.122,11,11,100.0,100.0,3.818,RESEARCH_COMPONENT,STRICTLY_PRIOR_MATCH_CHRONOLOGY_FORM5_MIN30,RETROSPECTIVE_CHRONOLOGY_ONLY,NO,YES
1382486,2025-09-21T11:30:00+00:00,1393,Union St. Gilloise,AWAY,1382476,2025-09-13T16:15:00+00:00,11,11,9,2,2,81.818,5.265,5.204,0.061,11,11,100.0,100.0,4.364,RESEARCH_COMPONENT,STRICTLY_PRIOR_MATCH_CHRONOLOGY_FORM5_MIN30,RETROSPECTIVE_CHRONOLOGY_ONLY,NO,YES
1382497,2025-09-27T18:45:00+00:00,1393,Union St. Gilloise,HOME,1382486,2025-09-21T11:30:00+00:00,11,11,8,3,3,72.727,5.222,5.279,-0.057,11,11,100.0,100.0,4.455,RESEARCH_COMPONENT,STRICTLY_PRIOR_MATCH_CHRONOLOGY_FORM5_MIN30,RETROSPECTIVE_CHRONOLOGY_ONLY,NO,YES
1382500,2025-10-05T16:30:00+00:00,1393,Union St. Gilloise,AWAY,1382497,2025-09-27T18:45:00+00:00,11,11,7,4,4,63.636,5.192,5.159,0.033,11,11,100.0,100.0,4.727,RESEARCH_COMPONENT,STRICTLY_PRIOR_MATCH_CHRONOLOGY_FORM5_MIN30,RETROSPECTIVE_CHRONOLOGY_ONLY,NO,YES
1382508,2025-10-18T18:45:00+00:00,1393,Union St. Gilloise,HOME,1382500,2025-10-05T16:30:00+00:00,11,11,8,3,3,72.727,5.173,5.053,0.12,11,11,100.0,100.0,5,RESEARCH_COMPONENT,STRICTLY_PRIOR_MATCH_CHRONOLOGY_FORM5_MIN30,RETROSPECTIVE_CHRONOLOGY_ONLY,NO,YES
1382516,2025-10-26T18:15:00+00:00,1393,Union St. Gilloise,HOME,1382508,2025-10-18T18:45:00+00:00,11,11,6,5,5,54.545,4.978,5.161,-0.183,11,11,100.0,100.0,4.364,RESEARCH_COMPONENT,STRICTLY_PRIOR_MATCH_CHRONOLOGY_FORM5_MIN30,RETROSPECTIVE_CHRONOLOGY_ONLY,NO,YES
1382527,2025-11-01T15:00:00+00:00,1393,Union St. Gilloise,AWAY,1382516,2025-10-26T18:15:00+00:00,11,11,9,2,2,81.818,5.077,5.067,0.01,11,11,100.0,100.0,4.636,RESEARCH_COMPONENT,STRICTLY_PRIOR_MATCH_CHRONOLOGY_FORM5_MIN30,RETROSPECTIVE_CHRONOLOGY_ONLY,NO,YES
1390032,2025-08-09T15:00:00+00:00,1394,FC BW Linz,HOME,1390031,2025-08-03T15:00:00+00:00,11,11,10,1,1,90.909,5.183,5.174,0.009,11,11,100.0,100.0,1,RESEARCH_COMPONENT,STRICTLY_PRIOR_MATCH_CHRONOLOGY_FORM5_MIN30,RETROSPECTIVE_CHRONOLOGY_ONLY,NO,YES
1390043,2025-08-17T15:00:00+00:00,1394,FC BW Linz,AWAY,1390032,2025-08-09T15:00:00+00:00,11,11,10,1,1,90.909,5.223,5.295,-0.072,11,11,100.0,100.0,1.909,RESEARCH_COMPONENT,STRICTLY_PRIOR_MATCH_CHRONOLOGY_FORM5_MIN30,RETROSPECTIVE_CHRONOLOGY_ONLY,NO,YES
1390044,2025-08-23T15:00:00+00:00,1394,FC BW Linz,HOME,1390043,2025-08-17T15:00:00+00:00,11,11,8,3,3,72.727,5.072,5.138,-0.066,10,11,90.909,100.0,2.6,RESEARCH_COMPONENT,STRICTLY_PRIOR_MATCH_CHRONOLOGY_FORM5_MIN30,RETROSPECTIVE_CHRONOLOGY_ONLY,NO,YES
1390050,2025-08-30T15:00:00+00:00,1394,FC BW Linz,AWAY,1390044,2025-08-23T15:00:00+00:00,11,11,8,3,3,72.727,5.095,5.058,0.037,11,11,100.0,100.0,3.273,RESEARCH_COMPONENT,STRICTLY_PRIOR_MATCH_CHRONOLOGY_FORM5_MIN30,RETROSPECTIVE_CHRONOLOGY_ONLY,NO,YES
1390056,2025-09-13T15:00:00+00:00,1394,FC BW Linz,HOME,1390050,2025-08-30T15:00:00+00:00,11,11,9,2,2,81.818,4.921,5.031,-0.11,10,11,90.909,100.0,4.2,RESEARCH_COMPONENT,STRICTLY_PRIOR_MATCH_CHRONOLOGY_FORM5_MIN30,RETROSPECTIVE_CHRONOLOGY_ONLY,NO,YES
1390063,2025-09-21T12:30:00+00:00,1394,FC BW Linz,AWAY,1390056,2025-09-13T15:00:00+00:00,11,11,10,1,1,90.909,4.993,4.999,-0.006,11,11,100.0,100.0,4.091,RESEARCH_COMPONENT,STRICTLY_PRIOR_MATCH_CHRONOLOGY_FORM5_MIN30,RETROSPECTIVE_CHRONOLOGY_ONLY,NO,YES
1390068,2025-09-27T15:00:00+00:00,1394,FC BW Linz,HOME,1390063,2025-09-21T12:30:00+00:00,11,11,8,3,3,72.727,5.05,4.844,0.206,10,11,90.909,100.0,4.3,RESEARCH_COMPONENT,STRICTLY_PRIOR_MATCH_CHRONOLOGY_FORM5_MIN30,RETROSPECTIVE_CHRONOLOGY_ONLY,NO,YES
1390076,2025-10-04T15:00:00+00:00,1394,FC BW Linz,AWAY,1390068,2025-09-27T15:00:00+00:00,11,11,9,2,2,81.818,5.057,4.993,0.064,11,11,100.0,100.0,3.636,RESEARCH_COMPONENT,STRICTLY_PRIOR_MATCH_CHRONOLOGY_FORM5_MIN30,RETROSPECTIVE_CHRONOLOGY_ONLY,NO,YES
1390081,2025-10-19T12:30:00+00:00,1394,FC BW Linz,HOME,1390076,2025-10-04T15:00:00+00:00,11,11,10,1,1,90.909,5.05,5.02,0.03,11,11,100.0,100.0,4.455,RESEARCH_COMPONENT,STRICTLY_PRIOR_MATCH_CHRONOLOGY_FORM5_MIN30,RETROSPECTIVE_CHRONOLOGY_ONLY,NO,YES
1390085,2025-10-25T15:00:00+00:00,1394,FC BW Linz,AWAY,1390081,2025-10-19T12:30:00+00:00,11,11,10,1,1,90.909,5.182,5.185,-0.003,11,11,100.0,100.0,4.818,RESEARCH_COMPONENT,STRICTLY_PRIOR_MATCH_CHRONOLOGY_FORM5_MIN30,RETROSPECTIVE_CHRONOLOGY_ONLY,NO,YES
1390091,2025-11-01T16:00:00+00:00,1394,FC BW Linz,HOME,1390085,2025-10-25T15:00:00+00:00,11,11,10,1,1,90.909,5.214,5.217,-0.003,11,11,100.0,100.0,4.818,RESEARCH_COMPONENT,STRICTLY_PRIOR_MATCH_CHRONOLOGY_FORM5_MIN30,RETROSPECTIVE_CHRONOLOGY_ONLY,NO,YES
1390101,2025-11-08T16:00:00+00:00,1394,FC BW Linz,AWAY,1390091,2025-11-01T16:00:00+00:00,11,11,10,1,1,90.909,5.166,5.297,-0.131,11,11,100.0,100.0,5,RESEARCH_COMPONENT,STRICTLY_PRIOR_MATCH_CHRONOLOGY_FORM5_MIN30,RETROSPECTIVE_CHRONOLOGY_ONLY,NO,YES
1390107,2025-11-22T16:00:00+00:00,1394,FC BW Linz,HOME,1390101,2025-11-08T16:00:00+00:00,11,11,9,2,2,81.818,5.103,5.136,-0.033,11,11,100.0,100.0,4.818,RESEARCH_COMPONENT,STRICTLY_PRIOR_MATCH_CHRONOLOGY_FORM5_MIN30,RETROSPECTIVE_CHRONOLOGY_ONLY,NO,YES
1390110,2025-11-29T16:00:00+00:00,1394,FC BW Linz,AWAY,1390107,2025-11-22T16:00:00+00:00,11,11,7,4,4,63.636,5.177,5.092,0.085,11,11,100.0,100.0,4.727,RESEARCH_COMPONENT,STRICTLY_PRIOR_MATCH_CHRONOLOGY_FORM5_MIN30,RETROSPECTIVE_CHRONOLOGY_ONLY,NO,YES
1390114,2025-12-06T16:00:00+00:00,1394,FC BW Linz,HOME,1390110,2025-11-29T16:00:00+00:00,11,11,8,3,3,72.727,4.935,5.142,-0.207,11,11,100.0,100.0,4.364,RESEARCH_COMPONENT,STRICTLY_PRIOR_MATCH_CHRONOLOGY_FORM5_MIN30,RETROSPECTIVE_CHRONOLOGY_ONLY,NO,YES
1390123,2025-12-14T13:30:00+00:00,1394,FC BW Linz,HOME,1390114,2025-12-06T16:00:00+00:00,11,11,10,1,1,90.909,5.083,4.926,0.157,11,11,100.0,100.0,4.636,RESEARCH_COMPONENT,STRICTLY_PRIOR_MATCH_CHRONOLOGY_FORM5_MIN30,RETROSPECTIVE_CHRONOLOGY_ONLY,NO,YES
1390131,2026-02-08T13:30:00+00:00,1394,FC BW Linz,AWAY,1390123,2025-12-14T13:30:00+00:00,11,11,7,4,4,63.636,4.895,5.06,-0.165,10,11,90.909,100.0,5,RESEARCH_COMPONENT,STRICTLY_PRIOR_MATCH_CHRONOLOGY_FORM5_MIN30,RETROSPECTIVE_CHRONOLOGY_ONLY,NO,YES
1390137,2026-02-15T13:30:00+00:00,1394,FC BW Linz,HOME,1390131,2026-02-08T13:30:00+00:00,11,11,7,4,4,63.636,5.091,4.98,0.111,8,11,72.727,100.0,5,RESEARCH_COMPONENT,STRICTLY_PRIOR_MATCH_CHRONOLOGY_FORM5_MIN30,RETROSPECTIVE_CHRONOLOGY_ONLY,NO,YES
1390139,2026-02-22T13:30:00+00:00,1394,FC BW Linz,AWAY,1390137,2026-02-15T13:30:00+00:00,11,11,9,2,2,81.818,5.018,5.021,-0.003,11,11,100.0,100.0,3.545,RESEARCH_COMPONENT,STRICTLY_PRIOR_MATCH_CHRONOLOGY_FORM5_MIN30,RETROSPECTIVE_CHRONOLOGY_ONLY,NO,YES
1390149,2026-03-01T16:00:00+00:00,1394,FC BW Linz,HOME,1390139,2026-02-22T13:30:00+00:00,11,11,9,2,2,81.818,4.905,4.969,-0.064,11,11,100.0,100.0,3.909,RESEARCH_COMPONENT,STRICTLY_PRIOR_MATCH_CHRONOLOGY_FORM5_MIN30,RETROSPECTIVE_CHRONOLOGY_ONLY,NO,YES
1390152,2026-03-08T16:00:00+00:00,1394,FC BW Linz,AWAY,1390149,2026-03-01T16:00:00+00:00,11,11,9,2,2,81.818,5.073,4.977,0.096,11,11,100.0,100.0,4.455,RESEARCH_COMPONENT,STRICTLY_PRIOR_MATCH_CHRONOLOGY_FORM5_MIN30,RETROSPECTIVE_CHRONOLOGY_ONLY,NO,YES
1531169,2026-03-14T16:00:00+00:00,1394,FC BW Linz,AWAY,1390152,2026-03-08T16:00:00+00:00,11,11,11,0,0,100.0,5.148,5.148,0.0,11,11,100.0,100.0,4.727,RESEARCH_COMPONENT,STRICTLY_PRIOR_MATCH_CHRONOLOGY_FORM5_MIN30,RETROSPECTIVE_CHRONOLOGY_ONLY,NO,YES
1531260,2026-03-21T16:00:00+00:00,1394,FC BW Linz,HOME,1531169,2026-03-14T16:00:00+00:00,11,11,8,3,3,72.727,5.009,5.144,-0.135,11,11,100.0,100.0,5,RESEARCH_COMPONENT,STRICTLY_PRIOR_MATCH_CHRONOLOGY_FORM5_MIN30,RETROSPECTIVE_CHRONOLOGY_ONLY,NO,YES
1531264,2026-04-04T15:00:00+00:00,1394,FC BW Linz,AWAY,1531260,2026-03-21T16:00:00+00:00,11,11,11,0,0,100.0,5.098,5.098,0.0,11,11,100.0,100.0,5,RESEARCH_COMPONENT,STRICTLY_PRIOR_MATCH_CHRONOLOGY_FORM5_MIN30,RETROSPECTIVE_CHRONOLOGY_ONLY,NO,YES
1531268,2026-04-11T17:30:00+00:00,1394,FC BW Linz,HOME,1531264,2026-04-04T15:00:00+00:00,11,11,9,2,2,81.818,5.166,5.09,0.076,11,11,100.0,100.0,5,RESEARCH_COMPONENT,STRICTLY_PRIOR_MATCH_CHRONOLOGY_FORM5_MIN30,RETROSPECTIVE_CHRONOLOGY_ONLY,NO,YES
1531271,2026-04-18T15:00:00+00:00,1394,FC BW Linz,AWAY,1531268,2026-04-11T17:30:00+00:00,11,11,11,0,0,100.0,5.178,5.178,0.0,11,11,100.0,100.0,5,RESEARCH_COMPONENT,STRICTLY_PRIOR_MATCH_CHRONOLOGY_FORM5_MIN30,RETROSPECTIVE_CHRONOLOGY_ONLY,NO,YES
1531273,2026-04-21T16:30:00+00:00,1394,FC BW Linz,HOME,1531271,2026-04-18T15:00:00+00:00,11,11,11,0,0,100.0,5.065,5.065,0.0,11,11,100.0,100.0,5,RESEARCH_COMPONENT,STRICTLY_PRIOR_MATCH_CHRONOLOGY_FORM5_MIN30,RETROSPECTIVE_CHRONOLOGY_ONLY,NO,YES
1531275,2026-04-24T17:30:00+00:00,1394,FC BW Linz,HOME,1531273,2026-04-21T16:30:00+00:00,11,11,9,2,2,81.818,5.093,5.085,0.008,11,11,100.0,100.0,5,RESEARCH_COMPONENT,STRICTLY_PRIOR_MATCH_CHRONOLOGY_FORM5_MIN30,RETROSPECTIVE_CHRONOLOGY_ONLY,NO,YES
1531279,2026-05-02T15:00:00+00:00,1394,FC BW Linz,AWAY,1531275,2026-04-24T17:30:00+00:00,11,11,9,2,2,81.818,4.989,4.997,-0.008,11,11,100.0,100.0,5,RESEARCH_COMPONENT,STRICTLY_PRIOR_MATCH_CHRONOLOGY_FORM5_MIN30,RETROSPECTIVE_CHRONOLOGY_ONLY,NO,YES
1531283,2026-05-09T15:00:00+00:00,1394,FC BW Linz,AWAY,1531279,2026-05-02T15:00:00+00:00,11,11,9,2,2,81.818,5.005,4.944,0.061,11,11,100.0,100.0,5,RESEARCH_COMPONENT,STRICTLY_PRIOR_MATCH_CHRONOLOGY_FORM5_MIN30,RETROSPECTIVE_CHRONOLOGY_ONLY,NO,YES
1531285,2026-05-16T15:00:00+00:00,1394,FC BW Linz,HOME,1531283,2026-05-09T15:00:00+00:00,11,11,9,2,2,81.818,4.924,4.967,-0.043,11,11,100.0,100.0,5,RESEARCH_COMPONENT,STRICTLY_PRIOR_MATCH_CHRONOLOGY_FORM5_MIN30,RETROSPECTIVE_CHRONOLOGY_ONLY,NO,YES
1390036,2025-08-10T15:00:00+00:00,1398,WSG Wattens,HOME,1399967,2025-08-02T15:00:00+00:00,11,11,11,0,0,100.0,5.533,5.533,0.0,11,11,100.0,100.0,1,RESEARCH_COMPONENT,STRICTLY_PRIOR_MATCH_CHRONOLOGY_FORM5_MIN30,RETROSPECTIVE_CHRONOLOGY_ONLY,NO,YES
1390039,2025-08-16T15:00:00+00:00,1398,WSG Wattens,AWAY,1390036,2025-08-10T15:00:00+00:00,11,11,11,0,0,100.0,5.241,5.241,0.0,11,11,100.0,100.0,2,RESEARCH_COMPONENT,STRICTLY_PRIOR_MATCH_CHRONOLOGY_FORM5_MIN30,RETROSPECTIVE_CHRONOLOGY_ONLY,NO,YES
1399968,2025-08-31T15:00:00+00:00,1398,WSG Wattens,HOME,1390039,2025-08-16T15:00:00+00:00,11,11,11,0,0,100.0,5.055,5.055,0.0,11,11,100.0,100.0,3,RESEARCH_COMPONENT,STRICTLY_PRIOR_MATCH_CHRONOLOGY_FORM5_MIN30,RETROSPECTIVE_CHRONOLOGY_ONLY,NO,YES
1390057,2025-09-14T12:30:00+00:00,1398,WSG Wattens,AWAY,1399968,2025-08-31T15:00:00+00:00,11,11,10,1,1,90.909,4.993,5.014,-0.021,10,11,90.909,100.0,4,RESEARCH_COMPONENT,STRICTLY_PRIOR_MATCH_CHRONOLOGY_FORM5_MIN30,RETROSPECTIVE_CHRONOLOGY_ONLY,NO,YES
1390062,2025-09-21T12:30:00+00:00,1398,WSG Wattens,AWAY,1390057,2025-09-14T12:30:00+00:00,11,11,8,3,3,72.727,5.095,5.013,0.082,10,11,90.909,100.0,4.5,RESEARCH_COMPONENT,STRICTLY_PRIOR_MATCH_CHRONOLOGY_FORM5_MIN30,RETROSPECTIVE_CHRONOLOGY_ONLY,NO,YES
1390072,2025-09-28T12:30:00+00:00,1398,WSG Wattens,HOME,1390062,2025-09-21T12:30:00+00:00,11,11,10,1,1,90.909,5.046,5.051,-0.005,11,11,100.0,100.0,4.636,RESEARCH_COMPONENT,STRICTLY_PRIOR_MATCH_CHRONOLOGY_FORM5_MIN30,RETROSPECTIVE_CHRONOLOGY_ONLY,NO,YES
1390078,2025-10-04T15:00:00+00:00,1398,WSG Wattens,AWAY,1390072,2025-09-28T12:30:00+00:00,11,11,10,1,1,90.909,5.136,5.121,0.015,11,11,100.0,100.0,4.455,RESEARCH_COMPONENT,STRICTLY_PRIOR_MATCH_CHRONOLOGY_FORM5_MIN30,RETROSPECTIVE_CHRONOLOGY_ONLY,NO,YES
1390080,2025-10-18T15:00:00+00:00,1398,WSG Wattens,HOME,1390078,2025-10-04T15:00:00+00:00,11,11,9,2,2,81.818,4.912,5.026,-0.114,11,11,100.0,100.0,5,RESEARCH_COMPONENT,STRICTLY_PRIOR_MATCH_CHRONOLOGY_FORM5_MIN30,RETROSPECTIVE_CHRONOLOGY_ONLY,NO,YES
1390085,2025-10-25T15:00:00+00:00,1398,WSG Wattens,HOME,1390080,2025-10-18T15:00:00+00:00,11,11,7,4,4,63.636,5.134,4.947,0.187,9,11,81.818,100.0,4.556,RESEARCH_COMPONENT,STRICTLY_PRIOR_MATCH_CHRONOLOGY_FORM5_MIN30,RETROSPECTIVE_CHRONOLOGY_ONLY,NO,YES
1390090,2025-11-02T13:30:00+00:00,1398,WSG Wattens,AWAY,1390085,2025-10-25T15:00:00+00:00,11,11,9,2,2,81.818,5.025,5.048,-0.023,11,11,100.0,100.0,4.455,RESEARCH_COMPONENT,STRICTLY_PRIOR_MATCH_CHRONOLOGY_FORM5_MIN30,RETROSPECTIVE_CHRONOLOGY_ONLY,NO,YES
1390097,2025-11-09T13:30:00+00:00,1398,WSG Wattens,HOME,1390090,2025-11-02T13:30:00+00:00,11,11,11,0,0,100.0,4.943,4.943,0.0,11,11,100.0,100.0,4.727,RESEARCH_COMPONENT,STRICTLY_PRIOR_MATCH_CHRONOLOGY_FORM5_MIN30,RETROSPECTIVE_CHRONOLOGY_ONLY,NO,YES
1390103,2025-11-23T13:30:00+00:00,1398,WSG Wattens,AWAY,1390097,2025-11-09T13:30:00+00:00,11,11,11,0,0,100.0,4.886,4.886,0.0,11,11,100.0,100.0,4.818,RESEARCH_COMPONENT,STRICTLY_PRIOR_MATCH_CHRONOLOGY_FORM5_MIN30,RETROSPECTIVE_CHRONOLOGY_ONLY,NO,YES
1390108,2025-11-29T16:00:00+00:00,1398,WSG Wattens,AWAY,1390103,2025-11-23T13:30:00+00:00,11,11,10,1,1,90.909,4.922,4.916,0.006,11,11,100.0,100.0,4.909,RESEARCH_COMPONENT,STRICTLY_PRIOR_MATCH_CHRONOLOGY_FORM5_MIN30,RETROSPECTIVE_CHRONOLOGY_ONLY,NO,YES
1390046,2025-12-03T19:30:00+00:00,1398,WSG Wattens,AWAY,1390108,2025-11-29T16:00:00+00:00,11,11,10,1,1,90.909,4.911,4.923,-0.012,11,11,100.0,100.0,5,RESEARCH_COMPONENT,STRICTLY_PRIOR_MATCH_CHRONOLOGY_FORM5_MIN30,RETROSPECTIVE_CHRONOLOGY_ONLY,NO,YES
1390116,2025-12-07T13:30:00+00:00,1398,WSG Wattens,HOME,1390046,2025-12-03T19:30:00+00:00,11,11,10,1,1,90.909,4.957,5.007,-0.05,11,11,100.0,100.0,4.636,RESEARCH_COMPONENT,STRICTLY_PRIOR_MATCH_CHRONOLOGY_FORM5_MIN30,RETROSPECTIVE_CHRONOLOGY_ONLY,NO,YES
1390124,2025-12-13T16:00:00+00:00,1398,WSG Wattens,AWAY,1390116,2025-12-07T13:30:00+00:00,11,11,10,1,1,90.909,5.104,5.07,0.034,11,11,100.0,100.0,5,RESEARCH_COMPONENT,STRICTLY_PRIOR_MATCH_CHRONOLOGY_FORM5_MIN30,RETROSPECTIVE_CHRONOLOGY_ONLY,NO,YES
1390129,2026-02-07T16:00:00+00:00,1398,WSG Wattens,AWAY,1390124,2025-12-13T16:00:00+00:00,11,11,10,1,1,90.909,5.108,5.087,0.021,11,11,100.0,100.0,5,RESEARCH_COMPONENT,STRICTLY_PRIOR_MATCH_CHRONOLOGY_FORM5_MIN30,RETROSPECTIVE_CHRONOLOGY_ONLY,NO,YES
1390132,2026-02-14T16:00:00+00:00,1398,WSG Wattens,HOME,1390129,2026-02-07T16:00:00+00:00,11,11,10,1,1,90.909,5.026,5.052,-0.026,11,11,100.0,100.0,5,RESEARCH_COMPONENT,STRICTLY_PRIOR_MATCH_CHRONOLOGY_FORM5_MIN30,RETROSPECTIVE_CHRONOLOGY_ONLY,NO,YES
1390138,2026-02-22T13:30:00+00:00,1398,WSG Wattens,HOME,1390132,2026-02-14T16:00:00+00:00,11,11,10,1,1,90.909,5.175,5.071,0.104,10,11,90.909,100.0,5,RESEARCH_COMPONENT,STRICTLY_PRIOR_MATCH_CHRONOLOGY_FORM5_MIN30,RETROSPECTIVE_CHRONOLOGY_ONLY,NO,YES
1390149,2026-03-01T16:00:00+00:00,1398,WSG Wattens,AWAY,1390138,2026-02-22T13:30:00+00:00,11,11,8,3,3,72.727,4.994,5.064,-0.07,10,11,90.909,100.0,5,RESEARCH_COMPONENT,STRICTLY_PRIOR_MATCH_CHRONOLOGY_FORM5_MIN30,RETROSPECTIVE_CHRONOLOGY_ONLY,NO,YES
1390153,2026-03-08T16:00:00+00:00,1398,WSG Wattens,HOME,1390149,2026-03-01T16:00:00+00:00,11,11,10,1,1,90.909,4.988,4.983,0.005,11,11,100.0,100.0,4.636,RESEARCH_COMPONENT,STRICTLY_PRIOR_MATCH_CHRONOLOGY_FORM5_MIN30,RETROSPECTIVE_CHRONOLOGY_ONLY,NO,YES
1531167,2026-03-14T16:00:00+00:00,1398,WSG Wattens,AWAY,1390153,2026-03-08T16:00:00+00:00,11,11,9,2,2,81.818,4.987,5.025,-0.038,11,11,100.0,100.0,4.545,RESEARCH_COMPONENT,STRICTLY_PRIOR_MATCH_CHRONOLOGY_FORM5_MIN30,RETROSPECTIVE_CHRONOLOGY_ONLY,NO,YES
1531261,2026-03-21T16:00:00+00:00,1398,WSG Wattens,HOME,1531167,2026-03-14T16:00:00+00:00,11,11,10,1,1,90.909,5.042,5.018,0.024,11,11,100.0,100.0,4.818,RESEARCH_COMPONENT,STRICTLY_PRIOR_MATCH_CHRONOLOGY_FORM5_MIN30,RETROSPECTIVE_CHRONOLOGY_ONLY,NO,YES
1531265,2026-04-04T15:00:00+00:00,1398,WSG Wattens,HOME,1531261,2026-03-21T16:00:00+00:00,11,11,10,1,1,90.909,5.135,5.042,0.093,11,11,100.0,100.0,5,RESEARCH_COMPONENT,STRICTLY_PRIOR_MATCH_CHRONOLOGY_FORM5_MIN30,RETROSPECTIVE_CHRONOLOGY_ONLY,NO,YES
1531268,2026-04-11T17:30:00+00:00,1398,WSG Wattens,AWAY,1531265,2026-04-04T15:00:00+00:00,11,11,10,1,1,90.909,5.124,5.175,-0.051,11,11,100.0,100.0,5,RESEARCH_COMPONENT,STRICTLY_PRIOR_MATCH_CHRONOLOGY_FORM5_MIN30,RETROSPECTIVE_CHRONOLOGY_ONLY,NO,YES
1531270,2026-04-18T15:00:00+00:00,1398,WSG Wattens,HOME,1531268,2026-04-11T17:30:00+00:00,11,11,10,1,1,90.909,5.068,5.072,-0.004,11,11,100.0,100.0,5,RESEARCH_COMPONENT,STRICTLY_PRIOR_MATCH_CHRONOLOGY_FORM5_MIN30,RETROSPECTIVE_CHRONOLOGY_ONLY,NO,YES
1531272,2026-04-21T16:30:00+00:00,1398,WSG Wattens,AWAY,1531270,2026-04-18T15:00:00+00:00,11,11,9,2,2,81.818,5.211,5.172,0.039,11,11,100.0,100.0,5,RESEARCH_COMPONENT,STRICTLY_PRIOR_MATCH_CHRONOLOGY_FORM5_MIN30,RETROSPECTIVE_CHRONOLOGY_ONLY,NO,YES
1531276,2026-04-25T15:00:00+00:00,1398,WSG Wattens,HOME,1531272,2026-04-21T16:30:00+00:00,11,11,11,0,0,100.0,5.195,5.195,0.0,11,11,100.0,100.0,5,RESEARCH_COMPONENT,STRICTLY_PRIOR_MATCH_CHRONOLOGY_FORM5_MIN30,RETROSPECTIVE_CHRONOLOGY_ONLY,NO,YES
1531278,2026-05-02T15:00:00+00:00,1398,WSG Wattens,AWAY,1531276,2026-04-25T15:00:00+00:00,11,11,10,1,1,90.909,5.158,5.137,0.021,11,11,100.0,100.0,5,RESEARCH_COMPONENT,STRICTLY_PRIOR_MATCH_CHRONOLOGY_FORM5_MIN30,RETROSPECTIVE_CHRONOLOGY_ONLY,NO,YES
1531283,2026-05-09T15:00:00+00:00,1398,WSG Wattens,HOME,1531278,2026-05-02T15:00:00+00:00,11,11,9,2,2,81.818,5.152,5.1,0.052,11,11,100.0,100.0,5,RESEARCH_COMPONENT,STRICTLY_PRIOR_MATCH_CHRONOLOGY_FORM5_MIN30,RETROSPECTIVE_CHRONOLOGY_ONLY,NO,YES
1531286,2026-05-16T15:00:00+00:00,1398,WSG Wattens,AWAY,1531283,2026-05-09T15:00:00+00:00,11,11,8,3,3,72.727,4.963,5.054,-0.091,11,11,100.0,100.0,4.545,RESEARCH_COMPONENT,STRICTLY_PRIOR_MATCH_CHRONOLOGY_FORM5_MIN30,RETROSPECTIVE_CHRONOLOGY_ONLY,NO,YES
1382440,2025-08-03T16:30:00+00:00,260,OH Leuven,AWAY,1382431,2025-07-27T14:00:00+00:00,11,11,9,2,2,81.818,4.953,4.906,0.047,9,11,81.818,100.0,1,RESEARCH_COMPONENT,STRICTLY_PRIOR_MATCH_CHRONOLOGY_FORM5_MIN30,RETROSPECTIVE_CHRONOLOGY_ONLY,NO,YES
1382449,2025-08-10T17:15:00+00:00,260,OH Leuven,AWAY,1382440,2025-08-03T16:30:00+00:00,11,11,8,3,3,72.727,4.976,4.877,0.099,10,11,90.909,100.0,1.8,RESEARCH_COMPONENT,STRICTLY_PRIOR_MATCH_CHRONOLOGY_FORM5_MIN30,RETROSPECTIVE_CHRONOLOGY_ONLY,NO,YES
1382450,2025-08-15T18:45:00+00:00,260,OH Leuven,HOME,1382449,2025-08-10T17:15:00+00:00,11,11,10,1,1,90.909,4.917,4.875,0.042,10,11,90.909,100.0,2.6,RESEARCH_COMPONENT,STRICTLY_PRIOR_MATCH_CHRONOLOGY_FORM5_MIN30,RETROSPECTIVE_CHRONOLOGY_ONLY,NO,YES
1382465,2025-08-24T17:15:00+00:00,260,OH Leuven,AWAY,1382450,2025-08-15T18:45:00+00:00,11,11,10,1,1,90.909,4.904,4.902,0.002,10,11,90.909,100.0,3.5,RESEARCH_COMPONENT,STRICTLY_PRIOR_MATCH_CHRONOLOGY_FORM5_MIN30,RETROSPECTIVE_CHRONOLOGY_ONLY,NO,YES
1382469,2025-08-31T14:00:00+00:00,260,OH Leuven,HOME,1382465,2025-08-24T17:15:00+00:00,11,11,9,2,2,81.818,5.169,5.034,0.135,10,11,90.909,100.0,4,RESEARCH_COMPONENT,STRICTLY_PRIOR_MATCH_CHRONOLOGY_FORM5_MIN30,RETROSPECTIVE_CHRONOLOGY_ONLY,NO,YES
1382475,2025-09-13T14:00:00+00:00,260,OH Leuven,AWAY,1382469,2025-08-31T14:00:00+00:00,11,11,9,2,2,81.818,4.916,4.956,-0.04,11,11,100.0,100.0,4,RESEARCH_COMPONENT,STRICTLY_PRIOR_MATCH_CHRONOLOGY_FORM5_MIN30,RETROSPECTIVE_CHRONOLOGY_ONLY,NO,YES
1382488,2025-09-20T14:00:00+00:00,260,OH Leuven,HOME,1382475,2025-09-13T14:00:00+00:00,11,11,9,2,2,81.818,4.95,4.954,-0.004,10,11,90.909,100.0,4.4,RESEARCH_COMPONENT,STRICTLY_PRIOR_MATCH_CHRONOLOGY_FORM5_MIN30,RETROSPECTIVE_CHRONOLOGY_ONLY,NO,YES
1382493,2025-09-26T18:45:00+00:00,260,OH Leuven,HOME,1382488,2025-09-20T14:00:00+00:00,11,11,9,2,2,81.818,5.039,5.056,-0.017,11,11,100.0,100.0,4,RESEARCH_COMPONENT,STRICTLY_PRIOR_MATCH_CHRONOLOGY_FORM5_MIN30,RETROSPECTIVE_CHRONOLOGY_ONLY,NO,YES
1382504,2025-10-05T17:15:00+00:00,260,OH Leuven,AWAY,1382493,2025-09-26T18:45:00+00:00,11,11,11,0,0,100.0,5.002,5.002,0.0,11,11,100.0,100.0,4.364,RESEARCH_COMPONENT,STRICTLY_PRIOR_MATCH_CHRONOLOGY_FORM5_MIN30,RETROSPECTIVE_CHRONOLOGY_ONLY,NO,YES
1382513,2025-10-18T16:15:00+00:00,260,OH Leuven,HOME,1382504,2025-10-05T17:15:00+00:00,11,11,9,2,2,81.818,4.881,4.942,-0.061,11,11,100.0,100.0,4.364,RESEARCH_COMPONENT,STRICTLY_PRIOR_MATCH_CHRONOLOGY_FORM5_MIN30,RETROSPECTIVE_CHRONOLOGY_ONLY,NO,YES
1382514,2025-10-25T16:15:00+00:00,260,OH Leuven,AWAY,1382513,2025-10-18T16:15:00+00:00,11,11,9,2,2,81.818,4.929,4.932,-0.003,11,11,100.0,100.0,4.182,RESEARCH_COMPONENT,STRICTLY_PRIOR_MATCH_CHRONOLOGY_FORM5_MIN30,RETROSPECTIVE_CHRONOLOGY_ONLY,NO,YES
1382528,2025-11-02T15:00:00+00:00,260,OH Leuven,HOME,1382514,2025-10-25T16:15:00+00:00,11,11,10,1,1,90.909,4.924,4.889,0.035,11,11,100.0,100.0,4.545,RESEARCH_COMPONENT,STRICTLY_PRIOR_MATCH_CHRONOLOGY_FORM5_MIN30,RETROSPECTIVE_CHRONOLOGY_ONLY,NO,YES
1382435,2025-08-02T14:00:00+00:00,261,KVC Westerlo,HOME,1382430,2025-07-27T11:30:00+00:00,11,11,10,1,1,90.909,5.706,5.577,0.129,10,11,90.909,100.0,1,RESEARCH_COMPONENT,STRICTLY_PRIOR_MATCH_CHRONOLOGY_FORM5_MIN30,RETROSPECTIVE_CHRONOLOGY_ONLY,NO,YES
1382444,2025-08-09T16:15:00+00:00,261,KVC Westerlo,HOME,1382435,2025-08-02T14:00:00+00:00,11,11,10,1,1,90.909,5.307,5.274,0.033,10,11,90.909,100.0,1.9,RESEARCH_COMPONENT,STRICTLY_PRIOR_MATCH_CHRONOLOGY_FORM5_MIN30,RETROSPECTIVE_CHRONOLOGY_ONLY,NO,YES
1382457,2025-08-17T17:15:00+00:00,261,KVC Westerlo,AWAY,1382444,2025-08-09T16:15:00+00:00,11,11,11,0,0,100.0,5.14,5.14,0.0,11,11,100.0,100.0,2.727,RESEARCH_COMPONENT,STRICTLY_PRIOR_MATCH_CHRONOLOGY_FORM5_MIN30,RETROSPECTIVE_CHRONOLOGY_ONLY,NO,YES
1382468,2025-08-30T16:15:00+00:00,261,KVC Westerlo,HOME,1382457,2025-08-17T17:15:00+00:00,11,11,9,2,2,81.818,5.027,5.119,-0.092,11,11,100.0,100.0,3.273,RESEARCH_COMPONENT,STRICTLY_PRIOR_MATCH_CHRONOLOGY_FORM5_MIN30,RETROSPECTIVE_CHRONOLOGY_ONLY,NO,YES
1382481,2025-09-14T17:15:00+00:00,261,KVC Westerlo,AWAY,1382468,2025-08-30T16:15:00+00:00,11,11,10,1,1,90.909,4.963,4.959,0.004,11,11,100.0,100.0,4.091,RESEARCH_COMPONENT,STRICTLY_PRIOR_MATCH_CHRONOLOGY_FORM5_MIN30,RETROSPECTIVE_CHRONOLOGY_ONLY,NO,YES
1382487,2025-09-21T14:00:00+00:00,261,KVC Westerlo,HOME,1382481,2025-09-14T17:15:00+00:00,11,11,11,0,0,100.0,4.976,4.976,0.0,11,11,100.0,100.0,4.455,RESEARCH_COMPONENT,STRICTLY_PRIOR_MATCH_CHRONOLOGY_FORM5_MIN30,RETROSPECTIVE_CHRONOLOGY_ONLY,NO,YES
1382459,2025-09-24T18:30:00+00:00,261,KVC Westerlo,AWAY,1382487,2025-09-21T14:00:00+00:00,11,11,10,1,1,90.909,5.102,5.067,0.035,10,11,90.909,100.0,4.8,RESEARCH_COMPONENT,STRICTLY_PRIOR_MATCH_CHRONOLOGY_FORM5_MIN30,RETROSPECTIVE_CHRONOLOGY_ONLY,NO,YES
1382497,2025-09-27T18:45:00+00:00,261,KVC Westerlo,AWAY,1382459,2025-09-24T18:30:00+00:00,11,11,11,0,0,100.0,5.133,5.133,0.0,11,11,100.0,100.0,4.636,RESEARCH_COMPONENT,STRICTLY_PRIOR_MATCH_CHRONOLOGY_FORM5_MIN30,RETROSPECTIVE_CHRONOLOGY_ONLY,NO,YES
1382504,2025-10-05T17:15:00+00:00,261,KVC Westerlo,HOME,1382497,2025-09-27T18:45:00+00:00,11,11,11,0,0,100.0,5.104,5.104,0.0,11,11,100.0,100.0,4.727,RESEARCH_COMPONENT,STRICTLY_PRIOR_MATCH_CHRONOLOGY_FORM5_MIN30,RETROSPECTIVE_CHRONOLOGY_ONLY,NO,YES
1382510,2025-10-18T14:00:00+00:00,261,KVC Westerlo,AWAY,1382504,2025-10-05T17:15:00+00:00,11,11,11,0,0,100.0,5.259,5.259,0.0,11,11,100.0,100.0,4.818,RESEARCH_COMPONENT,STRICTLY_PRIOR_MATCH_CHRONOLOGY_FORM5_MIN30,RETROSPECTIVE_CHRONOLOGY_ONLY,NO,YES
1382518,2025-10-25T14:00:00+00:00,261,KVC Westerlo,HOME,1382510,2025-10-18T14:00:00+00:00,11,11,10,1,1,90.909,5.152,5.246,-0.094,11,11,100.0,100.0,4.909,RESEARCH_COMPONENT,STRICTLY_PRIOR_MATCH_CHRONOLOGY_FORM5_MIN30,RETROSPECTIVE_CHRONOLOGY_ONLY,NO,YES
1382524,2025-11-02T12:30:00+00:00,261,KVC Westerlo,HOME,1382518,2025-10-25T14:00:00+00:00,11,11,10,1,1,90.909,5.183,5.136,0.047,10,11,90.909,100.0,5,RESEARCH_COMPONENT,STRICTLY_PRIOR_MATCH_CHRONOLOGY_FORM5_MIN30,RETROSPECTIVE_CHRONOLOGY_ONLY,NO,YES
1382434,2025-08-01T18:45:00+00:00,266,KV Mechelen,HOME,1382428,2025-07-26T16:15:00+00:00,11,11,10,1,1,90.909,5.221,5.165,0.056,10,11,90.909,100.0,1,RESEARCH_COMPONENT,STRICTLY_PRIOR_MATCH_CHRONOLOGY_FORM5_MIN30,RETROSPECTIVE_CHRONOLOGY_ONLY,NO,YES
1382444,2025-08-09T16:15:00+00:00,266,KV Mechelen,AWAY,1382434,2025-08-01T18:45:00+00:00,11,11,11,0,0,100.0,4.849,4.849,0.0,11,11,100.0,100.0,1.909,RESEARCH_COMPONENT,STRICTLY_PRIOR_MATCH_CHRONOLOGY_FORM5_MIN30,RETROSPECTIVE_CHRONOLOGY_ONLY,NO,YES
1382452,2025-08-16T16:15:00+00:00,266,KV Mechelen,HOME,1382444,2025-08-09T16:15:00+00:00,11,11,8,3,3,72.727,5.251,4.943,0.308,10,11,90.909,100.0,2.5,RESEARCH_COMPONENT,STRICTLY_PRIOR_MATCH_CHRONOLOGY_FORM5_MIN30,RETROSPECTIVE_CHRONOLOGY_ONLY,NO,YES
1382462,2025-08-24T11:30:00+00:00,266,KV Mechelen,AWAY,1382452,2025-08-16T16:15:00+00:00,11,11,7,4,4,63.636,4.784,5.141,-0.357,10,11,90.909,100.0,3,RESEARCH_COMPONENT,STRICTLY_PRIOR_MATCH_CHRONOLOGY_FORM5_MIN30,RETROSPECTIVE_CHRONOLOGY_ONLY,NO,YES
1382467,2025-08-30T14:00:00+00:00,266,KV Mechelen,HOME,1382462,2025-08-24T11:30:00+00:00,11,11,10,1,1,90.909,4.944,4.887,0.057,11,11,100.0,100.0,3.455,RESEARCH_COMPONENT,STRICTLY_PRIOR_MATCH_CHRONOLOGY_FORM5_MIN30,RETROSPECTIVE_CHRONOLOGY_ONLY,NO,YES
1382474,2025-09-12T18:45:00+00:00,266,KV Mechelen,AWAY,1382467,2025-08-30T14:00:00+00:00,11,11,8,3,3,72.727,5.278,5.134,0.144,10,11,90.909,100.0,3.9,RESEARCH_COMPONENT,STRICTLY_PRIOR_MATCH_CHRONOLOGY_FORM5_MIN30,RETROSPECTIVE_CHRONOLOGY_ONLY,NO,YES
1382485,2025-09-21T17:15:00+00:00,266,KV Mechelen,HOME,1382474,2025-09-12T18:45:00+00:00,11,11,10,1,1,90.909,5.331,5.283,0.048,11,11,100.0,100.0,3.909,RESEARCH_COMPONENT,STRICTLY_PRIOR_MATCH_CHRONOLOGY_FORM5_MIN30,RETROSPECTIVE_CHRONOLOGY_ONLY,NO,YES
1382496,2025-09-28T16:30:00+00:00,266,KV Mechelen,AWAY,1382485,2025-09-21T17:15:00+00:00,11,11,8,3,3,72.727,5.28,5.248,0.032,10,11,90.909,100.0,4.4,RESEARCH_COMPONENT,STRICTLY_PRIOR_MATCH_CHRONOLOGY_FORM5_MIN30,RETROSPECTIVE_CHRONOLOGY_ONLY,NO,YES
1382503,2025-10-04T14:00:00+00:00,266,KV Mechelen,HOME,1382496,2025-09-28T16:30:00+00:00,11,11,11,0,0,100.0,5.287,5.287,0.0,11,11,100.0,100.0,4.364,RESEARCH_COMPONENT,STRICTLY_PRIOR_MATCH_CHRONOLOGY_FORM5_MIN30,RETROSPECTIVE_CHRONOLOGY_ONLY,NO,YES
1382512,2025-10-19T14:00:00+00:00,266,KV Mechelen,AWAY,1382503,2025-10-04T14:00:00+00:00,11,11,9,2,2,81.818,5.098,5.224,-0.126,11,11,100.0,100.0,4.636,RESEARCH_COMPONENT,STRICTLY_PRIOR_MATCH_CHRONOLOGY_FORM5_MIN30,RETROSPECTIVE_CHRONOLOGY_ONLY,NO,YES
1382514,2025-10-25T16:15:00+00:00,266,KV Mechelen,HOME,1382512,2025-10-19T14:00:00+00:00,11,11,10,1,1,90.909,5.012,4.989,0.023,11,11,100.0,100.0,4.818,RESEARCH_COMPONENT,STRICTLY_PRIOR_MATCH_CHRONOLOGY_FORM5_MIN30,RETROSPECTIVE_CHRONOLOGY_ONLY,NO,YES
1382523,2025-11-01T19:45:00+00:00,266,KV Mechelen,AWAY,1382514,2025-10-25T16:15:00+00:00,11,11,8,3,3,72.727,5.073,5.0,0.073,11,11,100.0,100.0,4.364,RESEARCH_COMPONENT,STRICTLY_PRIOR_MATCH_CHRONOLOGY_FORM5_MIN30,RETROSPECTIVE_CHRONOLOGY_ONLY,NO,YES
1390034,2025-08-09T17:30:00+00:00,4256,Grazer AK,AWAY,1390030,2025-08-03T15:00:00+00:00,11,11,10,1,1,90.909,5.1,5.13,-0.03,10,11,90.909,100.0,1,RESEARCH_COMPONENT,STRICTLY_PRIOR_MATCH_CHRONOLOGY_FORM5_MIN30,RETROSPECTIVE_CHRONOLOGY_ONLY,NO,YES
1390039,2025-08-16T15:00:00+00:00,4256,Grazer AK,HOME,1390034,2025-08-09T17:30:00+00:00,11,11,9,2,2,81.818,4.828,4.797,0.031,10,11,90.909,100.0,1.6,RESEARCH_COMPONENT,STRICTLY_PRIOR_MATCH_CHRONOLOGY_FORM5_MIN30,RETROSPECTIVE_CHRONOLOGY_ONLY,NO,YES
1390049,2025-08-24T15:00:00+00:00,4256,Grazer AK,AWAY,1390039,2025-08-16T15:00:00+00:00,11,11,10,1,1,90.909,5.16,5.11,0.05,11,11,100.0,100.0,2.455,RESEARCH_COMPONENT,STRICTLY_PRIOR_MATCH_CHRONOLOGY_FORM5_MIN30,RETROSPECTIVE_CHRONOLOGY_ONLY,NO,YES
1390052,2025-08-30T17:30:00+00:00,4256,Grazer AK,HOME,1390049,2025-08-24T15:00:00+00:00,11,11,9,2,2,81.818,4.974,5.068,-0.094,11,11,100.0,100.0,3.273,RESEARCH_COMPONENT,STRICTLY_PRIOR_MATCH_CHRONOLOGY_FORM5_MIN30,RETROSPECTIVE_CHRONOLOGY_ONLY,NO,YES
1390056,2025-09-13T15:00:00+00:00,4256,Grazer AK,AWAY,1390052,2025-08-30T17:30:00+00:00,11,11,6,5,5,54.545,5.04,4.977,0.063,9,11,81.818,100.0,3.556,RESEARCH_COMPONENT,STRICTLY_PRIOR_MATCH_CHRONOLOGY_FORM5_MIN30,RETROSPECTIVE_CHRONOLOGY_ONLY,NO,YES
1390064,2025-09-21T15:00:00+00:00,4256,Grazer AK,HOME,1390056,2025-09-13T15:00:00+00:00,11,11,8,3,3,72.727,5.067,5.029,0.038,11,11,100.0,100.0,4.455,RESEARCH_COMPONENT,STRICTLY_PRIOR_MATCH_CHRONOLOGY_FORM5_MIN30,RETROSPECTIVE_CHRONOLOGY_ONLY,NO,YES
1390069,2025-09-27T15:00:00+00:00,4256,Grazer AK,AWAY,1390064,2025-09-21T15:00:00+00:00,11,11,10,1,1,90.909,5.082,5.038,0.044,11,11,100.0,100.0,4.818,RESEARCH_COMPONENT,STRICTLY_PRIOR_MATCH_CHRONOLOGY_FORM5_MIN30,RETROSPECTIVE_CHRONOLOGY_ONLY,NO,YES
1390075,2025-10-04T15:00:00+00:00,4256,Grazer AK,HOME,1390069,2025-09-27T15:00:00+00:00,11,11,9,2,2,81.818,4.89,4.995,-0.105,11,11,100.0,100.0,4.818,RESEARCH_COMPONENT,STRICTLY_PRIOR_MATCH_CHRONOLOGY_FORM5_MIN30,RETROSPECTIVE_CHRONOLOGY_ONLY,NO,YES
1390079,2025-10-18T15:00:00+00:00,4256,Grazer AK,HOME,1390075,2025-10-04T15:00:00+00:00,11,11,7,4,4,63.636,4.829,4.877,-0.048,10,11,90.909,100.0,4.7,RESEARCH_COMPONENT,STRICTLY_PRIOR_MATCH_CHRONOLOGY_FORM5_MIN30,RETROSPECTIVE_CHRONOLOGY_ONLY,NO,YES
1390088,2025-10-25T15:00:00+00:00,4256,Grazer AK,AWAY,1390079,2025-10-18T15:00:00+00:00,11,11,9,2,2,81.818,4.855,4.991,-0.136,11,11,100.0,100.0,4.182,RESEARCH_COMPONENT,STRICTLY_PRIOR_MATCH_CHRONOLOGY_FORM5_MIN30,RETROSPECTIVE_CHRONOLOGY_ONLY,NO,YES
1390094,2025-11-01T16:00:00+00:00,4256,Grazer AK,HOME,1390088,2025-10-25T15:00:00+00:00,11,11,7,4,4,63.636,4.895,4.872,0.023,10,11,90.909,100.0,4.2,RESEARCH_COMPONENT,STRICTLY_PRIOR_MATCH_CHRONOLOGY_FORM5_MIN30,RETROSPECTIVE_CHRONOLOGY_ONLY,NO,YES
1390098,2025-11-08T16:00:00+00:00,4256,Grazer AK,AWAY,1390094,2025-11-01T16:00:00+00:00,11,11,10,1,1,90.909,4.97,4.999,-0.029,11,11,100.0,100.0,4.273,RESEARCH_COMPONENT,STRICTLY_PRIOR_MATCH_CHRONOLOGY_FORM5_MIN30,RETROSPECTIVE_CHRONOLOGY_ONLY,NO,YES
1390104,2025-11-23T16:00:00+00:00,4256,Grazer AK,AWAY,1390098,2025-11-08T16:00:00+00:00,11,11,10,1,1,90.909,5.076,5.04,0.036,11,11,100.0,100.0,4.545,RESEARCH_COMPONENT,STRICTLY_PRIOR_MATCH_CHRONOLOGY_FORM5_MIN30,RETROSPECTIVE_CHRONOLOGY_ONLY,NO,YES
1390110,2025-11-29T16:00:00+00:00,4256,Grazer AK,HOME,1390104,2025-11-23T16:00:00+00:00,11,11,10,1,1,90.909,5.135,5.109,0.026,11,11,100.0,100.0,4.727,RESEARCH_COMPONENT,STRICTLY_PRIOR_MATCH_CHRONOLOGY_FORM5_MIN30,RETROSPECTIVE_CHRONOLOGY_ONLY,NO,YES
1390118,2025-12-07T16:00:00+00:00,4256,Grazer AK,AWAY,1390110,2025-11-29T16:00:00+00:00,11,11,10,1,1,90.909,5.254,5.133,0.121,11,11,100.0,100.0,4.636,RESEARCH_COMPONENT,STRICTLY_PRIOR_MATCH_CHRONOLOGY_FORM5_MIN30,RETROSPECTIVE_CHRONOLOGY_ONLY,NO,YES
1390121,2025-12-13T16:00:00+00:00,4256,Grazer AK,HOME,1390118,2025-12-07T16:00:00+00:00,11,11,11,0,0,100.0,5.165,5.165,0.0,11,11,100.0,100.0,4.818,RESEARCH_COMPONENT,STRICTLY_PRIOR_MATCH_CHRONOLOGY_FORM5_MIN30,RETROSPECTIVE_CHRONOLOGY_ONLY,NO,YES
1390126,2026-02-08T13:30:00+00:00,4256,Grazer AK,AWAY,1390121,2025-12-13T16:00:00+00:00,11,11,6,5,5,54.545,5.007,5.113,-0.106,8,11,72.727,100.0,5,RESEARCH_COMPONENT,STRICTLY_PRIOR_MATCH_CHRONOLOGY_FORM5_MIN30,RETROSPECTIVE_CHRONOLOGY_ONLY,NO,YES
1390134,2026-02-15T13:30:00+00:00,4256,Grazer AK,HOME,1390126,2026-02-08T13:30:00+00:00,11,11,9,2,2,81.818,5.062,5.094,-0.032,11,11,100.0,100.0,3.909,RESEARCH_COMPONENT,STRICTLY_PRIOR_MATCH_CHRONOLOGY_FORM5_MIN30,RETROSPECTIVE_CHRONOLOGY_ONLY,NO,YES
1390141,2026-02-21T16:00:00+00:00,4256,Grazer AK,AWAY,1390134,2026-02-15T13:30:00+00:00,11,11,8,3,3,72.727,5.248,5.097,0.151,11,11,100.0,100.0,4.182,RESEARCH_COMPONENT,STRICTLY_PRIOR_MATCH_CHRONOLOGY_FORM5_MIN30,RETROSPECTIVE_CHRONOLOGY_ONLY,NO,YES
1390144,2026-03-01T16:00:00+00:00,4256,Grazer AK,HOME,1390141,2026-02-21T16:00:00+00:00,11,11,8,3,3,72.727,5.259,5.218,0.041,11,11,100.0,100.0,4.273,RESEARCH_COMPONENT,STRICTLY_PRIOR_MATCH_CHRONOLOGY_FORM5_MIN30,RETROSPECTIVE_CHRONOLOGY_ONLY,NO,YES
1390153,2026-03-08T16:00:00+00:00,4256,Grazer AK,AWAY,1390144,2026-03-01T16:00:00+00:00,11,11,10,1,1,90.909,5.244,5.231,0.013,11,11,100.0,100.0,4.636,RESEARCH_COMPONENT,STRICTLY_PRIOR_MATCH_CHRONOLOGY_FORM5_MIN30,RETROSPECTIVE_CHRONOLOGY_ONLY,NO,YES
1531168,2026-03-14T16:00:00+00:00,4256,Grazer AK,HOME,1390153,2026-03-08T16:00:00+00:00,11,11,10,1,1,90.909,5.17,5.116,0.054,11,11,100.0,100.0,5,RESEARCH_COMPONENT,STRICTLY_PRIOR_MATCH_CHRONOLOGY_FORM5_MIN30,RETROSPECTIVE_CHRONOLOGY_ONLY,NO,YES
1531261,2026-03-21T16:00:00+00:00,4256,Grazer AK,AWAY,1531168,2026-03-14T16:00:00+00:00,11,11,11,0,0,100.0,5.087,5.087,0.0,11,11,100.0,100.0,5,RESEARCH_COMPONENT,STRICTLY_PRIOR_MATCH_CHRONOLOGY_FORM5_MIN30,RETROSPECTIVE_CHRONOLOGY_ONLY,NO,YES
1531264,2026-04-04T15:00:00+00:00,4256,Grazer AK,HOME,1531261,2026-03-21T16:00:00+00:00,11,11,11,0,0,100.0,5.061,5.061,0.0,11,11,100.0,100.0,5,RESEARCH_COMPONENT,STRICTLY_PRIOR_MATCH_CHRONOLOGY_FORM5_MIN30,RETROSPECTIVE_CHRONOLOGY_ONLY,NO,YES
1531266,2026-04-11T15:00:00+00:00,4256,Grazer AK,AWAY,1531264,2026-04-04T15:00:00+00:00,11,11,10,1,1,90.909,5.146,5.145,0.001,11,11,100.0,100.0,5,RESEARCH_COMPONENT,STRICTLY_PRIOR_MATCH_CHRONOLOGY_FORM5_MIN30,RETROSPECTIVE_CHRONOLOGY_ONLY,NO,YES
1531269,2026-04-17T17:30:00+00:00,4256,Grazer AK,HOME,1531266,2026-04-11T15:00:00+00:00,11,11,10,1,1,90.909,5.037,5.036,0.001,11,11,100.0,100.0,5,RESEARCH_COMPONENT,STRICTLY_PRIOR_MATCH_CHRONOLOGY_FORM5_MIN30,RETROSPECTIVE_CHRONOLOGY_ONLY,NO,YES
1531274,2026-04-21T18:30:00+00:00,4256,Grazer AK,AWAY,1531269,2026-04-17T17:30:00+00:00,11,11,9,2,2,81.818,5.169,5.051,0.118,11,11,100.0,100.0,4.636,RESEARCH_COMPONENT,STRICTLY_PRIOR_MATCH_CHRONOLOGY_FORM5_MIN30,RETROSPECTIVE_CHRONOLOGY_ONLY,NO,YES
1531277,2026-04-25T15:00:00+00:00,4256,Grazer AK,AWAY,1531274,2026-04-21T18:30:00+00:00,11,11,8,3,3,72.727,5.009,5.016,-0.007,11,11,100.0,100.0,5,RESEARCH_COMPONENT,STRICTLY_PRIOR_MATCH_CHRONOLOGY_FORM5_MIN30,RETROSPECTIVE_CHRONOLOGY_ONLY,NO,YES
1531278,2026-05-02T15:00:00+00:00,4256,Grazer AK,HOME,1531277,2026-04-25T15:00:00+00:00,11,11,8,3,3,72.727,5.004,4.993,0.011,11,11,100.0,100.0,5,RESEARCH_COMPONENT,STRICTLY_PRIOR_MATCH_CHRONOLOGY_FORM5_MIN30,RETROSPECTIVE_CHRONOLOGY_ONLY,NO,YES
1531281,2026-05-09T15:00:00+00:00,4256,Grazer AK,HOME,1531278,2026-05-02T15:00:00+00:00,11,11,11,0,0,100.0,4.976,4.976,0.0,11,11,100.0,100.0,5,RESEARCH_COMPONENT,STRICTLY_PRIOR_MATCH_CHRONOLOGY_FORM5_MIN30,RETROSPECTIVE_CHRONOLOGY_ONLY,NO,YES
1531285,2026-05-16T15:00:00+00:00,4256,Grazer AK,AWAY,1531281,2026-05-09T15:00:00+00:00,11,11,10,1,1,90.909,4.91,4.903,0.007,11,11,100.0,100.0,5,RESEARCH_COMPONENT,STRICTLY_PRIOR_MATCH_CHRONOLOGY_FORM5_MIN30,RETROSPECTIVE_CHRONOLOGY_ONLY,NO,YES
1382439,2025-08-03T14:00:00+00:00,554,Anderlecht,AWAY,1382430,2025-07-27T11:30:00+00:00,11,11,8,3,3,72.727,5.024,5.069,-0.045,8,11,72.727,100.0,1,RESEARCH_COMPONENT,STRICTLY_PRIOR_MATCH_CHRONOLOGY_FORM5_MIN30,RETROSPECTIVE_CHRONOLOGY_ONLY,NO,YES
1382447,2025-08-10T14:00:00+00:00,554,Anderlecht,HOME,1382439,2025-08-03T14:00:00+00:00,11,11,7,4,4,63.636,4.783,4.916,-0.133,9,11,81.818,100.0,1.556,RESEARCH_COMPONENT,STRICTLY_PRIOR_MATCH_CHRONOLOGY_FORM5_MIN30,RETROSPECTIVE_CHRONOLOGY_ONLY,NO,YES
1382454,2025-08-17T11:30:00+00:00,554,Anderlecht,AWAY,1382447,2025-08-10T14:00:00+00:00,11,11,8,3,3,72.727,5.045,5.057,-0.012,11,11,100.0,100.0,2.364,RESEARCH_COMPONENT,STRICTLY_PRIOR_MATCH_CHRONOLOGY_FORM5_MIN30,RETROSPECTIVE_CHRONOLOGY_ONLY,NO,YES
1382472,2025-08-31T16:30:00+00:00,554,Anderlecht,AWAY,1382454,2025-08-17T11:30:00+00:00,11,11,7,4,4,63.636,5.244,5.08,0.164,11,11,100.0,100.0,2.727,RESEARCH_COMPONENT,STRICTLY_PRIOR_MATCH_CHRONOLOGY_FORM5_MIN30,RETROSPECTIVE_CHRONOLOGY_ONLY,NO,YES
1382480,2025-09-14T16:30:00+00:00,554,Anderlecht,HOME,1382472,2025-08-31T16:30:00+00:00,11,11,9,2,2,81.818,5.171,5.151,0.02,10,11,90.909,100.0,3.8,RESEARCH_COMPONENT,STRICTLY_PRIOR_MATCH_CHRONOLOGY_FORM5_MIN30,RETROSPECTIVE_CHRONOLOGY_ONLY,NO,YES
1382483,2025-09-20T18:45:00+00:00,554,Anderlecht,HOME,1382480,2025-09-14T16:30:00+00:00,11,11,9,2,2,81.818,5.396,5.3,0.096,10,11,90.909,100.0,4.3,RESEARCH_COMPONENT,STRICTLY_PRIOR_MATCH_CHRONOLOGY_FORM5_MIN30,RETROSPECTIVE_CHRONOLOGY_ONLY,NO,YES
1382463,2025-09-23T18:30:00+00:00,554,Anderlecht,HOME,1382483,2025-09-20T18:45:00+00:00,11,11,8,3,3,72.727,5.022,5.131,-0.109,11,11,100.0,100.0,3.909,RESEARCH_COMPONENT,STRICTLY_PRIOR_MATCH_CHRONOLOGY_FORM5_MIN30,RETROSPECTIVE_CHRONOLOGY_ONLY,NO,YES
1382493,2025-09-26T18:45:00+00:00,554,Anderlecht,AWAY,1382463,2025-09-23T18:30:00+00:00,11,11,9,2,2,81.818,5.213,5.17,0.043,11,11,100.0,100.0,4.273,RESEARCH_COMPONENT,STRICTLY_PRIOR_MATCH_CHRONOLOGY_FORM5_MIN30,RETROSPECTIVE_CHRONOLOGY_ONLY,NO,YES
1382502,2025-10-05T11:30:00+00:00,554,Anderlecht,HOME,1382493,2025-09-26T18:45:00+00:00,11,11,9,2,2,81.818,5.145,5.181,-0.036,11,11,100.0,100.0,4.727,RESEARCH_COMPONENT,STRICTLY_PRIOR_MATCH_CHRONOLOGY_FORM5_MIN30,RETROSPECTIVE_CHRONOLOGY_ONLY,NO,YES
1382506,2025-10-19T16:30:00+00:00,554,Anderlecht,AWAY,1382502,2025-10-05T11:30:00+00:00,11,11,8,3,3,72.727,5.366,5.112,0.254,11,11,100.0,100.0,4.091,RESEARCH_COMPONENT,STRICTLY_PRIOR_MATCH_CHRONOLOGY_FORM5_MIN30,RETROSPECTIVE_CHRONOLOGY_ONLY,NO,YES
1382521,2025-10-24T18:45:00+00:00,554,Anderlecht,AWAY,1382506,2025-10-19T16:30:00+00:00,11,11,11,0,0,100.0,5.301,5.301,0.0,11,11,100.0,100.0,4.455,RESEARCH_COMPONENT,STRICTLY_PRIOR_MATCH_CHRONOLOGY_FORM5_MIN30,RETROSPECTIVE_CHRONOLOGY_ONLY,NO,YES
1382523,2025-11-01T19:45:00+00:00,554,Anderlecht,HOME,1382521,2025-10-24T18:45:00+00:00,11,11,9,2,2,81.818,5.121,5.163,-0.042,11,11,100.0,100.0,4.545,RESEARCH_COMPONENT,STRICTLY_PRIOR_MATCH_CHRONOLOGY_FORM5_MIN30,RETROSPECTIVE_CHRONOLOGY_ONLY,NO,YES
1382434,2025-08-01T18:45:00+00:00,569,Club Brugge KV,AWAY,1382432,2025-07-27T16:30:00+00:00,11,11,9,2,2,81.818,5.099,5.194,-0.095,9,11,81.818,100.0,1,RESEARCH_COMPONENT,STRICTLY_PRIOR_MATCH_CHRONOLOGY_FORM5_MIN30,RETROSPECTIVE_CHRONOLOGY_ONLY,NO,YES
1382443,2025-08-09T14:00:00+00:00,569,Club Brugge KV,HOME,1382434,2025-08-01T18:45:00+00:00,11,11,7,4,4,63.636,6.028,5.675,0.353,8,11,72.727,100.0,1.875,RESEARCH_COMPONENT,STRICTLY_PRIOR_MATCH_CHRONOLOGY_FORM5_MIN30,RETROSPECTIVE_CHRONOLOGY_ONLY,NO,YES
1382451,2025-08-16T14:00:00+00:00,569,Club Brugge KV,AWAY,1382443,2025-08-09T14:00:00+00:00,11,11,9,2,2,81.818,5.573,5.578,-0.005,11,11,100.0,100.0,2.182,RESEARCH_COMPONENT,STRICTLY_PRIOR_MATCH_CHRONOLOGY_FORM5_MIN30,RETROSPECTIVE_CHRONOLOGY_ONLY,NO,YES
1382470,2025-08-31T11:30:00+00:00,569,Club Brugge KV,AWAY,1382451,2025-08-16T14:00:00+00:00,11,11,7,4,4,63.636,5.629,5.596,0.033,10,11,90.909,100.0,2.9,RESEARCH_COMPONENT,STRICTLY_PRIOR_MATCH_CHRONOLOGY_FORM5_MIN30,RETROSPECTIVE_CHRONOLOGY_ONLY,NO,YES
1382477,2025-09-13T18:45:00+00:00,569,Club Brugge KV,AWAY,1382470,2025-08-31T11:30:00+00:00,11,11,8,3,3,72.727,5.78,5.619,0.161,9,11,81.818,100.0,3.667,RESEARCH_COMPONENT,STRICTLY_PRIOR_MATCH_CHRONOLOGY_FORM5_MIN30,RETROSPECTIVE_CHRONOLOGY_ONLY,NO,YES
1382484,2025-09-21T16:30:00+00:00,569,Club Brugge KV,HOME,1382477,2025-09-13T18:45:00+00:00,11,11,8,3,3,72.727,5.471,5.654,-0.183,11,10,100.0,90.909,4.091,RESEARCH_COMPONENT,STRICTLY_PRIOR_MATCH_CHRONOLOGY_FORM5_MIN30,RETROSPECTIVE_CHRONOLOGY_ONLY,NO,YES
1382459,2025-09-24T18:30:00+00:00,569,Club Brugge KV,HOME,1382484,2025-09-21T16:30:00+00:00,11,11,8,3,3,72.727,5.676,5.479,0.197,10,11,90.909,100.0,4.6,RESEARCH_COMPONENT,STRICTLY_PRIOR_MATCH_CHRONOLOGY_FORM5_MIN30,RETROSPECTIVE_CHRONOLOGY_ONLY,NO,YES
1382494,2025-09-27T16:15:00+00:00,569,Club Brugge KV,AWAY,1382459,2025-09-24T18:30:00+00:00,11,11,7,4,4,63.636,5.608,5.778,-0.17,11,10,100.0,90.909,4.455,RESEARCH_COMPONENT,STRICTLY_PRIOR_MATCH_CHRONOLOGY_FORM5_MIN30,RETROSPECTIVE_CHRONOLOGY_ONLY,NO,YES
1382500,2025-10-05T16:30:00+00:00,569,Club Brugge KV,HOME,1382494,2025-09-27T16:15:00+00:00,11,11,10,1,1,90.909,5.535,5.519,0.016,11,11,100.0,100.0,4.727,RESEARCH_COMPONENT,STRICTLY_PRIOR_MATCH_CHRONOLOGY_FORM5_MIN30,RETROSPECTIVE_CHRONOLOGY_ONLY,NO,YES
1382513,2025-10-18T16:15:00+00:00,569,Club Brugge KV,AWAY,1382500,2025-10-05T16:30:00+00:00,11,11,9,2,2,81.818,5.663,5.585,0.078,11,11,100.0,100.0,4.818,RESEARCH_COMPONENT,STRICTLY_PRIOR_MATCH_CHRONOLOGY_FORM5_MIN30,RETROSPECTIVE_CHRONOLOGY_ONLY,NO,YES
1382519,2025-10-26T12:30:00+00:00,569,Club Brugge KV,AWAY,1382513,2025-10-18T16:15:00+00:00,11,11,7,4,4,63.636,5.631,5.621,0.01,10,11,90.909,100.0,4.9,RESEARCH_COMPONENT,STRICTLY_PRIOR_MATCH_CHRONOLOGY_FORM5_MIN30,RETROSPECTIVE_CHRONOLOGY_ONLY,NO,YES
1382529,2025-11-01T17:15:00+00:00,569,Club Brugge KV,HOME,1382519,2025-10-26T12:30:00+00:00,11,11,10,1,1,90.909,5.471,5.476,-0.005,11,10,100.0,90.909,5,RESEARCH_COMPONENT,STRICTLY_PRIOR_MATCH_CHRONOLOGY_FORM5_MIN30,RETROSPECTIVE_CHRONOLOGY_ONLY,NO,YES
1390034,2025-08-09T17:30:00+00:00,571,Red Bull Salzburg,HOME,1390029,2025-08-02T17:30:00+00:00,11,11,6,5,5,54.545,5.361,5.429,,7,11,63.636,100.0,1,DATA_BLOCKED,STRICTLY_PRIOR_MATCH_CHRONOLOGY_FORM5_MIN30,RETROSPECTIVE_CHRONOLOGY_ONLY,NO,YES
1390038,2025-08-16T15:00:00+00:00,571,Red Bull Salzburg,AWAY,1390034,2025-08-09T17:30:00+00:00,11,11,7,4,4,63.636,6.175,5.76,0.415,10,11,90.909,100.0,1.6,RESEARCH_COMPONENT,STRICTLY_PRIOR_MATCH_CHRONOLOGY_FORM5_MIN30,RETROSPECTIVE_CHRONOLOGY_ONLY,NO,YES
1390045,2025-08-23T15:00:00+00:00,571,Red Bull Salzburg,HOME,1390038,2025-08-16T15:00:00+00:00,11,11,6,5,5,54.545,5.522,5.969,-0.447,10,11,90.909,100.0,2.6,RESEARCH_COMPONENT,STRICTLY_PRIOR_MATCH_CHRONOLOGY_FORM5_MIN30,RETROSPECTIVE_CHRONOLOGY_ONLY,NO,YES
1390050,2025-08-30T15:00:00+00:00,571,Red Bull Salzburg,HOME,1390045,2025-08-23T15:00:00+00:00,11,11,11,0,0,100.0,5.589,5.589,0.0,11,11,100.0,100.0,3.364,RESEARCH_COMPONENT,STRICTLY_PRIOR_MATCH_CHRONOLOGY_FORM5_MIN30,RETROSPECTIVE_CHRONOLOGY_ONLY,NO,YES
1390059,2025-09-13T15:00:00+00:00,571,Red Bull Salzburg,AWAY,1390050,2025-08-30T15:00:00+00:00,11,11,9,2,2,81.818,5.658,5.73,-0.072,11,11,100.0,100.0,4.273,RESEARCH_COMPONENT,STRICTLY_PRIOR_MATCH_CHRONOLOGY_FORM5_MIN30,RETROSPECTIVE_CHRONOLOGY_ONLY,NO,YES
1390066,2025-09-20T15:00:00+00:00,571,Red Bull Salzburg,HOME,1390059,2025-09-13T15:00:00+00:00,11,11,8,3,3,72.727,5.711,5.604,0.107,11,11,100.0,100.0,4,RESEARCH_COMPONENT,STRICTLY_PRIOR_MATCH_CHRONOLOGY_FORM5_MIN30,RETROSPECTIVE_CHRONOLOGY_ONLY,NO,YES
1390072,2025-09-28T12:30:00+00:00,571,Red Bull Salzburg,AWAY,1390066,2025-09-20T15:00:00+00:00,11,11,6,5,5,54.545,5.629,5.475,0.154,11,11,100.0,100.0,4.091,RESEARCH_COMPONENT,STRICTLY_PRIOR_MATCH_CHRONOLOGY_FORM5_MIN30,RETROSPECTIVE_CHRONOLOGY_ONLY,NO,YES
1390073,2025-10-05T15:00:00+00:00,571,Red Bull Salzburg,HOME,1390072,2025-09-28T12:30:00+00:00,11,11,7,4,4,63.636,5.442,5.473,-0.031,11,11,100.0,100.0,4.364,RESEARCH_COMPONENT,STRICTLY_PRIOR_MATCH_CHRONOLOGY_FORM5_MIN30,RETROSPECTIVE_CHRONOLOGY_ONLY,NO,YES
1399969,2025-10-19T12:30:00+00:00,571,Red Bull Salzburg,HOME,1390073,2025-10-05T15:00:00+00:00,11,11,8,3,3,72.727,5.32,5.284,0.036,11,11,100.0,100.0,4.091,RESEARCH_COMPONENT,STRICTLY_PRIOR_MATCH_CHRONOLOGY_FORM5_MIN30,RETROSPECTIVE_CHRONOLOGY_ONLY,NO,YES
1390086,2025-10-26T16:00:00+00:00,571,Red Bull Salzburg,AWAY,1399969,2025-10-19T12:30:00+00:00,11,11,8,3,3,72.727,5.366,5.278,0.088,11,11,100.0,100.0,4.545,RESEARCH_COMPONENT,STRICTLY_PRIOR_MATCH_CHRONOLOGY_FORM5_MIN30,RETROSPECTIVE_CHRONOLOGY_ONLY,NO,YES
1390092,2025-11-02T13:30:00+00:00,571,Red Bull Salzburg,HOME,1390086,2025-10-26T16:00:00+00:00,11,11,3,8,8,27.273,5.343,5.268,0.075,10,11,90.909,100.0,4.3,RESEARCH_COMPONENT,STRICTLY_PRIOR_MATCH_CHRONOLOGY_FORM5_MIN30,RETROSPECTIVE_CHRONOLOGY_ONLY,NO,YES
1390096,2025-11-09T16:00:00+00:00,571,Red Bull Salzburg,AWAY,1390092,2025-11-02T13:30:00+00:00,11,11,5,6,6,45.455,5.363,5.272,0.091,11,11,100.0,100.0,4.909,RESEARCH_COMPONENT,STRICTLY_PRIOR_MATCH_CHRONOLOGY_FORM5_MIN30,RETROSPECTIVE_CHRONOLOGY_ONLY,NO,YES
1390103,2025-11-23T13:30:00+00:00,571,Red Bull Salzburg,HOME,1390096,2025-11-09T16:00:00+00:00,11,11,8,3,3,72.727,5.218,5.346,-0.128,11,11,100.0,100.0,5,RESEARCH_COMPONENT,STRICTLY_PRIOR_MATCH_CHRONOLOGY_FORM5_MIN30,RETROSPECTIVE_CHRONOLOGY_ONLY,NO,YES
1390112,2025-11-30T13:30:00+00:00,571,Red Bull Salzburg,AWAY,1390103,2025-11-23T13:30:00+00:00,11,11,5,6,6,45.455,5.31,5.225,0.085,11,11,100.0,100.0,4.909,RESEARCH_COMPONENT,STRICTLY_PRIOR_MATCH_CHRONOLOGY_FORM5_MIN30,RETROSPECTIVE_CHRONOLOGY_ONLY,NO,YES
1390114,2025-12-06T16:00:00+00:00,571,Red Bull Salzburg,AWAY,1390112,2025-11-30T13:30:00+00:00,11,11,8,3,3,72.727,5.114,5.164,-0.05,11,11,100.0,100.0,5,RESEARCH_COMPONENT,STRICTLY_PRIOR_MATCH_CHRONOLOGY_FORM5_MIN30,RETROSPECTIVE_CHRONOLOGY_ONLY,NO,YES
1390125,2025-12-14T13:30:00+00:00,571,Red Bull Salzburg,HOME,1390114,2025-12-06T16:00:00+00:00,11,11,9,2,2,81.818,5.217,5.218,-0.001,11,11,100.0,100.0,5,RESEARCH_COMPONENT,STRICTLY_PRIOR_MATCH_CHRONOLOGY_FORM5_MIN30,RETROSPECTIVE_CHRONOLOGY_ONLY,NO,YES
1390127,2026-02-06T19:30:00+00:00,571,Red Bull Salzburg,HOME,1390125,2025-12-14T13:30:00+00:00,11,11,6,5,5,54.545,5.29,5.205,0.085,10,11,90.909,100.0,4.9,RESEARCH_COMPONENT,STRICTLY_PRIOR_MATCH_CHRONOLOGY_FORM5_MIN30,RETROSPECTIVE_CHRONOLOGY_ONLY,NO,YES
1390134,2026-02-15T13:30:00+00:00,571,Red Bull Salzburg,AWAY,1390127,2026-02-06T19:30:00+00:00,11,11,8,3,3,72.727,5.295,5.479,-0.184,10,11,90.909,100.0,4.6,RESEARCH_COMPONENT,STRICTLY_PRIOR_MATCH_CHRONOLOGY_FORM5_MIN30,RETROSPECTIVE_CHRONOLOGY_ONLY,NO,YES
1390142,2026-02-22T16:00:00+00:00,571,Red Bull Salzburg,AWAY,1390134,2026-02-15T13:30:00+00:00,11,11,11,0,0,100.0,5.361,5.361,0.0,11,11,100.0,100.0,4.364,RESEARCH_COMPONENT,STRICTLY_PRIOR_MATCH_CHRONOLOGY_FORM5_MIN30,RETROSPECTIVE_CHRONOLOGY_ONLY,NO,YES
1390148,2026-03-01T16:00:00+00:00,571,Red Bull Salzburg,HOME,1390142,2026-02-22T16:00:00+00:00,11,11,9,2,2,81.818,5.431,5.413,0.018,11,11,100.0,100.0,4.545,RESEARCH_COMPONENT,STRICTLY_PRIOR_MATCH_CHRONOLOGY_FORM5_MIN30,RETROSPECTIVE_CHRONOLOGY_ONLY,NO,YES
1390151,2026-03-08T16:00:00+00:00,571,Red Bull Salzburg,AWAY,1390148,2026-03-01T16:00:00+00:00,11,11,8,3,3,72.727,5.593,5.52,0.073,10,11,90.909,100.0,4.8,RESEARCH_COMPONENT,STRICTLY_PRIOR_MATCH_CHRONOLOGY_FORM5_MIN30,RETROSPECTIVE_CHRONOLOGY_ONLY,NO,YES
1531170,2026-03-15T13:30:00+00:00,571,Red Bull Salzburg,HOME,1390151,2026-03-08T16:00:00+00:00,11,11,8,3,3,72.727,5.634,5.533,0.101,11,11,100.0,100.0,4.182,RESEARCH_COMPONENT,STRICTLY_PRIOR_MATCH_CHRONOLOGY_FORM5_MIN30,RETROSPECTIVE_CHRONOLOGY_ONLY,NO,YES
1531233,2026-03-20T18:30:00+00:00,571,Red Bull Salzburg,AWAY,1531170,2026-03-15T13:30:00+00:00,11,11,7,4,4,63.636,5.473,5.446,0.027,11,11,100.0,100.0,4.636,RESEARCH_COMPONENT,STRICTLY_PRIOR_MATCH_CHRONOLOGY_FORM5_MIN30,RETROSPECTIVE_CHRONOLOGY_ONLY,NO,YES
1531236,2026-04-05T12:30:00+00:00,571,Red Bull Salzburg,AWAY,1531233,2026-03-20T18:30:00+00:00,11,11,9,2,2,81.818,5.404,5.402,0.002,11,11,100.0,100.0,5,RESEARCH_COMPONENT,STRICTLY_PRIOR_MATCH_CHRONOLOGY_FORM5_MIN30,RETROSPECTIVE_CHRONOLOGY_ONLY,NO,YES
1531239,2026-04-10T17:30:00+00:00,571,Red Bull Salzburg,HOME,1531236,2026-04-05T12:30:00+00:00,11,11,8,3,3,72.727,5.328,5.353,-0.025,11,11,100.0,100.0,4.727,RESEARCH_COMPONENT,STRICTLY_PRIOR_MATCH_CHRONOLOGY_FORM5_MIN30,RETROSPECTIVE_CHRONOLOGY_ONLY,NO,YES
1531242,2026-04-19T12:30:00+00:00,571,Red Bull Salzburg,AWAY,1531239,2026-04-10T17:30:00+00:00,11,11,9,2,2,81.818,5.178,5.272,-0.094,11,11,100.0,100.0,5,RESEARCH_COMPONENT,STRICTLY_PRIOR_MATCH_CHRONOLOGY_FORM5_MIN30,RETROSPECTIVE_CHRONOLOGY_ONLY,NO,YES
1531245,2026-04-22T16:30:00+00:00,571,Red Bull Salzburg,HOME,1531242,2026-04-19T12:30:00+00:00,11,11,10,1,1,90.909,5.169,5.143,0.026,11,11,100.0,100.0,5,RESEARCH_COMPONENT,STRICTLY_PRIOR_MATCH_CHRONOLOGY_FORM5_MIN30,RETROSPECTIVE_CHRONOLOGY_ONLY,NO,YES
1531249,2026-04-26T12:30:00+00:00,571,Red Bull Salzburg,AWAY,1531245,2026-04-22T16:30:00+00:00,11,11,10,1,1,90.909,5.157,5.162,-0.005,11,11,100.0,100.0,5,RESEARCH_COMPONENT,STRICTLY_PRIOR_MATCH_CHRONOLOGY_FORM5_MIN30,RETROSPECTIVE_CHRONOLOGY_ONLY,NO,YES
1531253,2026-05-03T15:00:00+00:00,571,Red Bull Salzburg,HOME,1531249,2026-04-26T12:30:00+00:00,11,11,9,2,2,81.818,5.14,5.093,0.047,11,11,100.0,100.0,4.818,RESEARCH_COMPONENT,STRICTLY_PRIOR_MATCH_CHRONOLOGY_FORM5_MIN30,RETROSPECTIVE_CHRONOLOGY_ONLY,NO,YES
1531255,2026-05-10T15:00:00+00:00,571,Red Bull Salzburg,AWAY,1531253,2026-05-03T15:00:00+00:00,11,11,10,1,1,90.909,5.055,5.087,-0.032,11,11,100.0,100.0,4.636,RESEARCH_COMPONENT,STRICTLY_PRIOR_MATCH_CHRONOLOGY_FORM5_MIN30,RETROSPECTIVE_CHRONOLOGY_ONLY,NO,YES
1531258,2026-05-17T12:30:00+00:00,571,Red Bull Salzburg,HOME,1531255,2026-05-10T15:00:00+00:00,11,11,9,2,2,81.818,5.16,5.162,-0.002,11,11,100.0,100.0,4.636,RESEARCH_COMPONENT,STRICTLY_PRIOR_MATCH_CHRONOLOGY_FORM5_MIN30,RETROSPECTIVE_CHRONOLOGY_ONLY,NO,YES
1382437,2025-08-02T18:45:00+00:00,5902,RAAL La Louvière,AWAY,1382429,2025-07-26T18:45:00+00:00,11,11,9,2,2,81.818,4.694,4.624,0.07,10,11,90.909,100.0,1,RESEARCH_COMPONENT,STRICTLY_PRIOR_MATCH_CHRONOLOGY_FORM5_MIN30,RETROSPECTIVE_CHRONOLOGY_ONLY,NO,YES
1382446,2025-08-10T11:30:00+00:00,5902,RAAL La Louvière,HOME,1382437,2025-08-02T18:45:00+00:00,11,11,8,3,3,72.727,4.741,4.763,-0.022,9,11,81.818,100.0,1.889,RESEARCH_COMPONENT,STRICTLY_PRIOR_MATCH_CHRONOLOGY_FORM5_MIN30,RETROSPECTIVE_CHRONOLOGY_ONLY,NO,YES
1382455,2025-08-17T14:00:00+00:00,5902,RAAL La Louvière,AWAY,1382446,2025-08-10T11:30:00+00:00,11,11,11,0,0,100.0,4.768,4.768,0.0,11,11,100.0,100.0,2.545,RESEARCH_COMPONENT,STRICTLY_PRIOR_MATCH_CHRONOLOGY_FORM5_MIN30,RETROSPECTIVE_CHRONOLOGY_ONLY,NO,YES
1382464,2025-08-24T16:30:00+00:00,5902,RAAL La Louvière,HOME,1382455,2025-08-17T14:00:00+00:00,11,11,10,1,1,90.909,5.024,4.983,0.041,10,11,90.909,100.0,3.6,RESEARCH_COMPONENT,STRICTLY_PRIOR_MATCH_CHRONOLOGY_FORM5_MIN30,RETROSPECTIVE_CHRONOLOGY_ONLY,NO,YES
1382467,2025-08-30T14:00:00+00:00,5902,RAAL La Louvière,AWAY,1382464,2025-08-24T16:30:00+00:00,11,11,10,1,1,90.909,5.017,4.958,0.059,11,11,100.0,100.0,4.091,RESEARCH_COMPONENT,STRICTLY_PRIOR_MATCH_CHRONOLOGY_FORM5_MIN30,RETROSPECTIVE_CHRONOLOGY_ONLY,NO,YES
1382477,2025-09-13T18:45:00+00:00,5902,RAAL La Louvière,HOME,1382467,2025-08-30T14:00:00+00:00,11,11,8,3,3,72.727,4.934,4.986,-0.052,10,11,90.909,100.0,4.1,RESEARCH_COMPONENT,STRICTLY_PRIOR_MATCH_CHRONOLOGY_FORM5_MIN30,RETROSPECTIVE_CHRONOLOGY_ONLY,NO,YES
1382488,2025-09-20T14:00:00+00:00,5902,RAAL La Louvière,AWAY,1382477,2025-09-13T18:45:00+00:00,11,11,11,0,0,100.0,4.944,4.944,0.0,11,11,100.0,100.0,4.273,RESEARCH_COMPONENT,STRICTLY_PRIOR_MATCH_CHRONOLOGY_FORM5_MIN30,RETROSPECTIVE_CHRONOLOGY_ONLY,NO,YES
1382491,2025-09-28T17:15:00+00:00,5902,RAAL La Louvière,AWAY,1382488,2025-09-20T14:00:00+00:00,11,11,11,0,0,100.0,4.907,4.907,0.0,11,11,100.0,100.0,4.545,RESEARCH_COMPONENT,STRICTLY_PRIOR_MATCH_CHRONOLOGY_FORM5_MIN30,RETROSPECTIVE_CHRONOLOGY_ONLY,NO,YES
1382499,2025-10-04T16:15:00+00:00,5902,RAAL La Louvière,HOME,1382491,2025-09-28T17:15:00+00:00,11,11,10,1,1,90.909,4.783,4.803,-0.02,11,11,100.0,100.0,4.455,RESEARCH_COMPONENT,STRICTLY_PRIOR_MATCH_CHRONOLOGY_FORM5_MIN30,RETROSPECTIVE_CHRONOLOGY_ONLY,NO,YES
1382510,2025-10-18T14:00:00+00:00,5902,RAAL La Louvière,HOME,1382499,2025-10-04T16:15:00+00:00,11,11,10,1,1,90.909,4.723,4.75,-0.027,11,11,100.0,100.0,4.909,RESEARCH_COMPONENT,STRICTLY_PRIOR_MATCH_CHRONOLOGY_FORM5_MIN30,RETROSPECTIVE_CHRONOLOGY_ONLY,NO,YES
1382520,2025-10-26T17:30:00+00:00,5902,RAAL La Louvière,AWAY,1382510,2025-10-18T14:00:00+00:00,11,11,10,1,1,90.909,4.776,4.745,0.031,11,11,100.0,100.0,4.727,RESEARCH_COMPONENT,STRICTLY_PRIOR_MATCH_CHRONOLOGY_FORM5_MIN30,RETROSPECTIVE_CHRONOLOGY_ONLY,NO,YES
1382522,2025-11-02T18:15:00+00:00,5902,RAAL La Louvière,HOME,1382520,2025-10-26T17:30:00+00:00,11,11,11,0,0,100.0,4.761,4.761,0.0,11,11,100.0,100.0,4.818,RESEARCH_COMPONENT,STRICTLY_PRIOR_MATCH_CHRONOLOGY_FORM5_MIN30,RETROSPECTIVE_CHRONOLOGY_ONLY,NO,YES
1382435,2025-08-02T14:00:00+00:00,600,Zulte Waregem,AWAY,1382428,2025-07-26T16:15:00+00:00,11,11,11,0,0,100.0,5.367,5.367,0.0,11,11,100.0,100.0,1,RESEARCH_COMPONENT,STRICTLY_PRIOR_MATCH_CHRONOLOGY_FORM5_MIN30,RETROSPECTIVE_CHRONOLOGY_ONLY,NO,YES
1382447,2025-08-10T14:00:00+00:00,600,Zulte Waregem,AWAY,1382435,2025-08-02T14:00:00+00:00,11,11,7,4,4,63.636,5.194,5.134,,7,11,63.636,100.0,2,DATA_BLOCKED,STRICTLY_PRIOR_MATCH_CHRONOLOGY_FORM5_MIN30,RETROSPECTIVE_CHRONOLOGY_ONLY,NO,YES
1382451,2025-08-16T14:00:00+00:00,600,Zulte Waregem,HOME,1382447,2025-08-10T14:00:00+00:00,11,11,11,0,0,100.0,5.208,5.208,0.0,11,11,100.0,100.0,2.273,RESEARCH_COMPONENT,STRICTLY_PRIOR_MATCH_CHRONOLOGY_FORM5_MIN30,RETROSPECTIVE_CHRONOLOGY_ONLY,NO,YES
1382461,2025-08-23T18:45:00+00:00,600,Zulte Waregem,HOME,1382451,2025-08-16T14:00:00+00:00,11,11,10,1,1,90.909,5.042,5.057,-0.015,11,11,100.0,100.0,3.273,RESEARCH_COMPONENT,STRICTLY_PRIOR_MATCH_CHRONOLOGY_FORM5_MIN30,RETROSPECTIVE_CHRONOLOGY_ONLY,NO,YES
1382473,2025-08-31T17:15:00+00:00,600,Zulte Waregem,AWAY,1382461,2025-08-23T18:45:00+00:00,11,11,8,3,3,72.727,4.832,4.925,-0.093,9,11,81.818,100.0,4.222,RESEARCH_COMPONENT,STRICTLY_PRIOR_MATCH_CHRONOLOGY_FORM5_MIN30,RETROSPECTIVE_CHRONOLOGY_ONLY,NO,YES
1382475,2025-09-13T14:00:00+00:00,600,Zulte Waregem,HOME,1382473,2025-08-31T17:15:00+00:00,11,11,9,2,2,81.818,4.847,4.788,0.059,10,11,90.909,100.0,3.8,RESEARCH_COMPONENT,STRICTLY_PRIOR_MATCH_CHRONOLOGY_FORM5_MIN30,RETROSPECTIVE_CHRONOLOGY_ONLY,NO,YES
1382489,2025-09-20T16:15:00+00:00,600,Zulte Waregem,AWAY,1382475,2025-09-13T14:00:00+00:00,11,11,10,1,1,90.909,4.964,4.906,0.058,11,11,100.0,100.0,4.273,RESEARCH_COMPONENT,STRICTLY_PRIOR_MATCH_CHRONOLOGY_FORM5_MIN30,RETROSPECTIVE_CHRONOLOGY_ONLY,NO,YES
1382492,2025-09-27T14:00:00+00:00,600,Zulte Waregem,HOME,1382489,2025-09-20T16:15:00+00:00,11,11,11,0,0,100.0,4.84,4.84,0.0,11,11,100.0,100.0,4.545,RESEARCH_COMPONENT,STRICTLY_PRIOR_MATCH_CHRONOLOGY_FORM5_MIN30,RETROSPECTIVE_CHRONOLOGY_ONLY,NO,YES
1382499,2025-10-04T16:15:00+00:00,600,Zulte Waregem,AWAY,1382492,2025-09-27T14:00:00+00:00,11,11,11,0,0,100.0,4.923,4.923,0.0,11,11,100.0,100.0,4.727,RESEARCH_COMPONENT,STRICTLY_PRIOR_MATCH_CHRONOLOGY_FORM5_MIN30,RETROSPECTIVE_CHRONOLOGY_ONLY,NO,YES
1382507,2025-10-19T17:15:00+00:00,600,Zulte Waregem,HOME,1382499,2025-10-04T16:15:00+00:00,11,11,10,1,1,90.909,4.943,4.976,-0.033,11,11,100.0,100.0,4.636,RESEARCH_COMPONENT,STRICTLY_PRIOR_MATCH_CHRONOLOGY_FORM5_MIN30,RETROSPECTIVE_CHRONOLOGY_ONLY,NO,YES
1382515,2025-10-26T15:00:00+00:00,600,Zulte Waregem,AWAY,1382507,2025-10-19T17:15:00+00:00,11,11,11,0,0,100.0,5.0,5.0,0.0,11,11,100.0,100.0,4.818,RESEARCH_COMPONENT,STRICTLY_PRIOR_MATCH_CHRONOLOGY_FORM5_MIN30,RETROSPECTIVE_CHRONOLOGY_ONLY,NO,YES
1382527,2025-11-01T15:00:00+00:00,600,Zulte Waregem,HOME,1382515,2025-10-26T15:00:00+00:00,11,11,11,0,0,100.0,4.959,4.959,0.0,11,11,100.0,100.0,4.909,RESEARCH_COMPONENT,STRICTLY_PRIOR_MATCH_CHRONOLOGY_FORM5_MIN30,RETROSPECTIVE_CHRONOLOGY_ONLY,NO,YES
1382530,2025-11-07T19:45:00+00:00,600,Zulte Waregem,AWAY,1382527,2025-11-01T15:00:00+00:00,11,11,9,2,2,81.818,4.966,5.042,-0.076,11,11,100.0,100.0,4.909,RESEARCH_COMPONENT,STRICTLY_PRIOR_MATCH_CHRONOLOGY_FORM5_MIN30,RETROSPECTIVE_CHRONOLOGY_ONLY,NO,YES
1390035,2025-08-10T15:00:00+00:00,601,Austria Vienna,HOME,1390030,2025-08-03T15:00:00+00:00,11,11,7,4,4,63.636,4.998,5.085,-0.087,10,11,90.909,100.0,1,RESEARCH_COMPONENT,STRICTLY_PRIOR_MATCH_CHRONOLOGY_FORM5_MIN30,RETROSPECTIVE_CHRONOLOGY_ONLY,NO,YES
1390042,2025-08-17T15:00:00+00:00,601,Austria Vienna,AWAY,1390035,2025-08-10T15:00:00+00:00,11,11,7,4,4,63.636,5.322,4.927,0.395,11,11,100.0,100.0,1.909,RESEARCH_COMPONENT,STRICTLY_PRIOR_MATCH_CHRONOLOGY_FORM5_MIN30,RETROSPECTIVE_CHRONOLOGY_ONLY,NO,YES
1390048,2025-08-24T15:00:00+00:00,601,Austria Vienna,HOME,1390042,2025-08-17T15:00:00+00:00,11,11,9,2,2,81.818,5.065,5.15,-0.085,11,11,100.0,100.0,2.636,RESEARCH_COMPONENT,STRICTLY_PRIOR_MATCH_CHRONOLOGY_FORM5_MIN30,RETROSPECTIVE_CHRONOLOGY_ONLY,NO,YES
1390053,2025-08-31T15:00:00+00:00,601,Austria Vienna,HOME,1390048,2025-08-24T15:00:00+00:00,11,11,9,2,2,81.818,5.148,5.154,-0.006,11,11,100.0,100.0,3.273,RESEARCH_COMPONENT,STRICTLY_PRIOR_MATCH_CHRONOLOGY_FORM5_MIN30,RETROSPECTIVE_CHRONOLOGY_ONLY,NO,YES
1390058,2025-09-14T15:00:00+00:00,601,Austria Vienna,AWAY,1390053,2025-08-31T15:00:00+00:00,11,11,10,1,1,90.909,5.077,5.107,-0.03,11,11,100.0,100.0,4.091,RESEARCH_COMPONENT,STRICTLY_PRIOR_MATCH_CHRONOLOGY_FORM5_MIN30,RETROSPECTIVE_CHRONOLOGY_ONLY,NO,YES
1390065,2025-09-20T15:00:00+00:00,601,Austria Vienna,HOME,1390058,2025-09-14T15:00:00+00:00,11,11,11,0,0,100.0,5.061,5.061,0.0,11,11,100.0,100.0,4.545,RESEARCH_COMPONENT,STRICTLY_PRIOR_MATCH_CHRONOLOGY_FORM5_MIN30,RETROSPECTIVE_CHRONOLOGY_ONLY,NO,YES
1390067,2025-09-28T15:00:00+00:00,601,Austria Vienna,AWAY,1390065,2025-09-20T15:00:00+00:00,11,11,10,1,1,90.909,4.984,5.015,-0.031,11,11,100.0,100.0,4.636,RESEARCH_COMPONENT,STRICTLY_PRIOR_MATCH_CHRONOLOGY_FORM5_MIN30,RETROSPECTIVE_CHRONOLOGY_ONLY,NO,YES
1390076,2025-10-04T15:00:00+00:00,601,Austria Vienna,HOME,1390067,2025-09-28T15:00:00+00:00,11,11,9,2,2,81.818,4.942,5.05,-0.108,11,11,100.0,100.0,4.455,RESEARCH_COMPONENT,STRICTLY_PRIOR_MATCH_CHRONOLOGY_FORM5_MIN30,RETROSPECTIVE_CHRONOLOGY_ONLY,NO,YES
1390080,2025-10-18T15:00:00+00:00,601,Austria Vienna,AWAY,1390076,2025-10-04T15:00:00+00:00,11,11,9,2,2,81.818,5.024,4.917,0.107,11,11,100.0,100.0,4.909,RESEARCH_COMPONENT,STRICTLY_PRIOR_MATCH_CHRONOLOGY_FORM5_MIN30,RETROSPECTIVE_CHRONOLOGY_ONLY,NO,YES
1390086,2025-10-26T16:00:00+00:00,601,Austria Vienna,HOME,1390080,2025-10-18T15:00:00+00:00,11,11,10,1,1,90.909,5.111,5.104,0.007,11,11,100.0,100.0,5,RESEARCH_COMPONENT,STRICTLY_PRIOR_MATCH_CHRONOLOGY_FORM5_MIN30,RETROSPECTIVE_CHRONOLOGY_ONLY,NO,YES
1390093,2025-11-01T16:00:00+00:00,601,Austria Vienna,AWAY,1390086,2025-10-26T16:00:00+00:00,11,11,10,1,1,90.909,5.227,5.152,0.075,11,11,100.0,100.0,4.818,RESEARCH_COMPONENT,STRICTLY_PRIOR_MATCH_CHRONOLOGY_FORM5_MIN30,RETROSPECTIVE_CHRONOLOGY_ONLY,NO,YES
1390098,2025-11-08T16:00:00+00:00,601,Austria Vienna,HOME,1390093,2025-11-01T16:00:00+00:00,11,11,10,1,1,90.909,5.265,5.261,0.004,11,11,100.0,100.0,4.818,RESEARCH_COMPONENT,STRICTLY_PRIOR_MATCH_CHRONOLOGY_FORM5_MIN30,RETROSPECTIVE_CHRONOLOGY_ONLY,NO,YES
1390107,2025-11-22T16:00:00+00:00,601,Austria Vienna,AWAY,1390098,2025-11-08T16:00:00+00:00,11,11,11,0,0,100.0,5.235,5.235,0.0,11,11,100.0,100.0,5,RESEARCH_COMPONENT,STRICTLY_PRIOR_MATCH_CHRONOLOGY_FORM5_MIN30,RETROSPECTIVE_CHRONOLOGY_ONLY,NO,YES
1390108,2025-11-29T16:00:00+00:00,601,Austria Vienna,HOME,1390107,2025-11-22T16:00:00+00:00,11,11,10,1,1,90.909,5.208,5.331,-0.123,11,11,100.0,100.0,5,RESEARCH_COMPONENT,STRICTLY_PRIOR_MATCH_CHRONOLOGY_FORM5_MIN30,RETROSPECTIVE_CHRONOLOGY_ONLY,NO,YES
1390119,2025-12-07T13:30:00+00:00,601,Austria Vienna,AWAY,1390108,2025-11-29T16:00:00+00:00,11,11,9,2,2,81.818,5.203,5.143,0.06,10,11,90.909,100.0,5,RESEARCH_COMPONENT,STRICTLY_PRIOR_MATCH_CHRONOLOGY_FORM5_MIN30,RETROSPECTIVE_CHRONOLOGY_ONLY,NO,YES
1390120,2025-12-14T16:00:00+00:00,601,Austria Vienna,HOME,1390119,2025-12-07T13:30:00+00:00,11,11,11,0,0,100.0,5.14,5.14,0.0,11,11,100.0,100.0,4.636,RESEARCH_COMPONENT,STRICTLY_PRIOR_MATCH_CHRONOLOGY_FORM5_MIN30,RETROSPECTIVE_CHRONOLOGY_ONLY,NO,YES
1390127,2026-02-06T19:30:00+00:00,601,Austria Vienna,AWAY,1390120,2025-12-14T16:00:00+00:00,11,11,10,1,1,90.909,5.055,5.133,-0.078,11,11,100.0,100.0,4.727,RESEARCH_COMPONENT,STRICTLY_PRIOR_MATCH_CHRONOLOGY_FORM5_MIN30,RETROSPECTIVE_CHRONOLOGY_ONLY,NO,YES
1390133,2026-02-15T16:00:00+00:00,601,Austria Vienna,HOME,1390127,2026-02-06T19:30:00+00:00,11,11,10,1,1,90.909,5.246,5.135,0.111,11,11,100.0,100.0,5,RESEARCH_COMPONENT,STRICTLY_PRIOR_MATCH_CHRONOLOGY_FORM5_MIN30,RETROSPECTIVE_CHRONOLOGY_ONLY,NO,YES
1390143,2026-02-21T16:00:00+00:00,601,Austria Vienna,AWAY,1390133,2026-02-15T16:00:00+00:00,11,11,10,1,1,90.909,5.011,5.109,-0.098,11,11,100.0,100.0,4.818,RESEARCH_COMPONENT,STRICTLY_PRIOR_MATCH_CHRONOLOGY_FORM5_MIN30,RETROSPECTIVE_CHRONOLOGY_ONLY,NO,YES
1390147,2026-03-01T16:00:00+00:00,601,Austria Vienna,HOME,1390143,2026-02-21T16:00:00+00:00,11,11,10,1,1,90.909,5.072,4.997,0.075,11,11,100.0,100.0,4.909,RESEARCH_COMPONENT,STRICTLY_PRIOR_MATCH_CHRONOLOGY_FORM5_MIN30,RETROSPECTIVE_CHRONOLOGY_ONLY,NO,YES
1390154,2026-03-08T16:00:00+00:00,601,Austria Vienna,AWAY,1390147,2026-03-01T16:00:00+00:00,11,11,11,0,0,100.0,5.126,5.126,0.0,11,11,100.0,100.0,5,RESEARCH_COMPONENT,STRICTLY_PRIOR_MATCH_CHRONOLOGY_FORM5_MIN30,RETROSPECTIVE_CHRONOLOGY_ONLY,NO,YES
1531171,2026-03-15T16:00:00+00:00,601,Austria Vienna,HOME,1390154,2026-03-08T16:00:00+00:00,11,11,10,1,1,90.909,5.092,5.036,0.056,10,11,90.909,100.0,5,RESEARCH_COMPONENT,STRICTLY_PRIOR_MATCH_CHRONOLOGY_FORM5_MIN30,RETROSPECTIVE_CHRONOLOGY_ONLY,NO,YES
1531234,2026-03-22T13:30:00+00:00,601,Austria Vienna,AWAY,1531171,2026-03-15T16:00:00+00:00,11,11,8,3,3,72.727,4.962,5.011,-0.049,10,11,90.909,100.0,4.7,RESEARCH_COMPONENT,STRICTLY_PRIOR_MATCH_CHRONOLOGY_FORM5_MIN30,RETROSPECTIVE_CHRONOLOGY_ONLY,NO,YES
1531237,2026-04-05T12:30:00+00:00,601,Austria Vienna,AWAY,1531234,2026-03-22T13:30:00+00:00,11,11,9,2,2,81.818,5.014,5.036,-0.022,11,11,100.0,100.0,5,RESEARCH_COMPONENT,STRICTLY_PRIOR_MATCH_CHRONOLOGY_FORM5_MIN30,RETROSPECTIVE_CHRONOLOGY_ONLY,NO,YES
1531241,2026-04-12T15:00:00+00:00,601,Austria Vienna,HOME,1531237,2026-04-05T12:30:00+00:00,11,11,8,3,3,72.727,5.056,4.981,0.075,11,11,100.0,100.0,4.182,RESEARCH_COMPONENT,STRICTLY_PRIOR_MATCH_CHRONOLOGY_FORM5_MIN30,RETROSPECTIVE_CHRONOLOGY_ONLY,NO,YES
1531242,2026-04-19T12:30:00+00:00,601,Austria Vienna,HOME,1531241,2026-04-12T15:00:00+00:00,11,11,10,1,1,90.909,5.025,5.011,0.014,11,11,100.0,100.0,4.455,RESEARCH_COMPONENT,STRICTLY_PRIOR_MATCH_CHRONOLOGY_FORM5_MIN30,RETROSPECTIVE_CHRONOLOGY_ONLY,NO,YES
1531245,2026-04-22T16:30:00+00:00,601,Austria Vienna,AWAY,1531242,2026-04-19T12:30:00+00:00,11,11,9,2,2,81.818,5.044,5.135,-0.091,11,11,100.0,100.0,4.727,RESEARCH_COMPONENT,STRICTLY_PRIOR_MATCH_CHRONOLOGY_FORM5_MIN30,RETROSPECTIVE_CHRONOLOGY_ONLY,NO,YES
1531250,2026-04-26T15:00:00+00:00,601,Austria Vienna,AWAY,1531245,2026-04-22T16:30:00+00:00,11,11,9,2,2,81.818,5.148,5.169,-0.021,11,11,100.0,100.0,5,RESEARCH_COMPONENT,STRICTLY_PRIOR_MATCH_CHRONOLOGY_FORM5_MIN30,RETROSPECTIVE_CHRONOLOGY_ONLY,NO,YES
1531251,2026-05-03T12:30:00+00:00,601,Austria Vienna,HOME,1531250,2026-04-26T15:00:00+00:00,11,11,9,2,2,81.818,5.105,5.046,0.059,11,11,100.0,100.0,5,RESEARCH_COMPONENT,STRICTLY_PRIOR_MATCH_CHRONOLOGY_FORM5_MIN30,RETROSPECTIVE_CHRONOLOGY_ONLY,NO,YES
1531256,2026-05-10T15:00:00+00:00,601,Austria Vienna,AWAY,1531251,2026-05-03T12:30:00+00:00,11,11,11,0,0,100.0,5.141,5.141,0.0,11,11,100.0,100.0,5,RESEARCH_COMPONENT,STRICTLY_PRIOR_MATCH_CHRONOLOGY_FORM5_MIN30,RETROSPECTIVE_CHRONOLOGY_ONLY,NO,YES
1531257,2026-05-17T12:30:00+00:00,601,Austria Vienna,HOME,1531256,2026-05-10T15:00:00+00:00,11,11,10,1,1,90.909,5.148,5.179,-0.031,11,11,100.0,100.0,5,RESEARCH_COMPONENT,STRICTLY_PRIOR_MATCH_CHRONOLOGY_FORM5_MIN30,RETROSPECTIVE_CHRONOLOGY_ONLY,NO,YES
1390033,2025-08-09T15:00:00+00:00,618,SCR Altach,HOME,1390028,2025-08-02T15:00:00+00:00,11,11,10,1,1,90.909,5.241,5.305,-0.064,10,11,90.909,100.0,1,RESEARCH_COMPONENT,STRICTLY_PRIOR_MATCH_CHRONOLOGY_FORM5_MIN30,RETROSPECTIVE_CHRONOLOGY_ONLY,NO,YES
1390041,2025-08-17T15:00:00+00:00,618,SCR Altach,AWAY,1390033,2025-08-09T15:00:00+00:00,11,11,11,0,0,100.0,5.055,5.055,0.0,11,11,100.0,100.0,1.909,RESEARCH_COMPONENT,STRICTLY_PRIOR_MATCH_CHRONOLOGY_FORM5_MIN30,RETROSPECTIVE_CHRONOLOGY_ONLY,NO,YES
1390049,2025-08-24T15:00:00+00:00,618,SCR Altach,HOME,1390041,2025-08-17T15:00:00+00:00,11,11,10,1,1,90.909,5.163,5.09,0.073,10,11,90.909,100.0,3,RESEARCH_COMPONENT,STRICTLY_PRIOR_MATCH_CHRONOLOGY_FORM5_MIN30,RETROSPECTIVE_CHRONOLOGY_ONLY,NO,YES
1390053,2025-08-31T15:00:00+00:00,618,SCR Altach,AWAY,1390049,2025-08-24T15:00:00+00:00,11,11,7,4,4,63.636,5.081,5.111,-0.03,9,11,81.818,100.0,3.222,RESEARCH_COMPONENT,STRICTLY_PRIOR_MATCH_CHRONOLOGY_FORM5_MIN30,RETROSPECTIVE_CHRONOLOGY_ONLY,NO,YES
1390055,2025-09-13T15:00:00+00:00,618,SCR Altach,HOME,1390053,2025-08-31T15:00:00+00:00,11,11,8,3,3,72.727,5.092,4.988,0.104,11,11,100.0,100.0,4.364,RESEARCH_COMPONENT,STRICTLY_PRIOR_MATCH_CHRONOLOGY_FORM5_MIN30,RETROSPECTIVE_CHRONOLOGY_ONLY,NO,YES
1390062,2025-09-21T12:30:00+00:00,618,SCR Altach,HOME,1390055,2025-09-13T15:00:00+00:00,11,11,11,0,0,100.0,5.096,5.096,0.0,11,11,100.0,100.0,4.818,RESEARCH_COMPONENT,STRICTLY_PRIOR_MATCH_CHRONOLOGY_FORM5_MIN30,RETROSPECTIVE_CHRONOLOGY_ONLY,NO,YES
1390068,2025-09-27T15:00:00+00:00,618,SCR Altach,AWAY,1390062,2025-09-21T12:30:00+00:00,11,11,10,1,1,90.909,5.098,5.099,-0.001,10,11,90.909,100.0,4.9,RESEARCH_COMPONENT,STRICTLY_PRIOR_MATCH_CHRONOLOGY_FORM5_MIN30,RETROSPECTIVE_CHRONOLOGY_ONLY,NO,YES
1390074,2025-10-05T12:30:00+00:00,618,SCR Altach,HOME,1390068,2025-09-27T15:00:00+00:00,11,11,9,2,2,81.818,5.12,5.084,0.036,10,11,90.909,100.0,5,RESEARCH_COMPONENT,STRICTLY_PRIOR_MATCH_CHRONOLOGY_FORM5_MIN30,RETROSPECTIVE_CHRONOLOGY_ONLY,NO,YES
1399969,2025-10-19T12:30:00+00:00,618,SCR Altach,AWAY,1390074,2025-10-05T12:30:00+00:00,11,11,9,2,2,81.818,4.983,5.057,-0.074,11,11,100.0,100.0,4.636,RESEARCH_COMPONENT,STRICTLY_PRIOR_MATCH_CHRONOLOGY_FORM5_MIN30,RETROSPECTIVE_CHRONOLOGY_ONLY,NO,YES
1390087,2025-10-25T15:00:00+00:00,618,SCR Altach,HOME,1399969,2025-10-19T12:30:00+00:00,11,11,9,2,2,81.818,5.058,5.055,0.003,10,11,90.909,100.0,5,RESEARCH_COMPONENT,STRICTLY_PRIOR_MATCH_CHRONOLOGY_FORM5_MIN30,RETROSPECTIVE_CHRONOLOGY_ONLY,NO,YES
1390094,2025-11-01T16:00:00+00:00,618,SCR Altach,AWAY,1390087,2025-10-25T15:00:00+00:00,11,11,9,2,2,81.818,5.077,5.131,-0.054,11,11,100.0,100.0,4.455,RESEARCH_COMPONENT,STRICTLY_PRIOR_MATCH_CHRONOLOGY_FORM5_MIN30,RETROSPECTIVE_CHRONOLOGY_ONLY,NO,YES
1390099,2025-11-09T13:30:00+00:00,618,SCR Altach,AWAY,1390094,2025-11-01T16:00:00+00:00,11,11,7,4,4,63.636,5.119,5.089,0.03,11,11,100.0,100.0,4.273,RESEARCH_COMPONENT,STRICTLY_PRIOR_MATCH_CHRONOLOGY_FORM5_MIN30,RETROSPECTIVE_CHRONOLOGY_ONLY,NO,YES
1390105,2025-11-22T16:00:00+00:00,618,SCR Altach,HOME,1390099,2025-11-09T13:30:00+00:00,11,11,9,2,2,81.818,4.994,5.056,-0.062,11,11,100.0,100.0,4.727,RESEARCH_COMPONENT,STRICTLY_PRIOR_MATCH_CHRONOLOGY_FORM5_MIN30,RETROSPECTIVE_CHRONOLOGY_ONLY,NO,YES
1390112,2025-11-30T13:30:00+00:00,618,SCR Altach,HOME,1390105,2025-11-22T16:00:00+00:00,11,11,9,2,2,81.818,5.153,5.082,0.071,11,11,100.0,100.0,4.727,RESEARCH_COMPONENT,STRICTLY_PRIOR_MATCH_CHRONOLOGY_FORM5_MIN30,RETROSPECTIVE_CHRONOLOGY_ONLY,NO,YES
1390116,2025-12-07T13:30:00+00:00,618,SCR Altach,AWAY,1390112,2025-11-30T13:30:00+00:00,11,11,10,1,1,90.909,5.193,5.116,0.077,11,11,100.0,100.0,4.909,RESEARCH_COMPONENT,STRICTLY_PRIOR_MATCH_CHRONOLOGY_FORM5_MIN30,RETROSPECTIVE_CHRONOLOGY_ONLY,NO,YES
1390122,2025-12-13T16:00:00+00:00,618,SCR Altach,AWAY,1390116,2025-12-07T13:30:00+00:00,11,11,11,0,0,100.0,5.156,5.156,0.0,11,11,100.0,100.0,5,RESEARCH_COMPONENT,STRICTLY_PRIOR_MATCH_CHRONOLOGY_FORM5_MIN30,RETROSPECTIVE_CHRONOLOGY_ONLY,NO,YES
1390131,2026-02-08T13:30:00+00:00,618,SCR Altach,HOME,1390122,2025-12-13T16:00:00+00:00,11,11,8,3,3,72.727,4.997,5.047,-0.05,11,11,100.0,100.0,4.727,RESEARCH_COMPONENT,STRICTLY_PRIOR_MATCH_CHRONOLOGY_FORM5_MIN30,RETROSPECTIVE_CHRONOLOGY_ONLY,NO,YES
1390136,2026-02-14T16:00:00+00:00,618,SCR Altach,AWAY,1390131,2026-02-08T13:30:00+00:00,11,11,9,2,2,81.818,4.982,4.997,-0.015,10,11,90.909,100.0,5,RESEARCH_COMPONENT,STRICTLY_PRIOR_MATCH_CHRONOLOGY_FORM5_MIN30,RETROSPECTIVE_CHRONOLOGY_ONLY,NO,YES
1390143,2026-02-21T16:00:00+00:00,618,SCR Altach,HOME,1390136,2026-02-14T16:00:00+00:00,11,11,8,3,3,72.727,4.87,4.877,-0.007,11,11,100.0,100.0,4.909,RESEARCH_COMPONENT,STRICTLY_PRIOR_MATCH_CHRONOLOGY_FORM5_MIN30,RETROSPECTIVE_CHRONOLOGY_ONLY,NO,YES
1390146,2026-03-01T16:00:00+00:00,618,SCR Altach,HOME,1390143,2026-02-21T16:00:00+00:00,11,11,11,0,0,100.0,4.96,4.96,0.0,11,11,100.0,100.0,5,RESEARCH_COMPONENT,STRICTLY_PRIOR_MATCH_CHRONOLOGY_FORM5_MIN30,RETROSPECTIVE_CHRONOLOGY_ONLY,NO,YES
1390155,2026-03-08T16:00:00+00:00,618,SCR Altach,AWAY,1390146,2026-03-01T16:00:00+00:00,11,11,9,2,2,81.818,5.129,5.048,0.081,11,11,100.0,100.0,5,RESEARCH_COMPONENT,STRICTLY_PRIOR_MATCH_CHRONOLOGY_FORM5_MIN30,RETROSPECTIVE_CHRONOLOGY_ONLY,NO,YES
1531169,2026-03-14T16:00:00+00:00,618,SCR Altach,HOME,1390155,2026-03-08T16:00:00+00:00,11,11,9,2,2,81.818,5.063,5.106,-0.043,10,11,90.909,100.0,5,RESEARCH_COMPONENT,STRICTLY_PRIOR_MATCH_CHRONOLOGY_FORM5_MIN30,RETROSPECTIVE_CHRONOLOGY_ONLY,NO,YES
1531262,2026-03-21T16:00:00+00:00,618,SCR Altach,AWAY,1531169,2026-03-14T16:00:00+00:00,11,11,9,2,2,81.818,5.2,5.201,-0.001,11,11,100.0,100.0,4.727,RESEARCH_COMPONENT,STRICTLY_PRIOR_MATCH_CHRONOLOGY_FORM5_MIN30,RETROSPECTIVE_CHRONOLOGY_ONLY,NO,YES
1531263,2026-04-03T17:30:00+00:00,618,SCR Altach,AWAY,1531262,2026-03-21T16:00:00+00:00,11,11,9,2,2,81.818,5.107,5.15,-0.043,11,11,100.0,100.0,5,RESEARCH_COMPONENT,STRICTLY_PRIOR_MATCH_CHRONOLOGY_FORM5_MIN30,RETROSPECTIVE_CHRONOLOGY_ONLY,NO,YES
1531266,2026-04-11T15:00:00+00:00,618,SCR Altach,HOME,1531263,2026-04-03T17:30:00+00:00,11,11,10,1,1,90.909,5.201,5.136,0.065,11,11,100.0,100.0,5,RESEARCH_COMPONENT,STRICTLY_PRIOR_MATCH_CHRONOLOGY_FORM5_MIN30,RETROSPECTIVE_CHRONOLOGY_ONLY,NO,YES
1531270,2026-04-18T15:00:00+00:00,618,SCR Altach,AWAY,1531266,2026-04-11T15:00:00+00:00,11,11,10,1,1,90.909,5.09,5.16,-0.07,11,11,100.0,100.0,5,RESEARCH_COMPONENT,STRICTLY_PRIOR_MATCH_CHRONOLOGY_FORM5_MIN30,RETROSPECTIVE_CHRONOLOGY_ONLY,NO,YES
1531272,2026-04-21T16:30:00+00:00,618,SCR Altach,HOME,1531270,2026-04-18T15:00:00+00:00,11,11,9,2,2,81.818,4.98,5.084,-0.104,11,11,100.0,100.0,4.636,RESEARCH_COMPONENT,STRICTLY_PRIOR_MATCH_CHRONOLOGY_FORM5_MIN30,RETROSPECTIVE_CHRONOLOGY_ONLY,NO,YES
1531275,2026-04-24T17:30:00+00:00,618,SCR Altach,AWAY,1531272,2026-04-21T16:30:00+00:00,11,11,9,2,2,81.818,5.017,5.031,-0.014,11,11,100.0,100.0,5,RESEARCH_COMPONENT,STRICTLY_PRIOR_MATCH_CHRONOLOGY_FORM5_MIN30,RETROSPECTIVE_CHRONOLOGY_ONLY,NO,YES
1531280,2026-05-04T16:30:00+00:00,618,SCR Altach,HOME,1531275,2026-04-24T17:30:00+00:00,11,11,10,1,1,90.909,5.109,5.069,0.04,11,11,100.0,100.0,5,RESEARCH_COMPONENT,STRICTLY_PRIOR_MATCH_CHRONOLOGY_FORM5_MIN30,RETROSPECTIVE_CHRONOLOGY_ONLY,NO,YES
1531281,2026-05-09T15:00:00+00:00,618,SCR Altach,AWAY,1531280,2026-05-04T16:30:00+00:00,11,11,10,1,1,90.909,5.199,5.107,0.092,11,11,100.0,100.0,5,RESEARCH_COMPONENT,STRICTLY_PRIOR_MATCH_CHRONOLOGY_FORM5_MIN30,RETROSPECTIVE_CHRONOLOGY_ONLY,NO,YES
1531284,2026-05-16T15:00:00+00:00,618,SCR Altach,HOME,1531281,2026-05-09T15:00:00+00:00,11,11,10,1,1,90.909,5.036,5.128,-0.092,11,11,100.0,100.0,4.727,RESEARCH_COMPONENT,STRICTLY_PRIOR_MATCH_CHRONOLOGY_FORM5_MIN30,RETROSPECTIVE_CHRONOLOGY_ONLY,NO,YES
1382436,2025-08-02T16:15:00+00:00,6215,Dender,AWAY,1382427,2025-07-26T14:00:00+00:00,11,11,9,2,2,81.818,5.241,5.229,0.012,9,11,81.818,100.0,1,RESEARCH_COMPONENT,STRICTLY_PRIOR_MATCH_CHRONOLOGY_FORM5_MIN30,RETROSPECTIVE_CHRONOLOGY_ONLY,NO,YES
1382442,2025-08-08T18:45:00+00:00,6215,Dender,AWAY,1382436,2025-08-02T16:15:00+00:00,11,11,11,0,0,100.0,5.196,5.196,0.0,11,11,100.0,100.0,1.818,RESEARCH_COMPONENT,STRICTLY_PRIOR_MATCH_CHRONOLOGY_FORM5_MIN30,RETROSPECTIVE_CHRONOLOGY_ONLY,NO,YES
1382454,2025-08-17T11:30:00+00:00,6215,Dender,HOME,1382442,2025-08-08T18:45:00+00:00,11,11,11,0,0,100.0,5.226,5.226,0.0,11,11,100.0,100.0,2.818,RESEARCH_COMPONENT,STRICTLY_PRIOR_MATCH_CHRONOLOGY_FORM5_MIN30,RETROSPECTIVE_CHRONOLOGY_ONLY,NO,YES
1382465,2025-08-24T17:15:00+00:00,6215,Dender,HOME,1382454,2025-08-17T11:30:00+00:00,11,11,8,3,3,72.727,5.13,5.266,-0.136,10,11,90.909,100.0,3.2,RESEARCH_COMPONENT,STRICTLY_PRIOR_MATCH_CHRONOLOGY_FORM5_MIN30,RETROSPECTIVE_CHRONOLOGY_ONLY,NO,YES
1382471,2025-08-30T18:45:00+00:00,6215,Dender,AWAY,1382465,2025-08-24T17:15:00+00:00,11,11,9,2,2,81.818,5.181,5.148,0.033,11,11,100.0,100.0,4.091,RESEARCH_COMPONENT,STRICTLY_PRIOR_MATCH_CHRONOLOGY_FORM5_MIN30,RETROSPECTIVE_CHRONOLOGY_ONLY,NO,YES
1382476,2025-09-13T16:15:00+00:00,6215,Dender,HOME,1382471,2025-08-30T18:45:00+00:00,11,11,10,1,1,90.909,5.107,5.16,-0.053,11,11,100.0,100.0,4.273,RESEARCH_COMPONENT,STRICTLY_PRIOR_MATCH_CHRONOLOGY_FORM5_MIN30,RETROSPECTIVE_CHRONOLOGY_ONLY,NO,YES
1382482,2025-09-19T18:45:00+00:00,6215,Dender,AWAY,1382476,2025-09-13T16:15:00+00:00,11,11,10,1,1,90.909,5.169,5.037,0.132,11,11,100.0,100.0,4.273,RESEARCH_COMPONENT,STRICTLY_PRIOR_MATCH_CHRONOLOGY_FORM5_MIN30,RETROSPECTIVE_CHRONOLOGY_ONLY,NO,YES
1382491,2025-09-28T17:15:00+00:00,6215,Dender,HOME,1382482,2025-09-19T18:45:00+00:00,11,11,9,2,2,81.818,5.093,5.075,0.018,10,11,90.909,100.0,4.9,RESEARCH_COMPONENT,STRICTLY_PRIOR_MATCH_CHRONOLOGY_FORM5_MIN30,RETROSPECTIVE_CHRONOLOGY_ONLY,NO,YES
1382505,2025-10-05T14:00:00+00:00,6215,Dender,AWAY,1382491,2025-09-28T17:15:00+00:00,11,11,10,1,1,90.909,5.09,5.066,0.024,10,11,90.909,100.0,4.6,RESEARCH_COMPONENT,STRICTLY_PRIOR_MATCH_CHRONOLOGY_FORM5_MIN30,RETROSPECTIVE_CHRONOLOGY_ONLY,NO,YES
1382512,2025-10-19T14:00:00+00:00,6215,Dender,HOME,1382505,2025-10-05T14:00:00+00:00,11,11,9,2,2,81.818,5.006,5.034,-0.028,11,11,100.0,100.0,4.091,RESEARCH_COMPONENT,STRICTLY_PRIOR_MATCH_CHRONOLOGY_FORM5_MIN30,RETROSPECTIVE_CHRONOLOGY_ONLY,NO,YES
1382518,2025-10-25T14:00:00+00:00,6215,Dender,AWAY,1382512,2025-10-19T14:00:00+00:00,11,11,8,3,3,72.727,5.081,5.076,0.005,10,11,90.909,100.0,4.5,RESEARCH_COMPONENT,STRICTLY_PRIOR_MATCH_CHRONOLOGY_FORM5_MIN30,RETROSPECTIVE_CHRONOLOGY_ONLY,NO,YES
1382529,2025-11-01T17:15:00+00:00,6215,Dender,AWAY,1382518,2025-10-25T14:00:00+00:00,11,11,10,1,1,90.909,5.138,5.175,-0.037,11,11,100.0,100.0,4.091,RESEARCH_COMPONENT,STRICTLY_PRIOR_MATCH_CHRONOLOGY_FORM5_MIN30,RETROSPECTIVE_CHRONOLOGY_ONLY,NO,YES
1382530,2025-11-07T19:45:00+00:00,6215,Dender,HOME,1382529,2025-11-01T17:15:00+00:00,11,11,9,2,2,81.818,5.155,5.101,0.054,11,11,100.0,100.0,4.727,RESEARCH_COMPONENT,STRICTLY_PRIOR_MATCH_CHRONOLOGY_FORM5_MIN30,RETROSPECTIVE_CHRONOLOGY_ONLY,NO,YES
1382437,2025-08-02T18:45:00+00:00,631,Gent,HOME,1382433,2025-07-27T17:15:00+00:00,11,11,9,2,2,81.818,5.051,4.932,0.119,9,11,81.818,100.0,1,RESEARCH_COMPONENT,STRICTLY_PRIOR_MATCH_CHRONOLOGY_FORM5_MIN30,RETROSPECTIVE_CHRONOLOGY_ONLY,NO,YES
1382445,2025-08-09T18:45:00+00:00,631,Gent,HOME,1382437,2025-08-02T18:45:00+00:00,11,11,9,2,2,81.818,5.428,5.296,0.132,9,11,81.818,100.0,1.778,RESEARCH_COMPONENT,STRICTLY_PRIOR_MATCH_CHRONOLOGY_FORM5_MIN30,RETROSPECTIVE_CHRONOLOGY_ONLY,NO,YES
1382452,2025-08-16T16:15:00+00:00,631,Gent,AWAY,1382445,2025-08-09T18:45:00+00:00,11,11,9,2,2,81.818,5.427,5.471,-0.044,10,11,90.909,100.0,2.4,RESEARCH_COMPONENT,STRICTLY_PRIOR_MATCH_CHRONOLOGY_FORM5_MIN30,RETROSPECTIVE_CHRONOLOGY_ONLY,NO,YES
1382470,2025-08-31T11:30:00+00:00,631,Gent,HOME,1382452,2025-08-16T16:15:00+00:00,11,11,8,3,3,72.727,5.329,5.378,-0.049,8,11,72.727,100.0,3,RESEARCH_COMPONENT,STRICTLY_PRIOR_MATCH_CHRONOLOGY_FORM5_MIN30,RETROSPECTIVE_CHRONOLOGY_ONLY,NO,YES
1382478,2025-09-14T11:30:00+00:00,631,Gent,AWAY,1382470,2025-08-31T11:30:00+00:00,11,11,8,3,3,72.727,5.36,5.287,0.073,11,11,100.0,100.0,3.545,RESEARCH_COMPONENT,STRICTLY_PRIOR_MATCH_CHRONOLOGY_FORM5_MIN30,RETROSPECTIVE_CHRONOLOGY_ONLY,NO,YES
1382482,2025-09-19T18:45:00+00:00,631,Gent,HOME,1382478,2025-09-14T11:30:00+00:00,11,11,9,2,2,81.818,5.185,5.324,-0.139,11,11,100.0,100.0,3.636,RESEARCH_COMPONENT,STRICTLY_PRIOR_MATCH_CHRONOLOGY_FORM5_MIN30,RETROSPECTIVE_CHRONOLOGY_ONLY,NO,YES
1382463,2025-09-23T18:30:00+00:00,631,Gent,AWAY,1382482,2025-09-19T18:45:00+00:00,11,11,10,1,1,90.909,5.577,5.402,0.175,11,11,100.0,100.0,3.909,RESEARCH_COMPONENT,STRICTLY_PRIOR_MATCH_CHRONOLOGY_FORM5_MIN30,RETROSPECTIVE_CHRONOLOGY_ONLY,NO,YES
1382495,2025-09-28T14:00:00+00:00,631,Gent,AWAY,1382463,2025-09-23T18:30:00+00:00,11,11,10,1,1,90.909,5.276,5.416,-0.14,11,11,100.0,100.0,4.727,RESEARCH_COMPONENT,STRICTLY_PRIOR_MATCH_CHRONOLOGY_FORM5_MIN30,RETROSPECTIVE_CHRONOLOGY_ONLY,NO,YES
1382498,2025-10-03T18:45:00+00:00,631,Gent,HOME,1382495,2025-09-28T14:00:00+00:00,11,11,11,0,0,100.0,5.235,5.235,0.0,11,11,100.0,100.0,4.909,RESEARCH_COMPONENT,STRICTLY_PRIOR_MATCH_CHRONOLOGY_FORM5_MIN30,RETROSPECTIVE_CHRONOLOGY_ONLY,NO,YES
1382507,2025-10-19T17:15:00+00:00,631,Gent,AWAY,1382498,2025-10-03T18:45:00+00:00,11,11,7,4,4,63.636,5.289,5.305,-0.016,11,11,100.0,100.0,4.636,RESEARCH_COMPONENT,STRICTLY_PRIOR_MATCH_CHRONOLOGY_FORM5_MIN30,RETROSPECTIVE_CHRONOLOGY_ONLY,NO,YES
1382517,2025-10-25T18:45:00+00:00,631,Gent,HOME,1382507,2025-10-19T17:15:00+00:00,11,11,9,2,2,81.818,5.344,5.361,-0.017,11,11,100.0,100.0,4.727,RESEARCH_COMPONENT,STRICTLY_PRIOR_MATCH_CHRONOLOGY_FORM5_MIN30,RETROSPECTIVE_CHRONOLOGY_ONLY,NO,YES
1382528,2025-11-02T15:00:00+00:00,631,Gent,AWAY,1382517,2025-10-25T18:45:00+00:00,11,11,9,2,2,81.818,5.192,5.217,-0.025,11,11,100.0,100.0,4.818,RESEARCH_COMPONENT,STRICTLY_PRIOR_MATCH_CHRONOLOGY_FORM5_MIN30,RETROSPECTIVE_CHRONOLOGY_ONLY,NO,YES
1390037,2025-08-10T15:00:00+00:00,637,Sturm Graz,HOME,1390027,2025-08-01T18:30:00+00:00,11,11,9,2,2,81.818,5.078,5.335,-0.257,10,11,90.909,100.0,1,RESEARCH_COMPONENT,STRICTLY_PRIOR_MATCH_CHRONOLOGY_FORM5_MIN30,RETROSPECTIVE_CHRONOLOGY_ONLY,NO,YES
1390040,2025-08-16T17:30:00+00:00,637,Sturm Graz,AWAY,1390037,2025-08-10T15:00:00+00:00,11,11,10,1,1,90.909,5.502,5.378,0.124,11,11,100.0,100.0,1.818,RESEARCH_COMPONENT,STRICTLY_PRIOR_MATCH_CHRONOLOGY_FORM5_MIN30,RETROSPECTIVE_CHRONOLOGY_ONLY,NO,YES
1390052,2025-08-30T17:30:00+00:00,637,Sturm Graz,AWAY,1390040,2025-08-16T17:30:00+00:00,11,11,9,2,2,81.818,5.45,5.428,0.022,10,11,90.909,100.0,2.7,RESEARCH_COMPONENT,STRICTLY_PRIOR_MATCH_CHRONOLOGY_FORM5_MIN30,RETROSPECTIVE_CHRONOLOGY_ONLY,NO,YES
1390058,2025-09-14T15:00:00+00:00,637,Sturm Graz,HOME,1390052,2025-08-30T17:30:00+00:00,11,11,8,3,3,72.727,5.412,5.48,-0.068,11,11,100.0,100.0,3,RESEARCH_COMPONENT,STRICTLY_PRIOR_MATCH_CHRONOLOGY_FORM5_MIN30,RETROSPECTIVE_CHRONOLOGY_ONLY,NO,YES
1390066,2025-09-20T15:00:00+00:00,637,Sturm Graz,AWAY,1390058,2025-09-14T15:00:00+00:00,11,11,9,2,2,81.818,5.381,5.304,0.077,10,11,90.909,100.0,4.3,RESEARCH_COMPONENT,STRICTLY_PRIOR_MATCH_CHRONOLOGY_FORM5_MIN30,RETROSPECTIVE_CHRONOLOGY_ONLY,NO,YES
1390071,2025-09-28T12:30:00+00:00,637,Sturm Graz,HOME,1390066,2025-09-20T15:00:00+00:00,11,11,9,2,2,81.818,5.372,5.447,-0.075,11,10,100.0,90.909,4.545,RESEARCH_COMPONENT,STRICTLY_PRIOR_MATCH_CHRONOLOGY_FORM5_MIN30,RETROSPECTIVE_CHRONOLOGY_ONLY,NO,YES
1390074,2025-10-05T12:30:00+00:00,637,Sturm Graz,AWAY,1390071,2025-09-28T12:30:00+00:00,11,11,9,2,2,81.818,5.404,5.301,0.103,11,11,100.0,100.0,4.727,RESEARCH_COMPONENT,STRICTLY_PRIOR_MATCH_CHRONOLOGY_FORM5_MIN30,RETROSPECTIVE_CHRONOLOGY_ONLY,NO,YES
1390081,2025-10-19T12:30:00+00:00,637,Sturm Graz,AWAY,1390074,2025-10-05T12:30:00+00:00,11,11,10,1,1,90.909,5.345,5.339,0.006,11,11,100.0,100.0,5,RESEARCH_COMPONENT,STRICTLY_PRIOR_MATCH_CHRONOLOGY_FORM5_MIN30,RETROSPECTIVE_CHRONOLOGY_ONLY,NO,YES
1390084,2025-10-26T13:30:00+00:00,637,Sturm Graz,HOME,1390081,2025-10-19T12:30:00+00:00,11,11,7,4,4,63.636,5.126,5.296,-0.17,10,11,90.909,100.0,4.6,RESEARCH_COMPONENT,STRICTLY_PRIOR_MATCH_CHRONOLOGY_FORM5_MIN30,RETROSPECTIVE_CHRONOLOGY_ONLY,NO,YES
1390095,2025-11-02T16:00:00+00:00,637,Sturm Graz,AWAY,1390084,2025-10-26T13:30:00+00:00,11,11,5,6,6,45.455,5.273,5.068,0.205,11,11,100.0,100.0,4.273,RESEARCH_COMPONENT,STRICTLY_PRIOR_MATCH_CHRONOLOGY_FORM5_MIN30,RETROSPECTIVE_CHRONOLOGY_ONLY,NO,YES
1390096,2025-11-09T16:00:00+00:00,637,Sturm Graz,HOME,1390095,2025-11-02T16:00:00+00:00,11,11,10,1,1,90.909,5.272,5.255,0.017,11,11,100.0,100.0,4.727,RESEARCH_COMPONENT,STRICTLY_PRIOR_MATCH_CHRONOLOGY_FORM5_MIN30,RETROSPECTIVE_CHRONOLOGY_ONLY,NO,YES
1390102,2025-11-23T13:30:00+00:00,637,Sturm Graz,HOME,1390096,2025-11-09T16:00:00+00:00,11,11,11,0,0,100.0,5.223,5.223,0.0,11,11,100.0,100.0,4.818,RESEARCH_COMPONENT,STRICTLY_PRIOR_MATCH_CHRONOLOGY_FORM5_MIN30,RETROSPECTIVE_CHRONOLOGY_ONLY,NO,YES
1390109,2025-11-30T13:30:00+00:00,637,Sturm Graz,AWAY,1390102,2025-11-23T13:30:00+00:00,11,11,8,3,3,72.727,5.137,5.39,-0.253,10,11,90.909,100.0,4.9,RESEARCH_COMPONENT,STRICTLY_PRIOR_MATCH_CHRONOLOGY_FORM5_MIN30,RETROSPECTIVE_CHRONOLOGY_ONLY,NO,YES
1390046,2025-12-03T19:30:00+00:00,637,Sturm Graz,HOME,1390109,2025-11-30T13:30:00+00:00,11,11,9,2,2,81.818,5.339,5.202,0.137,10,10,90.909,90.909,5,RESEARCH_COMPONENT,STRICTLY_PRIOR_MATCH_CHRONOLOGY_FORM5_MIN30,RETROSPECTIVE_CHRONOLOGY_ONLY,NO,YES
1390118,2025-12-07T16:00:00+00:00,637,Sturm Graz,HOME,1390046,2025-12-03T19:30:00+00:00,11,11,7,4,4,63.636,5.289,5.274,0.015,10,10,90.909,90.909,4.3,RESEARCH_COMPONENT,STRICTLY_PRIOR_MATCH_CHRONOLOGY_FORM5_MIN30,RETROSPECTIVE_CHRONOLOGY_ONLY,NO,YES
1390120,2025-12-14T16:00:00+00:00,637,Sturm Graz,AWAY,1390118,2025-12-07T16:00:00+00:00,11,11,9,2,2,81.818,5.145,5.243,-0.098,11,10,100.0,90.909,4.545,RESEARCH_COMPONENT,STRICTLY_PRIOR_MATCH_CHRONOLOGY_FORM5_MIN30,RETROSPECTIVE_CHRONOLOGY_ONLY,NO,YES
1390128,2026-02-08T16:00:00+00:00,637,Sturm Graz,HOME,1390120,2025-12-14T16:00:00+00:00,11,11,5,6,6,45.455,5.271,5.151,0.12,9,11,81.818,100.0,4.333,RESEARCH_COMPONENT,STRICTLY_PRIOR_MATCH_CHRONOLOGY_FORM5_MIN30,RETROSPECTIVE_CHRONOLOGY_ONLY,NO,YES
1390132,2026-02-14T16:00:00+00:00,637,Sturm Graz,AWAY,1390128,2026-02-08T16:00:00+00:00,11,11,10,1,1,90.909,5.247,5.247,0.0,10,10,90.909,90.909,4.3,RESEARCH_COMPONENT,STRICTLY_PRIOR_MATCH_CHRONOLOGY_FORM5_MIN30,RETROSPECTIVE_CHRONOLOGY_ONLY,NO,YES
1390139,2026-02-22T13:30:00+00:00,637,Sturm Graz,HOME,1390132,2026-02-14T16:00:00+00:00,11,11,6,5,5,54.545,5.275,5.121,0.154,10,11,90.909,100.0,4.2,RESEARCH_COMPONENT,STRICTLY_PRIOR_MATCH_CHRONOLOGY_FORM5_MIN30,RETROSPECTIVE_CHRONOLOGY_ONLY,NO,YES
1390145,2026-03-01T16:00:00+00:00,637,Sturm Graz,AWAY,1390139,2026-02-22T13:30:00+00:00,11,11,9,2,2,81.818,5.129,5.218,-0.089,11,11,100.0,100.0,4.455,RESEARCH_COMPONENT,STRICTLY_PRIOR_MATCH_CHRONOLOGY_FORM5_MIN30,RETROSPECTIVE_CHRONOLOGY_ONLY,NO,YES
1390155,2026-03-08T16:00:00+00:00,637,Sturm Graz,HOME,1390145,2026-03-01T16:00:00+00:00,11,11,6,5,5,54.545,5.085,5.053,0.032,9,11,81.818,100.0,4.444,RESEARCH_COMPONENT,STRICTLY_PRIOR_MATCH_CHRONOLOGY_FORM5_MIN30,RETROSPECTIVE_CHRONOLOGY_ONLY,NO,YES
1531171,2026-03-15T16:00:00+00:00,637,Sturm Graz,AWAY,1390155,2026-03-08T16:00:00+00:00,11,11,9,2,2,81.818,5.042,5.086,-0.044,10,10,90.909,90.909,4.9,RESEARCH_COMPONENT,STRICTLY_PRIOR_MATCH_CHRONOLOGY_FORM5_MIN30,RETROSPECTIVE_CHRONOLOGY_ONLY,NO,YES
1531233,2026-03-20T18:30:00+00:00,637,Sturm Graz,HOME,1531171,2026-03-15T16:00:00+00:00,11,11,9,2,2,81.818,5.05,5.03,0.02,11,10,100.0,90.909,4.636,RESEARCH_COMPONENT,STRICTLY_PRIOR_MATCH_CHRONOLOGY_FORM5_MIN30,RETROSPECTIVE_CHRONOLOGY_ONLY,NO,YES
1531238,2026-04-05T15:00:00+00:00,637,Sturm Graz,AWAY,1531233,2026-03-20T18:30:00+00:00,11,11,6,5,5,54.545,5.149,5.03,0.119,9,11,81.818,100.0,4,RESEARCH_COMPONENT,STRICTLY_PRIOR_MATCH_CHRONOLOGY_FORM5_MIN30,RETROSPECTIVE_CHRONOLOGY_ONLY,NO,YES
1531240,2026-04-12T12:30:00+00:00,637,Sturm Graz,HOME,1531238,2026-04-05T15:00:00+00:00,11,11,10,1,1,90.909,4.95,4.966,-0.016,11,10,100.0,90.909,4.091,RESEARCH_COMPONENT,STRICTLY_PRIOR_MATCH_CHRONOLOGY_FORM5_MIN30,RETROSPECTIVE_CHRONOLOGY_ONLY,NO,YES
1531244,2026-04-19T15:00:00+00:00,637,Sturm Graz,AWAY,1531240,2026-04-12T12:30:00+00:00,11,11,9,2,2,81.818,5.032,5.096,-0.064,11,11,100.0,100.0,4.727,RESEARCH_COMPONENT,STRICTLY_PRIOR_MATCH_CHRONOLOGY_FORM5_MIN30,RETROSPECTIVE_CHRONOLOGY_ONLY,NO,YES
1531247,2026-04-22T18:30:00+00:00,637,Sturm Graz,HOME,1531244,2026-04-19T15:00:00+00:00,11,11,8,3,3,72.727,4.949,4.842,0.107,11,11,100.0,100.0,4.818,RESEARCH_COMPONENT,STRICTLY_PRIOR_MATCH_CHRONOLOGY_FORM5_MIN30,RETROSPECTIVE_CHRONOLOGY_ONLY,NO,YES
1531250,2026-04-26T15:00:00+00:00,637,Sturm Graz,HOME,1531247,2026-04-22T18:30:00+00:00,11,11,9,2,2,81.818,4.876,4.92,-0.044,11,11,100.0,100.0,4.818,RESEARCH_COMPONENT,STRICTLY_PRIOR_MATCH_CHRONOLOGY_FORM5_MIN30,RETROSPECTIVE_CHRONOLOGY_ONLY,NO,YES
1531253,2026-05-03T15:00:00+00:00,637,Sturm Graz,AWAY,1531250,2026-04-26T15:00:00+00:00,11,11,8,3,3,72.727,4.906,4.947,-0.041,11,11,100.0,100.0,5,RESEARCH_COMPONENT,STRICTLY_PRIOR_MATCH_CHRONOLOGY_FORM5_MIN30,RETROSPECTIVE_CHRONOLOGY_ONLY,NO,YES
1531254,2026-05-10T15:00:00+00:00,637,Sturm Graz,AWAY,1531253,2026-05-03T15:00:00+00:00,11,11,9,2,2,81.818,4.966,4.942,0.024,11,11,100.0,100.0,5,RESEARCH_COMPONENT,STRICTLY_PRIOR_MATCH_CHRONOLOGY_FORM5_MIN30,RETROSPECTIVE_CHRONOLOGY_ONLY,NO,YES
1531259,2026-05-17T12:30:00+00:00,637,Sturm Graz,HOME,1531254,2026-05-10T15:00:00+00:00,11,11,8,3,3,72.727,5.125,5.028,0.097,11,11,100.0,100.0,4.909,RESEARCH_COMPONENT,STRICTLY_PRIOR_MATCH_CHRONOLOGY_FORM5_MIN30,RETROSPECTIVE_CHRONOLOGY_ONLY,NO,YES
1382436,2025-08-02T16:15:00+00:00,733,Standard Liege,HOME,1382429,2025-07-26T18:45:00+00:00,11,11,9,2,2,81.818,5.558,5.465,0.093,9,11,81.818,100.0,1,RESEARCH_COMPONENT,STRICTLY_PRIOR_MATCH_CHRONOLOGY_FORM5_MIN30,RETROSPECTIVE_CHRONOLOGY_ONLY,NO,YES
1382448,2025-08-10T16:30:00+00:00,733,Standard Liege,HOME,1382436,2025-08-02T16:15:00+00:00,11,11,9,2,2,81.818,5.335,5.212,0.123,10,11,90.909,100.0,1.9,RESEARCH_COMPONENT,STRICTLY_PRIOR_MATCH_CHRONOLOGY_FORM5_MIN30,RETROSPECTIVE_CHRONOLOGY_ONLY,NO,YES
1382453,2025-08-16T18:45:00+00:00,733,Standard Liege,AWAY,1382448,2025-08-10T16:30:00+00:00,11,11,10,1,1,90.909,5.21,5.063,0.147,11,11,100.0,100.0,2.545,RESEARCH_COMPONENT,STRICTLY_PRIOR_MATCH_CHRONOLOGY_FORM5_MIN30,RETROSPECTIVE_CHRONOLOGY_ONLY,NO,YES
1382460,2025-08-23T16:15:00+00:00,733,Standard Liege,HOME,1382453,2025-08-16T18:45:00+00:00,11,11,8,3,3,72.727,5.043,5.167,-0.124,11,11,100.0,100.0,2.909,RESEARCH_COMPONENT,STRICTLY_PRIOR_MATCH_CHRONOLOGY_FORM5_MIN30,RETROSPECTIVE_CHRONOLOGY_ONLY,NO,YES
1382469,2025-08-31T14:00:00+00:00,733,Standard Liege,AWAY,1382460,2025-08-23T16:15:00+00:00,11,11,8,3,3,72.727,5.166,5.116,0.05,10,11,90.909,100.0,4.3,RESEARCH_COMPONENT,STRICTLY_PRIOR_MATCH_CHRONOLOGY_FORM5_MIN30,RETROSPECTIVE_CHRONOLOGY_ONLY,NO,YES
1382474,2025-09-12T18:45:00+00:00,733,Standard Liege,HOME,1382469,2025-08-31T14:00:00+00:00,11,11,9,2,2,81.818,5.144,4.901,0.243,10,11,90.909,100.0,4.5,RESEARCH_COMPONENT,STRICTLY_PRIOR_MATCH_CHRONOLOGY_FORM5_MIN30,RETROSPECTIVE_CHRONOLOGY_ONLY,NO,YES
1382487,2025-09-21T14:00:00+00:00,733,Standard Liege,AWAY,1382474,2025-09-12T18:45:00+00:00,11,11,9,2,2,81.818,4.97,4.993,-0.023,11,11,100.0,100.0,4.455,RESEARCH_COMPONENT,STRICTLY_PRIOR_MATCH_CHRONOLOGY_FORM5_MIN30,RETROSPECTIVE_CHRONOLOGY_ONLY,NO,YES
1382494,2025-09-27T16:15:00+00:00,733,Standard Liege,HOME,1382487,2025-09-21T14:00:00+00:00,11,11,11,0,0,100.0,4.955,4.955,0.0,11,11,100.0,100.0,4.727,RESEARCH_COMPONENT,STRICTLY_PRIOR_MATCH_CHRONOLOGY_FORM5_MIN30,RETROSPECTIVE_CHRONOLOGY_ONLY,NO,YES
1382502,2025-10-05T11:30:00+00:00,733,Standard Liege,AWAY,1382494,2025-09-27T16:15:00+00:00,11,11,9,2,2,81.818,4.75,4.966,-0.216,11,11,100.0,100.0,4.455,RESEARCH_COMPONENT,STRICTLY_PRIOR_MATCH_CHRONOLOGY_FORM5_MIN30,RETROSPECTIVE_CHRONOLOGY_ONLY,NO,YES
1382511,2025-10-20T13:00:00+00:00,733,Standard Liege,HOME,1382502,2025-10-05T11:30:00+00:00,11,11,8,3,3,72.727,5.058,4.772,0.286,11,11,100.0,100.0,4.727,RESEARCH_COMPONENT,STRICTLY_PRIOR_MATCH_CHRONOLOGY_FORM5_MIN30,RETROSPECTIVE_CHRONOLOGY_ONLY,NO,YES
1382517,2025-10-25T18:45:00+00:00,733,Standard Liege,AWAY,1382511,2025-10-20T13:00:00+00:00,11,11,10,1,1,90.909,5.063,5.007,0.056,10,11,90.909,100.0,4.9,RESEARCH_COMPONENT,STRICTLY_PRIOR_MATCH_CHRONOLOGY_FORM5_MIN30,RETROSPECTIVE_CHRONOLOGY_ONLY,NO,YES
1382526,2025-10-31T19:45:00+00:00,733,Standard Liege,HOME,1382517,2025-10-25T18:45:00+00:00,11,11,7,4,4,63.636,4.964,5.025,-0.061,11,11,100.0,100.0,4.727,RESEARCH_COMPONENT,STRICTLY_PRIOR_MATCH_CHRONOLOGY_FORM5_MIN30,RETROSPECTIVE_CHRONOLOGY_ONLY,NO,YES
1382441,2025-08-03T17:15:00+00:00,735,St. Truiden,AWAY,1382433,2025-07-27T17:15:00+00:00,11,11,11,0,0,100.0,5.553,5.553,0.0,11,11,100.0,100.0,1,RESEARCH_COMPONENT,STRICTLY_PRIOR_MATCH_CHRONOLOGY_FORM5_MIN30,RETROSPECTIVE_CHRONOLOGY_ONLY,NO,YES
1382442,2025-08-08T18:45:00+00:00,735,St. Truiden,HOME,1382441,2025-08-03T17:15:00+00:00,11,11,11,0,0,100.0,5.201,5.201,0.0,11,11,100.0,100.0,2,RESEARCH_COMPONENT,STRICTLY_PRIOR_MATCH_CHRONOLOGY_FORM5_MIN30,RETROSPECTIVE_CHRONOLOGY_ONLY,NO,YES
1382455,2025-08-17T14:00:00+00:00,735,St. Truiden,HOME,1382442,2025-08-08T18:45:00+00:00,11,11,11,0,0,100.0,5.132,5.132,0.0,11,11,100.0,100.0,3,RESEARCH_COMPONENT,STRICTLY_PRIOR_MATCH_CHRONOLOGY_FORM5_MIN30,RETROSPECTIVE_CHRONOLOGY_ONLY,NO,YES
1382461,2025-08-23T18:45:00+00:00,735,St. Truiden,AWAY,1382455,2025-08-17T14:00:00+00:00,11,11,11,0,0,100.0,5.253,5.253,0.0,11,11,100.0,100.0,4,RESEARCH_COMPONENT,STRICTLY_PRIOR_MATCH_CHRONOLOGY_FORM5_MIN30,RETROSPECTIVE_CHRONOLOGY_ONLY,NO,YES
1382466,2025-08-29T18:45:00+00:00,735,St. Truiden,AWAY,1382461,2025-08-23T18:45:00+00:00,11,11,11,0,0,100.0,5.257,5.257,0.0,11,11,100.0,100.0,5,RESEARCH_COMPONENT,STRICTLY_PRIOR_MATCH_CHRONOLOGY_FORM5_MIN30,RETROSPECTIVE_CHRONOLOGY_ONLY,NO,YES
1382481,2025-09-14T17:15:00+00:00,735,St. Truiden,HOME,1382466,2025-08-29T18:45:00+00:00,11,11,10,1,1,90.909,5.095,5.14,-0.045,10,11,90.909,100.0,5,RESEARCH_COMPONENT,STRICTLY_PRIOR_MATCH_CHRONOLOGY_FORM5_MIN30,RETROSPECTIVE_CHRONOLOGY_ONLY,NO,YES
1382484,2025-09-21T16:30:00+00:00,735,St. Truiden,AWAY,1382481,2025-09-14T17:15:00+00:00,11,11,9,2,2,81.818,5.272,5.226,0.046,11,11,100.0,100.0,4,RESEARCH_COMPONENT,STRICTLY_PRIOR_MATCH_CHRONOLOGY_FORM5_MIN30,RETROSPECTIVE_CHRONOLOGY_ONLY,NO,YES
1382490,2025-09-28T11:30:00+00:00,735,St. Truiden,HOME,1382484,2025-09-21T16:30:00+00:00,11,11,10,1,1,90.909,5.315,5.241,0.074,11,11,100.0,100.0,4.545,RESEARCH_COMPONENT,STRICTLY_PRIOR_MATCH_CHRONOLOGY_FORM5_MIN30,RETROSPECTIVE_CHRONOLOGY_ONLY,NO,YES
1382503,2025-10-04T14:00:00+00:00,735,St. Truiden,AWAY,1382490,2025-09-28T11:30:00+00:00,11,11,10,1,1,90.909,5.203,5.254,-0.051,11,11,100.0,100.0,4.727,RESEARCH_COMPONENT,STRICTLY_PRIOR_MATCH_CHRONOLOGY_FORM5_MIN30,RETROSPECTIVE_CHRONOLOGY_ONLY,NO,YES
1382506,2025-10-19T16:30:00+00:00,735,St. Truiden,HOME,1382503,2025-10-04T14:00:00+00:00,11,11,10,1,1,90.909,5.098,5.153,-0.055,11,11,100.0,100.0,4.727,RESEARCH_COMPONENT,STRICTLY_PRIOR_MATCH_CHRONOLOGY_FORM5_MIN30,RETROSPECTIVE_CHRONOLOGY_ONLY,NO,YES
1382516,2025-10-26T18:15:00+00:00,735,St. Truiden,AWAY,1382506,2025-10-19T16:30:00+00:00,11,11,11,0,0,100.0,5.084,5.084,0.0,11,11,100.0,100.0,4.909,RESEARCH_COMPONENT,STRICTLY_PRIOR_MATCH_CHRONOLOGY_FORM5_MIN30,RETROSPECTIVE_CHRONOLOGY_ONLY,NO,YES
1382525,2025-11-02T17:30:00+00:00,735,St. Truiden,HOME,1382516,2025-10-26T18:15:00+00:00,11,11,9,2,2,81.818,5.101,5.015,0.086,10,11,90.909,100.0,5,RESEARCH_COMPONENT,STRICTLY_PRIOR_MATCH_CHRONOLOGY_FORM5_MIN30,RETROSPECTIVE_CHRONOLOGY_ONLY,NO,YES
1382441,2025-08-03T17:15:00+00:00,736,Charleroi,HOME,1382431,2025-07-27T14:00:00+00:00,11,11,7,4,4,63.636,5.175,5.199,,6,10,54.545,90.909,1,DATA_BLOCKED,STRICTLY_PRIOR_MATCH_CHRONOLOGY_FORM5_MIN30,RETROSPECTIVE_CHRONOLOGY_ONLY,NO,YES
1382446,2025-08-10T11:30:00+00:00,736,Charleroi,AWAY,1382441,2025-08-03T17:15:00+00:00,11,11,6,5,5,54.545,5.237,5.087,0.15,8,10,72.727,90.909,2,RESEARCH_COMPONENT,STRICTLY_PRIOR_MATCH_CHRONOLOGY_FORM5_MIN30,RETROSPECTIVE_CHRONOLOGY_ONLY,NO,YES
1382456,2025-08-17T16:30:00+00:00,736,Charleroi,HOME,1382446,2025-08-10T11:30:00+00:00,11,11,10,1,1,90.909,5.209,5.129,0.08,10,10,90.909,90.909,2.6,RESEARCH_COMPONENT,STRICTLY_PRIOR_MATCH_CHRONOLOGY_FORM5_MIN30,RETROSPECTIVE_CHRONOLOGY_ONLY,NO,YES
1382471,2025-08-30T18:45:00+00:00,736,Charleroi,HOME,1382456,2025-08-17T16:30:00+00:00,11,11,9,2,2,81.818,5.159,5.149,0.01,11,10,100.0,90.909,3.636,RESEARCH_COMPONENT,STRICTLY_PRIOR_MATCH_CHRONOLOGY_FORM5_MIN30,RETROSPECTIVE_CHRONOLOGY_ONLY,NO,YES
1382479,2025-09-14T14:00:00+00:00,736,Charleroi,AWAY,1382471,2025-08-30T18:45:00+00:00,11,11,9,2,2,81.818,5.105,5.204,-0.099,10,11,90.909,100.0,4.7,RESEARCH_COMPONENT,STRICTLY_PRIOR_MATCH_CHRONOLOGY_FORM5_MIN30,RETROSPECTIVE_CHRONOLOGY_ONLY,NO,YES
1382458,2025-09-17T18:30:00+00:00,736,Charleroi,AWAY,1382479,2025-09-14T14:00:00+00:00,11,11,8,3,3,72.727,5.058,5.145,-0.087,9,11,81.818,100.0,4.889,RESEARCH_COMPONENT,STRICTLY_PRIOR_MATCH_CHRONOLOGY_FORM5_MIN30,RETROSPECTIVE_CHRONOLOGY_ONLY,NO,YES
1382489,2025-09-20T16:15:00+00:00,736,Charleroi,HOME,1382458,2025-09-17T18:30:00+00:00,11,11,7,4,4,63.636,5.063,5.098,-0.035,11,11,100.0,100.0,4.273,RESEARCH_COMPONENT,STRICTLY_PRIOR_MATCH_CHRONOLOGY_FORM5_MIN30,RETROSPECTIVE_CHRONOLOGY_ONLY,NO,YES
1382496,2025-09-28T16:30:00+00:00,736,Charleroi,HOME,1382489,2025-09-20T16:15:00+00:00,11,11,8,3,3,72.727,5.097,5.016,0.081,11,11,100.0,100.0,4.091,RESEARCH_COMPONENT,STRICTLY_PRIOR_MATCH_CHRONOLOGY_FORM5_MIN30,RETROSPECTIVE_CHRONOLOGY_ONLY,NO,YES
1382498,2025-10-03T18:45:00+00:00,736,Charleroi,AWAY,1382496,2025-09-28T16:30:00+00:00,11,11,9,2,2,81.818,5.027,5.079,-0.052,11,11,100.0,100.0,4.818,RESEARCH_COMPONENT,STRICTLY_PRIOR_MATCH_CHRONOLOGY_FORM5_MIN30,RETROSPECTIVE_CHRONOLOGY_ONLY,NO,YES
1382508,2025-10-18T18:45:00+00:00,736,Charleroi,AWAY,1382498,2025-10-03T18:45:00+00:00,11,11,10,1,1,90.909,5.115,5.039,0.076,11,11,100.0,100.0,4.909,RESEARCH_COMPONENT,STRICTLY_PRIOR_MATCH_CHRONOLOGY_FORM5_MIN30,RETROSPECTIVE_CHRONOLOGY_ONLY,NO,YES
1382521,2025-10-24T18:45:00+00:00,736,Charleroi,HOME,1382508,2025-10-18T18:45:00+00:00,11,11,11,0,0,100.0,5.031,5.031,0.0,11,11,100.0,100.0,5,RESEARCH_COMPONENT,STRICTLY_PRIOR_MATCH_CHRONOLOGY_FORM5_MIN30,RETROSPECTIVE_CHRONOLOGY_ONLY,NO,YES
1382526,2025-10-31T19:45:00+00:00,736,Charleroi,AWAY,1382521,2025-10-24T18:45:00+00:00,11,11,11,0,0,100.0,5.067,5.067,0.0,11,11,100.0,100.0,5,RESEARCH_COMPONENT,STRICTLY_PRIOR_MATCH_CHRONOLOGY_FORM5_MIN30,RETROSPECTIVE_CHRONOLOGY_ONLY,NO,YES
1382438,2025-08-03T11:30:00+00:00,740,Antwerp,AWAY,1382426,2025-07-25T18:45:00+00:00,11,11,11,0,0,100.0,4.897,4.897,0.0,11,11,100.0,100.0,1,RESEARCH_COMPONENT,STRICTLY_PRIOR_MATCH_CHRONOLOGY_FORM5_MIN30,RETROSPECTIVE_CHRONOLOGY_ONLY,NO,YES
1382449,2025-08-10T17:15:00+00:00,740,Antwerp,HOME,1382438,2025-08-03T11:30:00+00:00,11,11,10,1,1,90.909,5.006,5.053,-0.047,10,11,90.909,100.0,2,RESEARCH_COMPONENT,STRICTLY_PRIOR_MATCH_CHRONOLOGY_FORM5_MIN30,RETROSPECTIVE_CHRONOLOGY_ONLY,NO,YES
1382456,2025-08-17T16:30:00+00:00,740,Antwerp,AWAY,1382449,2025-08-10T17:15:00+00:00,11,11,10,1,1,90.909,5.309,5.273,0.036,10,11,90.909,100.0,2.8,RESEARCH_COMPONENT,STRICTLY_PRIOR_MATCH_CHRONOLOGY_FORM5_MIN30,RETROSPECTIVE_CHRONOLOGY_ONLY,NO,YES
1382462,2025-08-24T11:30:00+00:00,740,Antwerp,HOME,1382456,2025-08-17T16:30:00+00:00,11,11,8,3,3,72.727,5.245,5.232,0.013,8,11,72.727,100.0,3.75,RESEARCH_COMPONENT,STRICTLY_PRIOR_MATCH_CHRONOLOGY_FORM5_MIN30,RETROSPECTIVE_CHRONOLOGY_ONLY,NO,YES
1382468,2025-08-30T16:15:00+00:00,740,Antwerp,AWAY,1382462,2025-08-24T11:30:00+00:00,11,11,8,3,3,72.727,5.226,5.183,0.043,10,11,90.909,100.0,3.3,RESEARCH_COMPONENT,STRICTLY_PRIOR_MATCH_CHRONOLOGY_FORM5_MIN30,RETROSPECTIVE_CHRONOLOGY_ONLY,NO,YES
1382478,2025-09-14T11:30:00+00:00,740,Antwerp,HOME,1382468,2025-08-30T16:15:00+00:00,11,11,5,6,6,45.455,5.414,5.226,0.188,9,11,81.818,100.0,4.333,RESEARCH_COMPONENT,STRICTLY_PRIOR_MATCH_CHRONOLOGY_FORM5_MIN30,RETROSPECTIVE_CHRONOLOGY_ONLY,NO,YES
1382483,2025-09-20T18:45:00+00:00,740,Antwerp,AWAY,1382478,2025-09-14T11:30:00+00:00,11,11,10,1,1,90.909,5.192,5.229,-0.037,11,11,100.0,100.0,3.727,RESEARCH_COMPONENT,STRICTLY_PRIOR_MATCH_CHRONOLOGY_FORM5_MIN30,RETROSPECTIVE_CHRONOLOGY_ONLY,NO,YES
1382492,2025-09-27T14:00:00+00:00,740,Antwerp,AWAY,1382483,2025-09-20T18:45:00+00:00,11,11,10,1,1,90.909,5.165,5.145,0.02,11,11,100.0,100.0,3.818,RESEARCH_COMPONENT,STRICTLY_PRIOR_MATCH_CHRONOLOGY_FORM5_MIN30,RETROSPECTIVE_CHRONOLOGY_ONLY,NO,YES
1382501,2025-10-04T18:45:00+00:00,740,Antwerp,HOME,1382492,2025-09-27T14:00:00+00:00,11,11,7,4,4,63.636,5.391,5.199,0.192,9,11,81.818,100.0,4.333,RESEARCH_COMPONENT,STRICTLY_PRIOR_MATCH_CHRONOLOGY_FORM5_MIN30,RETROSPECTIVE_CHRONOLOGY_ONLY,NO,YES
1382511,2025-10-20T13:00:00+00:00,740,Antwerp,AWAY,1382501,2025-10-04T18:45:00+00:00,11,11,10,1,1,90.909,5.009,5.192,-0.183,11,11,100.0,100.0,3.727,RESEARCH_COMPONENT,STRICTLY_PRIOR_MATCH_CHRONOLOGY_FORM5_MIN30,RETROSPECTIVE_CHRONOLOGY_ONLY,NO,YES
1382519,2025-10-26T12:30:00+00:00,740,Antwerp,HOME,1382511,2025-10-20T13:00:00+00:00,11,11,9,2,2,81.818,5.123,5.129,-0.006,11,11,100.0,100.0,3.818,RESEARCH_COMPONENT,STRICTLY_PRIOR_MATCH_CHRONOLOGY_FORM5_MIN30,RETROSPECTIVE_CHRONOLOGY_ONLY,NO,YES
1382525,2025-11-02T17:30:00+00:00,740,Antwerp,AWAY,1382519,2025-10-26T12:30:00+00:00,11,11,10,1,1,90.909,5.052,5.093,-0.041,11,11,100.0,100.0,4.364,RESEARCH_COMPONENT,STRICTLY_PRIOR_MATCH_CHRONOLOGY_FORM5_MIN30,RETROSPECTIVE_CHRONOLOGY_ONLY,NO,YES
1382439,2025-08-03T14:00:00+00:00,741,Cercle Brugge,HOME,1382427,2025-07-26T14:00:00+00:00,11,11,10,1,1,90.909,5.118,4.98,0.138,10,11,90.909,100.0,1,RESEARCH_COMPONENT,STRICTLY_PRIOR_MATCH_CHRONOLOGY_FORM5_MIN30,RETROSPECTIVE_CHRONOLOGY_ONLY,NO,YES
1382443,2025-08-09T14:00:00+00:00,741,Cercle Brugge,AWAY,1382439,2025-08-03T14:00:00+00:00,11,11,9,2,2,81.818,5.216,5.24,-0.024,11,11,100.0,100.0,1.727,RESEARCH_COMPONENT,STRICTLY_PRIOR_MATCH_CHRONOLOGY_FORM5_MIN30,RETROSPECTIVE_CHRONOLOGY_ONLY,NO,YES
1382457,2025-08-17T17:15:00+00:00,741,Cercle Brugge,HOME,1382443,2025-08-09T14:00:00+00:00,11,11,10,1,1,90.909,5.076,5.175,-0.099,11,11,100.0,100.0,2.727,RESEARCH_COMPONENT,STRICTLY_PRIOR_MATCH_CHRONOLOGY_FORM5_MIN30,RETROSPECTIVE_CHRONOLOGY_ONLY,NO,YES
1382460,2025-08-23T16:15:00+00:00,741,Cercle Brugge,AWAY,1382457,2025-08-17T17:15:00+00:00,11,11,10,1,1,90.909,5.211,5.189,0.022,11,11,100.0,100.0,3.727,RESEARCH_COMPONENT,STRICTLY_PRIOR_MATCH_CHRONOLOGY_FORM5_MIN30,RETROSPECTIVE_CHRONOLOGY_ONLY,NO,YES
1382466,2025-08-29T18:45:00+00:00,741,Cercle Brugge,HOME,1382460,2025-08-23T16:15:00+00:00,11,11,11,0,0,100.0,5.212,5.212,0.0,11,11,100.0,100.0,4.727,RESEARCH_COMPONENT,STRICTLY_PRIOR_MATCH_CHRONOLOGY_FORM5_MIN30,RETROSPECTIVE_CHRONOLOGY_ONLY,NO,YES
1382479,2025-09-14T14:00:00+00:00,741,Cercle Brugge,HOME,1382466,2025-08-29T18:45:00+00:00,11,11,10,1,1,90.909,5.238,5.259,-0.021,10,11,90.909,100.0,5,RESEARCH_COMPONENT,STRICTLY_PRIOR_MATCH_CHRONOLOGY_FORM5_MIN30,RETROSPECTIVE_CHRONOLOGY_ONLY,NO,YES
1382485,2025-09-21T17:15:00+00:00,741,Cercle Brugge,AWAY,1382479,2025-09-14T14:00:00+00:00,11,11,8,3,3,72.727,5.194,5.256,-0.062,11,11,100.0,100.0,4.273,RESEARCH_COMPONENT,STRICTLY_PRIOR_MATCH_CHRONOLOGY_FORM5_MIN30,RETROSPECTIVE_CHRONOLOGY_ONLY,NO,YES
1382495,2025-09-28T14:00:00+00:00,741,Cercle Brugge,HOME,1382485,2025-09-21T17:15:00+00:00,11,11,11,0,0,100.0,5.128,5.128,0.0,11,11,100.0,100.0,4.455,RESEARCH_COMPONENT,STRICTLY_PRIOR_MATCH_CHRONOLOGY_FORM5_MIN30,RETROSPECTIVE_CHRONOLOGY_ONLY,NO,YES
1382501,2025-10-04T18:45:00+00:00,741,Cercle Brugge,AWAY,1382495,2025-09-28T14:00:00+00:00,11,11,8,3,3,72.727,5.043,5.083,-0.04,10,11,90.909,100.0,4.3,RESEARCH_COMPONENT,STRICTLY_PRIOR_MATCH_CHRONOLOGY_FORM5_MIN30,RETROSPECTIVE_CHRONOLOGY_ONLY,NO,YES
1382509,2025-10-19T11:30:00+00:00,741,Cercle Brugge,HOME,1382501,2025-10-04T18:45:00+00:00,11,11,8,3,3,72.727,5.052,4.987,0.065,11,11,100.0,100.0,4.727,RESEARCH_COMPONENT,STRICTLY_PRIOR_MATCH_CHRONOLOGY_FORM5_MIN30,RETROSPECTIVE_CHRONOLOGY_ONLY,NO,YES
1382515,2025-10-26T15:00:00+00:00,741,Cercle Brugge,HOME,1382509,2025-10-19T11:30:00+00:00,11,11,10,1,1,90.909,5.15,5.107,0.043,11,11,100.0,100.0,4.909,RESEARCH_COMPONENT,STRICTLY_PRIOR_MATCH_CHRONOLOGY_FORM5_MIN30,RETROSPECTIVE_CHRONOLOGY_ONLY,NO,YES
1382522,2025-11-02T18:15:00+00:00,741,Cercle Brugge,AWAY,1382515,2025-10-26T15:00:00+00:00,11,11,9,2,2,81.818,5.318,5.244,0.074,11,11,100.0,100.0,5,RESEARCH_COMPONENT,STRICTLY_PRIOR_MATCH_CHRONOLOGY_FORM5_MIN30,RETROSPECTIVE_CHRONOLOGY_ONLY,NO,YES
1382438,2025-08-03T11:30:00+00:00,742,Genk,HOME,1382432,2025-07-27T16:30:00+00:00,11,11,10,1,1,90.909,5.303,5.227,0.076,10,11,90.909,100.0,1,RESEARCH_COMPONENT,STRICTLY_PRIOR_MATCH_CHRONOLOGY_FORM5_MIN30,RETROSPECTIVE_CHRONOLOGY_ONLY,NO,YES
1382448,2025-08-10T16:30:00+00:00,742,Genk,AWAY,1382438,2025-08-03T11:30:00+00:00,11,11,11,0,0,100.0,5.475,5.475,0.0,11,11,100.0,100.0,1.909,RESEARCH_COMPONENT,STRICTLY_PRIOR_MATCH_CHRONOLOGY_FORM5_MIN30,RETROSPECTIVE_CHRONOLOGY_ONLY,NO,YES
1382450,2025-08-15T18:45:00+00:00,742,Genk,AWAY,1382448,2025-08-10T16:30:00+00:00,11,11,9,2,2,81.818,5.745,5.53,0.215,9,11,81.818,100.0,2.889,RESEARCH_COMPONENT,STRICTLY_PRIOR_MATCH_CHRONOLOGY_FORM5_MIN30,RETROSPECTIVE_CHRONOLOGY_ONLY,NO,YES
1382473,2025-08-31T17:15:00+00:00,742,Genk,HOME,1382450,2025-08-15T18:45:00+00:00,11,11,9,2,2,81.818,5.604,5.497,0.107,9,11,81.818,100.0,3.556,RESEARCH_COMPONENT,STRICTLY_PRIOR_MATCH_CHRONOLOGY_FORM5_MIN30,RETROSPECTIVE_CHRONOLOGY_ONLY,NO,YES
1382480,2025-09-14T16:30:00+00:00,742,Genk,AWAY,1382473,2025-08-31T17:15:00+00:00,11,11,10,1,1,90.909,5.449,5.452,-0.003,11,11,100.0,100.0,4.182,RESEARCH_COMPONENT,STRICTLY_PRIOR_MATCH_CHRONOLOGY_FORM5_MIN30,RETROSPECTIVE_CHRONOLOGY_ONLY,NO,YES
1382458,2025-09-17T18:30:00+00:00,742,Genk,HOME,1382480,2025-09-14T16:30:00+00:00,11,11,10,1,1,90.909,5.504,5.513,-0.009,11,11,100.0,100.0,4.364,RESEARCH_COMPONENT,STRICTLY_PRIOR_MATCH_CHRONOLOGY_FORM5_MIN30,RETROSPECTIVE_CHRONOLOGY_ONLY,NO,YES
1382486,2025-09-21T11:30:00+00:00,742,Genk,HOME,1382458,2025-09-17T18:30:00+00:00,11,11,8,3,3,72.727,5.431,5.35,0.081,9,11,81.818,100.0,4.556,RESEARCH_COMPONENT,STRICTLY_PRIOR_MATCH_CHRONOLOGY_FORM5_MIN30,RETROSPECTIVE_CHRONOLOGY_ONLY,NO,YES
1382490,2025-09-28T11:30:00+00:00,742,Genk,AWAY,1382486,2025-09-21T11:30:00+00:00,11,11,8,3,3,72.727,5.163,5.331,-0.168,10,11,90.909,100.0,3.5,RESEARCH_COMPONENT,STRICTLY_PRIOR_MATCH_CHRONOLOGY_FORM5_MIN30,RETROSPECTIVE_CHRONOLOGY_ONLY,NO,YES
1382505,2025-10-05T14:00:00+00:00,742,Genk,HOME,1382490,2025-09-28T11:30:00+00:00,11,11,8,3,3,72.727,5.094,5.04,0.054,10,11,90.909,100.0,3.7,RESEARCH_COMPONENT,STRICTLY_PRIOR_MATCH_CHRONOLOGY_FORM5_MIN30,RETROSPECTIVE_CHRONOLOGY_ONLY,NO,YES
1382509,2025-10-19T11:30:00+00:00,742,Genk,AWAY,1382505,2025-10-05T14:00:00+00:00,11,11,7,4,4,63.636,5.497,5.356,0.141,11,11,100.0,100.0,3.909,RESEARCH_COMPONENT,STRICTLY_PRIOR_MATCH_CHRONOLOGY_FORM5_MIN30,RETROSPECTIVE_CHRONOLOGY_ONLY,NO,YES
1382520,2025-10-26T17:30:00+00:00,742,Genk,HOME,1382509,2025-10-19T11:30:00+00:00,11,11,7,4,4,63.636,5.496,5.489,0.007,10,11,90.909,100.0,4,RESEARCH_COMPONENT,STRICTLY_PRIOR_MATCH_CHRONOLOGY_FORM5_MIN30,RETROSPECTIVE_CHRONOLOGY_ONLY,NO,YES
1382524,2025-11-02T12:30:00+00:00,742,Genk,AWAY,1382520,2025-10-26T17:30:00+00:00,11,11,9,2,2,81.818,5.567,5.513,0.054,11,11,100.0,100.0,4.364,RESEARCH_COMPONENT,STRICTLY_PRIOR_MATCH_CHRONOLOGY_FORM5_MIN30,RETROSPECTIVE_CHRONOLOGY_ONLY,NO,YES
1390037,2025-08-10T15:00:00+00:00,781,Rapid Vienna,AWAY,1390031,2025-08-03T15:00:00+00:00,11,11,10,1,1,90.909,4.885,5.044,-0.159,10,11,90.909,100.0,1,RESEARCH_COMPONENT,STRICTLY_PRIOR_MATCH_CHRONOLOGY_FORM5_MIN30,RETROSPECTIVE_CHRONOLOGY_ONLY,NO,YES
1390041,2025-08-17T15:00:00+00:00,781,Rapid Vienna,HOME,1390037,2025-08-10T15:00:00+00:00,11,11,10,1,1,90.909,4.799,4.781,0.018,10,11,90.909,100.0,1.9,RESEARCH_COMPONENT,STRICTLY_PRIOR_MATCH_CHRONOLOGY_FORM5_MIN30,RETROSPECTIVE_CHRONOLOGY_ONLY,NO,YES
1390047,2025-08-24T15:00:00+00:00,781,Rapid Vienna,AWAY,1390041,2025-08-17T15:00:00+00:00,11,11,6,5,5,54.545,5.251,4.86,0.391,9,11,81.818,100.0,2.444,RESEARCH_COMPONENT,STRICTLY_PRIOR_MATCH_CHRONOLOGY_FORM5_MIN30,RETROSPECTIVE_CHRONOLOGY_ONLY,NO,YES
1390054,2025-08-31T15:00:00+00:00,781,Rapid Vienna,AWAY,1390047,2025-08-24T15:00:00+00:00,11,11,7,4,4,63.636,5.167,5.113,0.054,9,11,81.818,100.0,3.444,RESEARCH_COMPONENT,STRICTLY_PRIOR_MATCH_CHRONOLOGY_FORM5_MIN30,RETROSPECTIVE_CHRONOLOGY_ONLY,NO,YES
1390057,2025-09-14T12:30:00+00:00,781,Rapid Vienna,HOME,1390054,2025-08-31T15:00:00+00:00,11,11,9,2,2,81.818,5.349,5.269,0.08,11,11,100.0,100.0,3.455,RESEARCH_COMPONENT,STRICTLY_PRIOR_MATCH_CHRONOLOGY_FORM5_MIN30,RETROSPECTIVE_CHRONOLOGY_ONLY,NO,YES
1390064,2025-09-21T15:00:00+00:00,781,Rapid Vienna,AWAY,1390057,2025-09-14T12:30:00+00:00,11,11,8,3,3,72.727,5.304,5.344,-0.04,11,11,100.0,100.0,3.636,RESEARCH_COMPONENT,STRICTLY_PRIOR_MATCH_CHRONOLOGY_FORM5_MIN30,RETROSPECTIVE_CHRONOLOGY_ONLY,NO,YES
1390067,2025-09-28T15:00:00+00:00,781,Rapid Vienna,HOME,1390064,2025-09-21T15:00:00+00:00,11,11,8,3,3,72.727,5.318,5.241,0.077,11,11,100.0,100.0,4.545,RESEARCH_COMPONENT,STRICTLY_PRIOR_MATCH_CHRONOLOGY_FORM5_MIN30,RETROSPECTIVE_CHRONOLOGY_ONLY,NO,YES
1390073,2025-10-05T15:00:00+00:00,781,Rapid Vienna,AWAY,1390067,2025-09-28T15:00:00+00:00,11,11,9,2,2,81.818,5.354,5.39,-0.036,11,11,100.0,100.0,4.636,RESEARCH_COMPONENT,STRICTLY_PRIOR_MATCH_CHRONOLOGY_FORM5_MIN30,RETROSPECTIVE_CHRONOLOGY_ONLY,NO,YES
1390082,2025-10-19T15:00:00+00:00,781,Rapid Vienna,HOME,1390073,2025-10-05T15:00:00+00:00,11,11,10,1,1,90.909,5.376,5.387,-0.011,11,11,100.0,100.0,5,RESEARCH_COMPONENT,STRICTLY_PRIOR_MATCH_CHRONOLOGY_FORM5_MIN30,RETROSPECTIVE_CHRONOLOGY_ONLY,NO,YES
1390089,2025-10-26T13:30:00+00:00,781,Rapid Vienna,AWAY,1390082,2025-10-19T15:00:00+00:00,11,11,7,4,4,63.636,5.351,5.251,0.1,10,11,90.909,100.0,4.2,RESEARCH_COMPONENT,STRICTLY_PRIOR_MATCH_CHRONOLOGY_FORM5_MIN30,RETROSPECTIVE_CHRONOLOGY_ONLY,NO,YES
1390095,2025-11-02T16:00:00+00:00,781,Rapid Vienna,HOME,1390089,2025-10-26T13:30:00+00:00,11,11,11,0,0,100.0,5.29,5.29,0.0,11,11,100.0,100.0,4.182,RESEARCH_COMPONENT,STRICTLY_PRIOR_MATCH_CHRONOLOGY_FORM5_MIN30,RETROSPECTIVE_CHRONOLOGY_ONLY,NO,YES
1390097,2025-11-09T13:30:00+00:00,781,Rapid Vienna,AWAY,1390095,2025-11-02T16:00:00+00:00,11,11,9,2,2,81.818,5.27,5.186,0.084,11,11,100.0,100.0,4.636,RESEARCH_COMPONENT,STRICTLY_PRIOR_MATCH_CHRONOLOGY_FORM5_MIN30,RETROSPECTIVE_CHRONOLOGY_ONLY,NO,YES
1390104,2025-11-23T16:00:00+00:00,781,Rapid Vienna,HOME,1390097,2025-11-09T13:30:00+00:00,11,11,8,3,3,72.727,5.194,5.285,-0.091,10,11,90.909,100.0,4.7,RESEARCH_COMPONENT,STRICTLY_PRIOR_MATCH_CHRONOLOGY_FORM5_MIN30,RETROSPECTIVE_CHRONOLOGY_ONLY,NO,YES
1390111,2025-11-30T16:00:00+00:00,781,Rapid Vienna,AWAY,1390104,2025-11-23T16:00:00+00:00,11,11,6,5,5,54.545,5.277,5.127,0.15,11,11,100.0,100.0,4.727,RESEARCH_COMPONENT,STRICTLY_PRIOR_MATCH_CHRONOLOGY_FORM5_MIN30,RETROSPECTIVE_CHRONOLOGY_ONLY,NO,YES
1390115,2025-12-06T16:00:00+00:00,781,Rapid Vienna,HOME,1390111,2025-11-30T16:00:00+00:00,11,11,8,3,3,72.727,5.154,5.172,-0.018,10,11,90.909,100.0,4.6,RESEARCH_COMPONENT,STRICTLY_PRIOR_MATCH_CHRONOLOGY_FORM5_MIN30,RETROSPECTIVE_CHRONOLOGY_ONLY,NO,YES
1390123,2025-12-14T13:30:00+00:00,781,Rapid Vienna,AWAY,1390115,2025-12-06T16:00:00+00:00,11,11,6,5,5,54.545,4.997,5.115,-0.118,10,11,90.909,100.0,4.2,RESEARCH_COMPONENT,STRICTLY_PRIOR_MATCH_CHRONOLOGY_FORM5_MIN30,RETROSPECTIVE_CHRONOLOGY_ONLY,NO,YES
1390130,2026-02-07T16:00:00+00:00,781,Rapid Vienna,HOME,1390123,2025-12-14T13:30:00+00:00,11,11,7,4,4,63.636,5.009,5.214,-0.205,10,11,90.909,100.0,4.7,RESEARCH_COMPONENT,STRICTLY_PRIOR_MATCH_CHRONOLOGY_FORM5_MIN30,RETROSPECTIVE_CHRONOLOGY_ONLY,NO,YES
1390133,2026-02-15T16:00:00+00:00,781,Rapid Vienna,AWAY,1390130,2026-02-07T16:00:00+00:00,11,11,10,1,1,90.909,5.289,5.199,0.09,11,11,100.0,100.0,4.455,RESEARCH_COMPONENT,STRICTLY_PRIOR_MATCH_CHRONOLOGY_FORM5_MIN30,RETROSPECTIVE_CHRONOLOGY_ONLY,NO,YES
1390140,2026-02-21T16:00:00+00:00,781,Rapid Vienna,HOME,1390133,2026-02-15T16:00:00+00:00,11,11,8,3,3,72.727,5.263,5.361,-0.098,11,11,100.0,100.0,4.636,RESEARCH_COMPONENT,STRICTLY_PRIOR_MATCH_CHRONOLOGY_FORM5_MIN30,RETROSPECTIVE_CHRONOLOGY_ONLY,NO,YES
1390146,2026-03-01T16:00:00+00:00,781,Rapid Vienna,AWAY,1390140,2026-02-21T16:00:00+00:00,11,11,9,2,2,81.818,5.378,5.254,0.124,10,11,90.909,100.0,4.8,RESEARCH_COMPONENT,STRICTLY_PRIOR_MATCH_CHRONOLOGY_FORM5_MIN30,RETROSPECTIVE_CHRONOLOGY_ONLY,NO,YES
1390151,2026-03-08T16:00:00+00:00,781,Rapid Vienna,HOME,1390146,2026-03-01T16:00:00+00:00,11,11,8,3,3,72.727,5.36,5.389,-0.029,11,11,100.0,100.0,4.545,RESEARCH_COMPONENT,STRICTLY_PRIOR_MATCH_CHRONOLOGY_FORM5_MIN30,RETROSPECTIVE_CHRONOLOGY_ONLY,NO,YES
1531170,2026-03-15T13:30:00+00:00,781,Rapid Vienna,AWAY,1390151,2026-03-08T16:00:00+00:00,11,11,8,3,3,72.727,5.412,5.31,0.102,11,11,100.0,100.0,4.636,RESEARCH_COMPONENT,STRICTLY_PRIOR_MATCH_CHRONOLOGY_FORM5_MIN30,RETROSPECTIVE_CHRONOLOGY_ONLY,NO,YES
1531235,2026-03-22T16:00:00+00:00,781,Rapid Vienna,HOME,1531170,2026-03-15T13:30:00+00:00,11,11,10,1,1,90.909,5.425,5.377,0.048,11,11,100.0,100.0,4.727,RESEARCH_COMPONENT,STRICTLY_PRIOR_MATCH_CHRONOLOGY_FORM5_MIN30,RETROSPECTIVE_CHRONOLOGY_ONLY,NO,YES
1531238,2026-04-05T15:00:00+00:00,781,Rapid Vienna,HOME,1531235,2026-03-22T16:00:00+00:00,11,11,9,2,2,81.818,5.305,5.375,-0.07,11,11,100.0,100.0,5,RESEARCH_COMPONENT,STRICTLY_PRIOR_MATCH_CHRONOLOGY_FORM5_MIN30,RETROSPECTIVE_CHRONOLOGY_ONLY,NO,YES
1531241,2026-04-12T15:00:00+00:00,781,Rapid Vienna,AWAY,1531238,2026-04-05T15:00:00+00:00,11,11,8,3,3,72.727,5.408,5.336,0.072,11,11,100.0,100.0,4.818,RESEARCH_COMPONENT,STRICTLY_PRIOR_MATCH_CHRONOLOGY_FORM5_MIN30,RETROSPECTIVE_CHRONOLOGY_ONLY,NO,YES
1531243,2026-04-19T12:30:00+00:00,781,Rapid Vienna,AWAY,1531241,2026-04-12T15:00:00+00:00,11,11,9,2,2,81.818,5.564,5.502,0.062,11,11,100.0,100.0,4.909,RESEARCH_COMPONENT,STRICTLY_PRIOR_MATCH_CHRONOLOGY_FORM5_MIN30,RETROSPECTIVE_CHRONOLOGY_ONLY,NO,YES
1531246,2026-04-22T16:30:00+00:00,781,Rapid Vienna,HOME,1531243,2026-04-19T12:30:00+00:00,11,11,10,1,1,90.909,5.677,5.692,-0.015,11,11,100.0,100.0,5,RESEARCH_COMPONENT,STRICTLY_PRIOR_MATCH_CHRONOLOGY_FORM5_MIN30,RETROSPECTIVE_CHRONOLOGY_ONLY,NO,YES
1531249,2026-04-26T12:30:00+00:00,781,Rapid Vienna,HOME,1531246,2026-04-22T16:30:00+00:00,11,11,9,2,2,81.818,5.775,5.714,0.061,11,11,100.0,100.0,5,RESEARCH_COMPONENT,STRICTLY_PRIOR_MATCH_CHRONOLOGY_FORM5_MIN30,RETROSPECTIVE_CHRONOLOGY_ONLY,NO,YES
1531252,2026-05-04T18:30:00+00:00,781,Rapid Vienna,AWAY,1531249,2026-04-26T12:30:00+00:00,11,11,9,2,2,81.818,5.532,5.701,-0.169,11,11,100.0,100.0,5,RESEARCH_COMPONENT,STRICTLY_PRIOR_MATCH_CHRONOLOGY_FORM5_MIN30,RETROSPECTIVE_CHRONOLOGY_ONLY,NO,YES
1531256,2026-05-10T15:00:00+00:00,781,Rapid Vienna,HOME,1531252,2026-05-04T18:30:00+00:00,11,11,8,3,3,72.727,5.54,5.446,0.094,11,11,100.0,100.0,5,RESEARCH_COMPONENT,STRICTLY_PRIOR_MATCH_CHRONOLOGY_FORM5_MIN30,RETROSPECTIVE_CHRONOLOGY_ONLY,NO,YES
1531259,2026-05-17T12:30:00+00:00,781,Rapid Vienna,AWAY,1531256,2026-05-10T15:00:00+00:00,11,11,8,3,3,72.727,5.605,5.509,0.096,10,11,90.909,100.0,5,RESEARCH_COMPONENT,STRICTLY_PRIOR_MATCH_CHRONOLOGY_FORM5_MIN30,RETROSPECTIVE_CHRONOLOGY_ONLY,NO,YES
1545664,2026-05-22T17:30:00+00:00,781,Rapid Vienna,AWAY,1531259,2026-05-17T12:30:00+00:00,11,11,8,3,3,72.727,5.225,5.439,-0.214,11,10,100.0,90.909,4.636,RESEARCH_COMPONENT,STRICTLY_PRIOR_MATCH_CHRONOLOGY_FORM5_MIN30,RETROSPECTIVE_CHRONOLOGY_ONLY,NO,YES
1545665,2026-05-25T15:00:00+00:00,781,Rapid Vienna,HOME,1545664,2026-05-22T17:30:00+00:00,11,11,8,3,3,72.727,5.503,5.207,0.296,11,11,100.0,100.0,4.909,RESEARCH_COMPONENT,STRICTLY_PRIOR_MATCH_CHRONOLOGY_FORM5_MIN30,RETROSPECTIVE_CHRONOLOGY_ONLY,NO,YES
