fixture_id,endpoint,country,provider_competition_id,competition_name,season,round,kickoff_utc,home_team,away_team,attempt_count,last_attempt_at_utc,last_attempt_result,response_rows,normalized_rows,last_error
1382426,/fixtures/lineups,Belgium,144,Jupiler Pro League,2025,Regular Season - 1,2025-07-25T18:45:00+00:00,Antwerp,Union St. Gilloise,1,2026-09-20T20:27:30Z,CAPTURED,2,2,
1382426,/injuries,Belgium,144,Jupiler Pro League,2025,Regular Season - 1,2025-07-25T18:45:00+00:00,Antwerp,Union St. Gilloise,1,2026-09-20T20:27:30Z,CAPTURED,4,4,
1382427,/fixtures/lineups,Belgium,144,Jupiler Pro League,2025,Regular Season - 1,2025-07-26T14:00:00+00:00,Dender,Cercle Brugge,1,2026-09-20T20:27:30Z,CAPTURED,2,2,
1382427,/injuries,Belgium,144,Jupiler Pro League,2025,Regular Season - 1,2025-07-26T14:00:00+00:00,Dender,Cercle Brugge,1,2026-09-20T20:27:30Z,CAPTURED,6,6,
1382428,/fixtures/lineups,Belgium,144,Jupiler Pro League,2025,Regular Season - 1,2025-07-26T16:15:00+00:00,Zulte Waregem,KV Mechelen,1,2026-09-20T20:27:30Z,CAPTURED,2,2,
1382428,/injuries,Belgium,144,Jupiler Pro League,2025,Regular Season - 1,2025-07-26T16:15:00+00:00,Zulte Waregem,KV Mechelen,1,2026-09-20T20:27:30Z,NO_DATA,0,0,
1382429,/fixtures/lineups,Belgium,144,Jupiler Pro League,2025,Regular Season - 1,2025-07-26T18:45:00+00:00,RAAL La Louvière,Standard Liege,1,2026-09-20T20:27:30Z,CAPTURED,2,2,
1382429,/injuries,Belgium,144,Jupiler Pro League,2025,Regular Season - 1,2025-07-26T18:45:00+00:00,RAAL La Louvière,Standard Liege,1,2026-09-20T20:27:30Z,CAPTURED,2,2,
1382430,/fixtures/lineups,Belgium,144,Jupiler Pro League,2025,Regular Season - 1,2025-07-27T11:30:00+00:00,Anderlecht,KVC Westerlo,1,2026-09-20T20:27:30Z,CAPTURED,2,2,
1382430,/injuries,Belgium,144,Jupiler Pro League,2025,Regular Season - 1,2025-07-27T11:30:00+00:00,Anderlecht,KVC Westerlo,1,2026-09-20T20:27:30Z,CAPTURED,6,6,
1382431,/fixtures/lineups,Belgium,144,Jupiler Pro League,2025,Regular Season - 1,2025-07-27T14:00:00+00:00,OH Leuven,Charleroi,1,2026-09-20T20:27:30Z,CAPTURED,2,2,
1382431,/injuries,Belgium,144,Jupiler Pro League,2025,Regular Season - 1,2025-07-27T14:00:00+00:00,OH Leuven,Charleroi,1,2026-09-20T20:27:30Z,CAPTURED,1,1,
1382432,/fixtures/lineups,Belgium,144,Jupiler Pro League,2025,Regular Season - 1,2025-07-27T16:30:00+00:00,Club Brugge KV,Genk,1,2026-09-20T20:27:30Z,CAPTURED,2,2,
1382432,/injuries,Belgium,144,Jupiler Pro League,2025,Regular Season - 1,2025-07-27T16:30:00+00:00,Club Brugge KV,Genk,1,2026-09-20T20:27:30Z,CAPTURED,3,3,
1382433,/fixtures/lineups,Belgium,144,Jupiler Pro League,2025,Regular Season - 1,2025-07-27T17:15:00+00:00,St. Truiden,Gent,1,2026-09-20T20:27:30Z,CAPTURED,2,2,
1382433,/injuries,Belgium,144,Jupiler Pro League,2025,Regular Season - 1,2025-07-27T17:15:00+00:00,St. Truiden,Gent,1,2026-09-20T20:27:30Z,CAPTURED,1,1,
1382434,/fixtures/lineups,Belgium,144,Jupiler Pro League,2025,Regular Season - 2,2025-08-01T18:45:00+00:00,KV Mechelen,Club Brugge KV,1,2026-09-20T20:27:30Z,CAPTURED,2,2,
1382434,/injuries,Belgium,144,Jupiler Pro League,2025,Regular Season - 2,2025-08-01T18:45:00+00:00,KV Mechelen,Club Brugge KV,1,2026-09-20T20:27:30Z,CAPTURED,3,3,
1382435,/fixtures/lineups,Belgium,144,Jupiler Pro League,2025,Regular Season - 2,2025-08-02T14:00:00+00:00,KVC Westerlo,Zulte Waregem,1,2026-09-20T20:27:30Z,CAPTURED,2,2,
1382435,/injuries,Belgium,144,Jupiler Pro League,2025,Regular Season - 2,2025-08-02T14:00:00+00:00,KVC Westerlo,Zulte Waregem,1,2026-09-20T20:27:30Z,CAPTURED,1,1,
1382436,/fixtures/lineups,Belgium,144,Jupiler Pro League,2025,Regular Season - 2,2025-08-02T16:15:00+00:00,Standard Liege,Dender,1,2026-09-20T20:27:30Z,CAPTURED,2,2,
1382436,/injuries,Belgium,144,Jupiler Pro League,2025,Regular Season - 2,2025-08-02T16:15:00+00:00,Standard Liege,Dender,1,2026-09-20T20:27:30Z,CAPTURED,7,7,
1382437,/fixtures/lineups,Belgium,144,Jupiler Pro League,2025,Regular Season - 2,2025-08-02T18:45:00+00:00,Gent,RAAL La Louvière,1,2026-09-20T20:27:30Z,CAPTURED,2,2,
1382437,/injuries,Belgium,144,Jupiler Pro League,2025,Regular Season - 2,2025-08-02T18:45:00+00:00,Gent,RAAL La Louvière,1,2026-09-20T20:27:30Z,CAPTURED,2,2,
1382438,/fixtures/lineups,Belgium,144,Jupiler Pro League,2025,Regular Season - 2,2025-08-03T11:30:00+00:00,Genk,Antwerp,1,2026-09-20T20:27:30Z,CAPTURED,2,2,
1382438,/injuries,Belgium,144,Jupiler Pro League,2025,Regular Season - 2,2025-08-03T11:30:00+00:00,Genk,Antwerp,1,2026-09-20T20:27:30Z,CAPTURED,3,3,
1382439,/fixtures/lineups,Belgium,144,Jupiler Pro League,2025,Regular Season - 2,2025-08-03T14:00:00+00:00,Cercle Brugge,Anderlecht,1,2026-09-20T20:27:30Z,CAPTURED,2,2,
1382439,/injuries,Belgium,144,Jupiler Pro League,2025,Regular Season - 2,2025-08-03T14:00:00+00:00,Cercle Brugge,Anderlecht,1,2026-09-20T20:27:30Z,CAPTURED,6,6,
1382440,/fixtures/lineups,Belgium,144,Jupiler Pro League,2025,Regular Season - 2,2025-08-03T16:30:00+00:00,Union St. Gilloise,OH Leuven,1,2026-09-20T20:27:30Z,CAPTURED,2,2,
1382440,/injuries,Belgium,144,Jupiler Pro League,2025,Regular Season - 2,2025-08-03T16:30:00+00:00,Union St. Gilloise,OH Leuven,1,2026-09-20T20:27:30Z,CAPTURED,4,4,
1382441,/fixtures/lineups,Belgium,144,Jupiler Pro League,2025,Regular Season - 2,2025-08-03T17:15:00+00:00,Charleroi,St. Truiden,1,2026-09-20T20:27:30Z,CAPTURED,2,2,
1382441,/injuries,Belgium,144,Jupiler Pro League,2025,Regular Season - 2,2025-08-03T17:15:00+00:00,Charleroi,St. Truiden,1,2026-09-20T20:27:30Z,NO_DATA,0,0,
1382442,/fixtures/lineups,Belgium,144,Jupiler Pro League,2025,Regular Season - 3,2025-08-08T18:45:00+00:00,St. Truiden,Dender,1,2026-09-20T20:27:30Z,CAPTURED,2,2,
1382442,/injuries,Belgium,144,Jupiler Pro League,2025,Regular Season - 3,2025-08-08T18:45:00+00:00,St. Truiden,Dender,1,2026-09-20T20:27:30Z,CAPTURED,4,4,
1382443,/fixtures/lineups,Belgium,144,Jupiler Pro League,2025,Regular Season - 3,2025-08-09T14:00:00+00:00,Club Brugge KV,Cercle Brugge,1,2026-09-20T20:27:30Z,CAPTURED,2,2,
1382443,/injuries,Belgium,144,Jupiler Pro League,2025,Regular Season - 3,2025-08-09T14:00:00+00:00,Club Brugge KV,Cercle Brugge,1,2026-09-20T20:27:30Z,CAPTURED,5,5,
1382444,/fixtures/lineups,Belgium,144,Jupiler Pro League,2025,Regular Season - 3,2025-08-09T16:15:00+00:00,KVC Westerlo,KV Mechelen,1,2026-09-20T20:27:30Z,CAPTURED,2,2,
1382444,/injuries,Belgium,144,Jupiler Pro League,2025,Regular Season - 3,2025-08-09T16:15:00+00:00,KVC Westerlo,KV Mechelen,1,2026-09-20T20:27:30Z,CAPTURED,1,1,
1382445,/fixtures/lineups,Belgium,144,Jupiler Pro League,2025,Regular Season - 3,2025-08-09T18:45:00+00:00,Gent,Union St. Gilloise,1,2026-09-20T20:27:30Z,CAPTURED,2,2,
1382445,/injuries,Belgium,144,Jupiler Pro League,2025,Regular Season - 3,2025-08-09T18:45:00+00:00,Gent,Union St. Gilloise,1,2026-09-20T20:27:30Z,CAPTURED,4,4,
1382446,/fixtures/lineups,Belgium,144,Jupiler Pro League,2025,Regular Season - 3,2025-08-10T11:30:00+00:00,RAAL La Louvière,Charleroi,1,2026-09-20T20:27:30Z,CAPTURED,2,2,
1382446,/injuries,Belgium,144,Jupiler Pro League,2025,Regular Season - 3,2025-08-10T11:30:00+00:00,RAAL La Louvière,Charleroi,1,2026-09-20T20:27:30Z,CAPTURED,1,1,
1382447,/fixtures/lineups,Belgium,144,Jupiler Pro League,2025,Regular Season - 3,2025-08-10T14:00:00+00:00,Anderlecht,Zulte Waregem,1,2026-09-20T20:27:30Z,CAPTURED,2,2,
1382447,/injuries,Belgium,144,Jupiler Pro League,2025,Regular Season - 3,2025-08-10T14:00:00+00:00,Anderlecht,Zulte Waregem,1,2026-09-20T20:27:30Z,CAPTURED,4,4,
1382448,/fixtures/lineups,Belgium,144,Jupiler Pro League,2025,Regular Season - 3,2025-08-10T16:30:00+00:00,Standard Liege,Genk,1,2026-09-20T20:27:30Z,CAPTURED,2,2,
1382448,/injuries,Belgium,144,Jupiler Pro League,2025,Regular Season - 3,2025-08-10T16:30:00+00:00,Standard Liege,Genk,1,2026-09-20T20:27:30Z,CAPTURED,3,3,
1382449,/fixtures/lineups,Belgium,144,Jupiler Pro League,2025,Regular Season - 3,2025-08-10T17:15:00+00:00,Antwerp,OH Leuven,1,2026-09-20T20:27:30Z,CAPTURED,2,2,
1382449,/injuries,Belgium,144,Jupiler Pro League,2025,Regular Season - 3,2025-08-10T17:15:00+00:00,Antwerp,OH Leuven,1,2026-09-20T20:27:30Z,CAPTURED,6,6,
1382450,/fixtures/lineups,Belgium,144,Jupiler Pro League,2025,Regular Season - 4,2025-08-15T18:45:00+00:00,OH Leuven,Genk,1,2026-09-20T20:27:30Z,CAPTURED,2,2,
1382450,/injuries,Belgium,144,Jupiler Pro League,2025,Regular Season - 4,2025-08-15T18:45:00+00:00,OH Leuven,Genk,1,2026-09-20T20:27:30Z,CAPTURED,4,4,
1382451,/fixtures/lineups,Belgium,144,Jupiler Pro League,2025,Regular Season - 4,2025-08-16T14:00:00+00:00,Zulte Waregem,Club Brugge KV,1,2026-09-20T20:27:30Z,CAPTURED,2,2,
1382451,/injuries,Belgium,144,Jupiler Pro League,2025,Regular Season - 4,2025-08-16T14:00:00+00:00,Zulte Waregem,Club Brugge KV,1,2026-09-20T20:27:30Z,CAPTURED,4,4,
1382452,/fixtures/lineups,Belgium,144,Jupiler Pro League,2025,Regular Season - 4,2025-08-16T16:15:00+00:00,KV Mechelen,Gent,1,2026-09-20T20:27:30Z,CAPTURED,2,2,
1382452,/injuries,Belgium,144,Jupiler Pro League,2025,Regular Season - 4,2025-08-16T16:15:00+00:00,KV Mechelen,Gent,1,2026-09-20T20:27:30Z,CAPTURED,2,2,
1382453,/fixtures/lineups,Belgium,144,Jupiler Pro League,2025,Regular Season - 4,2025-08-16T18:45:00+00:00,Union St. Gilloise,Standard Liege,1,2026-09-20T20:27:30Z,CAPTURED,2,2,
1382453,/injuries,Belgium,144,Jupiler Pro League,2025,Regular Season - 4,2025-08-16T18:45:00+00:00,Union St. Gilloise,Standard Liege,1,2026-09-20T20:27:30Z,CAPTURED,4,4,
1382454,/fixtures/lineups,Belgium,144,Jupiler Pro League,2025,Regular Season - 4,2025-08-17T11:30:00+00:00,Dender,Anderlecht,1,2026-09-20T20:27:30Z,CAPTURED,2,2,
1382454,/injuries,Belgium,144,Jupiler Pro League,2025,Regular Season - 4,2025-08-17T11:30:00+00:00,Dender,Anderlecht,1,2026-09-20T20:27:30Z,CAPTURED,5,5,
1382455,/fixtures/lineups,Belgium,144,Jupiler Pro League,2025,Regular Season - 4,2025-08-17T14:00:00+00:00,St. Truiden,RAAL La Louvière,1,2026-09-20T20:27:30Z,CAPTURED,2,2,
1382455,/injuries,Belgium,144,Jupiler Pro League,2025,Regular Season - 4,2025-08-17T14:00:00+00:00,St. Truiden,RAAL La Louvière,1,2026-09-20T20:27:30Z,CAPTURED,2,2,
1382456,/fixtures/lineups,Belgium,144,Jupiler Pro League,2025,Regular Season - 4,2025-08-17T16:30:00+00:00,Charleroi,Antwerp,1,2026-09-20T20:27:30Z,CAPTURED,2,2,
1382456,/injuries,Belgium,144,Jupiler Pro League,2025,Regular Season - 4,2025-08-17T16:30:00+00:00,Charleroi,Antwerp,1,2026-09-20T20:27:30Z,CAPTURED,3,3,
1382457,/fixtures/lineups,Belgium,144,Jupiler Pro League,2025,Regular Season - 4,2025-08-17T17:15:00+00:00,Cercle Brugge,KVC Westerlo,1,2026-09-20T20:27:30Z,CAPTURED,2,2,
1382457,/injuries,Belgium,144,Jupiler Pro League,2025,Regular Season - 4,2025-08-17T17:15:00+00:00,Cercle Brugge,KVC Westerlo,1,2026-09-20T20:27:30Z,CAPTURED,5,5,
1382458,/fixtures/lineups,Belgium,144,Jupiler Pro League,2025,Regular Season - 5,2025-09-17T18:30:00+00:00,Genk,Charleroi,1,2026-09-20T20:27:30Z,CAPTURED,2,2,
1382458,/injuries,Belgium,144,Jupiler Pro League,2025,Regular Season - 5,2025-09-17T18:30:00+00:00,Genk,Charleroi,1,2026-09-20T20:27:30Z,NO_DATA,0,0,
1382459,/fixtures/lineups,Belgium,144,Jupiler Pro League,2025,Regular Season - 5,2025-09-24T18:30:00+00:00,Club Brugge KV,KVC Westerlo,1,2026-09-20T20:27:30Z,CAPTURED,2,2,
1382459,/injuries,Belgium,144,Jupiler Pro League,2025,Regular Season - 5,2025-09-24T18:30:00+00:00,Club Brugge KV,KVC Westerlo,1,2026-09-20T20:27:30Z,CAPTURED,3,3,
1382460,/fixtures/lineups,Belgium,144,Jupiler Pro League,2025,Regular Season - 5,2025-08-23T16:15:00+00:00,Standard Liege,Cercle Brugge,1,2026-09-20T20:27:30Z,CAPTURED,2,2,
1382460,/injuries,Belgium,144,Jupiler Pro League,2025,Regular Season - 5,2025-08-23T16:15:00+00:00,Standard Liege,Cercle Brugge,1,2026-09-20T20:27:30Z,CAPTURED,5,5,
1382461,/fixtures/lineups,Belgium,144,Jupiler Pro League,2025,Regular Season - 5,2025-08-23T18:45:00+00:00,Zulte Waregem,St. Truiden,1,2026-09-20T20:27:30Z,CAPTURED,2,2,
1382461,/injuries,Belgium,144,Jupiler Pro League,2025,Regular Season - 5,2025-08-23T18:45:00+00:00,Zulte Waregem,St. Truiden,1,2026-09-20T20:27:30Z,CAPTURED,2,2,
1382462,/fixtures/lineups,Belgium,144,Jupiler Pro League,2025,Regular Season - 5,2025-08-24T11:30:00+00:00,Antwerp,KV Mechelen,1,2026-09-20T20:27:30Z,CAPTURED,2,2,
1382462,/injuries,Belgium,144,Jupiler Pro League,2025,Regular Season - 5,2025-08-24T11:30:00+00:00,Antwerp,KV Mechelen,1,2026-09-20T20:27:30Z,CAPTURED,5,5,
1382463,/fixtures/lineups,Belgium,144,Jupiler Pro League,2025,Regular Season - 5,2025-09-23T18:30:00+00:00,Anderlecht,Gent,1,2026-09-20T20:27:30Z,CAPTURED,2,2,
1382463,/injuries,Belgium,144,Jupiler Pro League,2025,Regular Season - 5,2025-09-23T18:30:00+00:00,Anderlecht,Gent,1,2026-09-20T20:27:30Z,CAPTURED,6,6,
1382464,/fixtures/lineups,Belgium,144,Jupiler Pro League,2025,Regular Season - 5,2025-08-24T16:30:00+00:00,RAAL La Louvière,Union St. Gilloise,1,2026-09-20T20:27:30Z,CAPTURED,2,2,
1382464,/injuries,Belgium,144,Jupiler Pro League,2025,Regular Season - 5,2025-08-24T16:30:00+00:00,RAAL La Louvière,Union St. Gilloise,1,2026-09-20T20:27:30Z,CAPTURED,4,4,
1382465,/fixtures/lineups,Belgium,144,Jupiler Pro League,2025,Regular Season - 5,2025-08-24T17:15:00+00:00,Dender,OH Leuven,1,2026-09-20T20:27:30Z,CAPTURED,2,2,
1382465,/injuries,Belgium,144,Jupiler Pro League,2025,Regular Season - 5,2025-08-24T17:15:00+00:00,Dender,OH Leuven,1,2026-09-20T20:27:30Z,CAPTURED,4,4,
1382466,/fixtures/lineups,Belgium,144,Jupiler Pro League,2025,Regular Season - 6,2025-08-29T18:45:00+00:00,Cercle Brugge,St. Truiden,1,2026-09-20T20:27:30Z,CAPTURED,2,2,
1382466,/injuries,Belgium,144,Jupiler Pro League,2025,Regular Season - 6,2025-08-29T18:45:00+00:00,Cercle Brugge,St. Truiden,1,2026-09-20T20:27:30Z,CAPTURED,1,1,
1382467,/fixtures/lineups,Belgium,144,Jupiler Pro League,2025,Regular Season - 6,2025-08-30T14:00:00+00:00,KV Mechelen,RAAL La Louvière,1,2026-09-20T20:27:30Z,CAPTURED,2,2,
1382467,/injuries,Belgium,144,Jupiler Pro League,2025,Regular Season - 6,2025-08-30T14:00:00+00:00,KV Mechelen,RAAL La Louvière,1,2026-09-20T20:27:30Z,NO_DATA,0,0,
1382468,/fixtures/lineups,Belgium,144,Jupiler Pro League,2025,Regular Season - 6,2025-08-30T16:15:00+00:00,KVC Westerlo,Antwerp,1,2026-09-20T20:27:30Z,CAPTURED,2,2,
1382468,/injuries,Belgium,144,Jupiler Pro League,2025,Regular Season - 6,2025-08-30T16:15:00+00:00,KVC Westerlo,Antwerp,1,2026-09-20T20:27:30Z,NO_DATA,0,0,
1382469,/fixtures/lineups,Belgium,144,Jupiler Pro League,2025,Regular Season - 6,2025-08-31T14:00:00+00:00,OH Leuven,Standard Liege,1,2026-09-20T20:27:30Z,CAPTURED,2,2,
1382469,/injuries,Belgium,144,Jupiler Pro League,2025,Regular Season - 6,2025-08-31T14:00:00+00:00,OH Leuven,Standard Liege,1,2026-09-20T20:27:30Z,CAPTURED,4,4,
1382470,/fixtures/lineups,Belgium,144,Jupiler Pro League,2025,Regular Season - 6,2025-08-31T11:30:00+00:00,Gent,Club Brugge KV,1,2026-09-20T20:27:30Z,CAPTURED,2,2,
1382470,/injuries,Belgium,144,Jupiler Pro League,2025,Regular Season - 6,2025-08-31T11:30:00+00:00,Gent,Club Brugge KV,1,2026-09-20T20:27:30Z,NO_DATA,0,0,
1382471,/fixtures/lineups,Belgium,144,Jupiler Pro League,2025,Regular Season - 6,2025-08-30T18:45:00+00:00,Charleroi,Dender,1,2026-09-20T20:27:30Z,CAPTURED,2,2,
1382471,/injuries,Belgium,144,Jupiler Pro League,2025,Regular Season - 6,2025-08-30T18:45:00+00:00,Charleroi,Dender,1,2026-09-20T20:27:30Z,CAPTURED,2,2,
1382472,/fixtures/lineups,Belgium,144,Jupiler Pro League,2025,Regular Season - 6,2025-08-31T16:30:00+00:00,Union St. Gilloise,Anderlecht,1,2026-09-20T20:27:30Z,CAPTURED,2,2,
1382472,/injuries,Belgium,144,Jupiler Pro League,2025,Regular Season - 6,2025-08-31T16:30:00+00:00,Union St. Gilloise,Anderlecht,1,2026-09-20T20:27:30Z,NO_DATA,0,0,
1382473,/fixtures/lineups,Belgium,144,Jupiler Pro League,2025,Regular Season - 6,2025-08-31T17:15:00+00:00,Genk,Zulte Waregem,1,2026-09-20T20:27:30Z,CAPTURED,2,2,
1382473,/injuries,Belgium,144,Jupiler Pro League,2025,Regular Season - 6,2025-08-31T17:15:00+00:00,Genk,Zulte Waregem,1,2026-09-20T20:27:30Z,NO_DATA,0,0,
1382474,/fixtures/lineups,Belgium,144,Jupiler Pro League,2025,Regular Season - 7,2025-09-12T18:45:00+00:00,Standard Liege,KV Mechelen,1,2026-09-20T20:27:30Z,CAPTURED,2,2,
1382474,/injuries,Belgium,144,Jupiler Pro League,2025,Regular Season - 7,2025-09-12T18:45:00+00:00,Standard Liege,KV Mechelen,1,2026-09-20T20:27:30Z,NO_DATA,0,0,
1382475,/fixtures/lineups,Belgium,144,Jupiler Pro League,2025,Regular Season - 7,2025-09-13T14:00:00+00:00,Zulte Waregem,OH Leuven,1,2026-09-20T20:27:30Z,CAPTURED,2,2,
1382475,/injuries,Belgium,144,Jupiler Pro League,2025,Regular Season - 7,2025-09-13T14:00:00+00:00,Zulte Waregem,OH Leuven,1,2026-09-20T20:27:30Z,NO_DATA,0,0,
1382476,/fixtures/lineups,Belgium,144,Jupiler Pro League,2025,Regular Season - 7,2025-09-13T16:15:00+00:00,Dender,Union St. Gilloise,1,2026-09-20T20:27:30Z,CAPTURED,2,2,
1382476,/injuries,Belgium,144,Jupiler Pro League,2025,Regular Season - 7,2025-09-13T16:15:00+00:00,Dender,Union St. Gilloise,1,2026-09-20T20:27:30Z,CAPTURED,1,1,
1382477,/fixtures/lineups,Belgium,144,Jupiler Pro League,2025,Regular Season - 7,2025-09-13T18:45:00+00:00,RAAL La Louvière,Club Brugge KV,1,2026-09-20T20:27:30Z,CAPTURED,2,2,
1382477,/injuries,Belgium,144,Jupiler Pro League,2025,Regular Season - 7,2025-09-13T18:45:00+00:00,RAAL La Louvière,Club Brugge KV,1,2026-09-20T20:27:30Z,NO_DATA,0,0,
1382478,/fixtures/lineups,Belgium,144,Jupiler Pro League,2025,Regular Season - 7,2025-09-14T11:30:00+00:00,Antwerp,Gent,1,2026-09-20T20:27:30Z,CAPTURED,2,2,
1382478,/injuries,Belgium,144,Jupiler Pro League,2025,Regular Season - 7,2025-09-14T11:30:00+00:00,Antwerp,Gent,1,2026-09-20T20:27:30Z,NO_DATA,0,0,
1382479,/fixtures/lineups,Belgium,144,Jupiler Pro League,2025,Regular Season - 7,2025-09-14T14:00:00+00:00,Cercle Brugge,Charleroi,1,2026-09-20T20:27:30Z,CAPTURED,2,2,
1382479,/injuries,Belgium,144,Jupiler Pro League,2025,Regular Season - 7,2025-09-14T14:00:00+00:00,Cercle Brugge,Charleroi,1,2026-09-20T20:27:30Z,CAPTURED,1,1,
1382480,/fixtures/lineups,Belgium,144,Jupiler Pro League,2025,Regular Season - 7,2025-09-14T16:30:00+00:00,Anderlecht,Genk,1,2026-09-20T20:27:30Z,CAPTURED,2,2,
1382480,/injuries,Belgium,144,Jupiler Pro League,2025,Regular Season - 7,2025-09-14T16:30:00+00:00,Anderlecht,Genk,1,2026-09-20T20:27:30Z,NO_DATA,0,0,
1382481,/fixtures/lineups,Belgium,144,Jupiler Pro League,2025,Regular Season - 7,2025-09-14T17:15:00+00:00,St. Truiden,KVC Westerlo,1,2026-09-20T20:27:30Z,CAPTURED,2,2,
1382481,/injuries,Belgium,144,Jupiler Pro League,2025,Regular Season - 7,2025-09-14T17:15:00+00:00,St. Truiden,KVC Westerlo,1,2026-09-20T20:27:30Z,NO_DATA,0,0,
1382482,/fixtures/lineups,Belgium,144,Jupiler Pro League,2025,Regular Season - 8,2025-09-19T18:45:00+00:00,Gent,Dender,1,2026-09-20T20:27:30Z,CAPTURED,2,2,
1382482,/injuries,Belgium,144,Jupiler Pro League,2025,Regular Season - 8,2025-09-19T18:45:00+00:00,Gent,Dender,1,2026-09-20T20:27:30Z,NO_DATA,0,0,
1382483,/fixtures/lineups,Belgium,144,Jupiler Pro League,2025,Regular Season - 8,2025-09-20T18:45:00+00:00,Anderlecht,Antwerp,1,2026-09-20T20:27:30Z,CAPTURED,2,2,
1382483,/injuries,Belgium,144,Jupiler Pro League,2025,Regular Season - 8,2025-09-20T18:45:00+00:00,Anderlecht,Antwerp,1,2026-09-20T20:27:30Z,NO_DATA,0,0,
1382484,/fixtures/lineups,Belgium,144,Jupiler Pro League,2025,Regular Season - 8,2025-09-21T16:30:00+00:00,Club Brugge KV,St. Truiden,1,2026-09-20T20:27:30Z,CAPTURED,2,2,
1382484,/injuries,Belgium,144,Jupiler Pro League,2025,Regular Season - 8,2025-09-21T16:30:00+00:00,Club Brugge KV,St. Truiden,1,2026-09-20T20:27:30Z,NO_DATA,0,0,
1382485,/fixtures/lineups,Belgium,144,Jupiler Pro League,2025,Regular Season - 8,2025-09-21T17:15:00+00:00,KV Mechelen,Cercle Brugge,1,2026-09-20T20:27:30Z,CAPTURED,2,2,
1382485,/injuries,Belgium,144,Jupiler Pro League,2025,Regular Season - 8,2025-09-21T17:15:00+00:00,KV Mechelen,Cercle Brugge,1,2026-09-20T20:27:30Z,NO_DATA,0,0,
1382486,/fixtures/lineups,Belgium,144,Jupiler Pro League,2025,Regular Season - 8,2025-09-21T11:30:00+00:00,Genk,Union St. Gilloise,1,2026-09-20T20:27:30Z,CAPTURED,2,2,
1382486,/injuries,Belgium,144,Jupiler Pro League,2025,Regular Season - 8,2025-09-21T11:30:00+00:00,Genk,Union St. Gilloise,1,2026-09-20T20:27:30Z,NO_DATA,0,0,
1382487,/fixtures/lineups,Belgium,144,Jupiler Pro League,2025,Regular Season - 8,2025-09-21T14:00:00+00:00,KVC Westerlo,Standard Liege,1,2026-09-20T20:27:30Z,CAPTURED,2,2,
1382487,/injuries,Belgium,144,Jupiler Pro League,2025,Regular Season - 8,2025-09-21T14:00:00+00:00,KVC Westerlo,Standard Liege,1,2026-09-20T20:27:30Z,NO_DATA,0,0,
1382488,/fixtures/lineups,Belgium,144,Jupiler Pro League,2025,Regular Season - 8,2025-09-20T14:00:00+00:00,OH Leuven,RAAL La Louvière,1,2026-09-20T20:27:30Z,CAPTURED,2,2,
1382488,/injuries,Belgium,144,Jupiler Pro League,2025,Regular Season - 8,2025-09-20T14:00:00+00:00,OH Leuven,RAAL La Louvière,1,2026-09-20T20:27:30Z,NO_DATA,0,0,
1382489,/fixtures/lineups,Belgium,144,Jupiler Pro League,2025,Regular Season - 8,2025-09-20T16:15:00+00:00,Charleroi,Zulte Waregem,1,2026-09-20T20:27:30Z,CAPTURED,2,2,
1382489,/injuries,Belgium,144,Jupiler Pro League,2025,Regular Season - 8,2025-09-20T16:15:00+00:00,Charleroi,Zulte Waregem,1,2026-09-20T20:27:30Z,NO_DATA,0,0,
1382490,/fixtures/lineups,Belgium,144,Jupiler Pro League,2025,Regular Season - 9,2025-09-28T11:30:00+00:00,St. Truiden,Genk,1,2026-09-20T20:27:30Z,CAPTURED,2,2,
1382490,/injuries,Belgium,144,Jupiler Pro League,2025,Regular Season - 9,2025-09-28T11:30:00+00:00,St. Truiden,Genk,1,2026-09-20T20:27:30Z,NO_DATA,0,0,
1382491,/fixtures/lineups,Belgium,144,Jupiler Pro League,2025,Regular Season - 9,2025-09-28T17:15:00+00:00,Dender,RAAL La Louvière,1,2026-09-20T20:27:30Z,CAPTURED,2,2,
1382491,/injuries,Belgium,144,Jupiler Pro League,2025,Regular Season - 9,2025-09-28T17:15:00+00:00,Dender,RAAL La Louvière,1,2026-09-20T20:27:30Z,NO_DATA,0,0,
1382492,/fixtures/lineups,Belgium,144,Jupiler Pro League,2025,Regular Season - 9,2025-09-27T14:00:00+00:00,Zulte Waregem,Antwerp,1,2026-09-20T20:27:30Z,CAPTURED,2,2,
1382492,/injuries,Belgium,144,Jupiler Pro League,2025,Regular Season - 9,2025-09-27T14:00:00+00:00,Zulte Waregem,Antwerp,1,2026-09-20T20:27:30Z,NO_DATA,0,0,
1382493,/fixtures/lineups,Belgium,144,Jupiler Pro League,2025,Regular Season - 9,2025-09-26T18:45:00+00:00,OH Leuven,Anderlecht,1,2026-09-20T20:27:30Z,CAPTURED,2,2,
1382493,/injuries,Belgium,144,Jupiler Pro League,2025,Regular Season - 9,2025-09-26T18:45:00+00:00,OH Leuven,Anderlecht,1,2026-09-20T20:27:30Z,NO_DATA,0,0,
1382494,/fixtures/lineups,Belgium,144,Jupiler Pro League,2025,Regular Season - 9,2025-09-27T16:15:00+00:00,Standard Liege,Club Brugge KV,1,2026-09-20T20:27:30Z,CAPTURED,2,2,
1382494,/injuries,Belgium,144,Jupiler Pro League,2025,Regular Season - 9,2025-09-27T16:15:00+00:00,Standard Liege,Club Brugge KV,1,2026-09-20T20:27:30Z,NO_DATA,0,0,
1382495,/fixtures/lineups,Belgium,144,Jupiler Pro League,2025,Regular Season - 9,2025-09-28T14:00:00+00:00,Cercle Brugge,Gent,1,2026-09-20T20:27:30Z,CAPTURED,2,2,
1382495,/injuries,Belgium,144,Jupiler Pro League,2025,Regular Season - 9,2025-09-28T14:00:00+00:00,Cercle Brugge,Gent,1,2026-09-20T20:27:30Z,NO_DATA,0,0,
1382496,/fixtures/lineups,Belgium,144,Jupiler Pro League,2025,Regular Season - 9,2025-09-28T16:30:00+00:00,Charleroi,KV Mechelen,1,2026-09-20T20:27:30Z,CAPTURED,2,2,
1382496,/injuries,Belgium,144,Jupiler Pro League,2025,Regular Season - 9,2025-09-28T16:30:00+00:00,Charleroi,KV Mechelen,1,2026-09-20T20:27:30Z,NO_DATA,0,0,
1382497,/fixtures/lineups,Belgium,144,Jupiler Pro League,2025,Regular Season - 9,2025-09-27T18:45:00+00:00,Union St. Gilloise,KVC Westerlo,1,2026-09-20T20:27:30Z,CAPTURED,2,2,
1382497,/injuries,Belgium,144,Jupiler Pro League,2025,Regular Season - 9,2025-09-27T18:45:00+00:00,Union St. Gilloise,KVC Westerlo,1,2026-09-20T20:27:30Z,NO_DATA,0,0,
1382498,/fixtures/lineups,Belgium,144,Jupiler Pro League,2025,Regular Season - 10,2025-10-03T18:45:00+00:00,Gent,Charleroi,1,2026-09-20T20:27:30Z,CAPTURED,2,2,
1382498,/injuries,Belgium,144,Jupiler Pro League,2025,Regular Season - 10,2025-10-03T18:45:00+00:00,Gent,Charleroi,1,2026-09-20T20:27:30Z,NO_DATA,0,0,
1382499,/fixtures/lineups,Belgium,144,Jupiler Pro League,2025,Regular Season - 10,2025-10-04T16:15:00+00:00,RAAL La Louvière,Zulte Waregem,1,2026-09-20T20:27:30Z,CAPTURED,2,2,
1382499,/injuries,Belgium,144,Jupiler Pro League,2025,Regular Season - 10,2025-10-04T16:15:00+00:00,RAAL La Louvière,Zulte Waregem,1,2026-09-20T20:27:30Z,NO_DATA,0,0,
1382500,/fixtures/lineups,Belgium,144,Jupiler Pro League,2025,Regular Season - 10,2025-10-05T16:30:00+00:00,Club Brugge KV,Union St. Gilloise,1,2026-09-20T20:27:30Z,CAPTURED,2,2,
1382500,/injuries,Belgium,144,Jupiler Pro League,2025,Regular Season - 10,2025-10-05T16:30:00+00:00,Club Brugge KV,Union St. Gilloise,1,2026-09-20T20:27:30Z,NO_DATA,0,0,
1382501,/fixtures/lineups,Belgium,144,Jupiler Pro League,2025,Regular Season - 10,2025-10-04T18:45:00+00:00,Antwerp,Cercle Brugge,1,2026-09-20T20:27:30Z,CAPTURED,2,2,
1382501,/injuries,Belgium,144,Jupiler Pro League,2025,Regular Season - 10,2025-10-04T18:45:00+00:00,Antwerp,Cercle Brugge,1,2026-09-20T20:27:30Z,NO_DATA,0,0,
1382502,/fixtures/lineups,Belgium,144,Jupiler Pro League,2025,Regular Season - 10,2025-10-05T11:30:00+00:00,Anderlecht,Standard Liege,1,2026-09-20T20:27:30Z,CAPTURED,2,2,
1382502,/injuries,Belgium,144,Jupiler Pro League,2025,Regular Season - 10,2025-10-05T11:30:00+00:00,Anderlecht,Standard Liege,1,2026-09-20T20:27:30Z,NO_DATA,0,0,
1382503,/fixtures/lineups,Belgium,144,Jupiler Pro League,2025,Regular Season - 10,2025-10-04T14:00:00+00:00,KV Mechelen,St. Truiden,1,2026-09-20T20:27:30Z,CAPTURED,2,2,
1382503,/injuries,Belgium,144,Jupiler Pro League,2025,Regular Season - 10,2025-10-04T14:00:00+00:00,KV Mechelen,St. Truiden,1,2026-09-20T20:27:30Z,NO_DATA,0,0,
1382504,/fixtures/lineups,Belgium,144,Jupiler Pro League,2025,Regular Season - 10,2025-10-05T17:15:00+00:00,KVC Westerlo,OH Leuven,1,2026-09-20T20:27:30Z,CAPTURED,2,2,
1382504,/injuries,Belgium,144,Jupiler Pro League,2025,Regular Season - 10,2025-10-05T17:15:00+00:00,KVC Westerlo,OH Leuven,1,2026-09-20T20:27:30Z,NO_DATA,0,0,
1382505,/fixtures/lineups,Belgium,144,Jupiler Pro League,2025,Regular Season - 10,2025-10-05T14:00:00+00:00,Genk,Dender,1,2026-09-20T20:27:30Z,CAPTURED,2,2,
1382505,/injuries,Belgium,144,Jupiler Pro League,2025,Regular Season - 10,2025-10-05T14:00:00+00:00,Genk,Dender,1,2026-09-20T20:27:30Z,NO_DATA,0,0,
1382506,/fixtures/lineups,Belgium,144,Jupiler Pro League,2025,Regular Season - 11,2025-10-19T16:30:00+00:00,St. Truiden,Anderlecht,1,2026-09-20T20:27:30Z,CAPTURED,2,2,
1382506,/injuries,Belgium,144,Jupiler Pro League,2025,Regular Season - 11,2025-10-19T16:30:00+00:00,St. Truiden,Anderlecht,1,2026-09-20T20:27:30Z,NO_DATA,0,0,
1382507,/fixtures/lineups,Belgium,144,Jupiler Pro League,2025,Regular Season - 11,2025-10-19T17:15:00+00:00,Zulte Waregem,Gent,1,2026-09-20T20:27:30Z,CAPTURED,2,2,
1382507,/injuries,Belgium,144,Jupiler Pro League,2025,Regular Season - 11,2025-10-19T17:15:00+00:00,Zulte Waregem,Gent,1,2026-09-20T20:27:30Z,NO_DATA,0,0,
1382508,/fixtures/lineups,Belgium,144,Jupiler Pro League,2025,Regular Season - 11,2025-10-18T18:45:00+00:00,Union St. Gilloise,Charleroi,1,2026-09-20T20:27:30Z,CAPTURED,2,2,
1382508,/injuries,Belgium,144,Jupiler Pro League,2025,Regular Season - 11,2025-10-18T18:45:00+00:00,Union St. Gilloise,Charleroi,1,2026-09-20T20:27:30Z,NO_DATA,0,0,
1382509,/fixtures/lineups,Belgium,144,Jupiler Pro League,2025,Regular Season - 11,2025-10-19T11:30:00+00:00,Cercle Brugge,Genk,1,2026-09-20T20:27:30Z,CAPTURED,2,2,
1382509,/injuries,Belgium,144,Jupiler Pro League,2025,Regular Season - 11,2025-10-19T11:30:00+00:00,Cercle Brugge,Genk,1,2026-09-20T20:27:30Z,NO_DATA,0,0,
1382510,/fixtures/lineups,Belgium,144,Jupiler Pro League,2025,Regular Season - 11,2025-10-18T14:00:00+00:00,RAAL La Louvière,KVC Westerlo,1,2026-09-20T20:27:30Z,CAPTURED,2,2,
1382510,/injuries,Belgium,144,Jupiler Pro League,2025,Regular Season - 11,2025-10-18T14:00:00+00:00,RAAL La Louvière,KVC Westerlo,1,2026-09-20T20:27:30Z,NO_DATA,0,0,
1382511,/fixtures/lineups,Belgium,144,Jupiler Pro League,2025,Regular Season - 11,2025-10-20T13:00:00+00:00,Standard Liege,Antwerp,1,2026-09-20T20:27:30Z,CAPTURED,2,2,
1382511,/injuries,Belgium,144,Jupiler Pro League,2025,Regular Season - 11,2025-10-20T13:00:00+00:00,Standard Liege,Antwerp,1,2026-09-20T20:27:30Z,NO_DATA,0,0,
1382512,/fixtures/lineups,Belgium,144,Jupiler Pro League,2025,Regular Season - 11,2025-10-19T14:00:00+00:00,Dender,KV Mechelen,1,2026-09-20T20:27:30Z,CAPTURED,2,2,
1382512,/injuries,Belgium,144,Jupiler Pro League,2025,Regular Season - 11,2025-10-19T14:00:00+00:00,Dender,KV Mechelen,1,2026-09-20T20:27:30Z,NO_DATA,0,0,
1382513,/fixtures/lineups,Belgium,144,Jupiler Pro League,2025,Regular Season - 11,2025-10-18T16:15:00+00:00,OH Leuven,Club Brugge KV,1,2026-09-20T20:27:30Z,CAPTURED,2,2,
1382513,/injuries,Belgium,144,Jupiler Pro League,2025,Regular Season - 11,2025-10-18T16:15:00+00:00,OH Leuven,Club Brugge KV,1,2026-09-20T20:27:30Z,NO_DATA,0,0,
1382514,/fixtures/lineups,Belgium,144,Jupiler Pro League,2025,Regular Season - 12,2025-10-25T16:15:00+00:00,KV Mechelen,OH Leuven,1,2026-09-20T20:27:30Z,CAPTURED,2,2,
1382514,/injuries,Belgium,144,Jupiler Pro League,2025,Regular Season - 12,2025-10-25T16:15:00+00:00,KV Mechelen,OH Leuven,1,2026-09-20T20:27:30Z,NO_DATA,0,0,
1382515,/fixtures/lineups,Belgium,144,Jupiler Pro League,2025,Regular Season - 12,2025-10-26T15:00:00+00:00,Cercle Brugge,Zulte Waregem,1,2026-09-20T20:27:30Z,CAPTURED,2,2,
1382515,/injuries,Belgium,144,Jupiler Pro League,2025,Regular Season - 12,2025-10-26T15:00:00+00:00,Cercle Brugge,Zulte Waregem,1,2026-09-20T20:27:30Z,NO_DATA,0,0,
1382516,/fixtures/lineups,Belgium,144,Jupiler Pro League,2025,Regular Season - 12,2025-10-26T18:15:00+00:00,Union St. Gilloise,St. Truiden,1,2026-09-20T20:27:30Z,CAPTURED,2,2,
1382516,/injuries,Belgium,144,Jupiler Pro League,2025,Regular Season - 12,2025-10-26T18:15:00+00:00,Union St. Gilloise,St. Truiden,1,2026-09-20T20:27:30Z,NO_DATA,0,0,
1382517,/fixtures/lineups,Belgium,144,Jupiler Pro League,2025,Regular Season - 12,2025-10-25T18:45:00+00:00,Gent,Standard Liege,1,2026-09-20T20:27:30Z,CAPTURED,2,2,
1382517,/injuries,Belgium,144,Jupiler Pro League,2025,Regular Season - 12,2025-10-25T18:45:00+00:00,Gent,Standard Liege,1,2026-09-20T20:27:30Z,NO_DATA,0,0,
1382518,/fixtures/lineups,Belgium,144,Jupiler Pro League,2025,Regular Season - 12,2025-10-25T14:00:00+00:00,KVC Westerlo,Dender,1,2026-09-20T20:27:30Z,CAPTURED,2,2,
1382518,/injuries,Belgium,144,Jupiler Pro League,2025,Regular Season - 12,2025-10-25T14:00:00+00:00,KVC Westerlo,Dender,1,2026-09-20T20:27:30Z,NO_DATA,0,0,
1382519,/fixtures/lineups,Belgium,144,Jupiler Pro League,2025,Regular Season - 12,2025-10-26T12:30:00+00:00,Antwerp,Club Brugge KV,1,2026-09-20T20:27:30Z,CAPTURED,2,2,
1382519,/injuries,Belgium,144,Jupiler Pro League,2025,Regular Season - 12,2025-10-26T12:30:00+00:00,Antwerp,Club Brugge KV,1,2026-09-20T20:27:30Z,NO_DATA,0,0,
1382520,/fixtures/lineups,Belgium,144,Jupiler Pro League,2025,Regular Season - 12,2025-10-26T17:30:00+00:00,Genk,RAAL La Louvière,1,2026-09-20T20:27:30Z,CAPTURED,2,2,
1382520,/injuries,Belgium,144,Jupiler Pro League,2025,Regular Season - 12,2025-10-26T17:30:00+00:00,Genk,RAAL La Louvière,1,2026-09-20T20:27:30Z,NO_DATA,0,0,
1382521,/fixtures/lineups,Belgium,144,Jupiler Pro League,2025,Regular Season - 12,2025-10-24T18:45:00+00:00,Charleroi,Anderlecht,1,2026-09-20T20:27:30Z,CAPTURED,2,2,
1382521,/injuries,Belgium,144,Jupiler Pro League,2025,Regular Season - 12,2025-10-24T18:45:00+00:00,Charleroi,Anderlecht,1,2026-09-20T20:27:30Z,NO_DATA,0,0,
1382522,/fixtures/lineups,Belgium,144,Jupiler Pro League,2025,Regular Season - 13,2025-11-02T18:15:00+00:00,RAAL La Louvière,Cercle Brugge,1,2026-09-20T20:27:30Z,CAPTURED,2,2,
1382522,/injuries,Belgium,144,Jupiler Pro League,2025,Regular Season - 13,2025-11-02T18:15:00+00:00,RAAL La Louvière,Cercle Brugge,1,2026-09-20T20:27:30Z,NO_DATA,0,0,
1382523,/fixtures/lineups,Belgium,144,Jupiler Pro League,2025,Regular Season - 13,2025-11-01T19:45:00+00:00,Anderlecht,KV Mechelen,1,2026-09-20T20:27:30Z,CAPTURED,2,2,
1382523,/injuries,Belgium,144,Jupiler Pro League,2025,Regular Season - 13,2025-11-01T19:45:00+00:00,Anderlecht,KV Mechelen,1,2026-09-20T20:27:30Z,NO_DATA,0,0,
1382524,/fixtures/lineups,Belgium,144,Jupiler Pro League,2025,Regular Season - 13,2025-11-02T12:30:00+00:00,KVC Westerlo,Genk,1,2026-09-20T20:27:30Z,CAPTURED,2,2,
1382524,/injuries,Belgium,144,Jupiler Pro League,2025,Regular Season - 13,2025-11-02T12:30:00+00:00,KVC Westerlo,Genk,1,2026-09-20T20:27:30Z,NO_DATA,0,0,
1382525,/fixtures/lineups,Belgium,144,Jupiler Pro League,2025,Regular Season - 13,2025-11-02T17:30:00+00:00,St. Truiden,Antwerp,1,2026-09-20T20:27:30Z,CAPTURED,2,2,
1382525,/injuries,Belgium,144,Jupiler Pro League,2025,Regular Season - 13,2025-11-02T17:30:00+00:00,St. Truiden,Antwerp,1,2026-09-20T20:27:30Z,NO_DATA,0,0,
1382526,/fixtures/lineups,Belgium,144,Jupiler Pro League,2025,Regular Season - 13,2025-10-31T19:45:00+00:00,Standard Liege,Charleroi,1,2026-09-20T20:27:30Z,CAPTURED,2,2,
1382526,/injuries,Belgium,144,Jupiler Pro League,2025,Regular Season - 13,2025-10-31T19:45:00+00:00,Standard Liege,Charleroi,1,2026-09-20T20:27:30Z,NO_DATA,0,0,
1382527,/fixtures/lineups,Belgium,144,Jupiler Pro League,2025,Regular Season - 13,2025-11-01T15:00:00+00:00,Zulte Waregem,Union St. Gilloise,1,2026-09-20T20:27:30Z,CAPTURED,2,2,
1382527,/injuries,Belgium,144,Jupiler Pro League,2025,Regular Season - 13,2025-11-01T15:00:00+00:00,Zulte Waregem,Union St. Gilloise,1,2026-09-20T20:27:30Z,NO_DATA,0,0,
1382528,/fixtures/lineups,Belgium,144,Jupiler Pro League,2025,Regular Season - 13,2025-11-02T15:00:00+00:00,OH Leuven,Gent,1,2026-09-20T20:27:30Z,CAPTURED,2,2,
1382528,/injuries,Belgium,144,Jupiler Pro League,2025,Regular Season - 13,2025-11-02T15:00:00+00:00,OH Leuven,Gent,1,2026-09-20T20:27:30Z,NO_DATA,0,0,
1382529,/fixtures/lineups,Belgium,144,Jupiler Pro League,2025,Regular Season - 13,2025-11-01T17:15:00+00:00,Club Brugge KV,Dender,1,2026-09-20T20:27:30Z,CAPTURED,2,2,
1382529,/injuries,Belgium,144,Jupiler Pro League,2025,Regular Season - 13,2025-11-01T17:15:00+00:00,Club Brugge KV,Dender,1,2026-09-20T20:27:30Z,NO_DATA,0,0,
1382530,/fixtures/lineups,Belgium,144,Jupiler Pro League,2025,Regular Season - 14,2025-11-07T19:45:00+00:00,Dender,Zulte Waregem,1,2026-09-20T20:27:30Z,CAPTURED,2,2,
1382530,/injuries,Belgium,144,Jupiler Pro League,2025,Regular Season - 14,2025-11-07T19:45:00+00:00,Dender,Zulte Waregem,1,2026-09-20T20:27:30Z,NO_DATA,0,0,
1390027,/fixtures/lineups,Austria,218,Bundesliga,2025,Regular Season - 1,2025-08-01T18:30:00+00:00,Lask Linz,Sturm Graz,1,2026-09-20T20:27:30Z,CAPTURED,2,2,
1390027,/injuries,Austria,218,Bundesliga,2025,Regular Season - 1,2025-08-01T18:30:00+00:00,Lask Linz,Sturm Graz,1,2026-09-20T20:27:30Z,CAPTURED,4,4,
1390028,/fixtures/lineups,Austria,218,Bundesliga,2025,Regular Season - 1,2025-08-02T15:00:00+00:00,Wolfsberger AC,SCR Altach,1,2026-09-20T20:27:30Z,CAPTURED,2,2,
1390028,/injuries,Austria,218,Bundesliga,2025,Regular Season - 1,2025-08-02T15:00:00+00:00,Wolfsberger AC,SCR Altach,1,2026-09-20T20:27:30Z,CAPTURED,2,2,
1390029,/fixtures/lineups,Austria,218,Bundesliga,2025,Regular Season - 1,2025-08-02T17:30:00+00:00,Ried,Red Bull Salzburg,1,2026-09-20T20:27:30Z,CAPTURED,2,2,
1390029,/injuries,Austria,218,Bundesliga,2025,Regular Season - 1,2025-08-02T17:30:00+00:00,Ried,Red Bull Salzburg,1,2026-09-20T20:27:30Z,CAPTURED,10,10,
1390030,/fixtures/lineups,Austria,218,Bundesliga,2025,Regular Season - 1,2025-08-03T15:00:00+00:00,Grazer AK,Austria Vienna,1,2026-09-20T20:27:30Z,CAPTURED,2,2,
1390030,/injuries,Austria,218,Bundesliga,2025,Regular Season - 1,2025-08-03T15:00:00+00:00,Grazer AK,Austria Vienna,1,2026-09-20T20:27:30Z,CAPTURED,6,6,
1390031,/fixtures/lineups,Austria,218,Bundesliga,2025,Regular Season - 1,2025-08-03T15:00:00+00:00,Rapid Vienna,FC BW Linz,1,2026-09-20T20:27:30Z,CAPTURED,2,2,
1390031,/injuries,Austria,218,Bundesliga,2025,Regular Season - 1,2025-08-03T15:00:00+00:00,Rapid Vienna,FC BW Linz,1,2026-09-20T20:27:30Z,CAPTURED,8,8,
1390032,/fixtures/lineups,Austria,218,Bundesliga,2025,Regular Season - 2,2025-08-09T15:00:00+00:00,FC BW Linz,TSV Hartberg,1,2026-09-20T20:27:30Z,CAPTURED,2,2,
1390032,/injuries,Austria,218,Bundesliga,2025,Regular Season - 2,2025-08-09T15:00:00+00:00,FC BW Linz,TSV Hartberg,1,2026-09-20T20:27:30Z,CAPTURED,4,4,
1390033,/fixtures/lineups,Austria,218,Bundesliga,2025,Regular Season - 2,2025-08-09T15:00:00+00:00,SCR Altach,Ried,1,2026-09-20T20:27:30Z,CAPTURED,2,2,
1390033,/injuries,Austria,218,Bundesliga,2025,Regular Season - 2,2025-08-09T15:00:00+00:00,SCR Altach,Ried,1,2026-09-20T20:27:30Z,CAPTURED,4,4,
1390034,/fixtures/lineups,Austria,218,Bundesliga,2025,Regular Season - 2,2025-08-09T17:30:00+00:00,Red Bull Salzburg,Grazer AK,1,2026-09-20T20:27:30Z,CAPTURED,2,2,
1390034,/injuries,Austria,218,Bundesliga,2025,Regular Season - 2,2025-08-09T17:30:00+00:00,Red Bull Salzburg,Grazer AK,1,2026-09-20T20:27:30Z,CAPTURED,9,9,
1390035,/fixtures/lineups,Austria,218,Bundesliga,2025,Regular Season - 2,2025-08-10T15:00:00+00:00,Austria Vienna,Wolfsberger AC,1,2026-09-20T20:27:30Z,CAPTURED,2,2,
1390035,/injuries,Austria,218,Bundesliga,2025,Regular Season - 2,2025-08-10T15:00:00+00:00,Austria Vienna,Wolfsberger AC,1,2026-09-20T20:27:30Z,CAPTURED,8,8,
1390036,/fixtures/lineups,Austria,218,Bundesliga,2025,Regular Season - 2,2025-08-10T15:00:00+00:00,WSG Wattens,Lask Linz,1,2026-09-20T20:27:30Z,CAPTURED,2,2,
1390036,/injuries,Austria,218,Bundesliga,2025,Regular Season - 2,2025-08-10T15:00:00+00:00,WSG Wattens,Lask Linz,1,2026-09-20T20:27:30Z,CAPTURED,2,2,
1390037,/fixtures/lineups,Austria,218,Bundesliga,2025,Regular Season - 2,2025-08-10T15:00:00+00:00,Sturm Graz,Rapid Vienna,1,2026-09-20T20:27:30Z,CAPTURED,2,2,
1390037,/injuries,Austria,218,Bundesliga,2025,Regular Season - 2,2025-08-10T15:00:00+00:00,Sturm Graz,Rapid Vienna,1,2026-09-20T20:27:30Z,CAPTURED,8,8,
1390038,/fixtures/lineups,Austria,218,Bundesliga,2025,Regular Season - 3,2025-08-16T15:00:00+00:00,TSV Hartberg,Red Bull Salzburg,1,2026-09-20T20:27:30Z,CAPTURED,2,2,
1390038,/injuries,Austria,218,Bundesliga,2025,Regular Season - 3,2025-08-16T15:00:00+00:00,TSV Hartberg,Red Bull Salzburg,1,2026-09-20T20:27:30Z,CAPTURED,13,13,
1390039,/fixtures/lineups,Austria,218,Bundesliga,2025,Regular Season - 3,2025-08-16T15:00:00+00:00,Grazer AK,WSG Wattens,1,2026-09-20T20:27:30Z,CAPTURED,2,2,
1390039,/injuries,Austria,218,Bundesliga,2025,Regular Season - 3,2025-08-16T15:00:00+00:00,Grazer AK,WSG Wattens,1,2026-09-20T20:27:30Z,CAPTURED,2,2,
1390040,/fixtures/lineups,Austria,218,Bundesliga,2025,Regular Season - 3,2025-08-16T17:30:00+00:00,Ried,Sturm Graz,1,2026-09-20T20:27:30Z,CAPTURED,2,2,
1390040,/injuries,Austria,218,Bundesliga,2025,Regular Season - 3,2025-08-16T17:30:00+00:00,Ried,Sturm Graz,1,2026-09-20T20:27:30Z,CAPTURED,5,5,
1390041,/fixtures/lineups,Austria,218,Bundesliga,2025,Regular Season - 3,2025-08-17T15:00:00+00:00,Rapid Vienna,SCR Altach,1,2026-09-20T20:27:30Z,CAPTURED,2,2,
1390041,/injuries,Austria,218,Bundesliga,2025,Regular Season - 3,2025-08-17T15:00:00+00:00,Rapid Vienna,SCR Altach,1,2026-09-20T20:27:30Z,CAPTURED,7,7,
1390042,/fixtures/lineups,Austria,218,Bundesliga,2025,Regular Season - 3,2025-08-17T15:00:00+00:00,Lask Linz,Austria Vienna,1,2026-09-20T20:27:30Z,CAPTURED,2,2,
1390042,/injuries,Austria,218,Bundesliga,2025,Regular Season - 3,2025-08-17T15:00:00+00:00,Lask Linz,Austria Vienna,1,2026-09-20T20:27:30Z,CAPTURED,6,6,
1390043,/fixtures/lineups,Austria,218,Bundesliga,2025,Regular Season - 3,2025-08-17T15:00:00+00:00,Wolfsberger AC,FC BW Linz,1,2026-09-20T20:27:30Z,CAPTURED,2,2,
1390043,/injuries,Austria,218,Bundesliga,2025,Regular Season - 3,2025-08-17T15:00:00+00:00,Wolfsberger AC,FC BW Linz,1,2026-09-20T20:27:30Z,CAPTURED,2,2,
1390044,/fixtures/lineups,Austria,218,Bundesliga,2025,Regular Season - 4,2025-08-23T15:00:00+00:00,FC BW Linz,Ried,1,2026-09-20T20:27:30Z,CAPTURED,2,2,
1390044,/injuries,Austria,218,Bundesliga,2025,Regular Season - 4,2025-08-23T15:00:00+00:00,FC BW Linz,Ried,1,2026-09-20T20:27:30Z,CAPTURED,2,2,
1390045,/fixtures/lineups,Austria,218,Bundesliga,2025,Regular Season - 4,2025-08-23T15:00:00+00:00,Red Bull Salzburg,Lask Linz,1,2026-09-20T20:27:30Z,CAPTURED,2,2,
1390045,/injuries,Austria,218,Bundesliga,2025,Regular Season - 4,2025-08-23T15:00:00+00:00,Red Bull Salzburg,Lask Linz,1,2026-09-20T20:27:30Z,CAPTURED,9,9,
1390046,/fixtures/lineups,Austria,218,Bundesliga,2025,Regular Season - 4,2025-12-03T19:30:00+00:00,Sturm Graz,WSG Wattens,1,2026-09-20T20:27:30Z,CAPTURED,2,2,
1390046,/injuries,Austria,218,Bundesliga,2025,Regular Season - 4,2025-12-03T19:30:00+00:00,Sturm Graz,WSG Wattens,1,2026-09-20T20:27:30Z,NO_DATA,0,0,
1390047,/fixtures/lineups,Austria,218,Bundesliga,2025,Regular Season - 4,2025-08-24T15:00:00+00:00,Wolfsberger AC,Rapid Vienna,1,2026-09-20T20:27:30Z,CAPTURED,2,2,
1390047,/injuries,Austria,218,Bundesliga,2025,Regular Season - 4,2025-08-24T15:00:00+00:00,Wolfsberger AC,Rapid Vienna,1,2026-09-20T20:27:30Z,CAPTURED,7,7,
1390048,/fixtures/lineups,Austria,218,Bundesliga,2025,Regular Season - 4,2025-08-24T15:00:00+00:00,Austria Vienna,TSV Hartberg,1,2026-09-20T20:27:30Z,CAPTURED,2,2,
1390048,/injuries,Austria,218,Bundesliga,2025,Regular Season - 4,2025-08-24T15:00:00+00:00,Austria Vienna,TSV Hartberg,1,2026-09-20T20:27:30Z,CAPTURED,9,9,
1390049,/fixtures/lineups,Austria,218,Bundesliga,2025,Regular Season - 4,2025-08-24T15:00:00+00:00,SCR Altach,Grazer AK,1,2026-09-20T20:27:30Z,CAPTURED,2,2,
1390049,/injuries,Austria,218,Bundesliga,2025,Regular Season - 4,2025-08-24T15:00:00+00:00,SCR Altach,Grazer AK,1,2026-09-20T20:27:30Z,CAPTURED,1,1,
1390050,/fixtures/lineups,Austria,218,Bundesliga,2025,Regular Season - 5,2025-08-30T15:00:00+00:00,Red Bull Salzburg,FC BW Linz,1,2026-09-20T20:27:30Z,CAPTURED,2,2,
1390050,/injuries,Austria,218,Bundesliga,2025,Regular Season - 5,2025-08-30T15:00:00+00:00,Red Bull Salzburg,FC BW Linz,1,2026-09-20T20:27:30Z,CAPTURED,10,10,
1390051,/fixtures/lineups,Austria,218,Bundesliga,2025,Regular Season - 5,2025-08-30T15:00:00+00:00,Lask Linz,Ried,1,2026-09-20T20:27:30Z,CAPTURED,2,2,
1390051,/injuries,Austria,218,Bundesliga,2025,Regular Season - 5,2025-08-30T15:00:00+00:00,Lask Linz,Ried,1,2026-09-20T20:27:30Z,CAPTURED,1,1,
1390052,/fixtures/lineups,Austria,218,Bundesliga,2025,Regular Season - 5,2025-08-30T17:30:00+00:00,Grazer AK,Sturm Graz,1,2026-09-20T20:27:30Z,CAPTURED,2,2,
1390052,/injuries,Austria,218,Bundesliga,2025,Regular Season - 5,2025-08-30T17:30:00+00:00,Grazer AK,Sturm Graz,1,2026-09-20T20:27:30Z,CAPTURED,2,2,
1390053,/fixtures/lineups,Austria,218,Bundesliga,2025,Regular Season - 5,2025-08-31T15:00:00+00:00,Austria Vienna,SCR Altach,1,2026-09-20T20:27:30Z,CAPTURED,2,2,
1390053,/injuries,Austria,218,Bundesliga,2025,Regular Season - 5,2025-08-31T15:00:00+00:00,Austria Vienna,SCR Altach,1,2026-09-20T20:27:30Z,CAPTURED,11,11,
1390054,/fixtures/lineups,Austria,218,Bundesliga,2025,Regular Season - 5,2025-08-31T15:00:00+00:00,TSV Hartberg,Rapid Vienna,1,2026-09-20T20:27:30Z,CAPTURED,2,2,
1390054,/injuries,Austria,218,Bundesliga,2025,Regular Season - 5,2025-08-31T15:00:00+00:00,TSV Hartberg,Rapid Vienna,1,2026-09-20T20:27:30Z,CAPTURED,6,6,
1390055,/fixtures/lineups,Austria,218,Bundesliga,2025,Regular Season - 6,2025-09-13T15:00:00+00:00,SCR Altach,Lask Linz,1,2026-09-20T20:27:30Z,CAPTURED,2,2,
1390055,/injuries,Austria,218,Bundesliga,2025,Regular Season - 6,2025-09-13T15:00:00+00:00,SCR Altach,Lask Linz,1,2026-09-20T20:27:30Z,NO_DATA,0,0,
1390056,/fixtures/lineups,Austria,218,Bundesliga,2025,Regular Season - 6,2025-09-13T15:00:00+00:00,FC BW Linz,Grazer AK,1,2026-09-20T20:27:30Z,CAPTURED,2,2,
1390056,/injuries,Austria,218,Bundesliga,2025,Regular Season - 6,2025-09-13T15:00:00+00:00,FC BW Linz,Grazer AK,1,2026-09-20T20:27:30Z,NO_DATA,0,0,
1390057,/fixtures/lineups,Austria,218,Bundesliga,2025,Regular Season - 6,2025-09-14T12:30:00+00:00,Rapid Vienna,WSG Wattens,1,2026-09-20T20:27:30Z,CAPTURED,2,2,
1390057,/injuries,Austria,218,Bundesliga,2025,Regular Season - 6,2025-09-14T12:30:00+00:00,Rapid Vienna,WSG Wattens,1,2026-09-20T20:27:30Z,CAPTURED,5,5,
1390058,/fixtures/lineups,Austria,218,Bundesliga,2025,Regular Season - 6,2025-09-14T15:00:00+00:00,Sturm Graz,Austria Vienna,1,2026-09-20T20:27:30Z,CAPTURED,2,2,
1390058,/injuries,Austria,218,Bundesliga,2025,Regular Season - 6,2025-09-14T15:00:00+00:00,Sturm Graz,Austria Vienna,1,2026-09-20T20:27:30Z,CAPTURED,3,3,
1390059,/fixtures/lineups,Austria,218,Bundesliga,2025,Regular Season - 6,2025-09-13T15:00:00+00:00,Wolfsberger AC,Red Bull Salzburg,1,2026-09-20T20:27:30Z,CAPTURED,2,2,
1390059,/injuries,Austria,218,Bundesliga,2025,Regular Season - 6,2025-09-13T15:00:00+00:00,Wolfsberger AC,Red Bull Salzburg,1,2026-09-20T20:27:30Z,CAPTURED,3,3,
1390060,/fixtures/lineups,Austria,218,Bundesliga,2025,Regular Season - 6,2025-09-14T12:30:00+00:00,Ried,TSV Hartberg,1,2026-09-20T20:27:30Z,CAPTURED,2,2,
1390060,/injuries,Austria,218,Bundesliga,2025,Regular Season - 6,2025-09-14T12:30:00+00:00,Ried,TSV Hartberg,1,2026-09-20T20:27:30Z,NO_DATA,0,0,
1390061,/fixtures/lineups,Austria,218,Bundesliga,2025,Regular Season - 7,2025-09-20T15:00:00+00:00,TSV Hartberg,Wolfsberger AC,1,2026-09-20T20:27:30Z,CAPTURED,2,2,
1390061,/injuries,Austria,218,Bundesliga,2025,Regular Season - 7,2025-09-20T15:00:00+00:00,TSV Hartberg,Wolfsberger AC,1,2026-09-20T20:27:30Z,NO_DATA,0,0,
1390062,/fixtures/lineups,Austria,218,Bundesliga,2025,Regular Season - 7,2025-09-21T12:30:00+00:00,SCR Altach,WSG Wattens,1,2026-09-20T20:27:30Z,CAPTURED,2,2,
1390062,/injuries,Austria,218,Bundesliga,2025,Regular Season - 7,2025-09-21T12:30:00+00:00,SCR Altach,WSG Wattens,1,2026-09-20T20:27:30Z,NO_DATA,0,0,
1390063,/fixtures/lineups,Austria,218,Bundesliga,2025,Regular Season - 7,2025-09-21T12:30:00+00:00,Lask Linz,FC BW Linz,1,2026-09-20T20:27:30Z,CAPTURED,2,2,
1390063,/injuries,Austria,218,Bundesliga,2025,Regular Season - 7,2025-09-21T12:30:00+00:00,Lask Linz,FC BW Linz,1,2026-09-20T20:27:30Z,NO_DATA,0,0,
1390064,/fixtures/lineups,Austria,218,Bundesliga,2025,Regular Season - 7,2025-09-21T15:00:00+00:00,Grazer AK,Rapid Vienna,1,2026-09-20T20:27:30Z,CAPTURED,2,2,
1390064,/injuries,Austria,218,Bundesliga,2025,Regular Season - 7,2025-09-21T15:00:00+00:00,Grazer AK,Rapid Vienna,1,2026-09-20T20:27:30Z,CAPTURED,5,5,
1390065,/fixtures/lineups,Austria,218,Bundesliga,2025,Regular Season - 7,2025-09-20T15:00:00+00:00,Austria Vienna,Ried,1,2026-09-20T20:27:30Z,CAPTURED,2,2,
1390065,/injuries,Austria,218,Bundesliga,2025,Regular Season - 7,2025-09-20T15:00:00+00:00,Austria Vienna,Ried,1,2026-09-20T20:27:30Z,CAPTURED,2,2,
1390066,/fixtures/lineups,Austria,218,Bundesliga,2025,Regular Season - 7,2025-09-20T15:00:00+00:00,Red Bull Salzburg,Sturm Graz,1,2026-09-20T20:27:30Z,CAPTURED,2,2,
1390066,/injuries,Austria,218,Bundesliga,2025,Regular Season - 7,2025-09-20T15:00:00+00:00,Red Bull Salzburg,Sturm Graz,1,2026-09-20T20:27:30Z,CAPTURED,3,3,
1390067,/fixtures/lineups,Austria,218,Bundesliga,2025,Regular Season - 8,2025-09-28T15:00:00+00:00,Rapid Vienna,Austria Vienna,1,2026-09-20T20:27:30Z,CAPTURED,2,2,
1390067,/injuries,Austria,218,Bundesliga,2025,Regular Season - 8,2025-09-28T15:00:00+00:00,Rapid Vienna,Austria Vienna,1,2026-09-20T20:27:30Z,CAPTURED,7,7,
1390068,/fixtures/lineups,Austria,218,Bundesliga,2025,Regular Season - 8,2025-09-27T15:00:00+00:00,FC BW Linz,SCR Altach,1,2026-09-20T20:27:30Z,CAPTURED,2,2,
1390068,/injuries,Austria,218,Bundesliga,2025,Regular Season - 8,2025-09-27T15:00:00+00:00,FC BW Linz,SCR Altach,1,2026-09-20T20:27:30Z,NO_DATA,0,0,
1390069,/fixtures/lineups,Austria,218,Bundesliga,2025,Regular Season - 8,2025-09-27T15:00:00+00:00,Ried,Grazer AK,1,2026-09-20T20:27:30Z,CAPTURED,2,2,
1390069,/injuries,Austria,218,Bundesliga,2025,Regular Season - 8,2025-09-27T15:00:00+00:00,Ried,Grazer AK,1,2026-09-20T20:27:30Z,NO_DATA,0,0,
1390070,/fixtures/lineups,Austria,218,Bundesliga,2025,Regular Season - 8,2025-09-27T15:00:00+00:00,Wolfsberger AC,Lask Linz,1,2026-09-20T20:27:30Z,CAPTURED,2,2,
1390070,/injuries,Austria,218,Bundesliga,2025,Regular Season - 8,2025-09-27T15:00:00+00:00,Wolfsberger AC,Lask Linz,1,2026-09-20T20:27:30Z,NO_DATA,0,0,
1390071,/fixtures/lineups,Austria,218,Bundesliga,2025,Regular Season - 8,2025-09-28T12:30:00+00:00,Sturm Graz,TSV Hartberg,1,2026-09-20T20:27:30Z,CAPTURED,2,2,
1390071,/injuries,Austria,218,Bundesliga,2025,Regular Season - 8,2025-09-28T12:30:00+00:00,Sturm Graz,TSV Hartberg,1,2026-09-20T20:27:30Z,NO_DATA,0,0,
1390072,/fixtures/lineups,Austria,218,Bundesliga,2025,Regular Season - 8,2025-09-28T12:30:00+00:00,WSG Wattens,Red Bull Salzburg,1,2026-09-20T20:27:30Z,CAPTURED,2,2,
1390072,/injuries,Austria,218,Bundesliga,2025,Regular Season - 8,2025-09-28T12:30:00+00:00,WSG Wattens,Red Bull Salzburg,1,2026-09-20T20:27:30Z,CAPTURED,3,3,
1390073,/fixtures/lineups,Austria,218,Bundesliga,2025,Regular Season - 9,2025-10-05T15:00:00+00:00,Red Bull Salzburg,Rapid Vienna,1,2026-09-20T20:27:30Z,CAPTURED,2,2,
1390073,/injuries,Austria,218,Bundesliga,2025,Regular Season - 9,2025-10-05T15:00:00+00:00,Red Bull Salzburg,Rapid Vienna,1,2026-09-20T20:27:30Z,CAPTURED,6,6,
1390074,/fixtures/lineups,Austria,218,Bundesliga,2025,Regular Season - 9,2025-10-05T12:30:00+00:00,SCR Altach,Sturm Graz,1,2026-09-20T20:27:30Z,CAPTURED,2,2,
1390074,/injuries,Austria,218,Bundesliga,2025,Regular Season - 9,2025-10-05T12:30:00+00:00,SCR Altach,Sturm Graz,1,2026-09-20T20:27:30Z,NO_DATA,0,0,
1390075,/fixtures/lineups,Austria,218,Bundesliga,2025,Regular Season - 9,2025-10-04T15:00:00+00:00,Grazer AK,Wolfsberger AC,1,2026-09-20T20:27:30Z,CAPTURED,2,2,
1390075,/injuries,Austria,218,Bundesliga,2025,Regular Season - 9,2025-10-04T15:00:00+00:00,Grazer AK,Wolfsberger AC,1,2026-09-20T20:27:30Z,NO_DATA,0,0,
1390076,/fixtures/lineups,Austria,218,Bundesliga,2025,Regular Season - 9,2025-10-04T15:00:00+00:00,Austria Vienna,FC BW Linz,1,2026-09-20T20:27:30Z,CAPTURED,2,2,
1390076,/injuries,Austria,218,Bundesliga,2025,Regular Season - 9,2025-10-04T15:00:00+00:00,Austria Vienna,FC BW Linz,1,2026-09-20T20:27:30Z,CAPTURED,2,2,
1390077,/fixtures/lineups,Austria,218,Bundesliga,2025,Regular Season - 9,2025-10-05T12:30:00+00:00,Lask Linz,TSV Hartberg,1,2026-09-20T20:27:30Z,CAPTURED,2,2,
1390077,/injuries,Austria,218,Bundesliga,2025,Regular Season - 9,2025-10-05T12:30:00+00:00,Lask Linz,TSV Hartberg,1,2026-09-20T20:27:30Z,NO_DATA,0,0,
1390078,/fixtures/lineups,Austria,218,Bundesliga,2025,Regular Season - 9,2025-10-04T15:00:00+00:00,Ried,WSG Wattens,1,2026-09-20T20:27:30Z,CAPTURED,2,2,
1390078,/injuries,Austria,218,Bundesliga,2025,Regular Season - 9,2025-10-04T15:00:00+00:00,Ried,WSG Wattens,1,2026-09-20T20:27:30Z,NO_DATA,0,0,
1390079,/fixtures/lineups,Austria,218,Bundesliga,2025,Regular Season - 10,2025-10-18T15:00:00+00:00,Grazer AK,TSV Hartberg,1,2026-09-20T20:27:30Z,CAPTURED,2,2,
1390079,/injuries,Austria,218,Bundesliga,2025,Regular Season - 10,2025-10-18T15:00:00+00:00,Grazer AK,TSV Hartberg,1,2026-09-20T20:27:30Z,NO_DATA,0,0,
1390080,/fixtures/lineups,Austria,218,Bundesliga,2025,Regular Season - 10,2025-10-18T15:00:00+00:00,WSG Wattens,Austria Vienna,1,2026-09-20T20:27:30Z,CAPTURED,2,2,
1390080,/injuries,Austria,218,Bundesliga,2025,Regular Season - 10,2025-10-18T15:00:00+00:00,WSG Wattens,Austria Vienna,1,2026-09-20T20:27:30Z,CAPTURED,2,2,
1390081,/fixtures/lineups,Austria,218,Bundesliga,2025,Regular Season - 10,2025-10-19T12:30:00+00:00,FC BW Linz,Sturm Graz,1,2026-09-20T20:27:30Z,CAPTURED,2,2,
1390081,/injuries,Austria,218,Bundesliga,2025,Regular Season - 10,2025-10-19T12:30:00+00:00,FC BW Linz,Sturm Graz,1,2026-09-20T20:27:30Z,NO_DATA,0,0,
1390082,/fixtures/lineups,Austria,218,Bundesliga,2025,Regular Season - 10,2025-10-19T15:00:00+00:00,Rapid Vienna,Lask Linz,1,2026-09-20T20:27:30Z,CAPTURED,2,2,
1390082,/injuries,Austria,218,Bundesliga,2025,Regular Season - 10,2025-10-19T15:00:00+00:00,Rapid Vienna,Lask Linz,1,2026-09-20T20:27:30Z,CAPTURED,4,4,
1390083,/fixtures/lineups,Austria,218,Bundesliga,2025,Regular Season - 10,2025-10-18T15:00:00+00:00,Wolfsberger AC,Ried,1,2026-09-20T20:27:30Z,CAPTURED,2,2,
1390083,/injuries,Austria,218,Bundesliga,2025,Regular Season - 10,2025-10-18T15:00:00+00:00,Wolfsberger AC,Ried,1,2026-09-20T20:27:30Z,NO_DATA,0,0,
1390084,/fixtures/lineups,Austria,218,Bundesliga,2025,Regular Season - 11,2025-10-26T13:30:00+00:00,Sturm Graz,Wolfsberger AC,1,2026-09-20T20:27:30Z,CAPTURED,2,2,
1390084,/injuries,Austria,218,Bundesliga,2025,Regular Season - 11,2025-10-26T13:30:00+00:00,Sturm Graz,Wolfsberger AC,1,2026-09-20T20:27:30Z,NO_DATA,0,0,
1390085,/fixtures/lineups,Austria,218,Bundesliga,2025,Regular Season - 11,2025-10-25T15:00:00+00:00,WSG Wattens,FC BW Linz,1,2026-09-20T20:27:30Z,CAPTURED,2,2,
1390085,/injuries,Austria,218,Bundesliga,2025,Regular Season - 11,2025-10-25T15:00:00+00:00,WSG Wattens,FC BW Linz,1,2026-09-20T20:27:30Z,NO_DATA,0,0,
1390086,/fixtures/lineups,Austria,218,Bundesliga,2025,Regular Season - 11,2025-10-26T16:00:00+00:00,Austria Vienna,Red Bull Salzburg,1,2026-09-20T20:27:30Z,CAPTURED,2,2,
1390086,/injuries,Austria,218,Bundesliga,2025,Regular Season - 11,2025-10-26T16:00:00+00:00,Austria Vienna,Red Bull Salzburg,1,2026-09-20T20:27:30Z,CAPTURED,3,3,
1390087,/fixtures/lineups,Austria,218,Bundesliga,2025,Regular Season - 11,2025-10-25T15:00:00+00:00,SCR Altach,TSV Hartberg,1,2026-09-20T20:27:30Z,CAPTURED,2,2,
1390087,/injuries,Austria,218,Bundesliga,2025,Regular Season - 11,2025-10-25T15:00:00+00:00,SCR Altach,TSV Hartberg,1,2026-09-20T20:27:30Z,NO_DATA,0,0,
1390088,/fixtures/lineups,Austria,218,Bundesliga,2025,Regular Season - 11,2025-10-25T15:00:00+00:00,Lask Linz,Grazer AK,1,2026-09-20T20:27:30Z,CAPTURED,2,2,
1390088,/injuries,Austria,218,Bundesliga,2025,Regular Season - 11,2025-10-25T15:00:00+00:00,Lask Linz,Grazer AK,1,2026-09-20T20:27:30Z,NO_DATA,0,0,
1390089,/fixtures/lineups,Austria,218,Bundesliga,2025,Regular Season - 11,2025-10-26T13:30:00+00:00,Ried,Rapid Vienna,1,2026-09-20T20:27:30Z,CAPTURED,2,2,
1390089,/injuries,Austria,218,Bundesliga,2025,Regular Season - 11,2025-10-26T13:30:00+00:00,Ried,Rapid Vienna,1,2026-09-20T20:27:30Z,CAPTURED,4,4,
1390090,/fixtures/lineups,Austria,218,Bundesliga,2025,Regular Season - 12,2025-11-02T13:30:00+00:00,Wolfsberger AC,WSG Wattens,1,2026-09-20T20:27:30Z,CAPTURED,2,2,
1390090,/injuries,Austria,218,Bundesliga,2025,Regular Season - 12,2025-11-02T13:30:00+00:00,Wolfsberger AC,WSG Wattens,1,2026-09-20T20:27:30Z,NO_DATA,0,0,
1390091,/fixtures/lineups,Austria,218,Bundesliga,2025,Regular Season - 12,2025-11-01T16:00:00+00:00,FC BW Linz,Lask Linz,1,2026-09-20T20:27:30Z,CAPTURED,2,2,
1390091,/injuries,Austria,218,Bundesliga,2025,Regular Season - 12,2025-11-01T16:00:00+00:00,FC BW Linz,Lask Linz,1,2026-09-20T20:27:30Z,NO_DATA,0,0,
1390092,/fixtures/lineups,Austria,218,Bundesliga,2025,Regular Season - 12,2025-11-02T13:30:00+00:00,Red Bull Salzburg,Ried,1,2026-09-20T20:27:30Z,CAPTURED,2,2,
1390092,/injuries,Austria,218,Bundesliga,2025,Regular Season - 12,2025-11-02T13:30:00+00:00,Red Bull Salzburg,Ried,1,2026-09-20T20:27:30Z,CAPTURED,1,1,
1390093,/fixtures/lineups,Austria,218,Bundesliga,2025,Regular Season - 12,2025-11-01T16:00:00+00:00,TSV Hartberg,Austria Vienna,1,2026-09-20T20:27:30Z,CAPTURED,2,2,
1390093,/injuries,Austria,218,Bundesliga,2025,Regular Season - 12,2025-11-01T16:00:00+00:00,TSV Hartberg,Austria Vienna,1,2026-09-20T20:27:30Z,CAPTURED,2,2,
1390094,/fixtures/lineups,Austria,218,Bundesliga,2025,Regular Season - 12,2025-11-01T16:00:00+00:00,Grazer AK,SCR Altach,1,2026-09-20T20:27:30Z,CAPTURED,2,2,
1390094,/injuries,Austria,218,Bundesliga,2025,Regular Season - 12,2025-11-01T16:00:00+00:00,Grazer AK,SCR Altach,1,2026-09-20T20:27:30Z,NO_DATA,0,0,
1390095,/fixtures/lineups,Austria,218,Bundesliga,2025,Regular Season - 12,2025-11-02T16:00:00+00:00,Rapid Vienna,Sturm Graz,1,2026-09-20T20:27:30Z,CAPTURED,2,2,
1390095,/injuries,Austria,218,Bundesliga,2025,Regular Season - 12,2025-11-02T16:00:00+00:00,Rapid Vienna,Sturm Graz,1,2026-09-20T20:27:30Z,CAPTURED,4,4,
1390096,/fixtures/lineups,Austria,218,Bundesliga,2025,Regular Season - 13,2025-11-09T16:00:00+00:00,Sturm Graz,Red Bull Salzburg,1,2026-09-20T20:27:30Z,CAPTURED,2,2,
1390096,/injuries,Austria,218,Bundesliga,2025,Regular Season - 13,2025-11-09T16:00:00+00:00,Sturm Graz,Red Bull Salzburg,1,2026-09-20T20:27:30Z,CAPTURED,1,1,
1390097,/fixtures/lineups,Austria,218,Bundesliga,2025,Regular Season - 13,2025-11-09T13:30:00+00:00,WSG Wattens,Rapid Vienna,1,2026-09-20T20:27:30Z,CAPTURED,2,2,
1390097,/injuries,Austria,218,Bundesliga,2025,Regular Season - 13,2025-11-09T13:30:00+00:00,WSG Wattens,Rapid Vienna,1,2026-09-20T20:27:30Z,CAPTURED,1,1,
1390098,/fixtures/lineups,Austria,218,Bundesliga,2025,Regular Season - 13,2025-11-08T16:00:00+00:00,Austria Vienna,Grazer AK,1,2026-09-20T20:27:30Z,CAPTURED,2,2,
1390098,/injuries,Austria,218,Bundesliga,2025,Regular Season - 13,2025-11-08T16:00:00+00:00,Austria Vienna,Grazer AK,1,2026-09-20T20:27:30Z,CAPTURED,2,2,
1390099,/fixtures/lineups,Austria,218,Bundesliga,2025,Regular Season - 13,2025-11-09T13:30:00+00:00,Lask Linz,SCR Altach,1,2026-09-20T20:27:30Z,CAPTURED,2,2,
1390099,/injuries,Austria,218,Bundesliga,2025,Regular Season - 13,2025-11-09T13:30:00+00:00,Lask Linz,SCR Altach,1,2026-09-20T20:27:30Z,NO_DATA,0,0,
1390100,/fixtures/lineups,Austria,218,Bundesliga,2025,Regular Season - 13,2025-11-08T16:00:00+00:00,Wolfsberger AC,TSV Hartberg,1,2026-09-20T20:27:30Z,CAPTURED,2,2,
1390100,/injuries,Austria,218,Bundesliga,2025,Regular Season - 13,2025-11-08T16:00:00+00:00,Wolfsberger AC,TSV Hartberg,1,2026-09-20T20:27:30Z,NO_DATA,0,0,
1390101,/fixtures/lineups,Austria,218,Bundesliga,2025,Regular Season - 13,2025-11-08T16:00:00+00:00,Ried,FC BW Linz,1,2026-09-20T20:27:30Z,CAPTURED,2,2,
1390101,/injuries,Austria,218,Bundesliga,2025,Regular Season - 13,2025-11-08T16:00:00+00:00,Ried,FC BW Linz,1,2026-09-20T20:27:30Z,NO_DATA,0,0,
1390102,/fixtures/lineups,Austria,218,Bundesliga,2025,Regular Season - 14,2025-11-23T13:30:00+00:00,Sturm Graz,Lask Linz,1,2026-09-20T20:27:30Z,CAPTURED,2,2,
1390102,/injuries,Austria,218,Bundesliga,2025,Regular Season - 14,2025-11-23T13:30:00+00:00,Sturm Graz,Lask Linz,1,2026-09-20T20:27:30Z,NO_DATA,0,0,
1390103,/fixtures/lineups,Austria,218,Bundesliga,2025,Regular Season - 14,2025-11-23T13:30:00+00:00,Red Bull Salzburg,WSG Wattens,1,2026-09-20T20:27:30Z,CAPTURED,2,2,
1390103,/injuries,Austria,218,Bundesliga,2025,Regular Season - 14,2025-11-23T13:30:00+00:00,Red Bull Salzburg,WSG Wattens,1,2026-09-20T20:27:30Z,CAPTURED,1,1,
1390104,/fixtures/lineups,Austria,218,Bundesliga,2025,Regular Season - 14,2025-11-23T16:00:00+00:00,Rapid Vienna,Grazer AK,1,2026-09-20T20:27:30Z,CAPTURED,2,2,
1390104,/injuries,Austria,218,Bundesliga,2025,Regular Season - 14,2025-11-23T16:00:00+00:00,Rapid Vienna,Grazer AK,1,2026-09-20T20:27:30Z,CAPTURED,1,1,
1390105,/fixtures/lineups,Austria,218,Bundesliga,2025,Regular Season - 14,2025-11-22T16:00:00+00:00,SCR Altach,Wolfsberger AC,1,2026-09-20T20:27:30Z,CAPTURED,2,2,
1390105,/injuries,Austria,218,Bundesliga,2025,Regular Season - 14,2025-11-22T16:00:00+00:00,SCR Altach,Wolfsberger AC,1,2026-09-20T20:27:30Z,NO_DATA,0,0,
1390106,/fixtures/lineups,Austria,218,Bundesliga,2025,Regular Season - 14,2025-11-22T16:00:00+00:00,TSV Hartberg,Ried,1,2026-09-20T20:27:30Z,CAPTURED,2,2,
1390106,/injuries,Austria,218,Bundesliga,2025,Regular Season - 14,2025-11-22T16:00:00+00:00,TSV Hartberg,Ried,1,2026-09-20T20:27:30Z,NO_DATA,0,0,
1390107,/fixtures/lineups,Austria,218,Bundesliga,2025,Regular Season - 14,2025-11-22T16:00:00+00:00,FC BW Linz,Austria Vienna,1,2026-09-20T20:27:30Z,CAPTURED,2,2,
1390107,/injuries,Austria,218,Bundesliga,2025,Regular Season - 14,2025-11-22T16:00:00+00:00,FC BW Linz,Austria Vienna,1,2026-09-20T20:27:30Z,CAPTURED,2,2,
1390108,/fixtures/lineups,Austria,218,Bundesliga,2025,Regular Season - 15,2025-11-29T16:00:00+00:00,Austria Vienna,WSG Wattens,1,2026-09-20T20:27:30Z,CAPTURED,2,2,
1390108,/injuries,Austria,218,Bundesliga,2025,Regular Season - 15,2025-11-29T16:00:00+00:00,Austria Vienna,WSG Wattens,1,2026-09-20T20:27:30Z,CAPTURED,2,2,
1390109,/fixtures/lineups,Austria,218,Bundesliga,2025,Regular Season - 15,2025-11-30T13:30:00+00:00,TSV Hartberg,Sturm Graz,1,2026-09-20T20:27:30Z,CAPTURED,2,2,
1390109,/injuries,Austria,218,Bundesliga,2025,Regular Season - 15,2025-11-30T13:30:00+00:00,TSV Hartberg,Sturm Graz,1,2026-09-20T20:27:30Z,NO_DATA,0,0,
1390110,/fixtures/lineups,Austria,218,Bundesliga,2025,Regular Season - 15,2025-11-29T16:00:00+00:00,Grazer AK,FC BW Linz,1,2026-09-20T20:27:30Z,CAPTURED,2,2,
1390110,/injuries,Austria,218,Bundesliga,2025,Regular Season - 15,2025-11-29T16:00:00+00:00,Grazer AK,FC BW Linz,1,2026-09-20T20:27:30Z,NO_DATA,0,0,
1390111,/fixtures/lineups,Austria,218,Bundesliga,2025,Regular Season - 15,2025-11-30T16:00:00+00:00,Lask Linz,Rapid Vienna,1,2026-09-20T20:27:30Z,CAPTURED,2,2,
1390111,/injuries,Austria,218,Bundesliga,2025,Regular Season - 15,2025-11-30T16:00:00+00:00,Lask Linz,Rapid Vienna,1,2026-09-20T20:27:30Z,CAPTURED,1,1,
1390112,/fixtures/lineups,Austria,218,Bundesliga,2025,Regular Season - 15,2025-11-30T13:30:00+00:00,SCR Altach,Red Bull Salzburg,1,2026-09-20T20:27:30Z,CAPTURED,2,2,
1390112,/injuries,Austria,218,Bundesliga,2025,Regular Season - 15,2025-11-30T13:30:00+00:00,SCR Altach,Red Bull Salzburg,1,2026-09-20T20:27:30Z,NO_DATA,0,0,
1390113,/fixtures/lineups,Austria,218,Bundesliga,2025,Regular Season - 15,2025-11-29T16:00:00+00:00,Ried,Wolfsberger AC,1,2026-09-20T20:27:30Z,CAPTURED,2,2,
1390113,/injuries,Austria,218,Bundesliga,2025,Regular Season - 15,2025-11-29T16:00:00+00:00,Ried,Wolfsberger AC,1,2026-09-20T20:27:30Z,NO_DATA,0,0,
1390114,/fixtures/lineups,Austria,218,Bundesliga,2025,Regular Season - 16,2025-12-06T16:00:00+00:00,FC BW Linz,Red Bull Salzburg,1,2026-09-20T20:27:30Z,CAPTURED,2,2,
1390114,/injuries,Austria,218,Bundesliga,2025,Regular Season - 16,2025-12-06T16:00:00+00:00,FC BW Linz,Red Bull Salzburg,1,2026-09-20T20:27:30Z,NO_DATA,0,0,
1390115,/fixtures/lineups,Austria,218,Bundesliga,2025,Regular Season - 16,2025-12-06T16:00:00+00:00,Rapid Vienna,Ried,1,2026-09-20T20:27:30Z,CAPTURED,2,2,
1390115,/injuries,Austria,218,Bundesliga,2025,Regular Season - 16,2025-12-06T16:00:00+00:00,Rapid Vienna,Ried,1,2026-09-20T20:27:30Z,CAPTURED,1,1,
1390116,/fixtures/lineups,Austria,218,Bundesliga,2025,Regular Season - 16,2025-12-07T13:30:00+00:00,WSG Wattens,SCR Altach,1,2026-09-20T20:27:30Z,CAPTURED,2,2,
1390116,/injuries,Austria,218,Bundesliga,2025,Regular Season - 16,2025-12-07T13:30:00+00:00,WSG Wattens,SCR Altach,1,2026-09-20T20:27:30Z,NO_DATA,0,0,
1390117,/fixtures/lineups,Austria,218,Bundesliga,2025,Regular Season - 16,2025-12-06T16:00:00+00:00,TSV Hartberg,Lask Linz,1,2026-09-20T20:27:30Z,CAPTURED,2,2,
1390117,/injuries,Austria,218,Bundesliga,2025,Regular Season - 16,2025-12-06T16:00:00+00:00,TSV Hartberg,Lask Linz,1,2026-09-20T20:27:30Z,NO_DATA,0,0,
1390118,/fixtures/lineups,Austria,218,Bundesliga,2025,Regular Season - 16,2025-12-07T16:00:00+00:00,Sturm Graz,Grazer AK,1,2026-09-20T20:27:30Z,CAPTURED,2,2,
1390118,/injuries,Austria,218,Bundesliga,2025,Regular Season - 16,2025-12-07T16:00:00+00:00,Sturm Graz,Grazer AK,1,2026-09-20T20:27:30Z,NO_DATA,0,0,
1390119,/fixtures/lineups,Austria,218,Bundesliga,2025,Regular Season - 16,2025-12-07T13:30:00+00:00,Wolfsberger AC,Austria Vienna,1,2026-09-20T20:27:30Z,CAPTURED,2,2,
1390119,/injuries,Austria,218,Bundesliga,2025,Regular Season - 16,2025-12-07T13:30:00+00:00,Wolfsberger AC,Austria Vienna,1,2026-09-20T20:27:30Z,CAPTURED,2,2,
1390120,/fixtures/lineups,Austria,218,Bundesliga,2025,Regular Season - 17,2025-12-14T16:00:00+00:00,Austria Vienna,Sturm Graz,1,2026-09-20T20:27:30Z,CAPTURED,2,2,
1390120,/injuries,Austria,218,Bundesliga,2025,Regular Season - 17,2025-12-14T16:00:00+00:00,Austria Vienna,Sturm Graz,1,2026-09-20T20:27:30Z,CAPTURED,2,2,
1390121,/fixtures/lineups,Austria,218,Bundesliga,2025,Regular Season - 17,2025-12-13T16:00:00+00:00,Grazer AK,Lask Linz,1,2026-09-20T20:27:30Z,CAPTURED,2,2,
1390121,/injuries,Austria,218,Bundesliga,2025,Regular Season - 17,2025-12-13T16:00:00+00:00,Grazer AK,Lask Linz,1,2026-09-20T20:27:30Z,NO_DATA,0,0,
1390122,/fixtures/lineups,Austria,218,Bundesliga,2025,Regular Season - 17,2025-12-13T16:00:00+00:00,Ried,SCR Altach,1,2026-09-20T20:27:30Z,CAPTURED,2,2,
1390122,/injuries,Austria,218,Bundesliga,2025,Regular Season - 17,2025-12-13T16:00:00+00:00,Ried,SCR Altach,1,2026-09-20T20:27:30Z,NO_DATA,0,0,
1390123,/fixtures/lineups,Austria,218,Bundesliga,2025,Regular Season - 17,2025-12-14T13:30:00+00:00,FC BW Linz,Rapid Vienna,1,2026-09-20T20:27:30Z,CAPTURED,2,2,
1390123,/injuries,Austria,218,Bundesliga,2025,Regular Season - 17,2025-12-14T13:30:00+00:00,FC BW Linz,Rapid Vienna,1,2026-09-20T20:27:30Z,CAPTURED,1,1,
1390124,/fixtures/lineups,Austria,218,Bundesliga,2025,Regular Season - 17,2025-12-13T16:00:00+00:00,TSV Hartberg,WSG Wattens,1,2026-09-20T20:27:30Z,CAPTURED,2,2,
1390124,/injuries,Austria,218,Bundesliga,2025,Regular Season - 17,2025-12-13T16:00:00+00:00,TSV Hartberg,WSG Wattens,1,2026-09-20T20:27:30Z,NO_DATA,0,0,
1390125,/fixtures/lineups,Austria,218,Bundesliga,2025,Regular Season - 17,2025-12-14T13:30:00+00:00,Red Bull Salzburg,Wolfsberger AC,1,2026-09-20T20:27:30Z,CAPTURED,2,2,
1390125,/injuries,Austria,218,Bundesliga,2025,Regular Season - 17,2025-12-14T13:30:00+00:00,Red Bull Salzburg,Wolfsberger AC,1,2026-09-20T20:27:30Z,NO_DATA,0,0,
1390126,/fixtures/lineups,Austria,218,Bundesliga,2025,Regular Season - 18,2026-02-08T13:30:00+00:00,Wolfsberger AC,Grazer AK,1,2026-09-20T20:27:30Z,CAPTURED,2,2,
1390126,/injuries,Austria,218,Bundesliga,2025,Regular Season - 18,2026-02-08T13:30:00+00:00,Wolfsberger AC,Grazer AK,1,2026-09-20T20:27:30Z,NO_DATA,0,0,
1390127,/fixtures/lineups,Austria,218,Bundesliga,2025,Regular Season - 18,2026-02-06T19:30:00+00:00,Red Bull Salzburg,Austria Vienna,1,2026-09-20T20:27:30Z,CAPTURED,2,2,
1390127,/injuries,Austria,218,Bundesliga,2025,Regular Season - 18,2026-02-06T19:30:00+00:00,Red Bull Salzburg,Austria Vienna,1,2026-09-20T20:27:30Z,CAPTURED,2,2,
1390128,/fixtures/lineups,Austria,218,Bundesliga,2025,Regular Season - 18,2026-02-08T16:00:00+00:00,Sturm Graz,Ried,1,2026-09-20T20:27:30Z,CAPTURED,2,2,
1390128,/injuries,Austria,218,Bundesliga,2025,Regular Season - 18,2026-02-08T16:00:00+00:00,Sturm Graz,Ried,1,2026-09-20T20:27:30Z,NO_DATA,0,0,
1390129,/fixtures/lineups,Austria,218,Bundesliga,2025,Regular Season - 18,2026-02-07T16:00:00+00:00,Lask Linz,WSG Wattens,1,2026-09-20T20:27:30Z,CAPTURED,2,2,
1390129,/injuries,Austria,218,Bundesliga,2025,Regular Season - 18,2026-02-07T16:00:00+00:00,Lask Linz,WSG Wattens,1,2026-09-20T20:27:30Z,NO_DATA,0,0,
1390130,/fixtures/lineups,Austria,218,Bundesliga,2025,Regular Season - 18,2026-02-07T16:00:00+00:00,Rapid Vienna,TSV Hartberg,1,2026-09-20T20:27:30Z,CAPTURED,2,2,
1390130,/injuries,Austria,218,Bundesliga,2025,Regular Season - 18,2026-02-07T16:00:00+00:00,Rapid Vienna,TSV Hartberg,1,2026-09-20T20:27:30Z,CAPTURED,1,1,
1390131,/fixtures/lineups,Austria,218,Bundesliga,2025,Regular Season - 18,2026-02-08T13:30:00+00:00,SCR Altach,FC BW Linz,1,2026-09-20T20:27:30Z,CAPTURED,2,2,
1390131,/injuries,Austria,218,Bundesliga,2025,Regular Season - 18,2026-02-08T13:30:00+00:00,SCR Altach,FC BW Linz,1,2026-09-20T20:27:30Z,NO_DATA,0,0,
1390132,/fixtures/lineups,Austria,218,Bundesliga,2025,Regular Season - 19,2026-02-14T16:00:00+00:00,WSG Wattens,Sturm Graz,1,2026-09-20T20:27:30Z,CAPTURED,2,2,
1390132,/injuries,Austria,218,Bundesliga,2025,Regular Season - 19,2026-02-14T16:00:00+00:00,WSG Wattens,Sturm Graz,1,2026-09-20T20:27:30Z,NO_DATA,0,0,
1390133,/fixtures/lineups,Austria,218,Bundesliga,2025,Regular Season - 19,2026-02-15T16:00:00+00:00,Austria Vienna,Rapid Vienna,1,2026-09-20T20:27:30Z,CAPTURED,2,2,
1390133,/injuries,Austria,218,Bundesliga,2025,Regular Season - 19,2026-02-15T16:00:00+00:00,Austria Vienna,Rapid Vienna,1,2026-09-20T20:27:30Z,CAPTURED,3,3,
1390134,/fixtures/lineups,Austria,218,Bundesliga,2025,Regular Season - 19,2026-02-15T13:30:00+00:00,Grazer AK,Red Bull Salzburg,1,2026-09-20T20:27:30Z,CAPTURED,2,2,
1390134,/injuries,Austria,218,Bundesliga,2025,Regular Season - 19,2026-02-15T13:30:00+00:00,Grazer AK,Red Bull Salzburg,1,2026-09-20T20:27:30Z,NO_DATA,0,0,
1390135,/fixtures/lineups,Austria,218,Bundesliga,2025,Regular Season - 19,2026-02-14T16:00:00+00:00,Ried,Lask Linz,1,2026-09-20T20:27:30Z,CAPTURED,2,2,
1390135,/injuries,Austria,218,Bundesliga,2025,Regular Season - 19,2026-02-14T16:00:00+00:00,Ried,Lask Linz,1,2026-09-20T20:27:30Z,NO_DATA,0,0,
1390136,/fixtures/lineups,Austria,218,Bundesliga,2025,Regular Season - 19,2026-02-14T16:00:00+00:00,TSV Hartberg,SCR Altach,1,2026-09-20T20:27:30Z,CAPTURED,2,2,
1390136,/injuries,Austria,218,Bundesliga,2025,Regular Season - 19,2026-02-14T16:00:00+00:00,TSV Hartberg,SCR Altach,1,2026-09-20T20:27:30Z,NO_DATA,0,0,
1390137,/fixtures/lineups,Austria,218,Bundesliga,2025,Regular Season - 19,2026-02-15T13:30:00+00:00,FC BW Linz,Wolfsberger AC,1,2026-09-20T20:27:30Z,CAPTURED,2,2,
1390137,/injuries,Austria,218,Bundesliga,2025,Regular Season - 19,2026-02-15T13:30:00+00:00,FC BW Linz,Wolfsberger AC,1,2026-09-20T20:27:30Z,NO_DATA,0,0,
1390138,/fixtures/lineups,Austria,218,Bundesliga,2025,Regular Season - 20,2026-02-22T13:30:00+00:00,WSG Wattens,Ried,1,2026-09-20T20:27:30Z,CAPTURED,2,2,
1390138,/injuries,Austria,218,Bundesliga,2025,Regular Season - 20,2026-02-22T13:30:00+00:00,WSG Wattens,Ried,1,2026-09-20T20:27:30Z,NO_DATA,0,0,
1390139,/fixtures/lineups,Austria,218,Bundesliga,2025,Regular Season - 20,2026-02-22T13:30:00+00:00,Sturm Graz,FC BW Linz,1,2026-09-20T20:27:30Z,CAPTURED,2,2,
1390139,/injuries,Austria,218,Bundesliga,2025,Regular Season - 20,2026-02-22T13:30:00+00:00,Sturm Graz,FC BW Linz,1,2026-09-20T20:27:30Z,NO_DATA,0,0,
1390140,/fixtures/lineups,Austria,218,Bundesliga,2025,Regular Season - 20,2026-02-21T16:00:00+00:00,Rapid Vienna,Wolfsberger AC,1,2026-09-20T20:27:30Z,CAPTURED,2,2,
1390140,/injuries,Austria,218,Bundesliga,2025,Regular Season - 20,2026-02-21T16:00:00+00:00,Rapid Vienna,Wolfsberger AC,1,2026-09-20T20:27:30Z,CAPTURED,1,1,
1390141,/fixtures/lineups,Austria,218,Bundesliga,2025,Regular Season - 20,2026-02-21T16:00:00+00:00,TSV Hartberg,Grazer AK,1,2026-09-20T20:27:30Z,CAPTURED,2,2,
1390141,/injuries,Austria,218,Bundesliga,2025,Regular Season - 20,2026-02-21T16:00:00+00:00,TSV Hartberg,Grazer AK,1,2026-09-20T20:27:30Z,NO_DATA,0,0,
1390142,/fixtures/lineups,Austria,218,Bundesliga,2025,Regular Season - 20,2026-02-22T16:00:00+00:00,Lask Linz,Red Bull Salzburg,1,2026-09-20T20:27:30Z,CAPTURED,2,2,
1390142,/injuries,Austria,218,Bundesliga,2025,Regular Season - 20,2026-02-22T16:00:00+00:00,Lask Linz,Red Bull Salzburg,1,2026-09-20T20:27:30Z,NO_DATA,0,0,
1390143,/fixtures/lineups,Austria,218,Bundesliga,2025,Regular Season - 20,2026-02-21T16:00:00+00:00,SCR Altach,Austria Vienna,1,2026-09-20T20:27:30Z,CAPTURED,2,2,
1390143,/injuries,Austria,218,Bundesliga,2025,Regular Season - 20,2026-02-21T16:00:00+00:00,SCR Altach,Austria Vienna,1,2026-09-20T20:27:30Z,CAPTURED,2,2,
1390144,/fixtures/lineups,Austria,218,Bundesliga,2025,Regular Season - 21,2026-03-01T16:00:00+00:00,Grazer AK,Ried,1,2026-09-20T20:27:30Z,CAPTURED,2,2,
1390144,/injuries,Austria,218,Bundesliga,2025,Regular Season - 21,2026-03-01T16:00:00+00:00,Grazer AK,Ried,1,2026-09-20T20:27:30Z,NO_DATA,0,0,
1390145,/fixtures/lineups,Austria,218,Bundesliga,2025,Regular Season - 21,2026-03-01T16:00:00+00:00,Wolfsberger AC,Sturm Graz,1,2026-09-20T20:27:30Z,CAPTURED,2,2,
1390145,/injuries,Austria,218,Bundesliga,2025,Regular Season - 21,2026-03-01T16:00:00+00:00,Wolfsberger AC,Sturm Graz,1,2026-09-20T20:27:30Z,NO_DATA,0,0,
1390146,/fixtures/lineups,Austria,218,Bundesliga,2025,Regular Season - 21,2026-03-01T16:00:00+00:00,SCR Altach,Rapid Vienna,1,2026-09-20T20:27:30Z,CAPTURED,2,2,
1390146,/injuries,Austria,218,Bundesliga,2025,Regular Season - 21,2026-03-01T16:00:00+00:00,SCR Altach,Rapid Vienna,1,2026-09-20T20:27:30Z,CAPTURED,1,1,
1390147,/fixtures/lineups,Austria,218,Bundesliga,2025,Regular Season - 21,2026-03-01T16:00:00+00:00,Austria Vienna,Lask Linz,1,2026-09-20T20:27:30Z,CAPTURED,2,2,
1390147,/injuries,Austria,218,Bundesliga,2025,Regular Season - 21,2026-03-01T16:00:00+00:00,Austria Vienna,Lask Linz,1,2026-09-20T20:27:30Z,CAPTURED,2,2,
1390148,/fixtures/lineups,Austria,218,Bundesliga,2025,Regular Season - 21,2026-03-01T16:00:00+00:00,Red Bull Salzburg,TSV Hartberg,1,2026-09-20T20:27:30Z,CAPTURED,2,2,
1390148,/injuries,Austria,218,Bundesliga,2025,Regular Season - 21,2026-03-01T16:00:00+00:00,Red Bull Salzburg,TSV Hartberg,1,2026-09-20T20:27:30Z,NO_DATA,0,0,
1390149,/fixtures/lineups,Austria,218,Bundesliga,2025,Regular Season - 21,2026-03-01T16:00:00+00:00,FC BW Linz,WSG Wattens,1,2026-09-20T20:27:30Z,CAPTURED,2,2,
1390149,/injuries,Austria,218,Bundesliga,2025,Regular Season - 21,2026-03-01T16:00:00+00:00,FC BW Linz,WSG Wattens,1,2026-09-20T20:27:30Z,NO_DATA,0,0,
1390150,/fixtures/lineups,Austria,218,Bundesliga,2025,Regular Season - 22,2026-03-08T16:00:00+00:00,Lask Linz,Wolfsberger AC,1,2026-09-20T20:27:30Z,CAPTURED,2,2,
1390150,/injuries,Austria,218,Bundesliga,2025,Regular Season - 22,2026-03-08T16:00:00+00:00,Lask Linz,Wolfsberger AC,1,2026-09-20T20:27:30Z,NO_DATA,0,0,
1390151,/fixtures/lineups,Austria,218,Bundesliga,2025,Regular Season - 22,2026-03-08T16:00:00+00:00,Rapid Vienna,Red Bull Salzburg,1,2026-09-20T20:27:30Z,CAPTURED,2,2,
1390151,/injuries,Austria,218,Bundesliga,2025,Regular Season - 22,2026-03-08T16:00:00+00:00,Rapid Vienna,Red Bull Salzburg,1,2026-09-20T20:27:30Z,CAPTURED,1,1,
1390152,/fixtures/lineups,Austria,218,Bundesliga,2025,Regular Season - 22,2026-03-08T16:00:00+00:00,TSV Hartberg,FC BW Linz,1,2026-09-20T20:27:30Z,CAPTURED,2,2,
1390152,/injuries,Austria,218,Bundesliga,2025,Regular Season - 22,2026-03-08T16:00:00+00:00,TSV Hartberg,FC BW Linz,1,2026-09-20T20:27:30Z,NO_DATA,0,0,
1390153,/fixtures/lineups,Austria,218,Bundesliga,2025,Regular Season - 22,2026-03-08T16:00:00+00:00,WSG Wattens,Grazer AK,1,2026-09-20T20:27:30Z,CAPTURED,2,2,
1390153,/injuries,Austria,218,Bundesliga,2025,Regular Season - 22,2026-03-08T16:00:00+00:00,WSG Wattens,Grazer AK,1,2026-09-20T20:27:30Z,NO_DATA,0,0,
1390154,/fixtures/lineups,Austria,218,Bundesliga,2025,Regular Season - 22,2026-03-08T16:00:00+00:00,Ried,Austria Vienna,1,2026-09-20T20:27:30Z,CAPTURED,2,2,
1390154,/injuries,Austria,218,Bundesliga,2025,Regular Season - 22,2026-03-08T16:00:00+00:00,Ried,Austria Vienna,1,2026-09-20T20:27:30Z,CAPTURED,2,2,
1390155,/fixtures/lineups,Austria,218,Bundesliga,2025,Regular Season - 22,2026-03-08T16:00:00+00:00,Sturm Graz,SCR Altach,1,2026-09-20T20:27:30Z,CAPTURED,2,2,
1390155,/injuries,Austria,218,Bundesliga,2025,Regular Season - 22,2026-03-08T16:00:00+00:00,Sturm Graz,SCR Altach,1,2026-09-20T20:27:30Z,NO_DATA,0,0,
1399967,/fixtures/lineups,Austria,218,Bundesliga,2025,Regular Season - 1,2025-08-02T15:00:00+00:00,WSG Wattens,TSV Hartberg,1,2026-09-20T20:27:30Z,CAPTURED,2,2,
1399967,/injuries,Austria,218,Bundesliga,2025,Regular Season - 1,2025-08-02T15:00:00+00:00,WSG Wattens,TSV Hartberg,1,2026-09-20T20:27:30Z,CAPTURED,5,5,
1399968,/fixtures/lineups,Austria,218,Bundesliga,2025,Regular Season - 5,2025-08-31T15:00:00+00:00,WSG Wattens,Wolfsberger AC,1,2026-09-20T20:27:30Z,CAPTURED,2,2,
1399968,/injuries,Austria,218,Bundesliga,2025,Regular Season - 5,2025-08-31T15:00:00+00:00,WSG Wattens,Wolfsberger AC,1,2026-09-20T20:27:30Z,CAPTURED,4,4,
1399969,/fixtures/lineups,Austria,218,Bundesliga,2025,Regular Season - 10,2025-10-19T12:30:00+00:00,Red Bull Salzburg,SCR Altach,1,2026-09-20T20:27:30Z,CAPTURED,2,2,
1399969,/injuries,Austria,218,Bundesliga,2025,Regular Season - 10,2025-10-19T12:30:00+00:00,Red Bull Salzburg,SCR Altach,1,2026-09-20T20:27:30Z,CAPTURED,1,1,
1531166,/fixtures/lineups,Austria,218,Bundesliga,2025,Championship Group - 23,2026-03-13T18:30:00+00:00,Lask Linz,TSV Hartberg,1,2026-09-20T20:27:30Z,CAPTURED,2,2,
1531166,/injuries,Austria,218,Bundesliga,2025,Championship Group - 23,2026-03-13T18:30:00+00:00,Lask Linz,TSV Hartberg,1,2026-09-20T20:27:30Z,NO_DATA,0,0,
1531167,/fixtures/lineups,Austria,218,Bundesliga,2025,Relegation Group - 23,2026-03-14T16:00:00+00:00,Ried,WSG Wattens,1,2026-09-20T20:27:30Z,CAPTURED,2,2,
1531167,/injuries,Austria,218,Bundesliga,2025,Relegation Group - 23,2026-03-14T16:00:00+00:00,Ried,WSG Wattens,1,2026-09-20T20:27:30Z,NO_DATA,0,0,
1531168,/fixtures/lineups,Austria,218,Bundesliga,2025,Relegation Group - 23,2026-03-14T16:00:00+00:00,Grazer AK,Wolfsberger AC,1,2026-09-20T20:27:30Z,CAPTURED,2,2,
1531168,/injuries,Austria,218,Bundesliga,2025,Relegation Group - 23,2026-03-14T16:00:00+00:00,Grazer AK,Wolfsberger AC,1,2026-09-20T20:27:30Z,NO_DATA,0,0,
1531169,/fixtures/lineups,Austria,218,Bundesliga,2025,Relegation Group - 23,2026-03-14T16:00:00+00:00,SCR Altach,FC BW Linz,1,2026-09-20T20:27:30Z,CAPTURED,2,2,
1531169,/injuries,Austria,218,Bundesliga,2025,Relegation Group - 23,2026-03-14T16:00:00+00:00,SCR Altach,FC BW Linz,1,2026-09-20T20:27:30Z,NO_DATA,0,0,
1531170,/fixtures/lineups,Austria,218,Bundesliga,2025,Championship Group - 23,2026-03-15T13:30:00+00:00,Red Bull Salzburg,Rapid Vienna,1,2026-09-20T20:27:30Z,CAPTURED,2,2,
1531170,/injuries,Austria,218,Bundesliga,2025,Championship Group - 23,2026-03-15T13:30:00+00:00,Red Bull Salzburg,Rapid Vienna,1,2026-09-20T20:27:30Z,NO_DATA,0,0,
1531171,/fixtures/lineups,Austria,218,Bundesliga,2025,Championship Group - 23,2026-03-15T16:00:00+00:00,Austria Vienna,Sturm Graz,1,2026-09-20T20:27:30Z,CAPTURED,2,2,
1531171,/injuries,Austria,218,Bundesliga,2025,Championship Group - 23,2026-03-15T16:00:00+00:00,Austria Vienna,Sturm Graz,1,2026-09-20T20:27:30Z,NO_DATA,0,0,
1531233,/fixtures/lineups,Austria,218,Bundesliga,2025,Championship Group - 24,2026-03-20T18:30:00+00:00,Sturm Graz,Red Bull Salzburg,1,2026-09-20T20:27:30Z,CAPTURED,2,2,
1531233,/injuries,Austria,218,Bundesliga,2025,Championship Group - 24,2026-03-20T18:30:00+00:00,Sturm Graz,Red Bull Salzburg,1,2026-09-20T20:27:30Z,NO_DATA,0,0,
1531234,/fixtures/lineups,Austria,218,Bundesliga,2025,Championship Group - 24,2026-03-22T13:30:00+00:00,TSV Hartberg,Austria Vienna,1,2026-09-20T20:27:30Z,CAPTURED,2,2,
1531234,/injuries,Austria,218,Bundesliga,2025,Championship Group - 24,2026-03-22T13:30:00+00:00,TSV Hartberg,Austria Vienna,1,2026-09-20T20:27:30Z,NO_DATA,0,0,
1531235,/fixtures/lineups,Austria,218,Bundesliga,2025,Championship Group - 24,2026-03-22T16:00:00+00:00,Rapid Vienna,Lask Linz,1,2026-09-20T20:27:30Z,CAPTURED,2,2,
1531235,/injuries,Austria,218,Bundesliga,2025,Championship Group - 24,2026-03-22T16:00:00+00:00,Rapid Vienna,Lask Linz,1,2026-09-20T20:27:30Z,NO_DATA,0,0,
1531236,/fixtures/lineups,Austria,218,Bundesliga,2025,Championship Group - 25,2026-04-05T12:30:00+00:00,TSV Hartberg,Red Bull Salzburg,1,2026-09-20T20:27:30Z,CAPTURED,2,2,
1531236,/injuries,Austria,218,Bundesliga,2025,Championship Group - 25,2026-04-05T12:30:00+00:00,TSV Hartberg,Red Bull Salzburg,1,2026-09-20T20:27:30Z,NO_DATA,0,0,
1531237,/fixtures/lineups,Austria,218,Bundesliga,2025,Championship Group - 25,2026-04-05T12:30:00+00:00,Lask Linz,Austria Vienna,1,2026-09-20T20:27:30Z,CAPTURED,2,2,
1531237,/injuries,Austria,218,Bundesliga,2025,Championship Group - 25,2026-04-05T12:30:00+00:00,Lask Linz,Austria Vienna,1,2026-09-20T20:27:30Z,NO_DATA,0,0,
1531238,/fixtures/lineups,Austria,218,Bundesliga,2025,Championship Group - 25,2026-04-05T15:00:00+00:00,Rapid Vienna,Sturm Graz,1,2026-09-20T20:27:30Z,CAPTURED,2,2,
1531238,/injuries,Austria,218,Bundesliga,2025,Championship Group - 25,2026-04-05T15:00:00+00:00,Rapid Vienna,Sturm Graz,1,2026-09-20T20:27:30Z,NO_DATA,0,0,
1531239,/fixtures/lineups,Austria,218,Bundesliga,2025,Championship Group - 26,2026-04-10T17:30:00+00:00,Red Bull Salzburg,Lask Linz,1,2026-09-20T20:27:30Z,CAPTURED,2,2,
1531239,/injuries,Austria,218,Bundesliga,2025,Championship Group - 26,2026-04-10T17:30:00+00:00,Red Bull Salzburg,Lask Linz,1,2026-09-20T20:27:30Z,NO_DATA,0,0,
1531240,/fixtures/lineups,Austria,218,Bundesliga,2025,Championship Group - 26,2026-04-12T12:30:00+00:00,Sturm Graz,TSV Hartberg,1,2026-09-20T20:27:30Z,CAPTURED,2,2,
1531240,/injuries,Austria,218,Bundesliga,2025,Championship Group - 26,2026-04-12T12:30:00+00:00,Sturm Graz,TSV Hartberg,1,2026-09-20T20:27:30Z,NO_DATA,0,0,
1531241,/fixtures/lineups,Austria,218,Bundesliga,2025,Championship Group - 26,2026-04-12T15:00:00+00:00,Austria Vienna,Rapid Vienna,1,2026-09-20T20:27:30Z,CAPTURED,2,2,
1531241,/injuries,Austria,218,Bundesliga,2025,Championship Group - 26,2026-04-12T15:00:00+00:00,Austria Vienna,Rapid Vienna,1,2026-09-20T20:27:30Z,NO_DATA,0,0,
1531242,/fixtures/lineups,Austria,218,Bundesliga,2025,Championship Group - 27,2026-04-19T12:30:00+00:00,Austria Vienna,Red Bull Salzburg,1,2026-09-20T20:27:30Z,CAPTURED,2,2,
1531242,/injuries,Austria,218,Bundesliga,2025,Championship Group - 27,2026-04-19T12:30:00+00:00,Austria Vienna,Red Bull Salzburg,1,2026-09-20T20:27:30Z,NO_DATA,0,0,
1531243,/fixtures/lineups,Austria,218,Bundesliga,2025,Championship Group - 27,2026-04-19T12:30:00+00:00,TSV Hartberg,Rapid Vienna,1,2026-09-20T20:27:30Z,CAPTURED,2,2,
1531243,/injuries,Austria,218,Bundesliga,2025,Championship Group - 27,2026-04-19T12:30:00+00:00,TSV Hartberg,Rapid Vienna,1,2026-09-20T20:27:30Z,NO_DATA,0,0,
1531244,/fixtures/lineups,Austria,218,Bundesliga,2025,Championship Group - 27,2026-04-19T15:00:00+00:00,Lask Linz,Sturm Graz,1,2026-09-20T20:27:30Z,CAPTURED,2,2,
1531244,/injuries,Austria,218,Bundesliga,2025,Championship Group - 27,2026-04-19T15:00:00+00:00,Lask Linz,Sturm Graz,1,2026-09-20T20:27:30Z,NO_DATA,0,0,
1531245,/fixtures/lineups,Austria,218,Bundesliga,2025,Championship Group - 28,2026-04-22T16:30:00+00:00,Red Bull Salzburg,Austria Vienna,1,2026-09-20T20:27:30Z,CAPTURED,2,2,
1531245,/injuries,Austria,218,Bundesliga,2025,Championship Group - 28,2026-04-22T16:30:00+00:00,Red Bull Salzburg,Austria Vienna,1,2026-09-20T20:27:30Z,NO_DATA,0,0,
1531246,/fixtures/lineups,Austria,218,Bundesliga,2025,Championship Group - 28,2026-04-22T16:30:00+00:00,Rapid Vienna,TSV Hartberg,1,2026-09-20T20:27:30Z,CAPTURED,2,2,
1531246,/injuries,Austria,218,Bundesliga,2025,Championship Group - 28,2026-04-22T16:30:00+00:00,Rapid Vienna,TSV Hartberg,1,2026-09-20T20:27:30Z,NO_DATA,0,0,
1531247,/fixtures/lineups,Austria,218,Bundesliga,2025,Championship Group - 28,2026-04-22T18:30:00+00:00,Sturm Graz,Lask Linz,1,2026-09-20T20:27:30Z,CAPTURED,2,2,
1531247,/injuries,Austria,218,Bundesliga,2025,Championship Group - 28,2026-04-22T18:30:00+00:00,Sturm Graz,Lask Linz,1,2026-09-20T20:27:30Z,NO_DATA,0,0,
1531248,/fixtures/lineups,Austria,218,Bundesliga,2025,Championship Group - 29,2026-04-26T12:30:00+00:00,TSV Hartberg,Lask Linz,1,2026-09-20T20:27:30Z,CAPTURED,2,2,
1531248,/injuries,Austria,218,Bundesliga,2025,Championship Group - 29,2026-04-26T12:30:00+00:00,TSV Hartberg,Lask Linz,1,2026-09-20T20:27:30Z,NO_DATA,0,0,
1531249,/fixtures/lineups,Austria,218,Bundesliga,2025,Championship Group - 29,2026-04-26T12:30:00+00:00,Rapid Vienna,Red Bull Salzburg,1,2026-09-20T20:27:30Z,CAPTURED,2,2,
1531249,/injuries,Austria,218,Bundesliga,2025,Championship Group - 29,2026-04-26T12:30:00+00:00,Rapid Vienna,Red Bull Salzburg,1,2026-09-20T20:27:30Z,NO_DATA,0,0,
1531250,/fixtures/lineups,Austria,218,Bundesliga,2025,Championship Group - 29,2026-04-26T15:00:00+00:00,Sturm Graz,Austria Vienna,1,2026-09-20T20:27:30Z,CAPTURED,2,2,
1531250,/injuries,Austria,218,Bundesliga,2025,Championship Group - 29,2026-04-26T15:00:00+00:00,Sturm Graz,Austria Vienna,1,2026-09-20T20:27:30Z,NO_DATA,0,0,
1531251,/fixtures/lineups,Austria,218,Bundesliga,2025,Championship Group - 30,2026-05-03T12:30:00+00:00,Austria Vienna,TSV Hartberg,1,2026-09-20T20:27:30Z,CAPTURED,2,2,
1531251,/injuries,Austria,218,Bundesliga,2025,Championship Group - 30,2026-05-03T12:30:00+00:00,Austria Vienna,TSV Hartberg,1,2026-09-20T20:27:30Z,NO_DATA,0,0,
1531252,/fixtures/lineups,Austria,218,Bundesliga,2025,Championship Group - 30,2026-05-04T18:30:00+00:00,Lask Linz,Rapid Vienna,1,2026-09-20T20:27:30Z,CAPTURED,2,2,
1531252,/injuries,Austria,218,Bundesliga,2025,Championship Group - 30,2026-05-04T18:30:00+00:00,Lask Linz,Rapid Vienna,1,2026-09-20T20:27:30Z,NO_DATA,0,0,
1531253,/fixtures/lineups,Austria,218,Bundesliga,2025,Championship Group - 30,2026-05-03T15:00:00+00:00,Red Bull Salzburg,Sturm Graz,1,2026-09-20T20:27:30Z,CAPTURED,2,2,
1531253,/injuries,Austria,218,Bundesliga,2025,Championship Group - 30,2026-05-03T15:00:00+00:00,Red Bull Salzburg,Sturm Graz,1,2026-09-20T20:27:30Z,NO_DATA,0,0,
1531254,/fixtures/lineups,Austria,218,Bundesliga,2025,Championship Group - 31,2026-05-10T15:00:00+00:00,TSV Hartberg,Sturm Graz,1,2026-09-20T20:27:30Z,CAPTURED,2,2,
1531254,/injuries,Austria,218,Bundesliga,2025,Championship Group - 31,2026-05-10T15:00:00+00:00,TSV Hartberg,Sturm Graz,1,2026-09-20T20:27:30Z,NO_DATA,0,0,
1531255,/fixtures/lineups,Austria,218,Bundesliga,2025,Championship Group - 31,2026-05-10T15:00:00+00:00,Lask Linz,Red Bull Salzburg,1,2026-09-20T20:27:30Z,CAPTURED,2,2,
1531255,/injuries,Austria,218,Bundesliga,2025,Championship Group - 31,2026-05-10T15:00:00+00:00,Lask Linz,Red Bull Salzburg,1,2026-09-20T20:27:30Z,NO_DATA,0,0,
1531256,/fixtures/lineups,Austria,218,Bundesliga,2025,Championship Group - 31,2026-05-10T15:00:00+00:00,Rapid Vienna,Austria Vienna,1,2026-09-20T20:27:30Z,CAPTURED,2,2,
1531256,/injuries,Austria,218,Bundesliga,2025,Championship Group - 31,2026-05-10T15:00:00+00:00,Rapid Vienna,Austria Vienna,1,2026-09-20T20:27:30Z,NO_DATA,0,0,
1531257,/fixtures/lineups,Austria,218,Bundesliga,2025,Championship Group - 32,2026-05-17T12:30:00+00:00,Austria Vienna,Lask Linz,1,2026-09-20T20:27:30Z,CAPTURED,2,2,
1531257,/injuries,Austria,218,Bundesliga,2025,Championship Group - 32,2026-05-17T12:30:00+00:00,Austria Vienna,Lask Linz,1,2026-09-20T20:27:30Z,NO_DATA,0,0,
1531258,/fixtures/lineups,Austria,218,Bundesliga,2025,Championship Group - 32,2026-05-17T12:30:00+00:00,Red Bull Salzburg,TSV Hartberg,1,2026-09-20T20:27:30Z,CAPTURED,2,2,
1531258,/injuries,Austria,218,Bundesliga,2025,Championship Group - 32,2026-05-17T12:30:00+00:00,Red Bull Salzburg,TSV Hartberg,1,2026-09-20T20:27:30Z,NO_DATA,0,0,
1531259,/fixtures/lineups,Austria,218,Bundesliga,2025,Championship Group - 32,2026-05-17T12:30:00+00:00,Sturm Graz,Rapid Vienna,1,2026-09-20T20:27:30Z,CAPTURED,2,2,
1531259,/injuries,Austria,218,Bundesliga,2025,Championship Group - 32,2026-05-17T12:30:00+00:00,Sturm Graz,Rapid Vienna,1,2026-09-20T20:27:30Z,NO_DATA,0,0,
1531260,/fixtures/lineups,Austria,218,Bundesliga,2025,Relegation Group - 24,2026-03-21T16:00:00+00:00,FC BW Linz,Ried,1,2026-09-20T20:27:30Z,CAPTURED,2,2,
1531260,/injuries,Austria,218,Bundesliga,2025,Relegation Group - 24,2026-03-21T16:00:00+00:00,FC BW Linz,Ried,1,2026-09-20T20:27:30Z,NO_DATA,0,0,
1531261,/fixtures/lineups,Austria,218,Bundesliga,2025,Relegation Group - 24,2026-03-21T16:00:00+00:00,WSG Wattens,Grazer AK,1,2026-09-20T20:27:30Z,CAPTURED,2,2,
1531261,/injuries,Austria,218,Bundesliga,2025,Relegation Group - 24,2026-03-21T16:00:00+00:00,WSG Wattens,Grazer AK,1,2026-09-20T20:27:30Z,NO_DATA,0,0,
1531262,/fixtures/lineups,Austria,218,Bundesliga,2025,Relegation Group - 24,2026-03-21T16:00:00+00:00,Wolfsberger AC,SCR Altach,1,2026-09-20T20:27:30Z,CAPTURED,2,2,
1531262,/injuries,Austria,218,Bundesliga,2025,Relegation Group - 24,2026-03-21T16:00:00+00:00,Wolfsberger AC,SCR Altach,1,2026-09-20T20:27:30Z,NO_DATA,0,0,
1531263,/fixtures/lineups,Austria,218,Bundesliga,2025,Relegation Group - 25,2026-04-03T17:30:00+00:00,Ried,SCR Altach,1,2026-09-20T20:27:30Z,CAPTURED,2,2,
1531263,/injuries,Austria,218,Bundesliga,2025,Relegation Group - 25,2026-04-03T17:30:00+00:00,Ried,SCR Altach,1,2026-09-20T20:27:30Z,NO_DATA,0,0,
1531264,/fixtures/lineups,Austria,218,Bundesliga,2025,Relegation Group - 25,2026-04-04T15:00:00+00:00,Grazer AK,FC BW Linz,1,2026-09-20T20:27:30Z,CAPTURED,2,2,
1531264,/injuries,Austria,218,Bundesliga,2025,Relegation Group - 25,2026-04-04T15:00:00+00:00,Grazer AK,FC BW Linz,1,2026-09-20T20:27:30Z,NO_DATA,0,0,
1531265,/fixtures/lineups,Austria,218,Bundesliga,2025,Relegation Group - 25,2026-04-04T15:00:00+00:00,WSG Wattens,Wolfsberger AC,1,2026-09-20T20:27:30Z,CAPTURED,2,2,
1531265,/injuries,Austria,218,Bundesliga,2025,Relegation Group - 25,2026-04-04T15:00:00+00:00,WSG Wattens,Wolfsberger AC,1,2026-09-20T20:27:30Z,NO_DATA,0,0,
1531266,/fixtures/lineups,Austria,218,Bundesliga,2025,Relegation Group - 26,2026-04-11T15:00:00+00:00,SCR Altach,Grazer AK,1,2026-09-20T20:27:30Z,CAPTURED,2,2,
1531266,/injuries,Austria,218,Bundesliga,2025,Relegation Group - 26,2026-04-11T15:00:00+00:00,SCR Altach,Grazer AK,1,2026-09-20T20:27:30Z,NO_DATA,0,0,
1531267,/fixtures/lineups,Austria,218,Bundesliga,2025,Relegation Group - 26,2026-04-11T15:00:00+00:00,Wolfsberger AC,Ried,1,2026-09-20T20:27:30Z,CAPTURED,2,2,
1531267,/injuries,Austria,218,Bundesliga,2025,Relegation Group - 26,2026-04-11T15:00:00+00:00,Wolfsberger AC,Ried,1,2026-09-20T20:27:30Z,NO_DATA,0,0,
1531268,/fixtures/lineups,Austria,218,Bundesliga,2025,Relegation Group - 26,2026-04-11T17:30:00+00:00,FC BW Linz,WSG Wattens,1,2026-09-20T20:27:30Z,CAPTURED,2,2,
1531268,/injuries,Austria,218,Bundesliga,2025,Relegation Group - 26,2026-04-11T17:30:00+00:00,FC BW Linz,WSG Wattens,1,2026-09-20T20:27:30Z,NO_DATA,0,0,
1531269,/fixtures/lineups,Austria,218,Bundesliga,2025,Relegation Group - 27,2026-04-17T17:30:00+00:00,Grazer AK,Ried,1,2026-09-20T20:27:30Z,CAPTURED,2,2,
1531269,/injuries,Austria,218,Bundesliga,2025,Relegation Group - 27,2026-04-17T17:30:00+00:00,Grazer AK,Ried,1,2026-09-20T20:27:30Z,NO_DATA,0,0,
1531270,/fixtures/lineups,Austria,218,Bundesliga,2025,Relegation Group - 27,2026-04-18T15:00:00+00:00,WSG Wattens,SCR Altach,1,2026-09-20T20:27:30Z,CAPTURED,2,2,
1531270,/injuries,Austria,218,Bundesliga,2025,Relegation Group - 27,2026-04-18T15:00:00+00:00,WSG Wattens,SCR Altach,1,2026-09-20T20:27:30Z,NO_DATA,0,0,
1531271,/fixtures/lineups,Austria,218,Bundesliga,2025,Relegation Group - 27,2026-04-18T15:00:00+00:00,Wolfsberger AC,FC BW Linz,1,2026-09-20T20:27:30Z,CAPTURED,2,2,
1531271,/injuries,Austria,218,Bundesliga,2025,Relegation Group - 27,2026-04-18T15:00:00+00:00,Wolfsberger AC,FC BW Linz,1,2026-09-20T20:27:30Z,NO_DATA,0,0,
1531272,/fixtures/lineups,Austria,218,Bundesliga,2025,Relegation Group - 28,2026-04-21T16:30:00+00:00,SCR Altach,WSG Wattens,1,2026-09-20T20:27:30Z,CAPTURED,2,2,
1531272,/injuries,Austria,218,Bundesliga,2025,Relegation Group - 28,2026-04-21T16:30:00+00:00,SCR Altach,WSG Wattens,1,2026-09-20T20:27:30Z,NO_DATA,0,0,
1531273,/fixtures/lineups,Austria,218,Bundesliga,2025,Relegation Group - 28,2026-04-21T16:30:00+00:00,FC BW Linz,Wolfsberger AC,1,2026-09-20T20:27:30Z,CAPTURED,2,2,
1531273,/injuries,Austria,218,Bundesliga,2025,Relegation Group - 28,2026-04-21T16:30:00+00:00,FC BW Linz,Wolfsberger AC,1,2026-09-20T20:27:30Z,NO_DATA,0,0,
1531274,/fixtures/lineups,Austria,218,Bundesliga,2025,Relegation Group - 28,2026-04-21T18:30:00+00:00,Ried,Grazer AK,1,2026-09-20T20:27:30Z,CAPTURED,2,2,
1531274,/injuries,Austria,218,Bundesliga,2025,Relegation Group - 28,2026-04-21T18:30:00+00:00,Ried,Grazer AK,1,2026-09-20T20:27:30Z,NO_DATA,0,0,
1531275,/fixtures/lineups,Austria,218,Bundesliga,2025,Relegation Group - 29,2026-04-24T17:30:00+00:00,FC BW Linz,SCR Altach,1,2026-09-20T20:27:30Z,CAPTURED,2,2,
1531275,/injuries,Austria,218,Bundesliga,2025,Relegation Group - 29,2026-04-24T17:30:00+00:00,FC BW Linz,SCR Altach,1,2026-09-20T20:27:30Z,NO_DATA,0,0,
1531276,/fixtures/lineups,Austria,218,Bundesliga,2025,Relegation Group - 29,2026-04-25T15:00:00+00:00,WSG Wattens,Ried,1,2026-09-20T20:27:30Z,CAPTURED,2,2,
1531276,/injuries,Austria,218,Bundesliga,2025,Relegation Group - 29,2026-04-25T15:00:00+00:00,WSG Wattens,Ried,1,2026-09-20T20:27:30Z,NO_DATA,0,0,
1531277,/fixtures/lineups,Austria,218,Bundesliga,2025,Relegation Group - 29,2026-04-25T15:00:00+00:00,Wolfsberger AC,Grazer AK,1,2026-09-20T20:27:30Z,CAPTURED,2,2,
1531277,/injuries,Austria,218,Bundesliga,2025,Relegation Group - 29,2026-04-25T15:00:00+00:00,Wolfsberger AC,Grazer AK,1,2026-09-20T20:27:30Z,NO_DATA,0,0,
1531278,/fixtures/lineups,Austria,218,Bundesliga,2025,Relegation Group - 30,2026-05-02T15:00:00+00:00,Grazer AK,WSG Wattens,1,2026-09-20T20:27:30Z,CAPTURED,2,2,
1531278,/injuries,Austria,218,Bundesliga,2025,Relegation Group - 30,2026-05-02T15:00:00+00:00,Grazer AK,WSG Wattens,1,2026-09-20T20:27:30Z,NO_DATA,0,0,
1531279,/fixtures/lineups,Austria,218,Bundesliga,2025,Relegation Group - 30,2026-05-02T15:00:00+00:00,Ried,FC BW Linz,1,2026-09-20T20:27:30Z,CAPTURED,2,2,
1531279,/injuries,Austria,218,Bundesliga,2025,Relegation Group - 30,2026-05-02T15:00:00+00:00,Ried,FC BW Linz,1,2026-09-20T20:27:30Z,NO_DATA,0,0,
1531280,/fixtures/lineups,Austria,218,Bundesliga,2025,Relegation Group - 30,2026-05-04T16:30:00+00:00,SCR Altach,Wolfsberger AC,1,2026-09-20T20:27:30Z,CAPTURED,2,2,
1531280,/injuries,Austria,218,Bundesliga,2025,Relegation Group - 30,2026-05-04T16:30:00+00:00,SCR Altach,Wolfsberger AC,1,2026-09-20T20:27:30Z,NO_DATA,0,0,
1531281,/fixtures/lineups,Austria,218,Bundesliga,2025,Relegation Group - 31,2026-05-09T15:00:00+00:00,Grazer AK,SCR Altach,1,2026-09-20T20:27:30Z,CAPTURED,2,2,
1531281,/injuries,Austria,218,Bundesliga,2025,Relegation Group - 31,2026-05-09T15:00:00+00:00,Grazer AK,SCR Altach,1,2026-09-20T20:27:30Z,NO_DATA,0,0,
1531282,/fixtures/lineups,Austria,218,Bundesliga,2025,Relegation Group - 31,2026-05-09T15:00:00+00:00,Ried,Wolfsberger AC,1,2026-09-20T20:27:30Z,CAPTURED,2,2,
1531282,/injuries,Austria,218,Bundesliga,2025,Relegation Group - 31,2026-05-09T15:00:00+00:00,Ried,Wolfsberger AC,1,2026-09-20T20:27:30Z,NO_DATA,0,0,
1531283,/fixtures/lineups,Austria,218,Bundesliga,2025,Relegation Group - 31,2026-05-09T15:00:00+00:00,WSG Wattens,FC BW Linz,1,2026-09-20T20:27:30Z,CAPTURED,2,2,
1531283,/injuries,Austria,218,Bundesliga,2025,Relegation Group - 31,2026-05-09T15:00:00+00:00,WSG Wattens,FC BW Linz,1,2026-09-20T20:27:30Z,NO_DATA,0,0,
1531284,/fixtures/lineups,Austria,218,Bundesliga,2025,Relegation Group - 32,2026-05-16T15:00:00+00:00,SCR Altach,Ried,1,2026-09-20T20:27:30Z,CAPTURED,2,2,
1531284,/injuries,Austria,218,Bundesliga,2025,Relegation Group - 32,2026-05-16T15:00:00+00:00,SCR Altach,Ried,1,2026-09-20T20:27:30Z,NO_DATA,0,0,
1531285,/fixtures/lineups,Austria,218,Bundesliga,2025,Relegation Group - 32,2026-05-16T15:00:00+00:00,FC BW Linz,Grazer AK,1,2026-09-20T20:27:30Z,CAPTURED,2,2,
1531285,/injuries,Austria,218,Bundesliga,2025,Relegation Group - 32,2026-05-16T15:00:00+00:00,FC BW Linz,Grazer AK,1,2026-09-20T20:27:30Z,NO_DATA,0,0,
1531286,/fixtures/lineups,Austria,218,Bundesliga,2025,Relegation Group - 32,2026-05-16T15:00:00+00:00,Wolfsberger AC,WSG Wattens,1,2026-09-20T20:27:30Z,CAPTURED,2,2,
1531286,/injuries,Austria,218,Bundesliga,2025,Relegation Group - 32,2026-05-16T15:00:00+00:00,Wolfsberger AC,WSG Wattens,1,2026-09-20T20:27:30Z,NO_DATA,0,0,
1545407,/fixtures/lineups,Austria,218,Bundesliga,2025,Semi-finals,2026-05-19T16:30:00+00:00,Ried,Wolfsberger AC,1,2026-09-20T20:27:30Z,CAPTURED,2,2,
1545407,/injuries,Austria,218,Bundesliga,2025,Semi-finals,2026-05-19T16:30:00+00:00,Ried,Wolfsberger AC,1,2026-09-20T20:27:30Z,NO_DATA,0,0,
1545664,/fixtures/lineups,Austria,218,Bundesliga,2025,Final,2026-05-22T17:30:00+00:00,Ried,Rapid Vienna,1,2026-09-20T20:27:30Z,CAPTURED,2,2,
1545664,/injuries,Austria,218,Bundesliga,2025,Final,2026-05-22T17:30:00+00:00,Ried,Rapid Vienna,1,2026-09-20T20:27:30Z,NO_DATA,0,0,
1545665,/fixtures/lineups,Austria,218,Bundesliga,2025,Final,2026-05-25T15:00:00+00:00,Rapid Vienna,Ried,1,2026-09-20T20:27:30Z,CAPTURED,2,2,
1545665,/injuries,Austria,218,Bundesliga,2025,Final,2026-05-25T15:00:00+00:00,Rapid Vienna,Ried,1,2026-09-20T20:27:30Z,NO_DATA,0,0,
1378969,/fixtures/lineups,England,39,Premier League,2025,Regular Season - 1,2025-08-15T19:00:00+00:00,Liverpool,Bournemouth,1,2026-09-26T17:16:56Z,CAPTURED,2,2,
1378970,/fixtures/lineups,England,39,Premier League,2025,Regular Season - 1,2025-08-16T11:30:00+00:00,Aston Villa,Newcastle,1,2026-09-26T17:16:56Z,CAPTURED,2,2,
1378971,/fixtures/lineups,England,39,Premier League,2025,Regular Season - 1,2025-08-16T14:00:00+00:00,Brighton,Fulham,1,2026-09-26T17:16:56Z,CAPTURED,2,2,
1378972,/fixtures/lineups,England,39,Premier League,2025,Regular Season - 1,2025-08-17T13:00:00+00:00,Nottingham Forest,Brentford,1,2026-09-26T17:16:56Z,CAPTURED,2,2,
1378973,/fixtures/lineups,England,39,Premier League,2025,Regular Season - 1,2025-08-16T14:00:00+00:00,Sunderland,West Ham,1,2026-09-26T17:16:56Z,CAPTURED,2,2,
1378974,/fixtures/lineups,England,39,Premier League,2025,Regular Season - 1,2025-08-16T14:00:00+00:00,Tottenham,Burnley,1,2026-09-26T17:16:56Z,CAPTURED,2,2,
1378975,/fixtures/lineups,England,39,Premier League,2025,Regular Season - 1,2025-08-16T16:30:00+00:00,Wolves,Manchester City,1,2026-09-26T17:16:56Z,CAPTURED,2,2,
1378976,/fixtures/lineups,England,39,Premier League,2025,Regular Season - 1,2025-08-17T13:00:00+00:00,Chelsea,Crystal Palace,1,2026-09-26T17:16:56Z,CAPTURED,2,2,
1378977,/fixtures/lineups,England,39,Premier League,2025,Regular Season - 1,2025-08-17T15:30:00+00:00,Manchester United,Arsenal,1,2026-09-26T17:16:56Z,CAPTURED,2,2,
1378978,/fixtures/lineups,England,39,Premier League,2025,Regular Season - 1,2025-08-18T19:00:00+00:00,Leeds,Everton,1,2026-09-26T17:16:56Z,CAPTURED,2,2,
1378979,/fixtures/lineups,England,39,Premier League,2025,Regular Season - 2,2025-08-23T16:30:00+00:00,Arsenal,Leeds,1,2026-09-26T17:16:56Z,CAPTURED,2,2,
1378980,/fixtures/lineups,England,39,Premier League,2025,Regular Season - 2,2025-08-23T14:00:00+00:00,Bournemouth,Wolves,1,2026-09-26T17:16:56Z,CAPTURED,2,2,
1378981,/fixtures/lineups,England,39,Premier League,2025,Regular Season - 2,2025-08-23T14:00:00+00:00,Brentford,Aston Villa,1,2026-09-26T17:16:56Z,CAPTURED,2,2,
1378982,/fixtures/lineups,England,39,Premier League,2025,Regular Season - 2,2025-08-23T14:00:00+00:00,Burnley,Sunderland,1,2026-09-26T17:16:56Z,CAPTURED,2,2,
1378983,/fixtures/lineups,England,39,Premier League,2025,Regular Season - 2,2025-08-24T13:00:00+00:00,Crystal Palace,Nottingham Forest,1,2026-09-26T17:16:56Z,CAPTURED,2,2,
1378984,/fixtures/lineups,England,39,Premier League,2025,Regular Season - 2,2025-08-24T13:00:00+00:00,Everton,Brighton,1,2026-09-26T17:16:56Z,CAPTURED,2,2,
1378985,/fixtures/lineups,England,39,Premier League,2025,Regular Season - 2,2025-08-24T15:30:00+00:00,Fulham,Manchester United,1,2026-09-26T17:16:56Z,CAPTURED,2,2,
1378986,/fixtures/lineups,England,39,Premier League,2025,Regular Season - 2,2025-08-23T11:30:00+00:00,Manchester City,Tottenham,1,2026-09-26T17:16:56Z,CAPTURED,2,2,
1378987,/fixtures/lineups,England,39,Premier League,2025,Regular Season - 2,2025-08-25T19:00:00+00:00,Newcastle,Liverpool,1,2026-09-26T17:16:56Z,CAPTURED,2,2,
1378988,/fixtures/lineups,England,39,Premier League,2025,Regular Season - 2,2025-08-22T19:00:00+00:00,West Ham,Chelsea,1,2026-09-26T17:16:56Z,CAPTURED,2,2,
1378989,/fixtures/lineups,England,39,Premier League,2025,Regular Season - 3,2025-08-31T18:00:00+00:00,Aston Villa,Crystal Palace,1,2026-09-26T17:16:56Z,CAPTURED,2,2,
1378990,/fixtures/lineups,England,39,Premier League,2025,Regular Season - 3,2025-08-31T13:00:00+00:00,Brighton,Manchester City,1,2026-09-26T17:16:56Z,CAPTURED,2,2,
1378991,/fixtures/lineups,England,39,Premier League,2025,Regular Season - 3,2025-08-30T11:30:00+00:00,Chelsea,Fulham,1,2026-09-26T17:16:56Z,CAPTURED,2,2,
1378992,/fixtures/lineups,England,39,Premier League,2025,Regular Season - 3,2025-08-30T16:30:00+00:00,Leeds,Newcastle,1,2026-09-26T17:16:56Z,CAPTURED,2,2,
1378993,/fixtures/lineups,England,39,Premier League,2025,Regular Season - 3,2025-08-31T15:30:00+00:00,Liverpool,Arsenal,1,2026-09-26T17:16:56Z,CAPTURED,2,2,
1378994,/fixtures/lineups,England,39,Premier League,2025,Regular Season - 3,2025-08-30T14:00:00+00:00,Manchester United,Burnley,1,2026-09-26T17:16:56Z,CAPTURED,2,2,
1378995,/fixtures/lineups,England,39,Premier League,2025,Regular Season - 3,2025-08-31T13:00:00+00:00,Nottingham Forest,West Ham,1,2026-09-26T17:16:56Z,CAPTURED,2,2,
1378996,/fixtures/lineups,England,39,Premier League,2025,Regular Season - 3,2025-08-30T14:00:00+00:00,Sunderland,Brentford,1,2026-09-26T17:16:56Z,CAPTURED,2,2,
1378997,/fixtures/lineups,England,39,Premier League,2025,Regular Season - 3,2025-08-30T14:00:00+00:00,Tottenham,Bournemouth,1,2026-09-26T17:16:56Z,CAPTURED,2,2,
1378998,/fixtures/lineups,England,39,Premier League,2025,Regular Season - 3,2025-08-30T14:00:00+00:00,Wolves,Everton,1,2026-09-26T17:16:56Z,CAPTURED,2,2,
1378999,/fixtures/lineups,England,39,Premier League,2025,Regular Season - 4,2025-09-13T11:30:00+00:00,Arsenal,Nottingham Forest,1,2026-09-26T17:16:56Z,CAPTURED,2,2,
1379000,/fixtures/lineups,England,39,Premier League,2025,Regular Season - 4,2025-09-13T14:00:00+00:00,Bournemouth,Brighton,1,2026-09-26T17:16:56Z,CAPTURED,2,2,
1379001,/fixtures/lineups,England,39,Premier League,2025,Regular Season - 4,2025-09-13T19:00:00+00:00,Brentford,Chelsea,1,2026-09-26T17:16:56Z,CAPTURED,2,2,
1379002,/fixtures/lineups,England,39,Premier League,2025,Regular Season - 4,2025-09-14T13:00:00+00:00,Burnley,Liverpool,1,2026-09-26T17:16:56Z,CAPTURED,2,2,
1379003,/fixtures/lineups,England,39,Premier League,2025,Regular Season - 4,2025-09-13T14:00:00+00:00,Crystal Palace,Sunderland,1,2026-09-26T17:16:56Z,CAPTURED,2,2,
1379004,/fixtures/lineups,England,39,Premier League,2025,Regular Season - 4,2025-09-13T14:00:00+00:00,Everton,Aston Villa,1,2026-09-26T17:16:56Z,CAPTURED,2,2,
1379005,/fixtures/lineups,England,39,Premier League,2025,Regular Season - 4,2025-09-13T14:00:00+00:00,Fulham,Leeds,1,2026-09-26T17:16:56Z,CAPTURED,2,2,
1379006,/fixtures/lineups,England,39,Premier League,2025,Regular Season - 4,2025-09-14T15:30:00+00:00,Manchester City,Manchester United,1,2026-09-26T17:16:56Z,CAPTURED,2,2,
1379007,/fixtures/lineups,England,39,Premier League,2025,Regular Season - 4,2025-09-13T14:00:00+00:00,Newcastle,Wolves,1,2026-09-26T17:16:56Z,CAPTURED,2,2,
1379008,/fixtures/lineups,England,39,Premier League,2025,Regular Season - 4,2025-09-13T16:30:00+00:00,West Ham,Tottenham,1,2026-09-26T17:16:56Z,CAPTURED,2,2,
1379009,/fixtures/lineups,England,39,Premier League,2025,Regular Season - 5,2025-09-21T15:30:00+00:00,Arsenal,Manchester City,1,2026-09-26T17:16:56Z,CAPTURED,2,2,
1379010,/fixtures/lineups,England,39,Premier League,2025,Regular Season - 5,2025-09-21T13:00:00+00:00,Bournemouth,Newcastle,1,2026-09-26T17:16:56Z,CAPTURED,2,2,
1379011,/fixtures/lineups,England,39,Premier League,2025,Regular Season - 5,2025-09-20T14:00:00+00:00,Brighton,Tottenham,1,2026-09-26T17:16:56Z,CAPTURED,2,2,
1379012,/fixtures/lineups,England,39,Premier League,2025,Regular Season - 5,2025-09-20T14:00:00+00:00,Burnley,Nottingham Forest,1,2026-09-26T17:16:56Z,CAPTURED,2,2,
1379013,/fixtures/lineups,England,39,Premier League,2025,Regular Season - 5,2025-09-20T19:00:00+00:00,Fulham,Brentford,1,2026-09-26T17:16:56Z,CAPTURED,2,2,
1379014,/fixtures/lineups,England,39,Premier League,2025,Regular Season - 5,2025-09-20T11:30:00+00:00,Liverpool,Everton,1,2026-09-26T17:16:56Z,CAPTURED,2,2,
1379015,/fixtures/lineups,England,39,Premier League,2025,Regular Season - 5,2025-09-20T16:30:00+00:00,Manchester United,Chelsea,1,2026-09-26T17:16:56Z,CAPTURED,2,2,
1379016,/fixtures/lineups,England,39,Premier League,2025,Regular Season - 5,2025-09-21T13:00:00+00:00,Sunderland,Aston Villa,1,2026-09-26T17:16:56Z,CAPTURED,2,2,
1379017,/fixtures/lineups,England,39,Premier League,2025,Regular Season - 5,2025-09-20T14:00:00+00:00,West Ham,Crystal Palace,1,2026-09-26T17:16:56Z,CAPTURED,2,2,
1379018,/fixtures/lineups,England,39,Premier League,2025,Regular Season - 5,2025-09-20T14:00:00+00:00,Wolves,Leeds,1,2026-09-26T17:16:56Z,CAPTURED,2,2,
1379019,/fixtures/lineups,England,39,Premier League,2025,Regular Season - 6,2025-09-28T13:00:00+00:00,Aston Villa,Fulham,1,2026-09-26T17:16:56Z,CAPTURED,2,2,
1379020,/fixtures/lineups,England,39,Premier League,2025,Regular Season - 6,2025-09-27T11:30:00+00:00,Brentford,Manchester United,1,2026-09-26T17:16:56Z,CAPTURED,2,2,
1379021,/fixtures/lineups,England,39,Premier League,2025,Regular Season - 6,2025-09-27T14:00:00+00:00,Chelsea,Brighton,1,2026-09-26T17:16:56Z,CAPTURED,2,2,
1379022,/fixtures/lineups,England,39,Premier League,2025,Regular Season - 6,2025-09-27T14:00:00+00:00,Crystal Palace,Liverpool,1,2026-09-26T17:16:56Z,CAPTURED,2,2,
1379023,/fixtures/lineups,England,39,Premier League,2025,Regular Season - 6,2025-09-29T19:00:00+00:00,Everton,West Ham,1,2026-09-26T17:16:56Z,CAPTURED,2,2,
1379024,/fixtures/lineups,England,39,Premier League,2025,Regular Season - 6,2025-09-27T14:00:00+00:00,Leeds,Bournemouth,1,2026-09-26T17:16:56Z,CAPTURED,2,2,
1379025,/fixtures/lineups,England,39,Premier League,2025,Regular Season - 6,2025-09-27T14:00:00+00:00,Manchester City,Burnley,1,2026-09-26T17:16:56Z,CAPTURED,2,2,
1379026,/fixtures/lineups,England,39,Premier League,2025,Regular Season - 6,2025-09-28T15:30:00+00:00,Newcastle,Arsenal,1,2026-09-26T17:16:56Z,CAPTURED,2,2,
1379027,/fixtures/lineups,England,39,Premier League,2025,Regular Season - 6,2025-09-27T16:30:00+00:00,Nottingham Forest,Sunderland,1,2026-09-26T17:16:56Z,CAPTURED,2,2,
1379028,/fixtures/lineups,England,39,Premier League,2025,Regular Season - 6,2025-09-27T19:00:00+00:00,Tottenham,Wolves,1,2026-09-26T17:16:56Z,CAPTURED,2,2,
1379029,/fixtures/lineups,England,39,Premier League,2025,Regular Season - 7,2025-10-04T14:00:00+00:00,Arsenal,West Ham,1,2026-09-26T17:16:56Z,CAPTURED,2,2,
1379030,/fixtures/lineups,England,39,Premier League,2025,Regular Season - 7,2025-10-05T13:00:00+00:00,Aston Villa,Burnley,1,2026-09-26T17:16:56Z,CAPTURED,2,2,
1379031,/fixtures/lineups,England,39,Premier League,2025,Regular Season - 7,2025-10-03T19:00:00+00:00,Bournemouth,Fulham,1,2026-09-26T17:16:56Z,CAPTURED,2,2,
1379032,/fixtures/lineups,England,39,Premier League,2025,Regular Season - 7,2025-10-05T15:30:00+00:00,Brentford,Manchester City,1,2026-09-26T17:16:56Z,CAPTURED,2,2,
1379033,/fixtures/lineups,England,39,Premier League,2025,Regular Season - 7,2025-10-04T16:30:00+00:00,Chelsea,Liverpool,1,2026-09-26T17:16:56Z,CAPTURED,2,2,
1379034,/fixtures/lineups,England,39,Premier League,2025,Regular Season - 7,2025-10-05T13:00:00+00:00,Everton,Crystal Palace,1,2026-09-26T17:16:56Z,CAPTURED,2,2,
1379035,/fixtures/lineups,England,39,Premier League,2025,Regular Season - 7,2025-10-04T11:30:00+00:00,Leeds,Tottenham,1,2026-09-26T17:16:56Z,CAPTURED,2,2,
1379036,/fixtures/lineups,England,39,Premier League,2025,Regular Season - 7,2025-10-04T14:00:00+00:00,Manchester United,Sunderland,1,2026-09-26T17:16:56Z,CAPTURED,2,2,
1379037,/fixtures/lineups,England,39,Premier League,2025,Regular Season - 7,2025-10-05T13:00:00+00:00,Newcastle,Nottingham Forest,1,2026-09-26T17:16:56Z,CAPTURED,2,2,
1379038,/fixtures/lineups,England,39,Premier League,2025,Regular Season - 7,2025-10-05T13:00:00+00:00,Wolves,Brighton,1,2026-09-26T17:16:56Z,CAPTURED,2,2,
1379039,/fixtures/lineups,England,39,Premier League,2025,Regular Season - 8,2025-10-18T14:00:00+00:00,Brighton,Newcastle,1,2026-09-26T17:16:56Z,CAPTURED,2,2,
1379040,/fixtures/lineups,England,39,Premier League,2025,Regular Season - 8,2025-10-18T14:00:00+00:00,Burnley,Leeds,1,2026-09-26T17:16:56Z,CAPTURED,2,2,
1379041,/fixtures/lineups,England,39,Premier League,2025,Regular Season - 8,2025-10-18T14:00:00+00:00,Crystal Palace,Bournemouth,1,2026-09-26T17:16:56Z,CAPTURED,2,2,
1379042,/fixtures/lineups,England,39,Premier League,2025,Regular Season - 8,2025-10-18T16:30:00+00:00,Fulham,Arsenal,1,2026-09-26T17:16:56Z,CAPTURED,2,2,
1379043,/fixtures/lineups,England,39,Premier League,2025,Regular Season - 8,2025-10-19T15:30:00+00:00,Liverpool,Manchester United,1,2026-09-26T17:16:56Z,CAPTURED,2,2,
1379044,/fixtures/lineups,England,39,Premier League,2025,Regular Season - 8,2025-10-18T14:00:00+00:00,Manchester City,Everton,1,2026-09-26T17:16:56Z,CAPTURED,2,2,
1379045,/fixtures/lineups,England,39,Premier League,2025,Regular Season - 8,2025-10-18T11:30:00+00:00,Nottingham Forest,Chelsea,1,2026-09-26T17:16:56Z,CAPTURED,2,2,
1379046,/fixtures/lineups,England,39,Premier League,2025,Regular Season - 8,2025-10-18T14:00:00+00:00,Sunderland,Wolves,1,2026-09-26T17:16:56Z,CAPTURED,2,2,
1379047,/fixtures/lineups,England,39,Premier League,2025,Regular Season - 8,2025-10-19T13:00:00+00:00,Tottenham,Aston Villa,1,2026-09-26T17:16:56Z,CAPTURED,2,2,
1379048,/fixtures/lineups,England,39,Premier League,2025,Regular Season - 8,2025-10-20T19:00:00+00:00,West Ham,Brentford,1,2026-09-26T17:16:56Z,CAPTURED,2,2,
1379049,/fixtures/lineups,England,39,Premier League,2025,Regular Season - 9,2025-10-26T14:00:00+00:00,Arsenal,Crystal Palace,1,2026-09-26T17:16:56Z,CAPTURED,2,2,
1379050,/fixtures/lineups,England,39,Premier League,2025,Regular Season - 9,2025-10-26T14:00:00+00:00,Aston Villa,Manchester City,1,2026-09-26T17:16:56Z,CAPTURED,2,2,
1379051,/fixtures/lineups,England,39,Premier League,2025,Regular Season - 9,2025-10-26T14:00:00+00:00,Bournemouth,Nottingham Forest,1,2026-09-26T17:16:56Z,CAPTURED,2,2,
1379052,/fixtures/lineups,England,39,Premier League,2025,Regular Season - 9,2025-10-25T19:00:00+00:00,Brentford,Liverpool,1,2026-09-26T17:16:56Z,CAPTURED,2,2,
1379053,/fixtures/lineups,England,39,Premier League,2025,Regular Season - 9,2025-10-25T14:00:00+00:00,Chelsea,Sunderland,1,2026-09-26T17:16:56Z,CAPTURED,2,2,
1379054,/fixtures/lineups,England,39,Premier League,2025,Regular Season - 9,2025-10-26T16:30:00+00:00,Everton,Tottenham,1,2026-09-26T17:16:56Z,CAPTURED,2,2,
1379055,/fixtures/lineups,England,39,Premier League,2025,Regular Season - 9,2025-10-24T19:00:00+00:00,Leeds,West Ham,1,2026-09-26T17:16:56Z,CAPTURED,2,2,
1379056,/fixtures/lineups,England,39,Premier League,2025,Regular Season - 9,2025-10-25T16:30:00+00:00,Manchester United,Brighton,1,2026-09-26T17:16:56Z,CAPTURED,2,2,
1379057,/fixtures/lineups,England,39,Premier League,2025,Regular Season - 9,2025-10-25T14:00:00+00:00,Newcastle,Fulham,1,2026-09-26T17:16:56Z,CAPTURED,2,2,
1379058,/fixtures/lineups,England,39,Premier League,2025,Regular Season - 9,2025-10-26T14:00:00+00:00,Wolves,Burnley,1,2026-09-26T17:16:56Z,CAPTURED,2,2,
1379059,/fixtures/lineups,England,39,Premier League,2025,Regular Season - 10,2025-11-01T15:00:00+00:00,Brighton,Leeds,1,2026-09-26T17:16:56Z,CAPTURED,2,2,
1379060,/fixtures/lineups,England,39,Premier League,2025,Regular Season - 10,2025-11-01T15:00:00+00:00,Burnley,Arsenal,1,2026-09-26T17:16:56Z,CAPTURED,2,2,
1379061,/fixtures/lineups,England,39,Premier League,2025,Regular Season - 10,2025-11-01T15:00:00+00:00,Crystal Palace,Brentford,1,2026-09-26T17:16:56Z,CAPTURED,2,2,
1379062,/fixtures/lineups,England,39,Premier League,2025,Regular Season - 10,2025-11-01T15:00:00+00:00,Fulham,Wolves,1,2026-09-26T17:16:56Z,CAPTURED,2,2,
1379063,/fixtures/lineups,England,39,Premier League,2025,Regular Season - 10,2025-11-01T20:00:00+00:00,Liverpool,Aston Villa,1,2026-09-26T17:16:56Z,CAPTURED,2,2,
1379064,/fixtures/lineups,England,39,Premier League,2025,Regular Season - 10,2025-11-02T16:30:00+00:00,Manchester City,Bournemouth,1,2026-09-26T17:16:56Z,CAPTURED,2,2,
1379065,/fixtures/lineups,England,39,Premier League,2025,Regular Season - 10,2025-11-01T15:00:00+00:00,Nottingham Forest,Manchester United,1,2026-09-26T17:16:56Z,CAPTURED,2,2,
1379066,/fixtures/lineups,England,39,Premier League,2025,Regular Season - 10,2025-11-03T20:00:00+00:00,Sunderland,Everton,1,2026-09-26T17:16:56Z,CAPTURED,2,2,
1379067,/fixtures/lineups,England,39,Premier League,2025,Regular Season - 10,2025-11-01T17:30:00+00:00,Tottenham,Chelsea,1,2026-09-26T17:16:56Z,CAPTURED,2,2,
1379068,/fixtures/lineups,England,39,Premier League,2025,Regular Season - 10,2025-11-02T14:00:00+00:00,West Ham,Newcastle,1,2026-09-26T17:16:56Z,CAPTURED,2,2,
1379069,/fixtures/lineups,England,39,Premier League,2025,Regular Season - 11,2025-11-09T14:00:00+00:00,Aston Villa,Bournemouth,1,2026-09-26T17:16:56Z,CAPTURED,2,2,
1379070,/fixtures/lineups,England,39,Premier League,2025,Regular Season - 11,2025-11-09T14:00:00+00:00,Brentford,Newcastle,1,2026-09-26T17:16:56Z,CAPTURED,2,2,
1379071,/fixtures/lineups,England,39,Premier League,2025,Regular Season - 11,2025-11-08T20:00:00+00:00,Chelsea,Wolves,1,2026-09-26T17:16:56Z,CAPTURED,2,2,
1379072,/fixtures/lineups,England,39,Premier League,2025,Regular Season - 11,2025-11-09T14:00:00+00:00,Crystal Palace,Brighton,1,2026-09-26T17:16:56Z,CAPTURED,2,2,
1379073,/fixtures/lineups,England,39,Premier League,2025,Regular Season - 11,2025-11-08T15:00:00+00:00,Everton,Fulham,1,2026-09-26T17:16:56Z,CAPTURED,2,2,
1379074,/fixtures/lineups,England,39,Premier League,2025,Regular Season - 11,2025-11-09T16:30:00+00:00,Manchester City,Liverpool,1,2026-09-26T17:16:56Z,CAPTURED,2,2,
1379075,/fixtures/lineups,England,39,Premier League,2025,Regular Season - 11,2025-11-09T14:00:00+00:00,Nottingham Forest,Leeds,1,2026-09-26T17:16:56Z,CAPTURED,2,2,
1379076,/fixtures/lineups,England,39,Premier League,2025,Regular Season - 11,2025-11-08T17:30:00+00:00,Sunderland,Arsenal,1,2026-09-26T17:16:56Z,CAPTURED,2,2,
1379077,/fixtures/lineups,England,39,Premier League,2025,Regular Season - 11,2025-11-08T12:30:00+00:00,Tottenham,Manchester United,1,2026-09-26T17:16:56Z,CAPTURED,2,2,
1379078,/fixtures/lineups,England,39,Premier League,2025,Regular Season - 11,2025-11-08T15:00:00+00:00,West Ham,Burnley,1,2026-09-26T17:16:56Z,CAPTURED,2,2,
1379079,/fixtures/lineups,England,39,Premier League,2025,Regular Season - 12,2025-11-23T16:30:00+00:00,Arsenal,Tottenham,1,2026-09-26T17:16:56Z,CAPTURED,2,2,
1379080,/fixtures/lineups,England,39,Premier League,2025,Regular Season - 12,2025-11-22T15:00:00+00:00,Bournemouth,West Ham,1,2026-09-26T17:16:56Z,CAPTURED,2,2,
1379081,/fixtures/lineups,England,39,Premier League,2025,Regular Season - 12,2025-11-22T15:00:00+00:00,Brighton,Brentford,1,2026-09-26T17:16:56Z,CAPTURED,2,2,
1379082,/fixtures/lineups,England,39,Premier League,2025,Regular Season - 12,2025-11-22T12:30:00+00:00,Burnley,Chelsea,1,2026-09-26T17:16:56Z,CAPTURED,2,2,
1379083,/fixtures/lineups,England,39,Premier League,2025,Regular Season - 12,2025-11-22T15:00:00+00:00,Fulham,Sunderland,1,2026-09-26T17:16:56Z,CAPTURED,2,2,
1379084,/fixtures/lineups,England,39,Premier League,2025,Regular Season - 12,2025-11-23T14:00:00+00:00,Leeds,Aston Villa,1,2026-09-26T17:16:56Z,CAPTURED,2,2,
1379085,/fixtures/lineups,England,39,Premier League,2025,Regular Season - 12,2025-11-22T15:00:00+00:00,Liverpool,Nottingham Forest,1,2026-09-26T17:16:56Z,CAPTURED,2,2,
1379086,/fixtures/lineups,England,39,Premier League,2025,Regular Season - 12,2025-11-24T20:00:00+00:00,Manchester United,Everton,1,2026-09-26T17:16:56Z,CAPTURED,2,2,
1379087,/fixtures/lineups,England,39,Premier League,2025,Regular Season - 12,2025-11-22T17:30:00+00:00,Newcastle,Manchester City,1,2026-09-26T17:16:56Z,CAPTURED,2,2,
1379088,/fixtures/lineups,England,39,Premier League,2025,Regular Season - 12,2025-11-22T15:00:00+00:00,Wolves,Crystal Palace,1,2026-09-26T17:16:56Z,CAPTURED,2,2,
1379089,/fixtures/lineups,England,39,Premier League,2025,Regular Season - 13,2025-11-30T14:05:00+00:00,Aston Villa,Wolves,1,2026-09-26T17:16:56Z,CAPTURED,2,2,
1379090,/fixtures/lineups,England,39,Premier League,2025,Regular Season - 13,2025-11-29T15:00:00+00:00,Brentford,Burnley,1,2026-09-26T17:16:56Z,CAPTURED,2,2,
1379091,/fixtures/lineups,England,39,Premier League,2025,Regular Season - 13,2025-11-30T16:30:00+00:00,Chelsea,Arsenal,1,2026-09-26T17:16:56Z,CAPTURED,2,2,
1379092,/fixtures/lineups,England,39,Premier League,2025,Regular Season - 13,2025-11-30T12:00:00+00:00,Crystal Palace,Manchester United,1,2026-09-26T17:16:56Z,CAPTURED,2,2,
1379093,/fixtures/lineups,England,39,Premier League,2025,Regular Season - 13,2025-11-29T17:30:00+00:00,Everton,Newcastle,1,2026-09-26T17:16:56Z,CAPTURED,2,2,
1379094,/fixtures/lineups,England,39,Premier League,2025,Regular Season - 13,2025-11-29T15:00:00+00:00,Manchester City,Leeds,1,2026-09-26T17:16:56Z,CAPTURED,2,2,
1379095,/fixtures/lineups,England,39,Premier League,2025,Regular Season - 13,2025-11-30T14:05:00+00:00,Nottingham Forest,Brighton,1,2026-09-26T17:16:56Z,CAPTURED,2,2,
1379096,/fixtures/lineups,England,39,Premier League,2025,Regular Season - 13,2025-11-29T15:00:00+00:00,Sunderland,Bournemouth,1,2026-09-26T17:16:56Z,CAPTURED,2,2,
1379097,/fixtures/lineups,England,39,Premier League,2025,Regular Season - 13,2025-11-29T20:00:00+00:00,Tottenham,Fulham,1,2026-09-26T17:16:56Z,CAPTURED,2,2,
1379098,/fixtures/lineups,England,39,Premier League,2025,Regular Season - 13,2025-11-30T14:05:00+00:00,West Ham,Liverpool,1,2026-09-26T17:16:56Z,CAPTURED,2,2,
1379099,/fixtures/lineups,England,39,Premier League,2025,Regular Season - 14,2025-12-03T19:30:00+00:00,Arsenal,Brentford,1,2026-09-26T17:16:56Z,CAPTURED,2,2,
1379100,/fixtures/lineups,England,39,Premier League,2025,Regular Season - 14,2025-12-02T19:30:00+00:00,Bournemouth,Everton,1,2026-09-26T17:16:56Z,CAPTURED,2,2,
1379101,/fixtures/lineups,England,39,Premier League,2025,Regular Season - 14,2025-12-03T19:30:00+00:00,Brighton,Aston Villa,1,2026-09-26T17:16:56Z,CAPTURED,2,2,
1379102,/fixtures/lineups,England,39,Premier League,2025,Regular Season - 14,2025-12-03T19:30:00+00:00,Burnley,Crystal Palace,1,2026-09-26T17:16:56Z,CAPTURED,2,2,
1379103,/fixtures/lineups,England,39,Premier League,2025,Regular Season - 14,2025-12-02T19:30:00+00:00,Fulham,Manchester City,1,2026-09-26T17:16:56Z,CAPTURED,2,2,
1379104,/fixtures/lineups,England,39,Premier League,2025,Regular Season - 14,2025-12-03T20:15:00+00:00,Leeds,Chelsea,1,2026-09-26T17:16:56Z,CAPTURED,2,2,
1379105,/fixtures/lineups,England,39,Premier League,2025,Regular Season - 14,2025-12-03T20:15:00+00:00,Liverpool,Sunderland,1,2026-09-26T17:16:56Z,CAPTURED,2,2,
1379106,/fixtures/lineups,England,39,Premier League,2025,Regular Season - 14,2025-12-04T20:00:00+00:00,Manchester United,West Ham,1,2026-09-26T17:16:56Z,CAPTURED,2,2,
1379107,/fixtures/lineups,England,39,Premier League,2025,Regular Season - 14,2025-12-02T20:15:00+00:00,Newcastle,Tottenham,1,2026-09-26T17:16:56Z,CAPTURED,2,2,
1379108,/fixtures/lineups,England,39,Premier League,2025,Regular Season - 14,2025-12-03T19:30:00+00:00,Wolves,Nottingham Forest,1,2026-09-26T17:16:56Z,CAPTURED,2,2,
1379109,/fixtures/lineups,England,39,Premier League,2025,Regular Season - 15,2025-12-06T12:30:00+00:00,Aston Villa,Arsenal,1,2026-09-26T17:16:56Z,CAPTURED,2,2,
1379110,/fixtures/lineups,England,39,Premier League,2025,Regular Season - 15,2025-12-06T15:00:00+00:00,Bournemouth,Chelsea,1,2026-09-26T17:16:56Z,CAPTURED,2,2,
1379111,/fixtures/lineups,England,39,Premier League,2025,Regular Season - 15,2025-12-07T14:00:00+00:00,Brighton,West Ham,1,2026-09-26T17:16:56Z,CAPTURED,2,2,
1379112,/fixtures/lineups,England,39,Premier League,2025,Regular Season - 15,2025-12-06T15:00:00+00:00,Everton,Nottingham Forest,1,2026-09-26T17:16:56Z,CAPTURED,2,2,
1379113,/fixtures/lineups,England,39,Premier League,2025,Regular Season - 15,2025-12-07T16:30:00+00:00,Fulham,Crystal Palace,1,2026-09-26T17:16:56Z,CAPTURED,2,2,
1379114,/fixtures/lineups,England,39,Premier League,2025,Regular Season - 15,2025-12-06T17:30:00+00:00,Leeds,Liverpool,1,2026-09-26T17:16:56Z,CAPTURED,2,2,
1379115,/fixtures/lineups,England,39,Premier League,2025,Regular Season - 15,2025-12-06T15:00:00+00:00,Manchester City,Sunderland,1,2026-09-26T17:16:56Z,CAPTURED,2,2,
1379116,/fixtures/lineups,England,39,Premier League,2025,Regular Season - 15,2025-12-06T15:00:00+00:00,Newcastle,Burnley,1,2026-09-26T17:16:56Z,CAPTURED,2,2,
1379117,/fixtures/lineups,England,39,Premier League,2025,Regular Season - 15,2025-12-06T15:00:00+00:00,Tottenham,Brentford,1,2026-09-26T17:16:56Z,CAPTURED,2,2,
1379118,/fixtures/lineups,England,39,Premier League,2025,Regular Season - 15,2025-12-08T20:00:00+00:00,Wolves,Manchester United,1,2026-09-26T17:16:56Z,CAPTURED,2,2,
1379119,/fixtures/lineups,England,39,Premier League,2025,Regular Season - 16,2025-12-13T20:00:00+00:00,Arsenal,Wolves,1,2026-09-26T17:16:56Z,CAPTURED,2,2,
1379120,/fixtures/lineups,England,39,Premier League,2025,Regular Season - 16,2025-12-14T16:30:00+00:00,Brentford,Leeds,1,2026-09-26T17:16:56Z,CAPTURED,2,2,
1379121,/fixtures/lineups,England,39,Premier League,2025,Regular Season - 16,2025-12-13T17:30:00+00:00,Burnley,Fulham,1,2026-09-26T17:16:56Z,CAPTURED,2,2,
1379122,/fixtures/lineups,England,39,Premier League,2025,Regular Season - 16,2025-12-13T15:00:00+00:00,Chelsea,Everton,1,2026-09-26T17:16:56Z,CAPTURED,2,2,
1379123,/fixtures/lineups,England,39,Premier League,2025,Regular Season - 16,2025-12-14T14:00:00+00:00,Crystal Palace,Manchester City,1,2026-09-26T17:16:56Z,CAPTURED,2,2,
1379124,/fixtures/lineups,England,39,Premier League,2025,Regular Season - 16,2025-12-13T15:00:00+00:00,Liverpool,Brighton,1,2026-09-26T17:16:56Z,CAPTURED,2,2,
1379125,/fixtures/lineups,England,39,Premier League,2025,Regular Season - 16,2025-12-15T20:00:00+00:00,Manchester United,Bournemouth,1,2026-09-26T17:16:56Z,CAPTURED,2,2,
1379126,/fixtures/lineups,England,39,Premier League,2025,Regular Season - 16,2025-12-14T14:00:00+00:00,Nottingham Forest,Tottenham,1,2026-09-26T17:16:56Z,CAPTURED,2,2,
1379127,/fixtures/lineups,England,39,Premier League,2025,Regular Season - 16,2025-12-14T14:00:00+00:00,Sunderland,Newcastle,1,2026-09-26T17:16:56Z,CAPTURED,2,2,
1379128,/fixtures/lineups,England,39,Premier League,2025,Regular Season - 16,2025-12-14T14:00:00+00:00,West Ham,Aston Villa,1,2026-09-26T17:16:56Z,CAPTURED,2,2,
1379129,/fixtures/lineups,England,39,Premier League,2025,Regular Season - 17,2025-12-21T16:30:00+00:00,Aston Villa,Manchester United,1,2026-09-26T17:16:56Z,CAPTURED,2,2,
1379130,/fixtures/lineups,England,39,Premier League,2025,Regular Season - 17,2025-12-20T15:00:00+00:00,Bournemouth,Burnley,1,2026-09-26T17:16:56Z,CAPTURED,2,2,
1379131,/fixtures/lineups,England,39,Premier League,2025,Regular Season - 17,2025-12-20T15:00:00+00:00,Brighton,Sunderland,1,2026-09-26T17:16:56Z,CAPTURED,2,2,
1379132,/fixtures/lineups,England,39,Premier League,2025,Regular Season - 17,2025-12-20T20:00:00+00:00,Everton,Arsenal,1,2026-09-26T17:16:56Z,CAPTURED,2,2,
1379133,/fixtures/lineups,England,39,Premier League,2025,Regular Season - 17,2025-12-22T20:00:00+00:00,Fulham,Nottingham Forest,1,2026-09-26T17:16:56Z,CAPTURED,2,2,
1379134,/fixtures/lineups,England,39,Premier League,2025,Regular Season - 17,2025-12-20T20:00:00+00:00,Leeds,Crystal Palace,1,2026-09-26T17:16:56Z,CAPTURED,2,2,
1379135,/fixtures/lineups,England,39,Premier League,2025,Regular Season - 17,2025-12-20T15:00:00+00:00,Manchester City,West Ham,1,2026-09-26T17:16:56Z,CAPTURED,2,2,
1379136,/fixtures/lineups,England,39,Premier League,2025,Regular Season - 17,2025-12-20T12:30:00+00:00,Newcastle,Chelsea,1,2026-09-26T17:16:56Z,CAPTURED,2,2,
1379137,/fixtures/lineups,England,39,Premier League,2025,Regular Season - 17,2025-12-20T17:30:00+00:00,Tottenham,Liverpool,1,2026-09-26T17:16:56Z,CAPTURED,2,2,
1379138,/fixtures/lineups,England,39,Premier League,2025,Regular Season - 17,2025-12-20T15:00:00+00:00,Wolves,Brentford,1,2026-09-26T17:16:56Z,CAPTURED,2,2,
1379139,/fixtures/lineups,England,39,Premier League,2025,Regular Season - 18,2025-12-27T15:00:00+00:00,Arsenal,Brighton,1,2026-09-26T17:16:56Z,CAPTURED,2,2,
1379140,/fixtures/lineups,England,39,Premier League,2025,Regular Season - 18,2025-12-27T15:00:00+00:00,Brentford,Bournemouth,1,2026-09-26T17:16:56Z,CAPTURED,2,2,
1379141,/fixtures/lineups,England,39,Premier League,2025,Regular Season - 18,2025-12-27T15:00:00+00:00,Burnley,Everton,1,2026-09-26T17:16:56Z,CAPTURED,2,2,
1379142,/fixtures/lineups,England,39,Premier League,2025,Regular Season - 18,2025-12-27T17:30:00+00:00,Chelsea,Aston Villa,1,2026-09-26T17:16:56Z,CAPTURED,2,2,
1379143,/fixtures/lineups,England,39,Premier League,2025,Regular Season - 18,2025-12-28T16:30:00+00:00,Crystal Palace,Tottenham,1,2026-09-26T17:16:56Z,CAPTURED,2,2,
1379144,/fixtures/lineups,England,39,Premier League,2025,Regular Season - 18,2025-12-27T15:00:00+00:00,Liverpool,Wolves,1,2026-09-26T17:16:56Z,CAPTURED,2,2,
1379145,/fixtures/lineups,England,39,Premier League,2025,Regular Season - 18,2025-12-26T20:00:00+00:00,Manchester United,Newcastle,1,2026-09-26T17:16:56Z,CAPTURED,2,2,
1379146,/fixtures/lineups,England,39,Premier League,2025,Regular Season - 18,2025-12-27T12:30:00+00:00,Nottingham Forest,Manchester City,1,2026-09-26T17:16:56Z,CAPTURED,2,2,
1379147,/fixtures/lineups,England,39,Premier League,2025,Regular Season - 18,2025-12-28T14:00:00+00:00,Sunderland,Leeds,1,2026-09-26T17:16:56Z,CAPTURED,2,2,
1379148,/fixtures/lineups,England,39,Premier League,2025,Regular Season - 18,2025-12-27T15:00:00+00:00,West Ham,Fulham,1,2026-09-26T17:16:56Z,CAPTURED,2,2,
1379149,/fixtures/lineups,England,39,Premier League,2025,Regular Season - 19,2025-12-30T20:15:00+00:00,Arsenal,Aston Villa,1,2026-09-26T17:16:56Z,CAPTURED,2,2,
1379150,/fixtures/lineups,England,39,Premier League,2025,Regular Season - 19,2026-01-01T20:00:00+00:00,Brentford,Tottenham,1,2026-09-26T17:16:56Z,CAPTURED,2,2,
1379151,/fixtures/lineups,England,39,Premier League,2025,Regular Season - 19,2025-12-30T19:30:00+00:00,Burnley,Newcastle,1,2026-09-26T17:16:56Z,CAPTURED,2,2,
1379152,/fixtures/lineups,England,39,Premier League,2025,Regular Season - 19,2025-12-30T19:30:00+00:00,Chelsea,Bournemouth,1,2026-09-26T17:16:56Z,CAPTURED,2,2,
1379153,/fixtures/lineups,England,39,Premier League,2025,Regular Season - 19,2026-01-01T17:30:00+00:00,Crystal Palace,Fulham,1,2026-09-26T17:16:56Z,CAPTURED,2,2,
1379154,/fixtures/lineups,England,39,Premier League,2025,Regular Season - 19,2026-01-01T17:30:00+00:00,Liverpool,Leeds,1,2026-09-26T17:16:56Z,CAPTURED,2,2,
1379155,/fixtures/lineups,England,39,Premier League,2025,Regular Season - 19,2025-12-30T20:15:00+00:00,Manchester United,Wolves,1,2026-09-26T17:16:56Z,CAPTURED,2,2,
1379156,/fixtures/lineups,England,39,Premier League,2025,Regular Season - 19,2025-12-30T19:30:00+00:00,Nottingham Forest,Everton,1,2026-09-26T17:16:56Z,CAPTURED,2,2,
1379157,/fixtures/lineups,England,39,Premier League,2025,Regular Season - 19,2026-01-01T20:00:00+00:00,Sunderland,Manchester City,1,2026-09-26T17:16:56Z,CAPTURED,2,2,
1379158,/fixtures/lineups,England,39,Premier League,2025,Regular Season - 19,2025-12-30T19:30:00+00:00,West Ham,Brighton,1,2026-09-26T17:16:56Z,CAPTURED,2,2,
1379159,/fixtures/lineups,England,39,Premier League,2025,Regular Season - 20,2026-01-03T12:30:00+00:00,Aston Villa,Nottingham Forest,1,2026-09-26T17:16:56Z,CAPTURED,2,2,
1379349,/fixtures/lineups,Denmark,119,Superliga,2025,Regular Season - 1,2025-07-18T17:00:00+00:00,Viborg,FC Copenhagen,1,2026-09-26T17:16:56Z,CAPTURED,2,2,
1379350,/fixtures/lineups,Denmark,119,Superliga,2025,Regular Season - 1,2025-07-20T12:00:00+00:00,FC Fredericia,FC Nordsjaelland,1,2026-09-26T17:16:56Z,CAPTURED,2,2,
1379351,/fixtures/lineups,Denmark,119,Superliga,2025,Regular Season - 1,2025-07-20T12:00:00+00:00,Vejle,Randers FC,1,2026-09-26T17:16:56Z,CAPTURED,2,2,
1379352,/fixtures/lineups,Denmark,119,Superliga,2025,Regular Season - 1,2025-07-20T14:00:00+00:00,Sonderjyske,Aarhus,1,2026-09-26T17:16:56Z,CAPTURED,2,2,
1379353,/fixtures/lineups,Denmark,119,Superliga,2025,Regular Season - 1,2025-07-20T16:00:00+00:00,FC Midtjylland,Odense,1,2026-09-26T17:16:56Z,CAPTURED,2,2,
1379354,/fixtures/lineups,Denmark,119,Superliga,2025,Regular Season - 1,2025-07-20T18:00:00+00:00,Brondby,Silkeborg,1,2026-09-26T17:16:56Z,CAPTURED,2,2,
1379355,/fixtures/lineups,Denmark,119,Superliga,2025,Regular Season - 2,2025-07-25T17:00:00+00:00,Aarhus,Randers FC,1,2026-09-26T17:16:56Z,CAPTURED,2,2,
1379356,/fixtures/lineups,Denmark,119,Superliga,2025,Regular Season - 2,2025-07-26T16:00:00+00:00,FC Copenhagen,Vejle,1,2026-09-26T17:16:56Z,CAPTURED,2,2,
1379357,/fixtures/lineups,Denmark,119,Superliga,2025,Regular Season - 2,2025-07-27T12:00:00+00:00,Odense,Viborg,1,2026-09-26T17:16:56Z,CAPTURED,2,2,
1379358,/fixtures/lineups,Denmark,119,Superliga,2025,Regular Season - 2,2025-07-27T14:00:00+00:00,Silkeborg,FC Fredericia,1,2026-09-26T17:16:56Z,CAPTURED,2,2,
1379359,/fixtures/lineups,Denmark,119,Superliga,2025,Regular Season - 2,2025-07-27T16:00:00+00:00,FC Nordsjaelland,Brondby,1,2026-09-26T17:16:56Z,CAPTURED,2,2,
1379360,/fixtures/lineups,Denmark,119,Superliga,2025,Regular Season - 2,2025-07-28T17:00:00+00:00,FC Midtjylland,Sonderjyske,1,2026-09-26T17:16:56Z,CAPTURED,2,2,
1379361,/fixtures/lineups,Denmark,119,Superliga,2025,Regular Season - 3,2025-08-01T16:00:00+00:00,FC Fredericia,FC Copenhagen,1,2026-09-26T17:16:56Z,CAPTURED,2,2,
1379362,/fixtures/lineups,Denmark,119,Superliga,2025,Regular Season - 3,2025-08-01T18:00:00+00:00,Vejle,Odense,1,2026-09-26T17:16:56Z,CAPTURED,2,2,
1379363,/fixtures/lineups,Denmark,119,Superliga,2025,Regular Season - 3,2025-08-03T12:00:00+00:00,Randers FC,Silkeborg,1,2026-09-26T17:16:56Z,CAPTURED,2,2,
1379364,/fixtures/lineups,Denmark,119,Superliga,2025,Regular Season - 3,2025-08-03T12:00:00+00:00,Sonderjyske,FC Nordsjaelland,1,2026-09-26T17:16:56Z,CAPTURED,2,2,
1379365,/fixtures/lineups,Denmark,119,Superliga,2025,Regular Season - 3,2025-08-03T14:00:00+00:00,Aarhus,FC Midtjylland,1,2026-09-26T17:16:56Z,CAPTURED,2,2,
1379366,/fixtures/lineups,Denmark,119,Superliga,2025,Regular Season - 3,2025-08-03T16:00:00+00:00,Brondby,Viborg,1,2026-09-26T17:16:56Z,CAPTURED,2,2,
1379367,/fixtures/lineups,Denmark,119,Superliga,2025,Regular Season - 4,2025-08-08T16:00:00+00:00,FC Copenhagen,Aarhus,1,2026-09-26T17:16:56Z,CAPTURED,2,2,
1379368,/fixtures/lineups,Denmark,119,Superliga,2025,Regular Season - 4,2025-08-08T18:00:00+00:00,Viborg,Sonderjyske,1,2026-09-26T17:16:56Z,CAPTURED,2,2,
1379369,/fixtures/lineups,Denmark,119,Superliga,2025,Regular Season - 4,2025-08-10T12:00:00+00:00,FC Midtjylland,FC Fredericia,1,2026-09-26T17:16:56Z,CAPTURED,2,2,
1379370,/fixtures/lineups,Denmark,119,Superliga,2025,Regular Season - 4,2025-08-10T14:00:00+00:00,Silkeborg,FC Nordsjaelland,1,2026-09-26T17:16:56Z,CAPTURED,2,2,
1379371,/fixtures/lineups,Denmark,119,Superliga,2025,Regular Season - 4,2025-08-10T16:00:00+00:00,Brondby,Vejle,1,2026-09-26T17:16:56Z,CAPTURED,2,2,
1379372,/fixtures/lineups,Denmark,119,Superliga,2025,Regular Season - 4,2025-08-11T17:00:00+00:00,Odense,Randers FC,1,2026-09-26T17:16:56Z,CAPTURED,2,2,
1379373,/fixtures/lineups,Denmark,119,Superliga,2025,Regular Season - 5,2025-08-15T16:00:00+00:00,FC Nordsjaelland,FC Copenhagen,1,2026-09-26T17:16:56Z,CAPTURED,2,2,
1379374,/fixtures/lineups,Denmark,119,Superliga,2025,Regular Season - 5,2025-08-15T18:00:00+00:00,FC Fredericia,Sonderjyske,1,2026-09-26T17:16:56Z,CAPTURED,2,2,
1379375,/fixtures/lineups,Denmark,119,Superliga,2025,Regular Season - 5,2025-08-17T12:00:00+00:00,Vejle,FC Midtjylland,1,2026-09-26T17:16:56Z,CAPTURED,2,2,
1379376,/fixtures/lineups,Denmark,119,Superliga,2025,Regular Season - 5,2025-08-17T14:00:00+00:00,Viborg,Silkeborg,1,2026-09-26T17:16:56Z,CAPTURED,2,2,
1379377,/fixtures/lineups,Denmark,119,Superliga,2025,Regular Season - 5,2025-08-17T16:00:00+00:00,Randers FC,Brondby,1,2026-09-26T17:16:56Z,CAPTURED,2,2,
1379378,/fixtures/lineups,Denmark,119,Superliga,2025,Regular Season - 5,2025-08-18T17:00:00+00:00,Odense,Aarhus,1,2026-09-26T17:16:56Z,CAPTURED,2,2,
1379379,/fixtures/lineups,Denmark,119,Superliga,2025,Regular Season - 6,2025-08-23T16:00:00+00:00,FC Copenhagen,Odense,1,2026-09-26T17:16:56Z,CAPTURED,2,2,
1379380,/fixtures/lineups,Denmark,119,Superliga,2025,Regular Season - 6,2025-08-24T12:00:00+00:00,FC Fredericia,Randers FC,1,2026-09-26T17:16:56Z,CAPTURED,2,2,
1379381,/fixtures/lineups,Denmark,119,Superliga,2025,Regular Season - 6,2025-08-24T12:00:00+00:00,FC Midtjylland,Silkeborg,1,2026-09-26T17:16:56Z,CAPTURED,2,2,
1379382,/fixtures/lineups,Denmark,119,Superliga,2025,Regular Season - 6,2025-08-24T14:00:00+00:00,Sonderjyske,Brondby,1,2026-09-26T17:16:56Z,CAPTURED,2,2,
1379383,/fixtures/lineups,Denmark,119,Superliga,2025,Regular Season - 6,2025-08-24T16:00:00+00:00,Aarhus,Vejle,1,2026-09-26T17:16:56Z,CAPTURED,2,2,
1379384,/fixtures/lineups,Denmark,119,Superliga,2025,Regular Season - 6,2025-08-25T17:00:00+00:00,FC Nordsjaelland,Viborg,1,2026-09-26T17:16:56Z,CAPTURED,2,2,
1379385,/fixtures/lineups,Denmark,119,Superliga,2025,Regular Season - 7,2025-08-29T17:00:00+00:00,Vejle,Viborg,1,2026-09-26T17:16:56Z,CAPTURED,2,2,
1379386,/fixtures/lineups,Denmark,119,Superliga,2025,Regular Season - 7,2025-08-31T12:00:00+00:00,Aarhus,FC Fredericia,1,2026-09-26T17:16:56Z,CAPTURED,2,2,
1379387,/fixtures/lineups,Denmark,119,Superliga,2025,Regular Season - 7,2025-08-31T12:00:00+00:00,Silkeborg,Sonderjyske,1,2026-09-26T17:16:56Z,CAPTURED,2,2,
1379388,/fixtures/lineups,Denmark,119,Superliga,2025,Regular Season - 7,2025-08-31T14:00:00+00:00,Odense,FC Nordsjaelland,1,2026-09-26T17:16:56Z,CAPTURED,2,2,
1379389,/fixtures/lineups,Denmark,119,Superliga,2025,Regular Season - 7,2025-08-31T16:00:00+00:00,Randers FC,FC Copenhagen,1,2026-09-26T17:16:56Z,CAPTURED,2,2,
1379390,/fixtures/lineups,Denmark,119,Superliga,2025,Regular Season - 7,2025-08-31T18:00:00+00:00,Brondby,FC Midtjylland,1,2026-09-26T17:16:56Z,CAPTURED,2,2,
1379391,/fixtures/lineups,Denmark,119,Superliga,2025,Regular Season - 8,2025-09-13T13:00:00+00:00,Brondby,FC Copenhagen,1,2026-09-26T17:16:56Z,CAPTURED,2,2,
1379392,/fixtures/lineups,Denmark,119,Superliga,2025,Regular Season - 8,2025-09-15T17:00:00+00:00,FC Fredericia,Vejle,1,2026-09-26T17:16:56Z,CAPTURED,2,2,
1379393,/fixtures/lineups,Denmark,119,Superliga,2025,Regular Season - 8,2025-09-14T14:00:00+00:00,FC Nordsjaelland,FC Midtjylland,1,2026-09-26T17:16:56Z,CAPTURED,2,2,
1379394,/fixtures/lineups,Denmark,119,Superliga,2025,Regular Season - 8,2025-09-14T16:00:00+00:00,Silkeborg,Odense,1,2026-09-26T17:16:56Z,CAPTURED,2,2,
1379395,/fixtures/lineups,Denmark,119,Superliga,2025,Regular Season - 8,2025-09-12T17:00:00+00:00,Sonderjyske,Randers FC,1,2026-09-26T17:16:56Z,CAPTURED,2,2,
1379396,/fixtures/lineups,Denmark,119,Superliga,2025,Regular Season - 8,2025-09-14T12:00:00+00:00,Viborg,Aarhus,1,2026-09-26T17:16:56Z,CAPTURED,2,2,
1379397,/fixtures/lineups,Denmark,119,Superliga,2025,Regular Season - 9,2025-09-21T16:00:00+00:00,Aarhus,Brondby,1,2026-09-26T17:16:56Z,CAPTURED,2,2,
1379398,/fixtures/lineups,Denmark,119,Superliga,2025,Regular Season - 9,2025-09-21T14:00:00+00:00,FC Copenhagen,Silkeborg,1,2026-09-26T17:16:56Z,CAPTURED,2,2,
1379399,/fixtures/lineups,Denmark,119,Superliga,2025,Regular Season - 9,2025-09-20T16:00:00+00:00,FC Midtjylland,Viborg,1,2026-09-26T17:16:56Z,CAPTURED,2,2,
1379400,/fixtures/lineups,Denmark,119,Superliga,2025,Regular Season - 9,2025-09-19T17:00:00+00:00,Odense,FC Fredericia,1,2026-09-26T17:16:56Z,CAPTURED,2,2,
1379401,/fixtures/lineups,Denmark,119,Superliga,2025,Regular Season - 9,2025-09-22T17:00:00+00:00,Randers FC,FC Nordsjaelland,1,2026-09-26T17:16:56Z,CAPTURED,2,2,
1379402,/fixtures/lineups,Denmark,119,Superliga,2025,Regular Season - 9,2025-09-21T12:00:00+00:00,Vejle,Sonderjyske,1,2026-09-26T17:16:56Z,CAPTURED,2,2,
1379403,/fixtures/lineups,Denmark,119,Superliga,2025,Regular Season - 10,2025-09-28T18:00:00+00:00,Brondby,Odense,1,2026-09-26T17:16:56Z,CAPTURED,2,2,
1379404,/fixtures/lineups,Denmark,119,Superliga,2025,Regular Season - 10,2025-09-29T17:00:00+00:00,FC Midtjylland,Randers FC,1,2026-09-26T17:16:56Z,CAPTURED,2,2,
1379405,/fixtures/lineups,Denmark,119,Superliga,2025,Regular Season - 10,2025-09-28T16:00:00+00:00,FC Nordsjaelland,Aarhus,1,2026-09-26T17:16:56Z,CAPTURED,2,2,
1379406,/fixtures/lineups,Denmark,119,Superliga,2025,Regular Season - 10,2025-09-28T14:00:00+00:00,Silkeborg,Vejle,1,2026-09-26T17:16:56Z,CAPTURED,2,2,
1379407,/fixtures/lineups,Denmark,119,Superliga,2025,Regular Season - 10,2025-09-27T16:00:00+00:00,Sonderjyske,FC Copenhagen,1,2026-09-26T17:16:56Z,CAPTURED,2,2,
1379408,/fixtures/lineups,Denmark,119,Superliga,2025,Regular Season - 10,2025-09-28T12:00:00+00:00,Viborg,FC Fredericia,1,2026-09-26T17:16:56Z,CAPTURED,2,2,
1379409,/fixtures/lineups,Denmark,119,Superliga,2025,Regular Season - 11,2025-10-05T14:00:00+00:00,Aarhus,Silkeborg,1,2026-09-26T17:16:56Z,CAPTURED,2,2,
1379410,/fixtures/lineups,Denmark,119,Superliga,2025,Regular Season - 11,2025-10-05T16:00:00+00:00,FC Copenhagen,FC Midtjylland,1,2026-09-26T17:16:56Z,CAPTURED,2,2,
1379411,/fixtures/lineups,Denmark,119,Superliga,2025,Regular Season - 11,2025-10-05T18:00:00+00:00,FC Fredericia,Brondby,1,2026-09-26T17:16:56Z,CAPTURED,2,2,
1379412,/fixtures/lineups,Denmark,119,Superliga,2025,Regular Season - 11,2025-10-03T17:00:00+00:00,Odense,Sonderjyske,1,2026-09-26T17:16:56Z,CAPTURED,2,2,
1379413,/fixtures/lineups,Denmark,119,Superliga,2025,Regular Season - 11,2025-10-05T12:00:00+00:00,Randers FC,Viborg,1,2026-09-26T17:16:56Z,CAPTURED,2,2,
1379414,/fixtures/lineups,Denmark,119,Superliga,2025,Regular Season - 11,2025-10-05T12:00:00+00:00,Vejle,FC Nordsjaelland,1,2026-09-26T17:16:56Z,CAPTURED,2,2,
1379415,/fixtures/lineups,Denmark,119,Superliga,2025,Regular Season - 12,2025-10-19T14:00:00+00:00,Brondby,Aarhus,1,2026-09-26T17:16:56Z,CAPTURED,2,2,
1379416,/fixtures/lineups,Denmark,119,Superliga,2025,Regular Season - 12,2025-10-19T16:00:00+00:00,FC Midtjylland,Vejle,1,2026-09-26T17:16:56Z,CAPTURED,2,2,
1379417,/fixtures/lineups,Denmark,119,Superliga,2025,Regular Season - 12,2025-10-19T12:00:00+00:00,FC Nordsjaelland,Randers FC,1,2026-09-26T17:16:56Z,CAPTURED,2,2,
1379418,/fixtures/lineups,Denmark,119,Superliga,2025,Regular Season - 12,2025-10-17T17:00:00+00:00,Silkeborg,FC Copenhagen,1,2026-09-26T17:16:56Z,CAPTURED,2,2,
1379419,/fixtures/lineups,Denmark,119,Superliga,2025,Regular Season - 12,2025-10-20T17:00:00+00:00,Sonderjyske,FC Fredericia,1,2026-09-26T17:16:56Z,CAPTURED,2,2,
1379420,/fixtures/lineups,Denmark,119,Superliga,2025,Regular Season - 12,2025-10-19T12:00:00+00:00,Viborg,Odense,1,2026-09-26T17:16:56Z,CAPTURED,2,2,
1379421,/fixtures/lineups,Denmark,119,Superliga,2025,Regular Season - 13,2025-10-24T17:00:00+00:00,Aarhus,FC Nordsjaelland,1,2026-09-26T17:16:56Z,CAPTURED,2,2,
1379422,/fixtures/lineups,Denmark,119,Superliga,2025,Regular Season - 13,2025-10-26T17:00:00+00:00,FC Copenhagen,Viborg,1,2026-09-26T17:16:56Z,CAPTURED,2,2,
1379423,/fixtures/lineups,Denmark,119,Superliga,2025,Regular Season - 13,2025-10-26T13:00:00+00:00,FC Fredericia,FC Midtjylland,1,2026-09-26T17:16:56Z,CAPTURED,2,2,
1379424,/fixtures/lineups,Denmark,119,Superliga,2025,Regular Season - 13,2025-10-27T18:00:00+00:00,Odense,Brondby,1,2026-09-26T17:16:56Z,CAPTURED,2,2,
1379425,/fixtures/lineups,Denmark,119,Superliga,2025,Regular Season - 13,2025-10-26T15:00:00+00:00,Randers FC,Sonderjyske,1,2026-09-26T17:16:56Z,CAPTURED,2,2,
1379426,/fixtures/lineups,Denmark,119,Superliga,2025,Regular Season - 13,2025-10-26T13:00:00+00:00,Vejle,Silkeborg,1,2026-09-26T17:16:56Z,CAPTURED,2,2,
1379427,/fixtures/lineups,Denmark,119,Superliga,2025,Regular Season - 14,2025-11-01T17:00:00+00:00,FC Copenhagen,FC Fredericia,1,2026-09-26T17:16:56Z,CAPTURED,2,2,
1379428,/fixtures/lineups,Denmark,119,Superliga,2025,Regular Season - 14,2025-11-03T18:00:00+00:00,FC Midtjylland,Aarhus,1,2026-09-26T17:16:56Z,CAPTURED,2,2,
1379429,/fixtures/lineups,Denmark,119,Superliga,2025,Regular Season - 14,2025-11-02T17:00:00+00:00,FC Nordsjaelland,Odense,1,2026-09-26T17:16:56Z,CAPTURED,2,2,
1379430,/fixtures/lineups,Denmark,119,Superliga,2025,Regular Season - 14,2025-11-02T19:00:00+00:00,Silkeborg,Brondby,1,2026-09-26T17:16:56Z,CAPTURED,2,2,
1379431,/fixtures/lineups,Denmark,119,Superliga,2025,Regular Season - 14,2025-11-02T15:00:00+00:00,Sonderjyske,Vejle,1,2026-09-26T17:16:56Z,CAPTURED,2,2,
1379432,/fixtures/lineups,Denmark,119,Superliga,2025,Regular Season - 14,2025-11-02T13:00:00+00:00,Viborg,Randers FC,1,2026-09-26T17:16:56Z,CAPTURED,2,2,
1379433,/fixtures/lineups,Denmark,119,Superliga,2025,Regular Season - 15,2025-11-09T17:00:00+00:00,Aarhus,Sonderjyske,1,2026-09-26T17:16:56Z,CAPTURED,2,2,
1379434,/fixtures/lineups,Denmark,119,Superliga,2025,Regular Season - 15,2025-11-09T19:00:00+00:00,Brondby,FC Nordsjaelland,1,2026-09-26T17:16:56Z,CAPTURED,2,2,
1379435,/fixtures/lineups,Denmark,119,Superliga,2025,Regular Season - 15,2025-11-09T13:00:00+00:00,FC Fredericia,Viborg,1,2026-09-26T17:16:56Z,CAPTURED,2,2,
1379436,/fixtures/lineups,Denmark,119,Superliga,2025,Regular Season - 15,2025-11-07T18:00:00+00:00,Odense,Silkeborg,1,2026-09-26T17:16:56Z,CAPTURED,2,2,
1379437,/fixtures/lineups,Denmark,119,Superliga,2025,Regular Season - 15,2025-11-09T15:00:00+00:00,Randers FC,FC Midtjylland,1,2026-09-26T17:16:56Z,CAPTURED,2,2,
1379438,/fixtures/lineups,Denmark,119,Superliga,2025,Regular Season - 15,2025-11-09T13:00:00+00:00,Vejle,FC Copenhagen,1,2026-09-26T17:16:56Z,CAPTURED,2,2,
1379439,/fixtures/lineups,Denmark,119,Superliga,2025,Regular Season - 16,2025-11-23T11:00:00+00:00,FC Copenhagen,Brondby,1,2026-09-26T17:16:56Z,CAPTURED,2,2,
1379440,/fixtures/lineups,Denmark,119,Superliga,2025,Regular Season - 16,2025-11-23T15:00:00+00:00,FC Nordsjaelland,FC Fredericia,1,2026-09-26T17:16:56Z,CAPTURED,2,2,
1379441,/fixtures/lineups,Denmark,119,Superliga,2025,Regular Season - 16,2025-11-24T18:00:00+00:00,Randers FC,Odense,1,2026-09-26T17:16:56Z,CAPTURED,2,2,
1379442,/fixtures/lineups,Denmark,119,Superliga,2025,Regular Season - 16,2025-11-21T18:00:00+00:00,Silkeborg,Aarhus,1,2026-09-26T17:16:56Z,CAPTURED,2,2,
1379443,/fixtures/lineups,Denmark,119,Superliga,2025,Regular Season - 16,2025-11-23T17:00:00+00:00,Sonderjyske,FC Midtjylland,1,2026-09-26T17:16:56Z,CAPTURED,2,2,
1379444,/fixtures/lineups,Denmark,119,Superliga,2025,Regular Season - 16,2025-11-23T13:00:00+00:00,Viborg,Vejle,1,2026-09-26T17:16:56Z,CAPTURED,2,2,
1379445,/fixtures/lineups,Denmark,119,Superliga,2025,Regular Season - 17,2025-11-30T13:00:00+00:00,Aarhus,FC Copenhagen,1,2026-09-26T17:16:56Z,CAPTURED,2,2,
1379446,/fixtures/lineups,Denmark,119,Superliga,2025,Regular Season - 17,2025-12-01T18:00:00+00:00,Brondby,FC Fredericia,1,2026-09-26T17:16:56Z,CAPTURED,2,2,
1379447,/fixtures/lineups,Denmark,119,Superliga,2025,Regular Season - 17,2025-11-30T15:00:00+00:00,FC Midtjylland,FC Nordsjaelland,1,2026-09-26T17:16:56Z,CAPTURED,2,2,
1379448,/fixtures/lineups,Denmark,119,Superliga,2025,Regular Season - 17,2025-11-30T17:00:00+00:00,Odense,Vejle,1,2026-09-26T17:16:56Z,CAPTURED,2,2,
1379449,/fixtures/lineups,Denmark,119,Superliga,2025,Regular Season - 17,2025-11-30T13:00:00+00:00,Silkeborg,Randers FC,1,2026-09-26T17:16:56Z,CAPTURED,2,2,
1379450,/fixtures/lineups,Denmark,119,Superliga,2025,Regular Season - 17,2025-11-28T18:00:00+00:00,Sonderjyske,Viborg,1,2026-09-26T17:16:56Z,CAPTURED,2,2,
1379451,/fixtures/lineups,Denmark,119,Superliga,2025,Regular Season - 18,2025-12-07T17:00:00+00:00,FC Copenhagen,Sonderjyske,1,2026-09-26T17:16:56Z,CAPTURED,2,2,
1379452,/fixtures/lineups,Denmark,119,Superliga,2025,Regular Season - 18,2025-12-05T18:00:00+00:00,FC Fredericia,Odense,1,2026-09-26T17:16:56Z,CAPTURED,2,2,
1379453,/fixtures/lineups,Denmark,119,Superliga,2025,Regular Season - 18,2025-12-07T13:00:00+00:00,FC Nordsjaelland,Silkeborg,1,2026-09-26T17:16:56Z,CAPTURED,2,2,
1379454,/fixtures/lineups,Denmark,119,Superliga,2025,Regular Season - 18,2025-12-07T15:00:00+00:00,Randers FC,Aarhus,1,2026-09-26T17:16:56Z,CAPTURED,2,2,
1379455,/fixtures/lineups,Denmark,119,Superliga,2025,Regular Season - 18,2025-12-08T18:00:00+00:00,Vejle,Brondby,1,2026-09-26T17:16:56Z,CAPTURED,2,2,
1379456,/fixtures/lineups,Denmark,119,Superliga,2025,Regular Season - 18,2025-12-07T13:00:00+00:00,Viborg,FC Midtjylland,1,2026-09-26T17:16:56Z,CAPTURED,2,2,
1379463,/fixtures/lineups,Denmark,119,Superliga,2025,Regular Season - 20,2026-02-14T16:00:00+00:00,FC Copenhagen,FC Nordsjaelland,1,2026-09-26T17:16:56Z,CAPTURED,2,2,
1379464,/fixtures/lineups,Denmark,119,Superliga,2025,Regular Season - 20,2026-02-15T13:00:00+00:00,FC Fredericia,Aarhus,1,2026-09-26T17:16:56Z,CAPTURED,2,2,
1379465,/fixtures/lineups,Denmark,119,Superliga,2025,Regular Season - 20,2026-02-15T15:00:00+00:00,Odense,FC Midtjylland,1,2026-09-26T17:16:56Z,CAPTURED,2,2,
1379466,/fixtures/lineups,Denmark,119,Superliga,2025,Regular Season - 20,2026-02-13T18:00:00+00:00,Randers FC,Vejle,1,2026-09-26T17:16:56Z,CAPTURED,2,2,
1379467,/fixtures/lineups,Denmark,119,Superliga,2025,Regular Season - 20,2026-02-16T18:00:00+00:00,Sonderjyske,Silkeborg,1,2026-09-26T17:16:56Z,CAPTURED,2,2,
1379468,/fixtures/lineups,Denmark,119,Superliga,2025,Regular Season - 20,2026-02-15T17:00:00+00:00,Viborg,Brondby,1,2026-09-26T17:16:56Z,CAPTURED,2,2,
1379469,/fixtures/lineups,Denmark,119,Superliga,2025,Regular Season - 21,2026-02-22T17:00:00+00:00,Aarhus,Viborg,1,2026-09-26T17:16:56Z,CAPTURED,2,2,
1379470,/fixtures/lineups,Denmark,119,Superliga,2025,Regular Season - 21,2026-02-23T18:00:00+00:00,Brondby,Sonderjyske,1,2026-09-26T17:16:56Z,CAPTURED,2,2,
1379471,/fixtures/lineups,Denmark,119,Superliga,2025,Regular Season - 21,2026-02-20T18:00:00+00:00,FC Nordsjaelland,Vejle,1,2026-09-26T17:16:56Z,CAPTURED,2,2,
1379472,/fixtures/lineups,Denmark,119,Superliga,2025,Regular Season - 21,2026-02-21T13:00:00+00:00,Odense,FC Copenhagen,1,2026-09-26T17:16:56Z,CAPTURED,2,2,
1379473,/fixtures/lineups,Denmark,119,Superliga,2025,Regular Season - 21,2026-02-22T13:00:00+00:00,Randers FC,FC Fredericia,1,2026-09-26T17:16:56Z,CAPTURED,2,2,
1379474,/fixtures/lineups,Denmark,119,Superliga,2025,Regular Season - 21,2026-02-22T15:00:00+00:00,Silkeborg,FC Midtjylland,1,2026-09-26T17:16:56Z,CAPTURED,2,2,
1379475,/fixtures/lineups,Denmark,119,Superliga,2025,Regular Season - 22,2026-03-01T16:00:00+00:00,FC Copenhagen,Randers FC,1,2026-09-26T17:16:56Z,CAPTURED,2,2,
1379476,/fixtures/lineups,Denmark,119,Superliga,2025,Regular Season - 22,2026-03-01T16:00:00+00:00,FC Fredericia,Silkeborg,1,2026-09-26T17:16:56Z,CAPTURED,2,2,
1379477,/fixtures/lineups,Denmark,119,Superliga,2025,Regular Season - 22,2026-03-01T16:00:00+00:00,FC Midtjylland,Brondby,1,2026-09-26T17:16:56Z,CAPTURED,2,2,
1379478,/fixtures/lineups,Denmark,119,Superliga,2025,Regular Season - 22,2026-03-01T16:00:00+00:00,Sonderjyske,Odense,1,2026-09-26T17:16:56Z,CAPTURED,2,2,
1379479,/fixtures/lineups,Denmark,119,Superliga,2025,Regular Season - 22,2026-03-01T16:00:00+00:00,Vejle,Aarhus,1,2026-09-26T17:16:56Z,CAPTURED,2,2,
1379480,/fixtures/lineups,Denmark,119,Superliga,2025,Regular Season - 22,2026-03-01T16:00:00+00:00,Viborg,FC Nordsjaelland,1,2026-09-26T17:16:56Z,CAPTURED,2,2,
1382531,/fixtures/lineups,Belgium,144,Jupiler Pro League,2025,Regular Season - 14,2025-11-08T19:45:00+00:00,Antwerp,RAAL La Louvière,1,2026-09-26T17:16:56Z,CAPTURED,2,2,
1382532,/fixtures/lineups,Belgium,144,Jupiler Pro League,2025,Regular Season - 14,2025-11-09T17:30:00+00:00,Gent,Genk,1,2026-09-26T17:16:56Z,CAPTURED,2,2,
1382533,/fixtures/lineups,Belgium,144,Jupiler Pro League,2025,Regular Season - 14,2025-11-09T18:15:00+00:00,KV Mechelen,Union St. Gilloise,1,2026-09-26T17:16:56Z,CAPTURED,2,2,
1382534,/fixtures/lineups,Belgium,144,Jupiler Pro League,2025,Regular Season - 14,2025-11-08T17:15:00+00:00,Charleroi,KVC Westerlo,1,2026-09-26T17:16:56Z,CAPTURED,2,2,
1382535,/fixtures/lineups,Belgium,144,Jupiler Pro League,2025,Regular Season - 14,2025-11-08T15:00:00+00:00,Cercle Brugge,OH Leuven,1,2026-09-26T17:16:56Z,CAPTURED,2,2,
1382536,/fixtures/lineups,Belgium,144,Jupiler Pro League,2025,Regular Season - 14,2025-11-09T12:30:00+00:00,Anderlecht,Club Brugge KV,1,2026-09-26T17:16:56Z,CAPTURED,2,2,
1382537,/fixtures/lineups,Belgium,144,Jupiler Pro League,2025,Regular Season - 14,2025-11-09T15:00:00+00:00,St. Truiden,Standard Liege,1,2026-09-26T17:16:56Z,CAPTURED,2,2,
1382538,/fixtures/lineups,Belgium,144,Jupiler Pro League,2025,Regular Season - 15,2025-11-23T12:30:00+00:00,Genk,KV Mechelen,1,2026-09-26T17:16:56Z,CAPTURED,2,2,
1382539,/fixtures/lineups,Belgium,144,Jupiler Pro League,2025,Regular Season - 15,2025-11-23T15:00:00+00:00,Antwerp,Dender,1,2026-09-26T17:16:56Z,CAPTURED,2,2,
1382540,/fixtures/lineups,Belgium,144,Jupiler Pro League,2025,Regular Season - 15,2025-11-22T19:45:00+00:00,Club Brugge KV,Charleroi,1,2026-09-26T17:16:56Z,CAPTURED,2,2,
1382541,/fixtures/lineups,Belgium,144,Jupiler Pro League,2025,Regular Season - 15,2025-11-23T17:30:00+00:00,RAAL La Louvière,Anderlecht,1,2026-09-26T17:16:56Z,CAPTURED,2,2,
1382542,/fixtures/lineups,Belgium,144,Jupiler Pro League,2025,Regular Season - 15,2025-11-23T18:15:00+00:00,OH Leuven,St. Truiden,1,2026-09-26T17:16:56Z,CAPTURED,2,2,
1382543,/fixtures/lineups,Belgium,144,Jupiler Pro League,2025,Regular Season - 15,2025-11-22T17:15:00+00:00,KVC Westerlo,Gent,1,2026-09-26T17:16:56Z,CAPTURED,2,2,
1382544,/fixtures/lineups,Belgium,144,Jupiler Pro League,2025,Regular Season - 15,2025-11-21T19:45:00+00:00,Standard Liege,Zulte Waregem,1,2026-09-26T17:16:56Z,CAPTURED,2,2,
1382545,/fixtures/lineups,Belgium,144,Jupiler Pro League,2025,Regular Season - 15,2025-11-22T15:00:00+00:00,Union St. Gilloise,Cercle Brugge,1,2026-09-26T17:16:56Z,CAPTURED,2,2,
1382546,/fixtures/lineups,Belgium,144,Jupiler Pro League,2025,Regular Season - 16,2025-11-30T18:15:00+00:00,Gent,St. Truiden,1,2026-09-26T17:16:56Z,CAPTURED,2,2,
1382547,/fixtures/lineups,Belgium,144,Jupiler Pro League,2025,Regular Season - 16,2025-11-28T19:45:00+00:00,KV Mechelen,Standard Liege,1,2026-09-26T17:16:56Z,CAPTURED,2,2,
1382548,/fixtures/lineups,Belgium,144,Jupiler Pro League,2025,Regular Season - 16,2025-11-29T15:00:00+00:00,Dender,KVC Westerlo,1,2026-09-26T17:16:56Z,CAPTURED,2,2,
1382549,/fixtures/lineups,Belgium,144,Jupiler Pro League,2025,Regular Season - 16,2025-11-29T17:15:00+00:00,Zulte Waregem,Cercle Brugge,1,2026-09-26T17:16:56Z,CAPTURED,2,2,
1382550,/fixtures/lineups,Belgium,144,Jupiler Pro League,2025,Regular Season - 16,2025-11-29T19:45:00+00:00,Charleroi,RAAL La Louvière,1,2026-09-26T17:16:56Z,CAPTURED,2,2,
1382551,/fixtures/lineups,Belgium,144,Jupiler Pro League,2025,Regular Season - 16,2025-11-30T12:30:00+00:00,Club Brugge KV,Antwerp,1,2026-09-26T17:16:56Z,CAPTURED,2,2,
1382552,/fixtures/lineups,Belgium,144,Jupiler Pro League,2025,Regular Season - 16,2025-11-30T15:00:00+00:00,Genk,OH Leuven,1,2026-09-26T17:16:56Z,CAPTURED,2,2,
1382553,/fixtures/lineups,Belgium,144,Jupiler Pro League,2025,Regular Season - 16,2025-11-30T17:30:00+00:00,Anderlecht,Union St. Gilloise,1,2026-09-26T17:16:56Z,CAPTURED,2,2,
1382554,/fixtures/lineups,Belgium,144,Jupiler Pro League,2025,Regular Season - 17,2025-12-06T17:15:00+00:00,Union St. Gilloise,Gent,1,2026-09-26T17:16:56Z,CAPTURED,2,2,
1382555,/fixtures/lineups,Belgium,144,Jupiler Pro League,2025,Regular Season - 17,2025-12-06T15:00:00+00:00,Cercle Brugge,Standard Liege,1,2026-09-26T17:16:56Z,CAPTURED,2,2,
1382556,/fixtures/lineups,Belgium,144,Jupiler Pro League,2025,Regular Season - 17,2025-12-07T12:30:00+00:00,KV Mechelen,Charleroi,1,2026-09-26T17:16:56Z,CAPTURED,2,2,
1382557,/fixtures/lineups,Belgium,144,Jupiler Pro League,2025,Regular Season - 17,2025-12-05T19:45:00+00:00,RAAL La Louvière,Dender,1,2026-09-26T17:16:56Z,CAPTURED,2,2,
1382558,/fixtures/lineups,Belgium,144,Jupiler Pro League,2025,Regular Season - 17,2025-12-07T18:15:00+00:00,OH Leuven,Zulte Waregem,1,2026-09-26T17:16:56Z,CAPTURED,2,2,
1382559,/fixtures/lineups,Belgium,144,Jupiler Pro League,2025,Regular Season - 17,2025-12-06T19:45:00+00:00,St. Truiden,Club Brugge KV,1,2026-09-26T17:16:56Z,CAPTURED,2,2,
1382560,/fixtures/lineups,Belgium,144,Jupiler Pro League,2025,Regular Season - 17,2025-12-07T15:00:00+00:00,KVC Westerlo,Anderlecht,1,2026-09-26T17:16:56Z,CAPTURED,2,2,
1382561,/fixtures/lineups,Belgium,144,Jupiler Pro League,2025,Regular Season - 17,2025-12-07T17:30:00+00:00,Antwerp,Genk,1,2026-09-26T17:16:56Z,CAPTURED,2,2,
1382562,/fixtures/lineups,Belgium,144,Jupiler Pro League,2025,Regular Season - 18,2025-12-13T17:15:00+00:00,Zulte Waregem,RAAL La Louvière,1,2026-09-26T17:16:56Z,CAPTURED,2,2,
1382563,/fixtures/lineups,Belgium,144,Jupiler Pro League,2025,Regular Season - 18,2025-12-12T19:45:00+00:00,Standard Liege,OH Leuven,1,2026-09-26T17:16:56Z,CAPTURED,2,2,
1382564,/fixtures/lineups,Belgium,144,Jupiler Pro League,2025,Regular Season - 18,2025-12-14T12:30:00+00:00,Gent,Antwerp,1,2026-09-26T17:16:56Z,CAPTURED,2,2,
1382565,/fixtures/lineups,Belgium,144,Jupiler Pro League,2025,Regular Season - 18,2025-12-14T18:15:00+00:00,Genk,KVC Westerlo,1,2026-09-26T17:16:56Z,CAPTURED,2,2,
1382566,/fixtures/lineups,Belgium,144,Jupiler Pro League,2025,Regular Season - 18,2025-12-13T15:00:00+00:00,Cercle Brugge,KV Mechelen,1,2026-09-26T17:16:56Z,CAPTURED,2,2,
1382567,/fixtures/lineups,Belgium,144,Jupiler Pro League,2025,Regular Season - 18,2025-12-14T17:30:00+00:00,Charleroi,Union St. Gilloise,1,2026-09-26T17:16:56Z,CAPTURED,2,2,
1382568,/fixtures/lineups,Belgium,144,Jupiler Pro League,2025,Regular Season - 18,2025-12-14T15:00:00+00:00,Dender,Club Brugge KV,1,2026-09-26T17:16:56Z,CAPTURED,2,2,
1382569,/fixtures/lineups,Belgium,144,Jupiler Pro League,2025,Regular Season - 18,2025-12-13T19:45:00+00:00,Anderlecht,St. Truiden,1,2026-09-26T17:16:56Z,CAPTURED,2,2,
1382570,/fixtures/lineups,Belgium,144,Jupiler Pro League,2025,Regular Season - 19,2025-12-21T18:15:00+00:00,OH Leuven,Cercle Brugge,1,2026-09-26T17:16:56Z,CAPTURED,2,2,
1382571,/fixtures/lineups,Belgium,144,Jupiler Pro League,2025,Regular Season - 19,2025-12-21T17:30:00+00:00,Antwerp,Anderlecht,1,2026-09-26T17:16:56Z,CAPTURED,2,2,
1382572,/fixtures/lineups,Belgium,144,Jupiler Pro League,2025,Regular Season - 19,2025-12-21T12:30:00+00:00,Club Brugge KV,Gent,1,2026-09-26T17:16:56Z,CAPTURED,2,2,
1382573,/fixtures/lineups,Belgium,144,Jupiler Pro League,2025,Regular Season - 19,2025-12-20T19:45:00+00:00,Union St. Gilloise,Zulte Waregem,1,2026-09-26T17:16:56Z,CAPTURED,2,2,
1382574,/fixtures/lineups,Belgium,144,Jupiler Pro League,2025,Regular Season - 19,2025-12-21T15:00:00+00:00,St. Truiden,KV Mechelen,1,2026-09-26T17:16:56Z,CAPTURED,2,2,
1382575,/fixtures/lineups,Belgium,144,Jupiler Pro League,2025,Regular Season - 19,2025-12-20T15:00:00+00:00,Dender,Standard Liege,1,2026-09-26T17:16:56Z,CAPTURED,2,2,
1382576,/fixtures/lineups,Belgium,144,Jupiler Pro League,2025,Regular Season - 19,2025-12-20T17:15:00+00:00,KVC Westerlo,RAAL La Louvière,1,2026-09-26T17:16:56Z,CAPTURED,2,2,
1382577,/fixtures/lineups,Belgium,144,Jupiler Pro League,2025,Regular Season - 19,2025-12-19T19:45:00+00:00,Charleroi,Genk,1,2026-09-26T17:16:56Z,CAPTURED,2,2,
1382578,/fixtures/lineups,Belgium,144,Jupiler Pro League,2025,Regular Season - 20,2025-12-26T12:30:00+00:00,Genk,Club Brugge KV,1,2026-09-26T17:16:56Z,CAPTURED,2,2,
1382579,/fixtures/lineups,Belgium,144,Jupiler Pro League,2025,Regular Season - 20,2025-12-26T17:30:00+00:00,Standard Liege,St. Truiden,1,2026-09-26T17:16:56Z,CAPTURED,2,2,
1382580,/fixtures/lineups,Belgium,144,Jupiler Pro League,2025,Regular Season - 20,2025-12-27T15:00:00+00:00,RAAL La Louvière,OH Leuven,1,2026-09-26T17:16:56Z,CAPTURED,2,2,
1382581,/fixtures/lineups,Belgium,144,Jupiler Pro League,2025,Regular Season - 20,2025-12-26T19:45:00+00:00,Anderlecht,Charleroi,1,2026-09-26T17:16:56Z,CAPTURED,2,2,
1382582,/fixtures/lineups,Belgium,144,Jupiler Pro League,2025,Regular Season - 20,2025-12-27T17:15:00+00:00,KV Mechelen,Dender,1,2026-09-26T17:16:56Z,CAPTURED,2,2,
1382583,/fixtures/lineups,Belgium,144,Jupiler Pro League,2025,Regular Season - 20,2025-12-27T19:45:00+00:00,Gent,KVC Westerlo,1,2026-09-26T17:16:56Z,CAPTURED,2,2,
1382584,/fixtures/lineups,Belgium,144,Jupiler Pro League,2025,Regular Season - 20,2025-12-26T15:00:00+00:00,Cercle Brugge,Union St. Gilloise,1,2026-09-26T17:16:56Z,CAPTURED,2,2,
1382585,/fixtures/lineups,Belgium,144,Jupiler Pro League,2025,Regular Season - 20,2025-12-27T12:30:00+00:00,Antwerp,Zulte Waregem,1,2026-09-26T17:16:56Z,CAPTURED,2,2,
1382586,/fixtures/lineups,Belgium,144,Jupiler Pro League,2025,Regular Season - 21,2026-01-18T17:30:00+00:00,Charleroi,Standard Liege,1,2026-09-26T17:16:56Z,CAPTURED,2,2,
1382587,/fixtures/lineups,Belgium,144,Jupiler Pro League,2025,Regular Season - 21,2026-01-18T18:15:00+00:00,St. Truiden,OH Leuven,1,2026-09-26T17:16:56Z,CAPTURED,2,2,
1382588,/fixtures/lineups,Belgium,144,Jupiler Pro League,2025,Regular Season - 21,2026-01-17T15:00:00+00:00,Zulte Waregem,Genk,1,2026-09-26T17:16:56Z,CAPTURED,2,2,
1382589,/fixtures/lineups,Belgium,144,Jupiler Pro League,2025,Regular Season - 21,2026-01-18T15:00:00+00:00,Dender,Antwerp,1,2026-09-26T17:16:56Z,CAPTURED,2,2,
1382590,/fixtures/lineups,Belgium,144,Jupiler Pro League,2025,Regular Season - 21,2026-01-17T17:15:00+00:00,KVC Westerlo,Cercle Brugge,1,2026-09-26T17:16:56Z,CAPTURED,2,2,
1382591,/fixtures/lineups,Belgium,144,Jupiler Pro League,2025,Regular Season - 21,2026-01-18T12:30:00+00:00,Gent,Anderlecht,1,2026-09-26T17:16:56Z,CAPTURED,2,2,
1382592,/fixtures/lineups,Belgium,144,Jupiler Pro League,2025,Regular Season - 21,2026-01-17T19:45:00+00:00,Union St. Gilloise,KV Mechelen,1,2026-09-26T17:16:56Z,CAPTURED,2,2,
1382593,/fixtures/lineups,Belgium,144,Jupiler Pro League,2025,Regular Season - 21,2026-01-16T19:45:00+00:00,Club Brugge KV,RAAL La Louvière,1,2026-09-26T17:16:56Z,CAPTURED,2,2,
1382594,/fixtures/lineups,Belgium,144,Jupiler Pro League,2025,Regular Season - 22,2026-01-25T17:30:00+00:00,Anderlecht,Dender,1,2026-09-26T17:16:56Z,CAPTURED,2,2,
1382595,/fixtures/lineups,Belgium,144,Jupiler Pro League,2025,Regular Season - 22,2026-01-24T17:15:00+00:00,Club Brugge KV,Zulte Waregem,1,2026-09-26T17:16:56Z,CAPTURED,2,2,
1382596,/fixtures/lineups,Belgium,144,Jupiler Pro League,2025,Regular Season - 22,2026-01-25T15:00:00+00:00,Genk,Cercle Brugge,1,2026-09-26T17:16:56Z,CAPTURED,2,2,
1382597,/fixtures/lineups,Belgium,144,Jupiler Pro League,2025,Regular Season - 22,2026-01-25T12:30:00+00:00,Antwerp,Charleroi,1,2026-09-26T17:16:56Z,CAPTURED,2,2,
1382598,/fixtures/lineups,Belgium,144,Jupiler Pro League,2025,Regular Season - 22,2026-01-24T19:45:00+00:00,OH Leuven,Union St. Gilloise,1,2026-09-26T17:16:56Z,CAPTURED,2,2,
1382599,/fixtures/lineups,Belgium,144,Jupiler Pro League,2025,Regular Season - 22,2026-01-25T18:15:00+00:00,KV Mechelen,KVC Westerlo,1,2026-09-26T17:16:56Z,CAPTURED,2,2,
1382600,/fixtures/lineups,Belgium,144,Jupiler Pro League,2025,Regular Season - 22,2026-01-24T15:00:00+00:00,RAAL La Louvière,St. Truiden,1,2026-09-26T17:16:56Z,CAPTURED,2,2,
1382601,/fixtures/lineups,Belgium,144,Jupiler Pro League,2025,Regular Season - 22,2026-01-23T19:45:00+00:00,Standard Liege,Gent,1,2026-09-26T17:16:56Z,CAPTURED,2,2,
1382602,/fixtures/lineups,Belgium,144,Jupiler Pro League,2025,Regular Season - 23,2026-01-31T15:00:00+00:00,Cercle Brugge,Antwerp,1,2026-09-26T17:16:56Z,CAPTURED,2,2,
1382603,/fixtures/lineups,Belgium,144,Jupiler Pro League,2025,Regular Season - 23,2026-02-01T18:15:00+00:00,OH Leuven,KV Mechelen,1,2026-09-26T17:16:56Z,CAPTURED,2,2,
1382604,/fixtures/lineups,Belgium,144,Jupiler Pro League,2025,Regular Season - 23,2026-02-01T17:30:00+00:00,Union St. Gilloise,Club Brugge KV,1,2026-09-26T17:16:56Z,CAPTURED,2,2,
1382605,/fixtures/lineups,Belgium,144,Jupiler Pro League,2025,Regular Season - 23,2026-01-31T19:45:00+00:00,St. Truiden,Charleroi,1,2026-09-26T17:16:56Z,CAPTURED,2,2,
1382606,/fixtures/lineups,Belgium,144,Jupiler Pro League,2025,Regular Season - 23,2026-01-31T17:15:00+00:00,Zulte Waregem,KVC Westerlo,1,2026-09-26T17:16:56Z,CAPTURED,2,2,
1382607,/fixtures/lineups,Belgium,144,Jupiler Pro League,2025,Regular Season - 23,2026-02-01T12:30:00+00:00,Standard Liege,Anderlecht,1,2026-09-26T17:16:56Z,CAPTURED,2,2,
1382608,/fixtures/lineups,Belgium,144,Jupiler Pro League,2025,Regular Season - 23,2026-01-30T19:45:00+00:00,RAAL La Louvière,Gent,1,2026-09-26T17:16:56Z,CAPTURED,2,2,
1382609,/fixtures/lineups,Belgium,144,Jupiler Pro League,2025,Regular Season - 23,2026-02-01T15:00:00+00:00,Dender,Genk,1,2026-09-26T17:16:56Z,CAPTURED,2,2,
1382610,/fixtures/lineups,Belgium,144,Jupiler Pro League,2025,Regular Season - 24,2026-02-06T19:45:00+00:00,KVC Westerlo,St. Truiden,1,2026-09-26T17:16:56Z,CAPTURED,2,2,
1382611,/fixtures/lineups,Belgium,144,Jupiler Pro League,2025,Regular Season - 24,2026-02-07T15:00:00+00:00,Zulte Waregem,Dender,1,2026-09-26T17:16:56Z,CAPTURED,2,2,
1382612,/fixtures/lineups,Belgium,144,Jupiler Pro League,2025,Regular Season - 24,2026-02-08T17:30:00+00:00,Club Brugge KV,Standard Liege,1,2026-09-26T17:16:56Z,CAPTURED,2,2,
1382613,/fixtures/lineups,Belgium,144,Jupiler Pro League,2025,Regular Season - 24,2026-02-07T19:45:00+00:00,Gent,OH Leuven,1,2026-09-26T17:16:56Z,CAPTURED,2,2,
1382614,/fixtures/lineups,Belgium,144,Jupiler Pro League,2025,Regular Season - 24,2026-02-08T12:30:00+00:00,Genk,Anderlecht,1,2026-09-26T17:16:56Z,CAPTURED,2,2,
1382615,/fixtures/lineups,Belgium,144,Jupiler Pro League,2025,Regular Season - 24,2026-02-07T17:15:00+00:00,Charleroi,Cercle Brugge,1,2026-09-26T17:16:56Z,CAPTURED,2,2,
1382616,/fixtures/lineups,Belgium,144,Jupiler Pro League,2025,Regular Season - 24,2026-02-08T18:15:00+00:00,KV Mechelen,Antwerp,1,2026-09-26T17:16:56Z,CAPTURED,2,2,
1382617,/fixtures/lineups,Belgium,144,Jupiler Pro League,2025,Regular Season - 24,2026-02-08T15:00:00+00:00,Union St. Gilloise,RAAL La Louvière,1,2026-09-26T17:16:56Z,CAPTURED,2,2,
1382618,/fixtures/lineups,Belgium,144,Jupiler Pro League,2025,Regular Season - 25,2026-02-15T15:00:00+00:00,Antwerp,KVC Westerlo,1,2026-09-26T17:16:56Z,CAPTURED,2,2,
1382619,/fixtures/lineups,Belgium,144,Jupiler Pro League,2025,Regular Season - 25,2026-02-15T18:15:00+00:00,St. Truiden,Zulte Waregem,1,2026-09-26T17:16:56Z,CAPTURED,2,2,
1382620,/fixtures/lineups,Belgium,144,Jupiler Pro League,2025,Regular Season - 25,2026-02-14T19:45:00+00:00,Standard Liege,Union St. Gilloise,1,2026-09-26T17:16:56Z,CAPTURED,2,2,
1382621,/fixtures/lineups,Belgium,144,Jupiler Pro League,2025,Regular Season - 25,2026-02-15T12:30:00+00:00,Cercle Brugge,Club Brugge KV,1,2026-09-26T17:16:56Z,CAPTURED,2,2,
1382622,/fixtures/lineups,Belgium,144,Jupiler Pro League,2025,Regular Season - 25,2026-02-14T17:15:00+00:00,Charleroi,Gent,1,2026-09-26T17:16:56Z,CAPTURED,2,2,
1382623,/fixtures/lineups,Belgium,144,Jupiler Pro League,2025,Regular Season - 25,2026-02-13T19:45:00+00:00,KV Mechelen,Genk,1,2026-09-26T17:16:56Z,CAPTURED,2,2,
1382624,/fixtures/lineups,Belgium,144,Jupiler Pro League,2025,Regular Season - 25,2026-02-15T17:30:00+00:00,Anderlecht,RAAL La Louvière,1,2026-09-26T17:16:56Z,CAPTURED,2,2,
1382625,/fixtures/lineups,Belgium,144,Jupiler Pro League,2025,Regular Season - 25,2026-02-14T15:00:00+00:00,OH Leuven,Dender,1,2026-09-26T17:16:56Z,CAPTURED,2,2,
1382626,/fixtures/lineups,Belgium,144,Jupiler Pro League,2025,Regular Season - 26,2026-02-21T17:15:00+00:00,Club Brugge KV,OH Leuven,1,2026-09-26T17:16:56Z,CAPTURED,2,2,
1382627,/fixtures/lineups,Belgium,144,Jupiler Pro League,2025,Regular Season - 26,2026-02-20T19:45:00+00:00,Gent,Cercle Brugge,1,2026-09-26T17:16:56Z,CAPTURED,2,2,
1382628,/fixtures/lineups,Belgium,144,Jupiler Pro League,2025,Regular Season - 26,2026-02-22T15:00:00+00:00,RAAL La Louvière,KV Mechelen,1,2026-09-26T17:16:56Z,CAPTURED,2,2,
1382629,/fixtures/lineups,Belgium,144,Jupiler Pro League,2025,Regular Season - 26,2026-02-21T19:45:00+00:00,Union St. Gilloise,Antwerp,1,2026-09-26T17:16:56Z,CAPTURED,2,2,
1382630,/fixtures/lineups,Belgium,144,Jupiler Pro League,2025,Regular Season - 26,2026-02-22T18:15:00+00:00,KVC Westerlo,Charleroi,1,2026-09-26T17:16:56Z,CAPTURED,2,2,
1382631,/fixtures/lineups,Belgium,144,Jupiler Pro League,2025,Regular Season - 26,2026-02-22T17:30:00+00:00,Zulte Waregem,Anderlecht,1,2026-09-26T17:16:56Z,CAPTURED,2,2,
1382632,/fixtures/lineups,Belgium,144,Jupiler Pro League,2025,Regular Season - 26,2026-02-21T15:00:00+00:00,Dender,St. Truiden,1,2026-09-26T17:16:56Z,CAPTURED,2,2,
1382633,/fixtures/lineups,Belgium,144,Jupiler Pro League,2025,Regular Season - 26,2026-02-22T12:30:00+00:00,Genk,Standard Liege,1,2026-09-26T17:16:56Z,CAPTURED,2,2,
1382634,/fixtures/lineups,Belgium,144,Jupiler Pro League,2025,Regular Season - 27,2026-02-28T19:45:00+00:00,Anderlecht,OH Leuven,1,2026-09-26T17:16:56Z,CAPTURED,2,2,
1382635,/fixtures/lineups,Belgium,144,Jupiler Pro League,2025,Regular Season - 27,2026-03-01T17:30:00+00:00,Charleroi,Club Brugge KV,1,2026-09-26T17:16:56Z,CAPTURED,2,2,
1382636,/fixtures/lineups,Belgium,144,Jupiler Pro League,2025,Regular Season - 27,2026-03-01T12:30:00+00:00,Genk,Gent,1,2026-09-26T17:16:56Z,CAPTURED,2,2,
1382637,/fixtures/lineups,Belgium,144,Jupiler Pro League,2025,Regular Season - 27,2026-02-28T15:00:00+00:00,KV Mechelen,Zulte Waregem,1,2026-09-26T17:16:56Z,CAPTURED,2,2,
1382638,/fixtures/lineups,Belgium,144,Jupiler Pro League,2025,Regular Season - 27,2026-02-28T17:15:00+00:00,Antwerp,St. Truiden,1,2026-09-26T17:16:56Z,CAPTURED,2,2,
1382639,/fixtures/lineups,Belgium,144,Jupiler Pro League,2025,Regular Season - 27,2026-03-01T18:15:00+00:00,Cercle Brugge,Dender,1,2026-09-26T17:16:56Z,CAPTURED,2,2,
1382640,/fixtures/lineups,Belgium,144,Jupiler Pro League,2025,Regular Season - 27,2026-02-27T19:45:00+00:00,Standard Liege,RAAL La Louvière,1,2026-09-26T17:16:56Z,CAPTURED,2,2,
1382641,/fixtures/lineups,Belgium,144,Jupiler Pro League,2025,Regular Season - 27,2026-03-01T15:00:00+00:00,KVC Westerlo,Union St. Gilloise,1,2026-09-26T17:16:56Z,CAPTURED,2,2,
1382642,/fixtures/lineups,Belgium,144,Jupiler Pro League,2025,Regular Season - 28,2026-03-06T19:45:00+00:00,RAAL La Louvière,Antwerp,1,2026-09-26T17:16:56Z,CAPTURED,2,2,
1382643,/fixtures/lineups,Belgium,144,Jupiler Pro League,2025,Regular Season - 28,2026-03-08T17:30:00+00:00,Zulte Waregem,Standard Liege,1,2026-09-26T17:16:56Z,CAPTURED,2,2,
1382644,/fixtures/lineups,Belgium,144,Jupiler Pro League,2025,Regular Season - 28,2026-03-07T15:00:00+00:00,OH Leuven,KVC Westerlo,1,2026-09-26T17:16:56Z,CAPTURED,2,2,
1382645,/fixtures/lineups,Belgium,144,Jupiler Pro League,2025,Regular Season - 28,2026-03-08T18:15:00+00:00,St. Truiden,Cercle Brugge,1,2026-09-26T17:16:56Z,CAPTURED,2,2,
1382646,/fixtures/lineups,Belgium,144,Jupiler Pro League,2025,Regular Season - 28,2026-03-08T12:30:00+00:00,Club Brugge KV,Anderlecht,1,2026-09-26T17:16:56Z,CAPTURED,2,2,
1382647,/fixtures/lineups,Belgium,144,Jupiler Pro League,2025,Regular Season - 28,2026-03-07T17:15:00+00:00,Dender,Charleroi,1,2026-09-26T17:16:56Z,CAPTURED,2,2,
1382648,/fixtures/lineups,Belgium,144,Jupiler Pro League,2025,Regular Season - 28,2026-03-07T19:45:00+00:00,Union St. Gilloise,Genk,1,2026-09-26T17:16:56Z,CAPTURED,2,2,
1382649,/fixtures/lineups,Belgium,144,Jupiler Pro League,2025,Regular Season - 28,2026-03-08T15:00:00+00:00,Gent,KV Mechelen,1,2026-09-26T17:16:56Z,CAPTURED,2,2,
1382650,/fixtures/lineups,Belgium,144,Jupiler Pro League,2025,Regular Season - 29,2026-03-15T18:15:00+00:00,Cercle Brugge,RAAL La Louvière,1,2026-09-26T17:16:56Z,CAPTURED,2,2,
1382651,/fixtures/lineups,Belgium,144,Jupiler Pro League,2025,Regular Season - 29,2026-03-13T19:45:00+00:00,Gent,Zulte Waregem,1,2026-09-26T17:16:56Z,CAPTURED,2,2,
1382652,/fixtures/lineups,Belgium,144,Jupiler Pro League,2025,Regular Season - 29,2026-03-14T17:15:00+00:00,Union St. Gilloise,Dender,1,2026-09-26T17:16:56Z,CAPTURED,2,2,
1382653,/fixtures/lineups,Belgium,144,Jupiler Pro League,2025,Regular Season - 29,2026-03-15T17:30:00+00:00,KV Mechelen,Anderlecht,1,2026-09-26T17:16:56Z,CAPTURED,2,2,
1382654,/fixtures/lineups,Belgium,144,Jupiler Pro League,2025,Regular Season - 29,2026-03-14T19:45:00+00:00,KVC Westerlo,Club Brugge KV,1,2026-09-26T17:16:56Z,CAPTURED,2,2,
1382655,/fixtures/lineups,Belgium,144,Jupiler Pro League,2025,Regular Season - 29,2026-03-15T12:30:00+00:00,Genk,St. Truiden,1,2026-09-26T17:16:56Z,CAPTURED,2,2,
1382656,/fixtures/lineups,Belgium,144,Jupiler Pro League,2025,Regular Season - 29,2026-03-15T15:00:00+00:00,Antwerp,Standard Liege,1,2026-09-26T17:16:56Z,CAPTURED,2,2,
1382657,/fixtures/lineups,Belgium,144,Jupiler Pro League,2025,Regular Season - 29,2026-03-14T15:00:00+00:00,Charleroi,OH Leuven,1,2026-09-26T17:16:56Z,CAPTURED,2,2,
1382658,/fixtures/lineups,Belgium,144,Jupiler Pro League,2025,Regular Season - 30,2026-03-22T17:30:00+00:00,Anderlecht,Cercle Brugge,1,2026-09-26T17:16:56Z,CAPTURED,2,2,
1382659,/fixtures/lineups,Belgium,144,Jupiler Pro League,2025,Regular Season - 30,2026-03-22T17:30:00+00:00,Dender,Gent,1,2026-09-26T17:16:56Z,CAPTURED,2,2,
1382660,/fixtures/lineups,Belgium,144,Jupiler Pro League,2025,Regular Season - 30,2026-03-22T17:30:00+00:00,Zulte Waregem,Charleroi,1,2026-09-26T17:16:56Z,CAPTURED,2,2,
1382661,/fixtures/lineups,Belgium,144,Jupiler Pro League,2025,Regular Season - 30,2026-03-22T17:30:00+00:00,Standard Liege,KVC Westerlo,1,2026-09-26T17:16:56Z,CAPTURED,2,2,
1382662,/fixtures/lineups,Belgium,144,Jupiler Pro League,2025,Regular Season - 30,2026-03-22T17:30:00+00:00,RAAL La Louvière,Genk,1,2026-09-26T17:16:56Z,CAPTURED,2,2,
1382663,/fixtures/lineups,Belgium,144,Jupiler Pro League,2025,Regular Season - 30,2026-03-22T17:30:00+00:00,OH Leuven,Antwerp,1,2026-09-26T17:16:56Z,CAPTURED,2,2,
1382664,/fixtures/lineups,Belgium,144,Jupiler Pro League,2025,Regular Season - 30,2026-03-22T17:30:00+00:00,Club Brugge KV,KV Mechelen,1,2026-09-26T17:16:56Z,CAPTURED,2,2,
1382665,/fixtures/lineups,Belgium,144,Jupiler Pro League,2025,Regular Season - 30,2026-03-22T17:30:00+00:00,St. Truiden,Union St. Gilloise,1,2026-09-26T17:16:56Z,CAPTURED,2,2,
1449546,/fixtures/lineups,Denmark,119,Superliga,2025,Regular Season - 19,2026-02-09T20:00:00+00:00,Aarhus,Odense,1,2026-09-26T17:16:56Z,CAPTURED,2,2,
1449547,/fixtures/lineups,Denmark,119,Superliga,2025,Regular Season - 19,2026-02-08T13:00:00+00:00,FC Nordsjaelland,Sonderjyske,1,2026-09-26T17:16:56Z,CAPTURED,2,2,
1449548,/fixtures/lineups,Denmark,119,Superliga,2025,Regular Season - 19,2026-02-09T18:00:00+00:00,Vejle,FC Fredericia,1,2026-09-26T17:16:56Z,CAPTURED,2,2,
1449549,/fixtures/lineups,Denmark,119,Superliga,2025,Regular Season - 19,2026-02-08T17:00:00+00:00,Brondby,Randers FC,1,2026-09-26T17:16:56Z,CAPTURED,2,2,
1449550,/fixtures/lineups,Denmark,119,Superliga,2025,Regular Season - 19,2026-02-08T13:00:00+00:00,Silkeborg,Viborg,1,2026-09-26T17:16:56Z,CAPTURED,2,2,
1449551,/fixtures/lineups,Denmark,119,Superliga,2025,Regular Season - 19,2026-02-08T15:00:00+00:00,FC Midtjylland,FC Copenhagen,1,2026-09-26T17:16:56Z,CAPTURED,2,2,
1530529,/fixtures/lineups,Denmark,119,Superliga,2025,Relegation Group - 23,2026-03-13T18:00:00+00:00,FC Fredericia,Randers FC,1,2026-09-26T17:16:56Z,CAPTURED,2,2,
1530530,/fixtures/lineups,Denmark,119,Superliga,2025,Relegation Group - 23,2026-03-15T13:00:00+00:00,Odense,FC Copenhagen,1,2026-09-26T17:16:56Z,CAPTURED,2,2,
1530531,/fixtures/lineups,Denmark,119,Superliga,2025,Relegation Group - 23,2026-03-16T18:00:00+00:00,Silkeborg,Vejle,1,2026-09-26T17:16:56Z,CAPTURED,2,2,
1530532,/fixtures/lineups,Denmark,119,Superliga,2025,Relegation Group - 24,2026-03-20T18:00:00+00:00,Vejle,Odense,1,2026-09-26T17:16:56Z,CAPTURED,2,2,
1530533,/fixtures/lineups,Denmark,119,Superliga,2025,Relegation Group - 24,2026-03-22T13:00:00+00:00,Randers FC,Silkeborg,1,2026-09-26T17:16:56Z,CAPTURED,2,2,
1530534,/fixtures/lineups,Denmark,119,Superliga,2025,Relegation Group - 24,2026-03-22T15:00:00+00:00,FC Copenhagen,FC Fredericia,1,2026-09-26T17:16:56Z,CAPTURED,2,2,
1530535,/fixtures/lineups,Denmark,119,Superliga,2025,Relegation Group - 25,2026-04-05T16:00:00+00:00,FC Copenhagen,Silkeborg,1,2026-09-26T17:16:56Z,CAPTURED,2,2,
1530536,/fixtures/lineups,Denmark,119,Superliga,2025,Relegation Group - 25,2026-04-06T12:00:00+00:00,Vejle,Randers FC,1,2026-09-26T17:16:56Z,CAPTURED,2,2,
1530537,/fixtures/lineups,Denmark,119,Superliga,2025,Relegation Group - 25,2026-04-06T14:00:00+00:00,Odense,FC Fredericia,1,2026-09-26T17:16:56Z,CAPTURED,2,2,
1530538,/fixtures/lineups,Denmark,119,Superliga,2025,Relegation Group - 26,2026-04-12T12:00:00+00:00,Silkeborg,Odense,1,2026-09-26T17:16:56Z,CAPTURED,2,2,
1530539,/fixtures/lineups,Denmark,119,Superliga,2025,Relegation Group - 26,2026-04-12T16:00:00+00:00,Randers FC,FC Copenhagen,1,2026-09-26T17:16:56Z,CAPTURED,2,2,
1530540,/fixtures/lineups,Denmark,119,Superliga,2025,Relegation Group - 26,2026-04-13T17:00:00+00:00,FC Fredericia,Vejle,1,2026-09-26T17:16:56Z,CAPTURED,2,2,
1530541,/fixtures/lineups,Denmark,119,Superliga,2025,Relegation Group - 27,2026-04-19T12:00:00+00:00,Odense,Randers FC,1,2026-09-26T17:16:56Z,CAPTURED,2,2,
1530542,/fixtures/lineups,Denmark,119,Superliga,2025,Relegation Group - 27,2026-04-19T12:00:00+00:00,Silkeborg,FC Fredericia,1,2026-09-26T17:16:56Z,CAPTURED,2,2,
1530543,/fixtures/lineups,Denmark,119,Superliga,2025,Relegation Group - 27,2026-04-19T16:00:00+00:00,Vejle,FC Copenhagen,1,2026-09-26T17:16:56Z,CAPTURED,2,2,
1530544,/fixtures/lineups,Denmark,119,Superliga,2025,Relegation Group - 28,2026-04-22T16:00:00+00:00,FC Copenhagen,Odense,1,2026-09-26T17:16:56Z,CAPTURED,2,2,
1530545,/fixtures/lineups,Denmark,119,Superliga,2025,Relegation Group - 28,2026-04-22T16:00:00+00:00,Vejle,Silkeborg,1,2026-09-26T17:16:56Z,CAPTURED,2,2,
1530546,/fixtures/lineups,Denmark,119,Superliga,2025,Relegation Group - 28,2026-04-23T16:00:00+00:00,Randers FC,FC Fredericia,1,2026-09-26T17:16:56Z,CAPTURED,2,2,
1530547,/fixtures/lineups,Denmark,119,Superliga,2025,Relegation Group - 29,2026-04-26T12:00:00+00:00,FC Fredericia,Odense,1,2026-09-26T17:16:56Z,CAPTURED,2,2,
1530548,/fixtures/lineups,Denmark,119,Superliga,2025,Relegation Group - 29,2026-04-26T12:00:00+00:00,Silkeborg,Randers FC,1,2026-09-26T17:16:56Z,CAPTURED,2,2,
1530549,/fixtures/lineups,Denmark,119,Superliga,2025,Relegation Group - 29,2026-04-27T17:00:00+00:00,FC Copenhagen,Vejle,1,2026-09-26T17:16:56Z,CAPTURED,2,2,
1530550,/fixtures/lineups,Denmark,119,Superliga,2025,Relegation Group - 30,2026-05-03T12:00:00+00:00,Odense,Silkeborg,1,2026-09-26T17:16:56Z,CAPTURED,2,2,
1530551,/fixtures/lineups,Denmark,119,Superliga,2025,Relegation Group - 30,2026-05-03T12:00:00+00:00,Randers FC,Vejle,1,2026-09-26T17:16:56Z,CAPTURED,2,2,
1530552,/fixtures/lineups,Denmark,119,Superliga,2025,Relegation Group - 30,2026-05-03T14:00:00+00:00,FC Fredericia,FC Copenhagen,1,2026-09-26T17:16:56Z,CAPTURED,2,2,
1530553,/fixtures/lineups,Denmark,119,Superliga,2025,Relegation Group - 31,2026-05-11T17:00:00+00:00,Randers FC,Odense,1,2026-09-26T17:16:56Z,CAPTURED,2,2,
1530554,/fixtures/lineups,Denmark,119,Superliga,2025,Relegation Group - 31,2026-05-10T14:00:00+00:00,Silkeborg,FC Copenhagen,1,2026-09-26T17:16:56Z,CAPTURED,2,2,
1530555,/fixtures/lineups,Denmark,119,Superliga,2025,Relegation Group - 31,2026-05-10T12:00:00+00:00,Vejle,FC Fredericia,1,2026-09-26T17:16:56Z,CAPTURED,2,2,
1530556,/fixtures/lineups,Denmark,119,Superliga,2025,Relegation Group - 32,2026-05-17T12:00:00+00:00,FC Copenhagen,Randers FC,1,2026-09-26T17:16:56Z,CAPTURED,2,2,
1530557,/fixtures/lineups,Denmark,119,Superliga,2025,Relegation Group - 32,2026-05-17T12:00:00+00:00,FC Fredericia,Silkeborg,1,2026-09-26T17:16:56Z,CAPTURED,2,2,
1530558,/fixtures/lineups,Denmark,119,Superliga,2025,Relegation Group - 32,2026-05-17T12:00:00+00:00,Odense,Vejle,1,2026-09-26T17:16:56Z,CAPTURED,2,2,
1530559,/fixtures/lineups,Denmark,119,Superliga,2025,Championship Group - 23,2026-03-15T13:00:00+00:00,FC Midtjylland,FC Nordsjaelland,1,2026-09-26T17:16:56Z,CAPTURED,2,2,
1530560,/fixtures/lineups,Denmark,119,Superliga,2025,Championship Group - 23,2026-03-15T15:00:00+00:00,Sonderjyske,Aarhus,1,2026-09-26T17:16:56Z,CAPTURED,2,2,
1530561,/fixtures/lineups,Denmark,119,Superliga,2025,Championship Group - 23,2026-03-15T17:00:00+00:00,Brondby,Viborg,1,2026-09-26T17:16:56Z,CAPTURED,2,2,
1530562,/fixtures/lineups,Denmark,119,Superliga,2025,Championship Group - 24,2026-03-22T13:00:00+00:00,FC Nordsjaelland,Sonderjyske,1,2026-09-26T17:16:56Z,CAPTURED,2,2,
1530563,/fixtures/lineups,Denmark,119,Superliga,2025,Championship Group - 24,2026-03-22T17:00:00+00:00,Aarhus,Brondby,1,2026-09-26T17:16:56Z,CAPTURED,2,2,
1530564,/fixtures/lineups,Denmark,119,Superliga,2025,Championship Group - 24,2026-03-22T19:00:00+00:00,Viborg,FC Midtjylland,1,2026-09-26T17:16:56Z,CAPTURED,2,2,
1530565,/fixtures/lineups,Denmark,119,Superliga,2025,Championship Group - 25,2026-04-04T16:00:00+00:00,FC Midtjylland,Sonderjyske,1,2026-09-26T17:16:56Z,CAPTURED,2,2,
1530566,/fixtures/lineups,Denmark,119,Superliga,2025,Championship Group - 25,2026-04-06T16:00:00+00:00,Viborg,Aarhus,1,2026-09-26T17:16:56Z,CAPTURED,2,2,
1530567,/fixtures/lineups,Denmark,119,Superliga,2025,Championship Group - 25,2026-04-07T17:00:00+00:00,FC Nordsjaelland,Brondby,1,2026-09-26T17:16:56Z,CAPTURED,2,2,
1530568,/fixtures/lineups,Denmark,119,Superliga,2025,Championship Group - 26,2026-04-10T17:00:00+00:00,Aarhus,FC Nordsjaelland,1,2026-09-26T17:16:56Z,CAPTURED,2,2,
1530569,/fixtures/lineups,Denmark,119,Superliga,2025,Championship Group - 26,2026-04-12T12:00:00+00:00,Sonderjyske,Viborg,1,2026-09-26T17:16:56Z,CAPTURED,2,2,
1530570,/fixtures/lineups,Denmark,119,Superliga,2025,Championship Group - 26,2026-04-12T14:00:00+00:00,Brondby,FC Midtjylland,1,2026-09-26T17:16:56Z,CAPTURED,2,2,
1530571,/fixtures/lineups,Denmark,119,Superliga,2025,Championship Group - 27,2026-04-17T17:00:00+00:00,Brondby,Sonderjyske,1,2026-09-26T17:16:56Z,CAPTURED,2,2,
1530572,/fixtures/lineups,Denmark,119,Superliga,2025,Championship Group - 27,2026-04-19T14:00:00+00:00,FC Nordsjaelland,Viborg,1,2026-09-26T17:16:56Z,CAPTURED,2,2,
1530573,/fixtures/lineups,Denmark,119,Superliga,2025,Championship Group - 27,2026-04-20T17:00:00+00:00,FC Midtjylland,Aarhus,1,2026-09-26T17:16:56Z,CAPTURED,2,2,
1530574,/fixtures/lineups,Denmark,119,Superliga,2025,Championship Group - 28,2026-04-22T18:00:00+00:00,Viborg,Brondby,1,2026-09-26T17:16:56Z,CAPTURED,2,2,
1530575,/fixtures/lineups,Denmark,119,Superliga,2025,Championship Group - 28,2026-04-23T16:00:00+00:00,FC Nordsjaelland,Aarhus,1,2026-09-26T17:16:56Z,CAPTURED,2,2,
1530576,/fixtures/lineups,Denmark,119,Superliga,2025,Championship Group - 28,2026-04-23T18:00:00+00:00,Sonderjyske,FC Midtjylland,1,2026-09-26T17:16:56Z,CAPTURED,2,2,
1530577,/fixtures/lineups,Denmark,119,Superliga,2025,Championship Group - 29,2026-04-26T14:00:00+00:00,Sonderjyske,Brondby,1,2026-09-26T17:16:56Z,CAPTURED,2,2,
1530578,/fixtures/lineups,Denmark,119,Superliga,2025,Championship Group - 29,2026-04-26T16:00:00+00:00,Viborg,FC Nordsjaelland,1,2026-09-26T17:16:56Z,CAPTURED,2,2,
1530579,/fixtures/lineups,Denmark,119,Superliga,2025,Championship Group - 29,2026-04-26T18:00:00+00:00,Aarhus,FC Midtjylland,1,2026-09-26T17:16:56Z,CAPTURED,2,2,
1530580,/fixtures/lineups,Denmark,119,Superliga,2025,Championship Group - 30,2026-05-01T17:00:00+00:00,Brondby,FC Nordsjaelland,1,2026-09-26T17:16:56Z,CAPTURED,2,2,
1530581,/fixtures/lineups,Denmark,119,Superliga,2025,Championship Group - 30,2026-05-03T16:00:00+00:00,Aarhus,Sonderjyske,1,2026-09-26T17:16:56Z,CAPTURED,2,2,
1530582,/fixtures/lineups,Denmark,119,Superliga,2025,Championship Group - 30,2026-05-04T17:00:00+00:00,FC Midtjylland,Viborg,1,2026-09-26T17:16:56Z,CAPTURED,2,2,
1530583,/fixtures/lineups,Denmark,119,Superliga,2025,Championship Group - 31,2026-05-10T16:00:00+00:00,Brondby,Aarhus,1,2026-09-26T17:16:56Z,CAPTURED,2,2,
1530584,/fixtures/lineups,Denmark,119,Superliga,2025,Championship Group - 31,2026-05-10T12:00:00+00:00,FC Nordsjaelland,FC Midtjylland,1,2026-09-26T17:16:56Z,CAPTURED,2,2,
1530585,/fixtures/lineups,Denmark,119,Superliga,2025,Championship Group - 31,2026-05-08T17:00:00+00:00,Viborg,Sonderjyske,1,2026-09-26T17:16:56Z,CAPTURED,2,2,
1530586,/fixtures/lineups,Denmark,119,Superliga,2025,Championship Group - 32,2026-05-17T16:00:00+00:00,Aarhus,Viborg,1,2026-09-26T17:16:56Z,CAPTURED,2,2,
1530587,/fixtures/lineups,Denmark,119,Superliga,2025,Championship Group - 32,2026-05-17T16:00:00+00:00,FC Midtjylland,Brondby,1,2026-09-26T17:16:56Z,CAPTURED,2,2,
1530588,/fixtures/lineups,Denmark,119,Superliga,2025,Championship Group - 32,2026-05-17T16:00:00+00:00,Sonderjyske,FC Nordsjaelland,1,2026-09-26T17:16:56Z,CAPTURED,2,2,
1536936,/fixtures/lineups,Belgium,144,Jupiler Pro League,2025,Conference League Group - 31,2026-04-03T18:45:00+00:00,Antwerp,Genk,1,2026-09-26T17:16:56Z,CAPTURED,2,2,
1536937,/fixtures/lineups,Belgium,144,Jupiler Pro League,2025,Conference League Group - 31,2026-04-04T16:15:00+00:00,OH Leuven,Standard Liege,1,2026-09-26T17:16:56Z,CAPTURED,2,2,
1536938,/fixtures/lineups,Belgium,144,Jupiler Pro League,2025,Conference League Group - 31,2026-04-05T16:30:00+00:00,KVC Westerlo,Charleroi,1,2026-09-26T17:16:56Z,CAPTURED,2,2,
1536939,/fixtures/lineups,Belgium,144,Jupiler Pro League,2025,Conference League Group - 32,2026-04-10T18:45:00+00:00,Charleroi,Antwerp,1,2026-09-26T17:16:56Z,CAPTURED,2,2,
1536940,/fixtures/lineups,Belgium,144,Jupiler Pro League,2025,Conference League Group - 32,2026-04-11T16:15:00+00:00,Standard Liege,KVC Westerlo,1,2026-09-26T17:16:56Z,CAPTURED,2,2,
1536941,/fixtures/lineups,Belgium,144,Jupiler Pro League,2025,Conference League Group - 32,2026-04-12T14:00:00+00:00,Genk,OH Leuven,1,2026-09-26T17:16:56Z,CAPTURED,2,2,
1536942,/fixtures/lineups,Belgium,144,Jupiler Pro League,2025,Conference League Group - 33,2026-04-18T16:15:00+00:00,KVC Westerlo,Genk,1,2026-09-26T17:16:56Z,CAPTURED,2,2,
1536943,/fixtures/lineups,Belgium,144,Jupiler Pro League,2025,Conference League Group - 33,2026-04-18T16:15:00+00:00,Charleroi,Standard Liege,1,2026-09-26T17:16:56Z,CAPTURED,2,2,
1536944,/fixtures/lineups,Belgium,144,Jupiler Pro League,2025,Conference League Group - 33,2026-04-18T14:00:00+00:00,Antwerp,OH Leuven,1,2026-09-26T17:16:56Z,CAPTURED,2,2,
1536945,/fixtures/lineups,Belgium,144,Jupiler Pro League,2025,Conference League Group - 34,2026-04-21T18:30:00+00:00,Standard Liege,Antwerp,1,2026-09-26T17:16:56Z,CAPTURED,2,2,
1536946,/fixtures/lineups,Belgium,144,Jupiler Pro League,2025,Conference League Group - 34,2026-04-21T18:30:00+00:00,OH Leuven,KVC Westerlo,1,2026-09-26T17:16:56Z,CAPTURED,2,2,
1536947,/fixtures/lineups,Belgium,144,Jupiler Pro League,2025,Conference League Group - 34,2026-04-21T18:30:00+00:00,Genk,Charleroi,1,2026-09-26T17:16:56Z,CAPTURED,2,2,
1536948,/fixtures/lineups,Belgium,144,Jupiler Pro League,2025,Conference League Group - 35,2026-04-25T18:45:00+00:00,KVC Westerlo,Antwerp,1,2026-09-26T17:16:56Z,CAPTURED,2,2,
1536949,/fixtures/lineups,Belgium,144,Jupiler Pro League,2025,Conference League Group - 35,2026-04-25T16:15:00+00:00,Genk,Standard Liege,1,2026-09-26T17:16:56Z,CAPTURED,2,2,
1536950,/fixtures/lineups,Belgium,144,Jupiler Pro League,2025,Conference League Group - 35,2026-04-25T14:00:00+00:00,OH Leuven,Charleroi,1,2026-09-26T17:16:56Z,CAPTURED,2,2,
1536951,/fixtures/lineups,Belgium,144,Jupiler Pro League,2025,Conference League Group - 36,2026-05-02T16:15:00+00:00,Charleroi,Genk,1,2026-09-26T17:16:56Z,CAPTURED,2,2,
1536952,/fixtures/lineups,Belgium,144,Jupiler Pro League,2025,Conference League Group - 36,2026-05-02T14:00:00+00:00,KVC Westerlo,OH Leuven,1,2026-09-26T17:16:56Z,CAPTURED,2,2,
1536953,/fixtures/lineups,Belgium,144,Jupiler Pro League,2025,Conference League Group - 36,2026-05-03T14:00:00+00:00,Antwerp,Standard Liege,1,2026-09-26T17:16:56Z,CAPTURED,2,2,
1536954,/fixtures/lineups,Belgium,144,Jupiler Pro League,2025,Conference League Group - 37,2026-05-08T18:45:00+00:00,Standard Liege,OH Leuven,1,2026-09-26T17:16:56Z,CAPTURED,2,2,
1536955,/fixtures/lineups,Belgium,144,Jupiler Pro League,2025,Conference League Group - 37,2026-05-10T14:00:00+00:00,Antwerp,Charleroi,1,2026-09-26T17:16:56Z,CAPTURED,2,2,
1536956,/fixtures/lineups,Belgium,144,Jupiler Pro League,2025,Conference League Group - 37,2026-05-10T17:15:00+00:00,Genk,KVC Westerlo,1,2026-09-26T17:16:56Z,CAPTURED,2,2,
1536957,/fixtures/lineups,Belgium,144,Jupiler Pro League,2025,Conference League Group - 38,2026-05-16T16:15:00+00:00,Standard Liege,Genk,1,2026-09-26T17:16:56Z,CAPTURED,2,2,
1536958,/fixtures/lineups,Belgium,144,Jupiler Pro League,2025,Conference League Group - 38,2026-05-16T14:00:00+00:00,Charleroi,KVC Westerlo,1,2026-09-26T17:16:56Z,CAPTURED,2,2,
1536959,/fixtures/lineups,Belgium,144,Jupiler Pro League,2025,Conference League Group - 38,2026-05-15T18:45:00+00:00,OH Leuven,Antwerp,1,2026-09-26T17:16:56Z,CAPTURED,2,2,
1536960,/fixtures/lineups,Belgium,144,Jupiler Pro League,2025,Conference League Group - 39,2026-05-19T18:30:00+00:00,KVC Westerlo,Standard Liege,1,2026-09-26T17:16:56Z,CAPTURED,2,2,
1536961,/fixtures/lineups,Belgium,144,Jupiler Pro League,2025,Conference League Group - 39,2026-05-19T18:30:00+00:00,Genk,Antwerp,1,2026-09-26T17:16:56Z,CAPTURED,2,2,
1536962,/fixtures/lineups,Belgium,144,Jupiler Pro League,2025,Conference League Group - 39,2026-05-19T18:30:00+00:00,Charleroi,OH Leuven,1,2026-09-26T17:16:56Z,CAPTURED,2,2,
1536963,/fixtures/lineups,Belgium,144,Jupiler Pro League,2025,Conference League Group - 40,2026-05-23T18:45:00+00:00,Standard Liege,Charleroi,1,2026-09-26T17:16:56Z,CAPTURED,2,2,
1536964,/fixtures/lineups,Belgium,144,Jupiler Pro League,2025,Conference League Group - 40,2026-05-23T18:45:00+00:00,OH Leuven,Genk,1,2026-09-26T17:16:56Z,CAPTURED,2,2,
1536965,/fixtures/lineups,Belgium,144,Jupiler Pro League,2025,Conference League Group - 40,2026-05-23T18:45:00+00:00,Antwerp,KVC Westerlo,1,2026-09-26T17:16:56Z,CAPTURED,2,2,
1536966,/fixtures/lineups,Belgium,144,Jupiler Pro League,2025,Relegation Group - 31,2026-04-04T14:00:00+00:00,Zulte Waregem,Cercle Brugge,1,2026-09-26T17:16:56Z,CAPTURED,2,2,
1536967,/fixtures/lineups,Belgium,144,Jupiler Pro League,2025,Relegation Group - 31,2026-04-06T14:00:00+00:00,RAAL La Louvière,Dender,1,2026-09-26T17:16:56Z,CAPTURED,2,2,
1536968,/fixtures/lineups,Belgium,144,Jupiler Pro League,2025,Relegation Group - 32,2026-04-11T14:00:00+00:00,Cercle Brugge,RAAL La Louvière,1,2026-09-26T17:16:56Z,CAPTURED,2,2,
1536969,/fixtures/lineups,Belgium,144,Jupiler Pro League,2025,Relegation Group - 32,2026-04-12T17:15:00+00:00,Dender,Zulte Waregem,1,2026-09-26T17:16:56Z,CAPTURED,2,2,
1536970,/fixtures/lineups,Belgium,144,Jupiler Pro League,2025,Relegation Group - 33,2026-04-19T14:00:00+00:00,Dender,Cercle Brugge,1,2026-09-26T17:16:56Z,CAPTURED,2,2,
1536971,/fixtures/lineups,Belgium,144,Jupiler Pro League,2025,Relegation Group - 33,2026-04-19T17:15:00+00:00,RAAL La Louvière,Zulte Waregem,1,2026-09-26T17:16:56Z,CAPTURED,2,2,
1536972,/fixtures/lineups,Belgium,144,Jupiler Pro League,2025,Relegation Group - 34,2026-04-24T18:45:00+00:00,Cercle Brugge,Dender,1,2026-09-26T17:16:56Z,CAPTURED,2,2,
1536973,/fixtures/lineups,Belgium,144,Jupiler Pro League,2025,Relegation Group - 34,2026-04-26T17:15:00+00:00,Zulte Waregem,RAAL La Louvière,1,2026-09-26T17:16:56Z,CAPTURED,2,2,
1536974,/fixtures/lineups,Belgium,144,Jupiler Pro League,2025,Relegation Group - 35,2026-05-01T18:45:00+00:00,Cercle Brugge,Zulte Waregem,1,2026-09-26T17:16:56Z,CAPTURED,2,2,
1536975,/fixtures/lineups,Belgium,144,Jupiler Pro League,2025,Relegation Group - 35,2026-05-03T17:15:00+00:00,Dender,RAAL La Louvière,1,2026-09-26T17:16:56Z,CAPTURED,2,2,
1536976,/fixtures/lineups,Belgium,144,Jupiler Pro League,2025,Relegation Group - 36,2026-05-09T14:00:00+00:00,Zulte Waregem,Dender,1,2026-09-26T17:16:56Z,CAPTURED,2,2,
1536977,/fixtures/lineups,Belgium,144,Jupiler Pro League,2025,Relegation Group - 36,2026-05-09T14:00:00+00:00,RAAL La Louvière,Cercle Brugge,1,2026-09-26T17:16:56Z,CAPTURED,2,2,
1536978,/fixtures/lineups,Belgium,144,Jupiler Pro League,2025,Championship Group - 31,2026-04-04T18:45:00+00:00,Union St. Gilloise,St. Truiden,1,2026-09-26T17:16:56Z,CAPTURED,2,2,
1536979,/fixtures/lineups,Belgium,144,Jupiler Pro League,2025,Championship Group - 31,2026-04-06T11:30:00+00:00,Club Brugge KV,Anderlecht,1,2026-09-26T17:16:56Z,CAPTURED,2,2,
1536980,/fixtures/lineups,Belgium,144,Jupiler Pro League,2025,Championship Group - 31,2026-04-06T16:30:00+00:00,Gent,KV Mechelen,1,2026-09-26T17:16:56Z,CAPTURED,2,2,
1536981,/fixtures/lineups,Belgium,144,Jupiler Pro League,2025,Championship Group - 32,2026-04-12T11:30:00+00:00,KV Mechelen,Union St. Gilloise,1,2026-09-26T17:16:56Z,CAPTURED,2,2,
1536982,/fixtures/lineups,Belgium,144,Jupiler Pro League,2025,Championship Group - 32,2026-04-11T18:45:00+00:00,St. Truiden,Club Brugge KV,1,2026-09-26T17:16:56Z,CAPTURED,2,2,
1536983,/fixtures/lineups,Belgium,144,Jupiler Pro League,2025,Championship Group - 32,2026-04-12T16:30:00+00:00,Anderlecht,Gent,1,2026-09-26T17:16:56Z,CAPTURED,2,2,
1536984,/fixtures/lineups,Belgium,144,Jupiler Pro League,2025,Championship Group - 33,2026-04-19T11:30:00+00:00,Gent,St. Truiden,1,2026-09-26T17:16:56Z,CAPTURED,2,2,
1536985,/fixtures/lineups,Belgium,144,Jupiler Pro League,2025,Championship Group - 33,2026-04-18T18:45:00+00:00,KV Mechelen,Anderlecht,1,2026-09-26T17:16:56Z,CAPTURED,2,2,
1536986,/fixtures/lineups,Belgium,144,Jupiler Pro League,2025,Championship Group - 33,2026-04-19T16:30:00+00:00,Union St. Gilloise,Club Brugge KV,1,2026-09-26T17:16:56Z,CAPTURED,2,2,
1536987,/fixtures/lineups,Belgium,144,Jupiler Pro League,2025,Championship Group - 34,2026-04-23T18:45:00+00:00,St. Truiden,Anderlecht,1,2026-09-26T17:16:56Z,CAPTURED,2,2,
1536988,/fixtures/lineups,Belgium,144,Jupiler Pro League,2025,Championship Group - 34,2026-04-22T18:30:00+00:00,Union St. Gilloise,Gent,1,2026-09-26T17:16:56Z,CAPTURED,2,2,
1536989,/fixtures/lineups,Belgium,144,Jupiler Pro League,2025,Championship Group - 34,2026-04-22T18:30:00+00:00,Club Brugge KV,KV Mechelen,1,2026-09-26T17:16:56Z,CAPTURED,2,2,
1536990,/fixtures/lineups,Belgium,144,Jupiler Pro League,2025,Championship Group - 35,2026-04-26T16:30:00+00:00,Anderlecht,Union St. Gilloise,1,2026-09-26T17:16:56Z,CAPTURED,2,2,
1536991,/fixtures/lineups,Belgium,144,Jupiler Pro League,2025,Championship Group - 35,2026-04-26T14:00:00+00:00,KV Mechelen,St. Truiden,1,2026-09-26T17:16:56Z,CAPTURED,2,2,
1536992,/fixtures/lineups,Belgium,144,Jupiler Pro League,2025,Championship Group - 35,2026-04-26T11:30:00+00:00,Gent,Club Brugge KV,1,2026-09-26T17:16:56Z,CAPTURED,2,2,
1536993,/fixtures/lineups,Belgium,144,Jupiler Pro League,2025,Championship Group - 36,2026-05-03T11:30:00+00:00,KV Mechelen,Gent,1,2026-09-26T17:16:56Z,CAPTURED,2,2,
1536994,/fixtures/lineups,Belgium,144,Jupiler Pro League,2025,Championship Group - 36,2026-05-02T18:45:00+00:00,St. Truiden,Union St. Gilloise,1,2026-09-26T17:16:56Z,CAPTURED,2,2,
1536995,/fixtures/lineups,Belgium,144,Jupiler Pro League,2025,Championship Group - 36,2026-05-03T16:30:00+00:00,Anderlecht,Club Brugge KV,1,2026-09-26T17:16:56Z,CAPTURED,2,2,
1536996,/fixtures/lineups,Belgium,144,Jupiler Pro League,2025,Championship Group - 37,2026-05-10T11:30:00+00:00,Gent,Anderlecht,1,2026-09-26T17:16:56Z,CAPTURED,2,2,
1536997,/fixtures/lineups,Belgium,144,Jupiler Pro League,2025,Championship Group - 37,2026-05-09T18:45:00+00:00,Club Brugge KV,St. Truiden,1,2026-09-26T17:16:56Z,CAPTURED,2,2,
1536998,/fixtures/lineups,Belgium,144,Jupiler Pro League,2025,Championship Group - 37,2026-05-10T16:30:00+00:00,Union St. Gilloise,KV Mechelen,1,2026-09-26T17:16:56Z,CAPTURED,2,2,
1536999,/fixtures/lineups,Belgium,144,Jupiler Pro League,2025,Championship Group - 38,2026-05-17T16:30:00+00:00,Club Brugge KV,Union St. Gilloise,1,2026-09-26T17:16:56Z,CAPTURED,2,2,
1537000,/fixtures/lineups,Belgium,144,Jupiler Pro League,2025,Championship Group - 38,2026-05-17T11:30:00+00:00,Anderlecht,KV Mechelen,1,2026-09-26T17:16:56Z,CAPTURED,2,2,
1537001,/fixtures/lineups,Belgium,144,Jupiler Pro League,2025,Championship Group - 38,2026-05-16T18:45:00+00:00,St. Truiden,Gent,1,2026-09-26T17:16:56Z,CAPTURED,2,2,
1537002,/fixtures/lineups,Belgium,144,Jupiler Pro League,2025,Championship Group - 39,2026-05-21T18:30:00+00:00,KV Mechelen,Club Brugge KV,1,2026-09-26T17:16:56Z,CAPTURED,2,2,
1537003,/fixtures/lineups,Belgium,144,Jupiler Pro League,2025,Championship Group - 39,2026-05-21T18:30:00+00:00,Gent,Union St. Gilloise,1,2026-09-26T17:16:56Z,CAPTURED,2,2,
1537004,/fixtures/lineups,Belgium,144,Jupiler Pro League,2025,Championship Group - 39,2026-05-21T18:30:00+00:00,Anderlecht,St. Truiden,1,2026-09-26T17:16:56Z,CAPTURED,2,2,
1537005,/fixtures/lineups,Belgium,144,Jupiler Pro League,2025,Championship Group - 40,2026-05-24T16:30:00+00:00,St. Truiden,KV Mechelen,1,2026-09-26T17:16:56Z,CAPTURED,2,2,
1537006,/fixtures/lineups,Belgium,144,Jupiler Pro League,2025,Championship Group - 40,2026-05-24T16:30:00+00:00,Union St. Gilloise,Anderlecht,1,2026-09-26T17:16:56Z,CAPTURED,2,2,
1537007,/fixtures/lineups,Belgium,144,Jupiler Pro League,2025,Championship Group - 40,2026-05-24T16:30:00+00:00,Club Brugge KV,Gent,1,2026-09-26T17:16:56Z,CAPTURED,2,2,
1541758,/fixtures/lineups,Belgium,144,Jupiler Pro League,2025,Quarter-finals,2026-04-23T18:30:00+00:00,Lommel United,Liège,1,2026-09-26T17:16:56Z,CAPTURED,2,2,
1541759,/fixtures/lineups,Belgium,144,Jupiler Pro League,2025,Quarter-finals,2026-04-23T18:30:00+00:00,Patro Eisden,Beerschot VA,1,2026-09-26T17:16:56Z,CAPTURED,2,2,
1541760,/fixtures/lineups,Belgium,144,Jupiler Pro League,2025,Quarter-finals,2026-04-27T18:30:00+00:00,Beerschot VA,Patro Eisden,1,2026-09-26T17:16:56Z,CAPTURED,2,2,
1541761,/fixtures/lineups,Belgium,144,Jupiler Pro League,2025,Quarter-finals,2026-04-27T18:30:00+00:00,Liège,Lommel United,1,2026-09-26T17:16:56Z,CAPTURED,2,2,
1542943,/fixtures/lineups,Belgium,144,Jupiler Pro League,2025,Semi-finals,2026-05-02T18:00:00+00:00,Lommel United,Beerschot VA,1,2026-09-26T17:16:56Z,CAPTURED,2,2,
1542944,/fixtures/lineups,Belgium,144,Jupiler Pro League,2025,Semi-finals,2026-05-09T16:15:00+00:00,Beerschot VA,Lommel United,1,2026-09-26T17:16:56Z,CAPTURED,2,2,
1544682,/fixtures/lineups,Belgium,144,Jupiler Pro League,2025,Final,2026-05-17T14:00:00+00:00,Lommel United,Dender,1,2026-09-26T17:16:56Z,CAPTURED,2,2,
1544683,/fixtures/lineups,Belgium,144,Jupiler Pro League,2025,Final,2026-05-23T16:15:00+00:00,Dender,Lommel United,1,2026-09-26T17:16:56Z,CAPTURED,2,2,
1545410,/fixtures/lineups,Denmark,119,Superliga,2025,Final,2026-05-21T16:30:00+00:00,Brondby,FC Copenhagen,1,2026-09-26T17:16:56Z,CAPTURED,2,2,
1546340,/fixtures/lineups,Belgium,144,Jupiler Pro League,2025,Conference League Play-offs - Final,2026-05-31T16:30:00+00:00,Gent,Genk,1,2026-09-26T17:16:56Z,CAPTURED,2,2,
1379160,/fixtures/lineups,England,39,Premier League,2025,Regular Season - 20,2026-01-03T17:30:00+00:00,Bournemouth,Arsenal,1,2026-09-27T01:27:26Z,CAPTURED,2,2,
1379161,/fixtures/lineups,England,39,Premier League,2025,Regular Season - 20,2026-01-03T15:00:00+00:00,Brighton,Burnley,2,2026-09-27T01:27:26Z,CAPTURED,2,2,
1379162,/fixtures/lineups,England,39,Premier League,2025,Regular Season - 20,2026-01-04T15:00:00+00:00,Everton,Brentford,1,2026-09-27T01:27:26Z,CAPTURED,2,2,
1379163,/fixtures/lineups,England,39,Premier League,2025,Regular Season - 20,2026-01-04T15:15:00+00:00,Fulham,Liverpool,1,2026-09-27T01:27:26Z,CAPTURED,2,2,
1379164,/fixtures/lineups,England,39,Premier League,2025,Regular Season - 20,2026-01-04T12:30:00+00:00,Leeds,Manchester United,1,2026-09-27T01:27:26Z,CAPTURED,2,2,
1379165,/fixtures/lineups,England,39,Premier League,2025,Regular Season - 20,2026-01-04T17:30:00+00:00,Manchester City,Chelsea,1,2026-09-27T01:27:26Z,CAPTURED,2,2,
1379166,/fixtures/lineups,England,39,Premier League,2025,Regular Season - 20,2026-01-04T15:00:00+00:00,Newcastle,Crystal Palace,1,2026-09-27T01:27:26Z,CAPTURED,2,2,
1379167,/fixtures/lineups,England,39,Premier League,2025,Regular Season - 20,2026-01-04T15:00:00+00:00,Tottenham,Sunderland,1,2026-09-27T01:27:26Z,CAPTURED,2,2,
1379168,/fixtures/lineups,England,39,Premier League,2025,Regular Season - 20,2026-01-03T15:00:00+00:00,Wolves,West Ham,1,2026-09-27T01:27:26Z,CAPTURED,2,2,
1379169,/fixtures/lineups,England,39,Premier League,2025,Regular Season - 21,2026-01-08T20:00:00+00:00,Arsenal,Liverpool,1,2026-09-27T01:27:26Z,CAPTURED,2,2,
1379170,/fixtures/lineups,England,39,Premier League,2025,Regular Season - 21,2026-01-07T19:30:00+00:00,Bournemouth,Tottenham,1,2026-09-27T01:27:26Z,CAPTURED,2,2,
1379171,/fixtures/lineups,England,39,Premier League,2025,Regular Season - 21,2026-01-07T19:30:00+00:00,Brentford,Sunderland,1,2026-09-27T01:27:26Z,CAPTURED,2,2,
1379172,/fixtures/lineups,England,39,Premier League,2025,Regular Season - 21,2026-01-07T20:15:00+00:00,Burnley,Manchester United,1,2026-09-27T01:27:26Z,CAPTURED,2,2,
1379173,/fixtures/lineups,England,39,Premier League,2025,Regular Season - 21,2026-01-07T19:30:00+00:00,Crystal Palace,Aston Villa,1,2026-09-27T01:27:26Z,CAPTURED,2,2,
1379174,/fixtures/lineups,England,39,Premier League,2025,Regular Season - 21,2026-01-07T19:30:00+00:00,Everton,Wolves,1,2026-09-27T01:27:26Z,CAPTURED,2,2,
1379175,/fixtures/lineups,England,39,Premier League,2025,Regular Season - 21,2026-01-07T19:30:00+00:00,Fulham,Chelsea,1,2026-09-27T01:27:26Z,CAPTURED,2,2,
1379176,/fixtures/lineups,England,39,Premier League,2025,Regular Season - 21,2026-01-07T19:30:00+00:00,Manchester City,Brighton,1,2026-09-27T01:27:26Z,CAPTURED,2,2,
1379177,/fixtures/lineups,England,39,Premier League,2025,Regular Season - 21,2026-01-07T20:15:00+00:00,Newcastle,Leeds,1,2026-09-27T01:27:26Z,CAPTURED,2,2,
1379178,/fixtures/lineups,England,39,Premier League,2025,Regular Season - 21,2026-01-06T20:00:00+00:00,West Ham,Nottingham Forest,1,2026-09-27T01:27:26Z,CAPTURED,2,2,
1379179,/fixtures/lineups,England,39,Premier League,2025,Regular Season - 22,2026-01-18T16:30:00+00:00,Aston Villa,Everton,1,2026-09-27T01:27:26Z,CAPTURED,2,2,
1379180,/fixtures/lineups,England,39,Premier League,2025,Regular Season - 22,2026-01-19T20:00:00+00:00,Brighton,Bournemouth,1,2026-09-27T01:27:26Z,CAPTURED,2,2,
1379181,/fixtures/lineups,England,39,Premier League,2025,Regular Season - 22,2026-01-17T15:00:00+00:00,Chelsea,Brentford,1,2026-09-27T01:27:26Z,CAPTURED,2,2,
1379182,/fixtures/lineups,England,39,Premier League,2025,Regular Season - 22,2026-01-17T15:00:00+00:00,Leeds,Fulham,1,2026-09-27T01:27:26Z,CAPTURED,2,2,
1379183,/fixtures/lineups,England,39,Premier League,2025,Regular Season - 22,2026-01-17T15:00:00+00:00,Liverpool,Burnley,1,2026-09-27T01:27:26Z,CAPTURED,2,2,
1379184,/fixtures/lineups,England,39,Premier League,2025,Regular Season - 22,2026-01-17T12:30:00+00:00,Manchester United,Manchester City,1,2026-09-27T01:27:26Z,CAPTURED,2,2,
1379185,/fixtures/lineups,England,39,Premier League,2025,Regular Season - 22,2026-01-17T17:30:00+00:00,Nottingham Forest,Arsenal,1,2026-09-27T01:27:26Z,CAPTURED,2,2,
1379186,/fixtures/lineups,England,39,Premier League,2025,Regular Season - 22,2026-01-17T15:00:00+00:00,Sunderland,Crystal Palace,1,2026-09-27T01:27:26Z,CAPTURED,2,2,
1379187,/fixtures/lineups,England,39,Premier League,2025,Regular Season - 22,2026-01-17T15:00:00+00:00,Tottenham,West Ham,1,2026-09-27T01:27:26Z,CAPTURED,2,2,
1379188,/fixtures/lineups,England,39,Premier League,2025,Regular Season - 22,2026-01-18T14:00:00+00:00,Wolves,Newcastle,1,2026-09-27T01:27:26Z,CAPTURED,2,2,
1379189,/fixtures/lineups,England,39,Premier League,2025,Regular Season - 23,2026-01-25T16:30:00+00:00,Arsenal,Manchester United,1,2026-09-27T01:27:26Z,CAPTURED,2,2,
1379190,/fixtures/lineups,England,39,Premier League,2025,Regular Season - 23,2026-01-24T17:30:00+00:00,Bournemouth,Liverpool,1,2026-09-27T01:27:26Z,CAPTURED,2,2,
1379191,/fixtures/lineups,England,39,Premier League,2025,Regular Season - 23,2026-01-25T14:00:00+00:00,Brentford,Nottingham Forest,1,2026-09-27T01:27:26Z,CAPTURED,2,2,
1379192,/fixtures/lineups,England,39,Premier League,2025,Regular Season - 23,2026-01-24T15:00:00+00:00,Burnley,Tottenham,1,2026-09-27T01:27:26Z,CAPTURED,2,2,
1379193,/fixtures/lineups,England,39,Premier League,2025,Regular Season - 23,2026-01-25T14:00:00+00:00,Crystal Palace,Chelsea,1,2026-09-27T01:27:26Z,CAPTURED,2,2,
1379194,/fixtures/lineups,England,39,Premier League,2025,Regular Season - 23,2026-01-26T20:00:00+00:00,Everton,Leeds,1,2026-09-27T01:27:26Z,CAPTURED,2,2,
1379195,/fixtures/lineups,England,39,Premier League,2025,Regular Season - 23,2026-01-24T15:00:00+00:00,Fulham,Brighton,1,2026-09-27T01:27:26Z,CAPTURED,2,2,
1379196,/fixtures/lineups,England,39,Premier League,2025,Regular Season - 23,2026-01-24T15:00:00+00:00,Manchester City,Wolves,1,2026-09-27T01:27:26Z,CAPTURED,2,2,
1379197,/fixtures/lineups,England,39,Premier League,2025,Regular Season - 23,2026-01-25T14:00:00+00:00,Newcastle,Aston Villa,1,2026-09-27T01:27:26Z,CAPTURED,2,2,
1379198,/fixtures/lineups,England,39,Premier League,2025,Regular Season - 23,2026-01-24T12:30:00+00:00,West Ham,Sunderland,1,2026-09-27T01:27:26Z,CAPTURED,2,2,
1379199,/fixtures/lineups,England,39,Premier League,2025,Regular Season - 24,2026-02-01T14:00:00+00:00,Aston Villa,Brentford,1,2026-09-27T01:27:26Z,CAPTURED,2,2,
1379200,/fixtures/lineups,England,39,Premier League,2025,Regular Season - 24,2026-01-31T15:00:00+00:00,Brighton,Everton,1,2026-09-27T01:27:26Z,CAPTURED,2,2,
1379201,/fixtures/lineups,England,39,Premier League,2025,Regular Season - 24,2026-01-31T17:30:00+00:00,Chelsea,West Ham,1,2026-09-27T01:27:26Z,CAPTURED,2,2,
1379202,/fixtures/lineups,England,39,Premier League,2025,Regular Season - 24,2026-01-31T15:00:00+00:00,Leeds,Arsenal,1,2026-09-27T01:27:26Z,CAPTURED,2,2,
1379203,/fixtures/lineups,England,39,Premier League,2025,Regular Season - 24,2026-01-31T20:00:00+00:00,Liverpool,Newcastle,1,2026-09-27T01:27:26Z,CAPTURED,2,2,
1379204,/fixtures/lineups,England,39,Premier League,2025,Regular Season - 24,2026-02-01T14:00:00+00:00,Manchester United,Fulham,1,2026-09-27T01:27:26Z,CAPTURED,2,2,
1379205,/fixtures/lineups,England,39,Premier League,2025,Regular Season - 24,2026-02-01T14:00:00+00:00,Nottingham Forest,Crystal Palace,1,2026-09-27T01:27:26Z,CAPTURED,2,2,
1379206,/fixtures/lineups,England,39,Premier League,2025,Regular Season - 24,2026-02-02T20:00:00+00:00,Sunderland,Burnley,1,2026-09-27T01:27:26Z,CAPTURED,2,2,
1379207,/fixtures/lineups,England,39,Premier League,2025,Regular Season - 24,2026-02-01T16:30:00+00:00,Tottenham,Manchester City,1,2026-09-27T01:27:26Z,CAPTURED,2,2,
1379208,/fixtures/lineups,England,39,Premier League,2025,Regular Season - 24,2026-01-31T15:00:00+00:00,Wolves,Bournemouth,1,2026-09-27T01:27:26Z,CAPTURED,2,2,
1379214,/fixtures/lineups,England,39,Premier League,2025,Regular Season - 25,2026-02-06T20:00:00+00:00,Leeds,Nottingham Forest,1,2026-09-27T01:27:26Z,CAPTURED,2,2,
1379209,/fixtures/lineups,England,39,Premier League,2025,Regular Season - 25,2026-02-07T15:00:00+00:00,Arsenal,Sunderland,1,2026-09-27T05:27:41Z,CAPTURED,2,2,
1379210,/fixtures/lineups,England,39,Premier League,2025,Regular Season - 25,2026-02-07T15:00:00+00:00,Bournemouth,Aston Villa,1,2026-09-27T05:27:41Z,CAPTURED,2,2,
1379211,/fixtures/lineups,England,39,Premier League,2025,Regular Season - 25,2026-02-08T14:00:00+00:00,Brighton,Crystal Palace,1,2026-09-27T05:27:41Z,CAPTURED,2,2,
1379212,/fixtures/lineups,England,39,Premier League,2025,Regular Season - 25,2026-02-07T15:00:00+00:00,Burnley,West Ham,1,2026-09-27T05:27:41Z,CAPTURED,2,2,
1379213,/fixtures/lineups,England,39,Premier League,2025,Regular Season - 25,2026-02-07T15:00:00+00:00,Fulham,Everton,1,2026-09-27T05:27:41Z,CAPTURED,2,2,
1379215,/fixtures/lineups,England,39,Premier League,2025,Regular Season - 25,2026-02-08T16:30:00+00:00,Liverpool,Manchester City,1,2026-09-27T05:27:41Z,CAPTURED,2,2,
1379216,/fixtures/lineups,England,39,Premier League,2025,Regular Season - 25,2026-02-07T12:30:00+00:00,Manchester United,Tottenham,1,2026-09-27T05:27:41Z,CAPTURED,2,2,
1379217,/fixtures/lineups,England,39,Premier League,2025,Regular Season - 25,2026-02-07T17:30:00+00:00,Newcastle,Brentford,1,2026-09-27T05:27:41Z,CAPTURED,2,2,
1379218,/fixtures/lineups,England,39,Premier League,2025,Regular Season - 25,2026-02-07T15:00:00+00:00,Wolves,Chelsea,1,2026-09-27T05:27:41Z,CAPTURED,2,2,
1379219,/fixtures/lineups,England,39,Premier League,2025,Regular Season - 26,2026-02-11T19:30:00+00:00,Aston Villa,Brighton,1,2026-09-27T05:27:41Z,CAPTURED,2,2,
1379220,/fixtures/lineups,England,39,Premier League,2025,Regular Season - 26,2026-02-12T20:00:00+00:00,Brentford,Arsenal,1,2026-09-27T05:27:41Z,CAPTURED,2,2,
1379221,/fixtures/lineups,England,39,Premier League,2025,Regular Season - 26,2026-02-10T19:30:00+00:00,Chelsea,Leeds,1,2026-09-27T05:27:41Z,CAPTURED,2,2,
1379222,/fixtures/lineups,England,39,Premier League,2025,Regular Season - 26,2026-02-11T19:30:00+00:00,Crystal Palace,Burnley,1,2026-09-27T05:27:41Z,CAPTURED,2,2,
1379223,/fixtures/lineups,England,39,Premier League,2025,Regular Season - 26,2026-02-10T19:30:00+00:00,Everton,Bournemouth,1,2026-09-27T05:27:41Z,CAPTURED,2,2,
1379224,/fixtures/lineups,England,39,Premier League,2025,Regular Season - 26,2026-02-11T19:30:00+00:00,Manchester City,Fulham,1,2026-09-27T05:27:41Z,CAPTURED,2,2,
1379225,/fixtures/lineups,England,39,Premier League,2025,Regular Season - 26,2026-02-11T19:30:00+00:00,Nottingham Forest,Wolves,1,2026-09-27T05:27:41Z,CAPTURED,2,2,
1379226,/fixtures/lineups,England,39,Premier League,2025,Regular Season - 26,2026-02-11T20:15:00+00:00,Sunderland,Liverpool,1,2026-09-27T05:27:41Z,CAPTURED,2,2,
1379227,/fixtures/lineups,England,39,Premier League,2025,Regular Season - 26,2026-02-10T19:30:00+00:00,Tottenham,Newcastle,1,2026-09-27T05:27:41Z,CAPTURED,2,2,
1379228,/fixtures/lineups,England,39,Premier League,2025,Regular Season - 26,2026-02-10T20:15:00+00:00,West Ham,Manchester United,1,2026-09-27T05:27:41Z,CAPTURED,2,2,
1379229,/fixtures/lineups,England,39,Premier League,2025,Regular Season - 27,2026-02-21T15:00:00+00:00,Aston Villa,Leeds,1,2026-09-27T05:27:41Z,CAPTURED,2,2,
1379230,/fixtures/lineups,England,39,Premier League,2025,Regular Season - 27,2026-02-21T15:00:00+00:00,Brentford,Brighton,1,2026-09-27T05:27:41Z,CAPTURED,2,2,
1379231,/fixtures/lineups,England,39,Premier League,2025,Regular Season - 27,2026-02-21T15:00:00+00:00,Chelsea,Burnley,1,2026-09-27T05:27:41Z,CAPTURED,2,2,
1379232,/fixtures/lineups,England,39,Premier League,2025,Regular Season - 27,2026-02-22T14:00:00+00:00,Crystal Palace,Wolves,1,2026-09-27T05:27:41Z,CAPTURED,2,2,
1379233,/fixtures/lineups,England,39,Premier League,2025,Regular Season - 27,2026-02-23T20:00:00+00:00,Everton,Manchester United,1,2026-09-27T05:27:41Z,CAPTURED,2,2,
1379234,/fixtures/lineups,England,39,Premier League,2025,Regular Season - 27,2026-02-21T20:00:00+00:00,Manchester City,Newcastle,1,2026-09-27T05:27:41Z,CAPTURED,2,2,
1379235,/fixtures/lineups,England,39,Premier League,2025,Regular Season - 27,2026-02-22T14:00:00+00:00,Nottingham Forest,Liverpool,1,2026-09-27T05:27:41Z,CAPTURED,2,2,
1379236,/fixtures/lineups,England,39,Premier League,2025,Regular Season - 27,2026-02-22T14:00:00+00:00,Sunderland,Fulham,1,2026-09-27T05:27:41Z,CAPTURED,2,2,
1379237,/fixtures/lineups,England,39,Premier League,2025,Regular Season - 27,2026-02-22T16:30:00+00:00,Tottenham,Arsenal,1,2026-09-27T05:27:41Z,CAPTURED,2,2,
1379238,/fixtures/lineups,England,39,Premier League,2025,Regular Season - 27,2026-02-21T17:30:00+00:00,West Ham,Bournemouth,1,2026-09-27T05:27:41Z,CAPTURED,2,2,
1379239,/fixtures/lineups,England,39,Premier League,2025,Regular Season - 28,2026-03-01T16:30:00+00:00,Arsenal,Chelsea,1,2026-09-27T05:27:41Z,CAPTURED,2,2,
1379240,/fixtures/lineups,England,39,Premier League,2025,Regular Season - 28,2026-02-28T12:30:00+00:00,Bournemouth,Sunderland,1,2026-09-27T05:27:41Z,CAPTURED,2,2,
1379241,/fixtures/lineups,England,39,Premier League,2025,Regular Season - 28,2026-03-01T14:00:00+00:00,Brighton,Nottingham Forest,1,2026-09-27T05:27:41Z,CAPTURED,2,2,
1379242,/fixtures/lineups,England,39,Premier League,2025,Regular Season - 28,2026-02-28T15:00:00+00:00,Burnley,Brentford,1,2026-09-27T05:27:41Z,CAPTURED,2,2,
1379243,/fixtures/lineups,England,39,Premier League,2025,Regular Season - 28,2026-03-01T14:00:00+00:00,Fulham,Tottenham,1,2026-09-27T05:27:41Z,CAPTURED,2,2,
1379244,/fixtures/lineups,England,39,Premier League,2025,Regular Season - 28,2026-02-28T17:30:00+00:00,Leeds,Manchester City,1,2026-09-27T05:27:41Z,CAPTURED,2,2,
1379245,/fixtures/lineups,England,39,Premier League,2025,Regular Season - 28,2026-02-28T15:00:00+00:00,Liverpool,West Ham,1,2026-09-27T05:27:41Z,CAPTURED,2,2,
1379246,/fixtures/lineups,England,39,Premier League,2025,Regular Season - 28,2026-03-01T14:00:00+00:00,Manchester United,Crystal Palace,1,2026-09-27T05:27:41Z,CAPTURED,2,2,
1379247,/fixtures/lineups,England,39,Premier League,2025,Regular Season - 28,2026-02-28T15:00:00+00:00,Newcastle,Everton,1,2026-09-27T05:27:41Z,CAPTURED,2,2,
1379248,/fixtures/lineups,England,39,Premier League,2025,Regular Season - 28,2026-02-27T20:00:00+00:00,Wolves,Aston Villa,1,2026-09-27T05:27:41Z,CAPTURED,2,2,
1379249,/fixtures/lineups,England,39,Premier League,2025,Regular Season - 29,2026-03-04T19:30:00+00:00,Aston Villa,Chelsea,1,2026-09-27T05:27:41Z,CAPTURED,2,2,
1379250,/fixtures/lineups,England,39,Premier League,2025,Regular Season - 29,2026-03-03T19:30:00+00:00,Bournemouth,Brentford,1,2026-09-27T05:27:41Z,CAPTURED,2,2,
1379251,/fixtures/lineups,England,39,Premier League,2025,Regular Season - 29,2026-03-04T19:30:00+00:00,Brighton,Arsenal,1,2026-09-27T05:27:41Z,CAPTURED,2,2,
1379252,/fixtures/lineups,England,39,Premier League,2025,Regular Season - 29,2026-03-03T19:30:00+00:00,Everton,Burnley,1,2026-09-27T05:27:41Z,CAPTURED,2,2,
1379253,/fixtures/lineups,England,39,Premier League,2025,Regular Season - 29,2026-03-04T19:30:00+00:00,Fulham,West Ham,1,2026-09-27T05:27:41Z,CAPTURED,2,2,
1379254,/fixtures/lineups,England,39,Premier League,2025,Regular Season - 29,2026-03-03T19:30:00+00:00,Leeds,Sunderland,1,2026-09-27T05:27:41Z,CAPTURED,2,2,
1379255,/fixtures/lineups,England,39,Premier League,2025,Regular Season - 29,2026-03-04T19:30:00+00:00,Manchester City,Nottingham Forest,1,2026-09-27T05:27:41Z,CAPTURED,2,2,
1379256,/fixtures/lineups,England,39,Premier League,2025,Regular Season - 29,2026-03-04T20:15:00+00:00,Newcastle,Manchester United,1,2026-09-27T05:27:41Z,CAPTURED,2,2,
1379257,/fixtures/lineups,England,39,Premier League,2025,Regular Season - 29,2026-03-05T20:00:00+00:00,Tottenham,Crystal Palace,1,2026-09-27T05:27:41Z,CAPTURED,2,2,
1379258,/fixtures/lineups,England,39,Premier League,2025,Regular Season - 29,2026-03-03T20:15:00+00:00,Wolves,Liverpool,1,2026-09-27T05:27:41Z,CAPTURED,2,2,
1379278,/fixtures/lineups,England,39,Premier League,2025,Regular Season - 31,2026-02-18T20:00:00+00:00,Wolves,Arsenal,1,2026-09-27T05:27:41Z,CAPTURED,2,2,
1379259,/fixtures/lineups,England,39,Premier League,2025,Regular Season - 30,2026-03-14T17:30:00+00:00,Arsenal,Everton,1,2026-09-27T09:27:54Z,CAPTURED,2,2,
1379260,/fixtures/lineups,England,39,Premier League,2025,Regular Season - 30,2026-03-16T20:00:00+00:00,Brentford,Wolves,1,2026-09-27T09:27:54Z,CAPTURED,2,2,
1379261,/fixtures/lineups,England,39,Premier League,2025,Regular Season - 30,2026-03-14T15:00:00+00:00,Burnley,Bournemouth,1,2026-09-27T09:27:54Z,CAPTURED,2,2,
1379262,/fixtures/lineups,England,39,Premier League,2025,Regular Season - 30,2026-03-14T17:30:00+00:00,Chelsea,Newcastle,1,2026-09-27T09:27:54Z,CAPTURED,2,2,
1379263,/fixtures/lineups,England,39,Premier League,2025,Regular Season - 30,2026-03-15T14:00:00+00:00,Crystal Palace,Leeds,1,2026-09-27T09:27:54Z,CAPTURED,2,2,
1379264,/fixtures/lineups,England,39,Premier League,2025,Regular Season - 30,2026-03-15T16:30:00+00:00,Liverpool,Tottenham,1,2026-09-27T09:27:54Z,CAPTURED,2,2,
1379265,/fixtures/lineups,England,39,Premier League,2025,Regular Season - 30,2026-03-15T14:00:00+00:00,Manchester United,Aston Villa,1,2026-09-27T09:27:54Z,CAPTURED,2,2,
1379266,/fixtures/lineups,England,39,Premier League,2025,Regular Season - 30,2026-03-15T14:00:00+00:00,Nottingham Forest,Fulham,1,2026-09-27T09:27:54Z,CAPTURED,2,2,
1379267,/fixtures/lineups,England,39,Premier League,2025,Regular Season - 30,2026-03-14T15:00:00+00:00,Sunderland,Brighton,1,2026-09-27T09:27:54Z,CAPTURED,2,2,
1379268,/fixtures/lineups,England,39,Premier League,2025,Regular Season - 30,2026-03-14T20:00:00+00:00,West Ham,Manchester City,1,2026-09-27T09:27:54Z,CAPTURED,2,2,
1379269,/fixtures/lineups,England,39,Premier League,2025,Regular Season - 31,2026-03-22T14:15:00+00:00,Aston Villa,West Ham,1,2026-09-27T09:27:54Z,CAPTURED,2,2,
1379270,/fixtures/lineups,England,39,Premier League,2025,Regular Season - 31,2026-03-20T20:00:00+00:00,Bournemouth,Manchester United,1,2026-09-27T09:27:54Z,CAPTURED,2,2,
1379271,/fixtures/lineups,England,39,Premier League,2025,Regular Season - 31,2026-03-21T12:30:00+00:00,Brighton,Liverpool,1,2026-09-27T09:27:54Z,CAPTURED,2,2,
1379272,/fixtures/lineups,England,39,Premier League,2025,Regular Season - 31,2026-03-21T17:30:00+00:00,Everton,Chelsea,1,2026-09-27T09:27:54Z,CAPTURED,2,2,
1379273,/fixtures/lineups,England,39,Premier League,2025,Regular Season - 31,2026-03-21T15:00:00+00:00,Fulham,Burnley,1,2026-09-27T09:27:54Z,CAPTURED,2,2,
1379274,/fixtures/lineups,England,39,Premier League,2025,Regular Season - 31,2026-03-21T20:00:00+00:00,Leeds,Brentford,1,2026-09-27T09:27:54Z,CAPTURED,2,2,
1379276,/fixtures/lineups,England,39,Premier League,2025,Regular Season - 31,2026-03-22T12:00:00+00:00,Newcastle,Sunderland,1,2026-09-27T09:27:54Z,CAPTURED,2,2,
1379277,/fixtures/lineups,England,39,Premier League,2025,Regular Season - 31,2026-03-22T14:15:00+00:00,Tottenham,Nottingham Forest,1,2026-09-27T09:27:54Z,CAPTURED,2,2,
1379279,/fixtures/lineups,England,39,Premier League,2025,Regular Season - 32,2026-04-11T11:30:00+00:00,Arsenal,Bournemouth,1,2026-09-27T09:27:54Z,CAPTURED,2,2,
1379280,/fixtures/lineups,England,39,Premier League,2025,Regular Season - 32,2026-04-11T14:00:00+00:00,Brentford,Everton,1,2026-09-27T09:27:54Z,CAPTURED,2,2,
1379281,/fixtures/lineups,England,39,Premier League,2025,Regular Season - 32,2026-04-11T14:00:00+00:00,Burnley,Brighton,1,2026-09-27T09:27:54Z,CAPTURED,2,2,
1379282,/fixtures/lineups,England,39,Premier League,2025,Regular Season - 32,2026-04-12T15:30:00+00:00,Chelsea,Manchester City,1,2026-09-27T09:27:54Z,CAPTURED,2,2,
1379283,/fixtures/lineups,England,39,Premier League,2025,Regular Season - 32,2026-04-12T13:00:00+00:00,Crystal Palace,Newcastle,1,2026-09-27T09:27:54Z,CAPTURED,2,2,
1379284,/fixtures/lineups,England,39,Premier League,2025,Regular Season - 32,2026-04-11T16:30:00+00:00,Liverpool,Fulham,1,2026-09-27T09:27:54Z,CAPTURED,2,2,
1379285,/fixtures/lineups,England,39,Premier League,2025,Regular Season - 32,2026-04-13T19:00:00+00:00,Manchester United,Leeds,1,2026-09-27T09:27:54Z,CAPTURED,2,2,
1379286,/fixtures/lineups,England,39,Premier League,2025,Regular Season - 32,2026-04-12T13:00:00+00:00,Nottingham Forest,Aston Villa,1,2026-09-27T09:27:54Z,CAPTURED,2,2,
1379287,/fixtures/lineups,England,39,Premier League,2025,Regular Season - 32,2026-04-12T13:00:00+00:00,Sunderland,Tottenham,1,2026-09-27T09:27:54Z,CAPTURED,2,2,
1379288,/fixtures/lineups,England,39,Premier League,2025,Regular Season - 32,2026-04-10T19:00:00+00:00,West Ham,Wolves,1,2026-09-27T09:27:54Z,CAPTURED,2,2,
1379289,/fixtures/lineups,England,39,Premier League,2025,Regular Season - 33,2026-04-19T13:00:00+00:00,Aston Villa,Sunderland,1,2026-09-27T09:27:54Z,CAPTURED,2,2,
1379290,/fixtures/lineups,England,39,Premier League,2025,Regular Season - 33,2026-04-18T11:30:00+00:00,Brentford,Fulham,1,2026-09-27T09:27:54Z,CAPTURED,2,2,
1379291,/fixtures/lineups,England,39,Premier League,2025,Regular Season - 33,2026-04-18T19:00:00+00:00,Chelsea,Manchester United,1,2026-09-27T09:27:54Z,CAPTURED,2,2,
1379292,/fixtures/lineups,England,39,Premier League,2025,Regular Season - 33,2026-04-20T19:00:00+00:00,Crystal Palace,West Ham,1,2026-09-27T09:27:54Z,CAPTURED,2,2,
1379293,/fixtures/lineups,England,39,Premier League,2025,Regular Season - 33,2026-04-19T13:00:00+00:00,Everton,Liverpool,1,2026-09-27T09:27:54Z,CAPTURED,2,2,
1379294,/fixtures/lineups,England,39,Premier League,2025,Regular Season - 33,2026-04-18T14:00:00+00:00,Leeds,Wolves,1,2026-09-27T09:27:54Z,CAPTURED,2,2,
1379295,/fixtures/lineups,England,39,Premier League,2025,Regular Season - 33,2026-04-19T15:30:00+00:00,Manchester City,Arsenal,1,2026-09-27T09:27:54Z,CAPTURED,2,2,
1379296,/fixtures/lineups,England,39,Premier League,2025,Regular Season - 33,2026-04-18T14:00:00+00:00,Newcastle,Bournemouth,1,2026-09-27T09:27:54Z,CAPTURED,2,2,
1379297,/fixtures/lineups,England,39,Premier League,2025,Regular Season - 33,2026-04-19T13:00:00+00:00,Nottingham Forest,Burnley,1,2026-09-27T09:27:54Z,CAPTURED,2,2,
1379298,/fixtures/lineups,England,39,Premier League,2025,Regular Season - 33,2026-04-18T16:30:00+00:00,Tottenham,Brighton,1,2026-09-27T09:27:54Z,CAPTURED,2,2,
1379299,/fixtures/lineups,England,39,Premier League,2025,Regular Season - 34,2026-04-25T16:30:00+00:00,Arsenal,Newcastle,1,2026-09-27T09:27:54Z,CAPTURED,2,2,
1379300,/fixtures/lineups,England,39,Premier League,2025,Regular Season - 34,2026-04-22T19:00:00+00:00,Bournemouth,Leeds,1,2026-09-27T09:27:54Z,CAPTURED,2,2,
1379301,/fixtures/lineups,England,39,Premier League,2025,Regular Season - 34,2026-04-21T19:00:00+00:00,Brighton,Chelsea,1,2026-09-27T09:27:54Z,CAPTURED,2,2,
1379302,/fixtures/lineups,England,39,Premier League,2025,Regular Season - 34,2026-04-22T19:00:00+00:00,Burnley,Manchester City,1,2026-09-27T09:27:54Z,CAPTURED,2,2,
1379303,/fixtures/lineups,England,39,Premier League,2025,Regular Season - 34,2026-04-25T11:30:00+00:00,Fulham,Aston Villa,1,2026-09-27T09:27:54Z,CAPTURED,2,2,
1379304,/fixtures/lineups,England,39,Premier League,2025,Regular Season - 34,2026-04-25T14:00:00+00:00,Liverpool,Crystal Palace,1,2026-09-27T09:27:54Z,CAPTURED,2,2,
1379305,/fixtures/lineups,England,39,Premier League,2025,Regular Season - 34,2026-04-27T19:00:00+00:00,Manchester United,Brentford,1,2026-09-27T09:27:54Z,CAPTURED,2,2,
1379306,/fixtures/lineups,England,39,Premier League,2025,Regular Season - 34,2026-04-24T19:00:00+00:00,Sunderland,Nottingham Forest,1,2026-09-27T09:27:54Z,CAPTURED,2,2,
1379307,/fixtures/lineups,England,39,Premier League,2025,Regular Season - 34,2026-04-25T14:00:00+00:00,West Ham,Everton,1,2026-09-27T09:27:54Z,CAPTURED,2,2,
1379308,/fixtures/lineups,England,39,Premier League,2025,Regular Season - 34,2026-04-25T14:00:00+00:00,Wolves,Tottenham,1,2026-09-27T09:27:54Z,CAPTURED,2,2,
1379312,/fixtures/lineups,England,39,Premier League,2025,Regular Season - 35,2026-05-02T14:00:00+00:00,Brentford,West Ham,1,2026-09-27T09:27:54Z,CAPTURED,2,2,
1379315,/fixtures/lineups,England,39,Premier League,2025,Regular Season - 35,2026-05-01T19:00:00+00:00,Leeds,Burnley,1,2026-09-27T09:27:54Z,CAPTURED,2,2,
1378215,/fixtures/lineups,Italy,135,Serie A,2025,Regular Season - 36,2026-05-10T13:00:00+00:00,Cremonese,Pisa,1,2026-09-27T11:45:34Z,CAPTURED,2,2,
1378216,/fixtures/lineups,Italy,135,Serie A,2025,Regular Season - 36,2026-05-10T13:00:00+00:00,Fiorentina,Genoa,1,2026-09-27T11:45:34Z,CAPTURED,2,2,
1378217,/fixtures/lineups,Italy,135,Serie A,2025,Regular Season - 36,2026-05-09T16:00:00+00:00,Lazio,Inter,1,2026-09-27T11:45:34Z,CAPTURED,2,2,
1378218,/fixtures/lineups,Italy,135,Serie A,2025,Regular Season - 36,2026-05-09T18:45:00+00:00,Lecce,Juventus,1,2026-09-27T11:45:34Z,CAPTURED,2,2,
1378219,/fixtures/lineups,Italy,135,Serie A,2025,Regular Season - 36,2026-05-10T18:45:00+00:00,AC Milan,Atalanta,1,2026-09-27T11:45:34Z,CAPTURED,2,2,
1378220,/fixtures/lineups,Italy,135,Serie A,2025,Regular Season - 36,2026-05-11T18:45:00+00:00,Napoli,Bologna,1,2026-09-27T11:45:34Z,CAPTURED,2,2,
1378221,/fixtures/lineups,Italy,135,Serie A,2025,Regular Season - 36,2026-05-10T16:00:00+00:00,Parma,AS Roma,1,2026-09-27T11:45:34Z,CAPTURED,2,2,
1378223,/fixtures/lineups,Italy,135,Serie A,2025,Regular Season - 36,2026-05-10T10:30:00+00:00,Hellas Verona,Como,1,2026-09-27T11:45:34Z,CAPTURED,2,2,
1378224,/fixtures/lineups,Italy,135,Serie A,2025,Regular Season - 37,2026-05-17T16:00:00+00:00,Atalanta,Bologna,1,2026-09-27T11:45:34Z,CAPTURED,2,2,
1378225,/fixtures/lineups,Italy,135,Serie A,2025,Regular Season - 37,2026-05-17T18:45:00+00:00,Cagliari,Torino,1,2026-09-27T11:45:34Z,CAPTURED,2,2,
1378226,/fixtures/lineups,Italy,135,Serie A,2025,Regular Season - 37,2026-05-17T10:00:00+00:00,Como,Parma,1,2026-09-27T11:45:34Z,CAPTURED,2,2,
1378227,/fixtures/lineups,Italy,135,Serie A,2025,Regular Season - 37,2026-05-17T10:00:00+00:00,Genoa,AC Milan,1,2026-09-27T11:45:34Z,CAPTURED,2,2,
1378228,/fixtures/lineups,Italy,135,Serie A,2025,Regular Season - 37,2026-05-17T13:00:00+00:00,Inter,Hellas Verona,1,2026-09-27T11:45:34Z,CAPTURED,2,2,
1378229,/fixtures/lineups,Italy,135,Serie A,2025,Regular Season - 37,2026-05-17T10:00:00+00:00,Juventus,Fiorentina,1,2026-09-27T11:45:34Z,CAPTURED,2,2,
1378230,/fixtures/lineups,Italy,135,Serie A,2025,Regular Season - 37,2026-05-17T10:00:00+00:00,Pisa,Napoli,1,2026-09-27T11:45:34Z,CAPTURED,2,2,
1378231,/fixtures/lineups,Italy,135,Serie A,2025,Regular Season - 37,2026-05-17T10:00:00+00:00,AS Roma,Lazio,1,2026-09-27T11:45:34Z,CAPTURED,2,2,
1378232,/fixtures/lineups,Italy,135,Serie A,2025,Regular Season - 37,2026-05-17T18:45:00+00:00,Sassuolo,Lecce,1,2026-09-27T11:45:34Z,CAPTURED,2,2,
1378233,/fixtures/lineups,Italy,135,Serie A,2025,Regular Season - 37,2026-05-17T18:45:00+00:00,Udinese,Cremonese,1,2026-09-27T11:45:34Z,CAPTURED,2,2,
1378234,/fixtures/lineups,Italy,135,Serie A,2025,Regular Season - 38,2026-05-23T16:00:00+00:00,Bologna,Inter,1,2026-09-27T11:45:34Z,CAPTURED,2,2,
1378235,/fixtures/lineups,Italy,135,Serie A,2025,Regular Season - 38,2026-05-24T18:45:00+00:00,Cremonese,Como,1,2026-09-27T11:45:34Z,CAPTURED,2,2,
1378236,/fixtures/lineups,Italy,135,Serie A,2025,Regular Season - 38,2026-05-22T18:45:00+00:00,Fiorentina,Atalanta,1,2026-09-27T11:45:34Z,CAPTURED,2,2,
1378237,/fixtures/lineups,Italy,135,Serie A,2025,Regular Season - 38,2026-05-23T18:45:00+00:00,Lazio,Pisa,1,2026-09-27T11:45:34Z,CAPTURED,2,2,
1378238,/fixtures/lineups,Italy,135,Serie A,2025,Regular Season - 38,2026-05-24T18:45:00+00:00,Lecce,Genoa,1,2026-09-27T11:45:34Z,CAPTURED,2,2,
1378239,/fixtures/lineups,Italy,135,Serie A,2025,Regular Season - 38,2026-05-24T18:45:00+00:00,AC Milan,Cagliari,1,2026-09-27T11:45:34Z,CAPTURED,2,2,
1378240,/fixtures/lineups,Italy,135,Serie A,2025,Regular Season - 38,2026-05-24T16:00:00+00:00,Napoli,Udinese,1,2026-09-27T11:45:34Z,CAPTURED,2,2,
1378241,/fixtures/lineups,Italy,135,Serie A,2025,Regular Season - 38,2026-05-24T13:00:00+00:00,Parma,Sassuolo,1,2026-09-27T11:45:34Z,CAPTURED,2,2,
1378242,/fixtures/lineups,Italy,135,Serie A,2025,Regular Season - 38,2026-05-24T18:45:00+00:00,Torino,Juventus,1,2026-09-27T11:45:34Z,CAPTURED,2,2,
1378243,/fixtures/lineups,Italy,135,Serie A,2025,Regular Season - 38,2026-05-24T18:45:00+00:00,Hellas Verona,AS Roma,1,2026-09-27T11:45:34Z,CAPTURED,2,2,
1379275,/fixtures/lineups,England,39,Premier League,2025,Regular Season - 31,2026-05-13T19:00:00+00:00,Manchester City,Crystal Palace,1,2026-09-27T11:45:34Z,CAPTURED,2,2,
1379319,/fixtures/lineups,England,39,Premier League,2025,Regular Season - 36,2026-05-09T14:00:00+00:00,Brighton,Wolves,1,2026-09-27T11:45:34Z,CAPTURED,2,2,
1379320,/fixtures/lineups,England,39,Premier League,2025,Regular Season - 36,2026-05-10T13:00:00+00:00,Burnley,Aston Villa,1,2026-09-27T11:45:34Z,CAPTURED,2,2,
1379321,/fixtures/lineups,England,39,Premier League,2025,Regular Season - 36,2026-05-10T13:00:00+00:00,Crystal Palace,Everton,1,2026-09-27T11:45:34Z,CAPTURED,2,2,
1379322,/fixtures/lineups,England,39,Premier League,2025,Regular Season - 36,2026-05-09T14:00:00+00:00,Fulham,Bournemouth,1,2026-09-27T11:45:34Z,CAPTURED,2,2,
1379324,/fixtures/lineups,England,39,Premier League,2025,Regular Season - 36,2026-05-09T16:30:00+00:00,Manchester City,Brentford,1,2026-09-27T11:45:34Z,CAPTURED,2,2,
1379325,/fixtures/lineups,England,39,Premier League,2025,Regular Season - 36,2026-05-10T13:00:00+00:00,Nottingham Forest,Newcastle,1,2026-09-27T11:45:34Z,CAPTURED,2,2,
1379326,/fixtures/lineups,England,39,Premier League,2025,Regular Season - 36,2026-05-09T14:00:00+00:00,Sunderland,Manchester United,1,2026-09-27T11:45:34Z,CAPTURED,2,2,
1379327,/fixtures/lineups,England,39,Premier League,2025,Regular Season - 36,2026-05-11T19:00:00+00:00,Tottenham,Leeds,1,2026-09-27T11:45:34Z,CAPTURED,2,2,
1379328,/fixtures/lineups,England,39,Premier League,2025,Regular Season - 36,2026-05-10T15:30:00+00:00,West Ham,Arsenal,1,2026-09-27T11:45:34Z,CAPTURED,2,2,
1379329,/fixtures/lineups,England,39,Premier League,2025,Regular Season - 37,2026-05-18T19:00:00+00:00,Arsenal,Burnley,1,2026-09-27T11:45:34Z,CAPTURED,2,2,
1379330,/fixtures/lineups,England,39,Premier League,2025,Regular Season - 37,2026-05-15T19:00:00+00:00,Aston Villa,Liverpool,1,2026-09-27T11:45:34Z,CAPTURED,2,2,
1379331,/fixtures/lineups,England,39,Premier League,2025,Regular Season - 37,2026-05-19T18:30:00+00:00,Bournemouth,Manchester City,1,2026-09-27T11:45:34Z,CAPTURED,2,2,
1379332,/fixtures/lineups,England,39,Premier League,2025,Regular Season - 37,2026-05-17T14:00:00+00:00,Brentford,Crystal Palace,1,2026-09-27T11:45:34Z,CAPTURED,2,2,
1379333,/fixtures/lineups,England,39,Premier League,2025,Regular Season - 37,2026-05-19T19:15:00+00:00,Chelsea,Tottenham,1,2026-09-27T11:45:34Z,CAPTURED,2,2,
1379334,/fixtures/lineups,England,39,Premier League,2025,Regular Season - 37,2026-05-17T14:00:00+00:00,Everton,Sunderland,1,2026-09-27T11:45:34Z,CAPTURED,2,2,
1379335,/fixtures/lineups,England,39,Premier League,2025,Regular Season - 37,2026-05-17T14:00:00+00:00,Leeds,Brighton,1,2026-09-27T11:45:34Z,CAPTURED,2,2,
1379336,/fixtures/lineups,England,39,Premier League,2025,Regular Season - 37,2026-05-17T11:30:00+00:00,Manchester United,Nottingham Forest,1,2026-09-27T11:45:34Z,CAPTURED,2,2,
1379337,/fixtures/lineups,England,39,Premier League,2025,Regular Season - 37,2026-05-17T16:30:00+00:00,Newcastle,West Ham,1,2026-09-27T11:45:34Z,CAPTURED,2,2,
1379338,/fixtures/lineups,England,39,Premier League,2025,Regular Season - 37,2026-05-17T14:00:00+00:00,Wolves,Fulham,1,2026-09-27T11:45:34Z,CAPTURED,2,2,
1379339,/fixtures/lineups,England,39,Premier League,2025,Regular Season - 38,2026-05-24T15:00:00+00:00,Brighton,Manchester United,1,2026-09-27T11:45:34Z,CAPTURED,2,2,
1379340,/fixtures/lineups,England,39,Premier League,2025,Regular Season - 38,2026-05-24T15:00:00+00:00,Burnley,Wolves,1,2026-09-27T11:45:34Z,CAPTURED,2,2,
1379341,/fixtures/lineups,England,39,Premier League,2025,Regular Season - 38,2026-05-24T15:00:00+00:00,Crystal Palace,Arsenal,1,2026-09-27T11:45:34Z,CAPTURED,2,2,
1379342,/fixtures/lineups,England,39,Premier League,2025,Regular Season - 38,2026-05-24T15:00:00+00:00,Fulham,Newcastle,1,2026-09-27T11:45:34Z,CAPTURED,2,2,
1379343,/fixtures/lineups,England,39,Premier League,2025,Regular Season - 38,2026-05-24T15:00:00+00:00,Liverpool,Brentford,1,2026-09-27T11:45:34Z,CAPTURED,2,2,
1379344,/fixtures/lineups,England,39,Premier League,2025,Regular Season - 38,2026-05-24T15:00:00+00:00,Manchester City,Aston Villa,1,2026-09-27T11:45:34Z,CAPTURED,2,2,
1379345,/fixtures/lineups,England,39,Premier League,2025,Regular Season - 38,2026-05-24T15:00:00+00:00,Nottingham Forest,Bournemouth,1,2026-09-27T11:45:34Z,CAPTURED,2,2,
1379346,/fixtures/lineups,England,39,Premier League,2025,Regular Season - 38,2026-05-24T15:00:00+00:00,Sunderland,Chelsea,1,2026-09-27T11:45:34Z,CAPTURED,2,2,
1379347,/fixtures/lineups,England,39,Premier League,2025,Regular Season - 38,2026-05-24T15:00:00+00:00,Tottenham,Everton,1,2026-09-27T11:45:34Z,CAPTURED,2,2,
1379348,/fixtures/lineups,England,39,Premier League,2025,Regular Season - 38,2026-05-24T15:00:00+00:00,West Ham,Leeds,1,2026-09-27T11:45:34Z,CAPTURED,2,2,
1380654,/fixtures/lineups,Poland,106,Ekstraklasa,2025,Regular Season - 31,2026-05-13T16:00:00+00:00,Arka Gdynia,Gornik Zabrze,1,2026-09-27T11:45:34Z,CAPTURED,2,2,
1380661,/fixtures/lineups,Poland,106,Ekstraklasa,2025,Regular Season - 31,2026-05-13T18:30:00+00:00,Raków Częstochowa,Jagiellonia,1,2026-09-27T11:45:34Z,CAPTURED,2,2,
1380663,/fixtures/lineups,Poland,106,Ekstraklasa,2025,Regular Season - 32,2026-05-11T17:00:00+00:00,Cracovia Krakow,Radomiak Radom,1,2026-09-27T11:45:34Z,CAPTURED,2,2,
1380664,/fixtures/lineups,Poland,106,Ekstraklasa,2025,Regular Season - 32,2026-05-09T18:15:00+00:00,Gornik Zabrze,Zaglebie Lubin,1,2026-09-27T11:45:34Z,CAPTURED,2,2,
1380665,/fixtures/lineups,Poland,106,Ekstraklasa,2025,Regular Season - 32,2026-05-09T15:30:00+00:00,Jagiellonia,Pogon Szczecin,1,2026-09-27T11:45:34Z,CAPTURED,2,2,
1380667,/fixtures/lineups,Poland,106,Ekstraklasa,2025,Regular Season - 32,2026-05-10T10:15:00+00:00,Piast Gliwice,GKS Katowice,1,2026-09-27T11:45:34Z,CAPTURED,2,2,
1380669,/fixtures/lineups,Poland,106,Ekstraklasa,2025,Regular Season - 32,2026-05-10T15:30:00+00:00,Nieciecza,Legia Warszawa,1,2026-09-27T11:45:34Z,CAPTURED,2,2,
1380671,/fixtures/lineups,Poland,106,Ekstraklasa,2025,Regular Season - 32,2026-05-10T12:45:00+00:00,Wisla Plock,Motor Lublin,1,2026-09-27T11:45:34Z,CAPTURED,2,2,
1380672,/fixtures/lineups,Poland,106,Ekstraklasa,2025,Regular Season - 33,2026-05-18T17:00:00+00:00,Arka Gdynia,Nieciecza,1,2026-09-27T11:45:34Z,CAPTURED,2,2,
1380673,/fixtures/lineups,Poland,106,Ekstraklasa,2025,Regular Season - 33,2026-05-17T12:45:00+00:00,GKS Katowice,Jagiellonia,1,2026-09-27T11:45:34Z,CAPTURED,2,2,
1380674,/fixtures/lineups,Poland,106,Ekstraklasa,2025,Regular Season - 33,2026-05-15T18:30:00+00:00,Korona Kielce,Widzew Łódź,1,2026-09-27T11:45:34Z,CAPTURED,2,2,
1380675,/fixtures/lineups,Poland,106,Ekstraklasa,2025,Regular Season - 33,2026-05-17T15:30:00+00:00,Lechia Gdansk,Legia Warszawa,1,2026-09-27T11:45:34Z,CAPTURED,2,2,
1380676,/fixtures/lineups,Poland,106,Ekstraklasa,2025,Regular Season - 33,2026-05-16T12:45:00+00:00,Motor Lublin,Cracovia Krakow,1,2026-09-27T11:45:34Z,CAPTURED,2,2,
1380677,/fixtures/lineups,Poland,106,Ekstraklasa,2025,Regular Season - 33,2026-05-17T10:15:00+00:00,Piast Gliwice,Raków Częstochowa,1,2026-09-27T11:45:34Z,CAPTURED,2,2,
1380678,/fixtures/lineups,Poland,106,Ekstraklasa,2025,Regular Season - 33,2026-05-16T18:15:00+00:00,Radomiak Radom,Lech Poznan,1,2026-09-27T11:45:34Z,CAPTURED,2,2,
1380679,/fixtures/lineups,Poland,106,Ekstraklasa,2025,Regular Season - 33,2026-05-16T15:30:00+00:00,Wisla Plock,Gornik Zabrze,1,2026-09-27T11:45:34Z,CAPTURED,2,2,
1380680,/fixtures/lineups,Poland,106,Ekstraklasa,2025,Regular Season - 33,2026-05-15T16:00:00+00:00,Zaglebie Lubin,Pogon Szczecin,1,2026-09-27T11:45:34Z,CAPTURED,2,2,
1380681,/fixtures/lineups,Poland,106,Ekstraklasa,2025,Regular Season - 34,2026-05-23T15:30:00+00:00,Cracovia Krakow,Korona Kielce,1,2026-09-27T11:45:34Z,CAPTURED,2,2,
1380682,/fixtures/lineups,Poland,106,Ekstraklasa,2025,Regular Season - 34,2026-05-23T15:30:00+00:00,Gornik Zabrze,Radomiak Radom,1,2026-09-27T11:45:34Z,CAPTURED,2,2,
1380683,/fixtures/lineups,Poland,106,Ekstraklasa,2025,Regular Season - 34,2026-05-23T15:30:00+00:00,Jagiellonia,Zaglebie Lubin,1,2026-09-27T11:45:34Z,CAPTURED,2,2,
1380684,/fixtures/lineups,Poland,106,Ekstraklasa,2025,Regular Season - 34,2026-05-23T15:30:00+00:00,Lech Poznan,Wisla Plock,1,2026-09-27T11:45:34Z,CAPTURED,2,2,
1380685,/fixtures/lineups,Poland,106,Ekstraklasa,2025,Regular Season - 34,2026-05-23T15:30:00+00:00,Legia Warszawa,Motor Lublin,1,2026-09-27T11:45:34Z,CAPTURED,2,2,
1380686,/fixtures/lineups,Poland,106,Ekstraklasa,2025,Regular Season - 34,2026-05-23T15:30:00+00:00,Pogon Szczecin,GKS Katowice,1,2026-09-27T11:45:34Z,CAPTURED,2,2,
1380687,/fixtures/lineups,Poland,106,Ekstraklasa,2025,Regular Season - 34,2026-05-23T15:30:00+00:00,Raków Częstochowa,Arka Gdynia,1,2026-09-27T11:45:34Z,CAPTURED,2,2,
1380688,/fixtures/lineups,Poland,106,Ekstraklasa,2025,Regular Season - 34,2026-05-23T15:30:00+00:00,Nieciecza,Lechia Gdansk,1,2026-09-27T11:45:34Z,CAPTURED,2,2,
1380689,/fixtures/lineups,Poland,106,Ekstraklasa,2025,Regular Season - 34,2026-05-23T15:30:00+00:00,Widzew Łódź,Piast Gliwice,1,2026-09-27T11:45:34Z,CAPTURED,2,2,
1381155,/fixtures/lineups,Netherlands,88,Eredivisie,2025,Regular Season - 33,2026-05-10T14:45:00+00:00,Ajax,Utrecht,1,2026-09-27T11:45:34Z,CAPTURED,2,2,
1381156,/fixtures/lineups,Netherlands,88,Eredivisie,2025,Regular Season - 33,2026-05-10T14:45:00+00:00,Excelsior,FC Volendam,1,2026-09-27T11:45:34Z,CAPTURED,2,2,
1381157,/fixtures/lineups,Netherlands,88,Eredivisie,2025,Regular Season - 33,2026-05-10T14:45:00+00:00,Feyenoord,AZ Alkmaar,1,2026-09-27T11:45:34Z,CAPTURED,2,2,
1381158,/fixtures/lineups,Netherlands,88,Eredivisie,2025,Regular Season - 33,2026-05-10T14:45:00+00:00,GO Ahead Eagles,PSV Eindhoven,1,2026-09-27T11:45:34Z,CAPTURED,2,2,
1381159,/fixtures/lineups,Netherlands,88,Eredivisie,2025,Regular Season - 33,2026-05-10T14:45:00+00:00,Groningen,NEC Nijmegen,1,2026-09-27T11:45:34Z,CAPTURED,2,2,
1381160,/fixtures/lineups,Netherlands,88,Eredivisie,2025,Regular Season - 33,2026-05-11T12:30:00+00:00,NAC Breda,Heerenveen,1,2026-09-27T11:45:34Z,CAPTURED,2,2,
1381161,/fixtures/lineups,Netherlands,88,Eredivisie,2025,Regular Season - 33,2026-05-10T14:45:00+00:00,Fortuna Sittard,PEC Zwolle,1,2026-09-27T11:45:34Z,CAPTURED,2,2,
1381162,/fixtures/lineups,Netherlands,88,Eredivisie,2025,Regular Season - 33,2026-05-10T14:45:00+00:00,Telstar,Heracles,1,2026-09-27T11:45:34Z,CAPTURED,2,2,
1381163,/fixtures/lineups,Netherlands,88,Eredivisie,2025,Regular Season - 33,2026-05-10T14:45:00+00:00,Twente,Sparta Rotterdam,1,2026-09-27T11:45:34Z,CAPTURED,2,2,
1381164,/fixtures/lineups,Netherlands,88,Eredivisie,2025,Regular Season - 34,2026-05-17T12:30:00+00:00,AZ Alkmaar,NAC Breda,1,2026-09-27T11:45:34Z,CAPTURED,2,2,
1381165,/fixtures/lineups,Netherlands,88,Eredivisie,2025,Regular Season - 34,2026-05-17T12:30:00+00:00,FC Volendam,Telstar,1,2026-09-27T11:45:34Z,CAPTURED,2,2,
1381166,/fixtures/lineups,Netherlands,88,Eredivisie,2025,Regular Season - 34,2026-05-17T12:30:00+00:00,Heerenveen,Ajax,1,2026-09-27T11:45:34Z,CAPTURED,2,2,
1381167,/fixtures/lineups,Netherlands,88,Eredivisie,2025,Regular Season - 34,2026-05-17T12:30:00+00:00,Heracles,Groningen,1,2026-09-27T11:45:34Z,CAPTURED,2,2,
1381168,/fixtures/lineups,Netherlands,88,Eredivisie,2025,Regular Season - 34,2026-05-17T12:30:00+00:00,NEC Nijmegen,GO Ahead Eagles,1,2026-09-27T11:45:34Z,CAPTURED,2,2,
1381169,/fixtures/lineups,Netherlands,88,Eredivisie,2025,Regular Season - 34,2026-05-17T12:30:00+00:00,PSV Eindhoven,Twente,1,2026-09-27T11:45:34Z,CAPTURED,2,2,
1381170,/fixtures/lineups,Netherlands,88,Eredivisie,2025,Regular Season - 34,2026-05-17T12:30:00+00:00,Sparta Rotterdam,Excelsior,1,2026-09-27T11:45:34Z,CAPTURED,2,2,
1381171,/fixtures/lineups,Netherlands,88,Eredivisie,2025,Regular Season - 34,2026-05-17T12:30:00+00:00,Utrecht,Fortuna Sittard,1,2026-09-27T11:45:34Z,CAPTURED,2,2,
1381172,/fixtures/lineups,Netherlands,88,Eredivisie,2025,Regular Season - 34,2026-05-17T12:30:00+00:00,PEC Zwolle,Feyenoord,1,2026-09-27T11:45:34Z,CAPTURED,2,2,
1387951,/fixtures/lineups,France,61,Ligue 1,2025,Regular Season - 29,2026-05-13T17:00:00+00:00,Stade Brestois 29,Strasbourg,1,2026-09-27T11:45:34Z,CAPTURED,2,2,
1387952,/fixtures/lineups,France,61,Ligue 1,2025,Regular Season - 29,2026-05-13T19:00:00+00:00,Lens,Paris Saint Germain,1,2026-09-27T11:45:34Z,CAPTURED,2,2,
1387986,/fixtures/lineups,France,61,Ligue 1,2025,Regular Season - 33,2026-05-10T19:00:00+00:00,Angers,Strasbourg,1,2026-09-27T11:45:34Z,CAPTURED,2,2,
1387987,/fixtures/lineups,France,61,Ligue 1,2025,Regular Season - 33,2026-05-10T19:00:00+00:00,Auxerre,Nice,1,2026-09-27T11:45:34Z,CAPTURED,2,2,
1387988,/fixtures/lineups,France,61,Ligue 1,2025,Regular Season - 33,2026-05-10T19:00:00+00:00,Le Havre,Marseille,1,2026-09-27T11:45:34Z,CAPTURED,2,2,
1387990,/fixtures/lineups,France,61,Ligue 1,2025,Regular Season - 33,2026-05-10T19:00:00+00:00,Metz,Lorient,1,2026-09-27T11:45:34Z,CAPTURED,2,2,
1387991,/fixtures/lineups,France,61,Ligue 1,2025,Regular Season - 33,2026-05-10T19:00:00+00:00,Monaco,Lille,1,2026-09-27T11:45:34Z,CAPTURED,2,2,
1387992,/fixtures/lineups,France,61,Ligue 1,2025,Regular Season - 33,2026-05-10T19:00:00+00:00,Paris Saint Germain,Stade Brestois 29,1,2026-09-27T11:45:34Z,CAPTURED,2,2,
1387993,/fixtures/lineups,France,61,Ligue 1,2025,Regular Season - 33,2026-05-10T19:00:00+00:00,Rennes,Paris FC,1,2026-09-27T11:45:34Z,CAPTURED,2,2,
1387994,/fixtures/lineups,France,61,Ligue 1,2025,Regular Season - 33,2026-05-10T19:00:00+00:00,Toulouse,Lyon,1,2026-09-27T11:45:34Z,CAPTURED,2,2,
1387995,/fixtures/lineups,France,61,Ligue 1,2025,Regular Season - 34,2026-05-17T19:00:00+00:00,Stade Brestois 29,Angers,1,2026-09-27T11:45:34Z,CAPTURED,2,2,
1387996,/fixtures/lineups,France,61,Ligue 1,2025,Regular Season - 34,2026-05-17T19:00:00+00:00,Lille,Auxerre,1,2026-09-27T11:45:34Z,CAPTURED,2,2,
1387997,/fixtures/lineups,France,61,Ligue 1,2025,Regular Season - 34,2026-05-17T19:00:00+00:00,Lorient,Le Havre,1,2026-09-27T11:45:34Z,CAPTURED,2,2,
1387998,/fixtures/lineups,France,61,Ligue 1,2025,Regular Season - 34,2026-05-17T19:00:00+00:00,Lyon,Lens,1,2026-09-27T11:45:34Z,CAPTURED,2,2,
1387999,/fixtures/lineups,France,61,Ligue 1,2025,Regular Season - 34,2026-05-17T19:00:00+00:00,Marseille,Rennes,1,2026-09-27T11:45:34Z,CAPTURED,2,2,
1388001,/fixtures/lineups,France,61,Ligue 1,2025,Regular Season - 34,2026-05-17T19:00:00+00:00,Nice,Metz,1,2026-09-27T11:45:34Z,CAPTURED,2,2,
1388002,/fixtures/lineups,France,61,Ligue 1,2025,Regular Season - 34,2026-05-17T19:00:00+00:00,Paris FC,Paris Saint Germain,1,2026-09-27T11:45:34Z,CAPTURED,2,2,
1388003,/fixtures/lineups,France,61,Ligue 1,2025,Regular Season - 34,2026-05-17T19:00:00+00:00,Strasbourg,Monaco,1,2026-09-27T11:45:34Z,CAPTURED,2,2,
1388598,/fixtures/lineups,Germany,78,Bundesliga,2025,Regular Season - 33,2026-05-10T15:30:00+00:00,1. FC Köln,1. FC Heidenheim,1,2026-09-27T11:45:34Z,CAPTURED,2,2,
1388599,/fixtures/lineups,Germany,78,Bundesliga,2025,Regular Season - 33,2026-05-10T13:30:00+00:00,Hamburger SV,SC Freiburg,1,2026-09-27T11:45:34Z,CAPTURED,2,2,
1388601,/fixtures/lineups,Germany,78,Bundesliga,2025,Regular Season - 33,2026-05-10T17:30:00+00:00,FSV Mainz 05,Union Berlin,1,2026-09-27T11:45:34Z,CAPTURED,2,2,
1388602,/fixtures/lineups,Germany,78,Bundesliga,2025,Regular Season - 33,2026-05-09T13:30:00+00:00,RB Leipzig,FC St. Pauli,1,2026-09-27T11:45:34Z,CAPTURED,2,2,
1388603,/fixtures/lineups,Germany,78,Bundesliga,2025,Regular Season - 33,2026-05-09T13:30:00+00:00,VfB Stuttgart,Bayer Leverkusen,1,2026-09-27T11:45:34Z,CAPTURED,2,2,
1388604,/fixtures/lineups,Germany,78,Bundesliga,2025,Regular Season - 33,2026-05-09T16:30:00+00:00,VfL Wolfsburg,Bayern München,1,2026-09-27T11:45:34Z,CAPTURED,2,2,
1388605,/fixtures/lineups,Germany,78,Bundesliga,2025,Regular Season - 34,2026-05-16T13:30:00+00:00,Bayer Leverkusen,Hamburger SV,1,2026-09-27T11:45:34Z,CAPTURED,2,2,
1388606,/fixtures/lineups,Germany,78,Bundesliga,2025,Regular Season - 34,2026-05-16T13:30:00+00:00,Bayern München,1. FC Köln,1,2026-09-27T11:45:34Z,CAPTURED,2,2,
1388607,/fixtures/lineups,Germany,78,Bundesliga,2025,Regular Season - 34,2026-05-16T13:30:00+00:00,Borussia Mönchengladbach,1899 Hoffenheim,1,2026-09-27T11:45:34Z,CAPTURED,2,2,
1388608,/fixtures/lineups,Germany,78,Bundesliga,2025,Regular Season - 34,2026-05-16T13:30:00+00:00,Eintracht Frankfurt,VfB Stuttgart,1,2026-09-27T11:45:34Z,CAPTURED,2,2,
1388609,/fixtures/lineups,Germany,78,Bundesliga,2025,Regular Season - 34,2026-05-16T13:30:00+00:00,SC Freiburg,RB Leipzig,1,2026-09-27T11:45:34Z,CAPTURED,2,2,
1388610,/fixtures/lineups,Germany,78,Bundesliga,2025,Regular Season - 34,2026-05-16T13:30:00+00:00,1. FC Heidenheim,FSV Mainz 05,1,2026-09-27T11:45:34Z,CAPTURED,2,2,
1388611,/fixtures/lineups,Germany,78,Bundesliga,2025,Regular Season - 34,2026-05-16T13:30:00+00:00,FC St. Pauli,VfL Wolfsburg,1,2026-09-27T11:45:34Z,CAPTURED,2,2,
1388612,/fixtures/lineups,Germany,78,Bundesliga,2025,Regular Season - 34,2026-05-16T13:30:00+00:00,Union Berlin,FC Augsburg,1,2026-09-27T11:45:34Z,CAPTURED,2,2,
1388613,/fixtures/lineups,Germany,78,Bundesliga,2025,Regular Season - 34,2026-05-16T13:30:00+00:00,Werder Bremen,Borussia Dortmund,1,2026-09-27T11:45:34Z,CAPTURED,2,2,
1391159,/fixtures/lineups,Spain,140,La Liga,2025,Regular Season - 35,2026-05-10T14:15:00+00:00,Athletic Club,Valencia,1,2026-09-27T11:45:34Z,CAPTURED,2,2,
1391160,/fixtures/lineups,Spain,140,La Liga,2025,Regular Season - 35,2026-05-09T16:30:00+00:00,Atletico Madrid,Celta Vigo,1,2026-09-27T11:45:34Z,CAPTURED,2,2,
1391161,/fixtures/lineups,Spain,140,La Liga,2025,Regular Season - 35,2026-05-10T19:00:00+00:00,Barcelona,Real Madrid,1,2026-09-27T11:45:34Z,CAPTURED,2,2,
1391164,/fixtures/lineups,Spain,140,La Liga,2025,Regular Season - 35,2026-05-10T12:00:00+00:00,Mallorca,Villarreal,1,2026-09-27T11:45:34Z,CAPTURED,2,2,
1391165,/fixtures/lineups,Spain,140,La Liga,2025,Regular Season - 35,2026-05-11T19:00:00+00:00,Rayo Vallecano,Girona,1,2026-09-27T11:45:34Z,CAPTURED,2,2,
1391166,/fixtures/lineups,Spain,140,La Liga,2025,Regular Season - 35,2026-05-09T19:00:00+00:00,Real Sociedad,Real Betis,1,2026-09-27T11:45:34Z,CAPTURED,2,2,
1391167,/fixtures/lineups,Spain,140,La Liga,2025,Regular Season - 35,2026-05-10T16:30:00+00:00,Oviedo,Getafe,1,2026-09-27T11:45:34Z,CAPTURED,2,2,
1391168,/fixtures/lineups,Spain,140,La Liga,2025,Regular Season - 35,2026-05-09T14:15:00+00:00,Sevilla,Espanyol,1,2026-09-27T11:45:34Z,CAPTURED,2,2,
1391169,/fixtures/lineups,Spain,140,La Liga,2025,Regular Season - 36,2026-05-13T19:30:00+00:00,Alaves,Barcelona,1,2026-09-27T11:45:34Z,CAPTURED,2,2,
1391170,/fixtures/lineups,Spain,140,La Liga,2025,Regular Season - 36,2026-05-12T18:00:00+00:00,Real Betis,Elche,1,2026-09-27T11:45:34Z,CAPTURED,2,2,
1391171,/fixtures/lineups,Spain,140,La Liga,2025,Regular Season - 36,2026-05-12T17:00:00+00:00,Celta Vigo,Levante,1,2026-09-27T11:45:34Z,CAPTURED,2,2,
1391172,/fixtures/lineups,Spain,140,La Liga,2025,Regular Season - 36,2026-05-13T17:00:00+00:00,Espanyol,Athletic Club,1,2026-09-27T11:45:34Z,CAPTURED,2,2,
1391173,/fixtures/lineups,Spain,140,La Liga,2025,Regular Season - 36,2026-05-13T19:30:00+00:00,Getafe,Mallorca,1,2026-09-27T11:45:34Z,CAPTURED,2,2,
1391174,/fixtures/lineups,Spain,140,La Liga,2025,Regular Season - 36,2026-05-14T18:00:00+00:00,Girona,Real Sociedad,1,2026-09-27T11:45:34Z,CAPTURED,2,2,
1391175,/fixtures/lineups,Spain,140,La Liga,2025,Regular Season - 36,2026-05-12T19:30:00+00:00,Osasuna,Atletico Madrid,1,2026-09-27T11:45:34Z,CAPTURED,2,2,
1391176,/fixtures/lineups,Spain,140,La Liga,2025,Regular Season - 36,2026-05-14T19:30:00+00:00,Real Madrid,Oviedo,1,2026-09-27T11:45:34Z,CAPTURED,2,2,
1391177,/fixtures/lineups,Spain,140,La Liga,2025,Regular Season - 36,2026-05-14T17:00:00+00:00,Valencia,Rayo Vallecano,1,2026-09-27T11:45:34Z,CAPTURED,2,2,
1391178,/fixtures/lineups,Spain,140,La Liga,2025,Regular Season - 36,2026-05-13T17:00:00+00:00,Villarreal,Sevilla,1,2026-09-27T11:45:34Z,CAPTURED,2,2,
1391179,/fixtures/lineups,Spain,140,La Liga,2025,Regular Season - 37,2026-05-17T17:00:00+00:00,Athletic Club,Celta Vigo,1,2026-09-27T11:45:34Z,CAPTURED,2,2,
1391180,/fixtures/lineups,Spain,140,La Liga,2025,Regular Season - 37,2026-05-17T17:00:00+00:00,Atletico Madrid,Girona,1,2026-09-27T11:45:34Z,CAPTURED,2,2,
1391181,/fixtures/lineups,Spain,140,La Liga,2025,Regular Season - 37,2026-05-17T19:15:00+00:00,Barcelona,Real Betis,1,2026-09-27T11:45:34Z,CAPTURED,2,2,
1391182,/fixtures/lineups,Spain,140,La Liga,2025,Regular Season - 37,2026-05-17T17:00:00+00:00,Elche,Getafe,1,2026-09-27T11:45:34Z,CAPTURED,2,2,
1391183,/fixtures/lineups,Spain,140,La Liga,2025,Regular Season - 37,2026-05-17T17:00:00+00:00,Levante,Mallorca,1,2026-09-27T11:45:34Z,CAPTURED,2,2,
1391184,/fixtures/lineups,Spain,140,La Liga,2025,Regular Season - 37,2026-05-17T17:00:00+00:00,Osasuna,Espanyol,1,2026-09-27T11:45:34Z,CAPTURED,2,2,
1391185,/fixtures/lineups,Spain,140,La Liga,2025,Regular Season - 37,2026-05-17T17:00:00+00:00,Rayo Vallecano,Villarreal,1,2026-09-27T11:45:34Z,CAPTURED,2,2,
1391186,/fixtures/lineups,Spain,140,La Liga,2025,Regular Season - 37,2026-05-17T17:00:00+00:00,Real Sociedad,Valencia,1,2026-09-27T11:45:34Z,CAPTURED,2,2,
1391187,/fixtures/lineups,Spain,140,La Liga,2025,Regular Season - 37,2026-05-17T17:00:00+00:00,Oviedo,Alaves,1,2026-09-27T11:45:34Z,CAPTURED,2,2,
1391188,/fixtures/lineups,Spain,140,La Liga,2025,Regular Season - 37,2026-05-17T17:00:00+00:00,Sevilla,Real Madrid,1,2026-09-27T11:45:34Z,CAPTURED,2,2,
1391189,/fixtures/lineups,Spain,140,La Liga,2025,Regular Season - 38,2026-05-23T19:00:00+00:00,Alaves,Rayo Vallecano,1,2026-09-27T11:45:34Z,CAPTURED,2,2,
1391190,/fixtures/lineups,Spain,140,La Liga,2025,Regular Season - 38,2026-05-23T19:00:00+00:00,Real Betis,Levante,1,2026-09-27T11:45:34Z,CAPTURED,2,2,
1391191,/fixtures/lineups,Spain,140,La Liga,2025,Regular Season - 38,2026-05-23T19:00:00+00:00,Celta Vigo,Sevilla,1,2026-09-27T11:45:34Z,CAPTURED,2,2,
1391192,/fixtures/lineups,Spain,140,La Liga,2025,Regular Season - 38,2026-05-23T19:00:00+00:00,Espanyol,Real Sociedad,1,2026-09-27T11:45:34Z,CAPTURED,2,2,
1391193,/fixtures/lineups,Spain,140,La Liga,2025,Regular Season - 38,2026-05-23T19:00:00+00:00,Getafe,Osasuna,1,2026-09-27T11:45:34Z,CAPTURED,2,2,
1391194,/fixtures/lineups,Spain,140,La Liga,2025,Regular Season - 38,2026-05-23T19:00:00+00:00,Girona,Elche,1,2026-09-27T11:45:34Z,CAPTURED,2,2,
1391195,/fixtures/lineups,Spain,140,La Liga,2025,Regular Season - 38,2026-05-23T19:00:00+00:00,Mallorca,Oviedo,1,2026-09-27T11:45:34Z,CAPTURED,2,2,
1391196,/fixtures/lineups,Spain,140,La Liga,2025,Regular Season - 38,2026-05-23T19:00:00+00:00,Real Madrid,Athletic Club,1,2026-09-27T11:45:34Z,CAPTURED,2,2,
1391197,/fixtures/lineups,Spain,140,La Liga,2025,Regular Season - 38,2026-05-23T19:00:00+00:00,Valencia,Barcelona,1,2026-09-27T11:45:34Z,CAPTURED,2,2,
1391198,/fixtures/lineups,Spain,140,La Liga,2025,Regular Season - 38,2026-05-24T19:00:00+00:00,Villarreal,Atletico Madrid,1,2026-09-27T11:45:34Z,CAPTURED,2,2,
1394721,/fixtures/lineups,Turkey,203,Süper Lig,2025,Regular Season - 33,2026-05-09T17:00:00+00:00,Alanyaspor,Kayserispor,1,2026-09-27T11:45:34Z,CAPTURED,2,2,
1394722,/fixtures/lineups,Turkey,203,Süper Lig,2025,Regular Season - 33,2026-05-09T17:00:00+00:00,Başakşehir,Samsunspor,1,2026-09-27T11:45:34Z,CAPTURED,2,2,
1394723,/fixtures/lineups,Turkey,203,Süper Lig,2025,Regular Season - 33,2026-05-09T17:00:00+00:00,Beşiktaş,Trabzonspor,1,2026-09-27T11:45:34Z,CAPTURED,2,2,
1394724,/fixtures/lineups,Turkey,203,Süper Lig,2025,Regular Season - 33,2026-05-09T17:00:00+00:00,Eyüpspor,Rizespor,1,2026-09-27T11:45:34Z,CAPTURED,2,2,
1394725,/fixtures/lineups,Turkey,203,Süper Lig,2025,Regular Season - 33,2026-05-09T17:00:00+00:00,Galatasaray,Antalyaspor,1,2026-09-27T11:45:34Z,CAPTURED,2,2,
1394726,/fixtures/lineups,Turkey,203,Süper Lig,2025,Regular Season - 33,2026-05-09T17:00:00+00:00,Gençlerbirliği S.K.,Kasımpaşa,1,2026-09-27T11:45:34Z,CAPTURED,2,2,
1394727,/fixtures/lineups,Turkey,203,Süper Lig,2025,Regular Season - 33,2026-05-09T17:00:00+00:00,Göztepe,Gaziantep FK,1,2026-09-27T11:45:34Z,CAPTURED,2,2,
1394728,/fixtures/lineups,Turkey,203,Süper Lig,2025,Regular Season - 33,2026-05-09T17:00:00+00:00,Kocaelispor,Fatih Karagümrük,1,2026-09-27T11:45:34Z,CAPTURED,2,2,
1394729,/fixtures/lineups,Turkey,203,Süper Lig,2025,Regular Season - 33,2026-05-09T17:00:00+00:00,Konyaspor,Fenerbahçe,1,2026-09-27T11:45:34Z,CAPTURED,2,2,
1394730,/fixtures/lineups,Turkey,203,Süper Lig,2025,Regular Season - 34,2026-05-17T17:00:00+00:00,Antalyaspor,Kocaelispor,1,2026-09-27T11:45:34Z,CAPTURED,2,2,
1394731,/fixtures/lineups,Turkey,203,Süper Lig,2025,Regular Season - 34,2026-05-17T17:00:00+00:00,Fenerbahçe,Eyüpspor,1,2026-09-27T11:45:34Z,CAPTURED,2,2,
1394732,/fixtures/lineups,Turkey,203,Süper Lig,2025,Regular Season - 34,2026-05-16T17:00:00+00:00,Gaziantep FK,Başakşehir,1,2026-09-27T11:45:34Z,CAPTURED,2,2,
1394733,/fixtures/lineups,Turkey,203,Süper Lig,2025,Regular Season - 34,2026-05-16T14:00:00+00:00,Fatih Karagümrük,Alanyaspor,1,2026-09-27T11:45:34Z,CAPTURED,2,2,
1394734,/fixtures/lineups,Turkey,203,Süper Lig,2025,Regular Season - 34,2026-05-17T17:00:00+00:00,Kasımpaşa,Galatasaray,1,2026-09-27T11:45:34Z,CAPTURED,2,2,
1394735,/fixtures/lineups,Turkey,203,Süper Lig,2025,Regular Season - 34,2026-05-17T14:00:00+00:00,Kayserispor,Konyaspor,1,2026-09-27T11:45:34Z,CAPTURED,2,2,
1394736,/fixtures/lineups,Turkey,203,Süper Lig,2025,Regular Season - 34,2026-05-15T17:00:00+00:00,Rizespor,Beşiktaş,1,2026-09-27T11:45:34Z,CAPTURED,2,2,
1394737,/fixtures/lineups,Turkey,203,Süper Lig,2025,Regular Season - 34,2026-05-16T17:00:00+00:00,Samsunspor,Göztepe,1,2026-09-27T11:45:34Z,CAPTURED,2,2,
1394738,/fixtures/lineups,Turkey,203,Süper Lig,2025,Regular Season - 34,2026-05-17T17:00:00+00:00,Trabzonspor,Gençlerbirliği S.K.,1,2026-09-27T11:45:34Z,CAPTURED,2,2,
1396525,/fixtures/lineups,Portugal,94,Primeira Liga,2025,Regular Season - 33,2026-05-10T17:00:00+00:00,AVS,FC Porto,1,2026-09-27T11:45:34Z,CAPTURED,2,2,
1396526,/fixtures/lineups,Portugal,94,Primeira Liga,2025,Regular Season - 33,2026-05-10T19:30:00+00:00,Alverca,Estoril,1,2026-09-27T11:45:34Z,CAPTURED,2,2,
1396527,/fixtures/lineups,Portugal,94,Primeira Liga,2025,Regular Season - 33,2026-05-11T19:15:00+00:00,Benfica,SC Braga,1,2026-09-27T11:45:34Z,CAPTURED,2,2,
1396528,/fixtures/lineups,Portugal,94,Primeira Liga,2025,Regular Season - 33,2026-05-11T19:15:00+00:00,Estrela,Famalicao,1,2026-09-27T11:45:34Z,CAPTURED,2,2,
1396529,/fixtures/lineups,Portugal,94,Primeira Liga,2025,Regular Season - 33,2026-05-11T19:15:00+00:00,GIL Vicente,Arouca,1,2026-09-27T11:45:34Z,CAPTURED,2,2,
1396530,/fixtures/lineups,Portugal,94,Primeira Liga,2025,Regular Season - 33,2026-05-11T19:15:00+00:00,Rio Ave,Sporting CP,1,2026-09-27T11:45:34Z,CAPTURED,2,2,
1396531,/fixtures/lineups,Portugal,94,Primeira Liga,2025,Regular Season - 33,2026-05-11T19:15:00+00:00,Santa Clara,Nacional,1,2026-09-27T11:45:34Z,CAPTURED,2,2,
1396532,/fixtures/lineups,Portugal,94,Primeira Liga,2025,Regular Season - 33,2026-05-11T19:15:00+00:00,Tondela,Moreirense,1,2026-09-27T11:45:34Z,CAPTURED,2,2,
1396533,/fixtures/lineups,Portugal,94,Primeira Liga,2025,Regular Season - 33,2026-05-11T19:15:00+00:00,Vitória SC,Casa Pia,1,2026-09-27T11:45:34Z,CAPTURED,2,2,
1396534,/fixtures/lineups,Portugal,94,Primeira Liga,2025,Regular Season - 34,2026-05-16T17:00:00+00:00,Arouca,Tondela,1,2026-09-27T11:45:34Z,CAPTURED,2,2,
1396535,/fixtures/lineups,Portugal,94,Primeira Liga,2025,Regular Season - 34,2026-05-16T17:00:00+00:00,SC Braga,Estrela,1,2026-09-27T11:45:34Z,CAPTURED,2,2,
1396536,/fixtures/lineups,Portugal,94,Primeira Liga,2025,Regular Season - 34,2026-05-16T17:00:00+00:00,Casa Pia,Rio Ave,1,2026-09-27T11:45:34Z,CAPTURED,2,2,
1396537,/fixtures/lineups,Portugal,94,Primeira Liga,2025,Regular Season - 34,2026-05-16T19:30:00+00:00,Estoril,Benfica,1,2026-09-27T11:45:34Z,CAPTURED,2,2,
1396538,/fixtures/lineups,Portugal,94,Primeira Liga,2025,Regular Season - 34,2026-05-16T19:30:00+00:00,Famalicao,Alverca,1,2026-09-27T11:45:34Z,CAPTURED,2,2,
1396539,/fixtures/lineups,Portugal,94,Primeira Liga,2025,Regular Season - 34,2026-05-16T14:30:00+00:00,FC Porto,Santa Clara,1,2026-09-27T11:45:34Z,CAPTURED,2,2,
1396540,/fixtures/lineups,Portugal,94,Primeira Liga,2025,Regular Season - 34,2026-05-16T14:30:00+00:00,Moreirense,AVS,1,2026-09-27T11:45:34Z,CAPTURED,2,2,
1396541,/fixtures/lineups,Portugal,94,Primeira Liga,2025,Regular Season - 34,2026-05-16T17:00:00+00:00,Nacional,Vitória SC,1,2026-09-27T11:45:34Z,CAPTURED,2,2,
1396542,/fixtures/lineups,Portugal,94,Primeira Liga,2025,Regular Season - 34,2026-05-16T19:30:00+00:00,Sporting CP,GIL Vicente,1,2026-09-27T11:45:34Z,CAPTURED,2,2,
1540011,/fixtures/lineups,Scotland,179,Premiership,2025,Relegation Group - 36,2026-05-09T14:00:00+00:00,Aberdeen,Dundee Utd,1,2026-09-27T11:45:34Z,CAPTURED,2,2,
1540012,/fixtures/lineups,Scotland,179,Premiership,2025,Relegation Group - 36,2026-05-09T14:00:00+00:00,Dundee,Livingston,1,2026-09-27T11:45:34Z,CAPTURED,2,2,
1540013,/fixtures/lineups,Scotland,179,Premiership,2025,Relegation Group - 36,2026-05-09T14:00:00+00:00,ST Mirren,Kilmarnock,1,2026-09-27T11:45:34Z,CAPTURED,2,2,
1540014,/fixtures/lineups,Scotland,179,Premiership,2025,Relegation Group - 37,2026-05-12T18:45:00+00:00,Aberdeen,ST Mirren,1,2026-09-27T11:45:34Z,CAPTURED,2,2,
1540015,/fixtures/lineups,Scotland,179,Premiership,2025,Relegation Group - 37,2026-05-12T18:45:00+00:00,Dundee Utd,Livingston,1,2026-09-27T11:45:34Z,CAPTURED,2,2,
1540016,/fixtures/lineups,Scotland,179,Premiership,2025,Relegation Group - 37,2026-05-12T18:45:00+00:00,Kilmarnock,Dundee,1,2026-09-27T11:45:34Z,CAPTURED,2,2,
1540017,/fixtures/lineups,Scotland,179,Premiership,2025,Relegation Group - 38,2026-05-17T13:00:00+00:00,Dundee,Aberdeen,1,2026-09-27T11:45:34Z,CAPTURED,2,2,
1540018,/fixtures/lineups,Scotland,179,Premiership,2025,Relegation Group - 38,2026-05-17T13:00:00+00:00,Livingston,Kilmarnock,1,2026-09-27T11:45:34Z,CAPTURED,2,2,
1540019,/fixtures/lineups,Scotland,179,Premiership,2025,Relegation Group - 38,2026-05-17T13:00:00+00:00,ST Mirren,Dundee Utd,1,2026-09-27T11:45:34Z,CAPTURED,2,2,
1540026,/fixtures/lineups,Scotland,179,Premiership,2025,Championship Group - 36,2026-05-09T14:00:00+00:00,Falkirk,Hibernian,1,2026-09-27T11:45:34Z,CAPTURED,2,2,
1540027,/fixtures/lineups,Scotland,179,Premiership,2025,Championship Group - 36,2026-05-09T19:00:00+00:00,Motherwell,Heart Of Midlothian,1,2026-09-27T11:45:34Z,CAPTURED,2,2,
1540028,/fixtures/lineups,Scotland,179,Premiership,2025,Championship Group - 36,2026-05-10T11:00:00+00:00,Celtic,Rangers,1,2026-09-27T11:45:34Z,CAPTURED,2,2,
1540029,/fixtures/lineups,Scotland,179,Premiership,2025,Championship Group - 37,2026-05-13T19:00:00+00:00,Heart Of Midlothian,Falkirk,1,2026-09-27T11:45:34Z,CAPTURED,2,2,
1540030,/fixtures/lineups,Scotland,179,Premiership,2025,Championship Group - 37,2026-05-13T19:00:00+00:00,Motherwell,Celtic,1,2026-09-27T11:45:34Z,CAPTURED,2,2,
1540031,/fixtures/lineups,Scotland,179,Premiership,2025,Championship Group - 37,2026-05-13T19:00:00+00:00,Rangers,Hibernian,1,2026-09-27T11:45:34Z,CAPTURED,2,2,
1540032,/fixtures/lineups,Scotland,179,Premiership,2025,Championship Group - 38,2026-05-16T11:30:00+00:00,Celtic,Heart Of Midlothian,1,2026-09-27T11:45:34Z,CAPTURED,2,2,
1540033,/fixtures/lineups,Scotland,179,Premiership,2025,Championship Group - 38,2026-05-16T11:30:00+00:00,Falkirk,Rangers,1,2026-09-27T11:45:34Z,CAPTURED,2,2,
1540034,/fixtures/lineups,Scotland,179,Premiership,2025,Championship Group - 38,2026-05-16T11:30:00+00:00,Hibernian,Motherwell,1,2026-09-27T11:45:34Z,CAPTURED,2,2,
1544661,/fixtures/lineups,Scotland,179,Premiership,2025,Semi-finals,2026-05-12T18:45:00+00:00,Dunfermline,Partick,1,2026-09-27T11:45:34Z,CAPTURED,2,2,
1544662,/fixtures/lineups,Scotland,179,Premiership,2025,Semi-finals,2026-05-15T18:45:00+00:00,Partick,Dunfermline,1,2026-09-27T11:45:34Z,CAPTURED,2,2,
1545234,/fixtures/lineups,Scotland,179,Premiership,2025,Final,2026-05-21T19:00:00+00:00,Partick,ST Mirren,1,2026-09-27T11:45:34Z,CAPTURED,2,2,
1545235,/fixtures/lineups,Scotland,179,Premiership,2025,Final,2026-05-25T19:00:00+00:00,ST Mirren,Partick,1,2026-09-27T11:45:34Z,CAPTURED,2,2,
1545403,/fixtures/lineups,Portugal,94,Primeira Liga,2025,Final,2026-05-20T17:00:00+00:00,Torreense,Casa Pia,1,2026-09-27T11:45:34Z,CAPTURED,2,2,
1545404,/fixtures/lineups,Portugal,94,Primeira Liga,2025,Final,2026-05-28T19:00:00+00:00,Casa Pia,Torreense,1,2026-09-27T11:45:34Z,CAPTURED,2,2,
1545408,/fixtures/lineups,France,61,Ligue 1,2025,Final,2026-05-26T18:45:00+00:00,Saint Etienne,Nice,1,2026-09-27T11:45:34Z,CAPTURED,2,2,
1545409,/fixtures/lineups,France,61,Ligue 1,2025,Final,2026-05-29T18:45:00+00:00,Nice,Saint Etienne,1,2026-09-27T11:45:34Z,CAPTURED,2,2,
1545411,/fixtures/lineups,Netherlands,88,Eredivisie,2025,Semi-finals,2026-05-21T16:45:00+00:00,Ajax,Groningen,1,2026-09-27T11:45:34Z,CAPTURED,2,2,
1545412,/fixtures/lineups,Netherlands,88,Eredivisie,2025,Semi-finals,2026-05-21T19:00:00+00:00,Utrecht,Heerenveen,1,2026-09-27T11:45:34Z,CAPTURED,2,2,
1545417,/fixtures/lineups,Germany,78,Bundesliga,2025,Final,2026-05-21T18:30:00+00:00,VfL Wolfsburg,SC Paderborn 07,1,2026-09-27T11:45:34Z,CAPTURED,2,2,
1545418,/fixtures/lineups,Germany,78,Bundesliga,2025,Final,2026-05-25T18:30:00+00:00,SC Paderborn 07,VfL Wolfsburg,1,2026-09-27T11:45:34Z,CAPTURED,2,2,
1546052,/fixtures/lineups,Netherlands,88,Eredivisie,2025,Final,2026-05-24T10:15:00+00:00,Ajax,Utrecht,1,2026-09-27T11:45:34Z,CAPTURED,2,2,
1494764,/fixtures/lineups,Norway,103,Eliteserien,2026,Regular Season - 22,2026-09-20T17:15:00+00:00,Brann,Bodo/Glimt,1,2026-09-27T12:52:04Z,CAPTURED,2,2,
1494765,/fixtures/lineups,Norway,103,Eliteserien,2026,Regular Season - 22,2026-09-19T14:00:00+00:00,Kristiansund BK,Rosenborg,1,2026-09-27T12:52:04Z,CAPTURED,2,2,
1494766,/fixtures/lineups,Norway,103,Eliteserien,2026,Regular Season - 22,2026-09-19T16:00:00+00:00,Molde,Aalesund,1,2026-09-27T12:52:04Z,CAPTURED,2,2,
1494767,/fixtures/lineups,Norway,103,Eliteserien,2026,Regular Season - 22,2026-09-20T15:00:00+00:00,Sandefjord,Start,1,2026-09-27T12:52:04Z,CAPTURED,2,2,
1494768,/fixtures/lineups,Norway,103,Eliteserien,2026,Regular Season - 22,2026-09-18T17:00:00+00:00,Sarpsborg 08 FF,KFUM Oslo,1,2026-09-27T12:52:04Z,CAPTURED,2,2,
1494769,/fixtures/lineups,Norway,103,Eliteserien,2026,Regular Season - 22,2026-09-20T15:00:00+00:00,Tromso,Ham-Kam,1,2026-09-27T12:52:04Z,CAPTURED,2,2,
1494770,/fixtures/lineups,Norway,103,Eliteserien,2026,Regular Season - 22,2026-09-20T12:30:00+00:00,Valerenga,Fredrikstad,1,2026-09-27T12:52:04Z,CAPTURED,2,2,
1494771,/fixtures/lineups,Norway,103,Eliteserien,2026,Regular Season - 22,2026-09-20T15:00:00+00:00,Viking,Lillestrom,1,2026-09-27T12:52:04Z,CAPTURED,2,2,
1515889,/fixtures/lineups,Latvia,365,Virsliga,2026,Regular Season - 24,2026-09-15T16:00:00+00:00,Super Nova,Riga,1,2026-09-27T12:52:04Z,CAPTURED,2,2,
1515890,/fixtures/lineups,Latvia,365,Virsliga,2026,Regular Season - 24,2026-07-26T15:30:00+00:00,FS Jelgava,FK Liepaja,1,2026-09-27T12:52:04Z,CAPTURED,2,2,
1515891,/fixtures/lineups,Latvia,365,Virsliga,2026,Regular Season - 24,2026-07-27T15:00:00+00:00,Tukums,Rīgas FS,1,2026-09-27T12:52:04Z,CAPTURED,2,2,
1515892,/fixtures/lineups,Latvia,365,Virsliga,2026,Regular Season - 24,2026-07-26T16:00:00+00:00,Auda,BFC Daugavpils,1,2026-09-27T12:52:04Z,CAPTURED,2,2,
1515893,/fixtures/lineups,Latvia,365,Virsliga,2026,Regular Season - 24,2026-07-27T16:00:00+00:00,Grobiņa,Ogre United,1,2026-09-27T12:52:04Z,CAPTURED,2,2,
1515894,/fixtures/lineups,Latvia,365,Virsliga,2026,Regular Season - 25,2026-08-01T13:00:00+00:00,BFC Daugavpils,FS Jelgava,1,2026-09-27T12:52:04Z,CAPTURED,2,2,
1515895,/fixtures/lineups,Latvia,365,Virsliga,2026,Regular Season - 25,2026-08-02T13:00:00+00:00,Tukums,FK Liepaja,1,2026-09-27T12:52:04Z,CAPTURED,2,2,
1515896,/fixtures/lineups,Latvia,365,Virsliga,2026,Regular Season - 25,2026-08-02T15:00:00+00:00,Riga,Grobiņa,1,2026-09-27T12:52:04Z,CAPTURED,2,2,
1515898,/fixtures/lineups,Latvia,365,Virsliga,2026,Regular Season - 25,2026-09-16T16:00:00+00:00,Auda,Ogre United,1,2026-09-27T12:52:04Z,CAPTURED,2,2,
1515924,/fixtures/lineups,Latvia,365,Virsliga,2026,Regular Season - 31,2026-09-20T15:00:00+00:00,Auda,Rīgas FS,1,2026-09-27T12:52:04Z,CAPTURED,2,2,
1515925,/fixtures/lineups,Latvia,365,Virsliga,2026,Regular Season - 31,2026-09-19T11:00:00+00:00,FK Liepaja,BFC Daugavpils,1,2026-09-27T12:52:04Z,CAPTURED,2,2,
1515926,/fixtures/lineups,Latvia,365,Virsliga,2026,Regular Season - 31,2026-09-19T13:00:00+00:00,FS Jelgava,Riga,1,2026-09-27T12:52:04Z,CAPTURED,2,2,
1515927,/fixtures/lineups,Latvia,365,Virsliga,2026,Regular Season - 31,2026-09-20T11:00:00+00:00,Ogre United,Super Nova,1,2026-09-27T12:52:04Z,CAPTURED,2,2,
1515928,/fixtures/lineups,Latvia,365,Virsliga,2026,Regular Season - 31,2026-09-20T13:00:00+00:00,Tukums,Grobiņa,1,2026-09-27T12:52:04Z,CAPTURED,2,2,
1547585,/fixtures/lineups,Lithuania,362,A Lyga,2026,Regular Season - 22,2026-07-11T16:00:00+00:00,Kauno Žalgiris,Panevėžys,1,2026-09-27T12:52:04Z,CAPTURED,2,2,
1547586,/fixtures/lineups,Lithuania,362,A Lyga,2026,Regular Season - 22,2026-07-12T15:45:00+00:00,TransINVEST Vilnius,Banga,1,2026-09-27T12:52:04Z,CAPTURED,2,2,
1547599,/fixtures/lineups,Lithuania,362,A Lyga,2026,Regular Season - 25,2026-09-16T15:45:00+00:00,FK Zalgiris Vilnius,Kauno Žalgiris,1,2026-09-27T12:52:04Z,NO_DATA,0,0,
1547600,/fixtures/lineups,Lithuania,362,A Lyga,2026,Regular Season - 25,2026-08-02T15:45:00+00:00,Hegelmann Litauen,TransINVEST Vilnius,1,2026-09-27T12:52:04Z,CAPTURED,2,2,
1547602,/fixtures/lineups,Lithuania,362,A Lyga,2026,Regular Season - 25,2026-08-03T15:45:00+00:00,Šiauliai,Banga,1,2026-09-27T12:52:04Z,CAPTURED,2,2,
1547603,/fixtures/lineups,Lithuania,362,A Lyga,2026,Regular Season - 25,2026-08-03T16:30:00+00:00,Panevėžys,Džiugas Telšiai,1,2026-09-27T12:52:04Z,CAPTURED,2,2,
1547634,/fixtures/lineups,Lithuania,362,A Lyga,2026,Regular Season - 32,2026-07-18T16:00:00+00:00,Kauno Žalgiris,Šiauliai,1,2026-09-27T12:52:04Z,CAPTURED,2,2,
1547635,/fixtures/lineups,Lithuania,362,A Lyga,2026,Regular Season - 32,2026-09-19T11:15:00+00:00,Banga,Džiugas Telšiai,1,2026-09-27T12:52:04Z,NO_DATA,0,0,
1547636,/fixtures/lineups,Lithuania,362,A Lyga,2026,Regular Season - 32,2026-09-19T16:30:00+00:00,TransINVEST Vilnius,FK Zalgiris Vilnius,1,2026-09-27T12:52:04Z,NO_DATA,0,0,
1547637,/fixtures/lineups,Lithuania,362,A Lyga,2026,Regular Season - 32,2026-09-20T11:15:00+00:00,Hegelmann Litauen,Suduva Marijampole,1,2026-09-27T12:52:04Z,NO_DATA,0,0,
1549022,/fixtures/lineups,Denmark,119,Superliga,2026,Regular Season - 9,2026-09-20T12:00:00+00:00,Brondby,FC Copenhagen,1,2026-09-27T12:52:04Z,CAPTURED,2,2,
1549023,/fixtures/lineups,Denmark,119,Superliga,2026,Regular Season - 9,2026-09-20T14:00:00+00:00,AC Horsens,Aarhus,1,2026-09-27T12:52:04Z,CAPTURED,2,2,
1549024,/fixtures/lineups,Denmark,119,Superliga,2026,Regular Season - 9,2026-09-18T17:00:00+00:00,Lyngby,Silkeborg,1,2026-09-27T12:52:04Z,CAPTURED,2,2,
1549025,/fixtures/lineups,Denmark,119,Superliga,2026,Regular Season - 9,2026-09-19T16:00:00+00:00,Odense,FC Midtjylland,1,2026-09-27T12:52:04Z,CAPTURED,2,2,
1549026,/fixtures/lineups,Denmark,119,Superliga,2026,Regular Season - 9,2026-09-20T12:00:00+00:00,Sonderjyske,Randers FC,1,2026-09-27T12:52:04Z,CAPTURED,2,2,
1549027,/fixtures/lineups,Denmark,119,Superliga,2026,Regular Season - 9,2026-09-20T16:00:00+00:00,Viborg,FC Nordsjaelland,1,2026-09-27T12:52:04Z,CAPTURED,2,2,
1550127,/fixtures/lineups,Italy,135,Serie A,2026,Regular Season - 5,2026-09-20T18:45:00+00:00,AC Milan,Lecce,1,2026-09-27T12:52:04Z,CAPTURED,2,2,
1550128,/fixtures/lineups,Italy,135,Serie A,2026,Regular Season - 5,2026-09-19T16:00:00+00:00,AS Roma,Inter,1,2026-09-27T12:52:04Z,CAPTURED,2,2,
1550129,/fixtures/lineups,Italy,135,Serie A,2026,Regular Season - 5,2026-09-19T13:00:00+00:00,Bologna,Torino,1,2026-09-27T12:52:04Z,CAPTURED,2,2,
1550130,/fixtures/lineups,Italy,135,Serie A,2026,Regular Season - 5,2026-09-20T10:30:00+00:00,Fiorentina,Napoli,1,2026-09-27T12:52:04Z,CAPTURED,2,2,
1550131,/fixtures/lineups,Italy,135,Serie A,2026,Regular Season - 5,2026-09-20T13:00:00+00:00,Frosinone,Como,1,2026-09-27T12:52:04Z,NO_DATA,0,0,
1550132,/fixtures/lineups,Italy,135,Serie A,2026,Regular Season - 5,2026-09-20T16:00:00+00:00,Juventus,Atalanta,1,2026-09-27T12:52:04Z,CAPTURED,2,2,
1550133,/fixtures/lineups,Italy,135,Serie A,2026,Regular Season - 5,2026-09-18T18:45:00+00:00,Monza,Sassuolo,1,2026-09-27T12:52:04Z,CAPTURED,2,2,
1550134,/fixtures/lineups,Italy,135,Serie A,2026,Regular Season - 5,2026-09-20T13:00:00+00:00,Parma,Genoa,1,2026-09-27T12:52:04Z,CAPTURED,2,2,
1550135,/fixtures/lineups,Italy,135,Serie A,2026,Regular Season - 5,2026-09-19T13:00:00+00:00,Udinese,Cagliari,1,2026-09-27T12:52:04Z,CAPTURED,2,2,
1550136,/fixtures/lineups,Italy,135,Serie A,2026,Regular Season - 5,2026-09-19T18:45:00+00:00,Venezia,Lazio,1,2026-09-27T12:52:04Z,CAPTURED,2,2,
1552135,/fixtures/lineups,Netherlands,88,Eredivisie,2026,Regular Season - 3,2026-08-22T14:30:00+00:00,Fortuna Sittard,AZ Alkmaar,1,2026-09-27T12:52:04Z,CAPTURED,2,2,
1552136,/fixtures/lineups,Netherlands,88,Eredivisie,2026,Regular Season - 3,2026-09-08T16:45:00+00:00,NEC Nijmegen,Excelsior,1,2026-09-27T12:52:04Z,CAPTURED,2,2,
1552137,/fixtures/lineups,Netherlands,88,Eredivisie,2026,Regular Season - 3,2026-08-22T16:45:00+00:00,Sparta Rotterdam,Utrecht,1,2026-09-27T12:52:04Z,CAPTURED,2,2,
1552138,/fixtures/lineups,Netherlands,88,Eredivisie,2026,Regular Season - 3,2026-08-22T19:00:00+00:00,Heerenveen,PEC Zwolle,1,2026-09-27T12:52:04Z,CAPTURED,2,2,
1552139,/fixtures/lineups,Netherlands,88,Eredivisie,2026,Regular Season - 3,2026-08-23T10:15:00+00:00,GO Ahead Eagles,ADO Den Haag,1,2026-09-27T12:52:04Z,CAPTURED,2,2,
1552140,/fixtures/lineups,Netherlands,88,Eredivisie,2026,Regular Season - 3,2026-08-23T12:30:00+00:00,PSV Eindhoven,Groningen,1,2026-09-27T12:52:04Z,CAPTURED,2,2,
1552141,/fixtures/lineups,Netherlands,88,Eredivisie,2026,Regular Season - 3,2026-08-23T14:45:00+00:00,Cambuur,Feyenoord,1,2026-09-27T12:52:04Z,CAPTURED,2,2,
1552142,/fixtures/lineups,Netherlands,88,Eredivisie,2026,Regular Season - 3,2026-09-09T16:45:00+00:00,Twente,Telstar,1,2026-09-27T12:52:04Z,CAPTURED,2,2,
1552143,/fixtures/lineups,Netherlands,88,Eredivisie,2026,Regular Season - 3,2026-09-15T18:00:00+00:00,Ajax,Willem II,1,2026-09-27T12:52:04Z,CAPTURED,2,2,
1552171,/fixtures/lineups,Netherlands,88,Eredivisie,2026,Regular Season - 7,2026-09-19T16:45:00+00:00,Sparta Rotterdam,Heerenveen,1,2026-09-27T12:52:04Z,CAPTURED,2,2,
1552172,/fixtures/lineups,Netherlands,88,Eredivisie,2026,Regular Season - 7,2026-09-19T14:30:00+00:00,ADO Den Haag,Cambuur,1,2026-09-27T12:52:04Z,CAPTURED,2,2,
1552173,/fixtures/lineups,Netherlands,88,Eredivisie,2026,Regular Season - 7,2026-09-18T18:00:00+00:00,Groningen,PEC Zwolle,1,2026-09-27T12:52:04Z,CAPTURED,2,2,
1552174,/fixtures/lineups,Netherlands,88,Eredivisie,2026,Regular Season - 7,2026-09-19T18:00:00+00:00,Ajax,Excelsior,1,2026-09-27T12:52:04Z,CAPTURED,2,2,
1552175,/fixtures/lineups,Netherlands,88,Eredivisie,2026,Regular Season - 7,2026-09-19T19:00:00+00:00,Willem II,Fortuna Sittard,1,2026-09-27T12:52:04Z,CAPTURED,2,2,
1552176,/fixtures/lineups,Netherlands,88,Eredivisie,2026,Regular Season - 7,2026-09-20T10:15:00+00:00,Feyenoord,Utrecht,1,2026-09-27T12:52:04Z,CAPTURED,2,2,
1552177,/fixtures/lineups,Netherlands,88,Eredivisie,2026,Regular Season - 7,2026-09-20T12:30:00+00:00,AZ Alkmaar,Telstar,1,2026-09-27T12:52:04Z,CAPTURED,2,2,
1552178,/fixtures/lineups,Netherlands,88,Eredivisie,2026,Regular Season - 7,2026-09-20T14:45:00+00:00,NEC Nijmegen,GO Ahead Eagles,1,2026-09-27T12:52:04Z,CAPTURED,2,2,
1552179,/fixtures/lineups,Netherlands,88,Eredivisie,2026,Regular Season - 7,2026-09-20T12:30:00+00:00,Twente,PSV Eindhoven,1,2026-09-27T12:52:04Z,CAPTURED,2,2,
1552765,/fixtures/lineups,France,61,Ligue 1,2026,Regular Season - 5,2026-09-19T18:45:00+00:00,Angers,Estac Troyes,1,2026-09-27T12:52:04Z,CAPTURED,2,2,
1552766,/fixtures/lineups,France,61,Ligue 1,2026,Regular Season - 5,2026-09-20T13:00:00+00:00,Auxerre,Stade Brestois 29,1,2026-09-27T12:52:04Z,CAPTURED,2,2,
1552767,/fixtures/lineups,France,61,Ligue 1,2026,Regular Season - 5,2026-09-19T18:45:00+00:00,Le Mans,Lorient,1,2026-09-27T12:52:04Z,CAPTURED,2,2,
1552768,/fixtures/lineups,France,61,Ligue 1,2026,Regular Season - 5,2026-09-19T18:45:00+00:00,Lyon,Rennes,1,2026-09-27T12:52:04Z,CAPTURED,2,2,
1552769,/fixtures/lineups,France,61,Ligue 1,2026,Regular Season - 5,2026-09-18T18:45:00+00:00,Monaco,Lens,1,2026-09-27T12:52:04Z,CAPTURED,2,2,
1552770,/fixtures/lineups,France,61,Ligue 1,2026,Regular Season - 5,2026-09-20T15:15:00+00:00,Nice,Lille,1,2026-09-27T12:52:04Z,CAPTURED,2,2,
1552771,/fixtures/lineups,France,61,Ligue 1,2026,Regular Season - 5,2026-09-19T15:15:00+00:00,Paris FC,Strasbourg,1,2026-09-27T12:52:04Z,CAPTURED,2,2,
1552772,/fixtures/lineups,France,61,Ligue 1,2026,Regular Season - 5,2026-09-19T18:45:00+00:00,Toulouse,Le Havre,1,2026-09-27T12:52:04Z,CAPTURED,2,2,
1552773,/fixtures/lineups,France,61,Ligue 1,2026,Regular Season - 5,2026-09-20T18:45:00+00:00,Marseille,Paris Saint Germain,1,2026-09-27T12:52:04Z,CAPTURED,2,2,
1553120,/fixtures/lineups,Poland,106,Ekstraklasa,2026,Regular Season - 3,2026-08-09T18:15:00+00:00,Jagiellonia,Widzew Łódź,1,2026-09-27T12:52:04Z,CAPTURED,2,2,
1553121,/fixtures/lineups,Poland,106,Ekstraklasa,2026,Regular Season - 3,2026-08-08T18:15:00+00:00,Korona Kielce,Legia Warszawa,1,2026-09-27T12:52:04Z,CAPTURED,2,2,
1553122,/fixtures/lineups,Poland,106,Ekstraklasa,2026,Regular Season - 3,2026-08-09T15:30:00+00:00,Lech Poznan,Piast Gliwice,1,2026-09-27T12:52:04Z,CAPTURED,2,2,
1553123,/fixtures/lineups,Poland,106,Ekstraklasa,2026,Regular Season - 3,2026-08-08T15:30:00+00:00,Pogon Szczecin,Motor Lublin,1,2026-09-27T12:52:04Z,CAPTURED,2,2,
1553124,/fixtures/lineups,Poland,106,Ekstraklasa,2026,Regular Season - 3,2026-08-08T12:45:00+00:00,Radomiak Radom,Gornik Zabrze,1,2026-09-27T12:52:04Z,CAPTURED,2,2,
1553125,/fixtures/lineups,Poland,106,Ekstraklasa,2026,Regular Season - 3,2026-09-15T16:00:00+00:00,Raków Częstochowa,Zaglebie Lubin,1,2026-09-27T12:52:04Z,CAPTURED,2,2,
1553126,/fixtures/lineups,Poland,106,Ekstraklasa,2026,Regular Season - 3,2026-08-09T12:45:00+00:00,Slask Wroclaw,Cracovia Krakow,1,2026-09-27T12:52:04Z,CAPTURED,2,2,
1553127,/fixtures/lineups,Poland,106,Ekstraklasa,2026,Regular Season - 3,2026-08-07T18:30:00+00:00,Wisla Krakow,Wisla Plock,1,2026-09-27T12:52:04Z,CAPTURED,2,2,
1553173,/fixtures/lineups,Poland,106,Ekstraklasa,2026,Regular Season - 9,2026-09-19T15:30:00+00:00,GKS Katowice,Cracovia Krakow,1,2026-09-27T12:52:04Z,CAPTURED,2,2,
1553174,/fixtures/lineups,Poland,106,Ekstraklasa,2026,Regular Season - 9,2026-09-20T15:30:00+00:00,Jagiellonia,Legia Warszawa,1,2026-09-27T12:52:04Z,CAPTURED,2,2,
1553175,/fixtures/lineups,Poland,106,Ekstraklasa,2026,Regular Season - 9,2026-09-19T12:45:00+00:00,Korona Kielce,Raków Częstochowa,1,2026-09-27T12:52:04Z,CAPTURED,2,2,
1553176,/fixtures/lineups,Poland,106,Ekstraklasa,2026,Regular Season - 9,2026-09-20T18:15:00+00:00,Lech Poznan,Radomiak Radom,1,2026-09-27T12:52:04Z,CAPTURED,2,2,
1553177,/fixtures/lineups,Poland,106,Ekstraklasa,2026,Regular Season - 9,2026-09-19T18:15:00+00:00,Motor Lublin,Gornik Zabrze,1,2026-09-27T12:52:04Z,CAPTURED,2,2,
1553178,/fixtures/lineups,Poland,106,Ekstraklasa,2026,Regular Season - 9,2026-09-20T10:15:00+00:00,Piast Gliwice,Pogon Szczecin,1,2026-09-27T12:52:04Z,CAPTURED,2,2,
1553179,/fixtures/lineups,Poland,106,Ekstraklasa,2026,Regular Season - 9,2026-09-18T16:30:00+00:00,Widzew Łódź,Wieczysta Kraków,1,2026-09-27T12:52:04Z,CAPTURED,2,2,
1553180,/fixtures/lineups,Poland,106,Ekstraklasa,2026,Regular Season - 9,2026-09-18T18:30:00+00:00,Wisla Krakow,Slask Wroclaw,1,2026-09-27T12:52:04Z,CAPTURED,2,2,
1553181,/fixtures/lineups,Poland,106,Ekstraklasa,2026,Regular Season - 9,2026-09-20T12:45:00+00:00,Zaglebie Lubin,Wisla Plock,1,2026-09-27T12:52:04Z,CAPTURED,2,2,
1556640,/fixtures/lineups,Scotland,179,Premiership,2026,Regular Season - 3,2026-08-22T16:45:00+00:00,Dundee Utd,Dundee,1,2026-09-27T12:52:04Z,CAPTURED,2,2,
1556641,/fixtures/lineups,Scotland,179,Premiership,2026,Regular Season - 3,2026-09-15T18:45:00+00:00,Falkirk,Heart Of Midlothian,1,2026-09-27T12:52:04Z,CAPTURED,2,2,
1556642,/fixtures/lineups,Scotland,179,Premiership,2026,Regular Season - 3,2026-09-15T18:45:00+00:00,Hibernian,Kilmarnock,1,2026-09-27T12:52:04Z,CAPTURED,2,2,
1556643,/fixtures/lineups,Scotland,179,Premiership,2026,Regular Season - 3,2026-09-15T18:45:00+00:00,Motherwell,Aberdeen,1,2026-09-27T12:52:04Z,CAPTURED,2,2,
1556644,/fixtures/lineups,Scotland,179,Premiership,2026,Regular Season - 3,2026-09-09T18:45:00+00:00,Rangers,ST Mirren,1,2026-09-27T12:52:04Z,CAPTURED,2,2,
1556645,/fixtures/lineups,Scotland,179,Premiership,2026,Regular Season - 3,2026-09-09T19:00:00+00:00,ST Johnstone,Celtic,1,2026-09-27T12:52:04Z,CAPTURED,2,2,
1556664,/fixtures/lineups,Scotland,179,Premiership,2026,Regular Season - 7,2026-09-19T14:00:00+00:00,Dundee,Motherwell,1,2026-09-27T12:52:04Z,CAPTURED,2,2,
1556665,/fixtures/lineups,Scotland,179,Premiership,2026,Regular Season - 7,2026-09-19T14:00:00+00:00,Hibernian,Aberdeen,1,2026-09-27T12:52:04Z,CAPTURED,2,2,
1556666,/fixtures/lineups,Scotland,179,Premiership,2026,Regular Season - 7,2026-09-19T16:45:00+00:00,Kilmarnock,Heart Of Midlothian,1,2026-09-27T12:52:04Z,CAPTURED,2,2,
1556667,/fixtures/lineups,Scotland,179,Premiership,2026,Regular Season - 7,2026-09-19T14:00:00+00:00,ST Johnstone,Falkirk,1,2026-09-27T12:52:04Z,CAPTURED,2,2,
1556668,/fixtures/lineups,Scotland,179,Premiership,2026,Regular Season - 7,2026-09-19T14:00:00+00:00,ST Mirren,Dundee Utd,1,2026-09-27T12:52:04Z,CAPTURED,2,2,
1556669,/fixtures/lineups,Scotland,179,Premiership,2026,Regular Season - 7,2026-09-20T11:00:00+00:00,Celtic,Rangers,1,2026-09-27T12:52:04Z,CAPTURED,2,2,
1557407,/fixtures/lineups,England,39,Premier League,2026,Regular Season - 5,2026-09-20T13:00:00+00:00,Bournemouth,Liverpool,1,2026-09-27T12:52:04Z,CAPTURED,2,2,
1557408,/fixtures/lineups,England,39,Premier League,2026,Regular Season - 5,2026-09-18T19:00:00+00:00,Brentford,Chelsea,1,2026-09-27T12:52:04Z,CAPTURED,2,2,
1557409,/fixtures/lineups,England,39,Premier League,2026,Regular Season - 5,2026-09-19T14:00:00+00:00,Brighton,Arsenal,1,2026-09-27T12:52:04Z,CAPTURED,2,2,
1557410,/fixtures/lineups,England,39,Premier League,2026,Regular Season - 5,2026-09-19T14:00:00+00:00,Everton,Ipswich,1,2026-09-27T12:52:04Z,CAPTURED,2,2,
1557411,/fixtures/lineups,England,39,Premier League,2026,Regular Season - 5,2026-09-20T15:30:00+00:00,Fulham,Manchester United,1,2026-09-27T12:52:04Z,CAPTURED,2,2,
1557412,/fixtures/lineups,England,39,Premier League,2026,Regular Season - 5,2026-09-20T13:00:00+00:00,Leeds,Crystal Palace,1,2026-09-27T12:52:04Z,CAPTURED,2,2,
1557413,/fixtures/lineups,England,39,Premier League,2026,Regular Season - 5,2026-09-20T13:00:00+00:00,Manchester City,Sunderland,1,2026-09-27T12:52:04Z,CAPTURED,2,2,
1557414,/fixtures/lineups,England,39,Premier League,2026,Regular Season - 5,2026-09-19T14:00:00+00:00,Newcastle,Hull City,1,2026-09-27T12:52:04Z,CAPTURED,2,2,
1557415,/fixtures/lineups,England,39,Premier League,2026,Regular Season - 5,2026-09-19T16:30:00+00:00,Nottingham Forest,Coventry,1,2026-09-27T12:52:04Z,CAPTURED,2,2,
1557416,/fixtures/lineups,England,39,Premier League,2026,Regular Season - 5,2026-09-19T11:30:00+00:00,Tottenham,Aston Villa,1,2026-09-27T12:52:04Z,CAPTURED,2,2,
1558635,/fixtures/lineups,Belgium,144,Jupiler Pro League,2026,Regular Season - 7,2026-09-18T18:45:00+00:00,Gent,Standard Liege,1,2026-09-27T12:52:04Z,CAPTURED,2,2,
1558636,/fixtures/lineups,Belgium,144,Jupiler Pro League,2026,Regular Season - 7,2026-09-19T14:00:00+00:00,OH Leuven,RAAL La Louvière,1,2026-09-27T12:52:04Z,CAPTURED,2,2,
1558637,/fixtures/lineups,Belgium,144,Jupiler Pro League,2026,Regular Season - 7,2026-09-19T16:15:00+00:00,Charleroi,Cercle Brugge,1,2026-09-27T12:52:04Z,CAPTURED,2,2,
1558638,/fixtures/lineups,Belgium,144,Jupiler Pro League,2026,Regular Season - 7,2026-09-19T18:45:00+00:00,Anderlecht,Zulte Waregem,1,2026-09-27T12:52:04Z,CAPTURED,2,2,
1558639,/fixtures/lineups,Belgium,144,Jupiler Pro League,2026,Regular Season - 7,2026-09-19T18:45:00+00:00,Lommel United,KV Mechelen,1,2026-09-27T12:52:04Z,CAPTURED,2,2,
1558640,/fixtures/lineups,Belgium,144,Jupiler Pro League,2026,Regular Season - 7,2026-09-20T11:30:00+00:00,Antwerp,Union St. Gilloise,1,2026-09-27T12:52:04Z,CAPTURED,2,2,
1558641,/fixtures/lineups,Belgium,144,Jupiler Pro League,2026,Regular Season - 7,2026-09-20T14:00:00+00:00,St. Truiden,KVC Westerlo,1,2026-09-27T12:52:04Z,CAPTURED,2,2,
1558642,/fixtures/lineups,Belgium,144,Jupiler Pro League,2026,Regular Season - 7,2026-09-20T16:30:00+00:00,Club Brugge KV,Genk,1,2026-09-27T12:52:04Z,CAPTURED,2,2,
1558643,/fixtures/lineups,Belgium,144,Jupiler Pro League,2026,Regular Season - 7,2026-09-20T17:15:00+00:00,Kortrijk,SK Beveren,1,2026-09-27T12:52:04Z,CAPTURED,2,2,
1561930,/fixtures/lineups,Austria,218,Bundesliga,2026,Regular Season - 7,2026-09-19T15:00:00+00:00,Austria Lustenau,SCR Altach,1,2026-09-27T12:52:04Z,CAPTURED,2,2,
1561931,/fixtures/lineups,Austria,218,Bundesliga,2026,Regular Season - 7,2026-09-19T17:30:00+00:00,Grazer AK,Austria Vienna,1,2026-09-27T12:52:04Z,CAPTURED,2,2,
1561932,/fixtures/lineups,Austria,218,Bundesliga,2026,Regular Season - 7,2026-09-20T12:30:00+00:00,TSV Hartberg,Lask Linz,1,2026-09-27T12:52:04Z,CAPTURED,2,2,
1561933,/fixtures/lineups,Austria,218,Bundesliga,2026,Regular Season - 7,2026-09-20T12:30:00+00:00,Ried,Wolfsberger AC,1,2026-09-27T12:52:04Z,CAPTURED,2,2,
1561934,/fixtures/lineups,Austria,218,Bundesliga,2026,Regular Season - 7,2026-09-20T15:00:00+00:00,Red Bull Salzburg,Sturm Graz,1,2026-09-27T12:52:04Z,CAPTURED,2,2,
1561935,/fixtures/lineups,Austria,218,Bundesliga,2026,Regular Season - 7,2026-09-18T17:30:00+00:00,Rapid Vienna,WSG Wattens,1,2026-09-27T12:52:04Z,CAPTURED,2,2,
1570383,/fixtures/lineups,Spain,140,La Liga,2026,Regular Season - 6,2026-09-15T18:00:00+00:00,Alaves,Valencia,1,2026-09-27T12:52:04Z,CAPTURED,2,2,
1570384,/fixtures/lineups,Spain,140,La Liga,2026,Regular Season - 6,2026-09-16T17:00:00+00:00,Atletico Madrid,Osasuna,1,2026-09-27T12:52:04Z,CAPTURED,2,2,
1570385,/fixtures/lineups,Spain,140,La Liga,2026,Regular Season - 6,2026-09-16T19:30:00+00:00,Barcelona,Racing Santander,1,2026-09-27T12:52:04Z,CAPTURED,2,2,
1570387,/fixtures/lineups,Spain,140,La Liga,2026,Regular Season - 6,2026-09-16T17:00:00+00:00,Deportivo La Coruna,Sevilla,1,2026-09-27T12:52:04Z,CAPTURED,2,2,
1570388,/fixtures/lineups,Spain,140,La Liga,2026,Regular Season - 6,2026-09-15T19:30:00+00:00,Elche,Real Madrid,1,2026-09-27T12:52:04Z,CAPTURED,2,2,
1570391,/fixtures/lineups,Spain,140,La Liga,2026,Regular Season - 6,2026-09-15T17:00:00+00:00,Rayo Vallecano,Espanyol,1,2026-09-27T12:52:04Z,CAPTURED,2,2,
1570392,/fixtures/lineups,Spain,140,La Liga,2026,Regular Season - 6,2026-09-03T19:00:00+00:00,Real Sociedad,Celta Vigo,1,2026-09-27T12:52:04Z,CAPTURED,2,2,
1570393,/fixtures/lineups,Spain,140,La Liga,2026,Regular Season - 7,2026-09-19T14:15:00+00:00,Athletic Club,Alaves,1,2026-09-27T12:52:04Z,CAPTURED,2,2,
1570394,/fixtures/lineups,Spain,140,La Liga,2026,Regular Season - 7,2026-09-20T14:15:00+00:00,Atletico Madrid,Real Madrid,1,2026-09-27T12:52:04Z,CAPTURED,2,2,
1570395,/fixtures/lineups,Spain,140,La Liga,2026,Regular Season - 7,2026-09-19T16:30:00+00:00,Celta Vigo,Racing Santander,1,2026-09-27T12:52:04Z,CAPTURED,2,2,
1570396,/fixtures/lineups,Spain,140,La Liga,2026,Regular Season - 7,2026-09-20T16:30:00+00:00,Deportivo La Coruna,Real Betis,1,2026-09-27T12:52:04Z,CAPTURED,2,2,
1570397,/fixtures/lineups,Spain,140,La Liga,2026,Regular Season - 7,2026-09-18T19:00:00+00:00,Espanyol,Elche,1,2026-09-27T12:52:04Z,CAPTURED,2,2,
1570398,/fixtures/lineups,Spain,140,La Liga,2026,Regular Season - 7,2026-09-20T12:00:00+00:00,Getafe,Malaga,1,2026-09-27T12:52:04Z,CAPTURED,2,2,
1570399,/fixtures/lineups,Spain,140,La Liga,2026,Regular Season - 7,2026-09-19T12:00:00+00:00,Osasuna,Rayo Vallecano,1,2026-09-27T12:52:04Z,CAPTURED,2,2,
1570400,/fixtures/lineups,Spain,140,La Liga,2026,Regular Season - 7,2026-09-19T19:00:00+00:00,Sevilla,Barcelona,1,2026-09-27T12:52:04Z,CAPTURED,2,2,
1570401,/fixtures/lineups,Spain,140,La Liga,2026,Regular Season - 7,2026-09-20T19:00:00+00:00,Valencia,Real Sociedad,1,2026-09-27T12:52:04Z,CAPTURED,2,2,
1570402,/fixtures/lineups,Spain,140,La Liga,2026,Regular Season - 7,2026-09-20T16:30:00+00:00,Villarreal,Levante,1,2026-09-27T12:52:04Z,CAPTURED,2,2,
1575167,/fixtures/lineups,Germany,78,Bundesliga,2026,Regular Season - 4,2026-09-18T18:30:00+00:00,Bayern München,Union Berlin,1,2026-09-27T12:52:04Z,CAPTURED,2,2,
1575168,/fixtures/lineups,Germany,78,Bundesliga,2026,Regular Season - 4,2026-09-19T16:30:00+00:00,VfB Stuttgart,Borussia Dortmund,1,2026-09-27T12:52:04Z,CAPTURED,2,2,
1575169,/fixtures/lineups,Germany,78,Bundesliga,2026,Regular Season - 4,2026-09-20T13:30:00+00:00,Bayer Leverkusen,RB Leipzig,1,2026-09-27T12:52:04Z,CAPTURED,2,2,
1575170,/fixtures/lineups,Germany,78,Bundesliga,2026,Regular Season - 4,2026-09-19T13:30:00+00:00,Eintracht Frankfurt,SC Freiburg,1,2026-09-27T12:52:04Z,CAPTURED,2,2,
1575171,/fixtures/lineups,Germany,78,Bundesliga,2026,Regular Season - 4,2026-09-19T13:30:00+00:00,Hamburger SV,1. FC Köln,1,2026-09-27T12:52:04Z,CAPTURED,2,2,
1575172,/fixtures/lineups,Germany,78,Bundesliga,2026,Regular Season - 4,2026-09-19T13:30:00+00:00,Werder Bremen,FC Augsburg,1,2026-09-27T12:52:04Z,CAPTURED,2,2,
1575173,/fixtures/lineups,Germany,78,Bundesliga,2026,Regular Season - 4,2026-09-20T15:30:00+00:00,FC Schalke 04,SV Elversberg,1,2026-09-27T12:52:04Z,CAPTURED,2,2,
1575174,/fixtures/lineups,Germany,78,Bundesliga,2026,Regular Season - 4,2026-09-19T13:30:00+00:00,Borussia Mönchengladbach,FSV Mainz 05,1,2026-09-27T12:52:04Z,CAPTURED,2,2,
1575175,/fixtures/lineups,Germany,78,Bundesliga,2026,Regular Season - 4,2026-09-20T17:30:00+00:00,SC Paderborn 07,1899 Hoffenheim,1,2026-09-27T12:52:04Z,CAPTURED,2,2,
1575500,/fixtures/lineups,Portugal,94,Primeira Liga,2026,Regular Season - 7,2026-09-19T17:00:00+00:00,Alverca,Rio Ave,1,2026-09-27T12:52:04Z,CAPTURED,2,2,
1575501,/fixtures/lineups,Portugal,94,Primeira Liga,2026,Regular Season - 7,2026-09-20T17:00:00+00:00,Estoril,Casa Pia,1,2026-09-27T12:52:04Z,CAPTURED,2,2,
1575502,/fixtures/lineups,Portugal,94,Primeira Liga,2026,Regular Season - 7,2026-09-20T14:30:00+00:00,Estrela,Academico Viseu,1,2026-09-27T12:52:04Z,CAPTURED,2,2,
1575503,/fixtures/lineups,Portugal,94,Primeira Liga,2026,Regular Season - 7,2026-09-20T19:30:00+00:00,FC Porto,Benfica,1,2026-09-27T12:52:04Z,CAPTURED,2,2,
1575504,/fixtures/lineups,Portugal,94,Primeira Liga,2026,Regular Season - 7,2026-09-19T14:30:00+00:00,GIL Vicente,Maritimo,1,2026-09-27T12:52:04Z,CAPTURED,2,2,
1575505,/fixtures/lineups,Portugal,94,Primeira Liga,2026,Regular Season - 7,2026-09-19T14:30:00+00:00,Nacional,Famalicao,1,2026-09-27T12:52:04Z,CAPTURED,2,2,
1575506,/fixtures/lineups,Portugal,94,Primeira Liga,2026,Regular Season - 7,2026-09-20T17:00:00+00:00,Santa Clara,SC Braga,1,2026-09-27T12:52:04Z,CAPTURED,2,2,
1575507,/fixtures/lineups,Portugal,94,Primeira Liga,2026,Regular Season - 7,2026-09-19T19:30:00+00:00,Sporting CP,Arouca,1,2026-09-27T12:52:04Z,CAPTURED,2,2,
1575508,/fixtures/lineups,Portugal,94,Primeira Liga,2026,Regular Season - 7,2026-09-20T14:30:00+00:00,Vitória SC,Moreirense,1,2026-09-27T12:52:04Z,CAPTURED,2,2,
1584412,/fixtures/lineups,Turkey,203,Süper Lig,2026,Regular Season - 6,2026-09-20T17:00:00+00:00,Amed,Beşiktaş,1,2026-09-27T12:52:04Z,CAPTURED,2,2,
1584413,/fixtures/lineups,Turkey,203,Süper Lig,2026,Regular Season - 6,2026-09-19T17:00:00+00:00,Başakşehir,Gençlerbirliği S.K.,1,2026-09-27T12:52:04Z,CAPTURED,2,2,
1584414,/fixtures/lineups,Turkey,203,Süper Lig,2026,Regular Season - 6,2026-09-19T14:00:00+00:00,Çorum FK,Alanyaspor,1,2026-09-27T12:52:04Z,CAPTURED,2,2,
1584415,/fixtures/lineups,Turkey,203,Süper Lig,2026,Regular Season - 6,2026-09-20T14:00:00+00:00,Erzurumspor FK,Samsunspor,1,2026-09-27T12:52:04Z,CAPTURED,2,2,
1584416,/fixtures/lineups,Turkey,203,Süper Lig,2026,Regular Season - 6,2026-09-20T14:00:00+00:00,Fenerbahçe,Eyüpspor,1,2026-09-27T12:52:04Z,CAPTURED,2,2,
1584417,/fixtures/lineups,Turkey,203,Süper Lig,2026,Regular Season - 6,2026-09-20T17:00:00+00:00,Göztepe,Rizespor,1,2026-09-27T12:52:04Z,CAPTURED,2,2,
1584418,/fixtures/lineups,Turkey,203,Süper Lig,2026,Regular Season - 6,2026-09-18T17:00:00+00:00,Kasımpaşa,Konyaspor,1,2026-09-27T12:52:04Z,CAPTURED,2,2,
1584419,/fixtures/lineups,Turkey,203,Süper Lig,2026,Regular Season - 6,2026-09-19T14:00:00+00:00,Kocaelispor,Gaziantep FK,1,2026-09-27T12:52:04Z,CAPTURED,2,2,
1584420,/fixtures/lineups,Turkey,203,Süper Lig,2026,Regular Season - 6,2026-09-19T17:00:00+00:00,Trabzonspor,Galatasaray,1,2026-09-27T12:52:04Z,CAPTURED,2,2,
1379309,/fixtures/lineups,England,39,Premier League,2025,Regular Season - 35,2026-05-02T16:30:00+00:00,Arsenal,Fulham,1,2026-09-27T13:27:23Z,CAPTURED,2,2,
1379310,/fixtures/lineups,England,39,Premier League,2025,Regular Season - 35,2026-05-03T18:00:00+00:00,Aston Villa,Tottenham,1,2026-09-27T13:27:23Z,CAPTURED,2,2,
1379311,/fixtures/lineups,England,39,Premier League,2025,Regular Season - 35,2026-05-03T13:00:00+00:00,Bournemouth,Crystal Palace,1,2026-09-27T13:27:23Z,CAPTURED,2,2,
1379313,/fixtures/lineups,England,39,Premier League,2025,Regular Season - 35,2026-05-04T14:00:00+00:00,Chelsea,Nottingham Forest,1,2026-09-27T13:27:23Z,CAPTURED,2,2,
1379314,/fixtures/lineups,England,39,Premier League,2025,Regular Season - 35,2026-05-04T19:00:00+00:00,Everton,Manchester City,1,2026-09-27T13:27:23Z,CAPTURED,2,2,
1379316,/fixtures/lineups,England,39,Premier League,2025,Regular Season - 35,2026-05-03T14:30:00+00:00,Manchester United,Liverpool,1,2026-09-27T13:27:23Z,CAPTURED,2,2,
1379317,/fixtures/lineups,England,39,Premier League,2025,Regular Season - 35,2026-05-02T14:00:00+00:00,Newcastle,Brighton,1,2026-09-27T13:27:23Z,CAPTURED,2,2,
1379318,/fixtures/lineups,England,39,Premier League,2025,Regular Season - 35,2026-05-02T14:00:00+00:00,Wolves,Sunderland,1,2026-09-27T13:27:23Z,CAPTURED,2,2,
1379323,/fixtures/lineups,England,39,Premier League,2025,Regular Season - 36,2026-05-09T11:30:00+00:00,Liverpool,Chelsea,1,2026-09-27T13:27:23Z,CAPTURED,2,2,
1387698,/fixtures/lineups,France,61,Ligue 1,2025,Regular Season - 1,2025-08-17T15:15:00+00:00,Angers,Paris FC,1,2026-09-27T13:27:23Z,CAPTURED,2,2,
1387699,/fixtures/lineups,France,61,Ligue 1,2025,Regular Season - 1,2025-08-17T15:15:00+00:00,Auxerre,Lorient,1,2026-09-27T13:27:23Z,CAPTURED,2,2,
1387700,/fixtures/lineups,France,61,Ligue 1,2025,Regular Season - 1,2025-08-17T13:00:00+00:00,Stade Brestois 29,Lille,1,2026-09-27T13:27:23Z,CAPTURED,2,2,
1387701,/fixtures/lineups,France,61,Ligue 1,2025,Regular Season - 1,2025-08-16T15:00:00+00:00,Lens,Lyon,1,2026-09-27T13:27:23Z,CAPTURED,2,2,
1387702,/fixtures/lineups,France,61,Ligue 1,2025,Regular Season - 1,2025-08-17T15:15:00+00:00,Metz,Strasbourg,1,2026-09-27T13:27:23Z,CAPTURED,2,2,
1387703,/fixtures/lineups,France,61,Ligue 1,2025,Regular Season - 1,2025-08-16T17:00:00+00:00,Monaco,Le Havre,1,2026-09-27T13:27:23Z,CAPTURED,2,2,
1387704,/fixtures/lineups,France,61,Ligue 1,2025,Regular Season - 1,2025-08-17T18:45:00+00:00,Nantes,Paris Saint Germain,1,2026-09-27T13:27:23Z,CAPTURED,2,2,
1387705,/fixtures/lineups,France,61,Ligue 1,2025,Regular Season - 1,2025-08-16T19:05:00+00:00,Nice,Toulouse,1,2026-09-27T13:27:23Z,CAPTURED,2,2,
1387706,/fixtures/lineups,France,61,Ligue 1,2025,Regular Season - 1,2025-08-15T18:45:00+00:00,Rennes,Marseille,1,2026-09-27T13:27:23Z,CAPTURED,2,2,
1387707,/fixtures/lineups,France,61,Ligue 1,2025,Regular Season - 2,2025-08-24T15:15:00+00:00,Le Havre,Lens,1,2026-09-27T13:27:23Z,CAPTURED,2,2,
1387708,/fixtures/lineups,France,61,Ligue 1,2025,Regular Season - 2,2025-08-24T18:45:00+00:00,Lille,Monaco,1,2026-09-27T13:27:23Z,CAPTURED,2,2,
1387709,/fixtures/lineups,France,61,Ligue 1,2025,Regular Season - 2,2025-08-24T13:00:00+00:00,Lorient,Rennes,1,2026-09-27T13:27:23Z,CAPTURED,2,2,
1387710,/fixtures/lineups,France,61,Ligue 1,2025,Regular Season - 2,2025-08-23T19:05:00+00:00,Lyon,Metz,1,2026-09-27T13:27:23Z,CAPTURED,2,2,
1387711,/fixtures/lineups,France,61,Ligue 1,2025,Regular Season - 2,2025-08-23T15:00:00+00:00,Marseille,Paris FC,1,2026-09-27T13:27:23Z,CAPTURED,2,2,
1387712,/fixtures/lineups,France,61,Ligue 1,2025,Regular Season - 2,2025-08-23T17:00:00+00:00,Nice,Auxerre,1,2026-09-27T13:27:23Z,CAPTURED,2,2,
1387713,/fixtures/lineups,France,61,Ligue 1,2025,Regular Season - 2,2025-08-22T18:45:00+00:00,Paris Saint Germain,Angers,1,2026-09-27T13:27:23Z,CAPTURED,2,2,
1387714,/fixtures/lineups,France,61,Ligue 1,2025,Regular Season - 2,2025-08-24T15:15:00+00:00,Strasbourg,Nantes,1,2026-09-27T13:27:23Z,CAPTURED,2,2,
1387715,/fixtures/lineups,France,61,Ligue 1,2025,Regular Season - 2,2025-08-24T15:15:00+00:00,Toulouse,Stade Brestois 29,1,2026-09-27T13:27:23Z,CAPTURED,2,2,
1387716,/fixtures/lineups,France,61,Ligue 1,2025,Regular Season - 3,2025-08-31T13:00:00+00:00,Angers,Rennes,1,2026-09-27T13:27:23Z,CAPTURED,2,2,
1387717,/fixtures/lineups,France,61,Ligue 1,2025,Regular Season - 3,2025-08-31T15:15:00+00:00,Le Havre,Nice,1,2026-09-27T13:27:23Z,CAPTURED,2,2,
1387718,/fixtures/lineups,France,61,Ligue 1,2025,Regular Season - 3,2025-08-29T18:45:00+00:00,Lens,Stade Brestois 29,1,2026-09-27T13:27:23Z,CAPTURED,2,2,
1387719,/fixtures/lineups,France,61,Ligue 1,2025,Regular Season - 3,2025-08-30T15:00:00+00:00,Lorient,Lille,1,2026-09-27T13:27:23Z,CAPTURED,2,2,
1387720,/fixtures/lineups,France,61,Ligue 1,2025,Regular Season - 3,2025-08-31T18:45:00+00:00,Lyon,Marseille,1,2026-09-27T13:27:23Z,CAPTURED,2,2,
1387721,/fixtures/lineups,France,61,Ligue 1,2025,Regular Season - 3,2025-08-31T15:15:00+00:00,Monaco,Strasbourg,1,2026-09-27T13:27:23Z,CAPTURED,2,2,
1387722,/fixtures/lineups,France,61,Ligue 1,2025,Regular Season - 3,2025-08-30T17:00:00+00:00,Nantes,Auxerre,1,2026-09-27T13:27:23Z,CAPTURED,2,2,
1387723,/fixtures/lineups,France,61,Ligue 1,2025,Regular Season - 3,2025-08-31T15:15:00+00:00,Paris FC,Metz,1,2026-09-27T13:27:23Z,CAPTURED,2,2,
1387724,/fixtures/lineups,France,61,Ligue 1,2025,Regular Season - 3,2025-08-30T19:05:00+00:00,Toulouse,Paris Saint Germain,1,2026-09-27T13:27:23Z,CAPTURED,2,2,
1387725,/fixtures/lineups,France,61,Ligue 1,2025,Regular Season - 4,2025-09-13T19:05:00+00:00,Auxerre,Monaco,1,2026-09-27T13:27:23Z,CAPTURED,2,2,
1387726,/fixtures/lineups,France,61,Ligue 1,2025,Regular Season - 4,2025-09-14T15:15:00+00:00,Stade Brestois 29,Paris FC,1,2026-09-27T13:27:23Z,CAPTURED,2,2,
1387727,/fixtures/lineups,France,61,Ligue 1,2025,Regular Season - 4,2025-09-14T13:00:00+00:00,Lille,Toulouse,1,2026-09-27T13:27:23Z,CAPTURED,2,2,
1387728,/fixtures/lineups,France,61,Ligue 1,2025,Regular Season - 4,2025-09-12T18:45:00+00:00,Marseille,Lorient,1,2026-09-27T13:27:23Z,CAPTURED,2,2,
1387729,/fixtures/lineups,France,61,Ligue 1,2025,Regular Season - 4,2025-09-14T15:15:00+00:00,Metz,Angers,1,2026-09-27T13:27:23Z,CAPTURED,2,2,
1387730,/fixtures/lineups,France,61,Ligue 1,2025,Regular Season - 4,2025-09-13T15:00:00+00:00,Nice,Nantes,1,2026-09-27T13:27:23Z,CAPTURED,2,2,
1387731,/fixtures/lineups,France,61,Ligue 1,2025,Regular Season - 4,2025-09-14T15:15:00+00:00,Paris Saint Germain,Lens,1,2026-09-27T13:27:23Z,CAPTURED,2,2,
1387732,/fixtures/lineups,France,61,Ligue 1,2025,Regular Season - 4,2025-09-14T18:45:00+00:00,Rennes,Lyon,1,2026-09-27T13:27:23Z,CAPTURED,2,2,
1387733,/fixtures/lineups,France,61,Ligue 1,2025,Regular Season - 4,2025-09-14T15:15:00+00:00,Strasbourg,Le Havre,1,2026-09-27T13:27:23Z,CAPTURED,2,2,
1387735,/fixtures/lineups,France,61,Ligue 1,2025,Regular Season - 5,2025-09-20T17:00:00+00:00,Stade Brestois 29,Nice,1,2026-09-27T13:27:23Z,CAPTURED,2,2,
1387737,/fixtures/lineups,France,61,Ligue 1,2025,Regular Season - 5,2025-09-20T19:05:00+00:00,Lens,Lille,1,2026-09-27T13:27:23Z,CAPTURED,2,2,
1387738,/fixtures/lineups,France,61,Ligue 1,2025,Regular Season - 5,2025-09-19T18:45:00+00:00,Lyon,Angers,1,2026-09-27T13:27:23Z,CAPTURED,2,2,
1387741,/fixtures/lineups,France,61,Ligue 1,2025,Regular Season - 5,2025-09-20T15:00:00+00:00,Nantes,Rennes,1,2026-09-27T13:27:23Z,CAPTURED,2,2,
1387742,/fixtures/lineups,France,61,Ligue 1,2025,Regular Season - 5,2025-09-21T13:00:00+00:00,Paris FC,Strasbourg,1,2026-09-27T13:27:23Z,CAPTURED,2,2,
1387734,/fixtures/lineups,France,61,Ligue 1,2025,Regular Season - 5,2025-09-21T15:15:00+00:00,Auxerre,Toulouse,3,2026-09-28T01:28:30Z,CAPTURED,2,2,
1387736,/fixtures/lineups,France,61,Ligue 1,2025,Regular Season - 5,2025-09-21T15:15:00+00:00,Le Havre,Lorient,1,2026-09-28T01:28:30Z,CAPTURED,2,2,
1387739,/fixtures/lineups,France,61,Ligue 1,2025,Regular Season - 5,2025-09-22T18:00:00+00:00,Marseille,Paris Saint Germain,1,2026-09-28T01:28:30Z,CAPTURED,2,2,
1387740,/fixtures/lineups,France,61,Ligue 1,2025,Regular Season - 5,2025-09-21T15:15:00+00:00,Monaco,Metz,1,2026-09-28T01:28:30Z,CAPTURED,2,2,
1387743,/fixtures/lineups,France,61,Ligue 1,2025,Regular Season - 6,2025-09-28T15:15:00+00:00,Angers,Stade Brestois 29,1,2026-09-28T01:28:30Z,CAPTURED,2,2,
1387744,/fixtures/lineups,France,61,Ligue 1,2025,Regular Season - 6,2025-09-28T15:15:00+00:00,Lille,Lyon,1,2026-09-28T01:28:30Z,CAPTURED,2,2,
1387745,/fixtures/lineups,France,61,Ligue 1,2025,Regular Season - 6,2025-09-27T15:00:00+00:00,Lorient,Monaco,1,2026-09-28T01:28:30Z,CAPTURED,2,2,
1387746,/fixtures/lineups,France,61,Ligue 1,2025,Regular Season - 6,2025-09-28T15:15:00+00:00,Metz,Le Havre,1,2026-09-28T01:28:30Z,CAPTURED,2,2,
1387747,/fixtures/lineups,France,61,Ligue 1,2025,Regular Season - 6,2025-09-28T13:00:00+00:00,Nice,Paris FC,1,2026-09-28T01:28:30Z,CAPTURED,2,2,
1387748,/fixtures/lineups,France,61,Ligue 1,2025,Regular Season - 6,2025-09-27T19:05:00+00:00,Paris Saint Germain,Auxerre,1,2026-09-28T01:28:30Z,CAPTURED,2,2,
1387749,/fixtures/lineups,France,61,Ligue 1,2025,Regular Season - 6,2025-09-28T18:45:00+00:00,Rennes,Lens,1,2026-09-28T01:28:30Z,CAPTURED,2,2,
1387750,/fixtures/lineups,France,61,Ligue 1,2025,Regular Season - 6,2025-09-26T18:45:00+00:00,Strasbourg,Marseille,1,2026-09-28T01:28:30Z,CAPTURED,2,2,
1387751,/fixtures/lineups,France,61,Ligue 1,2025,Regular Season - 6,2025-09-27T17:00:00+00:00,Toulouse,Nantes,1,2026-09-28T01:28:30Z,CAPTURED,2,2,
1387752,/fixtures/lineups,France,61,Ligue 1,2025,Regular Season - 7,2025-10-04T19:05:00+00:00,Auxerre,Lens,1,2026-09-28T01:28:30Z,CAPTURED,2,2,
1387753,/fixtures/lineups,France,61,Ligue 1,2025,Regular Season - 7,2025-10-04T17:00:00+00:00,Stade Brestois 29,Nantes,1,2026-09-28T01:28:30Z,CAPTURED,2,2,
1387754,/fixtures/lineups,France,61,Ligue 1,2025,Regular Season - 7,2025-10-05T15:15:00+00:00,Le Havre,Rennes,1,2026-09-28T01:28:30Z,CAPTURED,2,2,
1387755,/fixtures/lineups,France,61,Ligue 1,2025,Regular Season - 7,2025-10-05T18:45:00+00:00,Lille,Paris Saint Germain,1,2026-09-28T01:28:30Z,CAPTURED,2,2,
1387756,/fixtures/lineups,France,61,Ligue 1,2025,Regular Season - 7,2025-10-05T13:00:00+00:00,Lyon,Toulouse,1,2026-09-28T01:28:30Z,CAPTURED,2,2,
1387757,/fixtures/lineups,France,61,Ligue 1,2025,Regular Season - 7,2025-10-04T15:00:00+00:00,Metz,Marseille,1,2026-09-28T01:28:30Z,CAPTURED,2,2,
1387758,/fixtures/lineups,France,61,Ligue 1,2025,Regular Season - 7,2025-10-05T15:15:00+00:00,Monaco,Nice,1,2026-09-28T01:28:30Z,CAPTURED,2,2,
1387759,/fixtures/lineups,France,61,Ligue 1,2025,Regular Season - 7,2025-10-03T18:45:00+00:00,Paris FC,Lorient,1,2026-09-28T01:28:30Z,CAPTURED,2,2,
1387760,/fixtures/lineups,France,61,Ligue 1,2025,Regular Season - 7,2025-10-05T15:15:00+00:00,Strasbourg,Angers,1,2026-09-28T01:28:30Z,CAPTURED,2,2,
1387761,/fixtures/lineups,France,61,Ligue 1,2025,Regular Season - 8,2025-10-18T17:00:00+00:00,Angers,Monaco,1,2026-09-28T01:28:30Z,CAPTURED,2,2,
1387762,/fixtures/lineups,France,61,Ligue 1,2025,Regular Season - 8,2025-10-19T13:00:00+00:00,Lens,Paris FC,1,2026-09-28T01:28:30Z,CAPTURED,2,2,
1387763,/fixtures/lineups,France,61,Ligue 1,2025,Regular Season - 8,2025-10-19T15:15:00+00:00,Lorient,Stade Brestois 29,1,2026-09-28T01:28:30Z,CAPTURED,2,2,
1387764,/fixtures/lineups,France,61,Ligue 1,2025,Regular Season - 8,2025-10-18T19:05:00+00:00,Marseille,Le Havre,1,2026-09-28T01:28:30Z,CAPTURED,2,2,
1387765,/fixtures/lineups,France,61,Ligue 1,2025,Regular Season - 8,2025-10-19T18:45:00+00:00,Nantes,Lille,1,2026-09-28T01:28:30Z,CAPTURED,2,2,
1387766,/fixtures/lineups,France,61,Ligue 1,2025,Regular Season - 8,2025-10-18T15:00:00+00:00,Nice,Lyon,1,2026-09-28T01:28:30Z,CAPTURED,2,2,
1387767,/fixtures/lineups,France,61,Ligue 1,2025,Regular Season - 8,2025-10-17T18:45:00+00:00,Paris Saint Germain,Strasbourg,1,2026-09-28T01:28:30Z,CAPTURED,2,2,
1387768,/fixtures/lineups,France,61,Ligue 1,2025,Regular Season - 8,2025-10-19T15:15:00+00:00,Rennes,Auxerre,1,2026-09-28T01:28:30Z,CAPTURED,2,2,
1387769,/fixtures/lineups,France,61,Ligue 1,2025,Regular Season - 8,2025-10-19T15:15:00+00:00,Toulouse,Metz,1,2026-09-28T01:28:30Z,CAPTURED,2,2,
1387770,/fixtures/lineups,France,61,Ligue 1,2025,Regular Season - 9,2025-10-26T16:15:00+00:00,Angers,Lorient,1,2026-09-28T01:28:30Z,CAPTURED,2,2,
1387771,/fixtures/lineups,France,61,Ligue 1,2025,Regular Season - 9,2025-10-26T16:15:00+00:00,Auxerre,Le Havre,1,2026-09-28T01:28:30Z,CAPTURED,2,2,
1387772,/fixtures/lineups,France,61,Ligue 1,2025,Regular Season - 9,2025-10-25T15:00:00+00:00,Stade Brestois 29,Paris Saint Germain,1,2026-09-28T01:28:30Z,CAPTURED,2,2,
1387773,/fixtures/lineups,France,61,Ligue 1,2025,Regular Season - 9,2025-10-25T19:05:00+00:00,Lens,Marseille,1,2026-09-28T01:28:30Z,CAPTURED,2,2,
1387774,/fixtures/lineups,France,61,Ligue 1,2025,Regular Season - 9,2025-10-26T14:00:00+00:00,Lille,Metz,1,2026-09-28T01:28:30Z,CAPTURED,2,2,
1387775,/fixtures/lineups,France,61,Ligue 1,2025,Regular Season - 9,2025-10-26T19:45:00+00:00,Lyon,Strasbourg,1,2026-09-28T01:28:30Z,CAPTURED,2,2,
1387776,/fixtures/lineups,France,61,Ligue 1,2025,Regular Season - 9,2025-10-25T17:00:00+00:00,Monaco,Toulouse,1,2026-09-28T01:28:30Z,CAPTURED,2,2,
1387777,/fixtures/lineups,France,61,Ligue 1,2025,Regular Season - 9,2025-10-24T18:45:00+00:00,Paris FC,Nantes,1,2026-09-28T01:28:30Z,CAPTURED,2,2,
1387778,/fixtures/lineups,France,61,Ligue 1,2025,Regular Season - 9,2025-10-26T16:15:00+00:00,Rennes,Nice,1,2026-09-28T01:28:30Z,CAPTURED,2,2,
1387779,/fixtures/lineups,France,61,Ligue 1,2025,Regular Season - 10,2025-10-29T18:00:00+00:00,Le Havre,Stade Brestois 29,1,2026-09-28T01:28:30Z,CAPTURED,2,2,
1387780,/fixtures/lineups,France,61,Ligue 1,2025,Regular Season - 10,2025-10-29T18:00:00+00:00,Lorient,Paris Saint Germain,1,2026-09-28T01:28:30Z,CAPTURED,2,2,
1387781,/fixtures/lineups,France,61,Ligue 1,2025,Regular Season - 10,2025-10-29T20:05:00+00:00,Marseille,Angers,1,2026-09-28T01:28:30Z,CAPTURED,2,2,
1387782,/fixtures/lineups,France,61,Ligue 1,2025,Regular Season - 10,2025-10-29T18:00:00+00:00,Metz,Lens,1,2026-09-28T01:28:30Z,CAPTURED,2,2,
1387783,/fixtures/lineups,France,61,Ligue 1,2025,Regular Season - 10,2025-10-29T20:05:00+00:00,Nantes,Monaco,1,2026-09-28T01:28:30Z,CAPTURED,2,2,
1387784,/fixtures/lineups,France,61,Ligue 1,2025,Regular Season - 10,2025-10-29T18:00:00+00:00,Nice,Lille,1,2026-09-28T01:28:30Z,CAPTURED,2,2,
1387785,/fixtures/lineups,France,61,Ligue 1,2025,Regular Season - 10,2025-10-29T20:05:00+00:00,Paris FC,Lyon,1,2026-09-28T01:28:30Z,CAPTURED,2,2,
1387786,/fixtures/lineups,France,61,Ligue 1,2025,Regular Season - 10,2025-10-29T20:05:00+00:00,Strasbourg,Auxerre,1,2026-09-28T01:28:30Z,CAPTURED,2,2,
1387787,/fixtures/lineups,France,61,Ligue 1,2025,Regular Season - 10,2025-10-29T20:05:00+00:00,Toulouse,Rennes,1,2026-09-28T01:28:30Z,CAPTURED,2,2,
1387794,/fixtures/lineups,France,61,Ligue 1,2025,Regular Season - 11,2025-11-01T16:00:00+00:00,Paris Saint Germain,Nice,1,2026-09-28T01:28:30Z,CAPTURED,2,2,
1387788,/fixtures/lineups,France,61,Ligue 1,2025,Regular Season - 11,2025-11-01T20:05:00+00:00,Auxerre,Marseille,1,2026-09-28T05:30:06Z,CAPTURED,2,2,
1387789,/fixtures/lineups,France,61,Ligue 1,2025,Regular Season - 11,2025-11-02T19:45:00+00:00,Stade Brestois 29,Lyon,1,2026-09-28T05:30:06Z,CAPTURED,2,2,
1387790,/fixtures/lineups,France,61,Ligue 1,2025,Regular Season - 11,2025-11-02T16:15:00+00:00,Lens,Lorient,1,2026-09-28T05:30:06Z,CAPTURED,2,2,
1387791,/fixtures/lineups,France,61,Ligue 1,2025,Regular Season - 11,2025-11-02T16:15:00+00:00,Lille,Angers,1,2026-09-28T05:30:06Z,CAPTURED,2,2,
1387792,/fixtures/lineups,France,61,Ligue 1,2025,Regular Season - 11,2025-11-01T18:00:00+00:00,Monaco,Paris FC,1,2026-09-28T05:30:06Z,CAPTURED,2,2,
1387793,/fixtures/lineups,France,61,Ligue 1,2025,Regular Season - 11,2025-11-02T16:15:00+00:00,Nantes,Metz,1,2026-09-28T05:30:06Z,CAPTURED,2,2,
1387795,/fixtures/lineups,France,61,Ligue 1,2025,Regular Season - 11,2025-11-02T14:00:00+00:00,Rennes,Strasbourg,1,2026-09-28T05:30:06Z,CAPTURED,2,2,
1387796,/fixtures/lineups,France,61,Ligue 1,2025,Regular Season - 11,2025-11-02T16:15:00+00:00,Toulouse,Le Havre,1,2026-09-28T05:30:06Z,CAPTURED,2,2,
1387797,/fixtures/lineups,France,61,Ligue 1,2025,Regular Season - 12,2025-11-09T16:15:00+00:00,Angers,Auxerre,1,2026-09-28T05:30:06Z,CAPTURED,2,2,
1387798,/fixtures/lineups,France,61,Ligue 1,2025,Regular Season - 12,2025-11-08T18:00:00+00:00,Le Havre,Nantes,1,2026-09-28T05:30:06Z,CAPTURED,2,2,
1387799,/fixtures/lineups,France,61,Ligue 1,2025,Regular Season - 12,2025-11-09T14:00:00+00:00,Lorient,Toulouse,1,2026-09-28T05:30:06Z,CAPTURED,2,2,
1387800,/fixtures/lineups,France,61,Ligue 1,2025,Regular Season - 12,2025-11-09T19:45:00+00:00,Lyon,Paris Saint Germain,1,2026-09-28T05:30:06Z,CAPTURED,2,2,
1387801,/fixtures/lineups,France,61,Ligue 1,2025,Regular Season - 12,2025-11-08T16:00:00+00:00,Marseille,Stade Brestois 29,1,2026-09-28T05:30:06Z,CAPTURED,2,2,
1387802,/fixtures/lineups,France,61,Ligue 1,2025,Regular Season - 12,2025-11-09T16:15:00+00:00,Metz,Nice,1,2026-09-28T05:30:06Z,CAPTURED,2,2,
1387803,/fixtures/lineups,France,61,Ligue 1,2025,Regular Season - 12,2025-11-08T20:05:00+00:00,Monaco,Lens,1,2026-09-28T05:30:06Z,CAPTURED,2,2,
1387804,/fixtures/lineups,France,61,Ligue 1,2025,Regular Season - 12,2025-11-07T19:45:00+00:00,Paris FC,Rennes,1,2026-09-28T05:30:06Z,CAPTURED,2,2,
1387805,/fixtures/lineups,France,61,Ligue 1,2025,Regular Season - 12,2025-11-09T16:15:00+00:00,Strasbourg,Lille,1,2026-09-28T05:30:06Z,CAPTURED,2,2,
1387806,/fixtures/lineups,France,61,Ligue 1,2025,Regular Season - 13,2025-11-23T14:00:00+00:00,Auxerre,Lyon,1,2026-09-28T05:30:06Z,CAPTURED,2,2,
1387807,/fixtures/lineups,France,61,Ligue 1,2025,Regular Season - 13,2025-11-23T16:15:00+00:00,Stade Brestois 29,Metz,1,2026-09-28T05:30:06Z,CAPTURED,2,2,
1387808,/fixtures/lineups,France,61,Ligue 1,2025,Regular Season - 13,2025-11-22T16:00:00+00:00,Lens,Strasbourg,1,2026-09-28T05:30:06Z,CAPTURED,2,2,
1387809,/fixtures/lineups,France,61,Ligue 1,2025,Regular Season - 13,2025-11-23T19:45:00+00:00,Lille,Paris FC,1,2026-09-28T05:30:06Z,CAPTURED,2,2,
1387810,/fixtures/lineups,France,61,Ligue 1,2025,Regular Season - 13,2025-11-23T16:15:00+00:00,Nantes,Lorient,1,2026-09-28T05:30:06Z,CAPTURED,2,2,
1387811,/fixtures/lineups,France,61,Ligue 1,2025,Regular Season - 13,2025-11-21T19:45:00+00:00,Nice,Marseille,1,2026-09-28T05:30:06Z,CAPTURED,2,2,
1387812,/fixtures/lineups,France,61,Ligue 1,2025,Regular Season - 13,2025-11-22T20:05:00+00:00,Paris Saint Germain,Le Havre,1,2026-09-28T05:30:06Z,CAPTURED,2,2,
1387813,/fixtures/lineups,France,61,Ligue 1,2025,Regular Season - 13,2025-11-22T18:00:00+00:00,Rennes,Monaco,1,2026-09-28T05:30:06Z,CAPTURED,2,2,
1387814,/fixtures/lineups,France,61,Ligue 1,2025,Regular Season - 13,2025-11-23T16:15:00+00:00,Toulouse,Angers,1,2026-09-28T05:30:06Z,CAPTURED,2,2,
1387815,/fixtures/lineups,France,61,Ligue 1,2025,Regular Season - 14,2025-11-30T16:15:00+00:00,Angers,Lens,1,2026-09-28T05:30:06Z,CAPTURED,2,2,
1387816,/fixtures/lineups,France,61,Ligue 1,2025,Regular Season - 14,2025-11-30T16:15:00+00:00,Le Havre,Lille,1,2026-09-28T05:30:06Z,CAPTURED,2,2,
1387817,/fixtures/lineups,France,61,Ligue 1,2025,Regular Season - 14,2025-11-30T16:15:00+00:00,Lorient,Nice,1,2026-09-28T05:30:06Z,CAPTURED,2,2,
1387818,/fixtures/lineups,France,61,Ligue 1,2025,Regular Season - 14,2025-11-30T19:45:00+00:00,Lyon,Nantes,1,2026-09-28T05:30:06Z,CAPTURED,2,2,
1387819,/fixtures/lineups,France,61,Ligue 1,2025,Regular Season - 14,2025-11-29T20:05:00+00:00,Marseille,Toulouse,1,2026-09-28T05:30:06Z,CAPTURED,2,2,
1387820,/fixtures/lineups,France,61,Ligue 1,2025,Regular Season - 14,2025-11-28T19:45:00+00:00,Metz,Rennes,1,2026-09-28T05:30:06Z,CAPTURED,2,2,
1387821,/fixtures/lineups,France,61,Ligue 1,2025,Regular Season - 14,2025-11-29T16:00:00+00:00,Monaco,Paris Saint Germain,1,2026-09-28T05:30:06Z,CAPTURED,2,2,
1387822,/fixtures/lineups,France,61,Ligue 1,2025,Regular Season - 14,2025-11-29T18:00:00+00:00,Paris FC,Auxerre,1,2026-09-28T05:30:06Z,CAPTURED,2,2,
1387823,/fixtures/lineups,France,61,Ligue 1,2025,Regular Season - 14,2025-11-30T14:00:00+00:00,Strasbourg,Stade Brestois 29,1,2026-09-28T05:30:06Z,CAPTURED,2,2,
1387824,/fixtures/lineups,France,61,Ligue 1,2025,Regular Season - 15,2025-12-07T16:15:00+00:00,Auxerre,Metz,1,2026-09-28T05:30:06Z,CAPTURED,2,2,
1387825,/fixtures/lineups,France,61,Ligue 1,2025,Regular Season - 15,2025-12-05T18:00:00+00:00,Stade Brestois 29,Monaco,1,2026-09-28T05:30:06Z,CAPTURED,2,2,
1387826,/fixtures/lineups,France,61,Ligue 1,2025,Regular Season - 15,2025-12-07T16:15:00+00:00,Le Havre,Paris FC,1,2026-09-28T05:30:06Z,CAPTURED,2,2,
1387827,/fixtures/lineups,France,61,Ligue 1,2025,Regular Season - 15,2025-12-05T20:00:00+00:00,Lille,Marseille,1,2026-09-28T05:30:06Z,CAPTURED,2,2,
1387828,/fixtures/lineups,France,61,Ligue 1,2025,Regular Season - 15,2025-12-07T19:45:00+00:00,Lorient,Lyon,1,2026-09-28T05:30:06Z,CAPTURED,2,2,
1387829,/fixtures/lineups,France,61,Ligue 1,2025,Regular Season - 15,2025-12-06T16:00:00+00:00,Nantes,Lens,1,2026-09-28T05:30:06Z,CAPTURED,2,2,
1387830,/fixtures/lineups,France,61,Ligue 1,2025,Regular Season - 15,2025-12-07T14:00:00+00:00,Nice,Angers,1,2026-09-28T05:30:06Z,CAPTURED,2,2,
1387831,/fixtures/lineups,France,61,Ligue 1,2025,Regular Season - 15,2025-12-06T20:05:00+00:00,Paris Saint Germain,Rennes,1,2026-09-28T05:30:06Z,CAPTURED,2,2,
1387832,/fixtures/lineups,France,61,Ligue 1,2025,Regular Season - 15,2025-12-06T18:00:00+00:00,Toulouse,Strasbourg,1,2026-09-28T05:30:06Z,CAPTURED,2,2,
1387833,/fixtures/lineups,France,61,Ligue 1,2025,Regular Season - 16,2025-12-12T19:45:00+00:00,Angers,Nantes,1,2026-09-28T05:30:06Z,CAPTURED,2,2,
1387834,/fixtures/lineups,France,61,Ligue 1,2025,Regular Season - 16,2025-12-14T16:15:00+00:00,Auxerre,Lille,1,2026-09-28T05:30:06Z,CAPTURED,2,2,
1387836,/fixtures/lineups,France,61,Ligue 1,2025,Regular Season - 16,2025-12-14T14:00:00+00:00,Lyon,Le Havre,1,2026-09-28T05:30:06Z,CAPTURED,2,2,
1387838,/fixtures/lineups,France,61,Ligue 1,2025,Regular Season - 16,2025-12-13T18:00:00+00:00,Metz,Paris Saint Germain,1,2026-09-28T05:30:06Z,CAPTURED,2,2,
1387839,/fixtures/lineups,France,61,Ligue 1,2025,Regular Season - 16,2025-12-13T20:05:00+00:00,Paris FC,Toulouse,1,2026-09-28T05:30:06Z,CAPTURED,2,2,
1387840,/fixtures/lineups,France,61,Ligue 1,2025,Regular Season - 16,2025-12-13T16:00:00+00:00,Rennes,Stade Brestois 29,1,2026-09-28T05:30:06Z,CAPTURED,2,2,
1387835,/fixtures/lineups,France,61,Ligue 1,2025,Regular Season - 16,2025-12-14T16:15:00+00:00,Lens,Nice,1,2026-09-28T09:33:22Z,CAPTURED,2,2,
1387837,/fixtures/lineups,France,61,Ligue 1,2025,Regular Season - 16,2025-12-14T19:45:00+00:00,Marseille,Monaco,1,2026-09-28T09:33:22Z,CAPTURED,2,2,
1387841,/fixtures/lineups,France,61,Ligue 1,2025,Regular Season - 16,2025-12-14T16:15:00+00:00,Strasbourg,Lorient,1,2026-09-28T09:33:22Z,CAPTURED,2,2,
1387842,/fixtures/lineups,France,61,Ligue 1,2025,Regular Season - 17,2026-01-04T16:15:00+00:00,Stade Brestois 29,Auxerre,1,2026-09-28T09:33:22Z,CAPTURED,2,2,
1387843,/fixtures/lineups,France,61,Ligue 1,2025,Regular Season - 17,2026-01-04T16:15:00+00:00,Le Havre,Angers,1,2026-09-28T09:33:22Z,CAPTURED,2,2,
1387844,/fixtures/lineups,France,61,Ligue 1,2025,Regular Season - 17,2026-01-03T20:05:00+00:00,Lille,Rennes,1,2026-09-28T09:33:22Z,CAPTURED,2,2,
1387845,/fixtures/lineups,France,61,Ligue 1,2025,Regular Season - 17,2026-01-04T16:15:00+00:00,Lorient,Metz,1,2026-09-28T09:33:22Z,CAPTURED,2,2,
1387846,/fixtures/lineups,France,61,Ligue 1,2025,Regular Season - 17,2026-01-04T14:00:00+00:00,Marseille,Nantes,1,2026-09-28T09:33:22Z,CAPTURED,2,2,
1387847,/fixtures/lineups,France,61,Ligue 1,2025,Regular Season - 17,2026-01-03T16:00:00+00:00,Monaco,Lyon,1,2026-09-28T09:33:22Z,CAPTURED,2,2,
1387848,/fixtures/lineups,France,61,Ligue 1,2025,Regular Season - 17,2026-01-03T18:00:00+00:00,Nice,Strasbourg,1,2026-09-28T09:33:22Z,CAPTURED,2,2,
1387849,/fixtures/lineups,France,61,Ligue 1,2025,Regular Season - 17,2026-01-04T19:45:00+00:00,Paris Saint Germain,Paris FC,1,2026-09-28T09:33:22Z,CAPTURED,2,2,
1387850,/fixtures/lineups,France,61,Ligue 1,2025,Regular Season - 17,2026-01-02T19:45:00+00:00,Toulouse,Lens,1,2026-09-28T09:33:22Z,CAPTURED,2,2,
1387851,/fixtures/lineups,France,61,Ligue 1,2025,Regular Season - 18,2026-01-17T20:05:00+00:00,Angers,Marseille,1,2026-09-28T09:33:22Z,CAPTURED,2,2,
1387852,/fixtures/lineups,France,61,Ligue 1,2025,Regular Season - 18,2026-01-17T16:00:00+00:00,Lens,Auxerre,1,2026-09-28T09:33:22Z,CAPTURED,2,2,
1387853,/fixtures/lineups,France,61,Ligue 1,2025,Regular Season - 18,2026-01-18T19:45:00+00:00,Lyon,Stade Brestois 29,1,2026-09-28T09:33:22Z,CAPTURED,2,2,
1387854,/fixtures/lineups,France,61,Ligue 1,2025,Regular Season - 18,2026-01-16T18:00:00+00:00,Monaco,Lorient,1,2026-09-28T09:33:22Z,CAPTURED,2,2,
1387855,/fixtures/lineups,France,61,Ligue 1,2025,Regular Season - 18,2026-01-18T16:15:00+00:00,Nantes,Paris FC,1,2026-09-28T09:33:22Z,CAPTURED,2,2,
1387856,/fixtures/lineups,France,61,Ligue 1,2025,Regular Season - 18,2026-01-16T20:00:00+00:00,Paris Saint Germain,Lille,1,2026-09-28T09:33:22Z,CAPTURED,2,2,
1387857,/fixtures/lineups,France,61,Ligue 1,2025,Regular Season - 18,2026-01-18T16:15:00+00:00,Rennes,Le Havre,1,2026-09-28T09:33:22Z,CAPTURED,2,2,
1387858,/fixtures/lineups,France,61,Ligue 1,2025,Regular Season - 18,2026-01-18T14:00:00+00:00,Strasbourg,Metz,1,2026-09-28T09:33:22Z,CAPTURED,2,2,
1387859,/fixtures/lineups,France,61,Ligue 1,2025,Regular Season - 18,2026-01-17T18:00:00+00:00,Toulouse,Nice,1,2026-09-28T09:33:22Z,CAPTURED,2,2,
1387860,/fixtures/lineups,France,61,Ligue 1,2025,Regular Season - 19,2026-01-23T19:00:00+00:00,Auxerre,Paris Saint Germain,1,2026-09-28T09:33:22Z,CAPTURED,2,2,
1387861,/fixtures/lineups,France,61,Ligue 1,2025,Regular Season - 19,2026-01-25T16:15:00+00:00,Stade Brestois 29,Toulouse,1,2026-09-28T09:33:22Z,CAPTURED,2,2,
1387862,/fixtures/lineups,France,61,Ligue 1,2025,Regular Season - 19,2026-01-24T18:00:00+00:00,Le Havre,Monaco,1,2026-09-28T09:33:22Z,CAPTURED,2,2,
1387863,/fixtures/lineups,France,61,Ligue 1,2025,Regular Season - 19,2026-01-25T19:45:00+00:00,Lille,Strasbourg,1,2026-09-28T09:33:22Z,CAPTURED,2,2,
1387864,/fixtures/lineups,France,61,Ligue 1,2025,Regular Season - 19,2026-01-24T20:05:00+00:00,Marseille,Lens,1,2026-09-28T09:33:22Z,CAPTURED,2,2,
1387865,/fixtures/lineups,France,61,Ligue 1,2025,Regular Season - 19,2026-01-25T16:15:00+00:00,Metz,Lyon,1,2026-09-28T09:33:22Z,CAPTURED,2,2,
1387866,/fixtures/lineups,France,61,Ligue 1,2025,Regular Season - 19,2026-01-25T14:00:00+00:00,Nantes,Nice,1,2026-09-28T09:33:22Z,CAPTURED,2,2,
1387867,/fixtures/lineups,France,61,Ligue 1,2025,Regular Season - 19,2026-01-25T16:15:00+00:00,Paris FC,Angers,1,2026-09-28T09:33:22Z,CAPTURED,2,2,
1387868,/fixtures/lineups,France,61,Ligue 1,2025,Regular Season - 19,2026-01-24T16:00:00+00:00,Rennes,Lorient,1,2026-09-28T09:33:22Z,CAPTURED,2,2,
1387869,/fixtures/lineups,France,61,Ligue 1,2025,Regular Season - 20,2026-02-01T16:15:00+00:00,Angers,Metz,1,2026-09-28T09:33:22Z,CAPTURED,2,2,
1387870,/fixtures/lineups,France,61,Ligue 1,2025,Regular Season - 20,2026-01-30T19:45:00+00:00,Lens,Le Havre,1,2026-09-28T09:33:22Z,CAPTURED,2,2,
1387871,/fixtures/lineups,France,61,Ligue 1,2025,Regular Season - 20,2026-01-31T18:00:00+00:00,Lorient,Nantes,1,2026-09-28T09:33:22Z,CAPTURED,2,2,
1387872,/fixtures/lineups,France,61,Ligue 1,2025,Regular Season - 20,2026-02-01T14:00:00+00:00,Lyon,Lille,1,2026-09-28T09:33:22Z,CAPTURED,2,2,
1387873,/fixtures/lineups,France,61,Ligue 1,2025,Regular Season - 20,2026-01-31T20:05:00+00:00,Monaco,Rennes,1,2026-09-28T09:33:22Z,CAPTURED,2,2,
1387874,/fixtures/lineups,France,61,Ligue 1,2025,Regular Season - 20,2026-02-01T16:15:00+00:00,Nice,Stade Brestois 29,1,2026-09-28T09:33:22Z,CAPTURED,2,2,
1387875,/fixtures/lineups,France,61,Ligue 1,2025,Regular Season - 20,2026-01-31T16:00:00+00:00,Paris FC,Marseille,1,2026-09-28T09:33:22Z,CAPTURED,2,2,
1387876,/fixtures/lineups,France,61,Ligue 1,2025,Regular Season - 20,2026-02-01T19:45:00+00:00,Strasbourg,Paris Saint Germain,1,2026-09-28T09:33:22Z,CAPTURED,2,2,
1387877,/fixtures/lineups,France,61,Ligue 1,2025,Regular Season - 20,2026-02-01T16:15:00+00:00,Toulouse,Auxerre,1,2026-09-28T09:33:22Z,CAPTURED,2,2,
1387878,/fixtures/lineups,France,61,Ligue 1,2025,Regular Season - 21,2026-02-08T16:15:00+00:00,Angers,Toulouse,1,2026-09-28T09:33:22Z,CAPTURED,2,2,
1387879,/fixtures/lineups,France,61,Ligue 1,2025,Regular Season - 21,2026-02-08T16:15:00+00:00,Auxerre,Paris FC,1,2026-09-28T09:33:22Z,CAPTURED,2,2,
1387880,/fixtures/lineups,France,61,Ligue 1,2025,Regular Season - 21,2026-02-07T18:00:00+00:00,Stade Brestois 29,Lorient,1,2026-09-28T09:33:22Z,CAPTURED,2,2,
1387881,/fixtures/lineups,France,61,Ligue 1,2025,Regular Season - 21,2026-02-08T16:15:00+00:00,Le Havre,Strasbourg,1,2026-09-28T09:33:22Z,CAPTURED,2,2,
1387882,/fixtures/lineups,France,61,Ligue 1,2025,Regular Season - 21,2026-02-07T16:00:00+00:00,Lens,Rennes,1,2026-09-28T09:33:22Z,CAPTURED,2,2,
1387883,/fixtures/lineups,France,61,Ligue 1,2025,Regular Season - 21,2026-02-06T19:45:00+00:00,Metz,Lille,1,2026-09-28T09:33:22Z,CAPTURED,2,2,
1387884,/fixtures/lineups,France,61,Ligue 1,2025,Regular Season - 21,2026-02-07T20:05:00+00:00,Nantes,Lyon,1,2026-09-28T09:33:22Z,CAPTURED,2,2,
1387885,/fixtures/lineups,France,61,Ligue 1,2025,Regular Season - 21,2026-02-08T14:00:00+00:00,Nice,Monaco,1,2026-09-28T09:33:22Z,CAPTURED,2,2,
1387886,/fixtures/lineups,France,61,Ligue 1,2025,Regular Season - 21,2026-02-08T19:45:00+00:00,Paris Saint Germain,Marseille,1,2026-09-28T09:33:22Z,CAPTURED,2,2,
1387893,/fixtures/lineups,France,61,Ligue 1,2025,Regular Season - 22,2026-02-13T20:05:00+00:00,Monaco,Nantes,1,2026-09-28T09:33:22Z,CAPTURED,2,2,
1387895,/fixtures/lineups,France,61,Ligue 1,2025,Regular Season - 22,2026-02-13T18:00:00+00:00,Rennes,Paris Saint Germain,1,2026-09-28T09:33:22Z,CAPTURED,2,2,
1387887,/fixtures/lineups,France,61,Ligue 1,2025,Regular Season - 22,2026-02-15T14:00:00+00:00,Le Havre,Toulouse,1,2026-09-28T13:31:42Z,CAPTURED,2,2,
1387888,/fixtures/lineups,France,61,Ligue 1,2025,Regular Season - 22,2026-02-14T18:00:00+00:00,Lille,Stade Brestois 29,1,2026-09-28T13:31:42Z,CAPTURED,2,2,
1387889,/fixtures/lineups,France,61,Ligue 1,2025,Regular Season - 22,2026-02-15T16:15:00+00:00,Lorient,Angers,1,2026-09-28T13:31:42Z,CAPTURED,2,2,
1387890,/fixtures/lineups,France,61,Ligue 1,2025,Regular Season - 22,2026-02-15T19:45:00+00:00,Lyon,Nice,1,2026-09-28T13:31:42Z,CAPTURED,2,2,
1387891,/fixtures/lineups,France,61,Ligue 1,2025,Regular Season - 22,2026-02-14T16:00:00+00:00,Marseille,Strasbourg,1,2026-09-28T13:31:42Z,CAPTURED,2,2,
1387892,/fixtures/lineups,France,61,Ligue 1,2025,Regular Season - 22,2026-02-15T16:15:00+00:00,Metz,Auxerre,1,2026-09-28T13:31:42Z,CAPTURED,2,2,
1387894,/fixtures/lineups,France,61,Ligue 1,2025,Regular Season - 22,2026-02-14T20:05:00+00:00,Paris FC,Lens,1,2026-09-28T13:31:42Z,CAPTURED,2,2,
1387896,/fixtures/lineups,France,61,Ligue 1,2025,Regular Season - 23,2026-02-22T16:15:00+00:00,Angers,Lille,1,2026-09-28T13:31:42Z,CAPTURED,2,2,
1387897,/fixtures/lineups,France,61,Ligue 1,2025,Regular Season - 23,2026-02-22T14:00:00+00:00,Auxerre,Rennes,1,2026-09-28T13:31:42Z,CAPTURED,2,2,
1387898,/fixtures/lineups,France,61,Ligue 1,2025,Regular Season - 23,2026-02-20T19:45:00+00:00,Stade Brestois 29,Marseille,1,2026-09-28T13:31:42Z,CAPTURED,2,2,
1387899,/fixtures/lineups,France,61,Ligue 1,2025,Regular Season - 23,2026-02-21T16:00:00+00:00,Lens,Monaco,1,2026-09-28T13:31:42Z,CAPTURED,2,2,
1387900,/fixtures/lineups,France,61,Ligue 1,2025,Regular Season - 23,2026-02-22T16:15:00+00:00,Nantes,Le Havre,1,2026-09-28T13:31:42Z,CAPTURED,2,2,
1387901,/fixtures/lineups,France,61,Ligue 1,2025,Regular Season - 23,2026-02-22T16:15:00+00:00,Nice,Lorient,1,2026-09-28T13:31:42Z,CAPTURED,2,2,
1387902,/fixtures/lineups,France,61,Ligue 1,2025,Regular Season - 23,2026-02-21T20:05:00+00:00,Paris Saint Germain,Metz,1,2026-09-28T13:31:42Z,CAPTURED,2,2,
1387903,/fixtures/lineups,France,61,Ligue 1,2025,Regular Season - 23,2026-02-22T19:45:00+00:00,Strasbourg,Lyon,1,2026-09-28T13:31:42Z,CAPTURED,2,2,
1387904,/fixtures/lineups,France,61,Ligue 1,2025,Regular Season - 23,2026-02-21T18:00:00+00:00,Toulouse,Paris FC,1,2026-09-28T13:31:42Z,CAPTURED,2,2,
1387905,/fixtures/lineups,France,61,Ligue 1,2025,Regular Season - 24,2026-02-28T20:05:00+00:00,Le Havre,Paris Saint Germain,1,2026-09-28T13:31:42Z,CAPTURED,2,2,
1387906,/fixtures/lineups,France,61,Ligue 1,2025,Regular Season - 24,2026-03-01T16:15:00+00:00,Lille,Nantes,1,2026-09-28T13:31:42Z,CAPTURED,2,2,
1387907,/fixtures/lineups,France,61,Ligue 1,2025,Regular Season - 24,2026-03-01T16:15:00+00:00,Lorient,Auxerre,1,2026-09-28T13:31:42Z,CAPTURED,2,2,
1387908,/fixtures/lineups,France,61,Ligue 1,2025,Regular Season - 24,2026-03-01T19:45:00+00:00,Marseille,Lyon,1,2026-09-28T13:31:42Z,CAPTURED,2,2,
1387909,/fixtures/lineups,France,61,Ligue 1,2025,Regular Season - 24,2026-03-01T16:15:00+00:00,Metz,Stade Brestois 29,1,2026-09-28T13:31:42Z,CAPTURED,2,2,
1387910,/fixtures/lineups,France,61,Ligue 1,2025,Regular Season - 24,2026-02-28T18:00:00+00:00,Monaco,Angers,1,2026-09-28T13:31:42Z,CAPTURED,2,2,
1387911,/fixtures/lineups,France,61,Ligue 1,2025,Regular Season - 24,2026-03-01T14:00:00+00:00,Paris FC,Nice,1,2026-09-28T13:31:42Z,CAPTURED,2,2,
1387912,/fixtures/lineups,France,61,Ligue 1,2025,Regular Season - 24,2026-02-28T16:00:00+00:00,Rennes,Toulouse,1,2026-09-28T13:31:42Z,CAPTURED,2,2,
1387913,/fixtures/lineups,France,61,Ligue 1,2025,Regular Season - 24,2026-02-27T19:45:00+00:00,Strasbourg,Lens,1,2026-09-28T13:31:42Z,CAPTURED,2,2,
1387914,/fixtures/lineups,France,61,Ligue 1,2025,Regular Season - 25,2026-03-07T18:00:00+00:00,Auxerre,Strasbourg,1,2026-09-28T13:31:42Z,CAPTURED,2,2,
1387915,/fixtures/lineups,France,61,Ligue 1,2025,Regular Season - 25,2026-03-08T16:15:00+00:00,Stade Brestois 29,Le Havre,1,2026-09-28T13:31:42Z,CAPTURED,2,2,
1387916,/fixtures/lineups,France,61,Ligue 1,2025,Regular Season - 25,2026-03-08T14:00:00+00:00,Lens,Metz,1,2026-09-28T13:31:42Z,CAPTURED,2,2,
1387917,/fixtures/lineups,France,61,Ligue 1,2025,Regular Season - 25,2026-03-08T16:15:00+00:00,Lille,Lorient,1,2026-09-28T13:31:42Z,CAPTURED,2,2,
1387918,/fixtures/lineups,France,61,Ligue 1,2025,Regular Season - 25,2026-03-08T19:45:00+00:00,Lyon,Paris FC,1,2026-09-28T13:31:42Z,CAPTURED,2,2,
1387919,/fixtures/lineups,France,61,Ligue 1,2025,Regular Season - 25,2026-03-07T16:00:00+00:00,Nantes,Angers,1,2026-09-28T13:31:42Z,CAPTURED,2,2,
1387920,/fixtures/lineups,France,61,Ligue 1,2025,Regular Season - 25,2026-03-08T16:15:00+00:00,Nice,Rennes,1,2026-09-28T13:31:42Z,CAPTURED,2,2,
1387921,/fixtures/lineups,France,61,Ligue 1,2025,Regular Season - 25,2026-03-06T19:45:00+00:00,Paris Saint Germain,Monaco,1,2026-09-28T13:31:42Z,CAPTURED,2,2,
1387922,/fixtures/lineups,France,61,Ligue 1,2025,Regular Season - 25,2026-03-07T20:05:00+00:00,Toulouse,Marseille,1,2026-09-28T13:31:42Z,CAPTURED,2,2,
1387923,/fixtures/lineups,France,61,Ligue 1,2025,Regular Season - 26,2026-03-14T18:00:00+00:00,Angers,Nice,1,2026-09-28T13:31:42Z,CAPTURED,2,2,
1387924,/fixtures/lineups,France,61,Ligue 1,2025,Regular Season - 26,2026-03-15T16:15:00+00:00,Le Havre,Lyon,1,2026-09-28T13:31:42Z,CAPTURED,2,2,
1387925,/fixtures/lineups,France,61,Ligue 1,2025,Regular Season - 26,2026-03-14T16:00:00+00:00,Lorient,Lens,1,2026-09-28T13:31:42Z,CAPTURED,2,2,
1387926,/fixtures/lineups,France,61,Ligue 1,2025,Regular Season - 26,2026-03-13T19:45:00+00:00,Marseille,Auxerre,1,2026-09-28T13:31:42Z,CAPTURED,2,2,
1387927,/fixtures/lineups,France,61,Ligue 1,2025,Regular Season - 26,2026-03-15T16:15:00+00:00,Metz,Toulouse,1,2026-09-28T13:31:42Z,CAPTURED,2,2,
1387928,/fixtures/lineups,France,61,Ligue 1,2025,Regular Season - 26,2026-03-14T20:05:00+00:00,Monaco,Stade Brestois 29,1,2026-09-28T13:31:42Z,CAPTURED,2,2,
1387930,/fixtures/lineups,France,61,Ligue 1,2025,Regular Season - 26,2026-03-15T19:45:00+00:00,Rennes,Lille,1,2026-09-28T13:31:42Z,CAPTURED,2,2,
1387931,/fixtures/lineups,France,61,Ligue 1,2025,Regular Season - 26,2026-03-15T14:00:00+00:00,Strasbourg,Paris FC,1,2026-09-28T13:31:42Z,CAPTURED,2,2,
1387932,/fixtures/lineups,France,61,Ligue 1,2025,Regular Season - 27,2026-03-21T18:00:00+00:00,Auxerre,Stade Brestois 29,1,2026-09-28T13:31:42Z,CAPTURED,2,2,
1387933,/fixtures/lineups,France,61,Ligue 1,2025,Regular Season - 27,2026-03-20T19:45:00+00:00,Lens,Angers,1,2026-09-28T13:31:42Z,CAPTURED,2,2,
1387934,/fixtures/lineups,France,61,Ligue 1,2025,Regular Season - 27,2026-03-22T14:00:00+00:00,Lyon,Monaco,1,2026-09-28T13:31:42Z,CAPTURED,2,2,
1387935,/fixtures/lineups,France,61,Ligue 1,2025,Regular Season - 27,2026-03-22T16:15:00+00:00,Marseille,Lille,1,2026-09-28T13:31:42Z,CAPTURED,2,2,
1387937,/fixtures/lineups,France,61,Ligue 1,2025,Regular Season - 27,2026-03-21T20:05:00+00:00,Nice,Paris Saint Germain,1,2026-09-28T13:31:42Z,CAPTURED,2,2,
1387938,/fixtures/lineups,France,61,Ligue 1,2025,Regular Season - 27,2026-03-22T16:15:00+00:00,Paris FC,Le Havre,1,2026-09-28T13:31:42Z,CAPTURED,2,2,
1387939,/fixtures/lineups,France,61,Ligue 1,2025,Regular Season - 27,2026-03-22T16:15:00+00:00,Rennes,Metz,1,2026-09-28T13:31:42Z,CAPTURED,2,2,
1387940,/fixtures/lineups,France,61,Ligue 1,2025,Regular Season - 27,2026-03-21T16:00:00+00:00,Toulouse,Lorient,1,2026-09-28T13:31:42Z,CAPTURED,2,2,
1387929,/fixtures/lineups,France,61,Ligue 1,2025,Regular Season - 26,2026-04-22T17:00:00+00:00,Paris Saint Germain,Nantes,1,2026-09-29T01:28:07Z,CAPTURED,2,2,
1387936,/fixtures/lineups,France,61,Ligue 1,2025,Regular Season - 27,2026-03-22T19:45:00+00:00,Nantes,Strasbourg,3,2026-09-29T01:28:07Z,CAPTURED,2,2,
1387941,/fixtures/lineups,France,61,Ligue 1,2025,Regular Season - 28,2026-04-05T13:00:00+00:00,Angers,Lyon,1,2026-09-29T01:28:07Z,CAPTURED,2,2,
1387942,/fixtures/lineups,France,61,Ligue 1,2025,Regular Season - 28,2026-04-04T17:00:00+00:00,Stade Brestois 29,Rennes,1,2026-09-29T01:28:07Z,CAPTURED,2,2,
1387943,/fixtures/lineups,France,61,Ligue 1,2025,Regular Season - 28,2026-04-05T15:15:00+00:00,Le Havre,Auxerre,1,2026-09-29T01:28:07Z,CAPTURED,2,2,
1387944,/fixtures/lineups,France,61,Ligue 1,2025,Regular Season - 28,2026-04-04T19:05:00+00:00,Lille,Lens,1,2026-09-29T01:28:07Z,CAPTURED,2,2,
1387945,/fixtures/lineups,France,61,Ligue 1,2025,Regular Season - 28,2026-04-05T15:15:00+00:00,Lorient,Paris FC,1,2026-09-29T01:28:07Z,CAPTURED,2,2,
1387946,/fixtures/lineups,France,61,Ligue 1,2025,Regular Season - 28,2026-04-05T15:15:00+00:00,Metz,Nantes,1,2026-09-29T01:28:07Z,CAPTURED,2,2,
1387947,/fixtures/lineups,France,61,Ligue 1,2025,Regular Season - 28,2026-04-05T18:45:00+00:00,Monaco,Marseille,1,2026-09-29T01:28:07Z,CAPTURED,2,2,
1387948,/fixtures/lineups,France,61,Ligue 1,2025,Regular Season - 28,2026-04-03T18:45:00+00:00,Paris Saint Germain,Toulouse,1,2026-09-29T01:28:07Z,CAPTURED,2,2,
1387949,/fixtures/lineups,France,61,Ligue 1,2025,Regular Season - 28,2026-04-04T15:00:00+00:00,Strasbourg,Nice,1,2026-09-29T01:28:07Z,CAPTURED,2,2,
1387950,/fixtures/lineups,France,61,Ligue 1,2025,Regular Season - 29,2026-04-11T17:00:00+00:00,Auxerre,Nantes,1,2026-09-29T01:28:07Z,CAPTURED,2,2,
1387953,/fixtures/lineups,France,61,Ligue 1,2025,Regular Season - 29,2026-04-12T18:45:00+00:00,Lyon,Lorient,1,2026-09-29T01:28:07Z,CAPTURED,2,2,
1387954,/fixtures/lineups,France,61,Ligue 1,2025,Regular Season - 29,2026-04-10T19:05:00+00:00,Marseille,Metz,1,2026-09-29T01:28:07Z,CAPTURED,2,2,
1387955,/fixtures/lineups,France,61,Ligue 1,2025,Regular Season - 29,2026-04-12T15:15:00+00:00,Nice,Le Havre,1,2026-09-29T01:28:07Z,CAPTURED,2,2,
1387956,/fixtures/lineups,France,61,Ligue 1,2025,Regular Season - 29,2026-04-10T17:00:00+00:00,Paris FC,Monaco,1,2026-09-29T01:28:07Z,CAPTURED,2,2,
1387957,/fixtures/lineups,France,61,Ligue 1,2025,Regular Season - 29,2026-04-11T19:05:00+00:00,Rennes,Angers,1,2026-09-29T01:28:07Z,CAPTURED,2,2,
1387958,/fixtures/lineups,France,61,Ligue 1,2025,Regular Season - 29,2026-04-12T15:15:00+00:00,Toulouse,Lille,1,2026-09-29T01:28:07Z,CAPTURED,2,2,
1387959,/fixtures/lineups,France,61,Ligue 1,2025,Regular Season - 30,2026-04-18T17:00:00+00:00,Angers,Le Havre,1,2026-09-29T01:28:07Z,CAPTURED,2,2,
1387960,/fixtures/lineups,France,61,Ligue 1,2025,Regular Season - 30,2026-04-17T18:45:00+00:00,Lens,Toulouse,1,2026-09-29T01:28:07Z,CAPTURED,2,2,
1387961,/fixtures/lineups,France,61,Ligue 1,2025,Regular Season - 30,2026-04-18T19:05:00+00:00,Lille,Nice,1,2026-09-29T01:28:07Z,CAPTURED,2,2,
1387962,/fixtures/lineups,France,61,Ligue 1,2025,Regular Season - 30,2026-04-18T15:00:00+00:00,Lorient,Marseille,1,2026-09-29T01:28:07Z,CAPTURED,2,2,
1387963,/fixtures/lineups,France,61,Ligue 1,2025,Regular Season - 30,2026-04-19T15:15:00+00:00,Metz,Paris FC,1,2026-09-29T01:28:07Z,CAPTURED,2,2,
1387964,/fixtures/lineups,France,61,Ligue 1,2025,Regular Season - 30,2026-04-19T13:00:00+00:00,Monaco,Auxerre,1,2026-09-29T01:28:07Z,CAPTURED,2,2,
1387965,/fixtures/lineups,France,61,Ligue 1,2025,Regular Season - 30,2026-04-19T15:15:00+00:00,Nantes,Stade Brestois 29,1,2026-09-29T01:28:07Z,CAPTURED,2,2,
1387966,/fixtures/lineups,France,61,Ligue 1,2025,Regular Season - 30,2026-04-19T18:45:00+00:00,Paris Saint Germain,Lyon,1,2026-09-29T01:28:07Z,CAPTURED,2,2,
1387967,/fixtures/lineups,France,61,Ligue 1,2025,Regular Season - 30,2026-04-19T15:15:00+00:00,Strasbourg,Rennes,1,2026-09-29T01:28:07Z,CAPTURED,2,2,
1387968,/fixtures/lineups,France,61,Ligue 1,2025,Regular Season - 31,2026-04-25T17:00:00+00:00,Angers,Paris Saint Germain,1,2026-09-29T01:28:07Z,CAPTURED,2,2,
1387969,/fixtures/lineups,France,61,Ligue 1,2025,Regular Season - 31,2026-04-24T18:45:00+00:00,Stade Brestois 29,Lens,1,2026-09-29T01:28:07Z,CAPTURED,2,2,
1387970,/fixtures/lineups,France,61,Ligue 1,2025,Regular Season - 31,2026-04-26T15:15:00+00:00,Le Havre,Metz,1,2026-09-29T01:28:07Z,CAPTURED,2,2,
1387971,/fixtures/lineups,France,61,Ligue 1,2025,Regular Season - 31,2026-04-26T13:00:00+00:00,Lorient,Strasbourg,1,2026-09-29T01:28:07Z,CAPTURED,2,2,
1387972,/fixtures/lineups,France,61,Ligue 1,2025,Regular Season - 31,2026-04-25T13:00:00+00:00,Lyon,Auxerre,1,2026-09-29T01:28:07Z,CAPTURED,2,2,
1387973,/fixtures/lineups,France,61,Ligue 1,2025,Regular Season - 31,2026-04-26T18:45:00+00:00,Marseille,Nice,1,2026-09-29T01:28:07Z,CAPTURED,2,2,
1387974,/fixtures/lineups,France,61,Ligue 1,2025,Regular Season - 31,2026-04-26T15:15:00+00:00,Paris FC,Lille,1,2026-09-29T01:28:07Z,CAPTURED,2,2,
1387975,/fixtures/lineups,France,61,Ligue 1,2025,Regular Season - 31,2026-04-26T15:15:00+00:00,Rennes,Nantes,1,2026-09-29T01:28:07Z,CAPTURED,2,2,
1387976,/fixtures/lineups,France,61,Ligue 1,2025,Regular Season - 31,2026-04-25T19:05:00+00:00,Toulouse,Monaco,1,2026-09-29T01:28:07Z,CAPTURED,2,2,
1387977,/fixtures/lineups,France,61,Ligue 1,2025,Regular Season - 32,2026-05-03T15:15:00+00:00,Auxerre,Angers,1,2026-09-29T01:28:07Z,CAPTURED,2,2,
1387978,/fixtures/lineups,France,61,Ligue 1,2025,Regular Season - 32,2026-05-03T13:00:00+00:00,Lille,Le Havre,1,2026-09-29T01:28:07Z,CAPTURED,2,2,
1387979,/fixtures/lineups,France,61,Ligue 1,2025,Regular Season - 32,2026-05-03T18:45:00+00:00,Lyon,Rennes,1,2026-09-29T01:28:07Z,CAPTURED,2,2,
1387980,/fixtures/lineups,France,61,Ligue 1,2025,Regular Season - 32,2026-05-02T17:00:00+00:00,Metz,Monaco,1,2026-09-29T01:28:07Z,CAPTURED,2,2,
1387981,/fixtures/lineups,France,61,Ligue 1,2025,Regular Season - 32,2026-05-02T13:00:00+00:00,Nantes,Marseille,1,2026-09-29T01:28:07Z,CAPTURED,2,2,
1387982,/fixtures/lineups,France,61,Ligue 1,2025,Regular Season - 32,2026-05-02T19:05:00+00:00,Nice,Lens,1,2026-09-29T01:28:07Z,CAPTURED,2,2,
1387983,/fixtures/lineups,France,61,Ligue 1,2025,Regular Season - 32,2026-05-03T15:15:00+00:00,Paris FC,Stade Brestois 29,1,2026-09-29T01:28:07Z,CAPTURED,2,2,
1387984,/fixtures/lineups,France,61,Ligue 1,2025,Regular Season - 32,2026-05-02T15:00:00+00:00,Paris Saint Germain,Lorient,1,2026-09-29T01:28:07Z,CAPTURED,2,2,
1387985,/fixtures/lineups,France,61,Ligue 1,2025,Regular Season - 32,2026-05-03T15:15:00+00:00,Strasbourg,Toulouse,1,2026-09-29T01:28:07Z,CAPTURED,2,2,
1387989,/fixtures/lineups,France,61,Ligue 1,2025,Regular Season - 33,2026-05-08T18:45:00+00:00,Lens,Nantes,1,2026-09-29T01:28:07Z,CAPTURED,2,2,
1388308,/fixtures/lineups,Germany,78,Bundesliga,2025,Regular Season - 1,2025-08-22T18:30:00+00:00,Bayern München,RB Leipzig,1,2026-09-29T01:28:07Z,CAPTURED,2,2,
1388309,/fixtures/lineups,Germany,78,Bundesliga,2025,Regular Season - 1,2025-08-23T13:30:00+00:00,Bayer Leverkusen,1899 Hoffenheim,1,2026-09-29T01:28:07Z,CAPTURED,2,2,
1388311,/fixtures/lineups,Germany,78,Bundesliga,2025,Regular Season - 1,2025-08-23T13:30:00+00:00,Eintracht Frankfurt,Werder Bremen,1,2026-09-29T01:28:07Z,CAPTURED,2,2,
1388312,/fixtures/lineups,Germany,78,Bundesliga,2025,Regular Season - 1,2025-08-23T13:30:00+00:00,SC Freiburg,FC Augsburg,1,2026-09-29T01:28:07Z,CAPTURED,2,2,
1388310,/fixtures/lineups,Germany,78,Bundesliga,2025,Regular Season - 1,2025-08-24T15:30:00+00:00,Borussia Mönchengladbach,Hamburger SV,1,2026-09-29T05:29:37Z,CAPTURED,2,2,
1388313,/fixtures/lineups,Germany,78,Bundesliga,2025,Regular Season - 1,2025-08-23T13:30:00+00:00,1. FC Heidenheim,VfL Wolfsburg,1,2026-09-29T05:29:37Z,CAPTURED,2,2,
1388314,/fixtures/lineups,Germany,78,Bundesliga,2025,Regular Season - 1,2025-08-24T13:30:00+00:00,FSV Mainz 05,1. FC Köln,1,2026-09-29T05:29:37Z,CAPTURED,2,2,
1388315,/fixtures/lineups,Germany,78,Bundesliga,2025,Regular Season - 1,2025-08-23T16:30:00+00:00,FC St. Pauli,Borussia Dortmund,1,2026-09-29T05:29:37Z,CAPTURED,2,2,
1388316,/fixtures/lineups,Germany,78,Bundesliga,2025,Regular Season - 1,2025-08-23T13:30:00+00:00,Union Berlin,VfB Stuttgart,1,2026-09-29T05:29:37Z,CAPTURED,2,2,
1388317,/fixtures/lineups,Germany,78,Bundesliga,2025,Regular Season - 2,2025-08-30T16:30:00+00:00,FC Augsburg,Bayern München,1,2026-09-29T05:29:37Z,CAPTURED,2,2,
1388318,/fixtures/lineups,Germany,78,Bundesliga,2025,Regular Season - 2,2025-08-31T15:30:00+00:00,Borussia Dortmund,Union Berlin,1,2026-09-29T05:29:37Z,CAPTURED,2,2,
1388319,/fixtures/lineups,Germany,78,Bundesliga,2025,Regular Season - 2,2025-08-31T17:30:00+00:00,1. FC Köln,SC Freiburg,1,2026-09-29T05:29:37Z,CAPTURED,2,2,
1388320,/fixtures/lineups,Germany,78,Bundesliga,2025,Regular Season - 2,2025-08-29T18:30:00+00:00,Hamburger SV,FC St. Pauli,1,2026-09-29T05:29:37Z,CAPTURED,2,2,
1388321,/fixtures/lineups,Germany,78,Bundesliga,2025,Regular Season - 2,2025-08-30T13:30:00+00:00,1899 Hoffenheim,Eintracht Frankfurt,1,2026-09-29T05:29:37Z,CAPTURED,2,2,
1388322,/fixtures/lineups,Germany,78,Bundesliga,2025,Regular Season - 2,2025-08-30T13:30:00+00:00,RB Leipzig,1. FC Heidenheim,1,2026-09-29T05:29:37Z,CAPTURED,2,2,
1388323,/fixtures/lineups,Germany,78,Bundesliga,2025,Regular Season - 2,2025-08-30T13:30:00+00:00,VfB Stuttgart,Borussia Mönchengladbach,1,2026-09-29T05:29:37Z,CAPTURED,2,2,
1388324,/fixtures/lineups,Germany,78,Bundesliga,2025,Regular Season - 2,2025-08-30T13:30:00+00:00,Werder Bremen,Bayer Leverkusen,1,2026-09-29T05:29:37Z,CAPTURED,2,2,
1388325,/fixtures/lineups,Germany,78,Bundesliga,2025,Regular Season - 2,2025-08-31T13:30:00+00:00,VfL Wolfsburg,FSV Mainz 05,1,2026-09-29T05:29:37Z,CAPTURED,2,2,
1388326,/fixtures/lineups,Germany,78,Bundesliga,2025,Regular Season - 3,2025-09-12T18:30:00+00:00,Bayer Leverkusen,Eintracht Frankfurt,1,2026-09-29T05:29:37Z,CAPTURED,2,2,
1388327,/fixtures/lineups,Germany,78,Bundesliga,2025,Regular Season - 3,2025-09-13T16:30:00+00:00,Bayern München,Hamburger SV,1,2026-09-29T05:29:37Z,CAPTURED,2,2,
1388328,/fixtures/lineups,Germany,78,Bundesliga,2025,Regular Season - 3,2025-09-14T15:30:00+00:00,Borussia Mönchengladbach,Werder Bremen,1,2026-09-29T05:29:37Z,CAPTURED,2,2,
1388329,/fixtures/lineups,Germany,78,Bundesliga,2025,Regular Season - 3,2025-09-13T13:30:00+00:00,SC Freiburg,VfB Stuttgart,1,2026-09-29T05:29:37Z,CAPTURED,2,2,
1388330,/fixtures/lineups,Germany,78,Bundesliga,2025,Regular Season - 3,2025-09-13T13:30:00+00:00,1. FC Heidenheim,Borussia Dortmund,1,2026-09-29T05:29:37Z,CAPTURED,2,2,
1388331,/fixtures/lineups,Germany,78,Bundesliga,2025,Regular Season - 3,2025-09-13T13:30:00+00:00,FSV Mainz 05,RB Leipzig,1,2026-09-29T05:29:37Z,CAPTURED,2,2,
1388332,/fixtures/lineups,Germany,78,Bundesliga,2025,Regular Season - 3,2025-09-14T13:30:00+00:00,FC St. Pauli,FC Augsburg,1,2026-09-29T05:29:37Z,CAPTURED,2,2,
1388333,/fixtures/lineups,Germany,78,Bundesliga,2025,Regular Season - 3,2025-09-13T13:30:00+00:00,Union Berlin,1899 Hoffenheim,1,2026-09-29T05:29:37Z,CAPTURED,2,2,
1388334,/fixtures/lineups,Germany,78,Bundesliga,2025,Regular Season - 3,2025-09-13T13:30:00+00:00,VfL Wolfsburg,1. FC Köln,1,2026-09-29T05:29:37Z,CAPTURED,2,2,
1388335,/fixtures/lineups,Germany,78,Bundesliga,2025,Regular Season - 4,2025-09-20T13:30:00+00:00,FC Augsburg,FSV Mainz 05,1,2026-09-29T05:29:37Z,CAPTURED,2,2,
1388336,/fixtures/lineups,Germany,78,Bundesliga,2025,Regular Season - 4,2025-09-21T15:30:00+00:00,Bayer Leverkusen,Borussia Mönchengladbach,1,2026-09-29T05:29:37Z,CAPTURED,2,2,
1388337,/fixtures/lineups,Germany,78,Bundesliga,2025,Regular Season - 4,2025-09-21T17:30:00+00:00,Borussia Dortmund,VfL Wolfsburg,1,2026-09-29T05:29:37Z,CAPTURED,2,2,
1388338,/fixtures/lineups,Germany,78,Bundesliga,2025,Regular Season - 4,2025-09-21T13:30:00+00:00,Eintracht Frankfurt,Union Berlin,1,2026-09-29T05:29:37Z,CAPTURED,2,2,
1388339,/fixtures/lineups,Germany,78,Bundesliga,2025,Regular Season - 4,2025-09-20T13:30:00+00:00,Hamburger SV,1. FC Heidenheim,1,2026-09-29T05:29:37Z,CAPTURED,2,2,
1388340,/fixtures/lineups,Germany,78,Bundesliga,2025,Regular Season - 4,2025-09-20T13:30:00+00:00,1899 Hoffenheim,Bayern München,1,2026-09-29T05:29:37Z,CAPTURED,2,2,
1388341,/fixtures/lineups,Germany,78,Bundesliga,2025,Regular Season - 4,2025-09-20T16:30:00+00:00,RB Leipzig,1. FC Köln,1,2026-09-29T05:29:37Z,CAPTURED,2,2,
1388342,/fixtures/lineups,Germany,78,Bundesliga,2025,Regular Season - 4,2025-09-19T18:30:00+00:00,VfB Stuttgart,FC St. Pauli,1,2026-09-29T05:29:37Z,CAPTURED,2,2,
1388343,/fixtures/lineups,Germany,78,Bundesliga,2025,Regular Season - 4,2025-09-20T13:30:00+00:00,Werder Bremen,SC Freiburg,1,2026-09-29T05:29:37Z,CAPTURED,2,2,
1388344,/fixtures/lineups,Germany,78,Bundesliga,2025,Regular Season - 5,2025-09-26T18:30:00+00:00,Bayern München,Werder Bremen,1,2026-09-29T05:29:37Z,CAPTURED,2,2,
1388345,/fixtures/lineups,Germany,78,Bundesliga,2025,Regular Season - 5,2025-09-27T16:30:00+00:00,Borussia Mönchengladbach,Eintracht Frankfurt,1,2026-09-29T05:29:37Z,CAPTURED,2,2,
1388346,/fixtures/lineups,Germany,78,Bundesliga,2025,Regular Season - 5,2025-09-28T15:30:00+00:00,1. FC Köln,VfB Stuttgart,1,2026-09-29T05:29:37Z,CAPTURED,2,2,
1388347,/fixtures/lineups,Germany,78,Bundesliga,2025,Regular Season - 5,2025-09-28T13:30:00+00:00,SC Freiburg,1899 Hoffenheim,1,2026-09-29T05:29:37Z,CAPTURED,2,2,
1388348,/fixtures/lineups,Germany,78,Bundesliga,2025,Regular Season - 5,2025-09-27T13:30:00+00:00,1. FC Heidenheim,FC Augsburg,1,2026-09-29T05:29:37Z,CAPTURED,2,2,
1388349,/fixtures/lineups,Germany,78,Bundesliga,2025,Regular Season - 5,2025-09-27T13:30:00+00:00,FSV Mainz 05,Borussia Dortmund,1,2026-09-29T05:29:37Z,CAPTURED,2,2,
1388350,/fixtures/lineups,Germany,78,Bundesliga,2025,Regular Season - 5,2025-09-27T13:30:00+00:00,FC St. Pauli,Bayer Leverkusen,1,2026-09-29T05:29:37Z,CAPTURED,2,2,
1388351,/fixtures/lineups,Germany,78,Bundesliga,2025,Regular Season - 5,2025-09-28T17:30:00+00:00,Union Berlin,Hamburger SV,1,2026-09-29T05:29:37Z,CAPTURED,2,2,
1388352,/fixtures/lineups,Germany,78,Bundesliga,2025,Regular Season - 5,2025-09-27T13:30:00+00:00,VfL Wolfsburg,RB Leipzig,1,2026-09-29T05:29:37Z,CAPTURED,2,2,
1388353,/fixtures/lineups,Germany,78,Bundesliga,2025,Regular Season - 6,2025-10-04T13:30:00+00:00,FC Augsburg,VfL Wolfsburg,1,2026-09-29T05:29:37Z,CAPTURED,2,2,
1388354,/fixtures/lineups,Germany,78,Bundesliga,2025,Regular Season - 6,2025-10-04T13:30:00+00:00,Bayer Leverkusen,Union Berlin,1,2026-09-29T05:29:37Z,CAPTURED,2,2,
1388355,/fixtures/lineups,Germany,78,Bundesliga,2025,Regular Season - 6,2025-10-05T17:30:00+00:00,Borussia Mönchengladbach,SC Freiburg,1,2026-09-29T05:29:37Z,CAPTURED,2,2,
1388356,/fixtures/lineups,Germany,78,Bundesliga,2025,Regular Season - 6,2025-10-04T13:30:00+00:00,Borussia Dortmund,RB Leipzig,1,2026-09-29T05:29:37Z,CAPTURED,2,2,
1388357,/fixtures/lineups,Germany,78,Bundesliga,2025,Regular Season - 6,2025-10-04T16:30:00+00:00,Eintracht Frankfurt,Bayern München,1,2026-09-29T05:29:37Z,CAPTURED,2,2,
1388358,/fixtures/lineups,Germany,78,Bundesliga,2025,Regular Season - 6,2025-10-05T15:30:00+00:00,Hamburger SV,FSV Mainz 05,1,2026-09-29T05:29:37Z,CAPTURED,2,2,
1388359,/fixtures/lineups,Germany,78,Bundesliga,2025,Regular Season - 6,2025-10-03T18:30:00+00:00,1899 Hoffenheim,1. FC Köln,1,2026-09-29T05:29:37Z,CAPTURED,2,2,
1388360,/fixtures/lineups,Germany,78,Bundesliga,2025,Regular Season - 6,2025-10-05T13:30:00+00:00,VfB Stuttgart,1. FC Heidenheim,1,2026-09-29T05:29:37Z,CAPTURED,2,2,
1388361,/fixtures/lineups,Germany,78,Bundesliga,2025,Regular Season - 6,2025-10-04T13:30:00+00:00,Werder Bremen,FC St. Pauli,1,2026-09-29T05:29:37Z,CAPTURED,2,2,
1388362,/fixtures/lineups,Germany,78,Bundesliga,2025,Regular Season - 7,2025-10-18T16:30:00+00:00,Bayern München,Borussia Dortmund,1,2026-09-29T09:32:19Z,CAPTURED,2,2,
1388363,/fixtures/lineups,Germany,78,Bundesliga,2025,Regular Season - 7,2025-10-18T13:30:00+00:00,1. FC Köln,FC Augsburg,1,2026-09-29T09:32:19Z,CAPTURED,2,2,
1388364,/fixtures/lineups,Germany,78,Bundesliga,2025,Regular Season - 7,2025-10-19T13:30:00+00:00,SC Freiburg,Eintracht Frankfurt,1,2026-09-29T09:32:19Z,CAPTURED,2,2,
1388365,/fixtures/lineups,Germany,78,Bundesliga,2025,Regular Season - 7,2025-10-18T13:30:00+00:00,1. FC Heidenheim,Werder Bremen,1,2026-09-29T09:32:19Z,CAPTURED,2,2,
1388366,/fixtures/lineups,Germany,78,Bundesliga,2025,Regular Season - 7,2025-10-18T13:30:00+00:00,FSV Mainz 05,Bayer Leverkusen,1,2026-09-29T09:32:19Z,CAPTURED,2,2,
1388367,/fixtures/lineups,Germany,78,Bundesliga,2025,Regular Season - 7,2025-10-18T13:30:00+00:00,RB Leipzig,Hamburger SV,1,2026-09-29T09:32:19Z,CAPTURED,2,2,
1388368,/fixtures/lineups,Germany,78,Bundesliga,2025,Regular Season - 7,2025-10-19T15:30:00+00:00,FC St. Pauli,1899 Hoffenheim,1,2026-09-29T09:32:19Z,CAPTURED,2,2,
1388369,/fixtures/lineups,Germany,78,Bundesliga,2025,Regular Season - 7,2025-10-17T18:30:00+00:00,Union Berlin,Borussia Mönchengladbach,1,2026-09-29T09:32:19Z,CAPTURED,2,2,
1388370,/fixtures/lineups,Germany,78,Bundesliga,2025,Regular Season - 7,2025-10-18T13:30:00+00:00,VfL Wolfsburg,VfB Stuttgart,1,2026-09-29T09:32:19Z,CAPTURED,2,2,
1388371,/fixtures/lineups,Germany,78,Bundesliga,2025,Regular Season - 8,2025-10-25T13:30:00+00:00,FC Augsburg,RB Leipzig,1,2026-09-29T09:32:19Z,CAPTURED,2,2,
1388372,/fixtures/lineups,Germany,78,Bundesliga,2025,Regular Season - 8,2025-10-26T14:30:00+00:00,Bayer Leverkusen,SC Freiburg,1,2026-09-29T09:32:19Z,CAPTURED,2,2,
1388373,/fixtures/lineups,Germany,78,Bundesliga,2025,Regular Season - 8,2025-10-25T13:30:00+00:00,Borussia Mönchengladbach,Bayern München,1,2026-09-29T09:32:19Z,CAPTURED,2,2,
1388374,/fixtures/lineups,Germany,78,Bundesliga,2025,Regular Season - 8,2025-10-25T16:30:00+00:00,Borussia Dortmund,1. FC Köln,1,2026-09-29T09:32:19Z,CAPTURED,2,2,
1388375,/fixtures/lineups,Germany,78,Bundesliga,2025,Regular Season - 8,2025-10-25T13:30:00+00:00,Eintracht Frankfurt,FC St. Pauli,1,2026-09-29T09:32:19Z,CAPTURED,2,2,
1388376,/fixtures/lineups,Germany,78,Bundesliga,2025,Regular Season - 8,2025-10-25T13:30:00+00:00,Hamburger SV,VfL Wolfsburg,1,2026-09-29T09:32:19Z,CAPTURED,2,2,
1388377,/fixtures/lineups,Germany,78,Bundesliga,2025,Regular Season - 8,2025-10-25T13:30:00+00:00,1899 Hoffenheim,1. FC Heidenheim,1,2026-09-29T09:32:19Z,CAPTURED,2,2,
1388378,/fixtures/lineups,Germany,78,Bundesliga,2025,Regular Season - 8,2025-10-26T16:30:00+00:00,VfB Stuttgart,FSV Mainz 05,1,2026-09-29T09:32:19Z,CAPTURED,2,2,
1388379,/fixtures/lineups,Germany,78,Bundesliga,2025,Regular Season - 8,2025-10-24T18:30:00+00:00,Werder Bremen,Union Berlin,1,2026-09-29T09:32:19Z,CAPTURED,2,2,
1388380,/fixtures/lineups,Germany,78,Bundesliga,2025,Regular Season - 9,2025-10-31T19:30:00+00:00,FC Augsburg,Borussia Dortmund,1,2026-09-29T09:32:19Z,CAPTURED,2,2,
1388381,/fixtures/lineups,Germany,78,Bundesliga,2025,Regular Season - 9,2025-11-01T17:30:00+00:00,Bayern München,Bayer Leverkusen,1,2026-09-29T09:32:19Z,CAPTURED,2,2,
1388382,/fixtures/lineups,Germany,78,Bundesliga,2025,Regular Season - 9,2025-11-02T14:30:00+00:00,1. FC Köln,Hamburger SV,1,2026-09-29T09:32:19Z,CAPTURED,2,2,
1388383,/fixtures/lineups,Germany,78,Bundesliga,2025,Regular Season - 9,2025-11-01T14:30:00+00:00,1. FC Heidenheim,Eintracht Frankfurt,1,2026-09-29T09:32:19Z,CAPTURED,2,2,
1388384,/fixtures/lineups,Germany,78,Bundesliga,2025,Regular Season - 9,2025-11-01T14:30:00+00:00,FSV Mainz 05,Werder Bremen,1,2026-09-29T09:32:19Z,CAPTURED,2,2,
1388385,/fixtures/lineups,Germany,78,Bundesliga,2025,Regular Season - 9,2025-11-01T14:30:00+00:00,RB Leipzig,VfB Stuttgart,1,2026-09-29T09:32:19Z,CAPTURED,2,2,
1388386,/fixtures/lineups,Germany,78,Bundesliga,2025,Regular Season - 9,2025-11-01T14:30:00+00:00,FC St. Pauli,Borussia Mönchengladbach,1,2026-09-29T09:32:19Z,CAPTURED,2,2,
1388387,/fixtures/lineups,Germany,78,Bundesliga,2025,Regular Season - 9,2025-11-01T14:30:00+00:00,Union Berlin,SC Freiburg,1,2026-09-29T09:32:19Z,CAPTURED,2,2,
1388388,/fixtures/lineups,Germany,78,Bundesliga,2025,Regular Season - 9,2025-11-02T16:30:00+00:00,VfL Wolfsburg,1899 Hoffenheim,1,2026-09-29T09:32:19Z,CAPTURED,2,2,
1388389,/fixtures/lineups,Germany,78,Bundesliga,2025,Regular Season - 10,2025-11-08T14:30:00+00:00,Bayer Leverkusen,1. FC Heidenheim,1,2026-09-29T09:32:19Z,CAPTURED,2,2,
1388390,/fixtures/lineups,Germany,78,Bundesliga,2025,Regular Season - 10,2025-11-08T17:30:00+00:00,Borussia Mönchengladbach,1. FC Köln,1,2026-09-29T09:32:19Z,CAPTURED,2,2,
1388391,/fixtures/lineups,Germany,78,Bundesliga,2025,Regular Season - 10,2025-11-09T18:30:00+00:00,Eintracht Frankfurt,FSV Mainz 05,1,2026-09-29T09:32:19Z,CAPTURED,2,2,
1388392,/fixtures/lineups,Germany,78,Bundesliga,2025,Regular Season - 10,2025-11-09T14:30:00+00:00,SC Freiburg,FC St. Pauli,1,2026-09-29T09:32:19Z,CAPTURED,2,2,
1388393,/fixtures/lineups,Germany,78,Bundesliga,2025,Regular Season - 10,2025-11-08T14:30:00+00:00,Hamburger SV,Borussia Dortmund,1,2026-09-29T09:32:19Z,CAPTURED,2,2,
1388394,/fixtures/lineups,Germany,78,Bundesliga,2025,Regular Season - 10,2025-11-08T14:30:00+00:00,1899 Hoffenheim,RB Leipzig,1,2026-09-29T09:32:19Z,CAPTURED,2,2,
1388395,/fixtures/lineups,Germany,78,Bundesliga,2025,Regular Season - 10,2025-11-09T16:30:00+00:00,VfB Stuttgart,FC Augsburg,1,2026-09-29T09:32:19Z,CAPTURED,2,2,
1388396,/fixtures/lineups,Germany,78,Bundesliga,2025,Regular Season - 10,2025-11-08T14:30:00+00:00,Union Berlin,Bayern München,1,2026-09-29T09:32:19Z,CAPTURED,2,2,
1388397,/fixtures/lineups,Germany,78,Bundesliga,2025,Regular Season - 10,2025-11-07T19:30:00+00:00,Werder Bremen,VfL Wolfsburg,1,2026-09-29T09:32:19Z,CAPTURED,2,2,
1388398,/fixtures/lineups,Germany,78,Bundesliga,2025,Regular Season - 11,2025-11-22T14:30:00+00:00,FC Augsburg,Hamburger SV,1,2026-09-29T09:32:19Z,CAPTURED,2,2,
1388399,/fixtures/lineups,Germany,78,Bundesliga,2025,Regular Season - 11,2025-11-22T14:30:00+00:00,Bayern München,SC Freiburg,1,2026-09-29T09:32:19Z,CAPTURED,2,2,
1388400,/fixtures/lineups,Germany,78,Bundesliga,2025,Regular Season - 11,2025-11-22T14:30:00+00:00,Borussia Dortmund,VfB Stuttgart,1,2026-09-29T09:32:19Z,CAPTURED,2,2,
1388401,/fixtures/lineups,Germany,78,Bundesliga,2025,Regular Season - 11,2025-11-22T17:30:00+00:00,1. FC Köln,Eintracht Frankfurt,1,2026-09-29T09:32:19Z,CAPTURED,2,2,
1388402,/fixtures/lineups,Germany,78,Bundesliga,2025,Regular Season - 11,2025-11-22T14:30:00+00:00,1. FC Heidenheim,Borussia Mönchengladbach,1,2026-09-29T09:32:19Z,CAPTURED,2,2,
1388403,/fixtures/lineups,Germany,78,Bundesliga,2025,Regular Season - 11,2025-11-21T19:30:00+00:00,FSV Mainz 05,1899 Hoffenheim,1,2026-09-29T09:32:19Z,CAPTURED,2,2,
1388404,/fixtures/lineups,Germany,78,Bundesliga,2025,Regular Season - 11,2025-11-23T14:30:00+00:00,RB Leipzig,Werder Bremen,1,2026-09-29T09:32:19Z,CAPTURED,2,2,
1388405,/fixtures/lineups,Germany,78,Bundesliga,2025,Regular Season - 11,2025-11-23T16:30:00+00:00,FC St. Pauli,Union Berlin,1,2026-09-29T09:32:19Z,CAPTURED,2,2,
1388406,/fixtures/lineups,Germany,78,Bundesliga,2025,Regular Season - 11,2025-11-22T14:30:00+00:00,VfL Wolfsburg,Bayer Leverkusen,1,2026-09-29T09:32:19Z,CAPTURED,2,2,
1388408,/fixtures/lineups,Germany,78,Bundesliga,2025,Regular Season - 12,2025-11-29T14:30:00+00:00,Bayern München,FC St. Pauli,1,2026-09-29T09:32:19Z,CAPTURED,2,2,
1388409,/fixtures/lineups,Germany,78,Bundesliga,2025,Regular Season - 12,2025-11-28T19:30:00+00:00,Borussia Mönchengladbach,RB Leipzig,1,2026-09-29T09:32:19Z,CAPTURED,2,2,
1388413,/fixtures/lineups,Germany,78,Bundesliga,2025,Regular Season - 12,2025-11-29T14:30:00+00:00,1899 Hoffenheim,FC Augsburg,1,2026-09-29T09:32:19Z,CAPTURED,2,2,
1388414,/fixtures/lineups,Germany,78,Bundesliga,2025,Regular Season - 12,2025-11-29T14:30:00+00:00,Union Berlin,1. FC Heidenheim,1,2026-09-29T09:32:19Z,CAPTURED,2,2,
1388415,/fixtures/lineups,Germany,78,Bundesliga,2025,Regular Season - 12,2025-11-29T14:30:00+00:00,Werder Bremen,1. FC Köln,1,2026-09-29T09:32:19Z,CAPTURED,2,2,
1388407,/fixtures/lineups,Germany,78,Bundesliga,2025,Regular Season - 12,2025-11-29T17:30:00+00:00,Bayer Leverkusen,Borussia Dortmund,1,2026-09-29T13:34:29Z,CAPTURED,2,2,
1388410,/fixtures/lineups,Germany,78,Bundesliga,2025,Regular Season - 12,2025-11-30T16:30:00+00:00,Eintracht Frankfurt,VfL Wolfsburg,1,2026-09-29T13:34:29Z,CAPTURED,2,2,
1388411,/fixtures/lineups,Germany,78,Bundesliga,2025,Regular Season - 12,2025-11-30T18:30:00+00:00,SC Freiburg,FSV Mainz 05,1,2026-09-29T13:34:29Z,CAPTURED,2,2,
1388412,/fixtures/lineups,Germany,78,Bundesliga,2025,Regular Season - 12,2025-11-30T14:30:00+00:00,Hamburger SV,VfB Stuttgart,1,2026-09-29T13:34:29Z,CAPTURED,2,2,
1388416,/fixtures/lineups,Germany,78,Bundesliga,2025,Regular Season - 13,2025-12-06T14:30:00+00:00,FC Augsburg,Bayer Leverkusen,1,2026-09-29T13:34:29Z,CAPTURED,2,2,
1388417,/fixtures/lineups,Germany,78,Bundesliga,2025,Regular Season - 13,2025-12-07T16:30:00+00:00,Borussia Dortmund,1899 Hoffenheim,1,2026-09-29T13:34:29Z,CAPTURED,2,2,
1388418,/fixtures/lineups,Germany,78,Bundesliga,2025,Regular Season - 13,2025-12-06T14:30:00+00:00,1. FC Köln,FC St. Pauli,1,2026-09-29T13:34:29Z,CAPTURED,2,2,
1388419,/fixtures/lineups,Germany,78,Bundesliga,2025,Regular Season - 13,2025-12-07T14:30:00+00:00,Hamburger SV,Werder Bremen,1,2026-09-29T13:34:29Z,CAPTURED,2,2,
1388420,/fixtures/lineups,Germany,78,Bundesliga,2025,Regular Season - 13,2025-12-06T14:30:00+00:00,1. FC Heidenheim,SC Freiburg,1,2026-09-29T13:34:29Z,CAPTURED,2,2,
1388421,/fixtures/lineups,Germany,78,Bundesliga,2025,Regular Season - 13,2025-12-05T19:30:00+00:00,FSV Mainz 05,Borussia Mönchengladbach,1,2026-09-29T13:34:29Z,CAPTURED,2,2,
1388422,/fixtures/lineups,Germany,78,Bundesliga,2025,Regular Season - 13,2025-12-06T17:30:00+00:00,RB Leipzig,Eintracht Frankfurt,1,2026-09-29T13:34:29Z,CAPTURED,2,2,
1388423,/fixtures/lineups,Germany,78,Bundesliga,2025,Regular Season - 13,2025-12-06T14:30:00+00:00,VfB Stuttgart,Bayern München,1,2026-09-29T13:34:29Z,CAPTURED,2,2,
1388424,/fixtures/lineups,Germany,78,Bundesliga,2025,Regular Season - 13,2025-12-06T14:30:00+00:00,VfL Wolfsburg,Union Berlin,1,2026-09-29T13:34:29Z,CAPTURED,2,2,
1388425,/fixtures/lineups,Germany,78,Bundesliga,2025,Regular Season - 14,2025-12-13T17:30:00+00:00,Bayer Leverkusen,1. FC Köln,1,2026-09-29T13:34:29Z,CAPTURED,2,2,
1388426,/fixtures/lineups,Germany,78,Bundesliga,2025,Regular Season - 14,2025-12-14T16:30:00+00:00,Bayern München,FSV Mainz 05,1,2026-09-29T13:34:29Z,CAPTURED,2,2,
1388427,/fixtures/lineups,Germany,78,Bundesliga,2025,Regular Season - 14,2025-12-13T14:30:00+00:00,Borussia Mönchengladbach,VfL Wolfsburg,1,2026-09-29T13:34:29Z,CAPTURED,2,2,
1388428,/fixtures/lineups,Germany,78,Bundesliga,2025,Regular Season - 14,2025-12-13T14:30:00+00:00,Eintracht Frankfurt,FC Augsburg,1,2026-09-29T13:34:29Z,CAPTURED,2,2,
1388429,/fixtures/lineups,Germany,78,Bundesliga,2025,Regular Season - 14,2025-12-14T14:30:00+00:00,SC Freiburg,Borussia Dortmund,1,2026-09-29T13:34:29Z,CAPTURED,2,2,
1388430,/fixtures/lineups,Germany,78,Bundesliga,2025,Regular Season - 14,2025-12-13T14:30:00+00:00,1899 Hoffenheim,Hamburger SV,1,2026-09-29T13:34:29Z,CAPTURED,2,2,
1388431,/fixtures/lineups,Germany,78,Bundesliga,2025,Regular Season - 14,2025-12-13T14:30:00+00:00,FC St. Pauli,1. FC Heidenheim,1,2026-09-29T13:34:29Z,CAPTURED,2,2,
1388432,/fixtures/lineups,Germany,78,Bundesliga,2025,Regular Season - 14,2025-12-12T19:30:00+00:00,Union Berlin,RB Leipzig,1,2026-09-29T13:34:29Z,CAPTURED,2,2,
1388433,/fixtures/lineups,Germany,78,Bundesliga,2025,Regular Season - 14,2025-12-14T18:30:00+00:00,Werder Bremen,VfB Stuttgart,1,2026-09-29T13:34:29Z,CAPTURED,2,2,
1388434,/fixtures/lineups,Germany,78,Bundesliga,2025,Regular Season - 15,2025-12-20T14:30:00+00:00,FC Augsburg,Werder Bremen,1,2026-09-29T13:34:29Z,CAPTURED,2,2,
1388435,/fixtures/lineups,Germany,78,Bundesliga,2025,Regular Season - 15,2025-12-19T19:30:00+00:00,Borussia Dortmund,Borussia Mönchengladbach,1,2026-09-29T13:34:29Z,CAPTURED,2,2,
1388436,/fixtures/lineups,Germany,78,Bundesliga,2025,Regular Season - 15,2025-12-20T14:30:00+00:00,1. FC Köln,Union Berlin,1,2026-09-29T13:34:29Z,CAPTURED,2,2,
1388437,/fixtures/lineups,Germany,78,Bundesliga,2025,Regular Season - 15,2025-12-20T14:30:00+00:00,Hamburger SV,Eintracht Frankfurt,1,2026-09-29T13:34:29Z,CAPTURED,2,2,
1388438,/fixtures/lineups,Germany,78,Bundesliga,2025,Regular Season - 15,2025-12-21T16:30:00+00:00,1. FC Heidenheim,Bayern München,1,2026-09-29T13:34:29Z,CAPTURED,2,2,
1388439,/fixtures/lineups,Germany,78,Bundesliga,2025,Regular Season - 15,2025-12-21T14:30:00+00:00,FSV Mainz 05,FC St. Pauli,1,2026-09-29T13:34:29Z,CAPTURED,2,2,
1388440,/fixtures/lineups,Germany,78,Bundesliga,2025,Regular Season - 15,2025-12-20T17:30:00+00:00,RB Leipzig,Bayer Leverkusen,1,2026-09-29T13:34:29Z,CAPTURED,2,2,
1388441,/fixtures/lineups,Germany,78,Bundesliga,2025,Regular Season - 15,2025-12-20T14:30:00+00:00,VfB Stuttgart,1899 Hoffenheim,1,2026-09-29T13:34:29Z,CAPTURED,2,2,
1388442,/fixtures/lineups,Germany,78,Bundesliga,2025,Regular Season - 15,2025-12-20T14:30:00+00:00,VfL Wolfsburg,SC Freiburg,1,2026-09-29T13:34:29Z,CAPTURED,2,2,
1388443,/fixtures/lineups,Germany,78,Bundesliga,2025,Regular Season - 16,2026-01-10T17:30:00+00:00,Bayer Leverkusen,VfB Stuttgart,1,2026-09-29T13:34:29Z,CAPTURED,2,2,
1388444,/fixtures/lineups,Germany,78,Bundesliga,2025,Regular Season - 16,2026-01-11T16:30:00+00:00,Bayern München,VfL Wolfsburg,1,2026-09-29T13:34:29Z,CAPTURED,2,2,
1388445,/fixtures/lineups,Germany,78,Bundesliga,2025,Regular Season - 16,2026-01-11T14:30:00+00:00,Borussia Mönchengladbach,FC Augsburg,1,2026-09-29T13:34:29Z,CAPTURED,2,2,
1388446,/fixtures/lineups,Germany,78,Bundesliga,2025,Regular Season - 16,2026-01-09T19:30:00+00:00,Eintracht Frankfurt,Borussia Dortmund,1,2026-09-29T13:34:29Z,CAPTURED,2,2,
1388447,/fixtures/lineups,Germany,78,Bundesliga,2025,Regular Season - 16,2026-01-10T14:30:00+00:00,SC Freiburg,Hamburger SV,1,2026-09-29T13:34:29Z,CAPTURED,2,2,
1388448,/fixtures/lineups,Germany,78,Bundesliga,2025,Regular Season - 16,2026-01-10T14:30:00+00:00,1. FC Heidenheim,1. FC Köln,1,2026-09-29T13:34:29Z,CAPTURED,2,2,
1388450,/fixtures/lineups,Germany,78,Bundesliga,2025,Regular Season - 16,2026-01-10T14:30:00+00:00,Union Berlin,FSV Mainz 05,1,2026-09-29T13:34:29Z,CAPTURED,2,2,
1388452,/fixtures/lineups,Germany,78,Bundesliga,2025,Regular Season - 17,2026-01-15T19:30:00+00:00,FC Augsburg,Union Berlin,1,2026-09-29T13:34:29Z,CAPTURED,2,2,
1388453,/fixtures/lineups,Germany,78,Bundesliga,2025,Regular Season - 17,2026-01-13T19:30:00+00:00,Borussia Dortmund,Werder Bremen,1,2026-09-29T13:34:29Z,CAPTURED,2,2,
1388454,/fixtures/lineups,Germany,78,Bundesliga,2025,Regular Season - 17,2026-01-14T19:30:00+00:00,1. FC Köln,Bayern München,1,2026-09-29T13:34:29Z,CAPTURED,2,2,
1388456,/fixtures/lineups,Germany,78,Bundesliga,2025,Regular Season - 17,2026-01-14T19:30:00+00:00,1899 Hoffenheim,Borussia Mönchengladbach,1,2026-09-29T13:34:29Z,CAPTURED,2,2,
1388457,/fixtures/lineups,Germany,78,Bundesliga,2025,Regular Season - 17,2026-01-13T19:30:00+00:00,FSV Mainz 05,1. FC Heidenheim,1,2026-09-29T13:34:29Z,CAPTURED,2,2,
1388458,/fixtures/lineups,Germany,78,Bundesliga,2025,Regular Season - 17,2026-01-14T19:30:00+00:00,RB Leipzig,SC Freiburg,1,2026-09-29T13:34:29Z,CAPTURED,2,2,
1388459,/fixtures/lineups,Germany,78,Bundesliga,2025,Regular Season - 17,2026-01-13T17:30:00+00:00,VfB Stuttgart,Eintracht Frankfurt,1,2026-09-29T13:34:29Z,CAPTURED,2,2,
1388460,/fixtures/lineups,Germany,78,Bundesliga,2025,Regular Season - 17,2026-01-14T17:30:00+00:00,VfL Wolfsburg,FC St. Pauli,1,2026-09-29T13:34:29Z,CAPTURED,2,2,
1388462,/fixtures/lineups,Germany,78,Bundesliga,2025,Regular Season - 18,2026-01-17T14:30:00+00:00,Borussia Dortmund,FC St. Pauli,1,2026-09-29T13:34:29Z,CAPTURED,2,2,
1388463,/fixtures/lineups,Germany,78,Bundesliga,2025,Regular Season - 18,2026-01-17T14:30:00+00:00,1. FC Köln,FSV Mainz 05,1,2026-09-29T13:34:29Z,CAPTURED,2,2,
1388464,/fixtures/lineups,Germany,78,Bundesliga,2025,Regular Season - 18,2026-01-17T14:30:00+00:00,Hamburger SV,Borussia Mönchengladbach,1,2026-09-29T13:34:29Z,CAPTURED,2,2,
1388468,/fixtures/lineups,Germany,78,Bundesliga,2025,Regular Season - 18,2026-01-16T19:30:00+00:00,Werder Bremen,Eintracht Frankfurt,1,2026-09-29T13:34:29Z,CAPTURED,2,2,
1388449,/fixtures/lineups,Germany,78,Bundesliga,2025,Regular Season - 16,2026-01-27T19:30:00+00:00,FC St. Pauli,RB Leipzig,1,2026-09-30T01:30:13Z,CAPTURED,2,2,
1388451,/fixtures/lineups,Germany,78,Bundesliga,2025,Regular Season - 16,2026-01-27T19:30:00+00:00,Werder Bremen,1899 Hoffenheim,1,2026-09-30T01:30:13Z,CAPTURED,2,2,
1388461,/fixtures/lineups,Germany,78,Bundesliga,2025,Regular Season - 18,2026-01-18T16:30:00+00:00,FC Augsburg,SC Freiburg,1,2026-09-30T01:30:13Z,CAPTURED,2,2,
1388465,/fixtures/lineups,Germany,78,Bundesliga,2025,Regular Season - 18,2026-01-17T14:30:00+00:00,1899 Hoffenheim,Bayer Leverkusen,3,2026-09-30T01:30:13Z,CAPTURED,2,2,
1388466,/fixtures/lineups,Germany,78,Bundesliga,2025,Regular Season - 18,2026-01-17T17:30:00+00:00,RB Leipzig,Bayern München,1,2026-09-30T01:30:13Z,CAPTURED,2,2,
1388467,/fixtures/lineups,Germany,78,Bundesliga,2025,Regular Season - 18,2026-01-18T14:30:00+00:00,VfB Stuttgart,Union Berlin,1,2026-09-30T01:30:13Z,CAPTURED,2,2,
1388469,/fixtures/lineups,Germany,78,Bundesliga,2025,Regular Season - 18,2026-01-17T14:30:00+00:00,VfL Wolfsburg,1. FC Heidenheim,1,2026-09-30T01:30:13Z,CAPTURED,2,2,
1388470,/fixtures/lineups,Germany,78,Bundesliga,2025,Regular Season - 19,2026-01-24T14:30:00+00:00,Bayer Leverkusen,Werder Bremen,1,2026-09-30T01:30:13Z,CAPTURED,2,2,
1388471,/fixtures/lineups,Germany,78,Bundesliga,2025,Regular Season - 19,2026-01-24T14:30:00+00:00,Bayern München,FC Augsburg,1,2026-09-30T01:30:13Z,CAPTURED,2,2,
1388472,/fixtures/lineups,Germany,78,Bundesliga,2025,Regular Season - 19,2026-01-25T14:30:00+00:00,Borussia Mönchengladbach,VfB Stuttgart,1,2026-09-30T01:30:13Z,CAPTURED,2,2,
1388473,/fixtures/lineups,Germany,78,Bundesliga,2025,Regular Season - 19,2026-01-24T14:30:00+00:00,Eintracht Frankfurt,1899 Hoffenheim,1,2026-09-30T01:30:13Z,CAPTURED,2,2,
1388474,/fixtures/lineups,Germany,78,Bundesliga,2025,Regular Season - 19,2026-01-25T16:30:00+00:00,SC Freiburg,1. FC Köln,1,2026-09-30T01:30:13Z,CAPTURED,2,2,
1388475,/fixtures/lineups,Germany,78,Bundesliga,2025,Regular Season - 19,2026-01-24T14:30:00+00:00,1. FC Heidenheim,RB Leipzig,1,2026-09-30T01:30:13Z,CAPTURED,2,2,
1388476,/fixtures/lineups,Germany,78,Bundesliga,2025,Regular Season - 19,2026-01-24T14:30:00+00:00,FSV Mainz 05,VfL Wolfsburg,1,2026-09-30T01:30:13Z,CAPTURED,2,2,
1388477,/fixtures/lineups,Germany,78,Bundesliga,2025,Regular Season - 19,2026-01-23T19:30:00+00:00,FC St. Pauli,Hamburger SV,1,2026-09-30T01:30:13Z,CAPTURED,2,2,
1388478,/fixtures/lineups,Germany,78,Bundesliga,2025,Regular Season - 19,2026-01-24T17:30:00+00:00,Union Berlin,Borussia Dortmund,1,2026-09-30T01:30:13Z,CAPTURED,2,2,
1388479,/fixtures/lineups,Germany,78,Bundesliga,2025,Regular Season - 20,2026-01-31T14:30:00+00:00,FC Augsburg,FC St. Pauli,1,2026-09-30T01:30:13Z,CAPTURED,2,2,
1388480,/fixtures/lineups,Germany,78,Bundesliga,2025,Regular Season - 20,2026-02-01T16:30:00+00:00,Borussia Dortmund,1. FC Heidenheim,1,2026-09-30T01:30:13Z,CAPTURED,2,2,
1388481,/fixtures/lineups,Germany,78,Bundesliga,2025,Regular Season - 20,2026-01-31T14:30:00+00:00,Eintracht Frankfurt,Bayer Leverkusen,1,2026-09-30T01:30:13Z,CAPTURED,2,2,
1388482,/fixtures/lineups,Germany,78,Bundesliga,2025,Regular Season - 20,2026-01-30T19:30:00+00:00,1. FC Köln,VfL Wolfsburg,1,2026-09-30T01:30:13Z,CAPTURED,2,2,
1388483,/fixtures/lineups,Germany,78,Bundesliga,2025,Regular Season - 20,2026-01-31T17:30:00+00:00,Hamburger SV,Bayern München,1,2026-09-30T01:30:13Z,CAPTURED,2,2,
1388484,/fixtures/lineups,Germany,78,Bundesliga,2025,Regular Season - 20,2026-01-31T14:30:00+00:00,1899 Hoffenheim,Union Berlin,1,2026-09-30T01:30:13Z,CAPTURED,2,2,
1388485,/fixtures/lineups,Germany,78,Bundesliga,2025,Regular Season - 20,2026-01-31T14:30:00+00:00,RB Leipzig,FSV Mainz 05,1,2026-09-30T01:30:13Z,CAPTURED,2,2,
1388486,/fixtures/lineups,Germany,78,Bundesliga,2025,Regular Season - 20,2026-02-01T14:30:00+00:00,VfB Stuttgart,SC Freiburg,1,2026-09-30T01:30:13Z,CAPTURED,2,2,
1388487,/fixtures/lineups,Germany,78,Bundesliga,2025,Regular Season - 20,2026-01-31T14:30:00+00:00,Werder Bremen,Borussia Mönchengladbach,1,2026-09-30T01:30:13Z,CAPTURED,2,2,
1388488,/fixtures/lineups,Germany,78,Bundesliga,2025,Regular Season - 21,2026-02-08T16:30:00+00:00,Bayern München,1899 Hoffenheim,1,2026-09-30T01:30:13Z,CAPTURED,2,2,
1388489,/fixtures/lineups,Germany,78,Bundesliga,2025,Regular Season - 21,2026-02-07T17:30:00+00:00,Borussia Mönchengladbach,Bayer Leverkusen,1,2026-09-30T01:30:13Z,CAPTURED,2,2,
1388490,/fixtures/lineups,Germany,78,Bundesliga,2025,Regular Season - 21,2026-02-08T14:30:00+00:00,1. FC Köln,RB Leipzig,1,2026-09-30T01:30:13Z,CAPTURED,2,2,
1388491,/fixtures/lineups,Germany,78,Bundesliga,2025,Regular Season - 21,2026-02-07T14:30:00+00:00,SC Freiburg,Werder Bremen,1,2026-09-30T01:30:13Z,CAPTURED,2,2,
1388492,/fixtures/lineups,Germany,78,Bundesliga,2025,Regular Season - 21,2026-02-07T14:30:00+00:00,1. FC Heidenheim,Hamburger SV,1,2026-09-30T01:30:13Z,CAPTURED,2,2,
1388493,/fixtures/lineups,Germany,78,Bundesliga,2025,Regular Season - 21,2026-02-07T14:30:00+00:00,FSV Mainz 05,FC Augsburg,1,2026-09-30T01:30:13Z,CAPTURED,2,2,
1388494,/fixtures/lineups,Germany,78,Bundesliga,2025,Regular Season - 21,2026-02-07T14:30:00+00:00,FC St. Pauli,VfB Stuttgart,1,2026-09-30T01:30:13Z,CAPTURED,2,2,
1388495,/fixtures/lineups,Germany,78,Bundesliga,2025,Regular Season - 21,2026-02-06T19:30:00+00:00,Union Berlin,Eintracht Frankfurt,1,2026-09-30T01:30:13Z,CAPTURED,2,2,
1388496,/fixtures/lineups,Germany,78,Bundesliga,2025,Regular Season - 21,2026-02-07T14:30:00+00:00,VfL Wolfsburg,Borussia Dortmund,1,2026-09-30T01:30:13Z,CAPTURED,2,2,
1388497,/fixtures/lineups,Germany,78,Bundesliga,2025,Regular Season - 22,2026-02-15T14:30:00+00:00,FC Augsburg,1. FC Heidenheim,1,2026-09-30T01:30:13Z,CAPTURED,2,2,
1388498,/fixtures/lineups,Germany,78,Bundesliga,2025,Regular Season - 22,2026-02-14T14:30:00+00:00,Bayer Leverkusen,FC St. Pauli,1,2026-09-30T01:30:13Z,CAPTURED,2,2,
1388499,/fixtures/lineups,Germany,78,Bundesliga,2025,Regular Season - 22,2026-02-13T19:30:00+00:00,Borussia Dortmund,FSV Mainz 05,1,2026-09-30T01:30:13Z,CAPTURED,2,2,
1388500,/fixtures/lineups,Germany,78,Bundesliga,2025,Regular Season - 22,2026-02-14T14:30:00+00:00,Eintracht Frankfurt,Borussia Mönchengladbach,1,2026-09-30T01:30:13Z,CAPTURED,2,2,
1388501,/fixtures/lineups,Germany,78,Bundesliga,2025,Regular Season - 22,2026-02-14T14:30:00+00:00,Hamburger SV,Union Berlin,1,2026-09-30T01:30:13Z,CAPTURED,2,2,
1388502,/fixtures/lineups,Germany,78,Bundesliga,2025,Regular Season - 22,2026-02-14T14:30:00+00:00,1899 Hoffenheim,SC Freiburg,1,2026-09-30T01:30:13Z,CAPTURED,2,2,
1388503,/fixtures/lineups,Germany,78,Bundesliga,2025,Regular Season - 22,2026-02-15T16:30:00+00:00,RB Leipzig,VfL Wolfsburg,1,2026-09-30T01:30:13Z,CAPTURED,2,2,
1388504,/fixtures/lineups,Germany,78,Bundesliga,2025,Regular Season - 22,2026-02-14T17:30:00+00:00,VfB Stuttgart,1. FC Köln,1,2026-09-30T01:30:13Z,CAPTURED,2,2,
1388505,/fixtures/lineups,Germany,78,Bundesliga,2025,Regular Season - 22,2026-02-14T14:30:00+00:00,Werder Bremen,Bayern München,1,2026-09-30T01:30:13Z,CAPTURED,2,2,
1388506,/fixtures/lineups,Germany,78,Bundesliga,2025,Regular Season - 23,2026-02-21T14:30:00+00:00,Bayern München,Eintracht Frankfurt,1,2026-09-30T01:30:13Z,CAPTURED,2,2,
1388507,/fixtures/lineups,Germany,78,Bundesliga,2025,Regular Season - 23,2026-02-21T14:30:00+00:00,1. FC Köln,1899 Hoffenheim,1,2026-09-30T01:30:13Z,CAPTURED,2,2,
1388508,/fixtures/lineups,Germany,78,Bundesliga,2025,Regular Season - 23,2026-02-22T14:30:00+00:00,SC Freiburg,Borussia Mönchengladbach,1,2026-09-30T01:30:13Z,CAPTURED,2,2,
1388510,/fixtures/lineups,Germany,78,Bundesliga,2025,Regular Season - 23,2026-02-20T19:30:00+00:00,FSV Mainz 05,Hamburger SV,1,2026-09-30T01:30:13Z,CAPTURED,2,2,
1388511,/fixtures/lineups,Germany,78,Bundesliga,2025,Regular Season - 23,2026-02-21T17:30:00+00:00,RB Leipzig,Borussia Dortmund,1,2026-09-30T01:30:13Z,CAPTURED,2,2,
1388513,/fixtures/lineups,Germany,78,Bundesliga,2025,Regular Season - 23,2026-02-21T14:30:00+00:00,Union Berlin,Bayer Leverkusen,1,2026-09-30T01:30:13Z,CAPTURED,2,2,
1388514,/fixtures/lineups,Germany,78,Bundesliga,2025,Regular Season - 23,2026-02-21T14:30:00+00:00,VfL Wolfsburg,FC Augsburg,1,2026-09-30T01:30:13Z,CAPTURED,2,2,
1388455,/fixtures/lineups,Germany,78,Bundesliga,2025,Regular Season - 17,2026-03-04T19:30:00+00:00,Hamburger SV,Bayer Leverkusen,1,2026-09-30T05:30:45Z,CAPTURED,2,2,
1388509,/fixtures/lineups,Germany,78,Bundesliga,2025,Regular Season - 23,2026-02-22T18:30:00+00:00,1. FC Heidenheim,VfB Stuttgart,1,2026-09-30T05:30:45Z,CAPTURED,2,2,
1388512,/fixtures/lineups,Germany,78,Bundesliga,2025,Regular Season - 23,2026-02-22T16:30:00+00:00,FC St. Pauli,Werder Bremen,1,2026-09-30T05:30:45Z,CAPTURED,2,2,
1388515,/fixtures/lineups,Germany,78,Bundesliga,2025,Regular Season - 24,2026-02-27T19:30:00+00:00,FC Augsburg,1. FC Köln,1,2026-09-30T05:30:45Z,CAPTURED,2,2,
1388516,/fixtures/lineups,Germany,78,Bundesliga,2025,Regular Season - 24,2026-02-28T14:30:00+00:00,Bayer Leverkusen,FSV Mainz 05,1,2026-09-30T05:30:45Z,CAPTURED,2,2,
1388517,/fixtures/lineups,Germany,78,Bundesliga,2025,Regular Season - 24,2026-02-28T14:30:00+00:00,Borussia Mönchengladbach,Union Berlin,1,2026-09-30T05:30:45Z,CAPTURED,2,2,
1388518,/fixtures/lineups,Germany,78,Bundesliga,2025,Regular Season - 24,2026-02-28T17:30:00+00:00,Borussia Dortmund,Bayern München,1,2026-09-30T05:30:45Z,CAPTURED,2,2,
1388519,/fixtures/lineups,Germany,78,Bundesliga,2025,Regular Season - 24,2026-03-01T16:30:00+00:00,Eintracht Frankfurt,SC Freiburg,1,2026-09-30T05:30:45Z,CAPTURED,2,2,
1388520,/fixtures/lineups,Germany,78,Bundesliga,2025,Regular Season - 24,2026-03-01T18:30:00+00:00,Hamburger SV,RB Leipzig,1,2026-09-30T05:30:45Z,CAPTURED,2,2,
1388521,/fixtures/lineups,Germany,78,Bundesliga,2025,Regular Season - 24,2026-02-28T14:30:00+00:00,1899 Hoffenheim,FC St. Pauli,1,2026-09-30T05:30:45Z,CAPTURED,2,2,
1388522,/fixtures/lineups,Germany,78,Bundesliga,2025,Regular Season - 24,2026-03-01T14:30:00+00:00,VfB Stuttgart,VfL Wolfsburg,1,2026-09-30T05:30:45Z,CAPTURED,2,2,
1388523,/fixtures/lineups,Germany,78,Bundesliga,2025,Regular Season - 24,2026-02-28T14:30:00+00:00,Werder Bremen,1. FC Heidenheim,1,2026-09-30T05:30:45Z,CAPTURED,2,2,
1388524,/fixtures/lineups,Germany,78,Bundesliga,2025,Regular Season - 25,2026-03-06T19:30:00+00:00,Bayern München,Borussia Mönchengladbach,1,2026-09-30T05:30:45Z,CAPTURED,2,2,
1388525,/fixtures/lineups,Germany,78,Bundesliga,2025,Regular Season - 25,2026-03-07T17:30:00+00:00,1. FC Köln,Borussia Dortmund,1,2026-09-30T05:30:45Z,CAPTURED,2,2,
1388526,/fixtures/lineups,Germany,78,Bundesliga,2025,Regular Season - 25,2026-03-07T14:30:00+00:00,SC Freiburg,Bayer Leverkusen,1,2026-09-30T05:30:45Z,CAPTURED,2,2,
1388527,/fixtures/lineups,Germany,78,Bundesliga,2025,Regular Season - 25,2026-03-07T14:30:00+00:00,1. FC Heidenheim,1899 Hoffenheim,1,2026-09-30T05:30:45Z,CAPTURED,2,2,
1388528,/fixtures/lineups,Germany,78,Bundesliga,2025,Regular Season - 25,2026-03-07T14:30:00+00:00,FSV Mainz 05,VfB Stuttgart,1,2026-09-30T05:30:45Z,CAPTURED,2,2,
1388529,/fixtures/lineups,Germany,78,Bundesliga,2025,Regular Season - 25,2026-03-07T14:30:00+00:00,RB Leipzig,FC Augsburg,1,2026-09-30T05:30:45Z,CAPTURED,2,2,
1388530,/fixtures/lineups,Germany,78,Bundesliga,2025,Regular Season - 25,2026-03-08T14:30:00+00:00,FC St. Pauli,Eintracht Frankfurt,1,2026-09-30T05:30:45Z,CAPTURED,2,2,
1388531,/fixtures/lineups,Germany,78,Bundesliga,2025,Regular Season - 25,2026-03-08T16:30:00+00:00,Union Berlin,Werder Bremen,1,2026-09-30T05:30:45Z,CAPTURED,2,2,
1388532,/fixtures/lineups,Germany,78,Bundesliga,2025,Regular Season - 25,2026-03-07T14:30:00+00:00,VfL Wolfsburg,Hamburger SV,1,2026-09-30T05:30:45Z,CAPTURED,2,2,
1388533,/fixtures/lineups,Germany,78,Bundesliga,2025,Regular Season - 26,2026-03-14T14:30:00+00:00,Bayer Leverkusen,Bayern München,1,2026-09-30T05:30:45Z,CAPTURED,2,2,
1388534,/fixtures/lineups,Germany,78,Bundesliga,2025,Regular Season - 26,2026-03-13T19:30:00+00:00,Borussia Mönchengladbach,FC St. Pauli,1,2026-09-30T05:30:45Z,CAPTURED,2,2,
1388535,/fixtures/lineups,Germany,78,Bundesliga,2025,Regular Season - 26,2026-03-14T14:30:00+00:00,Borussia Dortmund,FC Augsburg,1,2026-09-30T05:30:45Z,CAPTURED,2,2,
1388536,/fixtures/lineups,Germany,78,Bundesliga,2025,Regular Season - 26,2026-03-14T14:30:00+00:00,Eintracht Frankfurt,1. FC Heidenheim,1,2026-09-30T05:30:45Z,CAPTURED,2,2,
1388537,/fixtures/lineups,Germany,78,Bundesliga,2025,Regular Season - 26,2026-03-15T16:30:00+00:00,SC Freiburg,Union Berlin,1,2026-09-30T05:30:45Z,CAPTURED,2,2,
1388538,/fixtures/lineups,Germany,78,Bundesliga,2025,Regular Season - 26,2026-03-14T17:30:00+00:00,Hamburger SV,1. FC Köln,1,2026-09-30T05:30:45Z,CAPTURED,2,2,
1388539,/fixtures/lineups,Germany,78,Bundesliga,2025,Regular Season - 26,2026-03-14T14:30:00+00:00,1899 Hoffenheim,VfL Wolfsburg,1,2026-09-30T05:30:45Z,CAPTURED,2,2,
1388540,/fixtures/lineups,Germany,78,Bundesliga,2025,Regular Season - 26,2026-03-15T18:30:00+00:00,VfB Stuttgart,RB Leipzig,1,2026-09-30T05:30:45Z,CAPTURED,2,2,
1388541,/fixtures/lineups,Germany,78,Bundesliga,2025,Regular Season - 26,2026-03-15T14:30:00+00:00,Werder Bremen,FSV Mainz 05,1,2026-09-30T05:30:45Z,CAPTURED,2,2,
1388542,/fixtures/lineups,Germany,78,Bundesliga,2025,Regular Season - 27,2026-03-22T18:30:00+00:00,FC Augsburg,VfB Stuttgart,1,2026-09-30T05:30:45Z,CAPTURED,2,2,
1388543,/fixtures/lineups,Germany,78,Bundesliga,2025,Regular Season - 27,2026-03-21T14:30:00+00:00,Bayern München,Union Berlin,1,2026-09-30T05:30:45Z,CAPTURED,2,2,
1388544,/fixtures/lineups,Germany,78,Bundesliga,2025,Regular Season - 27,2026-03-21T17:30:00+00:00,Borussia Dortmund,Hamburger SV,1,2026-09-30T05:30:45Z,CAPTURED,2,2,
1388545,/fixtures/lineups,Germany,78,Bundesliga,2025,Regular Season - 27,2026-03-21T14:30:00+00:00,1. FC Köln,Borussia Mönchengladbach,1,2026-09-30T05:30:45Z,CAPTURED,2,2,
1388546,/fixtures/lineups,Germany,78,Bundesliga,2025,Regular Season - 27,2026-03-21T14:30:00+00:00,1. FC Heidenheim,Bayer Leverkusen,1,2026-09-30T05:30:45Z,CAPTURED,2,2,
1388547,/fixtures/lineups,Germany,78,Bundesliga,2025,Regular Season - 27,2026-03-22T14:30:00+00:00,FSV Mainz 05,Eintracht Frankfurt,1,2026-09-30T05:30:45Z,CAPTURED,2,2,
1388548,/fixtures/lineups,Germany,78,Bundesliga,2025,Regular Season - 27,2026-03-20T19:30:00+00:00,RB Leipzig,1899 Hoffenheim,1,2026-09-30T05:30:45Z,CAPTURED,2,2,
1388549,/fixtures/lineups,Germany,78,Bundesliga,2025,Regular Season - 27,2026-03-22T16:30:00+00:00,FC St. Pauli,SC Freiburg,1,2026-09-30T05:30:45Z,CAPTURED,2,2,
1388550,/fixtures/lineups,Germany,78,Bundesliga,2025,Regular Season - 27,2026-03-21T14:30:00+00:00,VfL Wolfsburg,Werder Bremen,1,2026-09-30T05:30:45Z,CAPTURED,2,2,
1388551,/fixtures/lineups,Germany,78,Bundesliga,2025,Regular Season - 28,2026-04-04T13:30:00+00:00,Bayer Leverkusen,VfL Wolfsburg,1,2026-09-30T05:30:45Z,CAPTURED,2,2,
1388552,/fixtures/lineups,Germany,78,Bundesliga,2025,Regular Season - 28,2026-04-04T13:30:00+00:00,Borussia Mönchengladbach,1. FC Heidenheim,1,2026-09-30T05:30:45Z,CAPTURED,2,2,
1388553,/fixtures/lineups,Germany,78,Bundesliga,2025,Regular Season - 28,2026-04-05T15:30:00+00:00,Eintracht Frankfurt,1. FC Köln,1,2026-09-30T05:30:45Z,CAPTURED,2,2,
1388554,/fixtures/lineups,Germany,78,Bundesliga,2025,Regular Season - 28,2026-04-04T13:30:00+00:00,SC Freiburg,Bayern München,1,2026-09-30T05:30:45Z,CAPTURED,2,2,
1388555,/fixtures/lineups,Germany,78,Bundesliga,2025,Regular Season - 28,2026-04-04T13:30:00+00:00,Hamburger SV,FC Augsburg,1,2026-09-30T05:30:45Z,CAPTURED,2,2,
1388556,/fixtures/lineups,Germany,78,Bundesliga,2025,Regular Season - 28,2026-04-04T13:30:00+00:00,1899 Hoffenheim,FSV Mainz 05,1,2026-09-30T05:30:45Z,CAPTURED,2,2,
1388557,/fixtures/lineups,Germany,78,Bundesliga,2025,Regular Season - 28,2026-04-04T16:30:00+00:00,VfB Stuttgart,Borussia Dortmund,1,2026-09-30T05:30:45Z,CAPTURED,2,2,
1388558,/fixtures/lineups,Germany,78,Bundesliga,2025,Regular Season - 28,2026-04-05T13:30:00+00:00,Union Berlin,FC St. Pauli,1,2026-09-30T05:30:45Z,CAPTURED,2,2,
1388559,/fixtures/lineups,Germany,78,Bundesliga,2025,Regular Season - 28,2026-04-04T13:30:00+00:00,Werder Bremen,RB Leipzig,1,2026-09-30T05:30:45Z,CAPTURED,2,2,
1388560,/fixtures/lineups,Germany,78,Bundesliga,2025,Regular Season - 29,2026-04-10T18:30:00+00:00,FC Augsburg,1899 Hoffenheim,1,2026-09-30T05:30:45Z,CAPTURED,2,2,
1388561,/fixtures/lineups,Germany,78,Bundesliga,2025,Regular Season - 29,2026-04-11T13:30:00+00:00,Borussia Dortmund,Bayer Leverkusen,1,2026-09-30T05:30:45Z,CAPTURED,2,2,
1377864,/fixtures/lineups,Italy,135,Serie A,2025,Regular Season - 1,2025-08-24T18:45:00+00:00,Atalanta,Pisa,1,2026-09-30T09:32:12Z,CAPTURED,2,2,
1377865,/fixtures/lineups,Italy,135,Serie A,2025,Regular Season - 1,2025-08-24T16:30:00+00:00,Cagliari,Fiorentina,1,2026-09-30T09:32:12Z,CAPTURED,2,2,
1377866,/fixtures/lineups,Italy,135,Serie A,2025,Regular Season - 1,2025-08-24T16:30:00+00:00,Como,Lazio,1,2026-09-30T09:32:12Z,CAPTURED,2,2,
1377867,/fixtures/lineups,Italy,135,Serie A,2025,Regular Season - 1,2025-08-23T16:30:00+00:00,Genoa,Lecce,1,2026-09-30T09:32:12Z,CAPTURED,2,2,
1377868,/fixtures/lineups,Italy,135,Serie A,2025,Regular Season - 1,2025-08-25T18:45:00+00:00,Inter,Torino,1,2026-09-30T09:32:12Z,CAPTURED,2,2,
1377869,/fixtures/lineups,Italy,135,Serie A,2025,Regular Season - 1,2025-08-24T18:45:00+00:00,Juventus,Parma,1,2026-09-30T09:32:12Z,CAPTURED,2,2,
1377870,/fixtures/lineups,Italy,135,Serie A,2025,Regular Season - 1,2025-08-23T18:45:00+00:00,AC Milan,Cremonese,1,2026-09-30T09:32:12Z,CAPTURED,2,2,
1377871,/fixtures/lineups,Italy,135,Serie A,2025,Regular Season - 1,2025-08-23T18:45:00+00:00,AS Roma,Bologna,1,2026-09-30T09:32:12Z,CAPTURED,2,2,
1377872,/fixtures/lineups,Italy,135,Serie A,2025,Regular Season - 1,2025-08-23T16:30:00+00:00,Sassuolo,Napoli,1,2026-09-30T09:32:12Z,CAPTURED,2,2,
1377873,/fixtures/lineups,Italy,135,Serie A,2025,Regular Season - 1,2025-08-25T16:30:00+00:00,Udinese,Hellas Verona,1,2026-09-30T09:32:12Z,CAPTURED,2,2,
1377874,/fixtures/lineups,Italy,135,Serie A,2025,Regular Season - 2,2025-08-30T16:30:00+00:00,Bologna,Como,1,2026-09-30T09:32:12Z,CAPTURED,2,2,
1377875,/fixtures/lineups,Italy,135,Serie A,2025,Regular Season - 2,2025-08-29T16:30:00+00:00,Cremonese,Sassuolo,1,2026-09-30T09:32:12Z,CAPTURED,2,2,
1377879,/fixtures/lineups,Italy,135,Serie A,2025,Regular Season - 2,2025-08-29T18:45:00+00:00,Lecce,AC Milan,1,2026-09-30T09:32:12Z,CAPTURED,2,2,
1388562,/fixtures/lineups,Germany,78,Bundesliga,2025,Regular Season - 29,2026-04-12T13:30:00+00:00,1. FC Köln,Werder Bremen,1,2026-09-30T09:32:12Z,CAPTURED,2,2,
1388563,/fixtures/lineups,Germany,78,Bundesliga,2025,Regular Season - 29,2026-04-11T13:30:00+00:00,1. FC Heidenheim,Union Berlin,1,2026-09-30T09:32:12Z,CAPTURED,2,2,
1388564,/fixtures/lineups,Germany,78,Bundesliga,2025,Regular Season - 29,2026-04-12T17:30:00+00:00,FSV Mainz 05,SC Freiburg,1,2026-09-30T09:32:12Z,CAPTURED,2,2,
1388565,/fixtures/lineups,Germany,78,Bundesliga,2025,Regular Season - 29,2026-04-11T13:30:00+00:00,RB Leipzig,Borussia Mönchengladbach,1,2026-09-30T09:32:12Z,CAPTURED,2,2,
1388566,/fixtures/lineups,Germany,78,Bundesliga,2025,Regular Season - 29,2026-04-11T16:30:00+00:00,FC St. Pauli,Bayern München,1,2026-09-30T09:32:12Z,CAPTURED,2,2,
1388567,/fixtures/lineups,Germany,78,Bundesliga,2025,Regular Season - 29,2026-04-12T15:30:00+00:00,VfB Stuttgart,Hamburger SV,1,2026-09-30T09:32:12Z,CAPTURED,2,2,
1388568,/fixtures/lineups,Germany,78,Bundesliga,2025,Regular Season - 29,2026-04-11T13:30:00+00:00,VfL Wolfsburg,Eintracht Frankfurt,1,2026-09-30T09:32:12Z,CAPTURED,2,2,
1388569,/fixtures/lineups,Germany,78,Bundesliga,2025,Regular Season - 30,2026-04-18T13:30:00+00:00,Bayer Leverkusen,FC Augsburg,1,2026-09-30T09:32:12Z,CAPTURED,2,2,
1388570,/fixtures/lineups,Germany,78,Bundesliga,2025,Regular Season - 30,2026-04-19T15:30:00+00:00,Bayern München,VfB Stuttgart,1,2026-09-30T09:32:12Z,CAPTURED,2,2,
1388571,/fixtures/lineups,Germany,78,Bundesliga,2025,Regular Season - 30,2026-04-19T17:30:00+00:00,Borussia Mönchengladbach,FSV Mainz 05,1,2026-09-30T09:32:12Z,CAPTURED,2,2,
1388572,/fixtures/lineups,Germany,78,Bundesliga,2025,Regular Season - 30,2026-04-18T16:30:00+00:00,Eintracht Frankfurt,RB Leipzig,1,2026-09-30T09:32:12Z,CAPTURED,2,2,
1388573,/fixtures/lineups,Germany,78,Bundesliga,2025,Regular Season - 30,2026-04-19T13:30:00+00:00,SC Freiburg,1. FC Heidenheim,1,2026-09-30T09:32:12Z,CAPTURED,2,2,
1388574,/fixtures/lineups,Germany,78,Bundesliga,2025,Regular Season - 30,2026-04-18T13:30:00+00:00,1899 Hoffenheim,Borussia Dortmund,1,2026-09-30T09:32:12Z,CAPTURED,2,2,
1388575,/fixtures/lineups,Germany,78,Bundesliga,2025,Regular Season - 30,2026-04-17T18:30:00+00:00,FC St. Pauli,1. FC Köln,1,2026-09-30T09:32:12Z,CAPTURED,2,2,
1388576,/fixtures/lineups,Germany,78,Bundesliga,2025,Regular Season - 30,2026-04-18T13:30:00+00:00,Union Berlin,VfL Wolfsburg,1,2026-09-30T09:32:12Z,CAPTURED,2,2,
1388577,/fixtures/lineups,Germany,78,Bundesliga,2025,Regular Season - 30,2026-04-18T13:30:00+00:00,Werder Bremen,Hamburger SV,1,2026-09-30T09:32:12Z,CAPTURED,2,2,
1388578,/fixtures/lineups,Germany,78,Bundesliga,2025,Regular Season - 31,2026-04-25T13:30:00+00:00,FC Augsburg,Eintracht Frankfurt,1,2026-09-30T09:32:12Z,CAPTURED,2,2,
1388579,/fixtures/lineups,Germany,78,Bundesliga,2025,Regular Season - 31,2026-04-26T15:30:00+00:00,Borussia Dortmund,SC Freiburg,1,2026-09-30T09:32:12Z,CAPTURED,2,2,
1388580,/fixtures/lineups,Germany,78,Bundesliga,2025,Regular Season - 31,2026-04-25T13:30:00+00:00,1. FC Köln,Bayer Leverkusen,1,2026-09-30T09:32:12Z,CAPTURED,2,2,
1388581,/fixtures/lineups,Germany,78,Bundesliga,2025,Regular Season - 31,2026-04-25T16:30:00+00:00,Hamburger SV,1899 Hoffenheim,1,2026-09-30T09:32:12Z,CAPTURED,2,2,
1388582,/fixtures/lineups,Germany,78,Bundesliga,2025,Regular Season - 31,2026-04-25T13:30:00+00:00,1. FC Heidenheim,FC St. Pauli,1,2026-09-30T09:32:12Z,CAPTURED,2,2,
1388583,/fixtures/lineups,Germany,78,Bundesliga,2025,Regular Season - 31,2026-04-25T13:30:00+00:00,FSV Mainz 05,Bayern München,1,2026-09-30T09:32:12Z,CAPTURED,2,2,
1388584,/fixtures/lineups,Germany,78,Bundesliga,2025,Regular Season - 31,2026-04-24T18:30:00+00:00,RB Leipzig,Union Berlin,1,2026-09-30T09:32:12Z,CAPTURED,2,2,
1388585,/fixtures/lineups,Germany,78,Bundesliga,2025,Regular Season - 31,2026-04-26T13:30:00+00:00,VfB Stuttgart,Werder Bremen,1,2026-09-30T09:32:12Z,CAPTURED,2,2,
1388586,/fixtures/lineups,Germany,78,Bundesliga,2025,Regular Season - 31,2026-04-25T13:30:00+00:00,VfL Wolfsburg,Borussia Mönchengladbach,1,2026-09-30T09:32:12Z,CAPTURED,2,2,
1388587,/fixtures/lineups,Germany,78,Bundesliga,2025,Regular Season - 32,2026-05-02T16:30:00+00:00,Bayer Leverkusen,RB Leipzig,1,2026-09-30T09:32:12Z,CAPTURED,2,2,
1388588,/fixtures/lineups,Germany,78,Bundesliga,2025,Regular Season - 32,2026-05-02T13:30:00+00:00,Bayern München,1. FC Heidenheim,1,2026-09-30T09:32:12Z,CAPTURED,2,2,
1388589,/fixtures/lineups,Germany,78,Bundesliga,2025,Regular Season - 32,2026-05-03T15:30:00+00:00,Borussia Mönchengladbach,Borussia Dortmund,1,2026-09-30T09:32:12Z,CAPTURED,2,2,
1388590,/fixtures/lineups,Germany,78,Bundesliga,2025,Regular Season - 32,2026-05-02T13:30:00+00:00,Eintracht Frankfurt,Hamburger SV,1,2026-09-30T09:32:12Z,CAPTURED,2,2,
1388591,/fixtures/lineups,Germany,78,Bundesliga,2025,Regular Season - 32,2026-05-03T17:30:00+00:00,SC Freiburg,VfL Wolfsburg,1,2026-09-30T09:32:12Z,CAPTURED,2,2,
1388592,/fixtures/lineups,Germany,78,Bundesliga,2025,Regular Season - 32,2026-05-02T13:30:00+00:00,1899 Hoffenheim,VfB Stuttgart,1,2026-09-30T09:32:12Z,CAPTURED,2,2,
1388593,/fixtures/lineups,Germany,78,Bundesliga,2025,Regular Season - 32,2026-05-03T13:30:00+00:00,FC St. Pauli,FSV Mainz 05,1,2026-09-30T09:32:12Z,CAPTURED,2,2,
1388594,/fixtures/lineups,Germany,78,Bundesliga,2025,Regular Season - 32,2026-05-02T13:30:00+00:00,Union Berlin,1. FC Köln,1,2026-09-30T09:32:12Z,CAPTURED,2,2,
1388595,/fixtures/lineups,Germany,78,Bundesliga,2025,Regular Season - 32,2026-05-02T13:30:00+00:00,Werder Bremen,FC Augsburg,1,2026-09-30T09:32:12Z,CAPTURED,2,2,
1388596,/fixtures/lineups,Germany,78,Bundesliga,2025,Regular Season - 33,2026-05-09T13:30:00+00:00,FC Augsburg,Borussia Mönchengladbach,1,2026-09-30T09:32:12Z,CAPTURED,2,2,
1388597,/fixtures/lineups,Germany,78,Bundesliga,2025,Regular Season - 33,2026-05-08T18:30:00+00:00,Borussia Dortmund,Eintracht Frankfurt,1,2026-09-30T09:32:12Z,CAPTURED,2,2,
1388600,/fixtures/lineups,Germany,78,Bundesliga,2025,Regular Season - 33,2026-05-09T13:30:00+00:00,1899 Hoffenheim,Werder Bremen,1,2026-09-30T09:32:12Z,CAPTURED,2,2,
1377876,/fixtures/lineups,Italy,135,Serie A,2025,Regular Season - 2,2025-08-31T16:30:00+00:00,Genoa,Juventus,1,2026-09-30T13:33:10Z,CAPTURED,2,2,
1377877,/fixtures/lineups,Italy,135,Serie A,2025,Regular Season - 2,2025-08-31T18:45:00+00:00,Inter,Udinese,1,2026-09-30T13:33:10Z,CAPTURED,2,2,
1377878,/fixtures/lineups,Italy,135,Serie A,2025,Regular Season - 2,2025-08-31T18:45:00+00:00,Lazio,Hellas Verona,1,2026-09-30T13:33:10Z,CAPTURED,2,2,
1377880,/fixtures/lineups,Italy,135,Serie A,2025,Regular Season - 2,2025-08-30T18:45:00+00:00,Napoli,Cagliari,1,2026-09-30T13:33:10Z,CAPTURED,2,2,
1377881,/fixtures/lineups,Italy,135,Serie A,2025,Regular Season - 2,2025-08-30T16:30:00+00:00,Parma,Atalanta,1,2026-09-30T13:33:10Z,CAPTURED,2,2,
1377882,/fixtures/lineups,Italy,135,Serie A,2025,Regular Season - 2,2025-08-30T18:45:00+00:00,Pisa,AS Roma,1,2026-09-30T13:33:10Z,CAPTURED,2,2,
1377883,/fixtures/lineups,Italy,135,Serie A,2025,Regular Season - 2,2025-08-31T16:30:00+00:00,Torino,Fiorentina,1,2026-09-30T13:33:10Z,CAPTURED,2,2,
1377884,/fixtures/lineups,Italy,135,Serie A,2025,Regular Season - 3,2025-09-14T13:00:00+00:00,Atalanta,Lecce,1,2026-09-30T13:33:10Z,CAPTURED,2,2,
1377885,/fixtures/lineups,Italy,135,Serie A,2025,Regular Season - 3,2025-09-13T13:00:00+00:00,Cagliari,Parma,1,2026-09-30T13:33:10Z,CAPTURED,2,2,
1377886,/fixtures/lineups,Italy,135,Serie A,2025,Regular Season - 3,2025-09-15T18:45:00+00:00,Como,Genoa,1,2026-09-30T13:33:10Z,CAPTURED,2,2,
1377887,/fixtures/lineups,Italy,135,Serie A,2025,Regular Season - 3,2025-09-13T18:45:00+00:00,Fiorentina,Napoli,1,2026-09-30T13:33:10Z,CAPTURED,2,2,
1377888,/fixtures/lineups,Italy,135,Serie A,2025,Regular Season - 3,2025-09-13T16:00:00+00:00,Juventus,Inter,1,2026-09-30T13:33:10Z,CAPTURED,2,2,
1377889,/fixtures/lineups,Italy,135,Serie A,2025,Regular Season - 3,2025-09-14T18:45:00+00:00,AC Milan,Bologna,1,2026-09-30T13:33:10Z,CAPTURED,2,2,
1377890,/fixtures/lineups,Italy,135,Serie A,2025,Regular Season - 3,2025-09-14T13:00:00+00:00,Pisa,Udinese,1,2026-09-30T13:33:10Z,CAPTURED,2,2,
1377891,/fixtures/lineups,Italy,135,Serie A,2025,Regular Season - 3,2025-09-14T10:30:00+00:00,AS Roma,Torino,1,2026-09-30T13:33:10Z,CAPTURED,2,2,
1377892,/fixtures/lineups,Italy,135,Serie A,2025,Regular Season - 3,2025-09-14T16:00:00+00:00,Sassuolo,Lazio,1,2026-09-30T13:33:10Z,CAPTURED,2,2,
1377893,/fixtures/lineups,Italy,135,Serie A,2025,Regular Season - 3,2025-09-15T16:30:00+00:00,Hellas Verona,Cremonese,1,2026-09-30T13:33:10Z,CAPTURED,2,2,
1377894,/fixtures/lineups,Italy,135,Serie A,2025,Regular Season - 4,2025-09-20T13:00:00+00:00,Bologna,Genoa,1,2026-09-30T13:33:10Z,CAPTURED,2,2,
1377895,/fixtures/lineups,Italy,135,Serie A,2025,Regular Season - 4,2025-09-21T13:00:00+00:00,Cremonese,Parma,1,2026-09-30T13:33:10Z,CAPTURED,2,2,
1377896,/fixtures/lineups,Italy,135,Serie A,2025,Regular Season - 4,2025-09-21T16:00:00+00:00,Fiorentina,Como,1,2026-09-30T13:33:10Z,CAPTURED,2,2,
1377897,/fixtures/lineups,Italy,135,Serie A,2025,Regular Season - 4,2025-09-21T18:45:00+00:00,Inter,Sassuolo,1,2026-09-30T13:33:10Z,CAPTURED,2,2,
1377898,/fixtures/lineups,Italy,135,Serie A,2025,Regular Season - 4,2025-09-21T10:30:00+00:00,Lazio,AS Roma,1,2026-09-30T13:33:10Z,CAPTURED,2,2,
1377899,/fixtures/lineups,Italy,135,Serie A,2025,Regular Season - 4,2025-09-19T18:45:00+00:00,Lecce,Cagliari,1,2026-09-30T13:33:10Z,CAPTURED,2,2,
1377900,/fixtures/lineups,Italy,135,Serie A,2025,Regular Season - 4,2025-09-22T18:45:00+00:00,Napoli,Pisa,1,2026-09-30T13:33:10Z,CAPTURED,2,2,
1377901,/fixtures/lineups,Italy,135,Serie A,2025,Regular Season - 4,2025-09-21T13:00:00+00:00,Torino,Atalanta,1,2026-09-30T13:33:10Z,CAPTURED,2,2,
1377902,/fixtures/lineups,Italy,135,Serie A,2025,Regular Season - 4,2025-09-20T18:45:00+00:00,Udinese,AC Milan,1,2026-09-30T13:33:10Z,CAPTURED,2,2,
1377903,/fixtures/lineups,Italy,135,Serie A,2025,Regular Season - 4,2025-09-20T16:00:00+00:00,Hellas Verona,Juventus,1,2026-09-30T13:33:10Z,CAPTURED,2,2,
1377904,/fixtures/lineups,Italy,135,Serie A,2025,Regular Season - 5,2025-09-27T18:45:00+00:00,Cagliari,Inter,1,2026-09-30T13:33:10Z,CAPTURED,2,2,
1377905,/fixtures/lineups,Italy,135,Serie A,2025,Regular Season - 5,2025-09-27T13:00:00+00:00,Como,Cremonese,1,2026-09-30T13:33:10Z,CAPTURED,2,2,
1377906,/fixtures/lineups,Italy,135,Serie A,2025,Regular Season - 5,2025-09-29T18:45:00+00:00,Genoa,Lazio,1,2026-09-30T13:33:10Z,CAPTURED,2,2,
1377907,/fixtures/lineups,Italy,135,Serie A,2025,Regular Season - 5,2025-09-27T16:00:00+00:00,Juventus,Atalanta,1,2026-09-30T13:33:10Z,CAPTURED,2,2,
1377908,/fixtures/lineups,Italy,135,Serie A,2025,Regular Season - 5,2025-09-28T16:00:00+00:00,Lecce,Bologna,1,2026-09-30T13:33:10Z,CAPTURED,2,2,
1377909,/fixtures/lineups,Italy,135,Serie A,2025,Regular Season - 5,2025-09-28T18:45:00+00:00,AC Milan,Napoli,1,2026-09-30T13:33:10Z,CAPTURED,2,2,
1377910,/fixtures/lineups,Italy,135,Serie A,2025,Regular Season - 5,2025-09-29T16:30:00+00:00,Parma,Torino,1,2026-09-30T13:33:10Z,CAPTURED,2,2,
1377911,/fixtures/lineups,Italy,135,Serie A,2025,Regular Season - 5,2025-09-28T13:00:00+00:00,Pisa,Fiorentina,1,2026-09-30T13:33:10Z,CAPTURED,2,2,
1377912,/fixtures/lineups,Italy,135,Serie A,2025,Regular Season - 5,2025-09-28T13:00:00+00:00,AS Roma,Hellas Verona,1,2026-09-30T13:33:10Z,CAPTURED,2,2,
1377913,/fixtures/lineups,Italy,135,Serie A,2025,Regular Season - 5,2025-09-28T10:30:00+00:00,Sassuolo,Udinese,1,2026-09-30T13:33:10Z,CAPTURED,2,2,
1377914,/fixtures/lineups,Italy,135,Serie A,2025,Regular Season - 6,2025-10-04T18:45:00+00:00,Atalanta,Como,1,2026-09-30T13:33:10Z,CAPTURED,2,2,
1377915,/fixtures/lineups,Italy,135,Serie A,2025,Regular Season - 6,2025-10-05T13:00:00+00:00,Bologna,Pisa,1,2026-09-30T13:33:10Z,CAPTURED,2,2,
1377916,/fixtures/lineups,Italy,135,Serie A,2025,Regular Season - 6,2025-10-05T13:00:00+00:00,Fiorentina,AS Roma,1,2026-09-30T13:33:10Z,CAPTURED,2,2,
1377917,/fixtures/lineups,Italy,135,Serie A,2025,Regular Season - 6,2025-10-04T16:00:00+00:00,Inter,Cremonese,1,2026-09-30T13:33:10Z,CAPTURED,2,2,
1377918,/fixtures/lineups,Italy,135,Serie A,2025,Regular Season - 6,2025-10-05T18:45:00+00:00,Juventus,AC Milan,1,2026-09-30T13:33:10Z,CAPTURED,2,2,
1377919,/fixtures/lineups,Italy,135,Serie A,2025,Regular Season - 6,2025-10-04T13:00:00+00:00,Lazio,Torino,1,2026-09-30T13:33:10Z,CAPTURED,2,2,
1377920,/fixtures/lineups,Italy,135,Serie A,2025,Regular Season - 6,2025-10-05T16:00:00+00:00,Napoli,Genoa,1,2026-09-30T13:33:10Z,CAPTURED,2,2,
1377921,/fixtures/lineups,Italy,135,Serie A,2025,Regular Season - 6,2025-10-04T13:00:00+00:00,Parma,Lecce,1,2026-09-30T13:33:10Z,CAPTURED,2,2,
1377922,/fixtures/lineups,Italy,135,Serie A,2025,Regular Season - 6,2025-10-05T10:30:00+00:00,Udinese,Cagliari,1,2026-09-30T13:33:10Z,CAPTURED,2,2,
1377923,/fixtures/lineups,Italy,135,Serie A,2025,Regular Season - 6,2025-10-03T18:45:00+00:00,Hellas Verona,Sassuolo,1,2026-09-30T13:33:10Z,CAPTURED,2,2,
1377929,/fixtures/lineups,Italy,135,Serie A,2025,Regular Season - 7,2025-10-18T13:00:00+00:00,Lecce,Sassuolo,1,2026-09-30T13:33:10Z,CAPTURED,2,2,
1377931,/fixtures/lineups,Italy,135,Serie A,2025,Regular Season - 7,2025-10-18T13:00:00+00:00,Pisa,Hellas Verona,1,2026-09-30T13:33:10Z,CAPTURED,2,2,
1377933,/fixtures/lineups,Italy,135,Serie A,2025,Regular Season - 7,2025-10-18T16:00:00+00:00,Torino,Napoli,1,2026-09-30T13:33:10Z,CAPTURED,2,2,
1377924,/fixtures/lineups,Italy,135,Serie A,2025,Regular Season - 7,2025-10-19T16:00:00+00:00,Atalanta,Lazio,1,2026-09-30T17:30:59Z,CAPTURED,2,2,
1377925,/fixtures/lineups,Italy,135,Serie A,2025,Regular Season - 7,2025-10-19T13:00:00+00:00,Cagliari,Bologna,1,2026-09-30T17:30:59Z,CAPTURED,2,2,
1377926,/fixtures/lineups,Italy,135,Serie A,2025,Regular Season - 7,2025-10-19T10:30:00+00:00,Como,Juventus,1,2026-09-30T17:30:59Z,CAPTURED,2,2,
1377927,/fixtures/lineups,Italy,135,Serie A,2025,Regular Season - 7,2025-10-20T18:45:00+00:00,Cremonese,Udinese,1,2026-09-30T17:30:59Z,CAPTURED,2,2,
1377928,/fixtures/lineups,Italy,135,Serie A,2025,Regular Season - 7,2025-10-19T13:00:00+00:00,Genoa,Parma,1,2026-09-30T17:30:59Z,CAPTURED,2,2,
1377930,/fixtures/lineups,Italy,135,Serie A,2025,Regular Season - 7,2025-10-19T18:45:00+00:00,AC Milan,Fiorentina,1,2026-09-30T17:30:59Z,CAPTURED,2,2,
1377932,/fixtures/lineups,Italy,135,Serie A,2025,Regular Season - 7,2025-10-18T18:45:00+00:00,AS Roma,Inter,1,2026-09-30T17:30:59Z,CAPTURED,2,2,
1377934,/fixtures/lineups,Italy,135,Serie A,2025,Regular Season - 8,2025-10-25T18:45:00+00:00,Cremonese,Atalanta,1,2026-09-30T17:30:59Z,CAPTURED,2,2,
1377935,/fixtures/lineups,Italy,135,Serie A,2025,Regular Season - 8,2025-10-26T17:00:00+00:00,Fiorentina,Bologna,1,2026-09-30T17:30:59Z,CAPTURED,2,2,
1377936,/fixtures/lineups,Italy,135,Serie A,2025,Regular Season - 8,2025-10-26T19:45:00+00:00,Lazio,Juventus,1,2026-09-30T17:30:59Z,CAPTURED,2,2,
1377937,/fixtures/lineups,Italy,135,Serie A,2025,Regular Season - 8,2025-10-24T18:45:00+00:00,AC Milan,Pisa,1,2026-09-30T17:30:59Z,CAPTURED,2,2,
1377938,/fixtures/lineups,Italy,135,Serie A,2025,Regular Season - 8,2025-10-25T16:00:00+00:00,Napoli,Inter,1,2026-09-30T17:30:59Z,CAPTURED,2,2,
1377939,/fixtures/lineups,Italy,135,Serie A,2025,Regular Season - 8,2025-10-25T13:00:00+00:00,Parma,Como,1,2026-09-30T17:30:59Z,CAPTURED,2,2,
1377940,/fixtures/lineups,Italy,135,Serie A,2025,Regular Season - 8,2025-10-26T14:00:00+00:00,Sassuolo,AS Roma,1,2026-09-30T17:30:59Z,CAPTURED,2,2,
1377941,/fixtures/lineups,Italy,135,Serie A,2025,Regular Season - 8,2025-10-26T11:30:00+00:00,Torino,Genoa,1,2026-09-30T17:30:59Z,CAPTURED,2,2,
1377942,/fixtures/lineups,Italy,135,Serie A,2025,Regular Season - 8,2025-10-25T13:00:00+00:00,Udinese,Lecce,1,2026-09-30T17:30:59Z,CAPTURED,2,2,
1377943,/fixtures/lineups,Italy,135,Serie A,2025,Regular Season - 8,2025-10-26T14:00:00+00:00,Hellas Verona,Cagliari,1,2026-09-30T17:30:59Z,CAPTURED,2,2,
1377944,/fixtures/lineups,Italy,135,Serie A,2025,Regular Season - 9,2025-10-28T19:45:00+00:00,Atalanta,AC Milan,1,2026-09-30T17:30:59Z,CAPTURED,2,2,
1377945,/fixtures/lineups,Italy,135,Serie A,2025,Regular Season - 9,2025-10-29T19:45:00+00:00,Bologna,Torino,1,2026-09-30T17:30:59Z,CAPTURED,2,2,
1377946,/fixtures/lineups,Italy,135,Serie A,2025,Regular Season - 9,2025-10-30T17:30:00+00:00,Cagliari,Sassuolo,1,2026-09-30T17:30:59Z,CAPTURED,2,2,
1377947,/fixtures/lineups,Italy,135,Serie A,2025,Regular Season - 9,2025-10-29T17:30:00+00:00,Como,Hellas Verona,1,2026-09-30T17:30:59Z,CAPTURED,2,2,
1377948,/fixtures/lineups,Italy,135,Serie A,2025,Regular Season - 9,2025-10-29T19:45:00+00:00,Genoa,Cremonese,1,2026-09-30T17:30:59Z,CAPTURED,2,2,
1377949,/fixtures/lineups,Italy,135,Serie A,2025,Regular Season - 9,2025-10-29T19:45:00+00:00,Inter,Fiorentina,1,2026-09-30T17:30:59Z,CAPTURED,2,2,
1377950,/fixtures/lineups,Italy,135,Serie A,2025,Regular Season - 9,2025-10-29T17:30:00+00:00,Juventus,Udinese,1,2026-09-30T17:30:59Z,CAPTURED,2,2,
1377951,/fixtures/lineups,Italy,135,Serie A,2025,Regular Season - 9,2025-10-28T17:30:00+00:00,Lecce,Napoli,1,2026-09-30T17:30:59Z,CAPTURED,2,2,
1377952,/fixtures/lineups,Italy,135,Serie A,2025,Regular Season - 9,2025-10-30T19:45:00+00:00,Pisa,Lazio,1,2026-09-30T17:30:59Z,CAPTURED,2,2,
1377953,/fixtures/lineups,Italy,135,Serie A,2025,Regular Season - 9,2025-10-29T17:30:00+00:00,AS Roma,Parma,1,2026-09-30T17:30:59Z,CAPTURED,2,2,
1377954,/fixtures/lineups,Italy,135,Serie A,2025,Regular Season - 10,2025-11-01T19:45:00+00:00,Cremonese,Juventus,1,2026-09-30T17:30:59Z,CAPTURED,2,2,
1377955,/fixtures/lineups,Italy,135,Serie A,2025,Regular Season - 10,2025-11-02T14:00:00+00:00,Fiorentina,Lecce,1,2026-09-30T17:30:59Z,CAPTURED,2,2,
1377956,/fixtures/lineups,Italy,135,Serie A,2025,Regular Season - 10,2025-11-03T19:45:00+00:00,Lazio,Cagliari,1,2026-09-30T17:30:59Z,CAPTURED,2,2,
1377957,/fixtures/lineups,Italy,135,Serie A,2025,Regular Season - 10,2025-11-02T19:45:00+00:00,AC Milan,AS Roma,1,2026-09-30T17:30:59Z,CAPTURED,2,2,
1377958,/fixtures/lineups,Italy,135,Serie A,2025,Regular Season - 10,2025-11-01T17:00:00+00:00,Napoli,Como,1,2026-09-30T17:30:59Z,CAPTURED,2,2,
1377959,/fixtures/lineups,Italy,135,Serie A,2025,Regular Season - 10,2025-11-02T17:00:00+00:00,Parma,Bologna,1,2026-09-30T17:30:59Z,CAPTURED,2,2,
1377960,/fixtures/lineups,Italy,135,Serie A,2025,Regular Season - 10,2025-11-03T17:30:00+00:00,Sassuolo,Genoa,1,2026-09-30T17:30:59Z,CAPTURED,2,2,
1377961,/fixtures/lineups,Italy,135,Serie A,2025,Regular Season - 10,2025-11-02T14:00:00+00:00,Torino,Pisa,1,2026-09-30T17:30:59Z,CAPTURED,2,2,
1377962,/fixtures/lineups,Italy,135,Serie A,2025,Regular Season - 10,2025-11-01T14:00:00+00:00,Udinese,Atalanta,1,2026-09-30T17:30:59Z,CAPTURED,2,2,
1377963,/fixtures/lineups,Italy,135,Serie A,2025,Regular Season - 10,2025-11-02T11:30:00+00:00,Hellas Verona,Inter,1,2026-09-30T17:30:59Z,CAPTURED,2,2,
1377964,/fixtures/lineups,Italy,135,Serie A,2025,Regular Season - 11,2025-11-09T11:30:00+00:00,Atalanta,Sassuolo,1,2026-09-30T17:30:59Z,CAPTURED,2,2,
1377965,/fixtures/lineups,Italy,135,Serie A,2025,Regular Season - 11,2025-11-09T14:00:00+00:00,Bologna,Napoli,1,2026-09-30T17:30:59Z,CAPTURED,2,2,
1377966,/fixtures/lineups,Italy,135,Serie A,2025,Regular Season - 11,2025-11-08T14:00:00+00:00,Como,Cagliari,1,2026-09-30T17:30:59Z,CAPTURED,2,2,
1377967,/fixtures/lineups,Italy,135,Serie A,2025,Regular Season - 11,2025-11-09T14:00:00+00:00,Genoa,Fiorentina,1,2026-09-30T17:30:59Z,CAPTURED,2,2,
1377968,/fixtures/lineups,Italy,135,Serie A,2025,Regular Season - 11,2025-11-09T19:45:00+00:00,Inter,Lazio,1,2026-09-30T17:30:59Z,CAPTURED,2,2,
1377969,/fixtures/lineups,Italy,135,Serie A,2025,Regular Season - 11,2025-11-08T17:00:00+00:00,Juventus,Torino,1,2026-09-30T17:30:59Z,CAPTURED,2,2,
1377970,/fixtures/lineups,Italy,135,Serie A,2025,Regular Season - 11,2025-11-08T14:00:00+00:00,Lecce,Hellas Verona,1,2026-09-30T17:30:59Z,CAPTURED,2,2,
1377971,/fixtures/lineups,Italy,135,Serie A,2025,Regular Season - 11,2025-11-08T19:45:00+00:00,Parma,AC Milan,1,2026-09-30T17:30:59Z,CAPTURED,2,2,
1377972,/fixtures/lineups,Italy,135,Serie A,2025,Regular Season - 11,2025-11-07T19:45:00+00:00,Pisa,Cremonese,1,2026-09-30T17:30:59Z,CAPTURED,2,2,
1377973,/fixtures/lineups,Italy,135,Serie A,2025,Regular Season - 11,2025-11-09T17:00:00+00:00,AS Roma,Udinese,1,2026-09-30T17:30:59Z,CAPTURED,2,2,
1377974,/fixtures/lineups,Italy,135,Serie A,2025,Regular Season - 12,2025-11-22T14:00:00+00:00,Cagliari,Genoa,1,2026-09-30T17:30:59Z,CAPTURED,2,2,
1377976,/fixtures/lineups,Italy,135,Serie A,2025,Regular Season - 12,2025-11-22T17:00:00+00:00,Fiorentina,Juventus,1,2026-09-30T17:30:59Z,CAPTURED,2,2,
1377982,/fixtures/lineups,Italy,135,Serie A,2025,Regular Season - 12,2025-11-22T14:00:00+00:00,Udinese,Bologna,1,2026-09-30T17:30:59Z,CAPTURED,2,2,
1377975,/fixtures/lineups,Italy,135,Serie A,2025,Regular Season - 12,2025-11-23T14:00:00+00:00,Cremonese,AS Roma,1,2026-10-01T01:30:32Z,CAPTURED,2,2,
1377977,/fixtures/lineups,Italy,135,Serie A,2025,Regular Season - 12,2025-11-23T19:45:00+00:00,Inter,AC Milan,1,2026-10-01T01:30:32Z,CAPTURED,2,2,
1377978,/fixtures/lineups,Italy,135,Serie A,2025,Regular Season - 12,2025-11-23T17:00:00+00:00,Lazio,Lecce,1,2026-10-01T01:30:32Z,CAPTURED,2,2,
1377979,/fixtures/lineups,Italy,135,Serie A,2025,Regular Season - 12,2025-11-22T19:45:00+00:00,Napoli,Atalanta,2,2026-10-01T01:30:32Z,CAPTURED,2,2,
1377980,/fixtures/lineups,Italy,135,Serie A,2025,Regular Season - 12,2025-11-24T19:45:00+00:00,Sassuolo,Pisa,1,2026-10-01T01:30:32Z,CAPTURED,2,2,
1377981,/fixtures/lineups,Italy,135,Serie A,2025,Regular Season - 12,2025-11-24T17:30:00+00:00,Torino,Como,1,2026-10-01T01:30:32Z,CAPTURED,2,2,
1377983,/fixtures/lineups,Italy,135,Serie A,2025,Regular Season - 12,2025-11-23T11:30:00+00:00,Hellas Verona,Parma,1,2026-10-01T01:30:32Z,CAPTURED,2,2,
1377984,/fixtures/lineups,Italy,135,Serie A,2025,Regular Season - 13,2025-11-30T17:00:00+00:00,Atalanta,Fiorentina,1,2026-10-01T01:30:32Z,CAPTURED,2,2,
1377985,/fixtures/lineups,Italy,135,Serie A,2025,Regular Season - 13,2025-12-01T19:45:00+00:00,Bologna,Cremonese,1,2026-10-01T01:30:32Z,CAPTURED,2,2,
1377986,/fixtures/lineups,Italy,135,Serie A,2025,Regular Season - 13,2025-11-28T19:45:00+00:00,Como,Sassuolo,1,2026-10-01T01:30:32Z,CAPTURED,2,2,
1377987,/fixtures/lineups,Italy,135,Serie A,2025,Regular Season - 13,2025-11-29T14:00:00+00:00,Genoa,Hellas Verona,1,2026-10-01T01:30:32Z,CAPTURED,2,2,
1377988,/fixtures/lineups,Italy,135,Serie A,2025,Regular Season - 13,2025-11-29T17:00:00+00:00,Juventus,Cagliari,1,2026-10-01T01:30:32Z,CAPTURED,2,2,
1377989,/fixtures/lineups,Italy,135,Serie A,2025,Regular Season - 13,2025-11-30T11:30:00+00:00,Lecce,Torino,1,2026-10-01T01:30:32Z,CAPTURED,2,2,
1377990,/fixtures/lineups,Italy,135,Serie A,2025,Regular Season - 13,2025-11-29T19:45:00+00:00,AC Milan,Lazio,1,2026-10-01T01:30:32Z,CAPTURED,2,2,
1377991,/fixtures/lineups,Italy,135,Serie A,2025,Regular Season - 13,2025-11-29T14:00:00+00:00,Parma,Udinese,1,2026-10-01T01:30:32Z,CAPTURED,2,2,
1377992,/fixtures/lineups,Italy,135,Serie A,2025,Regular Season - 13,2025-11-30T14:00:00+00:00,Pisa,Inter,1,2026-10-01T01:30:32Z,CAPTURED,2,2,
1377993,/fixtures/lineups,Italy,135,Serie A,2025,Regular Season - 13,2025-11-30T19:45:00+00:00,AS Roma,Napoli,1,2026-10-01T01:30:32Z,CAPTURED,2,2,
1377994,/fixtures/lineups,Italy,135,Serie A,2025,Regular Season - 14,2025-12-07T14:00:00+00:00,Cagliari,AS Roma,1,2026-10-01T01:30:32Z,CAPTURED,2,2,
1377995,/fixtures/lineups,Italy,135,Serie A,2025,Regular Season - 14,2025-12-07T11:30:00+00:00,Cremonese,Lecce,1,2026-10-01T01:30:32Z,CAPTURED,2,2,
1377996,/fixtures/lineups,Italy,135,Serie A,2025,Regular Season - 14,2025-12-06T17:00:00+00:00,Inter,Como,1,2026-10-01T01:30:32Z,CAPTURED,2,2,
1377997,/fixtures/lineups,Italy,135,Serie A,2025,Regular Season - 14,2025-12-07T17:00:00+00:00,Lazio,Bologna,1,2026-10-01T01:30:32Z,CAPTURED,2,2,
1377998,/fixtures/lineups,Italy,135,Serie A,2025,Regular Season - 14,2025-12-07T19:45:00+00:00,Napoli,Juventus,1,2026-10-01T01:30:32Z,CAPTURED,2,2,
1377999,/fixtures/lineups,Italy,135,Serie A,2025,Regular Season - 14,2025-12-08T14:00:00+00:00,Pisa,Parma,1,2026-10-01T01:30:32Z,CAPTURED,2,2,
1378000,/fixtures/lineups,Italy,135,Serie A,2025,Regular Season - 14,2025-12-06T14:00:00+00:00,Sassuolo,Fiorentina,1,2026-10-01T01:30:32Z,CAPTURED,2,2,
1378001,/fixtures/lineups,Italy,135,Serie A,2025,Regular Season - 14,2025-12-08T19:45:00+00:00,Torino,AC Milan,1,2026-10-01T01:30:32Z,CAPTURED,2,2,
1378002,/fixtures/lineups,Italy,135,Serie A,2025,Regular Season - 14,2025-12-08T17:00:00+00:00,Udinese,Genoa,1,2026-10-01T01:30:32Z,CAPTURED,2,2,
1378003,/fixtures/lineups,Italy,135,Serie A,2025,Regular Season - 14,2025-12-06T19:45:00+00:00,Hellas Verona,Atalanta,1,2026-10-01T01:30:32Z,CAPTURED,2,2,
1378004,/fixtures/lineups,Italy,135,Serie A,2025,Regular Season - 15,2025-12-13T19:45:00+00:00,Atalanta,Cagliari,1,2026-10-01T01:30:32Z,CAPTURED,2,2,
1378005,/fixtures/lineups,Italy,135,Serie A,2025,Regular Season - 15,2025-12-14T19:45:00+00:00,Bologna,Juventus,1,2026-10-01T01:30:32Z,CAPTURED,2,2,
1378006,/fixtures/lineups,Italy,135,Serie A,2025,Regular Season - 15,2025-12-14T14:00:00+00:00,Fiorentina,Hellas Verona,1,2026-10-01T01:30:32Z,CAPTURED,2,2,
1378007,/fixtures/lineups,Italy,135,Serie A,2025,Regular Season - 15,2025-12-14T17:00:00+00:00,Genoa,Inter,1,2026-10-01T01:30:32Z,CAPTURED,2,2,
1378008,/fixtures/lineups,Italy,135,Serie A,2025,Regular Season - 15,2025-12-12T19:45:00+00:00,Lecce,Pisa,1,2026-10-01T01:30:32Z,CAPTURED,2,2,
1378009,/fixtures/lineups,Italy,135,Serie A,2025,Regular Season - 15,2025-12-14T11:30:00+00:00,AC Milan,Sassuolo,1,2026-10-01T01:30:32Z,CAPTURED,2,2,
1378010,/fixtures/lineups,Italy,135,Serie A,2025,Regular Season - 15,2025-12-13T17:00:00+00:00,Parma,Lazio,1,2026-10-01T01:30:32Z,CAPTURED,2,2,
1378011,/fixtures/lineups,Italy,135,Serie A,2025,Regular Season - 15,2025-12-15T19:45:00+00:00,AS Roma,Como,1,2026-10-01T01:30:32Z,CAPTURED,2,2,
1378012,/fixtures/lineups,Italy,135,Serie A,2025,Regular Season - 15,2025-12-13T14:00:00+00:00,Torino,Cremonese,1,2026-10-01T01:30:32Z,CAPTURED,2,2,
1378013,/fixtures/lineups,Italy,135,Serie A,2025,Regular Season - 15,2025-12-14T14:00:00+00:00,Udinese,Napoli,1,2026-10-01T01:30:32Z,CAPTURED,2,2,
1378014,/fixtures/lineups,Italy,135,Serie A,2025,Regular Season - 16,2025-12-21T11:30:00+00:00,Cagliari,Pisa,1,2026-10-01T01:30:32Z,CAPTURED,2,2,
1378016,/fixtures/lineups,Italy,135,Serie A,2025,Regular Season - 16,2025-12-21T17:00:00+00:00,Fiorentina,Udinese,1,2026-10-01T01:30:32Z,CAPTURED,2,2,
1378017,/fixtures/lineups,Italy,135,Serie A,2025,Regular Season - 16,2025-12-21T19:45:00+00:00,Genoa,Atalanta,1,2026-10-01T01:30:32Z,CAPTURED,2,2,
1378019,/fixtures/lineups,Italy,135,Serie A,2025,Regular Season - 16,2025-12-20T19:45:00+00:00,Juventus,AS Roma,1,2026-10-01T01:30:32Z,CAPTURED,2,2,
1378020,/fixtures/lineups,Italy,135,Serie A,2025,Regular Season - 16,2025-12-20T17:00:00+00:00,Lazio,Cremonese,1,2026-10-01T01:30:32Z,CAPTURED,2,2,
1378022,/fixtures/lineups,Italy,135,Serie A,2025,Regular Season - 16,2025-12-21T14:00:00+00:00,Sassuolo,Torino,1,2026-10-01T01:30:32Z,CAPTURED,2,2,
1378026,/fixtures/lineups,Italy,135,Serie A,2025,Regular Season - 17,2025-12-28T14:00:00+00:00,Cremonese,Napoli,1,2026-10-01T01:30:32Z,CAPTURED,2,2,
1378027,/fixtures/lineups,Italy,135,Serie A,2025,Regular Season - 17,2025-12-27T14:00:00+00:00,Lecce,Como,1,2026-10-01T01:30:32Z,CAPTURED,2,2,
1378028,/fixtures/lineups,Italy,135,Serie A,2025,Regular Season - 17,2025-12-28T11:30:00+00:00,AC Milan,Hellas Verona,1,2026-10-01T01:30:32Z,CAPTURED,2,2,
1378029,/fixtures/lineups,Italy,135,Serie A,2025,Regular Season - 17,2025-12-27T11:30:00+00:00,Parma,Fiorentina,1,2026-10-01T01:30:32Z,CAPTURED,2,2,
1378030,/fixtures/lineups,Italy,135,Serie A,2025,Regular Season - 17,2025-12-27T19:45:00+00:00,Pisa,Juventus,1,2026-10-01T01:30:32Z,CAPTURED,2,2,
1378032,/fixtures/lineups,Italy,135,Serie A,2025,Regular Season - 17,2025-12-27T14:00:00+00:00,Torino,Cagliari,1,2026-10-01T01:30:32Z,CAPTURED,2,2,
1378033,/fixtures/lineups,Italy,135,Serie A,2025,Regular Season - 17,2025-12-27T17:00:00+00:00,Udinese,Lazio,1,2026-10-01T01:30:32Z,CAPTURED,2,2,
1378015,/fixtures/lineups,Italy,135,Serie A,2025,Regular Season - 16,2026-01-15T19:45:00+00:00,Como,AC Milan,1,2026-10-01T05:31:31Z,CAPTURED,2,2,
1378018,/fixtures/lineups,Italy,135,Serie A,2025,Regular Season - 16,2026-01-14T19:45:00+00:00,Inter,Lecce,1,2026-10-01T05:31:31Z,CAPTURED,2,2,
1378021,/fixtures/lineups,Italy,135,Serie A,2025,Regular Season - 16,2026-01-14T17:30:00+00:00,Napoli,Parma,1,2026-10-01T05:31:31Z,CAPTURED,2,2,
1378023,/fixtures/lineups,Italy,135,Serie A,2025,Regular Season - 16,2026-01-15T17:30:00+00:00,Hellas Verona,Bologna,1,2026-10-01T05:31:31Z,CAPTURED,2,2,
1378024,/fixtures/lineups,Italy,135,Serie A,2025,Regular Season - 17,2025-12-28T19:45:00+00:00,Atalanta,Inter,1,2026-10-01T05:31:31Z,CAPTURED,2,2,
1378025,/fixtures/lineups,Italy,135,Serie A,2025,Regular Season - 17,2025-12-28T17:00:00+00:00,Bologna,Sassuolo,1,2026-10-01T05:31:31Z,CAPTURED,2,2,
1378031,/fixtures/lineups,Italy,135,Serie A,2025,Regular Season - 17,2025-12-29T19:45:00+00:00,AS Roma,Genoa,1,2026-10-01T05:31:31Z,CAPTURED,2,2,
1378034,/fixtures/lineups,Italy,135,Serie A,2025,Regular Season - 18,2026-01-03T19:45:00+00:00,Atalanta,AS Roma,1,2026-10-01T05:31:31Z,CAPTURED,2,2,
1378035,/fixtures/lineups,Italy,135,Serie A,2025,Regular Season - 18,2026-01-02T19:45:00+00:00,Cagliari,AC Milan,1,2026-10-01T05:31:31Z,CAPTURED,2,2,
1378036,/fixtures/lineups,Italy,135,Serie A,2025,Regular Season - 18,2026-01-03T11:30:00+00:00,Como,Udinese,1,2026-10-01T05:31:31Z,CAPTURED,2,2,
1378037,/fixtures/lineups,Italy,135,Serie A,2025,Regular Season - 18,2026-01-04T14:00:00+00:00,Fiorentina,Cremonese,1,2026-10-01T05:31:31Z,CAPTURED,2,2,
1378038,/fixtures/lineups,Italy,135,Serie A,2025,Regular Season - 18,2026-01-03T14:00:00+00:00,Genoa,Pisa,1,2026-10-01T05:31:31Z,CAPTURED,2,2,
1378039,/fixtures/lineups,Italy,135,Serie A,2025,Regular Season - 18,2026-01-04T19:45:00+00:00,Inter,Bologna,1,2026-10-01T05:31:31Z,CAPTURED,2,2,
1378040,/fixtures/lineups,Italy,135,Serie A,2025,Regular Season - 18,2026-01-03T17:00:00+00:00,Juventus,Lecce,1,2026-10-01T05:31:31Z,CAPTURED,2,2,
1378041,/fixtures/lineups,Italy,135,Serie A,2025,Regular Season - 18,2026-01-04T11:30:00+00:00,Lazio,Napoli,1,2026-10-01T05:31:31Z,CAPTURED,2,2,
1378042,/fixtures/lineups,Italy,135,Serie A,2025,Regular Season - 18,2026-01-03T14:00:00+00:00,Sassuolo,Parma,1,2026-10-01T05:31:31Z,CAPTURED,2,2,
1378043,/fixtures/lineups,Italy,135,Serie A,2025,Regular Season - 18,2026-01-04T17:00:00+00:00,Hellas Verona,Torino,1,2026-10-01T05:31:31Z,CAPTURED,2,2,
1378044,/fixtures/lineups,Italy,135,Serie A,2025,Regular Season - 19,2026-01-07T17:30:00+00:00,Bologna,Atalanta,1,2026-10-01T05:31:31Z,CAPTURED,2,2,
1378045,/fixtures/lineups,Italy,135,Serie A,2025,Regular Season - 19,2026-01-08T17:30:00+00:00,Cremonese,Cagliari,1,2026-10-01T05:31:31Z,CAPTURED,2,2,
1378046,/fixtures/lineups,Italy,135,Serie A,2025,Regular Season - 19,2026-01-07T19:45:00+00:00,Lazio,Fiorentina,1,2026-10-01T05:31:31Z,CAPTURED,2,2,
1378047,/fixtures/lineups,Italy,135,Serie A,2025,Regular Season - 19,2026-01-06T17:00:00+00:00,Lecce,AS Roma,1,2026-10-01T05:31:31Z,CAPTURED,2,2,
1378048,/fixtures/lineups,Italy,135,Serie A,2025,Regular Season - 19,2026-01-08T19:45:00+00:00,AC Milan,Genoa,1,2026-10-01T05:31:31Z,CAPTURED,2,2,
1378049,/fixtures/lineups,Italy,135,Serie A,2025,Regular Season - 19,2026-01-07T17:30:00+00:00,Napoli,Hellas Verona,1,2026-10-01T05:31:31Z,CAPTURED,2,2,
1378050,/fixtures/lineups,Italy,135,Serie A,2025,Regular Season - 19,2026-01-07T19:45:00+00:00,Parma,Inter,1,2026-10-01T05:31:31Z,CAPTURED,2,2,
1378051,/fixtures/lineups,Italy,135,Serie A,2025,Regular Season - 19,2026-01-06T14:00:00+00:00,Pisa,Como,1,2026-10-01T05:31:31Z,CAPTURED,2,2,
1378052,/fixtures/lineups,Italy,135,Serie A,2025,Regular Season - 19,2026-01-06T19:45:00+00:00,Sassuolo,Juventus,1,2026-10-01T05:31:31Z,CAPTURED,2,2,
1378053,/fixtures/lineups,Italy,135,Serie A,2025,Regular Season - 19,2026-01-07T19:45:00+00:00,Torino,Udinese,1,2026-10-01T05:31:31Z,CAPTURED,2,2,
1378054,/fixtures/lineups,Italy,135,Serie A,2025,Regular Season - 20,2026-01-10T19:45:00+00:00,Atalanta,Torino,1,2026-10-01T05:31:31Z,CAPTURED,2,2,
1378055,/fixtures/lineups,Italy,135,Serie A,2025,Regular Season - 20,2026-01-10T14:00:00+00:00,Como,Bologna,1,2026-10-01T05:31:31Z,CAPTURED,2,2,
1378056,/fixtures/lineups,Italy,135,Serie A,2025,Regular Season - 20,2026-01-11T14:00:00+00:00,Fiorentina,AC Milan,1,2026-10-01T05:31:31Z,CAPTURED,2,2,
1378057,/fixtures/lineups,Italy,135,Serie A,2025,Regular Season - 20,2026-01-12T17:30:00+00:00,Genoa,Cagliari,1,2026-10-01T05:31:31Z,CAPTURED,2,2,
1378058,/fixtures/lineups,Italy,135,Serie A,2025,Regular Season - 20,2026-01-11T19:45:00+00:00,Inter,Napoli,1,2026-10-01T05:31:31Z,CAPTURED,2,2,
1378059,/fixtures/lineups,Italy,135,Serie A,2025,Regular Season - 20,2026-01-12T19:45:00+00:00,Juventus,Cremonese,1,2026-10-01T05:31:31Z,CAPTURED,2,2,
1378060,/fixtures/lineups,Italy,135,Serie A,2025,Regular Season - 20,2026-01-11T11:30:00+00:00,Lecce,Parma,1,2026-10-01T05:31:31Z,CAPTURED,2,2,
1378061,/fixtures/lineups,Italy,135,Serie A,2025,Regular Season - 20,2026-01-10T17:00:00+00:00,AS Roma,Sassuolo,1,2026-10-01T05:31:31Z,CAPTURED,2,2,
1378062,/fixtures/lineups,Italy,135,Serie A,2025,Regular Season - 20,2026-01-10T14:00:00+00:00,Udinese,Pisa,1,2026-10-01T05:31:31Z,CAPTURED,2,2,
1378063,/fixtures/lineups,Italy,135,Serie A,2025,Regular Season - 20,2026-01-11T17:00:00+00:00,Hellas Verona,Lazio,1,2026-10-01T05:31:31Z,CAPTURED,2,2,
1378064,/fixtures/lineups,Italy,135,Serie A,2025,Regular Season - 21,2026-01-18T14:00:00+00:00,Bologna,Fiorentina,1,2026-10-01T05:31:31Z,CAPTURED,2,2,
1378065,/fixtures/lineups,Italy,135,Serie A,2025,Regular Season - 21,2026-01-17T19:45:00+00:00,Cagliari,Juventus,1,2026-10-01T05:31:31Z,CAPTURED,2,2,
1378066,/fixtures/lineups,Italy,135,Serie A,2025,Regular Season - 21,2026-01-19T17:30:00+00:00,Cremonese,Hellas Verona,1,2026-10-01T05:31:31Z,CAPTURED,2,2,
1378067,/fixtures/lineups,Italy,135,Serie A,2025,Regular Season - 21,2026-01-19T19:45:00+00:00,Lazio,Como,1,2026-10-01T05:31:31Z,CAPTURED,2,2,
1378068,/fixtures/lineups,Italy,135,Serie A,2025,Regular Season - 21,2026-01-18T19:45:00+00:00,AC Milan,Lecce,1,2026-10-01T05:31:31Z,CAPTURED,2,2,
1378069,/fixtures/lineups,Italy,135,Serie A,2025,Regular Season - 21,2026-01-17T17:00:00+00:00,Napoli,Sassuolo,1,2026-10-01T05:31:31Z,CAPTURED,2,2,
1378070,/fixtures/lineups,Italy,135,Serie A,2025,Regular Season - 21,2026-01-18T11:30:00+00:00,Parma,Genoa,1,2026-10-01T05:31:31Z,CAPTURED,2,2,
1378071,/fixtures/lineups,Italy,135,Serie A,2025,Regular Season - 21,2026-01-16T19:45:00+00:00,Pisa,Atalanta,1,2026-10-01T05:31:31Z,CAPTURED,2,2,
1378072,/fixtures/lineups,Italy,135,Serie A,2025,Regular Season - 21,2026-01-18T17:00:00+00:00,Torino,AS Roma,1,2026-10-01T05:31:31Z,CAPTURED,2,2,
1378073,/fixtures/lineups,Italy,135,Serie A,2025,Regular Season - 21,2026-01-17T14:00:00+00:00,Udinese,Inter,1,2026-10-01T05:31:31Z,CAPTURED,2,2,
1378075,/fixtures/lineups,Italy,135,Serie A,2025,Regular Season - 22,2026-01-24T14:00:00+00:00,Como,Torino,1,2026-10-01T05:31:31Z,CAPTURED,2,2,
1378076,/fixtures/lineups,Italy,135,Serie A,2025,Regular Season - 22,2026-01-24T17:00:00+00:00,Fiorentina,Cagliari,1,2026-10-01T05:31:31Z,CAPTURED,2,2,
1378078,/fixtures/lineups,Italy,135,Serie A,2025,Regular Season - 22,2026-01-23T19:45:00+00:00,Inter,Pisa,1,2026-10-01T05:31:31Z,CAPTURED,2,2,
1378074,/fixtures/lineups,Italy,135,Serie A,2025,Regular Season - 22,2026-01-25T14:00:00+00:00,Atalanta,Parma,1,2026-10-01T09:33:21Z,CAPTURED,2,2,
1378077,/fixtures/lineups,Italy,135,Serie A,2025,Regular Season - 22,2026-01-25T14:00:00+00:00,Genoa,Bologna,1,2026-10-01T09:33:21Z,CAPTURED,2,2,
1378079,/fixtures/lineups,Italy,135,Serie A,2025,Regular Season - 22,2026-01-25T17:00:00+00:00,Juventus,Napoli,1,2026-10-01T09:33:21Z,CAPTURED,2,2,
1378080,/fixtures/lineups,Italy,135,Serie A,2025,Regular Season - 22,2026-01-24T19:45:00+00:00,Lecce,Lazio,1,2026-10-01T09:33:21Z,CAPTURED,2,2,
1378081,/fixtures/lineups,Italy,135,Serie A,2025,Regular Season - 22,2026-01-25T19:45:00+00:00,AS Roma,AC Milan,1,2026-10-01T09:33:21Z,CAPTURED,2,2,
1378082,/fixtures/lineups,Italy,135,Serie A,2025,Regular Season - 22,2026-01-25T11:30:00+00:00,Sassuolo,Cremonese,1,2026-10-01T09:33:21Z,CAPTURED,2,2,
1378083,/fixtures/lineups,Italy,135,Serie A,2025,Regular Season - 22,2026-01-26T19:45:00+00:00,Hellas Verona,Udinese,1,2026-10-01T09:33:21Z,CAPTURED,2,2,
1378084,/fixtures/lineups,Italy,135,Serie A,2025,Regular Season - 23,2026-02-03T19:45:00+00:00,Bologna,AC Milan,1,2026-10-01T09:33:21Z,CAPTURED,2,2,
1378085,/fixtures/lineups,Italy,135,Serie A,2025,Regular Season - 23,2026-01-31T19:45:00+00:00,Cagliari,Hellas Verona,1,2026-10-01T09:33:21Z,CAPTURED,2,2,
1378086,/fixtures/lineups,Italy,135,Serie A,2025,Regular Season - 23,2026-02-01T14:00:00+00:00,Como,Atalanta,1,2026-10-01T09:33:21Z,CAPTURED,2,2,
1378087,/fixtures/lineups,Italy,135,Serie A,2025,Regular Season - 23,2026-02-01T17:00:00+00:00,Cremonese,Inter,1,2026-10-01T09:33:21Z,CAPTURED,2,2,
1378088,/fixtures/lineups,Italy,135,Serie A,2025,Regular Season - 23,2026-01-30T19:45:00+00:00,Lazio,Genoa,1,2026-10-01T09:33:21Z,CAPTURED,2,2,
1378089,/fixtures/lineups,Italy,135,Serie A,2025,Regular Season - 23,2026-01-31T17:00:00+00:00,Napoli,Fiorentina,1,2026-10-01T09:33:21Z,CAPTURED,2,2,
1378090,/fixtures/lineups,Italy,135,Serie A,2025,Regular Season - 23,2026-02-01T19:45:00+00:00,Parma,Juventus,1,2026-10-01T09:33:21Z,CAPTURED,2,2,
1378091,/fixtures/lineups,Italy,135,Serie A,2025,Regular Season - 23,2026-01-31T14:00:00+00:00,Pisa,Sassuolo,1,2026-10-01T09:33:21Z,CAPTURED,2,2,
1378092,/fixtures/lineups,Italy,135,Serie A,2025,Regular Season - 23,2026-02-01T11:30:00+00:00,Torino,Lecce,1,2026-10-01T09:33:21Z,CAPTURED,2,2,
1378093,/fixtures/lineups,Italy,135,Serie A,2025,Regular Season - 23,2026-02-02T19:45:00+00:00,Udinese,AS Roma,1,2026-10-01T09:33:21Z,CAPTURED,2,2,
1378094,/fixtures/lineups,Italy,135,Serie A,2025,Regular Season - 24,2026-02-09T17:30:00+00:00,Atalanta,Cremonese,1,2026-10-01T09:33:21Z,CAPTURED,2,2,
1378095,/fixtures/lineups,Italy,135,Serie A,2025,Regular Season - 24,2026-02-08T11:30:00+00:00,Bologna,Parma,1,2026-10-01T09:33:21Z,CAPTURED,2,2,
1378096,/fixtures/lineups,Italy,135,Serie A,2025,Regular Season - 24,2026-02-07T19:45:00+00:00,Fiorentina,Torino,1,2026-10-01T09:33:21Z,CAPTURED,2,2,
1378097,/fixtures/lineups,Italy,135,Serie A,2025,Regular Season - 24,2026-02-07T17:00:00+00:00,Genoa,Napoli,1,2026-10-01T09:33:21Z,CAPTURED,2,2,
1378098,/fixtures/lineups,Italy,135,Serie A,2025,Regular Season - 24,2026-02-08T19:45:00+00:00,Juventus,Lazio,1,2026-10-01T09:33:21Z,CAPTURED,2,2,
1378099,/fixtures/lineups,Italy,135,Serie A,2025,Regular Season - 24,2026-02-08T14:00:00+00:00,Lecce,Udinese,1,2026-10-01T09:33:21Z,CAPTURED,2,2,
1378100,/fixtures/lineups,Italy,135,Serie A,2025,Regular Season - 24,2026-02-18T19:45:00+00:00,AC Milan,Como,1,2026-10-01T09:33:21Z,CAPTURED,2,2,
1378101,/fixtures/lineups,Italy,135,Serie A,2025,Regular Season - 24,2026-02-09T19:45:00+00:00,AS Roma,Cagliari,1,2026-10-01T09:33:21Z,CAPTURED,2,2,
1378102,/fixtures/lineups,Italy,135,Serie A,2025,Regular Season - 24,2026-02-08T17:00:00+00:00,Sassuolo,Inter,1,2026-10-01T09:33:21Z,CAPTURED,2,2,
1378103,/fixtures/lineups,Italy,135,Serie A,2025,Regular Season - 24,2026-02-06T19:45:00+00:00,Hellas Verona,Pisa,1,2026-10-01T09:33:21Z,CAPTURED,2,2,
1378104,/fixtures/lineups,Italy,135,Serie A,2025,Regular Season - 25,2026-02-16T19:45:00+00:00,Cagliari,Lecce,1,2026-10-01T09:33:21Z,CAPTURED,2,2,
1378105,/fixtures/lineups,Italy,135,Serie A,2025,Regular Season - 25,2026-02-14T14:00:00+00:00,Como,Fiorentina,1,2026-10-01T09:33:21Z,CAPTURED,2,2,
1378106,/fixtures/lineups,Italy,135,Serie A,2025,Regular Season - 25,2026-02-15T14:00:00+00:00,Cremonese,Genoa,1,2026-10-01T09:33:21Z,CAPTURED,2,2,
1378107,/fixtures/lineups,Italy,135,Serie A,2025,Regular Season - 25,2026-02-14T19:45:00+00:00,Inter,Juventus,1,2026-10-01T09:33:21Z,CAPTURED,2,2,
1378108,/fixtures/lineups,Italy,135,Serie A,2025,Regular Season - 25,2026-02-14T17:00:00+00:00,Lazio,Atalanta,1,2026-10-01T09:33:21Z,CAPTURED,2,2,
1378109,/fixtures/lineups,Italy,135,Serie A,2025,Regular Season - 25,2026-02-15T19:45:00+00:00,Napoli,AS Roma,1,2026-10-01T09:33:21Z,CAPTURED,2,2,
1378110,/fixtures/lineups,Italy,135,Serie A,2025,Regular Season - 25,2026-02-15T14:00:00+00:00,Parma,Hellas Verona,1,2026-10-01T09:33:21Z,CAPTURED,2,2,
1378111,/fixtures/lineups,Italy,135,Serie A,2025,Regular Season - 25,2026-02-13T19:45:00+00:00,Pisa,AC Milan,1,2026-10-01T09:33:21Z,CAPTURED,2,2,
1378112,/fixtures/lineups,Italy,135,Serie A,2025,Regular Season - 25,2026-02-15T17:00:00+00:00,Torino,Bologna,1,2026-10-01T09:33:21Z,CAPTURED,2,2,
1378113,/fixtures/lineups,Italy,135,Serie A,2025,Regular Season - 25,2026-02-15T11:30:00+00:00,Udinese,Sassuolo,1,2026-10-01T09:33:21Z,CAPTURED,2,2,
1378114,/fixtures/lineups,Italy,135,Serie A,2025,Regular Season - 26,2026-02-22T14:00:00+00:00,Atalanta,Napoli,1,2026-10-01T09:33:21Z,CAPTURED,2,2,
1378115,/fixtures/lineups,Italy,135,Serie A,2025,Regular Season - 26,2026-02-23T19:45:00+00:00,Bologna,Udinese,1,2026-10-01T09:33:21Z,CAPTURED,2,2,
1378116,/fixtures/lineups,Italy,135,Serie A,2025,Regular Season - 26,2026-02-21T19:45:00+00:00,Cagliari,Lazio,1,2026-10-01T09:33:21Z,CAPTURED,2,2,
1378117,/fixtures/lineups,Italy,135,Serie A,2025,Regular Season - 26,2026-02-23T17:30:00+00:00,Fiorentina,Pisa,1,2026-10-01T09:33:21Z,CAPTURED,2,2,
1378118,/fixtures/lineups,Italy,135,Serie A,2025,Regular Season - 26,2026-02-22T11:30:00+00:00,Genoa,Torino,1,2026-10-01T09:33:21Z,CAPTURED,2,2,
1378119,/fixtures/lineups,Italy,135,Serie A,2025,Regular Season - 26,2026-02-21T14:00:00+00:00,Juventus,Como,1,2026-10-01T09:33:21Z,CAPTURED,2,2,
1378120,/fixtures/lineups,Italy,135,Serie A,2025,Regular Season - 26,2026-02-21T17:00:00+00:00,Lecce,Inter,1,2026-10-01T09:33:21Z,CAPTURED,2,2,
1378121,/fixtures/lineups,Italy,135,Serie A,2025,Regular Season - 26,2026-02-22T17:00:00+00:00,AC Milan,Parma,1,2026-10-01T09:33:21Z,CAPTURED,2,2,
1378122,/fixtures/lineups,Italy,135,Serie A,2025,Regular Season - 26,2026-02-22T19:45:00+00:00,AS Roma,Cremonese,1,2026-10-01T09:33:21Z,CAPTURED,2,2,
1378123,/fixtures/lineups,Italy,135,Serie A,2025,Regular Season - 26,2026-02-20T19:45:00+00:00,Sassuolo,Hellas Verona,1,2026-10-01T09:33:21Z,CAPTURED,2,2,
1378124,/fixtures/lineups,Italy,135,Serie A,2025,Regular Season - 27,2026-02-28T14:00:00+00:00,Como,Lecce,1,2026-10-01T09:33:21Z,CAPTURED,2,2,
1378127,/fixtures/lineups,Italy,135,Serie A,2025,Regular Season - 27,2026-02-27T19:45:00+00:00,Parma,Cagliari,1,2026-10-01T09:33:21Z,CAPTURED,2,2,
1378133,/fixtures/lineups,Italy,135,Serie A,2025,Regular Season - 27,2026-02-28T17:00:00+00:00,Hellas Verona,Napoli,1,2026-10-01T09:33:21Z,CAPTURED,2,2,
1378125,/fixtures/lineups,Italy,135,Serie A,2025,Regular Season - 27,2026-03-01T11:30:00+00:00,Cremonese,AC Milan,1,2026-10-01T13:34:54Z,CAPTURED,2,2,
1378126,/fixtures/lineups,Italy,135,Serie A,2025,Regular Season - 27,2026-02-28T19:45:00+00:00,Inter,Genoa,1,2026-10-01T13:34:54Z,CAPTURED,2,2,
1378128,/fixtures/lineups,Italy,135,Serie A,2025,Regular Season - 27,2026-03-02T17:30:00+00:00,Pisa,Bologna,1,2026-10-01T13:34:54Z,CAPTURED,2,2,
1378129,/fixtures/lineups,Italy,135,Serie A,2025,Regular Season - 27,2026-03-01T19:45:00+00:00,AS Roma,Juventus,1,2026-10-01T13:34:54Z,CAPTURED,2,2,
1378130,/fixtures/lineups,Italy,135,Serie A,2025,Regular Season - 27,2026-03-01T14:00:00+00:00,Sassuolo,Atalanta,1,2026-10-01T13:34:54Z,CAPTURED,2,2,
1378131,/fixtures/lineups,Italy,135,Serie A,2025,Regular Season - 27,2026-03-01T17:00:00+00:00,Torino,Lazio,1,2026-10-01T13:34:54Z,CAPTURED,2,2,
1378132,/fixtures/lineups,Italy,135,Serie A,2025,Regular Season - 27,2026-03-02T19:45:00+00:00,Udinese,Fiorentina,1,2026-10-01T13:34:54Z,CAPTURED,2,2,
1378134,/fixtures/lineups,Italy,135,Serie A,2025,Regular Season - 28,2026-03-07T17:00:00+00:00,Atalanta,Udinese,1,2026-10-01T13:34:54Z,CAPTURED,2,2,
1378135,/fixtures/lineups,Italy,135,Serie A,2025,Regular Season - 28,2026-03-08T14:00:00+00:00,Bologna,Hellas Verona,1,2026-10-01T13:34:54Z,CAPTURED,2,2,
1378136,/fixtures/lineups,Italy,135,Serie A,2025,Regular Season - 28,2026-03-07T14:00:00+00:00,Cagliari,Como,1,2026-10-01T13:34:54Z,CAPTURED,2,2,
1378137,/fixtures/lineups,Italy,135,Serie A,2025,Regular Season - 28,2026-03-08T14:00:00+00:00,Fiorentina,Parma,1,2026-10-01T13:34:54Z,CAPTURED,2,2,
1378138,/fixtures/lineups,Italy,135,Serie A,2025,Regular Season - 28,2026-03-08T17:00:00+00:00,Genoa,AS Roma,1,2026-10-01T13:34:54Z,CAPTURED,2,2,
1378139,/fixtures/lineups,Italy,135,Serie A,2025,Regular Season - 28,2026-03-07T19:45:00+00:00,Juventus,Pisa,1,2026-10-01T13:34:54Z,CAPTURED,2,2,
1378140,/fixtures/lineups,Italy,135,Serie A,2025,Regular Season - 28,2026-03-09T19:45:00+00:00,Lazio,Sassuolo,1,2026-10-01T13:34:54Z,CAPTURED,2,2,
1378141,/fixtures/lineups,Italy,135,Serie A,2025,Regular Season - 28,2026-03-08T11:30:00+00:00,Lecce,Cremonese,1,2026-10-01T13:34:54Z,CAPTURED,2,2,
1378142,/fixtures/lineups,Italy,135,Serie A,2025,Regular Season - 28,2026-03-08T19:45:00+00:00,AC Milan,Inter,1,2026-10-01T13:34:54Z,CAPTURED,2,2,
1378143,/fixtures/lineups,Italy,135,Serie A,2025,Regular Season - 28,2026-03-06T19:45:00+00:00,Napoli,Torino,1,2026-10-01T13:34:54Z,CAPTURED,2,2,
1378144,/fixtures/lineups,Italy,135,Serie A,2025,Regular Season - 29,2026-03-15T17:00:00+00:00,Como,AS Roma,1,2026-10-01T13:34:54Z,CAPTURED,2,2,
1378145,/fixtures/lineups,Italy,135,Serie A,2025,Regular Season - 29,2026-03-16T19:45:00+00:00,Cremonese,Fiorentina,1,2026-10-01T13:34:54Z,CAPTURED,2,2,
1378146,/fixtures/lineups,Italy,135,Serie A,2025,Regular Season - 29,2026-03-14T14:00:00+00:00,Inter,Atalanta,1,2026-10-01T13:34:54Z,CAPTURED,2,2,
1378147,/fixtures/lineups,Italy,135,Serie A,2025,Regular Season - 29,2026-03-15T19:45:00+00:00,Lazio,AC Milan,1,2026-10-01T13:34:54Z,CAPTURED,2,2,
1378148,/fixtures/lineups,Italy,135,Serie A,2025,Regular Season - 29,2026-03-14T17:00:00+00:00,Napoli,Lecce,1,2026-10-01T13:34:54Z,CAPTURED,2,2,
1378149,/fixtures/lineups,Italy,135,Serie A,2025,Regular Season - 29,2026-03-15T14:00:00+00:00,Pisa,Cagliari,1,2026-10-01T13:34:54Z,CAPTURED,2,2,
1378150,/fixtures/lineups,Italy,135,Serie A,2025,Regular Season - 29,2026-03-15T14:00:00+00:00,Sassuolo,Bologna,1,2026-10-01T13:34:54Z,CAPTURED,2,2,
1378151,/fixtures/lineups,Italy,135,Serie A,2025,Regular Season - 29,2026-03-13T19:45:00+00:00,Torino,Parma,1,2026-10-01T13:34:54Z,CAPTURED,2,2,
1378152,/fixtures/lineups,Italy,135,Serie A,2025,Regular Season - 29,2026-03-14T19:45:00+00:00,Udinese,Juventus,1,2026-10-01T13:34:54Z,CAPTURED,2,2,
1378153,/fixtures/lineups,Italy,135,Serie A,2025,Regular Season - 29,2026-03-15T11:30:00+00:00,Hellas Verona,Genoa,1,2026-10-01T13:34:54Z,CAPTURED,2,2,
1378154,/fixtures/lineups,Italy,135,Serie A,2025,Regular Season - 30,2026-03-22T14:00:00+00:00,Atalanta,Hellas Verona,1,2026-10-01T13:34:54Z,CAPTURED,2,2,
1378155,/fixtures/lineups,Italy,135,Serie A,2025,Regular Season - 30,2026-03-22T14:00:00+00:00,Bologna,Lazio,1,2026-10-01T13:34:54Z,CAPTURED,2,2,
1378156,/fixtures/lineups,Italy,135,Serie A,2025,Regular Season - 30,2026-03-20T17:30:00+00:00,Cagliari,Napoli,1,2026-10-01T13:34:54Z,CAPTURED,2,2,
1378157,/fixtures/lineups,Italy,135,Serie A,2025,Regular Season - 30,2026-03-22T11:30:00+00:00,Como,Pisa,1,2026-10-01T13:34:54Z,CAPTURED,2,2,
1378158,/fixtures/lineups,Italy,135,Serie A,2025,Regular Season - 30,2026-03-22T19:45:00+00:00,Fiorentina,Inter,1,2026-10-01T13:34:54Z,CAPTURED,2,2,
1378159,/fixtures/lineups,Italy,135,Serie A,2025,Regular Season - 30,2026-03-20T19:45:00+00:00,Genoa,Udinese,1,2026-10-01T13:34:54Z,CAPTURED,2,2,
1378160,/fixtures/lineups,Italy,135,Serie A,2025,Regular Season - 30,2026-03-21T19:45:00+00:00,Juventus,Sassuolo,1,2026-10-01T13:34:54Z,CAPTURED,2,2,
1378161,/fixtures/lineups,Italy,135,Serie A,2025,Regular Season - 30,2026-03-21T17:00:00+00:00,AC Milan,Torino,1,2026-10-01T13:34:54Z,CAPTURED,2,2,
1378162,/fixtures/lineups,Italy,135,Serie A,2025,Regular Season - 30,2026-03-21T14:00:00+00:00,Parma,Cremonese,1,2026-10-01T13:34:54Z,CAPTURED,2,2,
1378163,/fixtures/lineups,Italy,135,Serie A,2025,Regular Season - 30,2026-03-22T17:00:00+00:00,AS Roma,Lecce,1,2026-10-01T13:34:54Z,CAPTURED,2,2,
1378164,/fixtures/lineups,Italy,135,Serie A,2025,Regular Season - 31,2026-04-05T13:00:00+00:00,Cremonese,Bologna,1,2026-10-01T13:34:54Z,CAPTURED,2,2,
1378165,/fixtures/lineups,Italy,135,Serie A,2025,Regular Season - 31,2026-04-05T18:45:00+00:00,Inter,AS Roma,1,2026-10-01T13:34:54Z,CAPTURED,2,2,
1378166,/fixtures/lineups,Italy,135,Serie A,2025,Regular Season - 31,2026-04-06T16:00:00+00:00,Juventus,Genoa,1,2026-10-01T13:34:54Z,CAPTURED,2,2,
1378167,/fixtures/lineups,Italy,135,Serie A,2025,Regular Season - 31,2026-04-04T18:45:00+00:00,Lazio,Parma,1,2026-10-01T13:34:54Z,CAPTURED,2,2,
1378168,/fixtures/lineups,Italy,135,Serie A,2025,Regular Season - 31,2026-04-06T13:00:00+00:00,Lecce,Atalanta,1,2026-10-01T13:34:54Z,CAPTURED,2,2,
1378169,/fixtures/lineups,Italy,135,Serie A,2025,Regular Season - 31,2026-04-06T18:45:00+00:00,Napoli,AC Milan,1,2026-10-01T13:34:54Z,CAPTURED,2,2,
1378170,/fixtures/lineups,Italy,135,Serie A,2025,Regular Season - 31,2026-04-05T16:00:00+00:00,Pisa,Torino,1,2026-10-01T13:34:54Z,CAPTURED,2,2,
1378171,/fixtures/lineups,Italy,135,Serie A,2025,Regular Season - 31,2026-04-04T13:00:00+00:00,Sassuolo,Cagliari,1,2026-10-01T13:34:54Z,CAPTURED,2,2,
1378172,/fixtures/lineups,Italy,135,Serie A,2025,Regular Season - 31,2026-04-06T10:30:00+00:00,Udinese,Como,1,2026-10-01T13:34:54Z,CAPTURED,2,2,
1378173,/fixtures/lineups,Italy,135,Serie A,2025,Regular Season - 31,2026-04-04T16:00:00+00:00,Hellas Verona,Fiorentina,1,2026-10-01T13:34:54Z,CAPTURED,2,2,
1378176,/fixtures/lineups,Italy,135,Serie A,2025,Regular Season - 32,2026-04-11T13:00:00+00:00,Cagliari,Cremonese,1,2026-10-01T13:34:54Z,CAPTURED,2,2,
1378182,/fixtures/lineups,Italy,135,Serie A,2025,Regular Season - 32,2026-04-10T18:45:00+00:00,AS Roma,Pisa,1,2026-10-01T13:34:54Z,CAPTURED,2,2,
1378183,/fixtures/lineups,Italy,135,Serie A,2025,Regular Season - 32,2026-04-11T13:00:00+00:00,Torino,Hellas Verona,1,2026-10-01T13:34:54Z,CAPTURED,2,2,
1350322,/fixtures/lineups,Latvia,365,Virsliga,2025,Regular season - 1,2025-03-05T16:00:00+00:00,Auda,Rīgas FS,1,2026-10-02T01:30:33Z,CAPTURED,2,2,
1350323,/fixtures/lineups,Latvia,365,Virsliga,2025,Regular season - 1,2025-03-06T16:00:00+00:00,Riga,Super Nova,1,2026-10-02T01:30:33Z,CAPTURED,2,2,
1350324,/fixtures/lineups,Latvia,365,Virsliga,2025,Regular season - 1,2025-03-06T16:00:00+00:00,Grobiņa,FS Jelgava,1,2026-10-02T01:30:33Z,CAPTURED,2,2,
1350325,/fixtures/lineups,Latvia,365,Virsliga,2025,Regular season - 1,2025-03-07T15:30:00+00:00,BFC Daugavpils,Tukums,1,2026-10-02T01:30:33Z,CAPTURED,2,2,
1350326,/fixtures/lineups,Latvia,365,Virsliga,2025,Regular season - 1,2025-03-07T16:30:00+00:00,FK Liepaja,Metta / LU,1,2026-10-02T01:30:33Z,CAPTURED,2,2,
1350327,/fixtures/lineups,Latvia,365,Virsliga,2025,Regular season - 2,2025-03-10T17:00:00+00:00,Riga,Auda,1,2026-10-02T01:30:33Z,CAPTURED,2,2,
1350328,/fixtures/lineups,Latvia,365,Virsliga,2025,Regular season - 2,2025-03-11T16:00:00+00:00,Grobiņa,BFC Daugavpils,1,2026-10-02T01:30:33Z,CAPTURED,2,2,
1350329,/fixtures/lineups,Latvia,365,Virsliga,2025,Regular season - 2,2025-03-11T17:00:00+00:00,Rīgas FS,FS Jelgava,1,2026-10-02T01:30:33Z,CAPTURED,2,2,
1350330,/fixtures/lineups,Latvia,365,Virsliga,2025,Regular season - 2,2025-03-12T16:00:00+00:00,FK Liepaja,Tukums,1,2026-10-02T01:30:33Z,CAPTURED,2,2,
1350331,/fixtures/lineups,Latvia,365,Virsliga,2025,Regular season - 2,2025-03-12T17:00:00+00:00,Super Nova,Metta / LU,1,2026-10-02T01:30:33Z,CAPTURED,2,2,
1350332,/fixtures/lineups,Latvia,365,Virsliga,2025,Regular season - 3,2025-03-15T12:00:00+00:00,FS Jelgava,Riga,1,2026-10-02T01:30:33Z,CAPTURED,2,2,
1378174,/fixtures/lineups,Italy,135,Serie A,2025,Regular Season - 32,2026-04-11T18:45:00+00:00,Atalanta,Juventus,1,2026-10-02T01:30:33Z,CAPTURED,2,2,
1378175,/fixtures/lineups,Italy,135,Serie A,2025,Regular Season - 32,2026-04-12T16:00:00+00:00,Bologna,Lecce,1,2026-10-02T01:30:33Z,CAPTURED,2,2,
1378177,/fixtures/lineups,Italy,135,Serie A,2025,Regular Season - 32,2026-04-12T18:45:00+00:00,Como,Inter,1,2026-10-02T01:30:33Z,CAPTURED,2,2,
1378178,/fixtures/lineups,Italy,135,Serie A,2025,Regular Season - 32,2026-04-13T18:45:00+00:00,Fiorentina,Lazio,1,2026-10-02T01:30:33Z,CAPTURED,2,2,
1378179,/fixtures/lineups,Italy,135,Serie A,2025,Regular Season - 32,2026-04-12T10:30:00+00:00,Genoa,Sassuolo,1,2026-10-02T01:30:33Z,CAPTURED,2,2,
1378180,/fixtures/lineups,Italy,135,Serie A,2025,Regular Season - 32,2026-04-11T16:00:00+00:00,AC Milan,Udinese,3,2026-10-02T01:30:33Z,CAPTURED,2,2,
1378181,/fixtures/lineups,Italy,135,Serie A,2025,Regular Season - 32,2026-04-12T13:00:00+00:00,Parma,Napoli,1,2026-10-02T01:30:33Z,CAPTURED,2,2,
1378184,/fixtures/lineups,Italy,135,Serie A,2025,Regular Season - 33,2026-04-19T10:30:00+00:00,Cremonese,Torino,1,2026-10-02T01:30:33Z,CAPTURED,2,2,
1378185,/fixtures/lineups,Italy,135,Serie A,2025,Regular Season - 33,2026-04-17T18:45:00+00:00,Inter,Cagliari,1,2026-10-02T01:30:33Z,CAPTURED,2,2,
1378186,/fixtures/lineups,Italy,135,Serie A,2025,Regular Season - 33,2026-04-19T18:45:00+00:00,Juventus,Bologna,1,2026-10-02T01:30:33Z,CAPTURED,2,2,
1378187,/fixtures/lineups,Italy,135,Serie A,2025,Regular Season - 33,2026-04-20T18:45:00+00:00,Lecce,Fiorentina,1,2026-10-02T01:30:33Z,CAPTURED,2,2,
1378188,/fixtures/lineups,Italy,135,Serie A,2025,Regular Season - 33,2026-04-18T16:00:00+00:00,Napoli,Lazio,1,2026-10-02T01:30:33Z,CAPTURED,2,2,
1378189,/fixtures/lineups,Italy,135,Serie A,2025,Regular Season - 33,2026-04-19T16:00:00+00:00,Pisa,Genoa,1,2026-10-02T01:30:33Z,CAPTURED,2,2,
1378190,/fixtures/lineups,Italy,135,Serie A,2025,Regular Season - 33,2026-04-18T18:45:00+00:00,AS Roma,Atalanta,1,2026-10-02T01:30:33Z,CAPTURED,2,2,
1378191,/fixtures/lineups,Italy,135,Serie A,2025,Regular Season - 33,2026-04-17T16:30:00+00:00,Sassuolo,Como,1,2026-10-02T01:30:33Z,CAPTURED,2,2,
1378192,/fixtures/lineups,Italy,135,Serie A,2025,Regular Season - 33,2026-04-18T13:00:00+00:00,Udinese,Parma,1,2026-10-02T01:30:33Z,CAPTURED,2,2,
1378193,/fixtures/lineups,Italy,135,Serie A,2025,Regular Season - 33,2026-04-19T13:00:00+00:00,Hellas Verona,AC Milan,1,2026-10-02T01:30:33Z,CAPTURED,2,2,
1378194,/fixtures/lineups,Italy,135,Serie A,2025,Regular Season - 34,2026-04-25T16:00:00+00:00,Bologna,AS Roma,1,2026-10-02T01:30:33Z,CAPTURED,2,2,
1378195,/fixtures/lineups,Italy,135,Serie A,2025,Regular Season - 34,2026-04-27T16:30:00+00:00,Cagliari,Atalanta,1,2026-10-02T01:30:33Z,CAPTURED,2,2,
1378196,/fixtures/lineups,Italy,135,Serie A,2025,Regular Season - 34,2026-04-26T10:30:00+00:00,Fiorentina,Sassuolo,1,2026-10-02T01:30:33Z,CAPTURED,2,2,
1378197,/fixtures/lineups,Italy,135,Serie A,2025,Regular Season - 34,2026-04-26T13:00:00+00:00,Genoa,Como,1,2026-10-02T01:30:33Z,CAPTURED,2,2,
1378198,/fixtures/lineups,Italy,135,Serie A,2025,Regular Season - 34,2026-04-27T18:45:00+00:00,Lazio,Udinese,1,2026-10-02T01:30:33Z,CAPTURED,2,2,
1378199,/fixtures/lineups,Italy,135,Serie A,2025,Regular Season - 34,2026-04-26T18:45:00+00:00,AC Milan,Juventus,1,2026-10-02T01:30:33Z,CAPTURED,2,2,
1378200,/fixtures/lineups,Italy,135,Serie A,2025,Regular Season - 34,2026-04-24T18:45:00+00:00,Napoli,Cremonese,1,2026-10-02T01:30:33Z,CAPTURED,2,2,
1378201,/fixtures/lineups,Italy,135,Serie A,2025,Regular Season - 34,2026-04-25T13:00:00+00:00,Parma,Pisa,1,2026-10-02T01:30:33Z,CAPTURED,2,2,
1378202,/fixtures/lineups,Italy,135,Serie A,2025,Regular Season - 34,2026-04-26T16:00:00+00:00,Torino,Inter,1,2026-10-02T01:30:33Z,CAPTURED,2,2,
1378203,/fixtures/lineups,Italy,135,Serie A,2025,Regular Season - 34,2026-04-25T18:45:00+00:00,Hellas Verona,Lecce,1,2026-10-02T01:30:33Z,CAPTURED,2,2,
1378204,/fixtures/lineups,Italy,135,Serie A,2025,Regular Season - 35,2026-05-02T18:45:00+00:00,Atalanta,Genoa,1,2026-10-02T01:30:33Z,CAPTURED,2,2,
1378205,/fixtures/lineups,Italy,135,Serie A,2025,Regular Season - 35,2026-05-03T10:30:00+00:00,Bologna,Cagliari,1,2026-10-02T01:30:33Z,CAPTURED,2,2,
1378206,/fixtures/lineups,Italy,135,Serie A,2025,Regular Season - 35,2026-05-02T16:00:00+00:00,Como,Napoli,1,2026-10-02T01:30:33Z,CAPTURED,2,2,
1378207,/fixtures/lineups,Italy,135,Serie A,2025,Regular Season - 35,2026-05-04T16:30:00+00:00,Cremonese,Lazio,1,2026-10-02T01:30:33Z,CAPTURED,2,2,
1378208,/fixtures/lineups,Italy,135,Serie A,2025,Regular Season - 35,2026-05-03T18:45:00+00:00,Inter,Parma,1,2026-10-02T01:30:33Z,CAPTURED,2,2,
1378209,/fixtures/lineups,Italy,135,Serie A,2025,Regular Season - 35,2026-05-03T16:00:00+00:00,Juventus,Hellas Verona,1,2026-10-02T01:30:33Z,CAPTURED,2,2,
1378210,/fixtures/lineups,Italy,135,Serie A,2025,Regular Season - 35,2026-05-01T18:45:00+00:00,Pisa,Lecce,1,2026-10-02T01:30:33Z,CAPTURED,2,2,
1378211,/fixtures/lineups,Italy,135,Serie A,2025,Regular Season - 35,2026-05-04T18:45:00+00:00,AS Roma,Fiorentina,1,2026-10-02T01:30:33Z,CAPTURED,2,2,
1378212,/fixtures/lineups,Italy,135,Serie A,2025,Regular Season - 35,2026-05-03T13:00:00+00:00,Sassuolo,AC Milan,1,2026-10-02T01:30:33Z,CAPTURED,2,2,
1378213,/fixtures/lineups,Italy,135,Serie A,2025,Regular Season - 35,2026-05-02T13:00:00+00:00,Udinese,Torino,1,2026-10-02T01:30:33Z,CAPTURED,2,2,
1378214,/fixtures/lineups,Italy,135,Serie A,2025,Regular Season - 36,2026-05-09T13:00:00+00:00,Cagliari,Udinese,1,2026-10-02T01:30:33Z,CAPTURED,2,2,
1378222,/fixtures/lineups,Italy,135,Serie A,2025,Regular Season - 36,2026-05-08T18:45:00+00:00,Torino,Sassuolo,1,2026-10-02T01:30:33Z,CAPTURED,2,2,
1350333,/fixtures/lineups,Latvia,365,Virsliga,2025,Regular season - 3,2025-03-15T14:00:00+00:00,BFC Daugavpils,Rīgas FS,1,2026-10-02T05:30:50Z,CAPTURED,2,2,
1350334,/fixtures/lineups,Latvia,365,Virsliga,2025,Regular season - 3,2025-03-16T11:00:00+00:00,Metta / LU,Tukums,1,2026-10-02T05:30:50Z,CAPTURED,2,2,
1350335,/fixtures/lineups,Latvia,365,Virsliga,2025,Regular season - 3,2025-03-16T17:00:00+00:00,FK Liepaja,Grobiņa,1,2026-10-02T05:30:50Z,CAPTURED,2,2,
1350336,/fixtures/lineups,Latvia,365,Virsliga,2025,Regular season - 3,2025-03-16T15:00:00+00:00,Auda,Super Nova,1,2026-10-02T05:30:50Z,CAPTURED,2,2,
1350337,/fixtures/lineups,Latvia,365,Virsliga,2025,Regular season - 4,2025-03-29T13:00:00+00:00,Riga,BFC Daugavpils,1,2026-10-02T05:30:50Z,CAPTURED,2,2,
1350338,/fixtures/lineups,Latvia,365,Virsliga,2025,Regular season - 4,2025-03-29T15:00:00+00:00,Rīgas FS,FK Liepaja,1,2026-10-02T05:30:50Z,CAPTURED,2,2,
1350339,/fixtures/lineups,Latvia,365,Virsliga,2025,Regular season - 4,2025-03-30T12:00:00+00:00,Grobiņa,Metta / LU,1,2026-10-02T05:30:50Z,CAPTURED,2,2,
1350340,/fixtures/lineups,Latvia,365,Virsliga,2025,Regular season - 4,2025-03-30T14:00:00+00:00,Auda,FS Jelgava,1,2026-10-02T05:30:50Z,CAPTURED,2,2,
1350341,/fixtures/lineups,Latvia,365,Virsliga,2025,Regular season - 4,2025-03-31T14:00:00+00:00,Tukums,Super Nova,1,2026-10-02T05:30:50Z,CAPTURED,2,2,
1350342,/fixtures/lineups,Latvia,365,Virsliga,2025,Regular season - 5,2025-04-03T15:00:00+00:00,FK Liepaja,Riga,1,2026-10-02T05:30:50Z,CAPTURED,2,2,
1350343,/fixtures/lineups,Latvia,365,Virsliga,2025,Regular season - 5,2025-04-04T14:00:00+00:00,Metta / LU,Rīgas FS,1,2026-10-02T05:30:50Z,CAPTURED,2,2,
1350344,/fixtures/lineups,Latvia,365,Virsliga,2025,Regular season - 5,2025-04-04T15:00:00+00:00,BFC Daugavpils,Auda,1,2026-10-02T05:30:50Z,CAPTURED,2,2,
1350345,/fixtures/lineups,Latvia,365,Virsliga,2025,Regular season - 5,2025-04-05T11:00:00+00:00,Tukums,Grobiņa,1,2026-10-02T05:30:50Z,CAPTURED,2,2,
1350346,/fixtures/lineups,Latvia,365,Virsliga,2025,Regular season - 5,2025-04-05T13:00:00+00:00,FS Jelgava,Super Nova,1,2026-10-02T05:30:50Z,CAPTURED,2,2,
1350347,/fixtures/lineups,Latvia,365,Virsliga,2025,Regular season - 6,2025-04-08T16:00:00+00:00,Riga,Metta / LU,1,2026-10-02T05:30:50Z,CAPTURED,2,2,
1350348,/fixtures/lineups,Latvia,365,Virsliga,2025,Regular season - 6,2025-04-09T15:00:00+00:00,Auda,FK Liepaja,1,2026-10-02T05:30:50Z,CAPTURED,2,2,
1350349,/fixtures/lineups,Latvia,365,Virsliga,2025,Regular season - 6,2025-04-09T16:00:00+00:00,Rīgas FS,Tukums,1,2026-10-02T05:30:50Z,CAPTURED,2,2,
1350350,/fixtures/lineups,Latvia,365,Virsliga,2025,Regular season - 6,2025-04-10T14:30:00+00:00,FS Jelgava,BFC Daugavpils,1,2026-10-02T05:30:50Z,CAPTURED,2,2,
1350351,/fixtures/lineups,Latvia,365,Virsliga,2025,Regular season - 6,2025-04-10T16:00:00+00:00,Super Nova,Grobiņa,1,2026-10-02T05:30:50Z,CAPTURED,2,2,
1350352,/fixtures/lineups,Latvia,365,Virsliga,2025,Regular season - 7,2025-04-13T11:00:00+00:00,Metta / LU,Auda,1,2026-10-02T05:30:50Z,CAPTURED,2,2,
1350353,/fixtures/lineups,Latvia,365,Virsliga,2025,Regular season - 7,2025-04-13T13:00:00+00:00,Tukums,Riga,1,2026-10-02T05:30:50Z,CAPTURED,2,2,
1350354,/fixtures/lineups,Latvia,365,Virsliga,2025,Regular season - 7,2025-04-14T15:00:00+00:00,FK Liepaja,FS Jelgava,1,2026-10-02T05:30:50Z,CAPTURED,2,2,
1350355,/fixtures/lineups,Latvia,365,Virsliga,2025,Regular season - 7,2025-04-15T15:00:00+00:00,Grobiņa,Rīgas FS,1,2026-10-02T05:30:50Z,CAPTURED,2,2,
1350356,/fixtures/lineups,Latvia,365,Virsliga,2025,Regular season - 7,2025-04-15T16:00:00+00:00,BFC Daugavpils,Super Nova,1,2026-10-02T05:30:50Z,CAPTURED,2,2,
1350357,/fixtures/lineups,Latvia,365,Virsliga,2025,Regular season - 8,2025-04-18T12:00:00+00:00,Metta / LU,FS Jelgava,1,2026-10-02T05:30:50Z,CAPTURED,2,2,
1350358,/fixtures/lineups,Latvia,365,Virsliga,2025,Regular season - 8,2025-04-18T14:00:00+00:00,Auda,Tukums,1,2026-10-02T05:30:50Z,CAPTURED,2,2,
1350359,/fixtures/lineups,Latvia,365,Virsliga,2025,Regular season - 8,2025-04-19T11:00:00+00:00,BFC Daugavpils,FK Liepaja,1,2026-10-02T05:30:50Z,CAPTURED,2,2,
1350360,/fixtures/lineups,Latvia,365,Virsliga,2025,Regular season - 8,2025-04-19T13:00:00+00:00,Riga,Grobiņa,1,2026-10-02T05:30:50Z,CAPTURED,2,2,
1350361,/fixtures/lineups,Latvia,365,Virsliga,2025,Regular season - 8,2025-04-20T14:00:00+00:00,Super Nova,Rīgas FS,1,2026-10-02T05:30:50Z,CAPTURED,2,2,
1350362,/fixtures/lineups,Latvia,365,Virsliga,2025,Regular season - 9,2025-04-23T15:00:00+00:00,FS Jelgava,Tukums,1,2026-10-02T05:30:50Z,CAPTURED,2,2,
1350363,/fixtures/lineups,Latvia,365,Virsliga,2025,Regular season - 9,2025-04-24T15:00:00+00:00,Auda,Grobiņa,1,2026-10-02T05:30:50Z,CAPTURED,2,2,
1350364,/fixtures/lineups,Latvia,365,Virsliga,2025,Regular season - 9,2025-04-25T15:00:00+00:00,FK Liepaja,Super Nova,1,2026-10-02T05:30:50Z,CAPTURED,2,2,
1350365,/fixtures/lineups,Latvia,365,Virsliga,2025,Regular season - 9,2025-04-25T16:00:00+00:00,BFC Daugavpils,Metta / LU,1,2026-10-02T05:30:50Z,CAPTURED,2,2,
1350366,/fixtures/lineups,Latvia,365,Virsliga,2025,Regular season - 9,2025-04-26T15:00:00+00:00,Rīgas FS,Riga,1,2026-10-02T05:30:50Z,CAPTURED,2,2,
1350367,/fixtures/lineups,Latvia,365,Virsliga,2025,Regular season - 10,2025-04-29T15:00:00+00:00,FS Jelgava,Grobiņa,1,2026-10-02T05:30:50Z,CAPTURED,2,2,
1350368,/fixtures/lineups,Latvia,365,Virsliga,2025,Regular season - 10,2025-04-30T15:00:00+00:00,Tukums,BFC Daugavpils,1,2026-10-02T05:30:50Z,CAPTURED,2,2,
1350369,/fixtures/lineups,Latvia,365,Virsliga,2025,Regular season - 10,2025-05-01T10:00:00+00:00,Super Nova,Riga,1,2026-10-02T05:30:50Z,CAPTURED,2,2,
1350370,/fixtures/lineups,Latvia,365,Virsliga,2025,Regular season - 10,2025-05-01T16:00:00+00:00,Rīgas FS,Auda,1,2026-10-02T05:30:50Z,CAPTURED,2,2,
1350371,/fixtures/lineups,Latvia,365,Virsliga,2025,Regular season - 10,2025-05-02T12:00:00+00:00,Metta / LU,FK Liepaja,1,2026-10-02T05:30:50Z,CAPTURED,2,2,
1350372,/fixtures/lineups,Latvia,365,Virsliga,2025,Regular season - 11,2025-05-04T13:00:00+00:00,Grobiņa,BFC Daugavpils,1,2026-10-02T05:30:50Z,CAPTURED,2,2,
1350373,/fixtures/lineups,Latvia,365,Virsliga,2025,Regular season - 11,2025-05-05T11:00:00+00:00,FS Jelgava,Rīgas FS,1,2026-10-02T05:30:50Z,CAPTURED,2,2,
1350374,/fixtures/lineups,Latvia,365,Virsliga,2025,Regular season - 11,2025-05-05T13:00:00+00:00,Auda,Riga,1,2026-10-02T05:30:50Z,CAPTURED,2,2,
1350375,/fixtures/lineups,Latvia,365,Virsliga,2025,Regular season - 11,2025-05-06T15:00:00+00:00,Metta / LU,Super Nova,1,2026-10-02T05:30:50Z,CAPTURED,2,2,
1350376,/fixtures/lineups,Latvia,365,Virsliga,2025,Regular season - 11,2025-05-06T15:00:00+00:00,Tukums,FK Liepaja,1,2026-10-02T05:30:50Z,CAPTURED,2,2,
1350377,/fixtures/lineups,Latvia,365,Virsliga,2025,Regular season - 12,2025-05-09T16:00:00+00:00,Rīgas FS,BFC Daugavpils,1,2026-10-02T05:30:50Z,CAPTURED,2,2,
1350378,/fixtures/lineups,Latvia,365,Virsliga,2025,Regular season - 12,2025-05-10T13:00:00+00:00,Grobiņa,FK Liepaja,1,2026-10-02T05:30:50Z,CAPTURED,2,2,
1350379,/fixtures/lineups,Latvia,365,Virsliga,2025,Regular season - 12,2025-05-10T15:00:00+00:00,Riga,FS Jelgava,1,2026-10-02T05:30:50Z,CAPTURED,2,2,
1350380,/fixtures/lineups,Latvia,365,Virsliga,2025,Regular season - 12,2025-05-11T11:00:00+00:00,Tukums,Metta / LU,1,2026-10-02T05:30:50Z,CAPTURED,2,2,
1350381,/fixtures/lineups,Latvia,365,Virsliga,2025,Regular season - 12,2025-05-11T16:00:00+00:00,Super Nova,Auda,1,2026-10-02T05:30:50Z,CAPTURED,2,2,
1350382,/fixtures/lineups,Latvia,365,Virsliga,2025,Regular season - 13,2025-05-14T14:30:00+00:00,BFC Daugavpils,Riga,1,2026-10-02T05:30:50Z,CAPTURED,2,2,
1350383,/fixtures/lineups,Latvia,365,Virsliga,2025,Regular season - 13,2025-05-14T15:00:00+00:00,FK Liepaja,Rīgas FS,1,2026-10-02T09:33:54Z,CAPTURED,2,2,
1350384,/fixtures/lineups,Latvia,365,Virsliga,2025,Regular season - 13,2025-05-15T15:00:00+00:00,FS Jelgava,Auda,1,2026-10-02T09:33:54Z,CAPTURED,2,2,
1350385,/fixtures/lineups,Latvia,365,Virsliga,2025,Regular season - 13,2025-05-15T15:30:00+00:00,Metta / LU,Grobiņa,1,2026-10-02T09:33:54Z,CAPTURED,2,2,
1350386,/fixtures/lineups,Latvia,365,Virsliga,2025,Regular season - 13,2025-05-16T16:00:00+00:00,Super Nova,Tukums,1,2026-10-02T09:33:54Z,CAPTURED,2,2,
1350387,/fixtures/lineups,Latvia,365,Virsliga,2025,Regular season - 14,2025-05-19T16:00:00+00:00,Riga,FK Liepaja,1,2026-10-02T09:33:54Z,CAPTURED,2,2,
1350388,/fixtures/lineups,Latvia,365,Virsliga,2025,Regular season - 14,2025-05-20T15:00:00+00:00,Auda,BFC Daugavpils,1,2026-10-02T09:33:54Z,CAPTURED,2,2,
1350389,/fixtures/lineups,Latvia,365,Virsliga,2025,Regular season - 14,2025-05-20T17:00:00+00:00,Rīgas FS,Metta / LU,1,2026-10-02T09:33:54Z,CAPTURED,2,2,
1350390,/fixtures/lineups,Latvia,365,Virsliga,2025,Regular season - 14,2025-05-21T15:00:00+00:00,Grobiņa,Tukums,1,2026-10-02T09:33:54Z,CAPTURED,2,2,
1350391,/fixtures/lineups,Latvia,365,Virsliga,2025,Regular season - 14,2025-05-21T17:00:00+00:00,Super Nova,FS Jelgava,1,2026-10-02T09:33:54Z,CAPTURED,2,2,
1350392,/fixtures/lineups,Latvia,365,Virsliga,2025,Regular season - 15,2025-05-24T13:00:00+00:00,Metta / LU,Riga,1,2026-10-02T09:33:54Z,CAPTURED,2,2,
1350393,/fixtures/lineups,Latvia,365,Virsliga,2025,Regular season - 15,2025-05-24T15:00:00+00:00,FK Liepaja,Auda,1,2026-10-02T09:33:54Z,CAPTURED,2,2,
1350394,/fixtures/lineups,Latvia,365,Virsliga,2025,Regular season - 15,2025-05-25T13:00:00+00:00,BFC Daugavpils,FS Jelgava,1,2026-10-02T09:33:54Z,CAPTURED,2,2,
1350395,/fixtures/lineups,Latvia,365,Virsliga,2025,Regular season - 15,2025-05-25T15:00:00+00:00,Tukums,Rīgas FS,1,2026-10-02T09:33:54Z,CAPTURED,2,2,
1350396,/fixtures/lineups,Latvia,365,Virsliga,2025,Regular season - 15,2025-05-26T15:00:00+00:00,Grobiņa,Super Nova,1,2026-10-02T09:33:54Z,CAPTURED,2,2,
1350397,/fixtures/lineups,Latvia,365,Virsliga,2025,Regular season - 16,2025-05-29T15:00:00+00:00,Auda,Metta / LU,1,2026-10-02T09:33:54Z,CAPTURED,2,2,
1350398,/fixtures/lineups,Latvia,365,Virsliga,2025,Regular season - 16,2025-05-30T15:00:00+00:00,FS Jelgava,FK Liepaja,1,2026-10-02T09:33:54Z,CAPTURED,2,2,
1350399,/fixtures/lineups,Latvia,365,Virsliga,2025,Regular season - 16,2025-05-31T14:00:00+00:00,Riga,Tukums,1,2026-10-02T09:33:54Z,CAPTURED,2,2,
1350400,/fixtures/lineups,Latvia,365,Virsliga,2025,Regular season - 16,2025-05-31T16:00:00+00:00,Rīgas FS,Grobiņa,1,2026-10-02T09:33:54Z,CAPTURED,2,2,
1350401,/fixtures/lineups,Latvia,365,Virsliga,2025,Regular season - 16,2025-06-01T12:00:00+00:00,Super Nova,BFC Daugavpils,1,2026-10-02T09:33:54Z,CAPTURED,2,2,
1350402,/fixtures/lineups,Latvia,365,Virsliga,2025,Regular season - 17,2025-06-13T15:00:00+00:00,Tukums,Auda,1,2026-10-02T09:33:54Z,CAPTURED,2,2,
1350403,/fixtures/lineups,Latvia,365,Virsliga,2025,Regular season - 17,2025-06-13T15:00:00+00:00,FK Liepaja,BFC Daugavpils,1,2026-10-02T09:33:54Z,CAPTURED,2,2,
1350404,/fixtures/lineups,Latvia,365,Virsliga,2025,Regular season - 17,2025-06-13T16:00:00+00:00,FS Jelgava,Metta / LU,1,2026-10-02T09:33:54Z,CAPTURED,2,2,
1350405,/fixtures/lineups,Latvia,365,Virsliga,2025,Regular season - 17,2025-06-14T11:00:00+00:00,Grobiņa,Riga,1,2026-10-02T09:33:54Z,CAPTURED,2,2,
1350406,/fixtures/lineups,Latvia,365,Virsliga,2025,Regular season - 17,2025-06-14T17:00:00+00:00,Rīgas FS,Super Nova,1,2026-10-02T09:33:54Z,CAPTURED,2,2,
1350407,/fixtures/lineups,Latvia,365,Virsliga,2025,Regular season - 18,2025-06-17T15:00:00+00:00,Metta / LU,BFC Daugavpils,1,2026-10-02T09:33:54Z,CAPTURED,2,2,
1350408,/fixtures/lineups,Latvia,365,Virsliga,2025,Regular season - 18,2025-06-17T16:00:00+00:00,Tukums,FS Jelgava,1,2026-10-02T09:33:54Z,CAPTURED,2,2,
1350409,/fixtures/lineups,Latvia,365,Virsliga,2025,Regular season - 18,2025-06-17T17:00:00+00:00,Super Nova,FK Liepaja,1,2026-10-02T09:33:54Z,CAPTURED,2,2,
1350410,/fixtures/lineups,Latvia,365,Virsliga,2025,Regular season - 18,2025-06-18T15:00:00+00:00,Grobiņa,Auda,1,2026-10-02T09:33:54Z,CAPTURED,2,2,
1350411,/fixtures/lineups,Latvia,365,Virsliga,2025,Regular season - 18,2025-06-18T17:00:00+00:00,Riga,Rīgas FS,1,2026-10-02T09:33:54Z,CAPTURED,2,2,
1350412,/fixtures/lineups,Latvia,365,Virsliga,2025,Regular season - 19,2025-06-21T13:00:00+00:00,BFC Daugavpils,Tukums,1,2026-10-02T09:33:54Z,CAPTURED,2,2,
1350413,/fixtures/lineups,Latvia,365,Virsliga,2025,Regular season - 19,2025-06-21T15:00:00+00:00,FK Liepaja,Metta / LU,1,2026-10-02T09:33:54Z,CAPTURED,2,2,
1350414,/fixtures/lineups,Latvia,365,Virsliga,2025,Regular season - 19,2025-06-22T13:00:00+00:00,FS Jelgava,Grobiņa,1,2026-10-02T09:33:54Z,CAPTURED,2,2,
1350415,/fixtures/lineups,Latvia,365,Virsliga,2025,Regular season - 19,2025-06-22T15:00:00+00:00,Riga,Super Nova,1,2026-10-02T09:33:54Z,CAPTURED,2,2,
1350416,/fixtures/lineups,Latvia,365,Virsliga,2025,Regular season - 19,2025-06-22T17:00:00+00:00,Rīgas FS,Auda,1,2026-10-02T09:33:54Z,CAPTURED,2,2,
1350417,/fixtures/lineups,Latvia,365,Virsliga,2025,Regular season - 20,2025-06-25T16:00:00+00:00,Tukums,FK Liepaja,1,2026-10-02T09:33:54Z,CAPTURED,2,2,
1350418,/fixtures/lineups,Latvia,365,Virsliga,2025,Regular season - 20,2025-06-26T15:00:00+00:00,BFC Daugavpils,Grobiņa,1,2026-10-02T09:33:54Z,CAPTURED,2,2,
1350419,/fixtures/lineups,Latvia,365,Virsliga,2025,Regular season - 20,2025-06-26T16:00:00+00:00,FS Jelgava,Rīgas FS,1,2026-10-02T09:33:54Z,CAPTURED,2,2,
1350420,/fixtures/lineups,Latvia,365,Virsliga,2025,Regular season - 20,2025-06-27T15:00:00+00:00,Auda,Riga,1,2026-10-02T09:33:54Z,CAPTURED,2,2,
1350421,/fixtures/lineups,Latvia,365,Virsliga,2025,Regular season - 20,2025-06-27T17:00:00+00:00,Super Nova,Metta / LU,1,2026-10-02T09:33:54Z,CAPTURED,2,2,
1350422,/fixtures/lineups,Latvia,365,Virsliga,2025,Regular season - 21,2025-06-30T15:00:00+00:00,BFC Daugavpils,Rīgas FS,1,2026-10-02T09:33:54Z,CAPTURED,2,2,
1350423,/fixtures/lineups,Latvia,365,Virsliga,2025,Regular season - 21,2025-06-30T16:00:00+00:00,FK Liepaja,Grobiņa,1,2026-10-02T09:33:54Z,CAPTURED,2,2,
1350424,/fixtures/lineups,Latvia,365,Virsliga,2025,Regular season - 21,2025-07-01T15:00:00+00:00,Super Nova,Auda,1,2026-10-02T09:33:54Z,CAPTURED,2,2,
1350425,/fixtures/lineups,Latvia,365,Virsliga,2025,Regular season - 21,2025-07-01T17:00:00+00:00,Riga,FS Jelgava,1,2026-10-02T09:33:54Z,CAPTURED,2,2,
1350426,/fixtures/lineups,Latvia,365,Virsliga,2025,Regular season - 21,2025-07-02T16:00:00+00:00,Metta / LU,Tukums,1,2026-10-02T09:33:54Z,CAPTURED,2,2,
1350427,/fixtures/lineups,Latvia,365,Virsliga,2025,Regular season - 22,2025-07-04T16:00:00+00:00,Rīgas FS,FK Liepaja,1,2026-10-02T09:33:54Z,CAPTURED,2,2,
1350428,/fixtures/lineups,Latvia,365,Virsliga,2025,Regular season - 22,2025-07-05T15:00:00+00:00,Auda,FS Jelgava,1,2026-10-02T09:33:54Z,CAPTURED,2,2,
1350429,/fixtures/lineups,Latvia,365,Virsliga,2025,Regular season - 22,2025-07-06T13:00:00+00:00,Grobiņa,Metta / LU,1,2026-10-02T09:33:54Z,CAPTURED,2,2,
1350430,/fixtures/lineups,Latvia,365,Virsliga,2025,Regular season - 22,2025-07-06T15:00:00+00:00,Super Nova,Tukums,1,2026-10-02T09:33:54Z,CAPTURED,2,2,
1350431,/fixtures/lineups,Latvia,365,Virsliga,2025,Regular season - 22,2025-07-06T16:00:00+00:00,Riga,BFC Daugavpils,1,2026-10-02T09:33:54Z,CAPTURED,2,2,
1350432,/fixtures/lineups,Latvia,365,Virsliga,2025,Regular season - 23,2025-07-19T13:00:00+00:00,FK Liepaja,Riga,1,2026-10-02T09:33:54Z,CAPTURED,2,2,
1350433,/fixtures/lineups,Latvia,365,Virsliga,2025,Regular season - 23,2025-07-19T15:00:00+00:00,Metta / LU,Rīgas FS,1,2026-10-02T13:34:35Z,CAPTURED,2,2,
1350434,/fixtures/lineups,Latvia,365,Virsliga,2025,Regular season - 23,2025-07-20T12:00:00+00:00,Auda,BFC Daugavpils,1,2026-10-02T13:34:35Z,CAPTURED,2,2,
1350435,/fixtures/lineups,Latvia,365,Virsliga,2025,Regular season - 23,2025-07-20T14:00:00+00:00,FS Jelgava,Super Nova,1,2026-10-02T13:34:35Z,CAPTURED,2,2,
1350436,/fixtures/lineups,Latvia,365,Virsliga,2025,Regular season - 23,2025-07-21T15:00:00+00:00,Tukums,Grobiņa,1,2026-10-02T13:34:35Z,CAPTURED,2,2,
1350437,/fixtures/lineups,Latvia,365,Virsliga,2025,Regular season - 24,2025-07-26T14:00:00+00:00,Super Nova,Grobiņa,1,2026-10-02T13:34:35Z,CAPTURED,2,2,
1350438,/fixtures/lineups,Latvia,365,Virsliga,2025,Regular season - 24,2025-07-27T12:00:00+00:00,BFC Daugavpils,FS Jelgava,1,2026-10-02T13:34:35Z,CAPTURED,2,2,
1350439,/fixtures/lineups,Latvia,365,Virsliga,2025,Regular season - 24,2025-07-27T14:00:00+00:00,FK Liepaja,Auda,1,2026-10-02T13:34:35Z,CAPTURED,2,2,
1350440,/fixtures/lineups,Latvia,365,Virsliga,2025,Regular season - 24,2025-07-27T15:00:00+00:00,Riga,Metta / LU,1,2026-10-02T13:34:35Z,CAPTURED,2,2,
1350441,/fixtures/lineups,Latvia,365,Virsliga,2025,Regular season - 24,2025-07-26T16:00:00+00:00,Rīgas FS,Tukums,1,2026-10-02T13:34:35Z,CAPTURED,2,2,
1350442,/fixtures/lineups,Latvia,365,Virsliga,2025,Regular season - 25,2025-08-02T12:00:00+00:00,FS Jelgava,FK Liepaja,1,2026-10-02T13:34:35Z,CAPTURED,2,2,
1350443,/fixtures/lineups,Latvia,365,Virsliga,2025,Regular season - 25,2025-08-02T14:00:00+00:00,Super Nova,BFC Daugavpils,1,2026-10-02T13:34:35Z,CAPTURED,2,2,
1350444,/fixtures/lineups,Latvia,365,Virsliga,2025,Regular season - 25,2025-08-03T15:00:00+00:00,Tukums,Riga,1,2026-10-02T13:34:35Z,CAPTURED,2,2,
1350445,/fixtures/lineups,Latvia,365,Virsliga,2025,Regular season - 25,2025-08-03T15:00:00+00:00,Grobiņa,Rīgas FS,1,2026-10-02T13:34:35Z,CAPTURED,2,2,
1350446,/fixtures/lineups,Latvia,365,Virsliga,2025,Regular season - 25,2025-08-03T17:00:00+00:00,Auda,Metta / LU,1,2026-10-02T13:34:35Z,CAPTURED,2,2,
1350447,/fixtures/lineups,Latvia,365,Virsliga,2025,Regular season - 26,2025-08-09T13:00:00+00:00,FK Liepaja,BFC Daugavpils,1,2026-10-02T13:34:35Z,CAPTURED,2,2,
1350448,/fixtures/lineups,Latvia,365,Virsliga,2025,Regular season - 26,2025-08-09T15:00:00+00:00,Metta / LU,FS Jelgava,1,2026-10-02T13:34:35Z,CAPTURED,2,2,
1350449,/fixtures/lineups,Latvia,365,Virsliga,2025,Regular season - 26,2025-08-10T15:00:00+00:00,Riga,Grobiņa,1,2026-10-02T13:34:35Z,CAPTURED,2,2,
1350450,/fixtures/lineups,Latvia,365,Virsliga,2025,Regular season - 26,2025-08-10T15:00:00+00:00,Tukums,Auda,1,2026-10-02T13:34:35Z,CAPTURED,2,2,
1350451,/fixtures/lineups,Latvia,365,Virsliga,2025,Regular season - 26,2025-08-10T17:00:00+00:00,Rīgas FS,Super Nova,1,2026-10-02T13:34:35Z,CAPTURED,2,2,
1350452,/fixtures/lineups,Latvia,365,Virsliga,2025,Regular season - 27,2025-08-23T12:00:00+00:00,FS Jelgava,Tukums,1,2026-10-02T13:34:35Z,CAPTURED,2,2,
1350453,/fixtures/lineups,Latvia,365,Virsliga,2025,Regular season - 27,2025-08-23T14:00:00+00:00,BFC Daugavpils,Metta / LU,1,2026-10-02T13:34:35Z,CAPTURED,2,2,
1350454,/fixtures/lineups,Latvia,365,Virsliga,2025,Regular season - 27,2025-08-24T12:00:00+00:00,Auda,Grobiņa,1,2026-10-02T13:34:35Z,CAPTURED,2,2,
1350455,/fixtures/lineups,Latvia,365,Virsliga,2025,Regular season - 27,2025-09-25T16:00:00+00:00,Rīgas FS,Riga,1,2026-10-02T13:34:35Z,CAPTURED,2,2,
1350456,/fixtures/lineups,Latvia,365,Virsliga,2025,Regular season - 27,2025-08-25T14:30:00+00:00,FK Liepaja,Super Nova,1,2026-10-02T13:34:35Z,CAPTURED,2,2,
1350457,/fixtures/lineups,Latvia,365,Virsliga,2025,Regular season - 28,2025-08-29T14:30:00+00:00,Metta / LU,FK Liepaja,1,2026-10-02T13:34:35Z,CAPTURED,2,2,
1350458,/fixtures/lineups,Latvia,365,Virsliga,2025,Regular season - 28,2025-08-29T14:30:00+00:00,Grobiņa,FS Jelgava,1,2026-10-02T13:34:35Z,CAPTURED,2,2,
1350459,/fixtures/lineups,Latvia,365,Virsliga,2025,Regular season - 28,2025-08-30T13:00:00+00:00,Tukums,BFC Daugavpils,1,2026-10-02T13:34:35Z,CAPTURED,2,2,
1350460,/fixtures/lineups,Latvia,365,Virsliga,2025,Regular season - 28,2025-08-30T11:00:00+00:00,Super Nova,Riga,1,2026-10-02T13:34:35Z,CAPTURED,2,2,
1350461,/fixtures/lineups,Latvia,365,Virsliga,2025,Regular season - 28,2025-08-31T15:00:00+00:00,Auda,Rīgas FS,1,2026-10-02T13:34:35Z,CAPTURED,2,2,
1350462,/fixtures/lineups,Latvia,365,Virsliga,2025,Regular season - 29,2025-09-13T13:00:00+00:00,Rīgas FS,FS Jelgava,1,2026-10-02T13:34:35Z,CAPTURED,2,2,
1350463,/fixtures/lineups,Latvia,365,Virsliga,2025,Regular season - 29,2025-09-13T15:00:00+00:00,Riga,Auda,1,2026-10-02T13:34:35Z,CAPTURED,2,2,
1350464,/fixtures/lineups,Latvia,365,Virsliga,2025,Regular season - 29,2025-09-14T13:00:00+00:00,Metta / LU,Super Nova,1,2026-10-02T13:34:35Z,CAPTURED,2,2,
1350465,/fixtures/lineups,Latvia,365,Virsliga,2025,Regular season - 29,2025-09-14T16:00:00+00:00,FK Liepaja,Tukums,1,2026-10-02T13:34:35Z,CAPTURED,2,2,
1350466,/fixtures/lineups,Latvia,365,Virsliga,2025,Regular season - 29,2025-09-15T14:30:00+00:00,BFC Daugavpils,Grobiņa,1,2026-10-02T13:34:35Z,CAPTURED,2,2,
1350467,/fixtures/lineups,Latvia,365,Virsliga,2025,Regular season - 30,2025-09-21T13:00:00+00:00,Grobiņa,FK Liepaja,1,2026-10-02T13:34:35Z,CAPTURED,2,2,
1350468,/fixtures/lineups,Latvia,365,Virsliga,2025,Regular season - 30,2025-09-20T11:00:00+00:00,Tukums,Metta / LU,1,2026-10-02T13:34:35Z,CAPTURED,2,2,
1350469,/fixtures/lineups,Latvia,365,Virsliga,2025,Regular season - 30,2025-09-21T11:00:00+00:00,FS Jelgava,Riga,1,2026-10-02T13:34:35Z,CAPTURED,2,2,
1350470,/fixtures/lineups,Latvia,365,Virsliga,2025,Regular season - 30,2025-09-21T15:00:00+00:00,Rīgas FS,BFC Daugavpils,1,2026-10-02T13:34:35Z,CAPTURED,2,2,
1350471,/fixtures/lineups,Latvia,365,Virsliga,2025,Regular season - 30,2025-09-22T15:00:00+00:00,Auda,Super Nova,1,2026-10-02T13:34:35Z,CAPTURED,2,2,
1350472,/fixtures/lineups,Latvia,365,Virsliga,2025,Regular season - 31,2025-09-29T15:00:00+00:00,BFC Daugavpils,Riga,1,2026-10-02T13:34:35Z,CAPTURED,2,2,
1350473,/fixtures/lineups,Latvia,365,Virsliga,2025,Regular season - 31,2025-09-27T11:00:00+00:00,FS Jelgava,Auda,1,2026-10-02T13:34:35Z,CAPTURED,2,2,
1350474,/fixtures/lineups,Latvia,365,Virsliga,2025,Regular season - 31,2025-09-26T13:00:00+00:00,Metta / LU,Grobiņa,1,2026-10-02T13:34:35Z,CAPTURED,2,2,
1350475,/fixtures/lineups,Latvia,365,Virsliga,2025,Regular season - 31,2025-09-28T16:00:00+00:00,FK Liepaja,Rīgas FS,1,2026-10-02T13:34:35Z,CAPTURED,2,2,
1350476,/fixtures/lineups,Latvia,365,Virsliga,2025,Regular season - 31,2025-09-28T13:00:00+00:00,Tukums,Super Nova,1,2026-10-02T13:34:35Z,CAPTURED,2,2,
1350477,/fixtures/lineups,Latvia,365,Virsliga,2025,Regular season - 32,2025-10-03T15:00:00+00:00,Riga,FK Liepaja,1,2026-10-02T13:34:35Z,CAPTURED,2,2,
1350478,/fixtures/lineups,Latvia,365,Virsliga,2025,Regular season - 32,2025-10-04T13:00:00+00:00,Super Nova,FS Jelgava,1,2026-10-02T13:34:35Z,CAPTURED,2,2,
1350479,/fixtures/lineups,Latvia,365,Virsliga,2025,Regular season - 32,2025-10-04T12:00:00+00:00,Grobiņa,Tukums,1,2026-10-02T13:34:35Z,CAPTURED,2,2,
1350480,/fixtures/lineups,Latvia,365,Virsliga,2025,Regular season - 32,2025-10-05T11:00:00+00:00,BFC Daugavpils,Auda,1,2026-10-02T13:34:35Z,CAPTURED,2,2,
1350481,/fixtures/lineups,Latvia,365,Virsliga,2025,Regular season - 32,2025-10-05T13:00:00+00:00,Rīgas FS,Metta / LU,1,2026-10-02T13:34:35Z,CAPTURED,2,2,
1350482,/fixtures/lineups,Latvia,365,Virsliga,2025,Regular season - 33,2025-10-18T11:00:00+00:00,FS Jelgava,BFC Daugavpils,1,2026-10-02T13:34:35Z,CAPTURED,2,2,
1350483,/fixtures/lineups,Latvia,365,Virsliga,2025,Regular season - 33,2025-10-18T12:00:00+00:00,Grobiņa,Super Nova,1,2026-10-02T17:31:15Z,CAPTURED,2,2,
1350484,/fixtures/lineups,Latvia,365,Virsliga,2025,Regular season - 33,2025-10-19T10:00:00+00:00,Tukums,Rīgas FS,1,2026-10-02T17:31:15Z,CAPTURED,2,2,
1350485,/fixtures/lineups,Latvia,365,Virsliga,2025,Regular season - 33,2025-10-19T12:00:00+00:00,Metta / LU,Riga,1,2026-10-02T17:31:15Z,CAPTURED,2,2,
1350486,/fixtures/lineups,Latvia,365,Virsliga,2025,Regular season - 33,2025-10-20T15:00:00+00:00,Auda,FK Liepaja,1,2026-10-02T17:31:15Z,CAPTURED,2,2,
1350487,/fixtures/lineups,Latvia,365,Virsliga,2025,Regular season - 34,2025-10-24T15:00:00+00:00,Riga,Tukums,1,2026-10-02T17:31:15Z,CAPTURED,2,2,
1350488,/fixtures/lineups,Latvia,365,Virsliga,2025,Regular season - 34,2025-10-25T11:00:00+00:00,BFC Daugavpils,Super Nova,1,2026-10-02T17:31:15Z,CAPTURED,2,2,
1350489,/fixtures/lineups,Latvia,365,Virsliga,2025,Regular season - 34,2025-10-25T13:00:00+00:00,FK Liepaja,FS Jelgava,1,2026-10-02T17:31:15Z,CAPTURED,2,2,
1350490,/fixtures/lineups,Latvia,365,Virsliga,2025,Regular season - 34,2025-10-26T11:00:00+00:00,Metta / LU,Auda,1,2026-10-02T17:31:15Z,CAPTURED,2,2,
1350491,/fixtures/lineups,Latvia,365,Virsliga,2025,Regular season - 34,2025-10-26T14:00:00+00:00,Rīgas FS,Grobiņa,1,2026-10-02T17:31:15Z,CAPTURED,2,2,
1350492,/fixtures/lineups,Latvia,365,Virsliga,2025,Regular season - 35,2025-11-02T11:00:00+00:00,Super Nova,Rīgas FS,1,2026-10-02T17:31:15Z,CAPTURED,2,2,
1350493,/fixtures/lineups,Latvia,365,Virsliga,2025,Regular season - 35,2025-11-02T11:00:00+00:00,Grobiņa,Riga,1,2026-10-02T17:31:15Z,CAPTURED,2,2,
1350494,/fixtures/lineups,Latvia,365,Virsliga,2025,Regular season - 35,2025-11-02T11:00:00+00:00,Auda,Tukums,1,2026-10-02T17:31:15Z,CAPTURED,2,2,
1350495,/fixtures/lineups,Latvia,365,Virsliga,2025,Regular season - 35,2025-11-02T11:00:00+00:00,FS Jelgava,Metta / LU,1,2026-10-02T17:31:15Z,CAPTURED,2,2,
1350496,/fixtures/lineups,Latvia,365,Virsliga,2025,Regular season - 35,2025-11-02T11:00:00+00:00,BFC Daugavpils,FK Liepaja,1,2026-10-02T17:31:15Z,CAPTURED,2,2,
1350497,/fixtures/lineups,Latvia,365,Virsliga,2025,Regular season - 36,2025-11-09T11:00:00+00:00,Super Nova,FK Liepaja,1,2026-10-02T17:31:15Z,CAPTURED,2,2,
1350498,/fixtures/lineups,Latvia,365,Virsliga,2025,Regular season - 36,2025-11-09T11:00:00+00:00,Metta / LU,BFC Daugavpils,1,2026-10-02T17:31:15Z,CAPTURED,2,2,
1350499,/fixtures/lineups,Latvia,365,Virsliga,2025,Regular season - 36,2025-11-09T11:00:00+00:00,Tukums,FS Jelgava,1,2026-10-02T17:31:15Z,CAPTURED,2,2,
1350500,/fixtures/lineups,Latvia,365,Virsliga,2025,Regular season - 36,2025-11-09T11:00:00+00:00,Grobiņa,Auda,1,2026-10-02T17:31:15Z,CAPTURED,2,2,
1350501,/fixtures/lineups,Latvia,365,Virsliga,2025,Regular season - 36,2025-11-07T17:00:00+00:00,Riga,Rīgas FS,1,2026-10-02T17:31:15Z,CAPTURED,2,2,
1353640,/fixtures/lineups,Lithuania,362,A Lyga,2025,Regular Season - 1,2025-02-28T17:30:00+00:00,Dainava,Kauno Žalgiris,1,2026-10-02T17:31:15Z,CAPTURED,2,2,
1353641,/fixtures/lineups,Lithuania,362,A Lyga,2025,Regular Season - 1,2025-03-01T13:30:00+00:00,Banga,Hegelmann Litauen,1,2026-10-02T17:31:15Z,CAPTURED,2,2,
1353642,/fixtures/lineups,Lithuania,362,A Lyga,2025,Regular Season - 1,2025-03-01T15:30:00+00:00,FK Trakai,Suduva Marijampole,1,2026-10-02T17:31:15Z,CAPTURED,2,2,
1353643,/fixtures/lineups,Lithuania,362,A Lyga,2025,Regular Season - 1,2025-03-02T12:00:00+00:00,Panevėžys,Šiauliai,1,2026-10-02T17:31:15Z,CAPTURED,2,2,
1353644,/fixtures/lineups,Lithuania,362,A Lyga,2025,Regular Season - 1,2025-03-02T16:25:00+00:00,FK Zalgiris Vilnius,Džiugas Telšiai,1,2026-10-02T17:31:15Z,CAPTURED,2,2,
1353645,/fixtures/lineups,Lithuania,362,A Lyga,2025,Regular Season - 2,2025-03-07T17:30:00+00:00,FK Trakai,FK Zalgiris Vilnius,1,2026-10-02T17:31:15Z,CAPTURED,2,2,
1353646,/fixtures/lineups,Lithuania,362,A Lyga,2025,Regular Season - 2,2025-03-08T13:00:00+00:00,Šiauliai,Dainava,1,2026-10-02T17:31:15Z,CAPTURED,2,2,
1353647,/fixtures/lineups,Lithuania,362,A Lyga,2025,Regular Season - 2,2025-03-08T15:00:00+00:00,Kauno Žalgiris,Džiugas Telšiai,1,2026-10-02T17:31:15Z,CAPTURED,2,2,
1353648,/fixtures/lineups,Lithuania,362,A Lyga,2025,Regular Season - 2,2025-03-09T12:00:00+00:00,Hegelmann Litauen,Panevėžys,1,2026-10-02T17:31:15Z,CAPTURED,2,2,
1353649,/fixtures/lineups,Lithuania,362,A Lyga,2025,Regular Season - 2,2025-03-09T16:25:00+00:00,Suduva Marijampole,Banga,1,2026-10-02T17:31:15Z,CAPTURED,2,2,
1353650,/fixtures/lineups,Lithuania,362,A Lyga,2025,Regular Season - 3,2025-03-14T17:00:00+00:00,Dainava,Džiugas Telšiai,1,2026-10-02T17:31:15Z,CAPTURED,2,2,
1353651,/fixtures/lineups,Lithuania,362,A Lyga,2025,Regular Season - 3,2025-03-15T14:00:00+00:00,Hegelmann Litauen,Šiauliai,1,2026-10-02T17:31:15Z,CAPTURED,2,2,
1353652,/fixtures/lineups,Lithuania,362,A Lyga,2025,Regular Season - 3,2025-03-15T15:00:00+00:00,FK Zalgiris Vilnius,Banga,1,2026-10-02T17:31:15Z,CAPTURED,2,2,
1353653,/fixtures/lineups,Lithuania,362,A Lyga,2025,Regular Season - 3,2025-03-16T13:00:00+00:00,Panevėžys,Suduva Marijampole,1,2026-10-02T17:31:15Z,CAPTURED,2,2,
1353654,/fixtures/lineups,Lithuania,362,A Lyga,2025,Regular Season - 3,2025-03-16T16:25:00+00:00,FK Trakai,Kauno Žalgiris,1,2026-10-02T17:31:15Z,CAPTURED,2,2,
1353655,/fixtures/lineups,Lithuania,362,A Lyga,2025,Regular Season - 4,2025-03-28T17:00:00+00:00,Suduva Marijampole,Džiugas Telšiai,1,2026-10-02T17:31:15Z,CAPTURED,2,2,
1353656,/fixtures/lineups,Lithuania,362,A Lyga,2025,Regular Season - 4,2025-03-29T14:00:00+00:00,Šiauliai,Kauno Žalgiris,1,2026-10-02T17:31:15Z,CAPTURED,2,2,
1353657,/fixtures/lineups,Lithuania,362,A Lyga,2025,Regular Season - 4,2025-03-29T15:00:00+00:00,Hegelmann Litauen,FK Trakai,1,2026-10-02T17:31:15Z,CAPTURED,2,2,
1353658,/fixtures/lineups,Lithuania,362,A Lyga,2025,Regular Season - 4,2025-03-30T12:00:00+00:00,Panevėžys,Banga,1,2026-10-02T17:31:15Z,CAPTURED,2,2,
1353660,/fixtures/lineups,Lithuania,362,A Lyga,2025,Regular Season - 5,2025-04-04T16:30:00+00:00,Suduva Marijampole,Dainava,1,2026-10-02T17:31:15Z,CAPTURED,2,2,
1353661,/fixtures/lineups,Lithuania,362,A Lyga,2025,Regular Season - 5,2025-04-05T13:00:00+00:00,FK Trakai,Panevėžys,1,2026-10-02T17:31:15Z,CAPTURED,2,2,
1353662,/fixtures/lineups,Lithuania,362,A Lyga,2025,Regular Season - 5,2025-04-05T14:00:00+00:00,Banga,Šiauliai,1,2026-10-02T17:31:15Z,CAPTURED,2,2,
1353663,/fixtures/lineups,Lithuania,362,A Lyga,2025,Regular Season - 5,2025-04-06T13:00:00+00:00,Džiugas Telšiai,Hegelmann Litauen,1,2026-10-02T17:31:15Z,CAPTURED,2,2,
1353664,/fixtures/lineups,Lithuania,362,A Lyga,2025,Regular Season - 5,2025-04-06T15:25:00+00:00,FK Zalgiris Vilnius,Kauno Žalgiris,1,2026-10-02T17:31:15Z,CAPTURED,2,2,
1353665,/fixtures/lineups,Lithuania,362,A Lyga,2025,Regular Season - 6,2025-04-12T11:00:00+00:00,Panevėžys,Džiugas Telšiai,1,2026-10-02T17:31:15Z,CAPTURED,2,2,
1353666,/fixtures/lineups,Lithuania,362,A Lyga,2025,Regular Season - 6,2025-04-12T13:00:00+00:00,Šiauliai,FK Zalgiris Vilnius,1,2026-10-02T17:31:15Z,CAPTURED,2,2,
1353667,/fixtures/lineups,Lithuania,362,A Lyga,2025,Regular Season - 6,2025-04-12T14:00:00+00:00,Banga,FK Trakai,1,2026-10-02T17:31:15Z,CAPTURED,2,2,
1353668,/fixtures/lineups,Lithuania,362,A Lyga,2025,Regular Season - 6,2025-04-12T14:00:00+00:00,Kauno Žalgiris,Suduva Marijampole,1,2026-10-02T17:31:15Z,CAPTURED,2,2,
1353702,/fixtures/lineups,Lithuania,362,A Lyga,2025,Regular Season - 4,2025-03-30T15:25:00+00:00,Dainava,FK Zalgiris Vilnius,1,2026-10-02T17:31:15Z,CAPTURED,2,2,
1486110,/fixtures/lineups,Latvia,365,Virsliga,2025,Final,2025-11-20T16:00:00+00:00,Grobiņa,JDFS Alberts,1,2026-10-02T17:31:15Z,CAPTURED,2,2,
1486111,/fixtures/lineups,Latvia,365,Virsliga,2025,Final,2025-11-23T11:00:00+00:00,JDFS Alberts,Grobiņa,1,2026-10-02T17:31:15Z,CAPTURED,2,2,
1353659,/fixtures/lineups,Lithuania,362,A Lyga,2025,Regular Season - 13,2025-05-25T13:30:00+00:00,FK Zalgiris Vilnius,Dainava,1,2026-10-03T01:29:45Z,CAPTURED,2,2,
1353669,/fixtures/lineups,Lithuania,362,A Lyga,2025,Regular Season - 6,2025-04-12T15:00:00+00:00,Hegelmann Litauen,Dainava,2,2026-10-03T01:29:45Z,CAPTURED,2,2,
1353670,/fixtures/lineups,Lithuania,362,A Lyga,2025,Regular Season - 7,2025-04-16T15:30:00+00:00,Banga,Džiugas Telšiai,1,2026-10-03T01:29:45Z,CAPTURED,2,2,
1353671,/fixtures/lineups,Lithuania,362,A Lyga,2025,Regular Season - 7,2025-04-16T16:00:00+00:00,Kauno Žalgiris,Hegelmann Litauen,1,2026-10-03T01:29:45Z,CAPTURED,2,2,
1353672,/fixtures/lineups,Lithuania,362,A Lyga,2025,Regular Season - 7,2025-04-16T16:00:00+00:00,Šiauliai,FK Trakai,1,2026-10-03T01:29:45Z,CAPTURED,2,2,
1353673,/fixtures/lineups,Lithuania,362,A Lyga,2025,Regular Season - 7,2025-04-16T16:30:00+00:00,FK Zalgiris Vilnius,Suduva Marijampole,1,2026-10-03T01:29:45Z,CAPTURED,2,2,
1353674,/fixtures/lineups,Lithuania,362,A Lyga,2025,Regular Season - 7,2025-04-16T16:30:00+00:00,Dainava,Panevėžys,1,2026-10-03T01:29:45Z,CAPTURED,2,2,
1353675,/fixtures/lineups,Lithuania,362,A Lyga,2025,Regular Season - 8,2025-04-19T16:00:00+00:00,Panevėžys,Kauno Žalgiris,1,2026-10-03T01:29:45Z,CAPTURED,2,2,
1353676,/fixtures/lineups,Lithuania,362,A Lyga,2025,Regular Season - 8,2025-04-19T16:30:00+00:00,FK Trakai,Džiugas Telšiai,1,2026-10-03T01:29:45Z,CAPTURED,2,2,
1353677,/fixtures/lineups,Lithuania,362,A Lyga,2025,Regular Season - 8,2025-04-19T16:00:00+00:00,Suduva Marijampole,Šiauliai,1,2026-10-03T01:29:45Z,CAPTURED,2,2,
1353678,/fixtures/lineups,Lithuania,362,A Lyga,2025,Regular Season - 8,2025-04-20T13:00:00+00:00,Banga,Dainava,1,2026-10-03T01:29:45Z,CAPTURED,2,2,
1353679,/fixtures/lineups,Lithuania,362,A Lyga,2025,Regular Season - 8,2025-04-20T15:25:00+00:00,Hegelmann Litauen,FK Zalgiris Vilnius,1,2026-10-03T01:29:45Z,CAPTURED,2,2,
1353680,/fixtures/lineups,Lithuania,362,A Lyga,2025,Regular Season - 9,2025-04-25T17:00:00+00:00,FK Zalgiris Vilnius,Panevėžys,1,2026-10-03T01:29:45Z,CAPTURED,2,2,
1353681,/fixtures/lineups,Lithuania,362,A Lyga,2025,Regular Season - 9,2025-04-26T11:00:00+00:00,Džiugas Telšiai,Šiauliai,1,2026-10-03T01:29:45Z,CAPTURED,2,2,
1353682,/fixtures/lineups,Lithuania,362,A Lyga,2025,Regular Season - 9,2025-04-26T17:00:00+00:00,Dainava,FK Trakai,1,2026-10-03T01:29:45Z,CAPTURED,2,2,
1353683,/fixtures/lineups,Lithuania,362,A Lyga,2025,Regular Season - 9,2025-04-27T13:30:00+00:00,Kauno Žalgiris,Banga,1,2026-10-03T01:29:45Z,CAPTURED,2,2,
1353684,/fixtures/lineups,Lithuania,362,A Lyga,2025,Regular Season - 9,2025-04-27T15:25:00+00:00,Suduva Marijampole,Hegelmann Litauen,1,2026-10-03T01:29:45Z,CAPTURED,2,2,
1353685,/fixtures/lineups,Lithuania,362,A Lyga,2025,Regular Season - 10,2025-05-02T16:00:00+00:00,Šiauliai,Hegelmann Litauen,1,2026-10-03T01:29:45Z,CAPTURED,2,2,
1353686,/fixtures/lineups,Lithuania,362,A Lyga,2025,Regular Season - 10,2025-05-03T14:00:00+00:00,Banga,FK Zalgiris Vilnius,1,2026-10-03T01:29:45Z,CAPTURED,2,2,
1353687,/fixtures/lineups,Lithuania,362,A Lyga,2025,Regular Season - 10,2025-05-03T15:30:00+00:00,Džiugas Telšiai,Dainava,1,2026-10-03T01:29:45Z,CAPTURED,2,2,
1353688,/fixtures/lineups,Lithuania,362,A Lyga,2025,Regular Season - 10,2025-05-04T13:00:00+00:00,Suduva Marijampole,Panevėžys,1,2026-10-03T01:29:45Z,CAPTURED,2,2,
1353689,/fixtures/lineups,Lithuania,362,A Lyga,2025,Regular Season - 10,2025-05-04T15:25:00+00:00,Kauno Žalgiris,FK Trakai,1,2026-10-03T01:29:45Z,CAPTURED,2,2,
1353690,/fixtures/lineups,Lithuania,362,A Lyga,2025,Regular Season - 11,2025-05-09T16:30:00+00:00,FK Zalgiris Vilnius,FK Trakai,1,2026-10-03T01:29:45Z,CAPTURED,2,2,
1353691,/fixtures/lineups,Lithuania,362,A Lyga,2025,Regular Season - 11,2025-05-09T17:00:00+00:00,Džiugas Telšiai,Kauno Žalgiris,1,2026-10-03T01:29:45Z,CAPTURED,2,2,
1353692,/fixtures/lineups,Lithuania,362,A Lyga,2025,Regular Season - 11,2025-05-10T13:00:00+00:00,Panevėžys,Hegelmann Litauen,1,2026-10-03T01:29:45Z,CAPTURED,2,2,
1353693,/fixtures/lineups,Lithuania,362,A Lyga,2025,Regular Season - 11,2025-05-11T14:00:00+00:00,Banga,Suduva Marijampole,1,2026-10-03T01:29:45Z,CAPTURED,2,2,
1353694,/fixtures/lineups,Lithuania,362,A Lyga,2025,Regular Season - 11,2025-05-11T15:25:00+00:00,Dainava,Šiauliai,1,2026-10-03T01:29:45Z,CAPTURED,2,2,
1353695,/fixtures/lineups,Lithuania,362,A Lyga,2025,Regular Season - 12,2025-05-16T17:00:00+00:00,Dainava,Suduva Marijampole,1,2026-10-03T01:29:45Z,CAPTURED,2,2,
1353696,/fixtures/lineups,Lithuania,362,A Lyga,2025,Regular Season - 12,2025-05-17T12:00:00+00:00,Hegelmann Litauen,Džiugas Telšiai,1,2026-10-03T01:29:45Z,CAPTURED,2,2,
1353697,/fixtures/lineups,Lithuania,362,A Lyga,2025,Regular Season - 12,2025-05-17T14:00:00+00:00,Panevėžys,FK Trakai,1,2026-10-03T01:29:45Z,CAPTURED,2,2,
1353698,/fixtures/lineups,Lithuania,362,A Lyga,2025,Regular Season - 12,2025-05-18T13:00:00+00:00,Šiauliai,Banga,1,2026-10-03T01:29:45Z,CAPTURED,2,2,
1353699,/fixtures/lineups,Lithuania,362,A Lyga,2025,Regular Season - 12,2025-05-17T14:25:00+00:00,Kauno Žalgiris,FK Zalgiris Vilnius,1,2026-10-03T01:29:45Z,CAPTURED,2,2,
1353700,/fixtures/lineups,Lithuania,362,A Lyga,2025,Regular Season - 13,2025-05-23T16:30:00+00:00,Kauno Žalgiris,Šiauliai,1,2026-10-03T01:29:45Z,CAPTURED,2,2,
1353701,/fixtures/lineups,Lithuania,362,A Lyga,2025,Regular Season - 13,2025-05-23T16:30:00+00:00,Banga,Panevėžys,1,2026-10-03T01:29:45Z,CAPTURED,2,2,
1353703,/fixtures/lineups,Lithuania,362,A Lyga,2025,Regular Season - 13,2025-05-24T16:00:00+00:00,FK Trakai,Hegelmann Litauen,1,2026-10-03T01:29:45Z,CAPTURED,2,2,
1353704,/fixtures/lineups,Lithuania,362,A Lyga,2025,Regular Season - 13,2025-05-25T16:00:00+00:00,Džiugas Telšiai,Suduva Marijampole,1,2026-10-03T01:29:45Z,CAPTURED,2,2,
1353705,/fixtures/lineups,Lithuania,362,A Lyga,2025,Regular Season - 14,2025-05-30T16:00:00+00:00,Kauno Žalgiris,Dainava,1,2026-10-03T01:29:45Z,CAPTURED,2,2,
1353706,/fixtures/lineups,Lithuania,362,A Lyga,2025,Regular Season - 14,2025-05-31T13:00:00+00:00,Džiugas Telšiai,FK Zalgiris Vilnius,1,2026-10-03T01:29:45Z,CAPTURED,2,2,
1353707,/fixtures/lineups,Lithuania,362,A Lyga,2025,Regular Season - 14,2025-05-31T15:00:00+00:00,Hegelmann Litauen,Banga,1,2026-10-03T01:29:45Z,CAPTURED,2,2,
1353708,/fixtures/lineups,Lithuania,362,A Lyga,2025,Regular Season - 14,2025-06-01T13:30:00+00:00,Suduva Marijampole,FK Trakai,1,2026-10-03T01:29:45Z,CAPTURED,2,2,
1353709,/fixtures/lineups,Lithuania,362,A Lyga,2025,Regular Season - 14,2025-06-01T15:25:00+00:00,Šiauliai,Panevėžys,1,2026-10-03T01:29:45Z,CAPTURED,2,2,
1353710,/fixtures/lineups,Lithuania,362,A Lyga,2025,Regular Season - 15,2025-06-13T16:00:00+00:00,Suduva Marijampole,Kauno Žalgiris,1,2026-10-03T01:29:45Z,CAPTURED,2,2,
1353711,/fixtures/lineups,Lithuania,362,A Lyga,2025,Regular Season - 15,2025-06-13T16:30:00+00:00,FK Zalgiris Vilnius,Šiauliai,1,2026-10-03T01:29:45Z,CAPTURED,2,2,
1353712,/fixtures/lineups,Lithuania,362,A Lyga,2025,Regular Season - 15,2025-06-13T17:15:00+00:00,Džiugas Telšiai,Panevėžys,1,2026-10-03T01:29:45Z,CAPTURED,2,2,
1353713,/fixtures/lineups,Lithuania,362,A Lyga,2025,Regular Season - 15,2025-06-14T17:00:00+00:00,Dainava,Hegelmann Litauen,1,2026-10-03T01:29:45Z,CAPTURED,2,2,
1353714,/fixtures/lineups,Lithuania,362,A Lyga,2025,Regular Season - 15,2025-06-14T16:30:00+00:00,FK Trakai,Banga,1,2026-10-03T01:29:45Z,CAPTURED,2,2,
1353715,/fixtures/lineups,Lithuania,362,A Lyga,2025,Regular Season - 16,2025-06-19T17:00:00+00:00,Hegelmann Litauen,Kauno Žalgiris,1,2026-10-03T01:29:45Z,CAPTURED,2,2,
1353716,/fixtures/lineups,Lithuania,362,A Lyga,2025,Regular Season - 16,2025-06-19T17:00:00+00:00,FK Trakai,Šiauliai,1,2026-10-03T01:29:45Z,CAPTURED,2,2,
1353717,/fixtures/lineups,Lithuania,362,A Lyga,2025,Regular Season - 16,2025-06-19T16:30:00+00:00,Panevėžys,Dainava,1,2026-10-03T01:29:45Z,CAPTURED,2,2,
1353718,/fixtures/lineups,Lithuania,362,A Lyga,2025,Regular Season - 16,2025-06-19T16:30:00+00:00,Suduva Marijampole,FK Zalgiris Vilnius,1,2026-10-03T01:29:45Z,CAPTURED,2,2,
1353719,/fixtures/lineups,Lithuania,362,A Lyga,2025,Regular Season - 16,2025-06-19T17:00:00+00:00,Džiugas Telšiai,Banga,1,2026-10-03T05:39:19Z,CAPTURED,2,2,
1353720,/fixtures/lineups,Lithuania,362,A Lyga,2025,Regular Season - 17,2025-06-24T15:30:00+00:00,FK Zalgiris Vilnius,Hegelmann Litauen,1,2026-10-03T05:39:19Z,CAPTURED,2,2,
1353721,/fixtures/lineups,Lithuania,362,A Lyga,2025,Regular Season - 17,2025-06-24T15:30:00+00:00,Dainava,Banga,1,2026-10-03T05:39:19Z,CAPTURED,2,2,
1353722,/fixtures/lineups,Lithuania,362,A Lyga,2025,Regular Season - 17,2025-06-24T16:00:00+00:00,Kauno Žalgiris,Panevėžys,1,2026-10-03T05:39:19Z,CAPTURED,2,2,
1353723,/fixtures/lineups,Lithuania,362,A Lyga,2025,Regular Season - 17,2025-06-25T16:00:00+00:00,Šiauliai,Suduva Marijampole,1,2026-10-03T05:39:19Z,CAPTURED,2,2,
1353724,/fixtures/lineups,Lithuania,362,A Lyga,2025,Regular Season - 17,2025-06-25T16:00:00+00:00,Džiugas Telšiai,FK Trakai,1,2026-10-03T05:39:19Z,CAPTURED,2,2,
1353725,/fixtures/lineups,Lithuania,362,A Lyga,2025,Regular Season - 18,2025-06-29T14:00:00+00:00,Šiauliai,Džiugas Telšiai,1,2026-10-03T05:39:19Z,CAPTURED,2,2,
1353726,/fixtures/lineups,Lithuania,362,A Lyga,2025,Regular Season - 18,2025-06-29T13:00:00+00:00,FK Trakai,Dainava,1,2026-10-03T05:39:19Z,CAPTURED,2,2,
1353727,/fixtures/lineups,Lithuania,362,A Lyga,2025,Regular Season - 18,2025-06-29T15:25:00+00:00,Panevėžys,FK Zalgiris Vilnius,1,2026-10-03T05:39:19Z,CAPTURED,2,2,
1353728,/fixtures/lineups,Lithuania,362,A Lyga,2025,Regular Season - 18,2025-06-30T16:00:00+00:00,Hegelmann Litauen,Suduva Marijampole,1,2026-10-03T05:39:19Z,CAPTURED,2,2,
1353729,/fixtures/lineups,Lithuania,362,A Lyga,2025,Regular Season - 18,2025-06-30T16:00:00+00:00,Banga,Kauno Žalgiris,1,2026-10-03T05:39:19Z,CAPTURED,2,2,
1381439,/fixtures/lineups,Lithuania,362,A Lyga,2025,Regular Season - 19,2025-07-04T16:00:00+00:00,FK Zalgiris Vilnius,Banga,1,2026-10-03T05:39:19Z,CAPTURED,2,2,
1381440,/fixtures/lineups,Lithuania,362,A Lyga,2025,Regular Season - 19,2025-07-05T15:00:00+00:00,Hegelmann Litauen,Šiauliai,1,2026-10-03T05:39:19Z,CAPTURED,2,2,
1381441,/fixtures/lineups,Lithuania,362,A Lyga,2025,Regular Season - 19,2025-07-05T15:00:00+00:00,FK Trakai,Kauno Žalgiris,1,2026-10-03T05:39:19Z,CAPTURED,2,2,
1381442,/fixtures/lineups,Lithuania,362,A Lyga,2025,Regular Season - 19,2025-07-06T13:45:00+00:00,Dainava,Džiugas Telšiai,1,2026-10-03T05:39:19Z,CAPTURED,2,2,
1381443,/fixtures/lineups,Lithuania,362,A Lyga,2025,Regular Season - 19,2025-07-07T16:00:00+00:00,Panevėžys,Suduva Marijampole,1,2026-10-03T05:39:19Z,CAPTURED,2,2,
1381444,/fixtures/lineups,Lithuania,362,A Lyga,2025,Regular Season - 20,2025-07-11T16:00:00+00:00,FK Trakai,Šiauliai,1,2026-10-03T05:39:19Z,CAPTURED,2,2,
1381445,/fixtures/lineups,Lithuania,362,A Lyga,2025,Regular Season - 20,2025-08-07T16:00:00+00:00,FK Zalgiris Vilnius,Suduva Marijampole,1,2026-10-03T05:39:19Z,CAPTURED,2,2,
1381446,/fixtures/lineups,Lithuania,362,A Lyga,2025,Regular Season - 20,2025-07-13T15:25:00+00:00,Džiugas Telšiai,Banga,1,2026-10-03T05:39:19Z,CAPTURED,2,2,
1381447,/fixtures/lineups,Lithuania,362,A Lyga,2025,Regular Season - 20,2025-08-27T16:00:00+00:00,Kauno Žalgiris,Hegelmann Litauen,1,2026-10-03T05:39:19Z,CAPTURED,2,2,
1381448,/fixtures/lineups,Lithuania,362,A Lyga,2025,Regular Season - 20,2025-07-14T17:00:00+00:00,Dainava,Panevėžys,1,2026-10-03T05:39:19Z,CAPTURED,2,2,
1381449,/fixtures/lineups,Lithuania,362,A Lyga,2025,Regular Season - 21,2025-07-19T16:00:00+00:00,FK Zalgiris Vilnius,Džiugas Telšiai,1,2026-10-03T05:39:19Z,CAPTURED,2,2,
1381450,/fixtures/lineups,Lithuania,362,A Lyga,2025,Regular Season - 21,2025-07-20T15:25:00+00:00,Panevėžys,Šiauliai,1,2026-10-03T05:39:19Z,CAPTURED,2,2,
1381451,/fixtures/lineups,Lithuania,362,A Lyga,2025,Regular Season - 21,2025-07-20T16:30:00+00:00,Suduva Marijampole,FK Trakai,1,2026-10-03T05:39:19Z,CAPTURED,2,2,
1381452,/fixtures/lineups,Lithuania,362,A Lyga,2025,Regular Season - 21,2025-08-13T16:00:00+00:00,Banga,Hegelmann Litauen,1,2026-10-03T05:39:19Z,CAPTURED,2,2,
1381453,/fixtures/lineups,Lithuania,362,A Lyga,2025,Regular Season - 21,2025-07-21T16:30:00+00:00,Kauno Žalgiris,Dainava,1,2026-10-03T05:39:19Z,CAPTURED,2,2,
1381454,/fixtures/lineups,Lithuania,362,A Lyga,2025,Regular Season - 22,2025-08-20T16:00:00+00:00,FK Zalgiris Vilnius,Dainava,1,2026-10-03T05:39:19Z,CAPTURED,2,2,
1381455,/fixtures/lineups,Lithuania,362,A Lyga,2025,Regular Season - 22,2025-07-27T13:45:00+00:00,Suduva Marijampole,Džiugas Telšiai,1,2026-10-03T05:39:19Z,CAPTURED,2,2,
1381456,/fixtures/lineups,Lithuania,362,A Lyga,2025,Regular Season - 22,2025-08-20T16:00:00+00:00,Šiauliai,Kauno Žalgiris,1,2026-10-03T05:39:19Z,CAPTURED,2,2,
1381457,/fixtures/lineups,Lithuania,362,A Lyga,2025,Regular Season - 22,2025-08-20T16:00:00+00:00,Panevėžys,Banga,1,2026-10-03T05:39:19Z,CAPTURED,2,2,
1381458,/fixtures/lineups,Lithuania,362,A Lyga,2025,Regular Season - 22,2025-07-28T17:00:00+00:00,Hegelmann Litauen,FK Trakai,1,2026-10-03T05:39:19Z,CAPTURED,2,2,
1381459,/fixtures/lineups,Lithuania,362,A Lyga,2025,Regular Season - 23,2025-08-01T16:00:00+00:00,FK Trakai,Panevėžys,1,2026-10-03T05:39:19Z,CAPTURED,2,2,
1381460,/fixtures/lineups,Lithuania,362,A Lyga,2025,Regular Season - 23,2025-08-03T15:25:00+00:00,Dainava,Suduva Marijampole,1,2026-10-03T05:39:19Z,CAPTURED,2,2,
1381461,/fixtures/lineups,Lithuania,362,A Lyga,2025,Regular Season - 23,2025-08-04T16:00:00+00:00,Banga,Šiauliai,1,2026-10-03T05:39:19Z,CAPTURED,2,2,
1381462,/fixtures/lineups,Lithuania,362,A Lyga,2025,Regular Season - 23,2025-08-04T16:30:00+00:00,Džiugas Telšiai,Hegelmann Litauen,1,2026-10-03T05:39:19Z,CAPTURED,2,2,
1381463,/fixtures/lineups,Lithuania,362,A Lyga,2025,Regular Season - 23,2025-08-04T17:00:00+00:00,FK Zalgiris Vilnius,Kauno Žalgiris,1,2026-10-03T05:39:19Z,CAPTURED,2,2,
1381464,/fixtures/lineups,Lithuania,362,A Lyga,2025,Regular Season - 24,2025-08-08T16:00:00+00:00,Panevėžys,Džiugas Telšiai,1,2026-10-03T05:39:19Z,CAPTURED,2,2,
1381465,/fixtures/lineups,Lithuania,362,A Lyga,2025,Regular Season - 24,2025-08-10T15:25:00+00:00,Hegelmann Litauen,Dainava,1,2026-10-03T05:39:19Z,CAPTURED,2,2,
1381467,/fixtures/lineups,Lithuania,362,A Lyga,2025,Regular Season - 24,2025-08-10T16:00:00+00:00,Banga,FK Trakai,1,2026-10-03T05:39:19Z,CAPTURED,2,2,
1381468,/fixtures/lineups,Lithuania,362,A Lyga,2025,Regular Season - 24,2025-08-11T16:00:00+00:00,Šiauliai,FK Zalgiris Vilnius,1,2026-10-03T05:39:19Z,CAPTURED,2,2,
1383773,/fixtures/lineups,Lithuania,362,A Lyga,2025,Regular Season - 25,2025-08-17T15:25:00+00:00,Suduva Marijampole,Banga,1,2026-10-03T05:39:19Z,CAPTURED,2,2,
1383774,/fixtures/lineups,Lithuania,362,A Lyga,2025,Regular Season - 25,2025-07-28T16:00:00+00:00,Šiauliai,Dainava,1,2026-10-03T05:39:19Z,CAPTURED,2,2,
1383775,/fixtures/lineups,Lithuania,362,A Lyga,2025,Regular Season - 25,2025-08-17T16:00:00+00:00,Džiugas Telšiai,Kauno Žalgiris,1,2026-10-03T05:39:19Z,CAPTURED,2,2,
1383776,/fixtures/lineups,Lithuania,362,A Lyga,2025,Regular Season - 25,2025-08-17T16:00:00+00:00,Hegelmann Litauen,Panevėžys,1,2026-10-03T05:39:19Z,CAPTURED,2,2,
1383777,/fixtures/lineups,Lithuania,362,A Lyga,2025,Regular Season - 25,2025-08-17T17:00:00+00:00,FK Zalgiris Vilnius,FK Trakai,1,2026-10-03T05:39:19Z,CAPTURED,2,2,
1383778,/fixtures/lineups,Lithuania,362,A Lyga,2025,Regular Season - 26,2025-08-25T16:00:00+00:00,Šiauliai,Suduva Marijampole,1,2026-10-03T05:39:19Z,CAPTURED,2,2,
1383779,/fixtures/lineups,Lithuania,362,A Lyga,2025,Regular Season - 26,2025-08-22T16:00:00+00:00,FK Trakai,Džiugas Telšiai,1,2026-10-03T05:39:19Z,CAPTURED,2,2,
1437253,/fixtures/lineups,Lithuania,362,A Lyga,2025,Regular Season - 26,2025-08-24T16:00:00+00:00,Hegelmann Litauen,FK Zalgiris Vilnius,1,2026-10-03T05:39:19Z,CAPTURED,2,2,
1442243,/fixtures/lineups,Lithuania,362,A Lyga,2025,Regular Season - 26,2025-08-24T14:00:00+00:00,Dainava,Banga,1,2026-10-03T05:39:19Z,CAPTURED,2,2,
1442244,/fixtures/lineups,Lithuania,362,A Lyga,2025,Regular Season - 26,2025-08-24T15:25:00+00:00,Panevėžys,Kauno Žalgiris,1,2026-10-03T05:39:19Z,CAPTURED,2,2,
1381466,/fixtures/lineups,Lithuania,362,A Lyga,2025,Regular Season - 24,2025-09-24T16:00:00+00:00,Kauno Žalgiris,Suduva Marijampole,1,2026-10-03T09:30:59Z,CAPTURED,2,2,
1383780,/fixtures/lineups,Lithuania,362,A Lyga,2025,Regular Season - 27,2025-08-30T16:00:00+00:00,Suduva Marijampole,Hegelmann Litauen,1,2026-10-03T09:30:59Z,CAPTURED,2,2,
1383781,/fixtures/lineups,Lithuania,362,A Lyga,2025,Regular Season - 27,2025-08-30T14:00:00+00:00,Banga,Kauno Žalgiris,1,2026-10-03T09:30:59Z,CAPTURED,2,2,
1383782,/fixtures/lineups,Lithuania,362,A Lyga,2025,Regular Season - 27,2025-08-31T14:00:00+00:00,Džiugas Telšiai,Šiauliai,1,2026-10-03T09:30:59Z,CAPTURED,2,2,
1383783,/fixtures/lineups,Lithuania,362,A Lyga,2025,Regular Season - 27,2025-08-30T15:00:00+00:00,FK Trakai,Dainava,1,2026-10-03T09:30:59Z,CAPTURED,2,2,
1383784,/fixtures/lineups,Lithuania,362,A Lyga,2025,Regular Season - 27,2025-08-31T15:25:00+00:00,FK Zalgiris Vilnius,Panevėžys,1,2026-10-03T09:30:59Z,CAPTURED,2,2,
1399275,/fixtures/lineups,Lithuania,362,A Lyga,2025,Regular Season - 28,2025-09-12T16:00:00+00:00,Suduva Marijampole,Panevėžys,1,2026-10-03T09:30:59Z,CAPTURED,2,2,
1399276,/fixtures/lineups,Lithuania,362,A Lyga,2025,Regular Season - 28,2025-09-12T17:00:00+00:00,Džiugas Telšiai,Dainava,1,2026-10-03T09:30:59Z,CAPTURED,2,2,
1399277,/fixtures/lineups,Lithuania,362,A Lyga,2025,Regular Season - 28,2025-09-13T14:00:00+00:00,Banga,FK Zalgiris Vilnius,1,2026-10-03T09:30:59Z,CAPTURED,2,2,
1399278,/fixtures/lineups,Lithuania,362,A Lyga,2025,Regular Season - 28,2025-09-14T13:00:00+00:00,Kauno Žalgiris,FK Trakai,1,2026-10-03T09:30:59Z,CAPTURED,2,2,
1399279,/fixtures/lineups,Lithuania,362,A Lyga,2025,Regular Season - 28,2025-09-14T15:25:00+00:00,Šiauliai,Hegelmann Litauen,1,2026-10-03T09:30:59Z,CAPTURED,2,2,
1399280,/fixtures/lineups,Lithuania,362,A Lyga,2025,Regular Season - 29,2025-09-19T16:30:00+00:00,Dainava,Šiauliai,1,2026-10-03T09:30:59Z,CAPTURED,2,2,
1399281,/fixtures/lineups,Lithuania,362,A Lyga,2025,Regular Season - 29,2025-09-19T16:30:00+00:00,FK Trakai,FK Zalgiris Vilnius,1,2026-10-03T09:30:59Z,CAPTURED,2,2,
1399282,/fixtures/lineups,Lithuania,362,A Lyga,2025,Regular Season - 29,2025-09-21T14:00:00+00:00,Panevėžys,Hegelmann Litauen,1,2026-10-03T09:30:59Z,CAPTURED,2,2,
1399283,/fixtures/lineups,Lithuania,362,A Lyga,2025,Regular Season - 29,2025-09-21T14:00:00+00:00,Kauno Žalgiris,Džiugas Telšiai,1,2026-10-03T09:30:59Z,CAPTURED,2,2,
1399284,/fixtures/lineups,Lithuania,362,A Lyga,2025,Regular Season - 29,2025-09-21T15:25:00+00:00,Banga,Suduva Marijampole,1,2026-10-03T09:30:59Z,CAPTURED,2,2,
1468991,/fixtures/lineups,Lithuania,362,A Lyga,2025,Regular Season - 34,2025-09-26T15:30:00+00:00,Banga,Džiugas Telšiai,1,2026-10-03T09:30:59Z,CAPTURED,2,2,
1468992,/fixtures/lineups,Lithuania,362,A Lyga,2025,Regular Season - 34,2025-10-01T16:00:00+00:00,Panevėžys,Dainava,1,2026-10-03T09:30:59Z,CAPTURED,2,2,
1468993,/fixtures/lineups,Lithuania,362,A Lyga,2025,Regular Season - 34,2025-10-01T16:00:00+00:00,Hegelmann Litauen,Kauno Žalgiris,1,2026-10-03T09:30:59Z,CAPTURED,2,2,
1468994,/fixtures/lineups,Lithuania,362,A Lyga,2025,Regular Season - 34,2025-09-29T16:00:00+00:00,Suduva Marijampole,FK Zalgiris Vilnius,1,2026-10-03T09:30:59Z,CAPTURED,2,2,
1468995,/fixtures/lineups,Lithuania,362,A Lyga,2025,Regular Season - 30,2025-10-05T15:25:00+00:00,Šiauliai,Panevėžys,1,2026-10-03T09:30:59Z,CAPTURED,2,2,
1468996,/fixtures/lineups,Lithuania,362,A Lyga,2025,Regular Season - 30,2025-10-05T16:30:00+00:00,Hegelmann Litauen,Banga,1,2026-10-03T09:30:59Z,CAPTURED,2,2,
1468997,/fixtures/lineups,Lithuania,362,A Lyga,2025,Regular Season - 31,2025-10-18T15:00:00+00:00,FK Trakai,Hegelmann Litauen,1,2026-10-03T09:30:59Z,CAPTURED,2,2,
1468998,/fixtures/lineups,Lithuania,362,A Lyga,2025,Regular Season - 31,2025-10-18T13:00:00+00:00,Dainava,FK Zalgiris Vilnius,1,2026-10-03T09:30:59Z,CAPTURED,2,2,
1468999,/fixtures/lineups,Lithuania,362,A Lyga,2025,Regular Season - 31,2025-10-18T15:25:00+00:00,Džiugas Telšiai,Suduva Marijampole,1,2026-10-03T09:30:59Z,CAPTURED,2,2,
1469000,/fixtures/lineups,Lithuania,362,A Lyga,2025,Regular Season - 32,2025-10-23T16:00:00+00:00,Suduva Marijampole,Dainava,1,2026-10-03T09:30:59Z,CAPTURED,2,2,
1469001,/fixtures/lineups,Lithuania,362,A Lyga,2025,Regular Season - 33,2025-10-27T17:00:00+00:00,Dainava,Hegelmann Litauen,1,2026-10-03T09:30:59Z,CAPTURED,2,2,
1469002,/fixtures/lineups,Lithuania,362,A Lyga,2025,Regular Season - 33,2025-10-26T14:00:00+00:00,Džiugas Telšiai,Panevėžys,1,2026-10-03T09:30:59Z,CAPTURED,2,2,
1469003,/fixtures/lineups,Lithuania,362,A Lyga,2025,Regular Season - 33,2025-10-27T17:00:00+00:00,Suduva Marijampole,Kauno Žalgiris,1,2026-10-03T09:30:59Z,CAPTURED,2,2,
1469004,/fixtures/lineups,Lithuania,362,A Lyga,2025,Regular Season - 35,2025-11-02T16:25:00+00:00,Suduva Marijampole,Šiauliai,1,2026-10-03T09:30:59Z,CAPTURED,2,2,
1469005,/fixtures/lineups,Lithuania,362,A Lyga,2025,Regular Season - 35,2025-11-02T12:00:00+00:00,Kauno Žalgiris,Panevėžys,1,2026-10-03T09:30:59Z,CAPTURED,2,2,
1469006,/fixtures/lineups,Lithuania,362,A Lyga,2025,Regular Season - 35,2025-11-02T13:00:00+00:00,Džiugas Telšiai,FK Trakai,1,2026-10-03T09:30:59Z,CAPTURED,2,2,
1469007,/fixtures/lineups,Lithuania,362,A Lyga,2025,Regular Season - 36,2025-11-08T13:00:00+00:00,Dainava,FK Trakai,1,2026-10-03T09:30:59Z,CAPTURED,2,2,
1469008,/fixtures/lineups,Lithuania,362,A Lyga,2025,Regular Season - 36,2025-11-08T13:00:00+00:00,Kauno Žalgiris,Banga,1,2026-10-03T09:30:59Z,CAPTURED,2,2,
1469283,/fixtures/lineups,Lithuania,362,A Lyga,2025,Regular Season - 34,2025-09-27T13:00:00+00:00,Šiauliai,FK Trakai,1,2026-10-03T09:30:59Z,CAPTURED,2,2,
1469284,/fixtures/lineups,Lithuania,362,A Lyga,2025,Regular Season - 30,2025-10-04T17:30:00+00:00,FK Trakai,Suduva Marijampole,1,2026-10-03T09:30:59Z,CAPTURED,2,2,
1469285,/fixtures/lineups,Lithuania,362,A Lyga,2025,Regular Season - 33,2025-10-26T12:00:00+00:00,FK Trakai,Banga,1,2026-10-03T09:30:59Z,CAPTURED,2,2,
1469286,/fixtures/lineups,Lithuania,362,A Lyga,2025,Regular Season - 36,2025-11-08T13:00:00+00:00,Šiauliai,Džiugas Telšiai,1,2026-10-03T09:30:59Z,CAPTURED,2,2,
1477879,/fixtures/lineups,Lithuania,362,A Lyga,2025,Regular Season - 30,2025-10-04T16:00:00+00:00,Dainava,Kauno Žalgiris,1,2026-10-03T09:30:59Z,CAPTURED,2,2,
1477880,/fixtures/lineups,Lithuania,362,A Lyga,2025,Regular Season - 30,2025-10-05T13:00:00+00:00,Džiugas Telšiai,FK Zalgiris Vilnius,1,2026-10-03T09:30:59Z,CAPTURED,2,2,
1477881,/fixtures/lineups,Lithuania,362,A Lyga,2025,Regular Season - 31,2025-10-17T16:00:00+00:00,Kauno Žalgiris,Šiauliai,1,2026-10-03T09:30:59Z,CAPTURED,2,2,
1477882,/fixtures/lineups,Lithuania,362,A Lyga,2025,Regular Season - 31,2025-10-18T12:00:00+00:00,Banga,Panevėžys,1,2026-10-03T09:30:59Z,CAPTURED,2,2,
1477883,/fixtures/lineups,Lithuania,362,A Lyga,2025,Regular Season - 32,2025-10-22T15:30:00+00:00,Šiauliai,Banga,1,2026-10-03T09:30:59Z,CAPTURED,2,2,
1477884,/fixtures/lineups,Lithuania,362,A Lyga,2025,Regular Season - 32,2025-10-22T16:00:00+00:00,Panevėžys,FK Trakai,1,2026-10-03T09:30:59Z,CAPTURED,2,2,
1477885,/fixtures/lineups,Lithuania,362,A Lyga,2025,Regular Season - 32,2025-10-22T16:00:00+00:00,Kauno Žalgiris,FK Zalgiris Vilnius,1,2026-10-03T09:30:59Z,CAPTURED,2,2,
1477886,/fixtures/lineups,Lithuania,362,A Lyga,2025,Regular Season - 32,2025-10-23T15:30:00+00:00,Hegelmann Litauen,Džiugas Telšiai,1,2026-10-03T09:30:59Z,CAPTURED,2,2,
1477887,/fixtures/lineups,Lithuania,362,A Lyga,2025,Regular Season - 33,2025-10-26T16:25:00+00:00,FK Zalgiris Vilnius,Šiauliai,1,2026-10-03T09:30:59Z,CAPTURED,2,2,
1477888,/fixtures/lineups,Lithuania,362,A Lyga,2025,Regular Season - 35,2025-11-02T15:00:00+00:00,Banga,Dainava,1,2026-10-03T09:30:59Z,CAPTURED,2,2,
1477889,/fixtures/lineups,Lithuania,362,A Lyga,2025,Regular Season - 35,2025-11-02T16:25:00+00:00,FK Zalgiris Vilnius,Hegelmann Litauen,1,2026-10-03T09:30:59Z,CAPTURED,2,2,
1477890,/fixtures/lineups,Lithuania,362,A Lyga,2025,Regular Season - 36,2025-11-08T13:00:00+00:00,Panevėžys,FK Zalgiris Vilnius,1,2026-10-03T09:30:59Z,CAPTURED,2,2,
1380867,/fixtures/lineups,Netherlands,88,Eredivisie,2025,Regular Season - 1,2025-08-08T18:00:00+00:00,Fortuna Sittard,GO Ahead Eagles,1,2026-10-03T18:23:24Z,CAPTURED,2,2,
1380868,/fixtures/lineups,Netherlands,88,Eredivisie,2025,Regular Season - 1,2025-08-09T14:30:00+00:00,NEC Nijmegen,Excelsior,1,2026-10-03T18:23:24Z,CAPTURED,2,2,
1380869,/fixtures/lineups,Netherlands,88,Eredivisie,2025,Regular Season - 1,2025-08-09T16:45:00+00:00,Feyenoord,NAC Breda,1,2026-10-03T18:23:24Z,CAPTURED,2,2,
1380870,/fixtures/lineups,Netherlands,88,Eredivisie,2025,Regular Season - 1,2025-08-09T18:00:00+00:00,Heerenveen,FC Volendam,1,2026-10-03T18:23:24Z,CAPTURED,2,2,
1380871,/fixtures/lineups,Netherlands,88,Eredivisie,2025,Regular Season - 1,2025-08-09T19:00:00+00:00,PSV Eindhoven,Sparta Rotterdam,1,2026-10-03T18:23:24Z,CAPTURED,2,2,
1380872,/fixtures/lineups,Netherlands,88,Eredivisie,2025,Regular Season - 1,2025-08-10T10:15:00+00:00,PEC Zwolle,Twente,1,2026-10-03T18:23:24Z,CAPTURED,2,2,
1380873,/fixtures/lineups,Netherlands,88,Eredivisie,2025,Regular Season - 1,2025-08-10T12:30:00+00:00,Ajax,Telstar,1,2026-10-03T18:23:24Z,CAPTURED,2,2,
1380874,/fixtures/lineups,Netherlands,88,Eredivisie,2025,Regular Season - 1,2025-08-10T12:30:00+00:00,AZ Alkmaar,Groningen,1,2026-10-03T18:23:24Z,CAPTURED,2,2,
1380875,/fixtures/lineups,Netherlands,88,Eredivisie,2025,Regular Season - 1,2025-08-10T14:45:00+00:00,Utrecht,Heracles,1,2026-10-03T18:23:24Z,CAPTURED,2,2,
1380876,/fixtures/lineups,Netherlands,88,Eredivisie,2025,Regular Season - 2,2025-08-15T18:00:00+00:00,Telstar,PEC Zwolle,1,2026-10-03T18:23:24Z,CAPTURED,2,2,
1380877,/fixtures/lineups,Netherlands,88,Eredivisie,2025,Regular Season - 2,2025-08-16T19:00:00+00:00,Groningen,Heerenveen,1,2026-10-03T18:23:24Z,CAPTURED,2,2,
1380878,/fixtures/lineups,Netherlands,88,Eredivisie,2025,Regular Season - 2,2025-08-16T16:45:00+00:00,Excelsior,Feyenoord,1,2026-10-03T18:23:24Z,CAPTURED,2,2,
1380879,/fixtures/lineups,Netherlands,88,Eredivisie,2025,Regular Season - 2,2025-08-16T18:00:00+00:00,Heracles,NEC Nijmegen,1,2026-10-03T18:23:24Z,CAPTURED,2,2,
1380880,/fixtures/lineups,Netherlands,88,Eredivisie,2025,Regular Season - 2,2025-08-17T10:15:00+00:00,GO Ahead Eagles,Ajax,1,2026-10-03T18:23:24Z,CAPTURED,2,2,
1380881,/fixtures/lineups,Netherlands,88,Eredivisie,2025,Regular Season - 2,2025-08-17T12:30:00+00:00,Sparta Rotterdam,Utrecht,1,2026-10-03T18:23:24Z,CAPTURED,2,2,
1380882,/fixtures/lineups,Netherlands,88,Eredivisie,2025,Regular Season - 2,2025-08-17T12:30:00+00:00,Twente,PSV Eindhoven,1,2026-10-03T18:23:24Z,CAPTURED,2,2,
1380883,/fixtures/lineups,Netherlands,88,Eredivisie,2025,Regular Season - 2,2025-08-17T14:45:00+00:00,FC Volendam,AZ Alkmaar,1,2026-10-03T18:23:24Z,CAPTURED,2,2,
1380884,/fixtures/lineups,Netherlands,88,Eredivisie,2025,Regular Season - 2,2025-08-17T18:00:00+00:00,NAC Breda,Fortuna Sittard,1,2026-10-03T18:23:24Z,CAPTURED,2,2,
1380885,/fixtures/lineups,Netherlands,88,Eredivisie,2025,Regular Season - 3,2025-08-23T14:30:00+00:00,GO Ahead Eagles,Sparta Rotterdam,1,2026-10-03T18:23:24Z,CAPTURED,2,2,
1380886,/fixtures/lineups,Netherlands,88,Eredivisie,2025,Regular Season - 3,2025-08-23T16:45:00+00:00,PSV Eindhoven,Groningen,1,2026-10-03T18:23:24Z,CAPTURED,2,2,
1380887,/fixtures/lineups,Netherlands,88,Eredivisie,2025,Regular Season - 3,2025-08-23T19:00:00+00:00,Telstar,FC Volendam,1,2026-10-03T18:23:24Z,CAPTURED,2,2,
1380889,/fixtures/lineups,Netherlands,88,Eredivisie,2025,Regular Season - 3,2025-08-24T10:15:00+00:00,Heerenveen,Twente,1,2026-10-03T18:23:24Z,CAPTURED,2,2,
1380890,/fixtures/lineups,Netherlands,88,Eredivisie,2025,Regular Season - 3,2025-08-24T12:30:00+00:00,NEC Nijmegen,NAC Breda,1,2026-10-03T18:23:24Z,CAPTURED,2,2,
1380891,/fixtures/lineups,Netherlands,88,Eredivisie,2025,Regular Season - 3,2025-08-24T12:30:00+00:00,Utrecht,Excelsior,1,2026-10-03T18:23:24Z,CAPTURED,2,2,
1380892,/fixtures/lineups,Netherlands,88,Eredivisie,2025,Regular Season - 3,2025-08-24T14:45:00+00:00,Ajax,Heracles,1,2026-10-03T18:23:24Z,CAPTURED,2,2,
1380893,/fixtures/lineups,Netherlands,88,Eredivisie,2025,Regular Season - 4,2025-08-29T18:00:00+00:00,Groningen,Heracles,1,2026-10-03T18:23:24Z,CAPTURED,2,2,
1380894,/fixtures/lineups,Netherlands,88,Eredivisie,2025,Regular Season - 4,2025-08-30T14:30:00+00:00,FC Volendam,Ajax,1,2026-10-03T18:23:24Z,CAPTURED,2,2,
1380895,/fixtures/lineups,Netherlands,88,Eredivisie,2025,Regular Season - 4,2025-08-30T16:45:00+00:00,Heerenveen,GO Ahead Eagles,1,2026-10-03T18:23:24Z,CAPTURED,2,2,
1380896,/fixtures/lineups,Netherlands,88,Eredivisie,2025,Regular Season - 4,2025-08-30T18:00:00+00:00,PSV Eindhoven,Telstar,1,2026-10-03T18:23:24Z,CAPTURED,2,2,
1380897,/fixtures/lineups,Netherlands,88,Eredivisie,2025,Regular Season - 4,2025-08-30T19:00:00+00:00,Excelsior,Twente,1,2026-10-03T18:23:24Z,CAPTURED,2,2,
1380898,/fixtures/lineups,Netherlands,88,Eredivisie,2025,Regular Season - 4,2025-08-31T10:15:00+00:00,Fortuna Sittard,NEC Nijmegen,1,2026-10-03T18:23:24Z,CAPTURED,2,2,
1380899,/fixtures/lineups,Netherlands,88,Eredivisie,2025,Regular Season - 4,2025-08-31T12:30:00+00:00,Sparta Rotterdam,Feyenoord,1,2026-10-03T18:23:24Z,CAPTURED,2,2,
1380900,/fixtures/lineups,Netherlands,88,Eredivisie,2025,Regular Season - 4,2025-08-31T12:30:00+00:00,PEC Zwolle,Utrecht,1,2026-10-03T18:23:24Z,CAPTURED,2,2,
1380901,/fixtures/lineups,Netherlands,88,Eredivisie,2025,Regular Season - 4,2025-08-31T14:45:00+00:00,NAC Breda,AZ Alkmaar,1,2026-10-03T18:23:24Z,CAPTURED,2,2,
1380902,/fixtures/lineups,Netherlands,88,Eredivisie,2025,Regular Season - 5,2025-09-13T14:30:00+00:00,Ajax,PEC Zwolle,1,2026-10-03T18:23:24Z,CAPTURED,2,2,
1380903,/fixtures/lineups,Netherlands,88,Eredivisie,2025,Regular Season - 5,2025-09-13T16:45:00+00:00,GO Ahead Eagles,FC Volendam,1,2026-10-03T18:23:24Z,CAPTURED,2,2,
1380904,/fixtures/lineups,Netherlands,88,Eredivisie,2025,Regular Season - 5,2025-09-13T16:45:00+00:00,NEC Nijmegen,PSV Eindhoven,1,2026-10-03T18:23:24Z,CAPTURED,2,2,
1380905,/fixtures/lineups,Netherlands,88,Eredivisie,2025,Regular Season - 5,2025-09-13T19:00:00+00:00,Feyenoord,Heerenveen,1,2026-10-03T18:23:24Z,CAPTURED,2,2,
1380906,/fixtures/lineups,Netherlands,88,Eredivisie,2025,Regular Season - 5,2025-09-13T19:00:00+00:00,Twente,NAC Breda,1,2026-10-03T18:23:24Z,CAPTURED,2,2,
1380907,/fixtures/lineups,Netherlands,88,Eredivisie,2025,Regular Season - 5,2025-09-14T10:15:00+00:00,Excelsior,Sparta Rotterdam,1,2026-10-03T18:23:24Z,CAPTURED,2,2,
1380908,/fixtures/lineups,Netherlands,88,Eredivisie,2025,Regular Season - 5,2025-09-14T12:30:00+00:00,Heracles,AZ Alkmaar,1,2026-10-03T18:23:24Z,CAPTURED,2,2,
1380909,/fixtures/lineups,Netherlands,88,Eredivisie,2025,Regular Season - 5,2025-09-14T12:30:00+00:00,Utrecht,Groningen,1,2026-10-03T18:23:24Z,CAPTURED,2,2,
1380910,/fixtures/lineups,Netherlands,88,Eredivisie,2025,Regular Season - 5,2025-09-14T14:45:00+00:00,Telstar,Fortuna Sittard,1,2026-10-03T18:23:24Z,CAPTURED,2,2,
1380911,/fixtures/lineups,Netherlands,88,Eredivisie,2025,Regular Season - 3,2025-09-17T18:00:00+00:00,Feyenoord,Fortuna Sittard,1,2026-10-03T18:23:24Z,CAPTURED,2,2,
1380912,/fixtures/lineups,Netherlands,88,Eredivisie,2025,Regular Season - 6,2025-09-19T18:00:00+00:00,Sparta Rotterdam,Twente,1,2026-10-03T18:23:24Z,CAPTURED,2,2,
1380913,/fixtures/lineups,Netherlands,88,Eredivisie,2025,Regular Season - 6,2025-09-20T14:30:00+00:00,FC Volendam,Excelsior,1,2026-10-03T18:23:24Z,CAPTURED,2,2,
1380914,/fixtures/lineups,Netherlands,88,Eredivisie,2025,Regular Season - 6,2025-09-20T16:45:00+00:00,Groningen,Telstar,1,2026-10-03T18:23:24Z,CAPTURED,2,2,
1477891,/fixtures/lineups,Lithuania,362,A Lyga,2025,Regular Season - 36,2025-11-08T13:00:00+00:00,Hegelmann Litauen,Suduva Marijampole,1,2026-10-03T18:23:24Z,CAPTURED,2,2,
1485629,/fixtures/lineups,Lithuania,362,A Lyga,2025,Final,2025-11-15T12:00:00+00:00,Neptūną Klaipėda,FK Trakai,1,2026-10-03T18:23:24Z,CAPTURED,2,2,
1485630,/fixtures/lineups,Lithuania,362,A Lyga,2025,Final,2025-11-22T12:00:00+00:00,FK Trakai,Neptūną Klaipėda,1,2026-10-03T18:23:24Z,CAPTURED,2,2,
1380888,/fixtures/lineups,Netherlands,88,Eredivisie,2025,Regular Season - 3,2025-09-24T18:00:00+00:00,AZ Alkmaar,PEC Zwolle,1,2026-10-04T02:49:25Z,CAPTURED,2,2,
1380915,/fixtures/lineups,Netherlands,88,Eredivisie,2025,Regular Season - 6,2025-09-20T18:00:00+00:00,Fortuna Sittard,Utrecht,1,2026-10-04T02:49:25Z,CAPTURED,2,2,
1380916,/fixtures/lineups,Netherlands,88,Eredivisie,2025,Regular Season - 6,2025-09-20T19:00:00+00:00,NAC Breda,Heracles,1,2026-10-04T02:49:25Z,CAPTURED,2,2,
1380917,/fixtures/lineups,Netherlands,88,Eredivisie,2025,Regular Season - 6,2025-09-21T10:15:00+00:00,PEC Zwolle,GO Ahead Eagles,1,2026-10-04T02:49:25Z,CAPTURED,2,2,
1380918,/fixtures/lineups,Netherlands,88,Eredivisie,2025,Regular Season - 6,2025-09-21T12:30:00+00:00,Heerenveen,NEC Nijmegen,1,2026-10-04T02:49:25Z,CAPTURED,2,2,
1380919,/fixtures/lineups,Netherlands,88,Eredivisie,2025,Regular Season - 6,2025-09-21T12:30:00+00:00,PSV Eindhoven,Ajax,1,2026-10-04T02:49:25Z,CAPTURED,2,2,
1380920,/fixtures/lineups,Netherlands,88,Eredivisie,2025,Regular Season - 6,2025-09-21T14:45:00+00:00,AZ Alkmaar,Feyenoord,1,2026-10-04T02:49:25Z,CAPTURED,2,2,
1380921,/fixtures/lineups,Netherlands,88,Eredivisie,2025,Regular Season - 7,2025-09-26T18:00:00+00:00,Twente,Fortuna Sittard,1,2026-10-04T02:49:25Z,CAPTURED,2,2,
1380922,/fixtures/lineups,Netherlands,88,Eredivisie,2025,Regular Season - 7,2025-09-28T12:30:00+00:00,Groningen,Feyenoord,1,2026-10-04T02:49:25Z,CAPTURED,2,2,
1380923,/fixtures/lineups,Netherlands,88,Eredivisie,2025,Regular Season - 7,2025-09-27T14:30:00+00:00,Ajax,NAC Breda,1,2026-10-04T02:49:25Z,CAPTURED,2,2,
1380924,/fixtures/lineups,Netherlands,88,Eredivisie,2025,Regular Season - 7,2025-09-27T16:45:00+00:00,FC Volendam,PEC Zwolle,1,2026-10-04T02:49:25Z,CAPTURED,2,2,
1380925,/fixtures/lineups,Netherlands,88,Eredivisie,2025,Regular Season - 7,2025-09-27T18:00:00+00:00,Excelsior,PSV Eindhoven,1,2026-10-04T02:49:25Z,CAPTURED,2,2,
1380926,/fixtures/lineups,Netherlands,88,Eredivisie,2025,Regular Season - 7,2025-09-28T10:15:00+00:00,NEC Nijmegen,AZ Alkmaar,1,2026-10-04T02:49:25Z,CAPTURED,2,2,
1380927,/fixtures/lineups,Netherlands,88,Eredivisie,2025,Regular Season - 7,2025-09-27T19:00:00+00:00,Heracles,Sparta Rotterdam,1,2026-10-04T02:49:25Z,CAPTURED,2,2,
1380928,/fixtures/lineups,Netherlands,88,Eredivisie,2025,Regular Season - 7,2025-09-28T12:30:00+00:00,Utrecht,Heerenveen,1,2026-10-04T02:49:25Z,CAPTURED,2,2,
1380929,/fixtures/lineups,Netherlands,88,Eredivisie,2025,Regular Season - 7,2025-09-28T14:45:00+00:00,Telstar,GO Ahead Eagles,1,2026-10-04T02:49:25Z,CAPTURED,2,2,
1380930,/fixtures/lineups,Netherlands,88,Eredivisie,2025,Regular Season - 8,2025-10-03T18:00:00+00:00,NAC Breda,Groningen,1,2026-10-04T02:49:25Z,CAPTURED,2,2,
1380931,/fixtures/lineups,Netherlands,88,Eredivisie,2025,Regular Season - 8,2025-10-04T14:30:00+00:00,Sparta Rotterdam,Ajax,1,2026-10-04T02:49:25Z,CAPTURED,2,2,
1380932,/fixtures/lineups,Netherlands,88,Eredivisie,2025,Regular Season - 8,2025-10-04T16:45:00+00:00,Fortuna Sittard,FC Volendam,1,2026-10-04T02:49:25Z,CAPTURED,2,2,
1380933,/fixtures/lineups,Netherlands,88,Eredivisie,2025,Regular Season - 8,2025-10-04T18:00:00+00:00,PEC Zwolle,PSV Eindhoven,1,2026-10-04T02:49:25Z,CAPTURED,2,2,
1380934,/fixtures/lineups,Netherlands,88,Eredivisie,2025,Regular Season - 8,2025-10-04T19:00:00+00:00,Heerenveen,Excelsior,1,2026-10-04T02:49:25Z,CAPTURED,2,2,
1380935,/fixtures/lineups,Netherlands,88,Eredivisie,2025,Regular Season - 8,2025-10-05T10:15:00+00:00,Twente,Heracles,1,2026-10-04T02:49:25Z,CAPTURED,2,2,
1380936,/fixtures/lineups,Netherlands,88,Eredivisie,2025,Regular Season - 8,2025-10-05T14:45:00+00:00,AZ Alkmaar,Telstar,1,2026-10-04T02:49:25Z,CAPTURED,2,2,
1380937,/fixtures/lineups,Netherlands,88,Eredivisie,2025,Regular Season - 8,2025-10-05T12:30:00+00:00,Feyenoord,Utrecht,1,2026-10-04T02:49:25Z,CAPTURED,2,2,
1380938,/fixtures/lineups,Netherlands,88,Eredivisie,2025,Regular Season - 8,2025-10-05T18:00:00+00:00,GO Ahead Eagles,NEC Nijmegen,1,2026-10-04T02:49:25Z,CAPTURED,2,2,
1380939,/fixtures/lineups,Netherlands,88,Eredivisie,2025,Regular Season - 9,2025-10-19T14:45:00+00:00,Heracles,Feyenoord,1,2026-10-04T02:49:25Z,CAPTURED,2,2,
1380940,/fixtures/lineups,Netherlands,88,Eredivisie,2025,Regular Season - 9,2025-10-18T16:45:00+00:00,PSV Eindhoven,GO Ahead Eagles,1,2026-10-04T02:49:25Z,CAPTURED,2,2,
1380941,/fixtures/lineups,Netherlands,88,Eredivisie,2025,Regular Season - 9,2025-10-18T16:45:00+00:00,Utrecht,FC Volendam,1,2026-10-04T02:49:25Z,CAPTURED,2,2,
1380942,/fixtures/lineups,Netherlands,88,Eredivisie,2025,Regular Season - 9,2025-10-18T19:00:00+00:00,Ajax,AZ Alkmaar,1,2026-10-04T02:49:25Z,CAPTURED,2,2,
1380943,/fixtures/lineups,Netherlands,88,Eredivisie,2025,Regular Season - 9,2025-10-18T19:00:00+00:00,NAC Breda,PEC Zwolle,1,2026-10-04T02:49:25Z,CAPTURED,2,2,
1380944,/fixtures/lineups,Netherlands,88,Eredivisie,2025,Regular Season - 9,2025-10-19T12:30:00+00:00,Groningen,Sparta Rotterdam,1,2026-10-04T02:49:25Z,CAPTURED,2,2,
1380945,/fixtures/lineups,Netherlands,88,Eredivisie,2025,Regular Season - 9,2025-10-19T12:30:00+00:00,Excelsior,Fortuna Sittard,1,2026-10-04T02:49:25Z,CAPTURED,2,2,
1380946,/fixtures/lineups,Netherlands,88,Eredivisie,2025,Regular Season - 9,2025-10-19T10:15:00+00:00,Telstar,Heerenveen,1,2026-10-04T02:49:25Z,CAPTURED,2,2,
1380947,/fixtures/lineups,Netherlands,88,Eredivisie,2025,Regular Season - 9,2025-10-18T14:30:00+00:00,NEC Nijmegen,Twente,1,2026-10-04T02:49:25Z,CAPTURED,2,2,
1380948,/fixtures/lineups,Netherlands,88,Eredivisie,2025,Regular Season - 10,2025-10-24T18:00:00+00:00,Heerenveen,NAC Breda,1,2026-10-04T02:49:25Z,CAPTURED,2,2,
1380949,/fixtures/lineups,Netherlands,88,Eredivisie,2025,Regular Season - 10,2025-10-25T14:30:00+00:00,Fortuna Sittard,Groningen,1,2026-10-04T02:49:25Z,CAPTURED,2,2,
1380950,/fixtures/lineups,Netherlands,88,Eredivisie,2025,Regular Season - 10,2025-10-25T18:00:00+00:00,FC Volendam,Heracles,1,2026-10-04T02:49:25Z,CAPTURED,2,2,
1380951,/fixtures/lineups,Netherlands,88,Eredivisie,2025,Regular Season - 10,2025-10-25T16:45:00+00:00,Sparta Rotterdam,Telstar,1,2026-10-04T02:49:25Z,CAPTURED,2,2,
1380952,/fixtures/lineups,Netherlands,88,Eredivisie,2025,Regular Season - 10,2025-10-25T19:00:00+00:00,PEC Zwolle,NEC Nijmegen,1,2026-10-04T02:49:25Z,CAPTURED,2,2,
1380953,/fixtures/lineups,Netherlands,88,Eredivisie,2025,Regular Season - 10,2025-10-26T11:15:00+00:00,Twente,Ajax,1,2026-10-04T02:49:25Z,CAPTURED,2,2,
1380954,/fixtures/lineups,Netherlands,88,Eredivisie,2025,Regular Season - 10,2025-10-26T13:30:00+00:00,Feyenoord,PSV Eindhoven,1,2026-10-04T02:49:25Z,CAPTURED,2,2,
1380955,/fixtures/lineups,Netherlands,88,Eredivisie,2025,Regular Season - 10,2025-10-26T19:00:00+00:00,GO Ahead Eagles,Excelsior,1,2026-10-04T02:49:25Z,CAPTURED,2,2,
1380956,/fixtures/lineups,Netherlands,88,Eredivisie,2025,Regular Season - 10,2025-10-26T15:45:00+00:00,AZ Alkmaar,Utrecht,1,2026-10-04T02:49:25Z,CAPTURED,2,2,
1380957,/fixtures/lineups,Netherlands,88,Eredivisie,2025,Regular Season - 11,2025-10-31T19:00:00+00:00,PSV Eindhoven,Fortuna Sittard,1,2026-10-04T02:49:25Z,CAPTURED,2,2,
1380958,/fixtures/lineups,Netherlands,88,Eredivisie,2025,Regular Season - 11,2025-11-01T19:00:00+00:00,Feyenoord,FC Volendam,1,2026-10-04T02:49:25Z,CAPTURED,2,2,
1380959,/fixtures/lineups,Netherlands,88,Eredivisie,2025,Regular Season - 11,2025-11-01T17:45:00+00:00,NAC Breda,GO Ahead Eagles,1,2026-10-04T02:49:25Z,CAPTURED,2,2,
1380960,/fixtures/lineups,Netherlands,88,Eredivisie,2025,Regular Season - 11,2025-11-01T15:30:00+00:00,Ajax,Heerenveen,1,2026-10-04T02:49:25Z,CAPTURED,2,2,
1380961,/fixtures/lineups,Netherlands,88,Eredivisie,2025,Regular Season - 11,2025-11-01T20:00:00+00:00,Telstar,Excelsior,1,2026-10-04T02:49:25Z,CAPTURED,2,2,
1380962,/fixtures/lineups,Netherlands,88,Eredivisie,2025,Regular Season - 11,2025-11-02T11:15:00+00:00,Heracles,PEC Zwolle,1,2026-10-04T02:49:25Z,CAPTURED,2,2,
1380963,/fixtures/lineups,Netherlands,88,Eredivisie,2025,Regular Season - 11,2025-11-02T13:30:00+00:00,Groningen,Twente,1,2026-10-04T02:49:25Z,CAPTURED,2,2,
1380964,/fixtures/lineups,Netherlands,88,Eredivisie,2025,Regular Season - 11,2025-11-02T13:30:00+00:00,Sparta Rotterdam,AZ Alkmaar,1,2026-10-04T11:04:57Z,CAPTURED,2,2,
1380965,/fixtures/lineups,Netherlands,88,Eredivisie,2025,Regular Season - 11,2025-11-02T15:45:00+00:00,Utrecht,NEC Nijmegen,1,2026-10-04T11:04:57Z,CAPTURED,2,2,
1380966,/fixtures/lineups,Netherlands,88,Eredivisie,2025,Regular Season - 12,2025-11-07T19:00:00+00:00,Twente,Telstar,1,2026-10-04T11:04:57Z,CAPTURED,2,2,
1380967,/fixtures/lineups,Netherlands,88,Eredivisie,2025,Regular Season - 12,2025-11-08T15:30:00+00:00,Excelsior,Heracles,1,2026-10-04T11:04:57Z,CAPTURED,2,2,
1380968,/fixtures/lineups,Netherlands,88,Eredivisie,2025,Regular Season - 12,2025-11-08T17:45:00+00:00,FC Volendam,NAC Breda,1,2026-10-04T11:04:57Z,CAPTURED,2,2,
1380969,/fixtures/lineups,Netherlands,88,Eredivisie,2025,Regular Season - 12,2025-11-08T19:00:00+00:00,Fortuna Sittard,Heerenveen,1,2026-10-04T11:04:57Z,CAPTURED,2,2,
1380970,/fixtures/lineups,Netherlands,88,Eredivisie,2025,Regular Season - 12,2025-11-08T20:00:00+00:00,PEC Zwolle,Sparta Rotterdam,1,2026-10-04T11:04:57Z,CAPTURED,2,2,
1380971,/fixtures/lineups,Netherlands,88,Eredivisie,2025,Regular Season - 12,2025-11-09T11:15:00+00:00,Utrecht,Ajax,1,2026-10-04T11:04:57Z,CAPTURED,2,2,
1380972,/fixtures/lineups,Netherlands,88,Eredivisie,2025,Regular Season - 12,2025-11-09T15:45:00+00:00,AZ Alkmaar,PSV Eindhoven,1,2026-10-04T11:04:57Z,CAPTURED,2,2,
1380973,/fixtures/lineups,Netherlands,88,Eredivisie,2025,Regular Season - 12,2025-11-09T13:30:00+00:00,NEC Nijmegen,Groningen,1,2026-10-04T11:04:57Z,CAPTURED,2,2,
1380974,/fixtures/lineups,Netherlands,88,Eredivisie,2025,Regular Season - 12,2025-11-09T19:00:00+00:00,GO Ahead Eagles,Feyenoord,1,2026-10-04T11:04:57Z,CAPTURED,2,2,
1380975,/fixtures/lineups,Netherlands,88,Eredivisie,2025,Regular Season - 13,2025-11-22T17:45:00+00:00,Ajax,Excelsior,1,2026-10-04T11:04:57Z,CAPTURED,2,2,
1380976,/fixtures/lineups,Netherlands,88,Eredivisie,2025,Regular Season - 13,2025-11-22T17:45:00+00:00,FC Volendam,Twente,1,2026-10-04T11:04:57Z,CAPTURED,2,2,
1380977,/fixtures/lineups,Netherlands,88,Eredivisie,2025,Regular Season - 13,2025-11-23T13:30:00+00:00,Feyenoord,NEC Nijmegen,1,2026-10-04T11:04:57Z,CAPTURED,2,2,
1380978,/fixtures/lineups,Netherlands,88,Eredivisie,2025,Regular Season - 13,2025-11-23T15:45:00+00:00,Groningen,PEC Zwolle,1,2026-10-04T11:04:57Z,CAPTURED,2,2,
1380979,/fixtures/lineups,Netherlands,88,Eredivisie,2025,Regular Season - 13,2025-11-23T11:15:00+00:00,Heerenveen,AZ Alkmaar,1,2026-10-04T11:04:57Z,CAPTURED,2,2,
1380980,/fixtures/lineups,Netherlands,88,Eredivisie,2025,Regular Season - 13,2025-11-22T20:00:00+00:00,Heracles,GO Ahead Eagles,1,2026-10-04T11:04:57Z,CAPTURED,2,2,
1380981,/fixtures/lineups,Netherlands,88,Eredivisie,2025,Regular Season - 13,2025-11-22T15:30:00+00:00,NAC Breda,PSV Eindhoven,1,2026-10-04T11:04:57Z,CAPTURED,2,2,
1380982,/fixtures/lineups,Netherlands,88,Eredivisie,2025,Regular Season - 13,2025-11-22T20:00:00+00:00,Sparta Rotterdam,Fortuna Sittard,1,2026-10-04T11:04:57Z,CAPTURED,2,2,
1380983,/fixtures/lineups,Netherlands,88,Eredivisie,2025,Regular Season - 13,2025-11-23T13:30:00+00:00,Telstar,Utrecht,1,2026-10-04T11:04:57Z,CAPTURED,2,2,
1380984,/fixtures/lineups,Netherlands,88,Eredivisie,2025,Regular Season - 14,2025-12-02T13:30:00+00:00,Ajax,Groningen,1,2026-10-04T11:04:57Z,CAPTURED,2,2,
1380985,/fixtures/lineups,Netherlands,88,Eredivisie,2025,Regular Season - 14,2025-11-29T15:30:00+00:00,Excelsior,NAC Breda,1,2026-10-04T11:04:57Z,CAPTURED,2,2,
1380986,/fixtures/lineups,Netherlands,88,Eredivisie,2025,Regular Season - 14,2025-11-30T13:30:00+00:00,GO Ahead Eagles,Utrecht,1,2026-10-04T11:04:57Z,CAPTURED,2,2,
1380987,/fixtures/lineups,Netherlands,88,Eredivisie,2025,Regular Season - 14,2025-11-29T20:00:00+00:00,NEC Nijmegen,Sparta Rotterdam,1,2026-10-04T11:04:57Z,CAPTURED,2,2,
1380988,/fixtures/lineups,Netherlands,88,Eredivisie,2025,Regular Season - 14,2025-11-30T11:15:00+00:00,PSV Eindhoven,FC Volendam,1,2026-10-04T11:04:57Z,CAPTURED,2,2,
1380989,/fixtures/lineups,Netherlands,88,Eredivisie,2025,Regular Season - 14,2025-11-29T17:45:00+00:00,Fortuna Sittard,Heracles,1,2026-10-04T11:04:57Z,CAPTURED,2,2,
1380990,/fixtures/lineups,Netherlands,88,Eredivisie,2025,Regular Season - 14,2025-11-30T13:30:00+00:00,Telstar,Feyenoord,1,2026-10-04T11:04:57Z,CAPTURED,2,2,
1380991,/fixtures/lineups,Netherlands,88,Eredivisie,2025,Regular Season - 14,2025-11-30T15:45:00+00:00,Twente,AZ Alkmaar,1,2026-10-04T11:04:57Z,CAPTURED,2,2,
1380992,/fixtures/lineups,Netherlands,88,Eredivisie,2025,Regular Season - 14,2025-11-28T19:00:00+00:00,PEC Zwolle,Heerenveen,1,2026-10-04T11:04:57Z,CAPTURED,2,2,
1380993,/fixtures/lineups,Netherlands,88,Eredivisie,2025,Regular Season - 15,2025-12-07T13:30:00+00:00,AZ Alkmaar,GO Ahead Eagles,1,2026-10-04T11:04:57Z,CAPTURED,2,2,
1380994,/fixtures/lineups,Netherlands,88,Eredivisie,2025,Regular Season - 15,2025-12-05T19:00:00+00:00,Excelsior,Groningen,1,2026-10-04T11:04:57Z,CAPTURED,2,2,
1380995,/fixtures/lineups,Netherlands,88,Eredivisie,2025,Regular Season - 15,2025-12-07T13:30:00+00:00,FC Volendam,NEC Nijmegen,1,2026-10-04T11:04:57Z,CAPTURED,2,2,
1380996,/fixtures/lineups,Netherlands,88,Eredivisie,2025,Regular Season - 15,2025-12-06T20:00:00+00:00,Feyenoord,PEC Zwolle,1,2026-10-04T11:04:57Z,CAPTURED,2,2,
1380997,/fixtures/lineups,Netherlands,88,Eredivisie,2025,Regular Season - 15,2025-12-06T15:30:00+00:00,Heerenveen,PSV Eindhoven,1,2026-10-04T11:04:57Z,CAPTURED,2,2,
1380998,/fixtures/lineups,Netherlands,88,Eredivisie,2025,Regular Season - 15,2025-12-06T19:00:00+00:00,Heracles,Telstar,1,2026-10-04T11:04:57Z,CAPTURED,2,2,
1380999,/fixtures/lineups,Netherlands,88,Eredivisie,2025,Regular Season - 15,2025-12-06T17:45:00+00:00,Fortuna Sittard,Ajax,1,2026-10-04T11:04:57Z,CAPTURED,2,2,
1381000,/fixtures/lineups,Netherlands,88,Eredivisie,2025,Regular Season - 15,2025-12-07T15:45:00+00:00,Sparta Rotterdam,NAC Breda,1,2026-10-04T11:04:57Z,CAPTURED,2,2,
1381001,/fixtures/lineups,Netherlands,88,Eredivisie,2025,Regular Season - 15,2025-12-07T11:15:00+00:00,Utrecht,Twente,1,2026-10-04T11:04:57Z,CAPTURED,2,2,
1381002,/fixtures/lineups,Netherlands,88,Eredivisie,2025,Regular Season - 16,2025-12-14T13:30:00+00:00,Ajax,Feyenoord,1,2026-10-04T11:04:57Z,CAPTURED,2,2,
1381004,/fixtures/lineups,Netherlands,88,Eredivisie,2025,Regular Season - 16,2025-12-13T17:45:00+00:00,Groningen,FC Volendam,1,2026-10-04T11:04:57Z,CAPTURED,2,2,
1381005,/fixtures/lineups,Netherlands,88,Eredivisie,2025,Regular Season - 16,2025-12-14T15:45:00+00:00,NAC Breda,Utrecht,1,2026-10-04T11:04:57Z,CAPTURED,2,2,
1381006,/fixtures/lineups,Netherlands,88,Eredivisie,2025,Regular Season - 16,2025-12-13T19:00:00+00:00,PSV Eindhoven,Heracles,1,2026-10-04T11:04:57Z,CAPTURED,2,2,
1381007,/fixtures/lineups,Netherlands,88,Eredivisie,2025,Regular Season - 16,2025-12-14T11:15:00+00:00,Sparta Rotterdam,Heerenveen,1,2026-10-04T11:04:57Z,CAPTURED,2,2,
1381008,/fixtures/lineups,Netherlands,88,Eredivisie,2025,Regular Season - 16,2025-12-13T15:30:00+00:00,Telstar,NEC Nijmegen,1,2026-10-04T11:04:57Z,CAPTURED,2,2,
1381009,/fixtures/lineups,Netherlands,88,Eredivisie,2025,Regular Season - 16,2025-12-14T13:30:00+00:00,Twente,GO Ahead Eagles,1,2026-10-04T11:04:57Z,CAPTURED,2,2,
1381010,/fixtures/lineups,Netherlands,88,Eredivisie,2025,Regular Season - 16,2025-12-13T20:00:00+00:00,PEC Zwolle,Fortuna Sittard,1,2026-10-04T11:04:57Z,CAPTURED,2,2,
1381011,/fixtures/lineups,Netherlands,88,Eredivisie,2025,Regular Season - 17,2025-12-20T17:45:00+00:00,Excelsior,PEC Zwolle,1,2026-10-04T11:04:57Z,CAPTURED,2,2,
1381015,/fixtures/lineups,Netherlands,88,Eredivisie,2025,Regular Season - 17,2025-12-20T15:30:00+00:00,Heracles,Heerenveen,1,2026-10-04T11:04:57Z,CAPTURED,2,2,
1381016,/fixtures/lineups,Netherlands,88,Eredivisie,2025,Regular Season - 17,2025-12-20T20:00:00+00:00,NAC Breda,Telstar,1,2026-10-04T11:04:57Z,CAPTURED,2,2,
1381017,/fixtures/lineups,Netherlands,88,Eredivisie,2025,Regular Season - 17,2025-12-20T19:00:00+00:00,NEC Nijmegen,Ajax,1,2026-10-04T11:04:57Z,CAPTURED,2,2,
1381003,/fixtures/lineups,Netherlands,88,Eredivisie,2025,Regular Season - 16,2026-01-21T17:45:00+00:00,AZ Alkmaar,Excelsior,1,2026-10-04T18:24:02Z,CAPTURED,2,2,
1381012,/fixtures/lineups,Netherlands,88,Eredivisie,2025,Regular Season - 17,2025-12-21T15:45:00+00:00,FC Volendam,Sparta Rotterdam,1,2026-10-04T18:24:02Z,CAPTURED,2,2,
1381013,/fixtures/lineups,Netherlands,88,Eredivisie,2025,Regular Season - 17,2025-12-21T13:30:00+00:00,Feyenoord,Twente,1,2026-10-04T18:24:02Z,CAPTURED,2,2,
1381014,/fixtures/lineups,Netherlands,88,Eredivisie,2025,Regular Season - 17,2025-12-21T13:30:00+00:00,GO Ahead Eagles,Groningen,1,2026-10-04T18:24:02Z,CAPTURED,2,2,
1381018,/fixtures/lineups,Netherlands,88,Eredivisie,2025,Regular Season - 17,2025-12-21T15:45:00+00:00,Fortuna Sittard,AZ Alkmaar,1,2026-10-04T18:24:02Z,CAPTURED,2,2,
1381019,/fixtures/lineups,Netherlands,88,Eredivisie,2025,Regular Season - 17,2025-12-21T11:15:00+00:00,Utrecht,PSV Eindhoven,1,2026-10-04T18:24:02Z,CAPTURED,2,2,
1381020,/fixtures/lineups,Netherlands,88,Eredivisie,2025,Regular Season - 18,2026-01-10T15:30:00+00:00,AZ Alkmaar,FC Volendam,1,2026-10-04T18:24:02Z,CAPTURED,2,2,
1381021,/fixtures/lineups,Netherlands,88,Eredivisie,2025,Regular Season - 18,2026-01-11T13:30:00+00:00,GO Ahead Eagles,Fortuna Sittard,1,2026-10-04T18:24:02Z,CAPTURED,2,2,
1381022,/fixtures/lineups,Netherlands,88,Eredivisie,2025,Regular Season - 18,2026-01-10T20:00:00+00:00,Groningen,NAC Breda,1,2026-10-04T18:24:02Z,CAPTURED,2,2,
1381023,/fixtures/lineups,Netherlands,88,Eredivisie,2025,Regular Season - 18,2026-01-11T11:15:00+00:00,Heerenveen,Feyenoord,1,2026-10-04T18:24:02Z,CAPTURED,2,2,
1381025,/fixtures/lineups,Netherlands,88,Eredivisie,2025,Regular Season - 18,2026-01-10T19:00:00+00:00,PSV Eindhoven,Excelsior,1,2026-10-04T18:24:02Z,CAPTURED,2,2,
1381026,/fixtures/lineups,Netherlands,88,Eredivisie,2025,Regular Season - 18,2026-01-11T15:45:00+00:00,Sparta Rotterdam,Heracles,1,2026-10-04T18:24:02Z,CAPTURED,2,2,
1381027,/fixtures/lineups,Netherlands,88,Eredivisie,2025,Regular Season - 18,2026-01-11T13:30:00+00:00,Telstar,Ajax,1,2026-10-04T18:24:02Z,CAPTURED,2,2,
1381028,/fixtures/lineups,Netherlands,88,Eredivisie,2025,Regular Season - 18,2026-01-10T17:45:00+00:00,Twente,PEC Zwolle,1,2026-10-04T18:24:02Z,CAPTURED,2,2,
1381029,/fixtures/lineups,Netherlands,88,Eredivisie,2025,Regular Season - 19,2026-01-17T15:30:00+00:00,Ajax,GO Ahead Eagles,1,2026-10-04T18:24:02Z,CAPTURED,2,2,
1381030,/fixtures/lineups,Netherlands,88,Eredivisie,2025,Regular Season - 19,2026-01-17T19:00:00+00:00,Excelsior,Telstar,1,2026-10-04T18:24:02Z,CAPTURED,2,2,
1381031,/fixtures/lineups,Netherlands,88,Eredivisie,2025,Regular Season - 19,2026-01-18T13:30:00+00:00,FC Volendam,Utrecht,1,2026-10-04T18:24:02Z,CAPTURED,2,2,
1381032,/fixtures/lineups,Netherlands,88,Eredivisie,2025,Regular Season - 19,2026-01-18T15:45:00+00:00,Feyenoord,Sparta Rotterdam,1,2026-10-04T18:24:02Z,CAPTURED,2,2,
1381033,/fixtures/lineups,Netherlands,88,Eredivisie,2025,Regular Season - 19,2026-01-18T11:15:00+00:00,Heerenveen,Groningen,1,2026-10-04T18:24:02Z,CAPTURED,2,2,
1381034,/fixtures/lineups,Netherlands,88,Eredivisie,2025,Regular Season - 19,2026-01-18T13:30:00+00:00,Heracles,Twente,1,2026-10-04T18:24:02Z,CAPTURED,2,2,
1381035,/fixtures/lineups,Netherlands,88,Eredivisie,2025,Regular Season - 19,2026-01-17T20:00:00+00:00,NAC Breda,NEC Nijmegen,1,2026-10-04T18:24:02Z,CAPTURED,2,2,
1381036,/fixtures/lineups,Netherlands,88,Eredivisie,2025,Regular Season - 19,2026-01-17T19:00:00+00:00,Fortuna Sittard,PSV Eindhoven,1,2026-10-04T18:24:02Z,CAPTURED,2,2,
1381037,/fixtures/lineups,Netherlands,88,Eredivisie,2025,Regular Season - 19,2026-01-17T17:45:00+00:00,PEC Zwolle,AZ Alkmaar,1,2026-10-04T18:24:02Z,CAPTURED,2,2,
1381038,/fixtures/lineups,Netherlands,88,Eredivisie,2025,Regular Season - 20,2026-01-24T15:30:00+00:00,Ajax,FC Volendam,1,2026-10-04T18:24:02Z,CAPTURED,2,2,
1381039,/fixtures/lineups,Netherlands,88,Eredivisie,2025,Regular Season - 20,2026-01-25T15:45:00+00:00,Feyenoord,Heracles,1,2026-10-04T18:24:02Z,CAPTURED,2,2,
1381040,/fixtures/lineups,Netherlands,88,Eredivisie,2025,Regular Season - 20,2026-02-11T17:45:00+00:00,GO Ahead Eagles,Heerenveen,1,2026-10-04T18:24:02Z,CAPTURED,2,2,
1381041,/fixtures/lineups,Netherlands,88,Eredivisie,2025,Regular Season - 20,2026-01-25T13:30:00+00:00,Groningen,Fortuna Sittard,1,2026-10-04T18:24:02Z,CAPTURED,2,2,
1381042,/fixtures/lineups,Netherlands,88,Eredivisie,2025,Regular Season - 20,2026-01-24T17:45:00+00:00,NEC Nijmegen,PEC Zwolle,1,2026-10-04T18:24:02Z,CAPTURED,2,2,
1381043,/fixtures/lineups,Netherlands,88,Eredivisie,2025,Regular Season - 20,2026-01-24T19:00:00+00:00,PSV Eindhoven,NAC Breda,1,2026-10-04T18:24:02Z,CAPTURED,2,2,
1381044,/fixtures/lineups,Netherlands,88,Eredivisie,2025,Regular Season - 20,2026-01-25T11:15:00+00:00,Telstar,AZ Alkmaar,1,2026-10-04T18:24:02Z,CAPTURED,2,2,
1381045,/fixtures/lineups,Netherlands,88,Eredivisie,2025,Regular Season - 20,2026-01-24T20:00:00+00:00,Twente,Excelsior,1,2026-10-04T18:24:02Z,CAPTURED,2,2,
1381046,/fixtures/lineups,Netherlands,88,Eredivisie,2025,Regular Season - 20,2026-01-25T15:45:00+00:00,Utrecht,Sparta Rotterdam,1,2026-10-04T18:24:02Z,CAPTURED,2,2,
1381047,/fixtures/lineups,Netherlands,88,Eredivisie,2025,Regular Season - 21,2026-01-31T15:30:00+00:00,AZ Alkmaar,NEC Nijmegen,1,2026-10-04T18:24:02Z,CAPTURED,2,2,
1381048,/fixtures/lineups,Netherlands,88,Eredivisie,2025,Regular Season - 21,2026-02-01T11:15:00+00:00,Excelsior,Ajax,1,2026-10-04T18:24:02Z,CAPTURED,2,2,
1381049,/fixtures/lineups,Netherlands,88,Eredivisie,2025,Regular Season - 21,2026-02-01T19:00:00+00:00,FC Volendam,GO Ahead Eagles,1,2026-10-04T18:24:02Z,CAPTURED,2,2,
1381050,/fixtures/lineups,Netherlands,88,Eredivisie,2025,Regular Season - 21,2026-02-01T15:45:00+00:00,Heerenveen,Utrecht,1,2026-10-04T18:24:02Z,CAPTURED,2,2,
1381051,/fixtures/lineups,Netherlands,88,Eredivisie,2025,Regular Season - 21,2026-02-01T13:30:00+00:00,Heracles,Fortuna Sittard,1,2026-10-04T18:24:02Z,CAPTURED,2,2,
1381052,/fixtures/lineups,Netherlands,88,Eredivisie,2025,Regular Season - 21,2026-01-30T19:00:00+00:00,NAC Breda,Twente,1,2026-10-04T18:24:02Z,CAPTURED,2,2,
1381053,/fixtures/lineups,Netherlands,88,Eredivisie,2025,Regular Season - 21,2026-02-01T13:30:00+00:00,PSV Eindhoven,Feyenoord,1,2026-10-04T18:24:02Z,CAPTURED,2,2,
1381054,/fixtures/lineups,Netherlands,88,Eredivisie,2025,Regular Season - 21,2026-01-31T20:00:00+00:00,Sparta Rotterdam,Groningen,1,2026-10-04T18:24:02Z,CAPTURED,2,2,
1381055,/fixtures/lineups,Netherlands,88,Eredivisie,2025,Regular Season - 21,2026-01-31T17:45:00+00:00,PEC Zwolle,Telstar,1,2026-10-04T18:24:02Z,CAPTURED,2,2,
1381056,/fixtures/lineups,Netherlands,88,Eredivisie,2025,Regular Season - 22,2026-02-08T13:30:00+00:00,AZ Alkmaar,Ajax,1,2026-10-04T18:24:02Z,CAPTURED,2,2,
1381057,/fixtures/lineups,Netherlands,88,Eredivisie,2025,Regular Season - 22,2026-02-08T13:30:00+00:00,GO Ahead Eagles,Telstar,1,2026-10-04T18:24:02Z,CAPTURED,2,2,
1381058,/fixtures/lineups,Netherlands,88,Eredivisie,2025,Regular Season - 22,2026-02-08T15:45:00+00:00,Groningen,PSV Eindhoven,1,2026-10-04T18:24:02Z,CAPTURED,2,2,
1381059,/fixtures/lineups,Netherlands,88,Eredivisie,2025,Regular Season - 22,2026-02-06T19:00:00+00:00,NAC Breda,Excelsior,1,2026-10-04T18:24:02Z,CAPTURED,2,2,
1381060,/fixtures/lineups,Netherlands,88,Eredivisie,2025,Regular Season - 22,2026-02-07T15:30:00+00:00,NEC Nijmegen,Heracles,1,2026-10-04T18:24:02Z,CAPTURED,2,2,
1381061,/fixtures/lineups,Netherlands,88,Eredivisie,2025,Regular Season - 22,2026-02-07T20:00:00+00:00,Fortuna Sittard,Sparta Rotterdam,1,2026-10-04T18:24:02Z,CAPTURED,2,2,
1381062,/fixtures/lineups,Netherlands,88,Eredivisie,2025,Regular Season - 22,2026-02-07T19:00:00+00:00,Twente,Heerenveen,1,2026-10-04T18:24:02Z,CAPTURED,2,2,
1381063,/fixtures/lineups,Netherlands,88,Eredivisie,2025,Regular Season - 22,2026-02-08T11:15:00+00:00,Utrecht,Feyenoord,1,2026-10-04T18:24:02Z,CAPTURED,2,2,
1381064,/fixtures/lineups,Netherlands,88,Eredivisie,2025,Regular Season - 22,2026-02-07T17:45:00+00:00,PEC Zwolle,FC Volendam,1,2026-10-04T18:24:02Z,CAPTURED,2,2,
1381024,/fixtures/lineups,Netherlands,88,Eredivisie,2025,Regular Season - 18,2026-02-11T20:00:00+00:00,NEC Nijmegen,Utrecht,1,2026-10-04T21:40:49Z,CAPTURED,2,2,
1381065,/fixtures/lineups,Netherlands,88,Eredivisie,2025,Regular Season - 23,2026-02-14T19:00:00+00:00,Ajax,Fortuna Sittard,1,2026-10-04T21:40:49Z,CAPTURED,2,2,
1381066,/fixtures/lineups,Netherlands,88,Eredivisie,2025,Regular Season - 23,2026-02-14T17:45:00+00:00,Excelsior,AZ Alkmaar,1,2026-10-04T21:40:49Z,CAPTURED,2,2,
1381067,/fixtures/lineups,Netherlands,88,Eredivisie,2025,Regular Season - 23,2026-02-13T19:00:00+00:00,FC Volendam,PSV Eindhoven,1,2026-10-04T21:40:49Z,CAPTURED,2,2,
1381068,/fixtures/lineups,Netherlands,88,Eredivisie,2025,Regular Season - 23,2026-02-15T11:15:00+00:00,Feyenoord,GO Ahead Eagles,1,2026-10-04T21:40:49Z,CAPTURED,2,2,
1381069,/fixtures/lineups,Netherlands,88,Eredivisie,2025,Regular Season - 23,2026-02-14T20:00:00+00:00,Groningen,Utrecht,1,2026-10-04T21:40:49Z,CAPTURED,2,2,
1381070,/fixtures/lineups,Netherlands,88,Eredivisie,2025,Regular Season - 23,2026-02-15T13:30:00+00:00,Heerenveen,PEC Zwolle,1,2026-10-04T21:40:49Z,CAPTURED,2,2,
1381071,/fixtures/lineups,Netherlands,88,Eredivisie,2025,Regular Season - 23,2026-02-14T15:30:00+00:00,Heracles,NAC Breda,1,2026-10-04T21:40:49Z,CAPTURED,2,2,
1381072,/fixtures/lineups,Netherlands,88,Eredivisie,2025,Regular Season - 23,2026-02-17T19:00:00+00:00,Sparta Rotterdam,NEC Nijmegen,1,2026-10-04T21:40:49Z,CAPTURED,2,2,
1381073,/fixtures/lineups,Netherlands,88,Eredivisie,2025,Regular Season - 23,2026-02-15T13:30:00+00:00,Telstar,Twente,1,2026-10-04T21:40:49Z,CAPTURED,2,2,
1381074,/fixtures/lineups,Netherlands,88,Eredivisie,2025,Regular Season - 24,2026-02-21T20:00:00+00:00,Ajax,NEC Nijmegen,1,2026-10-04T21:40:49Z,CAPTURED,2,2,
1381075,/fixtures/lineups,Netherlands,88,Eredivisie,2025,Regular Season - 24,2026-02-22T15:45:00+00:00,AZ Alkmaar,Sparta Rotterdam,1,2026-10-04T21:40:49Z,CAPTURED,2,2,
1381076,/fixtures/lineups,Netherlands,88,Eredivisie,2025,Regular Season - 24,2026-02-22T19:00:00+00:00,Feyenoord,Telstar,1,2026-10-04T21:40:49Z,CAPTURED,2,2,
1381077,/fixtures/lineups,Netherlands,88,Eredivisie,2025,Regular Season - 24,2026-02-22T13:30:00+00:00,GO Ahead Eagles,Heracles,1,2026-10-04T21:40:49Z,CAPTURED,2,2,
1381078,/fixtures/lineups,Netherlands,88,Eredivisie,2025,Regular Season - 24,2026-02-21T19:00:00+00:00,NAC Breda,FC Volendam,1,2026-10-04T21:40:49Z,CAPTURED,2,2,
1381079,/fixtures/lineups,Netherlands,88,Eredivisie,2025,Regular Season - 24,2026-02-21T17:45:00+00:00,PSV Eindhoven,Heerenveen,1,2026-10-04T21:40:49Z,CAPTURED,2,2,
1381080,/fixtures/lineups,Netherlands,88,Eredivisie,2025,Regular Season - 24,2026-02-20T19:00:00+00:00,Fortuna Sittard,Excelsior,1,2026-10-04T21:40:49Z,CAPTURED,2,2,
1381081,/fixtures/lineups,Netherlands,88,Eredivisie,2025,Regular Season - 24,2026-02-22T11:15:00+00:00,Twente,Groningen,1,2026-10-04T21:40:49Z,CAPTURED,2,2,
1381082,/fixtures/lineups,Netherlands,88,Eredivisie,2025,Regular Season - 24,2026-02-22T13:30:00+00:00,Utrecht,PEC Zwolle,1,2026-10-04T21:40:49Z,CAPTURED,2,2,
1381083,/fixtures/lineups,Netherlands,88,Eredivisie,2025,Regular Season - 25,2026-03-01T19:00:00+00:00,Excelsior,GO Ahead Eagles,1,2026-10-04T21:40:49Z,CAPTURED,2,2,
1381084,/fixtures/lineups,Netherlands,88,Eredivisie,2025,Regular Season - 25,2026-03-01T13:30:00+00:00,FC Volendam,Groningen,1,2026-10-04T21:40:49Z,CAPTURED,2,2,
1381085,/fixtures/lineups,Netherlands,88,Eredivisie,2025,Regular Season - 25,2026-02-28T15:30:00+00:00,Heerenveen,Sparta Rotterdam,1,2026-10-04T21:40:49Z,CAPTURED,2,2,
1381086,/fixtures/lineups,Netherlands,88,Eredivisie,2025,Regular Season - 25,2026-02-28T17:45:00+00:00,Heracles,PSV Eindhoven,1,2026-10-04T21:40:49Z,CAPTURED,2,2,
1381087,/fixtures/lineups,Netherlands,88,Eredivisie,2025,Regular Season - 25,2026-02-28T20:00:00+00:00,NEC Nijmegen,Fortuna Sittard,1,2026-10-04T21:40:49Z,CAPTURED,2,2,
1381088,/fixtures/lineups,Netherlands,88,Eredivisie,2025,Regular Season - 25,2026-02-27T19:00:00+00:00,Telstar,NAC Breda,1,2026-10-04T21:40:49Z,CAPTURED,2,2,
1381089,/fixtures/lineups,Netherlands,88,Eredivisie,2025,Regular Season - 25,2026-03-01T13:30:00+00:00,Twente,Feyenoord,1,2026-10-04T21:40:49Z,CAPTURED,2,2,
1381090,/fixtures/lineups,Netherlands,88,Eredivisie,2025,Regular Season - 25,2026-03-01T15:45:00+00:00,Utrecht,AZ Alkmaar,1,2026-10-04T21:40:49Z,CAPTURED,2,2,
1381091,/fixtures/lineups,Netherlands,88,Eredivisie,2025,Regular Season - 25,2026-03-01T11:15:00+00:00,PEC Zwolle,Ajax,1,2026-10-04T21:40:49Z,CAPTURED,2,2,
1381092,/fixtures/lineups,Netherlands,88,Eredivisie,2025,Regular Season - 26,2026-03-07T20:00:00+00:00,Excelsior,Heerenveen,1,2026-10-04T21:40:49Z,CAPTURED,2,2,
1381093,/fixtures/lineups,Netherlands,88,Eredivisie,2025,Regular Season - 26,2026-03-08T13:30:00+00:00,GO Ahead Eagles,Twente,1,2026-10-04T21:40:49Z,CAPTURED,2,2,
1381094,/fixtures/lineups,Netherlands,88,Eredivisie,2025,Regular Season - 26,2026-03-07T15:30:00+00:00,Groningen,Ajax,1,2026-10-04T21:40:49Z,CAPTURED,2,2,
1381095,/fixtures/lineups,Netherlands,88,Eredivisie,2025,Regular Season - 26,2026-03-06T19:00:00+00:00,Heracles,Utrecht,1,2026-10-04T21:40:49Z,CAPTURED,2,2,
1381096,/fixtures/lineups,Netherlands,88,Eredivisie,2025,Regular Season - 26,2026-03-08T15:45:00+00:00,NAC Breda,Feyenoord,1,2026-10-04T21:40:49Z,CAPTURED,2,2,
1381097,/fixtures/lineups,Netherlands,88,Eredivisie,2025,Regular Season - 26,2026-03-08T19:00:00+00:00,NEC Nijmegen,FC Volendam,1,2026-10-04T21:40:49Z,CAPTURED,2,2,
1381098,/fixtures/lineups,Netherlands,88,Eredivisie,2025,Regular Season - 26,2026-03-07T19:00:00+00:00,PSV Eindhoven,AZ Alkmaar,1,2026-10-04T21:40:49Z,CAPTURED,2,2,
1381099,/fixtures/lineups,Netherlands,88,Eredivisie,2025,Regular Season - 26,2026-03-08T13:30:00+00:00,Fortuna Sittard,Telstar,1,2026-10-04T21:40:49Z,CAPTURED,2,2,
1381100,/fixtures/lineups,Netherlands,88,Eredivisie,2025,Regular Season - 26,2026-03-08T11:15:00+00:00,Sparta Rotterdam,PEC Zwolle,1,2026-10-04T21:40:49Z,CAPTURED,2,2,
1381101,/fixtures/lineups,Netherlands,88,Eredivisie,2025,Regular Season - 27,2026-03-14T20:00:00+00:00,Ajax,Sparta Rotterdam,1,2026-10-04T21:40:49Z,CAPTURED,2,2,
1381102,/fixtures/lineups,Netherlands,88,Eredivisie,2025,Regular Season - 27,2026-03-15T13:30:00+00:00,AZ Alkmaar,Heracles,1,2026-10-04T21:40:49Z,CAPTURED,2,2,
1381103,/fixtures/lineups,Netherlands,88,Eredivisie,2025,Regular Season - 27,2026-03-14T15:30:00+00:00,FC Volendam,Fortuna Sittard,1,2026-10-04T21:40:49Z,CAPTURED,2,2,
1381104,/fixtures/lineups,Netherlands,88,Eredivisie,2025,Regular Season - 27,2026-03-15T13:30:00+00:00,Feyenoord,Excelsior,1,2026-10-04T21:40:49Z,CAPTURED,2,2,
1381105,/fixtures/lineups,Netherlands,88,Eredivisie,2025,Regular Season - 27,2026-03-15T15:45:00+00:00,GO Ahead Eagles,NAC Breda,1,2026-10-04T21:40:49Z,CAPTURED,2,2,
1381106,/fixtures/lineups,Netherlands,88,Eredivisie,2025,Regular Season - 27,2026-03-14T19:00:00+00:00,Heerenveen,Telstar,1,2026-10-04T21:40:49Z,CAPTURED,2,2,
1381107,/fixtures/lineups,Netherlands,88,Eredivisie,2025,Regular Season - 27,2026-03-14T17:45:00+00:00,PSV Eindhoven,NEC Nijmegen,1,2026-10-04T21:40:49Z,CAPTURED,2,2,
1381108,/fixtures/lineups,Netherlands,88,Eredivisie,2025,Regular Season - 27,2026-03-15T11:15:00+00:00,Twente,Utrecht,1,2026-10-04T21:40:49Z,CAPTURED,2,2,
1381109,/fixtures/lineups,Netherlands,88,Eredivisie,2025,Regular Season - 27,2026-03-13T19:00:00+00:00,PEC Zwolle,Groningen,1,2026-10-04T21:40:49Z,CAPTURED,2,2,
1381112,/fixtures/lineups,Netherlands,88,Eredivisie,2025,Regular Season - 28,2026-03-20T19:00:00+00:00,Heracles,Excelsior,1,2026-10-04T21:40:49Z,CAPTURED,2,2,
1381114,/fixtures/lineups,Netherlands,88,Eredivisie,2025,Regular Season - 28,2026-03-21T15:30:00+00:00,Fortuna Sittard,Twente,1,2026-10-04T21:40:49Z,CAPTURED,2,2,
1381115,/fixtures/lineups,Netherlands,88,Eredivisie,2025,Regular Season - 28,2026-03-21T17:45:00+00:00,Sparta Rotterdam,FC Volendam,1,2026-10-04T21:40:49Z,CAPTURED,2,2,
1381118,/fixtures/lineups,Netherlands,88,Eredivisie,2025,Regular Season - 28,2026-03-21T20:00:00+00:00,PEC Zwolle,NAC Breda,1,2026-10-04T21:40:49Z,CAPTURED,2,2,
1342186,/fixtures/lineups,Norway,103,Eliteserien,2025,Regular Season - 1,2025-03-29T15:00:00+00:00,Stromsgodset,Rosenborg,1,2026-10-05T01:31:51Z,CAPTURED,2,2,
1342187,/fixtures/lineups,Norway,103,Eliteserien,2025,Regular Season - 1,2025-03-29T17:00:00+00:00,Fredrikstad,Brann,1,2026-10-05T01:31:51Z,CAPTURED,2,2,
1342188,/fixtures/lineups,Norway,103,Eliteserien,2025,Regular Season - 1,2025-03-30T12:30:00+00:00,Valerenga,Viking,1,2026-10-05T01:31:51Z,CAPTURED,2,2,
1342189,/fixtures/lineups,Norway,103,Eliteserien,2025,Regular Season - 1,2025-03-30T15:00:00+00:00,Ham-Kam,Kristiansund BK,1,2026-10-05T01:31:51Z,CAPTURED,2,2,
1342190,/fixtures/lineups,Norway,103,Eliteserien,2025,Regular Season - 1,2025-03-30T15:00:00+00:00,KFUM Oslo,Sandefjord,1,2026-10-05T01:31:51Z,CAPTURED,2,2,
1342191,/fixtures/lineups,Norway,103,Eliteserien,2025,Regular Season - 1,2025-03-30T15:00:00+00:00,Molde,Sarpsborg 08 FF,1,2026-10-05T01:31:51Z,CAPTURED,2,2,
1342192,/fixtures/lineups,Norway,103,Eliteserien,2025,Regular Season - 1,2025-03-30T15:00:00+00:00,Tromso,Haugesund,1,2026-10-05T01:31:51Z,CAPTURED,2,2,
1342193,/fixtures/lineups,Norway,103,Eliteserien,2025,Regular Season - 1,2025-03-30T17:15:00+00:00,Bryne,Bodo/Glimt,1,2026-10-05T01:31:51Z,CAPTURED,2,2,
1342196,/fixtures/lineups,Norway,103,Eliteserien,2025,Regular Season - 2,2025-04-05T14:00:00+00:00,Bodo/Glimt,Ham-Kam,1,2026-10-05T01:31:51Z,CAPTURED,2,2,
1381110,/fixtures/lineups,Netherlands,88,Eredivisie,2025,Regular Season - 28,2026-03-22T13:30:00+00:00,Feyenoord,Ajax,1,2026-10-05T01:31:51Z,CAPTURED,2,2,
1381111,/fixtures/lineups,Netherlands,88,Eredivisie,2025,Regular Season - 28,2026-03-22T15:45:00+00:00,Groningen,AZ Alkmaar,1,2026-10-05T01:31:51Z,CAPTURED,2,2,
1381113,/fixtures/lineups,Netherlands,88,Eredivisie,2025,Regular Season - 28,2026-03-22T11:15:00+00:00,NEC Nijmegen,Heerenveen,1,2026-10-05T01:31:51Z,CAPTURED,2,2,
1381116,/fixtures/lineups,Netherlands,88,Eredivisie,2025,Regular Season - 28,2026-03-22T15:45:00+00:00,Telstar,PSV Eindhoven,1,2026-10-05T01:31:51Z,CAPTURED,2,2,
1381117,/fixtures/lineups,Netherlands,88,Eredivisie,2025,Regular Season - 28,2026-03-22T13:30:00+00:00,Utrecht,GO Ahead Eagles,1,2026-10-05T01:31:51Z,CAPTURED,2,2,
1381119,/fixtures/lineups,Netherlands,88,Eredivisie,2025,Regular Season - 29,2026-04-04T19:00:00+00:00,Ajax,Twente,1,2026-10-05T01:31:51Z,CAPTURED,2,2,
1381120,/fixtures/lineups,Netherlands,88,Eredivisie,2025,Regular Season - 29,2026-04-04T16:45:00+00:00,AZ Alkmaar,Fortuna Sittard,1,2026-10-05T01:31:51Z,CAPTURED,2,2,
1381121,/fixtures/lineups,Netherlands,88,Eredivisie,2025,Regular Season - 29,2026-04-04T19:00:00+00:00,Excelsior,NEC Nijmegen,1,2026-10-05T01:31:51Z,CAPTURED,2,2,
1381122,/fixtures/lineups,Netherlands,88,Eredivisie,2025,Regular Season - 29,2026-04-05T12:30:00+00:00,FC Volendam,Feyenoord,1,2026-10-05T01:31:51Z,CAPTURED,2,2,
1381123,/fixtures/lineups,Netherlands,88,Eredivisie,2025,Regular Season - 29,2026-04-05T10:15:00+00:00,GO Ahead Eagles,PEC Zwolle,1,2026-10-05T01:31:51Z,CAPTURED,2,2,
1381124,/fixtures/lineups,Netherlands,88,Eredivisie,2025,Regular Season - 29,2026-04-05T12:30:00+00:00,Heerenveen,Heracles,1,2026-10-05T01:31:51Z,CAPTURED,2,2,
1381125,/fixtures/lineups,Netherlands,88,Eredivisie,2025,Regular Season - 29,2026-04-05T14:45:00+00:00,NAC Breda,Sparta Rotterdam,1,2026-10-05T01:31:51Z,CAPTURED,2,2,
1381126,/fixtures/lineups,Netherlands,88,Eredivisie,2025,Regular Season - 29,2026-04-04T14:30:00+00:00,PSV Eindhoven,Utrecht,1,2026-10-05T01:31:51Z,CAPTURED,2,2,
1381127,/fixtures/lineups,Netherlands,88,Eredivisie,2025,Regular Season - 29,2026-04-04T16:45:00+00:00,Telstar,Groningen,1,2026-10-05T01:31:51Z,CAPTURED,2,2,
1381128,/fixtures/lineups,Netherlands,88,Eredivisie,2025,Regular Season - 30,2026-04-12T14:45:00+00:00,AZ Alkmaar,Heerenveen,1,2026-10-05T01:31:51Z,CAPTURED,2,2,
1381129,/fixtures/lineups,Netherlands,88,Eredivisie,2025,Regular Season - 30,2026-04-11T18:00:00+00:00,Groningen,GO Ahead Eagles,1,2026-10-05T01:31:51Z,CAPTURED,2,2,
1381130,/fixtures/lineups,Netherlands,88,Eredivisie,2025,Regular Season - 30,2026-04-11T19:00:00+00:00,Heracles,Ajax,1,2026-10-05T01:31:51Z,CAPTURED,2,2,
1381131,/fixtures/lineups,Netherlands,88,Eredivisie,2025,Regular Season - 30,2026-04-12T12:30:00+00:00,NEC Nijmegen,Feyenoord,1,2026-10-05T01:31:51Z,CAPTURED,2,2,
1381132,/fixtures/lineups,Netherlands,88,Eredivisie,2025,Regular Season - 30,2026-04-12T10:15:00+00:00,Fortuna Sittard,NAC Breda,1,2026-10-05T01:31:51Z,CAPTURED,2,2,
1381133,/fixtures/lineups,Netherlands,88,Eredivisie,2025,Regular Season - 30,2026-04-11T16:45:00+00:00,Sparta Rotterdam,PSV Eindhoven,1,2026-10-05T01:31:51Z,CAPTURED,2,2,
1381134,/fixtures/lineups,Netherlands,88,Eredivisie,2025,Regular Season - 30,2026-04-10T18:00:00+00:00,Twente,FC Volendam,1,2026-10-05T01:31:51Z,CAPTURED,2,2,
1381135,/fixtures/lineups,Netherlands,88,Eredivisie,2025,Regular Season - 30,2026-04-11T14:30:00+00:00,Utrecht,Telstar,1,2026-10-05T01:31:51Z,CAPTURED,2,2,
1381136,/fixtures/lineups,Netherlands,88,Eredivisie,2025,Regular Season - 30,2026-04-12T12:30:00+00:00,PEC Zwolle,Excelsior,1,2026-10-05T01:31:51Z,CAPTURED,2,2,
1381137,/fixtures/lineups,Netherlands,88,Eredivisie,2025,Regular Season - 31,2026-04-26T10:15:00+00:00,Excelsior,Utrecht,1,2026-10-05T01:31:51Z,CAPTURED,2,2,
1381138,/fixtures/lineups,Netherlands,88,Eredivisie,2025,Regular Season - 31,2026-04-25T14:30:00+00:00,Feyenoord,Groningen,1,2026-10-05T01:31:51Z,CAPTURED,2,2,
1381139,/fixtures/lineups,Netherlands,88,Eredivisie,2025,Regular Season - 31,2026-04-23T16:45:00+00:00,GO Ahead Eagles,AZ Alkmaar,1,2026-10-05T01:31:51Z,CAPTURED,2,2,
1381140,/fixtures/lineups,Netherlands,88,Eredivisie,2025,Regular Season - 31,2026-04-25T16:45:00+00:00,Heerenveen,Fortuna Sittard,1,2026-10-05T01:31:51Z,CAPTURED,2,2,
1381141,/fixtures/lineups,Netherlands,88,Eredivisie,2025,Regular Season - 31,2026-04-26T12:30:00+00:00,Heracles,FC Volendam,1,2026-10-05T01:31:51Z,CAPTURED,2,2,
1381142,/fixtures/lineups,Netherlands,88,Eredivisie,2025,Regular Season - 31,2026-04-25T18:00:00+00:00,NAC Breda,Ajax,1,2026-10-05T01:31:51Z,CAPTURED,2,2,
1381143,/fixtures/lineups,Netherlands,88,Eredivisie,2025,Regular Season - 31,2026-04-23T19:00:00+00:00,PSV Eindhoven,PEC Zwolle,1,2026-10-05T01:31:51Z,CAPTURED,2,2,
1381144,/fixtures/lineups,Netherlands,88,Eredivisie,2025,Regular Season - 31,2026-04-22T18:00:00+00:00,Telstar,Sparta Rotterdam,1,2026-10-05T01:31:51Z,CAPTURED,2,2,
1381145,/fixtures/lineups,Netherlands,88,Eredivisie,2025,Regular Season - 31,2026-04-25T19:00:00+00:00,Twente,NEC Nijmegen,1,2026-10-05T01:31:51Z,CAPTURED,2,2,
1381146,/fixtures/lineups,Netherlands,88,Eredivisie,2025,Regular Season - 32,2026-05-02T18:00:00+00:00,Ajax,PSV Eindhoven,1,2026-10-05T01:31:51Z,CAPTURED,2,2,
1381147,/fixtures/lineups,Netherlands,88,Eredivisie,2025,Regular Season - 32,2026-05-03T14:45:00+00:00,AZ Alkmaar,Twente,1,2026-10-05T01:31:51Z,CAPTURED,2,2,
1381148,/fixtures/lineups,Netherlands,88,Eredivisie,2025,Regular Season - 32,2026-05-03T10:15:00+00:00,FC Volendam,Heerenveen,1,2026-10-05T01:31:51Z,CAPTURED,2,2,
1381149,/fixtures/lineups,Netherlands,88,Eredivisie,2025,Regular Season - 32,2026-05-02T16:45:00+00:00,Groningen,Excelsior,1,2026-10-05T01:31:51Z,CAPTURED,2,2,
1381150,/fixtures/lineups,Netherlands,88,Eredivisie,2025,Regular Season - 32,2026-05-02T19:00:00+00:00,NEC Nijmegen,Telstar,1,2026-10-05T01:31:51Z,CAPTURED,2,2,
1381151,/fixtures/lineups,Netherlands,88,Eredivisie,2025,Regular Season - 32,2026-05-03T12:30:00+00:00,Fortuna Sittard,Feyenoord,1,2026-10-05T01:31:51Z,CAPTURED,2,2,
1381152,/fixtures/lineups,Netherlands,88,Eredivisie,2025,Regular Season - 32,2026-05-03T14:45:00+00:00,Sparta Rotterdam,GO Ahead Eagles,1,2026-10-05T01:31:51Z,CAPTURED,2,2,
1381153,/fixtures/lineups,Netherlands,88,Eredivisie,2025,Regular Season - 32,2026-05-02T14:30:00+00:00,Utrecht,NAC Breda,1,2026-10-05T01:31:51Z,CAPTURED,2,2,
1381154,/fixtures/lineups,Netherlands,88,Eredivisie,2025,Regular Season - 32,2026-05-03T12:30:00+00:00,PEC Zwolle,Heracles,1,2026-10-05T01:31:51Z,CAPTURED,2,2,
1342194,/fixtures/lineups,Norway,103,Eliteserien,2025,Regular Season - 2,2025-04-05T16:00:00+00:00,Rosenborg,Fredrikstad,1,2026-10-05T05:35:29Z,CAPTURED,2,2,
1342195,/fixtures/lineups,Norway,103,Eliteserien,2025,Regular Season - 2,2025-04-06T12:30:00+00:00,Brann,Tromso,1,2026-10-05T05:35:29Z,CAPTURED,2,2,
1342197,/fixtures/lineups,Norway,103,Eliteserien,2025,Regular Season - 2,2025-04-06T15:00:00+00:00,Haugesund,Stromsgodset,1,2026-10-05T05:35:29Z,CAPTURED,2,2,
1342198,/fixtures/lineups,Norway,103,Eliteserien,2025,Regular Season - 2,2025-04-06T15:00:00+00:00,Kristiansund BK,Bryne,1,2026-10-05T05:35:29Z,CAPTURED,2,2,
1342199,/fixtures/lineups,Norway,103,Eliteserien,2025,Regular Season - 2,2025-04-06T15:00:00+00:00,Sandefjord,Molde,1,2026-10-05T05:35:29Z,CAPTURED,2,2,
1342200,/fixtures/lineups,Norway,103,Eliteserien,2025,Regular Season - 2,2025-04-06T15:00:00+00:00,Sarpsborg 08 FF,Valerenga,1,2026-10-05T05:35:29Z,CAPTURED,2,2,
1342201,/fixtures/lineups,Norway,103,Eliteserien,2025,Regular Season - 2,2025-04-06T17:15:00+00:00,Viking,KFUM Oslo,1,2026-10-05T05:35:29Z,CAPTURED,2,2,
1342202,/fixtures/lineups,Norway,103,Eliteserien,2025,Regular Season - 3,2025-04-20T12:30:00+00:00,Tromso,Kristiansund BK,1,2026-10-05T05:35:29Z,CAPTURED,2,2,
1342203,/fixtures/lineups,Norway,103,Eliteserien,2025,Regular Season - 3,2025-04-21T12:30:00+00:00,Valerenga,Rosenborg,1,2026-10-05T05:35:29Z,CAPTURED,2,2,
1342204,/fixtures/lineups,Norway,103,Eliteserien,2025,Regular Season - 3,2025-04-21T15:00:00+00:00,Bryne,Haugesund,1,2026-10-05T05:35:29Z,CAPTURED,2,2,
1342205,/fixtures/lineups,Norway,103,Eliteserien,2025,Regular Season - 3,2025-04-21T15:00:00+00:00,Fredrikstad,Sandefjord,1,2026-10-05T05:35:29Z,CAPTURED,2,2,
1342206,/fixtures/lineups,Norway,103,Eliteserien,2025,Regular Season - 3,2025-04-21T15:00:00+00:00,Ham-Kam,Viking,1,2026-10-05T05:35:29Z,CAPTURED,2,2,
1342207,/fixtures/lineups,Norway,103,Eliteserien,2025,Regular Season - 3,2025-04-21T15:00:00+00:00,KFUM Oslo,Sarpsborg 08 FF,1,2026-10-05T05:35:29Z,CAPTURED,2,2,
1342208,/fixtures/lineups,Norway,103,Eliteserien,2025,Regular Season - 3,2025-04-21T15:00:00+00:00,Stromsgodset,Brann,1,2026-10-05T05:35:29Z,CAPTURED,2,2,
1342209,/fixtures/lineups,Norway,103,Eliteserien,2025,Regular Season - 3,2025-04-21T17:15:00+00:00,Molde,Bodo/Glimt,1,2026-10-05T05:35:29Z,CAPTURED,2,2,
1342210,/fixtures/lineups,Norway,103,Eliteserien,2025,Regular Season - 4,2025-04-27T12:30:00+00:00,Rosenborg,Molde,1,2026-10-05T05:35:29Z,CAPTURED,2,2,
1342211,/fixtures/lineups,Norway,103,Eliteserien,2025,Regular Season - 4,2025-04-27T15:00:00+00:00,Bodo/Glimt,KFUM Oslo,1,2026-10-05T05:35:29Z,CAPTURED,2,2,
1342212,/fixtures/lineups,Norway,103,Eliteserien,2025,Regular Season - 4,2025-04-27T15:00:00+00:00,Brann,Bryne,1,2026-10-05T05:35:29Z,CAPTURED,2,2,
1342213,/fixtures/lineups,Norway,103,Eliteserien,2025,Regular Season - 4,2025-04-27T15:00:00+00:00,Haugesund,Fredrikstad,1,2026-10-05T05:35:29Z,CAPTURED,2,2,
1342214,/fixtures/lineups,Norway,103,Eliteserien,2025,Regular Season - 4,2025-04-27T15:00:00+00:00,Kristiansund BK,Valerenga,1,2026-10-05T05:35:29Z,CAPTURED,2,2,
1342215,/fixtures/lineups,Norway,103,Eliteserien,2025,Regular Season - 4,2025-04-27T15:00:00+00:00,Sandefjord,Ham-Kam,1,2026-10-05T05:35:29Z,CAPTURED,2,2,
1342216,/fixtures/lineups,Norway,103,Eliteserien,2025,Regular Season - 4,2025-04-27T15:15:00+00:00,Sarpsborg 08 FF,Stromsgodset,1,2026-10-05T05:35:29Z,CAPTURED,2,2,
1342217,/fixtures/lineups,Norway,103,Eliteserien,2025,Regular Season - 4,2025-04-27T17:15:00+00:00,Viking,Tromso,1,2026-10-05T05:35:29Z,CAPTURED,2,2,
1342219,/fixtures/lineups,Norway,103,Eliteserien,2025,Regular Season - 5,2025-05-02T17:00:00+00:00,Ham-Kam,KFUM Oslo,1,2026-10-05T05:35:29Z,CAPTURED,2,2,
1342220,/fixtures/lineups,Norway,103,Eliteserien,2025,Regular Season - 5,2025-05-03T16:00:00+00:00,Valerenga,Brann,1,2026-10-05T05:35:29Z,CAPTURED,2,2,
1342221,/fixtures/lineups,Norway,103,Eliteserien,2025,Regular Season - 5,2025-05-04T15:00:00+00:00,Molde,Haugesund,1,2026-10-05T05:35:29Z,CAPTURED,2,2,
1342222,/fixtures/lineups,Norway,103,Eliteserien,2025,Regular Season - 5,2025-05-04T15:00:00+00:00,Stromsgodset,Kristiansund BK,1,2026-10-05T05:35:29Z,CAPTURED,2,2,
1342223,/fixtures/lineups,Norway,103,Eliteserien,2025,Regular Season - 5,2025-05-04T15:00:00+00:00,Tromso,Sandefjord,1,2026-10-05T05:35:29Z,CAPTURED,2,2,
1342224,/fixtures/lineups,Norway,103,Eliteserien,2025,Regular Season - 5,2025-05-04T15:00:00+00:00,Viking,Sarpsborg 08 FF,1,2026-10-05T05:35:29Z,CAPTURED,2,2,
1342225,/fixtures/lineups,Norway,103,Eliteserien,2025,Regular Season - 5,2025-05-04T17:15:00+00:00,Rosenborg,Bryne,1,2026-10-05T05:35:29Z,CAPTURED,2,2,
1342227,/fixtures/lineups,Norway,103,Eliteserien,2025,Regular Season - 6,2025-05-11T12:30:00+00:00,Brann,Rosenborg,1,2026-10-05T05:35:29Z,CAPTURED,2,2,
1342228,/fixtures/lineups,Norway,103,Eliteserien,2025,Regular Season - 6,2025-05-11T15:00:00+00:00,Bryne,Molde,1,2026-10-05T05:35:29Z,CAPTURED,2,2,
1342229,/fixtures/lineups,Norway,103,Eliteserien,2025,Regular Season - 6,2025-05-11T15:00:00+00:00,KFUM Oslo,Tromso,1,2026-10-05T05:35:29Z,CAPTURED,2,2,
1342230,/fixtures/lineups,Norway,103,Eliteserien,2025,Regular Season - 6,2025-05-11T15:00:00+00:00,Kristiansund BK,Fredrikstad,1,2026-10-05T05:35:29Z,CAPTURED,2,2,
1342231,/fixtures/lineups,Norway,103,Eliteserien,2025,Regular Season - 6,2025-05-11T15:00:00+00:00,Sandefjord,Valerenga,1,2026-10-05T05:35:29Z,CAPTURED,2,2,
1342232,/fixtures/lineups,Norway,103,Eliteserien,2025,Regular Season - 6,2025-05-11T15:00:00+00:00,Sarpsborg 08 FF,Ham-Kam,1,2026-10-05T05:35:29Z,CAPTURED,2,2,
1342233,/fixtures/lineups,Norway,103,Eliteserien,2025,Regular Season - 6,2025-05-11T17:15:00+00:00,Haugesund,Viking,1,2026-10-05T05:35:29Z,CAPTURED,2,2,
1342234,/fixtures/lineups,Norway,103,Eliteserien,2025,Regular Season - 7,2025-05-16T16:00:00+00:00,Brann,Sarpsborg 08 FF,1,2026-10-05T05:35:29Z,CAPTURED,2,2,
1342235,/fixtures/lineups,Norway,103,Eliteserien,2025,Regular Season - 7,2025-05-16T16:00:00+00:00,Fredrikstad,KFUM Oslo,1,2026-10-05T05:35:29Z,CAPTURED,2,2,
1342236,/fixtures/lineups,Norway,103,Eliteserien,2025,Regular Season - 7,2025-05-16T16:00:00+00:00,Molde,Kristiansund BK,1,2026-10-05T05:35:29Z,CAPTURED,2,2,
1342237,/fixtures/lineups,Norway,103,Eliteserien,2025,Regular Season - 7,2025-05-16T16:00:00+00:00,Rosenborg,Haugesund,1,2026-10-05T05:35:29Z,CAPTURED,2,2,
1342238,/fixtures/lineups,Norway,103,Eliteserien,2025,Regular Season - 7,2025-05-16T16:00:00+00:00,Stromsgodset,Bryne,1,2026-10-05T05:35:29Z,CAPTURED,2,2,
1342239,/fixtures/lineups,Norway,103,Eliteserien,2025,Regular Season - 7,2025-05-16T16:00:00+00:00,Tromso,Bodo/Glimt,1,2026-10-05T05:35:29Z,CAPTURED,2,2,
1342240,/fixtures/lineups,Norway,103,Eliteserien,2025,Regular Season - 7,2025-05-16T16:00:00+00:00,Viking,Sandefjord,1,2026-10-05T05:35:29Z,CAPTURED,2,2,
1342241,/fixtures/lineups,Norway,103,Eliteserien,2025,Regular Season - 7,2025-05-16T18:00:00+00:00,Valerenga,Ham-Kam,1,2026-10-05T05:35:29Z,CAPTURED,2,2,
1342306,/fixtures/lineups,Norway,103,Eliteserien,2025,Regular Season - 16,2025-04-10T17:00:00+00:00,Viking,Kristiansund BK,1,2026-10-05T05:35:29Z,CAPTURED,2,2,
1342314,/fixtures/lineups,Norway,103,Eliteserien,2025,Regular Season - 17,2025-04-09T17:00:00+00:00,Fredrikstad,Valerenga,1,2026-10-05T05:35:29Z,CAPTURED,2,2,
1342315,/fixtures/lineups,Norway,103,Eliteserien,2025,Regular Season - 17,2025-04-10T17:00:00+00:00,Brann,Stromsgodset,1,2026-10-05T05:35:29Z,CAPTURED,2,2,
1342316,/fixtures/lineups,Norway,103,Eliteserien,2025,Regular Season - 17,2025-05-01T16:00:00+00:00,Rosenborg,Kristiansund BK,1,2026-10-05T05:35:29Z,CAPTURED,2,2,
1342322,/fixtures/lineups,Norway,103,Eliteserien,2025,Regular Season - 18,2025-04-30T16:00:00+00:00,Viking,Haugesund,1,2026-10-05T05:35:29Z,CAPTURED,2,2,
1342242,/fixtures/lineups,Norway,103,Eliteserien,2025,Regular Season - 8,2025-05-24T14:00:00+00:00,Bryne,Fredrikstad,1,2026-10-05T09:37:19Z,CAPTURED,2,2,
1342243,/fixtures/lineups,Norway,103,Eliteserien,2025,Regular Season - 8,2025-05-24T16:00:00+00:00,Bodo/Glimt,Rosenborg,1,2026-10-05T09:37:19Z,CAPTURED,2,2,
1342244,/fixtures/lineups,Norway,103,Eliteserien,2025,Regular Season - 8,2025-05-25T12:30:00+00:00,Ham-Kam,Molde,1,2026-10-05T09:37:19Z,CAPTURED,2,2,
1342245,/fixtures/lineups,Norway,103,Eliteserien,2025,Regular Season - 8,2025-05-25T15:00:00+00:00,Kristiansund BK,Viking,1,2026-10-05T09:37:19Z,CAPTURED,2,2,
1342246,/fixtures/lineups,Norway,103,Eliteserien,2025,Regular Season - 8,2025-05-25T15:00:00+00:00,Sandefjord,Stromsgodset,1,2026-10-05T09:37:19Z,CAPTURED,2,2,
1342247,/fixtures/lineups,Norway,103,Eliteserien,2025,Regular Season - 8,2025-05-25T15:00:00+00:00,Sarpsborg 08 FF,Tromso,1,2026-10-05T09:37:19Z,CAPTURED,2,2,
1342248,/fixtures/lineups,Norway,103,Eliteserien,2025,Regular Season - 8,2025-05-25T17:15:00+00:00,Haugesund,Brann,1,2026-10-05T09:37:19Z,CAPTURED,2,2,
1342249,/fixtures/lineups,Norway,103,Eliteserien,2025,Regular Season - 8,2025-05-26T17:00:00+00:00,KFUM Oslo,Valerenga,1,2026-10-05T09:37:19Z,CAPTURED,2,2,
1342250,/fixtures/lineups,Norway,103,Eliteserien,2025,Regular Season - 9,2025-05-31T14:00:00+00:00,Stromsgodset,Ham-Kam,1,2026-10-05T09:37:19Z,CAPTURED,2,2,
1342251,/fixtures/lineups,Norway,103,Eliteserien,2025,Regular Season - 9,2025-05-31T16:45:00+00:00,Tromso,Valerenga,1,2026-10-05T09:37:19Z,CAPTURED,2,2,
1342252,/fixtures/lineups,Norway,103,Eliteserien,2025,Regular Season - 9,2025-06-01T12:30:00+00:00,Fredrikstad,Sarpsborg 08 FF,1,2026-10-05T09:37:19Z,CAPTURED,2,2,
1342253,/fixtures/lineups,Norway,103,Eliteserien,2025,Regular Season - 9,2025-06-01T15:00:00+00:00,Brann,Kristiansund BK,1,2026-10-05T09:37:19Z,CAPTURED,2,2,
1342254,/fixtures/lineups,Norway,103,Eliteserien,2025,Regular Season - 9,2025-06-01T15:00:00+00:00,Bryne,Sandefjord,1,2026-10-05T09:37:19Z,CAPTURED,2,2,
1342255,/fixtures/lineups,Norway,103,Eliteserien,2025,Regular Season - 9,2025-06-01T15:00:00+00:00,Haugesund,Bodo/Glimt,1,2026-10-05T09:37:19Z,CAPTURED,2,2,
1342256,/fixtures/lineups,Norway,103,Eliteserien,2025,Regular Season - 9,2025-06-01T15:00:00+00:00,Rosenborg,KFUM Oslo,1,2026-10-05T09:37:19Z,CAPTURED,2,2,
1342257,/fixtures/lineups,Norway,103,Eliteserien,2025,Regular Season - 9,2025-06-01T17:15:00+00:00,Molde,Viking,1,2026-10-05T09:37:19Z,CAPTURED,2,2,
1342258,/fixtures/lineups,Norway,103,Eliteserien,2025,Regular Season - 10,2025-06-21T16:00:00+00:00,Bodo/Glimt,Brann,1,2026-10-05T09:37:19Z,CAPTURED,2,2,
1342259,/fixtures/lineups,Norway,103,Eliteserien,2025,Regular Season - 10,2025-06-22T15:00:00+00:00,Ham-Kam,Tromso,1,2026-10-05T09:37:19Z,CAPTURED,2,2,
1342260,/fixtures/lineups,Norway,103,Eliteserien,2025,Regular Season - 10,2025-06-22T15:00:00+00:00,KFUM Oslo,Stromsgodset,1,2026-10-05T09:37:19Z,CAPTURED,2,2,
1342261,/fixtures/lineups,Norway,103,Eliteserien,2025,Regular Season - 10,2025-06-22T15:00:00+00:00,Kristiansund BK,Rosenborg,1,2026-10-05T09:37:19Z,CAPTURED,2,2,
1342262,/fixtures/lineups,Norway,103,Eliteserien,2025,Regular Season - 10,2025-06-22T15:00:00+00:00,Sandefjord,Haugesund,1,2026-10-05T09:37:19Z,CAPTURED,2,2,
1342263,/fixtures/lineups,Norway,103,Eliteserien,2025,Regular Season - 10,2025-06-22T15:00:00+00:00,Sarpsborg 08 FF,Bryne,1,2026-10-05T09:37:19Z,CAPTURED,2,2,
1342264,/fixtures/lineups,Norway,103,Eliteserien,2025,Regular Season - 10,2025-06-22T17:15:00+00:00,Viking,Fredrikstad,1,2026-10-05T09:37:19Z,CAPTURED,2,2,
1342265,/fixtures/lineups,Norway,103,Eliteserien,2025,Regular Season - 10,2025-06-22T12:30:00+00:00,Valerenga,Molde,1,2026-10-05T09:37:19Z,CAPTURED,2,2,
1342266,/fixtures/lineups,Norway,103,Eliteserien,2025,Regular Season - 11,2025-06-29T15:00:00+00:00,Bodo/Glimt,Sarpsborg 08 FF,1,2026-10-05T09:37:19Z,CAPTURED,2,2,
1342267,/fixtures/lineups,Norway,103,Eliteserien,2025,Regular Season - 11,2025-06-30T17:00:00+00:00,Brann,Sandefjord,1,2026-10-05T09:37:19Z,CAPTURED,2,2,
1342268,/fixtures/lineups,Norway,103,Eliteserien,2025,Regular Season - 11,2025-06-29T15:00:00+00:00,Bryne,Ham-Kam,1,2026-10-05T09:37:19Z,CAPTURED,2,2,
1342269,/fixtures/lineups,Norway,103,Eliteserien,2025,Regular Season - 11,2025-06-29T15:00:00+00:00,Fredrikstad,Tromso,1,2026-10-05T09:37:19Z,CAPTURED,2,2,
1342270,/fixtures/lineups,Norway,103,Eliteserien,2025,Regular Season - 11,2025-06-29T12:30:00+00:00,Haugesund,Kristiansund BK,1,2026-10-05T09:37:19Z,CAPTURED,2,2,
1342271,/fixtures/lineups,Norway,103,Eliteserien,2025,Regular Season - 11,2025-06-29T15:00:00+00:00,Molde,KFUM Oslo,1,2026-10-05T09:37:19Z,CAPTURED,2,2,
1342272,/fixtures/lineups,Norway,103,Eliteserien,2025,Regular Season - 11,2025-06-28T16:00:00+00:00,Rosenborg,Viking,1,2026-10-05T09:37:19Z,CAPTURED,2,2,
1342273,/fixtures/lineups,Norway,103,Eliteserien,2025,Regular Season - 11,2025-06-29T17:15:00+00:00,Stromsgodset,Valerenga,1,2026-10-05T09:37:19Z,CAPTURED,2,2,
1342274,/fixtures/lineups,Norway,103,Eliteserien,2025,Regular Season - 12,2025-07-05T12:00:00+00:00,Ham-Kam,Brann,1,2026-10-05T09:37:19Z,CAPTURED,2,2,
1342275,/fixtures/lineups,Norway,103,Eliteserien,2025,Regular Season - 12,2025-07-06T12:30:00+00:00,KFUM Oslo,Bryne,1,2026-10-05T09:37:19Z,CAPTURED,2,2,
1342276,/fixtures/lineups,Norway,103,Eliteserien,2025,Regular Season - 12,2025-07-05T18:00:00+00:00,Kristiansund BK,Bodo/Glimt,1,2026-10-05T09:37:19Z,CAPTURED,2,2,
1342277,/fixtures/lineups,Norway,103,Eliteserien,2025,Regular Season - 12,2025-07-06T12:30:00+00:00,Sandefjord,Rosenborg,1,2026-10-05T09:37:19Z,CAPTURED,2,2,
1342278,/fixtures/lineups,Norway,103,Eliteserien,2025,Regular Season - 12,2025-07-06T12:30:00+00:00,Sarpsborg 08 FF,Haugesund,1,2026-10-05T09:37:19Z,CAPTURED,2,2,
1342279,/fixtures/lineups,Norway,103,Eliteserien,2025,Regular Season - 12,2025-07-05T20:00:00+00:00,Tromso,Molde,1,2026-10-05T09:37:19Z,CAPTURED,2,2,
1342280,/fixtures/lineups,Norway,103,Eliteserien,2025,Regular Season - 12,2025-07-05T14:00:00+00:00,Viking,Stromsgodset,1,2026-10-05T09:37:19Z,CAPTURED,2,2,
1342281,/fixtures/lineups,Norway,103,Eliteserien,2025,Regular Season - 12,2025-07-05T16:00:00+00:00,Valerenga,Fredrikstad,1,2026-10-05T09:37:19Z,CAPTURED,2,2,
1342282,/fixtures/lineups,Norway,103,Eliteserien,2025,Regular Season - 13,2025-07-12T14:00:00+00:00,Bodo/Glimt,Sandefjord,1,2026-10-05T09:37:19Z,CAPTURED,2,2,
1342284,/fixtures/lineups,Norway,103,Eliteserien,2025,Regular Season - 13,2025-07-13T12:30:00+00:00,Bryne,Valerenga,1,2026-10-05T09:37:19Z,CAPTURED,2,2,
1342285,/fixtures/lineups,Norway,103,Eliteserien,2025,Regular Season - 13,2025-07-12T16:00:00+00:00,Fredrikstad,Molde,1,2026-10-05T09:37:19Z,CAPTURED,2,2,
1342286,/fixtures/lineups,Norway,103,Eliteserien,2025,Regular Season - 13,2025-07-13T15:00:00+00:00,Haugesund,KFUM Oslo,1,2026-10-05T09:37:19Z,CAPTURED,2,2,
1342287,/fixtures/lineups,Norway,103,Eliteserien,2025,Regular Season - 13,2025-07-13T15:00:00+00:00,Kristiansund BK,Sarpsborg 08 FF,1,2026-10-05T09:37:19Z,CAPTURED,2,2,
1342288,/fixtures/lineups,Norway,103,Eliteserien,2025,Regular Season - 13,2025-07-13T15:00:00+00:00,Rosenborg,Ham-Kam,1,2026-10-05T09:37:19Z,CAPTURED,2,2,
1342289,/fixtures/lineups,Norway,103,Eliteserien,2025,Regular Season - 13,2025-07-13T15:00:00+00:00,Stromsgodset,Tromso,1,2026-10-05T09:37:19Z,CAPTURED,2,2,
1342298,/fixtures/lineups,Norway,103,Eliteserien,2025,Regular Season - 15,2025-05-29T16:00:00+00:00,Brann,Molde,1,2026-10-05T09:37:19Z,CAPTURED,2,2,
1342323,/fixtures/lineups,Norway,103,Eliteserien,2025,Regular Season - 18,2025-05-28T17:00:00+00:00,Fredrikstad,Rosenborg,1,2026-10-05T09:37:19Z,CAPTURED,2,2,
1342330,/fixtures/lineups,Norway,103,Eliteserien,2025,Regular Season - 19,2025-05-28T19:00:00+00:00,Bodo/Glimt,Viking,1,2026-10-05T09:37:19Z,CAPTURED,2,2,
1342218,/fixtures/lineups,Norway,103,Eliteserien,2025,Regular Season - 5,2025-07-16T16:00:00+00:00,Fredrikstad,Bodo/Glimt,1,2026-10-05T13:38:05Z,CAPTURED,2,2,
1342226,/fixtures/lineups,Norway,103,Eliteserien,2025,Regular Season - 6,2025-07-30T17:00:00+00:00,Bodo/Glimt,Stromsgodset,1,2026-10-05T13:38:05Z,CAPTURED,2,2,
1342283,/fixtures/lineups,Norway,103,Eliteserien,2025,Regular Season - 13,2025-07-13T17:15:00+00:00,Brann,Viking,1,2026-10-05T13:38:05Z,CAPTURED,2,2,
1342290,/fixtures/lineups,Norway,103,Eliteserien,2025,Regular Season - 14,2025-07-20T17:15:00+00:00,Ham-Kam,Fredrikstad,1,2026-10-05T13:38:05Z,CAPTURED,2,2,
1342291,/fixtures/lineups,Norway,103,Eliteserien,2025,Regular Season - 14,2025-07-19T12:00:00+00:00,KFUM Oslo,Brann,1,2026-10-05T13:38:05Z,CAPTURED,2,2,
1342292,/fixtures/lineups,Norway,103,Eliteserien,2025,Regular Season - 14,2025-07-19T14:00:00+00:00,Molde,Stromsgodset,1,2026-10-05T13:38:05Z,CAPTURED,2,2,
1342293,/fixtures/lineups,Norway,103,Eliteserien,2025,Regular Season - 14,2025-07-20T15:00:00+00:00,Sandefjord,Kristiansund BK,1,2026-10-05T13:38:05Z,CAPTURED,2,2,
1342294,/fixtures/lineups,Norway,103,Eliteserien,2025,Regular Season - 14,2025-07-18T16:00:00+00:00,Sarpsborg 08 FF,Rosenborg,1,2026-10-05T13:38:05Z,CAPTURED,2,2,
1342295,/fixtures/lineups,Norway,103,Eliteserien,2025,Regular Season - 14,2025-07-20T15:00:00+00:00,Tromso,Bryne,1,2026-10-05T13:38:05Z,CAPTURED,2,2,
1342296,/fixtures/lineups,Norway,103,Eliteserien,2025,Regular Season - 14,2025-07-19T16:00:00+00:00,Viking,Bodo/Glimt,1,2026-10-05T13:38:05Z,CAPTURED,2,2,
1342297,/fixtures/lineups,Norway,103,Eliteserien,2025,Regular Season - 14,2025-07-20T12:30:00+00:00,Valerenga,Haugesund,1,2026-10-05T13:38:05Z,CAPTURED,2,2,
1342299,/fixtures/lineups,Norway,103,Eliteserien,2025,Regular Season - 15,2025-07-26T16:00:00+00:00,Bodo/Glimt,Valerenga,1,2026-10-05T13:38:05Z,CAPTURED,2,2,
1342300,/fixtures/lineups,Norway,103,Eliteserien,2025,Regular Season - 15,2025-07-27T12:30:00+00:00,Bryne,Viking,1,2026-10-05T13:38:05Z,CAPTURED,2,2,
1342301,/fixtures/lineups,Norway,103,Eliteserien,2025,Regular Season - 15,2025-07-25T17:00:00+00:00,Fredrikstad,Stromsgodset,1,2026-10-05T13:38:05Z,CAPTURED,2,2,
1342302,/fixtures/lineups,Norway,103,Eliteserien,2025,Regular Season - 15,2025-07-26T14:00:00+00:00,Haugesund,Ham-Kam,1,2026-10-05T13:38:05Z,CAPTURED,2,2,
1342303,/fixtures/lineups,Norway,103,Eliteserien,2025,Regular Season - 15,2025-07-26T14:00:00+00:00,Kristiansund BK,KFUM Oslo,1,2026-10-05T13:38:05Z,CAPTURED,2,2,
1342304,/fixtures/lineups,Norway,103,Eliteserien,2025,Regular Season - 15,2025-07-27T12:30:00+00:00,Rosenborg,Tromso,1,2026-10-05T13:38:05Z,CAPTURED,2,2,
1342305,/fixtures/lineups,Norway,103,Eliteserien,2025,Regular Season - 15,2025-07-26T14:00:00+00:00,Sandefjord,Sarpsborg 08 FF,1,2026-10-05T13:38:05Z,CAPTURED,2,2,
1342307,/fixtures/lineups,Norway,103,Eliteserien,2025,Regular Season - 16,2025-08-03T12:30:00+00:00,Ham-Kam,Bodo/Glimt,1,2026-10-05T13:38:05Z,CAPTURED,2,2,
1342308,/fixtures/lineups,Norway,103,Eliteserien,2025,Regular Season - 16,2025-08-03T15:00:00+00:00,KFUM Oslo,Rosenborg,1,2026-10-05T13:38:05Z,CAPTURED,2,2,
1342309,/fixtures/lineups,Norway,103,Eliteserien,2025,Regular Season - 16,2025-08-03T15:00:00+00:00,Molde,Bryne,1,2026-10-05T13:38:05Z,CAPTURED,2,2,
1342310,/fixtures/lineups,Norway,103,Eliteserien,2025,Regular Season - 16,2025-08-02T16:00:00+00:00,Sarpsborg 08 FF,Brann,1,2026-10-05T13:38:05Z,CAPTURED,2,2,
1342311,/fixtures/lineups,Norway,103,Eliteserien,2025,Regular Season - 16,2025-08-03T15:00:00+00:00,Stromsgodset,Haugesund,1,2026-10-05T13:38:05Z,CAPTURED,2,2,
1342312,/fixtures/lineups,Norway,103,Eliteserien,2025,Regular Season - 16,2025-08-02T14:00:00+00:00,Tromso,Fredrikstad,1,2026-10-05T13:38:05Z,CAPTURED,2,2,
1342313,/fixtures/lineups,Norway,103,Eliteserien,2025,Regular Season - 16,2025-08-03T15:00:00+00:00,Valerenga,Sandefjord,1,2026-10-05T13:38:05Z,CAPTURED,2,2,
1342317,/fixtures/lineups,Norway,103,Eliteserien,2025,Regular Season - 17,2025-08-09T17:15:00+00:00,Bodo/Glimt,Tromso,1,2026-10-05T13:38:05Z,CAPTURED,2,2,
1342318,/fixtures/lineups,Norway,103,Eliteserien,2025,Regular Season - 17,2025-08-10T15:00:00+00:00,Bryne,KFUM Oslo,1,2026-10-05T13:38:05Z,CAPTURED,2,2,
1342319,/fixtures/lineups,Norway,103,Eliteserien,2025,Regular Season - 17,2025-08-10T15:00:00+00:00,Haugesund,Sarpsborg 08 FF,1,2026-10-05T13:38:05Z,CAPTURED,2,2,
1342320,/fixtures/lineups,Norway,103,Eliteserien,2025,Regular Season - 17,2025-08-09T14:00:00+00:00,Molde,Ham-Kam,1,2026-10-05T13:38:05Z,CAPTURED,2,2,
1342321,/fixtures/lineups,Norway,103,Eliteserien,2025,Regular Season - 17,2025-08-10T17:15:00+00:00,Sandefjord,Viking,1,2026-10-05T13:38:05Z,CAPTURED,2,2,
1342324,/fixtures/lineups,Norway,103,Eliteserien,2025,Regular Season - 18,2025-08-17T15:00:00+00:00,Ham-Kam,Bryne,1,2026-10-05T13:38:05Z,CAPTURED,2,2,
1342325,/fixtures/lineups,Norway,103,Eliteserien,2025,Regular Season - 18,2025-08-17T15:00:00+00:00,KFUM Oslo,Molde,1,2026-10-05T13:38:05Z,CAPTURED,2,2,
1342326,/fixtures/lineups,Norway,103,Eliteserien,2025,Regular Season - 18,2025-08-17T15:00:00+00:00,Kristiansund BK,Sandefjord,1,2026-10-05T13:38:05Z,CAPTURED,2,2,
1342327,/fixtures/lineups,Norway,103,Eliteserien,2025,Regular Season - 18,2025-08-15T17:00:00+00:00,Stromsgodset,Bodo/Glimt,1,2026-10-05T13:38:05Z,CAPTURED,2,2,
1342328,/fixtures/lineups,Norway,103,Eliteserien,2025,Regular Season - 18,2025-08-17T12:30:00+00:00,Tromso,Brann,1,2026-10-05T13:38:05Z,CAPTURED,2,2,
1342329,/fixtures/lineups,Norway,103,Eliteserien,2025,Regular Season - 18,2025-08-17T17:15:00+00:00,Valerenga,Sarpsborg 08 FF,1,2026-10-05T13:38:05Z,CAPTURED,2,2,
1342332,/fixtures/lineups,Norway,103,Eliteserien,2025,Regular Season - 19,2025-08-24T15:00:00+00:00,Bryne,Stromsgodset,1,2026-10-05T13:38:05Z,CAPTURED,2,2,
1342333,/fixtures/lineups,Norway,103,Eliteserien,2025,Regular Season - 19,2025-08-24T12:30:00+00:00,Haugesund,Valerenga,1,2026-10-05T13:38:05Z,CAPTURED,2,2,
1342334,/fixtures/lineups,Norway,103,Eliteserien,2025,Regular Season - 19,2025-08-22T17:00:00+00:00,KFUM Oslo,Ham-Kam,1,2026-10-05T13:38:05Z,CAPTURED,2,2,
1342335,/fixtures/lineups,Norway,103,Eliteserien,2025,Regular Season - 19,2025-08-24T17:15:00+00:00,Molde,Tromso,1,2026-10-05T13:38:05Z,CAPTURED,2,2,
1342337,/fixtures/lineups,Norway,103,Eliteserien,2025,Regular Season - 19,2025-08-25T17:00:00+00:00,Sarpsborg 08 FF,Kristiansund BK,1,2026-10-05T13:38:05Z,CAPTURED,2,2,
1342338,/fixtures/lineups,Norway,103,Eliteserien,2025,Regular Season - 20,2025-08-31T15:00:00+00:00,Fredrikstad,Haugesund,1,2026-10-05T13:38:05Z,CAPTURED,2,2,
1342339,/fixtures/lineups,Norway,103,Eliteserien,2025,Regular Season - 20,2025-08-31T15:00:00+00:00,Ham-Kam,Sarpsborg 08 FF,1,2026-10-05T13:38:05Z,CAPTURED,2,2,
1342340,/fixtures/lineups,Norway,103,Eliteserien,2025,Regular Season - 20,2025-08-31T12:30:00+00:00,Kristiansund BK,Brann,1,2026-10-05T13:38:05Z,CAPTURED,2,2,
1342341,/fixtures/lineups,Norway,103,Eliteserien,2025,Regular Season - 20,2025-08-31T15:00:00+00:00,Sandefjord,Bodo/Glimt,1,2026-10-05T13:38:05Z,CAPTURED,2,2,
1342342,/fixtures/lineups,Norway,103,Eliteserien,2025,Regular Season - 20,2025-08-31T17:15:00+00:00,Stromsgodset,Molde,1,2026-10-05T13:38:05Z,CAPTURED,2,2,
1342343,/fixtures/lineups,Norway,103,Eliteserien,2025,Regular Season - 20,2025-08-31T15:00:00+00:00,Tromso,KFUM Oslo,1,2026-10-05T13:38:05Z,CAPTURED,2,2,
1342344,/fixtures/lineups,Norway,103,Eliteserien,2025,Regular Season - 20,2025-08-31T15:00:00+00:00,Viking,Rosenborg,1,2026-10-05T13:38:05Z,CAPTURED,2,2,
1342345,/fixtures/lineups,Norway,103,Eliteserien,2025,Regular Season - 20,2025-08-30T16:00:00+00:00,Valerenga,Bryne,1,2026-10-05T13:38:05Z,CAPTURED,2,2,
1342346,/fixtures/lineups,Norway,103,Eliteserien,2025,Regular Season - 21,2025-09-12T17:00:00+00:00,Bodo/Glimt,Kristiansund BK,1,2026-10-05T13:38:05Z,CAPTURED,2,2,
1342331,/fixtures/lineups,Norway,103,Eliteserien,2025,Regular Season - 19,2025-09-28T12:30:00+00:00,Brann,Fredrikstad,1,2026-10-05T17:36:11Z,CAPTURED,2,2,
1342336,/fixtures/lineups,Norway,103,Eliteserien,2025,Regular Season - 19,2025-10-29T20:00:00+00:00,Rosenborg,Sandefjord,1,2026-10-05T17:36:11Z,CAPTURED,2,2,
1342347,/fixtures/lineups,Norway,103,Eliteserien,2025,Regular Season - 21,2025-09-13T16:00:00+00:00,Brann,Valerenga,1,2026-10-05T17:36:11Z,CAPTURED,2,2,
1342348,/fixtures/lineups,Norway,103,Eliteserien,2025,Regular Season - 21,2025-09-14T12:30:00+00:00,Bryne,Tromso,1,2026-10-05T17:36:11Z,CAPTURED,2,2,
1342349,/fixtures/lineups,Norway,103,Eliteserien,2025,Regular Season - 21,2025-09-14T15:00:00+00:00,Ham-Kam,Stromsgodset,1,2026-10-05T17:36:11Z,CAPTURED,2,2,
1342350,/fixtures/lineups,Norway,103,Eliteserien,2025,Regular Season - 21,2025-09-14T17:15:00+00:00,Haugesund,Rosenborg,1,2026-10-05T17:36:11Z,CAPTURED,2,2,
1342351,/fixtures/lineups,Norway,103,Eliteserien,2025,Regular Season - 21,2025-09-14T15:02:00+00:00,KFUM Oslo,Viking,1,2026-10-05T17:36:11Z,CAPTURED,2,2,
1342352,/fixtures/lineups,Norway,103,Eliteserien,2025,Regular Season - 21,2025-09-13T14:00:00+00:00,Molde,Fredrikstad,1,2026-10-05T17:36:11Z,CAPTURED,2,2,
1342353,/fixtures/lineups,Norway,103,Eliteserien,2025,Regular Season - 21,2025-09-14T15:00:00+00:00,Sarpsborg 08 FF,Sandefjord,1,2026-10-05T17:36:11Z,CAPTURED,2,2,
1342354,/fixtures/lineups,Norway,103,Eliteserien,2025,Regular Season - 22,2025-09-20T12:00:00+00:00,Fredrikstad,Bryne,1,2026-10-05T17:36:11Z,CAPTURED,2,2,
1342355,/fixtures/lineups,Norway,103,Eliteserien,2025,Regular Season - 22,2025-09-21T15:00:00+00:00,Kristiansund BK,Haugesund,1,2026-10-05T17:36:11Z,CAPTURED,2,2,
1342356,/fixtures/lineups,Norway,103,Eliteserien,2025,Regular Season - 22,2025-09-21T12:30:00+00:00,Rosenborg,Bodo/Glimt,1,2026-10-05T17:36:11Z,CAPTURED,2,2,
1342357,/fixtures/lineups,Norway,103,Eliteserien,2025,Regular Season - 22,2025-09-20T14:00:00+00:00,Sandefjord,Brann,1,2026-10-05T17:36:11Z,CAPTURED,2,2,
1342358,/fixtures/lineups,Norway,103,Eliteserien,2025,Regular Season - 22,2025-09-21T15:00:00+00:00,Stromsgodset,Sarpsborg 08 FF,1,2026-10-05T17:36:11Z,CAPTURED,2,2,
1342359,/fixtures/lineups,Norway,103,Eliteserien,2025,Regular Season - 22,2025-09-21T15:00:00+00:00,Tromso,Ham-Kam,1,2026-10-05T17:36:11Z,CAPTURED,2,2,
1342360,/fixtures/lineups,Norway,103,Eliteserien,2025,Regular Season - 22,2025-09-21T17:15:00+00:00,Viking,Molde,1,2026-10-05T17:36:11Z,CAPTURED,2,2,
1342361,/fixtures/lineups,Norway,103,Eliteserien,2025,Regular Season - 22,2025-09-20T16:00:00+00:00,Valerenga,KFUM Oslo,1,2026-10-05T17:36:11Z,CAPTURED,2,2,
1342362,/fixtures/lineups,Norway,103,Eliteserien,2025,Regular Season - 23,2025-10-29T18:00:00+00:00,Brann,Bodo/Glimt,1,2026-10-05T17:36:11Z,CAPTURED,2,2,
1342363,/fixtures/lineups,Norway,103,Eliteserien,2025,Regular Season - 23,2025-09-28T15:00:00+00:00,Bryne,Kristiansund BK,1,2026-10-05T17:36:11Z,CAPTURED,2,2,
1342364,/fixtures/lineups,Norway,103,Eliteserien,2025,Regular Season - 23,2025-09-28T15:00:00+00:00,Ham-Kam,Rosenborg,1,2026-10-05T17:36:11Z,CAPTURED,2,2,
1342365,/fixtures/lineups,Norway,103,Eliteserien,2025,Regular Season - 23,2025-09-29T17:00:00+00:00,Haugesund,Sandefjord,1,2026-10-05T17:36:11Z,CAPTURED,2,2,
1342366,/fixtures/lineups,Norway,103,Eliteserien,2025,Regular Season - 23,2025-10-01T17:00:00+00:00,KFUM Oslo,Fredrikstad,1,2026-10-05T17:36:11Z,CAPTURED,2,2,
1342367,/fixtures/lineups,Norway,103,Eliteserien,2025,Regular Season - 23,2025-09-28T17:15:00+00:00,Molde,Valerenga,1,2026-10-05T17:36:11Z,CAPTURED,2,2,
1342368,/fixtures/lineups,Norway,103,Eliteserien,2025,Regular Season - 23,2025-09-27T16:00:00+00:00,Sarpsborg 08 FF,Viking,1,2026-10-05T17:36:11Z,CAPTURED,2,2,
1342369,/fixtures/lineups,Norway,103,Eliteserien,2025,Regular Season - 23,2025-09-28T15:00:00+00:00,Tromso,Stromsgodset,1,2026-10-05T17:36:11Z,CAPTURED,2,2,
1342370,/fixtures/lineups,Norway,103,Eliteserien,2025,Regular Season - 24,2025-10-05T15:00:00+00:00,Bodo/Glimt,Haugesund,1,2026-10-05T17:36:11Z,CAPTURED,2,2,
1342371,/fixtures/lineups,Norway,103,Eliteserien,2025,Regular Season - 24,2025-10-05T15:00:00+00:00,Fredrikstad,Ham-Kam,1,2026-10-05T17:36:11Z,CAPTURED,2,2,
1342372,/fixtures/lineups,Norway,103,Eliteserien,2025,Regular Season - 24,2025-10-04T16:00:00+00:00,Kristiansund BK,Molde,1,2026-10-05T17:36:11Z,CAPTURED,2,2,
1342373,/fixtures/lineups,Norway,103,Eliteserien,2025,Regular Season - 24,2025-10-05T17:15:00+00:00,Rosenborg,Sarpsborg 08 FF,1,2026-10-05T17:36:11Z,CAPTURED,2,2,
1342374,/fixtures/lineups,Norway,103,Eliteserien,2025,Regular Season - 24,2025-10-04T14:00:00+00:00,Sandefjord,Bryne,1,2026-10-05T17:36:11Z,CAPTURED,2,2,
1342375,/fixtures/lineups,Norway,103,Eliteserien,2025,Regular Season - 24,2025-10-05T15:00:00+00:00,Stromsgodset,KFUM Oslo,1,2026-10-05T17:36:11Z,CAPTURED,2,2,
1342376,/fixtures/lineups,Norway,103,Eliteserien,2025,Regular Season - 24,2025-10-05T12:30:00+00:00,Viking,Brann,1,2026-10-05T17:36:11Z,CAPTURED,2,2,
1342377,/fixtures/lineups,Norway,103,Eliteserien,2025,Regular Season - 24,2025-10-04T12:00:00+00:00,Valerenga,Tromso,1,2026-10-05T17:36:11Z,CAPTURED,2,2,
1342378,/fixtures/lineups,Norway,103,Eliteserien,2025,Regular Season - 25,2025-10-18T16:00:00+00:00,Brann,Haugesund,1,2026-10-05T17:36:11Z,CAPTURED,2,2,
1342379,/fixtures/lineups,Norway,103,Eliteserien,2025,Regular Season - 25,2025-10-18T14:00:00+00:00,Bryne,Rosenborg,1,2026-10-05T17:36:11Z,CAPTURED,2,2,
1342380,/fixtures/lineups,Norway,103,Eliteserien,2025,Regular Season - 25,2025-10-19T15:00:00+00:00,Ham-Kam,Valerenga,1,2026-10-05T17:36:11Z,CAPTURED,2,2,
1342381,/fixtures/lineups,Norway,103,Eliteserien,2025,Regular Season - 25,2025-10-19T15:00:00+00:00,KFUM Oslo,Kristiansund BK,1,2026-10-05T17:36:11Z,CAPTURED,2,2,
1342382,/fixtures/lineups,Norway,103,Eliteserien,2025,Regular Season - 25,2025-10-19T15:00:00+00:00,Molde,Sandefjord,1,2026-10-05T17:36:11Z,CAPTURED,2,2,
1342383,/fixtures/lineups,Norway,103,Eliteserien,2025,Regular Season - 25,2025-10-18T12:00:00+00:00,Sarpsborg 08 FF,Bodo/Glimt,1,2026-10-05T17:36:11Z,CAPTURED,2,2,
1342384,/fixtures/lineups,Norway,103,Eliteserien,2025,Regular Season - 25,2025-10-19T17:15:00+00:00,Stromsgodset,Fredrikstad,1,2026-10-05T17:36:11Z,CAPTURED,2,2,
1342385,/fixtures/lineups,Norway,103,Eliteserien,2025,Regular Season - 25,2025-10-19T12:30:00+00:00,Tromso,Viking,1,2026-10-05T17:36:11Z,CAPTURED,2,2,
1342386,/fixtures/lineups,Norway,103,Eliteserien,2025,Regular Season - 26,2025-10-26T16:00:00+00:00,Bodo/Glimt,Molde,1,2026-10-05T17:36:11Z,CAPTURED,2,2,
1342387,/fixtures/lineups,Norway,103,Eliteserien,2025,Regular Season - 26,2025-10-26T16:00:00+00:00,Haugesund,Tromso,1,2026-10-05T17:36:11Z,CAPTURED,2,2,
1342388,/fixtures/lineups,Norway,103,Eliteserien,2025,Regular Season - 26,2025-10-26T16:00:00+00:00,Kristiansund BK,Ham-Kam,1,2026-10-05T17:36:11Z,CAPTURED,2,2,
1342389,/fixtures/lineups,Norway,103,Eliteserien,2025,Regular Season - 26,2025-10-26T13:30:00+00:00,Rosenborg,Brann,1,2026-10-05T17:36:11Z,CAPTURED,2,2,
1342390,/fixtures/lineups,Norway,103,Eliteserien,2025,Regular Season - 26,2025-10-26T16:00:00+00:00,Sandefjord,Fredrikstad,1,2026-10-05T17:36:11Z,CAPTURED,2,2,
1342391,/fixtures/lineups,Norway,103,Eliteserien,2025,Regular Season - 26,2025-10-25T16:00:00+00:00,Sarpsborg 08 FF,KFUM Oslo,1,2026-10-05T17:36:11Z,CAPTURED,2,2,
1342392,/fixtures/lineups,Norway,103,Eliteserien,2025,Regular Season - 26,2025-10-25T14:00:00+00:00,Viking,Bryne,1,2026-10-05T17:36:11Z,CAPTURED,2,2,
1342393,/fixtures/lineups,Norway,103,Eliteserien,2025,Regular Season - 26,2025-10-26T18:15:00+00:00,Valerenga,Stromsgodset,1,2026-10-05T17:36:11Z,CAPTURED,2,2,
1342401,/fixtures/lineups,Norway,103,Eliteserien,2025,Regular Season - 27,2025-11-01T15:00:00+00:00,Valerenga,Bodo/Glimt,1,2026-10-05T17:36:11Z,CAPTURED,2,2,
1342394,/fixtures/lineups,Norway,103,Eliteserien,2025,Regular Season - 27,2025-11-02T16:00:00+00:00,Bryne,Brann,1,2026-10-05T21:44:14Z,CAPTURED,2,2,
1342395,/fixtures/lineups,Norway,103,Eliteserien,2025,Regular Season - 27,2025-11-02T16:00:00+00:00,Fredrikstad,Kristiansund BK,1,2026-10-05T21:44:14Z,CAPTURED,2,2,
1342396,/fixtures/lineups,Norway,103,Eliteserien,2025,Regular Season - 27,2025-11-02T16:00:00+00:00,Ham-Kam,Sandefjord,1,2026-10-05T21:44:14Z,CAPTURED,2,2,
1342397,/fixtures/lineups,Norway,103,Eliteserien,2025,Regular Season - 27,2025-11-02T16:00:00+00:00,KFUM Oslo,Haugesund,1,2026-10-05T21:44:14Z,CAPTURED,2,2,
1342398,/fixtures/lineups,Norway,103,Eliteserien,2025,Regular Season - 27,2025-11-01T17:00:00+00:00,Molde,Rosenborg,1,2026-10-05T21:44:14Z,CAPTURED,2,2,
1342399,/fixtures/lineups,Norway,103,Eliteserien,2025,Regular Season - 27,2025-11-02T13:30:00+00:00,Stromsgodset,Viking,1,2026-10-05T21:44:14Z,CAPTURED,2,2,
1342400,/fixtures/lineups,Norway,103,Eliteserien,2025,Regular Season - 27,2025-11-02T18:15:00+00:00,Tromso,Sarpsborg 08 FF,1,2026-10-05T21:44:14Z,CAPTURED,2,2,
1342402,/fixtures/lineups,Norway,103,Eliteserien,2025,Regular Season - 28,2025-11-09T16:00:00+00:00,Bodo/Glimt,Bryne,1,2026-10-05T21:44:14Z,CAPTURED,2,2,
1342403,/fixtures/lineups,Norway,103,Eliteserien,2025,Regular Season - 28,2025-11-09T16:00:00+00:00,Brann,KFUM Oslo,1,2026-10-05T21:44:14Z,CAPTURED,2,2,
1342404,/fixtures/lineups,Norway,103,Eliteserien,2025,Regular Season - 28,2025-11-09T18:15:00+00:00,Haugesund,Molde,1,2026-10-05T21:44:14Z,CAPTURED,2,2,
1342405,/fixtures/lineups,Norway,103,Eliteserien,2025,Regular Season - 28,2025-11-09T16:00:00+00:00,Kristiansund BK,Stromsgodset,1,2026-10-05T21:44:14Z,CAPTURED,2,2,
1342406,/fixtures/lineups,Norway,103,Eliteserien,2025,Regular Season - 28,2025-11-09T13:30:00+00:00,Rosenborg,Valerenga,1,2026-10-05T21:44:14Z,CAPTURED,2,2,
1342407,/fixtures/lineups,Norway,103,Eliteserien,2025,Regular Season - 28,2025-11-09T16:00:00+00:00,Sandefjord,Tromso,1,2026-10-05T21:44:14Z,CAPTURED,2,2,
1342408,/fixtures/lineups,Norway,103,Eliteserien,2025,Regular Season - 28,2025-11-08T13:00:00+00:00,Sarpsborg 08 FF,Fredrikstad,1,2026-10-05T21:44:14Z,CAPTURED,2,2,
1342409,/fixtures/lineups,Norway,103,Eliteserien,2025,Regular Season - 28,2025-11-08T17:00:00+00:00,Viking,Ham-Kam,1,2026-10-05T21:44:14Z,CAPTURED,2,2,
1342410,/fixtures/lineups,Norway,103,Eliteserien,2025,Regular Season - 29,2025-11-23T13:30:00+00:00,Bryne,Sarpsborg 08 FF,1,2026-10-05T21:44:14Z,CAPTURED,2,2,
1342411,/fixtures/lineups,Norway,103,Eliteserien,2025,Regular Season - 29,2025-11-23T18:15:00+00:00,Fredrikstad,Viking,1,2026-10-05T21:44:14Z,CAPTURED,2,2,
1342412,/fixtures/lineups,Norway,103,Eliteserien,2025,Regular Season - 29,2025-11-23T13:30:00+00:00,Ham-Kam,Haugesund,1,2026-10-05T21:44:14Z,CAPTURED,2,2,
1342413,/fixtures/lineups,Norway,103,Eliteserien,2025,Regular Season - 29,2025-11-21T18:00:00+00:00,KFUM Oslo,Bodo/Glimt,1,2026-10-05T21:44:14Z,CAPTURED,2,2,
1342414,/fixtures/lineups,Norway,103,Eliteserien,2025,Regular Season - 29,2025-11-22T17:00:00+00:00,Molde,Brann,1,2026-10-05T21:44:14Z,CAPTURED,2,2,
1342415,/fixtures/lineups,Norway,103,Eliteserien,2025,Regular Season - 29,2025-11-22T17:00:00+00:00,Stromsgodset,Sandefjord,1,2026-10-05T21:44:14Z,CAPTURED,2,2,
1342416,/fixtures/lineups,Norway,103,Eliteserien,2025,Regular Season - 29,2025-11-22T13:00:00+00:00,Tromso,Rosenborg,1,2026-10-05T21:44:14Z,CAPTURED,2,2,
1342418,/fixtures/lineups,Norway,103,Eliteserien,2025,Regular Season - 30,2025-11-30T16:00:00+00:00,Bodo/Glimt,Fredrikstad,1,2026-10-05T21:44:14Z,CAPTURED,2,2,
1342419,/fixtures/lineups,Norway,103,Eliteserien,2025,Regular Season - 30,2025-11-30T16:00:00+00:00,Brann,Ham-Kam,1,2026-10-05T21:44:14Z,CAPTURED,2,2,
1342420,/fixtures/lineups,Norway,103,Eliteserien,2025,Regular Season - 30,2025-11-30T16:00:00+00:00,Haugesund,Bryne,1,2026-10-05T21:44:14Z,CAPTURED,2,2,
1342421,/fixtures/lineups,Norway,103,Eliteserien,2025,Regular Season - 30,2025-11-30T16:00:00+00:00,Kristiansund BK,Tromso,1,2026-10-05T21:44:14Z,CAPTURED,2,2,
1342422,/fixtures/lineups,Norway,103,Eliteserien,2025,Regular Season - 30,2025-11-30T16:00:00+00:00,Rosenborg,Stromsgodset,1,2026-10-05T21:44:14Z,CAPTURED,2,2,
1342423,/fixtures/lineups,Norway,103,Eliteserien,2025,Regular Season - 30,2025-11-30T16:00:00+00:00,Sandefjord,KFUM Oslo,1,2026-10-05T21:44:14Z,CAPTURED,2,2,
1342424,/fixtures/lineups,Norway,103,Eliteserien,2025,Regular Season - 30,2025-11-30T16:00:00+00:00,Sarpsborg 08 FF,Molde,1,2026-10-05T21:44:14Z,CAPTURED,2,2,
1342425,/fixtures/lineups,Norway,103,Eliteserien,2025,Regular Season - 30,2025-11-30T16:00:00+00:00,Viking,Valerenga,1,2026-10-05T21:44:14Z,CAPTURED,2,2,
1380384,/fixtures/lineups,Poland,106,Ekstraklasa,2025,Regular Season - 1,2025-07-19T18:15:00+00:00,GKS Katowice,Raków Częstochowa,1,2026-10-05T21:44:14Z,CAPTURED,2,2,
1380385,/fixtures/lineups,Poland,106,Ekstraklasa,2025,Regular Season - 1,2025-07-20T12:45:00+00:00,Gornik Zabrze,Lechia Gdansk,1,2026-10-05T21:44:14Z,CAPTURED,2,2,
1380386,/fixtures/lineups,Poland,106,Ekstraklasa,2025,Regular Season - 1,2025-07-18T16:00:00+00:00,Jagiellonia,Nieciecza,1,2026-10-05T21:44:14Z,CAPTURED,2,2,
1380387,/fixtures/lineups,Poland,106,Ekstraklasa,2025,Regular Season - 1,2025-07-18T18:30:00+00:00,Lech Poznan,Cracovia Krakow,1,2026-10-05T21:44:14Z,CAPTURED,2,2,
1380389,/fixtures/lineups,Poland,106,Ekstraklasa,2025,Regular Season - 1,2025-07-20T15:30:00+00:00,Motor Lublin,Arka Gdynia,1,2026-10-05T21:44:14Z,CAPTURED,2,2,
1380390,/fixtures/lineups,Poland,106,Ekstraklasa,2025,Regular Season - 1,2025-07-20T18:15:00+00:00,Radomiak Radom,Pogon Szczecin,1,2026-10-05T21:44:14Z,CAPTURED,2,2,
1380391,/fixtures/lineups,Poland,106,Ekstraklasa,2025,Regular Season - 1,2025-07-19T12:45:00+00:00,Widzew Łódź,Zaglebie Lubin,1,2026-10-05T21:44:14Z,CAPTURED,2,2,
1380392,/fixtures/lineups,Poland,106,Ekstraklasa,2025,Regular Season - 1,2025-07-19T15:30:00+00:00,Wisla Plock,Korona Kielce,1,2026-10-05T21:44:14Z,CAPTURED,2,2,
1380393,/fixtures/lineups,Poland,106,Ekstraklasa,2025,Regular Season - 2,2025-07-25T18:30:00+00:00,Arka Gdynia,Radomiak Radom,1,2026-10-05T21:44:14Z,CAPTURED,2,2,
1380394,/fixtures/lineups,Poland,106,Ekstraklasa,2025,Regular Season - 2,2025-07-25T16:00:00+00:00,Cracovia Krakow,Nieciecza,1,2026-10-05T21:44:14Z,CAPTURED,2,2,
1380395,/fixtures/lineups,Poland,106,Ekstraklasa,2025,Regular Season - 2,2025-07-28T17:00:00+00:00,GKS Katowice,Zaglebie Lubin,1,2026-10-05T21:44:14Z,CAPTURED,2,2,
1380396,/fixtures/lineups,Poland,106,Ekstraklasa,2025,Regular Season - 2,2025-07-27T15:30:00+00:00,Jagiellonia,Widzew Łódź,1,2026-10-05T21:44:14Z,CAPTURED,2,2,
1380397,/fixtures/lineups,Poland,106,Ekstraklasa,2025,Regular Season - 2,2025-07-27T18:15:00+00:00,Korona Kielce,Legia Warszawa,1,2026-10-05T21:44:14Z,CAPTURED,2,2,
1380398,/fixtures/lineups,Poland,106,Ekstraklasa,2025,Regular Season - 2,2025-07-26T18:15:00+00:00,Lechia Gdansk,Lech Poznan,1,2026-10-05T21:44:14Z,CAPTURED,2,2,
1380399,/fixtures/lineups,Poland,106,Ekstraklasa,2025,Regular Season - 2,2025-07-26T12:45:00+00:00,Piast Gliwice,Gornik Zabrze,1,2026-10-05T21:44:14Z,CAPTURED,2,2,
1380400,/fixtures/lineups,Poland,106,Ekstraklasa,2025,Regular Season - 2,2025-07-26T15:30:00+00:00,Pogon Szczecin,Motor Lublin,1,2026-10-05T21:44:14Z,CAPTURED,2,2,
1380401,/fixtures/lineups,Poland,106,Ekstraklasa,2025,Regular Season - 2,2025-07-27T12:45:00+00:00,Raków Częstochowa,Wisla Plock,1,2026-10-05T21:44:14Z,CAPTURED,2,2,
1380410,/fixtures/lineups,Poland,106,Ekstraklasa,2025,Regular Season - 3,2025-08-01T16:00:00+00:00,Zaglebie Lubin,Korona Kielce,1,2026-10-05T21:44:14Z,CAPTURED,2,2,
1488553,/fixtures/lineups,Norway,103,Eliteserien,2025,Final,2025-12-07T16:00:00+00:00,Bryne,Aalesund,1,2026-10-05T21:44:14Z,CAPTURED,2,2,
1488554,/fixtures/lineups,Norway,103,Eliteserien,2025,Final,2025-12-11T18:00:00+00:00,Aalesund,Bryne,1,2026-10-05T21:44:14Z,CAPTURED,2,2,
1380402,/fixtures/lineups,Poland,106,Ekstraklasa,2025,Regular Season - 3,2025-08-03T12:45:00+00:00,Cracovia Krakow,Lechia Gdansk,1,2026-10-06T01:31:07Z,CAPTURED,2,2,
1380403,/fixtures/lineups,Poland,106,Ekstraklasa,2025,Regular Season - 3,2025-08-02T18:15:00+00:00,Lech Poznan,Gornik Zabrze,1,2026-10-06T01:31:07Z,CAPTURED,2,2,
1380404,/fixtures/lineups,Poland,106,Ekstraklasa,2025,Regular Season - 3,2025-08-03T18:15:00+00:00,Legia Warszawa,Arka Gdynia,1,2026-10-06T01:31:07Z,CAPTURED,2,2,
1380406,/fixtures/lineups,Poland,106,Ekstraklasa,2025,Regular Season - 3,2025-08-03T15:30:00+00:00,Radomiak Radom,Raków Częstochowa,1,2026-10-06T01:31:07Z,CAPTURED,2,2,
1380407,/fixtures/lineups,Poland,106,Ekstraklasa,2025,Regular Season - 3,2025-08-02T12:45:00+00:00,Nieciecza,Pogon Szczecin,1,2026-10-06T01:31:07Z,CAPTURED,2,2,
1380408,/fixtures/lineups,Poland,106,Ekstraklasa,2025,Regular Season - 3,2025-08-02T15:30:00+00:00,Widzew Łódź,GKS Katowice,1,2026-10-06T01:31:07Z,CAPTURED,2,2,
1380409,/fixtures/lineups,Poland,106,Ekstraklasa,2025,Regular Season - 3,2025-08-01T18:30:00+00:00,Wisla Plock,Piast Gliwice,1,2026-10-06T01:31:07Z,CAPTURED,2,2,
1380411,/fixtures/lineups,Poland,106,Ekstraklasa,2025,Regular Season - 4,2025-08-09T15:30:00+00:00,Arka Gdynia,Pogon Szczecin,1,2026-10-06T01:31:07Z,CAPTURED,2,2,
1380412,/fixtures/lineups,Poland,106,Ekstraklasa,2025,Regular Season - 4,2025-08-08T18:30:00+00:00,Gornik Zabrze,Nieciecza,1,2026-10-06T01:31:07Z,CAPTURED,2,2,
1380413,/fixtures/lineups,Poland,106,Ekstraklasa,2025,Regular Season - 4,2025-08-10T15:30:00+00:00,Jagiellonia,Cracovia Krakow,1,2026-10-06T01:31:07Z,CAPTURED,2,2,
1380414,/fixtures/lineups,Poland,106,Ekstraklasa,2025,Regular Season - 4,2025-08-08T16:00:00+00:00,Korona Kielce,Radomiak Radom,1,2026-10-06T01:31:07Z,CAPTURED,2,2,
1380415,/fixtures/lineups,Poland,106,Ekstraklasa,2025,Regular Season - 4,2025-08-11T17:00:00+00:00,Lechia Gdansk,Motor Lublin,1,2026-10-06T01:31:07Z,CAPTURED,2,2,
1380416,/fixtures/lineups,Poland,106,Ekstraklasa,2025,Regular Season - 4,2025-08-10T18:15:00+00:00,Legia Warszawa,GKS Katowice,1,2026-10-06T01:31:07Z,CAPTURED,2,2,
1380419,/fixtures/lineups,Poland,106,Ekstraklasa,2025,Regular Season - 4,2025-08-09T18:15:00+00:00,Widzew Łódź,Wisla Plock,1,2026-10-06T01:31:07Z,CAPTURED,2,2,
1380420,/fixtures/lineups,Poland,106,Ekstraklasa,2025,Regular Season - 5,2025-08-15T18:30:00+00:00,Cracovia Krakow,Widzew Łódź,1,2026-10-06T01:31:07Z,CAPTURED,2,2,
1380421,/fixtures/lineups,Poland,106,Ekstraklasa,2025,Regular Season - 5,2025-08-16T15:30:00+00:00,GKS Katowice,Arka Gdynia,1,2026-10-06T01:31:07Z,CAPTURED,2,2,
1380422,/fixtures/lineups,Poland,106,Ekstraklasa,2025,Regular Season - 5,2025-08-16T18:15:00+00:00,Lech Poznan,Korona Kielce,1,2026-10-06T01:31:07Z,CAPTURED,2,2,
1380423,/fixtures/lineups,Poland,106,Ekstraklasa,2025,Regular Season - 5,2025-08-16T12:45:00+00:00,Motor Lublin,Piast Gliwice,1,2026-10-06T01:31:07Z,CAPTURED,2,2,
1380424,/fixtures/lineups,Poland,106,Ekstraklasa,2025,Regular Season - 5,2025-08-17T15:30:00+00:00,Pogon Szczecin,Gornik Zabrze,1,2026-10-06T01:31:07Z,CAPTURED,2,2,
1380425,/fixtures/lineups,Poland,106,Ekstraklasa,2025,Regular Season - 5,2025-08-17T15:30:00+00:00,Radomiak Radom,Jagiellonia,1,2026-10-06T01:31:07Z,CAPTURED,2,2,
1380426,/fixtures/lineups,Poland,106,Ekstraklasa,2025,Regular Season - 5,2025-08-17T18:15:00+00:00,Nieciecza,Raków Częstochowa,1,2026-10-06T01:31:07Z,CAPTURED,2,2,
1380427,/fixtures/lineups,Poland,106,Ekstraklasa,2025,Regular Season - 5,2025-08-17T18:15:00+00:00,Wisla Plock,Legia Warszawa,1,2026-10-06T01:31:07Z,CAPTURED,2,2,
1380428,/fixtures/lineups,Poland,106,Ekstraklasa,2025,Regular Season - 5,2025-08-15T16:00:00+00:00,Zaglebie Lubin,Lechia Gdansk,1,2026-10-06T01:31:07Z,CAPTURED,2,2,
1380429,/fixtures/lineups,Poland,106,Ekstraklasa,2025,Regular Season - 6,2025-08-23T18:15:00+00:00,Gornik Zabrze,GKS Katowice,1,2026-10-06T01:31:07Z,CAPTURED,2,2,
1380430,/fixtures/lineups,Poland,106,Ekstraklasa,2025,Regular Season - 6,2025-08-23T15:30:00+00:00,Korona Kielce,Motor Lublin,1,2026-10-06T01:31:07Z,CAPTURED,2,2,
1380431,/fixtures/lineups,Poland,106,Ekstraklasa,2025,Regular Season - 6,2025-08-24T15:30:00+00:00,Lechia Gdansk,Arka Gdynia,1,2026-10-06T01:31:07Z,CAPTURED,2,2,
1380433,/fixtures/lineups,Poland,106,Ekstraklasa,2025,Regular Season - 6,2025-08-24T12:45:00+00:00,Piast Gliwice,Cracovia Krakow,1,2026-10-06T01:31:07Z,CAPTURED,2,2,
1380434,/fixtures/lineups,Poland,106,Ekstraklasa,2025,Regular Season - 6,2025-08-22T16:00:00+00:00,Radomiak Radom,Nieciecza,1,2026-10-06T01:31:07Z,CAPTURED,2,2,
1380436,/fixtures/lineups,Poland,106,Ekstraklasa,2025,Regular Season - 6,2025-08-22T18:30:00+00:00,Widzew Łódź,Pogon Szczecin,1,2026-10-06T01:31:07Z,CAPTURED,2,2,
1380437,/fixtures/lineups,Poland,106,Ekstraklasa,2025,Regular Season - 6,2025-08-25T17:00:00+00:00,Wisla Plock,Zaglebie Lubin,1,2026-10-06T01:31:07Z,CAPTURED,2,2,
1380438,/fixtures/lineups,Poland,106,Ekstraklasa,2025,Regular Season - 7,2025-08-29T16:00:00+00:00,Arka Gdynia,Wisla Plock,1,2026-10-06T01:31:07Z,CAPTURED,2,2,
1380439,/fixtures/lineups,Poland,106,Ekstraklasa,2025,Regular Season - 7,2025-08-31T18:15:00+00:00,Cracovia Krakow,Legia Warszawa,1,2026-10-06T01:31:07Z,CAPTURED,2,2,
1380440,/fixtures/lineups,Poland,106,Ekstraklasa,2025,Regular Season - 7,2025-08-29T18:30:00+00:00,GKS Katowice,Radomiak Radom,1,2026-10-06T01:31:07Z,CAPTURED,2,2,
1380441,/fixtures/lineups,Poland,106,Ekstraklasa,2025,Regular Season - 7,2025-08-30T18:15:00+00:00,Gornik Zabrze,Motor Lublin,1,2026-10-06T01:31:07Z,CAPTURED,2,2,
1380442,/fixtures/lineups,Poland,106,Ekstraklasa,2025,Regular Season - 7,2025-08-31T15:30:00+00:00,Jagiellonia,Lechia Gdansk,1,2026-10-06T01:31:07Z,CAPTURED,2,2,
1380443,/fixtures/lineups,Poland,106,Ekstraklasa,2025,Regular Season - 7,2025-08-31T15:30:00+00:00,Lech Poznan,Widzew Łódź,1,2026-10-06T01:31:07Z,CAPTURED,2,2,
1380444,/fixtures/lineups,Poland,106,Ekstraklasa,2025,Regular Season - 7,2025-08-31T18:15:00+00:00,Pogon Szczecin,Raków Częstochowa,1,2026-10-06T01:31:07Z,CAPTURED,2,2,
1380445,/fixtures/lineups,Poland,106,Ekstraklasa,2025,Regular Season - 7,2025-08-30T12:45:00+00:00,Nieciecza,Korona Kielce,1,2026-10-06T01:31:07Z,CAPTURED,2,2,
1380446,/fixtures/lineups,Poland,106,Ekstraklasa,2025,Regular Season - 7,2025-08-30T15:30:00+00:00,Zaglebie Lubin,Piast Gliwice,1,2026-10-06T01:31:07Z,CAPTURED,2,2,
1380447,/fixtures/lineups,Poland,106,Ekstraklasa,2025,Regular Season - 8,2025-09-13T12:45:00+00:00,Korona Kielce,Pogon Szczecin,1,2026-10-06T01:31:07Z,CAPTURED,2,2,
1380448,/fixtures/lineups,Poland,106,Ekstraklasa,2025,Regular Season - 8,2025-09-12T16:00:00+00:00,Lechia Gdansk,GKS Katowice,1,2026-10-06T01:31:07Z,CAPTURED,2,2,
1380449,/fixtures/lineups,Poland,106,Ekstraklasa,2025,Regular Season - 8,2025-09-12T18:30:00+00:00,Lech Poznan,Zaglebie Lubin,1,2026-10-06T01:31:07Z,CAPTURED,2,2,
1380450,/fixtures/lineups,Poland,106,Ekstraklasa,2025,Regular Season - 8,2025-09-14T12:45:00+00:00,Legia Warszawa,Radomiak Radom,1,2026-10-06T01:31:07Z,CAPTURED,2,2,
1380451,/fixtures/lineups,Poland,106,Ekstraklasa,2025,Regular Season - 8,2025-09-14T10:15:00+00:00,Motor Lublin,Nieciecza,1,2026-10-06T01:31:07Z,CAPTURED,2,2,
1380452,/fixtures/lineups,Poland,106,Ekstraklasa,2025,Regular Season - 8,2025-09-13T18:15:00+00:00,Piast Gliwice,Jagiellonia,1,2026-10-06T01:31:07Z,CAPTURED,2,2,
1380453,/fixtures/lineups,Poland,106,Ekstraklasa,2025,Regular Season - 8,2025-09-15T17:00:00+00:00,Raków Częstochowa,Gornik Zabrze,1,2026-10-06T01:31:07Z,CAPTURED,2,2,
1380454,/fixtures/lineups,Poland,106,Ekstraklasa,2025,Regular Season - 8,2025-09-14T15:30:00+00:00,Widzew Łódź,Arka Gdynia,1,2026-10-06T01:31:07Z,CAPTURED,2,2,
1380457,/fixtures/lineups,Poland,106,Ekstraklasa,2025,Regular Season - 9,2025-09-19T16:00:00+00:00,GKS Katowice,Cracovia Krakow,1,2026-10-06T01:31:07Z,CAPTURED,2,2,
1380459,/fixtures/lineups,Poland,106,Ekstraklasa,2025,Regular Season - 9,2025-09-19T18:30:00+00:00,Wisla Plock,Jagiellonia,1,2026-10-06T01:31:07Z,CAPTURED,2,2,
1380461,/fixtures/lineups,Poland,106,Ekstraklasa,2025,Regular Season - 9,2025-09-20T10:15:00+00:00,Radomiak Radom,Piast Gliwice,1,2026-10-06T01:31:07Z,CAPTURED,2,2,
1380432,/fixtures/lineups,Poland,106,Ekstraklasa,2025,Regular Season - 6,2025-09-24T19:00:00+00:00,Legia Warszawa,Jagiellonia,1,2026-10-06T05:32:32Z,CAPTURED,2,2,
1380435,/fixtures/lineups,Poland,106,Ekstraklasa,2025,Regular Season - 6,2025-09-24T16:45:00+00:00,Raków Częstochowa,Lech Poznan,1,2026-10-06T05:32:32Z,CAPTURED,2,2,
1380456,/fixtures/lineups,Poland,106,Ekstraklasa,2025,Regular Season - 9,2025-09-20T12:45:00+00:00,Arka Gdynia,Korona Kielce,1,2026-10-06T05:32:32Z,CAPTURED,2,2,
1380458,/fixtures/lineups,Poland,106,Ekstraklasa,2025,Regular Season - 9,2025-09-21T15:30:00+00:00,Gornik Zabrze,Widzew Łódź,1,2026-10-06T05:32:32Z,CAPTURED,2,2,
1380460,/fixtures/lineups,Poland,106,Ekstraklasa,2025,Regular Season - 9,2025-09-21T12:45:00+00:00,Pogon Szczecin,Lechia Gdansk,1,2026-10-06T05:32:32Z,CAPTURED,2,2,
1380462,/fixtures/lineups,Poland,106,Ekstraklasa,2025,Regular Season - 9,2025-09-20T18:15:00+00:00,Raków Częstochowa,Legia Warszawa,1,2026-10-06T05:32:32Z,CAPTURED,2,2,
1380463,/fixtures/lineups,Poland,106,Ekstraklasa,2025,Regular Season - 9,2025-09-20T15:30:00+00:00,Nieciecza,Lech Poznan,1,2026-10-06T05:32:32Z,CAPTURED,2,2,
1380464,/fixtures/lineups,Poland,106,Ekstraklasa,2025,Regular Season - 9,2025-09-21T10:15:00+00:00,Zaglebie Lubin,Motor Lublin,1,2026-10-06T05:32:32Z,CAPTURED,2,2,
1380465,/fixtures/lineups,Poland,106,Ekstraklasa,2025,Regular Season - 10,2025-09-27T18:15:00+00:00,Cracovia Krakow,Gornik Zabrze,1,2026-10-06T05:32:32Z,CAPTURED,2,2,
1380466,/fixtures/lineups,Poland,106,Ekstraklasa,2025,Regular Season - 10,2025-09-27T12:45:00+00:00,Korona Kielce,Lechia Gdansk,1,2026-10-06T05:32:32Z,CAPTURED,2,2,
1380467,/fixtures/lineups,Poland,106,Ekstraklasa,2025,Regular Season - 10,2025-09-28T12:45:00+00:00,Lech Poznan,Jagiellonia,1,2026-10-06T05:32:32Z,CAPTURED,2,2,
1380468,/fixtures/lineups,Poland,106,Ekstraklasa,2025,Regular Season - 10,2025-09-28T15:30:00+00:00,Legia Warszawa,Pogon Szczecin,1,2026-10-06T05:32:32Z,CAPTURED,2,2,
1380469,/fixtures/lineups,Poland,106,Ekstraklasa,2025,Regular Season - 10,2025-09-29T18:30:00+00:00,Motor Lublin,Radomiak Radom,1,2026-10-06T05:32:32Z,CAPTURED,2,2,
1380470,/fixtures/lineups,Poland,106,Ekstraklasa,2025,Regular Season - 10,2025-09-27T15:30:00+00:00,Piast Gliwice,Nieciecza,1,2026-10-06T05:32:32Z,CAPTURED,2,2,
1380471,/fixtures/lineups,Poland,106,Ekstraklasa,2025,Regular Season - 10,2025-09-28T10:15:00+00:00,Widzew Łódź,Raków Częstochowa,1,2026-10-06T05:32:32Z,CAPTURED,2,2,
1380472,/fixtures/lineups,Poland,106,Ekstraklasa,2025,Regular Season - 10,2025-09-26T18:30:00+00:00,Wisla Plock,GKS Katowice,1,2026-10-06T05:32:32Z,CAPTURED,2,2,
1380473,/fixtures/lineups,Poland,106,Ekstraklasa,2025,Regular Season - 10,2025-09-29T16:00:00+00:00,Zaglebie Lubin,Arka Gdynia,1,2026-10-06T05:32:32Z,CAPTURED,2,2,
1380474,/fixtures/lineups,Poland,106,Ekstraklasa,2025,Regular Season - 11,2025-10-04T18:15:00+00:00,Arka Gdynia,Cracovia Krakow,1,2026-10-06T05:32:32Z,CAPTURED,2,2,
1380475,/fixtures/lineups,Poland,106,Ekstraklasa,2025,Regular Season - 11,2025-10-05T15:30:00+00:00,GKS Katowice,Lech Poznan,1,2026-10-06T05:32:32Z,CAPTURED,2,2,
1380476,/fixtures/lineups,Poland,106,Ekstraklasa,2025,Regular Season - 11,2025-10-05T18:15:00+00:00,Gornik Zabrze,Legia Warszawa,1,2026-10-06T05:32:32Z,CAPTURED,2,2,
1380477,/fixtures/lineups,Poland,106,Ekstraklasa,2025,Regular Season - 11,2025-10-05T10:15:00+00:00,Jagiellonia,Korona Kielce,1,2026-10-06T05:32:32Z,CAPTURED,2,2,
1380478,/fixtures/lineups,Poland,106,Ekstraklasa,2025,Regular Season - 11,2025-10-03T16:00:00+00:00,Lechia Gdansk,Wisla Plock,1,2026-10-06T05:32:32Z,CAPTURED,2,2,
1380479,/fixtures/lineups,Poland,106,Ekstraklasa,2025,Regular Season - 11,2025-10-03T18:30:00+00:00,Pogon Szczecin,Piast Gliwice,1,2026-10-06T05:32:32Z,CAPTURED,2,2,
1380480,/fixtures/lineups,Poland,106,Ekstraklasa,2025,Regular Season - 11,2025-10-04T15:30:00+00:00,Radomiak Radom,Zaglebie Lubin,1,2026-10-06T05:32:32Z,CAPTURED,2,2,
1380481,/fixtures/lineups,Poland,106,Ekstraklasa,2025,Regular Season - 11,2025-10-05T12:45:00+00:00,Raków Częstochowa,Motor Lublin,1,2026-10-06T05:32:32Z,CAPTURED,2,2,
1380482,/fixtures/lineups,Poland,106,Ekstraklasa,2025,Regular Season - 11,2025-10-04T12:45:00+00:00,Nieciecza,Widzew Łódź,1,2026-10-06T05:32:32Z,CAPTURED,2,2,
1380483,/fixtures/lineups,Poland,106,Ekstraklasa,2025,Regular Season - 12,2025-10-18T18:15:00+00:00,Cracovia Krakow,Raków Częstochowa,1,2026-10-06T05:32:32Z,CAPTURED,2,2,
1380484,/fixtures/lineups,Poland,106,Ekstraklasa,2025,Regular Season - 12,2025-10-18T15:30:00+00:00,Jagiellonia,Arka Gdynia,1,2026-10-06T05:32:32Z,CAPTURED,2,2,
1380485,/fixtures/lineups,Poland,106,Ekstraklasa,2025,Regular Season - 12,2025-10-18T12:45:00+00:00,Korona Kielce,Gornik Zabrze,1,2026-10-06T05:32:32Z,CAPTURED,2,2,
1380486,/fixtures/lineups,Poland,106,Ekstraklasa,2025,Regular Season - 12,2025-10-19T12:45:00+00:00,Lech Poznan,Pogon Szczecin,1,2026-10-06T05:32:32Z,CAPTURED,2,2,
1380487,/fixtures/lineups,Poland,106,Ekstraklasa,2025,Regular Season - 12,2025-10-17T16:00:00+00:00,Motor Lublin,GKS Katowice,1,2026-10-06T05:32:32Z,CAPTURED,2,2,
1380488,/fixtures/lineups,Poland,106,Ekstraklasa,2025,Regular Season - 12,2025-10-19T10:15:00+00:00,Piast Gliwice,Lechia Gdansk,1,2026-10-06T05:32:32Z,CAPTURED,2,2,
1380489,/fixtures/lineups,Poland,106,Ekstraklasa,2025,Regular Season - 12,2025-10-17T18:30:00+00:00,Widzew Łódź,Radomiak Radom,1,2026-10-06T05:32:32Z,CAPTURED,2,2,
1380490,/fixtures/lineups,Poland,106,Ekstraklasa,2025,Regular Season - 12,2025-10-20T17:00:00+00:00,Wisla Plock,Nieciecza,1,2026-10-06T05:32:32Z,CAPTURED,2,2,
1380491,/fixtures/lineups,Poland,106,Ekstraklasa,2025,Regular Season - 12,2025-10-19T15:30:00+00:00,Zaglebie Lubin,Legia Warszawa,1,2026-10-06T05:32:32Z,CAPTURED,2,2,
1380492,/fixtures/lineups,Poland,106,Ekstraklasa,2025,Regular Season - 13,2025-10-25T12:45:00+00:00,Arka Gdynia,Piast Gliwice,1,2026-10-06T05:32:32Z,CAPTURED,2,2,
1380493,/fixtures/lineups,Poland,106,Ekstraklasa,2025,Regular Season - 13,2025-10-25T18:15:00+00:00,GKS Katowice,Korona Kielce,1,2026-10-06T05:32:32Z,CAPTURED,2,2,
1380494,/fixtures/lineups,Poland,106,Ekstraklasa,2025,Regular Season - 13,2025-10-26T16:30:00+00:00,Gornik Zabrze,Jagiellonia,1,2026-10-06T05:32:32Z,CAPTURED,2,2,
1380495,/fixtures/lineups,Poland,106,Ekstraklasa,2025,Regular Season - 13,2025-10-26T19:15:00+00:00,Legia Warszawa,Lech Poznan,1,2026-10-06T05:32:32Z,CAPTURED,2,2,
1380496,/fixtures/lineups,Poland,106,Ekstraklasa,2025,Regular Season - 13,2025-10-24T18:30:00+00:00,Motor Lublin,Widzew Łódź,1,2026-10-06T05:32:32Z,CAPTURED,2,2,
1380497,/fixtures/lineups,Poland,106,Ekstraklasa,2025,Regular Season - 13,2025-10-25T15:30:00+00:00,Pogon Szczecin,Cracovia Krakow,1,2026-10-06T05:32:32Z,CAPTURED,2,2,
1380498,/fixtures/lineups,Poland,106,Ekstraklasa,2025,Regular Season - 13,2025-10-27T18:00:00+00:00,Radomiak Radom,Wisla Plock,1,2026-10-06T05:32:32Z,CAPTURED,2,2,
1380499,/fixtures/lineups,Poland,106,Ekstraklasa,2025,Regular Season - 13,2025-10-26T13:45:00+00:00,Raków Częstochowa,Lechia Gdansk,1,2026-10-06T05:32:32Z,CAPTURED,2,2,
1380500,/fixtures/lineups,Poland,106,Ekstraklasa,2025,Regular Season - 13,2025-10-24T16:00:00+00:00,Nieciecza,Zaglebie Lubin,1,2026-10-06T05:32:32Z,CAPTURED,2,2,
1380502,/fixtures/lineups,Poland,106,Ekstraklasa,2025,Regular Season - 14,2025-11-02T11:15:00+00:00,Gornik Zabrze,Arka Gdynia,1,2026-10-06T05:32:32Z,CAPTURED,2,2,
1380503,/fixtures/lineups,Poland,106,Ekstraklasa,2025,Regular Season - 14,2025-11-02T16:30:00+00:00,Jagiellonia,Raków Częstochowa,1,2026-10-06T05:32:32Z,CAPTURED,2,2,
1380505,/fixtures/lineups,Poland,106,Ekstraklasa,2025,Regular Season - 14,2025-11-02T13:45:00+00:00,Lech Poznan,Motor Lublin,1,2026-10-06T05:32:32Z,CAPTURED,2,2,
1380506,/fixtures/lineups,Poland,106,Ekstraklasa,2025,Regular Season - 14,2025-10-31T19:30:00+00:00,Piast Gliwice,Korona Kielce,1,2026-10-06T05:32:32Z,CAPTURED,2,2,
1380507,/fixtures/lineups,Poland,106,Ekstraklasa,2025,Regular Season - 14,2025-10-31T17:00:00+00:00,Nieciecza,GKS Katowice,1,2026-10-06T05:32:32Z,CAPTURED,2,2,
1380508,/fixtures/lineups,Poland,106,Ekstraklasa,2025,Regular Season - 14,2025-11-02T19:15:00+00:00,Widzew Łódź,Legia Warszawa,1,2026-10-06T05:32:32Z,CAPTURED,2,2,
1380388,/fixtures/lineups,Poland,106,Ekstraklasa,2025,Regular Season - 1,2025-12-14T19:15:00+00:00,Legia Warszawa,Piast Gliwice,1,2026-10-06T09:34:02Z,CAPTURED,2,2,
1380405,/fixtures/lineups,Poland,106,Ekstraklasa,2025,Regular Season - 3,2025-12-14T16:30:00+00:00,Motor Lublin,Jagiellonia,1,2026-10-06T09:34:02Z,CAPTURED,2,2,
1380418,/fixtures/lineups,Poland,106,Ekstraklasa,2025,Regular Season - 4,2025-12-14T13:45:00+00:00,Raków Częstochowa,Zaglebie Lubin,1,2026-10-06T09:34:02Z,CAPTURED,2,2,
1380455,/fixtures/lineups,Poland,106,Ekstraklasa,2025,Regular Season - 8,2025-12-04T16:00:00+00:00,Wisla Plock,Cracovia Krakow,1,2026-10-06T09:34:02Z,CAPTURED,2,2,
1380501,/fixtures/lineups,Poland,106,Ekstraklasa,2025,Regular Season - 14,2025-11-03T19:30:00+00:00,Cracovia Krakow,Zaglebie Lubin,1,2026-10-06T09:34:02Z,CAPTURED,2,2,
1380504,/fixtures/lineups,Poland,106,Ekstraklasa,2025,Regular Season - 14,2025-11-03T17:00:00+00:00,Lechia Gdansk,Radomiak Radom,1,2026-10-06T09:34:02Z,CAPTURED,2,2,
1380509,/fixtures/lineups,Poland,106,Ekstraklasa,2025,Regular Season - 14,2025-11-03T17:00:00+00:00,Wisla Plock,Pogon Szczecin,1,2026-10-06T09:34:02Z,CAPTURED,2,2,
1380510,/fixtures/lineups,Poland,106,Ekstraklasa,2025,Regular Season - 15,2025-11-09T19:15:00+00:00,Arka Gdynia,Lech Poznan,1,2026-10-06T09:34:02Z,CAPTURED,2,2,
1380511,/fixtures/lineups,Poland,106,Ekstraklasa,2025,Regular Season - 15,2025-11-08T19:15:00+00:00,GKS Katowice,Piast Gliwice,1,2026-10-06T09:34:02Z,CAPTURED,2,2,
1380512,/fixtures/lineups,Poland,106,Ekstraklasa,2025,Regular Season - 15,2025-11-09T13:45:00+00:00,Korona Kielce,Raków Częstochowa,1,2026-10-06T09:34:02Z,CAPTURED,2,2,
1380513,/fixtures/lineups,Poland,106,Ekstraklasa,2025,Regular Season - 15,2025-11-08T13:45:00+00:00,Lechia Gdansk,Widzew Łódź,1,2026-10-06T09:34:02Z,CAPTURED,2,2,
1380514,/fixtures/lineups,Poland,106,Ekstraklasa,2025,Regular Season - 15,2025-11-09T13:45:00+00:00,Legia Warszawa,Nieciecza,1,2026-10-06T09:34:02Z,CAPTURED,2,2,
1380515,/fixtures/lineups,Poland,106,Ekstraklasa,2025,Regular Season - 15,2025-11-08T16:30:00+00:00,Motor Lublin,Wisla Plock,1,2026-10-06T09:34:02Z,CAPTURED,2,2,
1380516,/fixtures/lineups,Poland,106,Ekstraklasa,2025,Regular Season - 15,2025-11-09T16:30:00+00:00,Pogon Szczecin,Jagiellonia,1,2026-10-06T09:34:02Z,CAPTURED,2,2,
1380517,/fixtures/lineups,Poland,106,Ekstraklasa,2025,Regular Season - 15,2025-11-07T17:00:00+00:00,Radomiak Radom,Cracovia Krakow,1,2026-10-06T09:34:02Z,CAPTURED,2,2,
1380518,/fixtures/lineups,Poland,106,Ekstraklasa,2025,Regular Season - 15,2025-11-07T19:30:00+00:00,Zaglebie Lubin,Gornik Zabrze,1,2026-10-06T09:34:02Z,CAPTURED,2,2,
1380519,/fixtures/lineups,Poland,106,Ekstraklasa,2025,Regular Season - 16,2025-11-22T13:45:00+00:00,Cracovia Krakow,Motor Lublin,1,2026-10-06T09:34:02Z,CAPTURED,2,2,
1380520,/fixtures/lineups,Poland,106,Ekstraklasa,2025,Regular Season - 16,2025-11-21T19:30:00+00:00,Gornik Zabrze,Wisla Plock,1,2026-10-06T09:34:02Z,CAPTURED,2,2,
1380522,/fixtures/lineups,Poland,106,Ekstraklasa,2025,Regular Season - 16,2025-11-23T13:45:00+00:00,Lech Poznan,Radomiak Radom,1,2026-10-06T09:34:02Z,CAPTURED,2,2,
1380523,/fixtures/lineups,Poland,106,Ekstraklasa,2025,Regular Season - 16,2025-11-22T19:15:00+00:00,Legia Warszawa,Lechia Gdansk,1,2026-10-06T09:34:02Z,CAPTURED,2,2,
1380524,/fixtures/lineups,Poland,106,Ekstraklasa,2025,Regular Season - 16,2025-11-24T18:00:00+00:00,Pogon Szczecin,Zaglebie Lubin,1,2026-10-06T09:34:02Z,CAPTURED,2,2,
1380525,/fixtures/lineups,Poland,106,Ekstraklasa,2025,Regular Season - 16,2025-11-22T16:30:00+00:00,Raków Częstochowa,Piast Gliwice,1,2026-10-06T09:34:02Z,CAPTURED,2,2,
1380526,/fixtures/lineups,Poland,106,Ekstraklasa,2025,Regular Season - 16,2025-11-21T17:00:00+00:00,Nieciecza,Arka Gdynia,1,2026-10-06T09:34:02Z,CAPTURED,2,2,
1380527,/fixtures/lineups,Poland,106,Ekstraklasa,2025,Regular Season - 16,2025-11-23T16:30:00+00:00,Widzew Łódź,Korona Kielce,1,2026-10-06T09:34:02Z,CAPTURED,2,2,
1380528,/fixtures/lineups,Poland,106,Ekstraklasa,2025,Regular Season - 17,2025-11-30T13:45:00+00:00,Arka Gdynia,Raków Częstochowa,1,2026-10-06T09:34:02Z,CAPTURED,2,2,
1380529,/fixtures/lineups,Poland,106,Ekstraklasa,2025,Regular Season - 17,2025-11-29T19:15:00+00:00,GKS Katowice,Pogon Szczecin,1,2026-10-06T09:34:02Z,CAPTURED,2,2,
1380530,/fixtures/lineups,Poland,106,Ekstraklasa,2025,Regular Season - 17,2025-11-29T16:30:00+00:00,Korona Kielce,Cracovia Krakow,1,2026-10-06T09:34:02Z,CAPTURED,2,2,
1380531,/fixtures/lineups,Poland,106,Ekstraklasa,2025,Regular Season - 17,2025-11-29T13:45:00+00:00,Lechia Gdansk,Nieciecza,1,2026-10-06T09:34:02Z,CAPTURED,2,2,
1380532,/fixtures/lineups,Poland,106,Ekstraklasa,2025,Regular Season - 17,2025-12-01T18:00:00+00:00,Motor Lublin,Legia Warszawa,1,2026-10-06T09:34:02Z,CAPTURED,2,2,
1380533,/fixtures/lineups,Poland,106,Ekstraklasa,2025,Regular Season - 17,2025-11-28T17:00:00+00:00,Piast Gliwice,Widzew Łódź,1,2026-10-06T09:34:02Z,CAPTURED,2,2,
1380534,/fixtures/lineups,Poland,106,Ekstraklasa,2025,Regular Season - 17,2025-11-28T19:30:00+00:00,Radomiak Radom,Gornik Zabrze,1,2026-10-06T09:34:02Z,CAPTURED,2,2,
1380535,/fixtures/lineups,Poland,106,Ekstraklasa,2025,Regular Season - 17,2025-11-30T19:15:00+00:00,Wisla Plock,Lech Poznan,1,2026-10-06T09:34:02Z,CAPTURED,2,2,
1380536,/fixtures/lineups,Poland,106,Ekstraklasa,2025,Regular Season - 17,2025-11-30T16:30:00+00:00,Zaglebie Lubin,Jagiellonia,1,2026-10-06T09:34:02Z,CAPTURED,2,2,
1380537,/fixtures/lineups,Poland,106,Ekstraklasa,2025,Regular Season - 18,2025-12-06T11:15:00+00:00,Arka Gdynia,Motor Lublin,1,2026-10-06T09:34:02Z,CAPTURED,2,2,
1380538,/fixtures/lineups,Poland,106,Ekstraklasa,2025,Regular Season - 18,2025-12-07T13:45:00+00:00,Cracovia Krakow,Lech Poznan,1,2026-10-06T09:34:02Z,CAPTURED,2,2,
1380539,/fixtures/lineups,Poland,106,Ekstraklasa,2025,Regular Season - 18,2025-12-08T18:00:00+00:00,Korona Kielce,Wisla Plock,1,2026-10-06T09:34:02Z,CAPTURED,2,2,
1380540,/fixtures/lineups,Poland,106,Ekstraklasa,2025,Regular Season - 18,2025-12-05T19:30:00+00:00,Lechia Gdansk,Gornik Zabrze,1,2026-10-06T09:34:02Z,CAPTURED,2,2,
1380541,/fixtures/lineups,Poland,106,Ekstraklasa,2025,Regular Season - 18,2025-12-06T19:15:00+00:00,Piast Gliwice,Legia Warszawa,1,2026-10-06T09:34:02Z,CAPTURED,2,2,
1380542,/fixtures/lineups,Poland,106,Ekstraklasa,2025,Regular Season - 18,2025-12-06T13:45:00+00:00,Pogon Szczecin,Radomiak Radom,1,2026-10-06T09:34:02Z,CAPTURED,2,2,
1380543,/fixtures/lineups,Poland,106,Ekstraklasa,2025,Regular Season - 18,2025-12-07T16:30:00+00:00,Raków Częstochowa,GKS Katowice,1,2026-10-06T09:34:02Z,CAPTURED,2,2,
1380544,/fixtures/lineups,Poland,106,Ekstraklasa,2025,Regular Season - 18,2025-12-07T11:15:00+00:00,Nieciecza,Jagiellonia,1,2026-10-06T09:34:02Z,CAPTURED,2,2,
1380545,/fixtures/lineups,Poland,106,Ekstraklasa,2025,Regular Season - 18,2025-12-06T16:30:00+00:00,Zaglebie Lubin,Widzew Łódź,1,2026-10-06T09:34:02Z,CAPTURED,2,2,
1380546,/fixtures/lineups,Poland,106,Ekstraklasa,2025,Regular Season - 19,2026-01-31T13:45:00+00:00,Gornik Zabrze,Piast Gliwice,1,2026-10-06T09:34:02Z,CAPTURED,2,2,
1380547,/fixtures/lineups,Poland,106,Ekstraklasa,2025,Regular Season - 19,2026-01-31T19:15:00+00:00,Lech Poznan,Lechia Gdansk,1,2026-10-06T09:34:02Z,CAPTURED,2,2,
1380548,/fixtures/lineups,Poland,106,Ekstraklasa,2025,Regular Season - 19,2026-02-01T16:30:00+00:00,Legia Warszawa,Korona Kielce,1,2026-10-06T09:34:02Z,CAPTURED,2,2,
1380549,/fixtures/lineups,Poland,106,Ekstraklasa,2025,Regular Season - 19,2026-02-01T11:15:00+00:00,Motor Lublin,Pogon Szczecin,1,2026-10-06T09:34:02Z,CAPTURED,2,2,
1380551,/fixtures/lineups,Poland,106,Ekstraklasa,2025,Regular Season - 19,2026-02-02T18:00:00+00:00,Nieciecza,Cracovia Krakow,1,2026-10-06T09:34:02Z,CAPTURED,2,2,
1380552,/fixtures/lineups,Poland,106,Ekstraklasa,2025,Regular Season - 19,2026-01-31T16:30:00+00:00,Widzew Łódź,Jagiellonia,1,2026-10-06T09:34:02Z,CAPTURED,2,2,
1380553,/fixtures/lineups,Poland,106,Ekstraklasa,2025,Regular Season - 19,2026-02-01T13:45:00+00:00,Wisla Plock,Raków Częstochowa,1,2026-10-06T09:34:02Z,CAPTURED,2,2,
1380554,/fixtures/lineups,Poland,106,Ekstraklasa,2025,Regular Season - 19,2026-01-30T17:00:00+00:00,Zaglebie Lubin,GKS Katowice,1,2026-10-06T09:34:02Z,CAPTURED,2,2,
1380417,/fixtures/lineups,Poland,106,Ekstraklasa,2025,Regular Season - 4,2026-02-03T19:30:00+00:00,Piast Gliwice,Lech Poznan,1,2026-10-06T13:33:53Z,CAPTURED,2,2,
1380550,/fixtures/lineups,Poland,106,Ekstraklasa,2025,Regular Season - 19,2026-03-05T19:30:00+00:00,Radomiak Radom,Arka Gdynia,1,2026-10-06T13:33:53Z,CAPTURED,2,2,
1380555,/fixtures/lineups,Poland,106,Ekstraklasa,2025,Regular Season - 20,2026-02-07T13:45:00+00:00,Arka Gdynia,Legia Warszawa,1,2026-10-06T13:33:53Z,CAPTURED,2,2,
1380556,/fixtures/lineups,Poland,106,Ekstraklasa,2025,Regular Season - 20,2026-02-08T16:30:00+00:00,GKS Katowice,Widzew Łódź,1,2026-10-06T13:33:53Z,CAPTURED,2,2,
1380557,/fixtures/lineups,Poland,106,Ekstraklasa,2025,Regular Season - 20,2026-02-07T19:15:00+00:00,Gornik Zabrze,Lech Poznan,1,2026-10-06T13:33:53Z,CAPTURED,2,2,
1380558,/fixtures/lineups,Poland,106,Ekstraklasa,2025,Regular Season - 20,2026-02-07T16:30:00+00:00,Jagiellonia,Motor Lublin,1,2026-10-06T13:33:53Z,CAPTURED,2,2,
1380559,/fixtures/lineups,Poland,106,Ekstraklasa,2025,Regular Season - 20,2026-02-06T17:00:00+00:00,Korona Kielce,Zaglebie Lubin,1,2026-10-06T13:33:53Z,CAPTURED,2,2,
1380560,/fixtures/lineups,Poland,106,Ekstraklasa,2025,Regular Season - 20,2026-02-06T19:30:00+00:00,Lechia Gdansk,Cracovia Krakow,1,2026-10-06T13:33:53Z,CAPTURED,2,2,
1380561,/fixtures/lineups,Poland,106,Ekstraklasa,2025,Regular Season - 20,2026-02-09T18:00:00+00:00,Piast Gliwice,Wisla Plock,1,2026-10-06T13:33:53Z,CAPTURED,2,2,
1380562,/fixtures/lineups,Poland,106,Ekstraklasa,2025,Regular Season - 20,2026-02-08T11:15:00+00:00,Pogon Szczecin,Nieciecza,1,2026-10-06T13:33:53Z,CAPTURED,2,2,
1380563,/fixtures/lineups,Poland,106,Ekstraklasa,2025,Regular Season - 20,2026-02-08T13:45:00+00:00,Raków Częstochowa,Radomiak Radom,1,2026-10-06T13:33:53Z,CAPTURED,2,2,
1380564,/fixtures/lineups,Poland,106,Ekstraklasa,2025,Regular Season - 21,2026-02-14T13:45:00+00:00,Cracovia Krakow,Jagiellonia,1,2026-10-06T13:33:53Z,CAPTURED,2,2,
1380565,/fixtures/lineups,Poland,106,Ekstraklasa,2025,Regular Season - 21,2026-02-13T19:30:00+00:00,GKS Katowice,Legia Warszawa,1,2026-10-06T13:33:53Z,CAPTURED,2,2,
1380566,/fixtures/lineups,Poland,106,Ekstraklasa,2025,Regular Season - 21,2026-02-15T16:30:00+00:00,Lech Poznan,Piast Gliwice,1,2026-10-06T13:33:53Z,CAPTURED,2,2,
1380567,/fixtures/lineups,Poland,106,Ekstraklasa,2025,Regular Season - 21,2026-02-15T11:15:00+00:00,Motor Lublin,Lechia Gdansk,1,2026-10-06T13:33:53Z,CAPTURED,2,2,
1380568,/fixtures/lineups,Poland,106,Ekstraklasa,2025,Regular Season - 21,2026-02-15T13:45:00+00:00,Pogon Szczecin,Arka Gdynia,1,2026-10-06T13:33:53Z,CAPTURED,2,2,
1380569,/fixtures/lineups,Poland,106,Ekstraklasa,2025,Regular Season - 21,2026-02-13T17:00:00+00:00,Radomiak Radom,Korona Kielce,1,2026-10-06T13:33:53Z,CAPTURED,2,2,
1380570,/fixtures/lineups,Poland,106,Ekstraklasa,2025,Regular Season - 21,2026-02-16T18:00:00+00:00,Nieciecza,Gornik Zabrze,1,2026-10-06T13:33:53Z,CAPTURED,2,2,
1380571,/fixtures/lineups,Poland,106,Ekstraklasa,2025,Regular Season - 21,2026-02-14T19:15:00+00:00,Wisla Plock,Widzew Łódź,1,2026-10-06T13:33:53Z,CAPTURED,2,2,
1380572,/fixtures/lineups,Poland,106,Ekstraklasa,2025,Regular Season - 21,2026-02-14T16:30:00+00:00,Zaglebie Lubin,Raków Częstochowa,1,2026-10-06T13:33:53Z,CAPTURED,2,2,
1380573,/fixtures/lineups,Poland,106,Ekstraklasa,2025,Regular Season - 22,2026-02-22T11:15:00+00:00,Arka Gdynia,GKS Katowice,1,2026-10-06T13:33:53Z,CAPTURED,2,2,
1380574,/fixtures/lineups,Poland,106,Ekstraklasa,2025,Regular Season - 22,2026-02-21T16:45:00+00:00,Gornik Zabrze,Pogon Szczecin,1,2026-10-06T13:33:53Z,CAPTURED,2,2,
1380575,/fixtures/lineups,Poland,106,Ekstraklasa,2025,Regular Season - 22,2026-02-22T13:45:00+00:00,Jagiellonia,Radomiak Radom,1,2026-10-06T13:33:53Z,CAPTURED,2,2,
1380576,/fixtures/lineups,Poland,106,Ekstraklasa,2025,Regular Season - 22,2026-02-22T16:30:00+00:00,Korona Kielce,Lech Poznan,1,2026-10-06T13:33:53Z,CAPTURED,2,2,
1380577,/fixtures/lineups,Poland,106,Ekstraklasa,2025,Regular Season - 22,2026-02-23T18:00:00+00:00,Lechia Gdansk,Zaglebie Lubin,1,2026-10-06T13:33:53Z,CAPTURED,2,2,
1380578,/fixtures/lineups,Poland,106,Ekstraklasa,2025,Regular Season - 22,2026-02-21T19:30:00+00:00,Legia Warszawa,Wisla Plock,1,2026-10-06T13:33:53Z,CAPTURED,2,2,
1380579,/fixtures/lineups,Poland,106,Ekstraklasa,2025,Regular Season - 22,2026-02-20T17:00:00+00:00,Piast Gliwice,Motor Lublin,1,2026-10-06T13:33:53Z,CAPTURED,2,2,
1380580,/fixtures/lineups,Poland,106,Ekstraklasa,2025,Regular Season - 22,2026-02-21T14:00:00+00:00,Raków Częstochowa,Nieciecza,1,2026-10-06T13:33:53Z,CAPTURED,2,2,
1380581,/fixtures/lineups,Poland,106,Ekstraklasa,2025,Regular Season - 22,2026-02-20T19:30:00+00:00,Widzew Łódź,Cracovia Krakow,1,2026-10-06T13:33:53Z,CAPTURED,2,2,
1380582,/fixtures/lineups,Poland,106,Ekstraklasa,2025,Regular Season - 23,2026-02-27T19:30:00+00:00,Arka Gdynia,Lechia Gdansk,1,2026-10-06T13:33:53Z,CAPTURED,2,2,
1380583,/fixtures/lineups,Poland,106,Ekstraklasa,2025,Regular Season - 23,2026-02-27T17:00:00+00:00,Cracovia Krakow,Piast Gliwice,1,2026-10-06T13:33:53Z,CAPTURED,2,2,
1380584,/fixtures/lineups,Poland,106,Ekstraklasa,2025,Regular Season - 23,2026-02-28T19:15:00+00:00,GKS Katowice,Gornik Zabrze,1,2026-10-06T13:33:53Z,CAPTURED,2,2,
1380585,/fixtures/lineups,Poland,106,Ekstraklasa,2025,Regular Season - 23,2026-03-01T13:45:00+00:00,Jagiellonia,Legia Warszawa,1,2026-10-06T13:33:53Z,CAPTURED,2,2,
1380586,/fixtures/lineups,Poland,106,Ekstraklasa,2025,Regular Season - 23,2026-03-01T16:30:00+00:00,Lech Poznan,Raków Częstochowa,1,2026-10-06T13:33:53Z,CAPTURED,2,2,
1380587,/fixtures/lineups,Poland,106,Ekstraklasa,2025,Regular Season - 23,2026-02-28T16:30:00+00:00,Motor Lublin,Korona Kielce,1,2026-10-06T13:33:53Z,CAPTURED,2,2,
1380588,/fixtures/lineups,Poland,106,Ekstraklasa,2025,Regular Season - 23,2026-02-28T13:45:00+00:00,Pogon Szczecin,Widzew Łódź,1,2026-10-06T13:33:53Z,CAPTURED,2,2,
1380589,/fixtures/lineups,Poland,106,Ekstraklasa,2025,Regular Season - 23,2026-03-01T11:15:00+00:00,Nieciecza,Radomiak Radom,1,2026-10-06T13:33:53Z,CAPTURED,2,2,
1380590,/fixtures/lineups,Poland,106,Ekstraklasa,2025,Regular Season - 23,2026-03-02T18:00:00+00:00,Zaglebie Lubin,Wisla Plock,1,2026-10-06T13:33:53Z,CAPTURED,2,2,
1380591,/fixtures/lineups,Poland,106,Ekstraklasa,2025,Regular Season - 24,2026-03-07T13:45:00+00:00,Korona Kielce,Nieciecza,1,2026-10-06T13:33:53Z,CAPTURED,2,2,
1380592,/fixtures/lineups,Poland,106,Ekstraklasa,2025,Regular Season - 24,2026-03-06T19:30:00+00:00,Lechia Gdansk,Jagiellonia,1,2026-10-06T13:33:53Z,CAPTURED,2,2,
1380593,/fixtures/lineups,Poland,106,Ekstraklasa,2025,Regular Season - 24,2026-03-08T19:15:00+00:00,Legia Warszawa,Cracovia Krakow,1,2026-10-06T13:33:53Z,CAPTURED,2,2,
1380594,/fixtures/lineups,Poland,106,Ekstraklasa,2025,Regular Season - 24,2026-03-08T11:15:00+00:00,Motor Lublin,Gornik Zabrze,1,2026-10-06T13:33:53Z,CAPTURED,2,2,
1380595,/fixtures/lineups,Poland,106,Ekstraklasa,2025,Regular Season - 24,2026-03-07T16:30:00+00:00,Piast Gliwice,Zaglebie Lubin,1,2026-10-06T13:33:53Z,CAPTURED,2,2,
1380596,/fixtures/lineups,Poland,106,Ekstraklasa,2025,Regular Season - 24,2026-03-08T13:45:00+00:00,Radomiak Radom,GKS Katowice,1,2026-10-06T13:33:53Z,CAPTURED,2,2,
1380597,/fixtures/lineups,Poland,106,Ekstraklasa,2025,Regular Season - 24,2026-03-08T16:30:00+00:00,Raków Częstochowa,Pogon Szczecin,1,2026-10-06T13:33:53Z,CAPTURED,2,2,
1380598,/fixtures/lineups,Poland,106,Ekstraklasa,2025,Regular Season - 24,2026-03-07T19:15:00+00:00,Widzew Łódź,Lech Poznan,1,2026-10-06T13:33:53Z,CAPTURED,2,2,
1380599,/fixtures/lineups,Poland,106,Ekstraklasa,2025,Regular Season - 24,2026-03-09T18:00:00+00:00,Wisla Plock,Arka Gdynia,1,2026-10-06T13:33:53Z,CAPTURED,2,2,
1380604,/fixtures/lineups,Poland,106,Ekstraklasa,2025,Regular Season - 25,2026-03-14T13:45:00+00:00,Jagiellonia,Piast Gliwice,1,2026-10-06T13:33:53Z,CAPTURED,2,2,
1380606,/fixtures/lineups,Poland,106,Ekstraklasa,2025,Regular Season - 25,2026-03-13T19:30:00+00:00,Radomiak Radom,Legia Warszawa,1,2026-10-06T13:33:53Z,CAPTURED,2,2,
1380607,/fixtures/lineups,Poland,106,Ekstraklasa,2025,Regular Season - 25,2026-03-13T17:00:00+00:00,Nieciecza,Motor Lublin,1,2026-10-06T13:33:53Z,CAPTURED,2,2,
1380521,/fixtures/lineups,Poland,106,Ekstraklasa,2025,Regular Season - 16,2026-03-17T18:00:00+00:00,Jagiellonia,GKS Katowice,1,2026-10-06T17:31:25Z,CAPTURED,2,2,
1380600,/fixtures/lineups,Poland,106,Ekstraklasa,2025,Regular Season - 25,2026-03-15T11:15:00+00:00,Arka Gdynia,Widzew Łódź,1,2026-10-06T17:31:25Z,CAPTURED,2,2,
1380601,/fixtures/lineups,Poland,106,Ekstraklasa,2025,Regular Season - 25,2026-03-14T19:15:00+00:00,Cracovia Krakow,Wisla Plock,1,2026-10-06T17:31:25Z,CAPTURED,2,2,
1380602,/fixtures/lineups,Poland,106,Ekstraklasa,2025,Regular Season - 25,2026-03-14T16:30:00+00:00,GKS Katowice,Lechia Gdansk,1,2026-10-06T17:31:25Z,CAPTURED,2,2,
1380603,/fixtures/lineups,Poland,106,Ekstraklasa,2025,Regular Season - 25,2026-03-15T16:30:00+00:00,Gornik Zabrze,Raków Częstochowa,1,2026-10-06T17:31:25Z,CAPTURED,2,2,
1380605,/fixtures/lineups,Poland,106,Ekstraklasa,2025,Regular Season - 25,2026-03-16T18:00:00+00:00,Pogon Szczecin,Korona Kielce,1,2026-10-06T17:31:25Z,CAPTURED,2,2,
1380608,/fixtures/lineups,Poland,106,Ekstraklasa,2025,Regular Season - 25,2026-03-15T13:45:00+00:00,Zaglebie Lubin,Lech Poznan,1,2026-10-06T17:31:25Z,CAPTURED,2,2,
1380609,/fixtures/lineups,Poland,106,Ekstraklasa,2025,Regular Season - 26,2026-03-21T13:45:00+00:00,Cracovia Krakow,GKS Katowice,1,2026-10-06T17:31:25Z,CAPTURED,2,2,
1380610,/fixtures/lineups,Poland,106,Ekstraklasa,2025,Regular Season - 26,2026-03-22T11:15:00+00:00,Korona Kielce,Arka Gdynia,1,2026-10-06T17:31:25Z,CAPTURED,2,2,
1380611,/fixtures/lineups,Poland,106,Ekstraklasa,2025,Regular Season - 26,2026-03-21T16:30:00+00:00,Lechia Gdansk,Pogon Szczecin,1,2026-10-06T17:31:25Z,CAPTURED,2,2,
1380612,/fixtures/lineups,Poland,106,Ekstraklasa,2025,Regular Season - 26,2026-03-22T13:45:00+00:00,Lech Poznan,Nieciecza,1,2026-10-06T17:31:25Z,CAPTURED,2,2,
1380613,/fixtures/lineups,Poland,106,Ekstraklasa,2025,Regular Season - 26,2026-03-22T19:15:00+00:00,Legia Warszawa,Raków Częstochowa,1,2026-10-06T17:31:25Z,CAPTURED,2,2,
1380614,/fixtures/lineups,Poland,106,Ekstraklasa,2025,Regular Season - 26,2026-03-20T19:30:00+00:00,Motor Lublin,Zaglebie Lubin,1,2026-10-06T17:31:25Z,CAPTURED,2,2,
1380615,/fixtures/lineups,Poland,106,Ekstraklasa,2025,Regular Season - 26,2026-03-20T17:00:00+00:00,Piast Gliwice,Radomiak Radom,1,2026-10-06T17:31:25Z,CAPTURED,2,2,
1380616,/fixtures/lineups,Poland,106,Ekstraklasa,2025,Regular Season - 26,2026-03-22T16:30:00+00:00,Widzew Łódź,Gornik Zabrze,1,2026-10-06T17:31:25Z,CAPTURED,2,2,
1380617,/fixtures/lineups,Poland,106,Ekstraklasa,2025,Regular Season - 26,2026-03-21T19:15:00+00:00,Jagiellonia,Wisla Plock,1,2026-10-06T17:31:25Z,CAPTURED,2,2,
1380618,/fixtures/lineups,Poland,106,Ekstraklasa,2025,Regular Season - 27,2026-04-07T17:00:00+00:00,Arka Gdynia,Zaglebie Lubin,1,2026-10-06T17:31:25Z,CAPTURED,2,2,
1380619,/fixtures/lineups,Poland,106,Ekstraklasa,2025,Regular Season - 27,2026-04-04T10:15:00+00:00,GKS Katowice,Wisla Plock,1,2026-10-06T17:31:25Z,CAPTURED,2,2,
1380620,/fixtures/lineups,Poland,106,Ekstraklasa,2025,Regular Season - 27,2026-04-04T15:30:00+00:00,Gornik Zabrze,Cracovia Krakow,1,2026-10-06T17:31:25Z,CAPTURED,2,2,
1380621,/fixtures/lineups,Poland,106,Ekstraklasa,2025,Regular Season - 27,2026-04-04T18:15:00+00:00,Jagiellonia,Lech Poznan,1,2026-10-06T17:31:25Z,CAPTURED,2,2,
1380622,/fixtures/lineups,Poland,106,Ekstraklasa,2025,Regular Season - 27,2026-04-06T18:15:00+00:00,Lechia Gdansk,Korona Kielce,1,2026-10-06T17:31:25Z,CAPTURED,2,2,
1380623,/fixtures/lineups,Poland,106,Ekstraklasa,2025,Regular Season - 27,2026-04-06T15:30:00+00:00,Pogon Szczecin,Legia Warszawa,1,2026-10-06T17:31:25Z,CAPTURED,2,2,
1380624,/fixtures/lineups,Poland,106,Ekstraklasa,2025,Regular Season - 27,2026-04-06T12:45:00+00:00,Radomiak Radom,Motor Lublin,1,2026-10-06T17:31:25Z,CAPTURED,2,2,
1380625,/fixtures/lineups,Poland,106,Ekstraklasa,2025,Regular Season - 27,2026-04-04T12:45:00+00:00,Raków Częstochowa,Widzew Łódź,1,2026-10-06T17:31:25Z,CAPTURED,2,2,
1380626,/fixtures/lineups,Poland,106,Ekstraklasa,2025,Regular Season - 27,2026-04-06T10:15:00+00:00,Nieciecza,Piast Gliwice,1,2026-10-06T17:31:25Z,CAPTURED,2,2,
1380627,/fixtures/lineups,Poland,106,Ekstraklasa,2025,Regular Season - 28,2026-04-12T10:15:00+00:00,Cracovia Krakow,Arka Gdynia,1,2026-10-06T17:31:25Z,CAPTURED,2,2,
1380628,/fixtures/lineups,Poland,106,Ekstraklasa,2025,Regular Season - 28,2026-04-10T18:30:00+00:00,Korona Kielce,Jagiellonia,1,2026-10-06T17:31:25Z,CAPTURED,2,2,
1380629,/fixtures/lineups,Poland,106,Ekstraklasa,2025,Regular Season - 28,2026-04-12T15:30:00+00:00,Lech Poznan,GKS Katowice,1,2026-10-06T17:31:25Z,CAPTURED,2,2,
1380630,/fixtures/lineups,Poland,106,Ekstraklasa,2025,Regular Season - 28,2026-04-11T18:15:00+00:00,Legia Warszawa,Gornik Zabrze,1,2026-10-06T17:31:25Z,CAPTURED,2,2,
1380631,/fixtures/lineups,Poland,106,Ekstraklasa,2025,Regular Season - 28,2026-04-12T12:45:00+00:00,Motor Lublin,Raków Częstochowa,1,2026-10-06T17:31:25Z,CAPTURED,2,2,
1380632,/fixtures/lineups,Poland,106,Ekstraklasa,2025,Regular Season - 28,2026-04-13T17:00:00+00:00,Piast Gliwice,Pogon Szczecin,1,2026-10-06T17:31:25Z,CAPTURED,2,2,
1380633,/fixtures/lineups,Poland,106,Ekstraklasa,2025,Regular Season - 28,2026-04-11T12:45:00+00:00,Widzew Łódź,Nieciecza,1,2026-10-06T17:31:25Z,CAPTURED,2,2,
1380634,/fixtures/lineups,Poland,106,Ekstraklasa,2025,Regular Season - 28,2026-04-10T16:00:00+00:00,Wisla Plock,Lechia Gdansk,1,2026-10-06T17:31:25Z,CAPTURED,2,2,
1380635,/fixtures/lineups,Poland,106,Ekstraklasa,2025,Regular Season - 28,2026-04-11T15:30:00+00:00,Zaglebie Lubin,Radomiak Radom,1,2026-10-06T17:31:25Z,CAPTURED,2,2,
1380636,/fixtures/lineups,Poland,106,Ekstraklasa,2025,Regular Season - 29,2026-04-19T15:30:00+00:00,Arka Gdynia,Jagiellonia,1,2026-10-06T17:31:25Z,CAPTURED,2,2,
1380637,/fixtures/lineups,Poland,106,Ekstraklasa,2025,Regular Season - 29,2026-04-17T16:00:00+00:00,GKS Katowice,Motor Lublin,1,2026-10-06T17:31:25Z,CAPTURED,2,2,
1380638,/fixtures/lineups,Poland,106,Ekstraklasa,2025,Regular Season - 29,2026-04-18T15:30:00+00:00,Gornik Zabrze,Korona Kielce,1,2026-10-06T17:31:25Z,CAPTURED,2,2,
1380639,/fixtures/lineups,Poland,106,Ekstraklasa,2025,Regular Season - 29,2026-04-20T17:00:00+00:00,Lechia Gdansk,Piast Gliwice,1,2026-10-06T17:31:25Z,CAPTURED,2,2,
1380640,/fixtures/lineups,Poland,106,Ekstraklasa,2025,Regular Season - 29,2026-04-17T18:30:00+00:00,Legia Warszawa,Zaglebie Lubin,1,2026-10-06T17:31:25Z,CAPTURED,2,2,
1380641,/fixtures/lineups,Poland,106,Ekstraklasa,2025,Regular Season - 29,2026-04-18T18:15:00+00:00,Pogon Szczecin,Lech Poznan,1,2026-10-06T17:31:25Z,CAPTURED,2,2,
1380642,/fixtures/lineups,Poland,106,Ekstraklasa,2025,Regular Season - 29,2026-04-18T12:45:00+00:00,Radomiak Radom,Widzew Łódź,1,2026-10-06T17:31:25Z,CAPTURED,2,2,
1380643,/fixtures/lineups,Poland,106,Ekstraklasa,2025,Regular Season - 29,2026-04-19T12:45:00+00:00,Raków Częstochowa,Cracovia Krakow,1,2026-10-06T17:31:25Z,CAPTURED,2,2,
1380644,/fixtures/lineups,Poland,106,Ekstraklasa,2025,Regular Season - 29,2026-04-19T10:15:00+00:00,Nieciecza,Wisla Plock,1,2026-10-06T17:31:25Z,CAPTURED,2,2,
1380645,/fixtures/lineups,Poland,106,Ekstraklasa,2025,Regular Season - 30,2026-04-25T18:15:00+00:00,Cracovia Krakow,Pogon Szczecin,1,2026-10-06T17:31:25Z,CAPTURED,2,2,
1380646,/fixtures/lineups,Poland,106,Ekstraklasa,2025,Regular Season - 30,2026-04-24T18:30:00+00:00,Jagiellonia,Gornik Zabrze,1,2026-10-06T17:31:25Z,CAPTURED,2,2,
1380647,/fixtures/lineups,Poland,106,Ekstraklasa,2025,Regular Season - 30,2026-04-25T12:45:00+00:00,Korona Kielce,GKS Katowice,1,2026-10-06T17:31:25Z,CAPTURED,2,2,
1380648,/fixtures/lineups,Poland,106,Ekstraklasa,2025,Regular Season - 30,2026-04-25T15:30:00+00:00,Lechia Gdansk,Raków Częstochowa,1,2026-10-06T17:31:25Z,CAPTURED,2,2,
1380651,/fixtures/lineups,Poland,106,Ekstraklasa,2025,Regular Season - 30,2026-04-26T12:45:00+00:00,Widzew Łódź,Motor Lublin,1,2026-10-06T17:31:25Z,CAPTURED,2,2,
1380652,/fixtures/lineups,Poland,106,Ekstraklasa,2025,Regular Season - 30,2026-04-26T10:15:00+00:00,Wisla Plock,Radomiak Radom,1,2026-10-06T17:31:25Z,CAPTURED,2,2,
1380653,/fixtures/lineups,Poland,106,Ekstraklasa,2025,Regular Season - 30,2026-04-24T16:00:00+00:00,Zaglebie Lubin,Nieciecza,1,2026-10-06T17:31:25Z,CAPTURED,2,2,
1380649,/fixtures/lineups,Poland,106,Ekstraklasa,2025,Regular Season - 30,2026-04-26T15:30:00+00:00,Lech Poznan,Legia Warszawa,1,2026-10-06T21:42:48Z,CAPTURED,2,2,
1380650,/fixtures/lineups,Poland,106,Ekstraklasa,2025,Regular Season - 30,2026-04-27T17:00:00+00:00,Piast Gliwice,Arka Gdynia,1,2026-10-06T21:42:48Z,CAPTURED,2,2,
1380655,/fixtures/lineups,Poland,106,Ekstraklasa,2025,Regular Season - 31,2026-05-03T10:15:00+00:00,GKS Katowice,Nieciecza,1,2026-10-06T21:42:48Z,CAPTURED,2,2,
1380656,/fixtures/lineups,Poland,106,Ekstraklasa,2025,Regular Season - 31,2026-05-01T15:30:00+00:00,Korona Kielce,Piast Gliwice,1,2026-10-06T21:42:48Z,CAPTURED,2,2,
1380657,/fixtures/lineups,Poland,106,Ekstraklasa,2025,Regular Season - 31,2026-05-01T18:30:00+00:00,Legia Warszawa,Widzew Łódź,1,2026-10-06T21:42:48Z,CAPTURED,2,2,
1380658,/fixtures/lineups,Poland,106,Ekstraklasa,2025,Regular Season - 31,2026-05-02T18:15:00+00:00,Motor Lublin,Lech Poznan,1,2026-10-06T21:42:48Z,CAPTURED,2,2,
1380659,/fixtures/lineups,Poland,106,Ekstraklasa,2025,Regular Season - 31,2026-05-03T15:30:00+00:00,Pogon Szczecin,Wisla Plock,1,2026-10-06T21:42:48Z,CAPTURED,2,2,
1380660,/fixtures/lineups,Poland,106,Ekstraklasa,2025,Regular Season - 31,2026-05-04T17:00:00+00:00,Radomiak Radom,Lechia Gdansk,1,2026-10-06T21:42:48Z,CAPTURED,2,2,
1380662,/fixtures/lineups,Poland,106,Ekstraklasa,2025,Regular Season - 31,2026-05-03T12:45:00+00:00,Zaglebie Lubin,Cracovia Krakow,1,2026-10-06T21:42:48Z,CAPTURED,2,2,
1380666,/fixtures/lineups,Poland,106,Ekstraklasa,2025,Regular Season - 32,2026-05-08T18:30:00+00:00,Lech Poznan,Arka Gdynia,1,2026-10-06T21:42:48Z,CAPTURED,2,2,
1380668,/fixtures/lineups,Poland,106,Ekstraklasa,2025,Regular Season - 32,2026-05-08T16:00:00+00:00,Raków Częstochowa,Korona Kielce,1,2026-10-06T21:42:48Z,CAPTURED,2,2,
1380670,/fixtures/lineups,Poland,106,Ekstraklasa,2025,Regular Season - 32,2026-05-09T12:45:00+00:00,Widzew Łódź,Lechia Gdansk,1,2026-10-06T21:42:48Z,CAPTURED,2,2,
1396237,/fixtures/lineups,Portugal,94,Primeira Liga,2025,Regular Season - 1,2025-08-09T19:30:00+00:00,Arouca,AVS,1,2026-10-06T21:42:48Z,CAPTURED,2,2,
1396239,/fixtures/lineups,Portugal,94,Primeira Liga,2025,Regular Season - 1,2025-08-10T19:30:00+00:00,SC Braga,Tondela,1,2026-10-06T21:42:48Z,CAPTURED,2,2,
1396240,/fixtures/lineups,Portugal,94,Primeira Liga,2025,Regular Season - 1,2025-08-08T19:15:00+00:00,Casa Pia,Sporting CP,1,2026-10-06T21:42:48Z,CAPTURED,2,2,
1396241,/fixtures/lineups,Portugal,94,Primeira Liga,2025,Regular Season - 1,2025-08-11T17:45:00+00:00,Estoril,Estrela,1,2026-10-06T21:42:48Z,CAPTURED,2,2,
1396242,/fixtures/lineups,Portugal,94,Primeira Liga,2025,Regular Season - 1,2025-08-10T16:00:00+00:00,Famalicao,Santa Clara,1,2026-10-06T21:42:48Z,CAPTURED,2,2,
1396243,/fixtures/lineups,Portugal,94,Primeira Liga,2025,Regular Season - 1,2025-08-11T19:45:00+00:00,FC Porto,Vitória SC,1,2026-10-06T21:42:48Z,CAPTURED,2,2,
1396244,/fixtures/lineups,Portugal,94,Primeira Liga,2025,Regular Season - 1,2025-08-10T19:30:00+00:00,Moreirense,Alverca,1,2026-10-06T21:42:48Z,CAPTURED,2,2,
1396245,/fixtures/lineups,Portugal,94,Primeira Liga,2025,Regular Season - 1,2025-08-09T14:30:00+00:00,Nacional,GIL Vicente,1,2026-10-06T21:42:48Z,CAPTURED,2,2,
1396246,/fixtures/lineups,Portugal,94,Primeira Liga,2025,Regular Season - 2,2025-08-15T14:30:00+00:00,AVS,Casa Pia,1,2026-10-06T21:42:48Z,CAPTURED,2,2,
1396247,/fixtures/lineups,Portugal,94,Primeira Liga,2025,Regular Season - 2,2025-08-17T17:00:00+00:00,Alverca,SC Braga,1,2026-10-06T21:42:48Z,CAPTURED,2,2,
1396248,/fixtures/lineups,Portugal,94,Primeira Liga,2025,Regular Season - 2,2025-08-16T19:30:00+00:00,Estrela,Benfica,1,2026-10-06T21:42:48Z,CAPTURED,2,2,
1396249,/fixtures/lineups,Portugal,94,Primeira Liga,2025,Regular Season - 2,2025-08-18T19:15:00+00:00,GIL Vicente,FC Porto,1,2026-10-06T21:42:48Z,CAPTURED,2,2,
1396250,/fixtures/lineups,Portugal,94,Primeira Liga,2025,Regular Season - 2,2025-08-17T14:30:00+00:00,Rio Ave,Nacional,1,2026-10-06T21:42:48Z,CAPTURED,2,2,
1396251,/fixtures/lineups,Portugal,94,Primeira Liga,2025,Regular Season - 2,2025-08-17T17:00:00+00:00,Santa Clara,Moreirense,1,2026-10-06T21:42:48Z,CAPTURED,2,2,
1396252,/fixtures/lineups,Portugal,94,Primeira Liga,2025,Regular Season - 2,2025-08-17T19:30:00+00:00,Sporting CP,Arouca,1,2026-10-06T21:42:48Z,CAPTURED,2,2,
1396253,/fixtures/lineups,Portugal,94,Primeira Liga,2025,Regular Season - 2,2025-08-16T14:30:00+00:00,Tondela,Famalicao,1,2026-10-06T21:42:48Z,CAPTURED,2,2,
1396254,/fixtures/lineups,Portugal,94,Primeira Liga,2025,Regular Season - 2,2025-08-16T17:00:00+00:00,Vitória SC,Estoril,1,2026-10-06T21:42:48Z,CAPTURED,2,2,
1396255,/fixtures/lineups,Portugal,94,Primeira Liga,2025,Regular Season - 3,2025-08-23T19:30:00+00:00,Arouca,Rio Ave,1,2026-10-06T21:42:48Z,CAPTURED,2,2,
1396256,/fixtures/lineups,Portugal,94,Primeira Liga,2025,Regular Season - 3,2025-08-23T19:30:00+00:00,Benfica,Tondela,1,2026-10-06T21:42:48Z,CAPTURED,2,2,
1396257,/fixtures/lineups,Portugal,94,Primeira Liga,2025,Regular Season - 3,2025-08-24T19:30:00+00:00,SC Braga,AVS,1,2026-10-06T21:42:48Z,CAPTURED,2,2,
1396258,/fixtures/lineups,Portugal,94,Primeira Liga,2025,Regular Season - 3,2025-09-06T19:30:00+00:00,Estoril,Santa Clara,1,2026-10-06T21:42:48Z,CAPTURED,2,2,
1396259,/fixtures/lineups,Portugal,94,Primeira Liga,2025,Regular Season - 3,2025-08-25T19:15:00+00:00,Estrela,Alverca,1,2026-10-06T21:42:48Z,CAPTURED,2,2,
1396260,/fixtures/lineups,Portugal,94,Primeira Liga,2025,Regular Season - 3,2025-08-24T14:30:00+00:00,Famalicao,GIL Vicente,1,2026-10-06T21:42:48Z,CAPTURED,2,2,
1396261,/fixtures/lineups,Portugal,94,Primeira Liga,2025,Regular Season - 3,2025-08-24T17:00:00+00:00,FC Porto,Casa Pia,1,2026-10-06T21:42:48Z,CAPTURED,2,2,
1396262,/fixtures/lineups,Portugal,94,Primeira Liga,2025,Regular Season - 3,2025-08-23T15:00:00+00:00,Moreirense,Vitória SC,1,2026-10-06T21:42:48Z,CAPTURED,2,2,
1396263,/fixtures/lineups,Portugal,94,Primeira Liga,2025,Regular Season - 3,2025-08-23T17:00:00+00:00,Nacional,Sporting CP,1,2026-10-06T21:42:48Z,CAPTURED,2,2,
1396264,/fixtures/lineups,Portugal,94,Primeira Liga,2025,Regular Season - 4,2025-08-30T17:00:00+00:00,AVS,Famalicao,1,2026-10-06T21:42:48Z,CAPTURED,2,2,
1396265,/fixtures/lineups,Portugal,94,Primeira Liga,2025,Regular Season - 4,2025-08-31T17:00:00+00:00,Alverca,Benfica,1,2026-10-06T21:42:48Z,CAPTURED,2,2,
1396266,/fixtures/lineups,Portugal,94,Primeira Liga,2025,Regular Season - 4,2025-08-30T14:30:00+00:00,Casa Pia,Nacional,1,2026-10-06T21:42:48Z,CAPTURED,2,2,
1396267,/fixtures/lineups,Portugal,94,Primeira Liga,2025,Regular Season - 4,2025-08-29T19:15:00+00:00,GIL Vicente,Moreirense,1,2026-10-06T21:42:48Z,CAPTURED,2,2,
1396268,/fixtures/lineups,Portugal,94,Primeira Liga,2025,Regular Season - 4,2025-08-31T19:30:00+00:00,Rio Ave,SC Braga,1,2026-10-06T21:42:48Z,CAPTURED,2,2,
1396269,/fixtures/lineups,Portugal,94,Primeira Liga,2025,Regular Season - 4,2025-08-31T19:30:00+00:00,Santa Clara,Estrela,1,2026-10-06T21:42:48Z,CAPTURED,2,2,
1396270,/fixtures/lineups,Portugal,94,Primeira Liga,2025,Regular Season - 4,2025-08-30T19:30:00+00:00,Sporting CP,FC Porto,1,2026-10-06T21:42:48Z,CAPTURED,2,2,
1396271,/fixtures/lineups,Portugal,94,Primeira Liga,2025,Regular Season - 4,2025-08-31T14:30:00+00:00,Tondela,Estoril,1,2026-10-06T21:42:48Z,CAPTURED,2,2,
1396272,/fixtures/lineups,Portugal,94,Primeira Liga,2025,Regular Season - 4,2025-08-30T17:00:00+00:00,Vitória SC,Arouca,1,2026-10-06T21:42:48Z,CAPTURED,2,2,
1396273,/fixtures/lineups,Portugal,94,Primeira Liga,2025,Regular Season - 5,2025-09-12T19:15:00+00:00,Alverca,Tondela,1,2026-10-06T21:42:48Z,CAPTURED,2,2,
1396275,/fixtures/lineups,Portugal,94,Primeira Liga,2025,Regular Season - 5,2025-09-12T19:15:00+00:00,Benfica,Santa Clara,1,2026-10-06T21:42:48Z,CAPTURED,2,2,
1396277,/fixtures/lineups,Portugal,94,Primeira Liga,2025,Regular Season - 5,2025-09-13T14:30:00+00:00,Estoril,AVS,1,2026-10-06T21:42:48Z,CAPTURED,2,2,
1396238,/fixtures/lineups,Portugal,94,Primeira Liga,2025,Regular Season - 1,2025-09-23T19:15:00+00:00,Benfica,Rio Ave,1,2026-10-07T01:32:19Z,CAPTURED,2,2,
1396274,/fixtures/lineups,Portugal,94,Primeira Liga,2025,Regular Season - 5,2025-09-14T17:00:00+00:00,Arouca,Casa Pia,1,2026-10-07T01:32:19Z,CAPTURED,2,2,
1396276,/fixtures/lineups,Portugal,94,Primeira Liga,2025,Regular Season - 5,2025-09-14T19:30:00+00:00,SC Braga,GIL Vicente,1,2026-10-07T01:32:19Z,CAPTURED,2,2,
1396278,/fixtures/lineups,Portugal,94,Primeira Liga,2025,Regular Season - 5,2025-09-14T14:30:00+00:00,Estrela,Vitória SC,1,2026-10-07T01:32:19Z,CAPTURED,2,2,
1396279,/fixtures/lineups,Portugal,94,Primeira Liga,2025,Regular Season - 5,2025-09-13T19:30:00+00:00,Famalicao,Sporting CP,1,2026-10-07T01:32:19Z,CAPTURED,2,2,
1396280,/fixtures/lineups,Portugal,94,Primeira Liga,2025,Regular Season - 5,2025-09-13T17:00:00+00:00,FC Porto,Nacional,1,2026-10-07T01:32:19Z,CAPTURED,2,2,
1396281,/fixtures/lineups,Portugal,94,Primeira Liga,2025,Regular Season - 5,2025-09-13T14:30:00+00:00,Moreirense,Rio Ave,1,2026-10-07T01:32:19Z,CAPTURED,2,2,
1396282,/fixtures/lineups,Portugal,94,Primeira Liga,2025,Regular Season - 6,2025-09-20T17:00:00+00:00,AVS,Benfica,1,2026-10-07T01:32:19Z,CAPTURED,2,2,
1396283,/fixtures/lineups,Portugal,94,Primeira Liga,2025,Regular Season - 6,2025-09-21T19:30:00+00:00,Casa Pia,Famalicao,1,2026-10-07T01:32:19Z,CAPTURED,2,2,
1396284,/fixtures/lineups,Portugal,94,Primeira Liga,2025,Regular Season - 6,2025-09-21T17:00:00+00:00,GIL Vicente,Estoril,1,2026-10-07T01:32:19Z,CAPTURED,2,2,
1396285,/fixtures/lineups,Portugal,94,Primeira Liga,2025,Regular Season - 6,2025-09-20T14:30:00+00:00,Nacional,Arouca,1,2026-10-07T01:32:19Z,CAPTURED,2,2,
1396286,/fixtures/lineups,Portugal,94,Primeira Liga,2025,Regular Season - 6,2025-09-19T19:15:00+00:00,Rio Ave,FC Porto,1,2026-10-07T01:32:19Z,CAPTURED,2,2,
1396287,/fixtures/lineups,Portugal,94,Primeira Liga,2025,Regular Season - 6,2025-09-20T14:30:00+00:00,Santa Clara,Alverca,1,2026-10-07T01:32:19Z,CAPTURED,2,2,
1396288,/fixtures/lineups,Portugal,94,Primeira Liga,2025,Regular Season - 6,2025-09-22T19:15:00+00:00,Sporting CP,Moreirense,1,2026-10-07T01:32:19Z,CAPTURED,2,2,
1396289,/fixtures/lineups,Portugal,94,Primeira Liga,2025,Regular Season - 6,2025-09-21T14:30:00+00:00,Tondela,Estrela,1,2026-10-07T01:32:19Z,CAPTURED,2,2,
1396290,/fixtures/lineups,Portugal,94,Primeira Liga,2025,Regular Season - 6,2025-09-20T19:30:00+00:00,Vitória SC,SC Braga,1,2026-10-07T01:32:19Z,CAPTURED,2,2,
1396291,/fixtures/lineups,Portugal,94,Primeira Liga,2025,Regular Season - 7,2025-09-28T14:30:00+00:00,Alverca,Vitória SC,1,2026-10-07T01:32:19Z,CAPTURED,2,2,
1396292,/fixtures/lineups,Portugal,94,Primeira Liga,2025,Regular Season - 7,2025-09-29T19:00:00+00:00,Arouca,FC Porto,1,2026-10-07T01:32:19Z,CAPTURED,2,2,
1396293,/fixtures/lineups,Portugal,94,Primeira Liga,2025,Regular Season - 7,2025-09-26T19:15:00+00:00,Benfica,GIL Vicente,1,2026-10-07T01:32:19Z,CAPTURED,2,2,
1396294,/fixtures/lineups,Portugal,94,Primeira Liga,2025,Regular Season - 7,2025-09-28T17:00:00+00:00,SC Braga,Nacional,1,2026-10-07T01:32:19Z,CAPTURED,2,2,
1396295,/fixtures/lineups,Portugal,94,Primeira Liga,2025,Regular Season - 7,2025-09-27T19:30:00+00:00,Estoril,Sporting CP,1,2026-10-07T01:32:19Z,CAPTURED,2,2,
1396296,/fixtures/lineups,Portugal,94,Primeira Liga,2025,Regular Season - 7,2025-09-27T17:00:00+00:00,Estrela,AVS,1,2026-10-07T01:32:19Z,CAPTURED,2,2,
1396297,/fixtures/lineups,Portugal,94,Primeira Liga,2025,Regular Season - 7,2025-09-28T19:30:00+00:00,Famalicao,Rio Ave,1,2026-10-07T01:32:19Z,CAPTURED,2,2,
1396298,/fixtures/lineups,Portugal,94,Primeira Liga,2025,Regular Season - 7,2025-09-27T14:30:00+00:00,Moreirense,Casa Pia,1,2026-10-07T01:32:19Z,CAPTURED,2,2,
1396299,/fixtures/lineups,Portugal,94,Primeira Liga,2025,Regular Season - 7,2025-09-27T15:30:00+00:00,Santa Clara,Tondela,1,2026-10-07T01:32:19Z,CAPTURED,2,2,
1396300,/fixtures/lineups,Portugal,94,Primeira Liga,2025,Regular Season - 8,2025-10-04T17:00:00+00:00,AVS,Alverca,1,2026-10-07T01:32:19Z,CAPTURED,2,2,
1396301,/fixtures/lineups,Portugal,94,Primeira Liga,2025,Regular Season - 8,2025-10-05T14:30:00+00:00,Arouca,Famalicao,1,2026-10-07T01:32:19Z,CAPTURED,2,2,
1396302,/fixtures/lineups,Portugal,94,Primeira Liga,2025,Regular Season - 8,2025-10-03T19:15:00+00:00,Casa Pia,Estoril,1,2026-10-07T01:32:19Z,CAPTURED,2,2,
1396303,/fixtures/lineups,Portugal,94,Primeira Liga,2025,Regular Season - 8,2025-10-05T20:15:00+00:00,FC Porto,Benfica,1,2026-10-07T01:32:19Z,CAPTURED,2,2,
1396304,/fixtures/lineups,Portugal,94,Primeira Liga,2025,Regular Season - 8,2025-10-04T14:30:00+00:00,GIL Vicente,Estrela,1,2026-10-07T01:32:19Z,CAPTURED,2,2,
1396305,/fixtures/lineups,Portugal,94,Primeira Liga,2025,Regular Season - 8,2025-10-04T14:30:00+00:00,Nacional,Moreirense,1,2026-10-07T01:32:19Z,CAPTURED,2,2,
1396306,/fixtures/lineups,Portugal,94,Primeira Liga,2025,Regular Season - 8,2025-10-05T16:30:00+00:00,Rio Ave,Tondela,1,2026-10-07T01:32:19Z,CAPTURED,2,2,
1396307,/fixtures/lineups,Portugal,94,Primeira Liga,2025,Regular Season - 8,2025-10-05T18:15:00+00:00,Sporting CP,SC Braga,1,2026-10-07T01:32:19Z,CAPTURED,2,2,
1396308,/fixtures/lineups,Portugal,94,Primeira Liga,2025,Regular Season - 8,2025-10-04T19:30:00+00:00,Vitória SC,Santa Clara,1,2026-10-07T01:32:19Z,CAPTURED,2,2,
1396309,/fixtures/lineups,Portugal,94,Primeira Liga,2025,Regular Season - 9,2025-10-24T19:15:00+00:00,Alverca,GIL Vicente,1,2026-10-07T01:32:19Z,CAPTURED,2,2,
1396310,/fixtures/lineups,Portugal,94,Primeira Liga,2025,Regular Season - 9,2025-10-25T19:30:00+00:00,Benfica,Arouca,1,2026-10-07T01:32:19Z,CAPTURED,2,2,
1396311,/fixtures/lineups,Portugal,94,Primeira Liga,2025,Regular Season - 9,2025-10-26T20:30:00+00:00,SC Braga,Casa Pia,1,2026-10-07T01:32:19Z,CAPTURED,2,2,
1396312,/fixtures/lineups,Portugal,94,Primeira Liga,2025,Regular Season - 9,2025-10-26T15:30:00+00:00,Estoril,Nacional,1,2026-10-07T01:32:19Z,CAPTURED,2,2,
1396313,/fixtures/lineups,Portugal,94,Primeira Liga,2025,Regular Season - 9,2025-10-25T19:30:00+00:00,Estrela,Rio Ave,1,2026-10-07T01:32:19Z,CAPTURED,2,2,
1396314,/fixtures/lineups,Portugal,94,Primeira Liga,2025,Regular Season - 9,2025-10-26T15:30:00+00:00,Famalicao,Vitória SC,1,2026-10-07T01:32:19Z,CAPTURED,2,2,
1396315,/fixtures/lineups,Portugal,94,Primeira Liga,2025,Regular Season - 9,2025-10-27T20:15:00+00:00,Moreirense,FC Porto,1,2026-10-07T01:32:19Z,CAPTURED,2,2,
1396316,/fixtures/lineups,Portugal,94,Primeira Liga,2025,Regular Season - 9,2025-10-25T17:00:00+00:00,Santa Clara,AVS,1,2026-10-07T01:32:19Z,CAPTURED,2,2,
1396317,/fixtures/lineups,Portugal,94,Primeira Liga,2025,Regular Season - 9,2025-10-26T18:00:00+00:00,Tondela,Sporting CP,1,2026-10-07T01:32:19Z,CAPTURED,2,2,
1396318,/fixtures/lineups,Portugal,94,Primeira Liga,2025,Regular Season - 10,2025-11-02T15:30:00+00:00,AVS,Tondela,1,2026-10-07T01:32:19Z,CAPTURED,2,2,
1396319,/fixtures/lineups,Portugal,94,Primeira Liga,2025,Regular Season - 10,2025-11-02T18:00:00+00:00,Arouca,Moreirense,1,2026-10-07T01:32:19Z,CAPTURED,2,2,
1396320,/fixtures/lineups,Portugal,94,Primeira Liga,2025,Regular Season - 10,2025-11-01T18:00:00+00:00,Casa Pia,Estrela,1,2026-10-07T01:32:19Z,CAPTURED,2,2,
1396323,/fixtures/lineups,Portugal,94,Primeira Liga,2025,Regular Season - 10,2025-11-01T15:30:00+00:00,Nacional,Famalicao,1,2026-10-07T01:32:19Z,CAPTURED,2,2,
1396324,/fixtures/lineups,Portugal,94,Primeira Liga,2025,Regular Season - 10,2025-11-01T18:00:00+00:00,Rio Ave,Estoril,1,2026-10-07T01:32:19Z,CAPTURED,2,2,
1396325,/fixtures/lineups,Portugal,94,Primeira Liga,2025,Regular Season - 10,2025-10-31T20:15:00+00:00,Sporting CP,Alverca,1,2026-10-07T01:32:19Z,CAPTURED,2,2,
1396326,/fixtures/lineups,Portugal,94,Primeira Liga,2025,Regular Season - 10,2025-11-01T20:30:00+00:00,Vitória SC,Benfica,1,2026-10-07T01:32:19Z,CAPTURED,2,2,
1396321,/fixtures/lineups,Portugal,94,Primeira Liga,2025,Regular Season - 10,2025-11-02T20:30:00+00:00,FC Porto,SC Braga,1,2026-10-07T05:32:56Z,CAPTURED,2,2,
1396322,/fixtures/lineups,Portugal,94,Primeira Liga,2025,Regular Season - 10,2025-11-03T20:45:00+00:00,GIL Vicente,Santa Clara,1,2026-10-07T05:32:56Z,CAPTURED,2,2,
1396327,/fixtures/lineups,Portugal,94,Primeira Liga,2025,Regular Season - 11,2025-11-09T15:30:00+00:00,AVS,GIL Vicente,1,2026-10-07T05:32:56Z,CAPTURED,2,2,
1396328,/fixtures/lineups,Portugal,94,Primeira Liga,2025,Regular Season - 11,2025-11-08T15:30:00+00:00,Alverca,Rio Ave,1,2026-10-07T05:32:56Z,CAPTURED,2,2,
1396329,/fixtures/lineups,Portugal,94,Primeira Liga,2025,Regular Season - 11,2025-11-09T20:30:00+00:00,Benfica,Casa Pia,1,2026-10-07T05:32:56Z,CAPTURED,2,2,
1396330,/fixtures/lineups,Portugal,94,Primeira Liga,2025,Regular Season - 11,2025-11-09T20:30:00+00:00,SC Braga,Moreirense,1,2026-10-07T05:32:56Z,CAPTURED,2,2,
1396331,/fixtures/lineups,Portugal,94,Primeira Liga,2025,Regular Season - 11,2025-11-07T20:15:00+00:00,Estoril,Arouca,1,2026-10-07T05:32:56Z,CAPTURED,2,2,
1396332,/fixtures/lineups,Portugal,94,Primeira Liga,2025,Regular Season - 11,2025-11-09T15:30:00+00:00,Estrela,Nacional,1,2026-10-07T05:32:56Z,CAPTURED,2,2,
1396333,/fixtures/lineups,Portugal,94,Primeira Liga,2025,Regular Season - 11,2025-11-09T18:00:00+00:00,Famalicao,FC Porto,1,2026-10-07T05:32:56Z,CAPTURED,2,2,
1396334,/fixtures/lineups,Portugal,94,Primeira Liga,2025,Regular Season - 11,2025-11-08T20:30:00+00:00,Santa Clara,Sporting CP,1,2026-10-07T05:32:56Z,CAPTURED,2,2,
1396335,/fixtures/lineups,Portugal,94,Primeira Liga,2025,Regular Season - 11,2025-11-08T18:00:00+00:00,Tondela,Vitória SC,1,2026-10-07T05:32:56Z,CAPTURED,2,2,
1396336,/fixtures/lineups,Portugal,94,Primeira Liga,2025,Regular Season - 12,2025-12-01T20:15:00+00:00,Arouca,SC Braga,1,2026-10-07T05:32:56Z,CAPTURED,2,2,
1396337,/fixtures/lineups,Portugal,94,Primeira Liga,2025,Regular Season - 12,2025-11-29T15:30:00+00:00,Casa Pia,Alverca,1,2026-10-07T05:32:56Z,CAPTURED,2,2,
1396338,/fixtures/lineups,Portugal,94,Primeira Liga,2025,Regular Season - 12,2025-11-30T20:30:00+00:00,FC Porto,Estoril,1,2026-10-07T05:32:56Z,CAPTURED,2,2,
1396339,/fixtures/lineups,Portugal,94,Primeira Liga,2025,Regular Season - 12,2025-11-29T20:30:00+00:00,GIL Vicente,Tondela,1,2026-10-07T05:32:56Z,CAPTURED,2,2,
1396340,/fixtures/lineups,Portugal,94,Primeira Liga,2025,Regular Season - 12,2025-11-29T15:30:00+00:00,Moreirense,Famalicao,1,2026-10-07T05:32:56Z,CAPTURED,2,2,
1396341,/fixtures/lineups,Portugal,94,Primeira Liga,2025,Regular Season - 12,2025-11-29T18:00:00+00:00,Nacional,Benfica,1,2026-10-07T05:32:56Z,CAPTURED,2,2,
1396342,/fixtures/lineups,Portugal,94,Primeira Liga,2025,Regular Season - 12,2025-11-30T15:30:00+00:00,Rio Ave,Santa Clara,1,2026-10-07T05:32:56Z,CAPTURED,2,2,
1396343,/fixtures/lineups,Portugal,94,Primeira Liga,2025,Regular Season - 12,2025-11-30T18:00:00+00:00,Sporting CP,Estrela,1,2026-10-07T05:32:56Z,CAPTURED,2,2,
1396344,/fixtures/lineups,Portugal,94,Primeira Liga,2025,Regular Season - 12,2025-11-28T20:15:00+00:00,Vitória SC,AVS,1,2026-10-07T05:32:56Z,CAPTURED,2,2,
1396345,/fixtures/lineups,Portugal,94,Primeira Liga,2025,Regular Season - 13,2025-12-06T18:00:00+00:00,AVS,Rio Ave,1,2026-10-07T05:32:56Z,CAPTURED,2,2,
1396346,/fixtures/lineups,Portugal,94,Primeira Liga,2025,Regular Season - 13,2025-12-07T18:00:00+00:00,Alverca,Nacional,1,2026-10-07T05:32:56Z,CAPTURED,2,2,
1396347,/fixtures/lineups,Portugal,94,Primeira Liga,2025,Regular Season - 13,2025-12-05T20:15:00+00:00,Benfica,Sporting CP,1,2026-10-07T05:32:56Z,CAPTURED,2,2,
1396348,/fixtures/lineups,Portugal,94,Primeira Liga,2025,Regular Season - 13,2025-12-07T15:30:00+00:00,Estoril,Moreirense,1,2026-10-07T05:32:56Z,CAPTURED,2,2,
1396349,/fixtures/lineups,Portugal,94,Primeira Liga,2025,Regular Season - 13,2025-12-07T18:00:00+00:00,Estrela,Arouca,1,2026-10-07T05:32:56Z,CAPTURED,2,2,
1396350,/fixtures/lineups,Portugal,94,Primeira Liga,2025,Regular Season - 13,2025-12-06T20:30:00+00:00,Famalicao,SC Braga,1,2026-10-07T05:32:56Z,CAPTURED,2,2,
1396351,/fixtures/lineups,Portugal,94,Primeira Liga,2025,Regular Season - 13,2025-12-06T15:30:00+00:00,Santa Clara,Casa Pia,1,2026-10-07T05:32:56Z,CAPTURED,2,2,
1396352,/fixtures/lineups,Portugal,94,Primeira Liga,2025,Regular Season - 13,2025-12-07T20:30:00+00:00,Tondela,FC Porto,1,2026-10-07T05:32:56Z,CAPTURED,2,2,
1396353,/fixtures/lineups,Portugal,94,Primeira Liga,2025,Regular Season - 13,2025-12-08T20:30:00+00:00,Vitória SC,GIL Vicente,1,2026-10-07T05:32:56Z,CAPTURED,2,2,
1396354,/fixtures/lineups,Portugal,94,Primeira Liga,2025,Regular Season - 14,2025-12-14T20:30:00+00:00,Arouca,Alverca,1,2026-10-07T05:32:56Z,CAPTURED,2,2,
1396355,/fixtures/lineups,Portugal,94,Primeira Liga,2025,Regular Season - 14,2025-12-15T18:45:00+00:00,SC Braga,Santa Clara,1,2026-10-07T05:32:56Z,CAPTURED,2,2,
1396356,/fixtures/lineups,Portugal,94,Primeira Liga,2025,Regular Season - 14,2025-12-13T15:30:00+00:00,Casa Pia,GIL Vicente,1,2026-10-07T05:32:56Z,CAPTURED,2,2,
1396357,/fixtures/lineups,Portugal,94,Primeira Liga,2025,Regular Season - 14,2025-12-14T15:30:00+00:00,Famalicao,Estoril,1,2026-10-07T05:32:56Z,CAPTURED,2,2,
1396358,/fixtures/lineups,Portugal,94,Primeira Liga,2025,Regular Season - 14,2025-12-15T20:45:00+00:00,FC Porto,Estrela,1,2026-10-07T05:32:56Z,CAPTURED,2,2,
1396359,/fixtures/lineups,Portugal,94,Primeira Liga,2025,Regular Season - 14,2025-12-14T18:00:00+00:00,Moreirense,Benfica,1,2026-10-07T05:32:56Z,CAPTURED,2,2,
1396360,/fixtures/lineups,Portugal,94,Primeira Liga,2025,Regular Season - 14,2025-12-15T17:30:00+00:00,Nacional,Tondela,1,2026-10-07T05:32:56Z,CAPTURED,2,2,
1396361,/fixtures/lineups,Portugal,94,Primeira Liga,2025,Regular Season - 14,2025-12-13T18:00:00+00:00,Rio Ave,Vitória SC,1,2026-10-07T05:32:56Z,CAPTURED,2,2,
1396362,/fixtures/lineups,Portugal,94,Primeira Liga,2025,Regular Season - 14,2025-12-13T20:30:00+00:00,Sporting CP,AVS,1,2026-10-07T05:32:56Z,CAPTURED,2,2,
1396363,/fixtures/lineups,Portugal,94,Primeira Liga,2025,Regular Season - 15,2025-12-21T15:30:00+00:00,AVS,Nacional,1,2026-10-07T05:32:56Z,CAPTURED,2,2,
1396364,/fixtures/lineups,Portugal,94,Primeira Liga,2025,Regular Season - 15,2025-12-22T18:45:00+00:00,Alverca,FC Porto,1,2026-10-07T05:32:56Z,CAPTURED,2,2,
1396365,/fixtures/lineups,Portugal,94,Primeira Liga,2025,Regular Season - 15,2025-12-20T20:30:00+00:00,Estrela,Moreirense,1,2026-10-07T05:32:56Z,CAPTURED,2,2,
1396366,/fixtures/lineups,Portugal,94,Primeira Liga,2025,Regular Season - 15,2025-12-20T18:00:00+00:00,GIL Vicente,Rio Ave,1,2026-10-07T05:32:56Z,CAPTURED,2,2,
1396367,/fixtures/lineups,Portugal,94,Primeira Liga,2025,Regular Season - 15,2025-12-21T20:30:00+00:00,Santa Clara,Arouca,1,2026-10-07T05:32:56Z,CAPTURED,2,2,
1396368,/fixtures/lineups,Portugal,94,Primeira Liga,2025,Regular Season - 15,2025-12-21T18:00:00+00:00,Tondela,Casa Pia,1,2026-10-07T05:32:56Z,CAPTURED,2,2,
1396369,/fixtures/lineups,Portugal,94,Primeira Liga,2025,Regular Season - 15,2025-12-23T20:45:00+00:00,Vitória SC,Sporting CP,1,2026-10-07T05:32:56Z,CAPTURED,2,2,
1396370,/fixtures/lineups,Portugal,94,Primeira Liga,2025,Regular Season - 15,2025-12-22T20:45:00+00:00,Benfica,Famalicao,1,2026-10-07T05:32:56Z,CAPTURED,2,2,
1396371,/fixtures/lineups,Portugal,94,Primeira Liga,2025,Regular Season - 15,2025-12-19T20:15:00+00:00,Estoril,SC Braga,1,2026-10-07T05:32:56Z,CAPTURED,2,2,
1396372,/fixtures/lineups,Portugal,94,Primeira Liga,2025,Regular Season - 16,2025-12-28T15:30:00+00:00,Arouca,GIL Vicente,1,2026-10-07T05:32:56Z,CAPTURED,2,2,
1396375,/fixtures/lineups,Portugal,94,Primeira Liga,2025,Regular Season - 16,2025-12-27T20:30:00+00:00,Estoril,Alverca,1,2026-10-07T05:32:56Z,CAPTURED,2,2,
1396376,/fixtures/lineups,Portugal,94,Primeira Liga,2025,Regular Season - 16,2025-12-27T18:00:00+00:00,Famalicao,Estrela,1,2026-10-07T05:32:56Z,CAPTURED,2,2,
1396373,/fixtures/lineups,Portugal,94,Primeira Liga,2025,Regular Season - 16,2025-12-28T18:00:00+00:00,SC Braga,Benfica,1,2026-10-07T09:34:21Z,CAPTURED,2,2,
1396374,/fixtures/lineups,Portugal,94,Primeira Liga,2025,Regular Season - 16,2025-12-28T15:30:00+00:00,Casa Pia,Vitória SC,1,2026-10-07T09:34:21Z,CAPTURED,2,2,
1396377,/fixtures/lineups,Portugal,94,Primeira Liga,2025,Regular Season - 16,2025-12-29T20:15:00+00:00,FC Porto,AVS,1,2026-10-07T09:34:21Z,CAPTURED,2,2,
1396378,/fixtures/lineups,Portugal,94,Primeira Liga,2025,Regular Season - 16,2026-01-11T18:00:00+00:00,Moreirense,Tondela,1,2026-10-07T09:34:21Z,CAPTURED,2,2,
1396379,/fixtures/lineups,Portugal,94,Primeira Liga,2025,Regular Season - 16,2026-01-11T15:30:00+00:00,Nacional,Santa Clara,1,2026-10-07T09:34:21Z,CAPTURED,2,2,
1396380,/fixtures/lineups,Portugal,94,Primeira Liga,2025,Regular Season - 16,2025-12-28T20:30:00+00:00,Sporting CP,Rio Ave,1,2026-10-07T09:34:21Z,CAPTURED,2,2,
1396381,/fixtures/lineups,Portugal,94,Primeira Liga,2025,Regular Season - 17,2026-01-03T20:30:00+00:00,AVS,Moreirense,1,2026-10-07T09:34:21Z,CAPTURED,2,2,
1396382,/fixtures/lineups,Portugal,94,Primeira Liga,2025,Regular Season - 17,2026-01-04T20:30:00+00:00,Alverca,Famalicao,1,2026-10-07T09:34:21Z,CAPTURED,2,2,
1396383,/fixtures/lineups,Portugal,94,Primeira Liga,2025,Regular Season - 17,2026-01-03T18:00:00+00:00,Benfica,Estoril,1,2026-10-07T09:34:21Z,CAPTURED,2,2,
1396384,/fixtures/lineups,Portugal,94,Primeira Liga,2025,Regular Season - 17,2026-01-03T18:00:00+00:00,Estrela,SC Braga,1,2026-10-07T09:34:21Z,CAPTURED,2,2,
1396385,/fixtures/lineups,Portugal,94,Primeira Liga,2025,Regular Season - 17,2026-01-02T18:45:00+00:00,GIL Vicente,Sporting CP,1,2026-10-07T09:34:21Z,CAPTURED,2,2,
1396386,/fixtures/lineups,Portugal,94,Primeira Liga,2025,Regular Season - 17,2026-01-04T15:30:00+00:00,Rio Ave,Casa Pia,1,2026-10-07T09:34:21Z,CAPTURED,2,2,
1396387,/fixtures/lineups,Portugal,94,Primeira Liga,2025,Regular Season - 17,2026-01-04T18:00:00+00:00,Santa Clara,FC Porto,1,2026-10-07T09:34:21Z,CAPTURED,2,2,
1396388,/fixtures/lineups,Portugal,94,Primeira Liga,2025,Regular Season - 17,2026-01-03T15:30:00+00:00,Tondela,Arouca,1,2026-10-07T09:34:21Z,CAPTURED,2,2,
1396389,/fixtures/lineups,Portugal,94,Primeira Liga,2025,Regular Season - 17,2026-01-02T20:45:00+00:00,Vitória SC,Nacional,1,2026-10-07T09:34:21Z,CAPTURED,2,2,
1396390,/fixtures/lineups,Portugal,94,Primeira Liga,2025,Regular Season - 18,2026-01-17T18:00:00+00:00,AVS,Arouca,1,2026-10-07T09:34:21Z,CAPTURED,2,2,
1396391,/fixtures/lineups,Portugal,94,Primeira Liga,2025,Regular Season - 18,2026-01-17T18:00:00+00:00,Alverca,Moreirense,1,2026-10-07T09:34:21Z,CAPTURED,2,2,
1396392,/fixtures/lineups,Portugal,94,Primeira Liga,2025,Regular Season - 18,2026-01-19T20:15:00+00:00,Estrela,Estoril,1,2026-10-07T09:34:21Z,CAPTURED,2,2,
1396393,/fixtures/lineups,Portugal,94,Primeira Liga,2025,Regular Season - 18,2026-01-17T15:30:00+00:00,GIL Vicente,Nacional,1,2026-10-07T09:34:21Z,CAPTURED,2,2,
1396394,/fixtures/lineups,Portugal,94,Primeira Liga,2025,Regular Season - 18,2026-01-17T20:30:00+00:00,Rio Ave,Benfica,1,2026-10-07T09:34:21Z,CAPTURED,2,2,
1396395,/fixtures/lineups,Portugal,94,Primeira Liga,2025,Regular Season - 18,2026-01-18T15:30:00+00:00,Santa Clara,Famalicao,1,2026-10-07T09:34:21Z,CAPTURED,2,2,
1396396,/fixtures/lineups,Portugal,94,Primeira Liga,2025,Regular Season - 18,2026-01-16T20:15:00+00:00,Sporting CP,Casa Pia,1,2026-10-07T09:34:21Z,CAPTURED,2,2,
1396397,/fixtures/lineups,Portugal,94,Primeira Liga,2025,Regular Season - 18,2026-01-18T18:00:00+00:00,Tondela,SC Braga,1,2026-10-07T09:34:21Z,CAPTURED,2,2,
1396398,/fixtures/lineups,Portugal,94,Primeira Liga,2025,Regular Season - 18,2026-01-18T20:30:00+00:00,Vitória SC,FC Porto,1,2026-10-07T09:34:21Z,CAPTURED,2,2,
1396399,/fixtures/lineups,Portugal,94,Primeira Liga,2025,Regular Season - 19,2026-01-24T18:00:00+00:00,Arouca,Sporting CP,1,2026-10-07T09:34:21Z,CAPTURED,2,2,
1396400,/fixtures/lineups,Portugal,94,Primeira Liga,2025,Regular Season - 19,2026-01-25T18:00:00+00:00,Benfica,Estrela,1,2026-10-07T09:34:21Z,CAPTURED,2,2,
1396401,/fixtures/lineups,Portugal,94,Primeira Liga,2025,Regular Season - 19,2026-01-25T20:30:00+00:00,SC Braga,Alverca,1,2026-10-07T09:34:21Z,CAPTURED,2,2,
1396402,/fixtures/lineups,Portugal,94,Primeira Liga,2025,Regular Season - 19,2026-01-23T20:15:00+00:00,Casa Pia,AVS,1,2026-10-07T09:34:21Z,CAPTURED,2,2,
1396403,/fixtures/lineups,Portugal,94,Primeira Liga,2025,Regular Season - 19,2026-01-24T20:30:00+00:00,Estoril,Vitória SC,1,2026-10-07T09:34:21Z,CAPTURED,2,2,
1396404,/fixtures/lineups,Portugal,94,Primeira Liga,2025,Regular Season - 19,2026-01-25T18:00:00+00:00,Famalicao,Tondela,1,2026-10-07T09:34:21Z,CAPTURED,2,2,
1396405,/fixtures/lineups,Portugal,94,Primeira Liga,2025,Regular Season - 19,2026-01-26T20:15:00+00:00,FC Porto,GIL Vicente,1,2026-10-07T09:34:21Z,CAPTURED,2,2,
1396406,/fixtures/lineups,Portugal,94,Primeira Liga,2025,Regular Season - 19,2026-01-24T15:30:00+00:00,Moreirense,Santa Clara,1,2026-10-07T09:34:21Z,CAPTURED,2,2,
1396407,/fixtures/lineups,Portugal,94,Primeira Liga,2025,Regular Season - 19,2026-01-25T15:30:00+00:00,Nacional,Rio Ave,1,2026-10-07T09:34:21Z,CAPTURED,2,2,
1396408,/fixtures/lineups,Portugal,94,Primeira Liga,2025,Regular Season - 20,2026-02-02T18:45:00+00:00,AVS,SC Braga,1,2026-10-07T09:34:21Z,CAPTURED,2,2,
1396409,/fixtures/lineups,Portugal,94,Primeira Liga,2025,Regular Season - 20,2026-01-31T20:30:00+00:00,Alverca,Estrela,1,2026-10-07T09:34:21Z,CAPTURED,2,2,
1396410,/fixtures/lineups,Portugal,94,Primeira Liga,2025,Regular Season - 20,2026-02-02T20:45:00+00:00,Casa Pia,FC Porto,1,2026-10-07T09:34:21Z,CAPTURED,2,2,
1396411,/fixtures/lineups,Portugal,94,Primeira Liga,2025,Regular Season - 20,2026-02-01T15:30:00+00:00,GIL Vicente,Famalicao,1,2026-10-07T09:34:21Z,CAPTURED,2,2,
1396412,/fixtures/lineups,Portugal,94,Primeira Liga,2025,Regular Season - 20,2026-01-31T18:00:00+00:00,Rio Ave,Arouca,1,2026-10-07T09:34:21Z,CAPTURED,2,2,
1396413,/fixtures/lineups,Portugal,94,Primeira Liga,2025,Regular Season - 20,2026-01-31T15:30:00+00:00,Santa Clara,Estoril,1,2026-10-07T09:34:21Z,CAPTURED,2,2,
1396414,/fixtures/lineups,Portugal,94,Primeira Liga,2025,Regular Season - 20,2026-02-01T18:00:00+00:00,Sporting CP,Nacional,1,2026-10-07T09:34:21Z,CAPTURED,2,2,
1396415,/fixtures/lineups,Portugal,94,Primeira Liga,2025,Regular Season - 20,2026-02-01T20:30:00+00:00,Tondela,Benfica,1,2026-10-07T09:34:21Z,CAPTURED,2,2,
1396416,/fixtures/lineups,Portugal,94,Primeira Liga,2025,Regular Season - 20,2026-01-30T20:45:00+00:00,Vitória SC,Moreirense,1,2026-10-07T09:34:21Z,CAPTURED,2,2,
1396417,/fixtures/lineups,Portugal,94,Primeira Liga,2025,Regular Season - 21,2026-02-07T20:30:00+00:00,Arouca,Vitória SC,1,2026-10-07T09:34:21Z,CAPTURED,2,2,
1396418,/fixtures/lineups,Portugal,94,Primeira Liga,2025,Regular Season - 21,2026-02-08T20:30:00+00:00,Benfica,Alverca,1,2026-10-07T09:34:21Z,CAPTURED,2,2,
1396419,/fixtures/lineups,Portugal,94,Primeira Liga,2025,Regular Season - 21,2026-02-08T18:00:00+00:00,SC Braga,Rio Ave,1,2026-10-07T09:34:21Z,CAPTURED,2,2,
1396420,/fixtures/lineups,Portugal,94,Primeira Liga,2025,Regular Season - 21,2026-02-07T18:00:00+00:00,Estoril,Tondela,1,2026-10-07T09:34:21Z,CAPTURED,2,2,
1396421,/fixtures/lineups,Portugal,94,Primeira Liga,2025,Regular Season - 21,2026-02-07T15:30:00+00:00,Estrela,Santa Clara,1,2026-10-07T09:34:21Z,CAPTURED,2,2,
1396422,/fixtures/lineups,Portugal,94,Primeira Liga,2025,Regular Season - 21,2026-02-09T18:45:00+00:00,Famalicao,AVS,1,2026-10-07T09:34:21Z,CAPTURED,2,2,
1396424,/fixtures/lineups,Portugal,94,Primeira Liga,2025,Regular Season - 21,2026-02-07T15:30:00+00:00,Moreirense,GIL Vicente,1,2026-10-07T09:34:21Z,CAPTURED,2,2,
1396425,/fixtures/lineups,Portugal,94,Primeira Liga,2025,Regular Season - 21,2026-02-08T15:30:00+00:00,Nacional,Casa Pia,1,2026-10-07T09:34:21Z,CAPTURED,2,2,
1396423,/fixtures/lineups,Portugal,94,Primeira Liga,2025,Regular Season - 21,2026-02-09T20:45:00+00:00,FC Porto,Sporting CP,1,2026-10-07T13:35:36Z,CAPTURED,2,2,
1396426,/fixtures/lineups,Portugal,94,Primeira Liga,2025,Regular Season - 22,2026-02-15T18:00:00+00:00,AVS,Estoril,1,2026-10-07T13:35:36Z,CAPTURED,2,2,
1396427,/fixtures/lineups,Portugal,94,Primeira Liga,2025,Regular Season - 22,2026-02-14T15:30:00+00:00,Casa Pia,Arouca,1,2026-10-07T13:35:36Z,CAPTURED,2,2,
1396428,/fixtures/lineups,Portugal,94,Primeira Liga,2025,Regular Season - 22,2026-02-14T20:30:00+00:00,GIL Vicente,SC Braga,1,2026-10-07T13:35:36Z,CAPTURED,2,2,
1396429,/fixtures/lineups,Portugal,94,Primeira Liga,2025,Regular Season - 22,2026-02-15T15:30:00+00:00,Nacional,FC Porto,1,2026-10-07T13:35:36Z,CAPTURED,2,2,
1396430,/fixtures/lineups,Portugal,94,Primeira Liga,2025,Regular Season - 22,2026-02-16T20:15:00+00:00,Rio Ave,Moreirense,1,2026-10-07T13:35:36Z,CAPTURED,2,2,
1396431,/fixtures/lineups,Portugal,94,Primeira Liga,2025,Regular Season - 22,2026-02-13T18:30:00+00:00,Santa Clara,Benfica,1,2026-10-07T13:35:36Z,CAPTURED,2,2,
1396432,/fixtures/lineups,Portugal,94,Primeira Liga,2025,Regular Season - 22,2026-02-15T20:30:00+00:00,Sporting CP,Famalicao,1,2026-10-07T13:35:36Z,CAPTURED,2,2,
1396433,/fixtures/lineups,Portugal,94,Primeira Liga,2025,Regular Season - 22,2026-02-13T20:45:00+00:00,Tondela,Alverca,1,2026-10-07T13:35:36Z,CAPTURED,2,2,
1396434,/fixtures/lineups,Portugal,94,Primeira Liga,2025,Regular Season - 22,2026-02-14T18:00:00+00:00,Vitória SC,Estrela,1,2026-10-07T13:35:36Z,CAPTURED,2,2,
1396435,/fixtures/lineups,Portugal,94,Primeira Liga,2025,Regular Season - 23,2026-02-21T15:30:00+00:00,Alverca,Santa Clara,1,2026-10-07T13:35:36Z,CAPTURED,2,2,
1396436,/fixtures/lineups,Portugal,94,Primeira Liga,2025,Regular Season - 23,2026-02-21T15:30:00+00:00,Arouca,Nacional,1,2026-10-07T13:35:36Z,CAPTURED,2,2,
1396437,/fixtures/lineups,Portugal,94,Primeira Liga,2025,Regular Season - 23,2026-02-21T18:00:00+00:00,Benfica,AVS,1,2026-10-07T13:35:36Z,CAPTURED,2,2,
1396438,/fixtures/lineups,Portugal,94,Primeira Liga,2025,Regular Season - 23,2026-02-21T20:30:00+00:00,SC Braga,Vitória SC,1,2026-10-07T13:35:36Z,CAPTURED,2,2,
1396439,/fixtures/lineups,Portugal,94,Primeira Liga,2025,Regular Season - 23,2026-02-22T18:00:00+00:00,Estoril,GIL Vicente,1,2026-10-07T13:35:36Z,CAPTURED,2,2,
1396440,/fixtures/lineups,Portugal,94,Primeira Liga,2025,Regular Season - 23,2026-02-20T20:45:00+00:00,Estrela,Tondela,1,2026-10-07T13:35:36Z,CAPTURED,2,2,
1396441,/fixtures/lineups,Portugal,94,Primeira Liga,2025,Regular Season - 23,2026-02-23T20:15:00+00:00,Famalicao,Casa Pia,1,2026-10-07T13:35:36Z,CAPTURED,2,2,
1396442,/fixtures/lineups,Portugal,94,Primeira Liga,2025,Regular Season - 23,2026-02-22T20:30:00+00:00,FC Porto,Rio Ave,1,2026-10-07T13:35:36Z,CAPTURED,2,2,
1396443,/fixtures/lineups,Portugal,94,Primeira Liga,2025,Regular Season - 23,2026-02-21T18:00:00+00:00,Moreirense,Sporting CP,1,2026-10-07T13:35:36Z,CAPTURED,2,2,
1396444,/fixtures/lineups,Portugal,94,Primeira Liga,2025,Regular Season - 24,2026-02-28T15:30:00+00:00,AVS,Estrela,1,2026-10-07T13:35:36Z,CAPTURED,2,2,
1396445,/fixtures/lineups,Portugal,94,Primeira Liga,2025,Regular Season - 24,2026-03-01T18:00:00+00:00,Casa Pia,Moreirense,1,2026-10-07T13:35:36Z,CAPTURED,2,2,
1396446,/fixtures/lineups,Portugal,94,Primeira Liga,2025,Regular Season - 24,2026-02-27T18:45:00+00:00,FC Porto,Arouca,1,2026-10-07T13:35:36Z,CAPTURED,2,2,
1396447,/fixtures/lineups,Portugal,94,Primeira Liga,2025,Regular Season - 24,2026-03-02T20:15:00+00:00,GIL Vicente,Benfica,1,2026-10-07T13:35:36Z,CAPTURED,2,2,
1396448,/fixtures/lineups,Portugal,94,Primeira Liga,2025,Regular Season - 24,2026-02-28T18:00:00+00:00,Nacional,SC Braga,1,2026-10-07T13:35:36Z,CAPTURED,2,2,
1396449,/fixtures/lineups,Portugal,94,Primeira Liga,2025,Regular Season - 24,2026-03-01T20:30:00+00:00,Rio Ave,Famalicao,1,2026-10-07T13:35:36Z,CAPTURED,2,2,
1396450,/fixtures/lineups,Portugal,94,Primeira Liga,2025,Regular Season - 24,2026-02-27T20:45:00+00:00,Sporting CP,Estoril,1,2026-10-07T13:35:36Z,CAPTURED,2,2,
1396451,/fixtures/lineups,Portugal,94,Primeira Liga,2025,Regular Season - 24,2026-03-01T15:30:00+00:00,Tondela,Santa Clara,1,2026-10-07T13:35:36Z,CAPTURED,2,2,
1396452,/fixtures/lineups,Portugal,94,Primeira Liga,2025,Regular Season - 24,2026-02-28T20:30:00+00:00,Vitória SC,Alverca,1,2026-10-07T13:35:36Z,CAPTURED,2,2,
1396453,/fixtures/lineups,Portugal,94,Primeira Liga,2025,Regular Season - 25,2026-03-07T15:30:00+00:00,Alverca,AVS,1,2026-10-07T13:35:36Z,CAPTURED,2,2,
1396454,/fixtures/lineups,Portugal,94,Primeira Liga,2025,Regular Season - 25,2026-03-08T18:00:00+00:00,Benfica,FC Porto,1,2026-10-07T13:35:36Z,CAPTURED,2,2,
1396455,/fixtures/lineups,Portugal,94,Primeira Liga,2025,Regular Season - 25,2026-03-07T18:00:00+00:00,SC Braga,Sporting CP,1,2026-10-07T13:35:36Z,CAPTURED,2,2,
1396456,/fixtures/lineups,Portugal,94,Primeira Liga,2025,Regular Season - 25,2026-03-07T20:30:00+00:00,Estoril,Casa Pia,1,2026-10-07T13:35:36Z,CAPTURED,2,2,
1396457,/fixtures/lineups,Portugal,94,Primeira Liga,2025,Regular Season - 25,2026-03-08T15:30:00+00:00,Estrela,GIL Vicente,1,2026-10-07T13:35:36Z,CAPTURED,2,2,
1396458,/fixtures/lineups,Portugal,94,Primeira Liga,2025,Regular Season - 25,2026-03-06T20:15:00+00:00,Famalicao,Arouca,1,2026-10-07T13:35:36Z,CAPTURED,2,2,
1396459,/fixtures/lineups,Portugal,94,Primeira Liga,2025,Regular Season - 25,2026-03-07T15:30:00+00:00,Moreirense,Nacional,1,2026-10-07T13:35:36Z,CAPTURED,2,2,
1396460,/fixtures/lineups,Portugal,94,Primeira Liga,2025,Regular Season - 25,2026-03-08T20:30:00+00:00,Santa Clara,Vitória SC,1,2026-10-07T13:35:36Z,CAPTURED,2,2,
1396461,/fixtures/lineups,Portugal,94,Primeira Liga,2025,Regular Season - 25,2026-03-09T20:15:00+00:00,Tondela,Rio Ave,1,2026-10-07T13:35:36Z,CAPTURED,2,2,
1396462,/fixtures/lineups,Portugal,94,Primeira Liga,2025,Regular Season - 26,2026-03-15T15:30:00+00:00,AVS,Santa Clara,1,2026-10-07T13:35:36Z,CAPTURED,2,2,
1396463,/fixtures/lineups,Portugal,94,Primeira Liga,2025,Regular Season - 26,2026-03-14T20:30:00+00:00,Arouca,Benfica,1,2026-10-07T13:35:36Z,CAPTURED,2,2,
1396465,/fixtures/lineups,Portugal,94,Primeira Liga,2025,Regular Season - 26,2026-03-15T20:30:00+00:00,FC Porto,Moreirense,1,2026-10-07T13:35:36Z,CAPTURED,2,2,
1396466,/fixtures/lineups,Portugal,94,Primeira Liga,2025,Regular Season - 26,2026-03-14T18:00:00+00:00,GIL Vicente,Alverca,1,2026-10-07T13:35:36Z,CAPTURED,2,2,
1396467,/fixtures/lineups,Portugal,94,Primeira Liga,2025,Regular Season - 26,2026-03-15T15:30:00+00:00,Nacional,Estoril,1,2026-10-07T13:35:36Z,CAPTURED,2,2,
1396468,/fixtures/lineups,Portugal,94,Primeira Liga,2025,Regular Season - 26,2026-03-15T18:00:00+00:00,Rio Ave,Estrela,1,2026-10-07T13:35:36Z,CAPTURED,2,2,
1396470,/fixtures/lineups,Portugal,94,Primeira Liga,2025,Regular Season - 26,2026-03-14T15:30:00+00:00,Vitória SC,Famalicao,1,2026-10-07T13:35:36Z,CAPTURED,2,2,
1396472,/fixtures/lineups,Portugal,94,Primeira Liga,2025,Regular Season - 27,2026-03-21T18:00:00+00:00,Benfica,Vitória SC,1,2026-10-07T13:35:36Z,CAPTURED,2,2,
1396475,/fixtures/lineups,Portugal,94,Primeira Liga,2025,Regular Season - 27,2026-03-20T20:15:00+00:00,Estrela,Casa Pia,1,2026-10-07T13:35:36Z,CAPTURED,2,2,
1396476,/fixtures/lineups,Portugal,94,Primeira Liga,2025,Regular Season - 27,2026-03-21T15:30:00+00:00,Famalicao,Nacional,1,2026-10-07T13:35:36Z,CAPTURED,2,2,
1396477,/fixtures/lineups,Portugal,94,Primeira Liga,2025,Regular Season - 27,2026-03-21T15:30:00+00:00,Moreirense,Arouca,1,2026-10-07T13:35:36Z,CAPTURED,2,2,
1396478,/fixtures/lineups,Portugal,94,Primeira Liga,2025,Regular Season - 27,2026-03-21T18:00:00+00:00,Santa Clara,GIL Vicente,1,2026-10-07T13:35:36Z,CAPTURED,2,2,
1396479,/fixtures/lineups,Portugal,94,Primeira Liga,2025,Regular Season - 27,2026-03-21T20:30:00+00:00,Tondela,AVS,1,2026-10-07T13:35:36Z,CAPTURED,2,2,
1396464,/fixtures/lineups,Portugal,94,Primeira Liga,2025,Regular Season - 26,2026-04-23T18:00:00+00:00,Casa Pia,SC Braga,1,2026-10-07T17:34:36Z,CAPTURED,2,2,
1396469,/fixtures/lineups,Portugal,94,Primeira Liga,2025,Regular Season - 26,2026-04-29T19:15:00+00:00,Sporting CP,Tondela,1,2026-10-07T17:34:36Z,CAPTURED,2,2,
1396471,/fixtures/lineups,Portugal,94,Primeira Liga,2025,Regular Season - 27,2026-03-22T18:00:00+00:00,Alverca,Sporting CP,1,2026-10-07T17:34:36Z,CAPTURED,2,2,
1396473,/fixtures/lineups,Portugal,94,Primeira Liga,2025,Regular Season - 27,2026-03-22T20:30:00+00:00,SC Braga,FC Porto,1,2026-10-07T17:34:36Z,CAPTURED,2,2,
1396474,/fixtures/lineups,Portugal,94,Primeira Liga,2025,Regular Season - 27,2026-03-22T15:30:00+00:00,Estoril,Rio Ave,1,2026-10-07T17:34:36Z,CAPTURED,2,2,
1396480,/fixtures/lineups,Portugal,94,Primeira Liga,2025,Regular Season - 28,2026-04-06T17:45:00+00:00,Arouca,Estoril,1,2026-10-07T17:34:36Z,CAPTURED,2,2,
1396481,/fixtures/lineups,Portugal,94,Primeira Liga,2025,Regular Season - 28,2026-04-06T19:45:00+00:00,Casa Pia,Benfica,1,2026-10-07T17:34:36Z,CAPTURED,2,2,
1396482,/fixtures/lineups,Portugal,94,Primeira Liga,2025,Regular Season - 28,2026-04-04T19:30:00+00:00,FC Porto,Famalicao,1,2026-10-07T17:34:36Z,CAPTURED,2,2,
1396483,/fixtures/lineups,Portugal,94,Primeira Liga,2025,Regular Season - 28,2026-04-03T14:30:00+00:00,GIL Vicente,AVS,1,2026-10-07T17:34:36Z,CAPTURED,2,2,
1396484,/fixtures/lineups,Portugal,94,Primeira Liga,2025,Regular Season - 28,2026-04-04T17:00:00+00:00,Moreirense,SC Braga,1,2026-10-07T17:34:36Z,CAPTURED,2,2,
1396485,/fixtures/lineups,Portugal,94,Primeira Liga,2025,Regular Season - 28,2026-04-04T14:30:00+00:00,Nacional,Estrela,1,2026-10-07T17:34:36Z,CAPTURED,2,2,
1396486,/fixtures/lineups,Portugal,94,Primeira Liga,2025,Regular Season - 28,2026-04-04T17:00:00+00:00,Rio Ave,Alverca,1,2026-10-07T17:34:36Z,CAPTURED,2,2,
1396487,/fixtures/lineups,Portugal,94,Primeira Liga,2025,Regular Season - 28,2026-04-03T19:30:00+00:00,Sporting CP,Santa Clara,1,2026-10-07T17:34:36Z,CAPTURED,2,2,
1396488,/fixtures/lineups,Portugal,94,Primeira Liga,2025,Regular Season - 28,2026-04-03T17:00:00+00:00,Vitória SC,Tondela,1,2026-10-07T17:34:36Z,CAPTURED,2,2,
1396489,/fixtures/lineups,Portugal,94,Primeira Liga,2025,Regular Season - 29,2026-04-11T14:30:00+00:00,AVS,Vitória SC,1,2026-10-07T17:34:36Z,CAPTURED,2,2,
1396490,/fixtures/lineups,Portugal,94,Primeira Liga,2025,Regular Season - 29,2026-04-12T14:30:00+00:00,Alverca,Casa Pia,1,2026-10-07T17:34:36Z,CAPTURED,2,2,
1396491,/fixtures/lineups,Portugal,94,Primeira Liga,2025,Regular Season - 29,2026-04-12T17:00:00+00:00,Benfica,Nacional,1,2026-10-07T17:34:36Z,CAPTURED,2,2,
1396492,/fixtures/lineups,Portugal,94,Primeira Liga,2025,Regular Season - 29,2026-04-12T17:00:00+00:00,SC Braga,Arouca,1,2026-10-07T17:34:36Z,CAPTURED,2,2,
1396493,/fixtures/lineups,Portugal,94,Primeira Liga,2025,Regular Season - 29,2026-04-12T19:30:00+00:00,Estoril,FC Porto,1,2026-10-07T17:34:36Z,CAPTURED,2,2,
1396494,/fixtures/lineups,Portugal,94,Primeira Liga,2025,Regular Season - 29,2026-04-11T19:30:00+00:00,Estrela,Sporting CP,1,2026-10-07T17:34:36Z,CAPTURED,2,2,
1396495,/fixtures/lineups,Portugal,94,Primeira Liga,2025,Regular Season - 29,2026-04-10T19:45:00+00:00,Famalicao,Moreirense,1,2026-10-07T17:34:36Z,CAPTURED,2,2,
1396496,/fixtures/lineups,Portugal,94,Primeira Liga,2025,Regular Season - 29,2026-04-11T17:00:00+00:00,Santa Clara,Rio Ave,1,2026-10-07T17:34:36Z,CAPTURED,2,2,
1396497,/fixtures/lineups,Portugal,94,Primeira Liga,2025,Regular Season - 29,2026-04-13T19:15:00+00:00,Tondela,GIL Vicente,1,2026-10-07T17:34:36Z,CAPTURED,2,2,
1396498,/fixtures/lineups,Portugal,94,Primeira Liga,2025,Regular Season - 30,2026-04-19T14:30:00+00:00,Arouca,Estrela,1,2026-10-07T17:34:36Z,CAPTURED,2,2,
1396499,/fixtures/lineups,Portugal,94,Primeira Liga,2025,Regular Season - 30,2026-04-19T19:30:00+00:00,SC Braga,Famalicao,1,2026-10-07T17:34:36Z,CAPTURED,2,2,
1396500,/fixtures/lineups,Portugal,94,Primeira Liga,2025,Regular Season - 30,2026-04-18T17:00:00+00:00,Casa Pia,Santa Clara,1,2026-10-07T17:34:36Z,CAPTURED,2,2,
1396501,/fixtures/lineups,Portugal,94,Primeira Liga,2025,Regular Season - 30,2026-04-19T19:30:00+00:00,FC Porto,Tondela,1,2026-10-07T17:34:36Z,CAPTURED,2,2,
1396502,/fixtures/lineups,Portugal,94,Primeira Liga,2025,Regular Season - 30,2026-04-18T19:30:00+00:00,GIL Vicente,Vitória SC,1,2026-10-07T17:34:36Z,CAPTURED,2,2,
1396503,/fixtures/lineups,Portugal,94,Primeira Liga,2025,Regular Season - 30,2026-04-20T19:15:00+00:00,Moreirense,Estoril,1,2026-10-07T17:34:36Z,CAPTURED,2,2,
1396504,/fixtures/lineups,Portugal,94,Primeira Liga,2025,Regular Season - 30,2026-04-18T14:30:00+00:00,Nacional,Alverca,1,2026-10-07T17:34:36Z,CAPTURED,2,2,
1396505,/fixtures/lineups,Portugal,94,Primeira Liga,2025,Regular Season - 30,2026-04-17T19:45:00+00:00,Rio Ave,AVS,1,2026-10-07T17:34:36Z,CAPTURED,2,2,
1396506,/fixtures/lineups,Portugal,94,Primeira Liga,2025,Regular Season - 30,2026-04-19T17:15:00+00:00,Sporting CP,Benfica,1,2026-10-07T17:34:36Z,CAPTURED,2,2,
1396507,/fixtures/lineups,Portugal,94,Primeira Liga,2025,Regular Season - 31,2026-04-26T19:30:00+00:00,AVS,Sporting CP,1,2026-10-07T17:34:36Z,CAPTURED,2,2,
1396508,/fixtures/lineups,Portugal,94,Primeira Liga,2025,Regular Season - 31,2026-04-24T19:15:00+00:00,Alverca,Arouca,1,2026-10-07T17:34:36Z,CAPTURED,2,2,
1396509,/fixtures/lineups,Portugal,94,Primeira Liga,2025,Regular Season - 31,2026-04-25T17:00:00+00:00,Benfica,Moreirense,1,2026-10-07T17:34:36Z,CAPTURED,2,2,
1396510,/fixtures/lineups,Portugal,94,Primeira Liga,2025,Regular Season - 31,2026-04-26T14:30:00+00:00,Estoril,Famalicao,1,2026-10-07T17:34:36Z,CAPTURED,2,2,
1396511,/fixtures/lineups,Portugal,94,Primeira Liga,2025,Regular Season - 31,2026-04-26T17:00:00+00:00,Estrela,FC Porto,1,2026-10-07T17:34:36Z,CAPTURED,2,2,
1396512,/fixtures/lineups,Portugal,94,Primeira Liga,2025,Regular Season - 31,2026-04-27T19:15:00+00:00,GIL Vicente,Casa Pia,1,2026-10-07T17:34:36Z,CAPTURED,2,2,
1396513,/fixtures/lineups,Portugal,94,Primeira Liga,2025,Regular Season - 31,2026-04-26T17:00:00+00:00,Santa Clara,SC Braga,1,2026-10-07T17:34:36Z,CAPTURED,2,2,
1396514,/fixtures/lineups,Portugal,94,Primeira Liga,2025,Regular Season - 31,2026-04-25T14:30:00+00:00,Tondela,Nacional,1,2026-10-07T17:34:36Z,CAPTURED,2,2,
1396515,/fixtures/lineups,Portugal,94,Primeira Liga,2025,Regular Season - 31,2026-04-25T19:30:00+00:00,Vitória SC,Rio Ave,1,2026-10-07T17:34:36Z,CAPTURED,2,2,
1396516,/fixtures/lineups,Portugal,94,Primeira Liga,2025,Regular Season - 32,2026-05-02T14:30:00+00:00,Arouca,Santa Clara,1,2026-10-07T17:34:36Z,CAPTURED,2,2,
1396517,/fixtures/lineups,Portugal,94,Primeira Liga,2025,Regular Season - 32,2026-05-03T17:00:00+00:00,SC Braga,Estoril,1,2026-10-07T17:34:36Z,CAPTURED,2,2,
1396518,/fixtures/lineups,Portugal,94,Primeira Liga,2025,Regular Season - 32,2026-05-03T14:30:00+00:00,Casa Pia,Tondela,1,2026-10-07T17:34:36Z,CAPTURED,2,2,
1396519,/fixtures/lineups,Portugal,94,Primeira Liga,2025,Regular Season - 32,2026-05-02T17:00:00+00:00,Famalicao,Benfica,1,2026-10-07T17:34:36Z,CAPTURED,2,2,
1396520,/fixtures/lineups,Portugal,94,Primeira Liga,2025,Regular Season - 32,2026-05-02T19:30:00+00:00,FC Porto,Alverca,1,2026-10-07T17:34:36Z,CAPTURED,2,2,
1396521,/fixtures/lineups,Portugal,94,Primeira Liga,2025,Regular Season - 32,2026-05-02T14:30:00+00:00,Moreirense,Estrela,1,2026-10-07T17:34:36Z,CAPTURED,2,2,
1396522,/fixtures/lineups,Portugal,94,Primeira Liga,2025,Regular Season - 32,2026-05-02T14:30:00+00:00,Nacional,AVS,1,2026-10-07T17:34:36Z,CAPTURED,2,2,
1396523,/fixtures/lineups,Portugal,94,Primeira Liga,2025,Regular Season - 32,2026-05-03T19:30:00+00:00,Rio Ave,GIL Vicente,1,2026-10-07T17:34:36Z,CAPTURED,2,2,
1396524,/fixtures/lineups,Portugal,94,Primeira Liga,2025,Regular Season - 32,2026-05-04T19:15:00+00:00,Sporting CP,Vitória SC,1,2026-10-07T17:34:36Z,CAPTURED,2,2,
1382666,/fixtures/lineups,Scotland,179,Premiership,2025,1st Phase - 1,2025-08-02T14:00:00+00:00,Kilmarnock,Livingston,1,2026-10-07T21:32:30Z,CAPTURED,2,2,
1382667,/fixtures/lineups,Scotland,179,Premiership,2025,1st Phase - 1,2025-08-02T16:30:00+00:00,Motherwell,Rangers,1,2026-10-07T21:32:30Z,CAPTURED,2,2,
1382668,/fixtures/lineups,Scotland,179,Premiership,2025,1st Phase - 1,2025-08-03T13:00:00+00:00,Falkirk,Dundee Utd,1,2026-10-07T21:32:30Z,CAPTURED,2,2,
1382669,/fixtures/lineups,Scotland,179,Premiership,2025,1st Phase - 1,2025-08-03T14:00:00+00:00,Dundee,Hibernian,1,2026-10-07T21:32:30Z,CAPTURED,2,2,
1382670,/fixtures/lineups,Scotland,179,Premiership,2025,1st Phase - 1,2025-08-03T15:30:00+00:00,Celtic,ST Mirren,1,2026-10-07T21:32:30Z,CAPTURED,2,2,
1382671,/fixtures/lineups,Scotland,179,Premiership,2025,1st Phase - 1,2025-08-04T19:00:00+00:00,Heart Of Midlothian,Aberdeen,1,2026-10-07T21:32:30Z,CAPTURED,2,2,
1382672,/fixtures/lineups,Scotland,179,Premiership,2025,1st Phase - 2,2025-08-10T14:00:00+00:00,Dundee Utd,Heart Of Midlothian,1,2026-10-07T21:32:30Z,CAPTURED,2,2,
1382673,/fixtures/lineups,Scotland,179,Premiership,2025,1st Phase - 2,2025-08-10T14:00:00+00:00,Hibernian,Kilmarnock,1,2026-10-07T21:32:30Z,CAPTURED,2,2,
1382674,/fixtures/lineups,Scotland,179,Premiership,2025,1st Phase - 2,2025-08-09T14:00:00+00:00,Livingston,Falkirk,1,2026-10-07T21:32:30Z,CAPTURED,2,2,
1382675,/fixtures/lineups,Scotland,179,Premiership,2025,1st Phase - 2,2025-08-09T14:00:00+00:00,ST Mirren,Motherwell,1,2026-10-07T21:32:30Z,CAPTURED,2,2,
1382676,/fixtures/lineups,Scotland,179,Premiership,2025,1st Phase - 2,2025-08-09T16:45:00+00:00,Rangers,Dundee,1,2026-10-07T21:32:30Z,CAPTURED,2,2,
1382677,/fixtures/lineups,Scotland,179,Premiership,2025,1st Phase - 2,2025-08-10T11:30:00+00:00,Aberdeen,Celtic,1,2026-10-07T21:32:30Z,CAPTURED,2,2,
1382678,/fixtures/lineups,Scotland,179,Premiership,2025,1st Phase - 3,2025-08-23T14:00:00+00:00,Celtic,Livingston,1,2026-10-07T21:32:30Z,CAPTURED,2,2,
1382679,/fixtures/lineups,Scotland,179,Premiership,2025,1st Phase - 3,2025-09-23T18:45:00+00:00,Dundee Utd,Aberdeen,1,2026-10-07T21:32:30Z,CAPTURED,2,2,
1382680,/fixtures/lineups,Scotland,179,Premiership,2025,1st Phase - 3,2025-09-23T18:45:00+00:00,Falkirk,Hibernian,1,2026-10-07T21:32:30Z,CAPTURED,2,2,
1382681,/fixtures/lineups,Scotland,179,Premiership,2025,1st Phase - 3,2025-08-23T14:00:00+00:00,Heart Of Midlothian,Motherwell,1,2026-10-07T21:32:30Z,CAPTURED,2,2,
1382682,/fixtures/lineups,Scotland,179,Premiership,2025,1st Phase - 3,2025-08-23T14:00:00+00:00,Kilmarnock,Dundee,1,2026-10-07T21:32:30Z,CAPTURED,2,2,
1382683,/fixtures/lineups,Scotland,179,Premiership,2025,1st Phase - 3,2025-08-24T11:00:00+00:00,ST Mirren,Rangers,1,2026-10-07T21:32:30Z,CAPTURED,2,2,
1382684,/fixtures/lineups,Scotland,179,Premiership,2025,1st Phase - 4,2025-08-31T14:00:00+00:00,Aberdeen,Falkirk,1,2026-10-07T21:32:30Z,CAPTURED,2,2,
1382685,/fixtures/lineups,Scotland,179,Premiership,2025,1st Phase - 4,2025-08-31T13:00:00+00:00,Dundee,Dundee Utd,1,2026-10-07T21:32:30Z,CAPTURED,2,2,
1382686,/fixtures/lineups,Scotland,179,Premiership,2025,1st Phase - 4,2025-08-31T14:00:00+00:00,Hibernian,ST Mirren,1,2026-10-07T21:32:30Z,CAPTURED,2,2,
1382687,/fixtures/lineups,Scotland,179,Premiership,2025,1st Phase - 4,2025-08-30T14:00:00+00:00,Livingston,Heart Of Midlothian,1,2026-10-07T21:32:30Z,CAPTURED,2,2,
1382688,/fixtures/lineups,Scotland,179,Premiership,2025,1st Phase - 4,2025-08-30T14:00:00+00:00,Motherwell,Kilmarnock,1,2026-10-07T21:32:30Z,CAPTURED,2,2,
1382689,/fixtures/lineups,Scotland,179,Premiership,2025,1st Phase - 4,2025-08-31T11:00:00+00:00,Rangers,Celtic,1,2026-10-07T21:32:30Z,CAPTURED,2,2,
1382690,/fixtures/lineups,Scotland,179,Premiership,2025,1st Phase - 5,2025-09-13T14:00:00+00:00,Aberdeen,Livingston,1,2026-10-07T21:32:30Z,CAPTURED,2,2,
1382691,/fixtures/lineups,Scotland,179,Premiership,2025,1st Phase - 5,2025-09-13T14:00:00+00:00,Dundee,Motherwell,1,2026-10-07T21:32:30Z,CAPTURED,2,2,
1382692,/fixtures/lineups,Scotland,179,Premiership,2025,1st Phase - 5,2025-09-13T14:00:00+00:00,Falkirk,ST Mirren,1,2026-10-07T21:32:30Z,CAPTURED,2,2,
1382693,/fixtures/lineups,Scotland,179,Premiership,2025,1st Phase - 5,2025-09-13T16:45:00+00:00,Hibernian,Dundee Utd,1,2026-10-07T21:32:30Z,CAPTURED,2,2,
1382694,/fixtures/lineups,Scotland,179,Premiership,2025,1st Phase - 5,2025-09-14T14:00:00+00:00,Kilmarnock,Celtic,1,2026-10-07T21:32:30Z,CAPTURED,2,2,
1382695,/fixtures/lineups,Scotland,179,Premiership,2025,1st Phase - 5,2025-09-13T14:00:00+00:00,Rangers,Heart Of Midlothian,1,2026-10-07T21:32:30Z,CAPTURED,2,2,
1382696,/fixtures/lineups,Scotland,179,Premiership,2025,1st Phase - 6,2025-09-27T14:00:00+00:00,Celtic,Hibernian,1,2026-10-07T21:32:30Z,CAPTURED,2,2,
1382697,/fixtures/lineups,Scotland,179,Premiership,2025,1st Phase - 6,2025-09-27T14:00:00+00:00,Dundee Utd,Kilmarnock,1,2026-10-07T21:32:30Z,CAPTURED,2,2,
1382698,/fixtures/lineups,Scotland,179,Premiership,2025,1st Phase - 6,2025-09-27T14:00:00+00:00,Heart Of Midlothian,Falkirk,1,2026-10-07T21:32:30Z,CAPTURED,2,2,
1382699,/fixtures/lineups,Scotland,179,Premiership,2025,1st Phase - 6,2025-09-28T14:00:00+00:00,Livingston,Rangers,1,2026-10-07T21:32:30Z,CAPTURED,2,2,
1382700,/fixtures/lineups,Scotland,179,Premiership,2025,1st Phase - 6,2025-09-27T16:45:00+00:00,Motherwell,Aberdeen,1,2026-10-07T21:32:30Z,CAPTURED,2,2,
1382701,/fixtures/lineups,Scotland,179,Premiership,2025,1st Phase - 6,2025-09-27T14:00:00+00:00,ST Mirren,Dundee,1,2026-10-07T21:32:30Z,CAPTURED,2,2,
1382702,/fixtures/lineups,Scotland,179,Premiership,2025,1st Phase - 7,2025-10-05T14:00:00+00:00,Aberdeen,Dundee,1,2026-10-07T21:32:30Z,CAPTURED,2,2,
1382703,/fixtures/lineups,Scotland,179,Premiership,2025,1st Phase - 7,2025-10-05T14:00:00+00:00,Celtic,Motherwell,1,2026-10-07T21:32:30Z,CAPTURED,2,2,
1382704,/fixtures/lineups,Scotland,179,Premiership,2025,1st Phase - 7,2025-10-04T14:00:00+00:00,Dundee Utd,Livingston,1,2026-10-07T21:32:30Z,CAPTURED,2,2,
1382705,/fixtures/lineups,Scotland,179,Premiership,2025,1st Phase - 7,2025-10-05T14:00:00+00:00,Falkirk,Rangers,1,2026-10-07T21:32:30Z,CAPTURED,2,2,
1382706,/fixtures/lineups,Scotland,179,Premiership,2025,1st Phase - 7,2025-10-04T16:45:00+00:00,Heart Of Midlothian,Hibernian,1,2026-10-07T21:32:30Z,CAPTURED,2,2,
1382707,/fixtures/lineups,Scotland,179,Premiership,2025,1st Phase - 7,2025-10-04T14:00:00+00:00,Kilmarnock,ST Mirren,1,2026-10-07T21:32:30Z,CAPTURED,2,2,
1382708,/fixtures/lineups,Scotland,179,Premiership,2025,1st Phase - 8,2025-10-19T11:00:00+00:00,Dundee,Celtic,1,2026-10-07T21:32:30Z,CAPTURED,2,2,
1382709,/fixtures/lineups,Scotland,179,Premiership,2025,1st Phase - 8,2025-10-18T14:00:00+00:00,Hibernian,Livingston,1,2026-10-07T21:32:30Z,CAPTURED,2,2,
1382710,/fixtures/lineups,Scotland,179,Premiership,2025,1st Phase - 8,2025-10-18T16:45:00+00:00,Kilmarnock,Heart Of Midlothian,1,2026-10-07T21:32:30Z,CAPTURED,2,2,
1382711,/fixtures/lineups,Scotland,179,Premiership,2025,1st Phase - 8,2025-10-18T14:00:00+00:00,Motherwell,Falkirk,1,2026-10-07T21:32:30Z,CAPTURED,2,2,
1382712,/fixtures/lineups,Scotland,179,Premiership,2025,1st Phase - 8,2025-10-18T14:00:00+00:00,Rangers,Dundee Utd,1,2026-10-07T21:32:30Z,CAPTURED,2,2,
1382713,/fixtures/lineups,Scotland,179,Premiership,2025,1st Phase - 8,2025-10-18T14:00:00+00:00,ST Mirren,Aberdeen,1,2026-10-07T21:32:30Z,CAPTURED,2,2,
1382715,/fixtures/lineups,Scotland,179,Premiership,2025,1st Phase - 9,2025-10-25T14:00:00+00:00,Dundee Utd,ST Mirren,1,2026-10-07T21:32:30Z,CAPTURED,2,2,
1382721,/fixtures/lineups,Scotland,179,Premiership,2025,1st Phase - 10,2025-09-20T14:00:00+00:00,Dundee,Livingston,1,2026-10-07T21:32:30Z,CAPTURED,2,2,
1382714,/fixtures/lineups,Scotland,179,Premiership,2025,1st Phase - 9,2025-10-26T14:30:00+00:00,Aberdeen,Hibernian,1,2026-10-08T01:32:35Z,CAPTURED,2,2,
1382716,/fixtures/lineups,Scotland,179,Premiership,2025,1st Phase - 9,2025-10-25T14:00:00+00:00,Falkirk,Dundee,1,2026-10-08T01:32:35Z,CAPTURED,2,2,
1382717,/fixtures/lineups,Scotland,179,Premiership,2025,1st Phase - 9,2025-10-26T12:00:00+00:00,Heart Of Midlothian,Celtic,1,2026-10-08T01:32:35Z,CAPTURED,2,2,
1382718,/fixtures/lineups,Scotland,179,Premiership,2025,1st Phase - 9,2025-10-25T14:00:00+00:00,Livingston,Motherwell,1,2026-10-08T01:32:35Z,CAPTURED,2,2,
1382719,/fixtures/lineups,Scotland,179,Premiership,2025,1st Phase - 9,2025-10-26T15:00:00+00:00,Rangers,Kilmarnock,1,2026-10-08T01:32:35Z,CAPTURED,2,2,
1382720,/fixtures/lineups,Scotland,179,Premiership,2025,1st Phase - 10,2025-10-29T19:45:00+00:00,Celtic,Falkirk,1,2026-10-08T01:32:35Z,CAPTURED,2,2,
1382722,/fixtures/lineups,Scotland,179,Premiership,2025,1st Phase - 10,2025-10-29T19:45:00+00:00,Hibernian,Rangers,1,2026-10-08T01:32:35Z,CAPTURED,2,2,
1382723,/fixtures/lineups,Scotland,179,Premiership,2025,1st Phase - 10,2025-10-29T19:45:00+00:00,Kilmarnock,Aberdeen,1,2026-10-08T01:32:35Z,CAPTURED,2,2,
1382724,/fixtures/lineups,Scotland,179,Premiership,2025,1st Phase - 10,2025-10-29T19:45:00+00:00,Motherwell,Dundee Utd,1,2026-10-08T01:32:35Z,CAPTURED,2,2,
1382725,/fixtures/lineups,Scotland,179,Premiership,2025,1st Phase - 10,2025-10-29T19:45:00+00:00,ST Mirren,Heart Of Midlothian,1,2026-10-08T01:32:35Z,CAPTURED,2,2,
1382726,/fixtures/lineups,Scotland,179,Premiership,2025,1st Phase - 11,2025-12-17T20:00:00+00:00,Dundee Utd,Celtic,1,2026-10-08T01:32:35Z,CAPTURED,2,2,
1382727,/fixtures/lineups,Scotland,179,Premiership,2025,1st Phase - 11,2025-11-01T15:00:00+00:00,Falkirk,Kilmarnock,1,2026-10-08T01:32:35Z,CAPTURED,2,2,
1382728,/fixtures/lineups,Scotland,179,Premiership,2025,1st Phase - 11,2025-11-01T15:00:00+00:00,Heart Of Midlothian,Dundee,1,2026-10-08T01:32:35Z,CAPTURED,2,2,
1382730,/fixtures/lineups,Scotland,179,Premiership,2025,1st Phase - 11,2025-11-25T19:45:00+00:00,Motherwell,Hibernian,1,2026-10-08T01:32:35Z,CAPTURED,2,2,
1382732,/fixtures/lineups,Scotland,179,Premiership,2025,1st Phase - 12,2025-11-09T15:00:00+00:00,Aberdeen,Motherwell,1,2026-10-08T01:32:35Z,CAPTURED,2,2,
1382733,/fixtures/lineups,Scotland,179,Premiership,2025,1st Phase - 12,2025-11-09T16:00:00+00:00,Celtic,Kilmarnock,1,2026-10-08T01:32:35Z,CAPTURED,2,2,
1382734,/fixtures/lineups,Scotland,179,Premiership,2025,1st Phase - 12,2025-11-09T15:00:00+00:00,Dundee,Rangers,1,2026-10-08T01:32:35Z,CAPTURED,2,2,
1382735,/fixtures/lineups,Scotland,179,Premiership,2025,1st Phase - 12,2025-11-08T15:00:00+00:00,Falkirk,Livingston,1,2026-10-08T01:32:35Z,CAPTURED,2,2,
1382736,/fixtures/lineups,Scotland,179,Premiership,2025,1st Phase - 12,2025-11-08T17:45:00+00:00,ST Mirren,Hibernian,1,2026-10-08T01:32:35Z,CAPTURED,2,2,
1382737,/fixtures/lineups,Scotland,179,Premiership,2025,1st Phase - 12,2025-11-09T15:00:00+00:00,Heart Of Midlothian,Dundee Utd,1,2026-10-08T01:32:35Z,CAPTURED,2,2,
1382738,/fixtures/lineups,Scotland,179,Premiership,2025,1st Phase - 13,2025-11-23T15:00:00+00:00,Aberdeen,Heart Of Midlothian,1,2026-10-08T01:32:35Z,CAPTURED,2,2,
1382739,/fixtures/lineups,Scotland,179,Premiership,2025,1st Phase - 13,2025-11-22T15:00:00+00:00,Dundee Utd,Falkirk,1,2026-10-08T01:32:35Z,CAPTURED,2,2,
1382740,/fixtures/lineups,Scotland,179,Premiership,2025,1st Phase - 13,2025-11-22T15:00:00+00:00,Hibernian,Dundee,1,2026-10-08T01:32:35Z,CAPTURED,2,2,
1382741,/fixtures/lineups,Scotland,179,Premiership,2025,1st Phase - 13,2025-11-22T15:00:00+00:00,Kilmarnock,Motherwell,1,2026-10-08T01:32:35Z,CAPTURED,2,2,
1382742,/fixtures/lineups,Scotland,179,Premiership,2025,1st Phase - 13,2025-11-22T15:00:00+00:00,Rangers,Livingston,1,2026-10-08T01:32:35Z,CAPTURED,2,2,
1382743,/fixtures/lineups,Scotland,179,Premiership,2025,1st Phase - 13,2025-11-22T20:00:00+00:00,ST Mirren,Celtic,1,2026-10-08T01:32:35Z,CAPTURED,2,2,
1382744,/fixtures/lineups,Scotland,179,Premiership,2025,1st Phase - 14,2025-11-29T15:00:00+00:00,Dundee,ST Mirren,1,2026-10-08T01:32:35Z,CAPTURED,2,2,
1382745,/fixtures/lineups,Scotland,179,Premiership,2025,1st Phase - 14,2025-11-30T12:00:00+00:00,Hibernian,Celtic,1,2026-10-08T01:32:35Z,CAPTURED,2,2,
1382746,/fixtures/lineups,Scotland,179,Premiership,2025,1st Phase - 14,2025-11-29T17:45:00+00:00,Kilmarnock,Dundee Utd,1,2026-10-08T01:32:35Z,CAPTURED,2,2,
1382747,/fixtures/lineups,Scotland,179,Premiership,2025,1st Phase - 14,2025-11-30T15:00:00+00:00,Livingston,Aberdeen,1,2026-10-08T01:32:35Z,CAPTURED,2,2,
1382748,/fixtures/lineups,Scotland,179,Premiership,2025,1st Phase - 14,2025-11-29T15:00:00+00:00,Motherwell,Heart Of Midlothian,1,2026-10-08T01:32:35Z,CAPTURED,2,2,
1382749,/fixtures/lineups,Scotland,179,Premiership,2025,1st Phase - 14,2025-11-30T14:00:00+00:00,Rangers,Falkirk,1,2026-10-08T01:32:35Z,CAPTURED,2,2,
1382750,/fixtures/lineups,Scotland,179,Premiership,2025,1st Phase - 15,2025-12-03T19:45:00+00:00,Aberdeen,ST Mirren,1,2026-10-08T01:32:35Z,CAPTURED,2,2,
1382751,/fixtures/lineups,Scotland,179,Premiership,2025,1st Phase - 15,2025-12-03T19:45:00+00:00,Celtic,Dundee,1,2026-10-08T01:32:35Z,CAPTURED,2,2,
1382752,/fixtures/lineups,Scotland,179,Premiership,2025,1st Phase - 15,2025-12-03T19:45:00+00:00,Dundee Utd,Rangers,1,2026-10-08T01:32:35Z,CAPTURED,2,2,
1382753,/fixtures/lineups,Scotland,179,Premiership,2025,1st Phase - 15,2025-12-03T19:45:00+00:00,Falkirk,Motherwell,1,2026-10-08T01:32:35Z,CAPTURED,2,2,
1382754,/fixtures/lineups,Scotland,179,Premiership,2025,1st Phase - 15,2025-12-03T19:45:00+00:00,Heart Of Midlothian,Kilmarnock,1,2026-10-08T01:32:35Z,CAPTURED,2,2,
1382755,/fixtures/lineups,Scotland,179,Premiership,2025,1st Phase - 15,2025-11-01T15:00:00+00:00,Livingston,Hibernian,1,2026-10-08T01:32:35Z,CAPTURED,2,2,
1382756,/fixtures/lineups,Scotland,179,Premiership,2025,1st Phase - 16,2025-12-07T15:00:00+00:00,Celtic,Heart Of Midlothian,1,2026-10-08T01:32:35Z,CAPTURED,2,2,
1382757,/fixtures/lineups,Scotland,179,Premiership,2025,1st Phase - 16,2025-12-06T15:00:00+00:00,Dundee,Aberdeen,1,2026-10-08T01:32:35Z,CAPTURED,2,2,
1382758,/fixtures/lineups,Scotland,179,Premiership,2025,1st Phase - 16,2025-12-06T15:00:00+00:00,Hibernian,Falkirk,1,2026-10-08T01:32:35Z,CAPTURED,2,2,
1382759,/fixtures/lineups,Scotland,179,Premiership,2025,1st Phase - 16,2025-12-06T20:00:00+00:00,Kilmarnock,Rangers,1,2026-10-08T01:32:35Z,CAPTURED,2,2,
1382760,/fixtures/lineups,Scotland,179,Premiership,2025,1st Phase - 16,2025-12-06T15:00:00+00:00,Motherwell,Livingston,1,2026-10-08T01:32:35Z,CAPTURED,2,2,
1382761,/fixtures/lineups,Scotland,179,Premiership,2025,1st Phase - 16,2025-12-06T15:00:00+00:00,ST Mirren,Dundee Utd,1,2026-10-08T01:32:35Z,CAPTURED,2,2,
1382762,/fixtures/lineups,Scotland,179,Premiership,2025,1st Phase - 17,2025-12-14T15:00:00+00:00,Aberdeen,Kilmarnock,1,2026-10-08T01:32:35Z,CAPTURED,2,2,
1382763,/fixtures/lineups,Scotland,179,Premiership,2025,1st Phase - 17,2025-12-13T15:00:00+00:00,Dundee Utd,Motherwell,1,2026-10-08T01:32:35Z,CAPTURED,2,2,
1382766,/fixtures/lineups,Scotland,179,Premiership,2025,1st Phase - 17,2025-12-13T15:00:00+00:00,Livingston,Dundee,1,2026-10-08T01:32:35Z,CAPTURED,2,2,
1382767,/fixtures/lineups,Scotland,179,Premiership,2025,1st Phase - 17,2025-12-15T19:45:00+00:00,Rangers,Hibernian,1,2026-10-08T01:32:35Z,CAPTURED,2,2,
1382769,/fixtures/lineups,Scotland,179,Premiership,2025,1st Phase - 18,2025-12-20T15:00:00+00:00,Dundee Utd,Hibernian,1,2026-10-08T01:32:35Z,CAPTURED,2,2,
1382781,/fixtures/lineups,Scotland,179,Premiership,2025,1st Phase - 20,2025-12-13T20:00:00+00:00,Falkirk,Heart Of Midlothian,1,2026-10-08T01:32:35Z,CAPTURED,2,2,
1382729,/fixtures/lineups,Scotland,179,Premiership,2025,1st Phase - 11,2026-01-20T19:45:00+00:00,Livingston,ST Mirren,1,2026-10-08T05:32:57Z,CAPTURED,2,2,
1382731,/fixtures/lineups,Scotland,179,Premiership,2025,1st Phase - 11,2026-01-06T20:00:00+00:00,Rangers,Aberdeen,1,2026-10-08T05:32:57Z,CAPTURED,2,2,
1382764,/fixtures/lineups,Scotland,179,Premiership,2025,1st Phase - 17,2026-01-14T19:45:00+00:00,Falkirk,Celtic,1,2026-10-08T05:32:57Z,CAPTURED,2,2,
1382765,/fixtures/lineups,Scotland,179,Premiership,2025,1st Phase - 17,2026-01-14T19:45:00+00:00,Heart Of Midlothian,ST Mirren,1,2026-10-08T05:32:57Z,CAPTURED,2,2,
1382768,/fixtures/lineups,Scotland,179,Premiership,2025,1st Phase - 18,2025-12-21T15:00:00+00:00,Celtic,Aberdeen,1,2026-10-08T05:32:57Z,CAPTURED,2,2,
1382770,/fixtures/lineups,Scotland,179,Premiership,2025,1st Phase - 18,2025-12-21T13:30:00+00:00,Heart Of Midlothian,Rangers,1,2026-10-08T05:32:57Z,CAPTURED,2,2,
1382771,/fixtures/lineups,Scotland,179,Premiership,2025,1st Phase - 18,2025-12-20T15:00:00+00:00,Kilmarnock,Falkirk,1,2026-10-08T05:32:57Z,CAPTURED,2,2,
1382772,/fixtures/lineups,Scotland,179,Premiership,2025,1st Phase - 18,2025-12-20T15:00:00+00:00,Motherwell,Dundee,1,2026-10-08T05:32:57Z,CAPTURED,2,2,
1382773,/fixtures/lineups,Scotland,179,Premiership,2025,1st Phase - 18,2025-12-20T15:00:00+00:00,ST Mirren,Livingston,1,2026-10-08T05:32:57Z,CAPTURED,2,2,
1382774,/fixtures/lineups,Scotland,179,Premiership,2025,1st Phase - 19,2025-12-27T12:30:00+00:00,Hibernian,Heart Of Midlothian,1,2026-10-08T05:32:57Z,CAPTURED,2,2,
1382775,/fixtures/lineups,Scotland,179,Premiership,2025,1st Phase - 19,2025-12-27T17:45:00+00:00,Aberdeen,Dundee Utd,1,2026-10-08T05:32:57Z,CAPTURED,2,2,
1382776,/fixtures/lineups,Scotland,179,Premiership,2025,1st Phase - 19,2025-12-27T15:00:00+00:00,Dundee,Falkirk,1,2026-10-08T05:32:57Z,CAPTURED,2,2,
1382777,/fixtures/lineups,Scotland,179,Premiership,2025,1st Phase - 19,2025-12-27T15:00:00+00:00,Livingston,Celtic,1,2026-10-08T05:32:57Z,CAPTURED,2,2,
1382778,/fixtures/lineups,Scotland,179,Premiership,2025,1st Phase - 19,2025-12-27T15:00:00+00:00,Rangers,Motherwell,1,2026-10-08T05:32:57Z,CAPTURED,2,2,
1382779,/fixtures/lineups,Scotland,179,Premiership,2025,1st Phase - 19,2025-12-27T15:00:00+00:00,ST Mirren,Kilmarnock,1,2026-10-08T05:32:57Z,CAPTURED,2,2,
1382780,/fixtures/lineups,Scotland,179,Premiership,2025,1st Phase - 20,2025-12-30T19:45:00+00:00,Dundee,Kilmarnock,1,2026-10-08T05:32:57Z,CAPTURED,2,2,
1382782,/fixtures/lineups,Scotland,179,Premiership,2025,1st Phase - 20,2025-12-30T19:45:00+00:00,Hibernian,Aberdeen,1,2026-10-08T05:32:57Z,CAPTURED,2,2,
1382783,/fixtures/lineups,Scotland,179,Premiership,2025,1st Phase - 20,2025-12-30T19:45:00+00:00,Livingston,Dundee Utd,1,2026-10-08T05:32:57Z,CAPTURED,2,2,
1382784,/fixtures/lineups,Scotland,179,Premiership,2025,1st Phase - 20,2025-12-30T20:00:00+00:00,Motherwell,Celtic,1,2026-10-08T05:32:57Z,CAPTURED,2,2,
1382785,/fixtures/lineups,Scotland,179,Premiership,2025,1st Phase - 20,2025-12-30T19:45:00+00:00,Rangers,ST Mirren,1,2026-10-08T05:32:57Z,CAPTURED,2,2,
1382786,/fixtures/lineups,Scotland,179,Premiership,2025,1st Phase - 21,2026-01-03T12:30:00+00:00,Celtic,Rangers,1,2026-10-08T05:32:57Z,CAPTURED,2,2,
1382787,/fixtures/lineups,Scotland,179,Premiership,2025,1st Phase - 21,2026-01-03T15:00:00+00:00,Dundee Utd,Dundee,1,2026-10-08T05:32:57Z,CAPTURED,2,2,
1382788,/fixtures/lineups,Scotland,179,Premiership,2025,1st Phase - 21,2026-01-03T15:00:00+00:00,Falkirk,Aberdeen,1,2026-10-08T05:32:57Z,CAPTURED,2,2,
1382789,/fixtures/lineups,Scotland,179,Premiership,2025,1st Phase - 21,2026-01-03T15:00:00+00:00,Heart Of Midlothian,Livingston,1,2026-10-08T05:32:57Z,CAPTURED,2,2,
1382790,/fixtures/lineups,Scotland,179,Premiership,2025,1st Phase - 21,2026-01-03T15:00:00+00:00,Kilmarnock,Hibernian,1,2026-10-08T05:32:57Z,CAPTURED,2,2,
1382791,/fixtures/lineups,Scotland,179,Premiership,2025,1st Phase - 21,2026-01-03T15:00:00+00:00,Motherwell,ST Mirren,1,2026-10-08T05:32:57Z,CAPTURED,2,2,
1382792,/fixtures/lineups,Scotland,179,Premiership,2025,1st Phase - 22,2026-01-11T16:30:00+00:00,Aberdeen,Rangers,1,2026-10-08T05:32:57Z,CAPTURED,2,2,
1382793,/fixtures/lineups,Scotland,179,Premiership,2025,1st Phase - 22,2026-01-10T15:00:00+00:00,Celtic,Dundee Utd,1,2026-10-08T05:32:57Z,CAPTURED,2,2,
1382794,/fixtures/lineups,Scotland,179,Premiership,2025,1st Phase - 22,2026-01-11T14:00:00+00:00,Dundee,Heart Of Midlothian,1,2026-10-08T05:32:57Z,CAPTURED,2,2,
1382795,/fixtures/lineups,Scotland,179,Premiership,2025,1st Phase - 22,2026-01-10T15:00:00+00:00,Hibernian,Motherwell,1,2026-10-08T05:32:57Z,CAPTURED,2,2,
1382796,/fixtures/lineups,Scotland,179,Premiership,2025,1st Phase - 22,2026-01-10T15:00:00+00:00,Livingston,Kilmarnock,1,2026-10-08T05:32:57Z,CAPTURED,2,2,
1382797,/fixtures/lineups,Scotland,179,Premiership,2025,1st Phase - 22,2026-01-10T15:00:00+00:00,ST Mirren,Falkirk,1,2026-10-08T05:32:57Z,CAPTURED,2,2,
1382798,/fixtures/lineups,Scotland,179,Premiership,2025,1st Phase - 23,2026-01-24T15:00:00+00:00,Aberdeen,Livingston,1,2026-10-08T05:32:57Z,CAPTURED,2,2,
1382800,/fixtures/lineups,Scotland,179,Premiership,2025,1st Phase - 23,2026-01-24T15:00:00+00:00,Falkirk,Hibernian,1,2026-10-08T05:32:57Z,CAPTURED,2,2,
1382801,/fixtures/lineups,Scotland,179,Premiership,2025,1st Phase - 23,2026-01-25T15:00:00+00:00,Heart Of Midlothian,Celtic,1,2026-10-08T05:32:57Z,CAPTURED,2,2,
1382802,/fixtures/lineups,Scotland,179,Premiership,2025,1st Phase - 23,2026-01-24T15:00:00+00:00,Motherwell,Kilmarnock,1,2026-10-08T05:32:57Z,CAPTURED,2,2,
1382803,/fixtures/lineups,Scotland,179,Premiership,2025,1st Phase - 23,2026-01-25T15:00:00+00:00,Rangers,Dundee,1,2026-10-08T05:32:57Z,CAPTURED,2,2,
1382804,/fixtures/lineups,Scotland,179,Premiership,2025,1st Phase - 24,2026-02-01T15:00:00+00:00,Celtic,Falkirk,1,2026-10-08T05:32:57Z,CAPTURED,2,2,
1382805,/fixtures/lineups,Scotland,179,Premiership,2025,1st Phase - 24,2026-01-31T20:00:00+00:00,Dundee Utd,Heart Of Midlothian,1,2026-10-08T05:32:57Z,CAPTURED,2,2,
1382806,/fixtures/lineups,Scotland,179,Premiership,2025,1st Phase - 24,2026-02-01T14:00:00+00:00,Hibernian,Rangers,1,2026-10-08T05:32:57Z,CAPTURED,2,2,
1382807,/fixtures/lineups,Scotland,179,Premiership,2025,1st Phase - 24,2026-01-31T15:00:00+00:00,Kilmarnock,Aberdeen,1,2026-10-08T05:32:57Z,CAPTURED,2,2,
1382808,/fixtures/lineups,Scotland,179,Premiership,2025,1st Phase - 24,2026-01-31T15:00:00+00:00,Livingston,Motherwell,1,2026-10-08T05:32:57Z,CAPTURED,2,2,
1382809,/fixtures/lineups,Scotland,179,Premiership,2025,1st Phase - 24,2026-01-31T15:00:00+00:00,ST Mirren,Dundee,1,2026-10-08T05:32:57Z,CAPTURED,2,2,
1382812,/fixtures/lineups,Scotland,179,Premiership,2025,1st Phase - 25,2026-02-04T19:45:00+00:00,Hibernian,Dundee Utd,1,2026-10-08T05:32:57Z,CAPTURED,2,2,
1382813,/fixtures/lineups,Scotland,179,Premiership,2025,1st Phase - 25,2026-02-04T19:45:00+00:00,Livingston,Falkirk,1,2026-10-08T05:32:57Z,CAPTURED,2,2,
1382814,/fixtures/lineups,Scotland,179,Premiership,2025,1st Phase - 25,2026-02-04T19:45:00+00:00,Rangers,Kilmarnock,1,2026-10-08T05:32:57Z,CAPTURED,2,2,
1382815,/fixtures/lineups,Scotland,179,Premiership,2025,1st Phase - 25,2026-02-03T20:00:00+00:00,ST Mirren,Heart Of Midlothian,1,2026-10-08T05:32:57Z,CAPTURED,2,2,
1382816,/fixtures/lineups,Scotland,179,Premiership,2025,1st Phase - 26,2026-02-11T19:45:00+00:00,Celtic,Livingston,1,2026-10-08T05:32:57Z,CAPTURED,2,2,
1382818,/fixtures/lineups,Scotland,179,Premiership,2025,1st Phase - 26,2026-02-11T19:45:00+00:00,Falkirk,Dundee,1,2026-10-08T05:32:57Z,CAPTURED,2,2,
1382819,/fixtures/lineups,Scotland,179,Premiership,2025,1st Phase - 26,2026-02-10T20:00:00+00:00,Heart Of Midlothian,Hibernian,1,2026-10-08T05:32:57Z,CAPTURED,2,2,
1382799,/fixtures/lineups,Scotland,179,Premiership,2025,1st Phase - 23,2026-03-03T19:45:00+00:00,Dundee Utd,ST Mirren,1,2026-10-08T09:34:20Z,CAPTURED,2,2,
1382810,/fixtures/lineups,Scotland,179,Premiership,2025,1st Phase - 25,2026-03-04T20:00:00+00:00,Aberdeen,Celtic,1,2026-10-08T09:34:20Z,CAPTURED,2,2,
1382811,/fixtures/lineups,Scotland,179,Premiership,2025,1st Phase - 25,2026-03-07T15:00:00+00:00,Dundee,Motherwell,1,2026-10-08T09:34:20Z,CAPTURED,2,2,
1382817,/fixtures/lineups,Scotland,179,Premiership,2025,1st Phase - 26,2026-02-24T19:45:00+00:00,Dundee Utd,Aberdeen,1,2026-10-08T09:34:20Z,CAPTURED,2,2,
1382820,/fixtures/lineups,Scotland,179,Premiership,2025,1st Phase - 26,2026-02-11T19:45:00+00:00,Kilmarnock,ST Mirren,1,2026-10-08T09:34:20Z,CAPTURED,2,2,
1382821,/fixtures/lineups,Scotland,179,Premiership,2025,1st Phase - 26,2026-02-11T20:00:00+00:00,Motherwell,Rangers,1,2026-10-08T09:34:20Z,CAPTURED,2,2,
1382822,/fixtures/lineups,Scotland,179,Premiership,2025,1st Phase - 27,2026-02-14T15:00:00+00:00,Dundee,Livingston,1,2026-10-08T09:34:20Z,CAPTURED,2,2,
1382823,/fixtures/lineups,Scotland,179,Premiership,2025,1st Phase - 27,2026-02-14T15:00:00+00:00,Falkirk,Dundee Utd,1,2026-10-08T09:34:20Z,CAPTURED,2,2,
1382824,/fixtures/lineups,Scotland,179,Premiership,2025,1st Phase - 27,2026-02-14T15:00:00+00:00,Hibernian,ST Mirren,1,2026-10-08T09:34:20Z,CAPTURED,2,2,
1382825,/fixtures/lineups,Scotland,179,Premiership,2025,1st Phase - 27,2026-02-15T14:00:00+00:00,Kilmarnock,Celtic,1,2026-10-08T09:34:20Z,CAPTURED,2,2,
1382826,/fixtures/lineups,Scotland,179,Premiership,2025,1st Phase - 27,2026-02-15T14:30:00+00:00,Motherwell,Aberdeen,1,2026-10-08T09:34:20Z,CAPTURED,2,2,
1382827,/fixtures/lineups,Scotland,179,Premiership,2025,1st Phase - 27,2026-02-15T16:30:00+00:00,Rangers,Heart Of Midlothian,1,2026-10-08T09:34:20Z,CAPTURED,2,2,
1382828,/fixtures/lineups,Scotland,179,Premiership,2025,1st Phase - 28,2026-02-21T15:00:00+00:00,Aberdeen,Dundee,1,2026-10-08T09:34:20Z,CAPTURED,2,2,
1382829,/fixtures/lineups,Scotland,179,Premiership,2025,1st Phase - 28,2026-02-22T15:00:00+00:00,Celtic,Hibernian,1,2026-10-08T09:34:20Z,CAPTURED,2,2,
1382830,/fixtures/lineups,Scotland,179,Premiership,2025,1st Phase - 28,2026-02-21T15:00:00+00:00,Dundee Utd,Kilmarnock,1,2026-10-08T09:34:20Z,CAPTURED,2,2,
1382831,/fixtures/lineups,Scotland,179,Premiership,2025,1st Phase - 28,2026-02-21T15:00:00+00:00,Heart Of Midlothian,Falkirk,1,2026-10-08T09:34:20Z,CAPTURED,2,2,
1382832,/fixtures/lineups,Scotland,179,Premiership,2025,1st Phase - 28,2026-02-22T15:00:00+00:00,Livingston,Rangers,1,2026-10-08T09:34:20Z,CAPTURED,2,2,
1382833,/fixtures/lineups,Scotland,179,Premiership,2025,1st Phase - 28,2026-02-21T19:30:00+00:00,ST Mirren,Motherwell,1,2026-10-08T09:34:20Z,CAPTURED,2,2,
1382834,/fixtures/lineups,Scotland,179,Premiership,2025,1st Phase - 29,2026-02-28T15:00:00+00:00,Dundee,Hibernian,1,2026-10-08T09:34:20Z,CAPTURED,2,2,
1382835,/fixtures/lineups,Scotland,179,Premiership,2025,1st Phase - 29,2026-02-28T15:00:00+00:00,Falkirk,Kilmarnock,1,2026-10-08T09:34:20Z,CAPTURED,2,2,
1382836,/fixtures/lineups,Scotland,179,Premiership,2025,1st Phase - 29,2026-02-28T15:00:00+00:00,Heart Of Midlothian,Aberdeen,1,2026-10-08T09:34:20Z,CAPTURED,2,2,
1382837,/fixtures/lineups,Scotland,179,Premiership,2025,1st Phase - 29,2026-02-28T15:00:00+00:00,Livingston,ST Mirren,1,2026-10-08T09:34:20Z,CAPTURED,2,2,
1382838,/fixtures/lineups,Scotland,179,Premiership,2025,1st Phase - 29,2026-02-28T15:00:00+00:00,Motherwell,Dundee Utd,1,2026-10-08T09:34:20Z,CAPTURED,2,2,
1382839,/fixtures/lineups,Scotland,179,Premiership,2025,1st Phase - 29,2026-03-01T12:00:00+00:00,Rangers,Celtic,1,2026-10-08T09:34:20Z,CAPTURED,2,2,
1382840,/fixtures/lineups,Scotland,179,Premiership,2025,1st Phase - 30,2026-03-14T15:00:00+00:00,Aberdeen,Falkirk,1,2026-10-08T09:34:20Z,CAPTURED,2,2,
1382841,/fixtures/lineups,Scotland,179,Premiership,2025,1st Phase - 30,2026-03-14T15:00:00+00:00,Celtic,Motherwell,1,2026-10-08T09:34:20Z,CAPTURED,2,2,
1382842,/fixtures/lineups,Scotland,179,Premiership,2025,1st Phase - 30,2026-03-15T14:00:00+00:00,Dundee,Dundee Utd,1,2026-10-08T09:34:20Z,CAPTURED,2,2,
1382843,/fixtures/lineups,Scotland,179,Premiership,2025,1st Phase - 30,2026-03-14T15:00:00+00:00,Hibernian,Livingston,1,2026-10-08T09:34:20Z,CAPTURED,2,2,
1382844,/fixtures/lineups,Scotland,179,Premiership,2025,1st Phase - 30,2026-03-14T20:00:00+00:00,Kilmarnock,Heart Of Midlothian,1,2026-10-08T09:34:20Z,CAPTURED,2,2,
1382845,/fixtures/lineups,Scotland,179,Premiership,2025,1st Phase - 30,2026-03-15T12:00:00+00:00,ST Mirren,Rangers,1,2026-10-08T09:34:20Z,CAPTURED,2,2,
1382846,/fixtures/lineups,Scotland,179,Premiership,2025,1st Phase - 31,2026-03-22T12:30:00+00:00,Dundee Utd,Celtic,1,2026-10-08T09:34:20Z,CAPTURED,2,2,
1382847,/fixtures/lineups,Scotland,179,Premiership,2025,1st Phase - 31,2026-03-21T15:00:00+00:00,Falkirk,ST Mirren,1,2026-10-08T09:34:20Z,CAPTURED,2,2,
1382848,/fixtures/lineups,Scotland,179,Premiership,2025,1st Phase - 31,2026-03-21T15:00:00+00:00,Heart Of Midlothian,Dundee,1,2026-10-08T09:34:20Z,CAPTURED,2,2,
1382849,/fixtures/lineups,Scotland,179,Premiership,2025,1st Phase - 31,2026-03-21T15:00:00+00:00,Kilmarnock,Livingston,1,2026-10-08T09:34:20Z,CAPTURED,2,2,
1382850,/fixtures/lineups,Scotland,179,Premiership,2025,1st Phase - 31,2026-03-21T15:00:00+00:00,Motherwell,Hibernian,1,2026-10-08T09:34:20Z,CAPTURED,2,2,
1382851,/fixtures/lineups,Scotland,179,Premiership,2025,1st Phase - 31,2026-03-21T17:45:00+00:00,Rangers,Aberdeen,1,2026-10-08T09:34:20Z,CAPTURED,2,2,
1382852,/fixtures/lineups,Scotland,179,Premiership,2025,1st Phase - 32,2026-04-05T15:30:00+00:00,Dundee,Celtic,1,2026-10-08T09:34:20Z,CAPTURED,2,2,
1382853,/fixtures/lineups,Scotland,179,Premiership,2025,1st Phase - 32,2026-04-04T14:00:00+00:00,Hibernian,Kilmarnock,1,2026-10-08T09:34:20Z,CAPTURED,2,2,
1382854,/fixtures/lineups,Scotland,179,Premiership,2025,1st Phase - 32,2026-04-05T13:00:00+00:00,Livingston,Heart Of Midlothian,1,2026-10-08T09:34:20Z,CAPTURED,2,2,
1382855,/fixtures/lineups,Scotland,179,Premiership,2025,1st Phase - 32,2026-04-04T14:00:00+00:00,Motherwell,Falkirk,1,2026-10-08T09:34:20Z,CAPTURED,2,2,
1382856,/fixtures/lineups,Scotland,179,Premiership,2025,1st Phase - 32,2026-04-04T14:00:00+00:00,Rangers,Dundee Utd,1,2026-10-08T09:34:20Z,CAPTURED,2,2,
1382857,/fixtures/lineups,Scotland,179,Premiership,2025,1st Phase - 32,2026-04-04T14:00:00+00:00,ST Mirren,Aberdeen,1,2026-10-08T09:34:20Z,CAPTURED,2,2,
1382858,/fixtures/lineups,Scotland,179,Premiership,2025,1st Phase - 33,2026-04-11T14:00:00+00:00,Aberdeen,Hibernian,1,2026-10-08T09:34:20Z,CAPTURED,2,2,
1382859,/fixtures/lineups,Scotland,179,Premiership,2025,1st Phase - 33,2026-04-11T14:00:00+00:00,Celtic,ST Mirren,1,2026-10-08T09:34:20Z,CAPTURED,2,2,
1382860,/fixtures/lineups,Scotland,179,Premiership,2025,1st Phase - 33,2026-04-11T14:00:00+00:00,Dundee Utd,Livingston,1,2026-10-08T09:34:20Z,CAPTURED,2,2,
1382861,/fixtures/lineups,Scotland,179,Premiership,2025,1st Phase - 33,2026-04-12T11:00:00+00:00,Falkirk,Rangers,1,2026-10-08T09:34:20Z,CAPTURED,2,2,
1382862,/fixtures/lineups,Scotland,179,Premiership,2025,1st Phase - 33,2026-04-11T14:00:00+00:00,Heart Of Midlothian,Motherwell,1,2026-10-08T09:34:20Z,CAPTURED,2,2,
1382863,/fixtures/lineups,Scotland,179,Premiership,2025,1st Phase - 33,2026-04-11T14:00:00+00:00,Kilmarnock,Dundee,1,2026-10-08T09:34:20Z,CAPTURED,2,2,
1540005,/fixtures/lineups,Scotland,179,Premiership,2025,Relegation Group - 34,2026-04-25T14:00:00+00:00,Aberdeen,Kilmarnock,1,2026-10-08T09:34:20Z,CAPTURED,2,2,
1540006,/fixtures/lineups,Scotland,179,Premiership,2025,Relegation Group - 34,2026-04-25T14:00:00+00:00,ST Mirren,Livingston,1,2026-10-08T09:34:20Z,CAPTURED,2,2,
1390819,/fixtures/lineups,Spain,140,La Liga,2025,Regular Season - 1,2025-08-16T19:30:00+00:00,Alaves,Levante,1,2026-10-08T13:36:50Z,CAPTURED,2,2,
1390820,/fixtures/lineups,Spain,140,La Liga,2025,Regular Season - 1,2025-08-17T17:30:00+00:00,Athletic Club,Sevilla,1,2026-10-08T13:36:50Z,CAPTURED,2,2,
1390821,/fixtures/lineups,Spain,140,La Liga,2025,Regular Season - 1,2025-08-17T15:00:00+00:00,Celta Vigo,Getafe,1,2026-10-08T13:36:50Z,CAPTURED,2,2,
1390822,/fixtures/lineups,Spain,140,La Liga,2025,Regular Season - 1,2025-08-18T19:00:00+00:00,Elche,Real Betis,1,2026-10-08T13:36:50Z,CAPTURED,2,2,
1390823,/fixtures/lineups,Spain,140,La Liga,2025,Regular Season - 1,2025-08-17T19:30:00+00:00,Espanyol,Atletico Madrid,1,2026-10-08T13:36:50Z,CAPTURED,2,2,
1390824,/fixtures/lineups,Spain,140,La Liga,2025,Regular Season - 1,2025-08-15T17:00:00+00:00,Girona,Rayo Vallecano,1,2026-10-08T13:36:50Z,CAPTURED,2,2,
1390825,/fixtures/lineups,Spain,140,La Liga,2025,Regular Season - 1,2025-08-16T17:30:00+00:00,Mallorca,Barcelona,1,2026-10-08T13:36:50Z,CAPTURED,2,2,
1390826,/fixtures/lineups,Spain,140,La Liga,2025,Regular Season - 1,2025-08-19T19:00:00+00:00,Real Madrid,Osasuna,1,2026-10-08T13:36:50Z,CAPTURED,2,2,
1390827,/fixtures/lineups,Spain,140,La Liga,2025,Regular Season - 1,2025-08-16T19:30:00+00:00,Valencia,Real Sociedad,1,2026-10-08T13:36:50Z,CAPTURED,2,2,
1390828,/fixtures/lineups,Spain,140,La Liga,2025,Regular Season - 1,2025-08-15T19:30:00+00:00,Villarreal,Oviedo,1,2026-10-08T13:36:50Z,CAPTURED,2,2,
1390829,/fixtures/lineups,Spain,140,La Liga,2025,Regular Season - 2,2025-08-25T17:30:00+00:00,Athletic Club,Rayo Vallecano,1,2026-10-08T13:36:50Z,CAPTURED,2,2,
1390830,/fixtures/lineups,Spain,140,La Liga,2025,Regular Season - 2,2025-08-23T17:30:00+00:00,Atletico Madrid,Elche,1,2026-10-08T13:36:50Z,CAPTURED,2,2,
1390831,/fixtures/lineups,Spain,140,La Liga,2025,Regular Season - 2,2025-08-22T19:30:00+00:00,Real Betis,Alaves,1,2026-10-08T13:36:50Z,CAPTURED,2,2,
1390832,/fixtures/lineups,Spain,140,La Liga,2025,Regular Season - 2,2025-08-23T19:30:00+00:00,Levante,Barcelona,1,2026-10-08T13:36:50Z,CAPTURED,2,2,
1390833,/fixtures/lineups,Spain,140,La Liga,2025,Regular Season - 2,2025-08-23T15:00:00+00:00,Mallorca,Celta Vigo,1,2026-10-08T13:36:50Z,CAPTURED,2,2,
1390834,/fixtures/lineups,Spain,140,La Liga,2025,Regular Season - 2,2025-08-24T15:00:00+00:00,Osasuna,Valencia,1,2026-10-08T13:36:50Z,CAPTURED,2,2,
1390835,/fixtures/lineups,Spain,140,La Liga,2025,Regular Season - 2,2025-08-24T17:30:00+00:00,Real Sociedad,Espanyol,1,2026-10-08T13:36:50Z,CAPTURED,2,2,
1390836,/fixtures/lineups,Spain,140,La Liga,2025,Regular Season - 2,2025-08-24T19:30:00+00:00,Oviedo,Real Madrid,1,2026-10-08T13:36:50Z,CAPTURED,2,2,
1390837,/fixtures/lineups,Spain,140,La Liga,2025,Regular Season - 2,2025-08-25T19:30:00+00:00,Sevilla,Getafe,1,2026-10-08T13:36:50Z,CAPTURED,2,2,
1390838,/fixtures/lineups,Spain,140,La Liga,2025,Regular Season - 2,2025-08-24T17:30:00+00:00,Villarreal,Girona,1,2026-10-08T13:36:50Z,CAPTURED,2,2,
1390839,/fixtures/lineups,Spain,140,La Liga,2025,Regular Season - 3,2025-08-30T15:00:00+00:00,Alaves,Atletico Madrid,1,2026-10-08T13:36:50Z,CAPTURED,2,2,
1390840,/fixtures/lineups,Spain,140,La Liga,2025,Regular Season - 3,2025-08-31T17:00:00+00:00,Real Betis,Athletic Club,1,2026-10-08T13:36:50Z,CAPTURED,2,2,
1390841,/fixtures/lineups,Spain,140,La Liga,2025,Regular Season - 3,2025-08-31T15:00:00+00:00,Celta Vigo,Villarreal,1,2026-10-08T13:36:50Z,CAPTURED,2,2,
1390842,/fixtures/lineups,Spain,140,La Liga,2025,Regular Season - 3,2025-08-29T17:30:00+00:00,Elche,Levante,1,2026-10-08T13:36:50Z,CAPTURED,2,2,
1390843,/fixtures/lineups,Spain,140,La Liga,2025,Regular Season - 3,2025-08-31T17:30:00+00:00,Espanyol,Osasuna,1,2026-10-08T13:36:50Z,CAPTURED,2,2,
1390844,/fixtures/lineups,Spain,140,La Liga,2025,Regular Season - 3,2025-08-30T17:30:00+00:00,Girona,Sevilla,1,2026-10-08T13:36:50Z,CAPTURED,2,2,
1390845,/fixtures/lineups,Spain,140,La Liga,2025,Regular Season - 3,2025-08-31T19:30:00+00:00,Rayo Vallecano,Barcelona,1,2026-10-08T13:36:50Z,CAPTURED,2,2,
1390846,/fixtures/lineups,Spain,140,La Liga,2025,Regular Season - 3,2025-08-30T19:30:00+00:00,Real Madrid,Mallorca,1,2026-10-08T13:36:50Z,CAPTURED,2,2,
1390847,/fixtures/lineups,Spain,140,La Liga,2025,Regular Season - 3,2025-08-30T17:00:00+00:00,Oviedo,Real Sociedad,1,2026-10-08T13:36:50Z,CAPTURED,2,2,
1390848,/fixtures/lineups,Spain,140,La Liga,2025,Regular Season - 3,2025-08-29T19:30:00+00:00,Valencia,Getafe,1,2026-10-08T13:36:50Z,CAPTURED,2,2,
1390849,/fixtures/lineups,Spain,140,La Liga,2025,Regular Season - 4,2025-09-13T16:30:00+00:00,Athletic Club,Alaves,1,2026-10-08T13:36:50Z,CAPTURED,2,2,
1390850,/fixtures/lineups,Spain,140,La Liga,2025,Regular Season - 4,2025-09-13T19:00:00+00:00,Atletico Madrid,Villarreal,1,2026-10-08T13:36:50Z,CAPTURED,2,2,
1390852,/fixtures/lineups,Spain,140,La Liga,2025,Regular Season - 4,2025-09-14T12:00:00+00:00,Celta Vigo,Girona,1,2026-10-08T13:36:50Z,CAPTURED,2,2,
1390854,/fixtures/lineups,Spain,140,La Liga,2025,Regular Season - 4,2025-09-13T12:00:00+00:00,Getafe,Oviedo,1,2026-10-08T13:36:50Z,CAPTURED,2,2,
1390855,/fixtures/lineups,Spain,140,La Liga,2025,Regular Season - 4,2025-09-14T14:15:00+00:00,Levante,Real Betis,1,2026-10-08T13:36:50Z,CAPTURED,2,2,
1390857,/fixtures/lineups,Spain,140,La Liga,2025,Regular Season - 4,2025-09-13T14:15:00+00:00,Real Sociedad,Real Madrid,1,2026-10-08T13:36:50Z,CAPTURED,2,2,
1390858,/fixtures/lineups,Spain,140,La Liga,2025,Regular Season - 4,2025-09-12T19:00:00+00:00,Sevilla,Elche,1,2026-10-08T13:36:50Z,CAPTURED,2,2,
1390871,/fixtures/lineups,Spain,140,La Liga,2025,Regular Season - 6,2025-08-27T19:00:00+00:00,Celta Vigo,Real Betis,1,2026-10-08T13:36:50Z,CAPTURED,2,2,
1540007,/fixtures/lineups,Scotland,179,Premiership,2025,Relegation Group - 34,2026-04-26T13:00:00+00:00,Dundee Utd,Dundee,1,2026-10-08T13:36:50Z,CAPTURED,2,2,
1540008,/fixtures/lineups,Scotland,179,Premiership,2025,Relegation Group - 35,2026-05-01T18:45:00+00:00,Livingston,Aberdeen,1,2026-10-08T13:36:50Z,CAPTURED,2,2,
1540009,/fixtures/lineups,Scotland,179,Premiership,2025,Relegation Group - 35,2026-05-02T14:00:00+00:00,Dundee,ST Mirren,1,2026-10-08T13:36:50Z,CAPTURED,2,2,
1540010,/fixtures/lineups,Scotland,179,Premiership,2025,Relegation Group - 35,2026-05-02T14:00:00+00:00,Kilmarnock,Dundee Utd,1,2026-10-08T13:36:50Z,CAPTURED,2,2,
1540020,/fixtures/lineups,Scotland,179,Premiership,2025,Championship Group - 34,2026-04-25T16:30:00+00:00,Celtic,Falkirk,1,2026-10-08T13:36:50Z,CAPTURED,2,2,
1540021,/fixtures/lineups,Scotland,179,Premiership,2025,Championship Group - 34,2026-04-26T14:00:00+00:00,Rangers,Motherwell,1,2026-10-08T13:36:50Z,CAPTURED,2,2,
1540022,/fixtures/lineups,Scotland,179,Premiership,2025,Championship Group - 34,2026-04-26T15:30:00+00:00,Hibernian,Heart Of Midlothian,1,2026-10-08T13:36:50Z,CAPTURED,2,2,
1540023,/fixtures/lineups,Scotland,179,Premiership,2025,Championship Group - 35,2026-05-02T14:00:00+00:00,Falkirk,Motherwell,1,2026-10-08T13:36:50Z,CAPTURED,2,2,
1540024,/fixtures/lineups,Scotland,179,Premiership,2025,Championship Group - 35,2026-05-03T11:00:00+00:00,Hibernian,Celtic,1,2026-10-08T13:36:50Z,CAPTURED,2,2,
1540025,/fixtures/lineups,Scotland,179,Premiership,2025,Championship Group - 35,2026-05-04T16:30:00+00:00,Heart Of Midlothian,Rangers,1,2026-10-08T13:36:50Z,CAPTURED,2,2,
1543679,/fixtures/lineups,Scotland,179,Premiership,2025,Quarter-finals,2026-05-05T18:45:00+00:00,Dunfermline,Arbroath,1,2026-10-08T13:36:50Z,CAPTURED,2,2,
1543680,/fixtures/lineups,Scotland,179,Premiership,2025,Quarter-finals,2026-05-08T18:30:00+00:00,Arbroath,Dunfermline,1,2026-10-08T13:36:50Z,CAPTURED,2,2,
1390851,/fixtures/lineups,Spain,140,La Liga,2025,Regular Season - 4,2025-09-14T19:00:00+00:00,Barcelona,Valencia,1,2026-10-08T17:33:29Z,CAPTURED,2,2,
1390853,/fixtures/lineups,Spain,140,La Liga,2025,Regular Season - 4,2025-09-15T19:00:00+00:00,Espanyol,Mallorca,1,2026-10-08T17:33:29Z,CAPTURED,2,2,
1390856,/fixtures/lineups,Spain,140,La Liga,2025,Regular Season - 4,2025-09-14T16:30:00+00:00,Osasuna,Rayo Vallecano,1,2026-10-08T17:33:29Z,CAPTURED,2,2,
1390859,/fixtures/lineups,Spain,140,La Liga,2025,Regular Season - 5,2025-09-20T16:30:00+00:00,Alaves,Sevilla,1,2026-10-08T17:33:29Z,CAPTURED,2,2,
1390860,/fixtures/lineups,Spain,140,La Liga,2025,Regular Season - 5,2025-09-21T19:00:00+00:00,Barcelona,Getafe,1,2026-10-08T17:33:29Z,CAPTURED,2,2,
1390861,/fixtures/lineups,Spain,140,La Liga,2025,Regular Season - 5,2025-09-19T19:00:00+00:00,Real Betis,Real Sociedad,1,2026-10-08T17:33:29Z,CAPTURED,2,2,
1390862,/fixtures/lineups,Spain,140,La Liga,2025,Regular Season - 5,2025-09-21T16:30:00+00:00,Elche,Oviedo,1,2026-10-08T17:33:29Z,CAPTURED,2,2,
1390863,/fixtures/lineups,Spain,140,La Liga,2025,Regular Season - 5,2025-09-20T12:00:00+00:00,Girona,Levante,1,2026-10-08T17:33:29Z,CAPTURED,2,2,
1390864,/fixtures/lineups,Spain,140,La Liga,2025,Regular Season - 5,2025-09-21T14:15:00+00:00,Mallorca,Atletico Madrid,1,2026-10-08T17:33:29Z,CAPTURED,2,2,
1390865,/fixtures/lineups,Spain,140,La Liga,2025,Regular Season - 5,2025-09-21T12:00:00+00:00,Rayo Vallecano,Celta Vigo,1,2026-10-08T17:33:29Z,CAPTURED,2,2,
1390866,/fixtures/lineups,Spain,140,La Liga,2025,Regular Season - 5,2025-09-20T14:15:00+00:00,Real Madrid,Espanyol,1,2026-10-08T17:33:29Z,CAPTURED,2,2,
1390867,/fixtures/lineups,Spain,140,La Liga,2025,Regular Season - 5,2025-09-20T19:00:00+00:00,Valencia,Athletic Club,1,2026-10-08T17:33:29Z,CAPTURED,2,2,
1390868,/fixtures/lineups,Spain,140,La Liga,2025,Regular Season - 5,2025-09-20T16:30:00+00:00,Villarreal,Osasuna,1,2026-10-08T17:33:29Z,CAPTURED,2,2,
1390869,/fixtures/lineups,Spain,140,La Liga,2025,Regular Season - 6,2025-09-23T17:00:00+00:00,Athletic Club,Girona,1,2026-10-08T17:33:29Z,CAPTURED,2,2,
1390870,/fixtures/lineups,Spain,140,La Liga,2025,Regular Season - 6,2025-09-24T19:30:00+00:00,Atletico Madrid,Rayo Vallecano,1,2026-10-08T17:33:29Z,CAPTURED,2,2,
1390872,/fixtures/lineups,Spain,140,La Liga,2025,Regular Season - 6,2025-09-23T17:00:00+00:00,Espanyol,Valencia,1,2026-10-08T17:33:29Z,CAPTURED,2,2,
1390873,/fixtures/lineups,Spain,140,La Liga,2025,Regular Season - 6,2025-09-24T17:00:00+00:00,Getafe,Alaves,1,2026-10-08T17:33:29Z,CAPTURED,2,2,
1390874,/fixtures/lineups,Spain,140,La Liga,2025,Regular Season - 6,2025-09-23T19:30:00+00:00,Levante,Real Madrid,1,2026-10-08T17:33:29Z,CAPTURED,2,2,
1390875,/fixtures/lineups,Spain,140,La Liga,2025,Regular Season - 6,2025-09-25T17:30:00+00:00,Osasuna,Elche,1,2026-10-08T17:33:29Z,CAPTURED,2,2,
1390876,/fixtures/lineups,Spain,140,La Liga,2025,Regular Season - 6,2025-09-24T19:30:00+00:00,Real Sociedad,Mallorca,1,2026-10-08T17:33:29Z,CAPTURED,2,2,
1390877,/fixtures/lineups,Spain,140,La Liga,2025,Regular Season - 6,2025-09-25T19:30:00+00:00,Oviedo,Barcelona,1,2026-10-08T17:33:29Z,CAPTURED,2,2,
1390878,/fixtures/lineups,Spain,140,La Liga,2025,Regular Season - 6,2025-09-23T19:30:00+00:00,Sevilla,Villarreal,1,2026-10-08T17:33:29Z,CAPTURED,2,2,
1390879,/fixtures/lineups,Spain,140,La Liga,2025,Regular Season - 7,2025-09-27T14:15:00+00:00,Atletico Madrid,Real Madrid,1,2026-10-08T17:33:29Z,CAPTURED,2,2,
1390880,/fixtures/lineups,Spain,140,La Liga,2025,Regular Season - 7,2025-09-28T16:30:00+00:00,Barcelona,Real Sociedad,1,2026-10-08T17:33:29Z,CAPTURED,2,2,
1390881,/fixtures/lineups,Spain,140,La Liga,2025,Regular Season - 7,2025-09-28T19:00:00+00:00,Real Betis,Osasuna,1,2026-10-08T17:33:29Z,CAPTURED,2,2,
1390882,/fixtures/lineups,Spain,140,La Liga,2025,Regular Season - 7,2025-09-28T14:15:00+00:00,Elche,Celta Vigo,1,2026-10-08T17:33:29Z,CAPTURED,2,2,
1390883,/fixtures/lineups,Spain,140,La Liga,2025,Regular Season - 7,2025-09-27T12:00:00+00:00,Getafe,Levante,1,2026-10-08T17:33:29Z,CAPTURED,2,2,
1390884,/fixtures/lineups,Spain,140,La Liga,2025,Regular Season - 7,2025-09-26T19:00:00+00:00,Girona,Espanyol,1,2026-10-08T17:33:29Z,CAPTURED,2,2,
1390885,/fixtures/lineups,Spain,140,La Liga,2025,Regular Season - 7,2025-09-27T16:30:00+00:00,Mallorca,Alaves,1,2026-10-08T17:33:29Z,CAPTURED,2,2,
1390886,/fixtures/lineups,Spain,140,La Liga,2025,Regular Season - 7,2025-09-28T12:00:00+00:00,Rayo Vallecano,Sevilla,1,2026-10-08T17:33:29Z,CAPTURED,2,2,
1390887,/fixtures/lineups,Spain,140,La Liga,2025,Regular Season - 7,2025-09-30T18:00:00+00:00,Valencia,Oviedo,1,2026-10-08T17:33:29Z,CAPTURED,2,2,
1390888,/fixtures/lineups,Spain,140,La Liga,2025,Regular Season - 7,2025-09-27T19:00:00+00:00,Villarreal,Athletic Club,1,2026-10-08T17:33:29Z,CAPTURED,2,2,
1390889,/fixtures/lineups,Spain,140,La Liga,2025,Regular Season - 8,2025-10-05T12:00:00+00:00,Alaves,Elche,1,2026-10-08T17:33:29Z,CAPTURED,2,2,
1390890,/fixtures/lineups,Spain,140,La Liga,2025,Regular Season - 8,2025-10-04T16:30:00+00:00,Athletic Club,Mallorca,1,2026-10-08T17:33:29Z,CAPTURED,2,2,
1390891,/fixtures/lineups,Spain,140,La Liga,2025,Regular Season - 8,2025-10-05T19:00:00+00:00,Celta Vigo,Atletico Madrid,1,2026-10-08T17:33:29Z,CAPTURED,2,2,
1390892,/fixtures/lineups,Spain,140,La Liga,2025,Regular Season - 8,2025-10-05T16:30:00+00:00,Espanyol,Real Betis,1,2026-10-08T17:33:29Z,CAPTURED,2,2,
1390893,/fixtures/lineups,Spain,140,La Liga,2025,Regular Season - 8,2025-10-04T14:15:00+00:00,Girona,Valencia,1,2026-10-08T17:33:29Z,CAPTURED,2,2,
1390894,/fixtures/lineups,Spain,140,La Liga,2025,Regular Season - 8,2025-10-03T19:00:00+00:00,Osasuna,Getafe,1,2026-10-08T17:33:29Z,CAPTURED,2,2,
1390895,/fixtures/lineups,Spain,140,La Liga,2025,Regular Season - 8,2025-10-04T19:00:00+00:00,Real Madrid,Villarreal,1,2026-10-08T17:33:29Z,CAPTURED,2,2,
1390896,/fixtures/lineups,Spain,140,La Liga,2025,Regular Season - 8,2025-10-05T16:30:00+00:00,Real Sociedad,Rayo Vallecano,1,2026-10-08T17:33:29Z,CAPTURED,2,2,
1390897,/fixtures/lineups,Spain,140,La Liga,2025,Regular Season - 8,2025-10-04T12:00:00+00:00,Oviedo,Levante,1,2026-10-08T17:33:29Z,CAPTURED,2,2,
1390898,/fixtures/lineups,Spain,140,La Liga,2025,Regular Season - 8,2025-10-05T14:15:00+00:00,Sevilla,Barcelona,1,2026-10-08T17:33:29Z,CAPTURED,2,2,
1390900,/fixtures/lineups,Spain,140,La Liga,2025,Regular Season - 9,2025-10-18T19:00:00+00:00,Atletico Madrid,Osasuna,1,2026-10-08T17:33:29Z,CAPTURED,2,2,
1390901,/fixtures/lineups,Spain,140,La Liga,2025,Regular Season - 9,2025-10-18T14:15:00+00:00,Barcelona,Girona,1,2026-10-08T17:33:29Z,CAPTURED,2,2,
1390902,/fixtures/lineups,Spain,140,La Liga,2025,Regular Season - 9,2025-10-19T14:15:00+00:00,Celta Vigo,Real Sociedad,1,2026-10-08T17:33:29Z,CAPTURED,2,2,
1390903,/fixtures/lineups,Spain,140,La Liga,2025,Regular Season - 9,2025-10-19T12:00:00+00:00,Elche,Athletic Club,1,2026-10-08T17:33:29Z,CAPTURED,2,2,
1390905,/fixtures/lineups,Spain,140,La Liga,2025,Regular Season - 9,2025-10-19T16:30:00+00:00,Levante,Rayo Vallecano,1,2026-10-08T17:33:29Z,CAPTURED,2,2,
1390906,/fixtures/lineups,Spain,140,La Liga,2025,Regular Season - 9,2025-10-17T19:00:00+00:00,Oviedo,Espanyol,1,2026-10-08T17:33:29Z,CAPTURED,2,2,
1390907,/fixtures/lineups,Spain,140,La Liga,2025,Regular Season - 9,2025-10-18T12:00:00+00:00,Sevilla,Mallorca,1,2026-10-08T17:33:29Z,CAPTURED,2,2,
1390908,/fixtures/lineups,Spain,140,La Liga,2025,Regular Season - 9,2025-10-18T16:30:00+00:00,Villarreal,Real Betis,1,2026-10-08T17:33:29Z,CAPTURED,2,2,
1390899,/fixtures/lineups,Spain,140,La Liga,2025,Regular Season - 9,2025-10-20T19:00:00+00:00,Alaves,Valencia,1,2026-10-08T21:32:43Z,CAPTURED,2,2,
1390904,/fixtures/lineups,Spain,140,La Liga,2025,Regular Season - 9,2025-10-19T19:00:00+00:00,Getafe,Real Madrid,1,2026-10-08T21:32:43Z,CAPTURED,2,2,
1390909,/fixtures/lineups,Spain,140,La Liga,2025,Regular Season - 10,2025-10-25T16:30:00+00:00,Athletic Club,Getafe,1,2026-10-08T21:32:43Z,CAPTURED,2,2,
1390910,/fixtures/lineups,Spain,140,La Liga,2025,Regular Season - 10,2025-10-27T20:00:00+00:00,Real Betis,Atletico Madrid,1,2026-10-08T21:32:43Z,CAPTURED,2,2,
1390911,/fixtures/lineups,Spain,140,La Liga,2025,Regular Season - 10,2025-10-25T14:15:00+00:00,Espanyol,Elche,1,2026-10-08T21:32:43Z,CAPTURED,2,2,
1390912,/fixtures/lineups,Spain,140,La Liga,2025,Regular Season - 10,2025-10-25T12:00:00+00:00,Girona,Oviedo,1,2026-10-08T21:32:43Z,CAPTURED,2,2,
1390913,/fixtures/lineups,Spain,140,La Liga,2025,Regular Season - 10,2025-10-26T13:00:00+00:00,Mallorca,Levante,1,2026-10-08T21:32:43Z,CAPTURED,2,2,
1390914,/fixtures/lineups,Spain,140,La Liga,2025,Regular Season - 10,2025-10-26T17:30:00+00:00,Osasuna,Celta Vigo,1,2026-10-08T21:32:43Z,CAPTURED,2,2,
1390915,/fixtures/lineups,Spain,140,La Liga,2025,Regular Season - 10,2025-10-26T20:00:00+00:00,Rayo Vallecano,Alaves,1,2026-10-08T21:32:43Z,CAPTURED,2,2,
1390916,/fixtures/lineups,Spain,140,La Liga,2025,Regular Season - 10,2025-10-26T15:15:00+00:00,Real Madrid,Barcelona,1,2026-10-08T21:32:43Z,CAPTURED,2,2,
1390917,/fixtures/lineups,Spain,140,La Liga,2025,Regular Season - 10,2025-10-24T19:00:00+00:00,Real Sociedad,Sevilla,1,2026-10-08T21:32:43Z,CAPTURED,2,2,
1390918,/fixtures/lineups,Spain,140,La Liga,2025,Regular Season - 10,2025-10-25T19:00:00+00:00,Valencia,Villarreal,1,2026-10-08T21:32:43Z,CAPTURED,2,2,
1390919,/fixtures/lineups,Spain,140,La Liga,2025,Regular Season - 11,2025-11-02T15:15:00+00:00,Alaves,Espanyol,1,2026-10-08T21:32:43Z,CAPTURED,2,2,
1390920,/fixtures/lineups,Spain,140,La Liga,2025,Regular Season - 11,2025-11-01T15:15:00+00:00,Atletico Madrid,Sevilla,1,2026-10-08T21:32:43Z,CAPTURED,2,2,
1390921,/fixtures/lineups,Spain,140,La Liga,2025,Regular Season - 11,2025-11-02T17:30:00+00:00,Barcelona,Elche,1,2026-10-08T21:32:43Z,CAPTURED,2,2,
1390922,/fixtures/lineups,Spain,140,La Liga,2025,Regular Season - 11,2025-11-02T20:00:00+00:00,Real Betis,Mallorca,1,2026-10-08T21:32:43Z,CAPTURED,2,2,
1390923,/fixtures/lineups,Spain,140,La Liga,2025,Regular Season - 11,2025-10-31T20:00:00+00:00,Getafe,Girona,1,2026-10-08T21:32:43Z,CAPTURED,2,2,
1390924,/fixtures/lineups,Spain,140,La Liga,2025,Regular Season - 11,2025-11-02T13:00:00+00:00,Levante,Celta Vigo,1,2026-10-08T21:32:43Z,CAPTURED,2,2,
1390925,/fixtures/lineups,Spain,140,La Liga,2025,Regular Season - 11,2025-11-01T20:00:00+00:00,Real Madrid,Valencia,1,2026-10-08T21:32:43Z,CAPTURED,2,2,
1390926,/fixtures/lineups,Spain,140,La Liga,2025,Regular Season - 11,2025-11-01T17:30:00+00:00,Real Sociedad,Athletic Club,1,2026-10-08T21:32:43Z,CAPTURED,2,2,
1390927,/fixtures/lineups,Spain,140,La Liga,2025,Regular Season - 11,2025-11-03T20:00:00+00:00,Oviedo,Osasuna,1,2026-10-08T21:32:43Z,CAPTURED,2,2,
1390928,/fixtures/lineups,Spain,140,La Liga,2025,Regular Season - 11,2025-11-01T13:00:00+00:00,Villarreal,Rayo Vallecano,1,2026-10-08T21:32:43Z,CAPTURED,2,2,
1390929,/fixtures/lineups,Spain,140,La Liga,2025,Regular Season - 12,2025-11-09T13:00:00+00:00,Athletic Club,Oviedo,1,2026-10-08T21:32:43Z,CAPTURED,2,2,
1390930,/fixtures/lineups,Spain,140,La Liga,2025,Regular Season - 12,2025-11-08T17:30:00+00:00,Atletico Madrid,Levante,1,2026-10-08T21:32:43Z,CAPTURED,2,2,
1390931,/fixtures/lineups,Spain,140,La Liga,2025,Regular Season - 12,2025-11-09T20:00:00+00:00,Celta Vigo,Barcelona,1,2026-10-08T21:32:43Z,CAPTURED,2,2,
1390932,/fixtures/lineups,Spain,140,La Liga,2025,Regular Season - 12,2025-11-07T20:00:00+00:00,Elche,Real Sociedad,1,2026-10-08T21:32:43Z,CAPTURED,2,2,
1390933,/fixtures/lineups,Spain,140,La Liga,2025,Regular Season - 12,2025-11-08T20:00:00+00:00,Espanyol,Villarreal,1,2026-10-08T21:32:43Z,CAPTURED,2,2,
1390934,/fixtures/lineups,Spain,140,La Liga,2025,Regular Season - 12,2025-11-08T13:00:00+00:00,Girona,Alaves,1,2026-10-08T21:32:43Z,CAPTURED,2,2,
1390935,/fixtures/lineups,Spain,140,La Liga,2025,Regular Season - 12,2025-11-09T17:30:00+00:00,Mallorca,Getafe,1,2026-10-08T21:32:43Z,CAPTURED,2,2,
1390936,/fixtures/lineups,Spain,140,La Liga,2025,Regular Season - 12,2025-11-09T15:15:00+00:00,Rayo Vallecano,Real Madrid,1,2026-10-08T21:32:43Z,CAPTURED,2,2,
1390937,/fixtures/lineups,Spain,140,La Liga,2025,Regular Season - 12,2025-11-08T15:15:00+00:00,Sevilla,Osasuna,1,2026-10-08T21:32:43Z,CAPTURED,2,2,
1390938,/fixtures/lineups,Spain,140,La Liga,2025,Regular Season - 12,2025-11-09T17:30:00+00:00,Valencia,Real Betis,1,2026-10-08T21:32:43Z,CAPTURED,2,2,
1390939,/fixtures/lineups,Spain,140,La Liga,2025,Regular Season - 13,2025-11-22T13:00:00+00:00,Alaves,Celta Vigo,1,2026-10-08T21:32:43Z,CAPTURED,2,2,
1390940,/fixtures/lineups,Spain,140,La Liga,2025,Regular Season - 13,2025-11-22T15:15:00+00:00,Barcelona,Athletic Club,1,2026-10-08T21:32:43Z,CAPTURED,2,2,
1390941,/fixtures/lineups,Spain,140,La Liga,2025,Regular Season - 13,2025-11-23T15:15:00+00:00,Real Betis,Girona,1,2026-10-08T21:32:43Z,CAPTURED,2,2,
1390942,/fixtures/lineups,Spain,140,La Liga,2025,Regular Season - 13,2025-11-23T20:00:00+00:00,Elche,Real Madrid,1,2026-10-08T21:32:43Z,CAPTURED,2,2,
1390943,/fixtures/lineups,Spain,140,La Liga,2025,Regular Season - 13,2025-11-24T20:00:00+00:00,Espanyol,Sevilla,1,2026-10-08T21:32:43Z,CAPTURED,2,2,
1390944,/fixtures/lineups,Spain,140,La Liga,2025,Regular Season - 13,2025-11-23T17:30:00+00:00,Getafe,Atletico Madrid,1,2026-10-08T21:32:43Z,CAPTURED,2,2,
1390945,/fixtures/lineups,Spain,140,La Liga,2025,Regular Season - 13,2025-11-22T17:30:00+00:00,Osasuna,Real Sociedad,1,2026-10-08T21:32:43Z,CAPTURED,2,2,
1390946,/fixtures/lineups,Spain,140,La Liga,2025,Regular Season - 13,2025-11-23T13:00:00+00:00,Oviedo,Rayo Vallecano,1,2026-10-08T21:32:43Z,CAPTURED,2,2,
1390947,/fixtures/lineups,Spain,140,La Liga,2025,Regular Season - 13,2025-11-21T20:00:00+00:00,Valencia,Levante,1,2026-10-08T21:32:43Z,CAPTURED,2,2,
1390948,/fixtures/lineups,Spain,140,La Liga,2025,Regular Season - 13,2025-11-22T20:00:00+00:00,Villarreal,Mallorca,1,2026-10-08T21:32:43Z,CAPTURED,2,2,
1390949,/fixtures/lineups,Spain,140,La Liga,2025,Regular Season - 14,2025-11-29T20:00:00+00:00,Atletico Madrid,Oviedo,1,2026-10-08T21:32:43Z,CAPTURED,2,2,
1390950,/fixtures/lineups,Spain,140,La Liga,2025,Regular Season - 14,2025-11-29T15:15:00+00:00,Barcelona,Alaves,1,2026-10-08T21:32:43Z,CAPTURED,2,2,
1390951,/fixtures/lineups,Spain,140,La Liga,2025,Regular Season - 14,2025-11-30T17:30:00+00:00,Celta Vigo,Espanyol,1,2026-10-08T21:32:43Z,CAPTURED,2,2,
1390952,/fixtures/lineups,Spain,140,La Liga,2025,Regular Season - 14,2025-11-28T20:00:00+00:00,Getafe,Elche,1,2026-10-08T21:32:43Z,CAPTURED,2,2,
1390954,/fixtures/lineups,Spain,140,La Liga,2025,Regular Season - 14,2025-11-29T17:30:00+00:00,Levante,Athletic Club,1,2026-10-08T21:32:43Z,CAPTURED,2,2,
1390955,/fixtures/lineups,Spain,140,La Liga,2025,Regular Season - 14,2025-11-29T13:00:00+00:00,Mallorca,Osasuna,1,2026-10-08T21:32:43Z,CAPTURED,2,2,
1390957,/fixtures/lineups,Spain,140,La Liga,2025,Regular Season - 14,2025-11-30T13:00:00+00:00,Real Sociedad,Villarreal,1,2026-10-08T21:32:43Z,CAPTURED,2,2,
1390958,/fixtures/lineups,Spain,140,La Liga,2025,Regular Season - 14,2025-11-30T15:15:00+00:00,Sevilla,Real Betis,1,2026-10-08T21:32:43Z,CAPTURED,2,2,
1390953,/fixtures/lineups,Spain,140,La Liga,2025,Regular Season - 14,2025-11-30T20:00:00+00:00,Girona,Real Madrid,1,2026-10-09T01:33:51Z,CAPTURED,2,2,
1390956,/fixtures/lineups,Spain,140,La Liga,2025,Regular Season - 14,2025-12-01T20:00:00+00:00,Rayo Vallecano,Valencia,1,2026-10-09T01:33:51Z,CAPTURED,2,2,
1390959,/fixtures/lineups,Spain,140,La Liga,2025,Regular Season - 15,2025-12-06T15:15:00+00:00,Alaves,Real Sociedad,1,2026-10-09T01:33:51Z,CAPTURED,2,2,
1390960,/fixtures/lineups,Spain,140,La Liga,2025,Regular Season - 15,2025-12-06T20:00:00+00:00,Athletic Club,Atletico Madrid,1,2026-10-09T01:33:51Z,CAPTURED,2,2,
1390961,/fixtures/lineups,Spain,140,La Liga,2025,Regular Season - 15,2025-12-06T17:30:00+00:00,Real Betis,Barcelona,1,2026-10-09T01:33:51Z,CAPTURED,2,2,
1390962,/fixtures/lineups,Spain,140,La Liga,2025,Regular Season - 15,2025-12-07T13:00:00+00:00,Elche,Girona,1,2026-10-09T01:33:51Z,CAPTURED,2,2,
1390963,/fixtures/lineups,Spain,140,La Liga,2025,Regular Season - 15,2025-12-07T17:30:00+00:00,Espanyol,Rayo Vallecano,1,2026-10-09T01:33:51Z,CAPTURED,2,2,
1390964,/fixtures/lineups,Spain,140,La Liga,2025,Regular Season - 15,2025-12-08T20:00:00+00:00,Osasuna,Levante,1,2026-10-09T01:33:51Z,CAPTURED,2,2,
1390965,/fixtures/lineups,Spain,140,La Liga,2025,Regular Season - 15,2025-12-07T20:00:00+00:00,Real Madrid,Celta Vigo,1,2026-10-09T01:33:51Z,CAPTURED,2,2,
1390966,/fixtures/lineups,Spain,140,La Liga,2025,Regular Season - 15,2025-12-05T20:00:00+00:00,Oviedo,Mallorca,1,2026-10-09T01:33:51Z,CAPTURED,2,2,
1390967,/fixtures/lineups,Spain,140,La Liga,2025,Regular Season - 15,2025-12-07T15:15:00+00:00,Valencia,Sevilla,1,2026-10-09T01:33:51Z,CAPTURED,2,2,
1390968,/fixtures/lineups,Spain,140,La Liga,2025,Regular Season - 15,2025-12-06T13:00:00+00:00,Villarreal,Getafe,1,2026-10-09T01:33:51Z,CAPTURED,2,2,
1390969,/fixtures/lineups,Spain,140,La Liga,2025,Regular Season - 16,2025-12-14T20:00:00+00:00,Alaves,Real Madrid,1,2026-10-09T01:33:51Z,CAPTURED,2,2,
1390970,/fixtures/lineups,Spain,140,La Liga,2025,Regular Season - 16,2025-12-13T13:00:00+00:00,Atletico Madrid,Valencia,1,2026-10-09T01:33:51Z,CAPTURED,2,2,
1390971,/fixtures/lineups,Spain,140,La Liga,2025,Regular Season - 16,2025-12-13T17:30:00+00:00,Barcelona,Osasuna,1,2026-10-09T01:33:51Z,CAPTURED,2,2,
1390972,/fixtures/lineups,Spain,140,La Liga,2025,Regular Season - 16,2025-12-14T15:15:00+00:00,Celta Vigo,Athletic Club,1,2026-10-09T01:33:51Z,CAPTURED,2,2,
1390973,/fixtures/lineups,Spain,140,La Liga,2025,Regular Season - 16,2025-12-13T20:00:00+00:00,Getafe,Espanyol,1,2026-10-09T01:33:51Z,CAPTURED,2,2,
1390975,/fixtures/lineups,Spain,140,La Liga,2025,Regular Season - 16,2025-12-13T15:15:00+00:00,Mallorca,Elche,1,2026-10-09T01:33:51Z,CAPTURED,2,2,
1390976,/fixtures/lineups,Spain,140,La Liga,2025,Regular Season - 16,2025-12-15T20:00:00+00:00,Rayo Vallecano,Real Betis,1,2026-10-09T01:33:51Z,CAPTURED,2,2,
1390977,/fixtures/lineups,Spain,140,La Liga,2025,Regular Season - 16,2025-12-12T20:00:00+00:00,Real Sociedad,Girona,1,2026-10-09T01:33:51Z,CAPTURED,2,2,
1390978,/fixtures/lineups,Spain,140,La Liga,2025,Regular Season - 16,2025-12-14T13:00:00+00:00,Sevilla,Oviedo,1,2026-10-09T01:33:51Z,CAPTURED,2,2,
1390979,/fixtures/lineups,Spain,140,La Liga,2025,Regular Season - 17,2025-12-22T20:00:00+00:00,Athletic Club,Espanyol,1,2026-10-09T01:33:51Z,CAPTURED,2,2,
1390980,/fixtures/lineups,Spain,140,La Liga,2025,Regular Season - 17,2025-12-21T20:00:00+00:00,Real Betis,Getafe,1,2026-10-09T01:33:51Z,CAPTURED,2,2,
1390981,/fixtures/lineups,Spain,140,La Liga,2025,Regular Season - 17,2025-12-21T17:30:00+00:00,Elche,Rayo Vallecano,1,2026-10-09T01:33:51Z,CAPTURED,2,2,
1390982,/fixtures/lineups,Spain,140,La Liga,2025,Regular Season - 17,2025-12-21T13:00:00+00:00,Girona,Atletico Madrid,1,2026-10-09T01:33:51Z,CAPTURED,2,2,
1390983,/fixtures/lineups,Spain,140,La Liga,2025,Regular Season - 17,2025-12-20T15:15:00+00:00,Levante,Real Sociedad,1,2026-10-09T01:33:51Z,CAPTURED,2,2,
1390984,/fixtures/lineups,Spain,140,La Liga,2025,Regular Season - 17,2025-12-20T17:30:00+00:00,Osasuna,Alaves,1,2026-10-09T01:33:51Z,CAPTURED,2,2,
1390985,/fixtures/lineups,Spain,140,La Liga,2025,Regular Season - 17,2025-12-20T20:00:00+00:00,Real Madrid,Sevilla,1,2026-10-09T01:33:51Z,CAPTURED,2,2,
1390986,/fixtures/lineups,Spain,140,La Liga,2025,Regular Season - 17,2025-12-20T13:00:00+00:00,Oviedo,Celta Vigo,1,2026-10-09T01:33:51Z,CAPTURED,2,2,
1390987,/fixtures/lineups,Spain,140,La Liga,2025,Regular Season - 17,2025-12-19T20:00:00+00:00,Valencia,Mallorca,1,2026-10-09T01:33:51Z,CAPTURED,2,2,
1390988,/fixtures/lineups,Spain,140,La Liga,2025,Regular Season - 17,2025-12-21T15:15:00+00:00,Villarreal,Barcelona,1,2026-10-09T01:33:51Z,CAPTURED,2,2,
1390989,/fixtures/lineups,Spain,140,La Liga,2025,Regular Season - 18,2026-01-04T17:30:00+00:00,Alaves,Oviedo,1,2026-10-09T01:33:51Z,CAPTURED,2,2,
1390990,/fixtures/lineups,Spain,140,La Liga,2025,Regular Season - 18,2026-01-03T13:00:00+00:00,Celta Vigo,Valencia,1,2026-10-09T01:33:51Z,CAPTURED,2,2,
1390991,/fixtures/lineups,Spain,140,La Liga,2025,Regular Season - 18,2026-01-03T17:30:00+00:00,Elche,Villarreal,1,2026-10-09T01:33:51Z,CAPTURED,2,2,
1390992,/fixtures/lineups,Spain,140,La Liga,2025,Regular Season - 18,2026-01-03T20:00:00+00:00,Espanyol,Barcelona,1,2026-10-09T01:33:51Z,CAPTURED,2,2,
1390993,/fixtures/lineups,Spain,140,La Liga,2025,Regular Season - 18,2026-01-04T17:30:00+00:00,Mallorca,Girona,1,2026-10-09T01:33:51Z,CAPTURED,2,2,
1390994,/fixtures/lineups,Spain,140,La Liga,2025,Regular Season - 18,2026-01-03T15:15:00+00:00,Osasuna,Athletic Club,1,2026-10-09T01:33:51Z,CAPTURED,2,2,
1390995,/fixtures/lineups,Spain,140,La Liga,2025,Regular Season - 18,2026-01-02T20:00:00+00:00,Rayo Vallecano,Getafe,1,2026-10-09T01:33:51Z,CAPTURED,2,2,
1390996,/fixtures/lineups,Spain,140,La Liga,2025,Regular Season - 18,2026-01-04T15:15:00+00:00,Real Madrid,Real Betis,1,2026-10-09T01:33:51Z,CAPTURED,2,2,
1390997,/fixtures/lineups,Spain,140,La Liga,2025,Regular Season - 18,2026-01-04T20:00:00+00:00,Real Sociedad,Atletico Madrid,1,2026-10-09T01:33:51Z,CAPTURED,2,2,
1390998,/fixtures/lineups,Spain,140,La Liga,2025,Regular Season - 18,2026-01-04T13:00:00+00:00,Sevilla,Levante,1,2026-10-09T01:33:51Z,CAPTURED,2,2,
1390999,/fixtures/lineups,Spain,140,La Liga,2025,Regular Season - 19,2025-12-03T18:00:00+00:00,Athletic Club,Real Madrid,1,2026-10-09T01:33:51Z,CAPTURED,2,2,
1391000,/fixtures/lineups,Spain,140,La Liga,2025,Regular Season - 19,2025-12-02T20:00:00+00:00,Barcelona,Atletico Madrid,1,2026-10-09T01:33:51Z,CAPTURED,2,2,
1391001,/fixtures/lineups,Spain,140,La Liga,2025,Regular Season - 19,2026-01-09T20:00:00+00:00,Getafe,Real Sociedad,1,2026-10-09T01:33:51Z,CAPTURED,2,2,
1391002,/fixtures/lineups,Spain,140,La Liga,2025,Regular Season - 19,2026-01-10T17:30:00+00:00,Girona,Osasuna,1,2026-10-09T01:33:51Z,CAPTURED,2,2,
1391003,/fixtures/lineups,Spain,140,La Liga,2025,Regular Season - 19,2026-01-11T15:15:00+00:00,Levante,Espanyol,1,2026-10-09T01:33:51Z,CAPTURED,2,2,
1391004,/fixtures/lineups,Spain,140,La Liga,2025,Regular Season - 19,2026-01-11T13:00:00+00:00,Rayo Vallecano,Mallorca,1,2026-10-09T01:33:51Z,CAPTURED,2,2,
1391005,/fixtures/lineups,Spain,140,La Liga,2025,Regular Season - 19,2026-01-10T13:00:00+00:00,Oviedo,Real Betis,1,2026-10-09T01:33:51Z,CAPTURED,2,2,
1391007,/fixtures/lineups,Spain,140,La Liga,2025,Regular Season - 19,2026-01-10T20:00:00+00:00,Valencia,Elche,1,2026-10-09T01:33:51Z,CAPTURED,2,2,
1391008,/fixtures/lineups,Spain,140,La Liga,2025,Regular Season - 19,2026-01-10T15:15:00+00:00,Villarreal,Alaves,1,2026-10-09T01:33:51Z,CAPTURED,2,2,
1391006,/fixtures/lineups,Spain,140,La Liga,2025,Regular Season - 19,2026-01-12T20:00:00+00:00,Sevilla,Celta Vigo,1,2026-10-09T05:33:51Z,CAPTURED,2,2,
1391009,/fixtures/lineups,Spain,140,La Liga,2025,Regular Season - 20,2026-01-18T15:15:00+00:00,Atletico Madrid,Alaves,1,2026-10-09T05:33:51Z,CAPTURED,2,2,
1391010,/fixtures/lineups,Spain,140,La Liga,2025,Regular Season - 20,2026-01-17T20:00:00+00:00,Real Betis,Villarreal,1,2026-10-09T05:33:51Z,CAPTURED,2,2,
1391011,/fixtures/lineups,Spain,140,La Liga,2025,Regular Season - 20,2026-01-18T17:30:00+00:00,Celta Vigo,Rayo Vallecano,1,2026-10-09T05:33:51Z,CAPTURED,2,2,
1391012,/fixtures/lineups,Spain,140,La Liga,2025,Regular Season - 20,2026-01-19T20:00:00+00:00,Elche,Sevilla,1,2026-10-09T05:33:51Z,CAPTURED,2,2,
1391013,/fixtures/lineups,Spain,140,La Liga,2025,Regular Season - 20,2026-01-16T20:00:00+00:00,Espanyol,Girona,1,2026-10-09T05:33:51Z,CAPTURED,2,2,
1391014,/fixtures/lineups,Spain,140,La Liga,2025,Regular Season - 20,2026-01-18T13:00:00+00:00,Getafe,Valencia,1,2026-10-09T05:33:51Z,CAPTURED,2,2,
1391015,/fixtures/lineups,Spain,140,La Liga,2025,Regular Season - 20,2026-01-17T15:15:00+00:00,Mallorca,Athletic Club,1,2026-10-09T05:33:51Z,CAPTURED,2,2,
1391016,/fixtures/lineups,Spain,140,La Liga,2025,Regular Season - 20,2026-01-17T17:30:00+00:00,Osasuna,Oviedo,1,2026-10-09T05:33:51Z,CAPTURED,2,2,
1391017,/fixtures/lineups,Spain,140,La Liga,2025,Regular Season - 20,2026-01-17T13:00:00+00:00,Real Madrid,Levante,1,2026-10-09T05:33:51Z,CAPTURED,2,2,
1391018,/fixtures/lineups,Spain,140,La Liga,2025,Regular Season - 20,2026-01-18T20:00:00+00:00,Real Sociedad,Barcelona,1,2026-10-09T05:33:51Z,CAPTURED,2,2,
1391019,/fixtures/lineups,Spain,140,La Liga,2025,Regular Season - 21,2026-01-25T20:00:00+00:00,Alaves,Real Betis,1,2026-10-09T05:33:51Z,CAPTURED,2,2,
1391020,/fixtures/lineups,Spain,140,La Liga,2025,Regular Season - 21,2026-01-25T13:00:00+00:00,Atletico Madrid,Mallorca,1,2026-10-09T05:33:51Z,CAPTURED,2,2,
1391021,/fixtures/lineups,Spain,140,La Liga,2025,Regular Season - 21,2026-01-25T15:15:00+00:00,Barcelona,Oviedo,1,2026-10-09T05:33:51Z,CAPTURED,2,2,
1391022,/fixtures/lineups,Spain,140,La Liga,2025,Regular Season - 21,2026-01-26T20:00:00+00:00,Girona,Getafe,1,2026-10-09T05:33:51Z,CAPTURED,2,2,
1391023,/fixtures/lineups,Spain,140,La Liga,2025,Regular Season - 21,2026-01-23T20:00:00+00:00,Levante,Elche,1,2026-10-09T05:33:51Z,CAPTURED,2,2,
1391024,/fixtures/lineups,Spain,140,La Liga,2025,Regular Season - 21,2026-01-24T13:00:00+00:00,Rayo Vallecano,Osasuna,1,2026-10-09T05:33:51Z,CAPTURED,2,2,
1391025,/fixtures/lineups,Spain,140,La Liga,2025,Regular Season - 21,2026-01-25T17:30:00+00:00,Real Sociedad,Celta Vigo,1,2026-10-09T05:33:51Z,CAPTURED,2,2,
1391026,/fixtures/lineups,Spain,140,La Liga,2025,Regular Season - 21,2026-01-24T17:30:00+00:00,Sevilla,Athletic Club,1,2026-10-09T05:33:51Z,CAPTURED,2,2,
1391027,/fixtures/lineups,Spain,140,La Liga,2025,Regular Season - 21,2026-01-24T15:15:00+00:00,Valencia,Espanyol,1,2026-10-09T05:33:51Z,CAPTURED,2,2,
1391028,/fixtures/lineups,Spain,140,La Liga,2025,Regular Season - 21,2026-01-24T20:00:00+00:00,Villarreal,Real Madrid,1,2026-10-09T05:33:51Z,CAPTURED,2,2,
1391029,/fixtures/lineups,Spain,140,La Liga,2025,Regular Season - 22,2026-02-01T20:00:00+00:00,Athletic Club,Real Sociedad,1,2026-10-09T05:33:51Z,CAPTURED,2,2,
1391030,/fixtures/lineups,Spain,140,La Liga,2025,Regular Season - 22,2026-02-01T15:15:00+00:00,Real Betis,Valencia,1,2026-10-09T05:33:51Z,CAPTURED,2,2,
1391031,/fixtures/lineups,Spain,140,La Liga,2025,Regular Season - 22,2026-01-31T20:00:00+00:00,Elche,Barcelona,1,2026-10-09T05:33:51Z,CAPTURED,2,2,
1391032,/fixtures/lineups,Spain,140,La Liga,2025,Regular Season - 22,2026-01-30T20:00:00+00:00,Espanyol,Alaves,1,2026-10-09T05:33:51Z,CAPTURED,2,2,
1391033,/fixtures/lineups,Spain,140,La Liga,2025,Regular Season - 22,2026-02-01T17:30:00+00:00,Getafe,Celta Vigo,1,2026-10-09T05:33:51Z,CAPTURED,2,2,
1391034,/fixtures/lineups,Spain,140,La Liga,2025,Regular Season - 22,2026-01-31T17:30:00+00:00,Levante,Atletico Madrid,1,2026-10-09T05:33:51Z,CAPTURED,2,2,
1391035,/fixtures/lineups,Spain,140,La Liga,2025,Regular Season - 22,2026-02-02T20:00:00+00:00,Mallorca,Sevilla,1,2026-10-09T05:33:51Z,CAPTURED,2,2,
1391036,/fixtures/lineups,Spain,140,La Liga,2025,Regular Season - 22,2026-01-31T15:15:00+00:00,Osasuna,Villarreal,1,2026-10-09T05:33:51Z,CAPTURED,2,2,
1391037,/fixtures/lineups,Spain,140,La Liga,2025,Regular Season - 22,2026-02-01T13:00:00+00:00,Real Madrid,Rayo Vallecano,1,2026-10-09T05:33:51Z,CAPTURED,2,2,
1391038,/fixtures/lineups,Spain,140,La Liga,2025,Regular Season - 22,2026-01-31T13:00:00+00:00,Oviedo,Girona,1,2026-10-09T05:33:51Z,CAPTURED,2,2,
1391039,/fixtures/lineups,Spain,140,La Liga,2025,Regular Season - 23,2026-02-08T13:00:00+00:00,Alaves,Getafe,1,2026-10-09T05:33:51Z,CAPTURED,2,2,
1391040,/fixtures/lineups,Spain,140,La Liga,2025,Regular Season - 23,2026-02-08T15:15:00+00:00,Athletic Club,Levante,1,2026-10-09T05:33:51Z,CAPTURED,2,2,
1391041,/fixtures/lineups,Spain,140,La Liga,2025,Regular Season - 23,2026-02-08T17:30:00+00:00,Atletico Madrid,Real Betis,1,2026-10-09T05:33:51Z,CAPTURED,2,2,
1391042,/fixtures/lineups,Spain,140,La Liga,2025,Regular Season - 23,2026-02-07T15:15:00+00:00,Barcelona,Mallorca,1,2026-10-09T05:33:51Z,CAPTURED,2,2,
1391043,/fixtures/lineups,Spain,140,La Liga,2025,Regular Season - 23,2026-02-06T20:00:00+00:00,Celta Vigo,Osasuna,1,2026-10-09T05:33:51Z,CAPTURED,2,2,
1391045,/fixtures/lineups,Spain,140,La Liga,2025,Regular Season - 23,2026-02-07T20:00:00+00:00,Real Sociedad,Elche,1,2026-10-09T05:33:51Z,CAPTURED,2,2,
1391046,/fixtures/lineups,Spain,140,La Liga,2025,Regular Season - 23,2026-02-08T15:15:00+00:00,Sevilla,Girona,1,2026-10-09T05:33:51Z,CAPTURED,2,2,
1391047,/fixtures/lineups,Spain,140,La Liga,2025,Regular Season - 23,2026-02-08T20:00:00+00:00,Valencia,Real Madrid,1,2026-10-09T05:33:51Z,CAPTURED,2,2,
1391048,/fixtures/lineups,Spain,140,La Liga,2025,Regular Season - 23,2026-02-09T20:00:00+00:00,Villarreal,Espanyol,1,2026-10-09T05:33:51Z,CAPTURED,2,2,
1391049,/fixtures/lineups,Spain,140,La Liga,2025,Regular Season - 24,2026-02-13T20:00:00+00:00,Elche,Osasuna,1,2026-10-09T05:33:51Z,CAPTURED,2,2,
1391050,/fixtures/lineups,Spain,140,La Liga,2025,Regular Season - 24,2026-02-14T13:00:00+00:00,Espanyol,Celta Vigo,1,2026-10-09T05:33:51Z,CAPTURED,2,2,
1391051,/fixtures/lineups,Spain,140,La Liga,2025,Regular Season - 24,2026-02-14T15:15:00+00:00,Getafe,Villarreal,1,2026-10-09T05:33:51Z,CAPTURED,2,2,
1391052,/fixtures/lineups,Spain,140,La Liga,2025,Regular Season - 24,2026-02-16T20:00:00+00:00,Girona,Barcelona,1,2026-10-09T05:33:51Z,CAPTURED,2,2,
1391053,/fixtures/lineups,Spain,140,La Liga,2025,Regular Season - 24,2026-02-15T17:30:00+00:00,Levante,Valencia,1,2026-10-09T05:33:51Z,CAPTURED,2,2,
1391054,/fixtures/lineups,Spain,140,La Liga,2025,Regular Season - 24,2026-02-15T20:00:00+00:00,Mallorca,Real Betis,1,2026-10-09T05:33:51Z,CAPTURED,2,2,
1391055,/fixtures/lineups,Spain,140,La Liga,2025,Regular Season - 24,2026-02-15T15:15:00+00:00,Rayo Vallecano,Atletico Madrid,1,2026-10-09T05:33:51Z,CAPTURED,2,2,
1391056,/fixtures/lineups,Spain,140,La Liga,2025,Regular Season - 24,2026-02-14T20:00:00+00:00,Real Madrid,Real Sociedad,1,2026-10-09T05:33:51Z,CAPTURED,2,2,
1391057,/fixtures/lineups,Spain,140,La Liga,2025,Regular Season - 24,2026-02-15T13:00:00+00:00,Oviedo,Athletic Club,1,2026-10-09T05:33:51Z,CAPTURED,2,2,
1391058,/fixtures/lineups,Spain,140,La Liga,2025,Regular Season - 24,2026-02-14T17:30:00+00:00,Sevilla,Alaves,1,2026-10-09T05:33:51Z,CAPTURED,2,2,
1390974,/fixtures/lineups,Spain,140,La Liga,2025,Regular Season - 16,2026-02-18T19:00:00+00:00,Levante,Villarreal,1,2026-10-09T09:34:53Z,CAPTURED,2,2,
1391044,/fixtures/lineups,Spain,140,La Liga,2025,Regular Season - 23,2026-03-04T18:00:00+00:00,Rayo Vallecano,Oviedo,1,2026-10-09T09:34:53Z,CAPTURED,2,2,
1391059,/fixtures/lineups,Spain,140,La Liga,2025,Regular Season - 25,2026-02-23T20:00:00+00:00,Alaves,Girona,1,2026-10-09T09:34:53Z,CAPTURED,2,2,
1391060,/fixtures/lineups,Spain,140,La Liga,2025,Regular Season - 25,2026-02-20T20:00:00+00:00,Athletic Club,Elche,1,2026-10-09T09:34:53Z,CAPTURED,2,2,
1391061,/fixtures/lineups,Spain,140,La Liga,2025,Regular Season - 25,2026-02-21T20:00:00+00:00,Atletico Madrid,Espanyol,1,2026-10-09T09:34:53Z,CAPTURED,2,2,
1391062,/fixtures/lineups,Spain,140,La Liga,2025,Regular Season - 25,2026-02-22T15:15:00+00:00,Barcelona,Levante,1,2026-10-09T09:34:53Z,CAPTURED,2,2,
1391063,/fixtures/lineups,Spain,140,La Liga,2025,Regular Season - 25,2026-02-21T15:15:00+00:00,Real Betis,Rayo Vallecano,1,2026-10-09T09:34:53Z,CAPTURED,2,2,
1391064,/fixtures/lineups,Spain,140,La Liga,2025,Regular Season - 25,2026-02-22T17:30:00+00:00,Celta Vigo,Mallorca,1,2026-10-09T09:34:53Z,CAPTURED,2,2,
1391065,/fixtures/lineups,Spain,140,La Liga,2025,Regular Season - 25,2026-02-22T13:00:00+00:00,Getafe,Sevilla,1,2026-10-09T09:34:53Z,CAPTURED,2,2,
1391066,/fixtures/lineups,Spain,140,La Liga,2025,Regular Season - 25,2026-02-21T17:30:00+00:00,Osasuna,Real Madrid,1,2026-10-09T09:34:53Z,CAPTURED,2,2,
1391067,/fixtures/lineups,Spain,140,La Liga,2025,Regular Season - 25,2026-02-21T13:00:00+00:00,Real Sociedad,Oviedo,1,2026-10-09T09:34:53Z,CAPTURED,2,2,
1391068,/fixtures/lineups,Spain,140,La Liga,2025,Regular Season - 25,2026-02-22T20:00:00+00:00,Villarreal,Valencia,1,2026-10-09T09:34:53Z,CAPTURED,2,2,
1391069,/fixtures/lineups,Spain,140,La Liga,2025,Regular Season - 26,2026-02-28T15:15:00+00:00,Barcelona,Villarreal,1,2026-10-09T09:34:53Z,CAPTURED,2,2,
1391070,/fixtures/lineups,Spain,140,La Liga,2025,Regular Season - 26,2026-03-01T17:30:00+00:00,Real Betis,Sevilla,1,2026-10-09T09:34:53Z,CAPTURED,2,2,
1391071,/fixtures/lineups,Spain,140,La Liga,2025,Regular Season - 26,2026-03-01T13:00:00+00:00,Elche,Espanyol,1,2026-10-09T09:34:53Z,CAPTURED,2,2,
1391072,/fixtures/lineups,Spain,140,La Liga,2025,Regular Season - 26,2026-03-01T20:00:00+00:00,Girona,Celta Vigo,1,2026-10-09T09:34:53Z,CAPTURED,2,2,
1391073,/fixtures/lineups,Spain,140,La Liga,2025,Regular Season - 26,2026-02-27T20:00:00+00:00,Levante,Alaves,1,2026-10-09T09:34:53Z,CAPTURED,2,2,
1391074,/fixtures/lineups,Spain,140,La Liga,2025,Regular Season - 26,2026-02-28T17:30:00+00:00,Mallorca,Real Sociedad,1,2026-10-09T09:34:53Z,CAPTURED,2,2,
1391075,/fixtures/lineups,Spain,140,La Liga,2025,Regular Season - 26,2026-02-28T13:00:00+00:00,Rayo Vallecano,Athletic Club,1,2026-10-09T09:34:53Z,CAPTURED,2,2,
1391076,/fixtures/lineups,Spain,140,La Liga,2025,Regular Season - 26,2026-03-02T20:00:00+00:00,Real Madrid,Getafe,1,2026-10-09T09:34:53Z,CAPTURED,2,2,
1391077,/fixtures/lineups,Spain,140,La Liga,2025,Regular Season - 26,2026-02-28T20:00:00+00:00,Oviedo,Atletico Madrid,1,2026-10-09T09:34:53Z,CAPTURED,2,2,
1391078,/fixtures/lineups,Spain,140,La Liga,2025,Regular Season - 26,2026-03-01T15:15:00+00:00,Valencia,Osasuna,1,2026-10-09T09:34:53Z,CAPTURED,2,2,
1391079,/fixtures/lineups,Spain,140,La Liga,2025,Regular Season - 27,2026-03-07T20:00:00+00:00,Athletic Club,Barcelona,1,2026-10-09T09:34:53Z,CAPTURED,2,2,
1391080,/fixtures/lineups,Spain,140,La Liga,2025,Regular Season - 27,2026-03-07T17:30:00+00:00,Atletico Madrid,Real Sociedad,1,2026-10-09T09:34:53Z,CAPTURED,2,2,
1391081,/fixtures/lineups,Spain,140,La Liga,2025,Regular Season - 27,2026-03-06T20:00:00+00:00,Celta Vigo,Real Madrid,1,2026-10-09T09:34:53Z,CAPTURED,2,2,
1391082,/fixtures/lineups,Spain,140,La Liga,2025,Regular Season - 27,2026-03-09T20:00:00+00:00,Espanyol,Oviedo,1,2026-10-09T09:34:53Z,CAPTURED,2,2,
1391083,/fixtures/lineups,Spain,140,La Liga,2025,Regular Season - 27,2026-03-08T15:15:00+00:00,Getafe,Real Betis,1,2026-10-09T09:34:53Z,CAPTURED,2,2,
1391084,/fixtures/lineups,Spain,140,La Liga,2025,Regular Season - 27,2026-03-07T15:15:00+00:00,Levante,Girona,1,2026-10-09T09:34:53Z,CAPTURED,2,2,
1391085,/fixtures/lineups,Spain,140,La Liga,2025,Regular Season - 27,2026-03-07T13:00:00+00:00,Osasuna,Mallorca,1,2026-10-09T09:34:53Z,CAPTURED,2,2,
1391086,/fixtures/lineups,Spain,140,La Liga,2025,Regular Season - 27,2026-03-08T17:30:00+00:00,Sevilla,Rayo Vallecano,1,2026-10-09T09:34:53Z,CAPTURED,2,2,
1391087,/fixtures/lineups,Spain,140,La Liga,2025,Regular Season - 27,2026-03-08T20:00:00+00:00,Valencia,Alaves,1,2026-10-09T09:34:53Z,CAPTURED,2,2,
1391088,/fixtures/lineups,Spain,140,La Liga,2025,Regular Season - 27,2026-03-08T13:00:00+00:00,Villarreal,Elche,1,2026-10-09T09:34:53Z,CAPTURED,2,2,
1391089,/fixtures/lineups,Spain,140,La Liga,2025,Regular Season - 28,2026-03-13T20:00:00+00:00,Alaves,Villarreal,1,2026-10-09T09:34:53Z,CAPTURED,2,2,
1391090,/fixtures/lineups,Spain,140,La Liga,2025,Regular Season - 28,2026-03-14T15:15:00+00:00,Atletico Madrid,Getafe,1,2026-10-09T09:34:53Z,CAPTURED,2,2,
1391091,/fixtures/lineups,Spain,140,La Liga,2025,Regular Season - 28,2026-03-15T15:15:00+00:00,Barcelona,Sevilla,1,2026-10-09T09:34:53Z,CAPTURED,2,2,
1391092,/fixtures/lineups,Spain,140,La Liga,2025,Regular Season - 28,2026-03-15T17:30:00+00:00,Real Betis,Celta Vigo,1,2026-10-09T09:34:53Z,CAPTURED,2,2,
1391093,/fixtures/lineups,Spain,140,La Liga,2025,Regular Season - 28,2026-03-14T13:00:00+00:00,Girona,Athletic Club,1,2026-10-09T09:34:53Z,CAPTURED,2,2,
1391094,/fixtures/lineups,Spain,140,La Liga,2025,Regular Season - 28,2026-03-15T13:00:00+00:00,Mallorca,Espanyol,1,2026-10-09T09:34:53Z,CAPTURED,2,2,
1391095,/fixtures/lineups,Spain,140,La Liga,2025,Regular Season - 28,2026-03-16T20:00:00+00:00,Rayo Vallecano,Levante,1,2026-10-09T09:34:53Z,CAPTURED,2,2,
1391096,/fixtures/lineups,Spain,140,La Liga,2025,Regular Season - 28,2026-03-14T20:00:00+00:00,Real Madrid,Elche,1,2026-10-09T09:34:53Z,CAPTURED,2,2,
1391097,/fixtures/lineups,Spain,140,La Liga,2025,Regular Season - 28,2026-03-15T20:00:00+00:00,Real Sociedad,Osasuna,1,2026-10-09T09:34:53Z,CAPTURED,2,2,
1391098,/fixtures/lineups,Spain,140,La Liga,2025,Regular Season - 28,2026-03-14T17:30:00+00:00,Oviedo,Valencia,1,2026-10-09T09:34:53Z,CAPTURED,2,2,
1391100,/fixtures/lineups,Spain,140,La Liga,2025,Regular Season - 29,2026-03-22T13:00:00+00:00,Barcelona,Rayo Vallecano,1,2026-10-09T09:34:53Z,CAPTURED,2,2,
1391101,/fixtures/lineups,Spain,140,La Liga,2025,Regular Season - 29,2026-03-22T15:15:00+00:00,Celta Vigo,Alaves,1,2026-10-09T09:34:53Z,CAPTURED,2,2,
1391102,/fixtures/lineups,Spain,140,La Liga,2025,Regular Season - 29,2026-03-21T13:00:00+00:00,Elche,Mallorca,1,2026-10-09T09:34:53Z,CAPTURED,2,2,
1391103,/fixtures/lineups,Spain,140,La Liga,2025,Regular Season - 29,2026-03-21T15:15:00+00:00,Espanyol,Getafe,1,2026-10-09T09:34:53Z,CAPTURED,2,2,
1391104,/fixtures/lineups,Spain,140,La Liga,2025,Regular Season - 29,2026-03-21T17:30:00+00:00,Levante,Oviedo,1,2026-10-09T09:34:53Z,CAPTURED,2,2,
1391105,/fixtures/lineups,Spain,140,La Liga,2025,Regular Season - 29,2026-03-21T17:30:00+00:00,Osasuna,Girona,1,2026-10-09T09:34:53Z,CAPTURED,2,2,
1391107,/fixtures/lineups,Spain,140,La Liga,2025,Regular Season - 29,2026-03-21T20:00:00+00:00,Sevilla,Valencia,1,2026-10-09T09:34:53Z,CAPTURED,2,2,
1391108,/fixtures/lineups,Spain,140,La Liga,2025,Regular Season - 29,2026-03-20T20:00:00+00:00,Villarreal,Real Sociedad,1,2026-10-09T09:34:53Z,CAPTURED,2,2,
1391099,/fixtures/lineups,Spain,140,La Liga,2025,Regular Season - 29,2026-03-22T17:30:00+00:00,Athletic Club,Real Betis,1,2026-10-09T13:36:57Z,CAPTURED,2,2,
1391106,/fixtures/lineups,Spain,140,La Liga,2025,Regular Season - 29,2026-03-22T20:00:00+00:00,Real Madrid,Atletico Madrid,1,2026-10-09T13:36:57Z,CAPTURED,2,2,
1391109,/fixtures/lineups,Spain,140,La Liga,2025,Regular Season - 30,2026-04-05T19:00:00+00:00,Alaves,Osasuna,1,2026-10-09T13:36:57Z,CAPTURED,2,2,
1391110,/fixtures/lineups,Spain,140,La Liga,2025,Regular Season - 30,2026-04-04T19:00:00+00:00,Atletico Madrid,Barcelona,1,2026-10-09T13:36:57Z,CAPTURED,2,2,
1391111,/fixtures/lineups,Spain,140,La Liga,2025,Regular Season - 30,2026-04-04T16:30:00+00:00,Real Betis,Espanyol,1,2026-10-09T13:36:57Z,CAPTURED,2,2,
1391112,/fixtures/lineups,Spain,140,La Liga,2025,Regular Season - 30,2026-04-05T12:00:00+00:00,Getafe,Athletic Club,1,2026-10-09T13:36:57Z,CAPTURED,2,2,
1391113,/fixtures/lineups,Spain,140,La Liga,2025,Regular Season - 30,2026-04-06T19:00:00+00:00,Girona,Villarreal,1,2026-10-09T13:36:57Z,CAPTURED,2,2,
1391114,/fixtures/lineups,Spain,140,La Liga,2025,Regular Season - 30,2026-04-04T14:15:00+00:00,Mallorca,Real Madrid,1,2026-10-09T13:36:57Z,CAPTURED,2,2,
1391115,/fixtures/lineups,Spain,140,La Liga,2025,Regular Season - 30,2026-04-03T19:00:00+00:00,Rayo Vallecano,Elche,1,2026-10-09T13:36:57Z,CAPTURED,2,2,
1391116,/fixtures/lineups,Spain,140,La Liga,2025,Regular Season - 30,2026-04-04T12:00:00+00:00,Real Sociedad,Levante,1,2026-10-09T13:36:57Z,CAPTURED,2,2,
1391117,/fixtures/lineups,Spain,140,La Liga,2025,Regular Season - 30,2026-04-05T16:30:00+00:00,Oviedo,Sevilla,1,2026-10-09T13:36:57Z,CAPTURED,2,2,
1391118,/fixtures/lineups,Spain,140,La Liga,2025,Regular Season - 30,2026-04-05T14:15:00+00:00,Valencia,Celta Vigo,1,2026-10-09T13:36:57Z,CAPTURED,2,2,
1391119,/fixtures/lineups,Spain,140,La Liga,2025,Regular Season - 31,2026-04-12T19:00:00+00:00,Athletic Club,Villarreal,1,2026-10-09T13:36:57Z,CAPTURED,2,2,
1391120,/fixtures/lineups,Spain,140,La Liga,2025,Regular Season - 31,2026-04-11T16:30:00+00:00,Barcelona,Espanyol,1,2026-10-09T13:36:57Z,CAPTURED,2,2,
1391121,/fixtures/lineups,Spain,140,La Liga,2025,Regular Season - 31,2026-04-12T16:30:00+00:00,Celta Vigo,Oviedo,1,2026-10-09T13:36:57Z,CAPTURED,2,2,
1391122,/fixtures/lineups,Spain,140,La Liga,2025,Regular Season - 31,2026-04-11T14:15:00+00:00,Elche,Valencia,1,2026-10-09T13:36:57Z,CAPTURED,2,2,
1391123,/fixtures/lineups,Spain,140,La Liga,2025,Regular Season - 31,2026-04-13T19:00:00+00:00,Levante,Getafe,1,2026-10-09T13:36:57Z,CAPTURED,2,2,
1391124,/fixtures/lineups,Spain,140,La Liga,2025,Regular Season - 31,2026-04-12T14:15:00+00:00,Mallorca,Rayo Vallecano,1,2026-10-09T13:36:57Z,CAPTURED,2,2,
1391125,/fixtures/lineups,Spain,140,La Liga,2025,Regular Season - 31,2026-04-12T12:00:00+00:00,Osasuna,Real Betis,1,2026-10-09T13:36:57Z,CAPTURED,2,2,
1391126,/fixtures/lineups,Spain,140,La Liga,2025,Regular Season - 31,2026-04-10T19:00:00+00:00,Real Madrid,Girona,1,2026-10-09T13:36:57Z,CAPTURED,2,2,
1391127,/fixtures/lineups,Spain,140,La Liga,2025,Regular Season - 31,2026-04-11T12:00:00+00:00,Real Sociedad,Alaves,1,2026-10-09T13:36:57Z,CAPTURED,2,2,
1391128,/fixtures/lineups,Spain,140,La Liga,2025,Regular Season - 31,2026-04-11T19:00:00+00:00,Sevilla,Atletico Madrid,1,2026-10-09T13:36:57Z,CAPTURED,2,2,
1391129,/fixtures/lineups,Spain,140,La Liga,2025,Regular Season - 32,2026-04-25T12:00:00+00:00,Alaves,Mallorca,1,2026-10-09T13:36:57Z,CAPTURED,2,2,
1391130,/fixtures/lineups,Spain,140,La Liga,2025,Regular Season - 32,2026-04-25T19:00:00+00:00,Atletico Madrid,Athletic Club,1,2026-10-09T13:36:57Z,CAPTURED,2,2,
1391131,/fixtures/lineups,Spain,140,La Liga,2025,Regular Season - 32,2026-04-24T19:00:00+00:00,Real Betis,Real Madrid,1,2026-10-09T13:36:57Z,CAPTURED,2,2,
1391132,/fixtures/lineups,Spain,140,La Liga,2025,Regular Season - 32,2026-04-27T19:00:00+00:00,Espanyol,Levante,1,2026-10-09T13:36:57Z,CAPTURED,2,2,
1391133,/fixtures/lineups,Spain,140,La Liga,2025,Regular Season - 32,2026-04-25T14:15:00+00:00,Getafe,Barcelona,1,2026-10-09T13:36:57Z,CAPTURED,2,2,
1391134,/fixtures/lineups,Spain,140,La Liga,2025,Regular Season - 32,2026-04-26T16:30:00+00:00,Osasuna,Sevilla,1,2026-10-09T13:36:57Z,CAPTURED,2,2,
1391135,/fixtures/lineups,Spain,140,La Liga,2025,Regular Season - 32,2026-04-26T12:00:00+00:00,Rayo Vallecano,Real Sociedad,1,2026-10-09T13:36:57Z,CAPTURED,2,2,
1391136,/fixtures/lineups,Spain,140,La Liga,2025,Regular Season - 32,2026-04-26T14:15:00+00:00,Oviedo,Elche,1,2026-10-09T13:36:57Z,CAPTURED,2,2,
1391137,/fixtures/lineups,Spain,140,La Liga,2025,Regular Season - 32,2026-04-25T16:30:00+00:00,Valencia,Girona,1,2026-10-09T13:36:57Z,CAPTURED,2,2,
1391138,/fixtures/lineups,Spain,140,La Liga,2025,Regular Season - 32,2026-04-26T19:00:00+00:00,Villarreal,Celta Vigo,1,2026-10-09T13:36:57Z,CAPTURED,2,2,
1391139,/fixtures/lineups,Spain,140,La Liga,2025,Regular Season - 33,2026-04-21T17:00:00+00:00,Athletic Club,Osasuna,1,2026-10-09T13:36:57Z,CAPTURED,2,2,
1391140,/fixtures/lineups,Spain,140,La Liga,2025,Regular Season - 33,2026-04-22T19:30:00+00:00,Barcelona,Celta Vigo,1,2026-10-09T13:36:57Z,CAPTURED,2,2,
1391141,/fixtures/lineups,Spain,140,La Liga,2025,Regular Season - 33,2026-04-22T17:00:00+00:00,Elche,Atletico Madrid,1,2026-10-09T13:36:57Z,CAPTURED,2,2,
1391142,/fixtures/lineups,Spain,140,La Liga,2025,Regular Season - 33,2026-04-21T19:30:00+00:00,Girona,Real Betis,1,2026-10-09T13:36:57Z,CAPTURED,2,2,
1391143,/fixtures/lineups,Spain,140,La Liga,2025,Regular Season - 33,2026-04-23T17:00:00+00:00,Levante,Sevilla,1,2026-10-09T13:36:57Z,CAPTURED,2,2,
1391144,/fixtures/lineups,Spain,140,La Liga,2025,Regular Season - 33,2026-04-21T17:00:00+00:00,Mallorca,Valencia,1,2026-10-09T13:36:57Z,CAPTURED,2,2,
1391145,/fixtures/lineups,Spain,140,La Liga,2025,Regular Season - 33,2026-04-23T18:00:00+00:00,Rayo Vallecano,Espanyol,1,2026-10-09T13:36:57Z,CAPTURED,2,2,
1391146,/fixtures/lineups,Spain,140,La Liga,2025,Regular Season - 33,2026-04-21T19:30:00+00:00,Real Madrid,Alaves,1,2026-10-09T13:36:57Z,CAPTURED,2,2,
1391147,/fixtures/lineups,Spain,140,La Liga,2025,Regular Season - 33,2026-04-22T18:00:00+00:00,Real Sociedad,Getafe,1,2026-10-09T13:36:57Z,CAPTURED,2,2,
1391148,/fixtures/lineups,Spain,140,La Liga,2025,Regular Season - 33,2026-04-23T19:30:00+00:00,Oviedo,Villarreal,1,2026-10-09T13:36:57Z,CAPTURED,2,2,
1391149,/fixtures/lineups,Spain,140,La Liga,2025,Regular Season - 34,2026-05-02T16:30:00+00:00,Alaves,Athletic Club,1,2026-10-09T13:36:57Z,CAPTURED,2,2,
1391150,/fixtures/lineups,Spain,140,La Liga,2025,Regular Season - 34,2026-05-03T16:30:00+00:00,Real Betis,Oviedo,1,2026-10-09T13:36:57Z,CAPTURED,2,2,
1391151,/fixtures/lineups,Spain,140,La Liga,2025,Regular Season - 34,2026-05-03T12:00:00+00:00,Celta Vigo,Elche,1,2026-10-09T13:36:57Z,CAPTURED,2,2,
1391153,/fixtures/lineups,Spain,140,La Liga,2025,Regular Season - 34,2026-05-03T14:15:00+00:00,Getafe,Rayo Vallecano,1,2026-10-09T13:36:57Z,CAPTURED,2,2,
1391154,/fixtures/lineups,Spain,140,La Liga,2025,Regular Season - 34,2026-05-01T19:00:00+00:00,Girona,Mallorca,1,2026-10-09T13:36:57Z,CAPTURED,2,2,
1391155,/fixtures/lineups,Spain,140,La Liga,2025,Regular Season - 34,2026-05-02T19:00:00+00:00,Osasuna,Barcelona,1,2026-10-09T13:36:57Z,CAPTURED,2,2,
1391157,/fixtures/lineups,Spain,140,La Liga,2025,Regular Season - 34,2026-05-02T14:15:00+00:00,Valencia,Atletico Madrid,1,2026-10-09T13:36:57Z,CAPTURED,2,2,
1391158,/fixtures/lineups,Spain,140,La Liga,2025,Regular Season - 34,2026-05-02T12:00:00+00:00,Villarreal,Levante,1,2026-10-09T13:36:57Z,CAPTURED,2,2,
1391152,/fixtures/lineups,Spain,140,La Liga,2025,Regular Season - 34,2026-05-03T19:00:00+00:00,Espanyol,Real Madrid,1,2026-10-09T17:31:35Z,CAPTURED,2,2,
1391156,/fixtures/lineups,Spain,140,La Liga,2025,Regular Season - 34,2026-05-04T19:00:00+00:00,Sevilla,Real Sociedad,1,2026-10-09T17:31:35Z,CAPTURED,2,2,
1391162,/fixtures/lineups,Spain,140,La Liga,2025,Regular Season - 35,2026-05-09T12:00:00+00:00,Elche,Alaves,1,2026-10-09T17:31:35Z,CAPTURED,2,2,
1391163,/fixtures/lineups,Spain,140,La Liga,2025,Regular Season - 35,2026-05-08T19:00:00+00:00,Levante,Osasuna,1,2026-10-09T17:31:35Z,CAPTURED,2,2,
1394433,/fixtures/lineups,Turkey,203,Süper Lig,2025,Regular Season - 1,2025-08-09T18:30:00+00:00,Antalyaspor,Kasımpaşa,1,2026-10-09T17:31:35Z,CAPTURED,2,2,
1394434,/fixtures/lineups,Turkey,203,Süper Lig,2025,Regular Season - 1,2025-08-10T18:30:00+00:00,Eyüpspor,Konyaspor,1,2026-10-09T17:31:35Z,CAPTURED,2,2,
1394435,/fixtures/lineups,Turkey,203,Süper Lig,2025,Regular Season - 1,2025-09-17T17:00:00+00:00,Fenerbahçe,Alanyaspor,1,2026-10-09T17:31:35Z,CAPTURED,2,2,
1394436,/fixtures/lineups,Turkey,203,Süper Lig,2025,Regular Season - 1,2025-08-08T18:30:00+00:00,Gaziantep FK,Galatasaray,1,2026-10-09T17:31:35Z,CAPTURED,2,2,
1394437,/fixtures/lineups,Turkey,203,Süper Lig,2025,Regular Season - 1,2025-09-17T17:00:00+00:00,Fatih Karagümrük,Başakşehir,1,2026-10-09T17:31:35Z,CAPTURED,2,2,
1394439,/fixtures/lineups,Turkey,203,Süper Lig,2025,Regular Season - 1,2025-08-10T16:00:00+00:00,Rizespor,Göztepe,1,2026-10-09T17:31:35Z,CAPTURED,2,2,
1394440,/fixtures/lineups,Turkey,203,Süper Lig,2025,Regular Season - 1,2025-08-09T16:00:00+00:00,Samsunspor,Gençlerbirliği S.K.,1,2026-10-09T17:31:35Z,CAPTURED,2,2,
1394441,/fixtures/lineups,Turkey,203,Süper Lig,2025,Regular Season - 1,2025-08-11T18:30:00+00:00,Trabzonspor,Kocaelispor,1,2026-10-09T17:31:35Z,CAPTURED,2,2,
1394442,/fixtures/lineups,Turkey,203,Süper Lig,2025,Regular Season - 2,2025-08-16T18:30:00+00:00,Alanyaspor,Rizespor,1,2026-10-09T17:31:35Z,CAPTURED,2,2,
1394443,/fixtures/lineups,Turkey,203,Süper Lig,2025,Regular Season - 2,2025-08-17T18:30:00+00:00,Başakşehir,Kayserispor,1,2026-10-09T17:31:35Z,CAPTURED,2,2,
1394444,/fixtures/lineups,Turkey,203,Süper Lig,2025,Regular Season - 2,2025-08-17T18:30:00+00:00,Beşiktaş,Eyüpspor,1,2026-10-09T17:31:35Z,CAPTURED,2,2,
1394445,/fixtures/lineups,Turkey,203,Süper Lig,2025,Regular Season - 2,2025-08-15T18:30:00+00:00,Galatasaray,Fatih Karagümrük,1,2026-10-09T17:31:35Z,CAPTURED,2,2,
1394446,/fixtures/lineups,Turkey,203,Süper Lig,2025,Regular Season - 2,2025-08-17T16:00:00+00:00,Gençlerbirliği S.K.,Antalyaspor,1,2026-10-09T17:31:35Z,CAPTURED,2,2,
1394447,/fixtures/lineups,Turkey,203,Süper Lig,2025,Regular Season - 2,2025-08-16T18:30:00+00:00,Göztepe,Fenerbahçe,1,2026-10-09T17:31:35Z,CAPTURED,2,2,
1394448,/fixtures/lineups,Turkey,203,Süper Lig,2025,Regular Season - 2,2025-08-18T18:30:00+00:00,Kasımpaşa,Trabzonspor,1,2026-10-09T17:31:35Z,CAPTURED,2,2,
1394449,/fixtures/lineups,Turkey,203,Süper Lig,2025,Regular Season - 2,2025-08-16T16:00:00+00:00,Kocaelispor,Samsunspor,1,2026-10-09T17:31:35Z,CAPTURED,2,2,
1394450,/fixtures/lineups,Turkey,203,Süper Lig,2025,Regular Season - 2,2025-08-17T16:00:00+00:00,Konyaspor,Gaziantep FK,1,2026-10-09T17:31:35Z,CAPTURED,2,2,
1394451,/fixtures/lineups,Turkey,203,Süper Lig,2025,Regular Season - 3,2025-08-25T16:00:00+00:00,Eyüpspor,Alanyaspor,1,2026-10-09T17:31:35Z,CAPTURED,2,2,
1394452,/fixtures/lineups,Turkey,203,Süper Lig,2025,Regular Season - 3,2025-08-23T18:30:00+00:00,Fenerbahçe,Kocaelispor,1,2026-10-09T17:31:35Z,CAPTURED,2,2,
1394453,/fixtures/lineups,Turkey,203,Süper Lig,2025,Regular Season - 3,2025-08-23T18:30:00+00:00,Gaziantep FK,Gençlerbirliği S.K.,1,2026-10-09T17:31:35Z,CAPTURED,2,2,
1394454,/fixtures/lineups,Turkey,203,Süper Lig,2025,Regular Season - 3,2025-08-22T18:30:00+00:00,Fatih Karagümrük,Göztepe,1,2026-10-09T17:31:35Z,CAPTURED,2,2,
1394455,/fixtures/lineups,Turkey,203,Süper Lig,2025,Regular Season - 3,2025-08-24T18:30:00+00:00,Kayserispor,Galatasaray,1,2026-10-09T17:31:35Z,CAPTURED,2,2,
1394458,/fixtures/lineups,Turkey,203,Süper Lig,2025,Regular Season - 3,2025-09-17T17:00:00+00:00,Samsunspor,Kasımpaşa,1,2026-10-09T17:31:35Z,CAPTURED,2,2,
1394459,/fixtures/lineups,Turkey,203,Süper Lig,2025,Regular Season - 3,2025-08-24T16:00:00+00:00,Trabzonspor,Antalyaspor,1,2026-10-09T17:31:35Z,CAPTURED,2,2,
1394460,/fixtures/lineups,Turkey,203,Süper Lig,2025,Regular Season - 4,2025-08-31T18:30:00+00:00,Alanyaspor,Beşiktaş,1,2026-10-09T17:31:35Z,CAPTURED,2,2,
1394461,/fixtures/lineups,Turkey,203,Süper Lig,2025,Regular Season - 4,2025-08-30T18:30:00+00:00,Antalyaspor,Fatih Karagümrük,1,2026-10-09T17:31:35Z,CAPTURED,2,2,
1394462,/fixtures/lineups,Turkey,203,Süper Lig,2025,Regular Season - 4,2025-08-31T16:00:00+00:00,Başakşehir,Eyüpspor,1,2026-10-09T17:31:35Z,CAPTURED,2,2,
1394463,/fixtures/lineups,Turkey,203,Süper Lig,2025,Regular Season - 4,2025-08-30T18:30:00+00:00,Galatasaray,Rizespor,1,2026-10-09T17:31:35Z,CAPTURED,2,2,
1394464,/fixtures/lineups,Turkey,203,Süper Lig,2025,Regular Season - 4,2025-08-31T16:00:00+00:00,Gençlerbirliği S.K.,Fenerbahçe,1,2026-10-09T17:31:35Z,CAPTURED,2,2,
1394465,/fixtures/lineups,Turkey,203,Süper Lig,2025,Regular Season - 4,2025-08-29T18:30:00+00:00,Göztepe,Konyaspor,1,2026-10-09T17:31:35Z,CAPTURED,2,2,
1394466,/fixtures/lineups,Turkey,203,Süper Lig,2025,Regular Season - 4,2025-08-30T16:00:00+00:00,Kasımpaşa,Gaziantep FK,1,2026-10-09T17:31:35Z,CAPTURED,2,2,
1394467,/fixtures/lineups,Turkey,203,Süper Lig,2025,Regular Season - 4,2025-08-30T16:00:00+00:00,Kocaelispor,Kayserispor,1,2026-10-09T17:31:35Z,CAPTURED,2,2,
1394468,/fixtures/lineups,Turkey,203,Süper Lig,2025,Regular Season - 4,2025-08-31T18:30:00+00:00,Trabzonspor,Samsunspor,1,2026-10-09T17:31:35Z,CAPTURED,2,2,
1394469,/fixtures/lineups,Turkey,203,Süper Lig,2025,Regular Season - 5,2025-09-13T17:00:00+00:00,Beşiktaş,Başakşehir,1,2026-10-09T17:31:35Z,CAPTURED,2,2,
1394470,/fixtures/lineups,Turkey,203,Süper Lig,2025,Regular Season - 5,2025-09-13T14:00:00+00:00,Eyüpspor,Galatasaray,1,2026-10-09T17:31:35Z,CAPTURED,2,2,
1394471,/fixtures/lineups,Turkey,203,Süper Lig,2025,Regular Season - 5,2025-09-14T16:00:00+00:00,Fenerbahçe,Trabzonspor,1,2026-10-09T17:31:35Z,CAPTURED,2,2,
1394472,/fixtures/lineups,Turkey,203,Süper Lig,2025,Regular Season - 5,2025-09-14T16:00:00+00:00,Gaziantep FK,Kocaelispor,1,2026-10-09T17:31:35Z,CAPTURED,2,2,
1394473,/fixtures/lineups,Turkey,203,Süper Lig,2025,Regular Season - 5,2025-09-13T14:00:00+00:00,Fatih Karagümrük,Kasımpaşa,1,2026-10-09T17:31:35Z,CAPTURED,2,2,
1394474,/fixtures/lineups,Turkey,203,Süper Lig,2025,Regular Season - 5,2025-09-14T14:00:00+00:00,Kayserispor,Göztepe,1,2026-10-09T17:31:35Z,CAPTURED,2,2,
1394475,/fixtures/lineups,Turkey,203,Süper Lig,2025,Regular Season - 5,2025-09-13T17:00:00+00:00,Konyaspor,Alanyaspor,1,2026-10-09T17:31:35Z,CAPTURED,2,2,
1394476,/fixtures/lineups,Turkey,203,Süper Lig,2025,Regular Season - 5,2025-09-15T17:00:00+00:00,Rizespor,Gençlerbirliği S.K.,1,2026-10-09T17:31:35Z,CAPTURED,2,2,
1394477,/fixtures/lineups,Turkey,203,Süper Lig,2025,Regular Season - 5,2025-09-13T14:00:00+00:00,Samsunspor,Antalyaspor,1,2026-10-09T17:31:35Z,CAPTURED,2,2,
1394478,/fixtures/lineups,Turkey,203,Süper Lig,2025,Regular Season - 6,2025-09-20T17:00:00+00:00,Antalyaspor,Kayserispor,1,2026-10-09T17:31:35Z,CAPTURED,2,2,
1394481,/fixtures/lineups,Turkey,203,Süper Lig,2025,Regular Season - 6,2025-09-20T14:00:00+00:00,Gençlerbirliği S.K.,Eyüpspor,1,2026-10-09T17:31:35Z,CAPTURED,2,2,
1394482,/fixtures/lineups,Turkey,203,Süper Lig,2025,Regular Season - 6,2025-09-19T17:00:00+00:00,Göztepe,Beşiktaş,1,2026-10-09T17:31:35Z,CAPTURED,2,2,
1394486,/fixtures/lineups,Turkey,203,Süper Lig,2025,Regular Season - 6,2025-09-20T17:00:00+00:00,Trabzonspor,Gaziantep FK,1,2026-10-09T17:31:35Z,CAPTURED,2,2,
1394438,/fixtures/lineups,Turkey,203,Süper Lig,2025,Regular Season - 1,2025-09-24T17:00:00+00:00,Kayserispor,Beşiktaş,1,2026-10-09T21:32:37Z,CAPTURED,2,2,
1394456,/fixtures/lineups,Turkey,203,Süper Lig,2025,Regular Season - 3,2025-10-22T17:00:00+00:00,Konyaspor,Beşiktaş,1,2026-10-09T21:32:37Z,CAPTURED,2,2,
1394457,/fixtures/lineups,Turkey,203,Süper Lig,2025,Regular Season - 3,2025-10-22T17:00:00+00:00,Rizespor,Başakşehir,1,2026-10-09T21:32:37Z,CAPTURED,2,2,
1394479,/fixtures/lineups,Turkey,203,Süper Lig,2025,Regular Season - 6,2025-09-21T14:00:00+00:00,Başakşehir,Alanyaspor,1,2026-10-09T21:32:37Z,CAPTURED,2,2,
1394480,/fixtures/lineups,Turkey,203,Süper Lig,2025,Regular Season - 6,2025-09-22T17:00:00+00:00,Galatasaray,Konyaspor,1,2026-10-09T21:32:37Z,CAPTURED,2,2,
1394483,/fixtures/lineups,Turkey,203,Süper Lig,2025,Regular Season - 6,2025-09-21T17:00:00+00:00,Kasımpaşa,Fenerbahçe,1,2026-10-09T21:32:37Z,CAPTURED,2,2,
1394484,/fixtures/lineups,Turkey,203,Süper Lig,2025,Regular Season - 6,2025-09-21T14:00:00+00:00,Kocaelispor,Rizespor,1,2026-10-09T21:32:37Z,CAPTURED,2,2,
1394485,/fixtures/lineups,Turkey,203,Süper Lig,2025,Regular Season - 6,2025-09-21T17:00:00+00:00,Samsunspor,Fatih Karagümrük,1,2026-10-09T21:32:37Z,CAPTURED,2,2,
1394487,/fixtures/lineups,Turkey,203,Süper Lig,2025,Regular Season - 7,2025-09-26T17:00:00+00:00,Alanyaspor,Galatasaray,1,2026-10-09T21:32:37Z,CAPTURED,2,2,
1394488,/fixtures/lineups,Turkey,203,Süper Lig,2025,Regular Season - 7,2025-09-29T17:00:00+00:00,Beşiktaş,Kocaelispor,1,2026-10-09T21:32:37Z,CAPTURED,2,2,
1394489,/fixtures/lineups,Turkey,203,Süper Lig,2025,Regular Season - 7,2025-09-27T14:00:00+00:00,Eyüpspor,Göztepe,1,2026-10-09T21:32:37Z,CAPTURED,2,2,
1394490,/fixtures/lineups,Turkey,203,Süper Lig,2025,Regular Season - 7,2025-09-28T17:00:00+00:00,Fenerbahçe,Antalyaspor,1,2026-10-09T21:32:37Z,CAPTURED,2,2,
1394491,/fixtures/lineups,Turkey,203,Süper Lig,2025,Regular Season - 7,2025-09-27T14:00:00+00:00,Gaziantep FK,Samsunspor,1,2026-10-09T21:32:37Z,CAPTURED,2,2,
1394492,/fixtures/lineups,Turkey,203,Süper Lig,2025,Regular Season - 7,2025-09-27T17:00:00+00:00,Fatih Karagümrük,Trabzonspor,1,2026-10-09T21:32:37Z,CAPTURED,2,2,
1394493,/fixtures/lineups,Turkey,203,Süper Lig,2025,Regular Season - 7,2025-09-28T17:00:00+00:00,Kayserispor,Gençlerbirliği S.K.,1,2026-10-09T21:32:37Z,CAPTURED,2,2,
1394494,/fixtures/lineups,Turkey,203,Süper Lig,2025,Regular Season - 7,2025-09-28T14:00:00+00:00,Konyaspor,Başakşehir,1,2026-10-09T21:32:37Z,CAPTURED,2,2,
1394495,/fixtures/lineups,Turkey,203,Süper Lig,2025,Regular Season - 7,2025-09-28T14:00:00+00:00,Rizespor,Kasımpaşa,1,2026-10-09T21:32:37Z,CAPTURED,2,2,
1394496,/fixtures/lineups,Turkey,203,Süper Lig,2025,Regular Season - 8,2025-10-03T17:00:00+00:00,Antalyaspor,Rizespor,1,2026-10-09T21:32:37Z,CAPTURED,2,2,
1394497,/fixtures/lineups,Turkey,203,Süper Lig,2025,Regular Season - 8,2025-10-04T17:00:00+00:00,Galatasaray,Beşiktaş,1,2026-10-09T21:32:37Z,CAPTURED,2,2,
1394498,/fixtures/lineups,Turkey,203,Süper Lig,2025,Regular Season - 8,2025-10-04T11:30:00+00:00,Gençlerbirliği S.K.,Alanyaspor,1,2026-10-09T21:32:37Z,CAPTURED,2,2,
1394499,/fixtures/lineups,Turkey,203,Süper Lig,2025,Regular Season - 8,2025-10-05T17:00:00+00:00,Göztepe,Başakşehir,1,2026-10-09T21:32:37Z,CAPTURED,2,2,
1394500,/fixtures/lineups,Turkey,203,Süper Lig,2025,Regular Season - 8,2025-10-05T14:00:00+00:00,Fatih Karagümrük,Gaziantep FK,1,2026-10-09T21:32:37Z,CAPTURED,2,2,
1394501,/fixtures/lineups,Turkey,203,Süper Lig,2025,Regular Season - 8,2025-10-05T11:30:00+00:00,Kasımpaşa,Konyaspor,1,2026-10-09T21:32:37Z,CAPTURED,2,2,
1394502,/fixtures/lineups,Turkey,203,Süper Lig,2025,Regular Season - 8,2025-10-04T14:00:00+00:00,Kocaelispor,Eyüpspor,1,2026-10-09T21:32:37Z,CAPTURED,2,2,
1394503,/fixtures/lineups,Turkey,203,Süper Lig,2025,Regular Season - 8,2025-10-05T17:00:00+00:00,Samsunspor,Fenerbahçe,1,2026-10-09T21:32:37Z,CAPTURED,2,2,
1394504,/fixtures/lineups,Turkey,203,Süper Lig,2025,Regular Season - 8,2025-10-03T17:00:00+00:00,Trabzonspor,Kayserispor,1,2026-10-09T21:32:37Z,CAPTURED,2,2,
1394505,/fixtures/lineups,Turkey,203,Süper Lig,2025,Regular Season - 9,2025-10-19T14:00:00+00:00,Alanyaspor,Göztepe,1,2026-10-09T21:32:37Z,CAPTURED,2,2,
1394506,/fixtures/lineups,Turkey,203,Süper Lig,2025,Regular Season - 9,2025-10-18T17:00:00+00:00,Başakşehir,Galatasaray,1,2026-10-09T21:32:37Z,CAPTURED,2,2,
1394507,/fixtures/lineups,Turkey,203,Süper Lig,2025,Regular Season - 9,2025-10-18T14:00:00+00:00,Beşiktaş,Gençlerbirliği S.K.,1,2026-10-09T21:32:37Z,CAPTURED,2,2,
1394508,/fixtures/lineups,Turkey,203,Süper Lig,2025,Regular Season - 9,2025-10-20T17:00:00+00:00,Eyüpspor,Kasımpaşa,1,2026-10-09T21:32:37Z,CAPTURED,2,2,
1394509,/fixtures/lineups,Turkey,203,Süper Lig,2025,Regular Season - 9,2025-10-19T17:00:00+00:00,Fenerbahçe,Fatih Karagümrük,1,2026-10-09T21:32:37Z,CAPTURED,2,2,
1394510,/fixtures/lineups,Turkey,203,Süper Lig,2025,Regular Season - 9,2025-10-19T14:00:00+00:00,Gaziantep FK,Antalyaspor,1,2026-10-09T21:32:37Z,CAPTURED,2,2,
1394511,/fixtures/lineups,Turkey,203,Süper Lig,2025,Regular Season - 9,2025-10-19T11:30:00+00:00,Kayserispor,Samsunspor,1,2026-10-09T21:32:37Z,CAPTURED,2,2,
1394512,/fixtures/lineups,Turkey,203,Süper Lig,2025,Regular Season - 9,2025-10-18T11:30:00+00:00,Konyaspor,Kocaelispor,1,2026-10-09T21:32:37Z,CAPTURED,2,2,
1394513,/fixtures/lineups,Turkey,203,Süper Lig,2025,Regular Season - 9,2025-10-18T14:00:00+00:00,Rizespor,Trabzonspor,1,2026-10-09T21:32:37Z,CAPTURED,2,2,
1394514,/fixtures/lineups,Turkey,203,Süper Lig,2025,Regular Season - 10,2025-10-26T11:30:00+00:00,Antalyaspor,Başakşehir,1,2026-10-09T21:32:37Z,CAPTURED,2,2,
1394515,/fixtures/lineups,Turkey,203,Süper Lig,2025,Regular Season - 10,2025-10-26T14:00:00+00:00,Galatasaray,Göztepe,1,2026-10-09T21:32:37Z,CAPTURED,2,2,
1394516,/fixtures/lineups,Turkey,203,Süper Lig,2025,Regular Season - 10,2025-10-27T17:00:00+00:00,Gaziantep FK,Fenerbahçe,1,2026-10-09T21:32:37Z,CAPTURED,2,2,
1394517,/fixtures/lineups,Turkey,203,Süper Lig,2025,Regular Season - 10,2025-10-26T14:00:00+00:00,Gençlerbirliği S.K.,Konyaspor,1,2026-10-09T21:32:37Z,CAPTURED,2,2,
1394518,/fixtures/lineups,Turkey,203,Süper Lig,2025,Regular Season - 10,2025-10-24T17:00:00+00:00,Fatih Karagümrük,Kayserispor,1,2026-10-09T21:32:37Z,CAPTURED,2,2,
1394519,/fixtures/lineups,Turkey,203,Süper Lig,2025,Regular Season - 10,2025-10-26T17:00:00+00:00,Kasımpaşa,Beşiktaş,1,2026-10-09T21:32:37Z,CAPTURED,2,2,
1394520,/fixtures/lineups,Turkey,203,Süper Lig,2025,Regular Season - 10,2025-10-25T14:00:00+00:00,Kocaelispor,Alanyaspor,1,2026-10-09T21:32:37Z,CAPTURED,2,2,
1394521,/fixtures/lineups,Turkey,203,Süper Lig,2025,Regular Season - 10,2025-10-27T17:00:00+00:00,Samsunspor,Rizespor,1,2026-10-09T21:32:37Z,CAPTURED,2,2,
1394522,/fixtures/lineups,Turkey,203,Süper Lig,2025,Regular Season - 10,2025-10-25T17:00:00+00:00,Trabzonspor,Eyüpspor,1,2026-10-09T21:32:37Z,CAPTURED,2,2,
1394524,/fixtures/lineups,Turkey,203,Süper Lig,2025,Regular Season - 11,2025-10-31T17:00:00+00:00,Başakşehir,Kocaelispor,1,2026-10-09T21:32:37Z,CAPTURED,2,2,
1394525,/fixtures/lineups,Turkey,203,Süper Lig,2025,Regular Season - 11,2025-11-02T17:00:00+00:00,Beşiktaş,Fenerbahçe,1,2026-10-09T21:32:37Z,CAPTURED,2,2,
1394527,/fixtures/lineups,Turkey,203,Süper Lig,2025,Regular Season - 11,2025-11-01T17:00:00+00:00,Galatasaray,Trabzonspor,1,2026-10-09T21:32:37Z,CAPTURED,2,2,
1394528,/fixtures/lineups,Turkey,203,Süper Lig,2025,Regular Season - 11,2025-11-01T14:00:00+00:00,Göztepe,Gençlerbirliği S.K.,1,2026-10-09T21:32:37Z,CAPTURED,2,2,
1394529,/fixtures/lineups,Turkey,203,Süper Lig,2025,Regular Season - 11,2025-11-02T14:00:00+00:00,Kayserispor,Kasımpaşa,1,2026-10-09T21:32:37Z,CAPTURED,2,2,
1394530,/fixtures/lineups,Turkey,203,Süper Lig,2025,Regular Season - 11,2025-11-02T11:30:00+00:00,Konyaspor,Samsunspor,1,2026-10-09T21:32:37Z,CAPTURED,2,2,
1394523,/fixtures/lineups,Turkey,203,Süper Lig,2025,Regular Season - 11,2025-11-03T17:00:00+00:00,Alanyaspor,Gaziantep FK,1,2026-10-10T01:33:24Z,CAPTURED,2,2,
1394526,/fixtures/lineups,Turkey,203,Süper Lig,2025,Regular Season - 11,2025-11-03T17:00:00+00:00,Eyüpspor,Antalyaspor,1,2026-10-10T01:33:24Z,CAPTURED,2,2,
1394531,/fixtures/lineups,Turkey,203,Süper Lig,2025,Regular Season - 11,2025-11-03T17:00:00+00:00,Rizespor,Fatih Karagümrük,1,2026-10-10T01:33:24Z,CAPTURED,2,2,
1394532,/fixtures/lineups,Turkey,203,Süper Lig,2025,Regular Season - 12,2025-11-08T17:00:00+00:00,Antalyaspor,Beşiktaş,1,2026-10-10T01:33:24Z,CAPTURED,2,2,
1394533,/fixtures/lineups,Turkey,203,Süper Lig,2025,Regular Season - 12,2025-11-09T17:00:00+00:00,Fenerbahçe,Kayserispor,1,2026-10-10T01:33:24Z,CAPTURED,2,2,
1394534,/fixtures/lineups,Turkey,203,Süper Lig,2025,Regular Season - 12,2025-11-08T11:30:00+00:00,Gaziantep FK,Rizespor,1,2026-10-10T01:33:24Z,CAPTURED,2,2,
1394535,/fixtures/lineups,Turkey,203,Süper Lig,2025,Regular Season - 12,2025-11-07T17:00:00+00:00,Gençlerbirliği S.K.,Başakşehir,1,2026-10-10T01:33:24Z,CAPTURED,2,2,
1394536,/fixtures/lineups,Turkey,203,Süper Lig,2025,Regular Season - 12,2025-11-09T11:30:00+00:00,Fatih Karagümrük,Konyaspor,1,2026-10-10T01:33:24Z,CAPTURED,2,2,
1394537,/fixtures/lineups,Turkey,203,Süper Lig,2025,Regular Season - 12,2025-11-08T17:00:00+00:00,Kasımpaşa,Göztepe,1,2026-10-10T01:33:24Z,CAPTURED,2,2,
1394538,/fixtures/lineups,Turkey,203,Süper Lig,2025,Regular Season - 12,2025-11-09T14:00:00+00:00,Kocaelispor,Galatasaray,1,2026-10-10T01:33:24Z,CAPTURED,2,2,
1394539,/fixtures/lineups,Turkey,203,Süper Lig,2025,Regular Season - 12,2025-11-09T17:00:00+00:00,Samsunspor,Eyüpspor,1,2026-10-10T01:33:24Z,CAPTURED,2,2,
1394540,/fixtures/lineups,Turkey,203,Süper Lig,2025,Regular Season - 12,2025-11-08T14:00:00+00:00,Trabzonspor,Alanyaspor,1,2026-10-10T01:33:24Z,CAPTURED,2,2,
1394541,/fixtures/lineups,Turkey,203,Süper Lig,2025,Regular Season - 13,2025-11-23T14:00:00+00:00,Alanyaspor,Kasımpaşa,1,2026-10-10T01:33:24Z,CAPTURED,2,2,
1394542,/fixtures/lineups,Turkey,203,Süper Lig,2025,Regular Season - 13,2025-11-24T17:00:00+00:00,Başakşehir,Trabzonspor,1,2026-10-10T01:33:24Z,CAPTURED,2,2,
1394543,/fixtures/lineups,Turkey,203,Süper Lig,2025,Regular Season - 13,2025-11-23T14:00:00+00:00,Beşiktaş,Samsunspor,1,2026-10-10T01:33:24Z,CAPTURED,2,2,
1394544,/fixtures/lineups,Turkey,203,Süper Lig,2025,Regular Season - 13,2025-11-22T14:00:00+00:00,Eyüpspor,Fatih Karagümrük,1,2026-10-10T01:33:24Z,CAPTURED,2,2,
1394545,/fixtures/lineups,Turkey,203,Süper Lig,2025,Regular Season - 13,2025-11-22T17:00:00+00:00,Galatasaray,Gençlerbirliği S.K.,1,2026-10-10T01:33:24Z,CAPTURED,2,2,
1394546,/fixtures/lineups,Turkey,203,Süper Lig,2025,Regular Season - 13,2025-11-23T11:30:00+00:00,Göztepe,Kocaelispor,1,2026-10-10T01:33:24Z,CAPTURED,2,2,
1394547,/fixtures/lineups,Turkey,203,Süper Lig,2025,Regular Season - 13,2025-11-22T11:30:00+00:00,Kayserispor,Gaziantep FK,1,2026-10-10T01:33:24Z,CAPTURED,2,2,
1394548,/fixtures/lineups,Turkey,203,Süper Lig,2025,Regular Season - 13,2025-11-24T17:00:00+00:00,Konyaspor,Antalyaspor,1,2026-10-10T01:33:24Z,CAPTURED,2,2,
1394549,/fixtures/lineups,Turkey,203,Süper Lig,2025,Regular Season - 13,2025-11-23T17:00:00+00:00,Rizespor,Fenerbahçe,1,2026-10-10T01:33:24Z,CAPTURED,2,2,
1394550,/fixtures/lineups,Turkey,203,Süper Lig,2025,Regular Season - 14,2025-11-30T14:00:00+00:00,Antalyaspor,Göztepe,1,2026-10-10T01:33:24Z,CAPTURED,2,2,
1394551,/fixtures/lineups,Turkey,203,Süper Lig,2025,Regular Season - 14,2025-12-01T17:00:00+00:00,Fenerbahçe,Galatasaray,1,2026-10-10T01:33:24Z,CAPTURED,2,2,
1394552,/fixtures/lineups,Turkey,203,Süper Lig,2025,Regular Season - 14,2025-11-29T14:00:00+00:00,Gaziantep FK,Eyüpspor,1,2026-10-10T01:33:24Z,CAPTURED,2,2,
1394553,/fixtures/lineups,Turkey,203,Süper Lig,2025,Regular Season - 14,2025-11-30T17:00:00+00:00,Fatih Karagümrük,Beşiktaş,1,2026-10-10T01:33:24Z,CAPTURED,2,2,
1394554,/fixtures/lineups,Turkey,203,Süper Lig,2025,Regular Season - 14,2025-11-29T17:00:00+00:00,Kasımpaşa,Başakşehir,1,2026-10-10T01:33:24Z,CAPTURED,2,2,
1394555,/fixtures/lineups,Turkey,203,Süper Lig,2025,Regular Season - 14,2025-11-28T17:00:00+00:00,Kocaelispor,Gençlerbirliği S.K.,1,2026-10-10T01:33:24Z,CAPTURED,2,2,
1394556,/fixtures/lineups,Turkey,203,Süper Lig,2025,Regular Season - 14,2025-11-29T11:30:00+00:00,Rizespor,Kayserispor,1,2026-10-10T01:33:24Z,CAPTURED,2,2,
1394557,/fixtures/lineups,Turkey,203,Süper Lig,2025,Regular Season - 14,2025-12-01T17:00:00+00:00,Samsunspor,Alanyaspor,1,2026-10-10T01:33:24Z,CAPTURED,2,2,
1394558,/fixtures/lineups,Turkey,203,Süper Lig,2025,Regular Season - 14,2025-11-29T17:00:00+00:00,Trabzonspor,Konyaspor,1,2026-10-10T01:33:24Z,CAPTURED,2,2,
1394559,/fixtures/lineups,Turkey,203,Süper Lig,2025,Regular Season - 15,2025-12-08T17:00:00+00:00,Alanyaspor,Antalyaspor,1,2026-10-10T01:33:24Z,CAPTURED,2,2,
1394560,/fixtures/lineups,Turkey,203,Süper Lig,2025,Regular Season - 15,2025-12-06T17:00:00+00:00,Başakşehir,Fenerbahçe,1,2026-10-10T01:33:24Z,CAPTURED,2,2,
1394561,/fixtures/lineups,Turkey,203,Süper Lig,2025,Regular Season - 15,2025-12-08T17:00:00+00:00,Beşiktaş,Gaziantep FK,1,2026-10-10T01:33:24Z,CAPTURED,2,2,
1394562,/fixtures/lineups,Turkey,203,Süper Lig,2025,Regular Season - 15,2025-12-06T11:30:00+00:00,Eyüpspor,Kayserispor,1,2026-10-10T01:33:24Z,CAPTURED,2,2,
1394563,/fixtures/lineups,Turkey,203,Süper Lig,2025,Regular Season - 15,2025-12-05T17:00:00+00:00,Galatasaray,Samsunspor,1,2026-10-10T01:33:24Z,CAPTURED,2,2,
1394564,/fixtures/lineups,Turkey,203,Süper Lig,2025,Regular Season - 15,2025-12-07T11:30:00+00:00,Gençlerbirliği S.K.,Fatih Karagümrük,1,2026-10-10T01:33:24Z,CAPTURED,2,2,
1394565,/fixtures/lineups,Turkey,203,Süper Lig,2025,Regular Season - 15,2025-12-07T17:00:00+00:00,Göztepe,Trabzonspor,1,2026-10-10T01:33:24Z,CAPTURED,2,2,
1394566,/fixtures/lineups,Turkey,203,Süper Lig,2025,Regular Season - 15,2025-12-07T14:00:00+00:00,Kocaelispor,Kasımpaşa,1,2026-10-10T01:33:24Z,CAPTURED,2,2,
1394567,/fixtures/lineups,Turkey,203,Süper Lig,2025,Regular Season - 15,2025-12-06T14:00:00+00:00,Konyaspor,Rizespor,1,2026-10-10T01:33:24Z,CAPTURED,2,2,
1394568,/fixtures/lineups,Turkey,203,Süper Lig,2025,Regular Season - 16,2025-12-13T17:00:00+00:00,Antalyaspor,Galatasaray,1,2026-10-10T01:33:24Z,CAPTURED,2,2,
1394569,/fixtures/lineups,Turkey,203,Süper Lig,2025,Regular Season - 16,2025-12-15T17:00:00+00:00,Fenerbahçe,Konyaspor,1,2026-10-10T01:33:24Z,CAPTURED,2,2,
1394570,/fixtures/lineups,Turkey,203,Süper Lig,2025,Regular Season - 16,2025-12-14T11:30:00+00:00,Gaziantep FK,Göztepe,1,2026-10-10T01:33:24Z,CAPTURED,2,2,
1394571,/fixtures/lineups,Turkey,203,Süper Lig,2025,Regular Season - 16,2025-12-14T14:00:00+00:00,Fatih Karagümrük,Kocaelispor,1,2026-10-10T01:33:24Z,CAPTURED,2,2,
1394572,/fixtures/lineups,Turkey,203,Süper Lig,2025,Regular Season - 16,2025-12-12T17:00:00+00:00,Kasımpaşa,Gençlerbirliği S.K.,1,2026-10-10T01:33:24Z,CAPTURED,2,2,
1394573,/fixtures/lineups,Turkey,203,Süper Lig,2025,Regular Season - 16,2025-12-13T14:00:00+00:00,Kayserispor,Alanyaspor,1,2026-10-10T01:33:24Z,CAPTURED,2,2,
1394574,/fixtures/lineups,Turkey,203,Süper Lig,2025,Regular Season - 16,2025-12-13T11:30:00+00:00,Rizespor,Eyüpspor,1,2026-10-10T01:33:24Z,CAPTURED,2,2,
1394575,/fixtures/lineups,Turkey,203,Süper Lig,2025,Regular Season - 16,2025-12-14T17:00:00+00:00,Samsunspor,Başakşehir,1,2026-10-10T01:33:24Z,CAPTURED,2,2,
1394576,/fixtures/lineups,Turkey,203,Süper Lig,2025,Regular Season - 16,2025-12-14T17:00:00+00:00,Trabzonspor,Beşiktaş,1,2026-10-10T01:33:24Z,CAPTURED,2,2,
1394584,/fixtures/lineups,Turkey,203,Süper Lig,2025,Regular Season - 17,2025-12-19T17:00:00+00:00,Kocaelispor,Antalyaspor,1,2026-10-10T01:33:24Z,CAPTURED,2,2,
1394585,/fixtures/lineups,Turkey,203,Süper Lig,2025,Regular Season - 17,2025-12-20T11:30:00+00:00,Konyaspor,Kayserispor,1,2026-10-10T01:33:24Z,CAPTURED,2,2,
1394577,/fixtures/lineups,Turkey,203,Süper Lig,2025,Regular Season - 17,2025-12-21T11:30:00+00:00,Alanyaspor,Fatih Karagümrük,1,2026-10-10T05:31:23Z,CAPTURED,2,2,
1394578,/fixtures/lineups,Turkey,203,Süper Lig,2025,Regular Season - 17,2025-12-22T14:00:00+00:00,Başakşehir,Gaziantep FK,1,2026-10-10T05:31:23Z,CAPTURED,2,2,
1394579,/fixtures/lineups,Turkey,203,Süper Lig,2025,Regular Season - 17,2025-12-20T17:00:00+00:00,Beşiktaş,Rizespor,1,2026-10-10T05:31:23Z,CAPTURED,2,2,
1394580,/fixtures/lineups,Turkey,203,Süper Lig,2025,Regular Season - 17,2025-12-20T14:00:00+00:00,Eyüpspor,Fenerbahçe,1,2026-10-10T05:31:23Z,CAPTURED,2,2,
1394581,/fixtures/lineups,Turkey,203,Süper Lig,2025,Regular Season - 17,2025-12-21T17:00:00+00:00,Galatasaray,Kasımpaşa,1,2026-10-10T05:31:23Z,CAPTURED,2,2,
1394582,/fixtures/lineups,Turkey,203,Süper Lig,2025,Regular Season - 17,2025-12-22T17:00:00+00:00,Gençlerbirliği S.K.,Trabzonspor,1,2026-10-10T05:31:23Z,CAPTURED,2,2,
1394583,/fixtures/lineups,Turkey,203,Süper Lig,2025,Regular Season - 17,2025-12-21T17:00:00+00:00,Göztepe,Samsunspor,1,2026-10-10T05:31:23Z,CAPTURED,2,2,
1394586,/fixtures/lineups,Turkey,203,Süper Lig,2025,Regular Season - 18,2026-01-18T17:00:00+00:00,Alanyaspor,Fenerbahçe,1,2026-10-10T05:31:23Z,CAPTURED,2,2,
1394587,/fixtures/lineups,Turkey,203,Süper Lig,2025,Regular Season - 18,2026-01-17T14:00:00+00:00,Başakşehir,Fatih Karagümrük,1,2026-10-10T05:31:23Z,CAPTURED,2,2,
1394588,/fixtures/lineups,Turkey,203,Süper Lig,2025,Regular Season - 18,2026-01-19T17:00:00+00:00,Beşiktaş,Kayserispor,1,2026-10-10T05:31:23Z,CAPTURED,2,2,
1394589,/fixtures/lineups,Turkey,203,Süper Lig,2025,Regular Season - 18,2026-01-17T17:00:00+00:00,Galatasaray,Gaziantep FK,1,2026-10-10T05:31:23Z,CAPTURED,2,2,
1394590,/fixtures/lineups,Turkey,203,Süper Lig,2025,Regular Season - 18,2026-01-18T14:00:00+00:00,Gençlerbirliği S.K.,Samsunspor,1,2026-10-10T05:31:23Z,CAPTURED,2,2,
1394591,/fixtures/lineups,Turkey,203,Süper Lig,2025,Regular Season - 18,2026-01-19T17:00:00+00:00,Göztepe,Rizespor,1,2026-10-10T05:31:23Z,CAPTURED,2,2,
1394592,/fixtures/lineups,Turkey,203,Süper Lig,2025,Regular Season - 18,2026-01-18T11:30:00+00:00,Kasımpaşa,Antalyaspor,1,2026-10-10T05:31:23Z,CAPTURED,2,2,
1394593,/fixtures/lineups,Turkey,203,Süper Lig,2025,Regular Season - 18,2026-01-18T14:00:00+00:00,Kocaelispor,Trabzonspor,1,2026-10-10T05:31:23Z,CAPTURED,2,2,
1394594,/fixtures/lineups,Turkey,203,Süper Lig,2025,Regular Season - 18,2026-01-19T14:00:00+00:00,Konyaspor,Eyüpspor,1,2026-10-10T05:31:23Z,CAPTURED,2,2,
1394595,/fixtures/lineups,Turkey,203,Süper Lig,2025,Regular Season - 19,2026-01-25T14:00:00+00:00,Antalyaspor,Gençlerbirliği S.K.,1,2026-10-10T05:31:23Z,CAPTURED,2,2,
1394596,/fixtures/lineups,Turkey,203,Süper Lig,2025,Regular Season - 19,2026-01-26T17:00:00+00:00,Eyüpspor,Beşiktaş,1,2026-10-10T05:31:23Z,CAPTURED,2,2,
1394597,/fixtures/lineups,Turkey,203,Süper Lig,2025,Regular Season - 19,2026-01-25T17:00:00+00:00,Fenerbahçe,Göztepe,1,2026-10-10T05:31:23Z,CAPTURED,2,2,
1394598,/fixtures/lineups,Turkey,203,Süper Lig,2025,Regular Season - 19,2026-01-25T11:30:00+00:00,Gaziantep FK,Konyaspor,1,2026-10-10T05:31:23Z,CAPTURED,2,2,
1394599,/fixtures/lineups,Turkey,203,Süper Lig,2025,Regular Season - 19,2026-01-24T17:00:00+00:00,Fatih Karagümrük,Galatasaray,1,2026-10-10T05:31:23Z,CAPTURED,2,2,
1394600,/fixtures/lineups,Turkey,203,Süper Lig,2025,Regular Season - 19,2026-01-24T11:30:00+00:00,Kayserispor,Başakşehir,1,2026-10-10T05:31:23Z,CAPTURED,2,2,
1394601,/fixtures/lineups,Turkey,203,Süper Lig,2025,Regular Season - 19,2026-01-25T14:00:00+00:00,Rizespor,Alanyaspor,1,2026-10-10T05:31:23Z,CAPTURED,2,2,
1394602,/fixtures/lineups,Turkey,203,Süper Lig,2025,Regular Season - 19,2026-01-24T14:00:00+00:00,Samsunspor,Kocaelispor,1,2026-10-10T05:31:23Z,CAPTURED,2,2,
1394603,/fixtures/lineups,Turkey,203,Süper Lig,2025,Regular Season - 19,2026-01-23T17:00:00+00:00,Trabzonspor,Kasımpaşa,1,2026-10-10T05:31:23Z,CAPTURED,2,2,
1394604,/fixtures/lineups,Turkey,203,Süper Lig,2025,Regular Season - 20,2026-01-31T11:30:00+00:00,Alanyaspor,Eyüpspor,1,2026-10-10T05:31:23Z,CAPTURED,2,2,
1394605,/fixtures/lineups,Turkey,203,Süper Lig,2025,Regular Season - 20,2026-01-30T17:00:00+00:00,Antalyaspor,Trabzonspor,1,2026-10-10T05:31:23Z,CAPTURED,2,2,
1394606,/fixtures/lineups,Turkey,203,Süper Lig,2025,Regular Season - 20,2026-01-31T14:00:00+00:00,Başakşehir,Rizespor,1,2026-10-10T05:31:23Z,CAPTURED,2,2,
1394607,/fixtures/lineups,Turkey,203,Süper Lig,2025,Regular Season - 20,2026-01-31T17:00:00+00:00,Beşiktaş,Konyaspor,1,2026-10-10T05:31:23Z,CAPTURED,2,2,
1394608,/fixtures/lineups,Turkey,203,Süper Lig,2025,Regular Season - 20,2026-02-01T17:00:00+00:00,Galatasaray,Kayserispor,1,2026-10-10T05:31:23Z,CAPTURED,2,2,
1394609,/fixtures/lineups,Turkey,203,Süper Lig,2025,Regular Season - 20,2026-02-01T14:00:00+00:00,Gençlerbirliği S.K.,Gaziantep FK,1,2026-10-10T05:31:23Z,CAPTURED,2,2,
1394610,/fixtures/lineups,Turkey,203,Süper Lig,2025,Regular Season - 20,2026-01-31T17:00:00+00:00,Göztepe,Fatih Karagümrük,1,2026-10-10T05:31:23Z,CAPTURED,2,2,
1394611,/fixtures/lineups,Turkey,203,Süper Lig,2025,Regular Season - 20,2026-01-30T17:00:00+00:00,Kasımpaşa,Samsunspor,1,2026-10-10T05:31:23Z,CAPTURED,2,2,
1394612,/fixtures/lineups,Turkey,203,Süper Lig,2025,Regular Season - 20,2026-02-02T17:00:00+00:00,Kocaelispor,Fenerbahçe,1,2026-10-10T05:31:23Z,CAPTURED,2,2,
1394613,/fixtures/lineups,Turkey,203,Süper Lig,2025,Regular Season - 21,2026-02-08T17:00:00+00:00,Beşiktaş,Alanyaspor,1,2026-10-10T05:31:23Z,CAPTURED,2,2,
1394614,/fixtures/lineups,Turkey,203,Süper Lig,2025,Regular Season - 21,2026-02-08T11:30:00+00:00,Eyüpspor,Başakşehir,1,2026-10-10T05:31:23Z,CAPTURED,2,2,
1394615,/fixtures/lineups,Turkey,203,Süper Lig,2025,Regular Season - 21,2026-02-09T17:00:00+00:00,Fenerbahçe,Gençlerbirliği S.K.,1,2026-10-10T05:31:23Z,CAPTURED,2,2,
1394616,/fixtures/lineups,Turkey,203,Süper Lig,2025,Regular Season - 21,2026-02-09T17:00:00+00:00,Gaziantep FK,Kasımpaşa,1,2026-10-10T05:31:23Z,CAPTURED,2,2,
1394617,/fixtures/lineups,Turkey,203,Süper Lig,2025,Regular Season - 21,2026-02-07T11:30:00+00:00,Fatih Karagümrük,Antalyaspor,1,2026-10-10T05:31:23Z,CAPTURED,2,2,
1394618,/fixtures/lineups,Turkey,203,Süper Lig,2025,Regular Season - 21,2026-02-09T14:00:00+00:00,Kayserispor,Kocaelispor,1,2026-10-10T05:31:23Z,CAPTURED,2,2,
1394619,/fixtures/lineups,Turkey,203,Süper Lig,2025,Regular Season - 21,2026-02-08T14:00:00+00:00,Konyaspor,Göztepe,1,2026-10-10T05:31:23Z,CAPTURED,2,2,
1394620,/fixtures/lineups,Turkey,203,Süper Lig,2025,Regular Season - 21,2026-02-08T14:00:00+00:00,Rizespor,Galatasaray,1,2026-10-10T05:31:23Z,CAPTURED,2,2,
1394621,/fixtures/lineups,Turkey,203,Süper Lig,2025,Regular Season - 21,2026-02-07T17:00:00+00:00,Samsunspor,Trabzonspor,1,2026-10-10T05:31:23Z,CAPTURED,2,2,
1394622,/fixtures/lineups,Turkey,203,Süper Lig,2025,Regular Season - 22,2026-02-14T14:00:00+00:00,Alanyaspor,Konyaspor,1,2026-10-10T05:31:23Z,CAPTURED,2,2,
1394623,/fixtures/lineups,Turkey,203,Süper Lig,2025,Regular Season - 22,2026-02-13T17:00:00+00:00,Antalyaspor,Samsunspor,1,2026-10-10T05:31:23Z,CAPTURED,2,2,
1394625,/fixtures/lineups,Turkey,203,Süper Lig,2025,Regular Season - 22,2026-02-13T17:00:00+00:00,Galatasaray,Eyüpspor,1,2026-10-10T05:31:23Z,CAPTURED,2,2,
1394626,/fixtures/lineups,Turkey,203,Süper Lig,2025,Regular Season - 22,2026-02-14T11:30:00+00:00,Gençlerbirliği S.K.,Rizespor,1,2026-10-10T05:31:23Z,CAPTURED,2,2,
1394627,/fixtures/lineups,Turkey,203,Süper Lig,2025,Regular Season - 22,2026-02-15T14:00:00+00:00,Göztepe,Kayserispor,1,2026-10-10T05:31:23Z,CAPTURED,2,2,
1394629,/fixtures/lineups,Turkey,203,Süper Lig,2025,Regular Season - 22,2026-02-15T11:30:00+00:00,Kocaelispor,Gaziantep FK,1,2026-10-10T05:31:23Z,CAPTURED,2,2,
1394630,/fixtures/lineups,Turkey,203,Süper Lig,2025,Regular Season - 22,2026-02-14T17:00:00+00:00,Trabzonspor,Fenerbahçe,1,2026-10-10T05:31:23Z,CAPTURED,2,2,
