api_fixture_id,captured_at_utc,kickoff_utc,minutes_to_kickoff,fixture_status,home_team,away_team,ou_bet_id,ou_bet_name,b365_over25,b365_under25,p_over25,p_under25,open_p_over25,over_move_pp,o1_current_qualified,user_bookmaker,user_over25,user_under25,api_odds_update_utc
1575158,2026-09-11T11:14:15Z,2026-09-12T13:30:00Z,1575.8,NS,Borussia Dortmund,SC Paderborn 07,5,Goals Over/Under,1.36,3.2,0.70175439,0.29824561,0.70175439,-0.00000000,NO,Marathonbet,1.31,3.08,2026-09-11T09:52:15+00:00
1575159,2026-09-11T11:14:15Z,2026-09-13T13:30:00Z,3015.8,NS,RB Leipzig,Hamburger SV,5,Goals Over/Under,1.4,3.0,0.68181818,0.31818182,0.68181818,0.00000000,NO,Marathonbet,1.36,2.84,2026-09-11T09:52:15+00:00
1575160,2026-09-11T11:14:15Z,2026-09-12T13:30:00Z,1575.8,NS,1899 Hoffenheim,VfB Stuttgart,5,Goals Over/Under,1.36,3.2,0.70175439,0.29824561,0.70175439,-0.00000000,NO,Marathonbet,1.32,3.14,2026-09-11T09:52:15+00:00
1575161,2026-09-11T11:14:15Z,2026-09-12T13:30:00Z,1575.8,NS,SC Freiburg,Borussia Mönchengladbach,5,Goals Over/Under,1.53,2.5,0.62034739,0.37965261,0.62034739,0.00000000,NO,Marathonbet,1.52,2.33,2026-09-11T09:52:15+00:00
1575162,2026-09-11T11:14:15Z,2026-09-12T13:30:00Z,1575.8,NS,FC Augsburg,Bayer Leverkusen,5,Goals Over/Under,1.4,3.0,0.68181818,0.31818182,0.68181818,0.00000000,NO,Marathonbet,1.38,2.76,2026-09-11T09:52:15+00:00
1575163,2026-09-11T11:14:15Z,2026-09-12T13:30:00Z,1575.8,NS,FSV Mainz 05,Eintracht Frankfurt,5,Goals Over/Under,1.5,2.62,0.63592233,0.36407767,0.63592233,0.00000000,NO,Marathonbet,1.44,2.55,2026-09-11T09:52:15+00:00
1575164,2026-09-11T11:14:15Z,2026-09-11T18:30:00Z,435.8,NS,Union Berlin,FC Schalke 04,5,Goals Over/Under,1.67,2.2,0.56847545,0.43152455,0.56847545,0.00000000,NO,Marathonbet,1.6,2.22,2026-09-11T09:52:15+00:00
1575165,2026-09-11T11:14:15Z,2026-09-12T16:30:00Z,1755.8,NS,1. FC Köln,Werder Bremen,5,Goals Over/Under,1.53,2.5,0.62034739,0.37965261,0.62034739,0.00000000,NO,Marathonbet,1.51,2.35,2026-09-11T08:15:48+00:00
1575166,2026-09-11T11:14:15Z,2026-09-13T15:30:00Z,3135.8,NS,SV Elversberg,Bayern München,5,Goals Over/Under,1.17,5.0,0.81037277,0.18962723,0.81037277,0.00000000,NO,Marathonbet,1.13,4.6,2026-09-11T09:52:15+00:00
1575167,2026-09-11T11:14:15Z,2026-09-18T18:30:00Z,10515.8,NS,Bayern München,Union Berlin,5,Goals Over/Under,1.17,5.0,0.81037277,0.18962723,0.81037277,0.00000000,NO,Marathonbet,1.14,4.45,2026-09-11T05:43:14+00:00
1575168,2026-09-11T11:14:15Z,2026-09-19T16:30:00Z,11835.8,NS,VfB Stuttgart,Borussia Dortmund,5,Goals Over/Under,1.36,3.2,0.70175439,0.29824561,0.70175439,-0.00000000,NO,Marathonbet,1.34,2.93,2026-09-11T09:52:15+00:00
1575169,2026-09-11T11:14:15Z,2026-09-20T13:30:00Z,13095.8,NS,Bayer Leverkusen,RB Leipzig,5,Goals Over/Under,1.36,3.2,0.70175439,0.29824561,0.70175439,-0.00000000,NO,Marathonbet,1.34,2.93,2026-09-11T09:52:15+00:00
1575170,2026-09-11T11:14:15Z,2026-09-19T13:30:00Z,11655.8,NS,Eintracht Frankfurt,SC Freiburg,5,Goals Over/Under,1.53,2.5,0.62034739,0.37965261,0.62034739,0.00000000,NO,Marathonbet,1.48,2.43,2026-09-11T09:52:15+00:00
1575171,2026-09-11T11:14:15Z,2026-09-19T13:30:00Z,11655.8,NS,Hamburger SV,1. FC Köln,5,Goals Over/Under,1.57,2.38,0.60253165,0.39746835,0.60253165,-0.00000000,NO,Marathonbet,1.63,2.31,2026-09-11T09:52:15+00:00
1575172,2026-09-11T11:14:15Z,2026-09-19T13:30:00Z,11655.8,NS,Werder Bremen,FC Augsburg,5,Goals Over/Under,1.53,2.5,0.62034739,0.37965261,0.62034739,0.00000000,NO,Marathonbet,1.48,2.43,2026-09-11T09:52:15+00:00
1575173,2026-09-11T11:14:15Z,2026-09-20T15:30:00Z,13215.8,NS,FC Schalke 04,SV Elversberg,5,Goals Over/Under,1.62,2.3,0.58673469,0.41326531,0.58673469,0.00000000,NO,Marathonbet,1.65,2.27,2026-09-11T09:52:15+00:00
1575174,2026-09-11T11:14:15Z,2026-09-19T13:30:00Z,11655.8,NS,Borussia Mönchengladbach,FSV Mainz 05,5,Goals Over/Under,1.57,2.38,0.60253165,0.39746835,0.60253165,-0.00000000,NO,Marathonbet,1.57,2.44,2026-09-11T09:52:15+00:00
1575175,2026-09-11T11:14:15Z,2026-09-20T17:30:00Z,13335.8,NS,SC Paderborn 07,1899 Hoffenheim,5,Goals Over/Under,1.44,2.75,0.65632458,0.34367542,0.65632458,0.00000000,NO,Marathonbet,1.38,2.76,2026-09-11T09:52:15+00:00
1575158,2026-09-11T11:15:21Z,2026-09-12T13:30:00Z,1574.7,NS,Borussia Dortmund,SC Paderborn 07,5,override,1.36,3.2,0.70175439,0.29824561,0.70175439,-0.00000000,NO,Marathonbet,1.31,3.08,2026-09-11T09:52:15+00:00
1575159,2026-09-11T11:15:21Z,2026-09-13T13:30:00Z,3014.7,NS,RB Leipzig,Hamburger SV,5,override,1.4,3.0,0.68181818,0.31818182,0.68181818,0.00000000,NO,Marathonbet,1.36,2.84,2026-09-11T09:52:15+00:00
1575160,2026-09-11T11:15:21Z,2026-09-12T13:30:00Z,1574.7,NS,1899 Hoffenheim,VfB Stuttgart,5,override,1.36,3.2,0.70175439,0.29824561,0.70175439,-0.00000000,NO,Marathonbet,1.32,3.14,2026-09-11T09:52:15+00:00
1575161,2026-09-11T11:15:21Z,2026-09-12T13:30:00Z,1574.7,NS,SC Freiburg,Borussia Mönchengladbach,5,override,1.53,2.5,0.62034739,0.37965261,0.62034739,0.00000000,NO,Marathonbet,1.52,2.33,2026-09-11T09:52:15+00:00
1575162,2026-09-11T11:15:21Z,2026-09-12T13:30:00Z,1574.7,NS,FC Augsburg,Bayer Leverkusen,5,override,1.4,3.0,0.68181818,0.31818182,0.68181818,0.00000000,NO,Marathonbet,1.38,2.76,2026-09-11T09:52:15+00:00
1575163,2026-09-11T11:15:21Z,2026-09-12T13:30:00Z,1574.7,NS,FSV Mainz 05,Eintracht Frankfurt,5,override,1.5,2.62,0.63592233,0.36407767,0.63592233,0.00000000,NO,Marathonbet,1.44,2.55,2026-09-11T09:52:15+00:00
1575164,2026-09-11T11:15:21Z,2026-09-11T18:30:00Z,434.6,NS,Union Berlin,FC Schalke 04,5,override,1.67,2.2,0.56847545,0.43152455,0.56847545,0.00000000,NO,Marathonbet,1.6,2.22,2026-09-11T09:52:15+00:00
1575165,2026-09-11T11:15:21Z,2026-09-12T16:30:00Z,1754.7,NS,1. FC Köln,Werder Bremen,5,override,1.53,2.5,0.62034739,0.37965261,0.62034739,0.00000000,NO,Marathonbet,1.51,2.35,2026-09-11T08:15:48+00:00
1575166,2026-09-11T11:15:21Z,2026-09-13T15:30:00Z,3134.7,NS,SV Elversberg,Bayern München,5,override,1.17,5.0,0.81037277,0.18962723,0.81037277,0.00000000,NO,Marathonbet,1.13,4.6,2026-09-11T09:52:15+00:00
1575158,2026-09-11T11:48:15Z,2026-09-12T13:30:00Z,1541.8,NS,Borussia Dortmund,SC Paderborn 07,5,override,1.36,3.2,0.70175439,0.29824561,0.70175439,-0.00000000,NO,Marathonbet,1.31,3.08,2026-09-11T09:52:15+00:00
1575159,2026-09-11T11:48:15Z,2026-09-13T13:30:00Z,2981.8,NS,RB Leipzig,Hamburger SV,5,override,1.4,3.0,0.68181818,0.31818182,0.68181818,0.00000000,NO,Marathonbet,1.36,2.84,2026-09-11T09:52:15+00:00
1575160,2026-09-11T11:48:15Z,2026-09-12T13:30:00Z,1541.8,NS,1899 Hoffenheim,VfB Stuttgart,5,override,1.36,3.2,0.70175439,0.29824561,0.70175439,-0.00000000,NO,Marathonbet,1.32,3.14,2026-09-11T09:52:15+00:00
1575161,2026-09-11T11:48:15Z,2026-09-12T13:30:00Z,1541.8,NS,SC Freiburg,Borussia Mönchengladbach,5,override,1.53,2.5,0.62034739,0.37965261,0.62034739,0.00000000,NO,Marathonbet,1.52,2.33,2026-09-11T09:52:15+00:00
1575162,2026-09-11T11:48:15Z,2026-09-12T13:30:00Z,1541.8,NS,FC Augsburg,Bayer Leverkusen,5,override,1.4,3.0,0.68181818,0.31818182,0.68181818,0.00000000,NO,Marathonbet,1.38,2.76,2026-09-11T09:52:15+00:00
1575163,2026-09-11T11:48:15Z,2026-09-12T13:30:00Z,1541.8,NS,FSV Mainz 05,Eintracht Frankfurt,5,override,1.5,2.62,0.63592233,0.36407767,0.63592233,0.00000000,NO,Marathonbet,1.44,2.55,2026-09-11T09:52:15+00:00
1575164,2026-09-11T11:48:15Z,2026-09-11T18:30:00Z,401.8,NS,Union Berlin,FC Schalke 04,5,override,1.67,2.2,0.56847545,0.43152455,0.56847545,0.00000000,NO,Marathonbet,1.6,2.22,2026-09-11T09:52:15+00:00
1575165,2026-09-11T11:48:15Z,2026-09-12T16:30:00Z,1721.8,NS,1. FC Köln,Werder Bremen,5,override,1.53,2.5,0.62034739,0.37965261,0.62034739,0.00000000,NO,Marathonbet,1.51,2.35,2026-09-11T08:15:48+00:00
1575166,2026-09-11T11:48:15Z,2026-09-13T15:30:00Z,3101.8,NS,SV Elversberg,Bayern München,5,override,1.17,5.0,0.81037277,0.18962723,0.81037277,0.00000000,NO,Marathonbet,1.13,4.6,2026-09-11T09:52:15+00:00
1575158,2026-09-11T12:52:31Z,2026-09-12T13:30:00Z,1477.5,NS,Borussia Dortmund,SC Paderborn 07,5,override,1.36,3.2,0.70175439,0.29824561,0.70175439,-0.00000000,NO,Marathonbet,1.31,3.08,2026-09-11T09:52:15+00:00
1575159,2026-09-11T12:52:31Z,2026-09-13T13:30:00Z,2917.5,NS,RB Leipzig,Hamburger SV,5,override,1.4,3.0,0.68181818,0.31818182,0.68181818,0.00000000,NO,Marathonbet,1.36,2.84,2026-09-11T09:52:15+00:00
1575160,2026-09-11T12:52:31Z,2026-09-12T13:30:00Z,1477.5,NS,1899 Hoffenheim,VfB Stuttgart,5,override,1.36,3.2,0.70175439,0.29824561,0.70175439,-0.00000000,NO,Marathonbet,1.32,3.14,2026-09-11T09:52:15+00:00
1575161,2026-09-11T12:52:31Z,2026-09-12T13:30:00Z,1477.5,NS,SC Freiburg,Borussia Mönchengladbach,5,override,1.53,2.5,0.62034739,0.37965261,0.62034739,0.00000000,NO,Marathonbet,1.52,2.33,2026-09-11T09:52:15+00:00
1575162,2026-09-11T12:52:31Z,2026-09-12T13:30:00Z,1477.5,NS,FC Augsburg,Bayer Leverkusen,5,override,1.4,3.0,0.68181818,0.31818182,0.68181818,0.00000000,NO,Marathonbet,1.38,2.76,2026-09-11T09:52:15+00:00
1575163,2026-09-11T12:52:31Z,2026-09-12T13:30:00Z,1477.5,NS,FSV Mainz 05,Eintracht Frankfurt,5,override,1.5,2.62,0.63592233,0.36407767,0.63592233,0.00000000,NO,Marathonbet,1.44,2.55,2026-09-11T09:52:15+00:00
1575164,2026-09-11T12:52:31Z,2026-09-11T18:30:00Z,337.5,NS,Union Berlin,FC Schalke 04,5,override,1.67,2.2,0.56847545,0.43152455,0.56847545,0.00000000,NO,Marathonbet,1.6,2.22,2026-09-11T09:52:15+00:00
1575165,2026-09-11T12:52:31Z,2026-09-12T16:30:00Z,1657.5,NS,1. FC Köln,Werder Bremen,5,override,1.53,2.5,0.62034739,0.37965261,0.62034739,0.00000000,NO,Marathonbet,1.51,2.35,2026-09-11T09:52:15+00:00
1575166,2026-09-11T12:52:31Z,2026-09-13T15:30:00Z,3037.5,NS,SV Elversberg,Bayern München,5,override,1.17,5.0,0.81037277,0.18962723,0.81037277,0.00000000,NO,Marathonbet,1.13,4.6,2026-09-11T09:52:15+00:00
1575158,2026-09-11T13:23:58Z,2026-09-12T13:30:00Z,1446.0,NS,Borussia Dortmund,SC Paderborn 07,5,override,1.36,3.2,0.70175439,0.29824561,0.70175439,-0.00000000,NO,Marathonbet,1.31,3.08,2026-09-11T09:52:15+00:00
1575159,2026-09-11T13:23:58Z,2026-09-13T13:30:00Z,2886.0,NS,RB Leipzig,Hamburger SV,5,override,1.4,3.0,0.68181818,0.31818182,0.68181818,0.00000000,NO,Marathonbet,1.36,2.84,2026-09-11T09:52:15+00:00
1575160,2026-09-11T13:23:58Z,2026-09-12T13:30:00Z,1446.0,NS,1899 Hoffenheim,VfB Stuttgart,5,override,1.36,3.2,0.70175439,0.29824561,0.70175439,-0.00000000,NO,Marathonbet,1.32,3.14,2026-09-11T09:52:15+00:00
1575161,2026-09-11T13:23:58Z,2026-09-12T13:30:00Z,1446.0,NS,SC Freiburg,Borussia Mönchengladbach,5,override,1.53,2.5,0.62034739,0.37965261,0.62034739,0.00000000,NO,Marathonbet,1.52,2.33,2026-09-11T09:52:15+00:00
1575162,2026-09-11T13:23:58Z,2026-09-12T13:30:00Z,1446.0,NS,FC Augsburg,Bayer Leverkusen,5,override,1.4,3.0,0.68181818,0.31818182,0.68181818,0.00000000,NO,Marathonbet,1.38,2.76,2026-09-11T09:52:15+00:00
1575163,2026-09-11T13:23:58Z,2026-09-12T13:30:00Z,1446.0,NS,FSV Mainz 05,Eintracht Frankfurt,5,override,1.5,2.62,0.63592233,0.36407767,0.63592233,0.00000000,NO,Marathonbet,1.44,2.55,2026-09-11T09:52:15+00:00
1575164,2026-09-11T13:23:58Z,2026-09-11T18:30:00Z,306.0,NS,Union Berlin,FC Schalke 04,5,override,1.67,2.2,0.56847545,0.43152455,0.56847545,0.00000000,NO,Marathonbet,1.6,2.22,2026-09-11T09:52:15+00:00
1575165,2026-09-11T13:23:58Z,2026-09-12T16:30:00Z,1626.0,NS,1. FC Köln,Werder Bremen,5,override,1.53,2.5,0.62034739,0.37965261,0.62034739,0.00000000,NO,Marathonbet,1.51,2.35,2026-09-11T09:52:15+00:00
1575166,2026-09-11T13:23:58Z,2026-09-13T15:30:00Z,3006.0,NS,SV Elversberg,Bayern München,5,override,1.17,5.0,0.81037277,0.18962723,0.81037277,0.00000000,NO,Marathonbet,1.12,4.7,2026-09-11T12:30:44+00:00
1575158,2026-09-11T13:49:56Z,2026-09-12T13:30:00Z,1420.1,NS,Borussia Dortmund,SC Paderborn 07,5,override,1.36,3.2,0.70175439,0.29824561,0.70175439,-0.00000000,NO,Marathonbet,1.31,3.08,2026-09-11T09:52:15+00:00
1575159,2026-09-11T13:49:56Z,2026-09-13T13:30:00Z,2860.1,NS,RB Leipzig,Hamburger SV,5,override,1.4,3.0,0.68181818,0.31818182,0.68181818,0.00000000,NO,Marathonbet,1.36,2.84,2026-09-11T09:52:15+00:00
1575160,2026-09-11T13:49:56Z,2026-09-12T13:30:00Z,1420.1,NS,1899 Hoffenheim,VfB Stuttgart,5,override,1.36,3.2,0.70175439,0.29824561,0.70175439,-0.00000000,NO,Marathonbet,1.32,3.14,2026-09-11T09:52:15+00:00
1575161,2026-09-11T13:49:56Z,2026-09-12T13:30:00Z,1420.1,NS,SC Freiburg,Borussia Mönchengladbach,5,override,1.53,2.5,0.62034739,0.37965261,0.62034739,0.00000000,NO,Marathonbet,1.52,2.33,2026-09-11T09:52:15+00:00
1575162,2026-09-11T13:49:56Z,2026-09-12T13:30:00Z,1420.1,NS,FC Augsburg,Bayer Leverkusen,5,override,1.4,3.0,0.68181818,0.31818182,0.68181818,0.00000000,NO,Marathonbet,1.38,2.76,2026-09-11T09:52:15+00:00
1575163,2026-09-11T13:49:56Z,2026-09-12T13:30:00Z,1420.1,NS,FSV Mainz 05,Eintracht Frankfurt,5,override,1.5,2.62,0.63592233,0.36407767,0.63592233,0.00000000,NO,Marathonbet,1.44,2.55,2026-09-11T09:52:15+00:00
1575164,2026-09-11T13:49:56Z,2026-09-11T18:30:00Z,280.1,NS,Union Berlin,FC Schalke 04,5,override,1.62,2.3,0.58673469,0.41326531,0.56847545,0.01825924,NO,Marathonbet,1.6,2.22,2026-09-11T12:00:44+00:00
1575165,2026-09-11T13:49:56Z,2026-09-12T16:30:00Z,1600.1,NS,1. FC Köln,Werder Bremen,5,override,1.53,2.5,0.62034739,0.37965261,0.62034739,0.00000000,NO,Marathonbet,1.51,2.35,2026-09-11T09:52:15+00:00
1575166,2026-09-11T13:49:56Z,2026-09-13T15:30:00Z,2980.1,NS,SV Elversberg,Bayern München,5,override,1.17,5.0,0.81037277,0.18962723,0.81037277,0.00000000,NO,Marathonbet,1.12,4.7,2026-09-11T12:30:44+00:00
1575158,2026-09-11T14:24:02Z,2026-09-12T13:30:00Z,1386.0,NS,Borussia Dortmund,SC Paderborn 07,5,override,1.36,3.2,0.70175439,0.29824561,0.70175439,-0.00000000,NO,Marathonbet,1.31,3.08,2026-09-11T09:52:15+00:00
1575159,2026-09-11T14:24:02Z,2026-09-13T13:30:00Z,2826.0,NS,RB Leipzig,Hamburger SV,5,override,1.4,3.0,0.68181818,0.31818182,0.68181818,0.00000000,NO,Marathonbet,1.36,2.84,2026-09-11T09:52:15+00:00
1575160,2026-09-11T14:24:02Z,2026-09-12T13:30:00Z,1386.0,NS,1899 Hoffenheim,VfB Stuttgart,5,override,1.36,3.2,0.70175439,0.29824561,0.70175439,-0.00000000,NO,Marathonbet,1.32,3.14,2026-09-11T09:52:15+00:00
1575161,2026-09-11T14:24:02Z,2026-09-12T13:30:00Z,1386.0,NS,SC Freiburg,Borussia Mönchengladbach,5,override,1.53,2.5,0.62034739,0.37965261,0.62034739,0.00000000,NO,Marathonbet,1.52,2.33,2026-09-11T09:52:15+00:00
1575162,2026-09-11T14:24:02Z,2026-09-12T13:30:00Z,1386.0,NS,FC Augsburg,Bayer Leverkusen,5,override,1.4,3.0,0.68181818,0.31818182,0.68181818,0.00000000,NO,Marathonbet,1.38,2.76,2026-09-11T09:52:15+00:00
1575163,2026-09-11T14:24:02Z,2026-09-12T13:30:00Z,1386.0,NS,FSV Mainz 05,Eintracht Frankfurt,5,override,1.5,2.62,0.63592233,0.36407767,0.63592233,0.00000000,NO,Marathonbet,1.44,2.55,2026-09-11T09:52:15+00:00
1575164,2026-09-11T14:24:02Z,2026-09-11T18:30:00Z,246.0,NS,Union Berlin,FC Schalke 04,5,override,1.62,2.3,0.58673469,0.41326531,0.56847545,0.01825924,NO,Marathonbet,1.6,2.22,2026-09-11T12:00:44+00:00
1575165,2026-09-11T14:24:02Z,2026-09-12T16:30:00Z,1566.0,NS,1. FC Köln,Werder Bremen,5,override,1.53,2.5,0.62034739,0.37965261,0.62034739,0.00000000,NO,Marathonbet,1.51,2.35,2026-09-11T09:52:15+00:00
1575166,2026-09-11T14:24:02Z,2026-09-13T15:30:00Z,2946.0,NS,SV Elversberg,Bayern München,5,override,1.17,5.0,0.81037277,0.18962723,0.81037277,0.00000000,NO,Marathonbet,1.12,4.7,2026-09-11T12:30:44+00:00
1575158,2026-09-11T15:23:03Z,2026-09-12T13:30:00Z,1327.0,NS,Borussia Dortmund,SC Paderborn 07,5,override,1.36,3.2,0.70175439,0.29824561,0.70175439,-0.00000000,NO,Marathonbet,1.31,3.08,2026-09-11T09:52:15+00:00
1575159,2026-09-11T15:23:03Z,2026-09-13T13:30:00Z,2766.9,NS,RB Leipzig,Hamburger SV,5,override,1.4,3.0,0.68181818,0.31818182,0.68181818,0.00000000,NO,Marathonbet,1.36,2.84,2026-09-11T14:04:27+00:00
1575160,2026-09-11T15:23:03Z,2026-09-12T13:30:00Z,1327.0,NS,1899 Hoffenheim,VfB Stuttgart,5,override,1.36,3.2,0.70175439,0.29824561,0.70175439,-0.00000000,NO,Marathonbet,1.32,3.14,2026-09-11T09:52:15+00:00
1575161,2026-09-11T15:23:03Z,2026-09-12T13:30:00Z,1327.0,NS,SC Freiburg,Borussia Mönchengladbach,5,override,1.53,2.5,0.62034739,0.37965261,0.62034739,0.00000000,NO,Marathonbet,1.52,2.33,2026-09-11T09:52:15+00:00
1575162,2026-09-11T15:23:03Z,2026-09-12T13:30:00Z,1327.0,NS,FC Augsburg,Bayer Leverkusen,5,override,1.4,3.0,0.68181818,0.31818182,0.68181818,0.00000000,NO,Marathonbet,1.38,2.76,2026-09-11T09:52:15+00:00
1575163,2026-09-11T15:23:03Z,2026-09-12T13:30:00Z,1327.0,NS,FSV Mainz 05,Eintracht Frankfurt,5,override,1.5,2.62,0.63592233,0.36407767,0.63592233,0.00000000,NO,Marathonbet,1.44,2.55,2026-09-11T09:52:15+00:00
1575164,2026-09-11T15:23:03Z,2026-09-11T18:30:00Z,186.9,NS,Union Berlin,FC Schalke 04,5,override,1.62,2.3,0.58673469,0.41326531,0.56847545,0.01825924,NO,Marathonbet,1.6,2.22,2026-09-11T12:00:44+00:00
1575165,2026-09-11T15:23:03Z,2026-09-12T16:30:00Z,1507.0,NS,1. FC Köln,Werder Bremen,5,override,1.53,2.5,0.62034739,0.37965261,0.62034739,0.00000000,NO,Marathonbet,1.51,2.35,2026-09-11T09:52:15+00:00
1575166,2026-09-11T15:23:03Z,2026-09-13T15:30:00Z,2886.9,NS,SV Elversberg,Bayern München,5,override,1.17,5.0,0.81037277,0.18962723,0.81037277,0.00000000,NO,Marathonbet,1.12,4.7,2026-09-11T14:04:27+00:00
1575158,2026-09-11T15:49:44Z,2026-09-12T13:30:00Z,1300.3,NS,Borussia Dortmund,SC Paderborn 07,5,override,1.36,3.2,0.70175439,0.29824561,0.70175439,-0.00000000,NO,Marathonbet,1.31,3.08,2026-09-11T09:52:15+00:00
1575159,2026-09-11T15:49:44Z,2026-09-13T13:30:00Z,2740.3,NS,RB Leipzig,Hamburger SV,5,override,1.4,3.0,0.68181818,0.31818182,0.68181818,0.00000000,NO,Marathonbet,1.36,2.84,2026-09-11T14:04:27+00:00
1575160,2026-09-11T15:49:44Z,2026-09-12T13:30:00Z,1300.3,NS,1899 Hoffenheim,VfB Stuttgart,5,override,1.36,3.2,0.70175439,0.29824561,0.70175439,-0.00000000,NO,Marathonbet,1.32,3.14,2026-09-11T09:52:15+00:00
1575161,2026-09-11T15:49:44Z,2026-09-12T13:30:00Z,1300.3,NS,SC Freiburg,Borussia Mönchengladbach,5,override,1.53,2.5,0.62034739,0.37965261,0.62034739,0.00000000,NO,Marathonbet,1.52,2.33,2026-09-11T09:52:15+00:00
1575162,2026-09-11T15:49:44Z,2026-09-12T13:30:00Z,1300.3,NS,FC Augsburg,Bayer Leverkusen,5,override,1.4,3.0,0.68181818,0.31818182,0.68181818,0.00000000,NO,Marathonbet,1.38,2.76,2026-09-11T09:52:15+00:00
1575163,2026-09-11T15:49:44Z,2026-09-12T13:30:00Z,1300.3,NS,FSV Mainz 05,Eintracht Frankfurt,5,override,1.5,2.62,0.63592233,0.36407767,0.63592233,0.00000000,NO,Marathonbet,1.44,2.55,2026-09-11T09:52:15+00:00
1575164,2026-09-11T15:49:44Z,2026-09-11T18:30:00Z,160.3,NS,Union Berlin,FC Schalke 04,5,override,1.62,2.3,0.58673469,0.41326531,0.56847545,0.01825924,NO,Marathonbet,1.6,2.22,2026-09-11T12:00:44+00:00
1575165,2026-09-11T15:49:44Z,2026-09-12T16:30:00Z,1480.3,NS,1. FC Köln,Werder Bremen,5,override,1.53,2.5,0.62034739,0.37965261,0.62034739,0.00000000,NO,Marathonbet,1.51,2.35,2026-09-11T09:52:15+00:00
1575166,2026-09-11T15:49:44Z,2026-09-13T15:30:00Z,2860.3,NS,SV Elversberg,Bayern München,5,override,1.17,5.0,0.81037277,0.18962723,0.81037277,0.00000000,NO,Marathonbet,1.12,4.7,2026-09-11T14:04:27+00:00
1575158,2026-09-11T16:24:06Z,2026-09-12T13:30:00Z,1265.9,NS,Borussia Dortmund,SC Paderborn 07,5,override,1.36,3.2,0.70175439,0.29824561,0.70175439,-0.00000000,NO,Marathonbet,1.31,3.08,2026-09-11T14:04:27+00:00
1575159,2026-09-11T16:24:06Z,2026-09-13T13:30:00Z,2705.9,NS,RB Leipzig,Hamburger SV,5,override,1.4,3.0,0.68181818,0.31818182,0.68181818,0.00000000,NO,Marathonbet,1.36,2.84,2026-09-11T14:04:27+00:00
1575160,2026-09-11T16:24:06Z,2026-09-12T13:30:00Z,1265.9,NS,1899 Hoffenheim,VfB Stuttgart,5,override,1.36,3.2,0.70175439,0.29824561,0.70175439,-0.00000000,NO,Marathonbet,1.33,3.1,2026-09-11T14:04:27+00:00
1575161,2026-09-11T16:24:06Z,2026-09-12T13:30:00Z,1265.9,NS,SC Freiburg,Borussia Mönchengladbach,5,override,1.53,2.5,0.62034739,0.37965261,0.62034739,0.00000000,NO,Marathonbet,1.51,2.35,2026-09-11T14:04:27+00:00
1575162,2026-09-11T16:24:06Z,2026-09-12T13:30:00Z,1265.9,NS,FC Augsburg,Bayer Leverkusen,5,override,1.4,3.0,0.68181818,0.31818182,0.68181818,0.00000000,NO,Marathonbet,1.38,2.76,2026-09-11T09:52:15+00:00
1575163,2026-09-11T16:24:06Z,2026-09-12T13:30:00Z,1265.9,NS,FSV Mainz 05,Eintracht Frankfurt,5,override,1.5,2.62,0.63592233,0.36407767,0.63592233,0.00000000,NO,Marathonbet,1.44,2.55,2026-09-11T09:52:15+00:00
1575164,2026-09-11T16:24:06Z,2026-09-11T18:30:00Z,125.9,NS,Union Berlin,FC Schalke 04,5,override,1.62,2.3,0.58673469,0.41326531,0.56847545,0.01825924,NO,Marathonbet,1.6,2.22,2026-09-11T12:00:44+00:00
1575165,2026-09-11T16:24:06Z,2026-09-12T16:30:00Z,1445.9,NS,1. FC Köln,Werder Bremen,5,override,1.57,2.38,0.60253165,0.39746835,0.62034739,-0.01781574,NO,Marathonbet,1.52,2.33,2026-09-11T14:04:27+00:00
1575166,2026-09-11T16:24:06Z,2026-09-13T15:30:00Z,2825.9,NS,SV Elversberg,Bayern München,5,override,1.17,5.0,0.81037277,0.18962723,0.81037277,0.00000000,NO,Marathonbet,1.12,4.7,2026-09-11T14:04:27+00:00
1575158,2026-09-11T16:49:18Z,2026-09-12T13:30:00Z,1240.7,NS,Borussia Dortmund,SC Paderborn 07,5,override,1.36,3.2,0.70175439,0.29824561,0.70175439,-0.00000000,NO,Marathonbet,1.31,3.08,2026-09-11T14:04:27+00:00
1575159,2026-09-11T16:49:18Z,2026-09-13T13:30:00Z,2680.7,NS,RB Leipzig,Hamburger SV,5,override,1.4,3.0,0.68181818,0.31818182,0.68181818,0.00000000,NO,Marathonbet,1.36,2.84,2026-09-11T14:04:27+00:00
1575160,2026-09-11T16:49:18Z,2026-09-12T13:30:00Z,1240.7,NS,1899 Hoffenheim,VfB Stuttgart,5,override,1.36,3.2,0.70175439,0.29824561,0.70175439,-0.00000000,NO,Marathonbet,1.33,3.1,2026-09-11T14:04:27+00:00
1575161,2026-09-11T16:49:18Z,2026-09-12T13:30:00Z,1240.7,NS,SC Freiburg,Borussia Mönchengladbach,5,override,1.53,2.5,0.62034739,0.37965261,0.62034739,0.00000000,NO,Marathonbet,1.51,2.35,2026-09-11T14:04:27+00:00
1575162,2026-09-11T16:49:18Z,2026-09-12T13:30:00Z,1240.7,NS,FC Augsburg,Bayer Leverkusen,5,override,1.4,3.0,0.68181818,0.31818182,0.68181818,0.00000000,NO,Marathonbet,1.38,2.76,2026-09-11T14:04:27+00:00
1575163,2026-09-11T16:49:18Z,2026-09-12T13:30:00Z,1240.7,NS,FSV Mainz 05,Eintracht Frankfurt,5,override,1.5,2.62,0.63592233,0.36407767,0.63592233,0.00000000,NO,Marathonbet,1.44,2.55,2026-09-11T14:04:27+00:00
1575164,2026-09-11T16:49:18Z,2026-09-11T18:30:00Z,100.7,NS,Union Berlin,FC Schalke 04,5,override,1.62,2.3,0.58673469,0.41326531,0.56847545,0.01825924,NO,Marathonbet,1.6,2.22,2026-09-11T12:00:44+00:00
1575165,2026-09-11T16:49:18Z,2026-09-12T16:30:00Z,1420.7,NS,1. FC Köln,Werder Bremen,5,override,1.57,2.38,0.60253165,0.39746835,0.62034739,-0.01781574,NO,Marathonbet,1.52,2.33,2026-09-11T14:04:27+00:00
1575166,2026-09-11T16:49:18Z,2026-09-13T15:30:00Z,2800.7,NS,SV Elversberg,Bayern München,5,override,1.17,5.0,0.81037277,0.18962723,0.81037277,0.00000000,NO,Marathonbet,1.12,4.7,2026-09-11T14:04:27+00:00
1575158,2026-09-11T17:22:12Z,2026-09-12T13:30:00Z,1207.8,NS,Borussia Dortmund,SC Paderborn 07,5,override,1.36,3.2,0.70175439,0.29824561,0.70175439,-0.00000000,NO,Marathonbet,1.31,3.08,2026-09-11T14:04:27+00:00
1575159,2026-09-11T17:22:12Z,2026-09-13T13:30:00Z,2647.8,NS,RB Leipzig,Hamburger SV,5,override,1.4,3.0,0.68181818,0.31818182,0.68181818,0.00000000,NO,Marathonbet,1.36,2.84,2026-09-11T14:04:27+00:00
1575160,2026-09-11T17:22:12Z,2026-09-12T13:30:00Z,1207.8,NS,1899 Hoffenheim,VfB Stuttgart,5,override,1.36,3.2,0.70175439,0.29824561,0.70175439,-0.00000000,NO,Marathonbet,1.33,3.1,2026-09-11T14:04:27+00:00
1575161,2026-09-11T17:22:12Z,2026-09-12T13:30:00Z,1207.8,NS,SC Freiburg,Borussia Mönchengladbach,5,override,1.53,2.5,0.62034739,0.37965261,0.62034739,0.00000000,NO,Marathonbet,1.51,2.35,2026-09-11T14:04:27+00:00
1575162,2026-09-11T17:22:12Z,2026-09-12T13:30:00Z,1207.8,NS,FC Augsburg,Bayer Leverkusen,5,override,1.4,3.0,0.68181818,0.31818182,0.68181818,0.00000000,NO,Marathonbet,1.38,2.76,2026-09-11T14:04:27+00:00
1575163,2026-09-11T17:22:12Z,2026-09-12T13:30:00Z,1207.8,NS,FSV Mainz 05,Eintracht Frankfurt,5,override,1.5,2.62,0.63592233,0.36407767,0.63592233,0.00000000,NO,Marathonbet,1.44,2.55,2026-09-11T14:04:27+00:00
1575164,2026-09-11T17:22:12Z,2026-09-11T18:30:00Z,67.8,NS,Union Berlin,FC Schalke 04,5,override,1.67,2.2,0.56847545,0.43152455,0.56847545,0.00000000,NO,Marathonbet,1.59,2.24,2026-09-11T14:04:27+00:00
1575165,2026-09-11T17:22:12Z,2026-09-12T16:30:00Z,1387.8,NS,1. FC Köln,Werder Bremen,5,override,1.57,2.38,0.60253165,0.39746835,0.62034739,-0.01781574,NO,Marathonbet,1.52,2.33,2026-09-11T14:04:27+00:00
1575166,2026-09-11T17:22:12Z,2026-09-13T15:30:00Z,2767.8,NS,SV Elversberg,Bayern München,5,override,1.17,5.0,0.81037277,0.18962723,0.81037277,0.00000000,NO,Marathonbet,1.12,4.7,2026-09-11T14:04:27+00:00
1575158,2026-09-11T17:47:02Z,2026-09-12T13:30:00Z,1183.0,NS,Borussia Dortmund,SC Paderborn 07,5,override,1.36,3.2,0.70175439,0.29824561,0.70175439,-0.00000000,NO,Marathonbet,1.31,3.08,2026-09-11T14:04:27+00:00
1575159,2026-09-11T17:47:02Z,2026-09-13T13:30:00Z,2623.0,NS,RB Leipzig,Hamburger SV,5,override,1.4,3.0,0.68181818,0.31818182,0.68181818,0.00000000,NO,Marathonbet,1.36,2.84,2026-09-11T14:04:27+00:00
1575160,2026-09-11T17:47:02Z,2026-09-12T13:30:00Z,1183.0,NS,1899 Hoffenheim,VfB Stuttgart,5,override,1.36,3.2,0.70175439,0.29824561,0.70175439,-0.00000000,NO,Marathonbet,1.33,3.1,2026-09-11T14:04:27+00:00
1575161,2026-09-11T17:47:02Z,2026-09-12T13:30:00Z,1183.0,NS,SC Freiburg,Borussia Mönchengladbach,5,override,1.53,2.5,0.62034739,0.37965261,0.62034739,0.00000000,NO,Marathonbet,1.51,2.35,2026-09-11T14:04:27+00:00
1575162,2026-09-11T17:47:02Z,2026-09-12T13:30:00Z,1183.0,NS,FC Augsburg,Bayer Leverkusen,5,override,1.4,3.0,0.68181818,0.31818182,0.68181818,0.00000000,NO,Marathonbet,1.38,2.76,2026-09-11T14:04:27+00:00
1575163,2026-09-11T17:47:02Z,2026-09-12T13:30:00Z,1183.0,NS,FSV Mainz 05,Eintracht Frankfurt,5,override,1.5,2.62,0.63592233,0.36407767,0.63592233,0.00000000,NO,Marathonbet,1.44,2.55,2026-09-11T14:04:27+00:00
1575164,2026-09-11T17:47:02Z,2026-09-11T18:30:00Z,43.0,NS,Union Berlin,FC Schalke 04,5,override,1.67,2.2,0.56847545,0.43152455,0.56847545,0.00000000,NO,Marathonbet,1.59,2.24,2026-09-11T14:04:27+00:00
1575165,2026-09-11T17:47:02Z,2026-09-12T16:30:00Z,1363.0,NS,1. FC Köln,Werder Bremen,5,override,1.57,2.38,0.60253165,0.39746835,0.62034739,-0.01781574,NO,Marathonbet,1.52,2.33,2026-09-11T14:04:27+00:00
1575166,2026-09-11T17:47:02Z,2026-09-13T15:30:00Z,2743.0,NS,SV Elversberg,Bayern München,5,override,1.17,5.0,0.81037277,0.18962723,0.81037277,0.00000000,NO,Marathonbet,1.12,4.7,2026-09-11T14:04:27+00:00
1575158,2026-09-11T18:25:54Z,2026-09-12T13:30:00Z,1144.1,NS,Borussia Dortmund,SC Paderborn 07,5,override,1.36,3.2,0.70175439,0.29824561,0.70175439,-0.00000000,NO,Marathonbet,1.31,3.08,2026-09-11T14:04:27+00:00
1575159,2026-09-11T18:25:54Z,2026-09-13T13:30:00Z,2584.1,NS,RB Leipzig,Hamburger SV,5,override,1.4,3.0,0.68181818,0.31818182,0.68181818,0.00000000,NO,Marathonbet,1.36,2.84,2026-09-11T14:04:27+00:00
1575160,2026-09-11T18:25:54Z,2026-09-12T13:30:00Z,1144.1,NS,1899 Hoffenheim,VfB Stuttgart,5,override,1.36,3.2,0.70175439,0.29824561,0.70175439,-0.00000000,NO,Marathonbet,1.33,3.1,2026-09-11T14:04:27+00:00
1575161,2026-09-11T18:25:54Z,2026-09-12T13:30:00Z,1144.1,NS,SC Freiburg,Borussia Mönchengladbach,5,override,1.53,2.5,0.62034739,0.37965261,0.62034739,0.00000000,NO,Marathonbet,1.51,2.35,2026-09-11T14:04:27+00:00
1575162,2026-09-11T18:25:54Z,2026-09-12T13:30:00Z,1144.1,NS,FC Augsburg,Bayer Leverkusen,5,override,1.4,3.0,0.68181818,0.31818182,0.68181818,0.00000000,NO,Marathonbet,1.38,2.76,2026-09-11T14:04:27+00:00
1575163,2026-09-11T18:25:54Z,2026-09-12T13:30:00Z,1144.1,NS,FSV Mainz 05,Eintracht Frankfurt,5,override,1.5,2.62,0.63592233,0.36407767,0.63592233,0.00000000,NO,Marathonbet,1.44,2.55,2026-09-11T14:04:27+00:00
1575164,2026-09-11T18:25:54Z,2026-09-11T18:30:00Z,4.1,NS,Union Berlin,FC Schalke 04,5,override,1.67,2.2,0.56847545,0.43152455,0.56847545,0.00000000,NO,Marathonbet,1.59,2.24,2026-09-11T14:04:27+00:00
1575165,2026-09-11T18:25:54Z,2026-09-12T16:30:00Z,1324.1,NS,1. FC Köln,Werder Bremen,5,override,1.57,2.38,0.60253165,0.39746835,0.62034739,-0.01781574,NO,Marathonbet,1.52,2.33,2026-09-11T14:04:27+00:00
1575166,2026-09-11T18:25:54Z,2026-09-13T15:30:00Z,2704.1,NS,SV Elversberg,Bayern München,5,override,1.17,5.0,0.81037277,0.18962723,0.81037277,0.00000000,NO,Marathonbet,1.12,4.7,2026-09-11T14:04:27+00:00
1575158,2026-09-11T19:21:10Z,2026-09-12T13:30:00Z,1088.8,NS,Borussia Dortmund,SC Paderborn 07,5,override,1.36,3.2,0.70175439,0.29824561,0.70175439,-0.00000000,NO,Marathonbet,1.32,3.04,2026-09-11T18:26:15+00:00
1575159,2026-09-11T19:21:10Z,2026-09-13T13:30:00Z,2528.8,NS,RB Leipzig,Hamburger SV,5,override,1.4,3.0,0.68181818,0.31818182,0.68181818,0.00000000,NO,Marathonbet,1.36,2.84,2026-09-11T18:26:15+00:00
1575160,2026-09-11T19:21:10Z,2026-09-12T13:30:00Z,1088.8,NS,1899 Hoffenheim,VfB Stuttgart,5,override,1.36,3.2,0.70175439,0.29824561,0.70175439,-0.00000000,NO,Marathonbet,1.31,3.2,2026-09-11T18:26:15+00:00
1575161,2026-09-11T19:21:10Z,2026-09-12T13:30:00Z,1088.8,NS,SC Freiburg,Borussia Mönchengladbach,5,override,1.53,2.5,0.62034739,0.37965261,0.62034739,0.00000000,NO,Marathonbet,1.51,2.35,2026-09-11T14:04:27+00:00
1575162,2026-09-11T19:21:10Z,2026-09-12T13:30:00Z,1088.8,NS,FC Augsburg,Bayer Leverkusen,5,override,1.4,3.0,0.68181818,0.31818182,0.68181818,0.00000000,NO,Marathonbet,1.38,2.76,2026-09-11T18:26:15+00:00
1575163,2026-09-11T19:21:10Z,2026-09-12T13:30:00Z,1088.8,NS,FSV Mainz 05,Eintracht Frankfurt,5,override,1.5,2.62,0.63592233,0.36407767,0.63592233,0.00000000,NO,Marathonbet,1.44,2.55,2026-09-11T14:04:27+00:00
1575165,2026-09-11T19:21:10Z,2026-09-12T16:30:00Z,1268.8,NS,1. FC Köln,Werder Bremen,5,override,1.57,2.38,0.60253165,0.39746835,0.62034739,-0.01781574,NO,Marathonbet,1.52,2.33,2026-09-11T18:26:15+00:00
1575166,2026-09-11T19:21:10Z,2026-09-13T15:30:00Z,2648.8,NS,SV Elversberg,Bayern München,5,override,1.17,5.0,0.81037277,0.18962723,0.81037277,0.00000000,NO,Marathonbet,1.12,4.7,2026-09-11T14:04:27+00:00
1575158,2026-09-11T19:46:44Z,2026-09-12T13:30:00Z,1063.3,NS,Borussia Dortmund,SC Paderborn 07,5,override,1.36,3.2,0.70175439,0.29824561,0.70175439,-0.00000000,NO,Marathonbet,1.32,3.04,2026-09-11T18:26:15+00:00
1575159,2026-09-11T19:46:44Z,2026-09-13T13:30:00Z,2503.3,NS,RB Leipzig,Hamburger SV,5,override,1.4,3.0,0.68181818,0.31818182,0.68181818,0.00000000,NO,Marathonbet,1.36,2.84,2026-09-11T18:26:15+00:00
1575161,2026-09-11T19:46:44Z,2026-09-12T13:30:00Z,1063.3,NS,SC Freiburg,Borussia Mönchengladbach,5,override,1.53,2.5,0.62034739,0.37965261,0.62034739,0.00000000,NO,Marathonbet,1.51,2.35,2026-09-11T14:04:27+00:00
1575162,2026-09-11T19:46:44Z,2026-09-12T13:30:00Z,1063.3,NS,FC Augsburg,Bayer Leverkusen,5,override,1.4,3.0,0.68181818,0.31818182,0.68181818,0.00000000,NO,Marathonbet,1.38,2.76,2026-09-11T18:26:15+00:00
1575163,2026-09-11T19:46:44Z,2026-09-12T13:30:00Z,1063.3,NS,FSV Mainz 05,Eintracht Frankfurt,5,override,1.5,2.62,0.63592233,0.36407767,0.63592233,0.00000000,NO,Marathonbet,1.44,2.55,2026-09-11T14:04:27+00:00
1575165,2026-09-11T19:46:44Z,2026-09-12T16:30:00Z,1243.3,NS,1. FC Köln,Werder Bremen,5,override,1.57,2.38,0.60253165,0.39746835,0.62034739,-0.01781574,NO,Marathonbet,1.52,2.33,2026-09-11T18:26:15+00:00
1575166,2026-09-11T19:46:44Z,2026-09-13T15:30:00Z,2623.3,NS,SV Elversberg,Bayern München,5,override,1.17,5.0,0.81037277,0.18962723,0.81037277,0.00000000,NO,Marathonbet,1.12,4.7,2026-09-11T14:04:27+00:00
1575158,2026-09-11T20:23:22Z,2026-09-12T13:30:00Z,1026.6,NS,Borussia Dortmund,SC Paderborn 07,5,override,1.36,3.2,0.70175439,0.29824561,0.70175439,-0.00000000,NO,Marathonbet,1.32,3.04,2026-09-11T18:26:15+00:00
1575159,2026-09-11T20:23:22Z,2026-09-13T13:30:00Z,2466.6,NS,RB Leipzig,Hamburger SV,5,override,1.4,3.0,0.68181818,0.31818182,0.68181818,0.00000000,NO,Marathonbet,1.36,2.84,2026-09-11T18:26:15+00:00
1575160,2026-09-11T20:23:22Z,2026-09-12T13:30:00Z,1026.6,NS,1899 Hoffenheim,VfB Stuttgart,5,override,1.36,3.2,0.70175439,0.29824561,0.70175439,-0.00000000,NO,Marathonbet,1.31,3.2,2026-09-11T18:26:15+00:00
1575161,2026-09-11T20:23:22Z,2026-09-12T13:30:00Z,1026.6,NS,SC Freiburg,Borussia Mönchengladbach,5,override,1.53,2.5,0.62034739,0.37965261,0.62034739,0.00000000,NO,Marathonbet,1.51,2.35,2026-09-11T18:26:15+00:00
1575162,2026-09-11T20:23:22Z,2026-09-12T13:30:00Z,1026.6,NS,FC Augsburg,Bayer Leverkusen,5,override,1.4,3.0,0.68181818,0.31818182,0.68181818,0.00000000,NO,Marathonbet,1.38,2.76,2026-09-11T18:26:15+00:00
1575163,2026-09-11T20:23:22Z,2026-09-12T13:30:00Z,1026.6,NS,FSV Mainz 05,Eintracht Frankfurt,5,override,1.5,2.62,0.63592233,0.36407767,0.63592233,0.00000000,NO,Marathonbet,1.44,2.55,2026-09-11T18:26:15+00:00
1575165,2026-09-11T20:23:22Z,2026-09-12T16:30:00Z,1206.6,NS,1. FC Köln,Werder Bremen,5,override,1.57,2.38,0.60253165,0.39746835,0.62034739,-0.01781574,NO,Marathonbet,1.52,2.33,2026-09-11T18:26:15+00:00
1575166,2026-09-11T20:23:22Z,2026-09-13T15:30:00Z,2586.6,NS,SV Elversberg,Bayern München,5,override,1.17,5.0,0.81037277,0.18962723,0.81037277,0.00000000,NO,Marathonbet,1.12,4.75,2026-09-11T18:26:15+00:00
1575158,2026-09-11T20:49:54Z,2026-09-12T13:30:00Z,1000.1,NS,Borussia Dortmund,SC Paderborn 07,5,override,1.36,3.2,0.70175439,0.29824561,0.70175439,-0.00000000,NO,Marathonbet,1.32,3.04,2026-09-11T18:26:15+00:00
1575159,2026-09-11T20:49:54Z,2026-09-13T13:30:00Z,2440.1,NS,RB Leipzig,Hamburger SV,5,override,1.4,3.0,0.68181818,0.31818182,0.68181818,0.00000000,NO,Marathonbet,1.36,2.84,2026-09-11T18:26:15+00:00
1575160,2026-09-11T20:49:54Z,2026-09-12T13:30:00Z,1000.1,NS,1899 Hoffenheim,VfB Stuttgart,5,override,1.36,3.2,0.70175439,0.29824561,0.70175439,-0.00000000,NO,Marathonbet,1.31,3.2,2026-09-11T18:26:15+00:00
1575161,2026-09-11T20:49:54Z,2026-09-12T13:30:00Z,1000.1,NS,SC Freiburg,Borussia Mönchengladbach,5,override,1.53,2.5,0.62034739,0.37965261,0.62034739,0.00000000,NO,Marathonbet,1.51,2.35,2026-09-11T18:26:15+00:00
1575162,2026-09-11T20:49:54Z,2026-09-12T13:30:00Z,1000.1,NS,FC Augsburg,Bayer Leverkusen,5,override,1.4,3.0,0.68181818,0.31818182,0.68181818,0.00000000,NO,Marathonbet,1.38,2.76,2026-09-11T18:26:15+00:00
1575163,2026-09-11T20:49:54Z,2026-09-12T13:30:00Z,1000.1,NS,FSV Mainz 05,Eintracht Frankfurt,5,override,1.5,2.62,0.63592233,0.36407767,0.63592233,0.00000000,NO,Marathonbet,1.44,2.55,2026-09-11T18:26:15+00:00
1575165,2026-09-11T20:49:54Z,2026-09-12T16:30:00Z,1180.1,NS,1. FC Köln,Werder Bremen,5,override,1.57,2.38,0.60253165,0.39746835,0.62034739,-0.01781574,NO,Marathonbet,1.52,2.33,2026-09-11T18:26:15+00:00
1575166,2026-09-11T20:49:54Z,2026-09-13T15:30:00Z,2560.1,NS,SV Elversberg,Bayern München,5,override,1.17,5.0,0.81037277,0.18962723,0.81037277,0.00000000,NO,Marathonbet,1.12,4.75,2026-09-11T18:26:15+00:00
1575158,2026-09-11T21:21:19Z,2026-09-12T13:30:00Z,968.7,NS,Borussia Dortmund,SC Paderborn 07,5,override,1.36,3.2,0.70175439,0.29824561,0.70175439,-0.00000000,NO,Marathonbet,1.32,3.04,2026-09-11T18:26:15+00:00
1575159,2026-09-11T21:21:19Z,2026-09-13T13:30:00Z,2408.7,NS,RB Leipzig,Hamburger SV,5,override,1.4,3.0,0.68181818,0.31818182,0.68181818,0.00000000,NO,Marathonbet,1.36,2.84,2026-09-11T18:26:15+00:00
1575160,2026-09-11T21:21:19Z,2026-09-12T13:30:00Z,968.7,NS,1899 Hoffenheim,VfB Stuttgart,5,override,1.36,3.2,0.70175439,0.29824561,0.70175439,-0.00000000,NO,Marathonbet,1.31,3.2,2026-09-11T18:26:15+00:00
1575161,2026-09-11T21:21:19Z,2026-09-12T13:30:00Z,968.7,NS,SC Freiburg,Borussia Mönchengladbach,5,override,1.53,2.5,0.62034739,0.37965261,0.62034739,0.00000000,NO,Marathonbet,1.51,2.35,2026-09-11T18:26:15+00:00
1575162,2026-09-11T21:21:19Z,2026-09-12T13:30:00Z,968.7,NS,FC Augsburg,Bayer Leverkusen,5,override,1.4,3.0,0.68181818,0.31818182,0.68181818,0.00000000,NO,Marathonbet,1.38,2.76,2026-09-11T18:26:15+00:00
1575163,2026-09-11T21:21:19Z,2026-09-12T13:30:00Z,968.7,NS,FSV Mainz 05,Eintracht Frankfurt,5,override,1.5,2.62,0.63592233,0.36407767,0.63592233,0.00000000,NO,Marathonbet,1.44,2.55,2026-09-11T18:26:15+00:00
1575165,2026-09-11T21:21:19Z,2026-09-12T16:30:00Z,1148.7,NS,1. FC Köln,Werder Bremen,5,override,1.57,2.38,0.60253165,0.39746835,0.62034739,-0.01781574,NO,Marathonbet,1.52,2.33,2026-09-11T18:26:15+00:00
1575166,2026-09-11T21:21:19Z,2026-09-13T15:30:00Z,2528.7,NS,SV Elversberg,Bayern München,5,override,1.17,5.0,0.81037277,0.18962723,0.81037277,0.00000000,NO,Marathonbet,1.12,4.75,2026-09-11T18:26:15+00:00
1575158,2026-09-11T21:46:41Z,2026-09-12T13:30:00Z,943.3,NS,Borussia Dortmund,SC Paderborn 07,5,override,1.36,3.2,0.70175439,0.29824561,0.70175439,-0.00000000,NO,Marathonbet,1.32,3.04,2026-09-11T18:26:15+00:00
1575159,2026-09-11T21:46:41Z,2026-09-13T13:30:00Z,2383.3,NS,RB Leipzig,Hamburger SV,5,override,1.4,3.0,0.68181818,0.31818182,0.68181818,0.00000000,NO,Marathonbet,1.36,2.84,2026-09-11T18:26:15+00:00
1575160,2026-09-11T21:46:41Z,2026-09-12T13:30:00Z,943.3,NS,1899 Hoffenheim,VfB Stuttgart,5,override,1.36,3.2,0.70175439,0.29824561,0.70175439,-0.00000000,NO,Marathonbet,1.31,3.2,2026-09-11T18:26:15+00:00
1575161,2026-09-11T21:46:41Z,2026-09-12T13:30:00Z,943.3,NS,SC Freiburg,Borussia Mönchengladbach,5,override,1.53,2.5,0.62034739,0.37965261,0.62034739,0.00000000,NO,Marathonbet,1.51,2.35,2026-09-11T18:26:15+00:00
1575162,2026-09-11T21:46:41Z,2026-09-12T13:30:00Z,943.3,NS,FC Augsburg,Bayer Leverkusen,5,override,1.4,3.0,0.68181818,0.31818182,0.68181818,0.00000000,NO,Marathonbet,1.38,2.76,2026-09-11T18:26:15+00:00
1575163,2026-09-11T21:46:41Z,2026-09-12T13:30:00Z,943.3,NS,FSV Mainz 05,Eintracht Frankfurt,5,override,1.5,2.62,0.63592233,0.36407767,0.63592233,0.00000000,NO,Marathonbet,1.44,2.55,2026-09-11T18:26:15+00:00
1575165,2026-09-11T21:46:41Z,2026-09-12T16:30:00Z,1123.3,NS,1. FC Köln,Werder Bremen,5,override,1.57,2.38,0.60253165,0.39746835,0.62034739,-0.01781574,NO,Marathonbet,1.52,2.33,2026-09-11T18:26:15+00:00
1575166,2026-09-11T21:46:41Z,2026-09-13T15:30:00Z,2503.3,NS,SV Elversberg,Bayern München,5,override,1.17,5.0,0.81037277,0.18962723,0.81037277,0.00000000,NO,Marathonbet,1.12,4.75,2026-09-11T18:26:15+00:00
1575158,2026-09-11T22:21:55Z,2026-09-12T13:30:00Z,908.1,NS,Borussia Dortmund,SC Paderborn 07,5,override,1.36,3.2,0.70175439,0.29824561,0.70175439,-0.00000000,NO,Marathonbet,1.32,3.04,2026-09-11T18:26:15+00:00
1575159,2026-09-11T22:21:55Z,2026-09-13T13:30:00Z,2348.1,NS,RB Leipzig,Hamburger SV,5,override,1.4,3.0,0.68181818,0.31818182,0.68181818,0.00000000,NO,Marathonbet,1.36,2.84,2026-09-11T18:26:15+00:00
1575160,2026-09-11T22:21:55Z,2026-09-12T13:30:00Z,908.1,NS,1899 Hoffenheim,VfB Stuttgart,5,override,1.36,3.2,0.70175439,0.29824561,0.70175439,-0.00000000,NO,Marathonbet,1.31,3.2,2026-09-11T18:26:15+00:00
1575161,2026-09-11T22:21:55Z,2026-09-12T13:30:00Z,908.1,NS,SC Freiburg,Borussia Mönchengladbach,5,override,1.53,2.5,0.62034739,0.37965261,0.62034739,0.00000000,NO,Marathonbet,1.51,2.35,2026-09-11T18:26:15+00:00
1575162,2026-09-11T22:21:55Z,2026-09-12T13:30:00Z,908.1,NS,FC Augsburg,Bayer Leverkusen,5,override,1.4,3.0,0.68181818,0.31818182,0.68181818,0.00000000,NO,Marathonbet,1.38,2.76,2026-09-11T18:26:15+00:00
1575163,2026-09-11T22:21:55Z,2026-09-12T13:30:00Z,908.1,NS,FSV Mainz 05,Eintracht Frankfurt,5,override,1.5,2.62,0.63592233,0.36407767,0.63592233,0.00000000,NO,Marathonbet,1.44,2.55,2026-09-11T18:26:15+00:00
1575165,2026-09-11T22:21:55Z,2026-09-12T16:30:00Z,1088.1,NS,1. FC Köln,Werder Bremen,5,override,1.57,2.38,0.60253165,0.39746835,0.62034739,-0.01781574,NO,Marathonbet,1.52,2.33,2026-09-11T18:26:15+00:00
1575166,2026-09-11T22:21:55Z,2026-09-13T15:30:00Z,2468.1,NS,SV Elversberg,Bayern München,5,override,1.17,5.0,0.81037277,0.18962723,0.81037277,0.00000000,NO,Marathonbet,1.12,4.75,2026-09-11T18:26:15+00:00
1575158,2026-09-11T22:47:25Z,2026-09-12T13:30:00Z,882.6,NS,Borussia Dortmund,SC Paderborn 07,5,override,1.36,3.2,0.70175439,0.29824561,0.70175439,-0.00000000,NO,Marathonbet,1.32,3.04,2026-09-11T18:26:15+00:00
1575159,2026-09-11T22:47:25Z,2026-09-13T13:30:00Z,2322.6,NS,RB Leipzig,Hamburger SV,5,override,1.4,3.0,0.68181818,0.31818182,0.68181818,0.00000000,NO,Marathonbet,1.36,2.84,2026-09-11T22:34:19+00:00
1575160,2026-09-11T22:47:25Z,2026-09-12T13:30:00Z,882.6,NS,1899 Hoffenheim,VfB Stuttgart,5,override,1.36,3.2,0.70175439,0.29824561,0.70175439,-0.00000000,NO,Marathonbet,1.31,3.2,2026-09-11T18:26:15+00:00
1575161,2026-09-11T22:47:25Z,2026-09-12T13:30:00Z,882.6,NS,SC Freiburg,Borussia Mönchengladbach,5,override,1.53,2.5,0.62034739,0.37965261,0.62034739,0.00000000,NO,Marathonbet,1.51,2.35,2026-09-11T18:26:15+00:00
1575162,2026-09-11T22:47:25Z,2026-09-12T13:30:00Z,882.6,NS,FC Augsburg,Bayer Leverkusen,5,override,1.4,3.0,0.68181818,0.31818182,0.68181818,0.00000000,NO,Marathonbet,1.38,2.76,2026-09-11T18:26:15+00:00
1575163,2026-09-11T22:47:25Z,2026-09-12T13:30:00Z,882.6,NS,FSV Mainz 05,Eintracht Frankfurt,5,override,1.5,2.62,0.63592233,0.36407767,0.63592233,0.00000000,NO,Marathonbet,1.44,2.55,2026-09-11T18:26:15+00:00
1575165,2026-09-11T22:47:25Z,2026-09-12T16:30:00Z,1062.6,NS,1. FC Köln,Werder Bremen,5,override,1.57,2.38,0.60253165,0.39746835,0.62034739,-0.01781574,NO,Marathonbet,1.52,2.33,2026-09-11T22:34:19+00:00
1575166,2026-09-11T22:47:25Z,2026-09-13T15:30:00Z,2442.6,NS,SV Elversberg,Bayern München,5,override,1.17,5.0,0.81037277,0.18962723,0.81037277,0.00000000,NO,Marathonbet,1.12,4.75,2026-09-11T18:26:15+00:00
1575158,2026-09-11T23:20:29Z,2026-09-12T13:30:00Z,849.5,NS,Borussia Dortmund,SC Paderborn 07,5,override,1.36,3.2,0.70175439,0.29824561,0.70175439,-0.00000000,NO,Marathonbet,1.32,3.04,2026-09-11T18:26:15+00:00
1575159,2026-09-11T23:20:29Z,2026-09-13T13:30:00Z,2289.5,NS,RB Leipzig,Hamburger SV,5,override,1.4,3.0,0.68181818,0.31818182,0.68181818,0.00000000,NO,Marathonbet,1.36,2.84,2026-09-11T22:34:19+00:00
1575160,2026-09-11T23:20:29Z,2026-09-12T13:30:00Z,849.5,NS,1899 Hoffenheim,VfB Stuttgart,5,override,1.36,3.2,0.70175439,0.29824561,0.70175439,-0.00000000,NO,Marathonbet,1.31,3.2,2026-09-11T18:26:15+00:00
1575161,2026-09-11T23:20:29Z,2026-09-12T13:30:00Z,849.5,NS,SC Freiburg,Borussia Mönchengladbach,5,override,1.57,2.38,0.60253165,0.39746835,0.62034739,-0.01781574,NO,Marathonbet,1.52,2.33,2026-09-11T22:34:19+00:00
1575162,2026-09-11T23:20:29Z,2026-09-12T13:30:00Z,849.5,NS,FC Augsburg,Bayer Leverkusen,5,override,1.4,3.0,0.68181818,0.31818182,0.68181818,0.00000000,NO,Marathonbet,1.38,2.76,2026-09-11T22:34:19+00:00
1575163,2026-09-11T23:20:29Z,2026-09-12T13:30:00Z,849.5,NS,FSV Mainz 05,Eintracht Frankfurt,5,override,1.5,2.62,0.63592233,0.36407767,0.63592233,0.00000000,NO,Marathonbet,1.44,2.55,2026-09-11T22:34:19+00:00
1575165,2026-09-11T23:20:29Z,2026-09-12T16:30:00Z,1029.5,NS,1. FC Köln,Werder Bremen,5,override,1.57,2.38,0.60253165,0.39746835,0.62034739,-0.01781574,NO,Marathonbet,1.52,2.33,2026-09-11T22:34:19+00:00
1575166,2026-09-11T23:20:29Z,2026-09-13T15:30:00Z,2409.5,NS,SV Elversberg,Bayern München,5,override,1.17,5.0,0.81037277,0.18962723,0.81037277,0.00000000,NO,Marathonbet,1.12,4.7,2026-09-11T22:34:19+00:00
1575158,2026-09-11T23:46:46Z,2026-09-12T13:30:00Z,823.2,NS,Borussia Dortmund,SC Paderborn 07,5,override,1.36,3.2,0.70175439,0.29824561,0.70175439,-0.00000000,NO,Marathonbet,1.32,3.04,2026-09-11T18:26:15+00:00
1575159,2026-09-11T23:46:46Z,2026-09-13T13:30:00Z,2263.2,NS,RB Leipzig,Hamburger SV,5,override,1.4,3.0,0.68181818,0.31818182,0.68181818,0.00000000,NO,Marathonbet,1.36,2.84,2026-09-11T22:34:19+00:00
1575160,2026-09-11T23:46:46Z,2026-09-12T13:30:00Z,823.2,NS,1899 Hoffenheim,VfB Stuttgart,5,override,1.36,3.2,0.70175439,0.29824561,0.70175439,-0.00000000,NO,Marathonbet,1.31,3.2,2026-09-11T18:26:15+00:00
1575161,2026-09-11T23:46:46Z,2026-09-12T13:30:00Z,823.2,NS,SC Freiburg,Borussia Mönchengladbach,5,override,1.57,2.38,0.60253165,0.39746835,0.62034739,-0.01781574,NO,Marathonbet,1.52,2.33,2026-09-11T22:34:19+00:00
1575162,2026-09-11T23:46:46Z,2026-09-12T13:30:00Z,823.2,NS,FC Augsburg,Bayer Leverkusen,5,override,1.4,3.0,0.68181818,0.31818182,0.68181818,0.00000000,NO,Marathonbet,1.38,2.76,2026-09-11T22:34:19+00:00
1575163,2026-09-11T23:46:46Z,2026-09-12T13:30:00Z,823.2,NS,FSV Mainz 05,Eintracht Frankfurt,5,override,1.5,2.62,0.63592233,0.36407767,0.63592233,0.00000000,NO,Marathonbet,1.44,2.55,2026-09-11T22:34:19+00:00
1575165,2026-09-11T23:46:46Z,2026-09-12T16:30:00Z,1003.2,NS,1. FC Köln,Werder Bremen,5,override,1.57,2.38,0.60253165,0.39746835,0.62034739,-0.01781574,NO,Marathonbet,1.52,2.33,2026-09-11T22:34:19+00:00
1575166,2026-09-11T23:46:46Z,2026-09-13T15:30:00Z,2383.2,NS,SV Elversberg,Bayern München,5,override,1.17,5.0,0.81037277,0.18962723,0.81037277,0.00000000,NO,Marathonbet,1.12,4.7,2026-09-11T22:34:19+00:00
1575158,2026-09-12T00:28:47Z,2026-09-12T13:30:00Z,781.2,NS,Borussia Dortmund,SC Paderborn 07,5,override,1.36,3.2,0.70175439,0.29824561,0.70175439,-0.00000000,NO,Marathonbet,1.32,3.04,2026-09-11T18:26:15+00:00
1575159,2026-09-12T00:28:47Z,2026-09-13T13:30:00Z,2221.2,NS,RB Leipzig,Hamburger SV,5,override,1.4,3.0,0.68181818,0.31818182,0.68181818,0.00000000,NO,Marathonbet,1.36,2.84,2026-09-11T22:34:19+00:00
1575160,2026-09-12T00:28:47Z,2026-09-12T13:30:00Z,781.2,NS,1899 Hoffenheim,VfB Stuttgart,5,override,1.36,3.2,0.70175439,0.29824561,0.70175439,-0.00000000,NO,Marathonbet,1.31,3.2,2026-09-11T18:26:15+00:00
1575161,2026-09-12T00:28:47Z,2026-09-12T13:30:00Z,781.2,NS,SC Freiburg,Borussia Mönchengladbach,5,override,1.57,2.38,0.60253165,0.39746835,0.62034739,-0.01781574,NO,Marathonbet,1.52,2.33,2026-09-11T22:34:19+00:00
1575162,2026-09-12T00:28:47Z,2026-09-12T13:30:00Z,781.2,NS,FC Augsburg,Bayer Leverkusen,5,override,1.4,3.0,0.68181818,0.31818182,0.68181818,0.00000000,NO,Marathonbet,1.38,2.76,2026-09-11T22:34:19+00:00
1575163,2026-09-12T00:28:47Z,2026-09-12T13:30:00Z,781.2,NS,FSV Mainz 05,Eintracht Frankfurt,5,override,1.5,2.62,0.63592233,0.36407767,0.63592233,0.00000000,NO,Marathonbet,1.44,2.55,2026-09-11T22:34:19+00:00
1575165,2026-09-12T00:28:47Z,2026-09-12T16:30:00Z,961.2,NS,1. FC Köln,Werder Bremen,5,override,1.57,2.38,0.60253165,0.39746835,0.62034739,-0.01781574,NO,Marathonbet,1.52,2.33,2026-09-11T22:34:19+00:00
1575166,2026-09-12T00:28:47Z,2026-09-13T15:30:00Z,2341.2,NS,SV Elversberg,Bayern München,5,override,1.17,5.0,0.81037277,0.18962723,0.81037277,0.00000000,NO,Marathonbet,1.12,4.7,2026-09-11T22:34:19+00:00
1575158,2026-09-12T01:20:24Z,2026-09-12T13:30:00Z,729.6,NS,Borussia Dortmund,SC Paderborn 07,5,override,1.33,3.4,0.71881607,0.28118393,0.70175439,0.01706168,NO,Marathonbet,1.31,3.08,2026-09-11T22:34:19+00:00
1575159,2026-09-12T01:20:24Z,2026-09-13T13:30:00Z,2169.6,NS,RB Leipzig,Hamburger SV,5,override,1.4,3.0,0.68181818,0.31818182,0.68181818,0.00000000,NO,Marathonbet,1.36,2.84,2026-09-12T00:15:57+00:00
1575160,2026-09-12T01:20:24Z,2026-09-12T13:30:00Z,729.6,NS,1899 Hoffenheim,VfB Stuttgart,5,override,1.36,3.2,0.70175439,0.29824561,0.70175439,-0.00000000,NO,Marathonbet,1.3,3.26,2026-09-11T22:34:19+00:00
1575161,2026-09-12T01:20:24Z,2026-09-12T13:30:00Z,729.6,NS,SC Freiburg,Borussia Mönchengladbach,5,override,1.57,2.38,0.60253165,0.39746835,0.62034739,-0.01781574,NO,Marathonbet,1.52,2.33,2026-09-11T22:34:19+00:00
1575162,2026-09-12T01:20:24Z,2026-09-12T13:30:00Z,729.6,NS,FC Augsburg,Bayer Leverkusen,5,override,1.4,3.0,0.68181818,0.31818182,0.68181818,0.00000000,NO,Marathonbet,1.38,2.76,2026-09-11T22:34:19+00:00
1575163,2026-09-12T01:20:24Z,2026-09-12T13:30:00Z,729.6,NS,FSV Mainz 05,Eintracht Frankfurt,5,override,1.5,2.62,0.63592233,0.36407767,0.63592233,0.00000000,NO,Marathonbet,1.44,2.55,2026-09-11T22:34:19+00:00
1575165,2026-09-12T01:20:24Z,2026-09-12T16:30:00Z,909.6,NS,1. FC Köln,Werder Bremen,5,override,1.57,2.38,0.60253165,0.39746835,0.62034739,-0.01781574,NO,Marathonbet,1.52,2.33,2026-09-11T22:34:19+00:00
1575166,2026-09-12T01:20:24Z,2026-09-13T15:30:00Z,2289.6,NS,SV Elversberg,Bayern München,5,override,1.17,5.0,0.81037277,0.18962723,0.81037277,0.00000000,NO,Marathonbet,1.12,4.7,2026-09-12T00:15:57+00:00
1575158,2026-09-12T01:48:06Z,2026-09-12T13:30:00Z,701.9,NS,Borussia Dortmund,SC Paderborn 07,5,override,1.33,3.4,0.71881607,0.28118393,0.70175439,0.01706168,NO,Marathonbet,1.31,3.08,2026-09-11T22:34:19+00:00
1575159,2026-09-12T01:48:06Z,2026-09-13T13:30:00Z,2141.9,NS,RB Leipzig,Hamburger SV,5,override,1.4,3.0,0.68181818,0.31818182,0.68181818,0.00000000,NO,Marathonbet,1.36,2.84,2026-09-12T00:15:57+00:00
1575160,2026-09-12T01:48:06Z,2026-09-12T13:30:00Z,701.9,NS,1899 Hoffenheim,VfB Stuttgart,5,override,1.36,3.2,0.70175439,0.29824561,0.70175439,-0.00000000,NO,Marathonbet,1.3,3.26,2026-09-11T22:34:19+00:00
1575161,2026-09-12T01:48:06Z,2026-09-12T13:30:00Z,701.9,NS,SC Freiburg,Borussia Mönchengladbach,5,override,1.57,2.38,0.60253165,0.39746835,0.62034739,-0.01781574,NO,Marathonbet,1.52,2.33,2026-09-11T22:34:19+00:00
1575162,2026-09-12T01:48:06Z,2026-09-12T13:30:00Z,701.9,NS,FC Augsburg,Bayer Leverkusen,5,override,1.4,3.0,0.68181818,0.31818182,0.68181818,0.00000000,NO,Marathonbet,1.38,2.76,2026-09-11T22:34:19+00:00
1575163,2026-09-12T01:48:06Z,2026-09-12T13:30:00Z,701.9,NS,FSV Mainz 05,Eintracht Frankfurt,5,override,1.5,2.62,0.63592233,0.36407767,0.63592233,0.00000000,NO,Marathonbet,1.44,2.55,2026-09-11T22:34:19+00:00
1575165,2026-09-12T01:48:06Z,2026-09-12T16:30:00Z,881.9,NS,1. FC Köln,Werder Bremen,5,override,1.57,2.38,0.60253165,0.39746835,0.62034739,-0.01781574,NO,Marathonbet,1.52,2.33,2026-09-11T22:34:19+00:00
1575166,2026-09-12T01:48:06Z,2026-09-13T15:30:00Z,2261.9,NS,SV Elversberg,Bayern München,5,override,1.17,5.0,0.81037277,0.18962723,0.81037277,0.00000000,NO,Marathonbet,1.12,4.7,2026-09-12T00:15:57+00:00
1575158,2026-09-12T02:22:59Z,2026-09-12T13:30:00Z,667.0,NS,Borussia Dortmund,SC Paderborn 07,5,override,1.33,3.4,0.71881607,0.28118393,0.70175439,0.01706168,NO,Marathonbet,1.31,3.08,2026-09-11T22:34:19+00:00
1575159,2026-09-12T02:22:59Z,2026-09-13T13:30:00Z,2107.0,NS,RB Leipzig,Hamburger SV,5,override,1.4,3.0,0.68181818,0.31818182,0.68181818,0.00000000,NO,Marathonbet,1.36,2.84,2026-09-12T00:15:57+00:00
1575160,2026-09-12T02:22:59Z,2026-09-12T13:30:00Z,667.0,NS,1899 Hoffenheim,VfB Stuttgart,5,override,1.36,3.2,0.70175439,0.29824561,0.70175439,-0.00000000,NO,Marathonbet,1.3,3.26,2026-09-11T22:34:19+00:00
1575161,2026-09-12T02:22:59Z,2026-09-12T13:30:00Z,667.0,NS,SC Freiburg,Borussia Mönchengladbach,5,override,1.57,2.38,0.60253165,0.39746835,0.62034739,-0.01781574,NO,Marathonbet,1.52,2.33,2026-09-11T22:34:19+00:00
1575162,2026-09-12T02:22:59Z,2026-09-12T13:30:00Z,667.0,NS,FC Augsburg,Bayer Leverkusen,5,override,1.4,3.0,0.68181818,0.31818182,0.68181818,0.00000000,NO,Marathonbet,1.38,2.76,2026-09-11T22:34:19+00:00
1575163,2026-09-12T02:22:59Z,2026-09-12T13:30:00Z,667.0,NS,FSV Mainz 05,Eintracht Frankfurt,5,override,1.5,2.62,0.63592233,0.36407767,0.63592233,0.00000000,NO,Marathonbet,1.44,2.55,2026-09-11T22:34:19+00:00
1575165,2026-09-12T02:22:59Z,2026-09-12T16:30:00Z,847.0,NS,1. FC Köln,Werder Bremen,5,override,1.57,2.38,0.60253165,0.39746835,0.62034739,-0.01781574,NO,Marathonbet,1.52,2.33,2026-09-11T22:34:19+00:00
1575166,2026-09-12T02:22:59Z,2026-09-13T15:30:00Z,2227.0,NS,SV Elversberg,Bayern München,5,override,1.17,5.0,0.81037277,0.18962723,0.81037277,0.00000000,NO,Marathonbet,1.12,4.7,2026-09-12T00:15:57+00:00
1575158,2026-09-12T02:48:45Z,2026-09-12T13:30:00Z,641.2,NS,Borussia Dortmund,SC Paderborn 07,5,override,1.33,3.4,0.71881607,0.28118393,0.70175439,0.01706168,NO,Marathonbet,1.31,3.08,2026-09-11T22:34:19+00:00
1575159,2026-09-12T02:48:45Z,2026-09-13T13:30:00Z,2081.2,NS,RB Leipzig,Hamburger SV,5,override,1.4,3.0,0.68181818,0.31818182,0.68181818,0.00000000,NO,Marathonbet,1.36,2.84,2026-09-12T00:15:57+00:00
1575160,2026-09-12T02:48:45Z,2026-09-12T13:30:00Z,641.2,NS,1899 Hoffenheim,VfB Stuttgart,5,override,1.36,3.2,0.70175439,0.29824561,0.70175439,-0.00000000,NO,Marathonbet,1.3,3.26,2026-09-11T22:34:19+00:00
1575161,2026-09-12T02:48:45Z,2026-09-12T13:30:00Z,641.2,NS,SC Freiburg,Borussia Mönchengladbach,5,override,1.57,2.38,0.60253165,0.39746835,0.62034739,-0.01781574,NO,Marathonbet,1.52,2.33,2026-09-11T22:34:19+00:00
1575162,2026-09-12T02:48:45Z,2026-09-12T13:30:00Z,641.2,NS,FC Augsburg,Bayer Leverkusen,5,override,1.4,3.0,0.68181818,0.31818182,0.68181818,0.00000000,NO,Marathonbet,1.38,2.76,2026-09-11T22:34:19+00:00
1575163,2026-09-12T02:48:45Z,2026-09-12T13:30:00Z,641.2,NS,FSV Mainz 05,Eintracht Frankfurt,5,override,1.5,2.62,0.63592233,0.36407767,0.63592233,0.00000000,NO,Marathonbet,1.44,2.55,2026-09-11T22:34:19+00:00
1575165,2026-09-12T02:48:45Z,2026-09-12T16:30:00Z,821.2,NS,1. FC Köln,Werder Bremen,5,override,1.57,2.38,0.60253165,0.39746835,0.62034739,-0.01781574,NO,Marathonbet,1.52,2.33,2026-09-11T22:34:19+00:00
1575166,2026-09-12T02:48:45Z,2026-09-13T15:30:00Z,2201.2,NS,SV Elversberg,Bayern München,5,override,1.17,5.0,0.81037277,0.18962723,0.81037277,0.00000000,NO,Marathonbet,1.12,4.7,2026-09-12T00:15:57+00:00
1575158,2026-09-12T03:22:17Z,2026-09-12T13:30:00Z,607.7,NS,Borussia Dortmund,SC Paderborn 07,5,override,1.33,3.4,0.71881607,0.28118393,0.70175439,0.01706168,NO,Marathonbet,1.31,3.08,2026-09-11T22:34:19+00:00
1575159,2026-09-12T03:22:17Z,2026-09-13T13:30:00Z,2047.7,NS,RB Leipzig,Hamburger SV,5,override,1.4,3.0,0.68181818,0.31818182,0.68181818,0.00000000,NO,Marathonbet,1.36,2.84,2026-09-12T00:15:57+00:00
1575160,2026-09-12T03:22:17Z,2026-09-12T13:30:00Z,607.7,NS,1899 Hoffenheim,VfB Stuttgart,5,override,1.36,3.2,0.70175439,0.29824561,0.70175439,-0.00000000,NO,Marathonbet,1.3,3.26,2026-09-11T22:34:19+00:00
1575161,2026-09-12T03:22:17Z,2026-09-12T13:30:00Z,607.7,NS,SC Freiburg,Borussia Mönchengladbach,5,override,1.57,2.38,0.60253165,0.39746835,0.62034739,-0.01781574,NO,Marathonbet,1.52,2.33,2026-09-11T22:34:19+00:00
1575162,2026-09-12T03:22:17Z,2026-09-12T13:30:00Z,607.7,NS,FC Augsburg,Bayer Leverkusen,5,override,1.4,3.0,0.68181818,0.31818182,0.68181818,0.00000000,NO,Marathonbet,1.38,2.76,2026-09-11T22:34:19+00:00
1575163,2026-09-12T03:22:17Z,2026-09-12T13:30:00Z,607.7,NS,FSV Mainz 05,Eintracht Frankfurt,5,override,1.5,2.62,0.63592233,0.36407767,0.63592233,0.00000000,NO,Marathonbet,1.44,2.55,2026-09-11T22:34:19+00:00
1575165,2026-09-12T03:22:17Z,2026-09-12T16:30:00Z,787.7,NS,1. FC Köln,Werder Bremen,5,override,1.57,2.38,0.60253165,0.39746835,0.62034739,-0.01781574,NO,Marathonbet,1.52,2.33,2026-09-11T22:34:19+00:00
1575166,2026-09-12T03:22:17Z,2026-09-13T15:30:00Z,2167.7,NS,SV Elversberg,Bayern München,5,override,1.17,5.0,0.81037277,0.18962723,0.81037277,0.00000000,NO,Marathonbet,1.12,4.7,2026-09-12T00:15:57+00:00
1575158,2026-09-12T03:48:29Z,2026-09-12T13:30:00Z,581.5,NS,Borussia Dortmund,SC Paderborn 07,5,override,1.33,3.4,0.71881607,0.28118393,0.70175439,0.01706168,NO,Marathonbet,1.31,3.08,2026-09-11T22:34:19+00:00
1575159,2026-09-12T03:48:29Z,2026-09-13T13:30:00Z,2021.5,NS,RB Leipzig,Hamburger SV,5,override,1.4,3.0,0.68181818,0.31818182,0.68181818,0.00000000,NO,Marathonbet,1.36,2.84,2026-09-12T00:15:57+00:00
1575160,2026-09-12T03:48:29Z,2026-09-12T13:30:00Z,581.5,NS,1899 Hoffenheim,VfB Stuttgart,5,override,1.36,3.2,0.70175439,0.29824561,0.70175439,-0.00000000,NO,Marathonbet,1.3,3.26,2026-09-11T22:34:19+00:00
1575161,2026-09-12T03:48:29Z,2026-09-12T13:30:00Z,581.5,NS,SC Freiburg,Borussia Mönchengladbach,5,override,1.57,2.38,0.60253165,0.39746835,0.62034739,-0.01781574,NO,Marathonbet,1.52,2.33,2026-09-11T22:34:19+00:00
1575162,2026-09-12T03:48:29Z,2026-09-12T13:30:00Z,581.5,NS,FC Augsburg,Bayer Leverkusen,5,override,1.4,3.0,0.68181818,0.31818182,0.68181818,0.00000000,NO,Marathonbet,1.38,2.76,2026-09-11T22:34:19+00:00
1575163,2026-09-12T03:48:29Z,2026-09-12T13:30:00Z,581.5,NS,FSV Mainz 05,Eintracht Frankfurt,5,override,1.5,2.62,0.63592233,0.36407767,0.63592233,0.00000000,NO,Marathonbet,1.44,2.55,2026-09-11T22:34:19+00:00
1575165,2026-09-12T03:48:29Z,2026-09-12T16:30:00Z,761.5,NS,1. FC Köln,Werder Bremen,5,override,1.57,2.38,0.60253165,0.39746835,0.62034739,-0.01781574,NO,Marathonbet,1.52,2.33,2026-09-11T22:34:19+00:00
1575166,2026-09-12T03:48:29Z,2026-09-13T15:30:00Z,2141.5,NS,SV Elversberg,Bayern München,5,override,1.17,5.0,0.81037277,0.18962723,0.81037277,0.00000000,NO,Marathonbet,1.12,4.7,2026-09-12T00:15:57+00:00
1575158,2026-09-12T04:22:30Z,2026-09-12T13:30:00Z,547.5,NS,Borussia Dortmund,SC Paderborn 07,5,override,1.33,3.4,0.71881607,0.28118393,0.70175439,0.01706168,NO,Marathonbet,1.31,3.08,2026-09-11T22:34:19+00:00
1575159,2026-09-12T04:22:30Z,2026-09-13T13:30:00Z,1987.5,NS,RB Leipzig,Hamburger SV,5,override,1.4,3.0,0.68181818,0.31818182,0.68181818,0.00000000,NO,Marathonbet,1.36,2.84,2026-09-12T00:15:57+00:00
1575160,2026-09-12T04:22:30Z,2026-09-12T13:30:00Z,547.5,NS,1899 Hoffenheim,VfB Stuttgart,5,override,1.36,3.2,0.70175439,0.29824561,0.70175439,-0.00000000,NO,Marathonbet,1.3,3.26,2026-09-11T22:34:19+00:00
1575161,2026-09-12T04:22:30Z,2026-09-12T13:30:00Z,547.5,NS,SC Freiburg,Borussia Mönchengladbach,5,override,1.57,2.38,0.60253165,0.39746835,0.62034739,-0.01781574,NO,Marathonbet,1.52,2.33,2026-09-11T22:34:19+00:00
1575162,2026-09-12T04:22:30Z,2026-09-12T13:30:00Z,547.5,NS,FC Augsburg,Bayer Leverkusen,5,override,1.4,3.0,0.68181818,0.31818182,0.68181818,0.00000000,NO,Marathonbet,1.38,2.76,2026-09-11T22:34:19+00:00
1575163,2026-09-12T04:22:30Z,2026-09-12T13:30:00Z,547.5,NS,FSV Mainz 05,Eintracht Frankfurt,5,override,1.5,2.62,0.63592233,0.36407767,0.63592233,0.00000000,NO,Marathonbet,1.44,2.55,2026-09-11T22:34:19+00:00
1575165,2026-09-12T04:22:30Z,2026-09-12T16:30:00Z,727.5,NS,1. FC Köln,Werder Bremen,5,override,1.57,2.38,0.60253165,0.39746835,0.62034739,-0.01781574,NO,Marathonbet,1.52,2.33,2026-09-11T22:34:19+00:00
1575166,2026-09-12T04:22:30Z,2026-09-13T15:30:00Z,2107.5,NS,SV Elversberg,Bayern München,5,override,1.17,5.0,0.81037277,0.18962723,0.81037277,0.00000000,NO,Marathonbet,1.12,4.7,2026-09-12T00:15:57+00:00
1575158,2026-09-12T04:49:00Z,2026-09-12T13:30:00Z,521.0,NS,Borussia Dortmund,SC Paderborn 07,5,override,1.33,3.4,0.71881607,0.28118393,0.70175439,0.01706168,NO,Marathonbet,1.31,3.08,2026-09-11T22:34:19+00:00
1575159,2026-09-12T04:49:00Z,2026-09-13T13:30:00Z,1961.0,NS,RB Leipzig,Hamburger SV,5,override,1.4,3.0,0.68181818,0.31818182,0.68181818,0.00000000,NO,Marathonbet,1.36,2.84,2026-09-12T00:15:57+00:00
1575160,2026-09-12T04:49:00Z,2026-09-12T13:30:00Z,521.0,NS,1899 Hoffenheim,VfB Stuttgart,5,override,1.36,3.2,0.70175439,0.29824561,0.70175439,-0.00000000,NO,Marathonbet,1.3,3.26,2026-09-11T22:34:19+00:00
1575161,2026-09-12T04:49:00Z,2026-09-12T13:30:00Z,521.0,NS,SC Freiburg,Borussia Mönchengladbach,5,override,1.57,2.38,0.60253165,0.39746835,0.62034739,-0.01781574,NO,Marathonbet,1.52,2.33,2026-09-11T22:34:19+00:00
1575162,2026-09-12T04:49:00Z,2026-09-12T13:30:00Z,521.0,NS,FC Augsburg,Bayer Leverkusen,5,override,1.4,3.0,0.68181818,0.31818182,0.68181818,0.00000000,NO,Marathonbet,1.38,2.76,2026-09-11T22:34:19+00:00
1575163,2026-09-12T04:49:00Z,2026-09-12T13:30:00Z,521.0,NS,FSV Mainz 05,Eintracht Frankfurt,5,override,1.5,2.62,0.63592233,0.36407767,0.63592233,0.00000000,NO,Marathonbet,1.44,2.55,2026-09-11T22:34:19+00:00
1575165,2026-09-12T04:49:00Z,2026-09-12T16:30:00Z,701.0,NS,1. FC Köln,Werder Bremen,5,override,1.57,2.38,0.60253165,0.39746835,0.62034739,-0.01781574,NO,Marathonbet,1.52,2.33,2026-09-11T22:34:19+00:00
1575166,2026-09-12T04:49:00Z,2026-09-13T15:30:00Z,2081.0,NS,SV Elversberg,Bayern München,5,override,1.17,5.0,0.81037277,0.18962723,0.81037277,0.00000000,NO,Marathonbet,1.12,4.7,2026-09-12T00:15:57+00:00
1575158,2026-09-12T05:21:19Z,2026-09-12T13:30:00Z,488.7,NS,Borussia Dortmund,SC Paderborn 07,5,override,1.33,3.4,0.71881607,0.28118393,0.70175439,0.01706168,NO,Marathonbet,1.31,3.08,2026-09-11T22:34:19+00:00
1575159,2026-09-12T05:21:19Z,2026-09-13T13:30:00Z,1928.7,NS,RB Leipzig,Hamburger SV,5,override,1.4,3.0,0.68181818,0.31818182,0.68181818,0.00000000,NO,Marathonbet,1.36,2.84,2026-09-12T00:15:57+00:00
1575160,2026-09-12T05:21:19Z,2026-09-12T13:30:00Z,488.7,NS,1899 Hoffenheim,VfB Stuttgart,5,override,1.36,3.2,0.70175439,0.29824561,0.70175439,-0.00000000,NO,Marathonbet,1.3,3.26,2026-09-11T22:34:19+00:00
1575161,2026-09-12T05:21:19Z,2026-09-12T13:30:00Z,488.7,NS,SC Freiburg,Borussia Mönchengladbach,5,override,1.57,2.38,0.60253165,0.39746835,0.62034739,-0.01781574,NO,Marathonbet,1.52,2.33,2026-09-11T22:34:19+00:00
1575162,2026-09-12T05:21:19Z,2026-09-12T13:30:00Z,488.7,NS,FC Augsburg,Bayer Leverkusen,5,override,1.4,3.0,0.68181818,0.31818182,0.68181818,0.00000000,NO,Marathonbet,1.38,2.76,2026-09-11T22:34:19+00:00
1575163,2026-09-12T05:21:19Z,2026-09-12T13:30:00Z,488.7,NS,FSV Mainz 05,Eintracht Frankfurt,5,override,1.5,2.62,0.63592233,0.36407767,0.63592233,0.00000000,NO,Marathonbet,1.44,2.55,2026-09-11T22:34:19+00:00
1575165,2026-09-12T05:21:19Z,2026-09-12T16:30:00Z,668.7,NS,1. FC Köln,Werder Bremen,5,override,1.57,2.38,0.60253165,0.39746835,0.62034739,-0.01781574,NO,Marathonbet,1.52,2.33,2026-09-11T22:34:19+00:00
1575166,2026-09-12T05:21:19Z,2026-09-13T15:30:00Z,2048.7,NS,SV Elversberg,Bayern München,5,override,1.17,5.0,0.81037277,0.18962723,0.81037277,0.00000000,NO,Marathonbet,1.12,4.7,2026-09-12T00:15:57+00:00
1575158,2026-09-12T05:47:12Z,2026-09-12T13:30:00Z,462.8,NS,Borussia Dortmund,SC Paderborn 07,5,override,1.33,3.4,0.71881607,0.28118393,0.70175439,0.01706168,NO,Marathonbet,1.31,3.08,2026-09-11T22:34:19+00:00
1575159,2026-09-12T05:47:12Z,2026-09-13T13:30:00Z,1902.8,NS,RB Leipzig,Hamburger SV,5,override,1.4,3.0,0.68181818,0.31818182,0.68181818,0.00000000,NO,Marathonbet,1.36,2.84,2026-09-12T00:15:57+00:00
1575160,2026-09-12T05:47:12Z,2026-09-12T13:30:00Z,462.8,NS,1899 Hoffenheim,VfB Stuttgart,5,override,1.36,3.2,0.70175439,0.29824561,0.70175439,-0.00000000,NO,Marathonbet,1.3,3.26,2026-09-11T22:34:19+00:00
1575161,2026-09-12T05:47:12Z,2026-09-12T13:30:00Z,462.8,NS,SC Freiburg,Borussia Mönchengladbach,5,override,1.57,2.38,0.60253165,0.39746835,0.62034739,-0.01781574,NO,Marathonbet,1.52,2.33,2026-09-11T22:34:19+00:00
1575162,2026-09-12T05:47:12Z,2026-09-12T13:30:00Z,462.8,NS,FC Augsburg,Bayer Leverkusen,5,override,1.4,3.0,0.68181818,0.31818182,0.68181818,0.00000000,NO,Marathonbet,1.38,2.76,2026-09-11T22:34:19+00:00
1575163,2026-09-12T05:47:12Z,2026-09-12T13:30:00Z,462.8,NS,FSV Mainz 05,Eintracht Frankfurt,5,override,1.5,2.62,0.63592233,0.36407767,0.63592233,0.00000000,NO,Marathonbet,1.44,2.55,2026-09-11T22:34:19+00:00
1575165,2026-09-12T05:47:12Z,2026-09-12T16:30:00Z,642.8,NS,1. FC Köln,Werder Bremen,5,override,1.57,2.38,0.60253165,0.39746835,0.62034739,-0.01781574,NO,Marathonbet,1.52,2.33,2026-09-11T22:34:19+00:00
1575166,2026-09-12T05:47:12Z,2026-09-13T15:30:00Z,2022.8,NS,SV Elversberg,Bayern München,5,override,1.17,5.0,0.81037277,0.18962723,0.81037277,0.00000000,NO,Marathonbet,1.12,4.7,2026-09-12T00:15:57+00:00
1575158,2026-09-12T06:26:31Z,2026-09-12T13:30:00Z,423.5,NS,Borussia Dortmund,SC Paderborn 07,5,override,1.33,3.4,0.71881607,0.28118393,0.70175439,0.01706168,NO,Marathonbet,1.31,3.08,2026-09-11T22:34:19+00:00
1575159,2026-09-12T06:26:31Z,2026-09-13T13:30:00Z,1863.5,NS,RB Leipzig,Hamburger SV,5,override,1.4,3.0,0.68181818,0.31818182,0.68181818,0.00000000,NO,Marathonbet,1.36,2.84,2026-09-12T00:15:57+00:00
1575160,2026-09-12T06:26:31Z,2026-09-12T13:30:00Z,423.5,NS,1899 Hoffenheim,VfB Stuttgart,5,override,1.36,3.2,0.70175439,0.29824561,0.70175439,-0.00000000,NO,Marathonbet,1.3,3.26,2026-09-11T22:34:19+00:00
1575161,2026-09-12T06:26:31Z,2026-09-12T13:30:00Z,423.5,NS,SC Freiburg,Borussia Mönchengladbach,5,override,1.57,2.38,0.60253165,0.39746835,0.62034739,-0.01781574,NO,Marathonbet,1.52,2.33,2026-09-11T22:34:19+00:00
1575162,2026-09-12T06:26:31Z,2026-09-12T13:30:00Z,423.5,NS,FC Augsburg,Bayer Leverkusen,5,override,1.4,3.0,0.68181818,0.31818182,0.68181818,0.00000000,NO,Marathonbet,1.38,2.76,2026-09-11T22:34:19+00:00
1575163,2026-09-12T06:26:31Z,2026-09-12T13:30:00Z,423.5,NS,FSV Mainz 05,Eintracht Frankfurt,5,override,1.5,2.62,0.63592233,0.36407767,0.63592233,0.00000000,NO,Marathonbet,1.44,2.55,2026-09-11T22:34:19+00:00
1575165,2026-09-12T06:26:31Z,2026-09-12T16:30:00Z,603.5,NS,1. FC Köln,Werder Bremen,5,override,1.57,2.38,0.60253165,0.39746835,0.62034739,-0.01781574,NO,Marathonbet,1.52,2.33,2026-09-11T22:34:19+00:00
1575166,2026-09-12T06:26:31Z,2026-09-13T15:30:00Z,1983.5,NS,SV Elversberg,Bayern München,5,override,1.17,5.0,0.81037277,0.18962723,0.81037277,0.00000000,NO,Marathonbet,1.12,4.7,2026-09-12T00:15:57+00:00
1575158,2026-09-12T06:51:13Z,2026-09-12T13:30:00Z,398.8,NS,Borussia Dortmund,SC Paderborn 07,5,override,1.33,3.4,0.71881607,0.28118393,0.70175439,0.01706168,NO,Marathonbet,1.31,3.08,2026-09-11T22:34:19+00:00
1575159,2026-09-12T06:51:13Z,2026-09-13T13:30:00Z,1838.8,NS,RB Leipzig,Hamburger SV,5,override,1.4,3.0,0.68181818,0.31818182,0.68181818,0.00000000,NO,Marathonbet,1.36,2.84,2026-09-12T00:15:57+00:00
1575160,2026-09-12T06:51:13Z,2026-09-12T13:30:00Z,398.8,NS,1899 Hoffenheim,VfB Stuttgart,5,override,1.36,3.2,0.70175439,0.29824561,0.70175439,-0.00000000,NO,Marathonbet,1.3,3.26,2026-09-11T22:34:19+00:00
1575161,2026-09-12T06:51:13Z,2026-09-12T13:30:00Z,398.8,NS,SC Freiburg,Borussia Mönchengladbach,5,override,1.53,2.5,0.62034739,0.37965261,0.62034739,0.00000000,NO,Marathonbet,1.51,2.35,2026-09-12T06:39:21+00:00
1575162,2026-09-12T06:51:13Z,2026-09-12T13:30:00Z,398.8,NS,FC Augsburg,Bayer Leverkusen,5,override,1.4,3.0,0.68181818,0.31818182,0.68181818,0.00000000,NO,Marathonbet,1.38,2.76,2026-09-11T22:34:19+00:00
1575163,2026-09-12T06:51:13Z,2026-09-12T13:30:00Z,398.8,NS,FSV Mainz 05,Eintracht Frankfurt,5,override,1.5,2.62,0.63592233,0.36407767,0.63592233,0.00000000,NO,Marathonbet,1.42,2.61,2026-09-12T06:39:21+00:00
1575165,2026-09-12T06:51:13Z,2026-09-12T16:30:00Z,578.8,NS,1. FC Köln,Werder Bremen,5,override,1.57,2.38,0.60253165,0.39746835,0.62034739,-0.01781574,NO,Marathonbet,1.52,2.33,2026-09-11T22:34:19+00:00
1575166,2026-09-12T06:51:13Z,2026-09-13T15:30:00Z,1958.8,NS,SV Elversberg,Bayern München,5,override,1.17,5.0,0.81037277,0.18962723,0.81037277,0.00000000,NO,Marathonbet,1.12,4.7,2026-09-12T00:15:57+00:00
1575158,2026-09-12T07:20:40Z,2026-09-12T13:30:00Z,369.3,NS,Borussia Dortmund,SC Paderborn 07,5,override,1.33,3.4,0.71881607,0.28118393,0.70175439,0.01706168,NO,Marathonbet,1.31,3.08,2026-09-11T22:34:19+00:00
1575159,2026-09-12T07:20:40Z,2026-09-13T13:30:00Z,1809.3,NS,RB Leipzig,Hamburger SV,5,override,1.4,3.0,0.68181818,0.31818182,0.68181818,0.00000000,NO,Marathonbet,1.36,2.84,2026-09-12T00:15:57+00:00
1575160,2026-09-12T07:20:40Z,2026-09-12T13:30:00Z,369.3,NS,1899 Hoffenheim,VfB Stuttgart,5,override,1.36,3.2,0.70175439,0.29824561,0.70175439,-0.00000000,NO,Marathonbet,1.3,3.26,2026-09-11T22:34:19+00:00
1575161,2026-09-12T07:20:40Z,2026-09-12T13:30:00Z,369.3,NS,SC Freiburg,Borussia Mönchengladbach,5,override,1.53,2.5,0.62034739,0.37965261,0.62034739,0.00000000,NO,Marathonbet,1.51,2.35,2026-09-12T06:39:21+00:00
1575162,2026-09-12T07:20:40Z,2026-09-12T13:30:00Z,369.3,NS,FC Augsburg,Bayer Leverkusen,5,override,1.4,3.0,0.68181818,0.31818182,0.68181818,0.00000000,NO,Marathonbet,1.38,2.76,2026-09-11T22:34:19+00:00
1575163,2026-09-12T07:20:40Z,2026-09-12T13:30:00Z,369.3,NS,FSV Mainz 05,Eintracht Frankfurt,5,override,1.5,2.62,0.63592233,0.36407767,0.63592233,0.00000000,NO,Marathonbet,1.42,2.61,2026-09-12T06:39:21+00:00
1575165,2026-09-12T07:20:40Z,2026-09-12T16:30:00Z,549.3,NS,1. FC Köln,Werder Bremen,5,override,1.57,2.38,0.60253165,0.39746835,0.62034739,-0.01781574,NO,Marathonbet,1.52,2.33,2026-09-11T22:34:19+00:00
1575166,2026-09-12T07:20:40Z,2026-09-13T15:30:00Z,1929.3,NS,SV Elversberg,Bayern München,5,override,1.17,5.0,0.81037277,0.18962723,0.81037277,0.00000000,NO,Marathonbet,1.12,4.7,2026-09-12T00:15:57+00:00
1575158,2026-09-12T07:46:59Z,2026-09-12T13:30:00Z,343.0,NS,Borussia Dortmund,SC Paderborn 07,5,override,1.33,3.4,0.71881607,0.28118393,0.70175439,0.01706168,NO,Marathonbet,1.31,3.08,2026-09-11T22:34:19+00:00
1575159,2026-09-12T07:46:59Z,2026-09-13T13:30:00Z,1783.0,NS,RB Leipzig,Hamburger SV,5,override,1.4,3.0,0.68181818,0.31818182,0.68181818,0.00000000,NO,Marathonbet,1.36,2.84,2026-09-12T06:39:21+00:00
1575160,2026-09-12T07:46:59Z,2026-09-12T13:30:00Z,343.0,NS,1899 Hoffenheim,VfB Stuttgart,5,override,1.36,3.2,0.70175439,0.29824561,0.70175439,-0.00000000,NO,Marathonbet,1.3,3.26,2026-09-11T22:34:19+00:00
1575161,2026-09-12T07:46:59Z,2026-09-12T13:30:00Z,343.0,NS,SC Freiburg,Borussia Mönchengladbach,5,override,1.53,2.5,0.62034739,0.37965261,0.62034739,0.00000000,NO,Marathonbet,1.51,2.35,2026-09-12T06:39:21+00:00
1575162,2026-09-12T07:46:59Z,2026-09-12T13:30:00Z,343.0,NS,FC Augsburg,Bayer Leverkusen,5,override,1.4,3.0,0.68181818,0.31818182,0.68181818,0.00000000,NO,Marathonbet,1.38,2.76,2026-09-11T22:34:19+00:00
1575163,2026-09-12T07:46:59Z,2026-09-12T13:30:00Z,343.0,NS,FSV Mainz 05,Eintracht Frankfurt,5,override,1.5,2.62,0.63592233,0.36407767,0.63592233,0.00000000,NO,Marathonbet,1.42,2.61,2026-09-12T06:39:21+00:00
1575165,2026-09-12T07:46:59Z,2026-09-12T16:30:00Z,523.0,NS,1. FC Köln,Werder Bremen,5,override,1.57,2.38,0.60253165,0.39746835,0.62034739,-0.01781574,NO,Marathonbet,1.52,2.33,2026-09-11T22:34:19+00:00
1575166,2026-09-12T07:46:59Z,2026-09-13T15:30:00Z,1903.0,NS,SV Elversberg,Bayern München,5,override,1.17,5.0,0.81037277,0.18962723,0.81037277,0.00000000,NO,Marathonbet,1.12,4.7,2026-09-12T06:39:21+00:00
1575158,2026-09-12T08:22:49Z,2026-09-12T13:30:00Z,307.2,NS,Borussia Dortmund,SC Paderborn 07,5,override,1.33,3.4,0.71881607,0.28118393,0.70175439,0.01706168,NO,Marathonbet,1.31,3.08,2026-09-11T22:34:19+00:00
1575159,2026-09-12T08:22:49Z,2026-09-13T13:30:00Z,1747.2,NS,RB Leipzig,Hamburger SV,5,override,1.4,3.0,0.68181818,0.31818182,0.68181818,0.00000000,NO,Marathonbet,1.36,2.84,2026-09-12T06:39:21+00:00
1575160,2026-09-12T08:22:49Z,2026-09-12T13:30:00Z,307.2,NS,1899 Hoffenheim,VfB Stuttgart,5,override,1.36,3.2,0.70175439,0.29824561,0.70175439,-0.00000000,NO,Marathonbet,1.3,3.26,2026-09-11T22:34:19+00:00
1575161,2026-09-12T08:22:49Z,2026-09-12T13:30:00Z,307.2,NS,SC Freiburg,Borussia Mönchengladbach,5,override,1.53,2.5,0.62034739,0.37965261,0.62034739,0.00000000,NO,Marathonbet,1.51,2.35,2026-09-12T06:39:21+00:00
1575162,2026-09-12T08:22:49Z,2026-09-12T13:30:00Z,307.2,NS,FC Augsburg,Bayer Leverkusen,5,override,1.4,3.0,0.68181818,0.31818182,0.68181818,0.00000000,NO,Marathonbet,1.38,2.76,2026-09-11T22:34:19+00:00
1575163,2026-09-12T08:22:49Z,2026-09-12T13:30:00Z,307.2,NS,FSV Mainz 05,Eintracht Frankfurt,5,override,1.5,2.62,0.63592233,0.36407767,0.63592233,0.00000000,NO,Marathonbet,1.42,2.61,2026-09-12T06:39:21+00:00
1575166,2026-09-12T08:22:49Z,2026-09-13T15:30:00Z,1867.2,NS,SV Elversberg,Bayern München,5,override,1.17,5.0,0.81037277,0.18962723,0.81037277,0.00000000,NO,Marathonbet,1.12,4.7,2026-09-12T06:39:21+00:00
1575158,2026-09-12T08:48:50Z,2026-09-12T13:30:00Z,281.2,NS,Borussia Dortmund,SC Paderborn 07,5,override,1.33,3.4,0.71881607,0.28118393,0.70175439,0.01706168,NO,Marathonbet,1.31,3.08,2026-09-11T22:34:19+00:00
1575159,2026-09-12T08:48:50Z,2026-09-13T13:30:00Z,1721.2,NS,RB Leipzig,Hamburger SV,5,override,1.4,3.0,0.68181818,0.31818182,0.68181818,0.00000000,NO,Marathonbet,1.36,2.84,2026-09-12T08:15:52+00:00
1575160,2026-09-12T08:48:50Z,2026-09-12T13:30:00Z,281.2,NS,1899 Hoffenheim,VfB Stuttgart,5,override,1.36,3.2,0.70175439,0.29824561,0.70175439,-0.00000000,NO,Marathonbet,1.3,3.26,2026-09-11T22:34:19+00:00
1575161,2026-09-12T08:48:50Z,2026-09-12T13:30:00Z,281.2,NS,SC Freiburg,Borussia Mönchengladbach,5,override,1.53,2.5,0.62034739,0.37965261,0.62034739,0.00000000,NO,Marathonbet,1.51,2.35,2026-09-12T06:39:21+00:00
1575162,2026-09-12T08:48:50Z,2026-09-12T13:30:00Z,281.2,NS,FC Augsburg,Bayer Leverkusen,5,override,1.4,3.0,0.68181818,0.31818182,0.68181818,0.00000000,NO,Marathonbet,1.38,2.76,2026-09-11T22:34:19+00:00
1575163,2026-09-12T08:48:50Z,2026-09-12T13:30:00Z,281.2,NS,FSV Mainz 05,Eintracht Frankfurt,5,override,1.5,2.62,0.63592233,0.36407767,0.63592233,0.00000000,NO,Marathonbet,1.42,2.61,2026-09-12T06:39:21+00:00
1575165,2026-09-12T08:48:50Z,2026-09-12T16:30:00Z,461.2,NS,1. FC Köln,Werder Bremen,5,override,1.57,2.38,0.60253165,0.39746835,0.62034739,-0.01781574,NO,Marathonbet,1.52,2.33,2026-09-12T06:39:21+00:00
1575166,2026-09-12T08:48:50Z,2026-09-13T15:30:00Z,1841.2,NS,SV Elversberg,Bayern München,5,override,1.17,5.0,0.81037277,0.18962723,0.81037277,0.00000000,NO,Marathonbet,1.12,4.7,2026-09-12T06:39:21+00:00
1575158,2026-09-12T09:21:48Z,2026-09-12T13:30:00Z,248.2,NS,Borussia Dortmund,SC Paderborn 07,5,override,1.33,3.4,0.71881607,0.28118393,0.70175439,0.01706168,NO,Marathonbet,1.31,3.08,2026-09-12T06:39:21+00:00
1575159,2026-09-12T09:21:48Z,2026-09-13T13:30:00Z,1688.2,NS,RB Leipzig,Hamburger SV,5,override,1.4,3.0,0.68181818,0.31818182,0.68181818,0.00000000,NO,Marathonbet,1.36,2.84,2026-09-12T08:15:52+00:00
1575160,2026-09-12T09:21:48Z,2026-09-12T13:30:00Z,248.2,NS,1899 Hoffenheim,VfB Stuttgart,5,override,1.33,3.4,0.71881607,0.28118393,0.70175439,0.01706168,NO,Marathonbet,1.29,3.32,2026-09-12T06:39:21+00:00
1575161,2026-09-12T09:21:48Z,2026-09-12T13:30:00Z,248.2,NS,SC Freiburg,Borussia Mönchengladbach,5,override,1.53,2.5,0.62034739,0.37965261,0.62034739,0.00000000,NO,Marathonbet,1.51,2.35,2026-09-12T06:39:21+00:00
1575162,2026-09-12T09:21:48Z,2026-09-12T13:30:00Z,248.2,NS,FC Augsburg,Bayer Leverkusen,5,override,1.4,3.0,0.68181818,0.31818182,0.68181818,0.00000000,NO,Marathonbet,1.38,2.76,2026-09-12T06:39:21+00:00
1575163,2026-09-12T09:21:48Z,2026-09-12T13:30:00Z,248.2,NS,FSV Mainz 05,Eintracht Frankfurt,5,override,1.5,2.62,0.63592233,0.36407767,0.63592233,0.00000000,NO,Marathonbet,1.42,2.61,2026-09-12T06:39:21+00:00
1575165,2026-09-12T09:21:48Z,2026-09-12T16:30:00Z,428.2,NS,1. FC Köln,Werder Bremen,5,override,1.57,2.38,0.60253165,0.39746835,0.62034739,-0.01781574,NO,Marathonbet,1.52,2.33,2026-09-12T06:39:21+00:00
1575166,2026-09-12T09:21:48Z,2026-09-13T15:30:00Z,1808.2,NS,SV Elversberg,Bayern München,5,override,1.17,5.0,0.81037277,0.18962723,0.81037277,0.00000000,NO,Marathonbet,1.12,4.7,2026-09-12T06:39:21+00:00
1575158,2026-09-12T09:47:02Z,2026-09-12T13:30:00Z,223.0,NS,Borussia Dortmund,SC Paderborn 07,5,override,1.33,3.4,0.71881607,0.28118393,0.70175439,0.01706168,NO,Marathonbet,1.31,3.08,2026-09-12T06:39:21+00:00
1575159,2026-09-12T09:47:02Z,2026-09-13T13:30:00Z,1663.0,NS,RB Leipzig,Hamburger SV,5,override,1.4,3.0,0.68181818,0.31818182,0.68181818,0.00000000,NO,Marathonbet,1.36,2.84,2026-09-12T08:15:52+00:00
1575160,2026-09-12T09:47:02Z,2026-09-12T13:30:00Z,223.0,NS,1899 Hoffenheim,VfB Stuttgart,5,override,1.33,3.4,0.71881607,0.28118393,0.70175439,0.01706168,NO,Marathonbet,1.29,3.32,2026-09-12T06:39:21+00:00
1575161,2026-09-12T09:47:02Z,2026-09-12T13:30:00Z,223.0,NS,SC Freiburg,Borussia Mönchengladbach,5,override,1.53,2.5,0.62034739,0.37965261,0.62034739,0.00000000,NO,Marathonbet,1.51,2.35,2026-09-12T06:39:21+00:00
1575162,2026-09-12T09:47:02Z,2026-09-12T13:30:00Z,223.0,NS,FC Augsburg,Bayer Leverkusen,5,override,1.4,3.0,0.68181818,0.31818182,0.68181818,0.00000000,NO,Marathonbet,1.38,2.76,2026-09-12T06:39:21+00:00
1575163,2026-09-12T09:47:02Z,2026-09-12T13:30:00Z,223.0,NS,FSV Mainz 05,Eintracht Frankfurt,5,override,1.5,2.62,0.63592233,0.36407767,0.63592233,0.00000000,NO,Marathonbet,1.42,2.61,2026-09-12T06:39:21+00:00
1575165,2026-09-12T09:47:02Z,2026-09-12T16:30:00Z,403.0,NS,1. FC Köln,Werder Bremen,5,override,1.57,2.38,0.60253165,0.39746835,0.62034739,-0.01781574,NO,Marathonbet,1.52,2.33,2026-09-12T06:39:21+00:00
1575166,2026-09-12T09:47:02Z,2026-09-13T15:30:00Z,1783.0,NS,SV Elversberg,Bayern München,5,override,1.17,5.0,0.81037277,0.18962723,0.81037277,0.00000000,NO,Marathonbet,1.12,4.7,2026-09-12T06:39:21+00:00
1575158,2026-09-12T10:21:18Z,2026-09-12T13:30:00Z,188.7,NS,Borussia Dortmund,SC Paderborn 07,5,override,1.33,3.4,0.71881607,0.28118393,0.70175439,0.01706168,NO,Marathonbet,1.31,3.08,2026-09-12T06:39:21+00:00
1575159,2026-09-12T10:21:18Z,2026-09-13T13:30:00Z,1628.7,NS,RB Leipzig,Hamburger SV,5,override,1.4,3.0,0.68181818,0.31818182,0.68181818,0.00000000,NO,Marathonbet,1.36,2.84,2026-09-12T08:15:52+00:00
1575160,2026-09-12T10:21:18Z,2026-09-12T13:30:00Z,188.7,NS,1899 Hoffenheim,VfB Stuttgart,5,override,1.33,3.4,0.71881607,0.28118393,0.70175439,0.01706168,NO,Marathonbet,1.29,3.32,2026-09-12T06:39:21+00:00
1575161,2026-09-12T10:21:18Z,2026-09-12T13:30:00Z,188.7,NS,SC Freiburg,Borussia Mönchengladbach,5,override,1.53,2.5,0.62034739,0.37965261,0.62034739,0.00000000,NO,Marathonbet,1.51,2.35,2026-09-12T06:39:21+00:00
1575162,2026-09-12T10:21:18Z,2026-09-12T13:30:00Z,188.7,NS,FC Augsburg,Bayer Leverkusen,5,override,1.4,3.0,0.68181818,0.31818182,0.68181818,0.00000000,NO,Marathonbet,1.38,2.76,2026-09-12T06:39:21+00:00
1575163,2026-09-12T10:21:18Z,2026-09-12T13:30:00Z,188.7,NS,FSV Mainz 05,Eintracht Frankfurt,5,override,1.5,2.62,0.63592233,0.36407767,0.63592233,0.00000000,NO,Marathonbet,1.42,2.61,2026-09-12T06:39:21+00:00
1575165,2026-09-12T10:21:18Z,2026-09-12T16:30:00Z,368.7,NS,1. FC Köln,Werder Bremen,5,override,1.57,2.38,0.60253165,0.39746835,0.62034739,-0.01781574,NO,Marathonbet,1.52,2.33,2026-09-12T06:39:21+00:00
1575166,2026-09-12T10:21:18Z,2026-09-13T15:30:00Z,1748.7,NS,SV Elversberg,Bayern München,5,override,1.17,5.0,0.81037277,0.18962723,0.81037277,0.00000000,NO,Marathonbet,1.13,4.75,2026-09-12T08:15:52+00:00
1575158,2026-09-12T10:47:04Z,2026-09-12T13:30:00Z,162.9,NS,Borussia Dortmund,SC Paderborn 07,5,override,1.33,3.4,0.71881607,0.28118393,0.70175439,0.01706168,NO,Marathonbet,1.32,3.04,2026-09-12T10:36:20+00:00
1575159,2026-09-12T10:47:04Z,2026-09-13T13:30:00Z,1602.9,NS,RB Leipzig,Hamburger SV,5,override,1.4,3.0,0.68181818,0.31818182,0.68181818,0.00000000,NO,Marathonbet,1.36,2.84,2026-09-12T08:15:52+00:00
1575160,2026-09-12T10:47:04Z,2026-09-12T13:30:00Z,162.9,NS,1899 Hoffenheim,VfB Stuttgart,5,override,1.33,3.4,0.71881607,0.28118393,0.70175439,0.01706168,NO,Marathonbet,1.29,3.32,2026-09-12T06:39:21+00:00
1575161,2026-09-12T10:47:04Z,2026-09-12T13:30:00Z,162.9,NS,SC Freiburg,Borussia Mönchengladbach,5,override,1.53,2.5,0.62034739,0.37965261,0.62034739,0.00000000,NO,Marathonbet,1.51,2.35,2026-09-12T06:39:21+00:00
1575162,2026-09-12T10:47:04Z,2026-09-12T13:30:00Z,162.9,NS,FC Augsburg,Bayer Leverkusen,5,override,1.4,3.0,0.68181818,0.31818182,0.68181818,0.00000000,NO,Marathonbet,1.38,2.76,2026-09-12T06:39:21+00:00
1575163,2026-09-12T10:47:04Z,2026-09-12T13:30:00Z,162.9,NS,FSV Mainz 05,Eintracht Frankfurt,5,override,1.44,2.75,0.65632458,0.34367542,0.63592233,0.02040225,NO,Marathonbet,1.4,2.68,2026-09-12T10:36:20+00:00
1575165,2026-09-12T10:47:04Z,2026-09-12T16:30:00Z,342.9,NS,1. FC Köln,Werder Bremen,5,override,1.57,2.38,0.60253165,0.39746835,0.62034739,-0.01781574,NO,Marathonbet,1.52,2.33,2026-09-12T06:39:21+00:00
1575166,2026-09-12T10:47:04Z,2026-09-13T15:30:00Z,1722.9,NS,SV Elversberg,Bayern München,5,override,1.17,5.0,0.81037277,0.18962723,0.81037277,0.00000000,NO,Marathonbet,1.13,4.75,2026-09-12T10:36:20+00:00
1575158,2026-09-12T11:20:41Z,2026-09-12T13:30:00Z,129.3,NS,Borussia Dortmund,SC Paderborn 07,5,override,1.33,3.4,0.71881607,0.28118393,0.70175439,0.01706168,NO,Marathonbet,1.32,3.04,2026-09-12T10:36:20+00:00
1575159,2026-09-12T11:20:41Z,2026-09-13T13:30:00Z,1569.3,NS,RB Leipzig,Hamburger SV,5,override,1.4,3.0,0.68181818,0.31818182,0.68181818,0.00000000,NO,Marathonbet,1.36,2.84,2026-09-12T08:15:52+00:00
1575160,2026-09-12T11:20:41Z,2026-09-12T13:30:00Z,129.3,NS,1899 Hoffenheim,VfB Stuttgart,5,override,1.33,3.4,0.71881607,0.28118393,0.70175439,0.01706168,NO,Marathonbet,1.29,3.32,2026-09-12T06:39:21+00:00
1575161,2026-09-12T11:20:41Z,2026-09-12T13:30:00Z,129.3,NS,SC Freiburg,Borussia Mönchengladbach,5,override,1.53,2.5,0.62034739,0.37965261,0.62034739,0.00000000,NO,Marathonbet,1.51,2.35,2026-09-12T06:39:21+00:00
1575162,2026-09-12T11:20:41Z,2026-09-12T13:30:00Z,129.3,NS,FC Augsburg,Bayer Leverkusen,5,override,1.4,3.0,0.68181818,0.31818182,0.68181818,0.00000000,NO,Marathonbet,1.38,2.76,2026-09-12T06:39:21+00:00
1575163,2026-09-12T11:20:41Z,2026-09-12T13:30:00Z,129.3,NS,FSV Mainz 05,Eintracht Frankfurt,5,override,1.44,2.75,0.65632458,0.34367542,0.63592233,0.02040225,NO,Marathonbet,1.4,2.68,2026-09-12T10:36:20+00:00
1575165,2026-09-12T11:20:41Z,2026-09-12T16:30:00Z,309.3,NS,1. FC Köln,Werder Bremen,5,override,1.57,2.38,0.60253165,0.39746835,0.62034739,-0.01781574,NO,Marathonbet,1.5,2.38,2026-09-12T10:36:20+00:00
1575166,2026-09-12T11:20:41Z,2026-09-13T15:30:00Z,1689.3,NS,SV Elversberg,Bayern München,5,override,1.17,5.0,0.81037277,0.18962723,0.81037277,0.00000000,NO,Marathonbet,1.13,4.75,2026-09-12T10:36:20+00:00
1575158,2026-09-12T11:47:03Z,2026-09-12T13:30:00Z,103.0,NS,Borussia Dortmund,SC Paderborn 07,5,override,1.33,3.4,0.71881607,0.28118393,0.70175439,0.01706168,NO,Marathonbet,1.32,3.04,2026-09-12T10:36:20+00:00
1575159,2026-09-12T11:47:03Z,2026-09-13T13:30:00Z,1543.0,NS,RB Leipzig,Hamburger SV,5,override,1.4,3.0,0.68181818,0.31818182,0.68181818,0.00000000,NO,Marathonbet,1.36,2.84,2026-09-12T08:15:52+00:00
1575160,2026-09-12T11:47:03Z,2026-09-12T13:30:00Z,103.0,NS,1899 Hoffenheim,VfB Stuttgart,5,override,1.33,3.4,0.71881607,0.28118393,0.70175439,0.01706168,NO,Marathonbet,1.29,3.32,2026-09-12T06:39:21+00:00
1575161,2026-09-12T11:47:03Z,2026-09-12T13:30:00Z,103.0,NS,SC Freiburg,Borussia Mönchengladbach,5,override,1.53,2.5,0.62034739,0.37965261,0.62034739,0.00000000,NO,Marathonbet,1.51,2.35,2026-09-12T06:39:21+00:00
1575162,2026-09-12T11:47:03Z,2026-09-12T13:30:00Z,103.0,NS,FC Augsburg,Bayer Leverkusen,5,override,1.4,3.0,0.68181818,0.31818182,0.68181818,0.00000000,NO,Marathonbet,1.38,2.76,2026-09-12T06:39:21+00:00
1575163,2026-09-12T11:47:03Z,2026-09-12T13:30:00Z,103.0,NS,FSV Mainz 05,Eintracht Frankfurt,5,override,1.44,2.75,0.65632458,0.34367542,0.63592233,0.02040225,NO,Marathonbet,1.4,2.68,2026-09-12T10:36:20+00:00
1575165,2026-09-12T11:47:03Z,2026-09-12T16:30:00Z,282.9,NS,1. FC Köln,Werder Bremen,5,override,1.57,2.38,0.60253165,0.39746835,0.62034739,-0.01781574,NO,Marathonbet,1.5,2.38,2026-09-12T10:36:20+00:00
1575166,2026-09-12T11:47:03Z,2026-09-13T15:30:00Z,1663.0,NS,SV Elversberg,Bayern München,5,override,1.17,5.0,0.81037277,0.18962723,0.81037277,0.00000000,NO,Marathonbet,1.13,4.75,2026-09-12T10:36:20+00:00
1575158,2026-09-12T12:26:05Z,2026-09-12T13:30:00Z,63.9,NS,Borussia Dortmund,SC Paderborn 07,5,override,1.33,3.4,0.71881607,0.28118393,0.70175439,0.01706168,NO,Marathonbet,1.32,3.04,2026-09-12T10:36:20+00:00
1575159,2026-09-12T12:26:05Z,2026-09-13T13:30:00Z,1503.9,NS,RB Leipzig,Hamburger SV,5,override,1.4,3.0,0.68181818,0.31818182,0.68181818,0.00000000,NO,Marathonbet,1.36,2.84,2026-09-12T10:36:20+00:00
1575160,2026-09-12T12:26:05Z,2026-09-12T13:30:00Z,63.9,NS,1899 Hoffenheim,VfB Stuttgart,5,override,1.3,3.5,0.72916667,0.27083333,0.70175439,0.02741228,NO,Marathonbet,1.28,3.36,2026-09-12T10:36:20+00:00
1575161,2026-09-12T12:26:05Z,2026-09-12T13:30:00Z,63.9,NS,SC Freiburg,Borussia Mönchengladbach,5,override,1.53,2.5,0.62034739,0.37965261,0.62034739,0.00000000,NO,Marathonbet,1.51,2.35,2026-09-12T06:39:21+00:00
1575162,2026-09-12T12:26:05Z,2026-09-12T13:30:00Z,63.9,NS,FC Augsburg,Bayer Leverkusen,5,override,1.4,3.0,0.68181818,0.31818182,0.68181818,0.00000000,NO,Marathonbet,1.38,2.76,2026-09-12T10:36:20+00:00
1575163,2026-09-12T12:26:05Z,2026-09-12T13:30:00Z,63.9,NS,FSV Mainz 05,Eintracht Frankfurt,5,override,1.44,2.75,0.65632458,0.34367542,0.63592233,0.02040225,NO,Marathonbet,1.4,2.68,2026-09-12T10:36:20+00:00
1575165,2026-09-12T12:26:05Z,2026-09-12T16:30:00Z,243.9,NS,1. FC Köln,Werder Bremen,5,override,1.57,2.38,0.60253165,0.39746835,0.62034739,-0.01781574,NO,Marathonbet,1.5,2.38,2026-09-12T10:36:20+00:00
1575166,2026-09-12T12:26:05Z,2026-09-13T15:30:00Z,1623.9,NS,SV Elversberg,Bayern München,5,override,1.17,5.0,0.81037277,0.18962723,0.81037277,0.00000000,NO,Marathonbet,1.13,4.75,2026-09-12T10:36:20+00:00
1575158,2026-09-12T12:50:50Z,2026-09-12T13:30:00Z,39.2,NS,Borussia Dortmund,SC Paderborn 07,5,override,1.33,3.4,0.71881607,0.28118393,0.70175439,0.01706168,NO,Marathonbet,1.32,3.04,2026-09-12T10:36:20+00:00
1575159,2026-09-12T12:50:50Z,2026-09-13T13:30:00Z,1479.2,NS,RB Leipzig,Hamburger SV,5,override,1.4,3.0,0.68181818,0.31818182,0.68181818,0.00000000,NO,Marathonbet,1.36,2.84,2026-09-12T10:36:20+00:00
1575160,2026-09-12T12:50:50Z,2026-09-12T13:30:00Z,39.2,NS,1899 Hoffenheim,VfB Stuttgart,5,override,1.3,3.5,0.72916667,0.27083333,0.70175439,0.02741228,NO,Marathonbet,1.28,3.36,2026-09-12T10:36:20+00:00
1575161,2026-09-12T12:50:50Z,2026-09-12T13:30:00Z,39.2,NS,SC Freiburg,Borussia Mönchengladbach,5,override,1.53,2.5,0.62034739,0.37965261,0.62034739,0.00000000,NO,Marathonbet,1.51,2.35,2026-09-12T06:39:21+00:00
1575162,2026-09-12T12:50:50Z,2026-09-12T13:30:00Z,39.2,NS,FC Augsburg,Bayer Leverkusen,5,override,1.4,3.0,0.68181818,0.31818182,0.68181818,0.00000000,NO,Marathonbet,1.38,2.76,2026-09-12T10:36:20+00:00
1575163,2026-09-12T12:50:50Z,2026-09-12T13:30:00Z,39.2,NS,FSV Mainz 05,Eintracht Frankfurt,5,override,1.44,2.75,0.65632458,0.34367542,0.63592233,0.02040225,NO,Marathonbet,1.4,2.68,2026-09-12T10:36:20+00:00
1575165,2026-09-12T12:50:50Z,2026-09-12T16:30:00Z,219.2,NS,1. FC Köln,Werder Bremen,5,override,1.57,2.38,0.60253165,0.39746835,0.62034739,-0.01781574,NO,Marathonbet,1.5,2.38,2026-09-12T10:36:20+00:00
1575166,2026-09-12T12:50:50Z,2026-09-13T15:30:00Z,1599.2,NS,SV Elversberg,Bayern München,5,override,1.17,5.0,0.81037277,0.18962723,0.81037277,0.00000000,NO,Marathonbet,1.13,4.75,2026-09-12T10:36:20+00:00
1575158,2026-09-12T13:21:03Z,2026-09-12T13:30:00Z,8.9,NS,Borussia Dortmund,SC Paderborn 07,5,override,1.33,3.4,0.71881607,0.28118393,0.70175439,0.01706168,NO,Marathonbet,1.32,3.04,2026-09-12T10:36:20+00:00
1575159,2026-09-12T13:21:03Z,2026-09-13T13:30:00Z,1449.0,NS,RB Leipzig,Hamburger SV,5,override,1.4,3.0,0.68181818,0.31818182,0.68181818,0.00000000,NO,Marathonbet,1.36,2.84,2026-09-12T10:36:20+00:00
1575160,2026-09-12T13:21:03Z,2026-09-12T13:30:00Z,8.9,NS,1899 Hoffenheim,VfB Stuttgart,5,override,1.3,3.5,0.72916667,0.27083333,0.70175439,0.02741228,NO,Marathonbet,1.28,3.36,2026-09-12T10:36:20+00:00
1575161,2026-09-12T13:21:03Z,2026-09-12T13:30:00Z,8.9,NS,SC Freiburg,Borussia Mönchengladbach,5,override,1.53,2.5,0.62034739,0.37965261,0.62034739,0.00000000,NO,Marathonbet,1.47,2.46,2026-09-12T10:36:20+00:00
1575162,2026-09-12T13:21:03Z,2026-09-12T13:30:00Z,8.9,NS,FC Augsburg,Bayer Leverkusen,5,override,1.4,3.0,0.68181818,0.31818182,0.68181818,0.00000000,NO,Marathonbet,1.38,2.76,2026-09-12T10:36:20+00:00
1575163,2026-09-12T13:21:03Z,2026-09-12T13:30:00Z,8.9,NS,FSV Mainz 05,Eintracht Frankfurt,5,override,1.44,2.75,0.65632458,0.34367542,0.63592233,0.02040225,NO,Marathonbet,1.4,2.68,2026-09-12T10:36:20+00:00
1575165,2026-09-12T13:21:03Z,2026-09-12T16:30:00Z,188.9,NS,1. FC Köln,Werder Bremen,5,override,1.57,2.38,0.60253165,0.39746835,0.62034739,-0.01781574,NO,Marathonbet,1.5,2.38,2026-09-12T10:36:20+00:00
1575166,2026-09-12T13:21:03Z,2026-09-13T15:30:00Z,1569.0,NS,SV Elversberg,Bayern München,5,override,1.17,5.0,0.81037277,0.18962723,0.81037277,0.00000000,NO,Marathonbet,1.13,4.75,2026-09-12T10:36:20+00:00
1575159,2026-09-12T13:46:52Z,2026-09-13T13:30:00Z,1423.1,NS,RB Leipzig,Hamburger SV,5,override,1.4,3.0,0.68181818,0.31818182,0.68181818,0.00000000,NO,Marathonbet,1.36,2.84,2026-09-12T10:36:20+00:00
1575165,2026-09-12T13:46:52Z,2026-09-12T16:30:00Z,163.1,NS,1. FC Köln,Werder Bremen,5,override,1.57,2.38,0.60253165,0.39746835,0.62034739,-0.01781574,NO,Marathonbet,1.5,2.38,2026-09-12T10:36:20+00:00
1575166,2026-09-12T13:46:52Z,2026-09-13T15:30:00Z,1543.1,NS,SV Elversberg,Bayern München,5,override,1.17,5.0,0.81037277,0.18962723,0.81037277,0.00000000,NO,Marathonbet,1.13,4.75,2026-09-12T10:36:20+00:00
1575159,2026-09-12T14:21:51Z,2026-09-13T13:30:00Z,1388.2,NS,RB Leipzig,Hamburger SV,5,override,1.4,3.0,0.68181818,0.31818182,0.68181818,0.00000000,NO,Marathonbet,1.36,2.84,2026-09-12T10:36:20+00:00
1575165,2026-09-12T14:21:51Z,2026-09-12T16:30:00Z,128.2,NS,1. FC Köln,Werder Bremen,5,override,1.57,2.38,0.60253165,0.39746835,0.62034739,-0.01781574,NO,Marathonbet,1.5,2.38,2026-09-12T10:36:20+00:00
1575166,2026-09-12T14:21:51Z,2026-09-13T15:30:00Z,1508.2,NS,SV Elversberg,Bayern München,5,override,1.17,5.0,0.81037277,0.18962723,0.81037277,0.00000000,NO,Marathonbet,1.13,4.75,2026-09-12T10:36:20+00:00
1575159,2026-09-12T14:47:35Z,2026-09-13T13:30:00Z,1362.4,NS,RB Leipzig,Hamburger SV,5,override,1.4,3.0,0.68181818,0.31818182,0.68181818,0.00000000,NO,Marathonbet,1.36,2.84,2026-09-12T10:36:20+00:00
1575165,2026-09-12T14:47:35Z,2026-09-12T16:30:00Z,102.4,NS,1. FC Köln,Werder Bremen,5,override,1.57,2.38,0.60253165,0.39746835,0.62034739,-0.01781574,NO,Marathonbet,1.5,2.38,2026-09-12T10:36:20+00:00
1575166,2026-09-12T14:47:35Z,2026-09-13T15:30:00Z,1482.4,NS,SV Elversberg,Bayern München,5,override,1.17,5.0,0.81037277,0.18962723,0.81037277,0.00000000,NO,Marathonbet,1.13,4.75,2026-09-12T10:36:20+00:00
1575159,2026-09-12T15:21:11Z,2026-09-13T13:30:00Z,1328.8,NS,RB Leipzig,Hamburger SV,5,override,1.4,3.0,0.68181818,0.31818182,0.68181818,0.00000000,NO,Marathonbet,1.36,2.84,2026-09-12T10:36:20+00:00
1575165,2026-09-12T15:21:11Z,2026-09-12T16:30:00Z,68.8,NS,1. FC Köln,Werder Bremen,5,override,1.57,2.38,0.60253165,0.39746835,0.62034739,-0.01781574,NO,Marathonbet,1.5,2.38,2026-09-12T10:36:20+00:00
1575166,2026-09-12T15:21:11Z,2026-09-13T15:30:00Z,1448.8,NS,SV Elversberg,Bayern München,5,override,1.17,5.0,0.81037277,0.18962723,0.81037277,0.00000000,NO,Marathonbet,1.13,4.75,2026-09-12T10:36:20+00:00
1575159,2026-09-12T15:47:04Z,2026-09-13T13:30:00Z,1302.9,NS,RB Leipzig,Hamburger SV,5,override,1.4,3.0,0.68181818,0.31818182,0.68181818,0.00000000,NO,Marathonbet,1.36,2.84,2026-09-12T10:36:20+00:00
1575165,2026-09-12T15:47:04Z,2026-09-12T16:30:00Z,42.9,NS,1. FC Köln,Werder Bremen,5,override,1.57,2.38,0.60253165,0.39746835,0.62034739,-0.01781574,NO,Marathonbet,1.5,2.38,2026-09-12T10:36:20+00:00
1575166,2026-09-12T15:47:04Z,2026-09-13T15:30:00Z,1422.9,NS,SV Elversberg,Bayern München,5,override,1.17,5.0,0.81037277,0.18962723,0.81037277,0.00000000,NO,Marathonbet,1.13,4.75,2026-09-12T10:36:20+00:00
1575159,2026-09-12T16:22:13Z,2026-09-13T13:30:00Z,1267.8,NS,RB Leipzig,Hamburger SV,5,override,1.4,3.0,0.68181818,0.31818182,0.68181818,0.00000000,NO,Marathonbet,1.36,2.84,2026-09-12T10:36:20+00:00
1575165,2026-09-12T16:22:13Z,2026-09-12T16:30:00Z,7.8,NS,1. FC Köln,Werder Bremen,5,override,1.53,2.5,0.62034739,0.37965261,0.62034739,0.00000000,NO,Marathonbet,1.49,2.4,2026-09-12T14:38:17+00:00
1575166,2026-09-12T16:22:13Z,2026-09-13T15:30:00Z,1387.8,NS,SV Elversberg,Bayern München,5,override,1.17,5.0,0.81037277,0.18962723,0.81037277,0.00000000,NO,Marathonbet,1.13,4.7,2026-09-12T14:38:17+00:00
1575159,2026-09-12T16:46:49Z,2026-09-13T13:30:00Z,1243.2,NS,RB Leipzig,Hamburger SV,5,override,1.4,3.0,0.68181818,0.31818182,0.68181818,0.00000000,NO,Marathonbet,1.36,2.84,2026-09-12T10:36:20+00:00
1575166,2026-09-12T16:46:49Z,2026-09-13T15:30:00Z,1363.2,NS,SV Elversberg,Bayern München,5,override,1.17,5.0,0.81037277,0.18962723,0.81037277,0.00000000,NO,Marathonbet,1.13,4.7,2026-09-12T14:38:17+00:00
1575159,2026-09-12T17:20:32Z,2026-09-13T13:30:00Z,1209.5,NS,RB Leipzig,Hamburger SV,5,override,1.4,3.0,0.68181818,0.31818182,0.68181818,0.00000000,NO,Marathonbet,1.36,2.84,2026-09-12T16:15:41+00:00
1575166,2026-09-12T17:20:32Z,2026-09-13T15:30:00Z,1329.5,NS,SV Elversberg,Bayern München,5,override,1.17,5.0,0.81037277,0.18962723,0.81037277,0.00000000,NO,Marathonbet,1.13,4.7,2026-09-12T14:38:17+00:00
1575159,2026-09-12T17:46:46Z,2026-09-13T13:30:00Z,1183.2,NS,RB Leipzig,Hamburger SV,5,override,1.4,3.0,0.68181818,0.31818182,0.68181818,0.00000000,NO,Marathonbet,1.36,2.84,2026-09-12T16:15:41+00:00
1575166,2026-09-12T17:46:46Z,2026-09-13T15:30:00Z,1303.2,NS,SV Elversberg,Bayern München,5,override,1.17,5.0,0.81037277,0.18962723,0.81037277,0.00000000,NO,Marathonbet,1.13,4.7,2026-09-12T14:38:17+00:00
1575159,2026-09-12T18:23:22Z,2026-09-13T13:30:00Z,1146.6,NS,RB Leipzig,Hamburger SV,5,override,1.4,3.0,0.68181818,0.31818182,0.68181818,0.00000000,NO,Marathonbet,1.36,2.84,2026-09-12T16:15:41+00:00
1575166,2026-09-12T18:23:22Z,2026-09-13T15:30:00Z,1266.6,NS,SV Elversberg,Bayern München,5,override,1.17,5.0,0.81037277,0.18962723,0.81037277,0.00000000,NO,Marathonbet,1.13,4.7,2026-09-12T14:38:17+00:00
1575159,2026-09-12T18:47:48Z,2026-09-13T13:30:00Z,1122.2,NS,RB Leipzig,Hamburger SV,5,override,1.4,3.0,0.68181818,0.31818182,0.68181818,0.00000000,NO,Marathonbet,1.36,2.84,2026-09-12T16:15:41+00:00
1575166,2026-09-12T18:47:48Z,2026-09-13T15:30:00Z,1242.2,NS,SV Elversberg,Bayern München,5,override,1.17,5.0,0.81037277,0.18962723,0.81037277,0.00000000,NO,Marathonbet,1.13,4.7,2026-09-12T14:38:17+00:00
1575159,2026-09-12T19:19:10Z,2026-09-13T13:30:00Z,1090.8,NS,RB Leipzig,Hamburger SV,5,override,1.4,3.0,0.68181818,0.31818182,0.68181818,0.00000000,NO,Marathonbet,1.36,2.84,2026-09-12T16:15:41+00:00
1575166,2026-09-12T19:19:10Z,2026-09-13T15:30:00Z,1210.8,NS,SV Elversberg,Bayern München,5,override,1.17,5.0,0.81037277,0.18962723,0.81037277,0.00000000,NO,Marathonbet,1.13,4.7,2026-09-12T18:26:14+00:00
1575159,2026-09-12T19:46:45Z,2026-09-13T13:30:00Z,1063.2,NS,RB Leipzig,Hamburger SV,5,override,1.4,3.0,0.68181818,0.31818182,0.68181818,0.00000000,NO,Marathonbet,1.36,2.84,2026-09-12T16:15:41+00:00
1575166,2026-09-12T19:46:45Z,2026-09-13T15:30:00Z,1183.2,NS,SV Elversberg,Bayern München,5,override,1.17,5.0,0.81037277,0.18962723,0.81037277,0.00000000,NO,Marathonbet,1.13,4.7,2026-09-12T18:26:14+00:00
1575159,2026-09-12T20:23:03Z,2026-09-13T13:30:00Z,1027.0,NS,RB Leipzig,Hamburger SV,5,override,1.4,3.0,0.68181818,0.31818182,0.68181818,0.00000000,NO,Marathonbet,1.36,2.84,2026-09-12T18:26:14+00:00
1575166,2026-09-12T20:23:03Z,2026-09-13T15:30:00Z,1147.0,NS,SV Elversberg,Bayern München,5,override,1.17,5.0,0.81037277,0.18962723,0.81037277,0.00000000,NO,Marathonbet,1.13,4.7,2026-09-12T18:26:14+00:00
1575159,2026-09-12T20:49:56Z,2026-09-13T13:30:00Z,1000.1,NS,RB Leipzig,Hamburger SV,5,override,1.4,3.0,0.68181818,0.31818182,0.68181818,0.00000000,NO,Marathonbet,1.36,2.84,2026-09-12T18:26:14+00:00
1575166,2026-09-12T20:49:56Z,2026-09-13T15:30:00Z,1120.1,NS,SV Elversberg,Bayern München,5,override,1.17,5.0,0.81037277,0.18962723,0.81037277,0.00000000,NO,Marathonbet,1.13,4.7,2026-09-12T18:26:14+00:00
1575159,2026-09-12T21:22:15Z,2026-09-13T13:30:00Z,967.8,NS,RB Leipzig,Hamburger SV,5,override,1.4,3.0,0.68181818,0.31818182,0.68181818,0.00000000,NO,Marathonbet,1.36,2.84,2026-09-12T18:26:14+00:00
1575166,2026-09-12T21:22:15Z,2026-09-13T15:30:00Z,1087.8,NS,SV Elversberg,Bayern München,5,override,1.17,5.0,0.81037277,0.18962723,0.81037277,0.00000000,NO,Marathonbet,1.13,4.7,2026-09-12T18:26:14+00:00
1575159,2026-09-12T21:46:38Z,2026-09-13T13:30:00Z,943.4,NS,RB Leipzig,Hamburger SV,5,override,1.4,3.0,0.68181818,0.31818182,0.68181818,0.00000000,NO,Marathonbet,1.36,2.84,2026-09-12T18:26:14+00:00
1575166,2026-09-12T21:46:38Z,2026-09-13T15:30:00Z,1063.4,NS,SV Elversberg,Bayern München,5,override,1.17,5.0,0.81037277,0.18962723,0.81037277,0.00000000,NO,Marathonbet,1.13,4.7,2026-09-12T18:26:14+00:00
1575159,2026-09-12T22:21:17Z,2026-09-13T13:30:00Z,908.7,NS,RB Leipzig,Hamburger SV,5,override,1.4,3.0,0.68181818,0.31818182,0.68181818,0.00000000,NO,Marathonbet,1.36,2.84,2026-09-12T18:26:14+00:00
1575166,2026-09-12T22:21:17Z,2026-09-13T15:30:00Z,1028.7,NS,SV Elversberg,Bayern München,5,override,1.17,5.0,0.81037277,0.18962723,0.81037277,0.00000000,NO,Marathonbet,1.13,4.7,2026-09-12T18:26:14+00:00
1575159,2026-09-12T22:48:43Z,2026-09-13T13:30:00Z,881.3,NS,RB Leipzig,Hamburger SV,5,override,1.4,3.0,0.68181818,0.31818182,0.68181818,0.00000000,NO,Marathonbet,1.36,2.84,2026-09-12T18:26:14+00:00
1575166,2026-09-12T22:48:43Z,2026-09-13T15:30:00Z,1001.3,NS,SV Elversberg,Bayern München,5,override,1.17,5.0,0.81037277,0.18962723,0.81037277,0.00000000,NO,Marathonbet,1.12,4.9,2026-09-12T22:21:21+00:00
1575159,2026-09-12T23:21:02Z,2026-09-13T13:30:00Z,849.0,NS,RB Leipzig,Hamburger SV,5,override,1.4,3.0,0.68181818,0.31818182,0.68181818,0.00000000,NO,Marathonbet,1.36,2.84,2026-09-12T22:21:21+00:00
1575166,2026-09-12T23:21:02Z,2026-09-13T15:30:00Z,969.0,NS,SV Elversberg,Bayern München,5,override,1.17,5.0,0.81037277,0.18962723,0.81037277,0.00000000,NO,Marathonbet,1.12,4.9,2026-09-12T22:21:21+00:00
1575159,2026-09-12T23:46:49Z,2026-09-13T13:30:00Z,823.2,NS,RB Leipzig,Hamburger SV,5,override,1.4,3.0,0.68181818,0.31818182,0.68181818,0.00000000,NO,Marathonbet,1.36,2.84,2026-09-12T22:21:21+00:00
1575166,2026-09-12T23:46:49Z,2026-09-13T15:30:00Z,943.2,NS,SV Elversberg,Bayern München,5,override,1.17,5.0,0.81037277,0.18962723,0.81037277,0.00000000,NO,Marathonbet,1.12,4.9,2026-09-12T22:21:21+00:00
1575159,2026-09-13T00:30:21Z,2026-09-13T13:30:00Z,779.6,NS,RB Leipzig,Hamburger SV,5,override,1.4,3.0,0.68181818,0.31818182,0.68181818,0.00000000,NO,Marathonbet,1.35,2.88,2026-09-13T00:01:07+00:00
1575166,2026-09-13T00:30:21Z,2026-09-13T15:30:00Z,899.6,NS,SV Elversberg,Bayern München,5,override,1.14,5.5,0.82831325,0.17168675,0.81037277,0.01794048,NO,Marathonbet,1.11,4.95,2026-09-13T00:01:07+00:00
1575159,2026-09-13T00:51:52Z,2026-09-13T13:30:00Z,758.1,NS,RB Leipzig,Hamburger SV,5,override,1.4,3.0,0.68181818,0.31818182,0.68181818,0.00000000,NO,Marathonbet,1.35,2.88,2026-09-13T00:01:07+00:00
1575166,2026-09-13T00:51:52Z,2026-09-13T15:30:00Z,878.1,NS,SV Elversberg,Bayern München,5,override,1.14,5.5,0.82831325,0.17168675,0.81037277,0.01794048,NO,Marathonbet,1.11,4.95,2026-09-13T00:01:07+00:00
1575159,2026-09-13T01:21:20Z,2026-09-13T13:30:00Z,728.7,NS,RB Leipzig,Hamburger SV,5,override,1.4,3.0,0.68181818,0.31818182,0.68181818,0.00000000,NO,Marathonbet,1.35,2.88,2026-09-13T00:01:07+00:00
1575166,2026-09-13T01:21:20Z,2026-09-13T15:30:00Z,848.7,NS,SV Elversberg,Bayern München,5,override,1.14,5.5,0.82831325,0.17168675,0.81037277,0.01794048,NO,Marathonbet,1.11,4.95,2026-09-13T00:01:07+00:00
1575159,2026-09-13T01:48:42Z,2026-09-13T13:30:00Z,701.3,NS,RB Leipzig,Hamburger SV,5,override,1.4,3.0,0.68181818,0.31818182,0.68181818,0.00000000,NO,Marathonbet,1.35,2.88,2026-09-13T00:01:07+00:00
1575166,2026-09-13T01:48:42Z,2026-09-13T15:30:00Z,821.3,NS,SV Elversberg,Bayern München,5,override,1.14,5.5,0.82831325,0.17168675,0.81037277,0.01794048,NO,Marathonbet,1.11,4.95,2026-09-13T00:01:07+00:00
1575159,2026-09-13T02:22:25Z,2026-09-13T13:30:00Z,667.6,NS,RB Leipzig,Hamburger SV,5,override,1.4,3.0,0.68181818,0.31818182,0.68181818,0.00000000,NO,Marathonbet,1.35,2.88,2026-09-13T00:01:07+00:00
1575166,2026-09-13T02:22:25Z,2026-09-13T15:30:00Z,787.6,NS,SV Elversberg,Bayern München,5,override,1.14,5.5,0.82831325,0.17168675,0.81037277,0.01794048,NO,Marathonbet,1.11,4.95,2026-09-13T00:01:07+00:00
1575159,2026-09-13T03:22:40Z,2026-09-13T13:30:00Z,607.3,NS,RB Leipzig,Hamburger SV,5,override,1.4,3.0,0.68181818,0.31818182,0.68181818,0.00000000,NO,Marathonbet,1.35,2.88,2026-09-13T00:01:07+00:00
1575166,2026-09-13T03:22:40Z,2026-09-13T15:30:00Z,727.3,NS,SV Elversberg,Bayern München,5,override,1.14,5.5,0.82831325,0.17168675,0.81037277,0.01794048,NO,Marathonbet,1.11,4.95,2026-09-13T00:01:07+00:00
1575159,2026-09-13T03:48:32Z,2026-09-13T13:30:00Z,581.5,NS,RB Leipzig,Hamburger SV,5,override,1.4,3.0,0.68181818,0.31818182,0.68181818,0.00000000,NO,Marathonbet,1.35,2.88,2026-09-13T00:01:07+00:00
1575166,2026-09-13T03:48:32Z,2026-09-13T15:30:00Z,701.5,NS,SV Elversberg,Bayern München,5,override,1.14,5.5,0.82831325,0.17168675,0.81037277,0.01794048,NO,Marathonbet,1.11,4.95,2026-09-13T00:01:07+00:00
1575159,2026-09-13T04:22:27Z,2026-09-13T13:30:00Z,547.5,NS,RB Leipzig,Hamburger SV,5,override,1.4,3.0,0.68181818,0.31818182,0.68181818,0.00000000,NO,Marathonbet,1.35,2.88,2026-09-13T00:01:07+00:00
1575166,2026-09-13T04:22:27Z,2026-09-13T15:30:00Z,667.5,NS,SV Elversberg,Bayern München,5,override,1.14,5.5,0.82831325,0.17168675,0.81037277,0.01794048,NO,Marathonbet,1.11,4.95,2026-09-13T00:01:07+00:00
1575159,2026-09-13T05:21:10Z,2026-09-13T13:30:00Z,488.8,NS,RB Leipzig,Hamburger SV,5,override,1.4,3.0,0.68181818,0.31818182,0.68181818,0.00000000,NO,Marathonbet,1.35,2.88,2026-09-13T00:01:07+00:00
1575166,2026-09-13T05:21:10Z,2026-09-13T15:30:00Z,608.8,NS,SV Elversberg,Bayern München,5,override,1.14,5.5,0.82831325,0.17168675,0.81037277,0.01794048,NO,Marathonbet,1.11,4.95,2026-09-13T00:01:07+00:00
1575159,2026-09-13T05:47:13Z,2026-09-13T13:30:00Z,462.8,NS,RB Leipzig,Hamburger SV,5,override,1.4,3.0,0.68181818,0.31818182,0.68181818,0.00000000,NO,Marathonbet,1.35,2.88,2026-09-13T00:01:07+00:00
1575166,2026-09-13T05:47:13Z,2026-09-13T15:30:00Z,582.8,NS,SV Elversberg,Bayern München,5,override,1.14,5.5,0.82831325,0.17168675,0.81037277,0.01794048,NO,Marathonbet,1.11,4.95,2026-09-13T00:01:07+00:00
1575159,2026-09-13T06:31:04Z,2026-09-13T13:30:00Z,418.9,NS,RB Leipzig,Hamburger SV,5,override,1.36,3.2,0.70175439,0.29824561,0.68181818,0.01993621,NO,Marathonbet,1.28,3.26,2026-09-13T06:18:15+00:00
1575166,2026-09-13T06:31:04Z,2026-09-13T15:30:00Z,538.9,NS,SV Elversberg,Bayern München,5,override,1.14,5.5,0.82831325,0.17168675,0.81037277,0.01794048,NO,Marathonbet,1.1,5.3,2026-09-13T06:00:52+00:00
1575159,2026-09-13T06:52:02Z,2026-09-13T13:30:00Z,398.0,NS,RB Leipzig,Hamburger SV,5,override,1.36,3.2,0.70175439,0.29824561,0.68181818,0.01993621,NO,Marathonbet,1.28,3.26,2026-09-13T06:18:15+00:00
1575166,2026-09-13T06:52:02Z,2026-09-13T15:30:00Z,518.0,NS,SV Elversberg,Bayern München,5,override,1.14,5.5,0.82831325,0.17168675,0.81037277,0.01794048,NO,Marathonbet,1.1,5.3,2026-09-13T06:00:52+00:00
1575159,2026-09-13T07:21:33Z,2026-09-13T13:30:00Z,368.4,NS,RB Leipzig,Hamburger SV,5,override,1.36,3.2,0.70175439,0.29824561,0.68181818,0.01993621,NO,Marathonbet,1.28,3.26,2026-09-13T06:18:15+00:00
1575166,2026-09-13T07:21:33Z,2026-09-13T15:30:00Z,488.4,NS,SV Elversberg,Bayern München,5,override,1.14,5.5,0.82831325,0.17168675,0.81037277,0.01794048,NO,Marathonbet,1.1,5.3,2026-09-13T06:00:52+00:00
1575159,2026-09-13T07:48:51Z,2026-09-13T13:30:00Z,341.1,NS,RB Leipzig,Hamburger SV,5,override,1.36,3.2,0.70175439,0.29824561,0.68181818,0.01993621,NO,Marathonbet,1.28,3.26,2026-09-13T06:18:15+00:00
1575166,2026-09-13T07:48:51Z,2026-09-13T15:30:00Z,461.1,NS,SV Elversberg,Bayern München,5,override,1.14,5.5,0.82831325,0.17168675,0.81037277,0.01794048,NO,Marathonbet,1.1,5.3,2026-09-13T06:00:52+00:00
1575159,2026-09-13T08:23:31Z,2026-09-13T13:30:00Z,306.5,NS,RB Leipzig,Hamburger SV,5,override,1.36,3.2,0.70175439,0.29824561,0.68181818,0.01993621,NO,Marathonbet,1.28,3.26,2026-09-13T06:18:15+00:00
1575166,2026-09-13T08:23:31Z,2026-09-13T15:30:00Z,426.5,NS,SV Elversberg,Bayern München,5,override,1.14,5.5,0.82831325,0.17168675,0.81037277,0.01794048,NO,Marathonbet,1.1,5.3,2026-09-13T06:00:52+00:00
1575159,2026-09-13T09:45:38Z,2026-09-13T13:30:00Z,224.4,NS,RB Leipzig,Hamburger SV,5,override,1.36,3.2,0.70175439,0.29824561,0.68181818,0.01993621,NO,Marathonbet,1.28,3.26,2026-09-13T06:18:15+00:00
1575166,2026-09-13T09:45:38Z,2026-09-13T15:30:00Z,344.4,NS,SV Elversberg,Bayern München,5,override,1.14,5.5,0.82831325,0.17168675,0.81037277,0.01794048,NO,Marathonbet,1.1,5.3,2026-09-13T06:18:15+00:00
1575159,2026-09-13T10:26:06Z,2026-09-13T13:30:00Z,183.9,NS,RB Leipzig,Hamburger SV,5,override,1.36,3.2,0.70175439,0.29824561,0.68181818,0.01993621,NO,Marathonbet,1.28,3.26,2026-09-13T06:18:15+00:00
1575166,2026-09-13T10:26:06Z,2026-09-13T15:30:00Z,303.9,NS,SV Elversberg,Bayern München,5,override,1.14,5.5,0.82831325,0.17168675,0.81037277,0.01794048,NO,Marathonbet,1.1,5.3,2026-09-13T06:18:15+00:00
1575159,2026-09-13T11:21:09Z,2026-09-13T13:30:00Z,128.8,NS,RB Leipzig,Hamburger SV,5,override,1.36,3.2,0.70175439,0.29824561,0.68181818,0.01993621,NO,Marathonbet,1.28,3.26,2026-09-13T06:18:15+00:00
1575166,2026-09-13T11:21:09Z,2026-09-13T15:30:00Z,248.8,NS,SV Elversberg,Bayern München,5,override,1.14,5.5,0.82831325,0.17168675,0.81037277,0.01794048,NO,Marathonbet,1.1,5.3,2026-09-13T06:18:15+00:00
1575159,2026-09-13T11:47:06Z,2026-09-13T13:30:00Z,102.9,NS,RB Leipzig,Hamburger SV,5,override,1.36,3.2,0.70175439,0.29824561,0.68181818,0.01993621,NO,Marathonbet,1.28,3.26,2026-09-13T06:18:15+00:00
1575166,2026-09-13T11:47:06Z,2026-09-13T15:30:00Z,222.9,NS,SV Elversberg,Bayern München,5,override,1.14,5.5,0.82831325,0.17168675,0.81037277,0.01794048,NO,Marathonbet,1.1,5.3,2026-09-13T06:18:15+00:00
1575159,2026-09-13T12:26:19Z,2026-09-13T13:30:00Z,63.7,NS,RB Leipzig,Hamburger SV,5,override,1.28,3.75,0.74552684,0.25447316,0.68181818,0.06370866,YES,Marathonbet,1.26,3.4,2026-09-13T12:00:49+00:00
1575166,2026-09-13T12:26:19Z,2026-09-13T15:30:00Z,183.7,NS,SV Elversberg,Bayern München,5,override,1.12,6.0,0.84269663,0.15730337,0.81037277,0.03232386,YES,Marathonbet,1.09,5.45,2026-09-13T12:00:49+00:00
1575159,2026-09-13T12:51:12Z,2026-09-13T13:30:00Z,38.8,NS,RB Leipzig,Hamburger SV,5,override,1.28,3.75,0.74552684,0.25447316,0.68181818,0.06370866,YES,Marathonbet,1.26,3.4,2026-09-13T12:00:49+00:00
1575166,2026-09-13T12:51:12Z,2026-09-13T15:30:00Z,158.8,NS,SV Elversberg,Bayern München,5,override,1.12,6.0,0.84269663,0.15730337,0.81037277,0.03232386,YES,Marathonbet,1.09,5.45,2026-09-13T12:00:49+00:00
1575159,2026-09-13T13:21:20Z,2026-09-13T13:30:00Z,8.7,NS,RB Leipzig,Hamburger SV,5,override,1.28,3.75,0.74552684,0.25447316,0.68181818,0.06370866,YES,Marathonbet,1.26,3.4,2026-09-13T12:00:49+00:00
1575166,2026-09-13T13:21:20Z,2026-09-13T15:30:00Z,128.7,NS,SV Elversberg,Bayern München,5,override,1.12,6.0,0.84269663,0.15730337,0.81037277,0.03232386,YES,Marathonbet,1.09,5.45,2026-09-13T12:00:49+00:00
1575166,2026-09-13T13:47:08Z,2026-09-13T15:30:00Z,102.9,NS,SV Elversberg,Bayern München,5,override,1.12,6.0,0.84269663,0.15730337,0.81037277,0.03232386,YES,Marathonbet,1.09,5.45,2026-09-13T12:00:49+00:00
1575166,2026-09-13T14:21:45Z,2026-09-13T15:30:00Z,68.2,NS,SV Elversberg,Bayern München,5,override,1.12,6.0,0.84269663,0.15730337,0.81037277,0.03232386,YES,Marathonbet,1.09,5.45,2026-09-13T12:00:49+00:00
1575166,2026-09-13T14:47:18Z,2026-09-13T15:30:00Z,42.7,NS,SV Elversberg,Bayern München,5,override,1.12,6.0,0.84269663,0.15730337,0.81037277,0.03232386,YES,Marathonbet,1.09,5.45,2026-09-13T12:00:49+00:00
1575166,2026-09-13T15:21:47Z,2026-09-13T15:30:00Z,8.2,NS,SV Elversberg,Bayern München,5,override,1.12,6.0,0.84269663,0.15730337,0.81037277,0.03232386,YES,Marathonbet,1.1,5.25,2026-09-13T14:01:14+00:00
1575167,2026-09-15T18:52:10Z,2026-09-18T18:30:00Z,4297.8,NS,Bayern München,Union Berlin,5,override,1.14,5.5,0.82831325,0.17168675,0.81037277,0.01794048,NO,Marathonbet,1.1,5.15,2026-09-15T02:15:21+00:00
1575167,2026-09-15T19:21:59Z,2026-09-18T18:30:00Z,4268.0,NS,Bayern München,Union Berlin,5,override,1.14,5.5,0.82831325,0.17168675,0.81037277,0.01794048,NO,Marathonbet,1.1,5.15,2026-09-15T02:15:21+00:00
1575167,2026-09-15T19:49:22Z,2026-09-18T18:30:00Z,4240.6,NS,Bayern München,Union Berlin,5,override,1.14,5.5,0.82831325,0.17168675,0.81037277,0.01794048,NO,Marathonbet,1.1,5.15,2026-09-15T02:15:21+00:00
1575167,2026-09-15T20:22:26Z,2026-09-18T18:30:00Z,4207.6,NS,Bayern München,Union Berlin,5,override,1.14,5.5,0.82831325,0.17168675,0.81037277,0.01794048,NO,Marathonbet,1.1,5.15,2026-09-15T02:15:21+00:00
1575167,2026-09-15T20:49:19Z,2026-09-18T18:30:00Z,4180.7,NS,Bayern München,Union Berlin,5,override,1.14,5.5,0.82831325,0.17168675,0.81037277,0.01794048,NO,Marathonbet,1.1,5.15,2026-09-15T02:15:21+00:00
1575167,2026-09-15T21:21:48Z,2026-09-18T18:30:00Z,4148.2,NS,Bayern München,Union Berlin,5,override,1.14,5.5,0.82831325,0.17168675,0.81037277,0.01794048,NO,Marathonbet,1.1,5.15,2026-09-15T02:15:21+00:00
1575167,2026-09-15T22:22:17Z,2026-09-18T18:30:00Z,4087.7,NS,Bayern München,Union Berlin,5,override,1.14,5.5,0.82831325,0.17168675,0.81037277,0.01794048,NO,Marathonbet,1.1,5.15,2026-09-15T02:15:21+00:00
1575167,2026-09-15T22:46:57Z,2026-09-18T18:30:00Z,4063.1,NS,Bayern München,Union Berlin,5,override,1.14,5.5,0.82831325,0.17168675,0.81037277,0.01794048,NO,Marathonbet,1.1,5.15,2026-09-15T02:15:21+00:00
1575167,2026-09-15T23:21:13Z,2026-09-18T18:30:00Z,4028.8,NS,Bayern München,Union Berlin,5,override,1.14,5.5,0.82831325,0.17168675,0.81037277,0.01794048,NO,Marathonbet,1.1,5.15,2026-09-15T02:15:21+00:00
1575167,2026-09-15T23:46:47Z,2026-09-18T18:30:00Z,4003.2,NS,Bayern München,Union Berlin,5,override,1.14,5.5,0.82831325,0.17168675,0.81037277,0.01794048,NO,Marathonbet,1.1,5.15,2026-09-15T02:15:21+00:00
1575167,2026-09-16T00:29:10Z,2026-09-18T18:30:00Z,3960.8,NS,Bayern München,Union Berlin,5,override,1.14,5.5,0.82831325,0.17168675,0.81037277,0.01794048,NO,Marathonbet,1.1,5.15,2026-09-15T02:15:21+00:00
1575167,2026-09-16T00:51:59Z,2026-09-18T18:30:00Z,3938.0,NS,Bayern München,Union Berlin,5,override,1.14,5.5,0.82831325,0.17168675,0.81037277,0.01794048,NO,Marathonbet,1.08,5.6,2026-09-16T00:30:26+00:00
1575167,2026-09-16T01:22:08Z,2026-09-18T18:30:00Z,3907.9,NS,Bayern München,Union Berlin,5,override,1.14,5.5,0.82831325,0.17168675,0.81037277,0.01794048,NO,Marathonbet,1.08,5.6,2026-09-16T00:30:26+00:00
1575167,2026-09-16T01:48:59Z,2026-09-18T18:30:00Z,3881.0,NS,Bayern München,Union Berlin,5,override,1.14,5.5,0.82831325,0.17168675,0.81037277,0.01794048,NO,Marathonbet,1.08,5.6,2026-09-16T00:30:26+00:00
1575167,2026-09-16T02:23:47Z,2026-09-18T18:30:00Z,3846.2,NS,Bayern München,Union Berlin,5,override,1.14,5.5,0.82831325,0.17168675,0.81037277,0.01794048,NO,Marathonbet,1.08,5.6,2026-09-16T00:30:26+00:00
1575167,2026-09-16T03:23:39Z,2026-09-18T18:30:00Z,3786.3,NS,Bayern München,Union Berlin,5,override,1.14,5.5,0.82831325,0.17168675,0.81037277,0.01794048,NO,Marathonbet,1.08,5.6,2026-09-16T00:30:26+00:00
1575167,2026-09-16T03:50:00Z,2026-09-18T18:30:00Z,3760.0,NS,Bayern München,Union Berlin,5,override,1.14,5.5,0.82831325,0.17168675,0.81037277,0.01794048,NO,Marathonbet,1.08,5.6,2026-09-16T00:30:26+00:00
1575167,2026-09-16T04:23:59Z,2026-09-18T18:30:00Z,3726.0,NS,Bayern München,Union Berlin,5,override,1.14,5.5,0.82831325,0.17168675,0.81037277,0.01794048,NO,Marathonbet,1.08,5.6,2026-09-16T00:30:26+00:00
1575167,2026-09-16T04:50:31Z,2026-09-18T18:30:00Z,3699.5,NS,Bayern München,Union Berlin,5,override,1.14,5.5,0.82831325,0.17168675,0.81037277,0.01794048,NO,Marathonbet,1.08,5.6,2026-09-16T00:30:26+00:00
1575167,2026-09-16T05:22:52Z,2026-09-18T18:30:00Z,3667.1,NS,Bayern München,Union Berlin,5,override,1.14,5.5,0.82831325,0.17168675,0.81037277,0.01794048,NO,Marathonbet,1.08,5.6,2026-09-16T00:30:26+00:00
1575167,2026-09-16T05:49:41Z,2026-09-18T18:30:00Z,3640.3,NS,Bayern München,Union Berlin,5,override,1.14,5.5,0.82831325,0.17168675,0.81037277,0.01794048,NO,Marathonbet,1.08,5.6,2026-09-16T00:30:26+00:00
1575167,2026-09-16T06:29:08Z,2026-09-18T18:30:00Z,3600.9,NS,Bayern München,Union Berlin,5,override,1.14,5.5,0.82831325,0.17168675,0.81037277,0.01794048,NO,Marathonbet,1.08,5.6,2026-09-16T00:30:26+00:00
1575167,2026-09-16T06:53:35Z,2026-09-18T18:30:00Z,3576.4,NS,Bayern München,Union Berlin,5,override,1.14,5.5,0.82831325,0.17168675,0.81037277,0.01794048,NO,Marathonbet,1.08,5.6,2026-09-16T00:30:26+00:00
1575167,2026-09-16T07:24:28Z,2026-09-18T18:30:00Z,3545.5,NS,Bayern München,Union Berlin,5,override,1.14,5.5,0.82831325,0.17168675,0.81037277,0.01794048,NO,Marathonbet,1.08,5.6,2026-09-16T00:30:26+00:00
1575167,2026-09-16T08:25:24Z,2026-09-18T18:30:00Z,3484.6,NS,Bayern München,Union Berlin,5,override,1.14,5.5,0.82831325,0.17168675,0.81037277,0.01794048,NO,Marathonbet,1.08,5.6,2026-09-16T00:30:26+00:00
1575167,2026-09-16T09:23:58Z,2026-09-18T18:30:00Z,3426.0,NS,Bayern München,Union Berlin,5,override,1.14,5.5,0.82831325,0.17168675,0.81037277,0.01794048,NO,Marathonbet,1.08,5.6,2026-09-16T00:30:26+00:00
1575167,2026-09-16T09:50:44Z,2026-09-18T18:30:00Z,3399.3,NS,Bayern München,Union Berlin,5,override,1.14,5.5,0.82831325,0.17168675,0.81037277,0.01794048,NO,Marathonbet,1.08,5.6,2026-09-16T00:30:26+00:00
1575167,2026-09-16T10:24:46Z,2026-09-18T18:30:00Z,3365.2,NS,Bayern München,Union Berlin,5,override,1.14,5.5,0.82831325,0.17168675,0.81037277,0.01794048,NO,Marathonbet,1.08,5.6,2026-09-16T00:30:26+00:00
1575167,2026-09-16T10:50:45Z,2026-09-18T18:30:00Z,3339.2,NS,Bayern München,Union Berlin,5,override,1.14,5.5,0.82831325,0.17168675,0.81037277,0.01794048,NO,Marathonbet,1.08,5.6,2026-09-16T00:30:26+00:00
1575167,2026-09-16T11:24:01Z,2026-09-18T18:30:00Z,3306.0,NS,Bayern München,Union Berlin,5,override,1.14,5.5,0.82831325,0.17168675,0.81037277,0.01794048,NO,Marathonbet,1.08,5.6,2026-09-16T00:30:26+00:00
1575167,2026-09-16T11:50:38Z,2026-09-18T18:30:00Z,3279.4,NS,Bayern München,Union Berlin,5,override,1.14,5.5,0.82831325,0.17168675,0.81037277,0.01794048,NO,Marathonbet,1.08,5.6,2026-09-16T00:30:26+00:00
1575167,2026-09-16T12:29:13Z,2026-09-18T18:30:00Z,3240.8,NS,Bayern München,Union Berlin,5,override,1.14,5.5,0.82831325,0.17168675,0.81037277,0.01794048,NO,Marathonbet,1.08,5.6,2026-09-16T00:30:26+00:00
1575167,2026-09-16T12:54:03Z,2026-09-18T18:30:00Z,3215.9,NS,Bayern München,Union Berlin,5,override,1.14,5.5,0.82831325,0.17168675,0.81037277,0.01794048,NO,Marathonbet,1.08,5.6,2026-09-16T00:30:26+00:00
1575167,2026-09-16T13:25:30Z,2026-09-18T18:30:00Z,3184.5,NS,Bayern München,Union Berlin,5,override,1.14,5.5,0.82831325,0.17168675,0.81037277,0.01794048,NO,Marathonbet,1.08,5.65,2026-09-16T12:30:18+00:00
1575167,2026-09-16T13:52:13Z,2026-09-18T18:30:00Z,3157.8,NS,Bayern München,Union Berlin,5,override,1.14,5.5,0.82831325,0.17168675,0.81037277,0.01794048,NO,Marathonbet,1.08,5.65,2026-09-16T12:30:18+00:00
1575170,2026-09-16T13:52:13Z,2026-09-19T13:30:00Z,4297.8,NS,Eintracht Frankfurt,SC Freiburg,5,override,1.44,2.75,0.65632458,0.34367542,0.62034739,0.03597719,YES,Marathonbet,1.42,2.61,2026-09-16T02:15:52+00:00
1575171,2026-09-16T13:52:13Z,2026-09-19T13:30:00Z,4297.8,NS,Hamburger SV,1. FC Köln,5,override,1.57,2.38,0.60253165,0.39746835,0.60253165,-0.00000000,NO,Marathonbet,1.61,2.35,2026-09-16T02:15:52+00:00
1575172,2026-09-16T13:52:13Z,2026-09-19T13:30:00Z,4297.8,NS,Werder Bremen,FC Augsburg,5,override,1.44,2.75,0.65632458,0.34367542,0.62034739,0.03597719,YES,Marathonbet,1.41,2.64,2026-09-16T02:15:52+00:00
1575174,2026-09-16T13:52:13Z,2026-09-19T13:30:00Z,4297.8,NS,Borussia Mönchengladbach,FSV Mainz 05,5,override,1.53,2.5,0.62034739,0.37965261,0.60253165,0.01781574,NO,Marathonbet,1.5,2.38,2026-09-16T02:15:52+00:00
1575167,2026-09-16T14:51:34Z,2026-09-18T18:30:00Z,3098.4,NS,Bayern München,Union Berlin,5,override,1.14,5.5,0.82831325,0.17168675,0.81037277,0.01794048,NO,Marathonbet,1.08,5.65,2026-09-16T12:30:18+00:00
1575170,2026-09-16T14:51:34Z,2026-09-19T13:30:00Z,4238.4,NS,Eintracht Frankfurt,SC Freiburg,5,override,1.44,2.75,0.65632458,0.34367542,0.62034739,0.03597719,YES,Marathonbet,1.42,2.61,2026-09-16T02:15:52+00:00
1575171,2026-09-16T14:51:34Z,2026-09-19T13:30:00Z,4238.4,NS,Hamburger SV,1. FC Köln,5,override,1.57,2.38,0.60253165,0.39746835,0.60253165,-0.00000000,NO,Marathonbet,1.61,2.35,2026-09-16T02:15:52+00:00
1575172,2026-09-16T14:51:34Z,2026-09-19T13:30:00Z,4238.4,NS,Werder Bremen,FC Augsburg,5,override,1.44,2.75,0.65632458,0.34367542,0.62034739,0.03597719,YES,Marathonbet,1.41,2.64,2026-09-16T02:15:52+00:00
1575174,2026-09-16T14:51:34Z,2026-09-19T13:30:00Z,4238.4,NS,Borussia Mönchengladbach,FSV Mainz 05,5,override,1.53,2.5,0.62034739,0.37965261,0.60253165,0.01781574,NO,Marathonbet,1.5,2.38,2026-09-16T02:15:52+00:00
1575167,2026-09-16T15:23:49Z,2026-09-18T18:30:00Z,3066.2,NS,Bayern München,Union Berlin,5,override,1.14,5.5,0.82831325,0.17168675,0.81037277,0.01794048,NO,Marathonbet,1.08,5.65,2026-09-16T12:30:18+00:00
1575170,2026-09-16T15:23:49Z,2026-09-19T13:30:00Z,4206.2,NS,Eintracht Frankfurt,SC Freiburg,5,override,1.44,2.75,0.65632458,0.34367542,0.62034739,0.03597719,YES,Marathonbet,1.42,2.61,2026-09-16T02:15:52+00:00
1575171,2026-09-16T15:23:49Z,2026-09-19T13:30:00Z,4206.2,NS,Hamburger SV,1. FC Köln,5,override,1.57,2.38,0.60253165,0.39746835,0.60253165,-0.00000000,NO,Marathonbet,1.61,2.35,2026-09-16T02:15:52+00:00
1575172,2026-09-16T15:23:49Z,2026-09-19T13:30:00Z,4206.2,NS,Werder Bremen,FC Augsburg,5,override,1.44,2.75,0.65632458,0.34367542,0.62034739,0.03597719,YES,Marathonbet,1.41,2.64,2026-09-16T02:15:52+00:00
1575174,2026-09-16T15:23:49Z,2026-09-19T13:30:00Z,4206.2,NS,Borussia Mönchengladbach,FSV Mainz 05,5,override,1.53,2.5,0.62034739,0.37965261,0.60253165,0.01781574,NO,Marathonbet,1.5,2.38,2026-09-16T02:15:52+00:00
1575167,2026-09-16T15:50:16Z,2026-09-18T18:30:00Z,3039.7,NS,Bayern München,Union Berlin,5,override,1.14,5.5,0.82831325,0.17168675,0.81037277,0.01794048,NO,Marathonbet,1.08,5.65,2026-09-16T12:30:18+00:00
1575170,2026-09-16T15:50:16Z,2026-09-19T13:30:00Z,4179.7,NS,Eintracht Frankfurt,SC Freiburg,5,override,1.44,2.75,0.65632458,0.34367542,0.62034739,0.03597719,YES,Marathonbet,1.42,2.61,2026-09-16T02:15:52+00:00
1575171,2026-09-16T15:50:16Z,2026-09-19T13:30:00Z,4179.7,NS,Hamburger SV,1. FC Köln,5,override,1.57,2.38,0.60253165,0.39746835,0.60253165,-0.00000000,NO,Marathonbet,1.61,2.35,2026-09-16T02:15:52+00:00
1575172,2026-09-16T15:50:16Z,2026-09-19T13:30:00Z,4179.7,NS,Werder Bremen,FC Augsburg,5,override,1.44,2.75,0.65632458,0.34367542,0.62034739,0.03597719,YES,Marathonbet,1.41,2.64,2026-09-16T02:15:52+00:00
1575174,2026-09-16T15:50:16Z,2026-09-19T13:30:00Z,4179.7,NS,Borussia Mönchengladbach,FSV Mainz 05,5,override,1.53,2.5,0.62034739,0.37965261,0.60253165,0.01781574,NO,Marathonbet,1.5,2.38,2026-09-16T02:15:52+00:00
1575167,2026-09-16T16:23:56Z,2026-09-18T18:30:00Z,3006.1,NS,Bayern München,Union Berlin,5,override,1.14,5.5,0.82831325,0.17168675,0.81037277,0.01794048,NO,Marathonbet,1.08,5.65,2026-09-16T12:30:18+00:00
1575170,2026-09-16T16:23:56Z,2026-09-19T13:30:00Z,4146.1,NS,Eintracht Frankfurt,SC Freiburg,5,override,1.44,2.75,0.65632458,0.34367542,0.62034739,0.03597719,YES,Marathonbet,1.42,2.61,2026-09-16T02:15:52+00:00
1575171,2026-09-16T16:23:56Z,2026-09-19T13:30:00Z,4146.1,NS,Hamburger SV,1. FC Köln,5,override,1.57,2.38,0.60253165,0.39746835,0.60253165,-0.00000000,NO,Marathonbet,1.61,2.35,2026-09-16T02:15:52+00:00
1575172,2026-09-16T16:23:56Z,2026-09-19T13:30:00Z,4146.1,NS,Werder Bremen,FC Augsburg,5,override,1.44,2.75,0.65632458,0.34367542,0.62034739,0.03597719,YES,Marathonbet,1.41,2.64,2026-09-16T02:15:52+00:00
1575174,2026-09-16T16:23:56Z,2026-09-19T13:30:00Z,4146.1,NS,Borussia Mönchengladbach,FSV Mainz 05,5,override,1.53,2.5,0.62034739,0.37965261,0.60253165,0.01781574,NO,Marathonbet,1.5,2.38,2026-09-16T02:15:52+00:00
1575167,2026-09-16T16:50:55Z,2026-09-18T18:30:00Z,2979.1,NS,Bayern München,Union Berlin,5,override,1.14,5.5,0.82831325,0.17168675,0.81037277,0.01794048,NO,Marathonbet,1.08,5.65,2026-09-16T12:30:18+00:00
1575168,2026-09-16T16:50:55Z,2026-09-19T16:30:00Z,4299.1,NS,VfB Stuttgart,Borussia Dortmund,5,override,1.4,3.0,0.68181818,0.31818182,0.70175439,-0.01993621,NO,Marathonbet,1.36,2.83,2026-09-16T02:15:52+00:00
1575170,2026-09-16T16:50:55Z,2026-09-19T13:30:00Z,4119.1,NS,Eintracht Frankfurt,SC Freiburg,5,override,1.44,2.75,0.65632458,0.34367542,0.62034739,0.03597719,YES,Marathonbet,1.42,2.61,2026-09-16T02:15:52+00:00
1575171,2026-09-16T16:50:55Z,2026-09-19T13:30:00Z,4119.1,NS,Hamburger SV,1. FC Köln,5,override,1.57,2.38,0.60253165,0.39746835,0.60253165,-0.00000000,NO,Marathonbet,1.61,2.35,2026-09-16T02:15:52+00:00
1575172,2026-09-16T16:50:55Z,2026-09-19T13:30:00Z,4119.1,NS,Werder Bremen,FC Augsburg,5,override,1.44,2.75,0.65632458,0.34367542,0.62034739,0.03597719,YES,Marathonbet,1.41,2.64,2026-09-16T02:15:52+00:00
1575174,2026-09-16T16:50:55Z,2026-09-19T13:30:00Z,4119.1,NS,Borussia Mönchengladbach,FSV Mainz 05,5,override,1.53,2.5,0.62034739,0.37965261,0.60253165,0.01781574,NO,Marathonbet,1.5,2.38,2026-09-16T02:15:52+00:00
1575167,2026-09-16T17:21:28Z,2026-09-18T18:30:00Z,2948.5,NS,Bayern München,Union Berlin,5,override,1.14,5.5,0.82831325,0.17168675,0.81037277,0.01794048,NO,Marathonbet,1.08,5.65,2026-09-16T12:30:18+00:00
1575168,2026-09-16T17:21:28Z,2026-09-19T16:30:00Z,4268.5,NS,VfB Stuttgart,Borussia Dortmund,5,override,1.4,3.0,0.68181818,0.31818182,0.70175439,-0.01993621,NO,Marathonbet,1.36,2.83,2026-09-16T02:15:52+00:00
1575170,2026-09-16T17:21:28Z,2026-09-19T13:30:00Z,4088.5,NS,Eintracht Frankfurt,SC Freiburg,5,override,1.44,2.75,0.65632458,0.34367542,0.62034739,0.03597719,YES,Marathonbet,1.42,2.61,2026-09-16T02:15:52+00:00
1575171,2026-09-16T17:21:28Z,2026-09-19T13:30:00Z,4088.5,NS,Hamburger SV,1. FC Köln,5,override,1.57,2.38,0.60253165,0.39746835,0.60253165,-0.00000000,NO,Marathonbet,1.61,2.35,2026-09-16T02:15:52+00:00
1575172,2026-09-16T17:21:28Z,2026-09-19T13:30:00Z,4088.5,NS,Werder Bremen,FC Augsburg,5,override,1.44,2.75,0.65632458,0.34367542,0.62034739,0.03597719,YES,Marathonbet,1.41,2.64,2026-09-16T02:15:52+00:00
1575174,2026-09-16T17:21:28Z,2026-09-19T13:30:00Z,4088.5,NS,Borussia Mönchengladbach,FSV Mainz 05,5,override,1.53,2.5,0.62034739,0.37965261,0.60253165,0.01781574,NO,Marathonbet,1.5,2.38,2026-09-16T02:15:52+00:00
1575167,2026-09-16T17:48:57Z,2026-09-18T18:30:00Z,2921.1,NS,Bayern München,Union Berlin,5,override,1.14,5.5,0.82831325,0.17168675,0.81037277,0.01794048,NO,Marathonbet,1.08,5.65,2026-09-16T12:30:18+00:00
1575168,2026-09-16T17:48:57Z,2026-09-19T16:30:00Z,4241.1,NS,VfB Stuttgart,Borussia Dortmund,5,override,1.4,3.0,0.68181818,0.31818182,0.70175439,-0.01993621,NO,Marathonbet,1.36,2.83,2026-09-16T02:15:52+00:00
1575170,2026-09-16T17:48:57Z,2026-09-19T13:30:00Z,4061.1,NS,Eintracht Frankfurt,SC Freiburg,5,override,1.44,2.75,0.65632458,0.34367542,0.62034739,0.03597719,YES,Marathonbet,1.42,2.61,2026-09-16T02:15:52+00:00
1575171,2026-09-16T17:48:57Z,2026-09-19T13:30:00Z,4061.1,NS,Hamburger SV,1. FC Köln,5,override,1.57,2.38,0.60253165,0.39746835,0.60253165,-0.00000000,NO,Marathonbet,1.61,2.35,2026-09-16T02:15:52+00:00
1575172,2026-09-16T17:48:57Z,2026-09-19T13:30:00Z,4061.1,NS,Werder Bremen,FC Augsburg,5,override,1.44,2.75,0.65632458,0.34367542,0.62034739,0.03597719,YES,Marathonbet,1.41,2.64,2026-09-16T02:15:52+00:00
1575174,2026-09-16T17:48:57Z,2026-09-19T13:30:00Z,4061.1,NS,Borussia Mönchengladbach,FSV Mainz 05,5,override,1.53,2.5,0.62034739,0.37965261,0.60253165,0.01781574,NO,Marathonbet,1.5,2.38,2026-09-16T02:15:52+00:00
1575167,2026-09-16T18:25:32Z,2026-09-18T18:30:00Z,2884.5,NS,Bayern München,Union Berlin,5,override,1.14,5.5,0.82831325,0.17168675,0.81037277,0.01794048,NO,Marathonbet,1.08,5.65,2026-09-16T12:30:18+00:00
1575168,2026-09-16T18:25:32Z,2026-09-19T16:30:00Z,4204.5,NS,VfB Stuttgart,Borussia Dortmund,5,override,1.4,3.0,0.68181818,0.31818182,0.70175439,-0.01993621,NO,Marathonbet,1.36,2.83,2026-09-16T02:15:52+00:00
1575170,2026-09-16T18:25:32Z,2026-09-19T13:30:00Z,4024.5,NS,Eintracht Frankfurt,SC Freiburg,5,override,1.44,2.75,0.65632458,0.34367542,0.62034739,0.03597719,YES,Marathonbet,1.42,2.61,2026-09-16T02:15:52+00:00
1575171,2026-09-16T18:25:32Z,2026-09-19T13:30:00Z,4024.5,NS,Hamburger SV,1. FC Köln,5,override,1.57,2.38,0.60253165,0.39746835,0.60253165,-0.00000000,NO,Marathonbet,1.61,2.35,2026-09-16T02:15:52+00:00
1575172,2026-09-16T18:25:32Z,2026-09-19T13:30:00Z,4024.5,NS,Werder Bremen,FC Augsburg,5,override,1.44,2.75,0.65632458,0.34367542,0.62034739,0.03597719,YES,Marathonbet,1.41,2.64,2026-09-16T02:15:52+00:00
1575174,2026-09-16T18:25:32Z,2026-09-19T13:30:00Z,4024.5,NS,Borussia Mönchengladbach,FSV Mainz 05,5,override,1.53,2.5,0.62034739,0.37965261,0.60253165,0.01781574,NO,Marathonbet,1.5,2.38,2026-09-16T02:15:52+00:00
1575167,2026-09-16T19:21:58Z,2026-09-18T18:30:00Z,2828.0,NS,Bayern München,Union Berlin,5,override,1.14,5.5,0.82831325,0.17168675,0.81037277,0.01794048,NO,Marathonbet,1.08,5.65,2026-09-16T12:30:18+00:00
1575168,2026-09-16T19:21:58Z,2026-09-19T16:30:00Z,4148.0,NS,VfB Stuttgart,Borussia Dortmund,5,override,1.4,3.0,0.68181818,0.31818182,0.70175439,-0.01993621,NO,Marathonbet,1.36,2.83,2026-09-16T02:15:52+00:00
1575170,2026-09-16T19:21:58Z,2026-09-19T13:30:00Z,3968.0,NS,Eintracht Frankfurt,SC Freiburg,5,override,1.44,2.75,0.65632458,0.34367542,0.62034739,0.03597719,YES,Marathonbet,1.42,2.61,2026-09-16T02:15:52+00:00
1575171,2026-09-16T19:21:58Z,2026-09-19T13:30:00Z,3968.0,NS,Hamburger SV,1. FC Köln,5,override,1.57,2.38,0.60253165,0.39746835,0.60253165,-0.00000000,NO,Marathonbet,1.61,2.35,2026-09-16T02:15:52+00:00
1575172,2026-09-16T19:21:58Z,2026-09-19T13:30:00Z,3968.0,NS,Werder Bremen,FC Augsburg,5,override,1.44,2.75,0.65632458,0.34367542,0.62034739,0.03597719,YES,Marathonbet,1.41,2.64,2026-09-16T02:15:52+00:00
1575174,2026-09-16T19:21:58Z,2026-09-19T13:30:00Z,3968.0,NS,Borussia Mönchengladbach,FSV Mainz 05,5,override,1.53,2.5,0.62034739,0.37965261,0.60253165,0.01781574,NO,Marathonbet,1.5,2.38,2026-09-16T02:15:52+00:00
1575167,2026-09-16T20:23:54Z,2026-09-18T18:30:00Z,2766.1,NS,Bayern München,Union Berlin,5,override,1.14,5.5,0.82831325,0.17168675,0.81037277,0.01794048,NO,Marathonbet,1.08,5.65,2026-09-16T12:30:18+00:00
1575168,2026-09-16T20:23:54Z,2026-09-19T16:30:00Z,4086.1,NS,VfB Stuttgart,Borussia Dortmund,5,override,1.4,3.0,0.68181818,0.31818182,0.70175439,-0.01993621,NO,Marathonbet,1.36,2.83,2026-09-16T02:15:52+00:00
1575170,2026-09-16T20:23:54Z,2026-09-19T13:30:00Z,3906.1,NS,Eintracht Frankfurt,SC Freiburg,5,override,1.44,2.75,0.65632458,0.34367542,0.62034739,0.03597719,YES,Marathonbet,1.42,2.61,2026-09-16T02:15:52+00:00
1575171,2026-09-16T20:23:54Z,2026-09-19T13:30:00Z,3906.1,NS,Hamburger SV,1. FC Köln,5,override,1.57,2.38,0.60253165,0.39746835,0.60253165,-0.00000000,NO,Marathonbet,1.61,2.35,2026-09-16T02:15:52+00:00
1575172,2026-09-16T20:23:54Z,2026-09-19T13:30:00Z,3906.1,NS,Werder Bremen,FC Augsburg,5,override,1.44,2.75,0.65632458,0.34367542,0.62034739,0.03597719,YES,Marathonbet,1.41,2.64,2026-09-16T02:15:52+00:00
1575174,2026-09-16T20:23:54Z,2026-09-19T13:30:00Z,3906.1,NS,Borussia Mönchengladbach,FSV Mainz 05,5,override,1.53,2.5,0.62034739,0.37965261,0.60253165,0.01781574,NO,Marathonbet,1.5,2.38,2026-09-16T02:15:52+00:00
1575167,2026-09-16T20:50:30Z,2026-09-18T18:30:00Z,2739.5,NS,Bayern München,Union Berlin,5,override,1.14,5.5,0.82831325,0.17168675,0.81037277,0.01794048,NO,Marathonbet,1.08,5.65,2026-09-16T12:30:18+00:00
1575168,2026-09-16T20:50:30Z,2026-09-19T16:30:00Z,4059.5,NS,VfB Stuttgart,Borussia Dortmund,5,override,1.4,3.0,0.68181818,0.31818182,0.70175439,-0.01993621,NO,Marathonbet,1.36,2.83,2026-09-16T02:15:52+00:00
1575170,2026-09-16T20:50:30Z,2026-09-19T13:30:00Z,3879.5,NS,Eintracht Frankfurt,SC Freiburg,5,override,1.44,2.75,0.65632458,0.34367542,0.62034739,0.03597719,YES,Marathonbet,1.42,2.61,2026-09-16T02:15:52+00:00
1575171,2026-09-16T20:50:30Z,2026-09-19T13:30:00Z,3879.5,NS,Hamburger SV,1. FC Köln,5,override,1.57,2.38,0.60253165,0.39746835,0.60253165,-0.00000000,NO,Marathonbet,1.61,2.35,2026-09-16T02:15:52+00:00
1575172,2026-09-16T20:50:30Z,2026-09-19T13:30:00Z,3879.5,NS,Werder Bremen,FC Augsburg,5,override,1.44,2.75,0.65632458,0.34367542,0.62034739,0.03597719,YES,Marathonbet,1.41,2.64,2026-09-16T02:15:52+00:00
1575174,2026-09-16T20:50:30Z,2026-09-19T13:30:00Z,3879.5,NS,Borussia Mönchengladbach,FSV Mainz 05,5,override,1.53,2.5,0.62034739,0.37965261,0.60253165,0.01781574,NO,Marathonbet,1.5,2.38,2026-09-16T02:15:52+00:00
1575167,2026-09-16T21:23:46Z,2026-09-18T18:30:00Z,2706.2,NS,Bayern München,Union Berlin,5,override,1.14,5.5,0.82831325,0.17168675,0.81037277,0.01794048,NO,Marathonbet,1.08,5.65,2026-09-16T12:30:18+00:00
1575168,2026-09-16T21:23:46Z,2026-09-19T16:30:00Z,4026.2,NS,VfB Stuttgart,Borussia Dortmund,5,override,1.4,3.0,0.68181818,0.31818182,0.70175439,-0.01993621,NO,Marathonbet,1.36,2.83,2026-09-16T02:15:52+00:00
1575170,2026-09-16T21:23:46Z,2026-09-19T13:30:00Z,3846.2,NS,Eintracht Frankfurt,SC Freiburg,5,override,1.44,2.75,0.65632458,0.34367542,0.62034739,0.03597719,YES,Marathonbet,1.42,2.61,2026-09-16T02:15:52+00:00
1575171,2026-09-16T21:23:46Z,2026-09-19T13:30:00Z,3846.2,NS,Hamburger SV,1. FC Köln,5,override,1.57,2.38,0.60253165,0.39746835,0.60253165,-0.00000000,NO,Marathonbet,1.61,2.35,2026-09-16T02:15:52+00:00
1575172,2026-09-16T21:23:46Z,2026-09-19T13:30:00Z,3846.2,NS,Werder Bremen,FC Augsburg,5,override,1.44,2.75,0.65632458,0.34367542,0.62034739,0.03597719,YES,Marathonbet,1.41,2.64,2026-09-16T02:15:52+00:00
1575174,2026-09-16T21:23:46Z,2026-09-19T13:30:00Z,3846.2,NS,Borussia Mönchengladbach,FSV Mainz 05,5,override,1.53,2.5,0.62034739,0.37965261,0.60253165,0.01781574,NO,Marathonbet,1.5,2.38,2026-09-16T02:15:52+00:00
1575167,2026-09-16T21:49:06Z,2026-09-18T18:30:00Z,2680.9,NS,Bayern München,Union Berlin,5,override,1.14,5.5,0.82831325,0.17168675,0.81037277,0.01794048,NO,Marathonbet,1.08,5.65,2026-09-16T12:30:18+00:00
1575168,2026-09-16T21:49:06Z,2026-09-19T16:30:00Z,4000.9,NS,VfB Stuttgart,Borussia Dortmund,5,override,1.4,3.0,0.68181818,0.31818182,0.70175439,-0.01993621,NO,Marathonbet,1.36,2.83,2026-09-16T02:15:52+00:00
1575170,2026-09-16T21:49:06Z,2026-09-19T13:30:00Z,3820.9,NS,Eintracht Frankfurt,SC Freiburg,5,override,1.44,2.75,0.65632458,0.34367542,0.62034739,0.03597719,YES,Marathonbet,1.42,2.61,2026-09-16T02:15:52+00:00
1575171,2026-09-16T21:49:06Z,2026-09-19T13:30:00Z,3820.9,NS,Hamburger SV,1. FC Köln,5,override,1.57,2.38,0.60253165,0.39746835,0.60253165,-0.00000000,NO,Marathonbet,1.61,2.35,2026-09-16T02:15:52+00:00
1575172,2026-09-16T21:49:06Z,2026-09-19T13:30:00Z,3820.9,NS,Werder Bremen,FC Augsburg,5,override,1.44,2.75,0.65632458,0.34367542,0.62034739,0.03597719,YES,Marathonbet,1.41,2.64,2026-09-16T02:15:52+00:00
1575174,2026-09-16T21:49:06Z,2026-09-19T13:30:00Z,3820.9,NS,Borussia Mönchengladbach,FSV Mainz 05,5,override,1.53,2.5,0.62034739,0.37965261,0.60253165,0.01781574,NO,Marathonbet,1.5,2.38,2026-09-16T02:15:52+00:00
1575167,2026-09-16T22:21:54Z,2026-09-18T18:30:00Z,2648.1,NS,Bayern München,Union Berlin,5,override,1.14,5.5,0.82831325,0.17168675,0.81037277,0.01794048,NO,Marathonbet,1.08,5.65,2026-09-16T12:30:18+00:00
1575168,2026-09-16T22:21:54Z,2026-09-19T16:30:00Z,3968.1,NS,VfB Stuttgart,Borussia Dortmund,5,override,1.4,3.0,0.68181818,0.31818182,0.70175439,-0.01993621,NO,Marathonbet,1.36,2.83,2026-09-16T02:15:52+00:00
1575170,2026-09-16T22:21:54Z,2026-09-19T13:30:00Z,3788.1,NS,Eintracht Frankfurt,SC Freiburg,5,override,1.44,2.75,0.65632458,0.34367542,0.62034739,0.03597719,YES,Marathonbet,1.42,2.61,2026-09-16T02:15:52+00:00
1575171,2026-09-16T22:21:54Z,2026-09-19T13:30:00Z,3788.1,NS,Hamburger SV,1. FC Köln,5,override,1.57,2.38,0.60253165,0.39746835,0.60253165,-0.00000000,NO,Marathonbet,1.61,2.35,2026-09-16T02:15:52+00:00
1575172,2026-09-16T22:21:54Z,2026-09-19T13:30:00Z,3788.1,NS,Werder Bremen,FC Augsburg,5,override,1.44,2.75,0.65632458,0.34367542,0.62034739,0.03597719,YES,Marathonbet,1.41,2.64,2026-09-16T02:15:52+00:00
1575174,2026-09-16T22:21:54Z,2026-09-19T13:30:00Z,3788.1,NS,Borussia Mönchengladbach,FSV Mainz 05,5,override,1.53,2.5,0.62034739,0.37965261,0.60253165,0.01781574,NO,Marathonbet,1.5,2.38,2026-09-16T02:15:52+00:00
1575167,2026-09-16T22:48:16Z,2026-09-18T18:30:00Z,2621.7,NS,Bayern München,Union Berlin,5,override,1.14,5.5,0.82831325,0.17168675,0.81037277,0.01794048,NO,Marathonbet,1.08,5.65,2026-09-16T12:30:18+00:00
1575168,2026-09-16T22:48:16Z,2026-09-19T16:30:00Z,3941.7,NS,VfB Stuttgart,Borussia Dortmund,5,override,1.4,3.0,0.68181818,0.31818182,0.70175439,-0.01993621,NO,Marathonbet,1.36,2.83,2026-09-16T02:15:52+00:00
1575170,2026-09-16T22:48:16Z,2026-09-19T13:30:00Z,3761.7,NS,Eintracht Frankfurt,SC Freiburg,5,override,1.44,2.75,0.65632458,0.34367542,0.62034739,0.03597719,YES,Marathonbet,1.42,2.61,2026-09-16T02:15:52+00:00
1575171,2026-09-16T22:48:16Z,2026-09-19T13:30:00Z,3761.7,NS,Hamburger SV,1. FC Köln,5,override,1.57,2.38,0.60253165,0.39746835,0.60253165,-0.00000000,NO,Marathonbet,1.61,2.35,2026-09-16T02:15:52+00:00
1575172,2026-09-16T22:48:16Z,2026-09-19T13:30:00Z,3761.7,NS,Werder Bremen,FC Augsburg,5,override,1.44,2.75,0.65632458,0.34367542,0.62034739,0.03597719,YES,Marathonbet,1.41,2.64,2026-09-16T02:15:52+00:00
1575174,2026-09-16T22:48:16Z,2026-09-19T13:30:00Z,3761.7,NS,Borussia Mönchengladbach,FSV Mainz 05,5,override,1.53,2.5,0.62034739,0.37965261,0.60253165,0.01781574,NO,Marathonbet,1.5,2.38,2026-09-16T02:15:52+00:00
1575167,2026-09-16T23:21:56Z,2026-09-18T18:30:00Z,2588.1,NS,Bayern München,Union Berlin,5,override,1.14,5.5,0.82831325,0.17168675,0.81037277,0.01794048,NO,Marathonbet,1.08,5.65,2026-09-16T12:30:18+00:00
1575168,2026-09-16T23:21:56Z,2026-09-19T16:30:00Z,3908.1,NS,VfB Stuttgart,Borussia Dortmund,5,override,1.4,3.0,0.68181818,0.31818182,0.70175439,-0.01993621,NO,Marathonbet,1.36,2.83,2026-09-16T02:15:52+00:00
1575170,2026-09-16T23:21:56Z,2026-09-19T13:30:00Z,3728.1,NS,Eintracht Frankfurt,SC Freiburg,5,override,1.44,2.75,0.65632458,0.34367542,0.62034739,0.03597719,YES,Marathonbet,1.42,2.61,2026-09-16T02:15:52+00:00
1575171,2026-09-16T23:21:56Z,2026-09-19T13:30:00Z,3728.1,NS,Hamburger SV,1. FC Köln,5,override,1.57,2.38,0.60253165,0.39746835,0.60253165,-0.00000000,NO,Marathonbet,1.61,2.35,2026-09-16T02:15:52+00:00
1575172,2026-09-16T23:21:56Z,2026-09-19T13:30:00Z,3728.1,NS,Werder Bremen,FC Augsburg,5,override,1.44,2.75,0.65632458,0.34367542,0.62034739,0.03597719,YES,Marathonbet,1.41,2.64,2026-09-16T02:15:52+00:00
1575174,2026-09-16T23:21:56Z,2026-09-19T13:30:00Z,3728.1,NS,Borussia Mönchengladbach,FSV Mainz 05,5,override,1.53,2.5,0.62034739,0.37965261,0.60253165,0.01781574,NO,Marathonbet,1.5,2.38,2026-09-16T02:15:52+00:00
1575167,2026-09-16T23:46:56Z,2026-09-18T18:30:00Z,2563.1,NS,Bayern München,Union Berlin,5,override,1.14,5.5,0.82831325,0.17168675,0.81037277,0.01794048,NO,Marathonbet,1.08,5.65,2026-09-16T12:30:18+00:00
1575168,2026-09-16T23:46:56Z,2026-09-19T16:30:00Z,3883.1,NS,VfB Stuttgart,Borussia Dortmund,5,override,1.4,3.0,0.68181818,0.31818182,0.70175439,-0.01993621,NO,Marathonbet,1.36,2.83,2026-09-16T02:15:52+00:00
1575170,2026-09-16T23:46:56Z,2026-09-19T13:30:00Z,3703.1,NS,Eintracht Frankfurt,SC Freiburg,5,override,1.44,2.75,0.65632458,0.34367542,0.62034739,0.03597719,YES,Marathonbet,1.42,2.61,2026-09-16T02:15:52+00:00
1575171,2026-09-16T23:46:56Z,2026-09-19T13:30:00Z,3703.1,NS,Hamburger SV,1. FC Köln,5,override,1.57,2.38,0.60253165,0.39746835,0.60253165,-0.00000000,NO,Marathonbet,1.61,2.35,2026-09-16T02:15:52+00:00
1575172,2026-09-16T23:46:56Z,2026-09-19T13:30:00Z,3703.1,NS,Werder Bremen,FC Augsburg,5,override,1.44,2.75,0.65632458,0.34367542,0.62034739,0.03597719,YES,Marathonbet,1.41,2.64,2026-09-16T02:15:52+00:00
1575174,2026-09-16T23:46:56Z,2026-09-19T13:30:00Z,3703.1,NS,Borussia Mönchengladbach,FSV Mainz 05,5,override,1.53,2.5,0.62034739,0.37965261,0.60253165,0.01781574,NO,Marathonbet,1.5,2.38,2026-09-16T02:15:52+00:00
1575167,2026-09-17T00:29:39Z,2026-09-18T18:30:00Z,2520.3,NS,Bayern München,Union Berlin,5,override,1.14,5.5,0.82831325,0.17168675,0.81037277,0.01794048,NO,Marathonbet,1.08,5.65,2026-09-16T12:30:18+00:00
1575168,2026-09-17T00:29:39Z,2026-09-19T16:30:00Z,3840.3,NS,VfB Stuttgart,Borussia Dortmund,5,override,1.4,3.0,0.68181818,0.31818182,0.70175439,-0.01993621,NO,Marathonbet,1.36,2.83,2026-09-16T02:15:52+00:00
1575170,2026-09-17T00:29:39Z,2026-09-19T13:30:00Z,3660.3,NS,Eintracht Frankfurt,SC Freiburg,5,override,1.44,2.75,0.65632458,0.34367542,0.62034739,0.03597719,YES,Marathonbet,1.42,2.61,2026-09-16T02:15:52+00:00
1575171,2026-09-17T00:29:39Z,2026-09-19T13:30:00Z,3660.3,NS,Hamburger SV,1. FC Köln,5,override,1.57,2.38,0.60253165,0.39746835,0.60253165,-0.00000000,NO,Marathonbet,1.61,2.35,2026-09-16T02:15:52+00:00
1575172,2026-09-17T00:29:39Z,2026-09-19T13:30:00Z,3660.3,NS,Werder Bremen,FC Augsburg,5,override,1.44,2.75,0.65632458,0.34367542,0.62034739,0.03597719,YES,Marathonbet,1.41,2.64,2026-09-16T02:15:52+00:00
1575174,2026-09-17T00:29:39Z,2026-09-19T13:30:00Z,3660.3,NS,Borussia Mönchengladbach,FSV Mainz 05,5,override,1.53,2.5,0.62034739,0.37965261,0.60253165,0.01781574,NO,Marathonbet,1.5,2.38,2026-09-16T02:15:52+00:00
1575167,2026-09-17T01:22:39Z,2026-09-18T18:30:00Z,2467.3,NS,Bayern München,Union Berlin,5,override,1.14,5.5,0.82831325,0.17168675,0.81037277,0.01794048,NO,Marathonbet,1.08,5.65,2026-09-17T00:15:22+00:00
1575168,2026-09-17T01:22:39Z,2026-09-19T16:30:00Z,3787.3,NS,VfB Stuttgart,Borussia Dortmund,5,override,1.4,3.0,0.68181818,0.31818182,0.70175439,-0.01993621,NO,Marathonbet,1.36,2.83,2026-09-17T00:30:50+00:00
1575170,2026-09-17T01:22:39Z,2026-09-19T13:30:00Z,3607.3,NS,Eintracht Frankfurt,SC Freiburg,5,override,1.44,2.75,0.65632458,0.34367542,0.62034739,0.03597719,YES,Marathonbet,1.43,2.58,2026-09-17T00:30:50+00:00
1575171,2026-09-17T01:22:39Z,2026-09-19T13:30:00Z,3607.3,NS,Hamburger SV,1. FC Köln,5,override,1.57,2.38,0.60253165,0.39746835,0.60253165,-0.00000000,NO,Marathonbet,1.6,2.38,2026-09-17T00:30:50+00:00
1575172,2026-09-17T01:22:39Z,2026-09-19T13:30:00Z,3607.3,NS,Werder Bremen,FC Augsburg,5,override,1.44,2.75,0.65632458,0.34367542,0.62034739,0.03597719,YES,Marathonbet,1.39,2.72,2026-09-17T00:30:50+00:00
1575174,2026-09-17T01:22:39Z,2026-09-19T13:30:00Z,3607.3,NS,Borussia Mönchengladbach,FSV Mainz 05,5,override,1.53,2.5,0.62034739,0.37965261,0.60253165,0.01781574,NO,Marathonbet,1.5,2.38,2026-09-17T00:30:50+00:00
1575167,2026-09-17T01:50:04Z,2026-09-18T18:30:00Z,2439.9,NS,Bayern München,Union Berlin,5,override,1.14,5.5,0.82831325,0.17168675,0.81037277,0.01794048,NO,Marathonbet,1.08,5.65,2026-09-17T00:15:22+00:00
1575168,2026-09-17T01:50:04Z,2026-09-19T16:30:00Z,3759.9,NS,VfB Stuttgart,Borussia Dortmund,5,override,1.4,3.0,0.68181818,0.31818182,0.70175439,-0.01993621,NO,Marathonbet,1.36,2.83,2026-09-17T00:30:50+00:00
1575170,2026-09-17T01:50:04Z,2026-09-19T13:30:00Z,3579.9,NS,Eintracht Frankfurt,SC Freiburg,5,override,1.44,2.75,0.65632458,0.34367542,0.62034739,0.03597719,YES,Marathonbet,1.43,2.58,2026-09-17T00:30:50+00:00
1575171,2026-09-17T01:50:04Z,2026-09-19T13:30:00Z,3579.9,NS,Hamburger SV,1. FC Köln,5,override,1.57,2.38,0.60253165,0.39746835,0.60253165,-0.00000000,NO,Marathonbet,1.6,2.38,2026-09-17T00:30:50+00:00
1575172,2026-09-17T01:50:04Z,2026-09-19T13:30:00Z,3579.9,NS,Werder Bremen,FC Augsburg,5,override,1.44,2.75,0.65632458,0.34367542,0.62034739,0.03597719,YES,Marathonbet,1.39,2.72,2026-09-17T00:30:50+00:00
1575174,2026-09-17T01:50:04Z,2026-09-19T13:30:00Z,3579.9,NS,Borussia Mönchengladbach,FSV Mainz 05,5,override,1.53,2.5,0.62034739,0.37965261,0.60253165,0.01781574,NO,Marathonbet,1.5,2.38,2026-09-17T00:30:50+00:00
1575167,2026-09-17T02:23:41Z,2026-09-18T18:30:00Z,2406.3,NS,Bayern München,Union Berlin,5,override,1.14,5.5,0.82831325,0.17168675,0.81037277,0.01794048,NO,Marathonbet,1.08,5.65,2026-09-17T00:15:22+00:00
1575168,2026-09-17T02:23:41Z,2026-09-19T16:30:00Z,3726.3,NS,VfB Stuttgart,Borussia Dortmund,5,override,1.4,3.0,0.68181818,0.31818182,0.70175439,-0.01993621,NO,Marathonbet,1.36,2.83,2026-09-17T00:30:50+00:00
1575170,2026-09-17T02:23:41Z,2026-09-19T13:30:00Z,3546.3,NS,Eintracht Frankfurt,SC Freiburg,5,override,1.44,2.75,0.65632458,0.34367542,0.62034739,0.03597719,YES,Marathonbet,1.43,2.58,2026-09-17T00:30:50+00:00
1575171,2026-09-17T02:23:41Z,2026-09-19T13:30:00Z,3546.3,NS,Hamburger SV,1. FC Köln,5,override,1.57,2.38,0.60253165,0.39746835,0.60253165,-0.00000000,NO,Marathonbet,1.6,2.38,2026-09-17T00:30:50+00:00
1575172,2026-09-17T02:23:41Z,2026-09-19T13:30:00Z,3546.3,NS,Werder Bremen,FC Augsburg,5,override,1.44,2.75,0.65632458,0.34367542,0.62034739,0.03597719,YES,Marathonbet,1.39,2.72,2026-09-17T00:30:50+00:00
1575174,2026-09-17T02:23:41Z,2026-09-19T13:30:00Z,3546.3,NS,Borussia Mönchengladbach,FSV Mainz 05,5,override,1.53,2.5,0.62034739,0.37965261,0.60253165,0.01781574,NO,Marathonbet,1.5,2.38,2026-09-17T00:30:50+00:00
1575167,2026-09-17T03:23:40Z,2026-09-18T18:30:00Z,2346.3,NS,Bayern München,Union Berlin,5,override,1.14,5.5,0.82831325,0.17168675,0.81037277,0.01794048,NO,Marathonbet,1.08,5.65,2026-09-17T00:15:22+00:00
1575168,2026-09-17T03:23:40Z,2026-09-19T16:30:00Z,3666.3,NS,VfB Stuttgart,Borussia Dortmund,5,override,1.4,3.0,0.68181818,0.31818182,0.70175439,-0.01993621,NO,Marathonbet,1.36,2.83,2026-09-17T00:30:50+00:00
1575170,2026-09-17T03:23:40Z,2026-09-19T13:30:00Z,3486.3,NS,Eintracht Frankfurt,SC Freiburg,5,override,1.44,2.75,0.65632458,0.34367542,0.62034739,0.03597719,YES,Marathonbet,1.43,2.58,2026-09-17T00:30:50+00:00
1575171,2026-09-17T03:23:40Z,2026-09-19T13:30:00Z,3486.3,NS,Hamburger SV,1. FC Köln,5,override,1.57,2.38,0.60253165,0.39746835,0.60253165,-0.00000000,NO,Marathonbet,1.6,2.38,2026-09-17T00:30:50+00:00
1575172,2026-09-17T03:23:40Z,2026-09-19T13:30:00Z,3486.3,NS,Werder Bremen,FC Augsburg,5,override,1.44,2.75,0.65632458,0.34367542,0.62034739,0.03597719,YES,Marathonbet,1.39,2.72,2026-09-17T00:30:50+00:00
1575174,2026-09-17T03:23:40Z,2026-09-19T13:30:00Z,3486.3,NS,Borussia Mönchengladbach,FSV Mainz 05,5,override,1.53,2.5,0.62034739,0.37965261,0.60253165,0.01781574,NO,Marathonbet,1.5,2.38,2026-09-17T00:30:50+00:00
1575167,2026-09-17T04:24:05Z,2026-09-18T18:30:00Z,2285.9,NS,Bayern München,Union Berlin,5,override,1.14,5.5,0.82831325,0.17168675,0.81037277,0.01794048,NO,Marathonbet,1.08,5.65,2026-09-17T00:15:22+00:00
1575168,2026-09-17T04:24:05Z,2026-09-19T16:30:00Z,3605.9,NS,VfB Stuttgart,Borussia Dortmund,5,override,1.4,3.0,0.68181818,0.31818182,0.70175439,-0.01993621,NO,Marathonbet,1.36,2.83,2026-09-17T00:30:50+00:00
1575170,2026-09-17T04:24:05Z,2026-09-19T13:30:00Z,3425.9,NS,Eintracht Frankfurt,SC Freiburg,5,override,1.44,2.75,0.65632458,0.34367542,0.62034739,0.03597719,YES,Marathonbet,1.43,2.58,2026-09-17T00:30:50+00:00
1575171,2026-09-17T04:24:05Z,2026-09-19T13:30:00Z,3425.9,NS,Hamburger SV,1. FC Köln,5,override,1.57,2.38,0.60253165,0.39746835,0.60253165,-0.00000000,NO,Marathonbet,1.6,2.38,2026-09-17T00:30:50+00:00
1575172,2026-09-17T04:24:05Z,2026-09-19T13:30:00Z,3425.9,NS,Werder Bremen,FC Augsburg,5,override,1.44,2.75,0.65632458,0.34367542,0.62034739,0.03597719,YES,Marathonbet,1.39,2.72,2026-09-17T00:30:50+00:00
1575174,2026-09-17T04:24:05Z,2026-09-19T13:30:00Z,3425.9,NS,Borussia Mönchengladbach,FSV Mainz 05,5,override,1.53,2.5,0.62034739,0.37965261,0.60253165,0.01781574,NO,Marathonbet,1.5,2.38,2026-09-17T00:30:50+00:00
1575167,2026-09-17T05:23:16Z,2026-09-18T18:30:00Z,2226.7,NS,Bayern München,Union Berlin,5,override,1.14,5.5,0.82831325,0.17168675,0.81037277,0.01794048,NO,Marathonbet,1.08,5.65,2026-09-17T00:15:22+00:00
1575168,2026-09-17T05:23:16Z,2026-09-19T16:30:00Z,3546.7,NS,VfB Stuttgart,Borussia Dortmund,5,override,1.4,3.0,0.68181818,0.31818182,0.70175439,-0.01993621,NO,Marathonbet,1.36,2.83,2026-09-17T00:30:50+00:00
1575170,2026-09-17T05:23:16Z,2026-09-19T13:30:00Z,3366.7,NS,Eintracht Frankfurt,SC Freiburg,5,override,1.44,2.75,0.65632458,0.34367542,0.62034739,0.03597719,YES,Marathonbet,1.43,2.58,2026-09-17T00:30:50+00:00
1575171,2026-09-17T05:23:16Z,2026-09-19T13:30:00Z,3366.7,NS,Hamburger SV,1. FC Köln,5,override,1.57,2.38,0.60253165,0.39746835,0.60253165,-0.00000000,NO,Marathonbet,1.6,2.38,2026-09-17T00:30:50+00:00
1575172,2026-09-17T05:23:16Z,2026-09-19T13:30:00Z,3366.7,NS,Werder Bremen,FC Augsburg,5,override,1.44,2.75,0.65632458,0.34367542,0.62034739,0.03597719,YES,Marathonbet,1.39,2.72,2026-09-17T00:30:50+00:00
1575174,2026-09-17T05:23:16Z,2026-09-19T13:30:00Z,3366.7,NS,Borussia Mönchengladbach,FSV Mainz 05,5,override,1.53,2.5,0.62034739,0.37965261,0.60253165,0.01781574,NO,Marathonbet,1.5,2.38,2026-09-17T00:30:50+00:00
1575167,2026-09-17T05:50:09Z,2026-09-18T18:30:00Z,2199.8,NS,Bayern München,Union Berlin,5,override,1.14,5.5,0.82831325,0.17168675,0.81037277,0.01794048,NO,Marathonbet,1.08,5.65,2026-09-17T00:15:22+00:00
1575168,2026-09-17T05:50:09Z,2026-09-19T16:30:00Z,3519.8,NS,VfB Stuttgart,Borussia Dortmund,5,override,1.4,3.0,0.68181818,0.31818182,0.70175439,-0.01993621,NO,Marathonbet,1.36,2.83,2026-09-17T00:30:50+00:00
1575170,2026-09-17T05:50:09Z,2026-09-19T13:30:00Z,3339.8,NS,Eintracht Frankfurt,SC Freiburg,5,override,1.44,2.75,0.65632458,0.34367542,0.62034739,0.03597719,YES,Marathonbet,1.43,2.58,2026-09-17T00:30:50+00:00
1575171,2026-09-17T05:50:09Z,2026-09-19T13:30:00Z,3339.8,NS,Hamburger SV,1. FC Köln,5,override,1.57,2.38,0.60253165,0.39746835,0.60253165,-0.00000000,NO,Marathonbet,1.6,2.38,2026-09-17T00:30:50+00:00
1575172,2026-09-17T05:50:09Z,2026-09-19T13:30:00Z,3339.8,NS,Werder Bremen,FC Augsburg,5,override,1.44,2.75,0.65632458,0.34367542,0.62034739,0.03597719,YES,Marathonbet,1.39,2.72,2026-09-17T00:30:50+00:00
1575174,2026-09-17T05:50:09Z,2026-09-19T13:30:00Z,3339.8,NS,Borussia Mönchengladbach,FSV Mainz 05,5,override,1.53,2.5,0.62034739,0.37965261,0.60253165,0.01781574,NO,Marathonbet,1.5,2.38,2026-09-17T00:30:50+00:00
1575167,2026-09-17T06:29:24Z,2026-09-18T18:30:00Z,2160.6,NS,Bayern München,Union Berlin,5,override,1.14,5.5,0.82831325,0.17168675,0.81037277,0.01794048,NO,Marathonbet,1.08,5.65,2026-09-17T00:15:22+00:00
1575168,2026-09-17T06:29:24Z,2026-09-19T16:30:00Z,3480.6,NS,VfB Stuttgart,Borussia Dortmund,5,override,1.4,3.0,0.68181818,0.31818182,0.70175439,-0.01993621,NO,Marathonbet,1.36,2.83,2026-09-17T00:30:50+00:00
1575170,2026-09-17T06:29:24Z,2026-09-19T13:30:00Z,3300.6,NS,Eintracht Frankfurt,SC Freiburg,5,override,1.44,2.75,0.65632458,0.34367542,0.62034739,0.03597719,YES,Marathonbet,1.43,2.58,2026-09-17T00:30:50+00:00
1575171,2026-09-17T06:29:24Z,2026-09-19T13:30:00Z,3300.6,NS,Hamburger SV,1. FC Köln,5,override,1.57,2.38,0.60253165,0.39746835,0.60253165,-0.00000000,NO,Marathonbet,1.6,2.38,2026-09-17T00:30:50+00:00
1575172,2026-09-17T06:29:24Z,2026-09-19T13:30:00Z,3300.6,NS,Werder Bremen,FC Augsburg,5,override,1.44,2.75,0.65632458,0.34367542,0.62034739,0.03597719,YES,Marathonbet,1.39,2.72,2026-09-17T00:30:50+00:00
1575174,2026-09-17T06:29:24Z,2026-09-19T13:30:00Z,3300.6,NS,Borussia Mönchengladbach,FSV Mainz 05,5,override,1.53,2.5,0.62034739,0.37965261,0.60253165,0.01781574,NO,Marathonbet,1.5,2.38,2026-09-17T00:30:50+00:00
1575167,2026-09-17T07:24:58Z,2026-09-18T18:30:00Z,2105.0,NS,Bayern München,Union Berlin,5,override,1.14,5.5,0.82831325,0.17168675,0.81037277,0.01794048,NO,Marathonbet,1.08,5.65,2026-09-17T00:15:22+00:00
1575168,2026-09-17T07:24:58Z,2026-09-19T16:30:00Z,3425.0,NS,VfB Stuttgart,Borussia Dortmund,5,override,1.4,3.0,0.68181818,0.31818182,0.70175439,-0.01993621,NO,Marathonbet,1.36,2.83,2026-09-17T00:30:50+00:00
1575170,2026-09-17T07:24:58Z,2026-09-19T13:30:00Z,3245.0,NS,Eintracht Frankfurt,SC Freiburg,5,override,1.44,2.75,0.65632458,0.34367542,0.62034739,0.03597719,YES,Marathonbet,1.43,2.58,2026-09-17T00:30:50+00:00
1575171,2026-09-17T07:24:58Z,2026-09-19T13:30:00Z,3245.0,NS,Hamburger SV,1. FC Köln,5,override,1.57,2.38,0.60253165,0.39746835,0.60253165,-0.00000000,NO,Marathonbet,1.6,2.38,2026-09-17T00:30:50+00:00
1575172,2026-09-17T07:24:58Z,2026-09-19T13:30:00Z,3245.0,NS,Werder Bremen,FC Augsburg,5,override,1.44,2.75,0.65632458,0.34367542,0.62034739,0.03597719,YES,Marathonbet,1.39,2.72,2026-09-17T00:30:50+00:00
1575174,2026-09-17T07:24:58Z,2026-09-19T13:30:00Z,3245.0,NS,Borussia Mönchengladbach,FSV Mainz 05,5,override,1.53,2.5,0.62034739,0.37965261,0.60253165,0.01781574,NO,Marathonbet,1.5,2.38,2026-09-17T00:30:50+00:00
1575167,2026-09-17T07:50:17Z,2026-09-18T18:30:00Z,2079.7,NS,Bayern München,Union Berlin,5,override,1.14,5.5,0.82831325,0.17168675,0.81037277,0.01794048,NO,Marathonbet,1.08,5.65,2026-09-17T00:15:22+00:00
1575168,2026-09-17T07:50:17Z,2026-09-19T16:30:00Z,3399.7,NS,VfB Stuttgart,Borussia Dortmund,5,override,1.4,3.0,0.68181818,0.31818182,0.70175439,-0.01993621,NO,Marathonbet,1.36,2.83,2026-09-17T00:30:50+00:00
1575170,2026-09-17T07:50:17Z,2026-09-19T13:30:00Z,3219.7,NS,Eintracht Frankfurt,SC Freiburg,5,override,1.44,2.75,0.65632458,0.34367542,0.62034739,0.03597719,YES,Marathonbet,1.43,2.58,2026-09-17T00:30:50+00:00
1575171,2026-09-17T07:50:17Z,2026-09-19T13:30:00Z,3219.7,NS,Hamburger SV,1. FC Köln,5,override,1.57,2.38,0.60253165,0.39746835,0.60253165,-0.00000000,NO,Marathonbet,1.6,2.38,2026-09-17T00:30:50+00:00
1575172,2026-09-17T07:50:17Z,2026-09-19T13:30:00Z,3219.7,NS,Werder Bremen,FC Augsburg,5,override,1.44,2.75,0.65632458,0.34367542,0.62034739,0.03597719,YES,Marathonbet,1.39,2.72,2026-09-17T00:30:50+00:00
1575174,2026-09-17T07:50:17Z,2026-09-19T13:30:00Z,3219.7,NS,Borussia Mönchengladbach,FSV Mainz 05,5,override,1.53,2.5,0.62034739,0.37965261,0.60253165,0.01781574,NO,Marathonbet,1.5,2.38,2026-09-17T00:30:50+00:00
1575167,2026-09-17T08:26:18Z,2026-09-18T18:30:00Z,2043.7,NS,Bayern München,Union Berlin,5,override,1.14,5.5,0.82831325,0.17168675,0.81037277,0.01794048,NO,Marathonbet,1.08,5.65,2026-09-17T00:15:22+00:00
1575168,2026-09-17T08:26:18Z,2026-09-19T16:30:00Z,3363.7,NS,VfB Stuttgart,Borussia Dortmund,5,override,1.4,3.0,0.68181818,0.31818182,0.70175439,-0.01993621,NO,Marathonbet,1.36,2.83,2026-09-17T00:30:50+00:00
1575170,2026-09-17T08:26:18Z,2026-09-19T13:30:00Z,3183.7,NS,Eintracht Frankfurt,SC Freiburg,5,override,1.44,2.75,0.65632458,0.34367542,0.62034739,0.03597719,YES,Marathonbet,1.43,2.58,2026-09-17T00:30:50+00:00
1575171,2026-09-17T08:26:18Z,2026-09-19T13:30:00Z,3183.7,NS,Hamburger SV,1. FC Köln,5,override,1.57,2.38,0.60253165,0.39746835,0.60253165,-0.00000000,NO,Marathonbet,1.6,2.38,2026-09-17T00:30:50+00:00
1575172,2026-09-17T08:26:18Z,2026-09-19T13:30:00Z,3183.7,NS,Werder Bremen,FC Augsburg,5,override,1.44,2.75,0.65632458,0.34367542,0.62034739,0.03597719,YES,Marathonbet,1.39,2.72,2026-09-17T00:30:50+00:00
1575174,2026-09-17T08:26:18Z,2026-09-19T13:30:00Z,3183.7,NS,Borussia Mönchengladbach,FSV Mainz 05,5,override,1.53,2.5,0.62034739,0.37965261,0.60253165,0.01781574,NO,Marathonbet,1.5,2.38,2026-09-17T00:30:50+00:00
1575167,2026-09-17T09:24:14Z,2026-09-18T18:30:00Z,1985.8,NS,Bayern München,Union Berlin,5,override,1.12,6.0,0.84269663,0.15730337,0.81037277,0.03232386,YES,Marathonbet,1.07,5.8,2026-09-17T08:15:26+00:00
1575168,2026-09-17T09:24:14Z,2026-09-19T16:30:00Z,3305.8,NS,VfB Stuttgart,Borussia Dortmund,5,override,1.4,3.0,0.68181818,0.31818182,0.70175439,-0.01993621,NO,Marathonbet,1.36,2.83,2026-09-17T00:30:50+00:00
1575170,2026-09-17T09:24:14Z,2026-09-19T13:30:00Z,3125.8,NS,Eintracht Frankfurt,SC Freiburg,5,override,1.44,2.75,0.65632458,0.34367542,0.62034739,0.03597719,YES,Marathonbet,1.43,2.58,2026-09-17T00:30:50+00:00
1575171,2026-09-17T09:24:14Z,2026-09-19T13:30:00Z,3125.8,NS,Hamburger SV,1. FC Köln,5,override,1.57,2.38,0.60253165,0.39746835,0.60253165,-0.00000000,NO,Marathonbet,1.6,2.38,2026-09-17T00:30:50+00:00
1575172,2026-09-17T09:24:14Z,2026-09-19T13:30:00Z,3125.8,NS,Werder Bremen,FC Augsburg,5,override,1.44,2.75,0.65632458,0.34367542,0.62034739,0.03597719,YES,Marathonbet,1.39,2.72,2026-09-17T00:30:50+00:00
1575174,2026-09-17T09:24:14Z,2026-09-19T13:30:00Z,3125.8,NS,Borussia Mönchengladbach,FSV Mainz 05,5,override,1.53,2.5,0.62034739,0.37965261,0.60253165,0.01781574,NO,Marathonbet,1.5,2.38,2026-09-17T00:30:50+00:00
1575167,2026-09-17T09:50:40Z,2026-09-18T18:30:00Z,1959.3,NS,Bayern München,Union Berlin,5,override,1.12,6.0,0.84269663,0.15730337,0.81037277,0.03232386,YES,Marathonbet,1.07,5.8,2026-09-17T08:15:26+00:00
1575168,2026-09-17T09:50:40Z,2026-09-19T16:30:00Z,3279.3,NS,VfB Stuttgart,Borussia Dortmund,5,override,1.4,3.0,0.68181818,0.31818182,0.70175439,-0.01993621,NO,Marathonbet,1.36,2.83,2026-09-17T00:30:50+00:00
1575170,2026-09-17T09:50:40Z,2026-09-19T13:30:00Z,3099.3,NS,Eintracht Frankfurt,SC Freiburg,5,override,1.44,2.75,0.65632458,0.34367542,0.62034739,0.03597719,YES,Marathonbet,1.43,2.58,2026-09-17T00:30:50+00:00
1575171,2026-09-17T09:50:40Z,2026-09-19T13:30:00Z,3099.3,NS,Hamburger SV,1. FC Köln,5,override,1.57,2.38,0.60253165,0.39746835,0.60253165,-0.00000000,NO,Marathonbet,1.6,2.38,2026-09-17T00:30:50+00:00
1575172,2026-09-17T09:50:40Z,2026-09-19T13:30:00Z,3099.3,NS,Werder Bremen,FC Augsburg,5,override,1.44,2.75,0.65632458,0.34367542,0.62034739,0.03597719,YES,Marathonbet,1.39,2.72,2026-09-17T00:30:50+00:00
1575174,2026-09-17T09:50:40Z,2026-09-19T13:30:00Z,3099.3,NS,Borussia Mönchengladbach,FSV Mainz 05,5,override,1.53,2.5,0.62034739,0.37965261,0.60253165,0.01781574,NO,Marathonbet,1.5,2.38,2026-09-17T00:30:50+00:00
1575167,2026-09-17T10:23:39Z,2026-09-18T18:30:00Z,1926.3,NS,Bayern München,Union Berlin,5,override,1.12,6.0,0.84269663,0.15730337,0.81037277,0.03232386,YES,Marathonbet,1.07,5.8,2026-09-17T08:15:26+00:00
1575168,2026-09-17T10:23:39Z,2026-09-19T16:30:00Z,3246.3,NS,VfB Stuttgart,Borussia Dortmund,5,override,1.4,3.0,0.68181818,0.31818182,0.70175439,-0.01993621,NO,Marathonbet,1.36,2.83,2026-09-17T00:30:50+00:00
1575170,2026-09-17T10:23:39Z,2026-09-19T13:30:00Z,3066.3,NS,Eintracht Frankfurt,SC Freiburg,5,override,1.44,2.75,0.65632458,0.34367542,0.62034739,0.03597719,YES,Marathonbet,1.43,2.58,2026-09-17T00:30:50+00:00
1575171,2026-09-17T10:23:39Z,2026-09-19T13:30:00Z,3066.3,NS,Hamburger SV,1. FC Köln,5,override,1.57,2.38,0.60253165,0.39746835,0.60253165,-0.00000000,NO,Marathonbet,1.6,2.38,2026-09-17T00:30:50+00:00
1575172,2026-09-17T10:23:39Z,2026-09-19T13:30:00Z,3066.3,NS,Werder Bremen,FC Augsburg,5,override,1.44,2.75,0.65632458,0.34367542,0.62034739,0.03597719,YES,Marathonbet,1.39,2.72,2026-09-17T00:30:50+00:00
1575174,2026-09-17T10:23:39Z,2026-09-19T13:30:00Z,3066.3,NS,Borussia Mönchengladbach,FSV Mainz 05,5,override,1.53,2.5,0.62034739,0.37965261,0.60253165,0.01781574,NO,Marathonbet,1.5,2.38,2026-09-17T00:30:50+00:00
1575167,2026-09-17T10:50:35Z,2026-09-18T18:30:00Z,1899.4,NS,Bayern München,Union Berlin,5,override,1.12,6.0,0.84269663,0.15730337,0.81037277,0.03232386,YES,Marathonbet,1.07,5.8,2026-09-17T08:15:26+00:00
1575168,2026-09-17T10:50:35Z,2026-09-19T16:30:00Z,3219.4,NS,VfB Stuttgart,Borussia Dortmund,5,override,1.4,3.0,0.68181818,0.31818182,0.70175439,-0.01993621,NO,Marathonbet,1.36,2.83,2026-09-17T00:30:50+00:00
1575170,2026-09-17T10:50:35Z,2026-09-19T13:30:00Z,3039.4,NS,Eintracht Frankfurt,SC Freiburg,5,override,1.44,2.75,0.65632458,0.34367542,0.62034739,0.03597719,YES,Marathonbet,1.43,2.58,2026-09-17T00:30:50+00:00
1575171,2026-09-17T10:50:35Z,2026-09-19T13:30:00Z,3039.4,NS,Hamburger SV,1. FC Köln,5,override,1.57,2.38,0.60253165,0.39746835,0.60253165,-0.00000000,NO,Marathonbet,1.6,2.38,2026-09-17T00:30:50+00:00
1575172,2026-09-17T10:50:35Z,2026-09-19T13:30:00Z,3039.4,NS,Werder Bremen,FC Augsburg,5,override,1.44,2.75,0.65632458,0.34367542,0.62034739,0.03597719,YES,Marathonbet,1.39,2.72,2026-09-17T00:30:50+00:00
1575174,2026-09-17T10:50:35Z,2026-09-19T13:30:00Z,3039.4,NS,Borussia Mönchengladbach,FSV Mainz 05,5,override,1.53,2.5,0.62034739,0.37965261,0.60253165,0.01781574,NO,Marathonbet,1.5,2.38,2026-09-17T00:30:50+00:00
1575167,2026-09-17T11:23:06Z,2026-09-18T18:30:00Z,1866.9,NS,Bayern München,Union Berlin,5,override,1.12,6.0,0.84269663,0.15730337,0.81037277,0.03232386,YES,Marathonbet,1.07,5.8,2026-09-17T08:15:26+00:00
1575168,2026-09-17T11:23:06Z,2026-09-19T16:30:00Z,3186.9,NS,VfB Stuttgart,Borussia Dortmund,5,override,1.4,3.0,0.68181818,0.31818182,0.70175439,-0.01993621,NO,Marathonbet,1.36,2.83,2026-09-17T00:30:50+00:00
1575170,2026-09-17T11:23:06Z,2026-09-19T13:30:00Z,3006.9,NS,Eintracht Frankfurt,SC Freiburg,5,override,1.44,2.75,0.65632458,0.34367542,0.62034739,0.03597719,YES,Marathonbet,1.43,2.58,2026-09-17T00:30:50+00:00
1575171,2026-09-17T11:23:06Z,2026-09-19T13:30:00Z,3006.9,NS,Hamburger SV,1. FC Köln,5,override,1.57,2.38,0.60253165,0.39746835,0.60253165,-0.00000000,NO,Marathonbet,1.6,2.38,2026-09-17T00:30:50+00:00
1575172,2026-09-17T11:23:06Z,2026-09-19T13:30:00Z,3006.9,NS,Werder Bremen,FC Augsburg,5,override,1.44,2.75,0.65632458,0.34367542,0.62034739,0.03597719,YES,Marathonbet,1.39,2.72,2026-09-17T00:30:50+00:00
1575174,2026-09-17T11:23:06Z,2026-09-19T13:30:00Z,3006.9,NS,Borussia Mönchengladbach,FSV Mainz 05,5,override,1.53,2.5,0.62034739,0.37965261,0.60253165,0.01781574,NO,Marathonbet,1.5,2.38,2026-09-17T00:30:50+00:00
1575167,2026-09-17T12:28:46Z,2026-09-18T18:30:00Z,1801.2,NS,Bayern München,Union Berlin,5,override,1.12,6.0,0.84269663,0.15730337,0.81037277,0.03232386,YES,Marathonbet,1.07,5.8,2026-09-17T08:15:26+00:00
1575168,2026-09-17T12:28:46Z,2026-09-19T16:30:00Z,3121.2,NS,VfB Stuttgart,Borussia Dortmund,5,override,1.4,3.0,0.68181818,0.31818182,0.70175439,-0.01993621,NO,Marathonbet,1.36,2.83,2026-09-17T00:30:50+00:00
1575170,2026-09-17T12:28:46Z,2026-09-19T13:30:00Z,2941.2,NS,Eintracht Frankfurt,SC Freiburg,5,override,1.44,2.75,0.65632458,0.34367542,0.62034739,0.03597719,YES,Marathonbet,1.43,2.58,2026-09-17T00:30:50+00:00
1575171,2026-09-17T12:28:46Z,2026-09-19T13:30:00Z,2941.2,NS,Hamburger SV,1. FC Köln,5,override,1.57,2.38,0.60253165,0.39746835,0.60253165,-0.00000000,NO,Marathonbet,1.6,2.38,2026-09-17T00:30:50+00:00
1575172,2026-09-17T12:28:46Z,2026-09-19T13:30:00Z,2941.2,NS,Werder Bremen,FC Augsburg,5,override,1.44,2.75,0.65632458,0.34367542,0.62034739,0.03597719,YES,Marathonbet,1.39,2.72,2026-09-17T00:30:50+00:00
1575174,2026-09-17T12:28:46Z,2026-09-19T13:30:00Z,2941.2,NS,Borussia Mönchengladbach,FSV Mainz 05,5,override,1.53,2.5,0.62034739,0.37965261,0.60253165,0.01781574,NO,Marathonbet,1.5,2.38,2026-09-17T00:30:50+00:00
1575167,2026-09-17T12:52:53Z,2026-09-18T18:30:00Z,1777.1,NS,Bayern München,Union Berlin,5,override,1.12,6.0,0.84269663,0.15730337,0.81037277,0.03232386,YES,Marathonbet,1.07,5.8,2026-09-17T08:15:26+00:00
1575168,2026-09-17T12:52:53Z,2026-09-19T16:30:00Z,3097.1,NS,VfB Stuttgart,Borussia Dortmund,5,override,1.4,3.0,0.68181818,0.31818182,0.70175439,-0.01993621,NO,Marathonbet,1.36,2.83,2026-09-17T00:30:50+00:00
1575170,2026-09-17T12:52:53Z,2026-09-19T13:30:00Z,2917.1,NS,Eintracht Frankfurt,SC Freiburg,5,override,1.44,2.75,0.65632458,0.34367542,0.62034739,0.03597719,YES,Marathonbet,1.43,2.58,2026-09-17T00:30:50+00:00
1575171,2026-09-17T12:52:53Z,2026-09-19T13:30:00Z,2917.1,NS,Hamburger SV,1. FC Köln,5,override,1.57,2.38,0.60253165,0.39746835,0.60253165,-0.00000000,NO,Marathonbet,1.6,2.38,2026-09-17T00:30:50+00:00
1575172,2026-09-17T12:52:53Z,2026-09-19T13:30:00Z,2917.1,NS,Werder Bremen,FC Augsburg,5,override,1.44,2.75,0.65632458,0.34367542,0.62034739,0.03597719,YES,Marathonbet,1.39,2.72,2026-09-17T00:30:50+00:00
1575174,2026-09-17T12:52:53Z,2026-09-19T13:30:00Z,2917.1,NS,Borussia Mönchengladbach,FSV Mainz 05,5,override,1.53,2.5,0.62034739,0.37965261,0.60253165,0.01781574,NO,Marathonbet,1.5,2.38,2026-09-17T00:30:50+00:00
1575167,2026-09-17T13:24:20Z,2026-09-18T18:30:00Z,1745.7,NS,Bayern München,Union Berlin,5,override,1.12,6.0,0.84269663,0.15730337,0.81037277,0.03232386,YES,Marathonbet,1.07,5.8,2026-09-17T08:15:26+00:00
1575168,2026-09-17T13:24:20Z,2026-09-19T16:30:00Z,3065.7,NS,VfB Stuttgart,Borussia Dortmund,5,override,1.4,3.0,0.68181818,0.31818182,0.70175439,-0.01993621,NO,Marathonbet,1.36,2.83,2026-09-17T00:30:50+00:00
1575170,2026-09-17T13:24:20Z,2026-09-19T13:30:00Z,2885.7,NS,Eintracht Frankfurt,SC Freiburg,5,override,1.44,2.75,0.65632458,0.34367542,0.62034739,0.03597719,YES,Marathonbet,1.43,2.58,2026-09-17T00:30:50+00:00
1575171,2026-09-17T13:24:20Z,2026-09-19T13:30:00Z,2885.7,NS,Hamburger SV,1. FC Köln,5,override,1.57,2.38,0.60253165,0.39746835,0.60253165,-0.00000000,NO,Marathonbet,1.6,2.38,2026-09-17T00:30:50+00:00
1575172,2026-09-17T13:24:20Z,2026-09-19T13:30:00Z,2885.7,NS,Werder Bremen,FC Augsburg,5,override,1.44,2.75,0.65632458,0.34367542,0.62034739,0.03597719,YES,Marathonbet,1.39,2.72,2026-09-17T00:30:50+00:00
1575174,2026-09-17T13:24:20Z,2026-09-19T13:30:00Z,2885.7,NS,Borussia Mönchengladbach,FSV Mainz 05,5,override,1.53,2.5,0.62034739,0.37965261,0.60253165,0.01781574,NO,Marathonbet,1.5,2.38,2026-09-17T00:30:50+00:00
1575167,2026-09-17T13:50:41Z,2026-09-18T18:30:00Z,1719.3,NS,Bayern München,Union Berlin,5,override,1.12,6.0,0.84269663,0.15730337,0.81037277,0.03232386,YES,Marathonbet,1.07,5.8,2026-09-17T08:15:26+00:00
1575168,2026-09-17T13:50:41Z,2026-09-19T16:30:00Z,3039.3,NS,VfB Stuttgart,Borussia Dortmund,5,override,1.4,3.0,0.68181818,0.31818182,0.70175439,-0.01993621,NO,Marathonbet,1.36,2.83,2026-09-17T00:30:50+00:00
1575169,2026-09-17T13:50:41Z,2026-09-20T13:30:00Z,4299.3,NS,Bayer Leverkusen,RB Leipzig,5,override,1.33,3.4,0.71881607,0.28118393,0.70175439,0.01706168,NO,Marathonbet,1.32,3.04,2026-09-17T02:15:32+00:00
1575170,2026-09-17T13:50:41Z,2026-09-19T13:30:00Z,2859.3,NS,Eintracht Frankfurt,SC Freiburg,5,override,1.44,2.75,0.65632458,0.34367542,0.62034739,0.03597719,YES,Marathonbet,1.43,2.58,2026-09-17T00:30:50+00:00
1575171,2026-09-17T13:50:41Z,2026-09-19T13:30:00Z,2859.3,NS,Hamburger SV,1. FC Köln,5,override,1.57,2.38,0.60253165,0.39746835,0.60253165,-0.00000000,NO,Marathonbet,1.6,2.38,2026-09-17T00:30:50+00:00
1575172,2026-09-17T13:50:41Z,2026-09-19T13:30:00Z,2859.3,NS,Werder Bremen,FC Augsburg,5,override,1.44,2.75,0.65632458,0.34367542,0.62034739,0.03597719,YES,Marathonbet,1.39,2.72,2026-09-17T00:30:50+00:00
1575174,2026-09-17T13:50:41Z,2026-09-19T13:30:00Z,2859.3,NS,Borussia Mönchengladbach,FSV Mainz 05,5,override,1.53,2.5,0.62034739,0.37965261,0.60253165,0.01781574,NO,Marathonbet,1.5,2.38,2026-09-17T00:30:50+00:00
1575167,2026-09-17T14:25:29Z,2026-09-18T18:30:00Z,1684.5,NS,Bayern München,Union Berlin,5,override,1.12,6.0,0.84269663,0.15730337,0.81037277,0.03232386,YES,Marathonbet,1.07,5.8,2026-09-17T08:15:26+00:00
1575168,2026-09-17T14:25:29Z,2026-09-19T16:30:00Z,3004.5,NS,VfB Stuttgart,Borussia Dortmund,5,override,1.4,3.0,0.68181818,0.31818182,0.70175439,-0.01993621,NO,Marathonbet,1.36,2.83,2026-09-17T00:30:50+00:00
1575169,2026-09-17T14:25:29Z,2026-09-20T13:30:00Z,4264.5,NS,Bayer Leverkusen,RB Leipzig,5,override,1.33,3.4,0.71881607,0.28118393,0.70175439,0.01706168,NO,Marathonbet,1.32,3.04,2026-09-17T02:15:32+00:00
1575170,2026-09-17T14:25:29Z,2026-09-19T13:30:00Z,2824.5,NS,Eintracht Frankfurt,SC Freiburg,5,override,1.44,2.75,0.65632458,0.34367542,0.62034739,0.03597719,YES,Marathonbet,1.43,2.58,2026-09-17T00:30:50+00:00
1575171,2026-09-17T14:25:29Z,2026-09-19T13:30:00Z,2824.5,NS,Hamburger SV,1. FC Köln,5,override,1.57,2.38,0.60253165,0.39746835,0.60253165,-0.00000000,NO,Marathonbet,1.6,2.38,2026-09-17T00:30:50+00:00
1575172,2026-09-17T14:25:29Z,2026-09-19T13:30:00Z,2824.5,NS,Werder Bremen,FC Augsburg,5,override,1.44,2.75,0.65632458,0.34367542,0.62034739,0.03597719,YES,Marathonbet,1.39,2.72,2026-09-17T00:30:50+00:00
1575174,2026-09-17T14:25:29Z,2026-09-19T13:30:00Z,2824.5,NS,Borussia Mönchengladbach,FSV Mainz 05,5,override,1.53,2.5,0.62034739,0.37965261,0.60253165,0.01781574,NO,Marathonbet,1.5,2.38,2026-09-17T00:30:50+00:00
1575167,2026-09-17T14:50:43Z,2026-09-18T18:30:00Z,1659.3,NS,Bayern München,Union Berlin,5,override,1.12,6.0,0.84269663,0.15730337,0.81037277,0.03232386,YES,Marathonbet,1.07,5.8,2026-09-17T08:15:26+00:00
1575168,2026-09-17T14:50:43Z,2026-09-19T16:30:00Z,2979.3,NS,VfB Stuttgart,Borussia Dortmund,5,override,1.4,3.0,0.68181818,0.31818182,0.70175439,-0.01993621,NO,Marathonbet,1.36,2.83,2026-09-17T00:30:50+00:00
1575169,2026-09-17T14:50:43Z,2026-09-20T13:30:00Z,4239.3,NS,Bayer Leverkusen,RB Leipzig,5,override,1.33,3.4,0.71881607,0.28118393,0.70175439,0.01706168,NO,Marathonbet,1.32,3.04,2026-09-17T02:15:32+00:00
1575170,2026-09-17T14:50:43Z,2026-09-19T13:30:00Z,2799.3,NS,Eintracht Frankfurt,SC Freiburg,5,override,1.44,2.75,0.65632458,0.34367542,0.62034739,0.03597719,YES,Marathonbet,1.43,2.58,2026-09-17T00:30:50+00:00
1575171,2026-09-17T14:50:43Z,2026-09-19T13:30:00Z,2799.3,NS,Hamburger SV,1. FC Köln,5,override,1.57,2.38,0.60253165,0.39746835,0.60253165,-0.00000000,NO,Marathonbet,1.6,2.38,2026-09-17T00:30:50+00:00
1575172,2026-09-17T14:50:43Z,2026-09-19T13:30:00Z,2799.3,NS,Werder Bremen,FC Augsburg,5,override,1.44,2.75,0.65632458,0.34367542,0.62034739,0.03597719,YES,Marathonbet,1.39,2.72,2026-09-17T00:30:50+00:00
1575174,2026-09-17T14:50:43Z,2026-09-19T13:30:00Z,2799.3,NS,Borussia Mönchengladbach,FSV Mainz 05,5,override,1.53,2.5,0.62034739,0.37965261,0.60253165,0.01781574,NO,Marathonbet,1.5,2.38,2026-09-17T00:30:50+00:00
1575167,2026-09-17T15:23:51Z,2026-09-18T18:30:00Z,1626.2,NS,Bayern München,Union Berlin,5,override,1.12,6.0,0.84269663,0.15730337,0.81037277,0.03232386,YES,Marathonbet,1.07,5.8,2026-09-17T08:15:26+00:00
1575168,2026-09-17T15:23:51Z,2026-09-19T16:30:00Z,2946.2,NS,VfB Stuttgart,Borussia Dortmund,5,override,1.4,3.0,0.68181818,0.31818182,0.70175439,-0.01993621,NO,Marathonbet,1.36,2.83,2026-09-17T00:30:50+00:00
1575169,2026-09-17T15:23:51Z,2026-09-20T13:30:00Z,4206.1,NS,Bayer Leverkusen,RB Leipzig,5,override,1.33,3.4,0.71881607,0.28118393,0.70175439,0.01706168,NO,Marathonbet,1.32,3.04,2026-09-17T02:15:32+00:00
1575170,2026-09-17T15:23:51Z,2026-09-19T13:30:00Z,2766.2,NS,Eintracht Frankfurt,SC Freiburg,5,override,1.44,2.75,0.65632458,0.34367542,0.62034739,0.03597719,YES,Marathonbet,1.43,2.58,2026-09-17T00:30:50+00:00
1575171,2026-09-17T15:23:51Z,2026-09-19T13:30:00Z,2766.2,NS,Hamburger SV,1. FC Köln,5,override,1.57,2.38,0.60253165,0.39746835,0.60253165,-0.00000000,NO,Marathonbet,1.6,2.38,2026-09-17T00:30:50+00:00
1575172,2026-09-17T15:23:51Z,2026-09-19T13:30:00Z,2766.2,NS,Werder Bremen,FC Augsburg,5,override,1.44,2.75,0.65632458,0.34367542,0.62034739,0.03597719,YES,Marathonbet,1.39,2.72,2026-09-17T00:30:50+00:00
1575174,2026-09-17T15:23:51Z,2026-09-19T13:30:00Z,2766.2,NS,Borussia Mönchengladbach,FSV Mainz 05,5,override,1.53,2.5,0.62034739,0.37965261,0.60253165,0.01781574,NO,Marathonbet,1.5,2.38,2026-09-17T00:30:50+00:00
1575167,2026-09-17T16:24:13Z,2026-09-18T18:30:00Z,1565.8,NS,Bayern München,Union Berlin,5,override,1.12,6.0,0.84269663,0.15730337,0.81037277,0.03232386,YES,Marathonbet,1.07,6.15,2026-09-17T16:15:37+00:00
1575168,2026-09-17T16:24:13Z,2026-09-19T16:30:00Z,2885.8,NS,VfB Stuttgart,Borussia Dortmund,5,override,1.4,3.0,0.68181818,0.31818182,0.70175439,-0.01993621,NO,Marathonbet,1.36,2.83,2026-09-17T00:30:50+00:00
1575169,2026-09-17T16:24:13Z,2026-09-20T13:30:00Z,4145.8,NS,Bayer Leverkusen,RB Leipzig,5,override,1.33,3.4,0.71881607,0.28118393,0.70175439,0.01706168,NO,Marathonbet,1.32,3.04,2026-09-17T02:15:32+00:00
1575170,2026-09-17T16:24:13Z,2026-09-19T13:30:00Z,2705.8,NS,Eintracht Frankfurt,SC Freiburg,5,override,1.44,2.75,0.65632458,0.34367542,0.62034739,0.03597719,YES,Marathonbet,1.43,2.58,2026-09-17T00:30:50+00:00
1575171,2026-09-17T16:24:13Z,2026-09-19T13:30:00Z,2705.8,NS,Hamburger SV,1. FC Köln,5,override,1.57,2.38,0.60253165,0.39746835,0.60253165,-0.00000000,NO,Marathonbet,1.6,2.38,2026-09-17T00:30:50+00:00
1575172,2026-09-17T16:24:13Z,2026-09-19T13:30:00Z,2705.8,NS,Werder Bremen,FC Augsburg,5,override,1.44,2.75,0.65632458,0.34367542,0.62034739,0.03597719,YES,Marathonbet,1.39,2.72,2026-09-17T00:30:50+00:00
1575173,2026-09-17T16:24:13Z,2026-09-20T15:30:00Z,4265.8,NS,FC Schalke 04,SV Elversberg,5,override,1.44,2.75,0.65632458,0.34367542,0.58673469,0.06958989,YES,Marathonbet,1.48,2.43,2026-09-17T02:15:32+00:00
1575174,2026-09-17T16:24:13Z,2026-09-19T13:30:00Z,2705.8,NS,Borussia Mönchengladbach,FSV Mainz 05,5,override,1.53,2.5,0.62034739,0.37965261,0.60253165,0.01781574,NO,Marathonbet,1.5,2.38,2026-09-17T00:30:50+00:00
1575167,2026-09-17T17:20:45Z,2026-09-18T18:30:00Z,1509.2,NS,Bayern München,Union Berlin,5,override,1.12,6.0,0.84269663,0.15730337,0.81037277,0.03232386,YES,Marathonbet,1.07,6.15,2026-09-17T16:15:37+00:00
1575168,2026-09-17T17:20:45Z,2026-09-19T16:30:00Z,2829.2,NS,VfB Stuttgart,Borussia Dortmund,5,override,1.4,3.0,0.68181818,0.31818182,0.70175439,-0.01993621,NO,Marathonbet,1.36,2.83,2026-09-17T00:30:50+00:00
1575169,2026-09-17T17:20:45Z,2026-09-20T13:30:00Z,4089.2,NS,Bayer Leverkusen,RB Leipzig,5,override,1.33,3.4,0.71881607,0.28118393,0.70175439,0.01706168,NO,Marathonbet,1.32,3.04,2026-09-17T02:15:32+00:00
1575170,2026-09-17T17:20:45Z,2026-09-19T13:30:00Z,2649.2,NS,Eintracht Frankfurt,SC Freiburg,5,override,1.44,2.75,0.65632458,0.34367542,0.62034739,0.03597719,YES,Marathonbet,1.43,2.58,2026-09-17T00:30:50+00:00
1575171,2026-09-17T17:20:45Z,2026-09-19T13:30:00Z,2649.2,NS,Hamburger SV,1. FC Köln,5,override,1.57,2.38,0.60253165,0.39746835,0.60253165,-0.00000000,NO,Marathonbet,1.6,2.38,2026-09-17T00:30:50+00:00
1575172,2026-09-17T17:20:45Z,2026-09-19T13:30:00Z,2649.2,NS,Werder Bremen,FC Augsburg,5,override,1.44,2.75,0.65632458,0.34367542,0.62034739,0.03597719,YES,Marathonbet,1.39,2.72,2026-09-17T00:30:50+00:00
1575173,2026-09-17T17:20:45Z,2026-09-20T15:30:00Z,4209.2,NS,FC Schalke 04,SV Elversberg,5,override,1.44,2.75,0.65632458,0.34367542,0.58673469,0.06958989,YES,Marathonbet,1.48,2.43,2026-09-17T02:15:32+00:00
1575174,2026-09-17T17:20:45Z,2026-09-19T13:30:00Z,2649.2,NS,Borussia Mönchengladbach,FSV Mainz 05,5,override,1.53,2.5,0.62034739,0.37965261,0.60253165,0.01781574,NO,Marathonbet,1.5,2.38,2026-09-17T00:30:50+00:00
1575167,2026-09-17T18:26:19Z,2026-09-18T18:30:00Z,1443.7,NS,Bayern München,Union Berlin,5,override,1.12,6.0,0.84269663,0.15730337,0.81037277,0.03232386,YES,Marathonbet,1.07,6.15,2026-09-17T16:15:37+00:00
1575168,2026-09-17T18:26:19Z,2026-09-19T16:30:00Z,2763.7,NS,VfB Stuttgart,Borussia Dortmund,5,override,1.4,3.0,0.68181818,0.31818182,0.70175439,-0.01993621,NO,Marathonbet,1.36,2.83,2026-09-17T00:30:50+00:00
1575169,2026-09-17T18:26:19Z,2026-09-20T13:30:00Z,4023.7,NS,Bayer Leverkusen,RB Leipzig,5,override,1.33,3.4,0.71881607,0.28118393,0.70175439,0.01706168,NO,Marathonbet,1.32,3.04,2026-09-17T02:15:32+00:00
1575170,2026-09-17T18:26:19Z,2026-09-19T13:30:00Z,2583.7,NS,Eintracht Frankfurt,SC Freiburg,5,override,1.44,2.75,0.65632458,0.34367542,0.62034739,0.03597719,YES,Marathonbet,1.43,2.58,2026-09-17T00:30:50+00:00
1575171,2026-09-17T18:26:19Z,2026-09-19T13:30:00Z,2583.7,NS,Hamburger SV,1. FC Köln,5,override,1.57,2.38,0.60253165,0.39746835,0.60253165,-0.00000000,NO,Marathonbet,1.6,2.38,2026-09-17T00:30:50+00:00
1575172,2026-09-17T18:26:19Z,2026-09-19T13:30:00Z,2583.7,NS,Werder Bremen,FC Augsburg,5,override,1.44,2.75,0.65632458,0.34367542,0.62034739,0.03597719,YES,Marathonbet,1.39,2.72,2026-09-17T00:30:50+00:00
1575173,2026-09-17T18:26:19Z,2026-09-20T15:30:00Z,4143.7,NS,FC Schalke 04,SV Elversberg,5,override,1.44,2.75,0.65632458,0.34367542,0.58673469,0.06958989,YES,Marathonbet,1.48,2.43,2026-09-17T02:15:32+00:00
1575174,2026-09-17T18:26:19Z,2026-09-19T13:30:00Z,2583.7,NS,Borussia Mönchengladbach,FSV Mainz 05,5,override,1.53,2.5,0.62034739,0.37965261,0.60253165,0.01781574,NO,Marathonbet,1.5,2.38,2026-09-17T00:30:50+00:00
1575175,2026-09-17T18:26:19Z,2026-09-20T17:30:00Z,4263.7,NS,SC Paderborn 07,1899 Hoffenheim,5,override,1.44,2.75,0.65632458,0.34367542,0.65632458,0.00000000,NO,Marathonbet,1.39,2.72,2026-09-17T02:15:32+00:00
1575167,2026-09-17T19:21:29Z,2026-09-18T18:30:00Z,1388.5,NS,Bayern München,Union Berlin,5,override,1.12,6.0,0.84269663,0.15730337,0.81037277,0.03232386,YES,Marathonbet,1.07,6.15,2026-09-17T16:15:37+00:00
1575168,2026-09-17T19:21:29Z,2026-09-19T16:30:00Z,2708.5,NS,VfB Stuttgart,Borussia Dortmund,5,override,1.4,3.0,0.68181818,0.31818182,0.70175439,-0.01993621,NO,Marathonbet,1.36,2.83,2026-09-17T00:30:50+00:00
1575169,2026-09-17T19:21:29Z,2026-09-20T13:30:00Z,3968.5,NS,Bayer Leverkusen,RB Leipzig,5,override,1.33,3.4,0.71881607,0.28118393,0.70175439,0.01706168,NO,Marathonbet,1.32,3.04,2026-09-17T02:15:32+00:00
1575170,2026-09-17T19:21:29Z,2026-09-19T13:30:00Z,2528.5,NS,Eintracht Frankfurt,SC Freiburg,5,override,1.44,2.75,0.65632458,0.34367542,0.62034739,0.03597719,YES,Marathonbet,1.43,2.58,2026-09-17T00:30:50+00:00
1575171,2026-09-17T19:21:29Z,2026-09-19T13:30:00Z,2528.5,NS,Hamburger SV,1. FC Köln,5,override,1.57,2.38,0.60253165,0.39746835,0.60253165,-0.00000000,NO,Marathonbet,1.6,2.38,2026-09-17T00:30:50+00:00
1575172,2026-09-17T19:21:29Z,2026-09-19T13:30:00Z,2528.5,NS,Werder Bremen,FC Augsburg,5,override,1.44,2.75,0.65632458,0.34367542,0.62034739,0.03597719,YES,Marathonbet,1.39,2.72,2026-09-17T00:30:50+00:00
1575173,2026-09-17T19:21:29Z,2026-09-20T15:30:00Z,4088.5,NS,FC Schalke 04,SV Elversberg,5,override,1.44,2.75,0.65632458,0.34367542,0.58673469,0.06958989,YES,Marathonbet,1.48,2.43,2026-09-17T02:15:32+00:00
1575174,2026-09-17T19:21:29Z,2026-09-19T13:30:00Z,2528.5,NS,Borussia Mönchengladbach,FSV Mainz 05,5,override,1.53,2.5,0.62034739,0.37965261,0.60253165,0.01781574,NO,Marathonbet,1.5,2.38,2026-09-17T00:30:50+00:00
1575175,2026-09-17T19:21:29Z,2026-09-20T17:30:00Z,4208.5,NS,SC Paderborn 07,1899 Hoffenheim,5,override,1.44,2.75,0.65632458,0.34367542,0.65632458,0.00000000,NO,Marathonbet,1.39,2.72,2026-09-17T02:15:32+00:00
1575167,2026-09-17T19:47:18Z,2026-09-18T18:30:00Z,1362.7,NS,Bayern München,Union Berlin,5,override,1.12,6.0,0.84269663,0.15730337,0.81037277,0.03232386,YES,Marathonbet,1.07,6.15,2026-09-17T16:15:37+00:00
1575168,2026-09-17T19:47:18Z,2026-09-19T16:30:00Z,2682.7,NS,VfB Stuttgart,Borussia Dortmund,5,override,1.4,3.0,0.68181818,0.31818182,0.70175439,-0.01993621,NO,Marathonbet,1.36,2.83,2026-09-17T00:30:50+00:00
1575169,2026-09-17T19:47:18Z,2026-09-20T13:30:00Z,3942.7,NS,Bayer Leverkusen,RB Leipzig,5,override,1.33,3.4,0.71881607,0.28118393,0.70175439,0.01706168,NO,Marathonbet,1.32,3.04,2026-09-17T02:15:32+00:00
1575170,2026-09-17T19:47:18Z,2026-09-19T13:30:00Z,2502.7,NS,Eintracht Frankfurt,SC Freiburg,5,override,1.44,2.75,0.65632458,0.34367542,0.62034739,0.03597719,YES,Marathonbet,1.43,2.58,2026-09-17T00:30:50+00:00
1575171,2026-09-17T19:47:18Z,2026-09-19T13:30:00Z,2502.7,NS,Hamburger SV,1. FC Köln,5,override,1.57,2.38,0.60253165,0.39746835,0.60253165,-0.00000000,NO,Marathonbet,1.6,2.38,2026-09-17T00:30:50+00:00
1575172,2026-09-17T19:47:18Z,2026-09-19T13:30:00Z,2502.7,NS,Werder Bremen,FC Augsburg,5,override,1.44,2.75,0.65632458,0.34367542,0.62034739,0.03597719,YES,Marathonbet,1.39,2.72,2026-09-17T00:30:50+00:00
1575173,2026-09-17T19:47:18Z,2026-09-20T15:30:00Z,4062.7,NS,FC Schalke 04,SV Elversberg,5,override,1.44,2.75,0.65632458,0.34367542,0.58673469,0.06958989,YES,Marathonbet,1.48,2.43,2026-09-17T02:15:32+00:00
1575174,2026-09-17T19:47:18Z,2026-09-19T13:30:00Z,2502.7,NS,Borussia Mönchengladbach,FSV Mainz 05,5,override,1.53,2.5,0.62034739,0.37965261,0.60253165,0.01781574,NO,Marathonbet,1.5,2.38,2026-09-17T00:30:50+00:00
1575175,2026-09-17T19:47:18Z,2026-09-20T17:30:00Z,4182.7,NS,SC Paderborn 07,1899 Hoffenheim,5,override,1.44,2.75,0.65632458,0.34367542,0.65632458,0.00000000,NO,Marathonbet,1.39,2.72,2026-09-17T02:15:32+00:00
1575167,2026-09-17T20:23:33Z,2026-09-18T18:30:00Z,1326.5,NS,Bayern München,Union Berlin,5,override,1.12,6.0,0.84269663,0.15730337,0.81037277,0.03232386,YES,Marathonbet,1.07,6.15,2026-09-17T16:15:37+00:00
1575168,2026-09-17T20:23:33Z,2026-09-19T16:30:00Z,2646.4,NS,VfB Stuttgart,Borussia Dortmund,5,override,1.4,3.0,0.68181818,0.31818182,0.70175439,-0.01993621,NO,Marathonbet,1.36,2.83,2026-09-17T00:30:50+00:00
1575169,2026-09-17T20:23:33Z,2026-09-20T13:30:00Z,3906.4,NS,Bayer Leverkusen,RB Leipzig,5,override,1.33,3.4,0.71881607,0.28118393,0.70175439,0.01706168,NO,Marathonbet,1.32,3.04,2026-09-17T02:15:32+00:00
1575170,2026-09-17T20:23:33Z,2026-09-19T13:30:00Z,2466.4,NS,Eintracht Frankfurt,SC Freiburg,5,override,1.44,2.75,0.65632458,0.34367542,0.62034739,0.03597719,YES,Marathonbet,1.43,2.58,2026-09-17T00:30:50+00:00
1575171,2026-09-17T20:23:33Z,2026-09-19T13:30:00Z,2466.4,NS,Hamburger SV,1. FC Köln,5,override,1.57,2.38,0.60253165,0.39746835,0.60253165,-0.00000000,NO,Marathonbet,1.6,2.38,2026-09-17T00:30:50+00:00
1575172,2026-09-17T20:23:33Z,2026-09-19T13:30:00Z,2466.4,NS,Werder Bremen,FC Augsburg,5,override,1.44,2.75,0.65632458,0.34367542,0.62034739,0.03597719,YES,Marathonbet,1.39,2.72,2026-09-17T00:30:50+00:00
1575173,2026-09-17T20:23:33Z,2026-09-20T15:30:00Z,4026.4,NS,FC Schalke 04,SV Elversberg,5,override,1.44,2.75,0.65632458,0.34367542,0.58673469,0.06958989,YES,Marathonbet,1.48,2.43,2026-09-17T02:15:32+00:00
1575174,2026-09-17T20:23:33Z,2026-09-19T13:30:00Z,2466.4,NS,Borussia Mönchengladbach,FSV Mainz 05,5,override,1.53,2.5,0.62034739,0.37965261,0.60253165,0.01781574,NO,Marathonbet,1.5,2.38,2026-09-17T00:30:50+00:00
1575175,2026-09-17T20:23:33Z,2026-09-20T17:30:00Z,4146.4,NS,SC Paderborn 07,1899 Hoffenheim,5,override,1.44,2.75,0.65632458,0.34367542,0.65632458,0.00000000,NO,Marathonbet,1.39,2.72,2026-09-17T02:15:32+00:00
