market_key,api_fixture_id,league,league_id,locked_at_utc,kickoff_utc,close_observed_at_utc,close_gap_minutes,home_team,away_team,home_handicap_line,bet_id,bet_name,open_p_home,open_p_draw,open_p_away,close_p_home,close_p_draw,close_p_away,move_home_pp,move_draw_pp,move_away_pp,bet365_close_home,bet365_close_draw,bet365_close_away,user_bookmaker,user_close_home,user_close_draw,user_close_away,status,note
EH|1515923|-2,1515923,Virsliga,365,2026-09-11T14:26:18Z,2026-09-11T14:00:00Z,2026-09-11T13:46:46Z,13.2,Ogre United,FK Liepaja,-2,9,Handicap Result,0.04087080,0.07230988,0.88681931,0.04087080,0.07230988,0.88681931,0.00000000,0.00000000,0.00000000,23.0,13.0,1.06,Marathonbet,,,,OBSERVED_CLOSE_FROZEN,Exact same European Handicap home-line; latest stored pre-kickoff triplet
EH|1515923|-1,1515923,Virsliga,365,2026-09-11T14:26:18Z,2026-09-11T14:00:00Z,2026-09-11T13:46:46Z,13.2,Ogre United,FK Liepaja,-1,9,Handicap Result,0.09315165,0.14331023,0.76353812,0.09315165,0.14331023,0.76353812,0.00000000,0.00000000,-0.00000000,10.0,6.5,1.22,Marathonbet,9.3,6.3,1.13,OBSERVED_CLOSE_FROZEN,Exact same European Handicap home-line; latest stored pre-kickoff triplet
EH|1515923|+1,1515923,Virsliga,365,2026-09-11T14:26:18Z,2026-09-11T14:00:00Z,2026-09-11T13:46:46Z,13.2,Ogre United,FK Liepaja,+1,9,Handicap Result,0.42982528,0.22565827,0.34451645,0.42982528,0.22565827,0.34451645,0.00000000,0.00000000,-0.00000000,2.1,4.0,2.62,Marathonbet,2.11,3.58,2.49,OBSERVED_CLOSE_FROZEN,Exact same European Handicap home-line; latest stored pre-kickoff triplet
EH|1515923|+2,1515923,Virsliga,365,2026-09-11T14:26:18Z,2026-09-11T14:00:00Z,2026-09-11T13:46:46Z,13.2,Ogre United,FK Liepaja,+2,9,Handicap Result,0.61608301,0.18677043,0.19714656,0.61608301,0.18677043,0.19714656,-0.00000000,-0.00000000,0.00000000,1.44,4.75,4.5,Marathonbet,1.42,4.8,4.6,OBSERVED_CLOSE_FROZEN,Exact same European Handicap home-line; latest stored pre-kickoff triplet
EH|1515923|+3,1515923,Virsliga,365,2026-09-11T14:26:18Z,2026-09-11T14:00:00Z,2026-09-11T13:46:46Z,13.2,Ogre United,FK Liepaja,+3,9,Handicap Result,0.78410873,0.12336644,0.09252483,0.78410873,0.12336644,0.09252483,-0.00000000,0.00000000,0.00000000,1.18,7.5,10.0,Marathonbet,1.13,7.4,9.0,OBSERVED_CLOSE_FROZEN,Exact same European Handicap home-line; latest stored pre-kickoff triplet
EH|1575164|-3,1575164,Bundesliga,78,2026-09-11T18:41:56Z,2026-09-11T18:30:00Z,2026-09-11T14:47:34Z,222.4,Union Berlin,FC Schalke 04,-3,9,Handicap Result,0.04087080,0.07230988,0.88681931,0.04087080,0.07230988,0.88681931,0.00000000,0.00000000,0.00000000,23.0,13.0,1.06,Marathonbet,,,,OBSERVED_CLOSE_FROZEN,Exact same European Handicap home-line; latest stored pre-kickoff triplet
EH|1575164|-2,1575164,Bundesliga,78,2026-09-11T18:41:56Z,2026-09-11T18:30:00Z,2026-09-11T14:47:34Z,222.4,Union Berlin,FC Schalke 04,-2,9,Handicap Result,0.09198113,0.14150943,0.76650943,0.09198113,0.14150943,0.76650943,0.00000000,0.00000000,0.00000000,10.0,6.5,1.2,Marathonbet,9.3,7.3,1.16,OBSERVED_CLOSE_FROZEN,Exact same European Handicap home-line; latest stored pre-kickoff triplet
EH|1575164|-1,1575164,Bundesliga,78,2026-09-11T18:41:56Z,2026-09-11T18:30:00Z,2026-09-11T14:47:34Z,222.4,Union Berlin,FC Schalke 04,-1,9,Handicap Result,0.20238095,0.20238095,0.59523810,0.20238095,0.20238095,0.59523810,0.00000000,0.00000000,-0.00000000,4.5,4.5,1.53,Marathonbet,4.45,4.4,1.6,OBSERVED_CLOSE_FROZEN,Exact same European Handicap home-line; latest stored pre-kickoff triplet
EH|1575164|+1,1575164,Bundesliga,78,2026-09-11T18:41:56Z,2026-09-11T18:30:00Z,2026-09-11T14:47:34Z,222.4,Union Berlin,FC Schalke 04,+1,9,Handicap Result,0.66079295,0.18502203,0.15418502,0.66079295,0.18502203,0.15418502,0.00000000,-0.00000000,0.00000000,1.4,5.0,6.0,Marathonbet,1.46,4.8,5.55,OBSERVED_CLOSE_FROZEN,Exact same European Handicap home-line; latest stored pre-kickoff triplet
EH|1575164|+2,1575164,Bundesliga,78,2026-09-11T18:41:56Z,2026-09-11T18:30:00Z,2026-09-11T14:47:34Z,222.4,Union Berlin,FC Schalke 04,+2,9,Handicap Result,0.82889091,0.10921857,0.06189052,0.82889091,0.10921857,0.06189052,0.00000000,-0.00000000,0.00000000,1.12,8.5,15.0,Marathonbet,1.1,4.95,6.4,OBSERVED_CLOSE_FROZEN,Exact same European Handicap home-line; latest stored pre-kickoff triplet
EH|1561926|-2,1561926,Austrian Bundesliga,218,2026-09-11T18:41:56Z,2026-09-11T17:30:00Z,2026-09-11T14:47:34Z,162.4,Ried,Red Bull Salzburg,-2,9,Handicap Result,0.03268989,0.05576511,0.91154500,0.03268989,0.05576511,0.91154500,-0.00000000,-0.00000000,0.00000000,29.0,17.0,1.04,Marathonbet,,,,OBSERVED_CLOSE_FROZEN,Exact same European Handicap home-line; latest stored pre-kickoff triplet
EH|1561926|-1,1561926,Austrian Bundesliga,218,2026-09-11T18:41:56Z,2026-09-11T17:30:00Z,2026-09-11T14:47:34Z,162.4,Ried,Red Bull Salzburg,-1,9,Handicap Result,0.07073716,0.12261107,0.80665177,0.07073716,0.12261107,0.80665177,-0.00000000,-0.00000000,0.00000000,13.0,7.5,1.14,Marathonbet,7.0,4.75,1.12,OBSERVED_CLOSE_FROZEN,Exact same European Handicap home-line; latest stored pre-kickoff triplet
EH|1561926|+1,1561926,Austrian Bundesliga,218,2026-09-11T18:41:56Z,2026-09-11T17:30:00Z,2026-09-11T14:47:34Z,162.4,Ried,Red Bull Salzburg,+1,9,Handicap Result,0.36548223,0.22842640,0.40609137,0.36548223,0.22842640,0.40609137,0.00000000,-0.00000000,0.00000000,2.5,4.0,2.25,Marathonbet,2.45,3.74,2.23,OBSERVED_CLOSE_FROZEN,Exact same European Handicap home-line; latest stored pre-kickoff triplet
EH|1561926|+2,1561926,Austrian Bundesliga,218,2026-09-11T18:41:56Z,2026-09-11T17:30:00Z,2026-09-11T14:47:34Z,162.4,Ried,Red Bull Salzburg,+2,9,Handicap Result,0.58037419,0.19182894,0.22779687,0.58037419,0.19182894,0.22779687,-0.00000000,0.00000000,-0.00000000,1.57,4.75,4.0,Marathonbet,1.54,4.55,3.78,OBSERVED_CLOSE_FROZEN,Exact same European Handicap home-line; latest stored pre-kickoff triplet
EH|1561926|+3,1561926,Austrian Bundesliga,218,2026-09-11T18:41:56Z,2026-09-11T17:30:00Z,2026-09-11T14:47:34Z,162.4,Ried,Red Bull Salzburg,+3,9,Handicap Result,0.76345128,0.13305865,0.10349006,0.76345128,0.13305865,0.10349006,0.00000000,0.00000000,0.00000000,1.22,7.0,9.0,Marathonbet,1.19,6.45,6.95,OBSERVED_CLOSE_FROZEN,Exact same European Handicap home-line; latest stored pre-kickoff triplet
EH|1549016|-4,1549016,Danish Superliga,119,2026-09-11T18:41:56Z,2026-09-11T17:00:00Z,2026-09-11T14:47:34Z,132.4,FC Copenhagen,AC Horsens,-4,9,Handicap Result,0.08550058,0.11064781,0.80385161,0.08550058,0.11064781,0.80385161,0.00000000,-0.00000000,-0.00000000,11.0,8.5,1.17,Marathonbet,6.3,5.4,1.1,OBSERVED_CLOSE_FROZEN,Exact same European Handicap home-line; latest stored pre-kickoff triplet
EH|1549016|-3,1549016,Danish Superliga,119,2026-09-11T18:41:56Z,2026-09-11T17:00:00Z,2026-09-11T14:47:34Z,132.4,FC Copenhagen,AC Horsens,-3,9,Handicap Result,0.14346067,0.15541573,0.70112360,0.14346067,0.15541573,0.70112360,0.00000000,0.00000000,-0.00000000,6.5,6.0,1.33,Marathonbet,5.8,5.75,1.29,OBSERVED_CLOSE_FROZEN,Exact same European Handicap home-line; latest stored pre-kickoff triplet
EH|1549016|-2,1549016,Danish Superliga,119,2026-09-11T18:41:56Z,2026-09-11T17:00:00Z,2026-09-11T14:47:34Z,132.4,FC Copenhagen,AC Horsens,-2,9,Handicap Result,0.28356457,0.21283715,0.50359828,0.28356457,0.21283715,0.50359828,0.00000000,-0.00000000,0.00000000,3.25,4.33,1.83,Marathonbet,3.04,4.2,1.87,OBSERVED_CLOSE_FROZEN,Exact same European Handicap home-line; latest stored pre-kickoff triplet
EH|1549016|-1,1549016,Danish Superliga,119,2026-09-11T18:41:56Z,2026-09-11T17:00:00Z,2026-09-11T14:47:34Z,132.4,FC Copenhagen,AC Horsens,-1,9,Handicap Result,0.49352610,0.24084074,0.26563316,0.52802957,0.22837279,0.24359764,0.03450347,-0.01246795,-0.02203552,1.73,4.0,3.75,Marathonbet,1.87,3.74,3.42,OBSERVED_CLOSE_FROZEN,Exact same European Handicap home-line; latest stored pre-kickoff triplet
EH|1549016|+1,1549016,Danish Superliga,119,2026-09-11T18:41:56Z,2026-09-11T17:00:00Z,2026-09-11T14:47:34Z,132.4,FC Copenhagen,AC Horsens,+1,9,Handicap Result,0.86985992,0.08540443,0.04473565,0.86985992,0.08540443,0.04473565,-0.00000000,-0.00000000,0.00000000,1.08,11.0,21.0,Marathonbet,,,,OBSERVED_CLOSE_FROZEN,Exact same European Handicap home-line; latest stored pre-kickoff triplet
EH|1549016|+2,1549016,Danish Superliga,119,2026-09-11T18:41:56Z,2026-09-11T17:00:00Z,2026-09-11T14:47:34Z,132.4,FC Copenhagen,AC Horsens,+2,9,Handicap Result,0.94459919,0.03669405,0.01870677,0.94459919,0.03669405,0.01870677,-0.00000000,-0.00000000,-0.00000000,1.01,26.0,51.0,Marathonbet,,,,OBSERVED_CLOSE_FROZEN,Exact same European Handicap home-line; latest stored pre-kickoff triplet
EH|1515921|-3,1515921,Virsliga,365,2026-09-11T18:41:56Z,2026-09-11T15:00:00Z,2026-09-11T14:47:34Z,12.4,Riga,Auda,-3,9,Handicap Result,0.13924051,0.16455696,0.69620253,0.13924051,0.16455696,0.69620253,-0.00000000,0.00000000,0.00000000,6.5,5.5,1.3,Marathonbet,6.4,6.0,1.25,OBSERVED_CLOSE_FROZEN,Exact same European Handicap home-line; latest stored pre-kickoff triplet
EH|1515921|-2,1515921,Virsliga,365,2026-09-11T18:41:56Z,2026-09-11T15:00:00Z,2026-09-11T14:47:34Z,12.4,Riga,Auda,-2,9,Handicap Result,0.27217488,0.21371700,0.51410812,0.27217488,0.21371700,0.51410812,0.00000000,-0.00000000,-0.00000000,3.4,4.33,1.8,Marathonbet,3.28,4.3,1.73,OBSERVED_CLOSE_FROZEN,Exact same European Handicap home-line; latest stored pre-kickoff triplet
EH|1515921|-1,1515921,Virsliga,365,2026-09-11T18:41:56Z,2026-09-11T15:00:00Z,2026-09-11T14:47:34Z,12.4,Riga,Auda,-1,9,Handicap Result,0.47299961,0.22585731,0.30114308,0.47299961,0.22585731,0.30114308,-0.00000000,0.00000000,0.00000000,1.91,4.0,3.0,Marathonbet,1.96,3.66,2.92,OBSERVED_CLOSE_FROZEN,Exact same European Handicap home-line; latest stored pre-kickoff triplet
EH|1515921|+1,1515921,Virsliga,365,2026-09-11T18:41:56Z,2026-09-11T15:00:00Z,2026-09-11T14:47:34Z,12.4,Riga,Auda,+1,9,Handicap Result,0.83053435,0.11523664,0.05422901,0.83053435,0.11523664,0.05422901,0.00000000,0.00000000,-0.00000000,1.11,8.0,17.0,Marathonbet,1.12,4.65,6.5,OBSERVED_CLOSE_FROZEN,Exact same European Handicap home-line; latest stored pre-kickoff triplet
EH|1515921|+2,1515921,Virsliga,365,2026-09-11T18:41:56Z,2026-09-11T15:00:00Z,2026-09-11T14:47:34Z,12.4,Riga,Auda,+2,9,Handicap Result,0.93157621,0.04524799,0.02317580,0.93157621,0.04524799,0.02317580,0.00000000,-0.00000000,-0.00000000,1.02,21.0,41.0,Marathonbet,,,,OBSERVED_CLOSE_FROZEN,Exact same European Handicap home-line; latest stored pre-kickoff triplet
EH|1552162|-4,1552162,Eredivisie,88,2026-09-11T18:41:56Z,2026-09-11T18:00:00Z,2026-09-11T14:47:34Z,192.4,AZ Alkmaar,Willem II,-4,9,Handicap Result,0.15357968,0.15357968,0.69284065,0.15357968,0.15357968,0.69284065,-0.00000000,-0.00000000,-0.00000000,6.0,6.0,1.33,Marathonbet,5.25,6.0,1.3,OBSERVED_CLOSE_FROZEN,Exact same European Handicap home-line; latest stored pre-kickoff triplet
EH|1552162|-3,1552162,Eredivisie,88,2026-09-11T18:41:56Z,2026-09-11T18:00:00Z,2026-09-11T14:47:34Z,192.4,AZ Alkmaar,Willem II,-3,9,Handicap Result,0.28655216,0.19606200,0.51738584,0.28655216,0.19606200,0.51738584,-0.00000000,0.00000000,-0.00000000,3.25,4.75,1.8,Marathonbet,2.97,4.55,1.79,OBSERVED_CLOSE_FROZEN,Exact same European Handicap home-line; latest stored pre-kickoff triplet
EH|1552162|-2,1552162,Eredivisie,88,2026-09-11T18:41:56Z,2026-09-11T18:00:00Z,2026-09-11T14:47:34Z,192.4,AZ Alkmaar,Willem II,-2,9,Handicap Result,0.46824064,0.20654495,0.32521441,0.46824064,0.20654495,0.32521441,0.00000000,-0.00000000,-0.00000000,1.91,4.33,2.75,Marathonbet,1.96,4.25,2.7,OBSERVED_CLOSE_FROZEN,Exact same European Handicap home-line; latest stored pre-kickoff triplet
EH|1552162|-1,1552162,Eredivisie,88,2026-09-11T18:41:56Z,2026-09-11T18:00:00Z,2026-09-11T14:47:34Z,192.4,AZ Alkmaar,Willem II,-1,9,Handicap Result,0.65165877,0.18246445,0.16587678,0.65165877,0.18246445,0.16587678,-0.00000000,0.00000000,-0.00000000,1.4,5.0,5.5,Marathonbet,1.36,4.75,5.85,OBSERVED_CLOSE_FROZEN,Exact same European Handicap home-line; latest stored pre-kickoff triplet
EH|1552162|+1,1552162,Eredivisie,88,2026-09-11T18:41:56Z,2026-09-11T18:00:00Z,2026-09-11T14:47:34Z,192.4,AZ Alkmaar,Willem II,+1,9,Handicap Result,0.92649857,0.05022598,0.02327545,0.92649857,0.05022598,0.02327545,0.00000000,-0.00000000,0.00000000,1.03,19.0,41.0,Marathonbet,,,,OBSERVED_CLOSE_FROZEN,Exact same European Handicap home-line; latest stored pre-kickoff triplet
EH|1553168|-3,1553168,Ekstraklasa,106,2026-09-11T18:41:56Z,2026-09-11T16:00:00Z,2026-09-11T14:47:34Z,72.4,Raków Częstochowa,Motor Lublin,-3,9,Handicap Result,0.06995440,0.09572707,0.83431853,0.06995440,0.09572707,0.83431853,-0.00000000,0.00000000,-0.00000000,13.0,9.5,1.09,Marathonbet,6.3,5.05,1.1,OBSERVED_CLOSE_FROZEN,Exact same European Handicap home-line; latest stored pre-kickoff triplet
EH|1553168|-2,1553168,Ekstraklasa,106,2026-09-11T18:41:56Z,2026-09-11T16:00:00Z,2026-09-11T14:47:34Z,72.4,Raków Częstochowa,Motor Lublin,-2,9,Handicap Result,0.14146200,0.16718236,0.69135564,0.14146200,0.16718236,0.69135564,-0.00000000,0.00000000,-0.00000000,6.5,5.5,1.33,Marathonbet,5.8,5.4,1.28,OBSERVED_CLOSE_FROZEN,Exact same European Handicap home-line; latest stored pre-kickoff triplet
EH|1553168|-1,1553168,Ekstraklasa,106,2026-09-11T18:41:56Z,2026-09-11T16:00:00Z,2026-09-11T14:47:34Z,72.4,Raków Częstochowa,Motor Lublin,-1,9,Handicap Result,0.28773727,0.23018982,0.48207291,0.28773727,0.23018982,0.48207291,0.00000000,-0.00000000,0.00000000,3.2,4.0,1.91,Marathonbet,3.08,3.84,1.83,OBSERVED_CLOSE_FROZEN,Exact same European Handicap home-line; latest stored pre-kickoff triplet
EH|1553168|+1,1553168,Ekstraklasa,106,2026-09-11T18:41:56Z,2026-09-11T16:00:00Z,2026-09-11T14:47:34Z,72.4,Raków Częstochowa,Motor Lublin,+1,9,Handicap Result,0.71739130,0.16304348,0.11956522,0.71739130,0.16304348,0.11956522,0.00000000,-0.00000000,-0.00000000,1.25,5.5,7.5,Marathonbet,1.26,5.3,6.65,OBSERVED_CLOSE_FROZEN,Exact same European Handicap home-line; latest stored pre-kickoff triplet
EH|1553168|+2,1553168,Ekstraklasa,106,2026-09-11T18:41:56Z,2026-09-11T16:00:00Z,2026-09-11T14:47:34Z,72.4,Raków Częstochowa,Motor Lublin,+2,9,Handicap Result,0.86079912,0.08451482,0.05468606,0.86079912,0.08451482,0.05468606,-0.00000000,0.00000000,0.00000000,1.08,11.0,17.0,Marathonbet,,,,OBSERVED_CLOSE_FROZEN,Exact same European Handicap home-line; latest stored pre-kickoff triplet
EH|1553170|-3,1553170,Ekstraklasa,106,2026-09-11T18:41:56Z,2026-09-11T18:30:00Z,2026-09-11T14:47:34Z,222.4,Wisla Krakow,Jagiellonia,-3,9,Handicap Result,0.04458970,0.07202951,0.88338079,0.04458970,0.07202951,0.88338079,-0.00000000,0.00000000,0.00000000,21.0,13.0,1.06,Marathonbet,,,,OBSERVED_CLOSE_FROZEN,Exact same European Handicap home-line; latest stored pre-kickoff triplet
EH|1553170|-2,1553170,Ekstraklasa,106,2026-09-11T18:41:56Z,2026-09-11T18:30:00Z,2026-09-11T14:47:34Z,222.4,Wisla Krakow,Jagiellonia,-2,9,Handicap Result,0.10116732,0.14007782,0.75875486,0.11378964,0.14004879,0.74616157,0.01262232,-0.00002903,-0.01259329,8.0,6.5,1.22,Marathonbet,8.7,6.95,1.16,OBSERVED_CLOSE_FROZEN,Exact same European Handicap home-line; latest stored pre-kickoff triplet
EH|1553170|-1,1553170,Ekstraklasa,106,2026-09-11T18:41:56Z,2026-09-11T18:30:00Z,2026-09-11T14:47:34Z,222.4,Wisla Krakow,Jagiellonia,-1,9,Handicap Result,0.21400264,0.21400264,0.57199472,0.23153523,0.21388936,0.55457541,0.01753259,-0.00011328,-0.01741931,4.0,4.33,1.67,Marathonbet,4.15,4.3,1.57,OBSERVED_CLOSE_FROZEN,Exact same European Handicap home-line; latest stored pre-kickoff triplet
EH|1553170|+1,1553170,Ekstraklasa,106,2026-09-11T18:41:56Z,2026-09-11T18:30:00Z,2026-09-11T14:47:34Z,222.4,Wisla Krakow,Jagiellonia,+1,9,Handicap Result,0.63898740,0.19371408,0.16729852,0.66079295,0.18502203,0.15418502,0.02180555,-0.00869205,-0.01311350,1.4,5.0,6.0,Marathonbet,1.4,4.8,5.35,OBSERVED_CLOSE_FROZEN,Exact same European Handicap home-line; latest stored pre-kickoff triplet
EH|1553170|+2,1553170,Ekstraklasa,106,2026-09-11T18:41:56Z,2026-09-11T18:30:00Z,2026-09-11T14:47:34Z,222.4,Wisla Krakow,Jagiellonia,+2,9,Handicap Result,0.80808081,0.11515152,0.07676768,0.82238678,0.10739404,0.07021918,0.01430597,-0.00775748,-0.00654850,1.11,8.5,13.0,Marathonbet,,,,OBSERVED_CLOSE_FROZEN,Exact same European Handicap home-line; latest stored pre-kickoff triplet
EH|1584405|-4,1584405,Super Lig,203,2026-09-11T18:41:56Z,2026-09-11T17:00:00Z,2026-09-11T14:47:34Z,132.4,Beşiktaş,Erzurumspor FK,-4,9,Handicap Result,0.08491336,0.11675587,0.79833076,0.08491336,0.11675587,0.79833076,0.00000000,0.00000000,0.00000000,11.0,8.0,1.17,Marathonbet,8.7,7.7,1.13,OBSERVED_CLOSE_FROZEN,Exact same European Handicap home-line; latest stored pre-kickoff triplet
EH|1584405|-3,1584405,Super Lig,203,2026-09-11T18:41:56Z,2026-09-11T17:00:00Z,2026-09-11T14:47:34Z,132.4,Beşiktaş,Erzurumspor FK,-3,9,Handicap Result,0.18274112,0.18274112,0.63451777,0.18274112,0.18274112,0.63451777,-0.00000000,-0.00000000,-0.00000000,5.0,5.0,1.44,Marathonbet,4.6,5.05,1.41,OBSERVED_CLOSE_FROZEN,Exact same European Handicap home-line; latest stored pre-kickoff triplet
EH|1584405|-2,1584405,Super Lig,203,2026-09-11T18:41:56Z,2026-09-11T17:00:00Z,2026-09-11T14:47:34Z,132.4,Beşiktaş,Erzurumspor FK,-2,9,Handicap Result,0.34451645,0.22565827,0.42982528,0.34451645,0.22565827,0.42982528,-0.00000000,0.00000000,0.00000000,2.62,4.0,2.1,Marathonbet,2.52,3.96,2.13,OBSERVED_CLOSE_FROZEN,Exact same European Handicap home-line; latest stored pre-kickoff triplet
EH|1584405|-1,1584405,Super Lig,203,2026-09-11T18:41:56Z,2026-09-11T17:00:00Z,2026-09-11T14:47:34Z,132.4,Beşiktaş,Erzurumspor FK,-1,9,Handicap Result,0.54495913,0.22752044,0.22752044,0.54495913,0.22752044,0.22752044,-0.00000000,-0.00000000,-0.00000000,1.67,4.0,4.0,Marathonbet,1.67,3.84,4.1,OBSERVED_CLOSE_FROZEN,Exact same European Handicap home-line; latest stored pre-kickoff triplet
EH|1584405|+1,1584405,Super Lig,203,2026-09-11T18:41:56Z,2026-09-11T17:00:00Z,2026-09-11T14:47:34Z,132.4,Beşiktaş,Erzurumspor FK,+1,9,Handicap Result,0.89527428,0.07231062,0.03241510,0.89527428,0.07231062,0.03241510,0.00000000,-0.00000000,0.00000000,1.05,13.0,29.0,Marathonbet,,,,OBSERVED_CLOSE_FROZEN,Exact same European Handicap home-line; latest stored pre-kickoff triplet
EH|1584405|+2,1584405,Super Lig,203,2026-09-11T18:41:56Z,2026-09-11T17:00:00Z,2026-09-11T14:47:34Z,132.4,Beşiktaş,Erzurumspor FK,+2,9,Handicap Result,0.95246966,0.03317222,0.01435812,0.95246966,0.03317222,0.01435812,-0.00000000,-0.00000000,0.00000000,1.01,29.0,67.0,Marathonbet,,,,OBSERVED_CLOSE_FROZEN,Exact same European Handicap home-line; latest stored pre-kickoff triplet
EH|1570381|-3,1570381,La Liga,140,2026-09-12T00:43:08Z,2026-09-11T19:00:00Z,2026-09-11T18:41:56Z,18.1,Sevilla,Valencia,-3,9,Handicap Result,0.04469040,0.07820821,0.87710139,0.04469040,0.07820821,0.87710139,0.00000000,-0.00000000,-0.00000000,21.0,12.0,1.07,Marathonbet,,,,OBSERVED_CLOSE_FROZEN,Exact same European Handicap home-line; latest stored pre-kickoff triplet
EH|1570381|-2,1570381,La Liga,140,2026-09-12T00:43:08Z,2026-09-11T19:00:00Z,2026-09-11T18:41:56Z,18.1,Sevilla,Valencia,-2,9,Handicap Result,0.10166359,0.16635860,0.73197782,0.10166359,0.16635860,0.73197782,-0.00000000,-0.00000000,-0.00000000,9.0,5.5,1.25,Marathonbet,7.8,5.6,1.22,OBSERVED_CLOSE_FROZEN,Exact same European Handicap home-line; latest stored pre-kickoff triplet
EH|1570381|-1,1570381,La Liga,140,2026-09-12T00:43:08Z,2026-09-11T19:00:00Z,2026-09-11T18:41:56Z,18.1,Sevilla,Valencia,-1,9,Handicap Result,0.24444815,0.25463349,0.50091835,0.24444815,0.25463349,0.50091835,0.00000000,0.00000000,0.00000000,3.75,3.6,1.83,Marathonbet,3.72,3.34,1.87,OBSERVED_CLOSE_FROZEN,Exact same European Handicap home-line; latest stored pre-kickoff triplet
EH|1570381|+1,1570381,La Liga,140,2026-09-12T00:43:08Z,2026-09-11T19:00:00Z,2026-09-11T18:41:56Z,18.1,Sevilla,Valencia,+1,9,Handicap Result,0.74576271,0.16949153,0.08474576,0.74576271,0.16949153,0.08474576,0.00000000,-0.00000000,0.00000000,1.25,5.5,11.0,Marathonbet,1.25,5.3,9.6,OBSERVED_CLOSE_FROZEN,Exact same European Handicap home-line; latest stored pre-kickoff triplet
EH|1570381|+2,1570381,La Liga,140,2026-09-12T00:43:08Z,2026-09-11T19:00:00Z,2026-09-11T18:41:56Z,18.1,Sevilla,Valencia,+2,9,Handicap Result,0.89527428,0.07231062,0.03241510,0.89527428,0.07231062,0.03241510,0.00000000,-0.00000000,0.00000000,1.05,13.0,29.0,Marathonbet,,,,OBSERVED_CLOSE_FROZEN,Exact same European Handicap home-line; latest stored pre-kickoff triplet
EH|1550126|-2,1550126,Serie A,135,2026-09-12T00:43:08Z,2026-09-11T18:45:00Z,2026-09-11T18:41:56Z,3.1,Venezia,Fiorentina,-2,9,Handicap Result,0.07128341,0.11583555,0.81288104,0.07128341,0.11583555,0.81288104,0.00000000,-0.00000000,-0.00000000,13.0,8.0,1.14,Marathonbet,6.55,4.85,1.1,OBSERVED_CLOSE_FROZEN,Exact same European Handicap home-line; latest stored pre-kickoff triplet
EH|1550126|-1,1550126,Serie A,135,2026-09-12T00:43:08Z,2026-09-11T18:45:00Z,2026-09-11T18:41:56Z,3.1,Venezia,Fiorentina,-1,9,Handicap Result,0.16429895,0.19024089,0.64546016,0.16429895,0.19024089,0.64546016,-0.00000000,-0.00000000,0.00000000,5.5,4.75,1.4,Marathonbet,5.55,4.8,1.46,OBSERVED_CLOSE_FROZEN,Exact same European Handicap home-line; latest stored pre-kickoff triplet
EH|1550126|+1,1550126,Serie A,135,2026-09-12T00:43:08Z,2026-09-11T18:45:00Z,2026-09-11T18:41:56Z,3.1,Venezia,Fiorentina,+1,9,Handicap Result,0.61224490,0.20408163,0.18367347,0.61224490,0.20408163,0.18367347,-0.00000000,0.00000000,-0.00000000,1.5,4.5,5.0,Marathonbet,1.55,4.5,4.75,OBSERVED_CLOSE_FROZEN,Exact same European Handicap home-line; latest stored pre-kickoff triplet
EH|1550126|+2,1550126,Serie A,135,2026-09-12T00:43:08Z,2026-09-11T18:45:00Z,2026-09-11T18:41:56Z,3.1,Venezia,Fiorentina,+2,9,Handicap Result,0.79216477,0.12357770,0.08425753,0.79216477,0.12357770,0.08425753,0.00000000,0.00000000,-0.00000000,1.17,7.5,11.0,Marathonbet,1.14,4.65,5.75,OBSERVED_CLOSE_FROZEN,Exact same European Handicap home-line; latest stored pre-kickoff triplet
EH|1550126|+3,1550126,Serie A,135,2026-09-12T00:43:08Z,2026-09-11T18:45:00Z,2026-09-11T18:41:56Z,3.1,Venezia,Fiorentina,+3,9,Handicap Result,0.90058885,0.06304122,0.03636993,0.90058885,0.06304122,0.03636993,-0.00000000,-0.00000000,0.00000000,1.05,15.0,26.0,Marathonbet,,,,OBSERVED_CLOSE_FROZEN,Exact same European Handicap home-line; latest stored pre-kickoff triplet
EH|1552763|-3,1552763,Ligue 1,61,2026-09-12T00:43:08Z,2026-09-11T18:45:00Z,2026-09-11T18:41:56Z,3.1,Rennes,Marseille,-3,9,Handicap Result,0.06244726,0.09367089,0.84388186,0.06244726,0.09367089,0.84388186,-0.00000000,-0.00000000,-0.00000000,15.0,10.0,1.11,Marathonbet,,,,OBSERVED_CLOSE_FROZEN,Exact same European Handicap home-line; latest stored pre-kickoff triplet
EH|1552763|-2,1552763,Ligue 1,61,2026-09-12T00:43:08Z,2026-09-11T18:45:00Z,2026-09-11T18:41:56Z,3.1,Rennes,Marseille,-2,9,Handicap Result,0.13924051,0.16455696,0.69620253,0.13924051,0.16455696,0.69620253,-0.00000000,0.00000000,0.00000000,6.5,5.5,1.3,Marathonbet,6.15,5.85,1.28,OBSERVED_CLOSE_FROZEN,Exact same European Handicap home-line; latest stored pre-kickoff triplet
EH|1552763|-1,1552763,Ligue 1,61,2026-09-12T00:43:08Z,2026-09-11T18:45:00Z,2026-09-11T18:41:56Z,3.1,Rennes,Marseille,-1,9,Handicap Result,0.27448827,0.21553352,0.50997821,0.27448827,0.21553352,0.50997821,0.00000000,-0.00000000,0.00000000,3.4,4.33,1.83,Marathonbet,3.28,4.1,1.85,OBSERVED_CLOSE_FROZEN,Exact same European Handicap home-line; latest stored pre-kickoff triplet
EH|1552763|+1,1552763,Ligue 1,61,2026-09-12T00:43:08Z,2026-09-11T18:45:00Z,2026-09-11T18:41:56Z,3.1,Rennes,Marseille,+1,9,Handicap Result,0.70319635,0.16621005,0.13059361,0.70319635,0.16621005,0.13059361,-0.00000000,-0.00000000,-0.00000000,1.3,5.5,7.0,Marathonbet,1.34,5.35,6.55,OBSERVED_CLOSE_FROZEN,Exact same European Handicap home-line; latest stored pre-kickoff triplet
EH|1552763|+2,1552763,Ligue 1,61,2026-09-12T00:43:08Z,2026-09-11T18:45:00Z,2026-09-11T18:41:56Z,3.1,Rennes,Marseille,+2,9,Handicap Result,0.85127692,0.09364046,0.05508262,0.85127692,0.09364046,0.05508262,-0.00000000,0.00000000,0.00000000,1.1,10.0,17.0,Marathonbet,1.1,4.95,6.45,OBSERVED_CLOSE_FROZEN,Exact same European Handicap home-line; latest stored pre-kickoff triplet
EH|1552763|+3,1552763,Ligue 1,61,2026-09-12T00:43:08Z,2026-09-11T18:45:00Z,2026-09-11T18:41:56Z,3.1,Rennes,Marseille,+3,9,Handicap Result,0.90058885,0.06304122,0.03636993,0.90058885,0.06304122,0.03636993,-0.00000000,-0.00000000,0.00000000,1.05,15.0,26.0,Marathonbet,,,,OBSERVED_CLOSE_FROZEN,Exact same European Handicap home-line; latest stored pre-kickoff triplet
EH|1558626|-2,1558626,Belgian Pro League,144,2026-09-12T00:43:08Z,2026-09-11T18:45:00Z,2026-09-11T18:41:56Z,3.1,KV Mechelen,Anderlecht,-2,9,Handicap Result,0.04087080,0.07230988,0.88681931,0.04087080,0.07230988,0.88681931,0.00000000,0.00000000,0.00000000,23.0,13.0,1.06,Marathonbet,,,,OBSERVED_CLOSE_FROZEN,Exact same European Handicap home-line; latest stored pre-kickoff triplet
EH|1558626|-1,1558626,Belgian Pro League,144,2026-09-12T00:43:08Z,2026-09-11T18:45:00Z,2026-09-11T18:41:56Z,3.1,KV Mechelen,Anderlecht,-1,9,Handicap Result,0.09205231,0.15342052,0.75452716,0.09205231,0.15342052,0.75452716,0.00000000,0.00000000,0.00000000,10.0,6.0,1.22,Marathonbet,8.7,6.05,1.2,OBSERVED_CLOSE_FROZEN,Exact same European Handicap home-line; latest stored pre-kickoff triplet
EH|1558626|+1,1558626,Belgian Pro League,144,2026-09-12T00:43:08Z,2026-09-11T18:45:00Z,2026-09-11T18:41:56Z,3.1,KV Mechelen,Anderlecht,+1,9,Handicap Result,0.48421641,0.23121333,0.28457026,0.48421641,0.23121333,0.28457026,-0.00000000,0.00000000,-0.00000000,1.91,4.0,3.25,Marathonbet,1.99,3.74,2.88,OBSERVED_CLOSE_FROZEN,Exact same European Handicap home-line; latest stored pre-kickoff triplet
EH|1558626|+2,1558626,Belgian Pro League,144,2026-09-12T00:43:08Z,2026-09-11T18:45:00Z,2026-09-11T18:41:56Z,3.1,KV Mechelen,Anderlecht,+2,9,Handicap Result,0.66725979,0.18149466,0.15124555,0.66725979,0.18149466,0.15124555,-0.00000000,0.00000000,0.00000000,1.36,5.0,6.0,Marathonbet,1.33,5.25,5.45,OBSERVED_CLOSE_FROZEN,Exact same European Handicap home-line; latest stored pre-kickoff triplet
EH|1558626|+3,1558626,Belgian Pro League,144,2026-09-12T00:43:08Z,2026-09-11T18:45:00Z,2026-09-11T18:41:56Z,3.1,KV Mechelen,Anderlecht,+3,9,Handicap Result,0.83395107,0.10378058,0.06226835,0.83395107,0.10378058,0.06226835,0.00000000,-0.00000000,-0.00000000,1.12,9.0,15.0,Marathonbet,,,,OBSERVED_CLOSE_FROZEN,Exact same European Handicap home-line; latest stored pre-kickoff triplet
EH|1570378|-3,1570378,La Liga,140,2026-09-12T12:42:44Z,2026-09-12T12:00:00Z,2026-09-12T06:42:52Z,317.1,Racing Santander,Alaves,-3,9,Handicap Result,0.03636993,0.06304122,0.90058885,0.03636993,0.06304122,0.90058885,0.00000000,-0.00000000,-0.00000000,26.0,15.0,1.05,Marathonbet,,,,OBSERVED_CLOSE_FROZEN,Exact same European Handicap home-line; latest stored pre-kickoff triplet
EH|1570378|-2,1570378,La Liga,140,2026-09-12T12:42:44Z,2026-09-12T12:00:00Z,2026-09-12T06:42:52Z,317.1,Racing Santander,Alaves,-2,9,Handicap Result,0.08407980,0.13212541,0.78379479,0.08407980,0.13212541,0.78379479,0.00000000,-0.00000000,-0.00000000,11.0,7.0,1.18,Marathonbet,6.15,4.6,1.13,OBSERVED_CLOSE_FROZEN,Exact same European Handicap home-line; latest stored pre-kickoff triplet
EH|1570378|-1,1570378,La Liga,140,2026-09-12T12:42:44Z,2026-09-12T12:00:00Z,2026-09-12T06:42:52Z,317.1,Racing Santander,Alaves,-1,9,Handicap Result,0.20385269,0.21185615,0.58429116,0.20238095,0.20238095,0.59523810,-0.00147174,-0.00947520,0.01094694,4.5,4.5,1.53,Marathonbet,4.7,4.33,1.57,OBSERVED_CLOSE_FROZEN,Exact same European Handicap home-line; latest stored pre-kickoff triplet
EH|1570378|+1,1570378,La Liga,140,2026-09-12T12:42:44Z,2026-09-12T12:00:00Z,2026-09-12T06:42:52Z,317.1,Racing Santander,Alaves,+1,9,Handicap Result,0.64546016,0.19024089,0.16429895,0.63898740,0.19371408,0.16729852,-0.00647276,0.00347319,0.00299957,1.44,4.75,5.5,Marathonbet,1.48,4.6,5.4,OBSERVED_CLOSE_FROZEN,Exact same European Handicap home-line; latest stored pre-kickoff triplet
EH|1570378|+2,1570378,La Liga,140,2026-09-12T12:42:44Z,2026-09-12T12:00:00Z,2026-09-12T06:42:52Z,317.1,Racing Santander,Alaves,+2,9,Handicap Result,0.82636593,0.11083025,0.06280381,0.81288104,0.11583555,0.07128341,-0.01348489,0.00500530,0.00847960,1.14,8.0,13.0,Marathonbet,1.1,4.8,6.65,OBSERVED_CLOSE_FROZEN,Exact same European Handicap home-line; latest stored pre-kickoff triplet
EH|1515920|-2,1515920,Virsliga,365,2026-09-12T12:42:44Z,2026-09-12T11:00:00Z,2026-09-12T06:42:52Z,257.1,Grobiņa,FS Jelgava,-2,9,Handicap Result,0.07073716,0.12261107,0.80665177,0.07073716,0.12261107,0.80665177,-0.00000000,-0.00000000,0.00000000,13.0,7.5,1.14,Marathonbet,6.55,4.7,1.11,OBSERVED_CLOSE_FROZEN,Exact same European Handicap home-line; latest stored pre-kickoff triplet
EH|1515920|-1,1515920,Virsliga,365,2026-09-12T12:42:44Z,2026-09-12T11:00:00Z,2026-09-12T06:42:52Z,257.1,Grobiņa,FS Jelgava,-1,9,Handicap Result,0.16551724,0.20229885,0.63218391,0.16551724,0.20229885,0.63218391,0.00000000,0.00000000,-0.00000000,5.5,4.5,1.44,Marathonbet,4.85,4.1,1.47,OBSERVED_CLOSE_FROZEN,Exact same European Handicap home-line; latest stored pre-kickoff triplet
EH|1515920|+1,1515920,Virsliga,365,2026-09-12T12:42:44Z,2026-09-12T11:00:00Z,2026-09-12T06:42:52Z,257.1,Grobiņa,FS Jelgava,+1,9,Handicap Result,0.60737831,0.21040819,0.18221349,0.60737831,0.21040819,0.18221349,0.00000000,0.00000000,0.00000000,1.5,4.33,5.0,Marathonbet,1.34,4.5,5.95,OBSERVED_CLOSE_FROZEN,Exact same European Handicap home-line; latest stored pre-kickoff triplet
EH|1515920|+2,1515920,Virsliga,365,2026-09-12T12:42:44Z,2026-09-12T11:00:00Z,2026-09-12T06:42:52Z,257.1,Grobiņa,FS Jelgava,+2,9,Handicap Result,0.78523353,0.13124618,0.08352029,0.78523353,0.13124618,0.08352029,0.00000000,-0.00000000,0.00000000,1.17,7.0,11.0,Marathonbet,1.11,4.75,6.45,OBSERVED_CLOSE_FROZEN,Exact same European Handicap home-line; latest stored pre-kickoff triplet
EH|1515920|+3,1515920,Virsliga,365,2026-09-12T12:42:44Z,2026-09-12T11:00:00Z,2026-09-12T06:42:52Z,257.1,Grobiņa,FS Jelgava,+3,9,Handicap Result,0.90058885,0.06304122,0.03636993,0.90058885,0.06304122,0.03636993,-0.00000000,-0.00000000,0.00000000,1.05,15.0,26.0,Marathonbet,,,,OBSERVED_CLOSE_FROZEN,Exact same European Handicap home-line; latest stored pre-kickoff triplet
EH|1557398|-3,1557398,Premier League,39,2026-09-12T18:40:06Z,2026-09-12T14:00:00Z,2026-09-12T12:42:44Z,77.3,Bournemouth,Brentford,-3,9,Handicap Result,0.03636993,0.06304122,0.90058885,0.04091972,0.06274357,0.89633671,0.00454979,-0.00029765,-0.00425214,23.0,15.0,1.05,Marathonbet,,,,OBSERVED_CLOSE_FROZEN,Exact same European Handicap home-line; latest stored pre-kickoff triplet
EH|1557398|-2,1557398,Premier League,39,2026-09-12T18:40:06Z,2026-09-12T14:00:00Z,2026-09-12T12:42:44Z,77.3,Bournemouth,Brentford,-2,9,Handicap Result,0.08407980,0.13212541,0.78379479,0.08407980,0.13212541,0.78379479,0.00000000,-0.00000000,-0.00000000,11.0,7.0,1.18,Marathonbet,8.3,6.75,1.16,OBSERVED_CLOSE_FROZEN,Exact same European Handicap home-line; latest stored pre-kickoff triplet
EH|1557398|-1,1557398,Premier League,39,2026-09-12T18:40:06Z,2026-09-12T14:00:00Z,2026-09-12T12:42:44Z,77.3,Bournemouth,Brentford,-1,9,Handicap Result,0.20000000,0.20000000,0.60000000,0.20238095,0.20238095,0.59523810,0.00238095,0.00238095,-0.00476190,4.5,4.5,1.53,Marathonbet,4.3,4.25,1.57,OBSERVED_CLOSE_FROZEN,Exact same European Handicap home-line; latest stored pre-kickoff triplet
EH|1557398|+1,1557398,Premier League,39,2026-09-12T18:40:06Z,2026-09-12T14:00:00Z,2026-09-12T12:42:44Z,77.3,Bournemouth,Brentford,+1,9,Handicap Result,0.62847314,0.19052659,0.18100026,0.63898740,0.19371408,0.16729852,0.01051426,0.00318749,-0.01370174,1.44,4.75,5.5,Marathonbet,1.47,4.55,4.95,OBSERVED_CLOSE_FROZEN,Exact same European Handicap home-line; latest stored pre-kickoff triplet
EH|1557398|+2,1557398,Premier League,39,2026-09-12T18:40:06Z,2026-09-12T14:00:00Z,2026-09-12T12:42:44Z,77.3,Bournemouth,Brentford,+2,9,Handicap Result,0.80256822,0.12520064,0.07223114,0.81288104,0.11583555,0.07128341,0.01031282,-0.00936509,-0.00094773,1.14,8.0,13.0,Marathonbet,1.12,4.85,6.15,OBSERVED_CLOSE_FROZEN,Exact same European Handicap home-line; latest stored pre-kickoff triplet
EH|1557398|+3,1557398,Premier League,39,2026-09-12T18:40:06Z,2026-09-12T14:00:00Z,2026-09-12T12:42:44Z,77.3,Bournemouth,Brentford,+3,9,Handicap Result,0.90058885,0.06304122,0.03636993,0.90058885,0.06304122,0.03636993,-0.00000000,-0.00000000,0.00000000,1.05,15.0,26.0,Marathonbet,,,,OBSERVED_CLOSE_FROZEN,Exact same European Handicap home-line; latest stored pre-kickoff triplet
EH|1557403|-3,1557403,Premier League,39,2026-09-12T18:40:06Z,2026-09-12T14:00:00Z,2026-09-12T12:42:44Z,77.3,Liverpool,Fulham,-3,9,Handicap Result,0.13252628,0.14272061,0.72475311,0.11378964,0.14004879,0.74616157,-0.01873664,-0.00267182,0.02140846,8.0,6.5,1.22,Marathonbet,7.2,6.75,1.22,OBSERVED_CLOSE_FROZEN,Exact same European Handicap home-line; latest stored pre-kickoff triplet
EH|1557403|-2,1557403,Premier League,39,2026-09-12T18:40:06Z,2026-09-12T14:00:00Z,2026-09-12T12:42:44Z,77.3,Liverpool,Fulham,-2,9,Handicap Result,0.26309564,0.20462994,0.53227442,0.23195177,0.19532781,0.57272042,-0.03114387,-0.00930213,0.04044600,4.0,4.75,1.62,Marathonbet,3.82,4.7,1.61,OBSERVED_CLOSE_FROZEN,Exact same European Handicap home-line; latest stored pre-kickoff triplet
EH|1557403|-1,1557403,Premier League,39,2026-09-12T18:40:06Z,2026-09-12T14:00:00Z,2026-09-12T12:42:44Z,77.3,Liverpool,Fulham,-1,9,Handicap Result,0.44897959,0.22448980,0.32653061,0.41152263,0.22633745,0.36213992,-0.03745696,0.00184765,0.03560931,2.2,4.0,2.5,Marathonbet,2.32,3.82,2.53,OBSERVED_CLOSE_FROZEN,Exact same European Handicap home-line; latest stored pre-kickoff triplet
EH|1557403|+1,1557403,Premier League,39,2026-09-12T18:40:06Z,2026-09-12T14:00:00Z,2026-09-12T12:42:44Z,77.3,Liverpool,Fulham,+1,9,Handicap Result,0.82889091,0.10921857,0.06189052,0.81288104,0.11583555,0.07128341,-0.01600987,0.00661698,0.00939289,1.14,8.0,13.0,Marathonbet,1.17,4.3,5.65,OBSERVED_CLOSE_FROZEN,Exact same European Handicap home-line; latest stored pre-kickoff triplet
EH|1557403|+2,1557403,Premier League,39,2026-09-12T18:40:06Z,2026-09-12T14:00:00Z,2026-09-12T12:42:44Z,77.3,Liverpool,Fulham,+2,9,Handicap Result,0.92649857,0.05022598,0.02327545,0.91154500,0.05576511,0.03268989,-0.01495357,0.00553913,0.00941444,1.04,17.0,29.0,Marathonbet,,,,OBSERVED_CLOSE_FROZEN,Exact same European Handicap home-line; latest stored pre-kickoff triplet
EH|1557399|-4,1557399,Premier League,39,2026-09-12T18:40:06Z,2026-09-12T14:00:00Z,2026-09-12T12:42:44Z,77.3,Chelsea,Hull City,-4,9,Handicap Result,0.10309278,0.12371134,0.77319588,0.10309278,0.12371134,0.77319588,0.00000000,0.00000000,-0.00000000,9.0,7.5,1.2,Marathonbet,8.2,7.9,1.15,OBSERVED_CLOSE_FROZEN,Exact same European Handicap home-line; latest stored pre-kickoff triplet
EH|1557399|-3,1557399,Premier League,39,2026-09-12T18:40:06Z,2026-09-12T14:00:00Z,2026-09-12T12:42:44Z,77.3,Chelsea,Hull City,-3,9,Handicap Result,0.21040819,0.18221349,0.60737831,0.21040819,0.18221349,0.60737831,0.00000000,0.00000000,0.00000000,4.33,5.0,1.5,Marathonbet,4.3,5.25,1.47,OBSERVED_CLOSE_FROZEN,Exact same European Handicap home-line; latest stored pre-kickoff triplet
EH|1557399|-2,1557399,Premier League,39,2026-09-12T18:40:06Z,2026-09-12T14:00:00Z,2026-09-12T12:42:44Z,77.3,Chelsea,Hull City,-2,9,Handicap Result,0.36849638,0.21275773,0.41874589,0.36849638,0.21275773,0.41874589,0.00000000,-0.00000000,-0.00000000,2.5,4.33,2.2,Marathonbet,2.5,4.3,2.14,OBSERVED_CLOSE_FROZEN,Exact same European Handicap home-line; latest stored pre-kickoff triplet
EH|1557399|-1,1557399,Premier League,39,2026-09-12T18:40:06Z,2026-09-12T14:00:00Z,2026-09-12T12:42:44Z,77.3,Chelsea,Hull City,-1,9,Handicap Result,0.57199472,0.21400264,0.21400264,0.57199472,0.21400264,0.21400264,-0.00000000,0.00000000,0.00000000,1.62,4.33,4.33,Marathonbet,1.63,4.3,4.15,OBSERVED_CLOSE_FROZEN,Exact same European Handicap home-line; latest stored pre-kickoff triplet
EH|1557399|+1,1557399,Premier League,39,2026-09-12T18:40:06Z,2026-09-12T14:00:00Z,2026-09-12T12:42:44Z,77.3,Chelsea,Hull City,+1,9,Handicap Result,0.90481737,0.06273400,0.03244862,0.90399002,0.06327930,0.03273067,-0.00082735,0.00054530,0.00028205,1.05,15.0,29.0,Marathonbet,,,,OBSERVED_CLOSE_FROZEN,Exact same European Handicap home-line; latest stored pre-kickoff triplet
EH|1557401|-3,1557401,Premier League,39,2026-09-12T18:40:06Z,2026-09-12T14:00:00Z,2026-09-12T12:42:44Z,77.3,Crystal Palace,Ipswich,-3,9,Handicap Result,0.05508262,0.09364046,0.85127692,0.05508262,0.09364046,0.85127692,0.00000000,0.00000000,-0.00000000,17.0,10.0,1.1,Marathonbet,,,,OBSERVED_CLOSE_FROZEN,Exact same European Handicap home-line; latest stored pre-kickoff triplet
EH|1557401|-2,1557401,Premier League,39,2026-09-12T18:40:06Z,2026-09-12T14:00:00Z,2026-09-12T12:42:44Z,77.3,Crystal Palace,Ipswich,-2,9,Handicap Result,0.13059361,0.16621005,0.70319635,0.13059361,0.16621005,0.70319635,-0.00000000,-0.00000000,-0.00000000,7.0,5.5,1.3,Marathonbet,5.95,5.3,1.31,OBSERVED_CLOSE_FROZEN,Exact same European Handicap home-line; latest stored pre-kickoff triplet
EH|1557401|-1,1557401,Premier League,39,2026-09-12T18:40:06Z,2026-09-12T14:00:00Z,2026-09-12T12:42:44Z,77.3,Crystal Palace,Ipswich,-1,9,Handicap Result,0.26563316,0.24084074,0.49352610,0.26563316,0.24084074,0.49352610,0.00000000,-0.00000000,-0.00000000,3.4,3.75,1.83,Marathonbet,3.15,3.64,1.96,OBSERVED_CLOSE_FROZEN,Exact same European Handicap home-line; latest stored pre-kickoff triplet
EH|1557401|+1,1557401,Premier League,39,2026-09-12T18:40:06Z,2026-09-12T14:00:00Z,2026-09-12T12:42:44Z,77.3,Crystal Palace,Ipswich,+1,9,Handicap Result,0.74226804,0.15463918,0.10309278,0.75000000,0.15625000,0.09375000,0.00773196,0.00161082,-0.00934278,1.25,6.0,10.0,Marathonbet,1.27,5.45,7.6,OBSERVED_CLOSE_FROZEN,Exact same European Handicap home-line; latest stored pre-kickoff triplet
EH|1557401|+2,1557401,Premier League,39,2026-09-12T18:40:06Z,2026-09-12T14:00:00Z,2026-09-12T12:42:44Z,77.3,Crystal Palace,Ipswich,+2,9,Handicap Result,0.88052321,0.07851332,0.04096347,0.88681931,0.07230988,0.04087080,0.00629610,-0.00620344,-0.00009267,1.06,13.0,23.0,Marathonbet,,,,OBSERVED_CLOSE_FROZEN,Exact same European Handicap home-line; latest stored pre-kickoff triplet
EH|1557397|-3,1557397,Premier League,39,2026-09-12T18:40:06Z,2026-09-12T14:00:00Z,2026-09-12T12:42:44Z,77.3,Aston Villa,Nottingham Forest,-3,9,Handicap Result,0.03636993,0.06304122,0.90058885,0.04087080,0.07230988,0.88681931,0.00450087,0.00926866,-0.01376954,23.0,13.0,1.06,Marathonbet,,,,OBSERVED_CLOSE_FROZEN,Exact same European Handicap home-line; latest stored pre-kickoff triplet
EH|1557397|-2,1557397,Premier League,39,2026-09-12T18:40:06Z,2026-09-12T14:00:00Z,2026-09-12T12:42:44Z,77.3,Aston Villa,Nottingham Forest,-2,9,Handicap Result,0.08432432,0.14270270,0.77297297,0.09198113,0.14150943,0.76650943,0.00765681,-0.00119327,-0.00646354,10.0,6.5,1.2,Marathonbet,9.3,6.7,1.16,OBSERVED_CLOSE_FROZEN,Exact same European Handicap home-line; latest stored pre-kickoff triplet
EH|1557397|-1,1557397,Premier League,39,2026-09-12T18:40:06Z,2026-09-12T14:00:00Z,2026-09-12T12:42:44Z,77.3,Aston Villa,Nottingham Forest,-1,9,Handicap Result,0.21028993,0.22763885,0.56207123,0.21028993,0.22763885,0.56207123,-0.00000000,-0.00000000,-0.00000000,4.33,4.0,1.62,Marathonbet,4.2,3.92,1.68,OBSERVED_CLOSE_FROZEN,Exact same European Handicap home-line; latest stored pre-kickoff triplet
EH|1557397|+1,1557397,Premier League,39,2026-09-12T18:40:06Z,2026-09-12T14:00:00Z,2026-09-12T12:42:44Z,77.3,Aston Villa,Nottingham Forest,+1,9,Handicap Result,0.68681319,0.18269231,0.13049451,0.68681319,0.18269231,0.13049451,-0.00000000,-0.00000000,-0.00000000,1.33,5.0,7.0,Marathonbet,1.36,5.0,7.1,OBSERVED_CLOSE_FROZEN,Exact same European Handicap home-line; latest stored pre-kickoff triplet
EH|1557397|+2,1557397,Premier League,39,2026-09-12T18:40:06Z,2026-09-12T14:00:00Z,2026-09-12T12:42:44Z,77.3,Aston Villa,Nottingham Forest,+2,9,Handicap Result,0.85201794,0.09865471,0.04932735,0.85624155,0.09418657,0.04957188,0.00422361,-0.00446814,0.00024453,1.1,10.0,19.0,Marathonbet,,,,OBSERVED_CLOSE_FROZEN,Exact same European Handicap home-line; latest stored pre-kickoff triplet
EH|1557406|-3,1557406,Premier League,39,2026-09-12T18:40:06Z,2026-09-12T16:30:00Z,2026-09-12T12:42:44Z,227.3,Tottenham,Everton,-3,9,Handicap Result,0.04956402,0.07847637,0.87195961,0.04921292,0.08500414,0.86578293,-0.00035110,0.00652777,-0.00617668,19.0,11.0,1.08,Marathonbet,,,,OBSERVED_CLOSE_FROZEN,Exact same European Handicap home-line; latest stored pre-kickoff triplet
EH|1557406|-2,1557406,Premier League,39,2026-09-12T18:40:06Z,2026-09-12T16:30:00Z,2026-09-12T12:42:44Z,227.3,Tottenham,Everton,-2,9,Handicap Result,0.11488251,0.16710183,0.71801567,0.11650485,0.15533981,0.72815534,0.00162234,-0.01176202,0.01013967,8.0,6.0,1.28,Marathonbet,7.1,5.95,1.24,OBSERVED_CLOSE_FROZEN,Exact same European Handicap home-line; latest stored pre-kickoff triplet
EH|1557406|-1,1557406,Premier League,39,2026-09-12T18:40:06Z,2026-09-12T16:30:00Z,2026-09-12T12:42:44Z,227.3,Tottenham,Everton,-1,9,Handicap Result,0.25787966,0.24068768,0.50143266,0.25787966,0.24068768,0.50143266,-0.00000000,-0.00000000,0.00000000,3.5,3.75,1.8,Marathonbet,3.42,3.82,1.86,OBSERVED_CLOSE_FROZEN,Exact same European Handicap home-line; latest stored pre-kickoff triplet
EH|1557406|+1,1557406,Premier League,39,2026-09-12T18:40:06Z,2026-09-12T16:30:00Z,2026-09-12T12:42:44Z,227.3,Tottenham,Everton,+1,9,Handicap Result,0.72729944,0.16926242,0.10343814,0.71486596,0.16896832,0.11616572,-0.01243348,-0.00029410,0.01272758,1.3,5.5,8.0,Marathonbet,1.31,5.5,7.7,OBSERVED_CLOSE_FROZEN,Exact same European Handicap home-line; latest stored pre-kickoff triplet
EH|1557406|+2,1557406,Premier League,39,2026-09-12T18:40:06Z,2026-09-12T16:30:00Z,2026-09-12T12:42:44Z,227.3,Tottenham,Everton,+2,9,Handicap Result,0.87710139,0.07820821,0.04469040,0.86578293,0.08500414,0.04921292,-0.01131846,0.00679593,0.00452252,1.08,11.0,19.0,Marathonbet,,,,OBSERVED_CLOSE_FROZEN,Exact same European Handicap home-line; latest stored pre-kickoff triplet
EH|1570377|-3,1570377,La Liga,140,2026-09-12T18:40:06Z,2026-09-12T14:15:00Z,2026-09-12T12:42:44Z,92.3,Osasuna,Espanyol,-3,9,Handicap Result,0.03602058,0.07204117,0.89193825,0.03636993,0.06304122,0.90058885,0.00034935,-0.00899995,0.00865060,26.0,15.0,1.05,Marathonbet,,,,OBSERVED_CLOSE_FROZEN,Exact same European Handicap home-line; latest stored pre-kickoff triplet
EH|1570377|-2,1570377,La Liga,140,2026-09-12T18:40:06Z,2026-09-12T14:15:00Z,2026-09-12T12:42:44Z,92.3,Osasuna,Espanyol,-2,9,Handicap Result,0.08439013,0.15471524,0.76089463,0.08432432,0.14270270,0.77297297,-0.00006581,-0.01201254,0.01207834,11.0,6.5,1.2,Marathonbet,10.25,6.75,1.17,OBSERVED_CLOSE_FROZEN,Exact same European Handicap home-line; latest stored pre-kickoff triplet
EH|1570377|-1,1570377,La Liga,140,2026-09-12T18:40:06Z,2026-09-12T14:15:00Z,2026-09-12T12:42:44Z,92.3,Osasuna,Espanyol,-1,9,Handicap Result,0.22412096,0.23906236,0.53681668,0.21063802,0.24321670,0.54614528,-0.01348294,0.00415434,0.00932860,4.33,3.75,1.67,Marathonbet,4.45,3.82,1.69,OBSERVED_CLOSE_FROZEN,Exact same European Handicap home-line; latest stored pre-kickoff triplet
EH|1570377|+1,1570377,La Liga,140,2026-09-12T18:40:06Z,2026-09-12T14:15:00Z,2026-09-12T12:42:44Z,92.3,Osasuna,Espanyol,+1,9,Handicap Result,0.72729944,0.16926242,0.10343814,0.70298770,0.18277680,0.11423550,-0.02431174,0.01351438,0.01079736,1.3,5.0,8.0,Marathonbet,1.32,5.15,8.1,OBSERVED_CLOSE_FROZEN,Exact same European Handicap home-line; latest stored pre-kickoff triplet
EH|1570377|+2,1570377,La Liga,140,2026-09-12T18:40:06Z,2026-09-12T14:15:00Z,2026-09-12T12:42:44Z,92.3,Osasuna,Espanyol,+2,9,Handicap Result,0.88052321,0.07851332,0.04096347,0.86985992,0.08540443,0.04473565,-0.01066329,0.00689111,0.00377218,1.08,11.0,21.0,Marathonbet,,,,OBSERVED_CLOSE_FROZEN,Exact same European Handicap home-line; latest stored pre-kickoff triplet
EH|1570373|-3,1570373,La Liga,140,2026-09-12T18:40:06Z,2026-09-12T16:30:00Z,2026-09-12T12:42:44Z,227.3,Athletic Club,Elche,-3,9,Handicap Result,0.11450382,0.15267176,0.73282443,0.11586453,0.14260250,0.74153298,0.00136071,-0.01006926,0.00870855,8.0,6.5,1.25,Marathonbet,7.1,6.3,1.21,OBSERVED_CLOSE_FROZEN,Exact same European Handicap home-line; latest stored pre-kickoff triplet
EH|1570373|-2,1570373,La Liga,140,2026-09-12T18:40:06Z,2026-09-12T16:30:00Z,2026-09-12T12:42:44Z,227.3,Athletic Club,Elche,-2,9,Handicap Result,0.24791252,0.21470484,0.53738264,0.24321670,0.21063802,0.54614528,-0.00469582,-0.00406682,0.00876264,3.75,4.33,1.67,Marathonbet,3.6,4.3,1.65,OBSERVED_CLOSE_FROZEN,Exact same European Handicap home-line; latest stored pre-kickoff triplet
EH|1570373|-1,1570373,La Liga,140,2026-09-12T18:40:06Z,2026-09-12T16:30:00Z,2026-09-12T12:42:44Z,227.3,Athletic Club,Elche,-1,9,Handicap Result,0.45454545,0.24242424,0.30303030,0.45454545,0.24242424,0.30303030,0.00000000,0.00000000,0.00000000,2.0,3.75,3.0,Marathonbet,2.11,3.55,2.97,OBSERVED_CLOSE_FROZEN,Exact same European Handicap home-line; latest stored pre-kickoff triplet
EH|1570373|+1,1570373,La Liga,140,2026-09-12T18:40:06Z,2026-09-12T16:30:00Z,2026-09-12T12:42:44Z,227.3,Athletic Club,Elche,+1,9,Handicap Result,0.86249384,0.09314933,0.04435683,0.85201794,0.09865471,0.04932735,-0.01047590,0.00550538,0.00497052,1.1,9.5,19.0,Marathonbet,1.1,4.55,7.2,OBSERVED_CLOSE_FROZEN,Exact same European Handicap home-line; latest stored pre-kickoff triplet
EH|1570373|+2,1570373,La Liga,140,2026-09-12T18:40:06Z,2026-09-12T16:30:00Z,2026-09-12T12:42:44Z,227.3,Athletic Club,Elche,+2,9,Handicap Result,0.94009970,0.04128264,0.01861766,0.93954248,0.04166667,0.01879085,-0.00055722,0.00038403,0.00017319,1.02,23.0,51.0,Marathonbet,,,,OBSERVED_CLOSE_FROZEN,Exact same European Handicap home-line; latest stored pre-kickoff triplet
EH|1550119|-3,1550119,Serie A,135,2026-09-12T18:40:06Z,2026-09-12T13:00:00Z,2026-09-12T12:42:44Z,17.3,Genoa,Frosinone,-3,9,Handicap Result,0.04496089,0.07262913,0.88240998,0.04087080,0.07230988,0.88681931,-0.00409009,-0.00031925,0.00440933,23.0,13.0,1.06,Marathonbet,,,,OBSERVED_CLOSE_FROZEN,Exact same European Handicap home-line; latest stored pre-kickoff triplet
EH|1550119|-2,1550119,Serie A,135,2026-09-12T18:40:06Z,2026-09-12T13:00:00Z,2026-09-12T12:42:44Z,17.3,Genoa,Frosinone,-2,9,Handicap Result,0.10309278,0.15463918,0.74226804,0.09315165,0.14331023,0.76353812,-0.00994113,-0.01132895,0.02127008,10.0,6.5,1.22,Marathonbet,7.7,6.3,1.2,OBSERVED_CLOSE_FROZEN,Exact same European Handicap home-line; latest stored pre-kickoff triplet
EH|1550119|-1,1550119,Serie A,135,2026-09-12T18:40:06Z,2026-09-12T13:00:00Z,2026-09-12T12:42:44Z,17.3,Genoa,Frosinone,-1,9,Handicap Result,0.24359764,0.22837279,0.52802957,0.22375691,0.22375691,0.55248619,-0.01984073,-0.00461588,0.02445662,4.0,4.0,1.62,Marathonbet,4.05,4.05,1.67,OBSERVED_CLOSE_FROZEN,Exact same European Handicap home-line; latest stored pre-kickoff triplet
EH|1550119|+1,1550119,Serie A,135,2026-09-12T18:40:06Z,2026-09-12T13:00:00Z,2026-09-12T12:42:44Z,17.3,Genoa,Frosinone,+1,9,Handicap Result,0.71801567,0.16710183,0.11488251,0.68681319,0.18269231,0.13049451,-0.03120248,0.01559048,0.01561200,1.33,5.0,7.0,Marathonbet,1.36,4.9,6.05,OBSERVED_CLOSE_FROZEN,Exact same European Handicap home-line; latest stored pre-kickoff triplet
EH|1550119|+2,1550119,Serie A,135,2026-09-12T18:40:06Z,2026-09-12T13:00:00Z,2026-09-12T12:42:44Z,17.3,Genoa,Frosinone,+2,9,Handicap Result,0.86985992,0.08540443,0.04473565,0.85624155,0.09418657,0.04957188,-0.01361837,0.00878214,0.00483623,1.1,10.0,19.0,Marathonbet,,,,OBSERVED_CLOSE_FROZEN,Exact same European Handicap home-line; latest stored pre-kickoff triplet
EH|1550121|-2,1550121,Serie A,135,2026-09-12T18:40:06Z,2026-09-12T16:00:00Z,2026-09-12T12:42:44Z,197.3,Lazio,AC Milan,-2,9,Handicap Result,0.04473565,0.08540443,0.86985992,0.04473565,0.08540443,0.86985992,0.00000000,-0.00000000,-0.00000000,21.0,11.0,1.08,Marathonbet,,,,OBSERVED_CLOSE_FROZEN,Exact same European Handicap home-line; latest stored pre-kickoff triplet
EH|1550121|-1,1550121,Serie A,135,2026-09-12T18:40:06Z,2026-09-12T16:00:00Z,2026-09-12T12:42:44Z,197.3,Lazio,AC Milan,-1,9,Handicap Result,0.11423550,0.18277680,0.70298770,0.11423550,0.18277680,0.70298770,0.00000000,0.00000000,-0.00000000,8.0,5.0,1.3,Marathonbet,8.1,5.1,1.29,OBSERVED_CLOSE_FROZEN,Exact same European Handicap home-line; latest stored pre-kickoff triplet
EH|1550121|+1,1550121,Serie A,135,2026-09-12T18:40:06Z,2026-09-12T16:00:00Z,2026-09-12T12:42:44Z,197.3,Lazio,AC Milan,+1,9,Handicap Result,0.56657224,0.22946176,0.20396601,0.56207123,0.22763885,0.21028993,-0.00450101,-0.00182291,0.00632392,1.62,4.0,4.33,Marathonbet,1.75,3.64,3.84,OBSERVED_CLOSE_FROZEN,Exact same European Handicap home-line; latest stored pre-kickoff triplet
EH|1550121|+2,1550121,Serie A,135,2026-09-12T18:40:06Z,2026-09-12T16:00:00Z,2026-09-12T12:42:44Z,197.3,Lazio,AC Milan,+2,9,Handicap Result,0.77590884,0.14085730,0.08323386,0.77590884,0.14085730,0.08323386,0.00000000,-0.00000000,-0.00000000,1.18,6.5,11.0,Marathonbet,1.21,5.95,7.8,OBSERVED_CLOSE_FROZEN,Exact same European Handicap home-line; latest stored pre-kickoff triplet
EH|1550121|+3,1550121,Serie A,135,2026-09-12T18:40:06Z,2026-09-12T16:00:00Z,2026-09-12T12:42:44Z,197.3,Lazio,AC Milan,+3,9,Handicap Result,0.90399002,0.06327930,0.03273067,0.90399002,0.06327930,0.03273067,0.00000000,0.00000000,0.00000000,1.05,15.0,29.0,Marathonbet,,,,OBSERVED_CLOSE_FROZEN,Exact same European Handicap home-line; latest stored pre-kickoff triplet
EH|1575161|-3,1575161,Bundesliga,78,2026-09-12T18:40:06Z,2026-09-12T13:30:00Z,2026-09-12T12:42:44Z,47.3,SC Freiburg,Borussia Mönchengladbach,-3,9,Handicap Result,0.08491336,0.11675587,0.79833076,0.08491336,0.11675587,0.79833076,0.00000000,0.00000000,0.00000000,11.0,8.0,1.17,Marathonbet,8.8,7.5,1.12,OBSERVED_CLOSE_FROZEN,Exact same European Handicap home-line; latest stored pre-kickoff triplet
EH|1575161|-2,1575161,Bundesliga,78,2026-09-12T18:40:06Z,2026-09-12T13:30:00Z,2026-09-12T12:42:44Z,47.3,SC Freiburg,Borussia Mönchengladbach,-2,9,Handicap Result,0.18274112,0.18274112,0.63451777,0.18274112,0.18274112,0.63451777,-0.00000000,-0.00000000,-0.00000000,5.0,5.0,1.44,Marathonbet,4.7,4.9,1.42,OBSERVED_CLOSE_FROZEN,Exact same European Handicap home-line; latest stored pre-kickoff triplet
EH|1575161|-1,1575161,Bundesliga,78,2026-09-12T18:40:06Z,2026-09-12T13:30:00Z,2026-09-12T12:42:44Z,47.3,SC Freiburg,Borussia Mönchengladbach,-1,9,Handicap Result,0.35138157,0.23015493,0.41846350,0.34451645,0.22565827,0.42982528,-0.00686512,-0.00449666,0.01136178,2.62,4.0,2.1,Marathonbet,2.65,3.64,2.22,OBSERVED_CLOSE_FROZEN,Exact same European Handicap home-line; latest stored pre-kickoff triplet
EH|1575161|+1,1575161,Bundesliga,78,2026-09-12T18:40:06Z,2026-09-12T13:30:00Z,2026-09-12T12:42:44Z,47.3,SC Freiburg,Borussia Mönchengladbach,+1,9,Handicap Result,0.77297297,0.14270270,0.08432432,0.78379479,0.13212541,0.08407980,0.01082182,-0.01057729,-0.00024452,1.18,7.0,11.0,Marathonbet,1.22,6.15,8.5,OBSERVED_CLOSE_FROZEN,Exact same European Handicap home-line; latest stored pre-kickoff triplet
EH|1575161|+2,1575161,Bundesliga,78,2026-09-12T18:40:06Z,2026-09-12T13:30:00Z,2026-09-12T12:42:44Z,47.3,SC Freiburg,Borussia Mönchengladbach,+2,9,Handicap Result,0.89193825,0.07204117,0.03602058,0.90058885,0.06304122,0.03636993,0.00865060,-0.00899995,0.00034935,1.05,15.0,26.0,Marathonbet,,,,OBSERVED_CLOSE_FROZEN,Exact same European Handicap home-line; latest stored pre-kickoff triplet
EH|1575163|-3,1575163,Bundesliga,78,2026-09-12T18:40:06Z,2026-09-12T13:30:00Z,2026-09-12T12:42:44Z,47.3,FSV Mainz 05,Eintracht Frankfurt,-3,9,Handicap Result,0.06244726,0.09367089,0.84388186,0.07177246,0.10976965,0.81845789,0.00932520,0.01609876,-0.02542397,13.0,8.5,1.14,Marathonbet,8.9,7.9,1.11,OBSERVED_CLOSE_FROZEN,Exact same European Handicap home-line; latest stored pre-kickoff triplet
EH|1575163|-2,1575163,Bundesliga,78,2026-09-12T18:40:06Z,2026-09-12T13:30:00Z,2026-09-12T12:42:44Z,47.3,FSV Mainz 05,Eintracht Frankfurt,-2,9,Handicap Result,0.13924051,0.16455696,0.69620253,0.16867470,0.16867470,0.66265060,0.02943419,0.00411774,-0.03355193,5.5,5.5,1.4,Marathonbet,4.8,5.15,1.37,OBSERVED_CLOSE_FROZEN,Exact same European Handicap home-line; latest stored pre-kickoff triplet
EH|1575163|-1,1575163,Bundesliga,78,2026-09-12T18:40:06Z,2026-09-12T13:30:00Z,2026-09-12T12:42:44Z,47.3,FSV Mainz 05,Eintracht Frankfurt,-1,9,Handicap Result,0.27448827,0.21553352,0.50997821,0.32653061,0.22448980,0.44897959,0.05204234,0.00895628,-0.06099862,2.75,4.0,2.0,Marathonbet,2.71,3.82,2.07,OBSERVED_CLOSE_FROZEN,Exact same European Handicap home-line; latest stored pre-kickoff triplet
EH|1575163|+1,1575163,Bundesliga,78,2026-09-12T18:40:06Z,2026-09-12T13:30:00Z,2026-09-12T12:42:44Z,47.3,FSV Mainz 05,Eintracht Frankfurt,+1,9,Handicap Result,0.70319635,0.16621005,0.13059361,0.74226804,0.15463918,0.10309278,0.03907169,-0.01157087,-0.02750083,1.25,6.0,9.0,Marathonbet,1.26,5.9,7.4,OBSERVED_CLOSE_FROZEN,Exact same European Handicap home-line; latest stored pre-kickoff triplet
EH|1575163|+2,1575163,Bundesliga,78,2026-09-12T18:40:06Z,2026-09-12T13:30:00Z,2026-09-12T12:42:44Z,47.3,FSV Mainz 05,Eintracht Frankfurt,+2,9,Handicap Result,0.85127692,0.09364046,0.05508262,0.87299460,0.07784202,0.04916338,0.02171768,-0.01579844,-0.00591924,1.07,12.0,19.0,Marathonbet,1.12,4.8,6.2,OBSERVED_CLOSE_FROZEN,Exact same European Handicap home-line; latest stored pre-kickoff triplet
EH|1575158|-4,1575158,Bundesliga,78,2026-09-12T18:40:06Z,2026-09-12T13:30:00Z,2026-09-12T12:42:44Z,47.3,Borussia Dortmund,SC Paderborn 07,-4,9,Handicap Result,0.10309278,0.12371134,0.77319588,0.11595489,0.12368521,0.76035990,0.01286211,-0.00002613,-0.01283598,8.0,7.5,1.22,Marathonbet,7.4,7.3,1.17,OBSERVED_CLOSE_FROZEN,Exact same European Handicap home-line; latest stored pre-kickoff triplet
EH|1575158|-3,1575158,Bundesliga,78,2026-09-12T18:40:06Z,2026-09-12T13:30:00Z,2026-09-12T12:42:44Z,47.3,Borussia Dortmund,SC Paderborn 07,-3,9,Handicap Result,0.21040819,0.18221349,0.60737831,0.22653243,0.18122594,0.59224163,0.01612424,-0.00098755,-0.01513668,4.0,5.0,1.53,Marathonbet,4.05,5.05,1.5,OBSERVED_CLOSE_FROZEN,Exact same European Handicap home-line; latest stored pre-kickoff triplet
EH|1575158|-2,1575158,Bundesliga,78,2026-09-12T18:40:06Z,2026-09-12T13:30:00Z,2026-09-12T12:42:44Z,47.3,Borussia Dortmund,SC Paderborn 07,-2,9,Handicap Result,0.36849638,0.21275773,0.41874589,0.38351920,0.21080270,0.40567809,0.01502282,-0.00195503,-0.01306780,2.38,4.33,2.25,Marathonbet,2.41,4.2,2.19,OBSERVED_CLOSE_FROZEN,Exact same European Handicap home-line; latest stored pre-kickoff triplet
EH|1575158|-1,1575158,Bundesliga,78,2026-09-12T18:40:06Z,2026-09-12T13:30:00Z,2026-09-12T12:42:44Z,47.3,Borussia Dortmund,SC Paderborn 07,-1,9,Handicap Result,0.56207123,0.21028993,0.22763885,0.57965194,0.21017403,0.21017403,0.01758071,-0.00011590,-0.01746482,1.57,4.33,4.33,Marathonbet,1.6,4.25,4.25,OBSERVED_CLOSE_FROZEN,Exact same European Handicap home-line; latest stored pre-kickoff triplet
EH|1575158|+1,1575158,Bundesliga,78,2026-09-12T18:40:06Z,2026-09-12T13:30:00Z,2026-09-12T12:42:44Z,47.3,Borussia Dortmund,SC Paderborn 07,+1,9,Handicap Result,0.88681931,0.07230988,0.04087080,0.90058885,0.06304122,0.03636993,0.01376954,-0.00926866,-0.00450087,1.05,15.0,26.0,Marathonbet,,,,OBSERVED_CLOSE_FROZEN,Exact same European Handicap home-line; latest stored pre-kickoff triplet
EH|1575160|-3,1575160,Bundesliga,78,2026-09-12T18:40:06Z,2026-09-12T13:30:00Z,2026-09-12T12:42:44Z,47.3,1899 Hoffenheim,VfB Stuttgart,-3,9,Handicap Result,0.04945954,0.07228701,0.87825345,0.04945954,0.07228701,0.87825345,-0.00000000,0.00000000,-0.00000000,19.0,13.0,1.07,Marathonbet,,,,OBSERVED_CLOSE_FROZEN,Exact same European Handicap home-line; latest stored pre-kickoff triplet
EH|1575160|-2,1575160,Bundesliga,78,2026-09-12T18:40:06Z,2026-09-12T13:30:00Z,2026-09-12T12:42:44Z,47.3,1899 Hoffenheim,VfB Stuttgart,-2,9,Handicap Result,0.10349006,0.13305865,0.76345128,0.10349006,0.13305865,0.76345128,0.00000000,0.00000000,0.00000000,9.0,7.0,1.22,Marathonbet,7.1,6.7,1.22,OBSERVED_CLOSE_FROZEN,Exact same European Handicap home-line; latest stored pre-kickoff triplet
EH|1575160|-1,1575160,Bundesliga,78,2026-09-12T18:40:06Z,2026-09-12T13:30:00Z,2026-09-12T12:42:44Z,47.3,1899 Hoffenheim,VfB Stuttgart,-1,9,Handicap Result,0.22779687,0.19182894,0.58037419,0.22779687,0.19182894,0.58037419,-0.00000000,0.00000000,-0.00000000,4.0,4.75,1.57,Marathonbet,3.74,4.55,1.65,OBSERVED_CLOSE_FROZEN,Exact same European Handicap home-line; latest stored pre-kickoff triplet
EH|1575160|+1,1575160,Bundesliga,78,2026-09-12T18:40:06Z,2026-09-12T13:30:00Z,2026-09-12T12:42:44Z,47.3,1899 Hoffenheim,VfB Stuttgart,+1,9,Handicap Result,0.62189055,0.17910448,0.19900498,0.62189055,0.17910448,0.19900498,-0.00000000,-0.00000000,-0.00000000,1.44,5.0,4.5,Marathonbet,1.49,4.95,4.75,OBSERVED_CLOSE_FROZEN,Exact same European Handicap home-line; latest stored pre-kickoff triplet
EH|1575160|+2,1575160,Bundesliga,78,2026-09-12T18:40:06Z,2026-09-12T13:30:00Z,2026-09-12T12:42:44Z,47.3,1899 Hoffenheim,VfB Stuttgart,+2,9,Handicap Result,0.79076009,0.12441292,0.08482699,0.78410873,0.12336644,0.09252483,-0.00665136,-0.00104648,0.00769784,1.18,7.5,10.0,Marathonbet,1.14,7.8,8.9,OBSERVED_CLOSE_FROZEN,Exact same European Handicap home-line; latest stored pre-kickoff triplet
EH|1575162|-2,1575162,Bundesliga,78,2026-09-12T18:40:06Z,2026-09-12T13:30:00Z,2026-09-12T12:42:44Z,47.3,FC Augsburg,Bayer Leverkusen,-2,9,Handicap Result,0.04916338,0.07784202,0.87299460,0.04956402,0.07847637,0.87195961,0.00040064,0.00063435,-0.00103499,19.0,12.0,1.08,Marathonbet,,,,OBSERVED_CLOSE_FROZEN,Exact same European Handicap home-line; latest stored pre-kickoff triplet
EH|1575162|-1,1575162,Bundesliga,78,2026-09-12T18:40:06Z,2026-09-12T13:30:00Z,2026-09-12T12:42:44Z,47.3,FC Augsburg,Bayer Leverkusen,-1,9,Handicap Result,0.10433387,0.14446228,0.75120385,0.11450382,0.15267176,0.73282443,0.01016995,0.00820948,-0.01837942,8.0,6.0,1.25,Marathonbet,7.1,5.9,1.28,OBSERVED_CLOSE_FROZEN,Exact same European Handicap home-line; latest stored pre-kickoff triplet
EH|1575162|+1,1575162,Bundesliga,78,2026-09-12T18:40:06Z,2026-09-12T13:30:00Z,2026-09-12T12:42:44Z,47.3,FC Augsburg,Bayer Leverkusen,+1,9,Handicap Result,0.45679486,0.21099070,0.33221444,0.48128402,0.21229849,0.30641749,0.02448916,0.00130779,-0.02579695,1.91,4.33,3.0,Marathonbet,1.99,4.1,2.89,OBSERVED_CLOSE_FROZEN,Exact same European Handicap home-line; latest stored pre-kickoff triplet
EH|1575162|+2,1575162,Bundesliga,78,2026-09-12T18:40:06Z,2026-09-12T13:30:00Z,2026-09-12T12:42:44Z,47.3,FC Augsburg,Bayer Leverkusen,+2,9,Handicap Result,0.66265060,0.16867470,0.16867470,0.66909976,0.16545012,0.16545012,0.00644916,-0.00322458,-0.00322458,1.36,5.5,5.5,Marathonbet,1.36,5.5,5.2,OBSERVED_CLOSE_FROZEN,Exact same European Handicap home-line; latest stored pre-kickoff triplet
EH|1575162|+3,1575162,Bundesliga,78,2026-09-12T18:40:06Z,2026-09-12T13:30:00Z,2026-09-12T12:42:44Z,47.3,FC Augsburg,Bayer Leverkusen,+3,9,Handicap Result,0.80791497,0.10835566,0.08372937,0.81845789,0.10976965,0.07177246,0.01054292,0.00141399,-0.01195691,1.14,8.5,13.0,Marathonbet,1.1,5.2,6.1,OBSERVED_CLOSE_FROZEN,Exact same European Handicap home-line; latest stored pre-kickoff triplet
EH|1575165|-3,1575165,Bundesliga,78,2026-09-12T18:40:06Z,2026-09-12T16:30:00Z,2026-09-12T12:42:44Z,227.3,1. FC Köln,Werder Bremen,-3,9,Handicap Result,0.04921292,0.08500414,0.86578293,0.04921292,0.08500414,0.86578293,0.00000000,0.00000000,0.00000000,19.0,11.0,1.08,Marathonbet,,,,OBSERVED_CLOSE_FROZEN,Exact same European Handicap home-line; latest stored pre-kickoff triplet
EH|1575165|-2,1575165,Bundesliga,78,2026-09-12T18:40:06Z,2026-09-12T16:30:00Z,2026-09-12T12:42:44Z,227.3,1. FC Köln,Werder Bremen,-2,9,Handicap Result,0.11450382,0.15267176,0.73282443,0.11450382,0.15267176,0.73282443,-0.00000000,-0.00000000,-0.00000000,8.0,6.0,1.25,Marathonbet,6.8,6.05,1.23,OBSERVED_CLOSE_FROZEN,Exact same European Handicap home-line; latest stored pre-kickoff triplet
EH|1575165|-1,1575165,Bundesliga,78,2026-09-12T18:40:06Z,2026-09-12T16:30:00Z,2026-09-12T12:42:44Z,227.3,1. FC Köln,Werder Bremen,-1,9,Handicap Result,0.24791252,0.21470484,0.53738264,0.24791252,0.21470484,0.53738264,0.00000000,0.00000000,-0.00000000,3.75,4.33,1.73,Marathonbet,3.5,4.05,1.78,OBSERVED_CLOSE_FROZEN,Exact same European Handicap home-line; latest stored pre-kickoff triplet
EH|1575165|+1,1575165,Bundesliga,78,2026-09-12T18:40:06Z,2026-09-12T16:30:00Z,2026-09-12T12:42:44Z,227.3,1. FC Köln,Werder Bremen,+1,9,Handicap Result,0.69135564,0.16718236,0.14146200,0.69135564,0.16718236,0.14146200,-0.00000000,0.00000000,-0.00000000,1.33,5.5,6.5,Marathonbet,1.35,5.2,6.3,OBSERVED_CLOSE_FROZEN,Exact same European Handicap home-line; latest stored pre-kickoff triplet
EH|1575165|+2,1575165,Bundesliga,78,2026-09-12T18:40:06Z,2026-09-12T16:30:00Z,2026-09-12T12:42:44Z,227.3,1. FC Köln,Werder Bremen,+2,9,Handicap Result,0.83974189,0.09811721,0.06214090,0.83974189,0.09811721,0.06214090,-0.00000000,0.00000000,-0.00000000,1.11,9.5,15.0,Marathonbet,1.1,4.95,6.5,OBSERVED_CLOSE_FROZEN,Exact same European Handicap home-line; latest stored pre-kickoff triplet
EH|1552764|-2,1552764,Ligue 1,61,2026-09-12T18:40:06Z,2026-09-12T15:15:00Z,2026-09-12T12:42:44Z,152.3,Strasbourg,Monaco,-2,9,Handicap Result,0.06226835,0.10378058,0.83395107,0.06180401,0.10300668,0.83518931,-0.00046434,-0.00077390,0.00123824,15.0,9.0,1.11,Marathonbet,,,,OBSERVED_CLOSE_FROZEN,Exact same European Handicap home-line; latest stored pre-kickoff triplet
EH|1552764|-1,1552764,Ligue 1,61,2026-09-12T18:40:06Z,2026-09-12T15:15:00Z,2026-09-12T12:42:44Z,152.3,Strasbourg,Monaco,-1,9,Handicap Result,0.15124555,0.18149466,0.66725979,0.14146200,0.16718236,0.69135564,-0.00978355,-0.01431230,0.02409585,6.5,5.5,1.33,Marathonbet,6.05,5.05,1.35,OBSERVED_CLOSE_FROZEN,Exact same European Handicap home-line; latest stored pre-kickoff triplet
EH|1552764|+1,1552764,Ligue 1,61,2026-09-12T18:40:06Z,2026-09-12T15:15:00Z,2026-09-12T12:42:44Z,152.3,Strasbourg,Monaco,+1,9,Handicap Result,0.54614528,0.21063802,0.24321670,0.53738264,0.21470484,0.24791252,-0.00876264,0.00406682,0.00469582,1.73,4.33,3.75,Marathonbet,1.8,3.92,3.34,OBSERVED_CLOSE_FROZEN,Exact same European Handicap home-line; latest stored pre-kickoff triplet
EH|1552764|+2,1552764,Ligue 1,61,2026-09-12T18:40:06Z,2026-09-12T15:15:00Z,2026-09-12T12:42:44Z,152.3,Strasbourg,Monaco,+2,9,Handicap Result,0.73282443,0.15267176,0.11450382,0.73282443,0.15267176,0.11450382,-0.00000000,-0.00000000,-0.00000000,1.25,6.0,8.0,Marathonbet,1.25,5.8,6.35,OBSERVED_CLOSE_FROZEN,Exact same European Handicap home-line; latest stored pre-kickoff triplet
EH|1552764|+3,1552764,Ligue 1,61,2026-09-12T18:40:06Z,2026-09-12T15:15:00Z,2026-09-12T12:42:44Z,152.3,Strasbourg,Monaco,+3,9,Handicap Result,0.87195961,0.07847637,0.04956402,0.87195961,0.07847637,0.04956402,0.00000000,-0.00000000,0.00000000,1.08,12.0,19.0,Marathonbet,,,,OBSERVED_CLOSE_FROZEN,Exact same European Handicap home-line; latest stored pre-kickoff triplet
EH|1561924|-3,1561924,Austrian Bundesliga,218,2026-09-12T18:40:06Z,2026-09-12T15:00:00Z,2026-09-12T12:42:44Z,137.3,SCR Altach,Grazer AK,-3,9,Handicap Result,0.04087080,0.07230988,0.88681931,0.04087080,0.07230988,0.88681931,0.00000000,0.00000000,0.00000000,23.0,13.0,1.06,Marathonbet,,,,OBSERVED_CLOSE_FROZEN,Exact same European Handicap home-line; latest stored pre-kickoff triplet
EH|1561924|-2,1561924,Austrian Bundesliga,218,2026-09-12T18:40:06Z,2026-09-12T15:00:00Z,2026-09-12T12:42:44Z,137.3,SCR Altach,Grazer AK,-2,9,Handicap Result,0.09315165,0.14331023,0.76353812,0.09198113,0.14150943,0.76650943,-0.00117052,-0.00180080,0.00297131,10.0,6.5,1.2,Marathonbet,7.9,6.15,1.19,OBSERVED_CLOSE_FROZEN,Exact same European Handicap home-line; latest stored pre-kickoff triplet
EH|1561924|-1,1561924,Austrian Bundesliga,218,2026-09-12T18:40:06Z,2026-09-12T15:00:00Z,2026-09-12T12:42:44Z,137.3,SCR Altach,Grazer AK,-1,9,Handicap Result,0.22752044,0.22752044,0.54495913,0.21028993,0.22763885,0.56207123,-0.01723051,0.00011841,0.01711210,4.33,4.0,1.62,Marathonbet,3.8,3.74,1.69,OBSERVED_CLOSE_FROZEN,Exact same European Handicap home-line; latest stored pre-kickoff triplet
EH|1561924|+1,1561924,Austrian Bundesliga,218,2026-09-12T18:40:06Z,2026-09-12T15:00:00Z,2026-09-12T12:42:44Z,137.3,SCR Altach,Grazer AK,+1,9,Handicap Result,0.68681319,0.18269231,0.13049451,0.68681319,0.18269231,0.13049451,-0.00000000,-0.00000000,-0.00000000,1.33,5.0,7.0,Marathonbet,1.29,5.0,7.0,OBSERVED_CLOSE_FROZEN,Exact same European Handicap home-line; latest stored pre-kickoff triplet
EH|1561924|+2,1561924,Austrian Bundesliga,218,2026-09-12T18:40:06Z,2026-09-12T15:00:00Z,2026-09-12T12:42:44Z,137.3,SCR Altach,Grazer AK,+2,9,Handicap Result,0.85624155,0.09418657,0.04957188,0.85624155,0.09418657,0.04957188,0.00000000,0.00000000,-0.00000000,1.1,10.0,19.0,Marathonbet,,,,OBSERVED_CLOSE_FROZEN,Exact same European Handicap home-line; latest stored pre-kickoff triplet
EH|1561929|-2,1561929,Austrian Bundesliga,218,2026-09-12T18:40:06Z,2026-09-12T17:30:00Z,2026-09-12T12:42:44Z,287.3,Wolfsberger AC,Rapid Vienna,-2,9,Handicap Result,0.03636993,0.06304122,0.90058885,0.03244862,0.06273400,0.90481737,-0.00392131,-0.00030722,0.00422852,29.0,15.0,1.04,Marathonbet,,,,OBSERVED_CLOSE_FROZEN,Exact same European Handicap home-line; latest stored pre-kickoff triplet
EH|1561929|-1,1561929,Austrian Bundesliga,218,2026-09-12T18:40:06Z,2026-09-12T17:30:00Z,2026-09-12T12:42:44Z,287.3,Wolfsberger AC,Rapid Vienna,-1,9,Handicap Result,0.08407980,0.13212541,0.78379479,0.07223114,0.12520064,0.80256822,-0.01184866,-0.00692477,0.01877343,13.0,7.5,1.17,Marathonbet,6.4,4.5,1.15,OBSERVED_CLOSE_FROZEN,Exact same European Handicap home-line; latest stored pre-kickoff triplet
EH|1561929|+1,1561929,Austrian Bundesliga,218,2026-09-12T18:40:06Z,2026-09-12T17:30:00Z,2026-09-12T12:42:44Z,287.3,Wolfsberger AC,Rapid Vienna,+1,9,Handicap Result,0.42982528,0.22565827,0.34451645,0.41846350,0.23015493,0.35138157,-0.01136178,0.00449666,0.00686512,2.2,4.0,2.62,Marathonbet,2.35,3.74,2.36,OBSERVED_CLOSE_FROZEN,Exact same European Handicap home-line; latest stored pre-kickoff triplet
EH|1561929|+2,1561929,Austrian Bundesliga,218,2026-09-12T18:40:06Z,2026-09-12T17:30:00Z,2026-09-12T12:42:44Z,287.3,Wolfsberger AC,Rapid Vienna,+2,9,Handicap Result,0.64523698,0.18582825,0.16893477,0.59685315,0.19224954,0.21089730,-0.04838383,0.00642129,0.04196253,1.53,4.75,4.33,Marathonbet,1.48,4.85,4.33,OBSERVED_CLOSE_FROZEN,Exact same European Handicap home-line; latest stored pre-kickoff triplet
EH|1561929|+3,1561929,Austrian Bundesliga,218,2026-09-12T18:40:06Z,2026-09-12T17:30:00Z,2026-09-12T12:42:44Z,287.3,Wolfsberger AC,Rapid Vienna,+3,9,Handicap Result,0.80248039,0.11435346,0.08316615,0.77433628,0.13274336,0.09292035,-0.02814411,0.01838990,0.00975420,1.2,7.0,10.0,Marathonbet,1.14,7.5,8.8,OBSERVED_CLOSE_FROZEN,Exact same European Handicap home-line; latest stored pre-kickoff triplet
EH|1558627|-2,1558627,Belgian Pro League,144,2026-09-12T18:40:06Z,2026-09-12T14:00:00Z,2026-09-12T12:42:44Z,77.3,SK Beveren,St. Truiden,-2,9,Handicap Result,0.06226835,0.10378058,0.83395107,0.06226835,0.10378058,0.83395107,-0.00000000,-0.00000000,0.00000000,15.0,9.0,1.12,Marathonbet,6.75,5.0,1.11,OBSERVED_CLOSE_FROZEN,Exact same European Handicap home-line; latest stored pre-kickoff triplet
EH|1558627|-1,1558627,Belgian Pro League,144,2026-09-12T18:40:06Z,2026-09-12T14:00:00Z,2026-09-12T12:42:44Z,77.3,SK Beveren,St. Truiden,-1,9,Handicap Result,0.15124555,0.18149466,0.66725979,0.15378289,0.16776316,0.67845395,0.00253734,-0.01373150,0.01119416,6.0,5.5,1.36,Marathonbet,5.7,4.95,1.36,OBSERVED_CLOSE_FROZEN,Exact same European Handicap home-line; latest stored pre-kickoff triplet
EH|1558627|+1,1558627,Belgian Pro League,144,2026-09-12T18:40:06Z,2026-09-12T14:00:00Z,2026-09-12T12:42:44Z,77.3,SK Beveren,St. Truiden,+1,9,Handicap Result,0.56207123,0.21028993,0.22763885,0.56207123,0.21028993,0.22763885,-0.00000000,-0.00000000,-0.00000000,1.62,4.33,4.0,Marathonbet,1.6,4.25,3.9,OBSERVED_CLOSE_FROZEN,Exact same European Handicap home-line; latest stored pre-kickoff triplet
EH|1558627|+2,1558627,Belgian Pro League,144,2026-09-12T18:40:06Z,2026-09-12T14:00:00Z,2026-09-12T12:42:44Z,77.3,SK Beveren,St. Truiden,+2,9,Handicap Result,0.75571632,0.14184214,0.10244155,0.75571632,0.14184214,0.10244155,-0.00000000,-0.00000000,-0.00000000,1.22,6.5,9.0,Marathonbet,1.18,6.55,7.8,OBSERVED_CLOSE_FROZEN,Exact same European Handicap home-line; latest stored pre-kickoff triplet
EH|1558627|+3,1558627,Belgian Pro League,144,2026-09-12T18:40:06Z,2026-09-12T14:00:00Z,2026-09-12T12:42:44Z,77.3,SK Beveren,St. Truiden,+3,9,Handicap Result,0.88240998,0.07262913,0.04496089,0.88240998,0.07262913,0.04496089,0.00000000,-0.00000000,-0.00000000,1.07,13.0,21.0,Marathonbet,,,,OBSERVED_CLOSE_FROZEN,Exact same European Handicap home-line; latest stored pre-kickoff triplet
EH|1558628|-3,1558628,Belgian Pro League,144,2026-09-12T18:40:06Z,2026-09-12T16:15:00Z,2026-09-12T12:42:44Z,212.3,KVC Westerlo,Standard Liege,-3,9,Handicap Result,0.04091972,0.06274357,0.89633671,0.04091972,0.06274357,0.89633671,-0.00000000,-0.00000000,0.00000000,23.0,15.0,1.05,Marathonbet,,,,OBSERVED_CLOSE_FROZEN,Exact same European Handicap home-line; latest stored pre-kickoff triplet
EH|1558628|-2,1558628,Belgian Pro League,144,2026-09-12T18:40:06Z,2026-09-12T16:15:00Z,2026-09-12T12:42:44Z,212.3,KVC Westerlo,Standard Liege,-2,9,Handicap Result,0.08407980,0.13212541,0.78379479,0.08425753,0.12357770,0.79216477,0.00017773,-0.00854771,0.00836998,11.0,7.5,1.17,Marathonbet,6.25,4.9,1.13,OBSERVED_CLOSE_FROZEN,Exact same European Handicap home-line; latest stored pre-kickoff triplet
EH|1558628|-1,1558628,Belgian Pro League,144,2026-09-12T18:40:06Z,2026-09-12T16:15:00Z,2026-09-12T12:42:44Z,212.3,KVC Westerlo,Standard Liege,-1,9,Handicap Result,0.20238095,0.20238095,0.59523810,0.18566775,0.19543974,0.61889251,-0.01671320,-0.00694121,0.02365441,5.0,4.75,1.5,Marathonbet,4.55,4.45,1.52,OBSERVED_CLOSE_FROZEN,Exact same European Handicap home-line; latest stored pre-kickoff triplet
EH|1558628|+1,1558628,Belgian Pro League,144,2026-09-12T18:40:06Z,2026-09-12T16:15:00Z,2026-09-12T12:42:44Z,212.3,KVC Westerlo,Standard Liege,+1,9,Handicap Result,0.62847314,0.19052659,0.18100026,0.60000000,0.20000000,0.20000000,-0.02847314,0.00947341,0.01899974,1.5,4.5,4.5,Marathonbet,1.44,4.65,5.1,OBSERVED_CLOSE_FROZEN,Exact same European Handicap home-line; latest stored pre-kickoff triplet
EH|1558628|+2,1558628,Belgian Pro League,144,2026-09-12T18:40:06Z,2026-09-12T16:15:00Z,2026-09-12T12:42:44Z,212.3,KVC Westerlo,Standard Liege,+2,9,Handicap Result,0.79216477,0.12357770,0.08425753,0.79216477,0.12357770,0.08425753,0.00000000,0.00000000,-0.00000000,1.17,7.5,11.0,Marathonbet,1.1,5.2,6.7,OBSERVED_CLOSE_FROZEN,Exact same European Handicap home-line; latest stored pre-kickoff triplet
EH|1552163|-4,1552163,Eredivisie,88,2026-09-12T18:40:06Z,2026-09-12T14:30:00Z,2026-09-12T12:42:44Z,107.3,Twente,ADO Den Haag,-4,9,Handicap Result,0.10309278,0.12371134,0.77319588,0.11450382,0.12213740,0.76335878,0.01141104,-0.00157394,-0.00983710,8.0,7.5,1.2,Marathonbet,7.9,7.7,1.16,OBSERVED_CLOSE_FROZEN,Exact same European Handicap home-line; latest stored pre-kickoff triplet
EH|1552163|-3,1552163,Eredivisie,88,2026-09-12T18:40:06Z,2026-09-12T14:30:00Z,2026-09-12T12:42:44Z,107.3,Twente,ADO Den Haag,-3,9,Handicap Result,0.21040819,0.18221349,0.60737831,0.21040819,0.18221349,0.60737831,0.00000000,0.00000000,0.00000000,4.33,5.0,1.5,Marathonbet,4.2,5.25,1.46,OBSERVED_CLOSE_FROZEN,Exact same European Handicap home-line; latest stored pre-kickoff triplet
EH|1552163|-2,1552163,Eredivisie,88,2026-09-12T18:40:06Z,2026-09-12T14:30:00Z,2026-09-12T12:42:44Z,107.3,Twente,ADO Den Haag,-2,9,Handicap Result,0.38351920,0.21080270,0.40567809,0.36849638,0.21275773,0.41874589,-0.01502282,0.00195503,0.01306780,2.5,4.33,2.2,Marathonbet,2.42,4.3,2.11,OBSERVED_CLOSE_FROZEN,Exact same European Handicap home-line; latest stored pre-kickoff triplet
EH|1552163|-1,1552163,Eredivisie,88,2026-09-12T18:40:06Z,2026-09-12T14:30:00Z,2026-09-12T12:42:44Z,107.3,Twente,ADO Den Haag,-1,9,Handicap Result,0.56657224,0.20396601,0.22946176,0.56657224,0.20396601,0.22946176,-0.00000000,-0.00000000,-0.00000000,1.62,4.5,4.0,Marathonbet,1.6,4.3,3.98,OBSERVED_CLOSE_FROZEN,Exact same European Handicap home-line; latest stored pre-kickoff triplet
EH|1552163|+1,1552163,Eredivisie,88,2026-09-12T18:40:06Z,2026-09-12T14:30:00Z,2026-09-12T12:42:44Z,107.3,Twente,ADO Den Haag,+1,9,Handicap Result,0.88681931,0.07230988,0.04087080,0.88587343,0.07291420,0.04121237,-0.00094588,0.00060432,0.00034157,1.07,13.0,23.0,Marathonbet,,,,OBSERVED_CLOSE_FROZEN,Exact same European Handicap home-line; latest stored pre-kickoff triplet
EH|1552164|-3,1552164,Eredivisie,88,2026-09-12T18:40:06Z,2026-09-12T16:45:00Z,2026-09-12T12:42:44Z,242.3,GO Ahead Eagles,Groningen,-3,9,Handicap Result,0.04945954,0.07228701,0.87825345,0.04945954,0.07228701,0.87825345,-0.00000000,0.00000000,-0.00000000,19.0,13.0,1.07,Marathonbet,,,,OBSERVED_CLOSE_FROZEN,Exact same European Handicap home-line; latest stored pre-kickoff triplet
EH|1552164|-2,1552164,Eredivisie,88,2026-09-12T18:40:06Z,2026-09-12T16:45:00Z,2026-09-12T12:42:44Z,242.3,GO Ahead Eagles,Groningen,-2,9,Handicap Result,0.10244155,0.14184214,0.75571632,0.10244155,0.14184214,0.75571632,-0.00000000,-0.00000000,-0.00000000,9.0,6.5,1.22,Marathonbet,7.7,6.6,1.18,OBSERVED_CLOSE_FROZEN,Exact same European Handicap home-line; latest stored pre-kickoff triplet
EH|1552164|-1,1552164,Eredivisie,88,2026-09-12T18:40:06Z,2026-09-12T16:45:00Z,2026-09-12T12:42:44Z,242.3,GO Ahead Eagles,Groningen,-1,9,Handicap Result,0.22946176,0.20396601,0.56657224,0.22946176,0.20396601,0.56657224,-0.00000000,-0.00000000,-0.00000000,4.0,4.5,1.62,Marathonbet,3.9,4.33,1.58,OBSERVED_CLOSE_FROZEN,Exact same European Handicap home-line; latest stored pre-kickoff triplet
EH|1552164|+1,1552164,Eredivisie,88,2026-09-12T18:40:06Z,2026-09-12T16:45:00Z,2026-09-12T12:42:44Z,242.3,GO Ahead Eagles,Groningen,+1,9,Handicap Result,0.63451777,0.18274112,0.18274112,0.63451777,0.18274112,0.18274112,-0.00000000,-0.00000000,-0.00000000,1.44,5.0,5.0,Marathonbet,1.43,4.75,4.9,OBSERVED_CLOSE_FROZEN,Exact same European Handicap home-line; latest stored pre-kickoff triplet
EH|1552164|+2,1552164,Eredivisie,88,2026-09-12T18:40:06Z,2026-09-12T16:45:00Z,2026-09-12T12:42:44Z,242.3,GO Ahead Eagles,Groningen,+2,9,Handicap Result,0.79833076,0.11675587,0.08491336,0.79833076,0.11675587,0.08491336,0.00000000,0.00000000,0.00000000,1.17,8.0,11.0,Marathonbet,1.11,5.2,6.35,OBSERVED_CLOSE_FROZEN,Exact same European Handicap home-line; latest stored pre-kickoff triplet
EH|1552165|-2,1552165,Eredivisie,88,2026-09-12T18:40:06Z,2026-09-12T18:00:00Z,2026-09-12T12:42:44Z,317.3,Fortuna Sittard,Ajax,-2,9,Handicap Result,0.03268989,0.05576511,0.91154500,0.02793360,0.04998644,0.92207996,-0.00475629,-0.00577867,0.01053496,34.0,19.0,1.03,Marathonbet,,,,OBSERVED_CLOSE_FROZEN,Exact same European Handicap home-line; latest stored pre-kickoff triplet
EH|1552165|-1,1552165,Eredivisie,88,2026-09-12T18:40:06Z,2026-09-12T18:00:00Z,2026-09-12T12:42:44Z,317.3,Fortuna Sittard,Ajax,-1,9,Handicap Result,0.07128341,0.11583555,0.81288104,0.06189052,0.10921857,0.82889091,-0.00939289,-0.00661698,0.01600987,15.0,8.5,1.12,Marathonbet,7.0,4.8,1.11,OBSERVED_CLOSE_FROZEN,Exact same European Handicap home-line; latest stored pre-kickoff triplet
EH|1552165|+1,1552165,Eredivisie,88,2026-09-12T18:40:06Z,2026-09-12T18:00:00Z,2026-09-12T12:42:44Z,317.3,Fortuna Sittard,Ajax,+1,9,Handicap Result,0.33221444,0.21099070,0.45679486,0.33221444,0.21099070,0.45679486,0.00000000,-0.00000000,-0.00000000,2.75,4.33,2.0,Marathonbet,2.89,4.0,1.95,OBSERVED_CLOSE_FROZEN,Exact same European Handicap home-line; latest stored pre-kickoff triplet
EH|1552165|+2,1552165,Eredivisie,88,2026-09-12T18:40:06Z,2026-09-12T18:00:00Z,2026-09-12T12:42:44Z,317.3,Fortuna Sittard,Ajax,+2,9,Handicap Result,0.53227442,0.20462994,0.26309564,0.52818725,0.20305865,0.26875410,-0.00408717,-0.00157129,0.00565846,1.73,4.5,3.4,Marathonbet,1.71,4.55,3.2,OBSERVED_CLOSE_FROZEN,Exact same European Handicap home-line; latest stored pre-kickoff triplet
EH|1552165|+3,1552165,Eredivisie,88,2026-09-12T18:40:06Z,2026-09-12T18:00:00Z,2026-09-12T12:42:44Z,317.3,Fortuna Sittard,Ajax,+3,9,Handicap Result,0.72475311,0.14272061,0.13252628,0.70588235,0.15294118,0.14117647,-0.01887076,0.01022057,0.00865019,1.3,6.0,6.5,Marathonbet,1.26,6.2,6.0,OBSERVED_CLOSE_FROZEN,Exact same European Handicap home-line; latest stored pre-kickoff triplet
EH|1494760|-3,1494760,Eliteserien,103,2026-09-12T18:40:06Z,2026-09-12T14:00:00Z,2026-09-12T12:42:44Z,77.3,Lillestrom,Valerenga,-3,9,Handicap Result,0.07116634,0.10279582,0.82603784,0.07116634,0.10279582,0.82603784,-0.00000000,0.00000000,0.00000000,13.0,9.0,1.12,Marathonbet,,,,OBSERVED_CLOSE_FROZEN,Exact same European Handicap home-line; latest stored pre-kickoff triplet
EH|1494760|-2,1494760,Eliteserien,103,2026-09-12T18:40:06Z,2026-09-12T14:00:00Z,2026-09-12T12:42:44Z,77.3,Lillestrom,Valerenga,-2,9,Handicap Result,0.15146495,0.16523450,0.68330055,0.15146495,0.16523450,0.68330055,0.00000000,-0.00000000,-0.00000000,6.0,5.5,1.33,Marathonbet,5.95,5.7,1.28,OBSERVED_CLOSE_FROZEN,Exact same European Handicap home-line; latest stored pre-kickoff triplet
EH|1494760|-1,1494760,Eliteserien,103,2026-09-12T18:40:06Z,2026-09-12T14:00:00Z,2026-09-12T12:42:44Z,77.3,Lillestrom,Valerenga,-1,9,Handicap Result,0.28356457,0.21283715,0.50359828,0.28356457,0.21283715,0.50359828,0.00000000,-0.00000000,0.00000000,3.25,4.33,1.83,Marathonbet,3.15,4.05,1.8,OBSERVED_CLOSE_FROZEN,Exact same European Handicap home-line; latest stored pre-kickoff triplet
EH|1494760|+1,1494760,Eliteserien,103,2026-09-12T18:40:06Z,2026-09-12T14:00:00Z,2026-09-12T12:42:44Z,77.3,Lillestrom,Valerenga,+1,9,Handicap Result,0.71623465,0.15279673,0.13096862,0.71623465,0.15279673,0.13096862,0.00000000,-0.00000000,0.00000000,1.28,6.0,7.0,Marathonbet,1.3,5.35,6.25,OBSERVED_CLOSE_FROZEN,Exact same European Handicap home-line; latest stored pre-kickoff triplet
EH|1494760|+2,1494760,Eliteserien,103,2026-09-12T18:40:06Z,2026-09-12T14:00:00Z,2026-09-12T12:42:44Z,77.3,Lillestrom,Valerenga,+2,9,Handicap Result,0.85858586,0.08585859,0.05555556,0.85858586,0.08585859,0.05555556,-0.00000000,-0.00000000,-0.00000000,1.1,11.0,17.0,Marathonbet,,,,OBSERVED_CLOSE_FROZEN,Exact same European Handicap home-line; latest stored pre-kickoff triplet
EH|1494761|-3,1494761,Eliteserien,103,2026-09-12T18:40:06Z,2026-09-12T16:00:00Z,2026-09-12T12:42:44Z,197.3,Rosenborg,Tromso,-3,9,Handicap Result,0.07177246,0.10976965,0.81845789,0.08491336,0.11675587,0.79833076,0.01314090,0.00698622,-0.02012713,11.0,8.0,1.17,Marathonbet,6.6,5.25,1.1,OBSERVED_CLOSE_FROZEN,Exact same European Handicap home-line; latest stored pre-kickoff triplet
EH|1494761|-2,1494761,Eliteserien,103,2026-09-12T18:40:06Z,2026-09-12T16:00:00Z,2026-09-12T12:42:44Z,197.3,Rosenborg,Tromso,-2,9,Handicap Result,0.16587678,0.18246445,0.65165877,0.18274112,0.18274112,0.63451777,0.01686434,0.00027667,-0.01714100,5.0,5.0,1.44,Marathonbet,5.05,5.0,1.39,OBSERVED_CLOSE_FROZEN,Exact same European Handicap home-line; latest stored pre-kickoff triplet
EH|1494761|-1,1494761,Eliteserien,103,2026-09-12T18:40:06Z,2026-09-12T16:00:00Z,2026-09-12T12:42:44Z,197.3,Rosenborg,Tromso,-1,9,Handicap Result,0.33366435,0.22939424,0.43694141,0.35138157,0.23015493,0.41846350,0.01771722,0.00076069,-0.01847791,2.62,4.0,2.2,Marathonbet,2.64,3.64,2.19,OBSERVED_CLOSE_FROZEN,Exact same European Handicap home-line; latest stored pre-kickoff triplet
EH|1494761|+1,1494761,Eliteserien,103,2026-09-12T18:40:06Z,2026-09-12T16:00:00Z,2026-09-12T12:42:44Z,197.3,Rosenborg,Tromso,+1,9,Handicap Result,0.77297297,0.14270270,0.08432432,0.78379479,0.13212541,0.08407980,0.01082182,-0.01057729,-0.00024452,1.18,7.0,11.0,Marathonbet,1.16,4.45,6.25,OBSERVED_CLOSE_FROZEN,Exact same European Handicap home-line; latest stored pre-kickoff triplet
EH|1494761|+2,1494761,Eliteserien,103,2026-09-12T18:40:06Z,2026-09-12T16:00:00Z,2026-09-12T12:42:44Z,197.3,Rosenborg,Tromso,+2,9,Handicap Result,0.90058885,0.06304122,0.03636993,0.90058885,0.06304122,0.03636993,-0.00000000,-0.00000000,0.00000000,1.05,15.0,26.0,Marathonbet,,,,OBSERVED_CLOSE_FROZEN,Exact same European Handicap home-line; latest stored pre-kickoff triplet
EH|1553169|-2,1553169,Ekstraklasa,106,2026-09-12T18:40:06Z,2026-09-12T12:45:00Z,2026-09-12T12:42:44Z,2.3,Slask Wroclaw,Korona Kielce,-2,9,Handicap Result,0.07676768,0.11515152,0.80808081,0.07676768,0.11515152,0.80808081,-0.00000000,-0.00000000,-0.00000000,12.0,8.0,1.14,Marathonbet,6.65,4.8,1.1,OBSERVED_CLOSE_FROZEN,Exact same European Handicap home-line; latest stored pre-kickoff triplet
EH|1553169|-1,1553169,Ekstraklasa,106,2026-09-12T18:40:06Z,2026-09-12T12:45:00Z,2026-09-12T12:42:44Z,2.3,Slask Wroclaw,Korona Kielce,-1,9,Handicap Result,0.16981132,0.20754717,0.62264151,0.16981132,0.20754717,0.62264151,0.00000000,-0.00000000,-0.00000000,5.5,4.5,1.5,Marathonbet,5.3,4.45,1.41,OBSERVED_CLOSE_FROZEN,Exact same European Handicap home-line; latest stored pre-kickoff triplet
EH|1553169|+1,1553169,Ekstraklasa,106,2026-09-12T18:40:06Z,2026-09-12T12:45:00Z,2026-09-12T12:42:44Z,2.3,Slask Wroclaw,Korona Kielce,+1,9,Handicap Result,0.61224490,0.20408163,0.18367347,0.61224490,0.20408163,0.18367347,-0.00000000,0.00000000,-0.00000000,1.5,4.5,5.0,Marathonbet,1.5,4.2,4.7,OBSERVED_CLOSE_FROZEN,Exact same European Handicap home-line; latest stored pre-kickoff triplet
EH|1553169|+2,1553169,Ekstraklasa,106,2026-09-12T18:40:06Z,2026-09-12T12:45:00Z,2026-09-12T12:42:44Z,2.3,Slask Wroclaw,Korona Kielce,+2,9,Handicap Result,0.79640892,0.12105416,0.08253692,0.79640892,0.12105416,0.08253692,-0.00000000,-0.00000000,0.00000000,1.14,7.5,11.0,Marathonbet,1.12,4.7,6.2,OBSERVED_CLOSE_FROZEN,Exact same European Handicap home-line; latest stored pre-kickoff triplet
EH|1553169|+3,1553169,Ekstraklasa,106,2026-09-12T18:40:06Z,2026-09-12T12:45:00Z,2026-09-12T12:42:44Z,2.3,Slask Wroclaw,Korona Kielce,+3,9,Handicap Result,0.91154500,0.05576511,0.03268989,0.91154500,0.05576511,0.03268989,0.00000000,-0.00000000,-0.00000000,1.04,17.0,29.0,Marathonbet,,,,OBSERVED_CLOSE_FROZEN,Exact same European Handicap home-line; latest stored pre-kickoff triplet
EH|1553164|-2,1553164,Ekstraklasa,106,2026-09-12T18:40:06Z,2026-09-12T15:30:00Z,2026-09-12T12:42:44Z,167.3,Gornik Zabrze,Lech Poznan,-2,9,Handicap Result,0.07073859,0.10818844,0.82107297,0.07073859,0.10818844,0.82107297,0.00000000,-0.00000000,-0.00000000,13.0,8.5,1.12,Marathonbet,6.45,4.9,1.1,OBSERVED_CLOSE_FROZEN,Exact same European Handicap home-line; latest stored pre-kickoff triplet
EH|1553164|-1,1553164,Ekstraklasa,106,2026-09-12T18:40:06Z,2026-09-12T15:30:00Z,2026-09-12T12:42:44Z,167.3,Gornik Zabrze,Lech Poznan,-1,9,Handicap Result,0.16429895,0.19024089,0.64546016,0.16429895,0.19024089,0.64546016,-0.00000000,-0.00000000,0.00000000,5.5,4.75,1.4,Marathonbet,5.5,4.75,1.37,OBSERVED_CLOSE_FROZEN,Exact same European Handicap home-line; latest stored pre-kickoff triplet
EH|1553164|+1,1553164,Ekstraklasa,106,2026-09-12T18:40:06Z,2026-09-12T15:30:00Z,2026-09-12T12:42:44Z,167.3,Gornik Zabrze,Lech Poznan,+1,9,Handicap Result,0.57965194,0.21017403,0.21017403,0.57965194,0.21017403,0.21017403,0.00000000,-0.00000000,-0.00000000,1.57,4.33,4.33,Marathonbet,1.57,4.2,4.05,OBSERVED_CLOSE_FROZEN,Exact same European Handicap home-line; latest stored pre-kickoff triplet
EH|1553164|+2,1553164,Ekstraklasa,106,2026-09-12T18:40:06Z,2026-09-12T15:30:00Z,2026-09-12T12:42:44Z,167.3,Gornik Zabrze,Lech Poznan,+2,9,Handicap Result,0.77056779,0.13209733,0.09733488,0.77056779,0.13209733,0.09733488,-0.00000000,0.00000000,-0.00000000,1.2,7.0,9.5,Marathonbet,1.16,6.6,8.3,OBSERVED_CLOSE_FROZEN,Exact same European Handicap home-line; latest stored pre-kickoff triplet
EH|1553164|+3,1553164,Ekstraklasa,106,2026-09-12T18:40:06Z,2026-09-12T15:30:00Z,2026-09-12T12:42:44Z,167.3,Gornik Zabrze,Lech Poznan,+3,9,Handicap Result,0.89633671,0.06274357,0.04091972,0.89633671,0.06274357,0.04091972,0.00000000,-0.00000000,-0.00000000,1.05,15.0,23.0,Marathonbet,,,,OBSERVED_CLOSE_FROZEN,Exact same European Handicap home-line; latest stored pre-kickoff triplet
EH|1553172|-3,1553172,Ekstraklasa,106,2026-09-12T18:40:06Z,2026-09-12T18:15:00Z,2026-09-12T12:42:44Z,332.3,Zaglebie Lubin,GKS Katowice,-3,9,Handicap Result,0.03605769,0.06250000,0.90144231,0.03605769,0.06250000,0.90144231,0.00000000,0.00000000,-0.00000000,26.0,15.0,1.04,Marathonbet,,,,OBSERVED_CLOSE_FROZEN,Exact same European Handicap home-line; latest stored pre-kickoff triplet
EH|1553172|-2,1553172,Ekstraklasa,106,2026-09-12T18:40:06Z,2026-09-12T18:15:00Z,2026-09-12T12:42:44Z,332.3,Zaglebie Lubin,GKS Katowice,-2,9,Handicap Result,0.07676768,0.11515152,0.80808081,0.07676768,0.11515152,0.80808081,-0.00000000,-0.00000000,-0.00000000,12.0,8.0,1.14,Marathonbet,6.6,4.8,1.11,OBSERVED_CLOSE_FROZEN,Exact same European Handicap home-line; latest stored pre-kickoff triplet
EH|1553172|-1,1553172,Ekstraklasa,106,2026-09-12T18:40:06Z,2026-09-12T18:15:00Z,2026-09-12T12:42:44Z,332.3,Zaglebie Lubin,GKS Katowice,-1,9,Handicap Result,0.16981132,0.20754717,0.62264151,0.16981132,0.20754717,0.62264151,0.00000000,-0.00000000,-0.00000000,5.5,4.5,1.5,Marathonbet,4.95,4.35,1.45,OBSERVED_CLOSE_FROZEN,Exact same European Handicap home-line; latest stored pre-kickoff triplet
EH|1553172|+1,1553172,Ekstraklasa,106,2026-09-12T18:40:06Z,2026-09-12T18:15:00Z,2026-09-12T12:42:44Z,332.3,Zaglebie Lubin,GKS Katowice,+1,9,Handicap Result,0.61224490,0.20408163,0.18367347,0.61224490,0.20408163,0.18367347,-0.00000000,0.00000000,-0.00000000,1.5,4.5,5.0,Marathonbet,1.45,4.33,4.95,OBSERVED_CLOSE_FROZEN,Exact same European Handicap home-line; latest stored pre-kickoff triplet
EH|1553172|+2,1553172,Ekstraklasa,106,2026-09-12T18:40:06Z,2026-09-12T18:15:00Z,2026-09-12T12:42:44Z,332.3,Zaglebie Lubin,GKS Katowice,+2,9,Handicap Result,0.80192462,0.12189254,0.07618284,0.80192462,0.12189254,0.07618284,-0.00000000,0.00000000,-0.00000000,1.14,7.5,12.0,Marathonbet,1.11,4.85,6.4,OBSERVED_CLOSE_FROZEN,Exact same European Handicap home-line; latest stored pre-kickoff triplet
EH|1553172|+3,1553172,Ekstraklasa,106,2026-09-12T18:40:06Z,2026-09-12T18:15:00Z,2026-09-12T12:42:44Z,332.3,Zaglebie Lubin,GKS Katowice,+3,9,Handicap Result,0.91154500,0.05576511,0.03268989,0.91154500,0.05576511,0.03268989,0.00000000,-0.00000000,-0.00000000,1.04,17.0,29.0,Marathonbet,,,,OBSERVED_CLOSE_FROZEN,Exact same European Handicap home-line; latest stored pre-kickoff triplet
EH|1575498|-3,1575498,Primeira Liga,94,2026-09-12T18:40:06Z,2026-09-12T14:30:00Z,2026-09-12T12:42:44Z,107.3,Nacional,Alverca,-3,9,Handicap Result,0.02793360,0.04998644,0.92207996,0.02801724,0.05603448,0.91594828,0.00008364,0.00604804,-0.00613168,34.0,17.0,1.04,Marathonbet,,,,OBSERVED_CLOSE_FROZEN,Exact same European Handicap home-line; latest stored pre-kickoff triplet
EH|1575498|-2,1575498,Primeira Liga,94,2026-09-12T18:40:06Z,2026-09-12T14:30:00Z,2026-09-12T12:42:44Z,107.3,Nacional,Alverca,-2,9,Handicap Result,0.06237177,0.11694707,0.82068117,0.07073716,0.12261107,0.80665177,0.00836539,0.00566400,-0.01402940,13.0,7.5,1.14,Marathonbet,7.2,4.95,1.1,OBSERVED_CLOSE_FROZEN,Exact same European Handicap home-line; latest stored pre-kickoff triplet
EH|1575498|-1,1575498,Primeira Liga,94,2026-09-12T18:40:06Z,2026-09-12T14:30:00Z,2026-09-12T12:42:44Z,107.3,Nacional,Alverca,-1,9,Handicap Result,0.16843880,0.21395228,0.61760892,0.16843880,0.21395228,0.61760892,-0.00000000,0.00000000,0.00000000,5.5,4.33,1.5,Marathonbet,5.35,4.25,1.42,OBSERVED_CLOSE_FROZEN,Exact same European Handicap home-line; latest stored pre-kickoff triplet
EH|1575498|+1,1575498,Primeira Liga,94,2026-09-12T18:40:06Z,2026-09-12T14:30:00Z,2026-09-12T12:42:44Z,107.3,Nacional,Alverca,+1,9,Handicap Result,0.63590436,0.21147859,0.15261705,0.62720239,0.20858463,0.16421299,-0.00870197,-0.00289396,0.01159594,1.44,4.33,5.5,Marathonbet,1.47,4.1,4.95,OBSERVED_CLOSE_FROZEN,Exact same European Handicap home-line; latest stored pre-kickoff triplet
EH|1575498|+2,1575498,Primeira Liga,94,2026-09-12T18:40:06Z,2026-09-12T14:30:00Z,2026-09-12T12:42:44Z,107.3,Nacional,Alverca,+2,9,Handicap Result,0.82327113,0.11525796,0.06147091,0.82068117,0.11694707,0.06237177,-0.00258996,0.00168911,0.00090086,1.14,8.0,15.0,Marathonbet,1.11,4.95,6.95,OBSERVED_CLOSE_FROZEN,Exact same European Handicap home-line; latest stored pre-kickoff triplet
EH|1575495|-1,1575495,Primeira Liga,94,2026-09-12T18:40:06Z,2026-09-12T17:00:00Z,2026-09-12T12:42:44Z,257.3,Casa Pia,FC Porto,-1,9,Handicap Result,0.03241510,0.07231062,0.89527428,0.03249374,0.07852654,0.88897972,0.00007864,0.00621592,-0.00629456,29.0,12.0,1.06,Marathonbet,,,,OBSERVED_CLOSE_FROZEN,Exact same European Handicap home-line; latest stored pre-kickoff triplet
EH|1575495|+1,1575495,Primeira Liga,94,2026-09-12T18:40:06Z,2026-09-12T17:00:00Z,2026-09-12T12:42:44Z,257.3,Casa Pia,FC Porto,+1,9,Handicap Result,0.24489796,0.24489796,0.51020408,0.22752044,0.22752044,0.54495913,-0.01737752,-0.01737752,0.03475505,4.0,4.0,1.67,Marathonbet,4.45,3.72,1.66,OBSERVED_CLOSE_FROZEN,Exact same European Handicap home-line; latest stored pre-kickoff triplet
EH|1575495|+2,1575495,Primeira Liga,94,2026-09-12T18:40:06Z,2026-09-12T17:00:00Z,2026-09-12T12:42:44Z,257.3,Casa Pia,FC Porto,+2,9,Handicap Result,0.49490816,0.22642048,0.27867136,0.47299961,0.22585731,0.30114308,-0.02190855,-0.00056317,0.02247172,1.91,4.0,3.0,Marathonbet,2.14,3.74,2.56,OBSERVED_CLOSE_FROZEN,Exact same European Handicap home-line; latest stored pre-kickoff triplet
EH|1575495|+3,1575495,Primeira Liga,94,2026-09-12T18:40:06Z,2026-09-12T17:00:00Z,2026-09-12T12:42:44Z,257.3,Casa Pia,FC Porto,+3,9,Handicap Result,0.67845395,0.16776316,0.15378289,0.65165877,0.18246445,0.16587678,-0.02679518,0.01470129,0.01209389,1.4,5.0,5.5,Marathonbet,1.4,4.95,4.75,OBSERVED_CLOSE_FROZEN,Exact same European Handicap home-line; latest stored pre-kickoff triplet
EH|1575495|+4,1575495,Primeira Liga,94,2026-09-12T18:40:06Z,2026-09-12T17:00:00Z,2026-09-12T12:42:44Z,257.3,Casa Pia,FC Porto,+4,9,Handicap Result,0.82603784,0.10279582,0.07116634,0.80791497,0.10835566,0.08372937,-0.01812287,0.00555984,0.01256303,1.14,8.5,11.0,Marathonbet,1.12,7.8,9.3,OBSERVED_CLOSE_FROZEN,Exact same European Handicap home-line; latest stored pre-kickoff triplet
EH|1584406|-2,1584406,Super Lig,203,2026-09-12T18:40:06Z,2026-09-12T14:00:00Z,2026-09-12T12:42:44Z,77.3,Eyüpspor,Rizespor,-2,9,Handicap Result,0.03632625,0.07265250,0.89102125,0.03602058,0.07204117,0.89193825,-0.00030567,-0.00061133,0.00091700,26.0,13.0,1.05,Marathonbet,,,,OBSERVED_CLOSE_FROZEN,Exact same European Handicap home-line; latest stored pre-kickoff triplet
EH|1584406|-1,1584406,Super Lig,203,2026-09-12T18:40:06Z,2026-09-12T14:00:00Z,2026-09-12T12:42:44Z,77.3,Eyüpspor,Rizespor,-1,9,Handicap Result,0.09243697,0.16806723,0.73949580,0.08439013,0.15471524,0.76089463,-0.00804684,-0.01335199,0.02139883,11.0,6.0,1.22,Marathonbet,9.0,5.6,1.21,OBSERVED_CLOSE_FROZEN,Exact same European Handicap home-line; latest stored pre-kickoff triplet
EH|1584406|+1,1584406,Super Lig,203,2026-09-12T18:40:06Z,2026-09-12T14:00:00Z,2026-09-12T12:42:44Z,77.3,Eyüpspor,Rizespor,+1,9,Handicap Result,0.49730037,0.24268258,0.26001705,0.49730037,0.24268258,0.26001705,-0.00000000,0.00000000,0.00000000,1.83,3.75,3.5,Marathonbet,1.92,3.48,3.14,OBSERVED_CLOSE_FROZEN,Exact same European Handicap home-line; latest stored pre-kickoff triplet
EH|1584406|+2,1584406,Super Lig,203,2026-09-12T18:40:06Z,2026-09-12T14:00:00Z,2026-09-12T12:42:44Z,77.3,Eyüpspor,Rizespor,+2,9,Handicap Result,0.71801567,0.16710183,0.11488251,0.69841270,0.16888889,0.13269841,-0.01960297,0.00178706,0.01781590,1.33,5.5,7.0,Marathonbet,1.27,5.35,6.6,OBSERVED_CLOSE_FROZEN,Exact same European Handicap home-line; latest stored pre-kickoff triplet
EH|1584406|+3,1584406,Super Lig,203,2026-09-12T18:40:06Z,2026-09-12T14:00:00Z,2026-09-12T12:42:44Z,77.3,Eyüpspor,Rizespor,+3,9,Handicap Result,0.86578293,0.08500414,0.04921292,0.85127692,0.09364046,0.05508262,-0.01450601,0.00863632,0.00586970,1.1,10.0,17.0,Marathonbet,,,,OBSERVED_CLOSE_FROZEN,Exact same European Handicap home-line; latest stored pre-kickoff triplet
EH|1584411|-3,1584411,Super Lig,203,2026-09-12T18:40:06Z,2026-09-12T14:00:00Z,2026-09-12T12:42:44Z,77.3,Samsunspor,Çorum FK,-3,9,Handicap Result,0.04469040,0.07820821,0.87710139,0.04469040,0.07820821,0.87710139,0.00000000,-0.00000000,-0.00000000,21.0,12.0,1.07,Marathonbet,,,,OBSERVED_CLOSE_FROZEN,Exact same European Handicap home-line; latest stored pre-kickoff triplet
EH|1584411|-2,1584411,Super Lig,203,2026-09-12T18:40:06Z,2026-09-12T14:00:00Z,2026-09-12T12:42:44Z,77.3,Samsunspor,Çorum FK,-2,9,Handicap Result,0.10309278,0.15463918,0.74226804,0.10309278,0.15463918,0.74226804,0.00000000,-0.00000000,0.00000000,9.0,6.0,1.25,Marathonbet,7.7,6.3,1.19,OBSERVED_CLOSE_FROZEN,Exact same European Handicap home-line; latest stored pre-kickoff triplet
EH|1584411|-1,1584411,Super Lig,203,2026-09-12T18:40:06Z,2026-09-12T14:00:00Z,2026-09-12T12:42:44Z,77.3,Samsunspor,Çorum FK,-1,9,Handicap Result,0.24359764,0.22837279,0.52802957,0.24359764,0.22837279,0.52802957,0.00000000,-0.00000000,-0.00000000,3.75,4.0,1.73,Marathonbet,3.8,4.05,1.65,OBSERVED_CLOSE_FROZEN,Exact same European Handicap home-line; latest stored pre-kickoff triplet
EH|1584411|+1,1584411,Super Lig,203,2026-09-12T18:40:06Z,2026-09-12T14:00:00Z,2026-09-12T12:42:44Z,77.3,Samsunspor,Çorum FK,+1,9,Handicap Result,0.71486596,0.16896832,0.11616572,0.71486596,0.16896832,0.11616572,0.00000000,-0.00000000,-0.00000000,1.3,5.5,8.0,Marathonbet,1.31,5.1,6.55,OBSERVED_CLOSE_FROZEN,Exact same European Handicap home-line; latest stored pre-kickoff triplet
EH|1584411|+2,1584411,Super Lig,203,2026-09-12T18:40:06Z,2026-09-12T14:00:00Z,2026-09-12T12:42:44Z,77.3,Samsunspor,Çorum FK,+2,9,Handicap Result,0.86985992,0.08540443,0.04473565,0.86985992,0.08540443,0.04473565,-0.00000000,-0.00000000,0.00000000,1.08,11.0,21.0,Marathonbet,,,,OBSERVED_CLOSE_FROZEN,Exact same European Handicap home-line; latest stored pre-kickoff triplet
EH|1584410|-2,1584410,Super Lig,203,2026-09-12T18:40:06Z,2026-09-12T17:00:00Z,2026-09-12T12:42:44Z,257.3,Konyaspor,Trabzonspor,-2,9,Handicap Result,0.04921292,0.08500414,0.86578293,0.04469040,0.07820821,0.87710139,-0.00452252,-0.00679593,0.01131846,21.0,12.0,1.07,Marathonbet,,,,OBSERVED_CLOSE_FROZEN,Exact same European Handicap home-line; latest stored pre-kickoff triplet
EH|1584410|-1,1584410,Super Lig,203,2026-09-12T18:40:06Z,2026-09-12T17:00:00Z,2026-09-12T12:42:44Z,257.3,Konyaspor,Trabzonspor,-1,9,Handicap Result,0.11488251,0.16710183,0.71801567,0.10309278,0.15463918,0.74226804,-0.01178973,-0.01246265,0.02425237,9.0,6.0,1.25,Marathonbet,6.95,5.15,1.26,OBSERVED_CLOSE_FROZEN,Exact same European Handicap home-line; latest stored pre-kickoff triplet
EH|1584410|+1,1584410,Super Lig,203,2026-09-12T18:40:06Z,2026-09-12T17:00:00Z,2026-09-12T12:42:44Z,257.3,Konyaspor,Trabzonspor,+1,9,Handicap Result,0.50909091,0.22909091,0.26181818,0.52802957,0.22837279,0.24359764,0.01893866,-0.00071812,-0.01822054,1.73,4.0,3.75,Marathonbet,1.82,3.64,3.2,OBSERVED_CLOSE_FROZEN,Exact same European Handicap home-line; latest stored pre-kickoff triplet
EH|1584410|+2,1584410,Super Lig,203,2026-09-12T18:40:06Z,2026-09-12T17:00:00Z,2026-09-12T12:42:44Z,257.3,Konyaspor,Trabzonspor,+2,9,Handicap Result,0.71801567,0.16710183,0.11488251,0.70319635,0.16621005,0.13059361,-0.01481932,-0.00089178,0.01571110,1.3,5.5,7.0,Marathonbet,1.26,5.45,6.25,OBSERVED_CLOSE_FROZEN,Exact same European Handicap home-line; latest stored pre-kickoff triplet
EH|1584410|+3,1584410,Super Lig,203,2026-09-12T18:40:06Z,2026-09-12T17:00:00Z,2026-09-12T12:42:44Z,257.3,Konyaspor,Trabzonspor,+3,9,Handicap Result,0.86578293,0.08500414,0.04921292,0.85127692,0.09364046,0.05508262,-0.01450601,0.00863632,0.00586970,1.1,10.0,17.0,Marathonbet,,,,OBSERVED_CLOSE_FROZEN,Exact same European Handicap home-line; latest stored pre-kickoff triplet
EH|1584403|-3,1584403,Super Lig,203,2026-09-12T18:40:06Z,2026-09-12T17:00:00Z,2026-09-12T12:42:44Z,257.3,Alanyaspor,Göztepe,-3,9,Handicap Result,0.04087080,0.07230988,0.88681931,0.04087080,0.07230988,0.88681931,0.00000000,0.00000000,0.00000000,23.0,13.0,1.06,Marathonbet,,,,OBSERVED_CLOSE_FROZEN,Exact same European Handicap home-line; latest stored pre-kickoff triplet
EH|1584403|-2,1584403,Super Lig,203,2026-09-12T18:40:06Z,2026-09-12T17:00:00Z,2026-09-12T12:42:44Z,257.3,Alanyaspor,Göztepe,-2,9,Handicap Result,0.09315165,0.14331023,0.76353812,0.09315165,0.14331023,0.76353812,0.00000000,0.00000000,-0.00000000,10.0,6.5,1.22,Marathonbet,7.9,6.05,1.18,OBSERVED_CLOSE_FROZEN,Exact same European Handicap home-line; latest stored pre-kickoff triplet
EH|1584403|-1,1584403,Super Lig,203,2026-09-12T18:40:06Z,2026-09-12T17:00:00Z,2026-09-12T12:42:44Z,257.3,Alanyaspor,Göztepe,-1,9,Handicap Result,0.22752044,0.22752044,0.54495913,0.22752044,0.22752044,0.54495913,-0.00000000,-0.00000000,-0.00000000,4.0,4.0,1.67,Marathonbet,3.88,3.72,1.66,OBSERVED_CLOSE_FROZEN,Exact same European Handicap home-line; latest stored pre-kickoff triplet
EH|1584403|+1,1584403,Super Lig,203,2026-09-12T18:40:06Z,2026-09-12T17:00:00Z,2026-09-12T12:42:44Z,257.3,Alanyaspor,Göztepe,+1,9,Handicap Result,0.68681319,0.18269231,0.13049451,0.68681319,0.18269231,0.13049451,-0.00000000,-0.00000000,-0.00000000,1.33,5.0,7.0,Marathonbet,1.31,4.75,6.55,OBSERVED_CLOSE_FROZEN,Exact same European Handicap home-line; latest stored pre-kickoff triplet
EH|1584403|+2,1584403,Super Lig,203,2026-09-12T18:40:06Z,2026-09-12T17:00:00Z,2026-09-12T12:42:44Z,257.3,Alanyaspor,Göztepe,+2,9,Handicap Result,0.85624155,0.09418657,0.04957188,0.85624155,0.09418657,0.04957188,0.00000000,0.00000000,-0.00000000,1.1,10.0,19.0,Marathonbet,,,,OBSERVED_CLOSE_FROZEN,Exact same European Handicap home-line; latest stored pre-kickoff triplet
EH|1558628|+3,1558628,Belgian Pro League,144,2026-09-12T18:40:06Z,2026-09-12T16:15:00Z,2026-09-12T12:42:44Z,212.3,KVC Westerlo,Standard Liege,+3,9,Handicap Result,0.90058885,0.06304122,0.03636993,0.90058885,0.06304122,0.03636993,-0.00000000,-0.00000000,0.00000000,1.05,15.0,26.0,Marathonbet,,,,OBSERVED_CLOSE_FROZEN,Exact same European Handicap home-line; latest stored pre-kickoff triplet
EH|1557405|-2,1557405,Premier League,39,2026-09-13T00:44:15Z,2026-09-12T19:00:00Z,2026-09-12T18:40:06Z,19.9,Sunderland,Arsenal,-2,9,Handicap Result,0.01423494,0.04146700,0.94429806,0.01862745,0.05000000,0.93137255,0.00439251,0.00853300,-0.01292551,51.0,19.0,1.02,Marathonbet,,,,OBSERVED_CLOSE_FROZEN,Exact same European Handicap home-line; latest stored pre-kickoff triplet
EH|1557405|-1,1557405,Premier League,39,2026-09-13T00:44:15Z,2026-09-12T19:00:00Z,2026-09-12T18:40:06Z,19.9,Sunderland,Arsenal,-1,9,Handicap Result,0.04484016,0.09912036,0.85603948,0.05421453,0.12288628,0.82289919,0.00937437,0.02376592,-0.03314029,17.0,7.5,1.12,Marathonbet,7.5,4.05,1.13,OBSERVED_CLOSE_FROZEN,Exact same European Handicap home-line; latest stored pre-kickoff triplet
EH|1557405|+1,1557405,Premier League,39,2026-09-13T00:44:15Z,2026-09-12T19:00:00Z,2026-09-12T18:40:06Z,19.9,Sunderland,Arsenal,+1,9,Handicap Result,0.35094963,0.26271086,0.38633951,0.39973845,0.25697472,0.34328684,0.04878882,-0.00573614,-0.04305267,2.25,3.5,2.62,Marathonbet,2.41,3.4,2.67,OBSERVED_CLOSE_FROZEN,Exact same European Handicap home-line; latest stored pre-kickoff triplet
EH|1557405|+2,1557405,Premier League,39,2026-09-13T00:44:15Z,2026-09-12T19:00:00Z,2026-09-12T18:40:06Z,19.9,Sunderland,Arsenal,+2,9,Handicap Result,0.59054581,0.20866861,0.20078558,0.63898740,0.19371408,0.16729852,0.04844159,-0.01495453,-0.03348706,1.44,4.75,5.5,Marathonbet,1.44,4.8,5.3,OBSERVED_CLOSE_FROZEN,Exact same European Handicap home-line; latest stored pre-kickoff triplet
EH|1557405|+3,1557405,Premier League,39,2026-09-13T00:44:15Z,2026-09-12T19:00:00Z,2026-09-12T18:40:06Z,19.9,Sunderland,Arsenal,+3,9,Handicap Result,0.78379479,0.13212541,0.08407980,0.81288104,0.11583555,0.07128341,0.02908625,-0.01628986,-0.01279639,1.14,8.0,13.0,Marathonbet,1.11,4.9,6.35,OBSERVED_CLOSE_FROZEN,Exact same European Handicap home-line; latest stored pre-kickoff triplet
EH|1570379|-5,1570379,La Liga,140,2026-09-13T00:44:15Z,2026-09-12T19:00:00Z,2026-09-12T18:40:06Z,19.9,Real Madrid,Rayo Vallecano,-5,9,Handicap Result,0.08423645,0.10295567,0.81280788,0.09325332,0.10970978,0.79703690,0.00901687,0.00675411,-0.01577098,10.0,8.5,1.17,Marathonbet,5.7,5.45,1.1,OBSERVED_CLOSE_FROZEN,Exact same European Handicap home-line; latest stored pre-kickoff triplet
EH|1570379|-4,1570379,La Liga,140,2026-09-13T00:44:15Z,2026-09-12T19:00:00Z,2026-09-12T18:40:06Z,19.9,Real Madrid,Rayo Vallecano,-4,9,Handicap Result,0.16776316,0.15378289,0.67845395,0.16523450,0.15146495,0.68330055,-0.00252866,-0.00231794,0.00484660,5.5,6.0,1.33,Marathonbet,5.25,6.25,1.33,OBSERVED_CLOSE_FROZEN,Exact same European Handicap home-line; latest stored pre-kickoff triplet
EH|1570379|-3,1570379,La Liga,140,2026-09-13T00:44:15Z,2026-09-12T19:00:00Z,2026-09-12T18:40:06Z,19.9,Real Madrid,Rayo Vallecano,-3,9,Handicap Result,0.32449837,0.18786748,0.48763416,0.28655216,0.19606200,0.51738584,-0.03794621,0.00819452,0.02975168,3.25,4.75,1.8,Marathonbet,3.04,4.8,1.83,OBSERVED_CLOSE_FROZEN,Exact same European Handicap home-line; latest stored pre-kickoff triplet
EH|1570379|-2,1570379,La Liga,140,2026-09-13T00:44:15Z,2026-09-12T19:00:00Z,2026-09-12T18:40:06Z,19.9,Real Madrid,Rayo Vallecano,-2,9,Handicap Result,0.49197278,0.20792383,0.30010339,0.47192297,0.20030508,0.32777195,-0.02004981,-0.00761875,0.02766856,1.91,4.5,2.75,Marathonbet,1.98,4.45,2.81,OBSERVED_CLOSE_FROZEN,Exact same European Handicap home-line; latest stored pre-kickoff triplet
EH|1570379|-1,1570379,La Liga,140,2026-09-13T00:44:15Z,2026-09-12T19:00:00Z,2026-09-12T18:40:06Z,19.9,Real Madrid,Rayo Vallecano,-1,9,Handicap Result,0.67511425,0.18363108,0.14125467,0.66079295,0.18502203,0.15418502,-0.01432130,0.00139095,0.01293035,1.4,5.0,6.0,Marathonbet,1.38,5.05,6.05,OBSERVED_CLOSE_FROZEN,Exact same European Handicap home-line; latest stored pre-kickoff triplet
EH|1570379|+1,1570379,La Liga,140,2026-09-13T00:44:15Z,2026-09-12T19:00:00Z,2026-09-12T18:40:06Z,19.9,Real Madrid,Rayo Vallecano,+1,9,Handicap Result,0.93582888,0.04545455,0.01871658,0.92649857,0.05022598,0.02327545,-0.00933031,0.00477143,0.00455887,1.03,19.0,41.0,Marathonbet,,,,OBSERVED_CLOSE_FROZEN,Exact same European Handicap home-line; latest stored pre-kickoff triplet
EH|1550117|-3,1550117,Serie A,135,2026-09-13T00:44:15Z,2026-09-12T18:45:00Z,2026-09-12T18:40:06Z,4.9,Atalanta,Cagliari,-3,9,Handicap Result,0.07128341,0.11583555,0.81288104,0.06226835,0.10378058,0.83395107,-0.00901506,-0.01205497,0.02107003,15.0,9.0,1.12,Marathonbet,6.5,4.95,1.1,OBSERVED_CLOSE_FROZEN,Exact same European Handicap home-line; latest stored pre-kickoff triplet
EH|1550117|-2,1550117,Serie A,135,2026-09-13T00:44:15Z,2026-09-12T18:45:00Z,2026-09-12T18:40:06Z,4.9,Atalanta,Cagliari,-2,9,Handicap Result,0.16551724,0.20229885,0.63218391,0.15418502,0.18502203,0.66079295,-0.01133222,-0.01727682,0.02860904,6.0,5.0,1.4,Marathonbet,5.6,5.1,1.38,OBSERVED_CLOSE_FROZEN,Exact same European Handicap home-line; latest stored pre-kickoff triplet
EH|1550117|-1,1550117,Serie A,135,2026-09-13T00:44:15Z,2026-09-12T18:45:00Z,2026-09-12T18:40:06Z,4.9,Atalanta,Cagliari,-1,9,Handicap Result,0.35352952,0.25729093,0.38917955,0.32537121,0.24854745,0.42608134,-0.02815831,-0.00874348,0.03690179,2.75,3.6,2.1,Marathonbet,2.81,3.55,2.21,OBSERVED_CLOSE_FROZEN,Exact same European Handicap home-line; latest stored pre-kickoff triplet
EH|1550117|+1,1550117,Serie A,135,2026-09-13T00:44:15Z,2026-09-12T18:45:00Z,2026-09-12T18:40:06Z,4.9,Atalanta,Cagliari,+1,9,Handicap Result,0.81433225,0.12377850,0.06188925,0.79545455,0.13295455,0.07159091,-0.01887770,0.00917605,0.00970166,1.17,7.0,13.0,Marathonbet,1.18,4.05,5.9,OBSERVED_CLOSE_FROZEN,Exact same European Handicap home-line; latest stored pre-kickoff triplet
EH|1550117|+2,1550117,Serie A,135,2026-09-13T00:44:15Z,2026-09-12T18:45:00Z,2026-09-12T18:40:06Z,4.9,Atalanta,Cagliari,+2,9,Handicap Result,0.92649857,0.05022598,0.02327545,0.90915573,0.06303480,0.02780947,-0.01734284,0.01280882,0.00453402,1.04,15.0,34.0,Marathonbet,,,,OBSERVED_CLOSE_FROZEN,Exact same European Handicap home-line; latest stored pre-kickoff triplet
EH|1552761|-3,1552761,Ligue 1,61,2026-09-13T00:44:15Z,2026-09-12T18:45:00Z,2026-09-12T18:40:06Z,4.9,Lorient,Toulouse,-3,9,Handicap Result,0.03268989,0.05576511,0.91154500,0.03268989,0.05576511,0.91154500,-0.00000000,-0.00000000,0.00000000,29.0,17.0,1.04,Marathonbet,,,,OBSERVED_CLOSE_FROZEN,Exact same European Handicap home-line; latest stored pre-kickoff triplet
EH|1552761|-2,1552761,Ligue 1,61,2026-09-13T00:44:15Z,2026-09-12T18:45:00Z,2026-09-12T18:40:06Z,4.9,Lorient,Toulouse,-2,9,Handicap Result,0.07073716,0.12261107,0.80665177,0.07073716,0.12261107,0.80665177,-0.00000000,-0.00000000,0.00000000,13.0,7.5,1.14,Marathonbet,8.5,6.6,1.16,OBSERVED_CLOSE_FROZEN,Exact same European Handicap home-line; latest stored pre-kickoff triplet
EH|1552761|-1,1552761,Ligue 1,61,2026-09-13T00:44:15Z,2026-09-12T18:45:00Z,2026-09-12T18:40:06Z,4.9,Lorient,Toulouse,-1,9,Handicap Result,0.16981132,0.20754717,0.62264151,0.18221349,0.21040819,0.60737831,0.01240217,0.00286102,-0.01526320,5.0,4.33,1.5,Marathonbet,4.3,4.05,1.61,OBSERVED_CLOSE_FROZEN,Exact same European Handicap home-line; latest stored pre-kickoff triplet
EH|1552761|+1,1552761,Ligue 1,61,2026-09-13T00:44:15Z,2026-09-12T18:45:00Z,2026-09-12T18:40:06Z,4.9,Lorient,Toulouse,+1,9,Handicap Result,0.63218391,0.20229885,0.16551724,0.65442021,0.19288175,0.15269805,0.02223630,-0.00941710,-0.01281919,1.4,4.75,6.0,Marathonbet,1.41,4.6,5.7,OBSERVED_CLOSE_FROZEN,Exact same European Handicap home-line; latest stored pre-kickoff triplet
EH|1552761|+2,1552761,Ligue 1,61,2026-09-13T00:44:15Z,2026-09-12T18:45:00Z,2026-09-12T18:40:06Z,4.9,Lorient,Toulouse,+2,9,Handicap Result,0.82068117,0.11694707,0.06237177,0.82889091,0.10921857,0.06189052,0.00820974,-0.00772850,-0.00048125,1.12,8.5,15.0,Marathonbet,1.1,4.85,6.65,OBSERVED_CLOSE_FROZEN,Exact same European Handicap home-line; latest stored pre-kickoff triplet
EH|1552761|+3,1552761,Ligue 1,61,2026-09-13T00:44:15Z,2026-09-12T18:45:00Z,2026-09-12T18:40:06Z,4.9,Lorient,Toulouse,+3,9,Handicap Result,0.91668913,0.05554058,0.02777029,0.91668913,0.05554058,0.02777029,0.00000000,-0.00000000,-0.00000000,1.03,17.0,34.0,Marathonbet,,,,OBSERVED_CLOSE_FROZEN,Exact same European Handicap home-line; latest stored pre-kickoff triplet
EH|1552756|-3,1552756,Ligue 1,61,2026-09-13T00:44:15Z,2026-09-12T18:45:00Z,2026-09-12T18:40:06Z,4.9,Auxerre,Nice,-3,9,Handicap Result,0.03268989,0.05576511,0.91154500,0.03268989,0.05576511,0.91154500,-0.00000000,-0.00000000,0.00000000,29.0,17.0,1.04,Marathonbet,,,,OBSERVED_CLOSE_FROZEN,Exact same European Handicap home-line; latest stored pre-kickoff triplet
EH|1552756|-2,1552756,Ligue 1,61,2026-09-13T00:44:15Z,2026-09-12T18:45:00Z,2026-09-12T18:40:06Z,4.9,Auxerre,Nice,-2,9,Handicap Result,0.07073716,0.12261107,0.80665177,0.07073716,0.12261107,0.80665177,-0.00000000,-0.00000000,0.00000000,13.0,7.5,1.14,Marathonbet,6.9,4.75,1.1,OBSERVED_CLOSE_FROZEN,Exact same European Handicap home-line; latest stored pre-kickoff triplet
EH|1552756|-1,1552756,Ligue 1,61,2026-09-13T00:44:15Z,2026-09-12T18:45:00Z,2026-09-12T18:40:06Z,4.9,Auxerre,Nice,-1,9,Handicap Result,0.16843880,0.21395228,0.61760892,0.16843880,0.21395228,0.61760892,-0.00000000,0.00000000,0.00000000,5.5,4.33,1.5,Marathonbet,5.5,4.45,1.44,OBSERVED_CLOSE_FROZEN,Exact same European Handicap home-line; latest stored pre-kickoff triplet
EH|1552756|+1,1552756,Ligue 1,61,2026-09-13T00:44:15Z,2026-09-12T18:45:00Z,2026-09-12T18:40:06Z,4.9,Auxerre,Nice,+1,9,Handicap Result,0.63218391,0.20229885,0.16551724,0.63218391,0.20229885,0.16551724,-0.00000000,0.00000000,0.00000000,1.44,4.5,5.5,Marathonbet,1.57,4.05,4.55,OBSERVED_CLOSE_FROZEN,Exact same European Handicap home-line; latest stored pre-kickoff triplet
EH|1552756|+2,1552756,Ligue 1,61,2026-09-13T00:44:15Z,2026-09-12T18:45:00Z,2026-09-12T18:40:06Z,4.9,Auxerre,Nice,+2,9,Handicap Result,0.82068117,0.11694707,0.06237177,0.82068117,0.11694707,0.06237177,-0.00000000,-0.00000000,-0.00000000,1.14,8.0,15.0,Marathonbet,1.14,6.85,9.1,OBSERVED_CLOSE_FROZEN,Exact same European Handicap home-line; latest stored pre-kickoff triplet
EH|1552758|-3,1552758,Ligue 1,61,2026-09-13T00:44:15Z,2026-09-12T18:45:00Z,2026-09-12T18:40:06Z,4.9,Le Havre,Angers,-3,9,Handicap Result,0.02801724,0.05603448,0.91594828,0.02793360,0.04998644,0.92207996,-0.00008364,-0.00604804,0.00613168,34.0,19.0,1.03,Marathonbet,,,,OBSERVED_CLOSE_FROZEN,Exact same European Handicap home-line; latest stored pre-kickoff triplet
EH|1552758|-2,1552758,Ligue 1,61,2026-09-13T00:44:15Z,2026-09-12T18:45:00Z,2026-09-12T18:40:06Z,4.9,Le Havre,Angers,-2,9,Handicap Result,0.07073716,0.12261107,0.80665177,0.06237177,0.11694707,0.82068117,-0.00836539,-0.00566400,0.01402940,15.0,8.0,1.14,Marathonbet,6.45,4.65,1.12,OBSERVED_CLOSE_FROZEN,Exact same European Handicap home-line; latest stored pre-kickoff triplet
EH|1552758|-1,1552758,Ligue 1,61,2026-09-13T00:44:15Z,2026-09-12T18:45:00Z,2026-09-12T18:40:06Z,4.9,Le Havre,Angers,-1,9,Handicap Result,0.16843880,0.21395228,0.61760892,0.16981132,0.20754717,0.62264151,0.00137252,-0.00640511,0.00503259,5.5,4.5,1.5,Marathonbet,4.9,4.25,1.52,OBSERVED_CLOSE_FROZEN,Exact same European Handicap home-line; latest stored pre-kickoff triplet
EH|1552758|+1,1552758,Ligue 1,61,2026-09-13T00:44:15Z,2026-09-12T18:45:00Z,2026-09-12T18:40:06Z,4.9,Le Havre,Angers,+1,9,Handicap Result,0.64748201,0.20143885,0.15107914,0.64102564,0.20512821,0.15384615,-0.00645637,0.00368936,0.00276701,1.44,4.5,6.0,Marathonbet,1.47,4.33,5.2,OBSERVED_CLOSE_FROZEN,Exact same European Handicap home-line; latest stored pre-kickoff triplet
EH|1552758|+2,1552758,Ligue 1,61,2026-09-13T00:44:15Z,2026-09-12T18:45:00Z,2026-09-12T18:40:06Z,4.9,Le Havre,Angers,+2,9,Handicap Result,0.82889091,0.10921857,0.06189052,0.82327113,0.11525796,0.06147091,-0.00561978,0.00603939,-0.00041961,1.12,8.0,15.0,Marathonbet,1.1,4.85,6.55,OBSERVED_CLOSE_FROZEN,Exact same European Handicap home-line; latest stored pre-kickoff triplet
EH|1552762|-2,1552762,Ligue 1,61,2026-09-13T00:44:15Z,2026-09-12T18:45:00Z,2026-09-12T18:40:06Z,4.9,Paris FC,Lyon,-2,9,Handicap Result,0.08425753,0.12357770,0.79216477,0.07223114,0.12520064,0.80256822,-0.01202639,0.00162294,0.01040345,13.0,7.5,1.17,Marathonbet,8.7,6.95,1.15,OBSERVED_CLOSE_FROZEN,Exact same European Handicap home-line; latest stored pre-kickoff triplet
EH|1552762|-1,1552762,Ligue 1,61,2026-09-13T00:44:15Z,2026-09-12T18:45:00Z,2026-09-12T18:40:06Z,4.9,Paris FC,Lyon,-1,9,Handicap Result,0.18367347,0.20408163,0.61224490,0.20000000,0.20000000,0.60000000,0.01632653,-0.00408163,-0.01224490,4.5,4.5,1.5,Marathonbet,4.6,4.33,1.54,OBSERVED_CLOSE_FROZEN,Exact same European Handicap home-line; latest stored pre-kickoff triplet
EH|1552762|+1,1552762,Ligue 1,61,2026-09-13T00:44:15Z,2026-09-12T18:45:00Z,2026-09-12T18:40:06Z,4.9,Paris FC,Lyon,+1,9,Handicap Result,0.61224490,0.20408163,0.18367347,0.61224490,0.20408163,0.18367347,-0.00000000,0.00000000,-0.00000000,1.5,4.5,5.0,Marathonbet,1.53,4.4,4.65,OBSERVED_CLOSE_FROZEN,Exact same European Handicap home-line; latest stored pre-kickoff triplet
EH|1552762|+2,1552762,Ligue 1,61,2026-09-13T00:44:15Z,2026-09-12T18:45:00Z,2026-09-12T18:40:06Z,4.9,Paris FC,Lyon,+2,9,Handicap Result,0.79216477,0.12357770,0.08425753,0.80256822,0.12520064,0.07223114,0.01040345,0.00162294,-0.01202639,1.17,7.5,13.0,Marathonbet,1.15,7.1,8.9,OBSERVED_CLOSE_FROZEN,Exact same European Handicap home-line; latest stored pre-kickoff triplet
EH|1552762|+3,1552762,Ligue 1,61,2026-09-13T00:44:15Z,2026-09-12T18:45:00Z,2026-09-12T18:40:06Z,4.9,Paris FC,Lyon,+3,9,Handicap Result,0.90058885,0.06304122,0.03636993,0.90144231,0.06250000,0.03605769,0.00085346,-0.00054122,-0.00031224,1.04,15.0,26.0,Marathonbet,,,,OBSERVED_CLOSE_FROZEN,Exact same European Handicap home-line; latest stored pre-kickoff triplet
EH|1558629|-2,1558629,Belgian Pro League,144,2026-09-13T00:44:15Z,2026-09-12T18:45:00Z,2026-09-12T18:40:06Z,4.9,OH Leuven,Cercle Brugge,-2,9,Handicap Result,0.08425753,0.12357770,0.79216477,0.08482699,0.12441292,0.79076009,0.00056946,0.00083522,-0.00140468,11.0,7.5,1.18,Marathonbet,9.2,7.1,1.14,OBSERVED_CLOSE_FROZEN,Exact same European Handicap home-line; latest stored pre-kickoff triplet
EH|1558629|-1,1558629,Belgian Pro League,144,2026-09-13T00:44:15Z,2026-09-12T18:45:00Z,2026-09-12T18:40:06Z,4.9,OH Leuven,Cercle Brugge,-1,9,Handicap Result,0.18367347,0.20408163,0.61224490,0.20000000,0.20000000,0.60000000,0.01632653,-0.00408163,-0.01224490,4.5,4.5,1.5,Marathonbet,4.45,4.35,1.51,OBSERVED_CLOSE_FROZEN,Exact same European Handicap home-line; latest stored pre-kickoff triplet
EH|1558629|+1,1558629,Belgian Pro League,144,2026-09-13T00:44:15Z,2026-09-12T18:45:00Z,2026-09-12T18:40:06Z,4.9,OH Leuven,Cercle Brugge,+1,9,Handicap Result,0.61224490,0.20408163,0.18367347,0.61889251,0.19543974,0.18566775,0.00664761,-0.00864189,0.00199428,1.5,4.75,5.0,Marathonbet,1.45,4.5,4.85,OBSERVED_CLOSE_FROZEN,Exact same European Handicap home-line; latest stored pre-kickoff triplet
EH|1558629|+2,1558629,Belgian Pro League,144,2026-09-13T00:44:15Z,2026-09-12T18:45:00Z,2026-09-12T18:40:06Z,4.9,OH Leuven,Cercle Brugge,+2,9,Handicap Result,0.79216477,0.12357770,0.08425753,0.79216477,0.12357770,0.08425753,0.00000000,0.00000000,-0.00000000,1.17,7.5,11.0,Marathonbet,1.11,5.05,6.55,OBSERVED_CLOSE_FROZEN,Exact same European Handicap home-line; latest stored pre-kickoff triplet
EH|1558629|+3,1558629,Belgian Pro League,144,2026-09-13T00:44:15Z,2026-09-12T18:45:00Z,2026-09-12T18:40:06Z,4.9,OH Leuven,Cercle Brugge,+3,9,Handicap Result,0.90058885,0.06304122,0.03636993,0.90058885,0.06304122,0.03636993,-0.00000000,-0.00000000,0.00000000,1.05,15.0,26.0,Marathonbet,,,,OBSERVED_CLOSE_FROZEN,Exact same European Handicap home-line; latest stored pre-kickoff triplet
EH|1558630|-4,1558630,Belgian Pro League,144,2026-09-13T00:44:15Z,2026-09-12T18:45:00Z,2026-09-12T18:40:06Z,4.9,Union St. Gilloise,Lommel United,-4,9,Handicap Result,0.09324378,0.11655472,0.79020150,0.10309278,0.12371134,0.77319588,0.00984900,0.00715662,-0.01700562,9.0,7.5,1.2,Marathonbet,7.6,7.1,1.16,OBSERVED_CLOSE_FROZEN,Exact same European Handicap home-line; latest stored pre-kickoff triplet
EH|1558630|-3,1558630,Belgian Pro League,144,2026-09-13T00:44:15Z,2026-09-12T18:45:00Z,2026-09-12T18:40:06Z,4.9,Union St. Gilloise,Lommel United,-3,9,Handicap Result,0.19900498,0.17910448,0.62189055,0.21040819,0.18221349,0.60737831,0.01140321,0.00310901,-0.01451224,4.33,5.0,1.5,Marathonbet,4.1,4.85,1.49,OBSERVED_CLOSE_FROZEN,Exact same European Handicap home-line; latest stored pre-kickoff triplet
EH|1558630|-2,1558630,Belgian Pro League,144,2026-09-13T00:44:15Z,2026-09-12T18:45:00Z,2026-09-12T18:40:06Z,4.9,Union St. Gilloise,Lommel United,-2,9,Handicap Result,0.35054511,0.21210813,0.43734676,0.38351920,0.21080270,0.40567809,0.03297409,-0.00130543,-0.03166867,2.38,4.33,2.25,Marathonbet,2.34,3.98,2.21,OBSERVED_CLOSE_FROZEN,Exact same European Handicap home-line; latest stored pre-kickoff triplet
EH|1558630|-1,1558630,Belgian Pro League,144,2026-09-13T00:44:15Z,2026-09-12T18:45:00Z,2026-09-12T18:40:06Z,4.9,Union St. Gilloise,Lommel United,-1,9,Handicap Result,0.55457541,0.21388936,0.23153523,0.57965194,0.21017403,0.21017403,0.02507653,-0.00371533,-0.02136120,1.57,4.33,4.33,Marathonbet,1.55,4.05,4.55,OBSERVED_CLOSE_FROZEN,Exact same European Handicap home-line; latest stored pre-kickoff triplet
EH|1558630|+1,1558630,Belgian Pro League,144,2026-09-13T00:44:15Z,2026-09-12T18:45:00Z,2026-09-12T18:40:06Z,4.9,Union St. Gilloise,Lommel United,+1,9,Handicap Result,0.89527428,0.07231062,0.03241510,0.90915573,0.06303480,0.02780947,0.01388145,-0.00927582,-0.00460563,1.04,15.0,34.0,Marathonbet,,,,OBSERVED_CLOSE_FROZEN,Exact same European Handicap home-line; latest stored pre-kickoff triplet
EH|1552168|-2,1552168,Eredivisie,88,2026-09-13T00:44:15Z,2026-09-12T19:00:00Z,2026-09-12T18:40:06Z,19.9,Cambuur,NEC Nijmegen,-2,9,Handicap Result,0.03636993,0.06304122,0.90058885,0.04126869,0.06327865,0.89545266,0.00489876,0.00023743,-0.00513619,23.0,15.0,1.06,Marathonbet,,,,OBSERVED_CLOSE_FROZEN,Exact same European Handicap home-line; latest stored pre-kickoff triplet
EH|1552168|-1,1552168,Eredivisie,88,2026-09-13T00:44:15Z,2026-09-12T19:00:00Z,2026-09-12T18:40:06Z,19.9,Cambuur,NEC Nijmegen,-1,9,Handicap Result,0.08425753,0.12357770,0.79216477,0.09292035,0.13274336,0.77433628,0.00866282,0.00916566,-0.01782849,10.0,7.0,1.2,Marathonbet,9.2,6.65,1.17,OBSERVED_CLOSE_FROZEN,Exact same European Handicap home-line; latest stored pre-kickoff triplet
EH|1552168|+1,1552168,Eredivisie,88,2026-09-13T00:44:15Z,2026-09-12T19:00:00Z,2026-09-12T18:40:06Z,19.9,Cambuur,NEC Nijmegen,+1,9,Handicap Result,0.36849638,0.21275773,0.41874589,0.40609137,0.22842640,0.36548223,0.03759499,0.01566867,-0.05326366,2.25,4.0,2.5,Marathonbet,2.28,3.84,2.46,OBSERVED_CLOSE_FROZEN,Exact same European Handicap home-line; latest stored pre-kickoff triplet
EH|1552168|+2,1552168,Eredivisie,88,2026-09-13T00:44:15Z,2026-09-12T19:00:00Z,2026-09-12T18:40:06Z,19.9,Cambuur,NEC Nijmegen,+2,9,Handicap Result,0.56399905,0.19235336,0.24364759,0.59224163,0.18122594,0.22653243,0.02824258,-0.01112742,-0.01711516,1.53,5.0,4.0,Marathonbet,1.51,4.8,4.2,OBSERVED_CLOSE_FROZEN,Exact same European Handicap home-line; latest stored pre-kickoff triplet
EH|1552168|+3,1552168,Eredivisie,88,2026-09-13T00:44:15Z,2026-09-12T19:00:00Z,2026-09-12T18:40:06Z,19.9,Cambuur,NEC Nijmegen,+3,9,Handicap Result,0.74916388,0.13377926,0.11705686,0.76345128,0.13305865,0.10349006,0.01428740,-0.00072061,-0.01356680,1.22,7.0,9.0,Marathonbet,1.16,7.1,8.0,OBSERVED_CLOSE_FROZEN,Exact same European Handicap home-line; latest stored pre-kickoff triplet
EH|1575491|-2,1575491,Primeira Liga,94,2026-09-13T00:44:15Z,2026-09-12T19:30:00Z,2026-09-12T18:40:06Z,49.9,Academico Viseu,Vitória SC,-2,9,Handicap Result,0.04096347,0.07851332,0.88052321,0.04096347,0.07851332,0.88052321,0.00000000,-0.00000000,-0.00000000,23.0,12.0,1.07,Marathonbet,,,,OBSERVED_CLOSE_FROZEN,Exact same European Handicap home-line; latest stored pre-kickoff triplet
EH|1575491|-1,1575491,Primeira Liga,94,2026-09-13T00:44:15Z,2026-09-12T19:30:00Z,2026-09-12T18:40:06Z,49.9,Academico Viseu,Vitória SC,-1,9,Handicap Result,0.10343814,0.16926242,0.72729944,0.10343814,0.16926242,0.72729944,0.00000000,-0.00000000,0.00000000,9.0,5.5,1.28,Marathonbet,9.0,5.4,1.24,OBSERVED_CLOSE_FROZEN,Exact same European Handicap home-line; latest stored pre-kickoff triplet
EH|1575491|+1,1575491,Primeira Liga,94,2026-09-13T00:44:15Z,2026-09-12T19:30:00Z,2026-09-12T18:40:06Z,49.9,Academico Viseu,Vitória SC,+1,9,Handicap Result,0.52011096,0.23994452,0.23994452,0.51020408,0.24489796,0.24489796,-0.00990688,0.00495344,0.00495344,1.8,3.75,3.75,Marathonbet,1.75,3.64,3.8,OBSERVED_CLOSE_FROZEN,Exact same European Handicap home-line; latest stored pre-kickoff triplet
EH|1575491|+2,1575491,Primeira Liga,94,2026-09-13T00:44:15Z,2026-09-12T19:30:00Z,2026-09-12T18:40:06Z,49.9,Academico Viseu,Vitória SC,+2,9,Handicap Result,0.75000000,0.15625000,0.09375000,0.75000000,0.15625000,0.09375000,0.00000000,0.00000000,0.00000000,1.25,6.0,10.0,Marathonbet,1.19,6.15,8.6,OBSERVED_CLOSE_FROZEN,Exact same European Handicap home-line; latest stored pre-kickoff triplet
EH|1575491|+3,1575491,Primeira Liga,94,2026-09-13T00:44:15Z,2026-09-12T19:30:00Z,2026-09-12T18:40:06Z,49.9,Academico Viseu,Vitória SC,+3,9,Handicap Result,0.88681931,0.07230988,0.04087080,0.88681931,0.07230988,0.04087080,0.00000000,0.00000000,0.00000000,1.06,13.0,23.0,Marathonbet,,,,OBSERVED_CLOSE_FROZEN,Exact same European Handicap home-line; latest stored pre-kickoff triplet
EH|1558629|-3,1558629,Belgian Pro League,144,2026-09-13T00:44:15Z,2026-09-12T18:45:00Z,2026-09-12T18:40:06Z,4.9,OH Leuven,Cercle Brugge,-3,9,Handicap Result,0.03636993,0.06304122,0.90058885,0.03636993,0.06304122,0.90058885,0.00000000,-0.00000000,-0.00000000,26.0,15.0,1.05,Marathonbet,,,,OBSERVED_CLOSE_FROZEN,Exact same European Handicap home-line; latest stored pre-kickoff triplet
EH|1570374|-3,1570374,La Liga,140,2026-09-13T12:42:54Z,2026-09-13T12:00:00Z,2026-09-13T06:44:58Z,315.0,Celta Vigo,Malaga,-3,9,Handicap Result,0.06180401,0.10300668,0.83518931,0.06180401,0.10300668,0.83518931,-0.00000000,0.00000000,-0.00000000,15.0,9.0,1.11,Marathonbet,,,,OBSERVED_CLOSE_FROZEN,Exact same European Handicap home-line; latest stored pre-kickoff triplet
EH|1570374|-2,1570374,La Liga,140,2026-09-13T12:42:54Z,2026-09-13T12:00:00Z,2026-09-13T06:44:58Z,315.0,Celta Vigo,Malaga,-2,9,Handicap Result,0.14125467,0.18363108,0.67511425,0.14125467,0.18363108,0.67511425,0.00000000,-0.00000000,0.00000000,6.5,5.0,1.36,Marathonbet,5.6,4.85,1.36,OBSERVED_CLOSE_FROZEN,Exact same European Handicap home-line; latest stored pre-kickoff triplet
EH|1570374|-1,1570374,La Liga,140,2026-09-13T12:42:54Z,2026-09-13T12:00:00Z,2026-09-13T06:44:58Z,315.0,Celta Vigo,Malaga,-1,9,Handicap Result,0.30656934,0.25547445,0.43795620,0.30656934,0.25547445,0.43795620,0.00000000,0.00000000,0.00000000,3.0,3.6,2.1,Marathonbet,2.89,3.34,2.17,OBSERVED_CLOSE_FROZEN,Exact same European Handicap home-line; latest stored pre-kickoff triplet
EH|1570374|+1,1570374,La Liga,140,2026-09-13T12:42:54Z,2026-09-13T12:00:00Z,2026-09-13T06:44:58Z,315.0,Celta Vigo,Malaga,+1,9,Handicap Result,0.80312070,0.13423589,0.06264341,0.80312070,0.13423589,0.06264341,-0.00000000,-0.00000000,0.00000000,1.17,7.0,15.0,Marathonbet,1.18,3.94,6.1,OBSERVED_CLOSE_FROZEN,Exact same European Handicap home-line; latest stored pre-kickoff triplet
EH|1570374|+2,1570374,La Liga,140,2026-09-13T12:42:54Z,2026-09-13T12:00:00Z,2026-09-13T06:44:58Z,315.0,Celta Vigo,Malaga,+2,9,Handicap Result,0.92105611,0.05580516,0.02313873,0.92105611,0.05580516,0.02313873,-0.00000000,0.00000000,-0.00000000,1.03,17.0,41.0,Marathonbet,,,,OBSERVED_CLOSE_FROZEN,Exact same European Handicap home-line; latest stored pre-kickoff triplet
EH|1561925|-3,1561925,Austrian Bundesliga,218,2026-09-13T12:42:54Z,2026-09-13T12:30:00Z,2026-09-13T06:44:58Z,345.0,Austria Vienna,Austria Lustenau,-3,9,Handicap Result,0.05508262,0.09364046,0.85127692,0.05508262,0.09364046,0.85127692,0.00000000,0.00000000,-0.00000000,17.0,10.0,1.1,Marathonbet,,,,OBSERVED_CLOSE_FROZEN,Exact same European Handicap home-line; latest stored pre-kickoff triplet
EH|1561925|-2,1561925,Austrian Bundesliga,218,2026-09-13T12:42:54Z,2026-09-13T12:30:00Z,2026-09-13T06:44:58Z,345.0,Austria Vienna,Austria Lustenau,-2,9,Handicap Result,0.13059361,0.16621005,0.70319635,0.13059361,0.16621005,0.70319635,-0.00000000,-0.00000000,-0.00000000,7.0,5.5,1.3,Marathonbet,5.9,5.25,1.31,OBSERVED_CLOSE_FROZEN,Exact same European Handicap home-line; latest stored pre-kickoff triplet
EH|1561925|-1,1561925,Austrian Bundesliga,218,2026-09-13T12:42:54Z,2026-09-13T12:30:00Z,2026-09-13T06:44:58Z,345.0,Austria Vienna,Austria Lustenau,-1,9,Handicap Result,0.26563316,0.24084074,0.49352610,0.26563316,0.24084074,0.49352610,0.00000000,-0.00000000,-0.00000000,3.4,3.75,1.83,Marathonbet,2.98,3.56,1.98,OBSERVED_CLOSE_FROZEN,Exact same European Handicap home-line; latest stored pre-kickoff triplet
EH|1561925|+1,1561925,Austrian Bundesliga,218,2026-09-13T12:42:54Z,2026-09-13T12:30:00Z,2026-09-13T06:44:58Z,345.0,Austria Vienna,Austria Lustenau,+1,9,Handicap Result,0.75000000,0.15625000,0.09375000,0.75000000,0.15625000,0.09375000,0.00000000,0.00000000,0.00000000,1.25,6.0,10.0,Marathonbet,1.21,5.8,8.7,OBSERVED_CLOSE_FROZEN,Exact same European Handicap home-line; latest stored pre-kickoff triplet
EH|1561925|+2,1561925,Austrian Bundesliga,218,2026-09-13T12:42:54Z,2026-09-13T12:30:00Z,2026-09-13T06:44:58Z,345.0,Austria Vienna,Austria Lustenau,+2,9,Handicap Result,0.88681931,0.07230988,0.04087080,0.88681931,0.07230988,0.04087080,0.00000000,0.00000000,0.00000000,1.06,13.0,23.0,Marathonbet,,,,OBSERVED_CLOSE_FROZEN,Exact same European Handicap home-line; latest stored pre-kickoff triplet
EH|1561928|-3,1561928,Austrian Bundesliga,218,2026-09-13T12:42:54Z,2026-09-13T12:30:00Z,2026-09-13T06:44:58Z,345.0,WSG Wattens,TSV Hartberg,-3,9,Handicap Result,0.04458970,0.07202951,0.88338079,0.04496089,0.07262913,0.88240998,0.00037119,0.00059962,-0.00097081,21.0,13.0,1.07,Marathonbet,,,,OBSERVED_CLOSE_FROZEN,Exact same European Handicap home-line; latest stored pre-kickoff triplet
EH|1561928|-2,1561928,Austrian Bundesliga,218,2026-09-13T12:42:54Z,2026-09-13T12:30:00Z,2026-09-13T06:44:58Z,345.0,WSG Wattens,TSV Hartberg,-2,9,Handicap Result,0.09315165,0.14331023,0.76353812,0.10244155,0.14184214,0.75571632,0.00928990,-0.00146809,-0.00782180,9.0,6.5,1.22,Marathonbet,7.9,6.25,1.18,OBSERVED_CLOSE_FROZEN,Exact same European Handicap home-line; latest stored pre-kickoff triplet
EH|1561928|-1,1561928,Austrian Bundesliga,218,2026-09-13T12:42:54Z,2026-09-13T12:30:00Z,2026-09-13T06:44:58Z,345.0,WSG Wattens,TSV Hartberg,-1,9,Handicap Result,0.22752044,0.22752044,0.54495913,0.23153523,0.21388936,0.55457541,0.00401479,-0.01363108,0.00961628,4.0,4.33,1.67,Marathonbet,3.82,3.95,1.65,OBSERVED_CLOSE_FROZEN,Exact same European Handicap home-line; latest stored pre-kickoff triplet
EH|1561928|+1,1561928,Austrian Bundesliga,218,2026-09-13T12:42:54Z,2026-09-13T12:30:00Z,2026-09-13T06:44:58Z,345.0,WSG Wattens,TSV Hartberg,+1,9,Handicap Result,0.67511425,0.18363108,0.14125467,0.67998745,0.18087666,0.13913589,0.00487320,-0.00275442,-0.00211878,1.33,5.0,6.5,Marathonbet,1.33,4.85,6.15,OBSERVED_CLOSE_FROZEN,Exact same European Handicap home-line; latest stored pre-kickoff triplet
EH|1561928|+2,1561928,Austrian Bundesliga,218,2026-09-13T12:42:54Z,2026-09-13T12:30:00Z,2026-09-13T06:44:58Z,345.0,WSG Wattens,TSV Hartberg,+2,9,Handicap Result,0.84130650,0.10376113,0.05493237,0.84592620,0.09883980,0.05523400,0.00461970,-0.00492133,0.00030163,1.11,9.5,17.0,Marathonbet,,,,OBSERVED_CLOSE_FROZEN,Exact same European Handicap home-line; latest stored pre-kickoff triplet
EH|1558631|-4,1558631,Belgian Pro League,144,2026-09-13T12:42:54Z,2026-09-13T11:30:00Z,2026-09-13T06:44:58Z,285.0,Club Brugge KV,Antwerp,-4,9,Handicap Result,0.08491336,0.11675587,0.79833076,0.09261825,0.11577281,0.79160895,0.00770489,-0.00098306,-0.00672181,10.0,8.0,1.17,Marathonbet,8.4,7.7,1.13,OBSERVED_CLOSE_FROZEN,Exact same European Handicap home-line; latest stored pre-kickoff triplet
EH|1558631|-3,1558631,Belgian Pro League,144,2026-09-13T12:42:54Z,2026-09-13T11:30:00Z,2026-09-13T06:44:58Z,285.0,Club Brugge KV,Antwerp,-3,9,Handicap Result,0.18582825,0.16893477,0.64523698,0.18582825,0.16893477,0.64523698,-0.00000000,0.00000000,-0.00000000,5.0,5.5,1.44,Marathonbet,4.5,5.15,1.41,OBSERVED_CLOSE_FROZEN,Exact same European Handicap home-line; latest stored pre-kickoff triplet
EH|1558631|-2,1558631,Belgian Pro League,144,2026-09-13T12:42:54Z,2026-09-13T11:30:00Z,2026-09-13T06:44:58Z,285.0,Club Brugge KV,Antwerp,-2,9,Handicap Result,0.34304366,0.20756914,0.44938720,0.34304366,0.20756914,0.44938720,0.00000000,0.00000000,-0.00000000,2.62,4.33,2.0,Marathonbet,2.52,4.15,2.08,OBSERVED_CLOSE_FROZEN,Exact same European Handicap home-line; latest stored pre-kickoff triplet
EH|1558631|-1,1558631,Belgian Pro League,144,2026-09-13T12:42:54Z,2026-09-13T11:30:00Z,2026-09-13T06:44:58Z,285.0,Club Brugge KV,Antwerp,-1,9,Handicap Result,0.53738264,0.21470484,0.24791252,0.53738264,0.21470484,0.24791252,-0.00000000,0.00000000,0.00000000,1.73,4.33,3.75,Marathonbet,1.7,4.05,3.78,OBSERVED_CLOSE_FROZEN,Exact same European Handicap home-line; latest stored pre-kickoff triplet
EH|1558631|+1,1558631,Belgian Pro League,144,2026-09-13T12:42:54Z,2026-09-13T11:30:00Z,2026-09-13T06:44:58Z,285.0,Club Brugge KV,Antwerp,+1,9,Handicap Result,0.89102125,0.07265250,0.03632625,0.88052321,0.07851332,0.04096347,-0.01049804,0.00586082,0.00463722,1.07,12.0,23.0,Marathonbet,,,,OBSERVED_CLOSE_FROZEN,Exact same European Handicap home-line; latest stored pre-kickoff triplet
EH|1549017|-3,1549017,Danish Superliga,119,2026-09-13T12:42:54Z,2026-09-13T12:00:00Z,2026-09-13T06:44:58Z,315.0,Lyngby,Sonderjyske,-3,9,Handicap Result,0.08491336,0.11675587,0.79833076,0.08482699,0.12441292,0.79076009,-0.00008637,0.00765705,-0.00757067,11.0,7.5,1.18,Marathonbet,9.2,7.6,1.13,OBSERVED_CLOSE_FROZEN,Exact same European Handicap home-line; latest stored pre-kickoff triplet
EH|1549017|-2,1549017,Danish Superliga,119,2026-09-13T12:42:54Z,2026-09-13T12:00:00Z,2026-09-13T06:44:58Z,315.0,Lyngby,Sonderjyske,-2,9,Handicap Result,0.18274112,0.18274112,0.63451777,0.20212766,0.19148936,0.60638298,0.01938654,0.00874824,-0.02813479,4.5,4.75,1.5,Marathonbet,4.5,4.85,1.45,OBSERVED_CLOSE_FROZEN,Exact same European Handicap home-line; latest stored pre-kickoff triplet
EH|1549017|-1,1549017,Danish Superliga,119,2026-09-13T12:42:54Z,2026-09-13T12:00:00Z,2026-09-13T06:44:58Z,315.0,Lyngby,Sonderjyske,-1,9,Handicap Result,0.35138157,0.23015493,0.41846350,0.36000000,0.24000000,0.40000000,0.00861843,0.00984507,-0.01846350,2.5,3.75,2.25,Marathonbet,2.44,3.74,2.31,OBSERVED_CLOSE_FROZEN,Exact same European Handicap home-line; latest stored pre-kickoff triplet
EH|1549017|+1,1549017,Danish Superliga,119,2026-09-13T12:42:54Z,2026-09-13T12:00:00Z,2026-09-13T06:44:58Z,315.0,Lyngby,Sonderjyske,+1,9,Handicap Result,0.78523353,0.13124618,0.08352029,0.80256822,0.12520064,0.07223114,0.01733469,-0.00604554,-0.01128915,1.17,7.5,13.0,Marathonbet,1.14,4.55,6.45,OBSERVED_CLOSE_FROZEN,Exact same European Handicap home-line; latest stored pre-kickoff triplet
EH|1549017|+2,1549017,Danish Superliga,119,2026-09-13T12:42:54Z,2026-09-13T12:00:00Z,2026-09-13T06:44:58Z,315.0,Lyngby,Sonderjyske,+2,9,Handicap Result,0.90399002,0.06327930,0.03273067,0.91154500,0.05576511,0.03268989,0.00755498,-0.00751419,-0.00004078,1.04,17.0,29.0,Marathonbet,,,,OBSERVED_CLOSE_FROZEN,Exact same European Handicap home-line; latest stored pre-kickoff triplet
EH|1549021|-2,1549021,Danish Superliga,119,2026-09-13T12:42:54Z,2026-09-13T12:00:00Z,2026-09-13T06:44:58Z,315.0,Silkeborg,Viborg,-2,9,Handicap Result,0.04956402,0.07847637,0.87195961,0.04921292,0.08500414,0.86578293,-0.00035110,0.00652777,-0.00617668,19.0,11.0,1.08,Marathonbet,,,,OBSERVED_CLOSE_FROZEN,Exact same European Handicap home-line; latest stored pre-kickoff triplet
EH|1549021|-1,1549021,Danish Superliga,119,2026-09-13T12:42:54Z,2026-09-13T12:00:00Z,2026-09-13T06:44:58Z,315.0,Silkeborg,Viborg,-1,9,Handicap Result,0.11450382,0.15267176,0.73282443,0.11650485,0.15533981,0.72815534,0.00200103,0.00266805,-0.00466909,8.0,6.0,1.28,Marathonbet,6.95,5.35,1.27,OBSERVED_CLOSE_FROZEN,Exact same European Handicap home-line; latest stored pre-kickoff triplet
EH|1549021|+1,1549021,Danish Superliga,119,2026-09-13T12:42:54Z,2026-09-13T12:00:00Z,2026-09-13T06:44:58Z,315.0,Silkeborg,Viborg,+1,9,Handicap Result,0.47299961,0.22585731,0.30114308,0.49490816,0.22642048,0.27867136,0.02190855,0.00056317,-0.02247172,1.83,4.0,3.25,Marathonbet,1.88,3.84,3.1,OBSERVED_CLOSE_FROZEN,Exact same European Handicap home-line; latest stored pre-kickoff triplet
EH|1549021|+2,1549021,Danish Superliga,119,2026-09-13T12:42:54Z,2026-09-13T12:00:00Z,2026-09-13T06:44:58Z,315.0,Silkeborg,Viborg,+2,9,Handicap Result,0.67845395,0.16776316,0.15378289,0.69135564,0.16718236,0.14146200,0.01290169,-0.00058080,-0.01232089,1.33,5.5,6.5,Marathonbet,1.29,5.5,6.0,OBSERVED_CLOSE_FROZEN,Exact same European Handicap home-line; latest stored pre-kickoff triplet
EH|1549021|+3,1549021,Danish Superliga,119,2026-09-13T12:42:54Z,2026-09-13T12:00:00Z,2026-09-13T06:44:58Z,315.0,Silkeborg,Viborg,+3,9,Handicap Result,0.83395107,0.10378058,0.06226835,0.83974189,0.09811721,0.06214090,0.00579082,-0.00566337,-0.00012745,1.11,9.5,15.0,Marathonbet,1.1,5.35,6.5,OBSERVED_CLOSE_FROZEN,Exact same European Handicap home-line; latest stored pre-kickoff triplet
EH|1547629|-2,1547629,A Lyga,362,2026-09-13T12:42:54Z,2026-09-13T11:30:00Z,2026-09-13T06:44:58Z,285.0,Panevėžys,Kauno Žalgiris,-2,9,Handicap Result,0.03268989,0.05576511,0.91154500,0.03244862,0.06273400,0.90481737,-0.00024127,0.00696889,-0.00672763,29.0,15.0,1.04,Marathonbet,,,,OBSERVED_CLOSE_FROZEN,Exact same European Handicap home-line; latest stored pre-kickoff triplet
EH|1547629|-1,1547629,A Lyga,362,2026-09-13T12:42:54Z,2026-09-13T11:30:00Z,2026-09-13T06:44:58Z,285.0,Panevėžys,Kauno Žalgiris,-1,9,Handicap Result,0.07086614,0.14173228,0.78740157,0.07086614,0.14173228,0.78740157,0.00000000,0.00000000,0.00000000,13.0,6.5,1.17,Marathonbet,7.1,4.6,1.1,OBSERVED_CLOSE_FROZEN,Exact same European Handicap home-line; latest stored pre-kickoff triplet
EH|1547629|+1,1547629,A Lyga,362,2026-09-13T12:42:54Z,2026-09-13T11:30:00Z,2026-09-13T06:44:58Z,285.0,Panevėžys,Kauno Žalgiris,+1,9,Handicap Result,0.38268560,0.25299770,0.36431669,0.39603960,0.24752475,0.35643564,0.01335400,-0.00547295,-0.00788105,2.25,3.6,2.5,Marathonbet,2.17,3.34,2.49,OBSERVED_CLOSE_FROZEN,Exact same European Handicap home-line; latest stored pre-kickoff triplet
EH|1547629|+2,1547629,A Lyga,362,2026-09-13T12:42:54Z,2026-09-13T11:30:00Z,2026-09-13T06:44:58Z,285.0,Panevėžys,Kauno Žalgiris,+2,9,Handicap Result,0.61224490,0.20408163,0.18367347,0.61224490,0.20408163,0.18367347,-0.00000000,0.00000000,-0.00000000,1.5,4.5,5.0,Marathonbet,1.42,4.5,4.7,OBSERVED_CLOSE_FROZEN,Exact same European Handicap home-line; latest stored pre-kickoff triplet
EH|1547629|+3,1547629,A Lyga,362,2026-09-13T12:42:54Z,2026-09-13T11:30:00Z,2026-09-13T06:44:58Z,285.0,Panevėžys,Kauno Žalgiris,+3,9,Handicap Result,0.78523353,0.13124618,0.08352029,0.79216477,0.12357770,0.08425753,0.00693124,-0.00766848,0.00073724,1.17,7.5,11.0,Marathonbet,1.12,7.1,9.1,OBSERVED_CLOSE_FROZEN,Exact same European Handicap home-line; latest stored pre-kickoff triplet
EH|1515922|-1,1515922,Virsliga,365,2026-09-13T12:42:54Z,2026-09-13T11:00:00Z,2026-09-13T06:44:58Z,255.0,BFC Daugavpils,Rīgas FS,-1,9,Handicap Result,0.04473565,0.08540443,0.86985992,0.04473565,0.08540443,0.86985992,0.00000000,-0.00000000,-0.00000000,21.0,11.0,1.08,Marathonbet,,,,OBSERVED_CLOSE_FROZEN,Exact same European Handicap home-line; latest stored pre-kickoff triplet
EH|1515922|+1,1515922,Virsliga,365,2026-09-13T12:42:54Z,2026-09-13T11:00:00Z,2026-09-13T06:44:58Z,255.0,BFC Daugavpils,Rīgas FS,+1,9,Handicap Result,0.26563316,0.24084074,0.49352610,0.26969273,0.22923882,0.50106845,0.00405957,-0.01160192,0.00754235,3.4,4.0,1.83,Marathonbet,3.08,3.5,1.9,OBSERVED_CLOSE_FROZEN,Exact same European Handicap home-line; latest stored pre-kickoff triplet
EH|1515922|+2,1515922,Virsliga,365,2026-09-13T12:42:54Z,2026-09-13T11:00:00Z,2026-09-13T06:44:58Z,255.0,BFC Daugavpils,Rīgas FS,+2,9,Handicap Result,0.49490816,0.22642048,0.27867136,0.49197278,0.20792383,0.30010339,-0.00293538,-0.01849665,0.02143203,1.83,4.33,3.0,Marathonbet,1.78,4.0,3.14,OBSERVED_CLOSE_FROZEN,Exact same European Handicap home-line; latest stored pre-kickoff triplet
EH|1515922|+3,1515922,Virsliga,365,2026-09-13T12:42:54Z,2026-09-13T11:00:00Z,2026-09-13T06:44:58Z,255.0,BFC Daugavpils,Rīgas FS,+3,9,Handicap Result,0.68330055,0.16523450,0.15146495,0.69135564,0.16718236,0.14146200,0.00805509,0.00194786,-0.01000295,1.33,5.5,6.5,Marathonbet,1.27,5.6,6.15,OBSERVED_CLOSE_FROZEN,Exact same European Handicap home-line; latest stored pre-kickoff triplet
EH|1515922|+4,1515922,Virsliga,365,2026-09-13T12:42:54Z,2026-09-13T11:00:00Z,2026-09-13T06:44:58Z,255.0,BFC Daugavpils,Rīgas FS,+4,9,Handicap Result,0.82603784,0.10279582,0.07116634,0.80791497,0.10835566,0.08372937,-0.01812287,0.00555984,0.01256303,1.14,8.5,11.0,Marathonbet,1.12,7.9,9.0,OBSERVED_CLOSE_FROZEN,Exact same European Handicap home-line; latest stored pre-kickoff triplet
EH|1552167|-3,1552167,Eredivisie,88,2026-09-13T12:42:54Z,2026-09-13T10:15:00Z,2026-09-13T06:44:58Z,210.0,Excelsior,Utrecht,-3,9,Handicap Result,0.04496089,0.07262913,0.88240998,0.04496089,0.07262913,0.88240998,-0.00000000,-0.00000000,0.00000000,21.0,13.0,1.07,Marathonbet,,,,OBSERVED_CLOSE_FROZEN,Exact same European Handicap home-line; latest stored pre-kickoff triplet
EH|1552167|-2,1552167,Eredivisie,88,2026-09-13T12:42:54Z,2026-09-13T10:15:00Z,2026-09-13T06:44:58Z,210.0,Excelsior,Utrecht,-2,9,Handicap Result,0.10244155,0.14184214,0.75571632,0.10433387,0.14446228,0.75120385,0.00189232,0.00262014,-0.00451247,9.0,6.5,1.25,Marathonbet,7.1,6.05,1.2,OBSERVED_CLOSE_FROZEN,Exact same European Handicap home-line; latest stored pre-kickoff triplet
EH|1552167|-1,1552167,Eredivisie,88,2026-09-13T12:42:54Z,2026-09-13T10:15:00Z,2026-09-13T06:44:58Z,210.0,Excelsior,Utrecht,-1,9,Handicap Result,0.22763885,0.21028993,0.56207123,0.24321670,0.21063802,0.54614528,0.01557785,0.00034809,-0.01592595,3.75,4.33,1.67,Marathonbet,3.68,4.0,1.65,OBSERVED_CLOSE_FROZEN,Exact same European Handicap home-line; latest stored pre-kickoff triplet
EH|1552167|+1,1552167,Eredivisie,88,2026-09-13T12:42:54Z,2026-09-13T10:15:00Z,2026-09-13T06:44:58Z,210.0,Excelsior,Utrecht,+1,9,Handicap Result,0.66725979,0.18149466,0.15124555,0.66725979,0.18149466,0.15124555,-0.00000000,0.00000000,0.00000000,1.36,5.0,6.0,Marathonbet,1.37,4.7,5.4,OBSERVED_CLOSE_FROZEN,Exact same European Handicap home-line; latest stored pre-kickoff triplet
EH|1552167|+2,1552167,Eredivisie,88,2026-09-13T12:42:54Z,2026-09-13T10:15:00Z,2026-09-13T06:44:58Z,210.0,Excelsior,Utrecht,+2,9,Handicap Result,0.82889091,0.10921857,0.06189052,0.83395107,0.10378058,0.06226835,0.00506016,-0.00543799,0.00037783,1.12,9.0,15.0,Marathonbet,1.1,5.1,6.75,OBSERVED_CLOSE_FROZEN,Exact same European Handicap home-line; latest stored pre-kickoff triplet
EH|1552167|+3,1552167,Eredivisie,88,2026-09-13T12:42:54Z,2026-09-13T10:15:00Z,2026-09-13T06:44:58Z,210.0,Excelsior,Utrecht,+3,9,Handicap Result,0.90058885,0.06304122,0.03636993,0.90058885,0.06304122,0.03636993,-0.00000000,-0.00000000,0.00000000,1.05,15.0,26.0,Marathonbet,,,,OBSERVED_CLOSE_FROZEN,Exact same European Handicap home-line; latest stored pre-kickoff triplet
EH|1552166|-3,1552166,Eredivisie,88,2026-09-13T12:42:54Z,2026-09-13T12:30:00Z,2026-09-13T06:44:58Z,345.0,Heerenveen,Telstar,-3,9,Handicap Result,0.08491336,0.11675587,0.79833076,0.09375000,0.12500000,0.78125000,0.00883664,0.00824413,-0.01708076,10.0,7.5,1.2,Marathonbet,8.3,7.5,1.15,OBSERVED_CLOSE_FROZEN,Exact same European Handicap home-line; latest stored pre-kickoff triplet
EH|1552166|-2,1552166,Eredivisie,88,2026-09-13T12:42:54Z,2026-09-13T12:30:00Z,2026-09-13T06:44:58Z,345.0,Heerenveen,Telstar,-2,9,Handicap Result,0.18274112,0.18274112,0.63451777,0.21040819,0.18221349,0.60737831,0.02766707,-0.00052763,-0.02713946,4.33,5.0,1.5,Marathonbet,4.25,5.05,1.47,OBSERVED_CLOSE_FROZEN,Exact same European Handicap home-line; latest stored pre-kickoff triplet
EH|1552166|-1,1552166,Eredivisie,88,2026-09-13T12:42:54Z,2026-09-13T12:30:00Z,2026-09-13T06:44:58Z,345.0,Heerenveen,Telstar,-1,9,Handicap Result,0.36548223,0.22842640,0.40609137,0.36548223,0.22842640,0.40609137,0.00000000,-0.00000000,0.00000000,2.5,4.0,2.25,Marathonbet,2.39,4.05,2.26,OBSERVED_CLOSE_FROZEN,Exact same European Handicap home-line; latest stored pre-kickoff triplet
EH|1552166|+1,1552166,Eredivisie,88,2026-09-13T12:42:54Z,2026-09-13T12:30:00Z,2026-09-13T06:44:58Z,345.0,Heerenveen,Telstar,+1,9,Handicap Result,0.75571632,0.14184214,0.10244155,0.78379479,0.13212541,0.08407980,0.02807847,-0.00971673,-0.01836175,1.18,7.0,11.0,Marathonbet,1.17,4.5,5.8,OBSERVED_CLOSE_FROZEN,Exact same European Handicap home-line; latest stored pre-kickoff triplet
EH|1552166|+2,1552166,Eredivisie,88,2026-09-13T12:42:54Z,2026-09-13T12:30:00Z,2026-09-13T06:44:58Z,345.0,Heerenveen,Telstar,+2,9,Handicap Result,0.88240998,0.07262913,0.04496089,0.90058885,0.06304122,0.03636993,0.01817887,-0.00958791,-0.00859096,1.05,15.0,26.0,Marathonbet,,,,OBSERVED_CLOSE_FROZEN,Exact same European Handicap home-line; latest stored pre-kickoff triplet
EH|1494763|-4,1494763,Eliteserien,103,2026-09-13T12:42:54Z,2026-09-13T12:30:00Z,2026-09-13T06:44:58Z,345.0,Viking,Kristiansund BK,-4,9,Handicap Result,0.09324378,0.11655472,0.79020150,0.08550058,0.11064781,0.80385161,-0.00774320,-0.00590691,0.01365011,11.0,8.5,1.17,Marathonbet,6.1,5.45,1.11,OBSERVED_CLOSE_FROZEN,Exact same European Handicap home-line; latest stored pre-kickoff triplet
EH|1494763|-3,1494763,Eliteserien,103,2026-09-13T12:42:54Z,2026-09-13T12:30:00Z,2026-09-13T06:44:58Z,345.0,Viking,Kristiansund BK,-3,9,Handicap Result,0.20229885,0.16551724,0.63218391,0.18246445,0.16587678,0.65165877,-0.01983440,0.00035954,0.01947486,5.0,5.5,1.4,Marathonbet,4.9,5.5,1.37,OBSERVED_CLOSE_FROZEN,Exact same European Handicap home-line; latest stored pre-kickoff triplet
EH|1494763|-2,1494763,Eliteserien,103,2026-09-13T12:42:54Z,2026-09-13T12:30:00Z,2026-09-13T06:44:58Z,345.0,Viking,Kristiansund BK,-2,9,Handicap Result,0.36129212,0.20859822,0.43010966,0.33221444,0.21099070,0.45679486,-0.02907768,0.00239248,0.02668520,2.75,4.33,2.0,Marathonbet,2.71,4.25,1.95,OBSERVED_CLOSE_FROZEN,Exact same European Handicap home-line; latest stored pre-kickoff triplet
EH|1494763|-1,1494763,Eliteserien,103,2026-09-13T12:42:54Z,2026-09-13T12:30:00Z,2026-09-13T06:44:58Z,345.0,Viking,Kristiansund BK,-1,9,Handicap Result,0.54614528,0.21063802,0.24321670,0.52803222,0.21096899,0.26099878,-0.01811306,0.00033097,0.01778208,1.73,4.33,3.5,Marathonbet,1.71,4.05,3.6,OBSERVED_CLOSE_FROZEN,Exact same European Handicap home-line; latest stored pre-kickoff triplet
EH|1494763|+1,1494763,Eliteserien,103,2026-09-13T12:42:54Z,2026-09-13T12:30:00Z,2026-09-13T06:44:58Z,345.0,Viking,Kristiansund BK,+1,9,Handicap Result,0.86985992,0.08540443,0.04473565,0.85624155,0.09418657,0.04957188,-0.01361837,0.00878214,0.00483623,1.1,10.0,19.0,Marathonbet,,,,OBSERVED_CLOSE_FROZEN,Exact same European Handicap home-line; latest stored pre-kickoff triplet
EH|1553171|-3,1553171,Ekstraklasa,106,2026-09-13T12:42:54Z,2026-09-13T10:15:00Z,2026-09-13T06:44:58Z,210.0,Wisla Plock,Cracovia Krakow,-3,9,Handicap Result,0.03240312,0.05527592,0.91232096,0.03240312,0.05527592,0.91232096,0.00000000,-0.00000000,-0.00000000,29.0,17.0,1.03,Marathonbet,,,,OBSERVED_CLOSE_FROZEN,Exact same European Handicap home-line; latest stored pre-kickoff triplet
EH|1553171|-2,1553171,Ekstraklasa,106,2026-09-13T12:42:54Z,2026-09-13T10:15:00Z,2026-09-13T06:44:58Z,210.0,Wisla Plock,Cracovia Krakow,-2,9,Handicap Result,0.07618284,0.12189254,0.80192462,0.07618284,0.12189254,0.80192462,-0.00000000,0.00000000,-0.00000000,12.0,7.5,1.14,Marathonbet,6.35,4.55,1.13,OBSERVED_CLOSE_FROZEN,Exact same European Handicap home-line; latest stored pre-kickoff triplet
EH|1553171|-1,1553171,Ekstraklasa,106,2026-09-13T12:42:54Z,2026-09-13T10:15:00Z,2026-09-13T06:44:58Z,210.0,Wisla Plock,Cracovia Krakow,-1,9,Handicap Result,0.16843880,0.21395228,0.61760892,0.16843880,0.21395228,0.61760892,-0.00000000,0.00000000,0.00000000,5.5,4.33,1.5,Marathonbet,4.6,4.05,1.5,OBSERVED_CLOSE_FROZEN,Exact same European Handicap home-line; latest stored pre-kickoff triplet
EH|1553171|+1,1553171,Ekstraklasa,106,2026-09-13T12:42:54Z,2026-09-13T10:15:00Z,2026-09-13T06:44:58Z,210.0,Wisla Plock,Cracovia Krakow,+1,9,Handicap Result,0.61760892,0.21395228,0.16843880,0.61760892,0.21395228,0.16843880,0.00000000,0.00000000,-0.00000000,1.5,4.33,5.5,Marathonbet,1.41,4.3,5.3,OBSERVED_CLOSE_FROZEN,Exact same European Handicap home-line; latest stored pre-kickoff triplet
EH|1553171|+2,1553171,Ekstraklasa,106,2026-09-13T12:42:54Z,2026-09-13T10:15:00Z,2026-09-13T06:44:58Z,210.0,Wisla Plock,Cracovia Krakow,+2,9,Handicap Result,0.81555834,0.11417817,0.07026349,0.81555834,0.11417817,0.07026349,0.00000000,-0.00000000,-0.00000000,1.12,8.0,13.0,Marathonbet,1.12,4.7,6.3,OBSERVED_CLOSE_FROZEN,Exact same European Handicap home-line; latest stored pre-kickoff triplet
EH|1515922|-2,1515922,Virsliga,365,2026-09-13T12:42:54Z,2026-09-13T11:00:00Z,2026-09-13T06:44:58Z,255.0,BFC Daugavpils,Rīgas FS,-2,9,Handicap Result,0.01870677,0.03669405,0.94459919,0.01870677,0.03669405,0.94459919,-0.00000000,-0.00000000,-0.00000000,51.0,26.0,1.01,Marathonbet,,,,OBSERVED_CLOSE_FROZEN,Exact same European Handicap home-line; latest stored pre-kickoff triplet
EH|1557400|-2,1557400,Premier League,39,2026-09-13T18:41:20Z,2026-09-13T13:00:00Z,2026-09-13T12:42:54Z,17.1,Coventry,Brighton,-2,9,Handicap Result,0.04096347,0.07851332,0.88052321,0.04100511,0.08573795,0.87325694,0.00004164,0.00722463,-0.00726627,23.0,11.0,1.08,Marathonbet,,,,OBSERVED_CLOSE_FROZEN,Exact same European Handicap home-line; latest stored pre-kickoff triplet
EH|1557400|-1,1557400,Premier League,39,2026-09-13T18:41:20Z,2026-09-13T13:00:00Z,2026-09-13T12:42:54Z,17.1,Coventry,Brighton,-1,9,Handicap Result,0.10309278,0.15463918,0.74226804,0.11650485,0.15533981,0.72815534,0.01341207,0.00070063,-0.01411270,8.0,6.0,1.28,Marathonbet,8.4,5.75,1.28,OBSERVED_CLOSE_FROZEN,Exact same European Handicap home-line; latest stored pre-kickoff triplet
EH|1557400|+1,1557400,Premier League,39,2026-09-13T18:41:20Z,2026-09-13T13:00:00Z,2026-09-13T12:42:54Z,17.1,Coventry,Brighton,+1,9,Handicap Result,0.49490816,0.22642048,0.27867136,0.48283567,0.24592430,0.27124004,-0.01207249,0.01950382,-0.00743132,1.91,3.75,3.4,Marathonbet,1.94,3.82,3.28,OBSERVED_CLOSE_FROZEN,Exact same European Handicap home-line; latest stored pre-kickoff triplet
EH|1557400|+2,1557400,Premier League,39,2026-09-13T18:41:20Z,2026-09-13T13:00:00Z,2026-09-13T12:42:54Z,17.1,Coventry,Brighton,+2,9,Handicap Result,0.69841270,0.16888889,0.13269841,0.70319635,0.16621005,0.13059361,0.00478365,-0.00267884,-0.00210480,1.3,5.5,7.0,Marathonbet,1.29,5.7,6.5,OBSERVED_CLOSE_FROZEN,Exact same European Handicap home-line; latest stored pre-kickoff triplet
EH|1557400|+3,1557400,Premier League,39,2026-09-13T18:41:20Z,2026-09-13T13:00:00Z,2026-09-13T12:42:54Z,17.1,Coventry,Brighton,+3,9,Handicap Result,0.85127692,0.09364046,0.05508262,0.85858586,0.08585859,0.05555556,0.00730894,-0.00778187,0.00047294,1.1,11.0,17.0,Marathonbet,,,,OBSERVED_CLOSE_FROZEN,Exact same European Handicap home-line; latest stored pre-kickoff triplet
EH|1557404|-2,1557404,Premier League,39,2026-09-13T18:41:20Z,2026-09-13T15:30:00Z,2026-09-13T12:42:54Z,167.1,Manchester United,Manchester City,-2,9,Handicap Result,0.06214090,0.09811721,0.83974189,0.06226835,0.10378058,0.83395107,0.00012745,0.00566337,-0.00579082,15.0,9.0,1.12,Marathonbet,,,,OBSERVED_CLOSE_FROZEN,Exact same European Handicap home-line; latest stored pre-kickoff triplet
EH|1557404|-1,1557404,Premier League,39,2026-09-13T18:41:20Z,2026-09-13T15:30:00Z,2026-09-13T12:42:54Z,167.1,Manchester United,Manchester City,-1,9,Handicap Result,0.14146200,0.16718236,0.69135564,0.15124555,0.18149466,0.66725979,0.00978355,0.01431230,-0.02409585,6.0,5.0,1.36,Marathonbet,5.7,4.9,1.4,OBSERVED_CLOSE_FROZEN,Exact same European Handicap home-line; latest stored pre-kickoff triplet
EH|1557404|+1,1557404,Premier League,39,2026-09-13T18:41:20Z,2026-09-13T15:30:00Z,2026-09-13T12:42:54Z,167.1,Manchester United,Manchester City,+1,9,Handicap Result,0.52803222,0.21096899,0.26099878,0.54614528,0.21063802,0.24321670,0.01811306,-0.00033097,-0.01778208,1.67,4.33,3.75,Marathonbet,1.72,4.1,3.62,OBSERVED_CLOSE_FROZEN,Exact same European Handicap home-line; latest stored pre-kickoff triplet
EH|1557404|+2,1557404,Premier League,39,2026-09-13T18:41:20Z,2026-09-13T15:30:00Z,2026-09-13T12:42:54Z,167.1,Manchester United,Manchester City,+2,9,Handicap Result,0.72815534,0.15533981,0.11650485,0.73282443,0.15267176,0.11450382,0.00466909,-0.00266805,-0.00200103,1.25,6.0,8.0,Marathonbet,1.23,6.05,6.75,OBSERVED_CLOSE_FROZEN,Exact same European Handicap home-line; latest stored pre-kickoff triplet
EH|1557404|+3,1557404,Premier League,39,2026-09-13T18:41:20Z,2026-09-13T15:30:00Z,2026-09-13T12:42:54Z,167.1,Manchester United,Manchester City,+3,9,Handicap Result,0.86079912,0.08451482,0.05468606,0.87195961,0.07847637,0.04956402,0.01116049,-0.00603845,-0.00512204,1.08,12.0,19.0,Marathonbet,,,,OBSERVED_CLOSE_FROZEN,Exact same European Handicap home-line; latest stored pre-kickoff triplet
EH|1570376|-2,1570376,La Liga,140,2026-09-13T18:41:20Z,2026-09-13T14:15:00Z,2026-09-13T12:42:54Z,92.1,Levante,Barcelona,-2,9,Handicap Result,0.01871658,0.04545455,0.93582888,0.01871658,0.04545455,0.93582888,-0.00000000,-0.00000000,-0.00000000,51.0,21.0,1.02,Marathonbet,,,,OBSERVED_CLOSE_FROZEN,Exact same European Handicap home-line; latest stored pre-kickoff triplet
EH|1570376|-1,1570376,La Liga,140,2026-09-13T18:41:20Z,2026-09-13T14:15:00Z,2026-09-13T12:42:54Z,92.1,Levante,Barcelona,-1,9,Handicap Result,0.02317580,0.04524799,0.93157621,0.03273067,0.06327930,0.90399002,0.00955487,0.01803131,-0.02758619,29.0,15.0,1.05,Marathonbet,7.3,4.5,1.1,OBSERVED_CLOSE_FROZEN,Exact same European Handicap home-line; latest stored pre-kickoff triplet
EH|1570376|+1,1570376,La Liga,140,2026-09-13T18:41:20Z,2026-09-13T14:15:00Z,2026-09-13T12:42:54Z,92.1,Levante,Barcelona,+1,9,Handicap Result,0.16587678,0.18246445,0.65165877,0.18100026,0.19052659,0.62847314,0.01512348,0.00806214,-0.02318563,5.0,4.75,1.44,Marathonbet,5.15,4.8,1.46,OBSERVED_CLOSE_FROZEN,Exact same European Handicap home-line; latest stored pre-kickoff triplet
EH|1570376|+2,1570376,La Liga,140,2026-09-13T18:41:20Z,2026-09-13T14:15:00Z,2026-09-13T12:42:54Z,92.1,Levante,Barcelona,+2,9,Handicap Result,0.33221444,0.21099070,0.45679486,0.35054511,0.21210813,0.43734676,0.01833067,0.00111743,-0.01944810,2.62,4.33,2.1,Marathonbet,2.53,4.4,2.16,OBSERVED_CLOSE_FROZEN,Exact same European Handicap home-line; latest stored pre-kickoff triplet
EH|1570376|+3,1570376,La Liga,140,2026-09-13T18:41:20Z,2026-09-13T14:15:00Z,2026-09-13T12:42:54Z,92.1,Levante,Barcelona,+3,9,Handicap Result,0.52728204,0.19204167,0.28067629,0.55213756,0.18441395,0.26344849,0.02485552,-0.00762772,-0.01722780,1.67,5.0,3.5,Marathonbet,1.7,4.95,3.4,OBSERVED_CLOSE_FROZEN,Exact same European Handicap home-line; latest stored pre-kickoff triplet
EH|1570376|+4,1570376,La Liga,140,2026-09-13T18:41:20Z,2026-09-13T14:15:00Z,2026-09-13T12:42:54Z,92.1,Levante,Barcelona,+4,9,Handicap Result,0.70112360,0.14346067,0.15541573,0.71743929,0.14128035,0.14128035,0.01631569,-0.00218032,-0.01413538,1.28,6.5,6.5,Marathonbet,1.27,6.7,6.05,OBSERVED_CLOSE_FROZEN,Exact same European Handicap home-line; latest stored pre-kickoff triplet
EH|1570375|-3,1570375,La Liga,140,2026-09-13T18:41:20Z,2026-09-13T16:30:00Z,2026-09-13T12:42:54Z,227.1,Getafe,Deportivo La Coruna,-3,9,Handicap Result,0.02306594,0.04977386,0.92716020,0.02327545,0.05022598,0.92649857,0.00020951,0.00045212,-0.00066163,41.0,19.0,1.03,Marathonbet,,,,OBSERVED_CLOSE_FROZEN,Exact same European Handicap home-line; latest stored pre-kickoff triplet
EH|1570375|-2,1570375,La Liga,140,2026-09-13T18:41:20Z,2026-09-13T16:30:00Z,2026-09-13T12:42:54Z,227.1,Getafe,Deportivo La Coruna,-2,9,Handicap Result,0.05500869,0.12468635,0.82030496,0.06188925,0.12377850,0.81433225,0.00688056,-0.00090785,-0.00597271,15.0,7.5,1.14,Marathonbet,7.4,4.55,1.1,OBSERVED_CLOSE_FROZEN,Exact same European Handicap home-line; latest stored pre-kickoff triplet
EH|1570375|-1,1570375,La Liga,140,2026-09-13T18:41:20Z,2026-09-13T16:30:00Z,2026-09-13T12:42:54Z,227.1,Getafe,Deportivo La Coruna,-1,9,Handicap Result,0.16497736,0.24196679,0.59305586,0.16750836,0.24567892,0.58681272,0.00253100,0.00371213,-0.00624314,5.5,3.75,1.57,Marathonbet,5.7,3.82,1.55,OBSERVED_CLOSE_FROZEN,Exact same European Handicap home-line; latest stored pre-kickoff triplet
EH|1570375|+1,1570375,La Liga,140,2026-09-13T18:41:20Z,2026-09-13T16:30:00Z,2026-09-13T12:42:54Z,227.1,Getafe,Deportivo La Coruna,+1,9,Handicap Result,0.69284065,0.20477290,0.10238645,0.70515464,0.19298969,0.10185567,0.01231399,-0.01178321,-0.00053078,1.3,4.75,9.0,Marathonbet,1.38,4.5,7.9,OBSERVED_CLOSE_FROZEN,Exact same European Handicap home-line; latest stored pre-kickoff triplet
EH|1570375|+2,1570375,La Liga,140,2026-09-13T18:41:20Z,2026-09-13T16:30:00Z,2026-09-13T12:42:54Z,227.1,Getafe,Deportivo La Coruna,+2,9,Handicap Result,0.87840536,0.08544488,0.03614976,0.88470481,0.07888618,0.03640901,0.00629945,-0.00655870,0.00025925,1.07,12.0,26.0,Marathonbet,,,,OBSERVED_CLOSE_FROZEN,Exact same European Handicap home-line; latest stored pre-kickoff triplet
EH|1550122|-3,1550122,Serie A,135,2026-09-13T18:41:20Z,2026-09-13T13:00:00Z,2026-09-13T12:42:54Z,17.1,Lecce,Monza,-3,9,Handicap Result,0.02793360,0.04998644,0.92207996,0.02793360,0.04998644,0.92207996,-0.00000000,0.00000000,0.00000000,34.0,19.0,1.03,Marathonbet,,,,OBSERVED_CLOSE_FROZEN,Exact same European Handicap home-line; latest stored pre-kickoff triplet
EH|1550122|-2,1550122,Serie A,135,2026-09-13T18:41:20Z,2026-09-13T13:00:00Z,2026-09-13T12:42:54Z,17.1,Lecce,Monza,-2,9,Handicap Result,0.06147091,0.11525796,0.82327113,0.05463415,0.11609756,0.82926829,-0.00683676,0.00083960,0.00599716,17.0,8.0,1.12,Marathonbet,7.0,4.7,1.1,OBSERVED_CLOSE_FROZEN,Exact same European Handicap home-line; latest stored pre-kickoff triplet
EH|1550122|-1,1550122,Serie A,135,2026-09-13T18:41:20Z,2026-09-13T13:00:00Z,2026-09-13T12:42:54Z,17.1,Lecce,Monza,-1,9,Handicap Result,0.15261705,0.21147859,0.63590436,0.15261705,0.21147859,0.63590436,-0.00000000,-0.00000000,0.00000000,6.0,4.33,1.44,Marathonbet,6.1,4.5,1.44,OBSERVED_CLOSE_FROZEN,Exact same European Handicap home-line; latest stored pre-kickoff triplet
EH|1550122|+1,1550122,Serie A,135,2026-09-13T18:41:20Z,2026-09-13T13:00:00Z,2026-09-13T12:42:54Z,17.1,Lecce,Monza,+1,9,Handicap Result,0.63590436,0.21147859,0.15261705,0.63590436,0.21147859,0.15261705,0.00000000,-0.00000000,-0.00000000,1.44,4.33,6.0,Marathonbet,1.5,4.3,5.6,OBSERVED_CLOSE_FROZEN,Exact same European Handicap home-line; latest stored pre-kickoff triplet
EH|1550122|+2,1550122,Serie A,135,2026-09-13T18:41:20Z,2026-09-13T13:00:00Z,2026-09-13T12:42:54Z,17.1,Lecce,Monza,+2,9,Handicap Result,0.83497053,0.11001965,0.05500982,0.82327113,0.11525796,0.06147091,-0.01169940,0.00523831,0.00646109,1.12,8.0,15.0,Marathonbet,,,,OBSERVED_CLOSE_FROZEN,Exact same European Handicap home-line; latest stored pre-kickoff triplet
EH|1550122|+3,1550122,Serie A,135,2026-09-13T18:41:20Z,2026-09-13T13:00:00Z,2026-09-13T12:42:54Z,17.1,Lecce,Monza,+3,9,Handicap Result,0.92716020,0.04977386,0.02306594,0.93095171,0.04566096,0.02338732,0.00379151,-0.00411290,0.00032138,1.03,21.0,41.0,Marathonbet,,,,OBSERVED_CLOSE_FROZEN,Exact same European Handicap home-line; latest stored pre-kickoff triplet
EH|1550123|-3,1550123,Serie A,135,2026-09-13T18:41:20Z,2026-09-13T16:00:00Z,2026-09-13T12:42:54Z,197.1,Napoli,Bologna,-3,9,Handicap Result,0.05508262,0.09364046,0.85127692,0.05508262,0.09364046,0.85127692,0.00000000,0.00000000,-0.00000000,17.0,10.0,1.1,Marathonbet,6.5,4.9,1.1,OBSERVED_CLOSE_FROZEN,Exact same European Handicap home-line; latest stored pre-kickoff triplet
EH|1550123|-2,1550123,Serie A,135,2026-09-13T18:41:20Z,2026-09-13T16:00:00Z,2026-09-13T12:42:54Z,197.1,Napoli,Bologna,-2,9,Handicap Result,0.13049451,0.18269231,0.68681319,0.13269841,0.16888889,0.69841270,0.00220390,-0.01380342,0.01159951,7.0,5.5,1.33,Marathonbet,7.1,5.7,1.28,OBSERVED_CLOSE_FROZEN,Exact same European Handicap home-line; latest stored pre-kickoff triplet
EH|1550123|-1,1550123,Serie A,135,2026-09-13T18:41:20Z,2026-09-13T16:00:00Z,2026-09-13T12:42:54Z,197.1,Napoli,Bologna,-1,9,Handicap Result,0.28346457,0.25590551,0.46062992,0.28025042,0.24288369,0.47686589,-0.00321415,-0.01302182,0.01623597,3.25,3.75,1.91,Marathonbet,3.34,3.64,1.95,OBSERVED_CLOSE_FROZEN,Exact same European Handicap home-line; latest stored pre-kickoff triplet
EH|1550123|+1,1550123,Serie A,135,2026-09-13T18:41:20Z,2026-09-13T16:00:00Z,2026-09-13T12:42:54Z,197.1,Napoli,Bologna,+1,9,Handicap Result,0.78597340,0.14268440,0.07134220,0.77297297,0.14270270,0.08432432,-0.01300043,0.00001830,0.01298212,1.2,6.5,11.0,Marathonbet,1.26,5.8,9.3,OBSERVED_CLOSE_FROZEN,Exact same European Handicap home-line; latest stored pre-kickoff triplet
EH|1550123|+2,1550123,Serie A,135,2026-09-13T18:41:20Z,2026-09-13T16:00:00Z,2026-09-13T12:42:54Z,197.1,Napoli,Bologna,+2,9,Handicap Result,0.90915573,0.06303480,0.02780947,0.89193825,0.07204117,0.03602058,-0.01721748,0.00900637,0.00821111,1.05,13.0,26.0,Marathonbet,,,,OBSERVED_CLOSE_FROZEN,Exact same European Handicap home-line; latest stored pre-kickoff triplet
EH|1575159|-4,1575159,Bundesliga,78,2026-09-13T18:41:20Z,2026-09-13T13:30:00Z,2026-09-13T12:42:54Z,47.1,RB Leipzig,Hamburger SV,-4,9,Handicap Result,0.07116634,0.10279582,0.82603784,0.08423645,0.10295567,0.81280788,0.01307011,0.00015985,-0.01322996,11.0,9.0,1.14,Marathonbet,8.5,8.2,1.12,OBSERVED_CLOSE_FROZEN,Exact same European Handicap home-line; latest stored pre-kickoff triplet
EH|1575159|-3,1575159,Bundesliga,78,2026-09-13T18:41:20Z,2026-09-13T13:30:00Z,2026-09-13T12:42:54Z,47.1,RB Leipzig,Hamburger SV,-3,9,Handicap Result,0.15357968,0.15357968,0.69284065,0.16545012,0.16545012,0.66909976,0.01187044,0.01187044,-0.02374089,5.5,5.5,1.36,Marathonbet,4.65,5.55,1.38,OBSERVED_CLOSE_FROZEN,Exact same European Handicap home-line; latest stored pre-kickoff triplet
EH|1575159|-2,1575159,Bundesliga,78,2026-09-13T18:41:20Z,2026-09-13T13:30:00Z,2026-09-13T12:42:54Z,47.1,RB Leipzig,Hamburger SV,-2,9,Handicap Result,0.28356457,0.21283715,0.50359828,0.30247934,0.20165289,0.49586777,0.01891477,-0.01118426,-0.00773051,3.0,4.5,1.83,Marathonbet,2.72,4.45,1.98,OBSERVED_CLOSE_FROZEN,Exact same European Handicap home-line; latest stored pre-kickoff triplet
EH|1575159|-1,1575159,Bundesliga,78,2026-09-13T18:41:20Z,2026-09-13T13:30:00Z,2026-09-13T12:42:54Z,47.1,RB Leipzig,Hamburger SV,-1,9,Handicap Result,0.50359828,0.21283715,0.28356457,0.50359828,0.21283715,0.28356457,0.00000000,-0.00000000,0.00000000,1.83,4.33,3.25,Marathonbet,1.83,4.2,3.4,OBSERVED_CLOSE_FROZEN,Exact same European Handicap home-line; latest stored pre-kickoff triplet
EH|1575159|+1,1575159,Bundesliga,78,2026-09-13T18:41:20Z,2026-09-13T13:30:00Z,2026-09-13T12:42:54Z,47.1,RB Leipzig,Hamburger SV,+1,9,Handicap Result,0.86578293,0.08500414,0.04921292,0.86578293,0.08500414,0.04921292,0.00000000,0.00000000,0.00000000,1.08,11.0,19.0,Marathonbet,1.1,4.7,6.85,OBSERVED_CLOSE_FROZEN,Exact same European Handicap home-line; latest stored pre-kickoff triplet
EH|1575159|+2,1575159,Bundesliga,78,2026-09-13T18:41:20Z,2026-09-13T13:30:00Z,2026-09-13T12:42:54Z,47.1,RB Leipzig,Hamburger SV,+2,9,Handicap Result,0.93954248,0.04166667,0.01879085,0.93954248,0.04166667,0.01879085,0.00000000,-0.00000000,-0.00000000,1.02,23.0,51.0,Marathonbet,,,,OBSERVED_CLOSE_FROZEN,Exact same European Handicap home-line; latest stored pre-kickoff triplet
EH|1575166|-1,1575166,Bundesliga,78,2026-09-13T18:41:20Z,2026-09-13T15:30:00Z,2026-09-13T12:42:54Z,167.1,SV Elversberg,Bayern München,-1,9,Handicap Result,0.03632479,0.05555556,0.90811966,0.03268989,0.05576511,0.91154500,-0.00363490,0.00020955,0.00342534,29.0,17.0,1.04,Marathonbet,,,,OBSERVED_CLOSE_FROZEN,Exact same European Handicap home-line; latest stored pre-kickoff triplet
EH|1575166|+1,1575166,Bundesliga,78,2026-09-13T18:41:20Z,2026-09-13T15:30:00Z,2026-09-13T12:42:54Z,167.1,SV Elversberg,Bayern München,+1,9,Handicap Result,0.16867470,0.16867470,0.66265060,0.15357968,0.15357968,0.69284065,-0.01509502,-0.01509502,0.03019005,6.0,6.0,1.33,Marathonbet,5.85,5.9,1.34,OBSERVED_CLOSE_FROZEN,Exact same European Handicap home-line; latest stored pre-kickoff triplet
EH|1575166|+2,1575166,Bundesliga,78,2026-09-13T18:41:20Z,2026-09-13T15:30:00Z,2026-09-13T12:42:54Z,167.1,SV Elversberg,Bayern München,+2,9,Handicap Result,0.33126426,0.19178457,0.47695116,0.28938907,0.18810289,0.52250804,-0.04187519,-0.00368168,0.04555688,3.25,5.0,1.8,Marathonbet,2.99,5.1,1.81,OBSERVED_CLOSE_FROZEN,Exact same European Handicap home-line; latest stored pre-kickoff triplet
EH|1575166|+3,1575166,Bundesliga,78,2026-09-13T18:41:20Z,2026-09-13T15:30:00Z,2026-09-13T12:42:54Z,167.1,SV Elversberg,Bayern München,+3,9,Handicap Result,0.51020408,0.18367347,0.30612245,0.47370743,0.18095624,0.34533633,-0.03649665,-0.00271723,0.03921388,1.91,5.0,2.62,Marathonbet,2.0,5.1,2.56,OBSERVED_CLOSE_FROZEN,Exact same European Handicap home-line; latest stored pre-kickoff triplet
EH|1575166|+4,1575166,Bundesliga,78,2026-09-13T18:41:20Z,2026-09-13T15:30:00Z,2026-09-13T12:42:54Z,167.1,SV Elversberg,Bayern München,+4,9,Handicap Result,0.66725979,0.15124555,0.18149466,0.63590436,0.15261705,0.21147859,-0.03135543,0.00137150,0.02998393,1.44,6.0,4.33,Marathonbet,1.45,6.05,4.0,OBSERVED_CLOSE_FROZEN,Exact same European Handicap home-line; latest stored pre-kickoff triplet
EH|1552760|-4,1552760,Ligue 1,61,2026-09-13T18:41:20Z,2026-09-13T13:00:00Z,2026-09-13T12:42:54Z,17.1,Lille,Estac Troyes,-4,9,Handicap Result,0.06244726,0.09367089,0.84388186,0.06244726,0.09367089,0.84388186,-0.00000000,-0.00000000,-0.00000000,15.0,10.0,1.11,Marathonbet,,,,OBSERVED_CLOSE_FROZEN,Exact same European Handicap home-line; latest stored pre-kickoff triplet
EH|1552760|-3,1552760,Ligue 1,61,2026-09-13T18:41:20Z,2026-09-13T13:00:00Z,2026-09-13T12:42:54Z,17.1,Lille,Estac Troyes,-3,9,Handicap Result,0.11586453,0.14260250,0.74153298,0.11586453,0.14260250,0.74153298,-0.00000000,-0.00000000,-0.00000000,8.0,6.5,1.25,Marathonbet,6.6,6.05,1.23,OBSERVED_CLOSE_FROZEN,Exact same European Handicap home-line; latest stored pre-kickoff triplet
EH|1552760|-2,1552760,Ligue 1,61,2026-09-13T18:41:20Z,2026-09-13T13:00:00Z,2026-09-13T12:42:54Z,17.1,Lille,Estac Troyes,-2,9,Handicap Result,0.24321670,0.21063802,0.54614528,0.24321670,0.21063802,0.54614528,-0.00000000,-0.00000000,0.00000000,3.75,4.33,1.67,Marathonbet,3.58,4.2,1.71,OBSERVED_CLOSE_FROZEN,Exact same European Handicap home-line; latest stored pre-kickoff triplet
EH|1552760|-1,1552760,Ligue 1,61,2026-09-13T18:41:20Z,2026-09-13T13:00:00Z,2026-09-13T12:42:54Z,17.1,Lille,Estac Troyes,-1,9,Handicap Result,0.44247788,0.24778761,0.30973451,0.43035994,0.24100156,0.32863850,-0.01211794,-0.00678605,0.01890399,2.1,3.75,2.75,Marathonbet,2.14,3.48,2.93,OBSERVED_CLOSE_FROZEN,Exact same European Handicap home-line; latest stored pre-kickoff triplet
EH|1552760|+1,1552760,Ligue 1,61,2026-09-13T18:41:20Z,2026-09-13T13:00:00Z,2026-09-13T12:42:54Z,17.1,Lille,Estac Troyes,+1,9,Handicap Result,0.86030315,0.09463335,0.04506350,0.84737364,0.10356789,0.04905847,-0.01292951,0.00893454,0.00399497,1.1,9.0,19.0,Marathonbet,1.11,4.5,7.1,OBSERVED_CLOSE_FROZEN,Exact same European Handicap home-line; latest stored pre-kickoff triplet
EH|1552760|+2,1552760,Ligue 1,61,2026-09-13T18:41:20Z,2026-09-13T13:00:00Z,2026-09-13T12:42:54Z,17.1,Lille,Estac Troyes,+2,9,Handicap Result,0.94009970,0.04128264,0.01861766,0.93582888,0.04545455,0.01871658,-0.00427082,0.00417191,0.00009892,1.02,21.0,51.0,Marathonbet,,,,OBSERVED_CLOSE_FROZEN,Exact same European Handicap home-line; latest stored pre-kickoff triplet
EH|1552759|-2,1552759,Ligue 1,61,2026-09-13T18:41:20Z,2026-09-13T15:15:00Z,2026-09-13T12:42:54Z,152.1,Le Mans,Lens,-2,9,Handicap Result,0.03273067,0.06327930,0.90399002,0.03636993,0.06304122,0.90058885,0.00363926,-0.00023808,-0.00340117,26.0,15.0,1.05,Marathonbet,,,,OBSERVED_CLOSE_FROZEN,Exact same European Handicap home-line; latest stored pre-kickoff triplet
EH|1552759|-1,1552759,Ligue 1,61,2026-09-13T18:41:20Z,2026-09-13T15:15:00Z,2026-09-13T12:42:54Z,152.1,Le Mans,Lens,-1,9,Handicap Result,0.08407980,0.13212541,0.78379479,0.08407980,0.13212541,0.78379479,0.00000000,-0.00000000,-0.00000000,11.0,7.0,1.18,Marathonbet,5.65,3.96,1.2,OBSERVED_CLOSE_FROZEN,Exact same European Handicap home-line; latest stored pre-kickoff triplet
EH|1552759|+1,1552759,Ligue 1,61,2026-09-13T18:41:20Z,2026-09-13T15:15:00Z,2026-09-13T12:42:54Z,152.1,Le Mans,Lens,+1,9,Handicap Result,0.41213977,0.24178867,0.34607156,0.41213977,0.24178867,0.34607156,0.00000000,-0.00000000,0.00000000,2.2,3.75,2.62,Marathonbet,2.29,3.72,2.59,OBSERVED_CLOSE_FROZEN,Exact same European Handicap home-line; latest stored pre-kickoff triplet
EH|1552759|+2,1552759,Ligue 1,61,2026-09-13T18:41:20Z,2026-09-13T15:15:00Z,2026-09-13T12:42:54Z,152.1,Le Mans,Lens,+2,9,Handicap Result,0.63898740,0.19371408,0.16729852,0.62847314,0.19052659,0.18100026,-0.01051426,-0.00318749,0.01370174,1.44,4.75,5.0,Marathonbet,1.44,4.9,4.65,OBSERVED_CLOSE_FROZEN,Exact same European Handicap home-line; latest stored pre-kickoff triplet
EH|1552759|+3,1552759,Ligue 1,61,2026-09-13T18:41:20Z,2026-09-13T15:15:00Z,2026-09-13T12:42:54Z,152.1,Le Mans,Lens,+3,9,Handicap Result,0.81288104,0.11583555,0.07128341,0.79833076,0.11675587,0.08491336,-0.01455028,0.00092032,0.01362995,1.17,8.0,11.0,Marathonbet,1.12,7.7,9.2,OBSERVED_CLOSE_FROZEN,Exact same European Handicap home-line; latest stored pre-kickoff triplet
EH|1561927|-3,1561927,Austrian Bundesliga,218,2026-09-13T18:41:20Z,2026-09-13T15:00:00Z,2026-09-13T12:42:54Z,137.1,Sturm Graz,Lask Linz,-3,9,Handicap Result,0.03636993,0.06304122,0.90058885,0.03636993,0.06304122,0.90058885,0.00000000,-0.00000000,-0.00000000,26.0,15.0,1.05,Marathonbet,,,,OBSERVED_CLOSE_FROZEN,Exact same European Handicap home-line; latest stored pre-kickoff triplet
EH|1561927|-2,1561927,Austrian Bundesliga,218,2026-09-13T18:41:20Z,2026-09-13T15:00:00Z,2026-09-13T12:42:54Z,137.1,Sturm Graz,Lask Linz,-2,9,Handicap Result,0.06180401,0.10300668,0.83518931,0.04921292,0.08500414,0.86578293,-0.01259109,-0.01800254,0.03059362,19.0,11.0,1.08,Marathonbet,6.85,5.05,1.1,OBSERVED_CLOSE_FROZEN,Exact same European Handicap home-line; latest stored pre-kickoff triplet
EH|1561927|-1,1561927,Austrian Bundesliga,218,2026-09-13T18:41:20Z,2026-09-13T15:00:00Z,2026-09-13T12:42:54Z,137.1,Sturm Graz,Lask Linz,-1,9,Handicap Result,0.14146200,0.16718236,0.69135564,0.11450382,0.15267176,0.73282443,-0.02695818,-0.01451060,0.04146879,8.0,6.0,1.25,Marathonbet,6.3,5.2,1.28,OBSERVED_CLOSE_FROZEN,Exact same European Handicap home-line; latest stored pre-kickoff triplet
EH|1561927|+1,1561927,Austrian Bundesliga,218,2026-09-13T18:41:20Z,2026-09-13T15:00:00Z,2026-09-13T12:42:54Z,137.1,Sturm Graz,Lask Linz,+1,9,Handicap Result,0.54614528,0.21063802,0.24321670,0.49197278,0.20792383,0.30010339,-0.05417250,-0.00271419,0.05688669,1.83,4.33,3.0,Marathonbet,1.84,3.84,3.05,OBSERVED_CLOSE_FROZEN,Exact same European Handicap home-line; latest stored pre-kickoff triplet
EH|1561927|+2,1561927,Austrian Bundesliga,218,2026-09-13T18:41:20Z,2026-09-13T15:00:00Z,2026-09-13T12:42:54Z,137.1,Sturm Graz,Lask Linz,+2,9,Handicap Result,0.73282443,0.15267176,0.11450382,0.67845395,0.16776316,0.15378289,-0.05437048,0.01509140,0.03927907,1.36,5.5,6.0,Marathonbet,1.28,5.4,5.75,OBSERVED_CLOSE_FROZEN,Exact same European Handicap home-line; latest stored pre-kickoff triplet
EH|1561927|+3,1561927,Austrian Bundesliga,218,2026-09-13T18:41:20Z,2026-09-13T15:00:00Z,2026-09-13T12:42:54Z,137.1,Sturm Graz,Lask Linz,+3,9,Handicap Result,0.87195961,0.07847637,0.04956402,0.82603784,0.10279582,0.07116634,-0.04592177,0.02431945,0.02160232,1.12,9.0,13.0,Marathonbet,,,,OBSERVED_CLOSE_FROZEN,Exact same European Handicap home-line; latest stored pre-kickoff triplet
EH|1558632|-3,1558632,Belgian Pro League,144,2026-09-13T18:41:20Z,2026-09-13T14:00:00Z,2026-09-13T12:42:54Z,77.1,Genk,Gent,-3,9,Handicap Result,0.04921292,0.08500414,0.86578293,0.05555556,0.08585859,0.85858586,0.00634264,0.00085445,-0.00719707,17.0,11.0,1.1,Marathonbet,,,,OBSERVED_CLOSE_FROZEN,Exact same European Handicap home-line; latest stored pre-kickoff triplet
EH|1558632|-2,1558632,Belgian Pro League,144,2026-09-13T18:41:20Z,2026-09-13T14:00:00Z,2026-09-13T12:42:54Z,77.1,Genk,Gent,-2,9,Handicap Result,0.11488251,0.16710183,0.71801567,0.13059361,0.16621005,0.70319635,0.01571110,-0.00089178,-0.01481932,7.0,5.5,1.3,Marathonbet,8.3,6.4,1.18,OBSERVED_CLOSE_FROZEN,Exact same European Handicap home-line; latest stored pre-kickoff triplet
EH|1558632|-1,1558632,Belgian Pro League,144,2026-09-13T18:41:20Z,2026-09-13T14:00:00Z,2026-09-13T12:42:54Z,77.1,Genk,Gent,-1,9,Handicap Result,0.26181818,0.22909091,0.50909091,0.26969273,0.22923882,0.50106845,0.00787455,0.00014791,-0.00802246,3.4,4.0,1.83,Marathonbet,3.84,3.96,1.68,OBSERVED_CLOSE_FROZEN,Exact same European Handicap home-line; latest stored pre-kickoff triplet
EH|1558632|+1,1558632,Belgian Pro League,144,2026-09-13T18:41:20Z,2026-09-13T14:00:00Z,2026-09-13T12:42:54Z,77.1,Genk,Gent,+1,9,Handicap Result,0.71486596,0.16896832,0.11616572,0.71801567,0.16710183,0.11488251,0.00314971,-0.00186649,-0.00128321,1.28,5.5,8.0,Marathonbet,1.28,5.3,7.5,OBSERVED_CLOSE_FROZEN,Exact same European Handicap home-line; latest stored pre-kickoff triplet
EH|1558632|+2,1558632,Belgian Pro League,144,2026-09-13T18:41:20Z,2026-09-13T14:00:00Z,2026-09-13T12:42:54Z,77.1,Genk,Gent,+2,9,Handicap Result,0.86578293,0.08500414,0.04921292,0.86985992,0.08540443,0.04473565,0.00407699,0.00040029,-0.00447727,1.08,11.0,21.0,Marathonbet,,,,OBSERVED_CLOSE_FROZEN,Exact same European Handicap home-line; latest stored pre-kickoff triplet
EH|1558633|-2,1558633,Belgian Pro League,144,2026-09-13T18:41:20Z,2026-09-13T16:30:00Z,2026-09-13T12:42:54Z,227.1,Zulte Waregem,Charleroi,-2,9,Handicap Result,0.08425753,0.12357770,0.79216477,0.07073716,0.12261107,0.80665177,-0.01352037,-0.00096663,0.01448700,13.0,7.5,1.14,Marathonbet,7.1,4.95,1.1,OBSERVED_CLOSE_FROZEN,Exact same European Handicap home-line; latest stored pre-kickoff triplet
EH|1558633|-1,1558633,Belgian Pro League,144,2026-09-13T18:41:20Z,2026-09-13T16:30:00Z,2026-09-13T12:42:54Z,227.1,Zulte Waregem,Charleroi,-1,9,Handicap Result,0.18367347,0.20408163,0.61224490,0.16981132,0.20754717,0.62264151,-0.01386215,0.00346554,0.01039661,5.5,4.5,1.5,Marathonbet,5.05,4.3,1.44,OBSERVED_CLOSE_FROZEN,Exact same European Handicap home-line; latest stored pre-kickoff triplet
EH|1558633|+1,1558633,Belgian Pro League,144,2026-09-13T18:41:20Z,2026-09-13T16:30:00Z,2026-09-13T12:42:54Z,227.1,Zulte Waregem,Charleroi,+1,9,Handicap Result,0.62189055,0.19900498,0.17910448,0.62264151,0.20754717,0.16981132,0.00075096,0.00854219,-0.00929316,1.5,4.5,5.5,Marathonbet,1.48,4.2,4.7,OBSERVED_CLOSE_FROZEN,Exact same European Handicap home-line; latest stored pre-kickoff triplet
EH|1558633|+2,1558633,Belgian Pro League,144,2026-09-13T18:41:20Z,2026-09-13T16:30:00Z,2026-09-13T12:42:54Z,227.1,Zulte Waregem,Charleroi,+2,9,Handicap Result,0.80256822,0.12520064,0.07223114,0.80665177,0.12261107,0.07073716,0.00408355,-0.00258957,-0.00149398,1.14,7.5,13.0,Marathonbet,1.12,4.9,6.55,OBSERVED_CLOSE_FROZEN,Exact same European Handicap home-line; latest stored pre-kickoff triplet
EH|1558633|+3,1558633,Belgian Pro League,144,2026-09-13T18:41:20Z,2026-09-13T16:30:00Z,2026-09-13T12:42:54Z,227.1,Zulte Waregem,Charleroi,+3,9,Handicap Result,0.91154500,0.05576511,0.03268989,0.91154500,0.05576511,0.03268989,0.00000000,-0.00000000,-0.00000000,1.04,17.0,29.0,Marathonbet,,,,OBSERVED_CLOSE_FROZEN,Exact same European Handicap home-line; latest stored pre-kickoff triplet
EH|1558634|-3,1558634,Belgian Pro League,144,2026-09-13T18:41:20Z,2026-09-13T17:15:00Z,2026-09-13T12:42:54Z,272.1,RAAL La Louvière,Kortrijk,-3,9,Handicap Result,0.03636993,0.06304122,0.90058885,0.03244862,0.06273400,0.90481737,-0.00392131,-0.00030722,0.00422852,29.0,15.0,1.04,Marathonbet,,,,OBSERVED_CLOSE_FROZEN,Exact same European Handicap home-line; latest stored pre-kickoff triplet
EH|1558634|-2,1558634,Belgian Pro League,144,2026-09-13T18:41:20Z,2026-09-13T17:15:00Z,2026-09-13T12:42:54Z,272.1,RAAL La Louvière,Kortrijk,-2,9,Handicap Result,0.08407980,0.13212541,0.78379479,0.07159091,0.13295455,0.79545455,-0.01248889,0.00082914,0.01165976,13.0,7.0,1.17,Marathonbet,6.7,4.8,1.12,OBSERVED_CLOSE_FROZEN,Exact same European Handicap home-line; latest stored pre-kickoff triplet
EH|1558634|-1,1558634,Belgian Pro League,144,2026-09-13T18:41:20Z,2026-09-13T17:15:00Z,2026-09-13T12:42:54Z,272.1,RAAL La Louvière,Kortrijk,-1,9,Handicap Result,0.20078558,0.20866861,0.59054581,0.18440970,0.21294423,0.60264608,-0.01637588,0.00427562,0.01210027,5.0,4.33,1.53,Marathonbet,4.7,4.15,1.54,OBSERVED_CLOSE_FROZEN,Exact same European Handicap home-line; latest stored pre-kickoff triplet
EH|1558634|+1,1558634,Belgian Pro League,144,2026-09-13T18:41:20Z,2026-09-13T17:15:00Z,2026-09-13T12:42:54Z,272.1,RAAL La Louvière,Kortrijk,+1,9,Handicap Result,0.65442021,0.19288175,0.15269805,0.64748201,0.20143885,0.15107914,-0.00693820,0.00855710,-0.00161891,1.4,4.5,6.0,Marathonbet,1.39,4.65,6.05,OBSERVED_CLOSE_FROZEN,Exact same European Handicap home-line; latest stored pre-kickoff triplet
EH|1558634|+2,1558634,Belgian Pro League,144,2026-09-13T18:41:20Z,2026-09-13T17:15:00Z,2026-09-13T12:42:54Z,272.1,RAAL La Louvière,Kortrijk,+2,9,Handicap Result,0.82889091,0.10921857,0.06189052,0.82889091,0.10921857,0.06189052,0.00000000,-0.00000000,0.00000000,1.12,8.5,15.0,Marathonbet,,,,OBSERVED_CLOSE_FROZEN,Exact same European Handicap home-line; latest stored pre-kickoff triplet
EH|1549020|-3,1549020,Danish Superliga,119,2026-09-13T18:41:20Z,2026-09-13T14:00:00Z,2026-09-13T12:42:54Z,77.1,Randers FC,Odense,-3,9,Handicap Result,0.04496089,0.07262913,0.88240998,0.04496089,0.07262913,0.88240998,-0.00000000,-0.00000000,0.00000000,21.0,13.0,1.07,Marathonbet,,,,OBSERVED_CLOSE_FROZEN,Exact same European Handicap home-line; latest stored pre-kickoff triplet
EH|1549020|-2,1549020,Danish Superliga,119,2026-09-13T18:41:20Z,2026-09-13T14:00:00Z,2026-09-13T12:42:54Z,77.1,Randers FC,Odense,-2,9,Handicap Result,0.10244155,0.14184214,0.75571632,0.10433387,0.14446228,0.75120385,0.00189232,0.00262014,-0.00451247,9.0,6.5,1.25,Marathonbet,6.75,5.85,1.22,OBSERVED_CLOSE_FROZEN,Exact same European Handicap home-line; latest stored pre-kickoff triplet
EH|1549020|-1,1549020,Danish Superliga,119,2026-09-13T18:41:20Z,2026-09-13T14:00:00Z,2026-09-13T12:42:54Z,77.1,Randers FC,Odense,-1,9,Handicap Result,0.23153523,0.21388936,0.55457541,0.24321670,0.21063802,0.54614528,0.01168147,-0.00325134,-0.00843013,3.75,4.33,1.67,Marathonbet,3.5,3.94,1.69,OBSERVED_CLOSE_FROZEN,Exact same European Handicap home-line; latest stored pre-kickoff triplet
EH|1549020|+1,1549020,Danish Superliga,119,2026-09-13T18:41:20Z,2026-09-13T14:00:00Z,2026-09-13T12:42:54Z,77.1,Randers FC,Odense,+1,9,Handicap Result,0.69135564,0.16718236,0.14146200,0.69841270,0.16888889,0.13269841,0.00705706,0.00170653,-0.00876359,1.33,5.5,7.0,Marathonbet,1.33,4.9,5.9,OBSERVED_CLOSE_FROZEN,Exact same European Handicap home-line; latest stored pre-kickoff triplet
EH|1549020|+2,1549020,Danish Superliga,119,2026-09-13T18:41:20Z,2026-09-13T14:00:00Z,2026-09-13T12:42:54Z,77.1,Randers FC,Odense,+2,9,Handicap Result,0.83518931,0.10300668,0.06180401,0.85127692,0.09364046,0.05508262,0.01608761,-0.00936622,-0.00672139,1.1,10.0,17.0,Marathonbet,1.11,5.1,6.65,OBSERVED_CLOSE_FROZEN,Exact same European Handicap home-line; latest stored pre-kickoff triplet
EH|1549019|-3,1549019,Danish Superliga,119,2026-09-13T18:41:20Z,2026-09-13T16:00:00Z,2026-09-13T12:42:54Z,197.1,FC Nordsjaelland,Aarhus,-3,9,Handicap Result,0.07221284,0.10430743,0.82347973,0.07116634,0.10279582,0.82603784,-0.00104650,-0.00151161,0.00255811,13.0,9.0,1.12,Marathonbet,6.5,5.35,1.1,OBSERVED_CLOSE_FROZEN,Exact same European Handicap home-line; latest stored pre-kickoff triplet
EH|1549019|-2,1549019,Danish Superliga,119,2026-09-13T18:41:20Z,2026-09-13T16:00:00Z,2026-09-13T12:42:54Z,197.1,FC Nordsjaelland,Aarhus,-2,9,Handicap Result,0.16545012,0.16545012,0.66909976,0.15146495,0.16523450,0.68330055,-0.01398517,-0.00021562,0.01420079,6.0,5.5,1.33,Marathonbet,5.3,5.35,1.33,OBSERVED_CLOSE_FROZEN,Exact same European Handicap home-line; latest stored pre-kickoff triplet
EH|1549019|-1,1549019,Danish Superliga,119,2026-09-13T18:41:20Z,2026-09-13T16:00:00Z,2026-09-13T12:42:54Z,197.1,FC Nordsjaelland,Aarhus,-1,9,Handicap Result,0.30641749,0.21229849,0.48128402,0.30114308,0.22585731,0.47299961,-0.00527441,0.01355882,-0.00828441,3.0,4.0,1.91,Marathonbet,2.88,3.84,1.94,OBSERVED_CLOSE_FROZEN,Exact same European Handicap home-line; latest stored pre-kickoff triplet
EH|1549019|+1,1549019,Danish Superliga,119,2026-09-13T18:41:20Z,2026-09-13T16:00:00Z,2026-09-13T12:42:54Z,197.1,FC Nordsjaelland,Aarhus,+1,9,Handicap Result,0.73282443,0.15267176,0.11450382,0.73282443,0.15267176,0.11450382,-0.00000000,-0.00000000,-0.00000000,1.25,6.0,8.0,Marathonbet,1.23,5.85,7.5,OBSERVED_CLOSE_FROZEN,Exact same European Handicap home-line; latest stored pre-kickoff triplet
EH|1549019|+2,1549019,Danish Superliga,119,2026-09-13T18:41:20Z,2026-09-13T16:00:00Z,2026-09-13T12:42:54Z,197.1,FC Nordsjaelland,Aarhus,+2,9,Handicap Result,0.87195961,0.07847637,0.04956402,0.86578293,0.08500414,0.04921292,-0.00617668,0.00652777,-0.00035110,1.08,11.0,19.0,Marathonbet,,,,OBSERVED_CLOSE_FROZEN,Exact same European Handicap home-line; latest stored pre-kickoff triplet
EH|1547631|-2,1547631,A Lyga,362,2026-09-13T18:41:20Z,2026-09-13T14:00:00Z,2026-09-13T12:42:54Z,77.1,Šiauliai,Hegelmann Litauen,-2,9,Handicap Result,0.07159091,0.13295455,0.79545455,0.07073716,0.12261107,0.80665177,-0.00085375,-0.01034348,0.01119722,13.0,7.5,1.14,Marathonbet,6.65,4.75,1.11,OBSERVED_CLOSE_FROZEN,Exact same European Handicap home-line; latest stored pre-kickoff triplet
EH|1547631|-1,1547631,A Lyga,362,2026-09-13T18:41:20Z,2026-09-13T14:00:00Z,2026-09-13T12:42:54Z,77.1,Šiauliai,Hegelmann Litauen,-1,9,Handicap Result,0.18221349,0.21040819,0.60737831,0.16551724,0.20229885,0.63218391,-0.01669625,-0.00810934,0.02480560,5.5,4.5,1.44,Marathonbet,4.95,4.25,1.39,OBSERVED_CLOSE_FROZEN,Exact same European Handicap home-line; latest stored pre-kickoff triplet
EH|1547631|+1,1547631,A Lyga,362,2026-09-13T18:41:20Z,2026-09-13T14:00:00Z,2026-09-13T12:42:54Z,77.1,Šiauliai,Hegelmann Litauen,+1,9,Handicap Result,0.60737831,0.21040819,0.18221349,0.60737831,0.21040819,0.18221349,0.00000000,0.00000000,0.00000000,1.5,4.33,5.0,Marathonbet,1.44,4.1,4.6,OBSERVED_CLOSE_FROZEN,Exact same European Handicap home-line; latest stored pre-kickoff triplet
EH|1547631|+2,1547631,A Lyga,362,2026-09-13T18:41:20Z,2026-09-13T14:00:00Z,2026-09-13T12:42:54Z,77.1,Šiauliai,Hegelmann Litauen,+2,9,Handicap Result,0.78523353,0.13124618,0.08352029,0.78379479,0.13212541,0.08407980,-0.00143874,0.00087923,0.00055951,1.18,7.0,11.0,Marathonbet,1.13,6.7,9.2,OBSERVED_CLOSE_FROZEN,Exact same European Handicap home-line; latest stored pre-kickoff triplet
EH|1547631|+3,1547631,A Lyga,362,2026-09-13T18:41:20Z,2026-09-13T14:00:00Z,2026-09-13T12:42:54Z,77.1,Šiauliai,Hegelmann Litauen,+3,9,Handicap Result,0.90058885,0.06304122,0.03636993,0.89633671,0.06274357,0.04091972,-0.00425214,-0.00029765,0.00454979,1.05,15.0,23.0,Marathonbet,,,,OBSERVED_CLOSE_FROZEN,Exact same European Handicap home-line; latest stored pre-kickoff triplet
EH|1547630|-3,1547630,A Lyga,362,2026-09-13T18:41:20Z,2026-09-13T15:45:00Z,2026-09-13T12:42:54Z,182.1,Suduva Marijampole,FK Zalgiris Vilnius,-3,9,Handicap Result,0.03636993,0.06304122,0.90058885,0.03636993,0.06304122,0.90058885,0.00000000,-0.00000000,-0.00000000,26.0,15.0,1.05,Marathonbet,,,,OBSERVED_CLOSE_FROZEN,Exact same European Handicap home-line; latest stored pre-kickoff triplet
EH|1547630|-2,1547630,A Lyga,362,2026-09-13T18:41:20Z,2026-09-13T15:45:00Z,2026-09-13T12:42:54Z,182.1,Suduva Marijampole,FK Zalgiris Vilnius,-2,9,Handicap Result,0.07073716,0.12261107,0.80665177,0.08352029,0.13124618,0.78523353,0.01278313,0.00863511,-0.02141824,11.0,7.0,1.17,Marathonbet,6.8,4.8,1.1,OBSERVED_CLOSE_FROZEN,Exact same European Handicap home-line; latest stored pre-kickoff triplet
EH|1547630|-1,1547630,A Lyga,362,2026-09-13T18:41:20Z,2026-09-13T15:45:00Z,2026-09-13T12:42:54Z,182.1,Suduva Marijampole,FK Zalgiris Vilnius,-1,9,Handicap Result,0.16421299,0.20858463,0.62720239,0.18221349,0.21040819,0.60737831,0.01800050,0.00182356,-0.01982408,5.0,4.33,1.5,Marathonbet,5.1,4.25,1.43,OBSERVED_CLOSE_FROZEN,Exact same European Handicap home-line; latest stored pre-kickoff triplet
EH|1547630|+1,1547630,A Lyga,362,2026-09-13T18:41:20Z,2026-09-13T15:45:00Z,2026-09-13T12:42:54Z,182.1,Suduva Marijampole,FK Zalgiris Vilnius,+1,9,Handicap Result,0.60264608,0.21294423,0.18440970,0.61760892,0.21395228,0.16843880,0.01496284,0.00100805,-0.01597090,1.5,4.33,5.5,Marathonbet,1.39,4.33,5.4,OBSERVED_CLOSE_FROZEN,Exact same European Handicap home-line; latest stored pre-kickoff triplet
EH|1547630|+2,1547630,A Lyga,362,2026-09-13T18:41:20Z,2026-09-13T15:45:00Z,2026-09-13T12:42:54Z,182.1,Suduva Marijampole,FK Zalgiris Vilnius,+2,9,Handicap Result,0.78523353,0.13124618,0.08352029,0.80665177,0.12261107,0.07073716,0.02141824,-0.00863511,-0.01278313,1.14,7.5,13.0,Marathonbet,1.1,4.8,6.6,OBSERVED_CLOSE_FROZEN,Exact same European Handicap home-line; latest stored pre-kickoff triplet
EH|1547630|+3,1547630,A Lyga,362,2026-09-13T18:41:20Z,2026-09-13T15:45:00Z,2026-09-13T12:42:54Z,182.1,Suduva Marijampole,FK Zalgiris Vilnius,+3,9,Handicap Result,0.90058885,0.06304122,0.03636993,0.90144231,0.06250000,0.03605769,0.00085346,-0.00054122,-0.00031224,1.04,15.0,26.0,Marathonbet,,,,OBSERVED_CLOSE_FROZEN,Exact same European Handicap home-line; latest stored pre-kickoff triplet
EH|1552170|-2,1552170,Eredivisie,88,2026-09-13T18:41:20Z,2026-09-13T14:45:00Z,2026-09-13T12:42:54Z,122.1,PEC Zwolle,Feyenoord,-2,9,Handicap Result,0.03268989,0.05576511,0.91154500,0.03268989,0.05576511,0.91154500,-0.00000000,-0.00000000,0.00000000,29.0,17.0,1.04,Marathonbet,,,,OBSERVED_CLOSE_FROZEN,Exact same European Handicap home-line; latest stored pre-kickoff triplet
EH|1552170|-1,1552170,Eredivisie,88,2026-09-13T18:41:20Z,2026-09-13T14:45:00Z,2026-09-13T12:42:54Z,122.1,PEC Zwolle,Feyenoord,-1,9,Handicap Result,0.07128341,0.11583555,0.81288104,0.07128341,0.11583555,0.81288104,0.00000000,-0.00000000,-0.00000000,13.0,8.0,1.14,Marathonbet,7.2,4.9,1.1,OBSERVED_CLOSE_FROZEN,Exact same European Handicap home-line; latest stored pre-kickoff triplet
EH|1552170|+1,1552170,Eredivisie,88,2026-09-13T18:41:20Z,2026-09-13T14:45:00Z,2026-09-13T12:42:54Z,122.1,PEC Zwolle,Feyenoord,+1,9,Handicap Result,0.34451645,0.22565827,0.42982528,0.30641749,0.21229849,0.48128402,-0.03809896,-0.01335978,0.05145874,3.0,4.33,1.91,Marathonbet,2.69,3.74,2.08,OBSERVED_CLOSE_FROZEN,Exact same European Handicap home-line; latest stored pre-kickoff triplet
EH|1552170|+2,1552170,Eredivisie,88,2026-09-13T18:41:20Z,2026-09-13T14:45:00Z,2026-09-13T12:42:54Z,122.1,PEC Zwolle,Feyenoord,+2,9,Handicap Result,0.54683003,0.19225393,0.26091604,0.55651019,0.19565727,0.24783254,0.00968016,0.00340334,-0.01308350,1.67,4.75,3.75,Marathonbet,1.7,4.4,3.28,OBSERVED_CLOSE_FROZEN,Exact same European Handicap home-line; latest stored pre-kickoff triplet
EH|1552170|+3,1552170,Eredivisie,88,2026-09-13T18:41:20Z,2026-09-13T14:45:00Z,2026-09-13T12:42:54Z,122.1,PEC Zwolle,Feyenoord,+3,9,Handicap Result,0.72475311,0.14272061,0.13252628,0.72945892,0.14028056,0.13026052,0.00470581,-0.00244005,-0.00226576,1.25,6.5,7.0,Marathonbet,1.25,5.95,5.95,OBSERVED_CLOSE_FROZEN,Exact same European Handicap home-line; latest stored pre-kickoff triplet
EH|1552169|-4,1552169,Eredivisie,88,2026-09-13T18:41:20Z,2026-09-13T18:00:00Z,2026-09-13T12:42:54Z,317.1,PSV Eindhoven,Sparta Rotterdam,-4,9,Handicap Result,0.16718236,0.14146200,0.69135564,0.16718236,0.14146200,0.69135564,0.00000000,-0.00000000,-0.00000000,5.5,6.5,1.33,Marathonbet,4.9,6.05,1.32,OBSERVED_CLOSE_FROZEN,Exact same European Handicap home-line; latest stored pre-kickoff triplet
EH|1552169|-3,1552169,Eredivisie,88,2026-09-13T18:41:20Z,2026-09-13T18:00:00Z,2026-09-13T12:42:54Z,317.1,PSV Eindhoven,Sparta Rotterdam,-3,9,Handicap Result,0.28339749,0.18420837,0.53239414,0.28339749,0.18420837,0.53239414,0.00000000,0.00000000,-0.00000000,3.25,5.0,1.73,Marathonbet,2.88,4.8,1.75,OBSERVED_CLOSE_FROZEN,Exact same European Handicap home-line; latest stored pre-kickoff triplet
EH|1552169|-2,1552169,Eredivisie,88,2026-09-13T18:41:20Z,2026-09-13T18:00:00Z,2026-09-13T12:42:54Z,317.1,PSV Eindhoven,Sparta Rotterdam,-2,9,Handicap Result,0.45293892,0.20130619,0.34575490,0.45293892,0.20130619,0.34575490,-0.00000000,-0.00000000,-0.00000000,2.0,4.5,2.62,Marathonbet,1.9,4.5,2.64,OBSERVED_CLOSE_FROZEN,Exact same European Handicap home-line; latest stored pre-kickoff triplet
EH|1552169|-1,1552169,Eredivisie,88,2026-09-13T18:41:20Z,2026-09-13T18:00:00Z,2026-09-13T12:42:54Z,317.1,PSV Eindhoven,Sparta Rotterdam,-1,9,Handicap Result,0.63218391,0.16551724,0.20229885,0.63218391,0.16551724,0.20229885,-0.00000000,0.00000000,0.00000000,1.44,5.5,4.5,Marathonbet,1.39,5.0,5.2,OBSERVED_CLOSE_FROZEN,Exact same European Handicap home-line; latest stored pre-kickoff triplet
EH|1552169|+1,1552169,Eredivisie,88,2026-09-13T18:41:20Z,2026-09-13T18:00:00Z,2026-09-13T12:42:54Z,317.1,PSV Eindhoven,Sparta Rotterdam,+1,9,Handicap Result,0.90058885,0.06304122,0.03636993,0.90058885,0.06304122,0.03636993,-0.00000000,-0.00000000,0.00000000,1.05,15.0,26.0,Marathonbet,,,,OBSERVED_CLOSE_FROZEN,Exact same European Handicap home-line; latest stored pre-kickoff triplet
EH|1494762|-2,1494762,Eliteserien,103,2026-09-13T18:41:20Z,2026-09-13T15:00:00Z,2026-09-13T12:42:54Z,137.1,Start,Brann,-2,9,Handicap Result,0.05508262,0.09364046,0.85127692,0.05508262,0.09364046,0.85127692,0.00000000,0.00000000,-0.00000000,17.0,10.0,1.1,Marathonbet,,,,OBSERVED_CLOSE_FROZEN,Exact same European Handicap home-line; latest stored pre-kickoff triplet
EH|1494762|-1,1494762,Eliteserien,103,2026-09-13T18:41:20Z,2026-09-13T15:00:00Z,2026-09-13T12:42:54Z,137.1,Start,Brann,-1,9,Handicap Result,0.13269841,0.16888889,0.69841270,0.13269841,0.16888889,0.69841270,0.00000000,-0.00000000,-0.00000000,7.0,5.5,1.33,Marathonbet,6.3,5.05,1.32,OBSERVED_CLOSE_FROZEN,Exact same European Handicap home-line; latest stored pre-kickoff triplet
EH|1494762|+1,1494762,Eliteserien,103,2026-09-13T18:41:20Z,2026-09-13T15:00:00Z,2026-09-13T12:42:54Z,137.1,Start,Brann,+1,9,Handicap Result,0.51813737,0.21539198,0.26647065,0.51813737,0.21539198,0.26647065,0.00000000,-0.00000000,-0.00000000,1.8,4.33,3.5,Marathonbet,1.75,3.84,3.42,OBSERVED_CLOSE_FROZEN,Exact same European Handicap home-line; latest stored pre-kickoff triplet
EH|1494762|+2,1494762,Eliteserien,103,2026-09-13T18:41:20Z,2026-09-13T15:00:00Z,2026-09-13T12:42:54Z,137.1,Start,Brann,+2,9,Handicap Result,0.71623465,0.15279673,0.13096862,0.71623465,0.15279673,0.13096862,0.00000000,-0.00000000,0.00000000,1.28,6.0,7.0,Marathonbet,1.23,5.85,6.8,OBSERVED_CLOSE_FROZEN,Exact same European Handicap home-line; latest stored pre-kickoff triplet
EH|1494762|+3,1494762,Eliteserien,103,2026-09-13T18:41:20Z,2026-09-13T15:00:00Z,2026-09-13T12:42:54Z,137.1,Start,Brann,+3,9,Handicap Result,0.85858586,0.08585859,0.05555556,0.85858586,0.08585859,0.05555556,-0.00000000,-0.00000000,-0.00000000,1.1,11.0,17.0,Marathonbet,,,,OBSERVED_CLOSE_FROZEN,Exact same European Handicap home-line; latest stored pre-kickoff triplet
EH|1494759|-3,1494759,Eliteserien,103,2026-09-13T18:41:20Z,2026-09-13T15:00:00Z,2026-09-13T12:42:54Z,137.1,KFUM Oslo,Aalesund,-3,9,Handicap Result,0.04126869,0.06327865,0.89545266,0.04458970,0.07202951,0.88338079,0.00332101,0.00875086,-0.01207187,21.0,13.0,1.06,Marathonbet,,,,OBSERVED_CLOSE_FROZEN,Exact same European Handicap home-line; latest stored pre-kickoff triplet
EH|1494759|-2,1494759,Eliteserien,103,2026-09-13T18:41:20Z,2026-09-13T15:00:00Z,2026-09-13T12:42:54Z,137.1,KFUM Oslo,Aalesund,-2,9,Handicap Result,0.09292035,0.13274336,0.77433628,0.09292035,0.13274336,0.77433628,0.00000000,0.00000000,0.00000000,10.0,7.0,1.2,Marathonbet,8.3,6.65,1.15,OBSERVED_CLOSE_FROZEN,Exact same European Handicap home-line; latest stored pre-kickoff triplet
EH|1494759|-1,1494759,Eliteserien,103,2026-09-13T18:41:20Z,2026-09-13T15:00:00Z,2026-09-13T12:42:54Z,137.1,KFUM Oslo,Aalesund,-1,9,Handicap Result,0.20866861,0.20078558,0.59054581,0.20866861,0.20078558,0.59054581,0.00000000,-0.00000000,0.00000000,4.33,4.5,1.53,Marathonbet,4.2,4.25,1.53,OBSERVED_CLOSE_FROZEN,Exact same European Handicap home-line; latest stored pre-kickoff triplet
EH|1494759|+1,1494759,Eliteserien,103,2026-09-13T18:41:20Z,2026-09-13T15:00:00Z,2026-09-13T12:42:54Z,137.1,KFUM Oslo,Aalesund,+1,9,Handicap Result,0.62847314,0.19052659,0.18100026,0.62847314,0.19052659,0.18100026,0.00000000,0.00000000,0.00000000,1.44,4.75,5.0,Marathonbet,1.47,4.4,4.55,OBSERVED_CLOSE_FROZEN,Exact same European Handicap home-line; latest stored pre-kickoff triplet
EH|1494759|+2,1494759,Eliteserien,103,2026-09-13T18:41:20Z,2026-09-13T15:00:00Z,2026-09-13T12:42:54Z,137.1,KFUM Oslo,Aalesund,+2,9,Handicap Result,0.79216477,0.12357770,0.08425753,0.79833076,0.11675587,0.08491336,0.00616599,-0.00682183,0.00065583,1.17,8.0,11.0,Marathonbet,1.13,7.0,8.9,OBSERVED_CLOSE_FROZEN,Exact same European Handicap home-line; latest stored pre-kickoff triplet
EH|1494758|-2,1494758,Eliteserien,103,2026-09-13T18:41:20Z,2026-09-13T15:00:00Z,2026-09-13T12:42:54Z,137.1,Ham-Kam,Molde,-2,9,Handicap Result,0.04496089,0.07262913,0.88240998,0.04087080,0.07230988,0.88681931,-0.00409009,-0.00031925,0.00440933,23.0,13.0,1.06,Marathonbet,,,,OBSERVED_CLOSE_FROZEN,Exact same European Handicap home-line; latest stored pre-kickoff triplet
EH|1494758|-1,1494758,Eliteserien,103,2026-09-13T18:41:20Z,2026-09-13T15:00:00Z,2026-09-13T12:42:54Z,137.1,Ham-Kam,Molde,-1,9,Handicap Result,0.10244155,0.14184214,0.75571632,0.09292035,0.13274336,0.77433628,-0.00952120,-0.00909878,0.01861996,10.0,7.0,1.2,Marathonbet,8.3,6.2,1.18,OBSERVED_CLOSE_FROZEN,Exact same European Handicap home-line; latest stored pre-kickoff triplet
EH|1494758|+1,1494758,Eliteserien,103,2026-09-13T18:41:20Z,2026-09-13T15:00:00Z,2026-09-13T12:42:54Z,137.1,Ham-Kam,Molde,+1,9,Handicap Result,0.42982528,0.22565827,0.34451645,0.41846350,0.23015493,0.35138157,-0.01136178,0.00449666,0.00686512,2.2,4.0,2.62,Marathonbet,2.21,3.74,2.46,OBSERVED_CLOSE_FROZEN,Exact same European Handicap home-line; latest stored pre-kickoff triplet
EH|1494758|+2,1494758,Eliteserien,103,2026-09-13T18:41:20Z,2026-09-13T15:00:00Z,2026-09-13T12:42:54Z,137.1,Ham-Kam,Molde,+2,9,Handicap Result,0.63451777,0.18274112,0.18274112,0.62189055,0.17910448,0.19900498,-0.01262722,-0.00363664,0.01626386,1.44,5.0,4.5,Marathonbet,1.44,4.75,4.33,OBSERVED_CLOSE_FROZEN,Exact same European Handicap home-line; latest stored pre-kickoff triplet
EH|1494758|+3,1494758,Eliteserien,103,2026-09-13T18:41:20Z,2026-09-13T15:00:00Z,2026-09-13T12:42:54Z,137.1,Ham-Kam,Molde,+3,9,Handicap Result,0.79833076,0.11675587,0.08491336,0.78410873,0.12336644,0.09252483,-0.01422203,0.00661057,0.00761147,1.18,7.5,10.0,Marathonbet,1.14,7.1,8.1,OBSERVED_CLOSE_FROZEN,Exact same European Handicap home-line; latest stored pre-kickoff triplet
EH|1494757|-3,1494757,Eliteserien,103,2026-09-13T18:41:20Z,2026-09-13T17:15:00Z,2026-09-13T12:42:54Z,272.1,Fredrikstad,Sarpsborg 08 FF,-3,9,Handicap Result,0.03636993,0.06304122,0.90058885,0.04091972,0.06274357,0.89633671,0.00454979,-0.00029765,-0.00425214,23.0,15.0,1.05,Marathonbet,,,,OBSERVED_CLOSE_FROZEN,Exact same European Handicap home-line; latest stored pre-kickoff triplet
EH|1494757|-2,1494757,Eliteserien,103,2026-09-13T18:41:20Z,2026-09-13T17:15:00Z,2026-09-13T12:42:54Z,272.1,Fredrikstad,Sarpsborg 08 FF,-2,9,Handicap Result,0.08407980,0.13212541,0.78379479,0.08407980,0.13212541,0.78379479,0.00000000,-0.00000000,-0.00000000,11.0,7.0,1.18,Marathonbet,6.55,4.9,1.12,OBSERVED_CLOSE_FROZEN,Exact same European Handicap home-line; latest stored pre-kickoff triplet
EH|1494757|-1,1494757,Eliteserien,103,2026-09-13T18:41:20Z,2026-09-13T17:15:00Z,2026-09-13T12:42:54Z,272.1,Fredrikstad,Sarpsborg 08 FF,-1,9,Handicap Result,0.20078558,0.20866861,0.59054581,0.20385269,0.21185615,0.58429116,0.00306711,0.00318754,-0.00625465,4.5,4.33,1.57,Marathonbet,4.7,4.3,1.52,OBSERVED_CLOSE_FROZEN,Exact same European Handicap home-line; latest stored pre-kickoff triplet
EH|1494757|+1,1494757,Eliteserien,103,2026-09-13T18:41:20Z,2026-09-13T17:15:00Z,2026-09-13T12:42:54Z,272.1,Fredrikstad,Sarpsborg 08 FF,+1,9,Handicap Result,0.63898740,0.19371408,0.16729852,0.63898740,0.19371408,0.16729852,0.00000000,-0.00000000,0.00000000,1.44,4.75,5.5,Marathonbet,1.44,4.55,5.3,OBSERVED_CLOSE_FROZEN,Exact same European Handicap home-line; latest stored pre-kickoff triplet
EH|1494757|+2,1494757,Eliteserien,103,2026-09-13T18:41:20Z,2026-09-13T17:15:00Z,2026-09-13T12:42:54Z,272.1,Fredrikstad,Sarpsborg 08 FF,+2,9,Handicap Result,0.81288104,0.11583555,0.07128341,0.81288104,0.11583555,0.07128341,-0.00000000,-0.00000000,0.00000000,1.14,8.0,13.0,Marathonbet,1.1,5.15,6.75,OBSERVED_CLOSE_FROZEN,Exact same European Handicap home-line; latest stored pre-kickoff triplet
EH|1553166|-3,1553166,Ekstraklasa,106,2026-09-13T18:41:20Z,2026-09-13T12:45:00Z,2026-09-13T12:42:54Z,2.1,Pogon Szczecin,Wieczysta Kraków,-3,9,Handicap Result,0.05468606,0.08451482,0.86079912,0.04905311,0.07169301,0.87925388,-0.00563295,-0.01282181,0.01845476,19.0,13.0,1.06,Marathonbet,,,,OBSERVED_CLOSE_FROZEN,Exact same European Handicap home-line; latest stored pre-kickoff triplet
EH|1553166|-2,1553166,Ekstraklasa,106,2026-09-13T18:41:20Z,2026-09-13T12:45:00Z,2026-09-13T12:42:54Z,2.1,Pogon Szczecin,Wieczysta Kraków,-2,9,Handicap Result,0.12331407,0.15414258,0.72254335,0.11378964,0.14004879,0.74616157,-0.00952443,-0.01409379,0.02361822,8.0,6.5,1.22,Marathonbet,6.8,5.9,1.22,OBSERVED_CLOSE_FROZEN,Exact same European Handicap home-line; latest stored pre-kickoff triplet
EH|1553166|-1,1553166,Ekstraklasa,106,2026-09-13T18:41:20Z,2026-09-13T12:45:00Z,2026-09-13T12:42:54Z,2.1,Pogon Szczecin,Wieczysta Kraków,-1,9,Handicap Result,0.26181818,0.22909091,0.50909091,0.26181818,0.22909091,0.50909091,0.00000000,-0.00000000,-0.00000000,3.5,4.0,1.8,Marathonbet,3.54,3.96,1.67,OBSERVED_CLOSE_FROZEN,Exact same European Handicap home-line; latest stored pre-kickoff triplet
EH|1553166|+1,1553166,Ekstraklasa,106,2026-09-13T18:41:20Z,2026-09-13T12:45:00Z,2026-09-13T12:42:54Z,2.1,Pogon Szczecin,Wieczysta Kraków,+1,9,Handicap Result,0.71255830,0.16583175,0.12160995,0.67845395,0.16776316,0.15378289,-0.03410435,0.00193141,0.03217294,1.36,5.5,6.0,Marathonbet,1.32,4.9,5.8,OBSERVED_CLOSE_FROZEN,Exact same European Handicap home-line; latest stored pre-kickoff triplet
EH|1553166|+2,1553166,Ekstraklasa,106,2026-09-13T18:41:20Z,2026-09-13T12:45:00Z,2026-09-13T12:42:54Z,2.1,Pogon Szczecin,Wieczysta Kraków,+2,9,Handicap Result,0.86578293,0.08500414,0.04921292,0.82732287,0.10203649,0.07064064,-0.03846006,0.01703235,0.02142772,1.11,9.0,13.0,Marathonbet,,,,OBSERVED_CLOSE_FROZEN,Exact same European Handicap home-line; latest stored pre-kickoff triplet
EH|1553165|-3,1553165,Ekstraklasa,106,2026-09-13T18:41:20Z,2026-09-13T15:30:00Z,2026-09-13T12:42:54Z,167.1,Legia Warszawa,Widzew Łódź,-3,9,Handicap Result,0.06167011,0.09737386,0.84095603,0.06167011,0.09737386,0.84095603,-0.00000000,-0.00000000,0.00000000,15.0,9.5,1.1,Marathonbet,,,,OBSERVED_CLOSE_FROZEN,Exact same European Handicap home-line; latest stored pre-kickoff triplet
EH|1553165|-2,1553165,Ekstraklasa,106,2026-09-13T18:41:20Z,2026-09-13T15:30:00Z,2026-09-13T12:42:54Z,167.1,Legia Warszawa,Widzew Łódź,-2,9,Handicap Result,0.14125467,0.18363108,0.67511425,0.14125467,0.18363108,0.67511425,0.00000000,-0.00000000,0.00000000,6.5,5.0,1.36,Marathonbet,6.35,5.2,1.27,OBSERVED_CLOSE_FROZEN,Exact same European Handicap home-line; latest stored pre-kickoff triplet
EH|1553165|-1,1553165,Ekstraklasa,106,2026-09-13T18:41:20Z,2026-09-13T15:30:00Z,2026-09-13T12:42:54Z,167.1,Legia Warszawa,Widzew Łódź,-1,9,Handicap Result,0.29950326,0.24758936,0.45290737,0.29950326,0.24758936,0.45290737,0.00000000,0.00000000,0.00000000,3.1,3.75,2.05,Marathonbet,3.18,3.4,1.89,OBSERVED_CLOSE_FROZEN,Exact same European Handicap home-line; latest stored pre-kickoff triplet
EH|1553165|+1,1553165,Ekstraklasa,106,2026-09-13T18:41:20Z,2026-09-13T15:30:00Z,2026-09-13T12:42:54Z,167.1,Legia Warszawa,Widzew Łódź,+1,9,Handicap Result,0.75757576,0.15151515,0.09090909,0.75757576,0.15151515,0.09090909,-0.00000000,0.00000000,0.00000000,1.2,6.0,10.0,Marathonbet,1.19,5.55,8.8,OBSERVED_CLOSE_FROZEN,Exact same European Handicap home-line; latest stored pre-kickoff triplet
EH|1553165|+2,1553165,Ekstraklasa,106,2026-09-13T18:41:20Z,2026-09-13T15:30:00Z,2026-09-13T12:42:54Z,167.1,Legia Warszawa,Widzew Łódź,+2,9,Handicap Result,0.90144231,0.06250000,0.03605769,0.90144231,0.06250000,0.03605769,-0.00000000,0.00000000,0.00000000,1.04,15.0,26.0,Marathonbet,,,,OBSERVED_CLOSE_FROZEN,Exact same European Handicap home-line; latest stored pre-kickoff triplet
EH|1575493|-4,1575493,Primeira Liga,94,2026-09-13T18:41:20Z,2026-09-13T17:00:00Z,2026-09-13T12:42:54Z,257.1,Benfica,GIL Vicente,-4,9,Handicap Result,0.11586453,0.14260250,0.74153298,0.14128035,0.14128035,0.71743929,0.02541582,-0.00132215,-0.02409369,6.5,6.5,1.28,Marathonbet,6.0,6.05,1.24,OBSERVED_CLOSE_FROZEN,Exact same European Handicap home-line; latest stored pre-kickoff triplet
EH|1575493|-3,1575493,Primeira Liga,94,2026-09-13T18:41:20Z,2026-09-13T17:00:00Z,2026-09-13T12:42:54Z,257.1,Benfica,GIL Vicente,-3,9,Handicap Result,0.24364759,0.19235336,0.56399905,0.26309564,0.20462994,0.53227442,0.01944805,0.01227658,-0.03172463,3.5,4.5,1.73,Marathonbet,3.34,4.4,1.64,OBSERVED_CLOSE_FROZEN,Exact same European Handicap home-line; latest stored pre-kickoff triplet
EH|1575493|-2,1575493,Primeira Liga,94,2026-09-13T18:41:20Z,2026-09-13T17:00:00Z,2026-09-13T12:42:54Z,257.1,Benfica,GIL Vicente,-2,9,Handicap Result,0.41846350,0.23015493,0.35138157,0.44897959,0.22448980,0.32653061,0.03051609,-0.00566513,-0.02485096,2.0,4.0,2.75,Marathonbet,2.05,3.84,2.57,OBSERVED_CLOSE_FROZEN,Exact same European Handicap home-line; latest stored pre-kickoff triplet
EH|1575493|-1,1575493,Primeira Liga,94,2026-09-13T18:41:20Z,2026-09-13T17:00:00Z,2026-09-13T12:42:54Z,257.1,Benfica,GIL Vicente,-1,9,Handicap Result,0.62720239,0.20858463,0.16421299,0.65442021,0.19288175,0.15269805,0.02721782,-0.01570288,-0.01151494,1.4,4.75,6.0,Marathonbet,1.41,4.25,5.65,OBSERVED_CLOSE_FROZEN,Exact same European Handicap home-line; latest stored pre-kickoff triplet
EH|1575493|+1,1575493,Primeira Liga,94,2026-09-13T18:41:20Z,2026-09-13T17:00:00Z,2026-09-13T12:42:54Z,257.1,Benfica,GIL Vicente,+1,9,Handicap Result,0.93582888,0.04545455,0.01871658,0.93582888,0.04545455,0.01871658,-0.00000000,-0.00000000,-0.00000000,1.02,21.0,51.0,Marathonbet,,,,OBSERVED_CLOSE_FROZEN,Exact same European Handicap home-line; latest stored pre-kickoff triplet
EH|1575492|-3,1575492,Primeira Liga,94,2026-09-13T18:41:20Z,2026-09-13T17:00:00Z,2026-09-13T12:42:54Z,257.1,Arouca,Santa Clara,-3,9,Handicap Result,0.02327545,0.05022598,0.92649857,0.02777029,0.05554058,0.91668913,0.00449484,0.00531460,-0.00980944,34.0,17.0,1.03,Marathonbet,,,,OBSERVED_CLOSE_FROZEN,Exact same European Handicap home-line; latest stored pre-kickoff triplet
EH|1575492|-2,1575492,Primeira Liga,94,2026-09-13T18:41:20Z,2026-09-13T17:00:00Z,2026-09-13T12:42:54Z,257.1,Arouca,Santa Clara,-2,9,Handicap Result,0.06147091,0.11525796,0.82327113,0.06188925,0.12377850,0.81433225,0.00041834,0.00852054,-0.00893888,15.0,7.5,1.14,Marathonbet,,,,OBSERVED_CLOSE_FROZEN,Exact same European Handicap home-line; latest stored pre-kickoff triplet
EH|1575492|-1,1575492,Primeira Liga,94,2026-09-13T18:41:20Z,2026-09-13T17:00:00Z,2026-09-13T12:42:54Z,257.1,Arouca,Santa Clara,-1,9,Handicap Result,0.15261705,0.21147859,0.63590436,0.16843880,0.21395228,0.61760892,0.01582175,0.00247369,-0.01829544,5.5,4.33,1.5,Marathonbet,5.3,4.25,1.47,OBSERVED_CLOSE_FROZEN,Exact same European Handicap home-line; latest stored pre-kickoff triplet
EH|1575492|+1,1575492,Primeira Liga,94,2026-09-13T18:41:20Z,2026-09-13T17:00:00Z,2026-09-13T12:42:54Z,257.1,Arouca,Santa Clara,+1,9,Handicap Result,0.63590436,0.21147859,0.15261705,0.65509518,0.20380739,0.14109742,0.01919082,-0.00767120,-0.01151963,1.4,4.5,6.5,Marathonbet,1.38,4.6,6.25,OBSERVED_CLOSE_FROZEN,Exact same European Handicap home-line; latest stored pre-kickoff triplet
EH|1575492|+2,1575492,Primeira Liga,94,2026-09-13T18:41:20Z,2026-09-13T17:00:00Z,2026-09-13T12:42:54Z,257.1,Arouca,Santa Clara,+2,9,Handicap Result,0.83497053,0.11001965,0.05500982,0.84619952,0.10436461,0.04943587,0.01122899,-0.00565504,-0.00557395,1.11,9.0,19.0,Marathonbet,,,,OBSERVED_CLOSE_FROZEN,Exact same European Handicap home-line; latest stored pre-kickoff triplet
EH|1575492|+3,1575492,Primeira Liga,94,2026-09-13T18:41:20Z,2026-09-13T17:00:00Z,2026-09-13T12:42:54Z,257.1,Arouca,Santa Clara,+3,9,Handicap Result,0.92716020,0.04977386,0.02306594,0.92716020,0.04977386,0.02306594,-0.00000000,0.00000000,-0.00000000,1.02,19.0,41.0,Marathonbet,,,,OBSERVED_CLOSE_FROZEN,Exact same European Handicap home-line; latest stored pre-kickoff triplet
EH|1584409|-3,1584409,Super Lig,203,2026-09-13T18:41:20Z,2026-09-13T14:00:00Z,2026-09-13T12:42:54Z,77.1,Gençlerbirliği S.K.,Kasımpaşa,-3,9,Handicap Result,0.03273067,0.06327930,0.90399002,0.03244862,0.06273400,0.90481737,-0.00028205,-0.00054530,0.00082735,29.0,15.0,1.04,Marathonbet,,,,OBSERVED_CLOSE_FROZEN,Exact same European Handicap home-line; latest stored pre-kickoff triplet
EH|1584409|-2,1584409,Super Lig,203,2026-09-13T18:41:20Z,2026-09-13T14:00:00Z,2026-09-13T12:42:54Z,77.1,Gençlerbirliği S.K.,Kasımpaşa,-2,9,Handicap Result,0.08407980,0.13212541,0.78379479,0.07207679,0.13385689,0.79406632,-0.01200301,0.00173148,0.01027153,13.0,7.0,1.18,Marathonbet,6.4,4.65,1.14,OBSERVED_CLOSE_FROZEN,Exact same European Handicap home-line; latest stored pre-kickoff triplet
EH|1584409|-1,1584409,Super Lig,203,2026-09-13T18:41:20Z,2026-09-13T14:00:00Z,2026-09-13T12:42:54Z,77.1,Gençlerbirliği S.K.,Kasımpaşa,-1,9,Handicap Result,0.20396601,0.22946176,0.56657224,0.20396601,0.22946176,0.56657224,-0.00000000,-0.00000000,-0.00000000,4.5,4.0,1.62,Marathonbet,4.4,3.84,1.58,OBSERVED_CLOSE_FROZEN,Exact same European Handicap home-line; latest stored pre-kickoff triplet
EH|1584409|+1,1584409,Super Lig,203,2026-09-13T18:41:20Z,2026-09-13T14:00:00Z,2026-09-13T12:42:54Z,77.1,Gençlerbirliği S.K.,Kasımpaşa,+1,9,Handicap Result,0.67540118,0.19337802,0.13122080,0.67540118,0.19337802,0.13122080,-0.00000000,0.00000000,0.00000000,1.36,4.75,7.0,Marathonbet,1.33,4.7,6.6,OBSERVED_CLOSE_FROZEN,Exact same European Handicap home-line; latest stored pre-kickoff triplet
EH|1584409|+2,1584409,Super Lig,203,2026-09-13T18:41:20Z,2026-09-13T14:00:00Z,2026-09-13T12:42:54Z,77.1,Gençlerbirliği S.K.,Kasımpaşa,+2,9,Handicap Result,0.85201794,0.09865471,0.04932735,0.85201794,0.09865471,0.04932735,-0.00000000,-0.00000000,0.00000000,1.1,9.5,19.0,Marathonbet,,,,OBSERVED_CLOSE_FROZEN,Exact same European Handicap home-line; latest stored pre-kickoff triplet
EH|1584407|-4,1584407,Super Lig,203,2026-09-13T18:41:20Z,2026-09-13T17:00:00Z,2026-09-13T12:42:54Z,257.1,Galatasaray,Kocaelispor,-4,9,Handicap Result,0.08372937,0.10835566,0.80791497,0.07221284,0.10430743,0.82347973,-0.01151653,-0.00404823,0.01556476,13.0,9.0,1.14,Marathonbet,6.4,5.4,1.1,OBSERVED_CLOSE_FROZEN,Exact same European Handicap home-line; latest stored pre-kickoff triplet
EH|1584407|-3,1584407,Super Lig,203,2026-09-13T18:41:20Z,2026-09-13T17:00:00Z,2026-09-13T12:42:54Z,257.1,Galatasaray,Kocaelispor,-3,9,Handicap Result,0.14346067,0.15541573,0.70112360,0.16545012,0.16545012,0.66909976,0.02198945,0.01003439,-0.03202384,5.5,5.5,1.36,Marathonbet,5.1,5.4,1.36,OBSERVED_CLOSE_FROZEN,Exact same European Handicap home-line; latest stored pre-kickoff triplet
EH|1584407|-2,1584407,Super Lig,203,2026-09-13T18:41:20Z,2026-09-13T17:00:00Z,2026-09-13T12:42:54Z,257.1,Galatasaray,Kocaelispor,-2,9,Handicap Result,0.28356457,0.21283715,0.50359828,0.28356457,0.21283715,0.50359828,0.00000000,-0.00000000,0.00000000,3.25,4.33,1.83,Marathonbet,2.7,4.1,2.02,OBSERVED_CLOSE_FROZEN,Exact same European Handicap home-line; latest stored pre-kickoff triplet
EH|1584407|-1,1584407,Super Lig,203,2026-09-13T18:41:20Z,2026-09-13T17:00:00Z,2026-09-13T12:42:54Z,257.1,Galatasaray,Kocaelispor,-1,9,Handicap Result,0.49490816,0.22642048,0.27867136,0.50909091,0.22909091,0.26181818,0.01418275,0.00267043,-0.01685318,1.8,4.0,3.5,Marathonbet,1.74,3.84,3.78,OBSERVED_CLOSE_FROZEN,Exact same European Handicap home-line; latest stored pre-kickoff triplet
EH|1584407|+1,1584407,Super Lig,203,2026-09-13T18:41:20Z,2026-09-13T17:00:00Z,2026-09-13T12:42:54Z,257.1,Galatasaray,Kocaelispor,+1,9,Handicap Result,0.86985992,0.08540443,0.04473565,0.88565913,0.07823322,0.03610764,0.01579921,-0.00717121,-0.00862801,1.06,12.0,26.0,Marathonbet,,,,OBSERVED_CLOSE_FROZEN,Exact same European Handicap home-line; latest stored pre-kickoff triplet
EH|1584407|+2,1584407,Super Lig,203,2026-09-13T18:41:20Z,2026-09-13T17:00:00Z,2026-09-13T12:42:54Z,257.1,Galatasaray,Kocaelispor,+2,9,Handicap Result,0.94459919,0.03669405,0.01870677,0.94459919,0.03669405,0.01870677,-0.00000000,-0.00000000,-0.00000000,1.01,26.0,51.0,Marathonbet,,,,OBSERVED_CLOSE_FROZEN,Exact same European Handicap home-line; latest stored pre-kickoff triplet
EH|1584404|-3,1584404,Super Lig,203,2026-09-13T18:41:20Z,2026-09-13T17:00:00Z,2026-09-13T12:42:54Z,257.1,Amed,Başakşehir,-3,9,Handicap Result,0.03244862,0.06273400,0.90481737,0.03244862,0.06273400,0.90481737,0.00000000,0.00000000,0.00000000,29.0,15.0,1.04,Marathonbet,,,,OBSERVED_CLOSE_FROZEN,Exact same European Handicap home-line; latest stored pre-kickoff triplet
EH|1584404|-2,1584404,Super Lig,203,2026-09-13T18:41:20Z,2026-09-13T17:00:00Z,2026-09-13T12:42:54Z,257.1,Amed,Başakşehir,-2,9,Handicap Result,0.07223114,0.12520064,0.80256822,0.07223114,0.12520064,0.80256822,-0.00000000,0.00000000,-0.00000000,13.0,7.5,1.17,Marathonbet,6.7,4.95,1.12,OBSERVED_CLOSE_FROZEN,Exact same European Handicap home-line; latest stored pre-kickoff triplet
EH|1584404|-1,1584404,Super Lig,203,2026-09-13T18:41:20Z,2026-09-13T17:00:00Z,2026-09-13T12:42:54Z,257.1,Amed,Başakşehir,-1,9,Handicap Result,0.18221349,0.21040819,0.60737831,0.18367347,0.20408163,0.61224490,0.00145998,-0.00632656,0.00486659,5.0,4.5,1.5,Marathonbet,4.8,4.3,1.5,OBSERVED_CLOSE_FROZEN,Exact same European Handicap home-line; latest stored pre-kickoff triplet
EH|1584404|+1,1584404,Super Lig,203,2026-09-13T18:41:20Z,2026-09-13T17:00:00Z,2026-09-13T12:42:54Z,257.1,Amed,Başakşehir,+1,9,Handicap Result,0.63218391,0.20229885,0.16551724,0.63218391,0.20229885,0.16551724,-0.00000000,0.00000000,0.00000000,1.44,4.5,5.5,Marathonbet,1.44,4.5,5.3,OBSERVED_CLOSE_FROZEN,Exact same European Handicap home-line; latest stored pre-kickoff triplet
EH|1584404|+2,1584404,Super Lig,203,2026-09-13T18:41:20Z,2026-09-13T17:00:00Z,2026-09-13T12:42:54Z,257.1,Amed,Başakşehir,+2,9,Handicap Result,0.80665177,0.12261107,0.07073716,0.80665177,0.12261107,0.07073716,0.00000000,-0.00000000,-0.00000000,1.14,7.5,13.0,Marathonbet,1.1,5.1,6.85,OBSERVED_CLOSE_FROZEN,Exact same European Handicap home-line; latest stored pre-kickoff triplet
EH|1584404|+3,1584404,Super Lig,203,2026-09-13T18:41:20Z,2026-09-13T17:00:00Z,2026-09-13T12:42:54Z,257.1,Amed,Başakşehir,+3,9,Handicap Result,0.91154500,0.05576511,0.03268989,0.91154500,0.05576511,0.03268989,0.00000000,-0.00000000,-0.00000000,1.04,17.0,29.0,Marathonbet,,,,OBSERVED_CLOSE_FROZEN,Exact same European Handicap home-line; latest stored pre-kickoff triplet
EH|1575166|+5,1575166,Bundesliga,78,2026-09-13T18:41:20Z,2026-09-13T15:30:00Z,2026-09-13T12:42:54Z,167.1,SV Elversberg,Bayern München,+5,9,Handicap Result,0.76923077,0.11538462,0.11538462,0.76923077,0.11538462,0.11538462,-0.00000000,-0.00000000,-0.00000000,1.2,8.0,8.0,Marathonbet,,,,OBSERVED_CLOSE_FROZEN,Exact same European Handicap home-line; latest stored pre-kickoff triplet
EH|1570380|-2,1570380,La Liga,140,2026-09-14T06:46:41Z,2026-09-13T19:00:00Z,2026-09-13T18:41:20Z,18.7,Real Sociedad,Atletico Madrid,-2,9,Handicap Result,0.07177246,0.10976965,0.81845789,0.06214090,0.09811721,0.83974189,-0.00963156,-0.01165244,0.02128400,15.0,9.5,1.11,Marathonbet,,,,OBSERVED_CLOSE_FROZEN,Exact same European Handicap home-line; latest stored pre-kickoff triplet
EH|1570380|-1,1570380,La Liga,140,2026-09-14T06:46:41Z,2026-09-13T19:00:00Z,2026-09-13T18:41:20Z,18.7,Real Sociedad,Atletico Madrid,-1,9,Handicap Result,0.16587678,0.18246445,0.65165877,0.14146200,0.16718236,0.69135564,-0.02441478,-0.01528209,0.03969687,6.5,5.5,1.33,Marathonbet,6.65,5.25,1.36,OBSERVED_CLOSE_FROZEN,Exact same European Handicap home-line; latest stored pre-kickoff triplet
EH|1570380|+1,1570380,La Liga,140,2026-09-14T06:46:41Z,2026-09-13T19:00:00Z,2026-09-13T18:41:20Z,18.7,Real Sociedad,Atletico Madrid,+1,9,Handicap Result,0.57965194,0.21017403,0.21017403,0.53738264,0.21470484,0.24791252,-0.04226930,0.00453081,0.03773849,1.73,4.33,3.75,Marathonbet,1.74,4.15,3.74,OBSERVED_CLOSE_FROZEN,Exact same European Handicap home-line; latest stored pre-kickoff triplet
EH|1570380|+2,1570380,La Liga,140,2026-09-14T06:46:41Z,2026-09-13T19:00:00Z,2026-09-13T18:41:20Z,18.7,Real Sociedad,Atletico Madrid,+2,9,Handicap Result,0.78093306,0.13387424,0.08519270,0.73282443,0.15267176,0.11450382,-0.04810863,0.01879752,0.02931112,1.25,6.0,8.0,Marathonbet,1.22,6.4,7.6,OBSERVED_CLOSE_FROZEN,Exact same European Handicap home-line; latest stored pre-kickoff triplet
EH|1570380|+3,1570380,La Liga,140,2026-09-14T06:46:41Z,2026-09-13T19:00:00Z,2026-09-13T18:41:20Z,18.7,Real Sociedad,Atletico Madrid,+3,9,Handicap Result,0.89633671,0.06274357,0.04091972,0.87195961,0.07847637,0.04956402,-0.02437710,0.01573280,0.00864430,1.08,12.0,19.0,Marathonbet,,,,OBSERVED_CLOSE_FROZEN,Exact same European Handicap home-line; latest stored pre-kickoff triplet
EH|1550124|-2,1550124,Serie A,135,2026-09-14T06:46:41Z,2026-09-13T18:45:00Z,2026-09-13T18:41:20Z,3.7,Sassuolo,Juventus,-2,9,Handicap Result,0.02801724,0.05603448,0.91594828,0.02801724,0.05603448,0.91594828,0.00000000,0.00000000,-0.00000000,34.0,17.0,1.04,Marathonbet,,,,OBSERVED_CLOSE_FROZEN,Exact same European Handicap home-line; latest stored pre-kickoff triplet
EH|1550124|-1,1550124,Serie A,135,2026-09-14T06:46:41Z,2026-09-13T18:45:00Z,2026-09-13T18:41:20Z,3.7,Sassuolo,Juventus,-1,9,Handicap Result,0.07159091,0.13295455,0.79545455,0.07159091,0.13295455,0.79545455,-0.00000000,-0.00000000,-0.00000000,13.0,7.0,1.17,Marathonbet,6.35,4.0,1.17,OBSERVED_CLOSE_FROZEN,Exact same European Handicap home-line; latest stored pre-kickoff triplet
EH|1550124|+1,1550124,Serie A,135,2026-09-14T06:46:41Z,2026-09-13T18:45:00Z,2026-09-13T18:41:20Z,3.7,Sassuolo,Juventus,+1,9,Handicap Result,0.40670599,0.24402360,0.34927041,0.43035994,0.24100156,0.32863850,0.02365395,-0.00302204,-0.02063191,2.1,3.75,2.75,Marathonbet,2.33,3.55,2.63,OBSERVED_CLOSE_FROZEN,Exact same European Handicap home-line; latest stored pre-kickoff triplet
EH|1550124|+2,1550124,Serie A,135,2026-09-14T06:46:41Z,2026-09-13T18:45:00Z,2026-09-13T18:41:20Z,3.7,Sassuolo,Juventus,+2,9,Handicap Result,0.63898740,0.19371408,0.16729852,0.63898740,0.19371408,0.16729852,0.00000000,-0.00000000,0.00000000,1.44,4.75,5.5,Marathonbet,1.45,4.8,4.95,OBSERVED_CLOSE_FROZEN,Exact same European Handicap home-line; latest stored pre-kickoff triplet
EH|1550124|+3,1550124,Serie A,135,2026-09-14T06:46:41Z,2026-09-13T18:45:00Z,2026-09-13T18:41:20Z,3.7,Sassuolo,Juventus,+3,9,Handicap Result,0.81288104,0.11583555,0.07128341,0.81288104,0.11583555,0.07128341,-0.00000000,-0.00000000,0.00000000,1.14,8.0,13.0,Marathonbet,1.12,4.8,6.0,OBSERVED_CLOSE_FROZEN,Exact same European Handicap home-line; latest stored pre-kickoff triplet
EH|1552757|-2,1552757,Ligue 1,61,2026-09-14T06:46:41Z,2026-09-13T18:45:00Z,2026-09-13T18:41:20Z,3.7,Stade Brestois 29,Paris Saint Germain,-2,9,Handicap Result,0.01879085,0.04166667,0.93954248,0.01879085,0.04166667,0.93954248,-0.00000000,-0.00000000,0.00000000,51.0,23.0,1.02,Marathonbet,,,,OBSERVED_CLOSE_FROZEN,Exact same European Handicap home-line; latest stored pre-kickoff triplet
EH|1552757|-1,1552757,Ligue 1,61,2026-09-14T06:46:41Z,2026-09-13T18:45:00Z,2026-09-13T18:41:20Z,3.7,Stade Brestois 29,Paris Saint Germain,-1,9,Handicap Result,0.03632625,0.07265250,0.89102125,0.04087080,0.07230988,0.88681931,0.00454455,-0.00034262,-0.00420194,23.0,13.0,1.06,Marathonbet,,,,OBSERVED_CLOSE_FROZEN,Exact same European Handicap home-line; latest stored pre-kickoff triplet
EH|1552757|+1,1552757,Ligue 1,61,2026-09-14T06:46:41Z,2026-09-13T18:45:00Z,2026-09-13T18:41:20Z,3.7,Stade Brestois 29,Paris Saint Germain,+1,9,Handicap Result,0.24321670,0.21063802,0.54614528,0.22946176,0.20396601,0.56657224,-0.01375494,-0.00667201,0.02042696,4.0,4.5,1.62,Marathonbet,4.25,4.3,1.66,OBSERVED_CLOSE_FROZEN,Exact same European Handicap home-line; latest stored pre-kickoff triplet
EH|1552757|+2,1552757,Ligue 1,61,2026-09-14T06:46:41Z,2026-09-13T18:45:00Z,2026-09-13T18:41:20Z,3.7,Stade Brestois 29,Paris Saint Germain,+2,9,Handicap Result,0.41874589,0.21275773,0.36849638,0.41874589,0.21275773,0.36849638,-0.00000000,-0.00000000,0.00000000,2.2,4.33,2.5,Marathonbet,2.22,4.3,2.47,OBSERVED_CLOSE_FROZEN,Exact same European Handicap home-line; latest stored pre-kickoff triplet
EH|1552757|+3,1552757,Ligue 1,61,2026-09-14T06:46:41Z,2026-09-13T18:45:00Z,2026-09-13T18:41:20Z,3.7,Stade Brestois 29,Paris Saint Germain,+3,9,Handicap Result,0.64523698,0.16893477,0.18582825,0.60737831,0.18221349,0.21040819,-0.03785867,0.01327872,0.02457994,1.5,5.0,4.33,Marathonbet,1.48,5.25,4.25,OBSERVED_CLOSE_FROZEN,Exact same European Handicap home-line; latest stored pre-kickoff triplet
EH|1552757|+4,1552757,Ligue 1,61,2026-09-14T06:46:41Z,2026-09-13T18:45:00Z,2026-09-13T18:41:20Z,3.7,Stade Brestois 29,Paris Saint Germain,+4,9,Handicap Result,0.79160895,0.11577281,0.09261825,0.77319588,0.12371134,0.10309278,-0.01841307,0.00793853,0.01047453,1.2,7.5,9.0,Marathonbet,1.15,7.8,8.1,OBSERVED_CLOSE_FROZEN,Exact same European Handicap home-line; latest stored pre-kickoff triplet
EH|1575496|-2,1575496,Primeira Liga,94,2026-09-14T06:46:41Z,2026-09-13T19:30:00Z,2026-09-13T18:41:20Z,48.7,Famalicao,Sporting CP,-2,9,Handicap Result,0.02327545,0.05022598,0.92649857,0.01871658,0.04545455,0.93582888,-0.00455887,-0.00477143,0.00933031,51.0,21.0,1.02,Marathonbet,,,,OBSERVED_CLOSE_FROZEN,Exact same European Handicap home-line; latest stored pre-kickoff triplet
EH|1575496|-1,1575496,Primeira Liga,94,2026-09-14T06:46:41Z,2026-09-13T19:30:00Z,2026-09-13T18:41:20Z,48.7,Famalicao,Sporting CP,-1,9,Handicap Result,0.06147091,0.11525796,0.82327113,0.05459911,0.10919823,0.83620266,-0.00687180,-0.00605973,0.01293153,17.0,8.5,1.11,Marathonbet,8.2,4.6,1.1,OBSERVED_CLOSE_FROZEN,Exact same European Handicap home-line; latest stored pre-kickoff triplet
EH|1575496|+1,1575496,Primeira Liga,94,2026-09-14T06:46:41Z,2026-09-13T19:30:00Z,2026-09-13T18:41:20Z,48.7,Famalicao,Sporting CP,+1,9,Handicap Result,0.40261237,0.25163273,0.34575490,0.36431669,0.25299770,0.38268560,-0.03829568,0.00136497,0.03693070,2.5,3.6,2.38,Marathonbet,2.59,3.26,2.25,OBSERVED_CLOSE_FROZEN,Exact same European Handicap home-line; latest stored pre-kickoff triplet
EH|1575496|+2,1575496,Primeira Liga,94,2026-09-14T06:46:41Z,2026-09-13T19:30:00Z,2026-09-13T18:41:20Z,48.7,Famalicao,Sporting CP,+2,9,Handicap Result,0.61224490,0.20408163,0.18367347,0.59523810,0.20238095,0.20238095,-0.01700680,-0.00170068,0.01870748,1.53,4.5,4.5,Marathonbet,1.53,4.25,4.15,OBSERVED_CLOSE_FROZEN,Exact same European Handicap home-line; latest stored pre-kickoff triplet
EH|1575496|+3,1575496,Primeira Liga,94,2026-09-14T06:46:41Z,2026-09-13T19:30:00Z,2026-09-13T18:41:20Z,48.7,Famalicao,Sporting CP,+3,9,Handicap Result,0.79216477,0.12357770,0.08425753,0.78379479,0.13212541,0.08407980,-0.00836998,0.00854771,-0.00017773,1.18,7.0,11.0,Marathonbet,1.16,6.55,8.1,OBSERVED_CLOSE_FROZEN,Exact same European Handicap home-line; latest stored pre-kickoff triplet
EH|1550125|-2,1550125,Serie A,135,2026-09-14T18:45:04Z,2026-09-14T16:30:00Z,2026-09-14T12:46:34Z,223.4,Torino,AS Roma,-2,9,Handicap Result,0.02327545,0.05022598,0.92649857,0.02327545,0.05022598,0.92649857,0.00000000,-0.00000000,0.00000000,41.0,19.0,1.03,Marathonbet,,,,OBSERVED_CLOSE_FROZEN,Exact same European Handicap home-line; latest stored pre-kickoff triplet
EH|1550125|-1,1550125,Serie A,135,2026-09-14T18:45:04Z,2026-09-14T16:30:00Z,2026-09-14T12:46:34Z,223.4,Torino,AS Roma,-1,9,Handicap Result,0.06147091,0.11525796,0.82327113,0.06237177,0.11694707,0.82068117,0.00090086,0.00168911,-0.00258996,15.0,8.0,1.14,Marathonbet,7.0,4.2,1.13,OBSERVED_CLOSE_FROZEN,Exact same European Handicap home-line; latest stored pre-kickoff triplet
EH|1550125|+1,1550125,Serie A,135,2026-09-14T18:45:04Z,2026-09-14T16:30:00Z,2026-09-14T12:46:34Z,223.4,Torino,AS Roma,+1,9,Handicap Result,0.38268560,0.25299770,0.36431669,0.36804124,0.24536082,0.38659794,-0.01464436,-0.00763688,0.02228125,2.5,3.75,2.38,Marathonbet,2.6,3.64,2.36,OBSERVED_CLOSE_FROZEN,Exact same European Handicap home-line; latest stored pre-kickoff triplet
EH|1550125|+2,1550125,Serie A,135,2026-09-14T18:45:04Z,2026-09-14T16:30:00Z,2026-09-14T12:46:34Z,223.4,Torino,AS Roma,+2,9,Handicap Result,0.61224490,0.20408163,0.18367347,0.59523810,0.20238095,0.20238095,-0.01700680,-0.00170068,0.01870748,1.53,4.5,4.5,Marathonbet,1.52,4.7,4.3,OBSERVED_CLOSE_FROZEN,Exact same European Handicap home-line; latest stored pre-kickoff triplet
EH|1550125|+3,1550125,Serie A,135,2026-09-14T18:45:04Z,2026-09-14T16:30:00Z,2026-09-14T12:46:34Z,223.4,Torino,AS Roma,+3,9,Handicap Result,0.79216477,0.12357770,0.08425753,0.77725960,0.13102376,0.09171663,-0.01490517,0.00744606,0.00745910,1.18,7.0,10.0,Marathonbet,1.15,7.4,9.0,OBSERVED_CLOSE_FROZEN,Exact same European Handicap home-line; latest stored pre-kickoff triplet
EH|1550118|-4,1550118,Serie A,135,2026-09-14T18:45:04Z,2026-09-14T16:30:00Z,2026-09-14T12:46:34Z,223.4,Como,Parma,-4,9,Handicap Result,0.08372937,0.10835566,0.80791497,0.08491336,0.11675587,0.79833076,0.00118399,0.00840021,-0.00958421,11.0,8.0,1.17,Marathonbet,8.6,7.8,1.13,OBSERVED_CLOSE_FROZEN,Exact same European Handicap home-line; latest stored pre-kickoff triplet
EH|1550118|-3,1550118,Serie A,135,2026-09-14T18:45:04Z,2026-09-14T16:30:00Z,2026-09-14T12:46:34Z,223.4,Como,Parma,-3,9,Handicap Result,0.16587678,0.18246445,0.65165877,0.18274112,0.18274112,0.63451777,0.01686434,0.00027667,-0.01714100,5.0,5.0,1.44,Marathonbet,4.55,5.05,1.43,OBSERVED_CLOSE_FROZEN,Exact same European Handicap home-line; latest stored pre-kickoff triplet
EH|1550118|-2,1550118,Serie A,135,2026-09-14T18:45:04Z,2026-09-14T16:30:00Z,2026-09-14T12:46:34Z,223.4,Como,Parma,-2,9,Handicap Result,0.33366435,0.22939424,0.43694141,0.34451645,0.22565827,0.42982528,0.01085210,-0.00373597,-0.00711613,2.62,4.0,2.1,Marathonbet,2.54,3.92,2.19,OBSERVED_CLOSE_FROZEN,Exact same European Handicap home-line; latest stored pre-kickoff triplet
EH|1550118|-1,1550118,Serie A,135,2026-09-14T18:45:04Z,2026-09-14T16:30:00Z,2026-09-14T12:46:34Z,223.4,Como,Parma,-1,9,Handicap Result,0.54495913,0.22752044,0.22752044,0.55457541,0.23153523,0.21388936,0.00961628,0.00401479,-0.01363108,1.67,4.0,4.33,Marathonbet,1.68,3.82,4.45,OBSERVED_CLOSE_FROZEN,Exact same European Handicap home-line; latest stored pre-kickoff triplet
EH|1550118|+1,1550118,Serie A,135,2026-09-14T18:45:04Z,2026-09-14T16:30:00Z,2026-09-14T12:46:34Z,223.4,Como,Parma,+1,9,Handicap Result,0.91349296,0.06333551,0.02317153,0.91425343,0.06277874,0.02296783,0.00076047,-0.00055677,-0.00020370,1.03,15.0,41.0,Marathonbet,,,,OBSERVED_CLOSE_FROZEN,Exact same European Handicap home-line; latest stored pre-kickoff triplet
EH|1550118|+2,1550118,Serie A,135,2026-09-14T18:45:04Z,2026-09-14T16:30:00Z,2026-09-14T12:46:34Z,223.4,Como,Parma,+2,9,Handicap Result,0.96181047,0.02857143,0.00961810,0.96181047,0.02857143,0.00961810,-0.00000000,-0.00000000,0.00000000,1.01,34.0,101.0,Marathonbet,,,,OBSERVED_CLOSE_FROZEN,Exact same European Handicap home-line; latest stored pre-kickoff triplet
EH|1550120|-4,1550120,Serie A,135,2026-09-14T18:45:04Z,2026-09-14T18:45:00Z,2026-09-14T12:46:34Z,358.4,Inter,Udinese,-4,9,Handicap Result,0.09324378,0.11655472,0.79020150,0.08491336,0.11675587,0.79833076,-0.00833042,0.00020115,0.00812926,11.0,8.0,1.17,Marathonbet,7.4,7.2,1.16,OBSERVED_CLOSE_FROZEN,Exact same European Handicap home-line; latest stored pre-kickoff triplet
EH|1550120|-3,1550120,Serie A,135,2026-09-14T18:45:04Z,2026-09-14T18:45:00Z,2026-09-14T12:46:34Z,358.4,Inter,Udinese,-3,9,Handicap Result,0.19900498,0.17910448,0.62189055,0.18274112,0.18274112,0.63451777,-0.01626386,0.00363664,0.01262722,5.0,5.0,1.44,Marathonbet,4.15,4.9,1.48,OBSERVED_CLOSE_FROZEN,Exact same European Handicap home-line; latest stored pre-kickoff triplet
EH|1550120|-2,1550120,Serie A,135,2026-09-14T18:45:04Z,2026-09-14T18:45:00Z,2026-09-14T12:46:34Z,358.4,Inter,Udinese,-2,9,Handicap Result,0.32653061,0.22448980,0.44897959,0.34451645,0.22565827,0.42982528,0.01798584,0.00116847,-0.01915431,2.62,4.0,2.1,Marathonbet,2.47,3.92,2.22,OBSERVED_CLOSE_FROZEN,Exact same European Handicap home-line; latest stored pre-kickoff triplet
EH|1550120|-1,1550120,Serie A,135,2026-09-14T18:45:04Z,2026-09-14T18:45:00Z,2026-09-14T12:46:34Z,358.4,Inter,Udinese,-1,9,Handicap Result,0.56207123,0.22763885,0.21028993,0.54495913,0.22752044,0.22752044,-0.01711210,-0.00011841,0.01723051,1.67,4.0,4.0,Marathonbet,1.66,3.92,4.25,OBSERVED_CLOSE_FROZEN,Exact same European Handicap home-line; latest stored pre-kickoff triplet
EH|1550120|+1,1550120,Serie A,135,2026-09-14T18:45:04Z,2026-09-14T18:45:00Z,2026-09-14T12:46:34Z,358.4,Inter,Udinese,+1,9,Handicap Result,0.90915573,0.06303480,0.02780947,0.90399002,0.06327930,0.03273067,-0.00516571,0.00024450,0.00492120,1.05,15.0,29.0,Marathonbet,,,,OBSERVED_CLOSE_FROZEN,Exact same European Handicap home-line; latest stored pre-kickoff triplet
EH|1550120|+2,1550120,Serie A,135,2026-09-14T18:45:04Z,2026-09-14T18:45:00Z,2026-09-14T12:46:34Z,358.4,Inter,Udinese,+2,9,Handicap Result,0.95246966,0.03317222,0.01435812,0.95246966,0.03317222,0.01435812,-0.00000000,-0.00000000,0.00000000,1.01,29.0,67.0,Marathonbet,,,,OBSERVED_CLOSE_FROZEN,Exact same European Handicap home-line; latest stored pre-kickoff triplet
EH|1549018|-3,1549018,Danish Superliga,119,2026-09-14T18:45:04Z,2026-09-14T17:00:00Z,2026-09-14T12:46:34Z,253.4,FC Midtjylland,Brondby,-3,9,Handicap Result,0.06214090,0.09811721,0.83974189,0.07177246,0.10976965,0.81845789,0.00963156,0.01165244,-0.02128400,13.0,8.5,1.14,Marathonbet,6.55,5.3,1.1,OBSERVED_CLOSE_FROZEN,Exact same European Handicap home-line; latest stored pre-kickoff triplet
EH|1549018|-2,1549018,Danish Superliga,119,2026-09-14T18:45:04Z,2026-09-14T17:00:00Z,2026-09-14T12:46:34Z,253.4,FC Midtjylland,Brondby,-2,9,Handicap Result,0.14146200,0.16718236,0.69135564,0.16587678,0.18246445,0.65165877,0.02441478,0.01528209,-0.03969687,5.5,5.0,1.4,Marathonbet,5.05,5.1,1.35,OBSERVED_CLOSE_FROZEN,Exact same European Handicap home-line; latest stored pre-kickoff triplet
EH|1549018|-1,1549018,Danish Superliga,119,2026-09-14T18:45:04Z,2026-09-14T17:00:00Z,2026-09-14T12:46:34Z,253.4,FC Midtjylland,Brondby,-1,9,Handicap Result,0.27867136,0.22642048,0.49490816,0.32653061,0.22448980,0.44897959,0.04785925,-0.00193068,-0.04592857,2.75,4.0,2.0,Marathonbet,2.79,3.74,1.98,OBSERVED_CLOSE_FROZEN,Exact same European Handicap home-line; latest stored pre-kickoff triplet
EH|1549018|+1,1549018,Danish Superliga,119,2026-09-14T18:45:04Z,2026-09-14T17:00:00Z,2026-09-14T12:46:34Z,253.4,FC Midtjylland,Brondby,+1,9,Handicap Result,0.72815534,0.15533981,0.11650485,0.75571632,0.14184214,0.10244155,0.02756098,-0.01349767,-0.01406330,1.22,6.5,9.0,Marathonbet,1.2,5.9,7.9,OBSERVED_CLOSE_FROZEN,Exact same European Handicap home-line; latest stored pre-kickoff triplet
EH|1549018|+2,1549018,Danish Superliga,119,2026-09-14T18:45:04Z,2026-09-14T17:00:00Z,2026-09-14T12:46:34Z,253.4,FC Midtjylland,Brondby,+2,9,Handicap Result,0.86578293,0.08500414,0.04921292,0.88240998,0.07262913,0.04496089,0.01662705,-0.01237501,-0.00425203,1.07,13.0,21.0,Marathonbet,,,,OBSERVED_CLOSE_FROZEN,Exact same European Handicap home-line; latest stored pre-kickoff triplet
EH|1547633|-2,1547633,A Lyga,362,2026-09-14T18:45:04Z,2026-09-14T15:45:00Z,2026-09-14T12:46:34Z,178.4,Banga,TransINVEST Vilnius,-2,9,Handicap Result,0.07073716,0.12261107,0.80665177,0.07159091,0.13295455,0.79545455,0.00085375,0.01034348,-0.01119722,13.0,7.0,1.17,Marathonbet,6.75,4.7,1.11,OBSERVED_CLOSE_FROZEN,Exact same European Handicap home-line; latest stored pre-kickoff triplet
EH|1547633|-1,1547633,A Lyga,362,2026-09-14T18:45:04Z,2026-09-14T15:45:00Z,2026-09-14T12:46:34Z,178.4,Banga,TransINVEST Vilnius,-1,9,Handicap Result,0.16843880,0.21395228,0.61760892,0.18122594,0.22653243,0.59224163,0.01278714,0.01258015,-0.02536729,5.0,4.0,1.53,Marathonbet,5.3,4.2,1.37,OBSERVED_CLOSE_FROZEN,Exact same European Handicap home-line; latest stored pre-kickoff triplet
EH|1547633|+1,1547633,A Lyga,362,2026-09-14T18:45:04Z,2026-09-14T15:45:00Z,2026-09-14T12:46:34Z,178.4,Banga,TransINVEST Vilnius,+1,9,Handicap Result,0.59701493,0.22388060,0.17910448,0.62720239,0.20858463,0.16421299,0.03018746,-0.01529597,-0.01489149,1.44,4.33,5.5,Marathonbet,1.44,3.95,4.7,OBSERVED_CLOSE_FROZEN,Exact same European Handicap home-line; latest stored pre-kickoff triplet
EH|1547633|+2,1547633,A Lyga,362,2026-09-14T18:45:04Z,2026-09-14T15:45:00Z,2026-09-14T12:46:34Z,178.4,Banga,TransINVEST Vilnius,+2,9,Handicap Result,0.79545455,0.13295455,0.07159091,0.80665177,0.12261107,0.07073716,0.01119722,-0.01034348,-0.00085375,1.14,7.5,13.0,Marathonbet,1.12,4.65,6.3,OBSERVED_CLOSE_FROZEN,Exact same European Handicap home-line; latest stored pre-kickoff triplet
EH|1547633|+3,1547633,A Lyga,362,2026-09-14T18:45:04Z,2026-09-14T15:45:00Z,2026-09-14T12:46:34Z,178.4,Banga,TransINVEST Vilnius,+3,9,Handicap Result,0.91154500,0.05576511,0.03268989,0.91154500,0.05576511,0.03268989,0.00000000,-0.00000000,-0.00000000,1.04,17.0,29.0,Marathonbet,,,,OBSERVED_CLOSE_FROZEN,Exact same European Handicap home-line; latest stored pre-kickoff triplet
EH|1494756|-5,1494756,Eliteserien,103,2026-09-14T18:45:04Z,2026-09-14T17:00:00Z,2026-09-14T12:46:34Z,253.4,Bodo/Glimt,Sandefjord,-5,9,Handicap Result,0.09625668,0.10160428,0.80213904,0.09625668,0.10160428,0.80213904,0.00000000,-0.00000000,-0.00000000,9.5,9.0,1.14,Marathonbet,,,,OBSERVED_CLOSE_FROZEN,Exact same European Handicap home-line; latest stored pre-kickoff triplet
EH|1494756|-4,1494756,Eliteserien,103,2026-09-14T18:45:04Z,2026-09-14T17:00:00Z,2026-09-14T12:46:34Z,253.4,Bodo/Glimt,Sandefjord,-4,9,Handicap Result,0.14128035,0.14128035,0.71743929,0.16718236,0.14146200,0.69135564,0.02590201,0.00018165,-0.02608365,5.5,6.5,1.33,Marathonbet,5.15,6.25,1.31,OBSERVED_CLOSE_FROZEN,Exact same European Handicap home-line; latest stored pre-kickoff triplet
EH|1494756|-3,1494756,Eliteserien,103,2026-09-14T18:45:04Z,2026-09-14T17:00:00Z,2026-09-14T12:46:34Z,253.4,Bodo/Glimt,Sandefjord,-3,9,Handicap Result,0.26344849,0.18441395,0.55213756,0.28655216,0.19606200,0.51738584,0.02310367,0.01164805,-0.03475172,3.25,4.75,1.8,Marathonbet,2.92,4.8,1.8,OBSERVED_CLOSE_FROZEN,Exact same European Handicap home-line; latest stored pre-kickoff triplet
EH|1494756|-2,1494756,Eliteserien,103,2026-09-14T18:45:04Z,2026-09-14T17:00:00Z,2026-09-14T12:46:34Z,253.4,Bodo/Glimt,Sandefjord,-2,9,Handicap Result,0.43734676,0.21210813,0.35054511,0.45293892,0.20130619,0.34575490,0.01559216,-0.01080194,-0.00479021,2.0,4.5,2.62,Marathonbet,1.95,4.5,2.7,OBSERVED_CLOSE_FROZEN,Exact same European Handicap home-line; latest stored pre-kickoff triplet
EH|1494756|-1,1494756,Eliteserien,103,2026-09-14T18:45:04Z,2026-09-14T17:00:00Z,2026-09-14T12:46:34Z,253.4,Bodo/Glimt,Sandefjord,-1,9,Handicap Result,0.62847314,0.19052659,0.18100026,0.66265060,0.16867470,0.16867470,0.03417746,-0.02185189,-0.01232556,1.4,5.5,5.5,Marathonbet,1.36,5.1,5.6,OBSERVED_CLOSE_FROZEN,Exact same European Handicap home-line; latest stored pre-kickoff triplet
EH|1494756|+1,1494756,Eliteserien,103,2026-09-14T18:45:04Z,2026-09-14T17:00:00Z,2026-09-14T12:46:34Z,253.4,Bodo/Glimt,Sandefjord,+1,9,Handicap Result,0.90399002,0.06327930,0.03273067,0.90481737,0.06273400,0.03244862,0.00082735,-0.00054530,-0.00028205,1.04,15.0,29.0,Marathonbet,,,,OBSERVED_CLOSE_FROZEN,Exact same European Handicap home-line; latest stored pre-kickoff triplet
EH|1553167|-3,1553167,Ekstraklasa,106,2026-09-14T18:45:04Z,2026-09-14T17:00:00Z,2026-09-14T12:46:34Z,253.4,Radomiak Radom,Piast Gliwice,-3,9,Handicap Result,0.04091972,0.06274357,0.89633671,0.04091972,0.06274357,0.89633671,-0.00000000,-0.00000000,0.00000000,23.0,15.0,1.05,Marathonbet,,,,OBSERVED_CLOSE_FROZEN,Exact same European Handicap home-line; latest stored pre-kickoff triplet
EH|1553167|-2,1553167,Ekstraklasa,106,2026-09-14T18:45:04Z,2026-09-14T17:00:00Z,2026-09-14T12:46:34Z,253.4,Radomiak Radom,Piast Gliwice,-2,9,Handicap Result,0.09635578,0.14082767,0.76281655,0.09171663,0.13102376,0.77725960,-0.00463915,-0.00980391,0.01444305,10.0,7.0,1.18,Marathonbet,8.9,6.8,1.15,OBSERVED_CLOSE_FROZEN,Exact same European Handicap home-line; latest stored pre-kickoff triplet
EH|1553167|-1,1553167,Ekstraklasa,106,2026-09-14T18:45:04Z,2026-09-14T17:00:00Z,2026-09-14T12:46:34Z,253.4,Radomiak Radom,Piast Gliwice,-1,9,Handicap Result,0.20703654,0.20703654,0.58592693,0.20078558,0.20866861,0.59054581,-0.00625096,0.00163207,0.00461888,4.5,4.33,1.53,Marathonbet,4.3,4.2,1.54,OBSERVED_CLOSE_FROZEN,Exact same European Handicap home-line; latest stored pre-kickoff triplet
EH|1553167|+1,1553167,Ekstraklasa,106,2026-09-14T18:45:04Z,2026-09-14T17:00:00Z,2026-09-14T12:46:34Z,253.4,Radomiak Radom,Piast Gliwice,+1,9,Handicap Result,0.64546016,0.19024089,0.16429895,0.64546016,0.19024089,0.16429895,0.00000000,-0.00000000,-0.00000000,1.4,4.75,5.5,Marathonbet,1.4,4.6,5.3,OBSERVED_CLOSE_FROZEN,Exact same European Handicap home-line; latest stored pre-kickoff triplet
EH|1553167|+2,1553167,Ekstraklasa,106,2026-09-14T18:45:04Z,2026-09-14T17:00:00Z,2026-09-14T12:46:34Z,253.4,Radomiak Radom,Piast Gliwice,+2,9,Handicap Result,0.81081081,0.11351351,0.07567568,0.81081081,0.11351351,0.07567568,0.00000000,0.00000000,-0.00000000,1.12,8.0,12.0,Marathonbet,1.1,4.85,6.55,OBSERVED_CLOSE_FROZEN,Exact same European Handicap home-line; latest stored pre-kickoff triplet
EH|1553167|+3,1553167,Ekstraklasa,106,2026-09-14T18:45:04Z,2026-09-14T17:00:00Z,2026-09-14T12:46:34Z,253.4,Radomiak Radom,Piast Gliwice,+3,9,Handicap Result,0.90144231,0.06250000,0.03605769,0.90144231,0.06250000,0.03605769,-0.00000000,0.00000000,0.00000000,1.04,15.0,26.0,Marathonbet,,,,OBSERVED_CLOSE_FROZEN,Exact same European Handicap home-line; latest stored pre-kickoff triplet
EH|1575499|-2,1575499,Primeira Liga,94,2026-09-14T18:45:04Z,2026-09-14T17:45:00Z,2026-09-14T12:46:34Z,298.4,Rio Ave,Estrela,-2,9,Handicap Result,0.06147091,0.11525796,0.82327113,0.06147091,0.11525796,0.82327113,0.00000000,-0.00000000,0.00000000,15.0,8.0,1.12,Marathonbet,,,,OBSERVED_CLOSE_FROZEN,Exact same European Handicap home-line; latest stored pre-kickoff triplet
EH|1575499|-1,1575499,Primeira Liga,94,2026-09-14T18:45:04Z,2026-09-14T17:45:00Z,2026-09-14T12:46:34Z,298.4,Rio Ave,Estrela,-1,9,Handicap Result,0.15384615,0.20512821,0.64102564,0.15384615,0.20512821,0.64102564,0.00000000,-0.00000000,0.00000000,6.0,4.5,1.44,Marathonbet,5.35,4.25,1.44,OBSERVED_CLOSE_FROZEN,Exact same European Handicap home-line; latest stored pre-kickoff triplet
EH|1575499|+1,1575499,Primeira Liga,94,2026-09-14T18:45:04Z,2026-09-14T17:45:00Z,2026-09-14T12:46:34Z,298.4,Rio Ave,Estrela,+1,9,Handicap Result,0.60737831,0.21040819,0.18221349,0.63218391,0.20229885,0.16551724,0.02480560,-0.00810934,-0.01669625,1.44,4.5,5.5,Marathonbet,1.44,4.2,5.3,OBSERVED_CLOSE_FROZEN,Exact same European Handicap home-line; latest stored pre-kickoff triplet
EH|1575499|+2,1575499,Primeira Liga,94,2026-09-14T18:45:04Z,2026-09-14T17:45:00Z,2026-09-14T12:46:34Z,298.4,Rio Ave,Estrela,+2,9,Handicap Result,0.80256822,0.12520064,0.07223114,0.82327113,0.11525796,0.06147091,0.02070291,-0.00994268,-0.01076023,1.12,8.0,15.0,Marathonbet,1.1,5.0,6.9,OBSERVED_CLOSE_FROZEN,Exact same European Handicap home-line; latest stored pre-kickoff triplet
EH|1575499|+3,1575499,Primeira Liga,94,2026-09-14T18:45:04Z,2026-09-14T17:45:00Z,2026-09-14T12:46:34Z,298.4,Rio Ave,Estrela,+3,9,Handicap Result,0.91154500,0.05576511,0.03268989,0.92207996,0.04998644,0.02793360,0.01053496,-0.00577867,-0.00475629,1.03,19.0,34.0,Marathonbet,,,,OBSERVED_CLOSE_FROZEN,Exact same European Handicap home-line; latest stored pre-kickoff triplet
EH|1584408|-2,1584408,Super Lig,203,2026-09-14T18:45:04Z,2026-09-14T17:00:00Z,2026-09-14T12:46:34Z,253.4,Gaziantep FK,Fenerbahçe,-2,9,Handicap Result,0.02777029,0.05554058,0.91668913,0.02327545,0.05022598,0.92649857,-0.00449484,-0.00531460,0.00980944,41.0,19.0,1.03,Marathonbet,,,,OBSERVED_CLOSE_FROZEN,Exact same European Handicap home-line; latest stored pre-kickoff triplet
EH|1584408|-1,1584408,Super Lig,203,2026-09-14T18:45:04Z,2026-09-14T17:00:00Z,2026-09-14T12:46:34Z,253.4,Gaziantep FK,Fenerbahçe,-1,9,Handicap Result,0.06188925,0.12377850,0.81433225,0.06188925,0.12377850,0.81433225,0.00000000,0.00000000,-0.00000000,15.0,7.5,1.14,Marathonbet,7.6,4.6,1.11,OBSERVED_CLOSE_FROZEN,Exact same European Handicap home-line; latest stored pre-kickoff triplet
EH|1584408|+1,1584408,Super Lig,203,2026-09-14T18:45:04Z,2026-09-14T17:00:00Z,2026-09-14T12:46:34Z,253.4,Gaziantep FK,Fenerbahçe,+1,9,Handicap Result,0.38659794,0.24536082,0.36804124,0.36804124,0.24536082,0.38659794,-0.01855670,0.00000000,0.01855670,2.5,3.75,2.38,Marathonbet,2.47,3.48,2.32,OBSERVED_CLOSE_FROZEN,Exact same European Handicap home-line; latest stored pre-kickoff triplet
EH|1584408|+2,1584408,Super Lig,203,2026-09-14T18:45:04Z,2026-09-14T17:00:00Z,2026-09-14T12:46:34Z,253.4,Gaziantep FK,Fenerbahçe,+2,9,Handicap Result,0.61889251,0.19543974,0.18566775,0.59523810,0.20238095,0.20238095,-0.02365441,0.00694121,0.01671320,1.53,4.5,4.5,Marathonbet,1.5,4.5,4.25,OBSERVED_CLOSE_FROZEN,Exact same European Handicap home-line; latest stored pre-kickoff triplet
EH|1584408|+3,1584408,Super Lig,203,2026-09-14T18:45:04Z,2026-09-14T17:00:00Z,2026-09-14T12:46:34Z,253.4,Gaziantep FK,Fenerbahçe,+3,9,Handicap Result,0.79216477,0.12357770,0.08425753,0.77725960,0.13102376,0.09171663,-0.01490517,0.00744606,0.00745910,1.18,7.0,10.0,Marathonbet,1.15,7.0,8.5,OBSERVED_CLOSE_FROZEN,Exact same European Handicap home-line; latest stored pre-kickoff triplet
EH|1547633|-3,1547633,A Lyga,362,2026-09-14T18:45:04Z,2026-09-14T15:45:00Z,2026-09-14T12:46:34Z,178.4,Banga,TransINVEST Vilnius,-3,9,Handicap Result,0.03244862,0.06273400,0.90481737,0.03244862,0.06273400,0.90481737,0.00000000,0.00000000,0.00000000,29.0,15.0,1.04,Marathonbet,,,,OBSERVED_CLOSE_FROZEN,Exact same European Handicap home-line; latest stored pre-kickoff triplet
EH|1557402|-3,1557402,Premier League,39,2026-09-15T00:45:52Z,2026-09-14T19:00:00Z,2026-09-14T18:45:04Z,14.9,Leeds,Newcastle,-3,9,Handicap Result,0.03636993,0.06304122,0.90058885,0.04087080,0.07230988,0.88681931,0.00450087,0.00926866,-0.01376954,23.0,13.0,1.06,Marathonbet,,,,OBSERVED_CLOSE_FROZEN,Exact same European Handicap home-line; latest stored pre-kickoff triplet
EH|1557402|-2,1557402,Premier League,39,2026-09-15T00:45:52Z,2026-09-14T19:00:00Z,2026-09-14T18:45:04Z,14.9,Leeds,Newcastle,-2,9,Handicap Result,0.08519270,0.13387424,0.78093306,0.09315165,0.14331023,0.76353812,0.00795895,0.00943599,-0.01739494,10.0,6.5,1.22,Marathonbet,7.8,6.35,1.19,OBSERVED_CLOSE_FROZEN,Exact same European Handicap home-line; latest stored pre-kickoff triplet
EH|1557402|-1,1557402,Premier League,39,2026-09-15T00:45:52Z,2026-09-14T19:00:00Z,2026-09-14T18:45:04Z,14.9,Leeds,Newcastle,-1,9,Handicap Result,0.21017403,0.21017403,0.57965194,0.22752044,0.22752044,0.54495913,0.01734641,0.01734641,-0.03469281,4.0,4.0,1.67,Marathonbet,4.1,3.92,1.66,OBSERVED_CLOSE_FROZEN,Exact same European Handicap home-line; latest stored pre-kickoff triplet
EH|1557402|+1,1557402,Premier League,39,2026-09-15T00:45:52Z,2026-09-14T19:00:00Z,2026-09-14T18:45:04Z,14.9,Leeds,Newcastle,+1,9,Handicap Result,0.65442021,0.19288175,0.15269805,0.67998745,0.18087666,0.13913589,0.02556724,-0.01200509,-0.01356216,1.33,5.0,6.5,Marathonbet,1.39,4.75,5.95,OBSERVED_CLOSE_FROZEN,Exact same European Handicap home-line; latest stored pre-kickoff triplet
EH|1557402|+2,1557402,Premier League,39,2026-09-15T00:45:52Z,2026-09-14T19:00:00Z,2026-09-14T18:45:04Z,14.9,Leeds,Newcastle,+2,9,Handicap Result,0.82889091,0.10921857,0.06189052,0.84592620,0.09883980,0.05523400,0.01703529,-0.01037877,-0.00665652,1.11,9.5,17.0,Marathonbet,1.1,4.9,6.6,OBSERVED_CLOSE_FROZEN,Exact same European Handicap home-line; latest stored pre-kickoff triplet
EH|1557402|+3,1557402,Premier League,39,2026-09-15T00:45:52Z,2026-09-14T19:00:00Z,2026-09-14T18:45:04Z,14.9,Leeds,Newcastle,+3,9,Handicap Result,0.91154500,0.05576511,0.03268989,0.91154500,0.05576511,0.03268989,0.00000000,-0.00000000,-0.00000000,1.04,17.0,29.0,Marathonbet,,,,OBSERVED_CLOSE_FROZEN,Exact same European Handicap home-line; latest stored pre-kickoff triplet
EH|1570382|-3,1570382,La Liga,140,2026-09-15T00:45:52Z,2026-09-14T19:00:00Z,2026-09-14T18:45:04Z,14.9,Villarreal,Real Betis,-3,9,Handicap Result,0.06244726,0.09367089,0.84388186,0.05508262,0.09364046,0.85127692,-0.00736464,-0.00003043,0.00739506,17.0,10.0,1.1,Marathonbet,,,,OBSERVED_CLOSE_FROZEN,Exact same European Handicap home-line; latest stored pre-kickoff triplet
EH|1570382|-2,1570382,La Liga,140,2026-09-15T00:45:52Z,2026-09-14T19:00:00Z,2026-09-14T18:45:04Z,14.9,Villarreal,Real Betis,-2,9,Handicap Result,0.14146200,0.16718236,0.69135564,0.13059361,0.16621005,0.70319635,-0.01086839,-0.00097231,0.01184071,7.0,5.5,1.3,Marathonbet,6.3,5.65,1.31,OBSERVED_CLOSE_FROZEN,Exact same European Handicap home-line; latest stored pre-kickoff triplet
EH|1570382|-1,1570382,La Liga,140,2026-09-15T00:45:52Z,2026-09-14T19:00:00Z,2026-09-14T18:45:04Z,14.9,Villarreal,Real Betis,-1,9,Handicap Result,0.27867136,0.22642048,0.49490816,0.26969273,0.22923882,0.50106845,-0.00897863,0.00281834,0.00616029,3.4,4.0,1.83,Marathonbet,3.28,3.92,1.9,OBSERVED_CLOSE_FROZEN,Exact same European Handicap home-line; latest stored pre-kickoff triplet
EH|1570382|+1,1570382,La Liga,140,2026-09-15T00:45:52Z,2026-09-14T19:00:00Z,2026-09-14T18:45:04Z,14.9,Villarreal,Real Betis,+1,9,Handicap Result,0.71801567,0.16710183,0.11488251,0.70642202,0.16440367,0.12917431,-0.01159365,-0.00269816,0.01429180,1.28,5.5,7.0,Marathonbet,1.31,5.45,6.95,OBSERVED_CLOSE_FROZEN,Exact same European Handicap home-line; latest stored pre-kickoff triplet
EH|1570382|+2,1570382,La Liga,140,2026-09-15T00:45:52Z,2026-09-14T19:00:00Z,2026-09-14T18:45:04Z,14.9,Villarreal,Real Betis,+2,9,Handicap Result,0.86578293,0.08500414,0.04921292,0.86363636,0.08636364,0.05000000,-0.00214657,0.00135950,0.00078708,1.1,11.0,19.0,Marathonbet,,,,OBSERVED_CLOSE_FROZEN,Exact same European Handicap home-line; latest stored pre-kickoff triplet
EH|1575497|-2,1575497,Primeira Liga,94,2026-09-15T00:45:52Z,2026-09-14T19:15:00Z,2026-09-14T18:45:04Z,29.9,Moreirense,Maritimo,-2,9,Handicap Result,0.05500982,0.11001965,0.83497053,0.06188925,0.12377850,0.81433225,0.00687943,0.01375885,-0.02063828,15.0,7.5,1.14,Marathonbet,7.4,4.85,1.1,OBSERVED_CLOSE_FROZEN,Exact same European Handicap home-line; latest stored pre-kickoff triplet
EH|1575497|-1,1575497,Primeira Liga,94,2026-09-15T00:45:52Z,2026-09-14T19:15:00Z,2026-09-14T18:45:04Z,29.9,Moreirense,Maritimo,-1,9,Handicap Result,0.16551724,0.22758621,0.60689655,0.16843880,0.21395228,0.61760892,0.00292156,-0.01363393,0.01071237,5.5,4.33,1.5,Marathonbet,5.65,4.2,1.43,OBSERVED_CLOSE_FROZEN,Exact same European Handicap home-line; latest stored pre-kickoff triplet
EH|1575497|+1,1575497,Primeira Liga,94,2026-09-15T00:45:52Z,2026-09-14T19:15:00Z,2026-09-14T18:45:04Z,29.9,Moreirense,Maritimo,+1,9,Handicap Result,0.60689655,0.22758621,0.16551724,0.64989494,0.21012769,0.13997737,0.04299839,-0.01745852,-0.02553987,1.4,4.33,6.5,Marathonbet,1.45,4.1,5.45,OBSERVED_CLOSE_FROZEN,Exact same European Handicap home-line; latest stored pre-kickoff triplet
EH|1575497|+2,1575497,Primeira Liga,94,2026-09-15T00:45:52Z,2026-09-14T19:15:00Z,2026-09-14T18:45:04Z,29.9,Moreirense,Maritimo,+2,9,Handicap Result,0.82068117,0.11694707,0.06237177,0.83620266,0.10919823,0.05459911,0.01552149,-0.00774884,-0.00777266,1.11,8.5,17.0,Marathonbet,1.1,5.0,7.1,OBSERVED_CLOSE_FROZEN,Exact same European Handicap home-line; latest stored pre-kickoff triplet
EH|1575497|+3,1575497,Primeira Liga,94,2026-09-15T00:45:52Z,2026-09-14T19:15:00Z,2026-09-14T18:45:04Z,29.9,Moreirense,Maritimo,+3,9,Handicap Result,0.92649857,0.05022598,0.02327545,0.92649857,0.05022598,0.02327545,0.00000000,-0.00000000,0.00000000,1.03,19.0,41.0,Marathonbet,,,,OBSERVED_CLOSE_FROZEN,Exact same European Handicap home-line; latest stored pre-kickoff triplet
EH|1575494|-3,1575494,Primeira Liga,94,2026-09-15T00:45:52Z,2026-09-14T19:45:00Z,2026-09-14T18:45:04Z,59.9,SC Braga,Estoril,-3,9,Handicap Result,0.09171663,0.13102376,0.77725960,0.13096862,0.15279673,0.71623465,0.03925199,0.02177297,-0.06102495,7.0,6.0,1.28,Marathonbet,6.6,6.1,1.24,OBSERVED_CLOSE_FROZEN,Exact same European Handicap home-line; latest stored pre-kickoff triplet
EH|1575494|-2,1575494,Primeira Liga,94,2026-09-15T00:45:52Z,2026-09-14T19:45:00Z,2026-09-14T18:45:04Z,59.9,SC Braga,Estoril,-2,9,Handicap Result,0.20238095,0.20238095,0.59523810,0.26099878,0.21096899,0.52803222,0.05861783,0.00858804,-0.06720588,3.5,4.33,1.73,Marathonbet,3.34,4.25,1.71,OBSERVED_CLOSE_FROZEN,Exact same European Handicap home-line; latest stored pre-kickoff triplet
EH|1575494|-1,1575494,Primeira Liga,94,2026-09-15T00:45:52Z,2026-09-14T19:45:00Z,2026-09-14T18:45:04Z,59.9,SC Braga,Estoril,-1,9,Handicap Result,0.40000000,0.24000000,0.36000000,0.45454545,0.24242424,0.30303030,0.05454545,0.00242424,-0.05696970,2.0,3.75,3.0,Marathonbet,1.93,3.64,3.1,OBSERVED_CLOSE_FROZEN,Exact same European Handicap home-line; latest stored pre-kickoff triplet
EH|1575494|+1,1575494,Primeira Liga,94,2026-09-15T00:45:52Z,2026-09-14T19:45:00Z,2026-09-14T18:45:04Z,59.9,SC Braga,Estoril,+1,9,Handicap Result,0.82327113,0.11525796,0.06147091,0.87428295,0.08504389,0.04067316,0.05101182,-0.03021407,-0.02079775,1.07,11.0,23.0,Marathonbet,1.1,4.85,7.4,OBSERVED_CLOSE_FROZEN,Exact same European Handicap home-line; latest stored pre-kickoff triplet
EH|1575494|+2,1575494,Primeira Liga,94,2026-09-15T00:45:52Z,2026-09-14T19:45:00Z,2026-09-14T18:45:04Z,59.9,SC Braga,Estoril,+2,9,Handicap Result,0.92649857,0.05022598,0.02327545,0.95246966,0.03317222,0.01435812,0.02597109,-0.01705376,-0.00891733,1.01,29.0,67.0,Marathonbet,,,,OBSERVED_CLOSE_FROZEN,Exact same European Handicap home-line; latest stored pre-kickoff triplet
EH|1575497|-3,1575497,Primeira Liga,94,2026-09-15T00:45:52Z,2026-09-14T19:15:00Z,2026-09-14T18:45:04Z,29.9,Moreirense,Maritimo,-3,9,Handicap Result,0.03268989,0.05576511,0.91154500,0.02793360,0.04998644,0.92207996,-0.00475629,-0.00577867,0.01053496,34.0,19.0,1.03,Marathonbet,,,,OBSERVED_CLOSE_FROZEN,Exact same European Handicap home-line; latest stored pre-kickoff triplet
EH|1552143|-4,1552143,Eredivisie,88,2026-09-15T18:43:13Z,2026-09-15T18:00:00Z,2026-09-15T12:44:49Z,315.2,Ajax,Willem II,-4,9,Handicap Result,0.15294118,0.14117647,0.70588235,0.18502203,0.15418502,0.66079295,0.03208085,0.01300855,-0.04508940,5.0,6.0,1.4,Marathonbet,4.6,5.7,1.36,OBSERVED_CLOSE_FROZEN,Exact same European Handicap home-line; latest stored pre-kickoff triplet
EH|1552143|-3,1552143,Eredivisie,88,2026-09-15T18:43:13Z,2026-09-15T18:00:00Z,2026-09-15T12:44:49Z,315.2,Ajax,Willem II,-3,9,Handicap Result,0.26911177,0.18299600,0.54789223,0.34207837,0.18868323,0.46923840,0.07296660,0.00568723,-0.07865383,2.62,4.75,1.91,Marathonbet,2.7,4.55,1.89,OBSERVED_CLOSE_FROZEN,Exact same European Handicap home-line; latest stored pre-kickoff triplet
EH|1552143|-2,1552143,Eredivisie,88,2026-09-15T18:43:13Z,2026-09-15T18:00:00Z,2026-09-15T12:44:49Z,315.2,Ajax,Willem II,-2,9,Handicap Result,0.43352601,0.20231214,0.36416185,0.49586777,0.20165289,0.30247934,0.06234176,-0.00065925,-0.06168251,1.83,4.5,3.0,Marathonbet,1.83,4.4,2.92,OBSERVED_CLOSE_FROZEN,Exact same European Handicap home-line; latest stored pre-kickoff triplet
EH|1552143|-1,1552143,Eredivisie,88,2026-09-15T18:43:13Z,2026-09-15T18:00:00Z,2026-09-15T12:44:49Z,315.2,Ajax,Willem II,-1,9,Handicap Result,0.61224490,0.18367347,0.20408163,0.67845395,0.16776316,0.15378289,0.06620905,-0.01591031,-0.05029874,1.36,5.5,6.0,Marathonbet,1.31,5.1,6.3,OBSERVED_CLOSE_FROZEN,Exact same European Handicap home-line; latest stored pre-kickoff triplet
EH|1552143|+1,1552143,Eredivisie,88,2026-09-15T18:43:13Z,2026-09-15T18:00:00Z,2026-09-15T12:44:49Z,315.2,Ajax,Willem II,+1,9,Handicap Result,0.90058885,0.06304122,0.03636993,0.92207996,0.04998644,0.02793360,0.02149111,-0.01305478,-0.00843633,1.03,19.0,34.0,Marathonbet,,,,OBSERVED_CLOSE_FROZEN,Exact same European Handicap home-line; latest stored pre-kickoff triplet
EH|1570391|-3,1570391,La Liga,140,2026-09-15T18:43:13Z,2026-09-15T17:00:00Z,2026-09-15T12:44:49Z,255.2,Rayo Vallecano,Espanyol,-3,9,Handicap Result,0.04505632,0.07884856,0.87609512,0.03636993,0.06304122,0.90058885,-0.00868639,-0.01580734,0.02449373,26.0,15.0,1.05,Marathonbet,,,,OBSERVED_CLOSE_FROZEN,Exact same European Handicap home-line; latest stored pre-kickoff triplet
EH|1570391|-2,1570391,La Liga,140,2026-09-15T18:43:13Z,2026-09-15T17:00:00Z,2026-09-15T12:44:49Z,255.2,Rayo Vallecano,Espanyol,-2,9,Handicap Result,0.11293634,0.16427105,0.72279261,0.08432432,0.14270270,0.77297297,-0.02861202,-0.02156835,0.05018036,11.0,6.5,1.2,Marathonbet,9.2,6.75,1.16,OBSERVED_CLOSE_FROZEN,Exact same European Handicap home-line; latest stored pre-kickoff triplet
EH|1570391|-1,1570391,La Liga,140,2026-09-15T18:43:13Z,2026-09-15T17:00:00Z,2026-09-15T12:44:49Z,255.2,Rayo Vallecano,Espanyol,-1,9,Handicap Result,0.24489796,0.24489796,0.51020408,0.21028993,0.22763885,0.56207123,-0.03460803,-0.01725911,0.05186715,4.33,4.0,1.62,Marathonbet,4.4,3.92,1.63,OBSERVED_CLOSE_FROZEN,Exact same European Handicap home-line; latest stored pre-kickoff triplet
EH|1570391|+1,1570391,La Liga,140,2026-09-15T18:43:13Z,2026-09-15T17:00:00Z,2026-09-15T12:44:49Z,255.2,Rayo Vallecano,Espanyol,+1,9,Handicap Result,0.73197782,0.16635860,0.10166359,0.67511425,0.18363108,0.14125467,-0.05686357,0.01727248,0.03959108,1.36,5.0,6.5,Marathonbet,1.39,4.7,6.25,OBSERVED_CLOSE_FROZEN,Exact same European Handicap home-line; latest stored pre-kickoff triplet
EH|1570391|+2,1570391,La Liga,140,2026-09-15T18:43:13Z,2026-09-15T17:00:00Z,2026-09-15T12:44:49Z,255.2,Rayo Vallecano,Espanyol,+2,9,Handicap Result,0.88052321,0.07851332,0.04096347,0.84592620,0.09883980,0.05523400,-0.03459701,0.02032648,0.01427053,1.11,9.5,17.0,Marathonbet,,,,OBSERVED_CLOSE_FROZEN,Exact same European Handicap home-line; latest stored pre-kickoff triplet
EH|1570383|-3,1570383,La Liga,140,2026-09-15T18:43:13Z,2026-09-15T18:00:00Z,2026-09-15T12:44:49Z,315.2,Alaves,Valencia,-3,9,Handicap Result,0.04469040,0.07820821,0.87710139,0.05523400,0.09883980,0.84592620,0.01054360,0.02063159,-0.03117519,17.0,9.5,1.11,Marathonbet,,,,OBSERVED_CLOSE_FROZEN,Exact same European Handicap home-line; latest stored pre-kickoff triplet
EH|1570383|-2,1570383,La Liga,140,2026-09-15T18:43:13Z,2026-09-15T18:00:00Z,2026-09-15T12:44:49Z,315.2,Alaves,Valencia,-2,9,Handicap Result,0.10166359,0.16635860,0.73197782,0.14125467,0.18363108,0.67511425,0.03959108,0.01727248,-0.05686357,6.5,5.0,1.36,Marathonbet,5.95,5.15,1.36,OBSERVED_CLOSE_FROZEN,Exact same European Handicap home-line; latest stored pre-kickoff triplet
EH|1570383|-1,1570383,La Liga,140,2026-09-15T18:43:13Z,2026-09-15T18:00:00Z,2026-09-15T12:44:49Z,315.2,Alaves,Valencia,-1,9,Handicap Result,0.24444815,0.25463349,0.50091835,0.30656934,0.25547445,0.43795620,0.06212119,0.00084096,-0.06296215,3.0,3.6,2.1,Marathonbet,2.94,3.48,2.17,OBSERVED_CLOSE_FROZEN,Exact same European Handicap home-line; latest stored pre-kickoff triplet
EH|1570383|+1,1570383,La Liga,140,2026-09-15T18:43:13Z,2026-09-15T18:00:00Z,2026-09-15T12:44:49Z,315.2,Alaves,Valencia,+1,9,Handicap Result,0.76089463,0.15471524,0.08439013,0.80312070,0.13423589,0.06264341,0.04222607,-0.02047935,-0.02174672,1.17,7.0,15.0,Marathonbet,1.16,4.1,6.2,OBSERVED_CLOSE_FROZEN,Exact same European Handicap home-line; latest stored pre-kickoff triplet
EH|1570383|+2,1570383,La Liga,140,2026-09-15T18:43:13Z,2026-09-15T18:00:00Z,2026-09-15T12:44:49Z,315.2,Alaves,Valencia,+2,9,Handicap Result,0.89527428,0.07231062,0.03241510,0.92105611,0.05580516,0.02313873,0.02578183,-0.01650546,-0.00927637,1.03,17.0,41.0,Marathonbet,,,,OBSERVED_CLOSE_FROZEN,Exact same European Handicap home-line; latest stored pre-kickoff triplet
EH|1553112|-2,1553112,Ekstraklasa,106,2026-09-15T18:43:13Z,2026-09-15T18:30:00Z,2026-09-15T12:44:49Z,345.2,Korona Kielce,Gornik Zabrze,-2,9,Handicap Result,0.07618284,0.12189254,0.80192462,0.07073716,0.12261107,0.80665177,-0.00544568,0.00071853,0.00472715,13.0,7.5,1.14,Marathonbet,6.85,4.75,1.1,OBSERVED_CLOSE_FROZEN,Exact same European Handicap home-line; latest stored pre-kickoff triplet
EH|1553112|-1,1553112,Ekstraklasa,106,2026-09-15T18:43:13Z,2026-09-15T18:30:00Z,2026-09-15T12:44:49Z,345.2,Korona Kielce,Gornik Zabrze,-1,9,Handicap Result,0.17910448,0.19900498,0.62189055,0.16421299,0.20858463,0.62720239,-0.01489149,0.00957965,0.00531184,5.5,4.33,1.44,Marathonbet,5.1,4.25,1.42,OBSERVED_CLOSE_FROZEN,Exact same European Handicap home-line; latest stored pre-kickoff triplet
EH|1553112|+1,1553112,Ekstraklasa,106,2026-09-15T18:43:13Z,2026-09-15T18:30:00Z,2026-09-15T12:44:49Z,345.2,Korona Kielce,Gornik Zabrze,+1,9,Handicap Result,0.60737831,0.21040819,0.18221349,0.61760892,0.21395228,0.16843880,0.01023061,0.00354409,-0.01377469,1.5,4.33,5.5,Marathonbet,1.44,4.15,4.9,OBSERVED_CLOSE_FROZEN,Exact same European Handicap home-line; latest stored pre-kickoff triplet
EH|1553112|+2,1553112,Ekstraklasa,106,2026-09-15T18:43:13Z,2026-09-15T18:30:00Z,2026-09-15T12:44:49Z,345.2,Korona Kielce,Gornik Zabrze,+2,9,Handicap Result,0.79216477,0.12357770,0.08425753,0.80192462,0.12189254,0.07618284,0.00975985,-0.00168516,-0.00807469,1.14,7.5,12.0,Marathonbet,1.11,4.75,6.5,OBSERVED_CLOSE_FROZEN,Exact same European Handicap home-line; latest stored pre-kickoff triplet
EH|1553112|+3,1553112,Ekstraklasa,106,2026-09-15T18:43:13Z,2026-09-15T18:30:00Z,2026-09-15T12:44:49Z,345.2,Korona Kielce,Gornik Zabrze,+3,9,Handicap Result,0.90144231,0.06250000,0.03605769,0.91232096,0.05527592,0.03240312,0.01087865,-0.00722408,-0.00365457,1.03,17.0,29.0,Marathonbet,,,,OBSERVED_CLOSE_FROZEN,Exact same European Handicap home-line; latest stored pre-kickoff triplet
EH|1553125|-3,1553125,Ekstraklasa,106,2026-09-15T18:43:13Z,2026-09-15T16:00:00Z,2026-09-15T12:44:49Z,195.2,Raków Częstochowa,Zaglebie Lubin,-3,9,Handicap Result,0.06197183,0.09295775,0.84507042,0.06197183,0.09295775,0.84507042,0.00000000,-0.00000000,0.00000000,15.0,10.0,1.1,Marathonbet,,,,OBSERVED_CLOSE_FROZEN,Exact same European Handicap home-line; latest stored pre-kickoff triplet
EH|1553125|-2,1553125,Ekstraklasa,106,2026-09-15T18:43:13Z,2026-09-15T16:00:00Z,2026-09-15T12:44:49Z,195.2,Raków Częstochowa,Zaglebie Lubin,-2,9,Handicap Result,0.14146200,0.16718236,0.69135564,0.14146200,0.16718236,0.69135564,-0.00000000,0.00000000,-0.00000000,6.5,5.5,1.33,Marathonbet,6.0,5.15,1.28,OBSERVED_CLOSE_FROZEN,Exact same European Handicap home-line; latest stored pre-kickoff triplet
EH|1553125|-1,1553125,Ekstraklasa,106,2026-09-15T18:43:13Z,2026-09-15T16:00:00Z,2026-09-15T12:44:49Z,195.2,Raków Częstochowa,Zaglebie Lubin,-1,9,Handicap Result,0.28617552,0.24420311,0.46962137,0.28617552,0.24420311,0.46962137,0.00000000,0.00000000,-0.00000000,3.2,3.75,1.95,Marathonbet,3.05,3.48,1.9,OBSERVED_CLOSE_FROZEN,Exact same European Handicap home-line; latest stored pre-kickoff triplet
EH|1553125|+1,1553125,Ekstraklasa,106,2026-09-15T18:43:13Z,2026-09-15T16:00:00Z,2026-09-15T12:44:49Z,195.2,Raków Częstochowa,Zaglebie Lubin,+1,9,Handicap Result,0.75088921,0.15268081,0.09642998,0.75088921,0.15268081,0.09642998,0.00000000,-0.00000000,0.00000000,1.22,6.0,9.5,Marathonbet,1.21,5.45,8.1,OBSERVED_CLOSE_FROZEN,Exact same European Handicap home-line; latest stored pre-kickoff triplet
EH|1553125|+2,1553125,Ekstraklasa,106,2026-09-15T18:43:13Z,2026-09-15T16:00:00Z,2026-09-15T12:44:49Z,195.2,Raków Częstochowa,Zaglebie Lubin,+2,9,Handicap Result,0.88681931,0.07230988,0.04087080,0.88681931,0.07230988,0.04087080,0.00000000,0.00000000,0.00000000,1.06,13.0,23.0,Marathonbet,,,,OBSERVED_CLOSE_FROZEN,Exact same European Handicap home-line; latest stored pre-kickoff triplet
EH|1515889|+2,1515889,Virsliga,365,2026-09-15T18:43:13Z,2026-09-15T16:00:00Z,2026-09-15T12:44:49Z,195.2,Super Nova,Riga,+2,9,Handicap Result,0.43734676,0.21210813,0.35054511,0.41874589,0.21275773,0.36849638,-0.01860087,0.00064960,0.01795127,2.2,4.33,2.5,Marathonbet,2.11,4.0,2.38,OBSERVED_CLOSE_FROZEN,Exact same European Handicap home-line; latest stored pre-kickoff triplet
EH|1552143|-5,1552143,Eredivisie,88,2026-09-15T18:43:13Z,2026-09-15T18:00:00Z,2026-09-15T12:44:49Z,315.2,Ajax,Willem II,-5,9,Handicap Result,0.09325332,0.10970978,0.79703690,0.09325332,0.10970978,0.79703690,-0.00000000,0.00000000,-0.00000000,10.0,8.5,1.17,Marathonbet,,,,OBSERVED_CLOSE_FROZEN,Exact same European Handicap home-line; latest stored pre-kickoff triplet
EH|1515889|-1,1515889,Virsliga,365,2026-09-15T18:43:13Z,2026-09-15T16:00:00Z,2026-09-15T12:44:49Z,195.2,Super Nova,Riga,-1,9,Handicap Result,0.04469040,0.07820821,0.87710139,0.04087080,0.07230988,0.88681931,-0.00381960,-0.00589833,0.00971792,23.0,13.0,1.06,Marathonbet,,,,OBSERVED_CLOSE_FROZEN,Exact same European Handicap home-line; latest stored pre-kickoff triplet
EH|1515889|+1,1515889,Virsliga,365,2026-09-15T18:43:13Z,2026-09-15T16:00:00Z,2026-09-15T12:44:49Z,195.2,Super Nova,Riga,+1,9,Handicap Result,0.22539480,0.20035093,0.57425427,0.22763885,0.21028993,0.56207123,0.00224405,0.00993900,-0.01218304,4.0,4.33,1.62,Marathonbet,3.65,4.05,1.61,OBSERVED_CLOSE_FROZEN,Exact same European Handicap home-line; latest stored pre-kickoff triplet
EH|1515889|+3,1515889,Virsliga,365,2026-09-15T18:43:13Z,2026-09-15T16:00:00Z,2026-09-15T12:44:49Z,195.2,Super Nova,Riga,+3,9,Handicap Result,0.59224163,0.18122594,0.22653243,0.60737831,0.18221349,0.21040819,0.01513668,0.00098755,-0.01612424,1.5,5.0,4.33,Marathonbet,1.46,4.8,4.0,OBSERVED_CLOSE_FROZEN,Exact same European Handicap home-line; latest stored pre-kickoff triplet
EH|1515889|+4,1515889,Virsliga,365,2026-09-15T18:43:13Z,2026-09-15T16:00:00Z,2026-09-15T12:44:49Z,195.2,Super Nova,Riga,+4,9,Handicap Result,0.75370121,0.13135935,0.11493943,0.75675676,0.12972973,0.11351351,0.00305555,-0.00162962,-0.00142592,1.2,7.0,8.0,Marathonbet,1.17,6.75,7.1,OBSERVED_CLOSE_FROZEN,Exact same European Handicap home-line; latest stored pre-kickoff triplet
EH|1556642|-3,1556642,Scottish Premiership,179,2026-09-16T00:44:23Z,2026-09-15T18:45:00Z,2026-09-15T18:43:13Z,1.8,Hibernian,Kilmarnock,-3,9,Handicap Result,0.10349006,0.13305865,0.76345128,0.13096862,0.15279673,0.71623465,0.02747856,0.01973808,-0.04721663,7.0,6.0,1.28,Marathonbet,6.6,6.3,1.24,OBSERVED_CLOSE_FROZEN,Exact same European Handicap home-line; latest stored pre-kickoff triplet
EH|1556642|-2,1556642,Scottish Premiership,179,2026-09-16T00:44:23Z,2026-09-15T18:45:00Z,2026-09-15T18:43:13Z,1.8,Hibernian,Kilmarnock,-2,9,Handicap Result,0.22779687,0.19182894,0.58037419,0.26309564,0.20462994,0.53227442,0.03529877,0.01280100,-0.04809977,3.5,4.5,1.73,Marathonbet,3.34,4.5,1.66,OBSERVED_CLOSE_FROZEN,Exact same European Handicap home-line; latest stored pre-kickoff triplet
EH|1556642|-1,1556642,Scottish Premiership,179,2026-09-16T00:44:23Z,2026-09-15T18:45:00Z,2026-09-15T18:43:13Z,1.8,Hibernian,Kilmarnock,-1,9,Handicap Result,0.40609137,0.22842640,0.36548223,0.44897959,0.22448980,0.32653061,0.04288822,-0.00393660,-0.03895162,2.0,4.0,2.75,Marathonbet,1.99,3.84,2.82,OBSERVED_CLOSE_FROZEN,Exact same European Handicap home-line; latest stored pre-kickoff triplet
EH|1556642|+1,1556642,Scottish Premiership,179,2026-09-16T00:44:23Z,2026-09-15T18:45:00Z,2026-09-15T18:43:13Z,1.8,Hibernian,Kilmarnock,+1,9,Handicap Result,0.80665177,0.12261107,0.07073716,0.84130650,0.10376113,0.05493237,0.03465473,-0.01884994,-0.01580479,1.11,9.0,17.0,Marathonbet,1.1,4.95,7.2,OBSERVED_CLOSE_FROZEN,Exact same European Handicap home-line; latest stored pre-kickoff triplet
EH|1556642|+2,1556642,Scottish Premiership,179,2026-09-16T00:44:23Z,2026-09-15T18:45:00Z,2026-09-15T18:43:13Z,1.8,Hibernian,Kilmarnock,+2,9,Handicap Result,0.91594828,0.05603448,0.02801724,0.93157621,0.04524799,0.02317580,0.01562793,-0.01078649,-0.00484144,1.02,21.0,41.0,Marathonbet,,,,OBSERVED_CLOSE_FROZEN,Exact same European Handicap home-line; latest stored pre-kickoff triplet
EH|1556643|-3,1556643,Scottish Premiership,179,2026-09-16T00:44:23Z,2026-09-15T18:45:00Z,2026-09-15T18:43:13Z,1.8,Motherwell,Aberdeen,-3,9,Handicap Result,0.06244726,0.09367089,0.84388186,0.06244726,0.09367089,0.84388186,-0.00000000,-0.00000000,-0.00000000,15.0,10.0,1.11,Marathonbet,,,,OBSERVED_CLOSE_FROZEN,Exact same European Handicap home-line; latest stored pre-kickoff triplet
EH|1556643|-2,1556643,Scottish Premiership,179,2026-09-16T00:44:23Z,2026-09-15T18:45:00Z,2026-09-15T18:43:13Z,1.8,Motherwell,Aberdeen,-2,9,Handicap Result,0.14146200,0.16718236,0.69135564,0.14146200,0.16718236,0.69135564,-0.00000000,0.00000000,-0.00000000,6.5,5.5,1.33,Marathonbet,5.9,5.3,1.3,OBSERVED_CLOSE_FROZEN,Exact same European Handicap home-line; latest stored pre-kickoff triplet
EH|1556643|-1,1556643,Scottish Premiership,179,2026-09-16T00:44:23Z,2026-09-15T18:45:00Z,2026-09-15T18:43:13Z,1.8,Motherwell,Aberdeen,-1,9,Handicap Result,0.28457026,0.23121333,0.48421641,0.28457026,0.23121333,0.48421641,-0.00000000,0.00000000,-0.00000000,3.25,4.0,1.91,Marathonbet,2.97,3.64,1.93,OBSERVED_CLOSE_FROZEN,Exact same European Handicap home-line; latest stored pre-kickoff triplet
EH|1556643|+1,1556643,Scottish Premiership,179,2026-09-16T00:44:23Z,2026-09-15T18:45:00Z,2026-09-15T18:43:13Z,1.8,Motherwell,Aberdeen,+1,9,Handicap Result,0.74226804,0.15463918,0.10309278,0.74226804,0.15463918,0.10309278,0.00000000,-0.00000000,0.00000000,1.25,6.0,9.0,Marathonbet,1.22,5.75,8.4,OBSERVED_CLOSE_FROZEN,Exact same European Handicap home-line; latest stored pre-kickoff triplet
EH|1556643|+2,1556643,Scottish Premiership,179,2026-09-16T00:44:23Z,2026-09-15T18:45:00Z,2026-09-15T18:43:13Z,1.8,Motherwell,Aberdeen,+2,9,Handicap Result,0.87710139,0.07820821,0.04469040,0.87710139,0.07820821,0.04469040,-0.00000000,-0.00000000,0.00000000,1.07,12.0,21.0,Marathonbet,,,,OBSERVED_CLOSE_FROZEN,Exact same European Handicap home-line; latest stored pre-kickoff triplet
EH|1556641|-2,1556641,Scottish Premiership,179,2026-09-16T00:44:23Z,2026-09-15T18:45:00Z,2026-09-15T18:43:13Z,1.8,Falkirk,Heart Of Midlothian,-2,9,Handicap Result,0.04921292,0.08500414,0.86578293,0.04469040,0.07820821,0.87710139,-0.00452252,-0.00679593,0.01131846,21.0,12.0,1.07,Marathonbet,,,,OBSERVED_CLOSE_FROZEN,Exact same European Handicap home-line; latest stored pre-kickoff triplet
EH|1556641|-1,1556641,Scottish Premiership,179,2026-09-16T00:44:23Z,2026-09-15T18:45:00Z,2026-09-15T18:43:13Z,1.8,Falkirk,Heart Of Midlothian,-1,9,Handicap Result,0.11488251,0.16710183,0.71801567,0.10309278,0.15463918,0.74226804,-0.01178973,-0.01246265,0.02425237,9.0,6.0,1.25,Marathonbet,7.1,5.2,1.26,OBSERVED_CLOSE_FROZEN,Exact same European Handicap home-line; latest stored pre-kickoff triplet
EH|1556641|+1,1556641,Scottish Premiership,179,2026-09-16T00:44:23Z,2026-09-15T18:45:00Z,2026-09-15T18:43:13Z,1.8,Falkirk,Heart Of Midlothian,+1,9,Handicap Result,0.50106845,0.22923882,0.26969273,0.50909091,0.22909091,0.26181818,0.00802246,-0.00014791,-0.00787455,1.8,4.0,3.5,Marathonbet,1.79,3.74,3.28,OBSERVED_CLOSE_FROZEN,Exact same European Handicap home-line; latest stored pre-kickoff triplet
EH|1556641|+2,1556641,Scottish Premiership,179,2026-09-16T00:44:23Z,2026-09-15T18:45:00Z,2026-09-15T18:43:13Z,1.8,Falkirk,Heart Of Midlothian,+2,9,Handicap Result,0.70319635,0.16621005,0.13059361,0.70319635,0.16621005,0.13059361,-0.00000000,-0.00000000,-0.00000000,1.3,5.5,7.0,Marathonbet,1.25,5.5,6.35,OBSERVED_CLOSE_FROZEN,Exact same European Handicap home-line; latest stored pre-kickoff triplet
EH|1556641|+3,1556641,Scottish Premiership,179,2026-09-16T00:44:23Z,2026-09-15T18:45:00Z,2026-09-15T18:43:13Z,1.8,Falkirk,Heart Of Midlothian,+3,9,Handicap Result,0.85858586,0.08585859,0.05555556,0.85127692,0.09364046,0.05508262,-0.00730894,0.00778187,-0.00047294,1.1,10.0,17.0,Marathonbet,,,,OBSERVED_CLOSE_FROZEN,Exact same European Handicap home-line; latest stored pre-kickoff triplet
EH|1570388|-1,1570388,La Liga,140,2026-09-16T00:44:23Z,2026-09-15T19:30:00Z,2026-09-15T18:43:13Z,46.8,Elche,Real Madrid,-1,9,Handicap Result,0.04087080,0.07230988,0.88681931,0.03273067,0.06327930,0.90399002,-0.00814013,-0.00903058,0.01717071,29.0,15.0,1.05,Marathonbet,,,,OBSERVED_CLOSE_FROZEN,Exact same European Handicap home-line; latest stored pre-kickoff triplet
EH|1570388|+1,1570388,La Liga,140,2026-09-16T00:44:23Z,2026-09-15T19:30:00Z,2026-09-15T18:43:13Z,46.8,Elche,Real Madrid,+1,9,Handicap Result,0.26099878,0.21096899,0.52803222,0.20238095,0.20238095,0.59523810,-0.05861783,-0.00858804,0.06720588,4.5,4.5,1.53,Marathonbet,4.65,4.3,1.58,OBSERVED_CLOSE_FROZEN,Exact same European Handicap home-line; latest stored pre-kickoff triplet
EH|1570388|+2,1570388,La Liga,140,2026-09-16T00:44:23Z,2026-09-15T19:30:00Z,2026-09-15T18:43:13Z,46.8,Elche,Real Madrid,+2,9,Handicap Result,0.44938720,0.20756914,0.34304366,0.38351920,0.21080270,0.40567809,-0.06586800,0.00323356,0.06263443,2.38,4.33,2.25,Marathonbet,2.38,4.15,2.25,OBSERVED_CLOSE_FROZEN,Exact same European Handicap home-line; latest stored pre-kickoff triplet
EH|1570388|+3,1570388,La Liga,140,2026-09-16T00:44:23Z,2026-09-15T19:30:00Z,2026-09-15T18:43:13Z,46.8,Elche,Real Madrid,+3,9,Handicap Result,0.64523698,0.16893477,0.18582825,0.57714506,0.18122355,0.24163140,-0.06809192,0.01228878,0.05580315,1.57,5.0,3.75,Marathonbet,1.57,4.8,3.6,OBSERVED_CLOSE_FROZEN,Exact same European Handicap home-line; latest stored pre-kickoff triplet
EH|1570388|+4,1570388,La Liga,140,2026-09-16T00:44:23Z,2026-09-15T19:30:00Z,2026-09-15T18:43:13Z,46.8,Elche,Real Madrid,+4,9,Handicap Result,0.79160895,0.11577281,0.09261825,0.73684211,0.13157895,0.13157895,-0.05476684,0.01580614,0.03896070,1.25,7.0,7.0,Marathonbet,1.21,6.6,6.25,OBSERVED_CLOSE_FROZEN,Exact same European Handicap home-line; latest stored pre-kickoff triplet
EH|1570384|-3,1570384,La Liga,140,2026-09-16T18:44:18Z,2026-09-16T17:00:00Z,2026-09-16T12:45:17Z,254.7,Atletico Madrid,Osasuna,-3,9,Handicap Result,0.10349006,0.13305865,0.76345128,0.11586453,0.14260250,0.74153298,0.01237447,0.00954385,-0.02191830,8.0,6.5,1.25,Marathonbet,7.2,6.4,1.23,OBSERVED_CLOSE_FROZEN,Exact same European Handicap home-line; latest stored pre-kickoff triplet
EH|1570384|-2,1570384,La Liga,140,2026-09-16T18:44:18Z,2026-09-16T17:00:00Z,2026-09-16T12:45:17Z,254.7,Atletico Madrid,Osasuna,-2,9,Handicap Result,0.22946176,0.20396601,0.56657224,0.24321670,0.21063802,0.54614528,0.01375494,0.00667201,-0.02042696,3.75,4.33,1.67,Marathonbet,3.58,4.3,1.71,OBSERVED_CLOSE_FROZEN,Exact same European Handicap home-line; latest stored pre-kickoff triplet
EH|1570384|-1,1570384,La Liga,140,2026-09-16T18:44:18Z,2026-09-16T17:00:00Z,2026-09-16T12:45:17Z,254.7,Atletico Madrid,Osasuna,-1,9,Handicap Result,0.41213977,0.24178867,0.34607156,0.45454545,0.24242424,0.30303030,0.04240568,0.00063557,-0.04304126,2.0,3.75,3.0,Marathonbet,2.07,3.55,3.12,OBSERVED_CLOSE_FROZEN,Exact same European Handicap home-line; latest stored pre-kickoff triplet
EH|1570384|+1,1570384,La Liga,140,2026-09-16T18:44:18Z,2026-09-16T17:00:00Z,2026-09-16T12:45:17Z,254.7,Atletico Madrid,Osasuna,+1,9,Handicap Result,0.84737364,0.10356789,0.04905847,0.86249384,0.09314933,0.04435683,0.01512020,-0.01041856,-0.00470164,1.08,10.0,21.0,Marathonbet,1.1,4.6,7.2,OBSERVED_CLOSE_FROZEN,Exact same European Handicap home-line; latest stored pre-kickoff triplet
EH|1570384|+2,1570384,La Liga,140,2026-09-16T18:44:18Z,2026-09-16T17:00:00Z,2026-09-16T12:45:17Z,254.7,Atletico Madrid,Osasuna,+2,9,Handicap Result,0.93582888,0.04545455,0.01871658,0.94883792,0.03685870,0.01430338,0.01300904,-0.00859585,-0.00441320,1.01,26.0,67.0,Marathonbet,,,,OBSERVED_CLOSE_FROZEN,Exact same European Handicap home-line; latest stored pre-kickoff triplet
EH|1570387|-3,1570387,La Liga,140,2026-09-16T18:44:18Z,2026-09-16T17:00:00Z,2026-09-16T12:45:17Z,254.7,Deportivo La Coruna,Sevilla,-3,9,Handicap Result,0.03268989,0.05576511,0.91154500,0.02777029,0.05554058,0.91668913,-0.00491960,-0.00022453,0.00514413,34.0,17.0,1.03,Marathonbet,,,,OBSERVED_CLOSE_FROZEN,Exact same European Handicap home-line; latest stored pre-kickoff triplet
EH|1570387|-2,1570387,La Liga,140,2026-09-16T18:44:18Z,2026-09-16T17:00:00Z,2026-09-16T12:45:17Z,254.7,Deportivo La Coruna,Sevilla,-2,9,Handicap Result,0.07159091,0.13295455,0.79545455,0.06188925,0.12377850,0.81433225,-0.00970166,-0.00917605,0.01887770,15.0,7.5,1.14,Marathonbet,6.6,4.55,1.12,OBSERVED_CLOSE_FROZEN,Exact same European Handicap home-line; latest stored pre-kickoff triplet
EH|1570387|-1,1570387,La Liga,140,2026-09-16T18:44:18Z,2026-09-16T17:00:00Z,2026-09-16T12:45:17Z,254.7,Deportivo La Coruna,Sevilla,-1,9,Handicap Result,0.18400234,0.23000293,0.58599473,0.18122594,0.22653243,0.59224163,-0.00277640,-0.00347050,0.00624690,5.0,4.0,1.53,Marathonbet,5.05,4.1,1.52,OBSERVED_CLOSE_FROZEN,Exact same European Handicap home-line; latest stored pre-kickoff triplet
EH|1570387|+1,1570387,La Liga,140,2026-09-16T18:44:18Z,2026-09-16T17:00:00Z,2026-09-16T12:45:17Z,254.7,Deportivo La Coruna,Sevilla,+1,9,Handicap Result,0.66822232,0.20195163,0.12982605,0.66865187,0.19144559,0.13990254,0.00042955,-0.01050604,0.01007649,1.36,4.75,6.5,Marathonbet,1.41,4.4,5.95,OBSERVED_CLOSE_FROZEN,Exact same European Handicap home-line; latest stored pre-kickoff triplet
EH|1570387|+2,1570387,La Liga,140,2026-09-16T18:44:18Z,2026-09-16T17:00:00Z,2026-09-16T12:45:17Z,254.7,Deportivo La Coruna,Sevilla,+2,9,Handicap Result,0.85201794,0.09865471,0.04932735,0.84130650,0.10376113,0.05493237,-0.01071144,0.00510642,0.00560502,1.11,9.0,17.0,Marathonbet,,,,OBSERVED_CLOSE_FROZEN,Exact same European Handicap home-line; latest stored pre-kickoff triplet
EH|1547599|-2,1547599,A Lyga,362,2026-09-16T18:44:18Z,2026-09-16T15:45:00Z,2026-09-16T12:45:17Z,179.7,FK Zalgiris Vilnius,Kauno Žalgiris,-2,9,Handicap Result,0.06147091,0.11525796,0.82327113,0.04957188,0.09418657,0.85624155,-0.01189903,-0.02107139,0.03297042,19.0,10.0,1.1,Marathonbet,,,,OBSERVED_CLOSE_FROZEN,Exact same European Handicap home-line; latest stored pre-kickoff triplet
EH|1547599|-1,1547599,A Lyga,362,2026-09-16T18:44:18Z,2026-09-16T15:45:00Z,2026-09-16T12:45:17Z,179.7,FK Zalgiris Vilnius,Kauno Žalgiris,-1,9,Handicap Result,0.15107914,0.20143885,0.64748201,0.12845850,0.17984190,0.69169960,-0.02262064,-0.02159695,0.04421759,7.0,5.0,1.3,Marathonbet,6.8,4.85,1.25,OBSERVED_CLOSE_FROZEN,Exact same European Handicap home-line; latest stored pre-kickoff triplet
EH|1547599|+2,1547599,A Lyga,362,2026-09-16T18:44:18Z,2026-09-16T15:45:00Z,2026-09-16T12:45:17Z,179.7,FK Zalgiris Vilnius,Kauno Žalgiris,+2,9,Handicap Result,0.76650943,0.14150943,0.09198113,0.71801567,0.16710183,0.11488251,-0.04849376,0.02559240,0.02290138,1.28,5.5,8.0,Marathonbet,1.19,5.95,7.8,OBSERVED_CLOSE_FROZEN,Exact same European Handicap home-line; latest stored pre-kickoff triplet
EH|1547599|+3,1547599,A Lyga,362,2026-09-16T18:44:18Z,2026-09-16T15:45:00Z,2026-09-16T12:45:17Z,179.7,FK Zalgiris Vilnius,Kauno Žalgiris,+3,9,Handicap Result,0.88338079,0.07202951,0.04458970,0.86578293,0.08500414,0.04921292,-0.01759786,0.01297463,0.00462322,1.08,11.0,19.0,Marathonbet,,,,OBSERVED_CLOSE_FROZEN,Exact same European Handicap home-line; latest stored pre-kickoff triplet
EH|1515898|-1,1515898,Virsliga,365,2026-09-16T18:44:18Z,2026-09-16T16:00:00Z,2026-09-16T12:45:17Z,194.7,Auda,Ogre United,-1,9,Handicap Result,0.47299961,0.22585731,0.30114308,0.49490816,0.22642048,0.27867136,0.02190855,0.00056317,-0.02247172,1.83,4.0,3.25,Marathonbet,1.81,3.78,3.12,OBSERVED_CLOSE_FROZEN,Exact same European Handicap home-line; latest stored pre-kickoff triplet
EH|1547599|+1,1547599,A Lyga,362,2026-09-16T18:44:18Z,2026-09-16T15:45:00Z,2026-09-16T12:45:17Z,179.7,FK Zalgiris Vilnius,Kauno Žalgiris,+1,9,Handicap Result,0.54495913,0.22752044,0.22752044,0.50143266,0.24068768,0.25787966,-0.04352647,0.01316724,0.03035922,1.8,3.75,3.5,Marathonbet,1.62,3.66,3.74,OBSERVED_CLOSE_FROZEN,Exact same European Handicap home-line; latest stored pre-kickoff triplet
EH|1515898|-3,1515898,Virsliga,365,2026-09-16T18:44:18Z,2026-09-16T16:00:00Z,2026-09-16T12:45:17Z,194.7,Auda,Ogre United,-3,9,Handicap Result,0.14911366,0.16266945,0.68821689,0.16545012,0.16545012,0.66909976,0.01633646,0.00278067,-0.01911713,5.5,5.5,1.36,Marathonbet,5.25,5.45,1.32,OBSERVED_CLOSE_FROZEN,Exact same European Handicap home-line; latest stored pre-kickoff triplet
EH|1515898|-2,1515898,Virsliga,365,2026-09-16T18:44:18Z,2026-09-16T16:00:00Z,2026-09-16T12:45:17Z,194.7,Auda,Ogre United,-2,9,Handicap Result,0.27217488,0.21371700,0.51410812,0.30010339,0.20792383,0.49197278,0.02792851,-0.00579317,-0.02213534,3.0,4.33,1.83,Marathonbet,2.88,4.1,1.85,OBSERVED_CLOSE_FROZEN,Exact same European Handicap home-line; latest stored pre-kickoff triplet
EH|1515898|+1,1515898,Virsliga,365,2026-09-16T18:44:18Z,2026-09-16T16:00:00Z,2026-09-16T12:45:17Z,194.7,Auda,Ogre United,+1,9,Handicap Result,0.82327113,0.11525796,0.06147091,0.86578293,0.08500414,0.04921292,0.04251180,-0.03025382,-0.01225799,1.08,11.0,19.0,Marathonbet,,,,OBSERVED_CLOSE_FROZEN,Exact same European Handicap home-line; latest stored pre-kickoff triplet
EH|1515898|+2,1515898,Virsliga,365,2026-09-16T18:44:18Z,2026-09-16T16:00:00Z,2026-09-16T12:45:17Z,194.7,Auda,Ogre United,+2,9,Handicap Result,0.92207996,0.04998644,0.02793360,0.92207996,0.04998644,0.02793360,0.00000000,0.00000000,-0.00000000,1.03,19.0,34.0,Marathonbet,,,,OBSERVED_CLOSE_FROZEN,Exact same European Handicap home-line; latest stored pre-kickoff triplet
EH|1515898|-4,1515898,Virsliga,365,2026-09-16T18:44:18Z,2026-09-16T16:00:00Z,2026-09-16T12:45:17Z,194.7,Auda,Ogre United,-4,9,Handicap Result,0.08316615,0.11435346,0.80248039,0.08372937,0.10835566,0.80791497,0.00056322,-0.00599780,0.00543458,11.0,8.5,1.14,Marathonbet,,,,OBSERVED_CLOSE_FROZEN,Exact same European Handicap home-line; latest stored pre-kickoff triplet
EH|1570385|-5,1570385,La Liga,140,2026-09-17T00:44:42Z,2026-09-16T19:30:00Z,2026-09-16T18:44:18Z,45.7,Barcelona,Racing Santander,-5,9,Handicap Result,0.15279673,0.13096862,0.71623465,0.18363108,0.14125467,0.67511425,0.03083435,0.01028605,-0.04112040,5.0,6.5,1.36,Marathonbet,4.7,6.7,1.34,OBSERVED_CLOSE_FROZEN,Exact same European Handicap home-line; latest stored pre-kickoff triplet
EH|1570385|-4,1570385,La Liga,140,2026-09-17T00:44:42Z,2026-09-16T19:30:00Z,2026-09-16T18:44:18Z,45.7,Barcelona,Racing Santander,-4,9,Handicap Result,0.26337570,0.16760272,0.56902158,0.31132075,0.16981132,0.51886792,0.04794505,0.00220860,-0.05015366,3.0,5.5,1.8,Marathonbet,2.89,5.35,1.77,OBSERVED_CLOSE_FROZEN,Exact same European Handicap home-line; latest stored pre-kickoff triplet
EH|1570385|-3,1570385,La Liga,140,2026-09-17T00:44:42Z,2026-09-16T19:30:00Z,2026-09-16T18:44:18Z,45.7,Barcelona,Racing Santander,-3,9,Handicap Result,0.41884332,0.19399059,0.38716609,0.46224418,0.18489767,0.35285815,0.04340086,-0.00909292,-0.03430794,2.0,5.0,2.62,Marathonbet,1.98,5.0,2.6,OBSERVED_CLOSE_FROZEN,Exact same European Handicap home-line; latest stored pre-kickoff triplet
EH|1570385|-2,1570385,La Liga,140,2026-09-17T00:44:42Z,2026-09-16T19:30:00Z,2026-09-16T18:44:18Z,45.7,Barcelona,Racing Santander,-2,9,Handicap Result,0.59224163,0.18122594,0.22653243,0.63218391,0.16551724,0.20229885,0.03994228,-0.01570870,-0.02423358,1.44,5.5,4.5,Marathonbet,1.46,5.6,4.33,OBSERVED_CLOSE_FROZEN,Exact same European Handicap home-line; latest stored pre-kickoff triplet
EH|1570385|-1,1570385,La Liga,140,2026-09-17T00:44:42Z,2026-09-16T19:30:00Z,2026-09-16T18:44:18Z,45.7,Barcelona,Racing Santander,-1,9,Handicap Result,0.75571632,0.14184214,0.10244155,0.78410873,0.12336644,0.09252483,0.02839241,-0.01847570,-0.00991672,1.18,7.5,10.0,Marathonbet,,,,OBSERVED_CLOSE_FROZEN,Exact same European Handicap home-line; latest stored pre-kickoff triplet
EH|1570389|-2,1570389,La Liga,140,2026-09-17T00:44:42Z,2026-09-16T19:30:00Z,2026-09-16T18:44:18Z,45.7,Levante,Athletic Club,-2,9,Handicap Result,0.04957188,0.09418657,0.85624155,0.04957188,0.09418657,0.85624155,-0.00000000,0.00000000,0.00000000,19.0,10.0,1.1,Marathonbet,,,,OBSERVED_CLOSE_FROZEN,Exact same European Handicap home-line; latest stored pre-kickoff triplet
EH|1570389|-1,1570389,La Liga,140,2026-09-17T00:44:42Z,2026-09-16T19:30:00Z,2026-09-16T18:44:18Z,45.7,Levante,Athletic Club,-1,9,Handicap Result,0.13049451,0.18269231,0.68681319,0.13049451,0.18269231,0.68681319,-0.00000000,-0.00000000,-0.00000000,7.0,5.0,1.33,Marathonbet,6.45,4.9,1.35,OBSERVED_CLOSE_FROZEN,Exact same European Handicap home-line; latest stored pre-kickoff triplet
EH|1570389|+1,1570389,La Liga,140,2026-09-17T00:44:42Z,2026-09-16T19:30:00Z,2026-09-16T18:44:18Z,45.7,Levante,Athletic Club,+1,9,Handicap Result,0.54495913,0.22752044,0.22752044,0.54495913,0.22752044,0.22752044,-0.00000000,-0.00000000,-0.00000000,1.67,4.0,4.0,Marathonbet,1.72,3.82,3.75,OBSERVED_CLOSE_FROZEN,Exact same European Handicap home-line; latest stored pre-kickoff triplet
EH|1570389|+2,1570389,La Liga,140,2026-09-17T00:44:42Z,2026-09-16T19:30:00Z,2026-09-16T18:44:18Z,45.7,Levante,Athletic Club,+2,9,Handicap Result,0.76353812,0.14331023,0.09315165,0.76353812,0.14331023,0.09315165,-0.00000000,0.00000000,0.00000000,1.22,6.5,10.0,Marathonbet,1.21,6.05,7.4,OBSERVED_CLOSE_FROZEN,Exact same European Handicap home-line; latest stored pre-kickoff triplet
EH|1570389|+3,1570389,La Liga,140,2026-09-17T00:44:42Z,2026-09-16T19:30:00Z,2026-09-16T18:44:18Z,45.7,Levante,Athletic Club,+3,9,Handicap Result,0.88681931,0.07230988,0.04087080,0.88681931,0.07230988,0.04087080,0.00000000,0.00000000,0.00000000,1.06,13.0,23.0,Marathonbet,,,,OBSERVED_CLOSE_FROZEN,Exact same European Handicap home-line; latest stored pre-kickoff triplet
EH|1570386|-3,1570386,La Liga,140,2026-09-17T18:43:35Z,2026-09-17T17:00:00Z,2026-09-17T12:44:25Z,255.6,Real Betis,Getafe,-3,9,Handicap Result,0.04921292,0.08500414,0.86578293,0.06189052,0.10921857,0.82889091,0.01267760,0.02421443,-0.03689202,15.0,8.5,1.12,Marathonbet,,,,OBSERVED_CLOSE_FROZEN,Exact same European Handicap home-line; latest stored pre-kickoff triplet
EH|1570386|-2,1570386,La Liga,140,2026-09-17T18:43:35Z,2026-09-17T17:00:00Z,2026-09-17T12:44:25Z,255.6,Real Betis,Getafe,-2,9,Handicap Result,0.11616572,0.16896832,0.71486596,0.15269805,0.19288175,0.65442021,0.03653233,0.02391343,-0.06044575,6.0,4.75,1.4,Marathonbet,5.65,4.9,1.41,OBSERVED_CLOSE_FROZEN,Exact same European Handicap home-line; latest stored pre-kickoff triplet
EH|1570386|-1,1570386,La Liga,140,2026-09-17T18:43:35Z,2026-09-17T17:00:00Z,2026-09-17T12:44:25Z,255.6,Real Betis,Getafe,-1,9,Handicap Result,0.26655768,0.25894174,0.47450058,0.32941176,0.25882353,0.41176471,0.06285408,-0.00011821,-0.06273587,2.75,3.5,2.2,Marathonbet,2.78,3.4,2.33,OBSERVED_CLOSE_FROZEN,Exact same European Handicap home-line; latest stored pre-kickoff triplet
EH|1570386|+1,1570386,La Liga,140,2026-09-17T18:43:35Z,2026-09-17T17:00:00Z,2026-09-17T12:44:25Z,255.6,Real Betis,Getafe,+1,9,Handicap Result,0.77380952,0.15476190,0.07142857,0.79491256,0.14308426,0.06200318,0.02110304,-0.01167764,-0.00942539,1.17,6.5,15.0,Marathonbet,1.15,4.15,6.45,OBSERVED_CLOSE_FROZEN,Exact same European Handicap home-line; latest stored pre-kickoff triplet
EH|1570386|+2,1570386,La Liga,140,2026-09-17T18:43:35Z,2026-09-17T17:00:00Z,2026-09-17T12:44:25Z,255.6,Real Betis,Getafe,+2,9,Handicap Result,0.90915573,0.06303480,0.02780947,0.92105611,0.05580516,0.02313873,0.01190038,-0.00722964,-0.00467074,1.03,17.0,41.0,Marathonbet,,,,OBSERVED_CLOSE_FROZEN,Exact same European Handicap home-line; latest stored pre-kickoff triplet
EH|1570390|-2,1570390,La Liga,140,2026-09-18T00:43:39Z,2026-09-17T19:30:00Z,2026-09-17T18:43:35Z,46.4,Malaga,Villarreal,-2,9,Handicap Result,0.04921292,0.08500414,0.86578293,0.04921292,0.08500414,0.86578293,0.00000000,0.00000000,0.00000000,19.0,11.0,1.08,Marathonbet,,,,OBSERVED_CLOSE_FROZEN,Exact same European Handicap home-line; latest stored pre-kickoff triplet
EH|1570390|-1,1570390,La Liga,140,2026-09-18T00:43:39Z,2026-09-17T19:30:00Z,2026-09-17T18:43:35Z,46.4,Malaga,Villarreal,-1,9,Handicap Result,0.11488251,0.16710183,0.71801567,0.11488251,0.16710183,0.71801567,-0.00000000,-0.00000000,-0.00000000,8.0,5.5,1.28,Marathonbet,7.1,5.35,1.29,OBSERVED_CLOSE_FROZEN,Exact same European Handicap home-line; latest stored pre-kickoff triplet
EH|1570390|+1,1570390,La Liga,140,2026-09-18T00:43:39Z,2026-09-17T19:30:00Z,2026-09-17T18:43:35Z,46.4,Malaga,Villarreal,+1,9,Handicap Result,0.50106845,0.22923882,0.26969273,0.50106845,0.22923882,0.26969273,0.00000000,-0.00000000,-0.00000000,1.83,4.0,3.4,Marathonbet,1.9,3.8,3.15,OBSERVED_CLOSE_FROZEN,Exact same European Handicap home-line; latest stored pre-kickoff triplet
EH|1570390|+2,1570390,La Liga,140,2026-09-18T00:43:39Z,2026-09-17T19:30:00Z,2026-09-17T18:43:35Z,46.4,Malaga,Villarreal,+2,9,Handicap Result,0.70319635,0.16621005,0.13059361,0.70319635,0.16621005,0.13059361,-0.00000000,-0.00000000,-0.00000000,1.3,5.5,7.0,Marathonbet,1.29,5.45,5.9,OBSERVED_CLOSE_FROZEN,Exact same European Handicap home-line; latest stored pre-kickoff triplet
EH|1570390|+3,1570390,La Liga,140,2026-09-18T00:43:39Z,2026-09-17T19:30:00Z,2026-09-17T18:43:35Z,46.4,Malaga,Villarreal,+3,9,Handicap Result,0.85127692,0.09364046,0.05508262,0.85127692,0.09364046,0.05508262,-0.00000000,0.00000000,0.00000000,1.1,10.0,17.0,Marathonbet,,,,OBSERVED_CLOSE_FROZEN,Exact same European Handicap home-line; latest stored pre-kickoff triplet
EH|1575167|-5,1575167,Bundesliga,78,2026-09-18T18:41:34Z,2026-09-18T18:30:00Z,2026-09-18T12:43:51Z,346.1,Bayern München,Union Berlin,-5,9,Handicap Result,0.11538462,0.11538462,0.76923077,0.21147859,0.15261705,0.63590436,0.09609397,0.03723243,-0.13332641,4.33,6.0,1.44,Marathonbet,3.82,5.95,1.46,OBSERVED_CLOSE_FROZEN,Exact same European Handicap home-line; latest stored pre-kickoff triplet
EH|1575167|-4,1575167,Bundesliga,78,2026-09-18T18:41:34Z,2026-09-18T18:30:00Z,2026-09-18T12:43:51Z,346.1,Bayern München,Union Berlin,-4,9,Handicap Result,0.21147859,0.15261705,0.63590436,0.34533633,0.18095624,0.47370743,0.13385774,0.02833919,-0.16219693,2.62,5.0,1.91,Marathonbet,2.53,5.05,2.0,OBSERVED_CLOSE_FROZEN,Exact same European Handicap home-line; latest stored pre-kickoff triplet
EH|1575167|-3,1575167,Bundesliga,78,2026-09-18T18:41:34Z,2026-09-18T18:30:00Z,2026-09-18T12:43:51Z,346.1,Bayern München,Union Berlin,-3,9,Handicap Result,0.34945742,0.19275336,0.45778922,0.51020408,0.18367347,0.30612245,0.16074666,-0.00907989,-0.15166677,1.8,5.0,3.0,Marathonbet,1.81,5.0,2.94,OBSERVED_CLOSE_FROZEN,Exact same European Handicap home-line; latest stored pre-kickoff triplet
EH|1575167|-2,1575167,Bundesliga,78,2026-09-18T18:41:34Z,2026-09-18T18:30:00Z,2026-09-18T12:43:51Z,346.1,Bayern München,Union Berlin,-2,9,Handicap Result,0.53389312,0.19444950,0.27165738,0.67845395,0.15378289,0.16776316,0.14456083,-0.04066661,-0.10389422,1.36,6.0,5.5,Marathonbet,1.35,5.9,5.0,OBSERVED_CLOSE_FROZEN,Exact same European Handicap home-line; latest stored pre-kickoff triplet
EH|1575167|-1,1575167,Bundesliga,78,2026-09-18T18:41:34Z,2026-09-18T18:30:00Z,2026-09-18T12:43:51Z,346.1,Bayern München,Union Berlin,-1,9,Handicap Result,0.70588235,0.15294118,0.14117647,0.78410873,0.12336644,0.09252483,0.07822638,-0.02957474,-0.04865164,1.18,7.5,10.0,Marathonbet,1.27,5.65,7.3,OBSERVED_CLOSE_FROZEN,Exact same European Handicap home-line; latest stored pre-kickoff triplet
EH|1575167|+1,1575167,Bundesliga,78,2026-09-18T18:41:34Z,2026-09-18T18:30:00Z,2026-09-16T12:45:17Z,3224.7,Bayern München,Union Berlin,+1,9,Handicap Result,0.91594828,0.05603448,0.02801724,0.91594828,0.05603448,0.02801724,-0.00000000,0.00000000,0.00000000,1.04,17.0,34.0,Marathonbet,,,,OBSERVED_CLOSE_FROZEN,Exact same European Handicap home-line; latest stored pre-kickoff triplet
EH|1561935|-3,1561935,Austrian Bundesliga,218,2026-09-18T18:41:34Z,2026-09-18T17:30:00Z,2026-09-18T12:43:51Z,286.1,Rapid Vienna,WSG Wattens,-3,9,Handicap Result,0.13096862,0.15279673,0.71623465,0.15357968,0.15357968,0.69284065,0.02261106,0.00078295,-0.02339400,6.0,6.0,1.33,Marathonbet,5.5,5.75,1.29,OBSERVED_CLOSE_FROZEN,Exact same European Handicap home-line; latest stored pre-kickoff triplet
EH|1561935|-2,1561935,Austrian Bundesliga,218,2026-09-18T18:41:34Z,2026-09-18T17:30:00Z,2026-09-18T12:43:51Z,286.1,Rapid Vienna,WSG Wattens,-2,9,Handicap Result,0.26309564,0.20462994,0.53227442,0.30010339,0.20792383,0.49197278,0.03700775,0.00329389,-0.04030164,3.0,4.33,1.83,Marathonbet,3.04,4.33,1.76,OBSERVED_CLOSE_FROZEN,Exact same European Handicap home-line; latest stored pre-kickoff triplet
EH|1561935|-1,1561935,Austrian Bundesliga,218,2026-09-18T18:41:34Z,2026-09-18T17:30:00Z,2026-09-18T12:43:51Z,286.1,Rapid Vienna,WSG Wattens,-1,9,Handicap Result,0.44897959,0.22448980,0.32653061,0.49490816,0.22642048,0.27867136,0.04592857,0.00193068,-0.04785925,1.83,4.0,3.25,Marathonbet,1.87,3.84,3.05,OBSERVED_CLOSE_FROZEN,Exact same European Handicap home-line; latest stored pre-kickoff triplet
EH|1561935|+1,1561935,Austrian Bundesliga,218,2026-09-18T18:41:34Z,2026-09-18T17:30:00Z,2026-09-18T12:43:51Z,286.1,Rapid Vienna,WSG Wattens,+1,9,Handicap Result,0.84130650,0.10376113,0.05493237,0.86578293,0.08500414,0.04921292,0.02447643,-0.01875699,-0.00571945,1.08,11.0,19.0,Marathonbet,,,,OBSERVED_CLOSE_FROZEN,Exact same European Handicap home-line; latest stored pre-kickoff triplet
EH|1561935|+2,1561935,Austrian Bundesliga,218,2026-09-18T18:41:34Z,2026-09-18T17:30:00Z,2026-09-18T12:43:51Z,286.1,Rapid Vienna,WSG Wattens,+2,9,Handicap Result,0.93157621,0.04524799,0.02317580,0.93954248,0.04166667,0.01879085,0.00796627,-0.00358132,-0.00438495,1.02,23.0,51.0,Marathonbet,,,,OBSERVED_CLOSE_FROZEN,Exact same European Handicap home-line; latest stored pre-kickoff triplet
EH|1552173|-3,1552173,Eredivisie,88,2026-09-18T18:41:34Z,2026-09-18T18:00:00Z,2026-09-18T12:43:51Z,316.1,Groningen,PEC Zwolle,-3,9,Handicap Result,0.09252483,0.12336644,0.78410873,0.09375000,0.12500000,0.78125000,0.00122517,0.00163356,-0.00285873,10.0,7.5,1.2,Marathonbet,6.25,6.3,1.22,OBSERVED_CLOSE_FROZEN,Exact same European Handicap home-line; latest stored pre-kickoff triplet
EH|1552173|-2,1552173,Eredivisie,88,2026-09-18T18:41:34Z,2026-09-18T18:00:00Z,2026-09-18T12:43:51Z,316.1,Groningen,PEC Zwolle,-2,9,Handicap Result,0.20408163,0.18367347,0.61224490,0.21040819,0.18221349,0.60737831,0.00632656,-0.00145998,-0.00486659,4.33,5.0,1.5,Marathonbet,3.5,4.65,1.57,OBSERVED_CLOSE_FROZEN,Exact same European Handicap home-line; latest stored pre-kickoff triplet
EH|1552173|-1,1552173,Eredivisie,88,2026-09-18T18:41:34Z,2026-09-18T18:00:00Z,2026-09-18T12:43:51Z,316.1,Groningen,PEC Zwolle,-1,9,Handicap Result,0.36213992,0.22633745,0.41152263,0.39874346,0.22429319,0.37696335,0.03660354,-0.00204426,-0.03455928,2.25,4.0,2.38,Marathonbet,2.14,3.94,2.43,OBSERVED_CLOSE_FROZEN,Exact same European Handicap home-line; latest stored pre-kickoff triplet
EH|1552173|+1,1552173,Eredivisie,88,2026-09-18T18:41:34Z,2026-09-18T18:00:00Z,2026-09-18T12:43:51Z,316.1,Groningen,PEC Zwolle,+1,9,Handicap Result,0.78093306,0.13387424,0.08519270,0.79076009,0.12441292,0.08482699,0.00982703,-0.00946132,-0.00036571,1.18,7.5,11.0,Marathonbet,1.12,4.9,6.5,OBSERVED_CLOSE_FROZEN,Exact same European Handicap home-line; latest stored pre-kickoff triplet
EH|1552173|+2,1552173,Eredivisie,88,2026-09-18T18:41:34Z,2026-09-18T18:00:00Z,2026-09-18T12:43:51Z,316.1,Groningen,PEC Zwolle,+2,9,Handicap Result,0.90058885,0.06304122,0.03636993,0.90058885,0.06304122,0.03636993,-0.00000000,-0.00000000,0.00000000,1.05,15.0,26.0,Marathonbet,,,,OBSERVED_CLOSE_FROZEN,Exact same European Handicap home-line; latest stored pre-kickoff triplet
EH|1549024|-3,1549024,Danish Superliga,119,2026-09-18T18:41:34Z,2026-09-18T17:00:00Z,2026-09-18T12:43:51Z,256.1,Lyngby,Silkeborg,-3,9,Handicap Result,0.08372937,0.10835566,0.80791497,0.07116634,0.10279582,0.82603784,-0.01256303,-0.00555984,0.01812287,13.0,9.0,1.12,Marathonbet,6.6,5.3,1.1,OBSERVED_CLOSE_FROZEN,Exact same European Handicap home-line; latest stored pre-kickoff triplet
EH|1549024|-2,1549024,Danish Superliga,119,2026-09-18T18:41:34Z,2026-09-18T17:00:00Z,2026-09-18T12:43:51Z,256.1,Lyngby,Silkeborg,-2,9,Handicap Result,0.16587678,0.18246445,0.65165877,0.15146495,0.16523450,0.68330055,-0.01441183,-0.01722995,0.03164178,6.0,5.5,1.33,Marathonbet,5.4,5.3,1.31,OBSERVED_CLOSE_FROZEN,Exact same European Handicap home-line; latest stored pre-kickoff triplet
EH|1549024|-1,1549024,Danish Superliga,119,2026-09-18T18:41:34Z,2026-09-18T17:00:00Z,2026-09-18T12:43:51Z,256.1,Lyngby,Silkeborg,-1,9,Handicap Result,0.32653061,0.22448980,0.44897959,0.28356457,0.21283715,0.50359828,-0.04296604,-0.01165265,0.05461869,3.25,4.33,1.83,Marathonbet,2.93,3.84,1.89,OBSERVED_CLOSE_FROZEN,Exact same European Handicap home-line; latest stored pre-kickoff triplet
EH|1549024|+1,1549024,Danish Superliga,119,2026-09-18T18:41:34Z,2026-09-18T17:00:00Z,2026-09-18T12:43:51Z,256.1,Lyngby,Silkeborg,+1,9,Handicap Result,0.75571632,0.14184214,0.10244155,0.70642202,0.16440367,0.12917431,-0.04929430,0.02256153,0.02673276,1.28,5.5,7.0,Marathonbet,1.26,5.4,6.65,OBSERVED_CLOSE_FROZEN,Exact same European Handicap home-line; latest stored pre-kickoff triplet
EH|1549024|+2,1549024,Danish Superliga,119,2026-09-18T18:41:34Z,2026-09-18T17:00:00Z,2026-09-18T12:43:51Z,256.1,Lyngby,Silkeborg,+2,9,Handicap Result,0.88240998,0.07262913,0.04496089,0.85858586,0.08585859,0.05555556,-0.02382412,0.01322946,0.01059467,1.1,11.0,17.0,Marathonbet,,,,OBSERVED_CLOSE_FROZEN,Exact same European Handicap home-line; latest stored pre-kickoff triplet
EH|1584418|-3,1584418,Super Lig,203,2026-09-18T18:41:34Z,2026-09-18T17:00:00Z,2026-09-18T12:43:51Z,256.1,Kasımpaşa,Konyaspor,-3,9,Handicap Result,0.03244862,0.06273400,0.90481737,0.03244862,0.06273400,0.90481737,0.00000000,0.00000000,0.00000000,29.0,15.0,1.04,Marathonbet,,,,OBSERVED_CLOSE_FROZEN,Exact same European Handicap home-line; latest stored pre-kickoff triplet
EH|1584418|-2,1584418,Super Lig,203,2026-09-18T18:41:34Z,2026-09-18T17:00:00Z,2026-09-18T12:43:51Z,256.1,Kasımpaşa,Konyaspor,-2,9,Handicap Result,0.07159091,0.13295455,0.79545455,0.07159091,0.13295455,0.79545455,-0.00000000,-0.00000000,-0.00000000,13.0,7.0,1.17,Marathonbet,6.95,4.8,1.12,OBSERVED_CLOSE_FROZEN,Exact same European Handicap home-line; latest stored pre-kickoff triplet
EH|1584418|+1,1584418,Super Lig,203,2026-09-18T18:41:34Z,2026-09-18T17:00:00Z,2026-09-18T12:43:51Z,256.1,Kasımpaşa,Konyaspor,+1,9,Handicap Result,0.66865187,0.19144559,0.13990254,0.66865187,0.19144559,0.13990254,-0.00000000,-0.00000000,0.00000000,1.36,4.75,6.5,Marathonbet,1.38,4.45,6.05,OBSERVED_CLOSE_FROZEN,Exact same European Handicap home-line; latest stored pre-kickoff triplet
EH|1584418|+2,1584418,Super Lig,203,2026-09-18T18:41:34Z,2026-09-18T17:00:00Z,2026-09-18T12:43:51Z,256.1,Kasımpaşa,Konyaspor,+2,9,Handicap Result,0.84130650,0.10376113,0.05493237,0.84130650,0.10376113,0.05493237,-0.00000000,0.00000000,-0.00000000,1.11,9.0,17.0,Marathonbet,,,,OBSERVED_CLOSE_FROZEN,Exact same European Handicap home-line; latest stored pre-kickoff triplet
EH|1553179|-3,1553179,Ekstraklasa,106,2026-09-18T18:41:34Z,2026-09-18T16:00:00Z,2026-09-18T12:43:51Z,196.2,Widzew Łódź,Wieczysta Kraków,-3,9,Handicap Result,0.06226835,0.10378058,0.83395107,0.05508262,0.09364046,0.85127692,-0.00718573,-0.01014012,0.01732585,17.0,10.0,1.1,Marathonbet,,,,OBSERVED_CLOSE_FROZEN,Exact same European Handicap home-line; latest stored pre-kickoff triplet
EH|1553179|-2,1553179,Ekstraklasa,106,2026-09-18T18:41:34Z,2026-09-18T16:00:00Z,2026-09-18T12:43:51Z,196.2,Widzew Łódź,Wieczysta Kraków,-2,9,Handicap Result,0.15124555,0.18149466,0.66725979,0.13059361,0.16621005,0.70319635,-0.02065194,-0.01528461,0.03593656,7.0,5.5,1.3,Marathonbet,6.4,5.6,1.27,OBSERVED_CLOSE_FROZEN,Exact same European Handicap home-line; latest stored pre-kickoff triplet
EH|1553179|-1,1553179,Ekstraklasa,106,2026-09-18T18:41:34Z,2026-09-18T16:00:00Z,2026-09-18T12:43:51Z,196.2,Widzew Łódź,Wieczysta Kraków,-1,9,Handicap Result,0.30303030,0.24242424,0.45454545,0.26969273,0.22923882,0.50106845,-0.03333757,-0.01318542,0.04652300,3.4,4.0,1.83,Marathonbet,3.14,3.74,1.87,OBSERVED_CLOSE_FROZEN,Exact same European Handicap home-line; latest stored pre-kickoff triplet
EH|1553179|+1,1553179,Ekstraklasa,106,2026-09-18T18:41:34Z,2026-09-18T16:00:00Z,2026-09-18T12:43:51Z,196.2,Widzew Łódź,Wieczysta Kraków,+1,9,Handicap Result,0.77297297,0.14270270,0.08432432,0.71801567,0.16710183,0.11488251,-0.05495730,0.02439913,0.03055819,1.28,5.5,8.0,Marathonbet,1.25,5.55,7.6,OBSERVED_CLOSE_FROZEN,Exact same European Handicap home-line; latest stored pre-kickoff triplet
EH|1553179|+2,1553179,Ekstraklasa,106,2026-09-18T18:41:34Z,2026-09-18T16:00:00Z,2026-09-18T12:43:51Z,196.2,Widzew Łódź,Wieczysta Kraków,+2,9,Handicap Result,0.89193825,0.07204117,0.03602058,0.87609512,0.07884856,0.04505632,-0.01584313,0.00680739,0.00903574,1.08,12.0,21.0,Marathonbet,,,,OBSERVED_CLOSE_FROZEN,Exact same European Handicap home-line; latest stored pre-kickoff triplet
EH|1553180|-3,1553180,Ekstraklasa,106,2026-09-18T18:41:34Z,2026-09-18T18:30:00Z,2026-09-18T12:43:51Z,346.1,Wisla Krakow,Slask Wroclaw,-3,9,Handicap Result,0.08316615,0.11435346,0.80248039,0.08491336,0.11675587,0.79833076,0.00174721,0.00240241,-0.00414963,11.0,8.0,1.17,Marathonbet,8.5,7.1,1.13,OBSERVED_CLOSE_FROZEN,Exact same European Handicap home-line; latest stored pre-kickoff triplet
EH|1553180|-2,1553180,Ekstraklasa,106,2026-09-18T18:41:34Z,2026-09-18T18:30:00Z,2026-09-18T12:43:51Z,346.1,Wisla Krakow,Slask Wroclaw,-2,9,Handicap Result,0.16893477,0.18582825,0.64523698,0.18274112,0.18274112,0.63451777,0.01380635,-0.00308713,-0.01071921,5.0,5.0,1.44,Marathonbet,4.5,4.65,1.43,OBSERVED_CLOSE_FROZEN,Exact same European Handicap home-line; latest stored pre-kickoff triplet
EH|1553180|-1,1553180,Ekstraklasa,106,2026-09-18T18:41:34Z,2026-09-18T18:30:00Z,2026-09-18T12:43:51Z,346.1,Wisla Krakow,Slask Wroclaw,-1,9,Handicap Result,0.34451645,0.22565827,0.42982528,0.35138157,0.23015493,0.41846350,0.00686512,0.00449666,-0.01136178,2.62,4.0,2.2,Marathonbet,2.46,3.48,2.23,OBSERVED_CLOSE_FROZEN,Exact same European Handicap home-line; latest stored pre-kickoff triplet
EH|1553180|+1,1553180,Ekstraklasa,106,2026-09-18T18:41:34Z,2026-09-18T18:30:00Z,2026-09-18T12:43:51Z,346.1,Wisla Krakow,Slask Wroclaw,+1,9,Handicap Result,0.77297297,0.14270270,0.08432432,0.77297297,0.14270270,0.08432432,0.00000000,0.00000000,0.00000000,1.2,6.5,11.0,Marathonbet,1.13,4.45,6.35,OBSERVED_CLOSE_FROZEN,Exact same European Handicap home-line; latest stored pre-kickoff triplet
EH|1553180|+2,1553180,Ekstraklasa,106,2026-09-18T18:41:34Z,2026-09-18T18:30:00Z,2026-09-18T12:43:51Z,346.1,Wisla Krakow,Slask Wroclaw,+2,9,Handicap Result,0.89193825,0.07204117,0.03602058,0.90058885,0.06304122,0.03636993,0.00865060,-0.00899995,0.00034935,1.05,15.0,26.0,Marathonbet,,,,OBSERVED_CLOSE_FROZEN,Exact same European Handicap home-line; latest stored pre-kickoff triplet
EH|1494768|-3,1494768,Eliteserien,103,2026-09-18T18:41:34Z,2026-09-18T17:00:00Z,2026-09-18T12:43:51Z,256.1,Sarpsborg 08 FF,KFUM Oslo,-3,9,Handicap Result,0.08491336,0.11675587,0.79833076,0.09252483,0.12336644,0.78410873,0.00761147,0.00661057,-0.01422203,10.0,7.5,1.18,Marathonbet,8.1,6.95,1.15,OBSERVED_CLOSE_FROZEN,Exact same European Handicap home-line; latest stored pre-kickoff triplet
EH|1494768|-2,1494768,Eliteserien,103,2026-09-18T18:41:34Z,2026-09-18T17:00:00Z,2026-09-18T12:43:51Z,256.1,Sarpsborg 08 FF,KFUM Oslo,-2,9,Handicap Result,0.18274112,0.18274112,0.63451777,0.20212766,0.19148936,0.60638298,0.01938654,0.00874824,-0.02813479,4.5,4.75,1.5,Marathonbet,4.3,4.65,1.46,OBSERVED_CLOSE_FROZEN,Exact same European Handicap home-line; latest stored pre-kickoff triplet
EH|1494768|-1,1494768,Eliteserien,103,2026-09-18T18:41:34Z,2026-09-18T17:00:00Z,2026-09-18T12:43:51Z,256.1,Sarpsborg 08 FF,KFUM Oslo,-1,9,Handicap Result,0.35138157,0.23015493,0.41846350,0.36548223,0.22842640,0.40609137,0.01410066,-0.00172853,-0.01237213,2.5,4.0,2.25,Marathonbet,2.39,3.56,2.29,OBSERVED_CLOSE_FROZEN,Exact same European Handicap home-line; latest stored pre-kickoff triplet
EH|1494768|+1,1494768,Eliteserien,103,2026-09-18T18:41:34Z,2026-09-18T17:00:00Z,2026-09-18T12:43:51Z,256.1,Sarpsborg 08 FF,KFUM Oslo,+1,9,Handicap Result,0.77297297,0.14270270,0.08432432,0.78523353,0.13124618,0.08352029,0.01226056,-0.01145652,-0.00080403,1.17,7.0,11.0,Marathonbet,1.14,4.6,6.6,OBSERVED_CLOSE_FROZEN,Exact same European Handicap home-line; latest stored pre-kickoff triplet
EH|1494768|+2,1494768,Eliteserien,103,2026-09-18T18:41:34Z,2026-09-18T17:00:00Z,2026-09-18T12:43:51Z,256.1,Sarpsborg 08 FF,KFUM Oslo,+2,9,Handicap Result,0.90058885,0.06304122,0.03636993,0.90058885,0.06304122,0.03636993,-0.00000000,-0.00000000,0.00000000,1.05,15.0,26.0,Marathonbet,,,,OBSERVED_CLOSE_FROZEN,Exact same European Handicap home-line; latest stored pre-kickoff triplet
EH|1584418|-1,1584418,Super Lig,203,2026-09-18T18:41:34Z,2026-09-18T17:00:00Z,2026-09-18T12:43:51Z,256.1,Kasımpaşa,Konyaspor,-1,9,Handicap Result,0.18400234,0.23000293,0.58599473,0.18400234,0.23000293,0.58599473,0.00000000,-0.00000000,-0.00000000,5.0,4.0,1.57,Marathonbet,4.8,3.96,1.52,OBSERVED_CLOSE_FROZEN,Exact same European Handicap home-line; latest stored pre-kickoff triplet
EH|1575167|-6,1575167,Bundesliga,78,2026-09-18T18:41:34Z,2026-09-18T18:30:00Z,2026-09-18T12:43:51Z,346.1,Bayern München,Union Berlin,-6,9,Handicap Result,0.11617312,0.10933941,0.77448747,0.11617312,0.10933941,0.77448747,0.00000000,-0.00000000,0.00000000,8.0,8.5,1.2,Marathonbet,,,,OBSERVED_CLOSE_FROZEN,Exact same European Handicap home-line; latest stored pre-kickoff triplet
EH|1552769|-3,1552769,Ligue 1,61,2026-09-19T00:43:06Z,2026-09-18T18:45:00Z,2026-09-18T18:41:34Z,3.4,Monaco,Lens,-3,9,Handicap Result,0.04496089,0.07262913,0.88240998,0.05555556,0.08585859,0.85858586,0.01059467,0.01322946,-0.02382412,17.0,11.0,1.1,Marathonbet,,,,OBSERVED_CLOSE_FROZEN,Exact same European Handicap home-line; latest stored pre-kickoff triplet
EH|1552769|-2,1552769,Ligue 1,61,2026-09-19T00:43:06Z,2026-09-18T18:45:00Z,2026-09-18T18:41:34Z,3.4,Monaco,Lens,-2,9,Handicap Result,0.10244155,0.14184214,0.75571632,0.12917431,0.16440367,0.70642202,0.02673276,0.02256153,-0.04929430,7.0,5.5,1.28,Marathonbet,6.15,5.6,1.28,OBSERVED_CLOSE_FROZEN,Exact same European Handicap home-line; latest stored pre-kickoff triplet
EH|1552769|-1,1552769,Ligue 1,61,2026-09-19T00:43:06Z,2026-09-18T18:45:00Z,2026-09-18T18:41:34Z,3.4,Monaco,Lens,-1,9,Handicap Result,0.22763885,0.21028993,0.56207123,0.26099878,0.21096899,0.52803222,0.03335993,0.00067906,-0.03403901,3.5,4.33,1.73,Marathonbet,3.28,3.82,1.85,OBSERVED_CLOSE_FROZEN,Exact same European Handicap home-line; latest stored pre-kickoff triplet
EH|1552769|+1,1552769,Ligue 1,61,2026-09-19T00:43:06Z,2026-09-18T18:45:00Z,2026-09-18T18:41:34Z,3.4,Monaco,Lens,+1,9,Handicap Result,0.65165877,0.18246445,0.16587678,0.71801567,0.16710183,0.11488251,0.06635690,-0.01536262,-0.05099427,1.28,5.5,8.0,Marathonbet,1.31,5.3,7.0,OBSERVED_CLOSE_FROZEN,Exact same European Handicap home-line; latest stored pre-kickoff triplet
EH|1552769|+2,1552769,Ligue 1,61,2026-09-19T00:43:06Z,2026-09-18T18:45:00Z,2026-09-18T18:41:34Z,3.4,Monaco,Lens,+2,9,Handicap Result,0.81845789,0.10976965,0.07177246,0.86578293,0.08500414,0.04921292,0.04732504,-0.02476551,-0.02255954,1.08,11.0,19.0,Marathonbet,1.1,5.0,6.4,OBSERVED_CLOSE_FROZEN,Exact same European Handicap home-line; latest stored pre-kickoff triplet
EH|1550133|-2,1550133,Serie A,135,2026-09-19T00:43:06Z,2026-09-18T18:45:00Z,2026-09-18T18:41:34Z,3.4,Monza,Sassuolo,-2,9,Handicap Result,0.06237177,0.11694707,0.82068117,0.07128341,0.11583555,0.81288104,0.00891164,-0.00111152,-0.00780013,13.0,8.0,1.14,Marathonbet,6.45,4.8,1.11,OBSERVED_CLOSE_FROZEN,Exact same European Handicap home-line; latest stored pre-kickoff triplet
EH|1550133|-1,1550133,Serie A,135,2026-09-19T00:43:06Z,2026-09-18T18:45:00Z,2026-09-18T18:41:34Z,3.4,Monza,Sassuolo,-1,9,Handicap Result,0.16551724,0.20229885,0.63218391,0.16729852,0.19371408,0.63898740,0.00178128,-0.00858477,0.00680349,5.5,4.75,1.44,Marathonbet,5.4,4.65,1.48,OBSERVED_CLOSE_FROZEN,Exact same European Handicap home-line; latest stored pre-kickoff triplet
EH|1550133|+1,1550133,Serie A,135,2026-09-19T00:43:06Z,2026-09-18T18:45:00Z,2026-09-18T18:41:34Z,3.4,Monza,Sassuolo,+1,9,Handicap Result,0.60737831,0.21040819,0.18221349,0.61224490,0.20408163,0.18367347,0.00486659,-0.00632656,0.00145998,1.5,4.5,5.0,Marathonbet,1.52,4.55,5.1,OBSERVED_CLOSE_FROZEN,Exact same European Handicap home-line; latest stored pre-kickoff triplet
EH|1550133|+2,1550133,Serie A,135,2026-09-19T00:43:06Z,2026-09-18T18:45:00Z,2026-09-18T18:41:34Z,3.4,Monza,Sassuolo,+2,9,Handicap Result,0.80256822,0.12520064,0.07223114,0.79216477,0.12357770,0.08425753,-0.01040345,-0.00162294,0.01202639,1.17,7.5,11.0,Marathonbet,1.12,4.75,6.05,OBSERVED_CLOSE_FROZEN,Exact same European Handicap home-line; latest stored pre-kickoff triplet
EH|1550133|+3,1550133,Serie A,135,2026-09-19T00:43:06Z,2026-09-18T18:45:00Z,2026-09-18T18:41:34Z,3.4,Monza,Sassuolo,+3,9,Handicap Result,0.91154500,0.05576511,0.03268989,0.90058885,0.06304122,0.03636993,-0.01095615,0.00727611,0.00368004,1.05,15.0,26.0,Marathonbet,,,,OBSERVED_CLOSE_FROZEN,Exact same European Handicap home-line; latest stored pre-kickoff triplet
EH|1557408|-2,1557408,Premier League,39,2026-09-19T00:43:06Z,2026-09-18T19:00:00Z,2026-09-18T18:41:34Z,18.4,Brentford,Chelsea,-2,9,Handicap Result,0.07223114,0.12520064,0.80256822,0.08491336,0.11675587,0.79833076,0.01268222,-0.00844477,-0.00423746,11.0,8.0,1.17,Marathonbet,9.8,7.8,1.14,OBSERVED_CLOSE_FROZEN,Exact same European Handicap home-line; latest stored pre-kickoff triplet
EH|1557408|-1,1557408,Premier League,39,2026-09-19T00:43:06Z,2026-09-18T19:00:00Z,2026-09-18T18:41:34Z,18.4,Brentford,Chelsea,-1,9,Handicap Result,0.18100026,0.19052659,0.62847314,0.18274112,0.18274112,0.63451777,0.00174086,-0.00778547,0.00604463,5.0,5.0,1.44,Marathonbet,4.75,4.75,1.53,OBSERVED_CLOSE_FROZEN,Exact same European Handicap home-line; latest stored pre-kickoff triplet
EH|1557408|+1,1557408,Premier League,39,2026-09-19T00:43:06Z,2026-09-18T19:00:00Z,2026-09-18T18:41:34Z,18.4,Brentford,Chelsea,+1,9,Handicap Result,0.57965194,0.21017403,0.21017403,0.60638298,0.19148936,0.20212766,0.02673104,-0.01868467,-0.00804637,1.5,4.75,4.5,Marathonbet,1.53,4.75,4.7,OBSERVED_CLOSE_FROZEN,Exact same European Handicap home-line; latest stored pre-kickoff triplet
EH|1557408|+2,1557408,Premier League,39,2026-09-19T00:43:06Z,2026-09-18T19:00:00Z,2026-09-18T18:41:34Z,18.4,Brentford,Chelsea,+2,9,Handicap Result,0.78379479,0.13212541,0.08407980,0.77433628,0.13274336,0.09292035,-0.00945851,0.00061795,0.00884055,1.2,7.0,10.0,Marathonbet,1.14,7.7,9.7,OBSERVED_CLOSE_FROZEN,Exact same European Handicap home-line; latest stored pre-kickoff triplet
EH|1557408|+3,1557408,Premier League,39,2026-09-19T00:43:06Z,2026-09-18T19:00:00Z,2026-09-18T18:41:34Z,18.4,Brentford,Chelsea,+3,9,Handicap Result,0.89633671,0.06274357,0.04091972,0.88338079,0.07202951,0.04458970,-0.01295592,0.00928594,0.00366998,1.06,13.0,21.0,Marathonbet,,,,OBSERVED_CLOSE_FROZEN,Exact same European Handicap home-line; latest stored pre-kickoff triplet
EH|1570397|-3,1570397,La Liga,140,2026-09-19T00:43:06Z,2026-09-18T19:00:00Z,2026-09-18T18:41:34Z,18.4,Espanyol,Elche,-3,9,Handicap Result,0.05508262,0.09364046,0.85127692,0.06180401,0.10300668,0.83518931,0.00672139,0.00936622,-0.01608761,15.0,9.0,1.11,Marathonbet,,,,OBSERVED_CLOSE_FROZEN,Exact same European Handicap home-line; latest stored pre-kickoff triplet
EH|1570397|-2,1570397,La Liga,140,2026-09-19T00:43:06Z,2026-09-18T19:00:00Z,2026-09-18T18:41:34Z,18.4,Espanyol,Elche,-2,9,Handicap Result,0.13059361,0.16621005,0.70319635,0.14125467,0.18363108,0.67511425,0.01066106,0.01742103,-0.02808210,6.5,5.0,1.36,Marathonbet,5.95,5.5,1.32,OBSERVED_CLOSE_FROZEN,Exact same European Handicap home-line; latest stored pre-kickoff triplet
EH|1570397|-1,1570397,La Liga,140,2026-09-19T00:43:06Z,2026-09-18T19:00:00Z,2026-09-18T18:41:34Z,18.4,Espanyol,Elche,-1,9,Handicap Result,0.27124004,0.24592430,0.48283567,0.30303030,0.24242424,0.45454545,0.03179026,-0.00350006,-0.02829022,3.0,3.75,2.0,Marathonbet,3.04,3.82,2.02,OBSERVED_CLOSE_FROZEN,Exact same European Handicap home-line; latest stored pre-kickoff triplet
EH|1570397|+1,1570397,La Liga,140,2026-09-19T00:43:06Z,2026-09-18T19:00:00Z,2026-09-18T18:41:34Z,18.4,Espanyol,Elche,+1,9,Handicap Result,0.76089463,0.15471524,0.08439013,0.77297297,0.14270270,0.08432432,0.01207834,-0.01201254,-0.00006581,1.2,6.5,11.0,Marathonbet,1.23,6.35,10.25,OBSERVED_CLOSE_FROZEN,Exact same European Handicap home-line; latest stored pre-kickoff triplet
EH|1570397|+2,1570397,La Liga,140,2026-09-19T00:43:06Z,2026-09-18T19:00:00Z,2026-09-18T18:41:34Z,18.4,Espanyol,Elche,+2,9,Handicap Result,0.89193825,0.07204117,0.03602058,0.90058885,0.06304122,0.03636993,0.00865060,-0.00899995,0.00034935,1.05,15.0,26.0,Marathonbet,,,,OBSERVED_CLOSE_FROZEN,Exact same European Handicap home-line; latest stored pre-kickoff triplet
EH|1558635|-3,1558635,Belgian Pro League,144,2026-09-19T00:43:06Z,2026-09-18T18:45:00Z,2026-09-18T18:41:34Z,3.4,Gent,Standard Liege,-3,9,Handicap Result,0.04921292,0.08500414,0.86578293,0.05508262,0.09364046,0.85127692,0.00586970,0.00863632,-0.01450601,17.0,10.0,1.1,Marathonbet,,,,OBSERVED_CLOSE_FROZEN,Exact same European Handicap home-line; latest stored pre-kickoff triplet
EH|1558635|-2,1558635,Belgian Pro League,144,2026-09-19T00:43:06Z,2026-09-18T18:45:00Z,2026-09-18T18:41:34Z,3.4,Gent,Standard Liege,-2,9,Handicap Result,0.11488251,0.16710183,0.71801567,0.13269841,0.16888889,0.69841270,0.01781590,0.00178706,-0.01960297,7.0,5.5,1.33,Marathonbet,6.1,5.2,1.3,OBSERVED_CLOSE_FROZEN,Exact same European Handicap home-line; latest stored pre-kickoff triplet
EH|1558635|-1,1558635,Belgian Pro League,144,2026-09-19T00:43:06Z,2026-09-18T18:45:00Z,2026-09-18T18:41:34Z,3.4,Gent,Standard Liege,-1,9,Handicap Result,0.26001705,0.24268258,0.49730037,0.28025042,0.24288369,0.47686589,0.02023337,0.00020111,-0.02043448,3.25,3.75,1.91,Marathonbet,2.98,3.48,1.98,OBSERVED_CLOSE_FROZEN,Exact same European Handicap home-line; latest stored pre-kickoff triplet
EH|1558635|+1,1558635,Belgian Pro League,144,2026-09-19T00:43:06Z,2026-09-18T18:45:00Z,2026-09-18T18:41:34Z,3.4,Gent,Standard Liege,+1,9,Handicap Result,0.73949580,0.16806723,0.09243697,0.76388889,0.15277778,0.08333333,0.02439309,-0.01528945,-0.00910364,1.2,6.0,11.0,Marathonbet,1.17,4.2,6.25,OBSERVED_CLOSE_FROZEN,Exact same European Handicap home-line; latest stored pre-kickoff triplet
EH|1558635|+2,1558635,Belgian Pro League,144,2026-09-19T00:43:06Z,2026-09-18T18:45:00Z,2026-09-18T18:41:34Z,3.4,Gent,Standard Liege,+2,9,Handicap Result,0.89102125,0.07265250,0.03632625,0.89193825,0.07204117,0.03602058,0.00091700,-0.00061133,-0.00030567,1.05,13.0,26.0,Marathonbet,,,,OBSERVED_CLOSE_FROZEN,Exact same European Handicap home-line; latest stored pre-kickoff triplet
EH|1557416|-3,1557416,Premier League,39,2026-09-19T12:42:35Z,2026-09-19T11:30:00Z,2026-09-19T06:42:45Z,287.2,Tottenham,Aston Villa,-3,9,Handicap Result,0.04921292,0.08500414,0.86578293,0.04956402,0.07847637,0.87195961,0.00035110,-0.00652777,0.00617668,19.0,12.0,1.08,Marathonbet,,,,OBSERVED_CLOSE_FROZEN,Exact same European Handicap home-line; latest stored pre-kickoff triplet
EH|1557416|-2,1557416,Premier League,39,2026-09-19T12:42:35Z,2026-09-19T11:30:00Z,2026-09-19T06:42:45Z,287.2,Tottenham,Aston Villa,-2,9,Handicap Result,0.11488251,0.16710183,0.71801567,0.11450382,0.15267176,0.73282443,-0.00037869,-0.01443007,0.01480876,8.0,6.0,1.25,Marathonbet,6.55,5.65,1.25,OBSERVED_CLOSE_FROZEN,Exact same European Handicap home-line; latest stored pre-kickoff triplet
EH|1557416|-1,1557416,Premier League,39,2026-09-19T12:42:35Z,2026-09-19T11:30:00Z,2026-09-19T06:42:45Z,287.2,Tottenham,Aston Villa,-1,9,Handicap Result,0.26181818,0.22909091,0.50909091,0.24870466,0.23316062,0.51813472,-0.01311352,0.00406971,0.00904381,3.75,4.0,1.8,Marathonbet,3.42,3.8,1.82,OBSERVED_CLOSE_FROZEN,Exact same European Handicap home-line; latest stored pre-kickoff triplet
EH|1557416|+1,1557416,Premier League,39,2026-09-19T12:42:35Z,2026-09-19T11:30:00Z,2026-09-19T06:42:45Z,287.2,Tottenham,Aston Villa,+1,9,Handicap Result,0.71801567,0.16710183,0.11488251,0.71801567,0.16710183,0.11488251,-0.00000000,-0.00000000,-0.00000000,1.28,5.5,8.0,Marathonbet,1.3,5.25,7.1,OBSERVED_CLOSE_FROZEN,Exact same European Handicap home-line; latest stored pre-kickoff triplet
EH|1557416|+2,1557416,Premier League,39,2026-09-19T12:42:35Z,2026-09-19T11:30:00Z,2026-09-19T06:42:45Z,287.2,Tottenham,Aston Villa,+2,9,Handicap Result,0.86985992,0.08540443,0.04473565,0.86985992,0.08540443,0.04473565,-0.00000000,-0.00000000,0.00000000,1.08,11.0,21.0,Marathonbet,,,,OBSERVED_CLOSE_FROZEN,Exact same European Handicap home-line; latest stored pre-kickoff triplet
EH|1570399|-3,1570399,La Liga,140,2026-09-19T12:42:35Z,2026-09-19T12:00:00Z,2026-09-19T06:42:45Z,317.2,Osasuna,Rayo Vallecano,-3,9,Handicap Result,0.03636993,0.06304122,0.90058885,0.03268989,0.05576511,0.91154500,-0.00368004,-0.00727611,0.01095615,29.0,17.0,1.04,Marathonbet,,,,OBSERVED_CLOSE_FROZEN,Exact same European Handicap home-line; latest stored pre-kickoff triplet
EH|1570399|-2,1570399,La Liga,140,2026-09-19T12:42:35Z,2026-09-19T12:00:00Z,2026-09-19T06:42:45Z,317.2,Osasuna,Rayo Vallecano,-2,9,Handicap Result,0.08432432,0.14270270,0.77297297,0.07223114,0.12520064,0.80256822,-0.01209318,-0.01750206,0.02959525,13.0,7.5,1.17,Marathonbet,6.4,4.5,1.13,OBSERVED_CLOSE_FROZEN,Exact same European Handicap home-line; latest stored pre-kickoff triplet
EH|1570399|-1,1570399,La Liga,140,2026-09-19T12:42:35Z,2026-09-19T12:00:00Z,2026-09-19T06:42:45Z,317.2,Osasuna,Rayo Vallecano,-1,9,Handicap Result,0.21028993,0.22763885,0.56207123,0.18221349,0.21040819,0.60737831,-0.02807644,-0.01723066,0.04530708,5.0,4.33,1.5,Marathonbet,4.85,4.1,1.56,OBSERVED_CLOSE_FROZEN,Exact same European Handicap home-line; latest stored pre-kickoff triplet
EH|1570399|+1,1570399,La Liga,140,2026-09-19T12:42:35Z,2026-09-19T12:00:00Z,2026-09-19T06:42:45Z,317.2,Osasuna,Rayo Vallecano,+1,9,Handicap Result,0.68681319,0.18269231,0.13049451,0.64748201,0.20143885,0.15107914,-0.03933118,0.01874654,0.02058463,1.4,4.5,6.0,Marathonbet,1.43,4.5,6.0,OBSERVED_CLOSE_FROZEN,Exact same European Handicap home-line; latest stored pre-kickoff triplet
EH|1570399|+2,1570399,La Liga,140,2026-09-19T12:42:35Z,2026-09-19T12:00:00Z,2026-09-19T06:42:45Z,317.2,Osasuna,Rayo Vallecano,+2,9,Handicap Result,0.85624155,0.09418657,0.04957188,0.82889091,0.10921857,0.06189052,-0.02735064,0.01503200,0.01231864,1.12,8.5,15.0,Marathonbet,,,,OBSERVED_CLOSE_FROZEN,Exact same European Handicap home-line; latest stored pre-kickoff triplet
EH|1547635|-3,1547635,A Lyga,362,2026-09-19T12:42:35Z,2026-09-19T11:15:00Z,2026-09-19T06:42:45Z,272.2,Banga,Džiugas Telšiai,-3,9,Handicap Result,0.04956402,0.07847637,0.87195961,0.04956402,0.07847637,0.87195961,0.00000000,-0.00000000,0.00000000,19.0,12.0,1.08,Marathonbet,,,,OBSERVED_CLOSE_FROZEN,Exact same European Handicap home-line; latest stored pre-kickoff triplet
EH|1547635|-2,1547635,A Lyga,362,2026-09-19T12:42:35Z,2026-09-19T11:15:00Z,2026-09-19T06:42:45Z,272.2,Banga,Džiugas Telšiai,-2,9,Handicap Result,0.11293634,0.16427105,0.72279261,0.11293634,0.16427105,0.72279261,0.00000000,-0.00000000,-0.00000000,8.0,5.5,1.25,Marathonbet,7.7,5.8,1.21,OBSERVED_CLOSE_FROZEN,Exact same European Handicap home-line; latest stored pre-kickoff triplet
EH|1547635|-1,1547635,A Lyga,362,2026-09-19T12:42:35Z,2026-09-19T11:15:00Z,2026-09-19T06:42:45Z,272.2,Banga,Džiugas Telšiai,-1,9,Handicap Result,0.23994452,0.23994452,0.52011096,0.23994452,0.23994452,0.52011096,0.00000000,0.00000000,-0.00000000,3.75,3.75,1.73,Marathonbet,3.58,3.66,1.65,OBSERVED_CLOSE_FROZEN,Exact same European Handicap home-line; latest stored pre-kickoff triplet
EH|1547635|+1,1547635,A Lyga,362,2026-09-19T12:42:35Z,2026-09-19T11:15:00Z,2026-09-19T06:42:45Z,272.2,Banga,Džiugas Telšiai,+1,9,Handicap Result,0.70298770,0.18277680,0.11423550,0.70298770,0.18277680,0.11423550,-0.00000000,0.00000000,0.00000000,1.3,5.0,8.0,Marathonbet,1.21,5.1,7.7,OBSERVED_CLOSE_FROZEN,Exact same European Handicap home-line; latest stored pre-kickoff triplet
EH|1547635|+2,1547635,A Lyga,362,2026-09-19T12:42:35Z,2026-09-19T11:15:00Z,2026-09-19T06:42:45Z,272.2,Banga,Džiugas Telšiai,+2,9,Handicap Result,0.86578293,0.08500414,0.04921292,0.86578293,0.08500414,0.04921292,0.00000000,0.00000000,0.00000000,1.08,11.0,19.0,Marathonbet,,,,OBSERVED_CLOSE_FROZEN,Exact same European Handicap home-line; latest stored pre-kickoff triplet
EH|1515925|-3,1515925,Virsliga,365,2026-09-19T12:42:35Z,2026-09-19T11:00:00Z,2026-09-19T06:42:45Z,257.2,FK Liepaja,BFC Daugavpils,-3,9,Handicap Result,0.06226835,0.10378058,0.83395107,0.06197183,0.09295775,0.84507042,-0.00029652,-0.01082283,0.01111935,15.0,10.0,1.1,Marathonbet,,,,OBSERVED_CLOSE_FROZEN,Exact same European Handicap home-line; latest stored pre-kickoff triplet
EH|1515925|-2,1515925,Virsliga,365,2026-09-19T12:42:35Z,2026-09-19T11:00:00Z,2026-09-19T06:42:45Z,257.2,FK Liepaja,BFC Daugavpils,-2,9,Handicap Result,0.15146495,0.16523450,0.68330055,0.13059361,0.16621005,0.70319635,-0.02087134,0.00097555,0.01989580,7.0,5.5,1.3,Marathonbet,7.2,6.05,1.22,OBSERVED_CLOSE_FROZEN,Exact same European Handicap home-line; latest stored pre-kickoff triplet
EH|1515925|+1,1515925,Virsliga,365,2026-09-19T12:42:35Z,2026-09-19T11:00:00Z,2026-09-19T06:42:45Z,257.2,FK Liepaja,BFC Daugavpils,+1,9,Handicap Result,0.70642202,0.16440367,0.12917431,0.71801567,0.16710183,0.11488251,0.01159365,0.00269816,-0.01429180,1.28,5.5,8.0,Marathonbet,1.24,5.3,6.95,OBSERVED_CLOSE_FROZEN,Exact same European Handicap home-line; latest stored pre-kickoff triplet
EH|1515925|+2,1515925,Virsliga,365,2026-09-19T12:42:35Z,2026-09-19T11:00:00Z,2026-09-19T06:42:45Z,257.2,FK Liepaja,BFC Daugavpils,+2,9,Handicap Result,0.85858586,0.08585859,0.05555556,0.86578293,0.08500414,0.04921292,0.00719707,-0.00085445,-0.00634264,1.08,11.0,19.0,Marathonbet,,,,OBSERVED_CLOSE_FROZEN,Exact same European Handicap home-line; latest stored pre-kickoff triplet
