fixture_id,competition_role,country,provider_competition_id,competition_name,season,round,kickoff_utc,home_team,away_team,attempt_count,last_attempt_at_utc,last_attempt_result,player_rows,last_error
1342186,DOMESTIC_LEAGUE,Norway,103,Eliteserien,2025,Regular Season - 1,2025-03-29T15:00:00+00:00,Stromsgodset,Rosenborg,1,2026-09-19T21:44:52Z,CAPTURED,40,
1342187,DOMESTIC_LEAGUE,Norway,103,Eliteserien,2025,Regular Season - 1,2025-03-29T17:00:00+00:00,Fredrikstad,Brann,1,2026-09-19T21:44:52Z,CAPTURED,40,
1342188,DOMESTIC_LEAGUE,Norway,103,Eliteserien,2025,Regular Season - 1,2025-03-30T12:30:00+00:00,Valerenga,Viking,1,2026-09-19T21:44:52Z,CAPTURED,40,
1342189,DOMESTIC_LEAGUE,Norway,103,Eliteserien,2025,Regular Season - 1,2025-03-30T15:00:00+00:00,Ham-Kam,Kristiansund BK,1,2026-09-19T21:44:52Z,CAPTURED,39,
1342190,DOMESTIC_LEAGUE,Norway,103,Eliteserien,2025,Regular Season - 1,2025-03-30T15:00:00+00:00,KFUM Oslo,Sandefjord,1,2026-09-19T21:44:52Z,CAPTURED,37,
1342191,DOMESTIC_LEAGUE,Norway,103,Eliteserien,2025,Regular Season - 1,2025-03-30T15:00:00+00:00,Molde,Sarpsborg 08 FF,1,2026-09-19T21:44:52Z,CAPTURED,40,
1342192,DOMESTIC_LEAGUE,Norway,103,Eliteserien,2025,Regular Season - 1,2025-03-30T15:00:00+00:00,Tromso,Haugesund,1,2026-09-19T21:44:52Z,CAPTURED,39,
1342193,DOMESTIC_LEAGUE,Norway,103,Eliteserien,2025,Regular Season - 1,2025-03-30T17:15:00+00:00,Bryne,Bodo/Glimt,1,2026-09-19T21:44:52Z,CAPTURED,39,
1342194,DOMESTIC_LEAGUE,Norway,103,Eliteserien,2025,Regular Season - 2,2025-04-05T16:00:00+00:00,Rosenborg,Fredrikstad,1,2026-09-19T21:44:52Z,CAPTURED,40,
1342195,DOMESTIC_LEAGUE,Norway,103,Eliteserien,2025,Regular Season - 2,2025-04-06T12:30:00+00:00,Brann,Tromso,1,2026-09-19T21:44:52Z,CAPTURED,40,
1342196,DOMESTIC_LEAGUE,Norway,103,Eliteserien,2025,Regular Season - 2,2025-04-05T14:00:00+00:00,Bodo/Glimt,Ham-Kam,1,2026-09-19T21:44:52Z,CAPTURED,40,
1342197,DOMESTIC_LEAGUE,Norway,103,Eliteserien,2025,Regular Season - 2,2025-04-06T15:00:00+00:00,Haugesund,Stromsgodset,1,2026-09-19T21:44:52Z,CAPTURED,38,
1342198,DOMESTIC_LEAGUE,Norway,103,Eliteserien,2025,Regular Season - 2,2025-04-06T15:00:00+00:00,Kristiansund BK,Bryne,1,2026-09-19T21:44:52Z,CAPTURED,39,
1342199,DOMESTIC_LEAGUE,Norway,103,Eliteserien,2025,Regular Season - 2,2025-04-06T15:00:00+00:00,Sandefjord,Molde,1,2026-09-19T21:44:52Z,CAPTURED,40,
1342200,DOMESTIC_LEAGUE,Norway,103,Eliteserien,2025,Regular Season - 2,2025-04-06T15:00:00+00:00,Sarpsborg 08 FF,Valerenga,1,2026-09-19T21:44:52Z,CAPTURED,40,
1342201,DOMESTIC_LEAGUE,Norway,103,Eliteserien,2025,Regular Season - 2,2025-04-06T17:15:00+00:00,Viking,KFUM Oslo,1,2026-09-19T21:44:52Z,CAPTURED,38,
1342202,DOMESTIC_LEAGUE,Norway,103,Eliteserien,2025,Regular Season - 3,2025-04-20T12:30:00+00:00,Tromso,Kristiansund BK,1,2026-09-19T21:44:52Z,CAPTURED,39,
1342203,DOMESTIC_LEAGUE,Norway,103,Eliteserien,2025,Regular Season - 3,2025-04-21T12:30:00+00:00,Valerenga,Rosenborg,1,2026-09-19T21:44:52Z,CAPTURED,40,
1342204,DOMESTIC_LEAGUE,Norway,103,Eliteserien,2025,Regular Season - 3,2025-04-21T15:00:00+00:00,Bryne,Haugesund,1,2026-09-19T21:44:52Z,CAPTURED,40,
1342205,DOMESTIC_LEAGUE,Norway,103,Eliteserien,2025,Regular Season - 3,2025-04-21T15:00:00+00:00,Fredrikstad,Sandefjord,1,2026-09-19T21:44:52Z,CAPTURED,40,
1342206,DOMESTIC_LEAGUE,Norway,103,Eliteserien,2025,Regular Season - 3,2025-04-21T15:00:00+00:00,Ham-Kam,Viking,1,2026-09-19T21:44:52Z,CAPTURED,40,
1342207,DOMESTIC_LEAGUE,Norway,103,Eliteserien,2025,Regular Season - 3,2025-04-21T15:00:00+00:00,KFUM Oslo,Sarpsborg 08 FF,1,2026-09-19T21:44:52Z,CAPTURED,39,
1342208,DOMESTIC_LEAGUE,Norway,103,Eliteserien,2025,Regular Season - 3,2025-04-21T15:00:00+00:00,Stromsgodset,Brann,1,2026-09-19T21:44:52Z,CAPTURED,40,
1342209,DOMESTIC_LEAGUE,Norway,103,Eliteserien,2025,Regular Season - 3,2025-04-21T17:15:00+00:00,Molde,Bodo/Glimt,1,2026-09-19T21:44:52Z,CAPTURED,40,
1342210,DOMESTIC_LEAGUE,Norway,103,Eliteserien,2025,Regular Season - 4,2025-04-27T12:30:00+00:00,Rosenborg,Molde,1,2026-09-19T21:44:52Z,CAPTURED,40,
1342211,DOMESTIC_LEAGUE,Norway,103,Eliteserien,2025,Regular Season - 4,2025-04-27T15:00:00+00:00,Bodo/Glimt,KFUM Oslo,1,2026-09-19T21:44:52Z,CAPTURED,37,
1342212,DOMESTIC_LEAGUE,Norway,103,Eliteserien,2025,Regular Season - 4,2025-04-27T15:00:00+00:00,Brann,Bryne,1,2026-09-19T21:44:52Z,CAPTURED,40,
1342213,DOMESTIC_LEAGUE,Norway,103,Eliteserien,2025,Regular Season - 4,2025-04-27T15:00:00+00:00,Haugesund,Fredrikstad,1,2026-09-19T21:44:52Z,CAPTURED,40,
1342214,DOMESTIC_LEAGUE,Norway,103,Eliteserien,2025,Regular Season - 4,2025-04-27T15:00:00+00:00,Kristiansund BK,Valerenga,1,2026-09-19T21:44:52Z,CAPTURED,40,
1342215,DOMESTIC_LEAGUE,Norway,103,Eliteserien,2025,Regular Season - 4,2025-04-27T15:00:00+00:00,Sandefjord,Ham-Kam,1,2026-09-19T21:44:52Z,CAPTURED,40,
1342216,DOMESTIC_LEAGUE,Norway,103,Eliteserien,2025,Regular Season - 4,2025-04-27T15:15:00+00:00,Sarpsborg 08 FF,Stromsgodset,1,2026-09-19T21:44:52Z,CAPTURED,38,
1342217,DOMESTIC_LEAGUE,Norway,103,Eliteserien,2025,Regular Season - 4,2025-04-27T17:15:00+00:00,Viking,Tromso,1,2026-09-19T21:44:52Z,CAPTURED,40,
1342219,DOMESTIC_LEAGUE,Norway,103,Eliteserien,2025,Regular Season - 5,2025-05-02T17:00:00+00:00,Ham-Kam,KFUM Oslo,1,2026-09-19T21:44:52Z,CAPTURED,38,
1342220,DOMESTIC_LEAGUE,Norway,103,Eliteserien,2025,Regular Season - 5,2025-05-03T16:00:00+00:00,Valerenga,Brann,1,2026-09-19T21:44:52Z,CAPTURED,38,
1342221,DOMESTIC_LEAGUE,Norway,103,Eliteserien,2025,Regular Season - 5,2025-05-04T15:00:00+00:00,Molde,Haugesund,1,2026-09-19T21:44:52Z,CAPTURED,40,
1342222,DOMESTIC_LEAGUE,Norway,103,Eliteserien,2025,Regular Season - 5,2025-05-04T15:00:00+00:00,Stromsgodset,Kristiansund BK,1,2026-09-19T21:44:52Z,CAPTURED,37,
1342223,DOMESTIC_LEAGUE,Norway,103,Eliteserien,2025,Regular Season - 5,2025-05-04T15:00:00+00:00,Tromso,Sandefjord,1,2026-09-19T21:44:52Z,CAPTURED,38,
1342224,DOMESTIC_LEAGUE,Norway,103,Eliteserien,2025,Regular Season - 5,2025-05-04T15:00:00+00:00,Viking,Sarpsborg 08 FF,1,2026-09-19T21:44:52Z,CAPTURED,40,
1342225,DOMESTIC_LEAGUE,Norway,103,Eliteserien,2025,Regular Season - 5,2025-05-04T17:15:00+00:00,Rosenborg,Bryne,1,2026-09-19T21:44:52Z,CAPTURED,40,
1342227,DOMESTIC_LEAGUE,Norway,103,Eliteserien,2025,Regular Season - 6,2025-05-11T12:30:00+00:00,Brann,Rosenborg,1,2026-09-19T21:44:52Z,CAPTURED,40,
1342228,DOMESTIC_LEAGUE,Norway,103,Eliteserien,2025,Regular Season - 6,2025-05-11T15:00:00+00:00,Bryne,Molde,1,2026-09-19T21:44:52Z,CAPTURED,38,
1342229,DOMESTIC_LEAGUE,Norway,103,Eliteserien,2025,Regular Season - 6,2025-05-11T15:00:00+00:00,KFUM Oslo,Tromso,1,2026-09-19T21:44:52Z,CAPTURED,40,
1342230,DOMESTIC_LEAGUE,Norway,103,Eliteserien,2025,Regular Season - 6,2025-05-11T15:00:00+00:00,Kristiansund BK,Fredrikstad,1,2026-09-19T21:44:52Z,CAPTURED,40,
1342231,DOMESTIC_LEAGUE,Norway,103,Eliteserien,2025,Regular Season - 6,2025-05-11T15:00:00+00:00,Sandefjord,Valerenga,1,2026-09-19T21:44:52Z,CAPTURED,40,
1342232,DOMESTIC_LEAGUE,Norway,103,Eliteserien,2025,Regular Season - 6,2025-05-11T15:00:00+00:00,Sarpsborg 08 FF,Ham-Kam,1,2026-09-19T21:44:52Z,CAPTURED,40,
1342233,DOMESTIC_LEAGUE,Norway,103,Eliteserien,2025,Regular Season - 6,2025-05-11T17:15:00+00:00,Haugesund,Viking,1,2026-09-19T21:44:52Z,CAPTURED,40,
1342234,DOMESTIC_LEAGUE,Norway,103,Eliteserien,2025,Regular Season - 7,2025-05-16T16:00:00+00:00,Brann,Sarpsborg 08 FF,1,2026-09-19T21:44:52Z,CAPTURED,40,
1342235,DOMESTIC_LEAGUE,Norway,103,Eliteserien,2025,Regular Season - 7,2025-05-16T16:00:00+00:00,Fredrikstad,KFUM Oslo,1,2026-09-19T21:44:52Z,CAPTURED,40,
1342236,DOMESTIC_LEAGUE,Norway,103,Eliteserien,2025,Regular Season - 7,2025-05-16T16:00:00+00:00,Molde,Kristiansund BK,1,2026-09-19T21:44:52Z,CAPTURED,40,
1342237,DOMESTIC_LEAGUE,Norway,103,Eliteserien,2025,Regular Season - 7,2025-05-16T16:00:00+00:00,Rosenborg,Haugesund,1,2026-09-19T21:44:52Z,CAPTURED,40,
1342238,DOMESTIC_LEAGUE,Norway,103,Eliteserien,2025,Regular Season - 7,2025-05-16T16:00:00+00:00,Stromsgodset,Bryne,1,2026-09-19T21:44:52Z,CAPTURED,39,
1342239,DOMESTIC_LEAGUE,Norway,103,Eliteserien,2025,Regular Season - 7,2025-05-16T16:00:00+00:00,Tromso,Bodo/Glimt,1,2026-09-19T21:44:52Z,CAPTURED,40,
1342240,DOMESTIC_LEAGUE,Norway,103,Eliteserien,2025,Regular Season - 7,2025-05-16T16:00:00+00:00,Viking,Sandefjord,1,2026-09-19T21:44:52Z,CAPTURED,39,
1342241,DOMESTIC_LEAGUE,Norway,103,Eliteserien,2025,Regular Season - 7,2025-05-16T18:00:00+00:00,Valerenga,Ham-Kam,1,2026-09-19T21:44:52Z,CAPTURED,40,
1342306,DOMESTIC_LEAGUE,Norway,103,Eliteserien,2025,Regular Season - 16,2025-04-10T17:00:00+00:00,Viking,Kristiansund BK,1,2026-09-19T21:44:52Z,CAPTURED,39,
1342314,DOMESTIC_LEAGUE,Norway,103,Eliteserien,2025,Regular Season - 17,2025-04-09T17:00:00+00:00,Fredrikstad,Valerenga,1,2026-09-19T21:44:52Z,CAPTURED,40,
1342315,DOMESTIC_LEAGUE,Norway,103,Eliteserien,2025,Regular Season - 17,2025-04-10T17:00:00+00:00,Brann,Stromsgodset,1,2026-09-19T21:44:52Z,CAPTURED,38,
1342316,DOMESTIC_LEAGUE,Norway,103,Eliteserien,2025,Regular Season - 17,2025-05-01T16:00:00+00:00,Rosenborg,Kristiansund BK,1,2026-09-19T21:44:52Z,CAPTURED,40,
1342322,DOMESTIC_LEAGUE,Norway,103,Eliteserien,2025,Regular Season - 18,2025-04-30T16:00:00+00:00,Viking,Haugesund,1,2026-09-19T21:44:52Z,CAPTURED,40,
1350322,DOMESTIC_LEAGUE,Latvia,365,Virsliga,2025,Regular season - 1,2025-03-05T16:00:00+00:00,Auda,Rīgas FS,1,2026-09-19T21:44:52Z,NO_DATA,0,
1350323,DOMESTIC_LEAGUE,Latvia,365,Virsliga,2025,Regular season - 1,2025-03-06T16:00:00+00:00,Riga,Super Nova,1,2026-09-19T21:44:52Z,NO_DATA,0,
1350324,DOMESTIC_LEAGUE,Latvia,365,Virsliga,2025,Regular season - 1,2025-03-06T16:00:00+00:00,Grobiņa,FS Jelgava,1,2026-09-19T21:44:52Z,NO_DATA,0,
1350325,DOMESTIC_LEAGUE,Latvia,365,Virsliga,2025,Regular season - 1,2025-03-07T15:30:00+00:00,BFC Daugavpils,Tukums,1,2026-09-19T21:44:52Z,NO_DATA,0,
1350326,DOMESTIC_LEAGUE,Latvia,365,Virsliga,2025,Regular season - 1,2025-03-07T16:30:00+00:00,FK Liepaja,Metta / LU,1,2026-09-19T21:44:52Z,NO_DATA,0,
1350327,DOMESTIC_LEAGUE,Latvia,365,Virsliga,2025,Regular season - 2,2025-03-10T17:00:00+00:00,Riga,Auda,1,2026-09-19T21:44:52Z,NO_DATA,0,
1350328,DOMESTIC_LEAGUE,Latvia,365,Virsliga,2025,Regular season - 2,2025-03-11T16:00:00+00:00,Grobiņa,BFC Daugavpils,1,2026-09-19T21:44:52Z,NO_DATA,0,
1350329,DOMESTIC_LEAGUE,Latvia,365,Virsliga,2025,Regular season - 2,2025-03-11T17:00:00+00:00,Rīgas FS,FS Jelgava,1,2026-09-19T21:44:52Z,NO_DATA,0,
1350330,DOMESTIC_LEAGUE,Latvia,365,Virsliga,2025,Regular season - 2,2025-03-12T16:00:00+00:00,FK Liepaja,Tukums,1,2026-09-19T21:44:52Z,NO_DATA,0,
1350331,DOMESTIC_LEAGUE,Latvia,365,Virsliga,2025,Regular season - 2,2025-03-12T17:00:00+00:00,Super Nova,Metta / LU,1,2026-09-19T21:44:52Z,NO_DATA,0,
1350332,DOMESTIC_LEAGUE,Latvia,365,Virsliga,2025,Regular season - 3,2025-03-15T12:00:00+00:00,FS Jelgava,Riga,1,2026-09-19T21:44:52Z,NO_DATA,0,
1350333,DOMESTIC_LEAGUE,Latvia,365,Virsliga,2025,Regular season - 3,2025-03-15T14:00:00+00:00,BFC Daugavpils,Rīgas FS,1,2026-09-19T21:44:52Z,NO_DATA,0,
1350334,DOMESTIC_LEAGUE,Latvia,365,Virsliga,2025,Regular season - 3,2025-03-16T11:00:00+00:00,Metta / LU,Tukums,1,2026-09-19T21:44:52Z,NO_DATA,0,
1350335,DOMESTIC_LEAGUE,Latvia,365,Virsliga,2025,Regular season - 3,2025-03-16T17:00:00+00:00,FK Liepaja,Grobiņa,1,2026-09-19T21:44:52Z,NO_DATA,0,
1350336,DOMESTIC_LEAGUE,Latvia,365,Virsliga,2025,Regular season - 3,2025-03-16T15:00:00+00:00,Auda,Super Nova,1,2026-09-19T21:44:52Z,NO_DATA,0,
1350337,DOMESTIC_LEAGUE,Latvia,365,Virsliga,2025,Regular season - 4,2025-03-29T13:00:00+00:00,Riga,BFC Daugavpils,1,2026-09-19T21:44:52Z,NO_DATA,0,
1350338,DOMESTIC_LEAGUE,Latvia,365,Virsliga,2025,Regular season - 4,2025-03-29T15:00:00+00:00,Rīgas FS,FK Liepaja,1,2026-09-19T21:44:52Z,NO_DATA,0,
1350339,DOMESTIC_LEAGUE,Latvia,365,Virsliga,2025,Regular season - 4,2025-03-30T12:00:00+00:00,Grobiņa,Metta / LU,1,2026-09-19T21:44:52Z,NO_DATA,0,
1350340,DOMESTIC_LEAGUE,Latvia,365,Virsliga,2025,Regular season - 4,2025-03-30T14:00:00+00:00,Auda,FS Jelgava,1,2026-09-19T21:44:52Z,NO_DATA,0,
1350341,DOMESTIC_LEAGUE,Latvia,365,Virsliga,2025,Regular season - 4,2025-03-31T14:00:00+00:00,Tukums,Super Nova,1,2026-09-19T21:44:52Z,NO_DATA,0,
1350342,DOMESTIC_LEAGUE,Latvia,365,Virsliga,2025,Regular season - 5,2025-04-03T15:00:00+00:00,FK Liepaja,Riga,1,2026-09-19T21:44:52Z,NO_DATA,0,
1350343,DOMESTIC_LEAGUE,Latvia,365,Virsliga,2025,Regular season - 5,2025-04-04T14:00:00+00:00,Metta / LU,Rīgas FS,1,2026-09-19T21:44:52Z,NO_DATA,0,
1350344,DOMESTIC_LEAGUE,Latvia,365,Virsliga,2025,Regular season - 5,2025-04-04T15:00:00+00:00,BFC Daugavpils,Auda,1,2026-09-19T21:44:52Z,NO_DATA,0,
1350345,DOMESTIC_LEAGUE,Latvia,365,Virsliga,2025,Regular season - 5,2025-04-05T11:00:00+00:00,Tukums,Grobiņa,1,2026-09-19T21:44:52Z,NO_DATA,0,
1350346,DOMESTIC_LEAGUE,Latvia,365,Virsliga,2025,Regular season - 5,2025-04-05T13:00:00+00:00,FS Jelgava,Super Nova,1,2026-09-19T21:44:52Z,NO_DATA,0,
1350347,DOMESTIC_LEAGUE,Latvia,365,Virsliga,2025,Regular season - 6,2025-04-08T16:00:00+00:00,Riga,Metta / LU,1,2026-09-19T21:44:52Z,NO_DATA,0,
1350348,DOMESTIC_LEAGUE,Latvia,365,Virsliga,2025,Regular season - 6,2025-04-09T15:00:00+00:00,Auda,FK Liepaja,1,2026-09-19T21:44:52Z,NO_DATA,0,
1350349,DOMESTIC_LEAGUE,Latvia,365,Virsliga,2025,Regular season - 6,2025-04-09T16:00:00+00:00,Rīgas FS,Tukums,1,2026-09-19T21:44:52Z,NO_DATA,0,
1350350,DOMESTIC_LEAGUE,Latvia,365,Virsliga,2025,Regular season - 6,2025-04-10T14:30:00+00:00,FS Jelgava,BFC Daugavpils,1,2026-09-19T21:44:52Z,NO_DATA,0,
1350351,DOMESTIC_LEAGUE,Latvia,365,Virsliga,2025,Regular season - 6,2025-04-10T16:00:00+00:00,Super Nova,Grobiņa,1,2026-09-19T21:44:52Z,NO_DATA,0,
1350352,DOMESTIC_LEAGUE,Latvia,365,Virsliga,2025,Regular season - 7,2025-04-13T11:00:00+00:00,Metta / LU,Auda,1,2026-09-19T21:44:52Z,NO_DATA,0,
1350353,DOMESTIC_LEAGUE,Latvia,365,Virsliga,2025,Regular season - 7,2025-04-13T13:00:00+00:00,Tukums,Riga,1,2026-09-19T21:44:52Z,NO_DATA,0,
1350354,DOMESTIC_LEAGUE,Latvia,365,Virsliga,2025,Regular season - 7,2025-04-14T15:00:00+00:00,FK Liepaja,FS Jelgava,1,2026-09-19T21:44:52Z,NO_DATA,0,
1350355,DOMESTIC_LEAGUE,Latvia,365,Virsliga,2025,Regular season - 7,2025-04-15T15:00:00+00:00,Grobiņa,Rīgas FS,1,2026-09-19T21:44:52Z,NO_DATA,0,
1350356,DOMESTIC_LEAGUE,Latvia,365,Virsliga,2025,Regular season - 7,2025-04-15T16:00:00+00:00,BFC Daugavpils,Super Nova,1,2026-09-19T21:44:52Z,NO_DATA,0,
1350357,DOMESTIC_LEAGUE,Latvia,365,Virsliga,2025,Regular season - 8,2025-04-18T12:00:00+00:00,Metta / LU,FS Jelgava,1,2026-09-19T21:44:52Z,NO_DATA,0,
1350358,DOMESTIC_LEAGUE,Latvia,365,Virsliga,2025,Regular season - 8,2025-04-18T14:00:00+00:00,Auda,Tukums,1,2026-09-19T21:44:52Z,NO_DATA,0,
1350359,DOMESTIC_LEAGUE,Latvia,365,Virsliga,2025,Regular season - 8,2025-04-19T11:00:00+00:00,BFC Daugavpils,FK Liepaja,1,2026-09-19T21:44:52Z,NO_DATA,0,
1350360,DOMESTIC_LEAGUE,Latvia,365,Virsliga,2025,Regular season - 8,2025-04-19T13:00:00+00:00,Riga,Grobiņa,1,2026-09-19T21:44:52Z,NO_DATA,0,
1350361,DOMESTIC_LEAGUE,Latvia,365,Virsliga,2025,Regular season - 8,2025-04-20T14:00:00+00:00,Super Nova,Rīgas FS,1,2026-09-19T21:44:52Z,NO_DATA,0,
1350362,DOMESTIC_LEAGUE,Latvia,365,Virsliga,2025,Regular season - 9,2025-04-23T15:00:00+00:00,FS Jelgava,Tukums,1,2026-09-19T21:44:52Z,NO_DATA,0,
1350363,DOMESTIC_LEAGUE,Latvia,365,Virsliga,2025,Regular season - 9,2025-04-24T15:00:00+00:00,Auda,Grobiņa,1,2026-09-19T21:44:52Z,NO_DATA,0,
1350364,DOMESTIC_LEAGUE,Latvia,365,Virsliga,2025,Regular season - 9,2025-04-25T15:00:00+00:00,FK Liepaja,Super Nova,1,2026-09-19T21:44:52Z,NO_DATA,0,
1350365,DOMESTIC_LEAGUE,Latvia,365,Virsliga,2025,Regular season - 9,2025-04-25T16:00:00+00:00,BFC Daugavpils,Metta / LU,1,2026-09-19T21:44:52Z,NO_DATA,0,
1350366,DOMESTIC_LEAGUE,Latvia,365,Virsliga,2025,Regular season - 9,2025-04-26T15:00:00+00:00,Rīgas FS,Riga,1,2026-09-19T21:44:52Z,NO_DATA,0,
1350367,DOMESTIC_LEAGUE,Latvia,365,Virsliga,2025,Regular season - 10,2025-04-29T15:00:00+00:00,FS Jelgava,Grobiņa,1,2026-09-19T21:44:52Z,NO_DATA,0,
1350368,DOMESTIC_LEAGUE,Latvia,365,Virsliga,2025,Regular season - 10,2025-04-30T15:00:00+00:00,Tukums,BFC Daugavpils,1,2026-09-19T21:44:52Z,NO_DATA,0,
1350369,DOMESTIC_LEAGUE,Latvia,365,Virsliga,2025,Regular season - 10,2025-05-01T10:00:00+00:00,Super Nova,Riga,1,2026-09-19T21:44:52Z,NO_DATA,0,
1350370,DOMESTIC_LEAGUE,Latvia,365,Virsliga,2025,Regular season - 10,2025-05-01T16:00:00+00:00,Rīgas FS,Auda,1,2026-09-19T21:44:52Z,NO_DATA,0,
1350371,DOMESTIC_LEAGUE,Latvia,365,Virsliga,2025,Regular season - 10,2025-05-02T12:00:00+00:00,Metta / LU,FK Liepaja,1,2026-09-19T21:44:52Z,NO_DATA,0,
1350372,DOMESTIC_LEAGUE,Latvia,365,Virsliga,2025,Regular season - 11,2025-05-04T13:00:00+00:00,Grobiņa,BFC Daugavpils,1,2026-09-19T21:44:52Z,NO_DATA,0,
1350373,DOMESTIC_LEAGUE,Latvia,365,Virsliga,2025,Regular season - 11,2025-05-05T11:00:00+00:00,FS Jelgava,Rīgas FS,1,2026-09-19T21:44:52Z,NO_DATA,0,
1350374,DOMESTIC_LEAGUE,Latvia,365,Virsliga,2025,Regular season - 11,2025-05-05T13:00:00+00:00,Auda,Riga,1,2026-09-19T21:44:52Z,NO_DATA,0,
1350375,DOMESTIC_LEAGUE,Latvia,365,Virsliga,2025,Regular season - 11,2025-05-06T15:00:00+00:00,Metta / LU,Super Nova,1,2026-09-19T21:44:52Z,NO_DATA,0,
1350376,DOMESTIC_LEAGUE,Latvia,365,Virsliga,2025,Regular season - 11,2025-05-06T15:00:00+00:00,Tukums,FK Liepaja,1,2026-09-19T21:44:52Z,NO_DATA,0,
1350377,DOMESTIC_LEAGUE,Latvia,365,Virsliga,2025,Regular season - 12,2025-05-09T16:00:00+00:00,Rīgas FS,BFC Daugavpils,1,2026-09-19T21:44:52Z,NO_DATA,0,
1350378,DOMESTIC_LEAGUE,Latvia,365,Virsliga,2025,Regular season - 12,2025-05-10T13:00:00+00:00,Grobiņa,FK Liepaja,1,2026-09-19T21:44:52Z,NO_DATA,0,
1350379,DOMESTIC_LEAGUE,Latvia,365,Virsliga,2025,Regular season - 12,2025-05-10T15:00:00+00:00,Riga,FS Jelgava,1,2026-09-19T21:44:52Z,NO_DATA,0,
1350380,DOMESTIC_LEAGUE,Latvia,365,Virsliga,2025,Regular season - 12,2025-05-11T11:00:00+00:00,Tukums,Metta / LU,1,2026-09-19T21:44:52Z,NO_DATA,0,
1350381,DOMESTIC_LEAGUE,Latvia,365,Virsliga,2025,Regular season - 12,2025-05-11T16:00:00+00:00,Super Nova,Auda,1,2026-09-19T21:44:52Z,NO_DATA,0,
1350382,DOMESTIC_LEAGUE,Latvia,365,Virsliga,2025,Regular season - 13,2025-05-14T14:30:00+00:00,BFC Daugavpils,Riga,1,2026-09-19T21:44:52Z,NO_DATA,0,
1350383,DOMESTIC_LEAGUE,Latvia,365,Virsliga,2025,Regular season - 13,2025-05-14T15:00:00+00:00,FK Liepaja,Rīgas FS,1,2026-09-19T21:44:52Z,NO_DATA,0,
1350384,DOMESTIC_LEAGUE,Latvia,365,Virsliga,2025,Regular season - 13,2025-05-15T15:00:00+00:00,FS Jelgava,Auda,1,2026-09-19T21:44:52Z,NO_DATA,0,
1350385,DOMESTIC_LEAGUE,Latvia,365,Virsliga,2025,Regular season - 13,2025-05-15T15:30:00+00:00,Metta / LU,Grobiņa,1,2026-09-19T21:44:52Z,NO_DATA,0,
1350386,DOMESTIC_LEAGUE,Latvia,365,Virsliga,2025,Regular season - 13,2025-05-16T16:00:00+00:00,Super Nova,Tukums,1,2026-09-19T21:44:52Z,NO_DATA,0,
1350387,DOMESTIC_LEAGUE,Latvia,365,Virsliga,2025,Regular season - 14,2025-05-19T16:00:00+00:00,Riga,FK Liepaja,1,2026-09-19T21:44:52Z,ERROR,0,ApiFootballProviderError: API-Football HTTP 429 for /fixtures/players
1350388,DOMESTIC_LEAGUE,Latvia,365,Virsliga,2025,Regular season - 14,2025-05-20T15:00:00+00:00,Auda,BFC Daugavpils,1,2026-09-19T21:44:52Z,ERROR,0,ApiFootballProviderError: API-Football HTTP 429 for /fixtures/players
1350389,DOMESTIC_LEAGUE,Latvia,365,Virsliga,2025,Regular season - 14,2025-05-20T17:00:00+00:00,Rīgas FS,Metta / LU,1,2026-09-19T21:44:52Z,ERROR,0,ApiFootballProviderError: API-Football HTTP 429 for /fixtures/players
1350390,DOMESTIC_LEAGUE,Latvia,365,Virsliga,2025,Regular season - 14,2025-05-21T15:00:00+00:00,Grobiņa,Tukums,1,2026-09-19T21:44:52Z,ERROR,0,ApiFootballProviderError: API-Football HTTP 429 for /fixtures/players
1350391,DOMESTIC_LEAGUE,Latvia,365,Virsliga,2025,Regular season - 14,2025-05-21T17:00:00+00:00,Super Nova,FS Jelgava,1,2026-09-19T21:44:52Z,ERROR,0,ApiFootballProviderError: API-Football HTTP 429 for /fixtures/players
1350392,DOMESTIC_LEAGUE,Latvia,365,Virsliga,2025,Regular season - 15,2025-05-24T13:00:00+00:00,Metta / LU,Riga,1,2026-09-19T21:44:52Z,ERROR,0,"ApiFootballProviderError: API-Football /fixtures/players: {'requests': 'You have reached the request limit for the day, Go to https://dashboard.api-football.com to upgrade your plan.'}"
1350393,DOMESTIC_LEAGUE,Latvia,365,Virsliga,2025,Regular season - 15,2025-05-24T15:00:00+00:00,FK Liepaja,Auda,1,2026-09-19T21:44:52Z,ERROR,0,"ApiFootballProviderError: API-Football /fixtures/players: {'requests': 'You have reached the request limit for the day, Go to https://dashboard.api-football.com to upgrade your plan.'}"
1350394,DOMESTIC_LEAGUE,Latvia,365,Virsliga,2025,Regular season - 15,2025-05-25T13:00:00+00:00,BFC Daugavpils,FS Jelgava,1,2026-09-19T21:44:52Z,ERROR,0,"ApiFootballProviderError: API-Football /fixtures/players: {'requests': 'You have reached the request limit for the day, Go to https://dashboard.api-football.com to upgrade your plan.'}"
1350395,DOMESTIC_LEAGUE,Latvia,365,Virsliga,2025,Regular season - 15,2025-05-25T15:00:00+00:00,Tukums,Rīgas FS,1,2026-09-19T21:44:52Z,ERROR,0,"ApiFootballProviderError: API-Football /fixtures/players: {'requests': 'You have reached the request limit for the day, Go to https://dashboard.api-football.com to upgrade your plan.'}"
1350396,DOMESTIC_LEAGUE,Latvia,365,Virsliga,2025,Regular season - 15,2025-05-26T15:00:00+00:00,Grobiņa,Super Nova,1,2026-09-19T21:44:52Z,ERROR,0,"ApiFootballProviderError: API-Football /fixtures/players: {'requests': 'You have reached the request limit for the day, Go to https://dashboard.api-football.com to upgrade your plan.'}"
1350397,DOMESTIC_LEAGUE,Latvia,365,Virsliga,2025,Regular season - 16,2025-05-29T15:00:00+00:00,Auda,Metta / LU,1,2026-09-19T21:44:52Z,ERROR,0,"ApiFootballProviderError: API-Football /fixtures/players: {'requests': 'You have reached the request limit for the day, Go to https://dashboard.api-football.com to upgrade your plan.'}"
1350398,DOMESTIC_LEAGUE,Latvia,365,Virsliga,2025,Regular season - 16,2025-05-30T15:00:00+00:00,FS Jelgava,FK Liepaja,1,2026-09-19T21:44:52Z,ERROR,0,"ApiFootballProviderError: API-Football /fixtures/players: {'requests': 'You have reached the request limit for the day, Go to https://dashboard.api-football.com to upgrade your plan.'}"
1350399,DOMESTIC_LEAGUE,Latvia,365,Virsliga,2025,Regular season - 16,2025-05-31T14:00:00+00:00,Riga,Tukums,1,2026-09-19T21:44:52Z,ERROR,0,"ApiFootballProviderError: API-Football /fixtures/players: {'requests': 'You have reached the request limit for the day, Go to https://dashboard.api-football.com to upgrade your plan.'}"
1350400,DOMESTIC_LEAGUE,Latvia,365,Virsliga,2025,Regular season - 16,2025-05-31T16:00:00+00:00,Rīgas FS,Grobiņa,1,2026-09-19T21:44:52Z,ERROR,0,"ApiFootballProviderError: API-Football /fixtures/players: {'requests': 'You have reached the request limit for the day, Go to https://dashboard.api-football.com to upgrade your plan.'}"
1350401,DOMESTIC_LEAGUE,Latvia,365,Virsliga,2025,Regular season - 16,2025-06-01T12:00:00+00:00,Super Nova,BFC Daugavpils,1,2026-09-19T21:44:52Z,ERROR,0,"ApiFootballProviderError: API-Football /fixtures/players: {'requests': 'You have reached the request limit for the day, Go to https://dashboard.api-football.com to upgrade your plan.'}"
1350402,DOMESTIC_LEAGUE,Latvia,365,Virsliga,2025,Regular season - 17,2025-06-13T15:00:00+00:00,Tukums,Auda,1,2026-09-19T21:44:52Z,ERROR,0,"ApiFootballProviderError: API-Football /fixtures/players: {'requests': 'You have reached the request limit for the day, Go to https://dashboard.api-football.com to upgrade your plan.'}"
1350403,DOMESTIC_LEAGUE,Latvia,365,Virsliga,2025,Regular season - 17,2025-06-13T15:00:00+00:00,FK Liepaja,BFC Daugavpils,1,2026-09-19T21:44:52Z,ERROR,0,"ApiFootballProviderError: API-Football /fixtures/players: {'requests': 'You have reached the request limit for the day, Go to https://dashboard.api-football.com to upgrade your plan.'}"
1350404,DOMESTIC_LEAGUE,Latvia,365,Virsliga,2025,Regular season - 17,2025-06-13T16:00:00+00:00,FS Jelgava,Metta / LU,1,2026-09-19T21:44:52Z,ERROR,0,"ApiFootballProviderError: API-Football /fixtures/players: {'requests': 'You have reached the request limit for the day, Go to https://dashboard.api-football.com to upgrade your plan.'}"
1350405,DOMESTIC_LEAGUE,Latvia,365,Virsliga,2025,Regular season - 17,2025-06-14T11:00:00+00:00,Grobiņa,Riga,1,2026-09-19T21:44:52Z,ERROR,0,"ApiFootballProviderError: API-Football /fixtures/players: {'requests': 'You have reached the request limit for the day, Go to https://dashboard.api-football.com to upgrade your plan.'}"
1350406,DOMESTIC_LEAGUE,Latvia,365,Virsliga,2025,Regular season - 17,2025-06-14T17:00:00+00:00,Rīgas FS,Super Nova,1,2026-09-19T21:44:52Z,ERROR,0,"ApiFootballProviderError: API-Football /fixtures/players: {'requests': 'You have reached the request limit for the day, Go to https://dashboard.api-football.com to upgrade your plan.'}"
1350407,DOMESTIC_LEAGUE,Latvia,365,Virsliga,2025,Regular season - 18,2025-06-17T15:00:00+00:00,Metta / LU,BFC Daugavpils,1,2026-09-19T21:44:52Z,ERROR,0,"ApiFootballProviderError: API-Football /fixtures/players: {'requests': 'You have reached the request limit for the day, Go to https://dashboard.api-football.com to upgrade your plan.'}"
1350408,DOMESTIC_LEAGUE,Latvia,365,Virsliga,2025,Regular season - 18,2025-06-17T16:00:00+00:00,Tukums,FS Jelgava,1,2026-09-19T21:44:52Z,ERROR,0,"ApiFootballProviderError: API-Football /fixtures/players: {'requests': 'You have reached the request limit for the day, Go to https://dashboard.api-football.com to upgrade your plan.'}"
1353640,DOMESTIC_LEAGUE,Lithuania,362,A Lyga,2025,Regular Season - 1,2025-02-28T17:30:00+00:00,Dainava,Kauno Žalgiris,1,2026-09-19T21:44:52Z,NO_DATA,0,
1353641,DOMESTIC_LEAGUE,Lithuania,362,A Lyga,2025,Regular Season - 1,2025-03-01T13:30:00+00:00,Banga,Hegelmann Litauen,1,2026-09-19T21:44:52Z,NO_DATA,0,
1353642,DOMESTIC_LEAGUE,Lithuania,362,A Lyga,2025,Regular Season - 1,2025-03-01T15:30:00+00:00,FK Trakai,Suduva Marijampole,1,2026-09-19T21:44:52Z,NO_DATA,0,
1353643,DOMESTIC_LEAGUE,Lithuania,362,A Lyga,2025,Regular Season - 1,2025-03-02T12:00:00+00:00,Panevėžys,Šiauliai,1,2026-09-19T21:44:52Z,NO_DATA,0,
1353644,DOMESTIC_LEAGUE,Lithuania,362,A Lyga,2025,Regular Season - 1,2025-03-02T16:25:00+00:00,FK Zalgiris Vilnius,Džiugas Telšiai,1,2026-09-19T21:44:52Z,NO_DATA,0,
1353645,DOMESTIC_LEAGUE,Lithuania,362,A Lyga,2025,Regular Season - 2,2025-03-07T17:30:00+00:00,FK Trakai,FK Zalgiris Vilnius,1,2026-09-19T21:44:52Z,NO_DATA,0,
1353646,DOMESTIC_LEAGUE,Lithuania,362,A Lyga,2025,Regular Season - 2,2025-03-08T13:00:00+00:00,Šiauliai,Dainava,1,2026-09-19T21:44:52Z,NO_DATA,0,
1353647,DOMESTIC_LEAGUE,Lithuania,362,A Lyga,2025,Regular Season - 2,2025-03-08T15:00:00+00:00,Kauno Žalgiris,Džiugas Telšiai,1,2026-09-19T21:44:52Z,NO_DATA,0,
1353648,DOMESTIC_LEAGUE,Lithuania,362,A Lyga,2025,Regular Season - 2,2025-03-09T12:00:00+00:00,Hegelmann Litauen,Panevėžys,1,2026-09-19T21:44:52Z,NO_DATA,0,
1353649,DOMESTIC_LEAGUE,Lithuania,362,A Lyga,2025,Regular Season - 2,2025-03-09T16:25:00+00:00,Suduva Marijampole,Banga,1,2026-09-19T21:44:52Z,NO_DATA,0,
1353650,DOMESTIC_LEAGUE,Lithuania,362,A Lyga,2025,Regular Season - 3,2025-03-14T17:00:00+00:00,Dainava,Džiugas Telšiai,1,2026-09-19T21:44:52Z,NO_DATA,0,
1353651,DOMESTIC_LEAGUE,Lithuania,362,A Lyga,2025,Regular Season - 3,2025-03-15T14:00:00+00:00,Hegelmann Litauen,Šiauliai,1,2026-09-19T21:44:52Z,NO_DATA,0,
1353652,DOMESTIC_LEAGUE,Lithuania,362,A Lyga,2025,Regular Season - 3,2025-03-15T15:00:00+00:00,FK Zalgiris Vilnius,Banga,1,2026-09-19T21:44:52Z,NO_DATA,0,
1353653,DOMESTIC_LEAGUE,Lithuania,362,A Lyga,2025,Regular Season - 3,2025-03-16T13:00:00+00:00,Panevėžys,Suduva Marijampole,1,2026-09-19T21:44:52Z,NO_DATA,0,
1353654,DOMESTIC_LEAGUE,Lithuania,362,A Lyga,2025,Regular Season - 3,2025-03-16T16:25:00+00:00,FK Trakai,Kauno Žalgiris,1,2026-09-19T21:44:52Z,NO_DATA,0,
1353655,DOMESTIC_LEAGUE,Lithuania,362,A Lyga,2025,Regular Season - 4,2025-03-28T17:00:00+00:00,Suduva Marijampole,Džiugas Telšiai,1,2026-09-19T21:44:52Z,NO_DATA,0,
1353656,DOMESTIC_LEAGUE,Lithuania,362,A Lyga,2025,Regular Season - 4,2025-03-29T14:00:00+00:00,Šiauliai,Kauno Žalgiris,1,2026-09-19T21:44:52Z,NO_DATA,0,
1353657,DOMESTIC_LEAGUE,Lithuania,362,A Lyga,2025,Regular Season - 4,2025-03-29T15:00:00+00:00,Hegelmann Litauen,FK Trakai,1,2026-09-19T21:44:52Z,NO_DATA,0,
1353658,DOMESTIC_LEAGUE,Lithuania,362,A Lyga,2025,Regular Season - 4,2025-03-30T12:00:00+00:00,Panevėžys,Banga,1,2026-09-19T21:44:52Z,NO_DATA,0,
1353659,DOMESTIC_LEAGUE,Lithuania,362,A Lyga,2025,Regular Season - 13,2025-05-25T13:30:00+00:00,FK Zalgiris Vilnius,Dainava,1,2026-09-19T21:44:52Z,ERROR,0,"ApiFootballProviderError: API-Football /fixtures/players: {'requests': 'You have reached the request limit for the day, Go to https://dashboard.api-football.com to upgrade your plan.'}"
1353660,DOMESTIC_LEAGUE,Lithuania,362,A Lyga,2025,Regular Season - 5,2025-04-04T16:30:00+00:00,Suduva Marijampole,Dainava,1,2026-09-19T21:44:52Z,NO_DATA,0,
1353661,DOMESTIC_LEAGUE,Lithuania,362,A Lyga,2025,Regular Season - 5,2025-04-05T13:00:00+00:00,FK Trakai,Panevėžys,1,2026-09-19T21:44:52Z,NO_DATA,0,
1353662,DOMESTIC_LEAGUE,Lithuania,362,A Lyga,2025,Regular Season - 5,2025-04-05T14:00:00+00:00,Banga,Šiauliai,1,2026-09-19T21:44:52Z,NO_DATA,0,
1353663,DOMESTIC_LEAGUE,Lithuania,362,A Lyga,2025,Regular Season - 5,2025-04-06T13:00:00+00:00,Džiugas Telšiai,Hegelmann Litauen,1,2026-09-19T21:44:52Z,NO_DATA,0,
1353664,DOMESTIC_LEAGUE,Lithuania,362,A Lyga,2025,Regular Season - 5,2025-04-06T15:25:00+00:00,FK Zalgiris Vilnius,Kauno Žalgiris,1,2026-09-19T21:44:52Z,NO_DATA,0,
1353665,DOMESTIC_LEAGUE,Lithuania,362,A Lyga,2025,Regular Season - 6,2025-04-12T11:00:00+00:00,Panevėžys,Džiugas Telšiai,1,2026-09-19T21:44:52Z,NO_DATA,0,
1353666,DOMESTIC_LEAGUE,Lithuania,362,A Lyga,2025,Regular Season - 6,2025-04-12T13:00:00+00:00,Šiauliai,FK Zalgiris Vilnius,1,2026-09-19T21:44:52Z,NO_DATA,0,
1353667,DOMESTIC_LEAGUE,Lithuania,362,A Lyga,2025,Regular Season - 6,2025-04-12T14:00:00+00:00,Banga,FK Trakai,1,2026-09-19T21:44:52Z,NO_DATA,0,
1353668,DOMESTIC_LEAGUE,Lithuania,362,A Lyga,2025,Regular Season - 6,2025-04-12T14:00:00+00:00,Kauno Žalgiris,Suduva Marijampole,1,2026-09-19T21:44:52Z,NO_DATA,0,
1353669,DOMESTIC_LEAGUE,Lithuania,362,A Lyga,2025,Regular Season - 6,2025-04-12T15:00:00+00:00,Hegelmann Litauen,Dainava,1,2026-09-19T21:44:52Z,NO_DATA,0,
1353670,DOMESTIC_LEAGUE,Lithuania,362,A Lyga,2025,Regular Season - 7,2025-04-16T15:30:00+00:00,Banga,Džiugas Telšiai,1,2026-09-19T21:44:52Z,NO_DATA,0,
1353671,DOMESTIC_LEAGUE,Lithuania,362,A Lyga,2025,Regular Season - 7,2025-04-16T16:00:00+00:00,Kauno Žalgiris,Hegelmann Litauen,1,2026-09-19T21:44:52Z,NO_DATA,0,
1353672,DOMESTIC_LEAGUE,Lithuania,362,A Lyga,2025,Regular Season - 7,2025-04-16T16:00:00+00:00,Šiauliai,FK Trakai,1,2026-09-19T21:44:52Z,NO_DATA,0,
1353673,DOMESTIC_LEAGUE,Lithuania,362,A Lyga,2025,Regular Season - 7,2025-04-16T16:30:00+00:00,FK Zalgiris Vilnius,Suduva Marijampole,1,2026-09-19T21:44:52Z,NO_DATA,0,
1353674,DOMESTIC_LEAGUE,Lithuania,362,A Lyga,2025,Regular Season - 7,2025-04-16T16:30:00+00:00,Dainava,Panevėžys,1,2026-09-19T21:44:52Z,NO_DATA,0,
1353675,DOMESTIC_LEAGUE,Lithuania,362,A Lyga,2025,Regular Season - 8,2025-04-19T16:00:00+00:00,Panevėžys,Kauno Žalgiris,1,2026-09-19T21:44:52Z,NO_DATA,0,
1353676,DOMESTIC_LEAGUE,Lithuania,362,A Lyga,2025,Regular Season - 8,2025-04-19T16:30:00+00:00,FK Trakai,Džiugas Telšiai,1,2026-09-19T21:44:52Z,NO_DATA,0,
1353677,DOMESTIC_LEAGUE,Lithuania,362,A Lyga,2025,Regular Season - 8,2025-04-19T16:00:00+00:00,Suduva Marijampole,Šiauliai,1,2026-09-19T21:44:52Z,NO_DATA,0,
1353678,DOMESTIC_LEAGUE,Lithuania,362,A Lyga,2025,Regular Season - 8,2025-04-20T13:00:00+00:00,Banga,Dainava,1,2026-09-19T21:44:52Z,NO_DATA,0,
1353679,DOMESTIC_LEAGUE,Lithuania,362,A Lyga,2025,Regular Season - 8,2025-04-20T15:25:00+00:00,Hegelmann Litauen,FK Zalgiris Vilnius,1,2026-09-19T21:44:52Z,NO_DATA,0,
1353680,DOMESTIC_LEAGUE,Lithuania,362,A Lyga,2025,Regular Season - 9,2025-04-25T17:00:00+00:00,FK Zalgiris Vilnius,Panevėžys,1,2026-09-19T21:44:52Z,NO_DATA,0,
1353681,DOMESTIC_LEAGUE,Lithuania,362,A Lyga,2025,Regular Season - 9,2025-04-26T11:00:00+00:00,Džiugas Telšiai,Šiauliai,1,2026-09-19T21:44:52Z,NO_DATA,0,
1353682,DOMESTIC_LEAGUE,Lithuania,362,A Lyga,2025,Regular Season - 9,2025-04-26T17:00:00+00:00,Dainava,FK Trakai,1,2026-09-19T21:44:52Z,NO_DATA,0,
1353683,DOMESTIC_LEAGUE,Lithuania,362,A Lyga,2025,Regular Season - 9,2025-04-27T13:30:00+00:00,Kauno Žalgiris,Banga,1,2026-09-19T21:44:52Z,NO_DATA,0,
1353684,DOMESTIC_LEAGUE,Lithuania,362,A Lyga,2025,Regular Season - 9,2025-04-27T15:25:00+00:00,Suduva Marijampole,Hegelmann Litauen,1,2026-09-19T21:44:52Z,NO_DATA,0,
1353685,DOMESTIC_LEAGUE,Lithuania,362,A Lyga,2025,Regular Season - 10,2025-05-02T16:00:00+00:00,Šiauliai,Hegelmann Litauen,1,2026-09-19T21:44:52Z,NO_DATA,0,
1353686,DOMESTIC_LEAGUE,Lithuania,362,A Lyga,2025,Regular Season - 10,2025-05-03T14:00:00+00:00,Banga,FK Zalgiris Vilnius,1,2026-09-19T21:44:52Z,NO_DATA,0,
1353687,DOMESTIC_LEAGUE,Lithuania,362,A Lyga,2025,Regular Season - 10,2025-05-03T15:30:00+00:00,Džiugas Telšiai,Dainava,1,2026-09-19T21:44:52Z,NO_DATA,0,
1353688,DOMESTIC_LEAGUE,Lithuania,362,A Lyga,2025,Regular Season - 10,2025-05-04T13:00:00+00:00,Suduva Marijampole,Panevėžys,1,2026-09-19T21:44:52Z,NO_DATA,0,
1353689,DOMESTIC_LEAGUE,Lithuania,362,A Lyga,2025,Regular Season - 10,2025-05-04T15:25:00+00:00,Kauno Žalgiris,FK Trakai,1,2026-09-19T21:44:52Z,NO_DATA,0,
1353690,DOMESTIC_LEAGUE,Lithuania,362,A Lyga,2025,Regular Season - 11,2025-05-09T16:30:00+00:00,FK Zalgiris Vilnius,FK Trakai,1,2026-09-19T21:44:52Z,NO_DATA,0,
1353691,DOMESTIC_LEAGUE,Lithuania,362,A Lyga,2025,Regular Season - 11,2025-05-09T17:00:00+00:00,Džiugas Telšiai,Kauno Žalgiris,1,2026-09-19T21:44:52Z,NO_DATA,0,
1353692,DOMESTIC_LEAGUE,Lithuania,362,A Lyga,2025,Regular Season - 11,2025-05-10T13:00:00+00:00,Panevėžys,Hegelmann Litauen,1,2026-09-19T21:44:52Z,NO_DATA,0,
1353693,DOMESTIC_LEAGUE,Lithuania,362,A Lyga,2025,Regular Season - 11,2025-05-11T14:00:00+00:00,Banga,Suduva Marijampole,1,2026-09-19T21:44:52Z,NO_DATA,0,
1353694,DOMESTIC_LEAGUE,Lithuania,362,A Lyga,2025,Regular Season - 11,2025-05-11T15:25:00+00:00,Dainava,Šiauliai,1,2026-09-19T21:44:52Z,NO_DATA,0,
1353695,DOMESTIC_LEAGUE,Lithuania,362,A Lyga,2025,Regular Season - 12,2025-05-16T17:00:00+00:00,Dainava,Suduva Marijampole,1,2026-09-19T21:44:52Z,NO_DATA,0,
1353696,DOMESTIC_LEAGUE,Lithuania,362,A Lyga,2025,Regular Season - 12,2025-05-17T12:00:00+00:00,Hegelmann Litauen,Džiugas Telšiai,1,2026-09-19T21:44:52Z,NO_DATA,0,
1353697,DOMESTIC_LEAGUE,Lithuania,362,A Lyga,2025,Regular Season - 12,2025-05-17T14:00:00+00:00,Panevėžys,FK Trakai,1,2026-09-19T21:44:52Z,NO_DATA,0,
1353698,DOMESTIC_LEAGUE,Lithuania,362,A Lyga,2025,Regular Season - 12,2025-05-18T13:00:00+00:00,Šiauliai,Banga,1,2026-09-19T21:44:52Z,NO_DATA,0,
1353699,DOMESTIC_LEAGUE,Lithuania,362,A Lyga,2025,Regular Season - 12,2025-05-17T14:25:00+00:00,Kauno Žalgiris,FK Zalgiris Vilnius,1,2026-09-19T21:44:52Z,NO_DATA,0,
1353700,DOMESTIC_LEAGUE,Lithuania,362,A Lyga,2025,Regular Season - 13,2025-05-23T16:30:00+00:00,Kauno Žalgiris,Šiauliai,1,2026-09-19T21:44:52Z,ERROR,0,"ApiFootballProviderError: API-Football /fixtures/players: {'requests': 'You have reached the request limit for the day, Go to https://dashboard.api-football.com to upgrade your plan.'}"
1353701,DOMESTIC_LEAGUE,Lithuania,362,A Lyga,2025,Regular Season - 13,2025-05-23T16:30:00+00:00,Banga,Panevėžys,1,2026-09-19T21:44:52Z,ERROR,0,"ApiFootballProviderError: API-Football /fixtures/players: {'requests': 'You have reached the request limit for the day, Go to https://dashboard.api-football.com to upgrade your plan.'}"
1353702,DOMESTIC_LEAGUE,Lithuania,362,A Lyga,2025,Regular Season - 4,2025-03-30T15:25:00+00:00,Dainava,FK Zalgiris Vilnius,1,2026-09-19T21:44:52Z,NO_DATA,0,
1353703,DOMESTIC_LEAGUE,Lithuania,362,A Lyga,2025,Regular Season - 13,2025-05-24T16:00:00+00:00,FK Trakai,Hegelmann Litauen,1,2026-09-19T21:44:52Z,ERROR,0,"ApiFootballProviderError: API-Football /fixtures/players: {'requests': 'You have reached the request limit for the day, Go to https://dashboard.api-football.com to upgrade your plan.'}"
1353704,DOMESTIC_LEAGUE,Lithuania,362,A Lyga,2025,Regular Season - 13,2025-05-25T16:00:00+00:00,Džiugas Telšiai,Suduva Marijampole,1,2026-09-19T21:44:52Z,ERROR,0,"ApiFootballProviderError: API-Football /fixtures/players: {'requests': 'You have reached the request limit for the day, Go to https://dashboard.api-football.com to upgrade your plan.'}"
1353705,DOMESTIC_LEAGUE,Lithuania,362,A Lyga,2025,Regular Season - 14,2025-05-30T16:00:00+00:00,Kauno Žalgiris,Dainava,1,2026-09-19T21:44:52Z,ERROR,0,"ApiFootballProviderError: API-Football /fixtures/players: {'requests': 'You have reached the request limit for the day, Go to https://dashboard.api-football.com to upgrade your plan.'}"
1353706,DOMESTIC_LEAGUE,Lithuania,362,A Lyga,2025,Regular Season - 14,2025-05-31T13:00:00+00:00,Džiugas Telšiai,FK Zalgiris Vilnius,1,2026-09-19T21:44:52Z,ERROR,0,"ApiFootballProviderError: API-Football /fixtures/players: {'requests': 'You have reached the request limit for the day, Go to https://dashboard.api-football.com to upgrade your plan.'}"
1353707,DOMESTIC_LEAGUE,Lithuania,362,A Lyga,2025,Regular Season - 14,2025-05-31T15:00:00+00:00,Hegelmann Litauen,Banga,1,2026-09-19T21:44:52Z,ERROR,0,"ApiFootballProviderError: API-Football /fixtures/players: {'requests': 'You have reached the request limit for the day, Go to https://dashboard.api-football.com to upgrade your plan.'}"
1353708,DOMESTIC_LEAGUE,Lithuania,362,A Lyga,2025,Regular Season - 14,2025-06-01T13:30:00+00:00,Suduva Marijampole,FK Trakai,1,2026-09-19T21:44:52Z,ERROR,0,"ApiFootballProviderError: API-Football /fixtures/players: {'requests': 'You have reached the request limit for the day, Go to https://dashboard.api-football.com to upgrade your plan.'}"
1353709,DOMESTIC_LEAGUE,Lithuania,362,A Lyga,2025,Regular Season - 14,2025-06-01T15:25:00+00:00,Šiauliai,Panevėžys,1,2026-09-19T21:44:52Z,ERROR,0,"ApiFootballProviderError: API-Football /fixtures/players: {'requests': 'You have reached the request limit for the day, Go to https://dashboard.api-football.com to upgrade your plan.'}"
1353710,DOMESTIC_LEAGUE,Lithuania,362,A Lyga,2025,Regular Season - 15,2025-06-13T16:00:00+00:00,Suduva Marijampole,Kauno Žalgiris,1,2026-09-19T21:44:52Z,ERROR,0,"ApiFootballProviderError: API-Football /fixtures/players: {'requests': 'You have reached the request limit for the day, Go to https://dashboard.api-football.com to upgrade your plan.'}"
1353711,DOMESTIC_LEAGUE,Lithuania,362,A Lyga,2025,Regular Season - 15,2025-06-13T16:30:00+00:00,FK Zalgiris Vilnius,Šiauliai,1,2026-09-19T21:44:52Z,ERROR,0,"ApiFootballProviderError: API-Football /fixtures/players: {'requests': 'You have reached the request limit for the day, Go to https://dashboard.api-football.com to upgrade your plan.'}"
1353712,DOMESTIC_LEAGUE,Lithuania,362,A Lyga,2025,Regular Season - 15,2025-06-13T17:15:00+00:00,Džiugas Telšiai,Panevėžys,1,2026-09-19T21:44:52Z,ERROR,0,"ApiFootballProviderError: API-Football /fixtures/players: {'requests': 'You have reached the request limit for the day, Go to https://dashboard.api-football.com to upgrade your plan.'}"
1353713,DOMESTIC_LEAGUE,Lithuania,362,A Lyga,2025,Regular Season - 15,2025-06-14T17:00:00+00:00,Dainava,Hegelmann Litauen,1,2026-09-19T21:44:52Z,ERROR,0,"ApiFootballProviderError: API-Football /fixtures/players: {'requests': 'You have reached the request limit for the day, Go to https://dashboard.api-football.com to upgrade your plan.'}"
1353714,DOMESTIC_LEAGUE,Lithuania,362,A Lyga,2025,Regular Season - 15,2025-06-14T16:30:00+00:00,FK Trakai,Banga,1,2026-09-19T21:44:52Z,ERROR,0,"ApiFootballProviderError: API-Football /fixtures/players: {'requests': 'You have reached the request limit for the day, Go to https://dashboard.api-football.com to upgrade your plan.'}"
1342218,DOMESTIC_LEAGUE,Norway,103,Eliteserien,2025,Regular Season - 5,2025-07-16T16:00:00+00:00,Fredrikstad,Bodo/Glimt,1,2026-09-20T04:36:49Z,CAPTURED,40,
1342226,DOMESTIC_LEAGUE,Norway,103,Eliteserien,2025,Regular Season - 6,2025-07-30T17:00:00+00:00,Bodo/Glimt,Stromsgodset,1,2026-09-20T04:36:49Z,CAPTURED,39,
1342242,DOMESTIC_LEAGUE,Norway,103,Eliteserien,2025,Regular Season - 8,2025-05-24T14:00:00+00:00,Bryne,Fredrikstad,2,2026-09-20T04:36:49Z,CAPTURED,37,
1342243,DOMESTIC_LEAGUE,Norway,103,Eliteserien,2025,Regular Season - 8,2025-05-24T16:00:00+00:00,Bodo/Glimt,Rosenborg,2,2026-09-20T04:36:49Z,CAPTURED,40,
1342244,DOMESTIC_LEAGUE,Norway,103,Eliteserien,2025,Regular Season - 8,2025-05-25T12:30:00+00:00,Ham-Kam,Molde,2,2026-09-20T04:36:49Z,CAPTURED,38,
1342245,DOMESTIC_LEAGUE,Norway,103,Eliteserien,2025,Regular Season - 8,2025-05-25T15:00:00+00:00,Kristiansund BK,Viking,2,2026-09-20T04:36:49Z,CAPTURED,40,
1342246,DOMESTIC_LEAGUE,Norway,103,Eliteserien,2025,Regular Season - 8,2025-05-25T15:00:00+00:00,Sandefjord,Stromsgodset,2,2026-09-20T04:36:49Z,CAPTURED,39,
1342247,DOMESTIC_LEAGUE,Norway,103,Eliteserien,2025,Regular Season - 8,2025-05-25T15:00:00+00:00,Sarpsborg 08 FF,Tromso,2,2026-09-20T04:36:49Z,CAPTURED,40,
1342248,DOMESTIC_LEAGUE,Norway,103,Eliteserien,2025,Regular Season - 8,2025-05-25T17:15:00+00:00,Haugesund,Brann,2,2026-09-20T04:36:49Z,CAPTURED,39,
1342249,DOMESTIC_LEAGUE,Norway,103,Eliteserien,2025,Regular Season - 8,2025-05-26T17:00:00+00:00,KFUM Oslo,Valerenga,2,2026-09-20T04:36:49Z,CAPTURED,39,
1342250,DOMESTIC_LEAGUE,Norway,103,Eliteserien,2025,Regular Season - 9,2025-05-31T14:00:00+00:00,Stromsgodset,Ham-Kam,2,2026-09-20T04:36:49Z,CAPTURED,39,
1342251,DOMESTIC_LEAGUE,Norway,103,Eliteserien,2025,Regular Season - 9,2025-05-31T16:45:00+00:00,Tromso,Valerenga,2,2026-09-20T04:36:49Z,CAPTURED,36,
1342252,DOMESTIC_LEAGUE,Norway,103,Eliteserien,2025,Regular Season - 9,2025-06-01T12:30:00+00:00,Fredrikstad,Sarpsborg 08 FF,2,2026-09-20T04:36:49Z,CAPTURED,40,
1342253,DOMESTIC_LEAGUE,Norway,103,Eliteserien,2025,Regular Season - 9,2025-06-01T15:00:00+00:00,Brann,Kristiansund BK,2,2026-09-20T04:36:49Z,CAPTURED,38,
1342254,DOMESTIC_LEAGUE,Norway,103,Eliteserien,2025,Regular Season - 9,2025-06-01T15:00:00+00:00,Bryne,Sandefjord,2,2026-09-20T04:36:49Z,CAPTURED,39,
1342255,DOMESTIC_LEAGUE,Norway,103,Eliteserien,2025,Regular Season - 9,2025-06-01T15:00:00+00:00,Haugesund,Bodo/Glimt,2,2026-09-20T04:36:49Z,CAPTURED,40,
1342256,DOMESTIC_LEAGUE,Norway,103,Eliteserien,2025,Regular Season - 9,2025-06-01T15:00:00+00:00,Rosenborg,KFUM Oslo,2,2026-09-20T04:36:49Z,CAPTURED,40,
1342257,DOMESTIC_LEAGUE,Norway,103,Eliteserien,2025,Regular Season - 9,2025-06-01T17:15:00+00:00,Molde,Viking,2,2026-09-20T04:36:49Z,CAPTURED,40,
1342258,DOMESTIC_LEAGUE,Norway,103,Eliteserien,2025,Regular Season - 10,2025-06-21T16:00:00+00:00,Bodo/Glimt,Brann,1,2026-09-20T04:36:49Z,CAPTURED,38,
1342259,DOMESTIC_LEAGUE,Norway,103,Eliteserien,2025,Regular Season - 10,2025-06-22T15:00:00+00:00,Ham-Kam,Tromso,1,2026-09-20T04:36:49Z,CAPTURED,39,
1342260,DOMESTIC_LEAGUE,Norway,103,Eliteserien,2025,Regular Season - 10,2025-06-22T15:00:00+00:00,KFUM Oslo,Stromsgodset,1,2026-09-20T04:36:49Z,CAPTURED,38,
1342261,DOMESTIC_LEAGUE,Norway,103,Eliteserien,2025,Regular Season - 10,2025-06-22T15:00:00+00:00,Kristiansund BK,Rosenborg,1,2026-09-20T04:36:49Z,CAPTURED,40,
1342262,DOMESTIC_LEAGUE,Norway,103,Eliteserien,2025,Regular Season - 10,2025-06-22T15:00:00+00:00,Sandefjord,Haugesund,1,2026-09-20T04:36:49Z,CAPTURED,37,
1342263,DOMESTIC_LEAGUE,Norway,103,Eliteserien,2025,Regular Season - 10,2025-06-22T15:00:00+00:00,Sarpsborg 08 FF,Bryne,1,2026-09-20T04:36:49Z,CAPTURED,39,
1342264,DOMESTIC_LEAGUE,Norway,103,Eliteserien,2025,Regular Season - 10,2025-06-22T17:15:00+00:00,Viking,Fredrikstad,1,2026-09-20T04:36:49Z,CAPTURED,40,
1342265,DOMESTIC_LEAGUE,Norway,103,Eliteserien,2025,Regular Season - 10,2025-06-22T12:30:00+00:00,Valerenga,Molde,1,2026-09-20T04:36:49Z,CAPTURED,40,
1342266,DOMESTIC_LEAGUE,Norway,103,Eliteserien,2025,Regular Season - 11,2025-06-29T15:00:00+00:00,Bodo/Glimt,Sarpsborg 08 FF,1,2026-09-20T04:36:49Z,CAPTURED,40,
1342267,DOMESTIC_LEAGUE,Norway,103,Eliteserien,2025,Regular Season - 11,2025-06-30T17:00:00+00:00,Brann,Sandefjord,1,2026-09-20T04:36:49Z,CAPTURED,38,
1342268,DOMESTIC_LEAGUE,Norway,103,Eliteserien,2025,Regular Season - 11,2025-06-29T15:00:00+00:00,Bryne,Ham-Kam,1,2026-09-20T04:36:49Z,CAPTURED,39,
1342269,DOMESTIC_LEAGUE,Norway,103,Eliteserien,2025,Regular Season - 11,2025-06-29T15:00:00+00:00,Fredrikstad,Tromso,1,2026-09-20T04:36:49Z,CAPTURED,38,
1342270,DOMESTIC_LEAGUE,Norway,103,Eliteserien,2025,Regular Season - 11,2025-06-29T12:30:00+00:00,Haugesund,Kristiansund BK,1,2026-09-20T04:36:49Z,CAPTURED,40,
1342271,DOMESTIC_LEAGUE,Norway,103,Eliteserien,2025,Regular Season - 11,2025-06-29T15:00:00+00:00,Molde,KFUM Oslo,1,2026-09-20T04:36:49Z,CAPTURED,40,
1342272,DOMESTIC_LEAGUE,Norway,103,Eliteserien,2025,Regular Season - 11,2025-06-28T16:00:00+00:00,Rosenborg,Viking,1,2026-09-20T04:36:49Z,CAPTURED,40,
1342273,DOMESTIC_LEAGUE,Norway,103,Eliteserien,2025,Regular Season - 11,2025-06-29T17:15:00+00:00,Stromsgodset,Valerenga,1,2026-09-20T04:36:49Z,CAPTURED,38,
1342274,DOMESTIC_LEAGUE,Norway,103,Eliteserien,2025,Regular Season - 12,2025-07-05T12:00:00+00:00,Ham-Kam,Brann,1,2026-09-20T04:36:49Z,CAPTURED,38,
1342275,DOMESTIC_LEAGUE,Norway,103,Eliteserien,2025,Regular Season - 12,2025-07-06T12:30:00+00:00,KFUM Oslo,Bryne,1,2026-09-20T04:36:49Z,CAPTURED,38,
1342276,DOMESTIC_LEAGUE,Norway,103,Eliteserien,2025,Regular Season - 12,2025-07-05T18:00:00+00:00,Kristiansund BK,Bodo/Glimt,1,2026-09-20T04:36:49Z,CAPTURED,40,
1342277,DOMESTIC_LEAGUE,Norway,103,Eliteserien,2025,Regular Season - 12,2025-07-06T12:30:00+00:00,Sandefjord,Rosenborg,1,2026-09-20T04:36:49Z,CAPTURED,40,
1342278,DOMESTIC_LEAGUE,Norway,103,Eliteserien,2025,Regular Season - 12,2025-07-06T12:30:00+00:00,Sarpsborg 08 FF,Haugesund,1,2026-09-20T04:36:49Z,CAPTURED,39,
1342279,DOMESTIC_LEAGUE,Norway,103,Eliteserien,2025,Regular Season - 12,2025-07-05T20:00:00+00:00,Tromso,Molde,1,2026-09-20T04:36:49Z,CAPTURED,38,
1342280,DOMESTIC_LEAGUE,Norway,103,Eliteserien,2025,Regular Season - 12,2025-07-05T14:00:00+00:00,Viking,Stromsgodset,1,2026-09-20T04:36:49Z,CAPTURED,37,
1342281,DOMESTIC_LEAGUE,Norway,103,Eliteserien,2025,Regular Season - 12,2025-07-05T16:00:00+00:00,Valerenga,Fredrikstad,1,2026-09-20T04:36:49Z,CAPTURED,40,
1342282,DOMESTIC_LEAGUE,Norway,103,Eliteserien,2025,Regular Season - 13,2025-07-12T14:00:00+00:00,Bodo/Glimt,Sandefjord,1,2026-09-20T04:36:49Z,CAPTURED,39,
1342283,DOMESTIC_LEAGUE,Norway,103,Eliteserien,2025,Regular Season - 13,2025-07-13T17:15:00+00:00,Brann,Viking,1,2026-09-20T04:36:49Z,CAPTURED,39,
1342284,DOMESTIC_LEAGUE,Norway,103,Eliteserien,2025,Regular Season - 13,2025-07-13T12:30:00+00:00,Bryne,Valerenga,1,2026-09-20T04:36:49Z,CAPTURED,38,
1342285,DOMESTIC_LEAGUE,Norway,103,Eliteserien,2025,Regular Season - 13,2025-07-12T16:00:00+00:00,Fredrikstad,Molde,1,2026-09-20T04:36:49Z,CAPTURED,40,
1342286,DOMESTIC_LEAGUE,Norway,103,Eliteserien,2025,Regular Season - 13,2025-07-13T15:00:00+00:00,Haugesund,KFUM Oslo,1,2026-09-20T04:36:49Z,CAPTURED,39,
1342287,DOMESTIC_LEAGUE,Norway,103,Eliteserien,2025,Regular Season - 13,2025-07-13T15:00:00+00:00,Kristiansund BK,Sarpsborg 08 FF,1,2026-09-20T04:36:49Z,CAPTURED,40,
1342288,DOMESTIC_LEAGUE,Norway,103,Eliteserien,2025,Regular Season - 13,2025-07-13T15:00:00+00:00,Rosenborg,Ham-Kam,1,2026-09-20T04:36:49Z,CAPTURED,38,
1342289,DOMESTIC_LEAGUE,Norway,103,Eliteserien,2025,Regular Season - 13,2025-07-13T15:00:00+00:00,Stromsgodset,Tromso,1,2026-09-20T04:36:49Z,CAPTURED,36,
1342290,DOMESTIC_LEAGUE,Norway,103,Eliteserien,2025,Regular Season - 14,2025-07-20T17:15:00+00:00,Ham-Kam,Fredrikstad,1,2026-09-20T04:36:49Z,CAPTURED,40,
1342291,DOMESTIC_LEAGUE,Norway,103,Eliteserien,2025,Regular Season - 14,2025-07-19T12:00:00+00:00,KFUM Oslo,Brann,1,2026-09-20T04:36:49Z,CAPTURED,38,
1342292,DOMESTIC_LEAGUE,Norway,103,Eliteserien,2025,Regular Season - 14,2025-07-19T14:00:00+00:00,Molde,Stromsgodset,1,2026-09-20T04:36:49Z,CAPTURED,39,
1342293,DOMESTIC_LEAGUE,Norway,103,Eliteserien,2025,Regular Season - 14,2025-07-20T15:00:00+00:00,Sandefjord,Kristiansund BK,1,2026-09-20T04:36:49Z,CAPTURED,38,
1342294,DOMESTIC_LEAGUE,Norway,103,Eliteserien,2025,Regular Season - 14,2025-07-18T16:00:00+00:00,Sarpsborg 08 FF,Rosenborg,1,2026-09-20T04:36:49Z,CAPTURED,40,
1342295,DOMESTIC_LEAGUE,Norway,103,Eliteserien,2025,Regular Season - 14,2025-07-20T15:00:00+00:00,Tromso,Bryne,1,2026-09-20T04:36:49Z,CAPTURED,38,
1342296,DOMESTIC_LEAGUE,Norway,103,Eliteserien,2025,Regular Season - 14,2025-07-19T16:00:00+00:00,Viking,Bodo/Glimt,1,2026-09-20T04:36:49Z,CAPTURED,40,
1342297,DOMESTIC_LEAGUE,Norway,103,Eliteserien,2025,Regular Season - 14,2025-07-20T12:30:00+00:00,Valerenga,Haugesund,1,2026-09-20T04:36:49Z,CAPTURED,38,
1342298,DOMESTIC_LEAGUE,Norway,103,Eliteserien,2025,Regular Season - 15,2025-05-29T16:00:00+00:00,Brann,Molde,2,2026-09-20T04:36:49Z,CAPTURED,38,
1342299,DOMESTIC_LEAGUE,Norway,103,Eliteserien,2025,Regular Season - 15,2025-07-26T16:00:00+00:00,Bodo/Glimt,Valerenga,1,2026-09-20T04:36:49Z,CAPTURED,38,
1342300,DOMESTIC_LEAGUE,Norway,103,Eliteserien,2025,Regular Season - 15,2025-07-27T12:30:00+00:00,Bryne,Viking,1,2026-09-20T04:36:49Z,CAPTURED,39,
1342301,DOMESTIC_LEAGUE,Norway,103,Eliteserien,2025,Regular Season - 15,2025-07-25T17:00:00+00:00,Fredrikstad,Stromsgodset,1,2026-09-20T04:36:49Z,CAPTURED,40,
1342302,DOMESTIC_LEAGUE,Norway,103,Eliteserien,2025,Regular Season - 15,2025-07-26T14:00:00+00:00,Haugesund,Ham-Kam,1,2026-09-20T04:36:49Z,CAPTURED,39,
1342303,DOMESTIC_LEAGUE,Norway,103,Eliteserien,2025,Regular Season - 15,2025-07-26T14:00:00+00:00,Kristiansund BK,KFUM Oslo,1,2026-09-20T04:36:49Z,CAPTURED,39,
1342304,DOMESTIC_LEAGUE,Norway,103,Eliteserien,2025,Regular Season - 15,2025-07-27T12:30:00+00:00,Rosenborg,Tromso,1,2026-09-20T04:36:49Z,CAPTURED,40,
1342305,DOMESTIC_LEAGUE,Norway,103,Eliteserien,2025,Regular Season - 15,2025-07-26T14:00:00+00:00,Sandefjord,Sarpsborg 08 FF,1,2026-09-20T04:36:49Z,CAPTURED,40,
1342307,DOMESTIC_LEAGUE,Norway,103,Eliteserien,2025,Regular Season - 16,2025-08-03T12:30:00+00:00,Ham-Kam,Bodo/Glimt,1,2026-09-20T04:36:49Z,CAPTURED,39,
1342308,DOMESTIC_LEAGUE,Norway,103,Eliteserien,2025,Regular Season - 16,2025-08-03T15:00:00+00:00,KFUM Oslo,Rosenborg,1,2026-09-20T04:36:49Z,CAPTURED,39,
1342309,DOMESTIC_LEAGUE,Norway,103,Eliteserien,2025,Regular Season - 16,2025-08-03T15:00:00+00:00,Molde,Bryne,1,2026-09-20T04:36:49Z,CAPTURED,38,
1342310,DOMESTIC_LEAGUE,Norway,103,Eliteserien,2025,Regular Season - 16,2025-08-02T16:00:00+00:00,Sarpsborg 08 FF,Brann,1,2026-09-20T04:36:49Z,CAPTURED,39,
1342311,DOMESTIC_LEAGUE,Norway,103,Eliteserien,2025,Regular Season - 16,2025-08-03T15:00:00+00:00,Stromsgodset,Haugesund,1,2026-09-20T04:36:49Z,CAPTURED,37,
1342312,DOMESTIC_LEAGUE,Norway,103,Eliteserien,2025,Regular Season - 16,2025-08-02T14:00:00+00:00,Tromso,Fredrikstad,1,2026-09-20T04:36:49Z,CAPTURED,38,
1342313,DOMESTIC_LEAGUE,Norway,103,Eliteserien,2025,Regular Season - 16,2025-08-03T15:00:00+00:00,Valerenga,Sandefjord,1,2026-09-20T04:36:49Z,CAPTURED,38,
1342317,DOMESTIC_LEAGUE,Norway,103,Eliteserien,2025,Regular Season - 17,2025-08-09T17:15:00+00:00,Bodo/Glimt,Tromso,1,2026-09-20T04:36:49Z,CAPTURED,39,
1342318,DOMESTIC_LEAGUE,Norway,103,Eliteserien,2025,Regular Season - 17,2025-08-10T15:00:00+00:00,Bryne,KFUM Oslo,1,2026-09-20T04:36:49Z,CAPTURED,40,
1342319,DOMESTIC_LEAGUE,Norway,103,Eliteserien,2025,Regular Season - 17,2025-08-10T15:00:00+00:00,Haugesund,Sarpsborg 08 FF,1,2026-09-20T04:36:49Z,CAPTURED,40,
1342320,DOMESTIC_LEAGUE,Norway,103,Eliteserien,2025,Regular Season - 17,2025-08-09T14:00:00+00:00,Molde,Ham-Kam,1,2026-09-20T04:36:49Z,CAPTURED,38,
1342321,DOMESTIC_LEAGUE,Norway,103,Eliteserien,2025,Regular Season - 17,2025-08-10T17:15:00+00:00,Sandefjord,Viking,1,2026-09-20T04:36:49Z,CAPTURED,40,
1342323,DOMESTIC_LEAGUE,Norway,103,Eliteserien,2025,Regular Season - 18,2025-05-28T17:00:00+00:00,Fredrikstad,Rosenborg,2,2026-09-20T04:36:49Z,CAPTURED,40,
1342324,DOMESTIC_LEAGUE,Norway,103,Eliteserien,2025,Regular Season - 18,2025-08-17T15:00:00+00:00,Ham-Kam,Bryne,1,2026-09-20T04:36:49Z,CAPTURED,38,
1342325,DOMESTIC_LEAGUE,Norway,103,Eliteserien,2025,Regular Season - 18,2025-08-17T15:00:00+00:00,KFUM Oslo,Molde,1,2026-09-20T04:36:49Z,CAPTURED,38,
1342326,DOMESTIC_LEAGUE,Norway,103,Eliteserien,2025,Regular Season - 18,2025-08-17T15:00:00+00:00,Kristiansund BK,Sandefjord,1,2026-09-20T04:36:49Z,CAPTURED,39,
1342327,DOMESTIC_LEAGUE,Norway,103,Eliteserien,2025,Regular Season - 18,2025-08-15T17:00:00+00:00,Stromsgodset,Bodo/Glimt,1,2026-09-20T04:36:49Z,CAPTURED,40,
1342328,DOMESTIC_LEAGUE,Norway,103,Eliteserien,2025,Regular Season - 18,2025-08-17T12:30:00+00:00,Tromso,Brann,1,2026-09-20T04:36:49Z,CAPTURED,40,
1342329,DOMESTIC_LEAGUE,Norway,103,Eliteserien,2025,Regular Season - 18,2025-08-17T17:15:00+00:00,Valerenga,Sarpsborg 08 FF,1,2026-09-20T04:36:49Z,CAPTURED,40,
1342330,DOMESTIC_LEAGUE,Norway,103,Eliteserien,2025,Regular Season - 19,2025-05-28T19:00:00+00:00,Bodo/Glimt,Viking,2,2026-09-20T04:36:49Z,CAPTURED,40,
1342331,DOMESTIC_LEAGUE,Norway,103,Eliteserien,2025,Regular Season - 19,2025-09-28T12:30:00+00:00,Brann,Fredrikstad,1,2026-09-20T04:36:49Z,CAPTURED,40,
1342332,DOMESTIC_LEAGUE,Norway,103,Eliteserien,2025,Regular Season - 19,2025-08-24T15:00:00+00:00,Bryne,Stromsgodset,1,2026-09-20T04:36:49Z,CAPTURED,38,
1342333,DOMESTIC_LEAGUE,Norway,103,Eliteserien,2025,Regular Season - 19,2025-08-24T12:30:00+00:00,Haugesund,Valerenga,1,2026-09-20T04:36:49Z,CAPTURED,38,
1342334,DOMESTIC_LEAGUE,Norway,103,Eliteserien,2025,Regular Season - 19,2025-08-22T17:00:00+00:00,KFUM Oslo,Ham-Kam,1,2026-09-20T04:36:49Z,CAPTURED,39,
1342335,DOMESTIC_LEAGUE,Norway,103,Eliteserien,2025,Regular Season - 19,2025-08-24T17:15:00+00:00,Molde,Tromso,1,2026-09-20T04:36:49Z,CAPTURED,39,
1342336,DOMESTIC_LEAGUE,Norway,103,Eliteserien,2025,Regular Season - 19,2025-10-29T20:00:00+00:00,Rosenborg,Sandefjord,1,2026-09-20T04:36:49Z,CAPTURED,39,
1342337,DOMESTIC_LEAGUE,Norway,103,Eliteserien,2025,Regular Season - 19,2025-08-25T17:00:00+00:00,Sarpsborg 08 FF,Kristiansund BK,1,2026-09-20T04:36:49Z,CAPTURED,39,
1342338,DOMESTIC_LEAGUE,Norway,103,Eliteserien,2025,Regular Season - 20,2025-08-31T15:00:00+00:00,Fredrikstad,Haugesund,1,2026-09-20T04:36:49Z,CAPTURED,39,
1342339,DOMESTIC_LEAGUE,Norway,103,Eliteserien,2025,Regular Season - 20,2025-08-31T15:00:00+00:00,Ham-Kam,Sarpsborg 08 FF,1,2026-09-20T04:36:49Z,CAPTURED,40,
1342340,DOMESTIC_LEAGUE,Norway,103,Eliteserien,2025,Regular Season - 20,2025-08-31T12:30:00+00:00,Kristiansund BK,Brann,1,2026-09-20T04:36:49Z,CAPTURED,39,
1342341,DOMESTIC_LEAGUE,Norway,103,Eliteserien,2025,Regular Season - 20,2025-08-31T15:00:00+00:00,Sandefjord,Bodo/Glimt,1,2026-09-20T04:36:49Z,CAPTURED,38,
1342342,DOMESTIC_LEAGUE,Norway,103,Eliteserien,2025,Regular Season - 20,2025-08-31T17:15:00+00:00,Stromsgodset,Molde,1,2026-09-20T04:36:49Z,CAPTURED,39,
1342343,DOMESTIC_LEAGUE,Norway,103,Eliteserien,2025,Regular Season - 20,2025-08-31T15:00:00+00:00,Tromso,KFUM Oslo,1,2026-09-20T04:36:49Z,CAPTURED,39,
1342344,DOMESTIC_LEAGUE,Norway,103,Eliteserien,2025,Regular Season - 20,2025-08-31T15:00:00+00:00,Viking,Rosenborg,1,2026-09-20T04:36:49Z,CAPTURED,40,
1342345,DOMESTIC_LEAGUE,Norway,103,Eliteserien,2025,Regular Season - 20,2025-08-30T16:00:00+00:00,Valerenga,Bryne,1,2026-09-20T04:36:49Z,CAPTURED,38,
1342346,DOMESTIC_LEAGUE,Norway,103,Eliteserien,2025,Regular Season - 21,2025-09-12T17:00:00+00:00,Bodo/Glimt,Kristiansund BK,1,2026-09-20T04:36:49Z,CAPTURED,39,
1342347,DOMESTIC_LEAGUE,Norway,103,Eliteserien,2025,Regular Season - 21,2025-09-13T16:00:00+00:00,Brann,Valerenga,1,2026-09-20T04:36:49Z,CAPTURED,38,
1342348,DOMESTIC_LEAGUE,Norway,103,Eliteserien,2025,Regular Season - 21,2025-09-14T12:30:00+00:00,Bryne,Tromso,1,2026-09-20T04:36:49Z,CAPTURED,39,
1342349,DOMESTIC_LEAGUE,Norway,103,Eliteserien,2025,Regular Season - 21,2025-09-14T15:00:00+00:00,Ham-Kam,Stromsgodset,1,2026-09-20T04:36:49Z,CAPTURED,40,
1342350,DOMESTIC_LEAGUE,Norway,103,Eliteserien,2025,Regular Season - 21,2025-09-14T17:15:00+00:00,Haugesund,Rosenborg,1,2026-09-20T04:36:49Z,CAPTURED,40,
1342351,DOMESTIC_LEAGUE,Norway,103,Eliteserien,2025,Regular Season - 21,2025-09-14T15:02:00+00:00,KFUM Oslo,Viking,1,2026-09-20T04:36:49Z,CAPTURED,39,
1342352,DOMESTIC_LEAGUE,Norway,103,Eliteserien,2025,Regular Season - 21,2025-09-13T14:00:00+00:00,Molde,Fredrikstad,1,2026-09-20T04:36:49Z,CAPTURED,40,
1342353,DOMESTIC_LEAGUE,Norway,103,Eliteserien,2025,Regular Season - 21,2025-09-14T15:00:00+00:00,Sarpsborg 08 FF,Sandefjord,1,2026-09-20T04:36:49Z,CAPTURED,40,
1342354,DOMESTIC_LEAGUE,Norway,103,Eliteserien,2025,Regular Season - 22,2025-09-20T12:00:00+00:00,Fredrikstad,Bryne,1,2026-09-20T04:36:49Z,CAPTURED,38,
1342355,DOMESTIC_LEAGUE,Norway,103,Eliteserien,2025,Regular Season - 22,2025-09-21T15:00:00+00:00,Kristiansund BK,Haugesund,1,2026-09-20T04:36:49Z,CAPTURED,38,
1342356,DOMESTIC_LEAGUE,Norway,103,Eliteserien,2025,Regular Season - 22,2025-09-21T12:30:00+00:00,Rosenborg,Bodo/Glimt,1,2026-09-20T04:36:49Z,CAPTURED,37,
1342357,DOMESTIC_LEAGUE,Norway,103,Eliteserien,2025,Regular Season - 22,2025-09-20T14:00:00+00:00,Sandefjord,Brann,1,2026-09-20T04:36:49Z,CAPTURED,39,
1342358,DOMESTIC_LEAGUE,Norway,103,Eliteserien,2025,Regular Season - 22,2025-09-21T15:00:00+00:00,Stromsgodset,Sarpsborg 08 FF,1,2026-09-20T04:36:49Z,CAPTURED,39,
1342359,DOMESTIC_LEAGUE,Norway,103,Eliteserien,2025,Regular Season - 22,2025-09-21T15:00:00+00:00,Tromso,Ham-Kam,1,2026-09-20T04:36:49Z,CAPTURED,37,
1342360,DOMESTIC_LEAGUE,Norway,103,Eliteserien,2025,Regular Season - 22,2025-09-21T17:15:00+00:00,Viking,Molde,1,2026-09-20T04:36:49Z,CAPTURED,40,
1342361,DOMESTIC_LEAGUE,Norway,103,Eliteserien,2025,Regular Season - 22,2025-09-20T16:00:00+00:00,Valerenga,KFUM Oslo,1,2026-09-20T04:36:49Z,CAPTURED,40,
1342362,DOMESTIC_LEAGUE,Norway,103,Eliteserien,2025,Regular Season - 23,2025-10-29T18:00:00+00:00,Brann,Bodo/Glimt,1,2026-09-20T04:36:49Z,CAPTURED,40,
1342363,DOMESTIC_LEAGUE,Norway,103,Eliteserien,2025,Regular Season - 23,2025-09-28T15:00:00+00:00,Bryne,Kristiansund BK,1,2026-09-20T04:36:49Z,CAPTURED,39,
1342364,DOMESTIC_LEAGUE,Norway,103,Eliteserien,2025,Regular Season - 23,2025-09-28T15:00:00+00:00,Ham-Kam,Rosenborg,1,2026-09-20T04:36:49Z,CAPTURED,40,
1342365,DOMESTIC_LEAGUE,Norway,103,Eliteserien,2025,Regular Season - 23,2025-09-29T17:00:00+00:00,Haugesund,Sandefjord,1,2026-09-20T04:36:49Z,CAPTURED,38,
1342366,DOMESTIC_LEAGUE,Norway,103,Eliteserien,2025,Regular Season - 23,2025-10-01T17:00:00+00:00,KFUM Oslo,Fredrikstad,1,2026-09-20T04:36:49Z,CAPTURED,40,
1342367,DOMESTIC_LEAGUE,Norway,103,Eliteserien,2025,Regular Season - 23,2025-09-28T17:15:00+00:00,Molde,Valerenga,1,2026-09-20T04:36:49Z,CAPTURED,38,
1342368,DOMESTIC_LEAGUE,Norway,103,Eliteserien,2025,Regular Season - 23,2025-09-27T16:00:00+00:00,Sarpsborg 08 FF,Viking,1,2026-09-20T04:36:49Z,CAPTURED,40,
1342369,DOMESTIC_LEAGUE,Norway,103,Eliteserien,2025,Regular Season - 23,2025-09-28T15:00:00+00:00,Tromso,Stromsgodset,1,2026-09-20T04:36:49Z,CAPTURED,38,
1342370,DOMESTIC_LEAGUE,Norway,103,Eliteserien,2025,Regular Season - 24,2025-10-05T15:00:00+00:00,Bodo/Glimt,Haugesund,1,2026-09-20T04:36:49Z,CAPTURED,38,
1342371,DOMESTIC_LEAGUE,Norway,103,Eliteserien,2025,Regular Season - 24,2025-10-05T15:00:00+00:00,Fredrikstad,Ham-Kam,1,2026-09-20T04:36:49Z,CAPTURED,40,
1342372,DOMESTIC_LEAGUE,Norway,103,Eliteserien,2025,Regular Season - 24,2025-10-04T16:00:00+00:00,Kristiansund BK,Molde,1,2026-09-20T04:36:49Z,CAPTURED,40,
1342373,DOMESTIC_LEAGUE,Norway,103,Eliteserien,2025,Regular Season - 24,2025-10-05T17:15:00+00:00,Rosenborg,Sarpsborg 08 FF,1,2026-09-20T04:36:49Z,CAPTURED,40,
1342374,DOMESTIC_LEAGUE,Norway,103,Eliteserien,2025,Regular Season - 24,2025-10-04T14:00:00+00:00,Sandefjord,Bryne,1,2026-09-20T04:36:49Z,CAPTURED,39,
1342375,DOMESTIC_LEAGUE,Norway,103,Eliteserien,2025,Regular Season - 24,2025-10-05T15:00:00+00:00,Stromsgodset,KFUM Oslo,1,2026-09-20T04:36:49Z,CAPTURED,39,
1342376,DOMESTIC_LEAGUE,Norway,103,Eliteserien,2025,Regular Season - 24,2025-10-05T12:30:00+00:00,Viking,Brann,1,2026-09-20T04:36:49Z,CAPTURED,40,
1342377,DOMESTIC_LEAGUE,Norway,103,Eliteserien,2025,Regular Season - 24,2025-10-04T12:00:00+00:00,Valerenga,Tromso,1,2026-09-20T04:36:49Z,CAPTURED,40,
1342378,DOMESTIC_LEAGUE,Norway,103,Eliteserien,2025,Regular Season - 25,2025-10-18T16:00:00+00:00,Brann,Haugesund,1,2026-09-20T04:36:49Z,CAPTURED,40,
1342379,DOMESTIC_LEAGUE,Norway,103,Eliteserien,2025,Regular Season - 25,2025-10-18T14:00:00+00:00,Bryne,Rosenborg,1,2026-09-20T04:36:49Z,CAPTURED,40,
1342380,DOMESTIC_LEAGUE,Norway,103,Eliteserien,2025,Regular Season - 25,2025-10-19T15:00:00+00:00,Ham-Kam,Valerenga,1,2026-09-20T04:36:49Z,CAPTURED,40,
1342381,DOMESTIC_LEAGUE,Norway,103,Eliteserien,2025,Regular Season - 25,2025-10-19T15:00:00+00:00,KFUM Oslo,Kristiansund BK,1,2026-09-20T04:36:49Z,CAPTURED,39,
1342382,DOMESTIC_LEAGUE,Norway,103,Eliteserien,2025,Regular Season - 25,2025-10-19T15:00:00+00:00,Molde,Sandefjord,1,2026-09-20T04:36:49Z,CAPTURED,39,
1342383,DOMESTIC_LEAGUE,Norway,103,Eliteserien,2025,Regular Season - 25,2025-10-18T12:00:00+00:00,Sarpsborg 08 FF,Bodo/Glimt,1,2026-09-20T04:36:49Z,CAPTURED,40,
1342384,DOMESTIC_LEAGUE,Norway,103,Eliteserien,2025,Regular Season - 25,2025-10-19T17:15:00+00:00,Stromsgodset,Fredrikstad,1,2026-09-20T04:36:49Z,CAPTURED,40,
1342385,DOMESTIC_LEAGUE,Norway,103,Eliteserien,2025,Regular Season - 25,2025-10-19T12:30:00+00:00,Tromso,Viking,1,2026-09-20T04:36:49Z,CAPTURED,40,
1342386,DOMESTIC_LEAGUE,Norway,103,Eliteserien,2025,Regular Season - 26,2025-10-26T16:00:00+00:00,Bodo/Glimt,Molde,1,2026-09-20T04:36:49Z,CAPTURED,40,
1342387,DOMESTIC_LEAGUE,Norway,103,Eliteserien,2025,Regular Season - 26,2025-10-26T16:00:00+00:00,Haugesund,Tromso,1,2026-09-20T04:36:49Z,CAPTURED,37,
1342388,DOMESTIC_LEAGUE,Norway,103,Eliteserien,2025,Regular Season - 26,2025-10-26T16:00:00+00:00,Kristiansund BK,Ham-Kam,1,2026-09-20T04:36:49Z,CAPTURED,38,
1342389,DOMESTIC_LEAGUE,Norway,103,Eliteserien,2025,Regular Season - 26,2025-10-26T13:30:00+00:00,Rosenborg,Brann,1,2026-09-20T04:36:49Z,CAPTURED,38,
1342390,DOMESTIC_LEAGUE,Norway,103,Eliteserien,2025,Regular Season - 26,2025-10-26T16:00:00+00:00,Sandefjord,Fredrikstad,1,2026-09-20T04:36:49Z,CAPTURED,40,
1342391,DOMESTIC_LEAGUE,Norway,103,Eliteserien,2025,Regular Season - 26,2025-10-25T16:00:00+00:00,Sarpsborg 08 FF,KFUM Oslo,1,2026-09-20T04:36:49Z,CAPTURED,39,
1342392,DOMESTIC_LEAGUE,Norway,103,Eliteserien,2025,Regular Season - 26,2025-10-25T14:00:00+00:00,Viking,Bryne,1,2026-09-20T04:36:49Z,CAPTURED,40,
1342393,DOMESTIC_LEAGUE,Norway,103,Eliteserien,2025,Regular Season - 26,2025-10-26T18:15:00+00:00,Valerenga,Stromsgodset,1,2026-09-20T04:36:49Z,CAPTURED,38,
1342394,DOMESTIC_LEAGUE,Norway,103,Eliteserien,2025,Regular Season - 27,2025-11-02T16:00:00+00:00,Bryne,Brann,1,2026-09-20T04:36:49Z,CAPTURED,40,
1342395,DOMESTIC_LEAGUE,Norway,103,Eliteserien,2025,Regular Season - 27,2025-11-02T16:00:00+00:00,Fredrikstad,Kristiansund BK,1,2026-09-20T04:36:49Z,CAPTURED,40,
1342396,DOMESTIC_LEAGUE,Norway,103,Eliteserien,2025,Regular Season - 27,2025-11-02T16:00:00+00:00,Ham-Kam,Sandefjord,1,2026-09-20T04:36:49Z,CAPTURED,39,
1342397,DOMESTIC_LEAGUE,Norway,103,Eliteserien,2025,Regular Season - 27,2025-11-02T16:00:00+00:00,KFUM Oslo,Haugesund,1,2026-09-20T04:36:49Z,CAPTURED,36,
1342398,DOMESTIC_LEAGUE,Norway,103,Eliteserien,2025,Regular Season - 27,2025-11-01T17:00:00+00:00,Molde,Rosenborg,1,2026-09-20T04:36:49Z,CAPTURED,39,
1342399,DOMESTIC_LEAGUE,Norway,103,Eliteserien,2025,Regular Season - 27,2025-11-02T13:30:00+00:00,Stromsgodset,Viking,1,2026-09-20T04:36:49Z,CAPTURED,40,
1342400,DOMESTIC_LEAGUE,Norway,103,Eliteserien,2025,Regular Season - 27,2025-11-02T18:15:00+00:00,Tromso,Sarpsborg 08 FF,1,2026-09-20T04:36:49Z,CAPTURED,40,
1342401,DOMESTIC_LEAGUE,Norway,103,Eliteserien,2025,Regular Season - 27,2025-11-01T15:00:00+00:00,Valerenga,Bodo/Glimt,1,2026-09-20T04:36:49Z,CAPTURED,40,
1342402,DOMESTIC_LEAGUE,Norway,103,Eliteserien,2025,Regular Season - 28,2025-11-09T16:00:00+00:00,Bodo/Glimt,Bryne,1,2026-09-20T04:36:49Z,CAPTURED,37,
1342403,DOMESTIC_LEAGUE,Norway,103,Eliteserien,2025,Regular Season - 28,2025-11-09T16:00:00+00:00,Brann,KFUM Oslo,1,2026-09-20T04:36:49Z,CAPTURED,39,
1342404,DOMESTIC_LEAGUE,Norway,103,Eliteserien,2025,Regular Season - 28,2025-11-09T18:15:00+00:00,Haugesund,Molde,1,2026-09-20T04:36:49Z,CAPTURED,40,
1342405,DOMESTIC_LEAGUE,Norway,103,Eliteserien,2025,Regular Season - 28,2025-11-09T16:00:00+00:00,Kristiansund BK,Stromsgodset,1,2026-09-20T04:36:49Z,CAPTURED,39,
1342406,DOMESTIC_LEAGUE,Norway,103,Eliteserien,2025,Regular Season - 28,2025-11-09T13:30:00+00:00,Rosenborg,Valerenga,1,2026-09-20T04:36:49Z,CAPTURED,40,
1342407,DOMESTIC_LEAGUE,Norway,103,Eliteserien,2025,Regular Season - 28,2025-11-09T16:00:00+00:00,Sandefjord,Tromso,1,2026-09-20T04:36:49Z,CAPTURED,40,
1342408,DOMESTIC_LEAGUE,Norway,103,Eliteserien,2025,Regular Season - 28,2025-11-08T13:00:00+00:00,Sarpsborg 08 FF,Fredrikstad,1,2026-09-20T04:36:49Z,CAPTURED,39,
1342409,DOMESTIC_LEAGUE,Norway,103,Eliteserien,2025,Regular Season - 28,2025-11-08T17:00:00+00:00,Viking,Ham-Kam,1,2026-09-20T04:36:49Z,CAPTURED,39,
1342410,DOMESTIC_LEAGUE,Norway,103,Eliteserien,2025,Regular Season - 29,2025-11-23T13:30:00+00:00,Bryne,Sarpsborg 08 FF,1,2026-09-20T04:36:49Z,CAPTURED,40,
1342411,DOMESTIC_LEAGUE,Norway,103,Eliteserien,2025,Regular Season - 29,2025-11-23T18:15:00+00:00,Fredrikstad,Viking,1,2026-09-20T04:36:49Z,CAPTURED,40,
1342412,DOMESTIC_LEAGUE,Norway,103,Eliteserien,2025,Regular Season - 29,2025-11-23T13:30:00+00:00,Ham-Kam,Haugesund,1,2026-09-20T04:36:49Z,CAPTURED,38,
1342413,DOMESTIC_LEAGUE,Norway,103,Eliteserien,2025,Regular Season - 29,2025-11-21T18:00:00+00:00,KFUM Oslo,Bodo/Glimt,1,2026-09-20T04:36:49Z,CAPTURED,37,
1342414,DOMESTIC_LEAGUE,Norway,103,Eliteserien,2025,Regular Season - 29,2025-11-22T17:00:00+00:00,Molde,Brann,1,2026-09-20T04:36:49Z,CAPTURED,40,
1342415,DOMESTIC_LEAGUE,Norway,103,Eliteserien,2025,Regular Season - 29,2025-11-22T17:00:00+00:00,Stromsgodset,Sandefjord,1,2026-09-20T04:36:49Z,CAPTURED,39,
1342416,DOMESTIC_LEAGUE,Norway,103,Eliteserien,2025,Regular Season - 29,2025-11-22T13:00:00+00:00,Tromso,Rosenborg,1,2026-09-20T04:36:49Z,CAPTURED,40,
1342418,DOMESTIC_LEAGUE,Norway,103,Eliteserien,2025,Regular Season - 30,2025-11-30T16:00:00+00:00,Bodo/Glimt,Fredrikstad,1,2026-09-20T04:36:49Z,CAPTURED,38,
1342419,DOMESTIC_LEAGUE,Norway,103,Eliteserien,2025,Regular Season - 30,2025-11-30T16:00:00+00:00,Brann,Ham-Kam,1,2026-09-20T04:36:49Z,CAPTURED,39,
1342420,DOMESTIC_LEAGUE,Norway,103,Eliteserien,2025,Regular Season - 30,2025-11-30T16:00:00+00:00,Haugesund,Bryne,1,2026-09-20T04:36:49Z,CAPTURED,38,
1342421,DOMESTIC_LEAGUE,Norway,103,Eliteserien,2025,Regular Season - 30,2025-11-30T16:00:00+00:00,Kristiansund BK,Tromso,1,2026-09-20T04:36:49Z,CAPTURED,40,
1342422,DOMESTIC_LEAGUE,Norway,103,Eliteserien,2025,Regular Season - 30,2025-11-30T16:00:00+00:00,Rosenborg,Stromsgodset,1,2026-09-20T04:36:49Z,CAPTURED,38,
1342423,DOMESTIC_LEAGUE,Norway,103,Eliteserien,2025,Regular Season - 30,2025-11-30T16:00:00+00:00,Sandefjord,KFUM Oslo,1,2026-09-20T04:36:49Z,CAPTURED,39,
1342424,DOMESTIC_LEAGUE,Norway,103,Eliteserien,2025,Regular Season - 30,2025-11-30T16:00:00+00:00,Sarpsborg 08 FF,Molde,1,2026-09-20T04:36:49Z,CAPTURED,40,
1342425,DOMESTIC_LEAGUE,Norway,103,Eliteserien,2025,Regular Season - 30,2025-11-30T16:00:00+00:00,Viking,Valerenga,1,2026-09-20T04:36:49Z,CAPTURED,38,
1379349,DOMESTIC_LEAGUE,Denmark,119,Superliga,2025,Regular Season - 1,2025-07-18T17:00:00+00:00,Viborg,FC Copenhagen,1,2026-09-20T04:36:49Z,CAPTURED,40,
1379350,DOMESTIC_LEAGUE,Denmark,119,Superliga,2025,Regular Season - 1,2025-07-20T12:00:00+00:00,FC Fredericia,FC Nordsjaelland,1,2026-09-20T04:36:49Z,CAPTURED,40,
1379351,DOMESTIC_LEAGUE,Denmark,119,Superliga,2025,Regular Season - 1,2025-07-20T12:00:00+00:00,Vejle,Randers FC,1,2026-09-20T04:36:49Z,CAPTURED,40,
1379352,DOMESTIC_LEAGUE,Denmark,119,Superliga,2025,Regular Season - 1,2025-07-20T14:00:00+00:00,Sonderjyske,Aarhus,1,2026-09-20T04:36:49Z,CAPTURED,40,
1379353,DOMESTIC_LEAGUE,Denmark,119,Superliga,2025,Regular Season - 1,2025-07-20T16:00:00+00:00,FC Midtjylland,Odense,1,2026-09-20T04:36:49Z,CAPTURED,40,
1379354,DOMESTIC_LEAGUE,Denmark,119,Superliga,2025,Regular Season - 1,2025-07-20T18:00:00+00:00,Brondby,Silkeborg,1,2026-09-20T04:36:49Z,CAPTURED,40,
1379355,DOMESTIC_LEAGUE,Denmark,119,Superliga,2025,Regular Season - 2,2025-07-25T17:00:00+00:00,Aarhus,Randers FC,1,2026-09-20T04:36:49Z,CAPTURED,40,
1379356,DOMESTIC_LEAGUE,Denmark,119,Superliga,2025,Regular Season - 2,2025-07-26T16:00:00+00:00,FC Copenhagen,Vejle,1,2026-09-20T04:36:49Z,CAPTURED,40,
1379357,DOMESTIC_LEAGUE,Denmark,119,Superliga,2025,Regular Season - 2,2025-07-27T12:00:00+00:00,Odense,Viborg,1,2026-09-20T04:36:49Z,CAPTURED,40,
1379358,DOMESTIC_LEAGUE,Denmark,119,Superliga,2025,Regular Season - 2,2025-07-27T14:00:00+00:00,Silkeborg,FC Fredericia,1,2026-09-20T04:36:49Z,CAPTURED,40,
1379359,DOMESTIC_LEAGUE,Denmark,119,Superliga,2025,Regular Season - 2,2025-07-27T16:00:00+00:00,FC Nordsjaelland,Brondby,1,2026-09-20T04:36:49Z,CAPTURED,40,
1379360,DOMESTIC_LEAGUE,Denmark,119,Superliga,2025,Regular Season - 2,2025-07-28T17:00:00+00:00,FC Midtjylland,Sonderjyske,1,2026-09-20T04:36:49Z,CAPTURED,40,
1379361,DOMESTIC_LEAGUE,Denmark,119,Superliga,2025,Regular Season - 3,2025-08-01T16:00:00+00:00,FC Fredericia,FC Copenhagen,1,2026-09-20T04:36:49Z,CAPTURED,40,
1379362,DOMESTIC_LEAGUE,Denmark,119,Superliga,2025,Regular Season - 3,2025-08-01T18:00:00+00:00,Vejle,Odense,1,2026-09-20T04:36:49Z,CAPTURED,40,
1379363,DOMESTIC_LEAGUE,Denmark,119,Superliga,2025,Regular Season - 3,2025-08-03T12:00:00+00:00,Randers FC,Silkeborg,1,2026-09-20T04:36:49Z,CAPTURED,40,
1379364,DOMESTIC_LEAGUE,Denmark,119,Superliga,2025,Regular Season - 3,2025-08-03T12:00:00+00:00,Sonderjyske,FC Nordsjaelland,1,2026-09-20T04:36:49Z,CAPTURED,40,
1380384,DOMESTIC_LEAGUE,Poland,106,Ekstraklasa,2025,Regular Season - 1,2025-07-19T18:15:00+00:00,GKS Katowice,Raków Częstochowa,1,2026-09-20T04:36:49Z,CAPTURED,40,
1380385,DOMESTIC_LEAGUE,Poland,106,Ekstraklasa,2025,Regular Season - 1,2025-07-20T12:45:00+00:00,Gornik Zabrze,Lechia Gdansk,1,2026-09-20T04:36:49Z,CAPTURED,44,
1380386,DOMESTIC_LEAGUE,Poland,106,Ekstraklasa,2025,Regular Season - 1,2025-07-18T16:00:00+00:00,Jagiellonia,Nieciecza,1,2026-09-20T04:36:49Z,CAPTURED,42,
1380387,DOMESTIC_LEAGUE,Poland,106,Ekstraklasa,2025,Regular Season - 1,2025-07-18T18:30:00+00:00,Lech Poznan,Cracovia Krakow,1,2026-09-20T04:36:49Z,CAPTURED,41,
1380389,DOMESTIC_LEAGUE,Poland,106,Ekstraklasa,2025,Regular Season - 1,2025-07-20T15:30:00+00:00,Motor Lublin,Arka Gdynia,1,2026-09-20T04:36:49Z,CAPTURED,44,
1380390,DOMESTIC_LEAGUE,Poland,106,Ekstraklasa,2025,Regular Season - 1,2025-07-20T18:15:00+00:00,Radomiak Radom,Pogon Szczecin,1,2026-09-20T04:36:49Z,CAPTURED,45,
1380391,DOMESTIC_LEAGUE,Poland,106,Ekstraklasa,2025,Regular Season - 1,2025-07-19T12:45:00+00:00,Widzew Łódź,Zaglebie Lubin,1,2026-09-20T04:36:49Z,CAPTURED,45,
1380392,DOMESTIC_LEAGUE,Poland,106,Ekstraklasa,2025,Regular Season - 1,2025-07-19T15:30:00+00:00,Wisla Plock,Korona Kielce,1,2026-09-20T04:36:49Z,CAPTURED,42,
1380393,DOMESTIC_LEAGUE,Poland,106,Ekstraklasa,2025,Regular Season - 2,2025-07-25T18:30:00+00:00,Arka Gdynia,Radomiak Radom,1,2026-09-20T04:36:49Z,CAPTURED,43,
1380394,DOMESTIC_LEAGUE,Poland,106,Ekstraklasa,2025,Regular Season - 2,2025-07-25T16:00:00+00:00,Cracovia Krakow,Nieciecza,1,2026-09-20T04:36:49Z,CAPTURED,41,
1380395,DOMESTIC_LEAGUE,Poland,106,Ekstraklasa,2025,Regular Season - 2,2025-07-28T17:00:00+00:00,GKS Katowice,Zaglebie Lubin,1,2026-09-20T04:36:49Z,CAPTURED,46,
1380396,DOMESTIC_LEAGUE,Poland,106,Ekstraklasa,2025,Regular Season - 2,2025-07-27T15:30:00+00:00,Jagiellonia,Widzew Łódź,1,2026-09-20T04:36:49Z,CAPTURED,43,
1380397,DOMESTIC_LEAGUE,Poland,106,Ekstraklasa,2025,Regular Season - 2,2025-07-27T18:15:00+00:00,Korona Kielce,Legia Warszawa,1,2026-09-20T04:36:49Z,CAPTURED,43,
1380398,DOMESTIC_LEAGUE,Poland,106,Ekstraklasa,2025,Regular Season - 2,2025-07-26T18:15:00+00:00,Lechia Gdansk,Lech Poznan,1,2026-09-20T04:36:49Z,CAPTURED,39,
1380399,DOMESTIC_LEAGUE,Poland,106,Ekstraklasa,2025,Regular Season - 2,2025-07-26T12:45:00+00:00,Piast Gliwice,Gornik Zabrze,1,2026-09-20T04:36:49Z,CAPTURED,45,
1380400,DOMESTIC_LEAGUE,Poland,106,Ekstraklasa,2025,Regular Season - 2,2025-07-26T15:30:00+00:00,Pogon Szczecin,Motor Lublin,1,2026-09-20T04:36:49Z,CAPTURED,46,
1380401,DOMESTIC_LEAGUE,Poland,106,Ekstraklasa,2025,Regular Season - 2,2025-07-27T12:45:00+00:00,Raków Częstochowa,Wisla Plock,1,2026-09-20T04:36:49Z,CAPTURED,40,
1380402,DOMESTIC_LEAGUE,Poland,106,Ekstraklasa,2025,Regular Season - 3,2025-08-03T12:45:00+00:00,Cracovia Krakow,Lechia Gdansk,1,2026-09-20T04:36:49Z,CAPTURED,42,
1380403,DOMESTIC_LEAGUE,Poland,106,Ekstraklasa,2025,Regular Season - 3,2025-08-02T18:15:00+00:00,Lech Poznan,Gornik Zabrze,1,2026-09-20T04:36:49Z,CAPTURED,45,
1380407,DOMESTIC_LEAGUE,Poland,106,Ekstraklasa,2025,Regular Season - 3,2025-08-02T12:45:00+00:00,Nieciecza,Pogon Szczecin,1,2026-09-20T04:36:49Z,CAPTURED,41,
1380408,DOMESTIC_LEAGUE,Poland,106,Ekstraklasa,2025,Regular Season - 3,2025-08-02T15:30:00+00:00,Widzew Łódź,GKS Katowice,1,2026-09-20T04:36:49Z,CAPTURED,43,
1380409,DOMESTIC_LEAGUE,Poland,106,Ekstraklasa,2025,Regular Season - 3,2025-08-01T18:30:00+00:00,Wisla Plock,Piast Gliwice,1,2026-09-20T04:36:49Z,CAPTURED,43,
1380410,DOMESTIC_LEAGUE,Poland,106,Ekstraklasa,2025,Regular Season - 3,2025-08-01T16:00:00+00:00,Zaglebie Lubin,Korona Kielce,1,2026-09-20T04:36:49Z,CAPTURED,43,
1382426,DOMESTIC_LEAGUE,Belgium,144,Jupiler Pro League,2025,Regular Season - 1,2025-07-25T18:45:00+00:00,Antwerp,Union St. Gilloise,1,2026-09-20T04:36:49Z,CAPTURED,40,
1382427,DOMESTIC_LEAGUE,Belgium,144,Jupiler Pro League,2025,Regular Season - 1,2025-07-26T14:00:00+00:00,Dender,Cercle Brugge,1,2026-09-20T04:36:49Z,CAPTURED,40,
1382428,DOMESTIC_LEAGUE,Belgium,144,Jupiler Pro League,2025,Regular Season - 1,2025-07-26T16:15:00+00:00,Zulte Waregem,KV Mechelen,1,2026-09-20T04:36:49Z,CAPTURED,40,
1382429,DOMESTIC_LEAGUE,Belgium,144,Jupiler Pro League,2025,Regular Season - 1,2025-07-26T18:45:00+00:00,RAAL La Louvière,Standard Liege,1,2026-09-20T04:36:49Z,CAPTURED,40,
1382430,DOMESTIC_LEAGUE,Belgium,144,Jupiler Pro League,2025,Regular Season - 1,2025-07-27T11:30:00+00:00,Anderlecht,KVC Westerlo,1,2026-09-20T04:36:49Z,CAPTURED,40,
1382431,DOMESTIC_LEAGUE,Belgium,144,Jupiler Pro League,2025,Regular Season - 1,2025-07-27T14:00:00+00:00,OH Leuven,Charleroi,1,2026-09-20T04:36:49Z,CAPTURED,40,
1382432,DOMESTIC_LEAGUE,Belgium,144,Jupiler Pro League,2025,Regular Season - 1,2025-07-27T16:30:00+00:00,Club Brugge KV,Genk,1,2026-09-20T04:36:49Z,CAPTURED,40,
1382433,DOMESTIC_LEAGUE,Belgium,144,Jupiler Pro League,2025,Regular Season - 1,2025-07-27T17:15:00+00:00,St. Truiden,Gent,1,2026-09-20T04:36:49Z,CAPTURED,40,
1382434,DOMESTIC_LEAGUE,Belgium,144,Jupiler Pro League,2025,Regular Season - 2,2025-08-01T18:45:00+00:00,KV Mechelen,Club Brugge KV,1,2026-09-20T04:36:49Z,CAPTURED,40,
1382435,DOMESTIC_LEAGUE,Belgium,144,Jupiler Pro League,2025,Regular Season - 2,2025-08-02T14:00:00+00:00,KVC Westerlo,Zulte Waregem,1,2026-09-20T04:36:49Z,CAPTURED,40,
1382436,DOMESTIC_LEAGUE,Belgium,144,Jupiler Pro League,2025,Regular Season - 2,2025-08-02T16:15:00+00:00,Standard Liege,Dender,1,2026-09-20T04:36:49Z,CAPTURED,40,
1382437,DOMESTIC_LEAGUE,Belgium,144,Jupiler Pro League,2025,Regular Season - 2,2025-08-02T18:45:00+00:00,Gent,RAAL La Louvière,1,2026-09-20T04:36:49Z,CAPTURED,40,
1382438,DOMESTIC_LEAGUE,Belgium,144,Jupiler Pro League,2025,Regular Season - 2,2025-08-03T11:30:00+00:00,Genk,Antwerp,1,2026-09-20T04:36:49Z,CAPTURED,40,
1382666,DOMESTIC_LEAGUE,Scotland,179,Premiership,2025,1st Phase - 1,2025-08-02T14:00:00+00:00,Kilmarnock,Livingston,1,2026-09-20T04:36:49Z,CAPTURED,40,
1382667,DOMESTIC_LEAGUE,Scotland,179,Premiership,2025,1st Phase - 1,2025-08-02T16:30:00+00:00,Motherwell,Rangers,1,2026-09-20T04:36:49Z,CAPTURED,40,
1390027,DOMESTIC_LEAGUE,Austria,218,Bundesliga,2025,Regular Season - 1,2025-08-01T18:30:00+00:00,Lask Linz,Sturm Graz,1,2026-09-20T04:36:49Z,CAPTURED,40,
1390028,DOMESTIC_LEAGUE,Austria,218,Bundesliga,2025,Regular Season - 1,2025-08-02T15:00:00+00:00,Wolfsberger AC,SCR Altach,1,2026-09-20T04:36:49Z,CAPTURED,40,
1390029,DOMESTIC_LEAGUE,Austria,218,Bundesliga,2025,Regular Season - 1,2025-08-02T17:30:00+00:00,Ried,Red Bull Salzburg,1,2026-09-20T04:36:49Z,CAPTURED,39,
1399967,DOMESTIC_LEAGUE,Austria,218,Bundesliga,2025,Regular Season - 1,2025-08-02T15:00:00+00:00,WSG Wattens,TSV Hartberg,1,2026-09-20T04:36:49Z,CAPTURED,40,
1488553,DOMESTIC_LEAGUE,Norway,103,Eliteserien,2025,Final,2025-12-07T16:00:00+00:00,Bryne,Aalesund,1,2026-09-20T04:36:49Z,CAPTURED,39,
1488554,DOMESTIC_LEAGUE,Norway,103,Eliteserien,2025,Final,2025-12-11T18:00:00+00:00,Aalesund,Bryne,1,2026-09-20T04:36:49Z,CAPTURED,35,
1379365,DOMESTIC_LEAGUE,Denmark,119,Superliga,2025,Regular Season - 3,2025-08-03T14:00:00+00:00,Aarhus,FC Midtjylland,1,2026-09-20T08:35:27Z,CAPTURED,40,
1379366,DOMESTIC_LEAGUE,Denmark,119,Superliga,2025,Regular Season - 3,2025-08-03T16:00:00+00:00,Brondby,Viborg,1,2026-09-20T08:35:27Z,CAPTURED,39,
1379367,DOMESTIC_LEAGUE,Denmark,119,Superliga,2025,Regular Season - 4,2025-08-08T16:00:00+00:00,FC Copenhagen,Aarhus,1,2026-09-20T08:35:27Z,CAPTURED,40,
1379368,DOMESTIC_LEAGUE,Denmark,119,Superliga,2025,Regular Season - 4,2025-08-08T18:00:00+00:00,Viborg,Sonderjyske,1,2026-09-20T08:35:27Z,CAPTURED,40,
1379369,DOMESTIC_LEAGUE,Denmark,119,Superliga,2025,Regular Season - 4,2025-08-10T12:00:00+00:00,FC Midtjylland,FC Fredericia,1,2026-09-20T08:35:27Z,CAPTURED,40,
1379370,DOMESTIC_LEAGUE,Denmark,119,Superliga,2025,Regular Season - 4,2025-08-10T14:00:00+00:00,Silkeborg,FC Nordsjaelland,1,2026-09-20T08:35:27Z,CAPTURED,40,
1379371,DOMESTIC_LEAGUE,Denmark,119,Superliga,2025,Regular Season - 4,2025-08-10T16:00:00+00:00,Brondby,Vejle,1,2026-09-20T08:35:27Z,CAPTURED,40,
1379372,DOMESTIC_LEAGUE,Denmark,119,Superliga,2025,Regular Season - 4,2025-08-11T17:00:00+00:00,Odense,Randers FC,1,2026-09-20T08:35:27Z,CAPTURED,40,
1379373,DOMESTIC_LEAGUE,Denmark,119,Superliga,2025,Regular Season - 5,2025-08-15T16:00:00+00:00,FC Nordsjaelland,FC Copenhagen,1,2026-09-20T08:35:27Z,CAPTURED,40,
1379374,DOMESTIC_LEAGUE,Denmark,119,Superliga,2025,Regular Season - 5,2025-08-15T18:00:00+00:00,FC Fredericia,Sonderjyske,1,2026-09-20T08:35:27Z,CAPTURED,39,
1379375,DOMESTIC_LEAGUE,Denmark,119,Superliga,2025,Regular Season - 5,2025-08-17T12:00:00+00:00,Vejle,FC Midtjylland,1,2026-09-20T08:35:27Z,CAPTURED,40,
1379376,DOMESTIC_LEAGUE,Denmark,119,Superliga,2025,Regular Season - 5,2025-08-17T14:00:00+00:00,Viborg,Silkeborg,1,2026-09-20T08:35:27Z,CAPTURED,40,
1379377,DOMESTIC_LEAGUE,Denmark,119,Superliga,2025,Regular Season - 5,2025-08-17T16:00:00+00:00,Randers FC,Brondby,1,2026-09-20T08:35:27Z,CAPTURED,40,
1379378,DOMESTIC_LEAGUE,Denmark,119,Superliga,2025,Regular Season - 5,2025-08-18T17:00:00+00:00,Odense,Aarhus,1,2026-09-20T08:35:27Z,CAPTURED,40,
1379379,DOMESTIC_LEAGUE,Denmark,119,Superliga,2025,Regular Season - 6,2025-08-23T16:00:00+00:00,FC Copenhagen,Odense,1,2026-09-20T08:35:27Z,CAPTURED,40,
1379380,DOMESTIC_LEAGUE,Denmark,119,Superliga,2025,Regular Season - 6,2025-08-24T12:00:00+00:00,FC Fredericia,Randers FC,1,2026-09-20T08:35:27Z,CAPTURED,39,
1379381,DOMESTIC_LEAGUE,Denmark,119,Superliga,2025,Regular Season - 6,2025-08-24T12:00:00+00:00,FC Midtjylland,Silkeborg,1,2026-09-20T08:35:27Z,CAPTURED,40,
1379382,DOMESTIC_LEAGUE,Denmark,119,Superliga,2025,Regular Season - 6,2025-08-24T14:00:00+00:00,Sonderjyske,Brondby,1,2026-09-20T08:35:27Z,CAPTURED,40,
1379383,DOMESTIC_LEAGUE,Denmark,119,Superliga,2025,Regular Season - 6,2025-08-24T16:00:00+00:00,Aarhus,Vejle,1,2026-09-20T08:35:27Z,CAPTURED,40,
1379384,DOMESTIC_LEAGUE,Denmark,119,Superliga,2025,Regular Season - 6,2025-08-25T17:00:00+00:00,FC Nordsjaelland,Viborg,1,2026-09-20T08:35:27Z,CAPTURED,40,
1379385,DOMESTIC_LEAGUE,Denmark,119,Superliga,2025,Regular Season - 7,2025-08-29T17:00:00+00:00,Vejle,Viborg,1,2026-09-20T08:35:27Z,CAPTURED,40,
1379386,DOMESTIC_LEAGUE,Denmark,119,Superliga,2025,Regular Season - 7,2025-08-31T12:00:00+00:00,Aarhus,FC Fredericia,1,2026-09-20T08:35:27Z,CAPTURED,39,
1379387,DOMESTIC_LEAGUE,Denmark,119,Superliga,2025,Regular Season - 7,2025-08-31T12:00:00+00:00,Silkeborg,Sonderjyske,1,2026-09-20T08:35:27Z,CAPTURED,39,
1379388,DOMESTIC_LEAGUE,Denmark,119,Superliga,2025,Regular Season - 7,2025-08-31T14:00:00+00:00,Odense,FC Nordsjaelland,1,2026-09-20T08:35:27Z,CAPTURED,41,
1379389,DOMESTIC_LEAGUE,Denmark,119,Superliga,2025,Regular Season - 7,2025-08-31T16:00:00+00:00,Randers FC,FC Copenhagen,1,2026-09-20T08:35:27Z,CAPTURED,40,
1379390,DOMESTIC_LEAGUE,Denmark,119,Superliga,2025,Regular Season - 7,2025-08-31T18:00:00+00:00,Brondby,FC Midtjylland,1,2026-09-20T08:35:27Z,CAPTURED,40,
1379391,DOMESTIC_LEAGUE,Denmark,119,Superliga,2025,Regular Season - 8,2025-09-13T13:00:00+00:00,Brondby,FC Copenhagen,1,2026-09-20T08:35:27Z,CAPTURED,40,
1379392,DOMESTIC_LEAGUE,Denmark,119,Superliga,2025,Regular Season - 8,2025-09-15T17:00:00+00:00,FC Fredericia,Vejle,1,2026-09-20T08:35:27Z,CAPTURED,40,
1379393,DOMESTIC_LEAGUE,Denmark,119,Superliga,2025,Regular Season - 8,2025-09-14T14:00:00+00:00,FC Nordsjaelland,FC Midtjylland,1,2026-09-20T08:35:27Z,CAPTURED,40,
1379394,DOMESTIC_LEAGUE,Denmark,119,Superliga,2025,Regular Season - 8,2025-09-14T16:00:00+00:00,Silkeborg,Odense,1,2026-09-20T08:35:27Z,CAPTURED,40,
1379395,DOMESTIC_LEAGUE,Denmark,119,Superliga,2025,Regular Season - 8,2025-09-12T17:00:00+00:00,Sonderjyske,Randers FC,1,2026-09-20T08:35:27Z,CAPTURED,40,
1379396,DOMESTIC_LEAGUE,Denmark,119,Superliga,2025,Regular Season - 8,2025-09-14T12:00:00+00:00,Viborg,Aarhus,1,2026-09-20T08:35:27Z,CAPTURED,40,
1379397,DOMESTIC_LEAGUE,Denmark,119,Superliga,2025,Regular Season - 9,2025-09-21T16:00:00+00:00,Aarhus,Brondby,1,2026-09-20T08:35:27Z,CAPTURED,40,
1379398,DOMESTIC_LEAGUE,Denmark,119,Superliga,2025,Regular Season - 9,2025-09-21T14:00:00+00:00,FC Copenhagen,Silkeborg,1,2026-09-20T08:35:27Z,CAPTURED,40,
1379399,DOMESTIC_LEAGUE,Denmark,119,Superliga,2025,Regular Season - 9,2025-09-20T16:00:00+00:00,FC Midtjylland,Viborg,1,2026-09-20T08:35:27Z,CAPTURED,40,
1379400,DOMESTIC_LEAGUE,Denmark,119,Superliga,2025,Regular Season - 9,2025-09-19T17:00:00+00:00,Odense,FC Fredericia,1,2026-09-20T08:35:27Z,CAPTURED,40,
1379401,DOMESTIC_LEAGUE,Denmark,119,Superliga,2025,Regular Season - 9,2025-09-22T17:00:00+00:00,Randers FC,FC Nordsjaelland,1,2026-09-20T08:35:27Z,CAPTURED,40,
1379402,DOMESTIC_LEAGUE,Denmark,119,Superliga,2025,Regular Season - 9,2025-09-21T12:00:00+00:00,Vejle,Sonderjyske,1,2026-09-20T08:35:27Z,CAPTURED,40,
1379403,DOMESTIC_LEAGUE,Denmark,119,Superliga,2025,Regular Season - 10,2025-09-28T18:00:00+00:00,Brondby,Odense,1,2026-09-20T08:35:27Z,CAPTURED,40,
1379405,DOMESTIC_LEAGUE,Denmark,119,Superliga,2025,Regular Season - 10,2025-09-28T16:00:00+00:00,FC Nordsjaelland,Aarhus,1,2026-09-20T08:35:27Z,CAPTURED,37,
1379406,DOMESTIC_LEAGUE,Denmark,119,Superliga,2025,Regular Season - 10,2025-09-28T14:00:00+00:00,Silkeborg,Vejle,1,2026-09-20T08:35:27Z,CAPTURED,40,
1379407,DOMESTIC_LEAGUE,Denmark,119,Superliga,2025,Regular Season - 10,2025-09-27T16:00:00+00:00,Sonderjyske,FC Copenhagen,1,2026-09-20T08:35:27Z,CAPTURED,40,
1379408,DOMESTIC_LEAGUE,Denmark,119,Superliga,2025,Regular Season - 10,2025-09-28T12:00:00+00:00,Viborg,FC Fredericia,1,2026-09-20T08:35:27Z,CAPTURED,40,
1380404,DOMESTIC_LEAGUE,Poland,106,Ekstraklasa,2025,Regular Season - 3,2025-08-03T18:15:00+00:00,Legia Warszawa,Arka Gdynia,1,2026-09-20T08:35:27Z,CAPTURED,44,
1380406,DOMESTIC_LEAGUE,Poland,106,Ekstraklasa,2025,Regular Season - 3,2025-08-03T15:30:00+00:00,Radomiak Radom,Raków Częstochowa,1,2026-09-20T08:35:27Z,CAPTURED,45,
1380411,DOMESTIC_LEAGUE,Poland,106,Ekstraklasa,2025,Regular Season - 4,2025-08-09T15:30:00+00:00,Arka Gdynia,Pogon Szczecin,1,2026-09-20T08:35:27Z,CAPTURED,43,
1380412,DOMESTIC_LEAGUE,Poland,106,Ekstraklasa,2025,Regular Season - 4,2025-08-08T18:30:00+00:00,Gornik Zabrze,Nieciecza,1,2026-09-20T08:35:27Z,CAPTURED,44,
1380413,DOMESTIC_LEAGUE,Poland,106,Ekstraklasa,2025,Regular Season - 4,2025-08-10T15:30:00+00:00,Jagiellonia,Cracovia Krakow,1,2026-09-20T08:35:27Z,CAPTURED,41,
1380414,DOMESTIC_LEAGUE,Poland,106,Ekstraklasa,2025,Regular Season - 4,2025-08-08T16:00:00+00:00,Korona Kielce,Radomiak Radom,1,2026-09-20T08:35:27Z,CAPTURED,45,
1380415,DOMESTIC_LEAGUE,Poland,106,Ekstraklasa,2025,Regular Season - 4,2025-08-11T17:00:00+00:00,Lechia Gdansk,Motor Lublin,1,2026-09-20T08:35:27Z,CAPTURED,42,
1380416,DOMESTIC_LEAGUE,Poland,106,Ekstraklasa,2025,Regular Season - 4,2025-08-10T18:15:00+00:00,Legia Warszawa,GKS Katowice,1,2026-09-20T08:35:27Z,CAPTURED,43,
1380419,DOMESTIC_LEAGUE,Poland,106,Ekstraklasa,2025,Regular Season - 4,2025-08-09T18:15:00+00:00,Widzew Łódź,Wisla Plock,1,2026-09-20T08:35:27Z,CAPTURED,43,
1380420,DOMESTIC_LEAGUE,Poland,106,Ekstraklasa,2025,Regular Season - 5,2025-08-15T18:30:00+00:00,Cracovia Krakow,Widzew Łódź,1,2026-09-20T08:35:27Z,CAPTURED,43,
1380421,DOMESTIC_LEAGUE,Poland,106,Ekstraklasa,2025,Regular Season - 5,2025-08-16T15:30:00+00:00,GKS Katowice,Arka Gdynia,1,2026-09-20T08:35:27Z,CAPTURED,42,
1380422,DOMESTIC_LEAGUE,Poland,106,Ekstraklasa,2025,Regular Season - 5,2025-08-16T18:15:00+00:00,Lech Poznan,Korona Kielce,1,2026-09-20T08:35:27Z,CAPTURED,41,
1380423,DOMESTIC_LEAGUE,Poland,106,Ekstraklasa,2025,Regular Season - 5,2025-08-16T12:45:00+00:00,Motor Lublin,Piast Gliwice,1,2026-09-20T08:35:27Z,CAPTURED,43,
1380424,DOMESTIC_LEAGUE,Poland,106,Ekstraklasa,2025,Regular Season - 5,2025-08-17T15:30:00+00:00,Pogon Szczecin,Gornik Zabrze,1,2026-09-20T08:35:27Z,CAPTURED,45,
1380425,DOMESTIC_LEAGUE,Poland,106,Ekstraklasa,2025,Regular Season - 5,2025-08-17T15:30:00+00:00,Radomiak Radom,Jagiellonia,1,2026-09-20T08:35:27Z,CAPTURED,44,
1380426,DOMESTIC_LEAGUE,Poland,106,Ekstraklasa,2025,Regular Season - 5,2025-08-17T18:15:00+00:00,Nieciecza,Raków Częstochowa,1,2026-09-20T08:35:27Z,CAPTURED,43,
1380427,DOMESTIC_LEAGUE,Poland,106,Ekstraklasa,2025,Regular Season - 5,2025-08-17T18:15:00+00:00,Wisla Plock,Legia Warszawa,1,2026-09-20T08:35:27Z,CAPTURED,43,
1380428,DOMESTIC_LEAGUE,Poland,106,Ekstraklasa,2025,Regular Season - 5,2025-08-15T16:00:00+00:00,Zaglebie Lubin,Lechia Gdansk,1,2026-09-20T08:35:27Z,CAPTURED,42,
1380429,DOMESTIC_LEAGUE,Poland,106,Ekstraklasa,2025,Regular Season - 6,2025-08-23T18:15:00+00:00,Gornik Zabrze,GKS Katowice,1,2026-09-20T08:35:27Z,CAPTURED,44,
1380430,DOMESTIC_LEAGUE,Poland,106,Ekstraklasa,2025,Regular Season - 6,2025-08-23T15:30:00+00:00,Korona Kielce,Motor Lublin,1,2026-09-20T08:35:27Z,CAPTURED,43,
1380431,DOMESTIC_LEAGUE,Poland,106,Ekstraklasa,2025,Regular Season - 6,2025-08-24T15:30:00+00:00,Lechia Gdansk,Arka Gdynia,1,2026-09-20T08:35:27Z,CAPTURED,41,
1380432,DOMESTIC_LEAGUE,Poland,106,Ekstraklasa,2025,Regular Season - 6,2025-09-24T19:00:00+00:00,Legia Warszawa,Jagiellonia,1,2026-09-20T08:35:27Z,CAPTURED,46,
1380433,DOMESTIC_LEAGUE,Poland,106,Ekstraklasa,2025,Regular Season - 6,2025-08-24T12:45:00+00:00,Piast Gliwice,Cracovia Krakow,1,2026-09-20T08:35:27Z,CAPTURED,43,
1380434,DOMESTIC_LEAGUE,Poland,106,Ekstraklasa,2025,Regular Season - 6,2025-08-22T16:00:00+00:00,Radomiak Radom,Nieciecza,1,2026-09-20T08:35:27Z,CAPTURED,44,
1380435,DOMESTIC_LEAGUE,Poland,106,Ekstraklasa,2025,Regular Season - 6,2025-09-24T16:45:00+00:00,Raków Częstochowa,Lech Poznan,1,2026-09-20T08:35:27Z,CAPTURED,44,
1380436,DOMESTIC_LEAGUE,Poland,106,Ekstraklasa,2025,Regular Season - 6,2025-08-22T18:30:00+00:00,Widzew Łódź,Pogon Szczecin,1,2026-09-20T08:35:27Z,CAPTURED,44,
1380437,DOMESTIC_LEAGUE,Poland,106,Ekstraklasa,2025,Regular Season - 6,2025-08-25T17:00:00+00:00,Wisla Plock,Zaglebie Lubin,1,2026-09-20T08:35:27Z,CAPTURED,45,
1380438,DOMESTIC_LEAGUE,Poland,106,Ekstraklasa,2025,Regular Season - 7,2025-08-29T16:00:00+00:00,Arka Gdynia,Wisla Plock,1,2026-09-20T08:35:27Z,CAPTURED,42,
1380439,DOMESTIC_LEAGUE,Poland,106,Ekstraklasa,2025,Regular Season - 7,2025-08-31T18:15:00+00:00,Cracovia Krakow,Legia Warszawa,1,2026-09-20T08:35:27Z,CAPTURED,42,
1380440,DOMESTIC_LEAGUE,Poland,106,Ekstraklasa,2025,Regular Season - 7,2025-08-29T18:30:00+00:00,GKS Katowice,Radomiak Radom,1,2026-09-20T08:35:27Z,CAPTURED,43,
1380441,DOMESTIC_LEAGUE,Poland,106,Ekstraklasa,2025,Regular Season - 7,2025-08-30T18:15:00+00:00,Gornik Zabrze,Motor Lublin,1,2026-09-20T08:35:27Z,CAPTURED,44,
1380442,DOMESTIC_LEAGUE,Poland,106,Ekstraklasa,2025,Regular Season - 7,2025-08-31T15:30:00+00:00,Jagiellonia,Lechia Gdansk,1,2026-09-20T08:35:27Z,CAPTURED,40,
1380443,DOMESTIC_LEAGUE,Poland,106,Ekstraklasa,2025,Regular Season - 7,2025-08-31T15:30:00+00:00,Lech Poznan,Widzew Łódź,1,2026-09-20T08:35:27Z,CAPTURED,42,
1380444,DOMESTIC_LEAGUE,Poland,106,Ekstraklasa,2025,Regular Season - 7,2025-08-31T18:15:00+00:00,Pogon Szczecin,Raków Częstochowa,1,2026-09-20T08:35:27Z,CAPTURED,41,
1380445,DOMESTIC_LEAGUE,Poland,106,Ekstraklasa,2025,Regular Season - 7,2025-08-30T12:45:00+00:00,Nieciecza,Korona Kielce,1,2026-09-20T08:35:27Z,CAPTURED,42,
1380446,DOMESTIC_LEAGUE,Poland,106,Ekstraklasa,2025,Regular Season - 7,2025-08-30T15:30:00+00:00,Zaglebie Lubin,Piast Gliwice,1,2026-09-20T08:35:27Z,CAPTURED,44,
1380447,DOMESTIC_LEAGUE,Poland,106,Ekstraklasa,2025,Regular Season - 8,2025-09-13T12:45:00+00:00,Korona Kielce,Pogon Szczecin,1,2026-09-20T08:35:27Z,CAPTURED,42,
1380448,DOMESTIC_LEAGUE,Poland,106,Ekstraklasa,2025,Regular Season - 8,2025-09-12T16:00:00+00:00,Lechia Gdansk,GKS Katowice,1,2026-09-20T08:35:27Z,CAPTURED,45,
1380449,DOMESTIC_LEAGUE,Poland,106,Ekstraklasa,2025,Regular Season - 8,2025-09-12T18:30:00+00:00,Lech Poznan,Zaglebie Lubin,1,2026-09-20T08:35:27Z,CAPTURED,46,
1380450,DOMESTIC_LEAGUE,Poland,106,Ekstraklasa,2025,Regular Season - 8,2025-09-14T12:45:00+00:00,Legia Warszawa,Radomiak Radom,1,2026-09-20T08:35:27Z,CAPTURED,45,
1380451,DOMESTIC_LEAGUE,Poland,106,Ekstraklasa,2025,Regular Season - 8,2025-09-14T10:15:00+00:00,Motor Lublin,Nieciecza,1,2026-09-20T08:35:27Z,CAPTURED,42,
1380452,DOMESTIC_LEAGUE,Poland,106,Ekstraklasa,2025,Regular Season - 8,2025-09-13T18:15:00+00:00,Piast Gliwice,Jagiellonia,1,2026-09-20T08:35:27Z,CAPTURED,45,
1380453,DOMESTIC_LEAGUE,Poland,106,Ekstraklasa,2025,Regular Season - 8,2025-09-15T17:00:00+00:00,Raków Częstochowa,Gornik Zabrze,1,2026-09-20T08:35:27Z,CAPTURED,45,
1380454,DOMESTIC_LEAGUE,Poland,106,Ekstraklasa,2025,Regular Season - 8,2025-09-14T15:30:00+00:00,Widzew Łódź,Arka Gdynia,1,2026-09-20T08:35:27Z,CAPTURED,41,
1380456,DOMESTIC_LEAGUE,Poland,106,Ekstraklasa,2025,Regular Season - 9,2025-09-20T12:45:00+00:00,Arka Gdynia,Korona Kielce,1,2026-09-20T08:35:27Z,CAPTURED,42,
1380457,DOMESTIC_LEAGUE,Poland,106,Ekstraklasa,2025,Regular Season - 9,2025-09-19T16:00:00+00:00,GKS Katowice,Cracovia Krakow,1,2026-09-20T08:35:27Z,CAPTURED,44,
1380458,DOMESTIC_LEAGUE,Poland,106,Ekstraklasa,2025,Regular Season - 9,2025-09-21T15:30:00+00:00,Gornik Zabrze,Widzew Łódź,1,2026-09-20T08:35:27Z,CAPTURED,45,
1380459,DOMESTIC_LEAGUE,Poland,106,Ekstraklasa,2025,Regular Season - 9,2025-09-19T18:30:00+00:00,Wisla Plock,Jagiellonia,1,2026-09-20T08:35:27Z,CAPTURED,46,
1380460,DOMESTIC_LEAGUE,Poland,106,Ekstraklasa,2025,Regular Season - 9,2025-09-21T12:45:00+00:00,Pogon Szczecin,Lechia Gdansk,1,2026-09-20T08:35:27Z,CAPTURED,42,
1380461,DOMESTIC_LEAGUE,Poland,106,Ekstraklasa,2025,Regular Season - 9,2025-09-20T10:15:00+00:00,Radomiak Radom,Piast Gliwice,1,2026-09-20T08:35:27Z,CAPTURED,44,
1380462,DOMESTIC_LEAGUE,Poland,106,Ekstraklasa,2025,Regular Season - 9,2025-09-20T18:15:00+00:00,Raków Częstochowa,Legia Warszawa,1,2026-09-20T08:35:27Z,CAPTURED,43,
1380463,DOMESTIC_LEAGUE,Poland,106,Ekstraklasa,2025,Regular Season - 9,2025-09-20T15:30:00+00:00,Nieciecza,Lech Poznan,1,2026-09-20T08:35:27Z,CAPTURED,42,
1380464,DOMESTIC_LEAGUE,Poland,106,Ekstraklasa,2025,Regular Season - 9,2025-09-21T10:15:00+00:00,Zaglebie Lubin,Motor Lublin,1,2026-09-20T08:35:27Z,CAPTURED,44,
1380465,DOMESTIC_LEAGUE,Poland,106,Ekstraklasa,2025,Regular Season - 10,2025-09-27T18:15:00+00:00,Cracovia Krakow,Gornik Zabrze,1,2026-09-20T08:35:27Z,CAPTURED,44,
1380466,DOMESTIC_LEAGUE,Poland,106,Ekstraklasa,2025,Regular Season - 10,2025-09-27T12:45:00+00:00,Korona Kielce,Lechia Gdansk,1,2026-09-20T08:35:27Z,CAPTURED,41,
1380467,DOMESTIC_LEAGUE,Poland,106,Ekstraklasa,2025,Regular Season - 10,2025-09-28T12:45:00+00:00,Lech Poznan,Jagiellonia,1,2026-09-20T08:35:27Z,CAPTURED,44,
1380468,DOMESTIC_LEAGUE,Poland,106,Ekstraklasa,2025,Regular Season - 10,2025-09-28T15:30:00+00:00,Legia Warszawa,Pogon Szczecin,1,2026-09-20T08:35:27Z,CAPTURED,45,
1380470,DOMESTIC_LEAGUE,Poland,106,Ekstraklasa,2025,Regular Season - 10,2025-09-27T15:30:00+00:00,Piast Gliwice,Nieciecza,1,2026-09-20T08:35:27Z,CAPTURED,42,
1380471,DOMESTIC_LEAGUE,Poland,106,Ekstraklasa,2025,Regular Season - 10,2025-09-28T10:15:00+00:00,Widzew Łódź,Raków Częstochowa,1,2026-09-20T08:35:27Z,CAPTURED,43,
1380472,DOMESTIC_LEAGUE,Poland,106,Ekstraklasa,2025,Regular Season - 10,2025-09-26T18:30:00+00:00,Wisla Plock,GKS Katowice,1,2026-09-20T08:35:27Z,CAPTURED,43,
1382439,DOMESTIC_LEAGUE,Belgium,144,Jupiler Pro League,2025,Regular Season - 2,2025-08-03T14:00:00+00:00,Cercle Brugge,Anderlecht,1,2026-09-20T08:35:27Z,CAPTURED,40,
1382440,DOMESTIC_LEAGUE,Belgium,144,Jupiler Pro League,2025,Regular Season - 2,2025-08-03T16:30:00+00:00,Union St. Gilloise,OH Leuven,1,2026-09-20T08:35:27Z,CAPTURED,40,
1382441,DOMESTIC_LEAGUE,Belgium,144,Jupiler Pro League,2025,Regular Season - 2,2025-08-03T17:15:00+00:00,Charleroi,St. Truiden,1,2026-09-20T08:35:27Z,CAPTURED,40,
1382442,DOMESTIC_LEAGUE,Belgium,144,Jupiler Pro League,2025,Regular Season - 3,2025-08-08T18:45:00+00:00,St. Truiden,Dender,1,2026-09-20T08:35:27Z,CAPTURED,40,
1382443,DOMESTIC_LEAGUE,Belgium,144,Jupiler Pro League,2025,Regular Season - 3,2025-08-09T14:00:00+00:00,Club Brugge KV,Cercle Brugge,1,2026-09-20T08:35:27Z,CAPTURED,40,
1382444,DOMESTIC_LEAGUE,Belgium,144,Jupiler Pro League,2025,Regular Season - 3,2025-08-09T16:15:00+00:00,KVC Westerlo,KV Mechelen,1,2026-09-20T08:35:27Z,CAPTURED,40,
1382445,DOMESTIC_LEAGUE,Belgium,144,Jupiler Pro League,2025,Regular Season - 3,2025-08-09T18:45:00+00:00,Gent,Union St. Gilloise,1,2026-09-20T08:35:27Z,CAPTURED,40,
1382446,DOMESTIC_LEAGUE,Belgium,144,Jupiler Pro League,2025,Regular Season - 3,2025-08-10T11:30:00+00:00,RAAL La Louvière,Charleroi,1,2026-09-20T08:35:27Z,CAPTURED,40,
1382447,DOMESTIC_LEAGUE,Belgium,144,Jupiler Pro League,2025,Regular Season - 3,2025-08-10T14:00:00+00:00,Anderlecht,Zulte Waregem,1,2026-09-20T08:35:27Z,CAPTURED,40,
1382448,DOMESTIC_LEAGUE,Belgium,144,Jupiler Pro League,2025,Regular Season - 3,2025-08-10T16:30:00+00:00,Standard Liege,Genk,1,2026-09-20T08:35:27Z,CAPTURED,40,
1382449,DOMESTIC_LEAGUE,Belgium,144,Jupiler Pro League,2025,Regular Season - 3,2025-08-10T17:15:00+00:00,Antwerp,OH Leuven,1,2026-09-20T08:35:27Z,CAPTURED,40,
1382450,DOMESTIC_LEAGUE,Belgium,144,Jupiler Pro League,2025,Regular Season - 4,2025-08-15T18:45:00+00:00,OH Leuven,Genk,1,2026-09-20T08:35:27Z,CAPTURED,40,
1382451,DOMESTIC_LEAGUE,Belgium,144,Jupiler Pro League,2025,Regular Season - 4,2025-08-16T14:00:00+00:00,Zulte Waregem,Club Brugge KV,1,2026-09-20T08:35:27Z,CAPTURED,40,
1382452,DOMESTIC_LEAGUE,Belgium,144,Jupiler Pro League,2025,Regular Season - 4,2025-08-16T16:15:00+00:00,KV Mechelen,Gent,1,2026-09-20T08:35:27Z,CAPTURED,40,
1382453,DOMESTIC_LEAGUE,Belgium,144,Jupiler Pro League,2025,Regular Season - 4,2025-08-16T18:45:00+00:00,Union St. Gilloise,Standard Liege,1,2026-09-20T08:35:27Z,CAPTURED,40,
1382454,DOMESTIC_LEAGUE,Belgium,144,Jupiler Pro League,2025,Regular Season - 4,2025-08-17T11:30:00+00:00,Dender,Anderlecht,1,2026-09-20T08:35:27Z,CAPTURED,40,
1382455,DOMESTIC_LEAGUE,Belgium,144,Jupiler Pro League,2025,Regular Season - 4,2025-08-17T14:00:00+00:00,St. Truiden,RAAL La Louvière,1,2026-09-20T08:35:27Z,CAPTURED,40,
1382456,DOMESTIC_LEAGUE,Belgium,144,Jupiler Pro League,2025,Regular Season - 4,2025-08-17T16:30:00+00:00,Charleroi,Antwerp,1,2026-09-20T08:35:27Z,CAPTURED,41,
1382457,DOMESTIC_LEAGUE,Belgium,144,Jupiler Pro League,2025,Regular Season - 4,2025-08-17T17:15:00+00:00,Cercle Brugge,KVC Westerlo,1,2026-09-20T08:35:27Z,CAPTURED,40,
1382458,DOMESTIC_LEAGUE,Belgium,144,Jupiler Pro League,2025,Regular Season - 5,2025-09-17T18:30:00+00:00,Genk,Charleroi,1,2026-09-20T08:35:27Z,CAPTURED,40,
1382459,DOMESTIC_LEAGUE,Belgium,144,Jupiler Pro League,2025,Regular Season - 5,2025-09-24T18:30:00+00:00,Club Brugge KV,KVC Westerlo,1,2026-09-20T08:35:27Z,CAPTURED,40,
1382460,DOMESTIC_LEAGUE,Belgium,144,Jupiler Pro League,2025,Regular Season - 5,2025-08-23T16:15:00+00:00,Standard Liege,Cercle Brugge,1,2026-09-20T08:35:27Z,CAPTURED,40,
1382461,DOMESTIC_LEAGUE,Belgium,144,Jupiler Pro League,2025,Regular Season - 5,2025-08-23T18:45:00+00:00,Zulte Waregem,St. Truiden,1,2026-09-20T08:35:27Z,CAPTURED,40,
1382462,DOMESTIC_LEAGUE,Belgium,144,Jupiler Pro League,2025,Regular Season - 5,2025-08-24T11:30:00+00:00,Antwerp,KV Mechelen,1,2026-09-20T08:35:27Z,CAPTURED,39,
1382463,DOMESTIC_LEAGUE,Belgium,144,Jupiler Pro League,2025,Regular Season - 5,2025-09-23T18:30:00+00:00,Anderlecht,Gent,1,2026-09-20T08:35:27Z,CAPTURED,40,
1382464,DOMESTIC_LEAGUE,Belgium,144,Jupiler Pro League,2025,Regular Season - 5,2025-08-24T16:30:00+00:00,RAAL La Louvière,Union St. Gilloise,1,2026-09-20T08:35:27Z,CAPTURED,40,
1382465,DOMESTIC_LEAGUE,Belgium,144,Jupiler Pro League,2025,Regular Season - 5,2025-08-24T17:15:00+00:00,Dender,OH Leuven,1,2026-09-20T08:35:27Z,CAPTURED,40,
1382466,DOMESTIC_LEAGUE,Belgium,144,Jupiler Pro League,2025,Regular Season - 6,2025-08-29T18:45:00+00:00,Cercle Brugge,St. Truiden,1,2026-09-20T08:35:27Z,CAPTURED,40,
1382467,DOMESTIC_LEAGUE,Belgium,144,Jupiler Pro League,2025,Regular Season - 6,2025-08-30T14:00:00+00:00,KV Mechelen,RAAL La Louvière,1,2026-09-20T08:35:27Z,CAPTURED,39,
1382468,DOMESTIC_LEAGUE,Belgium,144,Jupiler Pro League,2025,Regular Season - 6,2025-08-30T16:15:00+00:00,KVC Westerlo,Antwerp,1,2026-09-20T08:35:27Z,CAPTURED,40,
1382469,DOMESTIC_LEAGUE,Belgium,144,Jupiler Pro League,2025,Regular Season - 6,2025-08-31T14:00:00+00:00,OH Leuven,Standard Liege,1,2026-09-20T08:35:27Z,CAPTURED,40,
1382470,DOMESTIC_LEAGUE,Belgium,144,Jupiler Pro League,2025,Regular Season - 6,2025-08-31T11:30:00+00:00,Gent,Club Brugge KV,1,2026-09-20T08:35:27Z,CAPTURED,40,
1382471,DOMESTIC_LEAGUE,Belgium,144,Jupiler Pro League,2025,Regular Season - 6,2025-08-30T18:45:00+00:00,Charleroi,Dender,1,2026-09-20T08:35:27Z,CAPTURED,40,
1382472,DOMESTIC_LEAGUE,Belgium,144,Jupiler Pro League,2025,Regular Season - 6,2025-08-31T16:30:00+00:00,Union St. Gilloise,Anderlecht,1,2026-09-20T08:35:27Z,CAPTURED,40,
1382473,DOMESTIC_LEAGUE,Belgium,144,Jupiler Pro League,2025,Regular Season - 6,2025-08-31T17:15:00+00:00,Genk,Zulte Waregem,1,2026-09-20T08:35:27Z,CAPTURED,40,
1382474,DOMESTIC_LEAGUE,Belgium,144,Jupiler Pro League,2025,Regular Season - 7,2025-09-12T18:45:00+00:00,Standard Liege,KV Mechelen,1,2026-09-20T08:35:27Z,CAPTURED,40,
1382475,DOMESTIC_LEAGUE,Belgium,144,Jupiler Pro League,2025,Regular Season - 7,2025-09-13T14:00:00+00:00,Zulte Waregem,OH Leuven,1,2026-09-20T08:35:27Z,CAPTURED,40,
1382476,DOMESTIC_LEAGUE,Belgium,144,Jupiler Pro League,2025,Regular Season - 7,2025-09-13T16:15:00+00:00,Dender,Union St. Gilloise,1,2026-09-20T08:35:27Z,CAPTURED,40,
1382477,DOMESTIC_LEAGUE,Belgium,144,Jupiler Pro League,2025,Regular Season - 7,2025-09-13T18:45:00+00:00,RAAL La Louvière,Club Brugge KV,1,2026-09-20T08:35:27Z,CAPTURED,40,
1382478,DOMESTIC_LEAGUE,Belgium,144,Jupiler Pro League,2025,Regular Season - 7,2025-09-14T11:30:00+00:00,Antwerp,Gent,1,2026-09-20T08:35:27Z,CAPTURED,40,
1382479,DOMESTIC_LEAGUE,Belgium,144,Jupiler Pro League,2025,Regular Season - 7,2025-09-14T14:00:00+00:00,Cercle Brugge,Charleroi,1,2026-09-20T08:35:27Z,CAPTURED,40,
1382480,DOMESTIC_LEAGUE,Belgium,144,Jupiler Pro League,2025,Regular Season - 7,2025-09-14T16:30:00+00:00,Anderlecht,Genk,1,2026-09-20T08:35:27Z,CAPTURED,40,
1382481,DOMESTIC_LEAGUE,Belgium,144,Jupiler Pro League,2025,Regular Season - 7,2025-09-14T17:15:00+00:00,St. Truiden,KVC Westerlo,1,2026-09-20T08:35:27Z,CAPTURED,40,
1382482,DOMESTIC_LEAGUE,Belgium,144,Jupiler Pro League,2025,Regular Season - 8,2025-09-19T18:45:00+00:00,Gent,Dender,1,2026-09-20T08:35:27Z,CAPTURED,40,
1382483,DOMESTIC_LEAGUE,Belgium,144,Jupiler Pro League,2025,Regular Season - 8,2025-09-20T18:45:00+00:00,Anderlecht,Antwerp,1,2026-09-20T08:35:27Z,CAPTURED,40,
1382484,DOMESTIC_LEAGUE,Belgium,144,Jupiler Pro League,2025,Regular Season - 8,2025-09-21T16:30:00+00:00,Club Brugge KV,St. Truiden,1,2026-09-20T08:35:27Z,CAPTURED,40,
1382485,DOMESTIC_LEAGUE,Belgium,144,Jupiler Pro League,2025,Regular Season - 8,2025-09-21T17:15:00+00:00,KV Mechelen,Cercle Brugge,1,2026-09-20T08:35:27Z,CAPTURED,40,
1382486,DOMESTIC_LEAGUE,Belgium,144,Jupiler Pro League,2025,Regular Season - 8,2025-09-21T11:30:00+00:00,Genk,Union St. Gilloise,1,2026-09-20T08:35:27Z,CAPTURED,40,
1382487,DOMESTIC_LEAGUE,Belgium,144,Jupiler Pro League,2025,Regular Season - 8,2025-09-21T14:00:00+00:00,KVC Westerlo,Standard Liege,1,2026-09-20T08:35:27Z,CAPTURED,40,
1382488,DOMESTIC_LEAGUE,Belgium,144,Jupiler Pro League,2025,Regular Season - 8,2025-09-20T14:00:00+00:00,OH Leuven,RAAL La Louvière,1,2026-09-20T08:35:27Z,CAPTURED,40,
1382489,DOMESTIC_LEAGUE,Belgium,144,Jupiler Pro League,2025,Regular Season - 8,2025-09-20T16:15:00+00:00,Charleroi,Zulte Waregem,1,2026-09-20T08:35:27Z,CAPTURED,40,
1382490,DOMESTIC_LEAGUE,Belgium,144,Jupiler Pro League,2025,Regular Season - 9,2025-09-28T11:30:00+00:00,St. Truiden,Genk,1,2026-09-20T08:35:27Z,CAPTURED,40,
1382491,DOMESTIC_LEAGUE,Belgium,144,Jupiler Pro League,2025,Regular Season - 9,2025-09-28T17:15:00+00:00,Dender,RAAL La Louvière,1,2026-09-20T08:35:27Z,CAPTURED,40,
1382492,DOMESTIC_LEAGUE,Belgium,144,Jupiler Pro League,2025,Regular Season - 9,2025-09-27T14:00:00+00:00,Zulte Waregem,Antwerp,1,2026-09-20T08:35:27Z,CAPTURED,40,
1382493,DOMESTIC_LEAGUE,Belgium,144,Jupiler Pro League,2025,Regular Season - 9,2025-09-26T18:45:00+00:00,OH Leuven,Anderlecht,1,2026-09-20T08:35:27Z,CAPTURED,40,
1382494,DOMESTIC_LEAGUE,Belgium,144,Jupiler Pro League,2025,Regular Season - 9,2025-09-27T16:15:00+00:00,Standard Liege,Club Brugge KV,1,2026-09-20T08:35:27Z,CAPTURED,40,
1382495,DOMESTIC_LEAGUE,Belgium,144,Jupiler Pro League,2025,Regular Season - 9,2025-09-28T14:00:00+00:00,Cercle Brugge,Gent,1,2026-09-20T08:35:27Z,CAPTURED,40,
1382496,DOMESTIC_LEAGUE,Belgium,144,Jupiler Pro League,2025,Regular Season - 9,2025-09-28T16:30:00+00:00,Charleroi,KV Mechelen,1,2026-09-20T08:35:27Z,CAPTURED,40,
1382497,DOMESTIC_LEAGUE,Belgium,144,Jupiler Pro League,2025,Regular Season - 9,2025-09-27T18:45:00+00:00,Union St. Gilloise,KVC Westerlo,1,2026-09-20T08:35:27Z,CAPTURED,40,
1382668,DOMESTIC_LEAGUE,Scotland,179,Premiership,2025,1st Phase - 1,2025-08-03T13:00:00+00:00,Falkirk,Dundee Utd,1,2026-09-20T08:35:27Z,CAPTURED,40,
1382669,DOMESTIC_LEAGUE,Scotland,179,Premiership,2025,1st Phase - 1,2025-08-03T14:00:00+00:00,Dundee,Hibernian,1,2026-09-20T08:35:27Z,CAPTURED,40,
1382670,DOMESTIC_LEAGUE,Scotland,179,Premiership,2025,1st Phase - 1,2025-08-03T15:30:00+00:00,Celtic,ST Mirren,1,2026-09-20T08:35:27Z,CAPTURED,40,
1382671,DOMESTIC_LEAGUE,Scotland,179,Premiership,2025,1st Phase - 1,2025-08-04T19:00:00+00:00,Heart Of Midlothian,Aberdeen,1,2026-09-20T08:35:27Z,CAPTURED,40,
1382672,DOMESTIC_LEAGUE,Scotland,179,Premiership,2025,1st Phase - 2,2025-08-10T14:00:00+00:00,Dundee Utd,Heart Of Midlothian,1,2026-09-20T08:35:27Z,CAPTURED,40,
1382673,DOMESTIC_LEAGUE,Scotland,179,Premiership,2025,1st Phase - 2,2025-08-10T14:00:00+00:00,Hibernian,Kilmarnock,1,2026-09-20T08:35:27Z,CAPTURED,39,
1382674,DOMESTIC_LEAGUE,Scotland,179,Premiership,2025,1st Phase - 2,2025-08-09T14:00:00+00:00,Livingston,Falkirk,1,2026-09-20T08:35:27Z,CAPTURED,40,
1382675,DOMESTIC_LEAGUE,Scotland,179,Premiership,2025,1st Phase - 2,2025-08-09T14:00:00+00:00,ST Mirren,Motherwell,1,2026-09-20T08:35:27Z,CAPTURED,40,
1382676,DOMESTIC_LEAGUE,Scotland,179,Premiership,2025,1st Phase - 2,2025-08-09T16:45:00+00:00,Rangers,Dundee,1,2026-09-20T08:35:27Z,CAPTURED,40,
1382677,DOMESTIC_LEAGUE,Scotland,179,Premiership,2025,1st Phase - 2,2025-08-10T11:30:00+00:00,Aberdeen,Celtic,1,2026-09-20T08:35:27Z,CAPTURED,40,
1382678,DOMESTIC_LEAGUE,Scotland,179,Premiership,2025,1st Phase - 3,2025-08-23T14:00:00+00:00,Celtic,Livingston,1,2026-09-20T08:35:27Z,CAPTURED,40,
1382679,DOMESTIC_LEAGUE,Scotland,179,Premiership,2025,1st Phase - 3,2025-09-23T18:45:00+00:00,Dundee Utd,Aberdeen,1,2026-09-20T08:35:27Z,CAPTURED,40,
1382680,DOMESTIC_LEAGUE,Scotland,179,Premiership,2025,1st Phase - 3,2025-09-23T18:45:00+00:00,Falkirk,Hibernian,1,2026-09-20T08:35:27Z,CAPTURED,40,
1382681,DOMESTIC_LEAGUE,Scotland,179,Premiership,2025,1st Phase - 3,2025-08-23T14:00:00+00:00,Heart Of Midlothian,Motherwell,1,2026-09-20T08:35:27Z,CAPTURED,40,
1382682,DOMESTIC_LEAGUE,Scotland,179,Premiership,2025,1st Phase - 3,2025-08-23T14:00:00+00:00,Kilmarnock,Dundee,1,2026-09-20T08:35:27Z,CAPTURED,40,
1382683,DOMESTIC_LEAGUE,Scotland,179,Premiership,2025,1st Phase - 3,2025-08-24T11:00:00+00:00,ST Mirren,Rangers,1,2026-09-20T08:35:27Z,CAPTURED,40,
1382684,DOMESTIC_LEAGUE,Scotland,179,Premiership,2025,1st Phase - 4,2025-08-31T14:00:00+00:00,Aberdeen,Falkirk,1,2026-09-20T08:35:27Z,CAPTURED,39,
1382685,DOMESTIC_LEAGUE,Scotland,179,Premiership,2025,1st Phase - 4,2025-08-31T13:00:00+00:00,Dundee,Dundee Utd,1,2026-09-20T08:35:27Z,CAPTURED,40,
1382686,DOMESTIC_LEAGUE,Scotland,179,Premiership,2025,1st Phase - 4,2025-08-31T14:00:00+00:00,Hibernian,ST Mirren,1,2026-09-20T08:35:27Z,CAPTURED,40,
1382687,DOMESTIC_LEAGUE,Scotland,179,Premiership,2025,1st Phase - 4,2025-08-30T14:00:00+00:00,Livingston,Heart Of Midlothian,1,2026-09-20T08:35:27Z,CAPTURED,40,
1382688,DOMESTIC_LEAGUE,Scotland,179,Premiership,2025,1st Phase - 4,2025-08-30T14:00:00+00:00,Motherwell,Kilmarnock,1,2026-09-20T08:35:27Z,CAPTURED,40,
1382689,DOMESTIC_LEAGUE,Scotland,179,Premiership,2025,1st Phase - 4,2025-08-31T11:00:00+00:00,Rangers,Celtic,1,2026-09-20T08:35:27Z,CAPTURED,40,
1382690,DOMESTIC_LEAGUE,Scotland,179,Premiership,2025,1st Phase - 5,2025-09-13T14:00:00+00:00,Aberdeen,Livingston,1,2026-09-20T08:35:27Z,CAPTURED,40,
1382691,DOMESTIC_LEAGUE,Scotland,179,Premiership,2025,1st Phase - 5,2025-09-13T14:00:00+00:00,Dundee,Motherwell,1,2026-09-20T08:35:27Z,CAPTURED,40,
1382692,DOMESTIC_LEAGUE,Scotland,179,Premiership,2025,1st Phase - 5,2025-09-13T14:00:00+00:00,Falkirk,ST Mirren,1,2026-09-20T08:35:27Z,CAPTURED,40,
1382693,DOMESTIC_LEAGUE,Scotland,179,Premiership,2025,1st Phase - 5,2025-09-13T16:45:00+00:00,Hibernian,Dundee Utd,1,2026-09-20T08:35:27Z,CAPTURED,40,
1382694,DOMESTIC_LEAGUE,Scotland,179,Premiership,2025,1st Phase - 5,2025-09-14T14:00:00+00:00,Kilmarnock,Celtic,1,2026-09-20T08:35:27Z,CAPTURED,40,
1382695,DOMESTIC_LEAGUE,Scotland,179,Premiership,2025,1st Phase - 5,2025-09-13T14:00:00+00:00,Rangers,Heart Of Midlothian,1,2026-09-20T08:35:27Z,CAPTURED,40,
1382696,DOMESTIC_LEAGUE,Scotland,179,Premiership,2025,1st Phase - 6,2025-09-27T14:00:00+00:00,Celtic,Hibernian,1,2026-09-20T08:35:27Z,CAPTURED,40,
1382697,DOMESTIC_LEAGUE,Scotland,179,Premiership,2025,1st Phase - 6,2025-09-27T14:00:00+00:00,Dundee Utd,Kilmarnock,1,2026-09-20T08:35:27Z,CAPTURED,39,
1382698,DOMESTIC_LEAGUE,Scotland,179,Premiership,2025,1st Phase - 6,2025-09-27T14:00:00+00:00,Heart Of Midlothian,Falkirk,1,2026-09-20T08:35:27Z,CAPTURED,40,
1382699,DOMESTIC_LEAGUE,Scotland,179,Premiership,2025,1st Phase - 6,2025-09-28T14:00:00+00:00,Livingston,Rangers,1,2026-09-20T08:35:27Z,CAPTURED,40,
1382700,DOMESTIC_LEAGUE,Scotland,179,Premiership,2025,1st Phase - 6,2025-09-27T16:45:00+00:00,Motherwell,Aberdeen,1,2026-09-20T08:35:27Z,CAPTURED,39,
1382701,DOMESTIC_LEAGUE,Scotland,179,Premiership,2025,1st Phase - 6,2025-09-27T14:00:00+00:00,ST Mirren,Dundee,1,2026-09-20T08:35:27Z,CAPTURED,40,
1382721,DOMESTIC_LEAGUE,Scotland,179,Premiership,2025,1st Phase - 10,2025-09-20T14:00:00+00:00,Dundee,Livingston,1,2026-09-20T08:35:27Z,CAPTURED,40,
1390030,DOMESTIC_LEAGUE,Austria,218,Bundesliga,2025,Regular Season - 1,2025-08-03T15:00:00+00:00,Grazer AK,Austria Vienna,1,2026-09-20T08:35:27Z,CAPTURED,40,
1390031,DOMESTIC_LEAGUE,Austria,218,Bundesliga,2025,Regular Season - 1,2025-08-03T15:00:00+00:00,Rapid Vienna,FC BW Linz,1,2026-09-20T08:35:27Z,CAPTURED,40,
1390032,DOMESTIC_LEAGUE,Austria,218,Bundesliga,2025,Regular Season - 2,2025-08-09T15:00:00+00:00,FC BW Linz,TSV Hartberg,1,2026-09-20T08:35:27Z,CAPTURED,40,
1390033,DOMESTIC_LEAGUE,Austria,218,Bundesliga,2025,Regular Season - 2,2025-08-09T15:00:00+00:00,SCR Altach,Ried,1,2026-09-20T08:35:27Z,CAPTURED,40,
1390034,DOMESTIC_LEAGUE,Austria,218,Bundesliga,2025,Regular Season - 2,2025-08-09T17:30:00+00:00,Red Bull Salzburg,Grazer AK,1,2026-09-20T08:35:27Z,CAPTURED,40,
1390035,DOMESTIC_LEAGUE,Austria,218,Bundesliga,2025,Regular Season - 2,2025-08-10T15:00:00+00:00,Austria Vienna,Wolfsberger AC,1,2026-09-20T08:35:27Z,CAPTURED,40,
1390036,DOMESTIC_LEAGUE,Austria,218,Bundesliga,2025,Regular Season - 2,2025-08-10T15:00:00+00:00,WSG Wattens,Lask Linz,1,2026-09-20T08:35:27Z,CAPTURED,40,
1390037,DOMESTIC_LEAGUE,Austria,218,Bundesliga,2025,Regular Season - 2,2025-08-10T15:00:00+00:00,Sturm Graz,Rapid Vienna,1,2026-09-20T08:35:27Z,CAPTURED,40,
1390038,DOMESTIC_LEAGUE,Austria,218,Bundesliga,2025,Regular Season - 3,2025-08-16T15:00:00+00:00,TSV Hartberg,Red Bull Salzburg,1,2026-09-20T08:35:27Z,CAPTURED,39,
1390039,DOMESTIC_LEAGUE,Austria,218,Bundesliga,2025,Regular Season - 3,2025-08-16T15:00:00+00:00,Grazer AK,WSG Wattens,1,2026-09-20T08:35:27Z,CAPTURED,40,
1390040,DOMESTIC_LEAGUE,Austria,218,Bundesliga,2025,Regular Season - 3,2025-08-16T17:30:00+00:00,Ried,Sturm Graz,1,2026-09-20T08:35:27Z,CAPTURED,40,
1390041,DOMESTIC_LEAGUE,Austria,218,Bundesliga,2025,Regular Season - 3,2025-08-17T15:00:00+00:00,Rapid Vienna,SCR Altach,1,2026-09-20T08:35:27Z,CAPTURED,40,
1390042,DOMESTIC_LEAGUE,Austria,218,Bundesliga,2025,Regular Season - 3,2025-08-17T15:00:00+00:00,Lask Linz,Austria Vienna,1,2026-09-20T08:35:27Z,CAPTURED,40,
1390043,DOMESTIC_LEAGUE,Austria,218,Bundesliga,2025,Regular Season - 3,2025-08-17T15:00:00+00:00,Wolfsberger AC,FC BW Linz,1,2026-09-20T08:35:27Z,CAPTURED,40,
1390044,DOMESTIC_LEAGUE,Austria,218,Bundesliga,2025,Regular Season - 4,2025-08-23T15:00:00+00:00,FC BW Linz,Ried,1,2026-09-20T08:35:27Z,CAPTURED,38,
1390045,DOMESTIC_LEAGUE,Austria,218,Bundesliga,2025,Regular Season - 4,2025-08-23T15:00:00+00:00,Red Bull Salzburg,Lask Linz,1,2026-09-20T08:35:27Z,CAPTURED,40,
1390047,DOMESTIC_LEAGUE,Austria,218,Bundesliga,2025,Regular Season - 4,2025-08-24T15:00:00+00:00,Wolfsberger AC,Rapid Vienna,1,2026-09-20T08:35:27Z,CAPTURED,40,
1390048,DOMESTIC_LEAGUE,Austria,218,Bundesliga,2025,Regular Season - 4,2025-08-24T15:00:00+00:00,Austria Vienna,TSV Hartberg,1,2026-09-20T08:35:27Z,CAPTURED,40,
1390049,DOMESTIC_LEAGUE,Austria,218,Bundesliga,2025,Regular Season - 4,2025-08-24T15:00:00+00:00,SCR Altach,Grazer AK,1,2026-09-20T08:35:27Z,CAPTURED,40,
1390050,DOMESTIC_LEAGUE,Austria,218,Bundesliga,2025,Regular Season - 5,2025-08-30T15:00:00+00:00,Red Bull Salzburg,FC BW Linz,1,2026-09-20T08:35:27Z,CAPTURED,40,
1390051,DOMESTIC_LEAGUE,Austria,218,Bundesliga,2025,Regular Season - 5,2025-08-30T15:00:00+00:00,Lask Linz,Ried,1,2026-09-20T08:35:27Z,CAPTURED,40,
1390052,DOMESTIC_LEAGUE,Austria,218,Bundesliga,2025,Regular Season - 5,2025-08-30T17:30:00+00:00,Grazer AK,Sturm Graz,1,2026-09-20T08:35:27Z,CAPTURED,38,
1390053,DOMESTIC_LEAGUE,Austria,218,Bundesliga,2025,Regular Season - 5,2025-08-31T15:00:00+00:00,Austria Vienna,SCR Altach,1,2026-09-20T08:35:27Z,CAPTURED,39,
1390054,DOMESTIC_LEAGUE,Austria,218,Bundesliga,2025,Regular Season - 5,2025-08-31T15:00:00+00:00,TSV Hartberg,Rapid Vienna,1,2026-09-20T08:35:27Z,CAPTURED,40,
1390055,DOMESTIC_LEAGUE,Austria,218,Bundesliga,2025,Regular Season - 6,2025-09-13T15:00:00+00:00,SCR Altach,Lask Linz,1,2026-09-20T08:35:27Z,CAPTURED,40,
1390056,DOMESTIC_LEAGUE,Austria,218,Bundesliga,2025,Regular Season - 6,2025-09-13T15:00:00+00:00,FC BW Linz,Grazer AK,1,2026-09-20T08:35:27Z,CAPTURED,40,
1390057,DOMESTIC_LEAGUE,Austria,218,Bundesliga,2025,Regular Season - 6,2025-09-14T12:30:00+00:00,Rapid Vienna,WSG Wattens,1,2026-09-20T08:35:27Z,CAPTURED,40,
1390058,DOMESTIC_LEAGUE,Austria,218,Bundesliga,2025,Regular Season - 6,2025-09-14T15:00:00+00:00,Sturm Graz,Austria Vienna,1,2026-09-20T08:35:27Z,CAPTURED,40,
1390059,DOMESTIC_LEAGUE,Austria,218,Bundesliga,2025,Regular Season - 6,2025-09-13T15:00:00+00:00,Wolfsberger AC,Red Bull Salzburg,1,2026-09-20T08:35:27Z,CAPTURED,40,
1390060,DOMESTIC_LEAGUE,Austria,218,Bundesliga,2025,Regular Season - 6,2025-09-14T12:30:00+00:00,Ried,TSV Hartberg,1,2026-09-20T08:35:27Z,CAPTURED,38,
1390061,DOMESTIC_LEAGUE,Austria,218,Bundesliga,2025,Regular Season - 7,2025-09-20T15:00:00+00:00,TSV Hartberg,Wolfsberger AC,1,2026-09-20T08:35:27Z,CAPTURED,40,
1390062,DOMESTIC_LEAGUE,Austria,218,Bundesliga,2025,Regular Season - 7,2025-09-21T12:30:00+00:00,SCR Altach,WSG Wattens,1,2026-09-20T08:35:27Z,CAPTURED,40,
1390063,DOMESTIC_LEAGUE,Austria,218,Bundesliga,2025,Regular Season - 7,2025-09-21T12:30:00+00:00,Lask Linz,FC BW Linz,1,2026-09-20T08:35:27Z,CAPTURED,40,
1390064,DOMESTIC_LEAGUE,Austria,218,Bundesliga,2025,Regular Season - 7,2025-09-21T15:00:00+00:00,Grazer AK,Rapid Vienna,1,2026-09-20T08:35:27Z,CAPTURED,40,
1390065,DOMESTIC_LEAGUE,Austria,218,Bundesliga,2025,Regular Season - 7,2025-09-20T15:00:00+00:00,Austria Vienna,Ried,1,2026-09-20T08:35:27Z,CAPTURED,39,
1390066,DOMESTIC_LEAGUE,Austria,218,Bundesliga,2025,Regular Season - 7,2025-09-20T15:00:00+00:00,Red Bull Salzburg,Sturm Graz,1,2026-09-20T08:35:27Z,CAPTURED,40,
1390067,DOMESTIC_LEAGUE,Austria,218,Bundesliga,2025,Regular Season - 8,2025-09-28T15:00:00+00:00,Rapid Vienna,Austria Vienna,1,2026-09-20T08:35:27Z,CAPTURED,40,
1390068,DOMESTIC_LEAGUE,Austria,218,Bundesliga,2025,Regular Season - 8,2025-09-27T15:00:00+00:00,FC BW Linz,SCR Altach,1,2026-09-20T08:35:27Z,CAPTURED,40,
1390069,DOMESTIC_LEAGUE,Austria,218,Bundesliga,2025,Regular Season - 8,2025-09-27T15:00:00+00:00,Ried,Grazer AK,1,2026-09-20T08:35:27Z,CAPTURED,40,
1390070,DOMESTIC_LEAGUE,Austria,218,Bundesliga,2025,Regular Season - 8,2025-09-27T15:00:00+00:00,Wolfsberger AC,Lask Linz,1,2026-09-20T08:35:27Z,CAPTURED,39,
1390071,DOMESTIC_LEAGUE,Austria,218,Bundesliga,2025,Regular Season - 8,2025-09-28T12:30:00+00:00,Sturm Graz,TSV Hartberg,1,2026-09-20T08:35:27Z,CAPTURED,40,
1390072,DOMESTIC_LEAGUE,Austria,218,Bundesliga,2025,Regular Season - 8,2025-09-28T12:30:00+00:00,WSG Wattens,Red Bull Salzburg,1,2026-09-20T08:35:27Z,CAPTURED,40,
1399968,DOMESTIC_LEAGUE,Austria,218,Bundesliga,2025,Regular Season - 5,2025-08-31T15:00:00+00:00,WSG Wattens,Wolfsberger AC,1,2026-09-20T08:35:27Z,CAPTURED,40,
1379404,DOMESTIC_LEAGUE,Denmark,119,Superliga,2025,Regular Season - 10,2025-09-29T17:00:00+00:00,FC Midtjylland,Randers FC,1,2026-09-20T12:38:43Z,CAPTURED,40,
1379409,DOMESTIC_LEAGUE,Denmark,119,Superliga,2025,Regular Season - 11,2025-10-05T14:00:00+00:00,Aarhus,Silkeborg,1,2026-09-20T12:38:43Z,CAPTURED,40,
1379410,DOMESTIC_LEAGUE,Denmark,119,Superliga,2025,Regular Season - 11,2025-10-05T16:00:00+00:00,FC Copenhagen,FC Midtjylland,1,2026-09-20T12:38:43Z,CAPTURED,40,
1379411,DOMESTIC_LEAGUE,Denmark,119,Superliga,2025,Regular Season - 11,2025-10-05T18:00:00+00:00,FC Fredericia,Brondby,1,2026-09-20T12:38:43Z,CAPTURED,40,
1379412,DOMESTIC_LEAGUE,Denmark,119,Superliga,2025,Regular Season - 11,2025-10-03T17:00:00+00:00,Odense,Sonderjyske,1,2026-09-20T12:38:43Z,CAPTURED,39,
1379413,DOMESTIC_LEAGUE,Denmark,119,Superliga,2025,Regular Season - 11,2025-10-05T12:00:00+00:00,Randers FC,Viborg,1,2026-09-20T12:38:43Z,CAPTURED,40,
1379414,DOMESTIC_LEAGUE,Denmark,119,Superliga,2025,Regular Season - 11,2025-10-05T12:00:00+00:00,Vejle,FC Nordsjaelland,1,2026-09-20T12:38:43Z,CAPTURED,40,
1379415,DOMESTIC_LEAGUE,Denmark,119,Superliga,2025,Regular Season - 12,2025-10-19T14:00:00+00:00,Brondby,Aarhus,1,2026-09-20T12:38:43Z,CAPTURED,40,
1379416,DOMESTIC_LEAGUE,Denmark,119,Superliga,2025,Regular Season - 12,2025-10-19T16:00:00+00:00,FC Midtjylland,Vejle,1,2026-09-20T12:38:43Z,CAPTURED,40,
1379417,DOMESTIC_LEAGUE,Denmark,119,Superliga,2025,Regular Season - 12,2025-10-19T12:00:00+00:00,FC Nordsjaelland,Randers FC,1,2026-09-20T12:38:43Z,CAPTURED,40,
1379418,DOMESTIC_LEAGUE,Denmark,119,Superliga,2025,Regular Season - 12,2025-10-17T17:00:00+00:00,Silkeborg,FC Copenhagen,1,2026-09-20T12:38:43Z,CAPTURED,38,
1379419,DOMESTIC_LEAGUE,Denmark,119,Superliga,2025,Regular Season - 12,2025-10-20T17:00:00+00:00,Sonderjyske,FC Fredericia,1,2026-09-20T12:38:43Z,CAPTURED,40,
1379420,DOMESTIC_LEAGUE,Denmark,119,Superliga,2025,Regular Season - 12,2025-10-19T12:00:00+00:00,Viborg,Odense,1,2026-09-20T12:38:43Z,CAPTURED,40,
1379421,DOMESTIC_LEAGUE,Denmark,119,Superliga,2025,Regular Season - 13,2025-10-24T17:00:00+00:00,Aarhus,FC Nordsjaelland,1,2026-09-20T12:38:43Z,CAPTURED,40,
1379422,DOMESTIC_LEAGUE,Denmark,119,Superliga,2025,Regular Season - 13,2025-10-26T17:00:00+00:00,FC Copenhagen,Viborg,1,2026-09-20T12:38:43Z,CAPTURED,39,
1379423,DOMESTIC_LEAGUE,Denmark,119,Superliga,2025,Regular Season - 13,2025-10-26T13:00:00+00:00,FC Fredericia,FC Midtjylland,1,2026-09-20T12:38:43Z,CAPTURED,40,
1379424,DOMESTIC_LEAGUE,Denmark,119,Superliga,2025,Regular Season - 13,2025-10-27T18:00:00+00:00,Odense,Brondby,1,2026-09-20T12:38:43Z,CAPTURED,40,
1379425,DOMESTIC_LEAGUE,Denmark,119,Superliga,2025,Regular Season - 13,2025-10-26T15:00:00+00:00,Randers FC,Sonderjyske,1,2026-09-20T12:38:43Z,CAPTURED,40,
1379426,DOMESTIC_LEAGUE,Denmark,119,Superliga,2025,Regular Season - 13,2025-10-26T13:00:00+00:00,Vejle,Silkeborg,1,2026-09-20T12:38:43Z,CAPTURED,40,
1379427,DOMESTIC_LEAGUE,Denmark,119,Superliga,2025,Regular Season - 14,2025-11-01T17:00:00+00:00,FC Copenhagen,FC Fredericia,1,2026-09-20T12:38:43Z,CAPTURED,40,
1379428,DOMESTIC_LEAGUE,Denmark,119,Superliga,2025,Regular Season - 14,2025-11-03T18:00:00+00:00,FC Midtjylland,Aarhus,1,2026-09-20T12:38:43Z,CAPTURED,40,
1379429,DOMESTIC_LEAGUE,Denmark,119,Superliga,2025,Regular Season - 14,2025-11-02T17:00:00+00:00,FC Nordsjaelland,Odense,1,2026-09-20T12:38:43Z,CAPTURED,40,
1379430,DOMESTIC_LEAGUE,Denmark,119,Superliga,2025,Regular Season - 14,2025-11-02T19:00:00+00:00,Silkeborg,Brondby,1,2026-09-20T12:38:43Z,CAPTURED,40,
1379431,DOMESTIC_LEAGUE,Denmark,119,Superliga,2025,Regular Season - 14,2025-11-02T15:00:00+00:00,Sonderjyske,Vejle,1,2026-09-20T12:38:43Z,CAPTURED,40,
1379432,DOMESTIC_LEAGUE,Denmark,119,Superliga,2025,Regular Season - 14,2025-11-02T13:00:00+00:00,Viborg,Randers FC,1,2026-09-20T12:38:43Z,CAPTURED,40,
1379433,DOMESTIC_LEAGUE,Denmark,119,Superliga,2025,Regular Season - 15,2025-11-09T17:00:00+00:00,Aarhus,Sonderjyske,1,2026-09-20T12:38:43Z,CAPTURED,40,
1379434,DOMESTIC_LEAGUE,Denmark,119,Superliga,2025,Regular Season - 15,2025-11-09T19:00:00+00:00,Brondby,FC Nordsjaelland,1,2026-09-20T12:38:43Z,CAPTURED,40,
1379435,DOMESTIC_LEAGUE,Denmark,119,Superliga,2025,Regular Season - 15,2025-11-09T13:00:00+00:00,FC Fredericia,Viborg,1,2026-09-20T12:38:43Z,CAPTURED,40,
1379436,DOMESTIC_LEAGUE,Denmark,119,Superliga,2025,Regular Season - 15,2025-11-07T18:00:00+00:00,Odense,Silkeborg,1,2026-09-20T12:38:43Z,CAPTURED,40,
1379437,DOMESTIC_LEAGUE,Denmark,119,Superliga,2025,Regular Season - 15,2025-11-09T15:00:00+00:00,Randers FC,FC Midtjylland,1,2026-09-20T12:38:43Z,CAPTURED,39,
1379438,DOMESTIC_LEAGUE,Denmark,119,Superliga,2025,Regular Season - 15,2025-11-09T13:00:00+00:00,Vejle,FC Copenhagen,1,2026-09-20T12:38:43Z,CAPTURED,39,
1379439,DOMESTIC_LEAGUE,Denmark,119,Superliga,2025,Regular Season - 16,2025-11-23T11:00:00+00:00,FC Copenhagen,Brondby,1,2026-09-20T12:38:43Z,CAPTURED,40,
1379440,DOMESTIC_LEAGUE,Denmark,119,Superliga,2025,Regular Season - 16,2025-11-23T15:00:00+00:00,FC Nordsjaelland,FC Fredericia,1,2026-09-20T12:38:43Z,CAPTURED,40,
1379441,DOMESTIC_LEAGUE,Denmark,119,Superliga,2025,Regular Season - 16,2025-11-24T18:00:00+00:00,Randers FC,Odense,1,2026-09-20T12:38:43Z,CAPTURED,40,
1379442,DOMESTIC_LEAGUE,Denmark,119,Superliga,2025,Regular Season - 16,2025-11-21T18:00:00+00:00,Silkeborg,Aarhus,1,2026-09-20T12:38:43Z,CAPTURED,39,
1379443,DOMESTIC_LEAGUE,Denmark,119,Superliga,2025,Regular Season - 16,2025-11-23T17:00:00+00:00,Sonderjyske,FC Midtjylland,1,2026-09-20T12:38:43Z,CAPTURED,40,
1379444,DOMESTIC_LEAGUE,Denmark,119,Superliga,2025,Regular Season - 16,2025-11-23T13:00:00+00:00,Viborg,Vejle,1,2026-09-20T12:38:43Z,CAPTURED,40,
1379445,DOMESTIC_LEAGUE,Denmark,119,Superliga,2025,Regular Season - 17,2025-11-30T13:00:00+00:00,Aarhus,FC Copenhagen,1,2026-09-20T12:38:43Z,CAPTURED,39,
1379449,DOMESTIC_LEAGUE,Denmark,119,Superliga,2025,Regular Season - 17,2025-11-30T13:00:00+00:00,Silkeborg,Randers FC,1,2026-09-20T12:38:43Z,CAPTURED,40,
1379450,DOMESTIC_LEAGUE,Denmark,119,Superliga,2025,Regular Season - 17,2025-11-28T18:00:00+00:00,Sonderjyske,Viborg,1,2026-09-20T12:38:43Z,CAPTURED,40,
1380469,DOMESTIC_LEAGUE,Poland,106,Ekstraklasa,2025,Regular Season - 10,2025-09-29T18:30:00+00:00,Motor Lublin,Radomiak Radom,1,2026-09-20T12:38:43Z,CAPTURED,45,
1380473,DOMESTIC_LEAGUE,Poland,106,Ekstraklasa,2025,Regular Season - 10,2025-09-29T16:00:00+00:00,Zaglebie Lubin,Arka Gdynia,1,2026-09-20T12:38:43Z,CAPTURED,43,
1380474,DOMESTIC_LEAGUE,Poland,106,Ekstraklasa,2025,Regular Season - 11,2025-10-04T18:15:00+00:00,Arka Gdynia,Cracovia Krakow,1,2026-09-20T12:38:43Z,CAPTURED,43,
1380475,DOMESTIC_LEAGUE,Poland,106,Ekstraklasa,2025,Regular Season - 11,2025-10-05T15:30:00+00:00,GKS Katowice,Lech Poznan,1,2026-09-20T12:38:43Z,CAPTURED,41,
1380476,DOMESTIC_LEAGUE,Poland,106,Ekstraklasa,2025,Regular Season - 11,2025-10-05T18:15:00+00:00,Gornik Zabrze,Legia Warszawa,1,2026-09-20T12:38:43Z,CAPTURED,43,
1380477,DOMESTIC_LEAGUE,Poland,106,Ekstraklasa,2025,Regular Season - 11,2025-10-05T10:15:00+00:00,Jagiellonia,Korona Kielce,1,2026-09-20T12:38:43Z,CAPTURED,44,
1380478,DOMESTIC_LEAGUE,Poland,106,Ekstraklasa,2025,Regular Season - 11,2025-10-03T16:00:00+00:00,Lechia Gdansk,Wisla Plock,1,2026-09-20T12:38:43Z,CAPTURED,43,
1380479,DOMESTIC_LEAGUE,Poland,106,Ekstraklasa,2025,Regular Season - 11,2025-10-03T18:30:00+00:00,Pogon Szczecin,Piast Gliwice,1,2026-09-20T12:38:43Z,CAPTURED,44,
1380480,DOMESTIC_LEAGUE,Poland,106,Ekstraklasa,2025,Regular Season - 11,2025-10-04T15:30:00+00:00,Radomiak Radom,Zaglebie Lubin,1,2026-09-20T12:38:43Z,CAPTURED,46,
1380481,DOMESTIC_LEAGUE,Poland,106,Ekstraklasa,2025,Regular Season - 11,2025-10-05T12:45:00+00:00,Raków Częstochowa,Motor Lublin,1,2026-09-20T12:38:43Z,CAPTURED,39,
1380482,DOMESTIC_LEAGUE,Poland,106,Ekstraklasa,2025,Regular Season - 11,2025-10-04T12:45:00+00:00,Nieciecza,Widzew Łódź,1,2026-09-20T12:38:43Z,CAPTURED,43,
1380483,DOMESTIC_LEAGUE,Poland,106,Ekstraklasa,2025,Regular Season - 12,2025-10-18T18:15:00+00:00,Cracovia Krakow,Raków Częstochowa,1,2026-09-20T12:38:43Z,CAPTURED,42,
1380484,DOMESTIC_LEAGUE,Poland,106,Ekstraklasa,2025,Regular Season - 12,2025-10-18T15:30:00+00:00,Jagiellonia,Arka Gdynia,1,2026-09-20T12:38:43Z,CAPTURED,43,
1380485,DOMESTIC_LEAGUE,Poland,106,Ekstraklasa,2025,Regular Season - 12,2025-10-18T12:45:00+00:00,Korona Kielce,Gornik Zabrze,1,2026-09-20T12:38:43Z,CAPTURED,42,
1380486,DOMESTIC_LEAGUE,Poland,106,Ekstraklasa,2025,Regular Season - 12,2025-10-19T12:45:00+00:00,Lech Poznan,Pogon Szczecin,1,2026-09-20T12:38:43Z,CAPTURED,43,
1380487,DOMESTIC_LEAGUE,Poland,106,Ekstraklasa,2025,Regular Season - 12,2025-10-17T16:00:00+00:00,Motor Lublin,GKS Katowice,1,2026-09-20T12:38:43Z,CAPTURED,42,
1380488,DOMESTIC_LEAGUE,Poland,106,Ekstraklasa,2025,Regular Season - 12,2025-10-19T10:15:00+00:00,Piast Gliwice,Lechia Gdansk,1,2026-09-20T12:38:43Z,CAPTURED,44,
1380489,DOMESTIC_LEAGUE,Poland,106,Ekstraklasa,2025,Regular Season - 12,2025-10-17T18:30:00+00:00,Widzew Łódź,Radomiak Radom,1,2026-09-20T12:38:43Z,CAPTURED,44,
1380490,DOMESTIC_LEAGUE,Poland,106,Ekstraklasa,2025,Regular Season - 12,2025-10-20T17:00:00+00:00,Wisla Plock,Nieciecza,1,2026-09-20T12:38:43Z,CAPTURED,42,
1380491,DOMESTIC_LEAGUE,Poland,106,Ekstraklasa,2025,Regular Season - 12,2025-10-19T15:30:00+00:00,Zaglebie Lubin,Legia Warszawa,1,2026-09-20T12:38:43Z,CAPTURED,46,
1380492,DOMESTIC_LEAGUE,Poland,106,Ekstraklasa,2025,Regular Season - 13,2025-10-25T12:45:00+00:00,Arka Gdynia,Piast Gliwice,1,2026-09-20T12:38:43Z,CAPTURED,41,
1380493,DOMESTIC_LEAGUE,Poland,106,Ekstraklasa,2025,Regular Season - 13,2025-10-25T18:15:00+00:00,GKS Katowice,Korona Kielce,1,2026-09-20T12:38:43Z,CAPTURED,41,
1380494,DOMESTIC_LEAGUE,Poland,106,Ekstraklasa,2025,Regular Season - 13,2025-10-26T16:30:00+00:00,Gornik Zabrze,Jagiellonia,1,2026-09-20T12:38:43Z,CAPTURED,46,
1380495,DOMESTIC_LEAGUE,Poland,106,Ekstraklasa,2025,Regular Season - 13,2025-10-26T19:15:00+00:00,Legia Warszawa,Lech Poznan,1,2026-09-20T12:38:43Z,CAPTURED,43,
1380496,DOMESTIC_LEAGUE,Poland,106,Ekstraklasa,2025,Regular Season - 13,2025-10-24T18:30:00+00:00,Motor Lublin,Widzew Łódź,1,2026-09-20T12:38:43Z,CAPTURED,44,
1380497,DOMESTIC_LEAGUE,Poland,106,Ekstraklasa,2025,Regular Season - 13,2025-10-25T15:30:00+00:00,Pogon Szczecin,Cracovia Krakow,1,2026-09-20T12:38:43Z,CAPTURED,42,
1380498,DOMESTIC_LEAGUE,Poland,106,Ekstraklasa,2025,Regular Season - 13,2025-10-27T18:00:00+00:00,Radomiak Radom,Wisla Plock,1,2026-09-20T12:38:43Z,CAPTURED,44,
1380499,DOMESTIC_LEAGUE,Poland,106,Ekstraklasa,2025,Regular Season - 13,2025-10-26T13:45:00+00:00,Raków Częstochowa,Lechia Gdansk,1,2026-09-20T12:38:43Z,CAPTURED,41,
1380500,DOMESTIC_LEAGUE,Poland,106,Ekstraklasa,2025,Regular Season - 13,2025-10-24T16:00:00+00:00,Nieciecza,Zaglebie Lubin,1,2026-09-20T12:38:43Z,CAPTURED,42,
1380501,DOMESTIC_LEAGUE,Poland,106,Ekstraklasa,2025,Regular Season - 14,2025-11-03T19:30:00+00:00,Cracovia Krakow,Zaglebie Lubin,1,2026-09-20T12:38:43Z,CAPTURED,44,
1380502,DOMESTIC_LEAGUE,Poland,106,Ekstraklasa,2025,Regular Season - 14,2025-11-02T11:15:00+00:00,Gornik Zabrze,Arka Gdynia,1,2026-09-20T12:38:43Z,CAPTURED,44,
1380503,DOMESTIC_LEAGUE,Poland,106,Ekstraklasa,2025,Regular Season - 14,2025-11-02T16:30:00+00:00,Jagiellonia,Raków Częstochowa,1,2026-09-20T12:38:43Z,CAPTURED,42,
1380504,DOMESTIC_LEAGUE,Poland,106,Ekstraklasa,2025,Regular Season - 14,2025-11-03T17:00:00+00:00,Lechia Gdansk,Radomiak Radom,1,2026-09-20T12:38:43Z,CAPTURED,45,
1380505,DOMESTIC_LEAGUE,Poland,106,Ekstraklasa,2025,Regular Season - 14,2025-11-02T13:45:00+00:00,Lech Poznan,Motor Lublin,1,2026-09-20T12:38:43Z,CAPTURED,43,
1380506,DOMESTIC_LEAGUE,Poland,106,Ekstraklasa,2025,Regular Season - 14,2025-10-31T19:30:00+00:00,Piast Gliwice,Korona Kielce,1,2026-09-20T12:38:43Z,CAPTURED,42,
1380507,DOMESTIC_LEAGUE,Poland,106,Ekstraklasa,2025,Regular Season - 14,2025-10-31T17:00:00+00:00,Nieciecza,GKS Katowice,1,2026-09-20T12:38:43Z,CAPTURED,43,
1380508,DOMESTIC_LEAGUE,Poland,106,Ekstraklasa,2025,Regular Season - 14,2025-11-02T19:15:00+00:00,Widzew Łódź,Legia Warszawa,1,2026-09-20T12:38:43Z,CAPTURED,41,
1380509,DOMESTIC_LEAGUE,Poland,106,Ekstraklasa,2025,Regular Season - 14,2025-11-03T17:00:00+00:00,Wisla Plock,Pogon Szczecin,1,2026-09-20T12:38:43Z,CAPTURED,42,
1380510,DOMESTIC_LEAGUE,Poland,106,Ekstraklasa,2025,Regular Season - 15,2025-11-09T19:15:00+00:00,Arka Gdynia,Lech Poznan,1,2026-09-20T12:38:43Z,CAPTURED,42,
1380511,DOMESTIC_LEAGUE,Poland,106,Ekstraklasa,2025,Regular Season - 15,2025-11-08T19:15:00+00:00,GKS Katowice,Piast Gliwice,1,2026-09-20T12:38:43Z,CAPTURED,43,
1380512,DOMESTIC_LEAGUE,Poland,106,Ekstraklasa,2025,Regular Season - 15,2025-11-09T13:45:00+00:00,Korona Kielce,Raków Częstochowa,1,2026-09-20T12:38:43Z,CAPTURED,39,
1380513,DOMESTIC_LEAGUE,Poland,106,Ekstraklasa,2025,Regular Season - 15,2025-11-08T13:45:00+00:00,Lechia Gdansk,Widzew Łódź,1,2026-09-20T12:38:43Z,CAPTURED,42,
1380514,DOMESTIC_LEAGUE,Poland,106,Ekstraklasa,2025,Regular Season - 15,2025-11-09T13:45:00+00:00,Legia Warszawa,Nieciecza,1,2026-09-20T12:38:43Z,CAPTURED,42,
1380515,DOMESTIC_LEAGUE,Poland,106,Ekstraklasa,2025,Regular Season - 15,2025-11-08T16:30:00+00:00,Motor Lublin,Wisla Plock,1,2026-09-20T12:38:43Z,CAPTURED,46,
1380516,DOMESTIC_LEAGUE,Poland,106,Ekstraklasa,2025,Regular Season - 15,2025-11-09T16:30:00+00:00,Pogon Szczecin,Jagiellonia,1,2026-09-20T12:38:43Z,CAPTURED,44,
1380517,DOMESTIC_LEAGUE,Poland,106,Ekstraklasa,2025,Regular Season - 15,2025-11-07T17:00:00+00:00,Radomiak Radom,Cracovia Krakow,1,2026-09-20T12:38:43Z,CAPTURED,45,
1380518,DOMESTIC_LEAGUE,Poland,106,Ekstraklasa,2025,Regular Season - 15,2025-11-07T19:30:00+00:00,Zaglebie Lubin,Gornik Zabrze,1,2026-09-20T12:38:43Z,CAPTURED,45,
1380519,DOMESTIC_LEAGUE,Poland,106,Ekstraklasa,2025,Regular Season - 16,2025-11-22T13:45:00+00:00,Cracovia Krakow,Motor Lublin,1,2026-09-20T12:38:43Z,CAPTURED,45,
1380520,DOMESTIC_LEAGUE,Poland,106,Ekstraklasa,2025,Regular Season - 16,2025-11-21T19:30:00+00:00,Gornik Zabrze,Wisla Plock,1,2026-09-20T12:38:43Z,CAPTURED,44,
1380522,DOMESTIC_LEAGUE,Poland,106,Ekstraklasa,2025,Regular Season - 16,2025-11-23T13:45:00+00:00,Lech Poznan,Radomiak Radom,1,2026-09-20T12:38:43Z,CAPTURED,45,
1380523,DOMESTIC_LEAGUE,Poland,106,Ekstraklasa,2025,Regular Season - 16,2025-11-22T19:15:00+00:00,Legia Warszawa,Lechia Gdansk,1,2026-09-20T12:38:43Z,CAPTURED,44,
1380524,DOMESTIC_LEAGUE,Poland,106,Ekstraklasa,2025,Regular Season - 16,2025-11-24T18:00:00+00:00,Pogon Szczecin,Zaglebie Lubin,1,2026-09-20T12:38:43Z,CAPTURED,44,
1380525,DOMESTIC_LEAGUE,Poland,106,Ekstraklasa,2025,Regular Season - 16,2025-11-22T16:30:00+00:00,Raków Częstochowa,Piast Gliwice,1,2026-09-20T12:38:43Z,CAPTURED,42,
1380526,DOMESTIC_LEAGUE,Poland,106,Ekstraklasa,2025,Regular Season - 16,2025-11-21T17:00:00+00:00,Nieciecza,Arka Gdynia,1,2026-09-20T12:38:43Z,CAPTURED,42,
1380527,DOMESTIC_LEAGUE,Poland,106,Ekstraklasa,2025,Regular Season - 16,2025-11-23T16:30:00+00:00,Widzew Łódź,Korona Kielce,1,2026-09-20T12:38:43Z,CAPTURED,42,
1380528,DOMESTIC_LEAGUE,Poland,106,Ekstraklasa,2025,Regular Season - 17,2025-11-30T13:45:00+00:00,Arka Gdynia,Raków Częstochowa,1,2026-09-20T12:38:43Z,CAPTURED,41,
1380529,DOMESTIC_LEAGUE,Poland,106,Ekstraklasa,2025,Regular Season - 17,2025-11-29T19:15:00+00:00,GKS Katowice,Pogon Szczecin,1,2026-09-20T12:38:43Z,CAPTURED,42,
1380530,DOMESTIC_LEAGUE,Poland,106,Ekstraklasa,2025,Regular Season - 17,2025-11-29T16:30:00+00:00,Korona Kielce,Cracovia Krakow,1,2026-09-20T12:38:43Z,CAPTURED,44,
1380531,DOMESTIC_LEAGUE,Poland,106,Ekstraklasa,2025,Regular Season - 17,2025-11-29T13:45:00+00:00,Lechia Gdansk,Nieciecza,1,2026-09-20T12:38:43Z,CAPTURED,43,
1380533,DOMESTIC_LEAGUE,Poland,106,Ekstraklasa,2025,Regular Season - 17,2025-11-28T17:00:00+00:00,Piast Gliwice,Widzew Łódź,1,2026-09-20T12:38:43Z,CAPTURED,41,
1380534,DOMESTIC_LEAGUE,Poland,106,Ekstraklasa,2025,Regular Season - 17,2025-11-28T19:30:00+00:00,Radomiak Radom,Gornik Zabrze,1,2026-09-20T12:38:43Z,CAPTURED,45,
1382498,DOMESTIC_LEAGUE,Belgium,144,Jupiler Pro League,2025,Regular Season - 10,2025-10-03T18:45:00+00:00,Gent,Charleroi,1,2026-09-20T12:38:43Z,CAPTURED,40,
1382499,DOMESTIC_LEAGUE,Belgium,144,Jupiler Pro League,2025,Regular Season - 10,2025-10-04T16:15:00+00:00,RAAL La Louvière,Zulte Waregem,1,2026-09-20T12:38:43Z,CAPTURED,40,
1382500,DOMESTIC_LEAGUE,Belgium,144,Jupiler Pro League,2025,Regular Season - 10,2025-10-05T16:30:00+00:00,Club Brugge KV,Union St. Gilloise,1,2026-09-20T12:38:43Z,CAPTURED,40,
1382501,DOMESTIC_LEAGUE,Belgium,144,Jupiler Pro League,2025,Regular Season - 10,2025-10-04T18:45:00+00:00,Antwerp,Cercle Brugge,1,2026-09-20T12:38:43Z,CAPTURED,40,
1382502,DOMESTIC_LEAGUE,Belgium,144,Jupiler Pro League,2025,Regular Season - 10,2025-10-05T11:30:00+00:00,Anderlecht,Standard Liege,1,2026-09-20T12:38:43Z,CAPTURED,40,
1382503,DOMESTIC_LEAGUE,Belgium,144,Jupiler Pro League,2025,Regular Season - 10,2025-10-04T14:00:00+00:00,KV Mechelen,St. Truiden,1,2026-09-20T12:38:43Z,CAPTURED,40,
1382504,DOMESTIC_LEAGUE,Belgium,144,Jupiler Pro League,2025,Regular Season - 10,2025-10-05T17:15:00+00:00,KVC Westerlo,OH Leuven,1,2026-09-20T12:38:43Z,CAPTURED,40,
1382505,DOMESTIC_LEAGUE,Belgium,144,Jupiler Pro League,2025,Regular Season - 10,2025-10-05T14:00:00+00:00,Genk,Dender,1,2026-09-20T12:38:43Z,CAPTURED,40,
1382506,DOMESTIC_LEAGUE,Belgium,144,Jupiler Pro League,2025,Regular Season - 11,2025-10-19T16:30:00+00:00,St. Truiden,Anderlecht,1,2026-09-20T12:38:43Z,CAPTURED,40,
1382507,DOMESTIC_LEAGUE,Belgium,144,Jupiler Pro League,2025,Regular Season - 11,2025-10-19T17:15:00+00:00,Zulte Waregem,Gent,1,2026-09-20T12:38:43Z,CAPTURED,40,
1382508,DOMESTIC_LEAGUE,Belgium,144,Jupiler Pro League,2025,Regular Season - 11,2025-10-18T18:45:00+00:00,Union St. Gilloise,Charleroi,1,2026-09-20T12:38:43Z,CAPTURED,40,
1382509,DOMESTIC_LEAGUE,Belgium,144,Jupiler Pro League,2025,Regular Season - 11,2025-10-19T11:30:00+00:00,Cercle Brugge,Genk,1,2026-09-20T12:38:43Z,CAPTURED,40,
1382510,DOMESTIC_LEAGUE,Belgium,144,Jupiler Pro League,2025,Regular Season - 11,2025-10-18T14:00:00+00:00,RAAL La Louvière,KVC Westerlo,1,2026-09-20T12:38:43Z,CAPTURED,40,
1382511,DOMESTIC_LEAGUE,Belgium,144,Jupiler Pro League,2025,Regular Season - 11,2025-10-20T13:00:00+00:00,Standard Liege,Antwerp,1,2026-09-20T12:38:43Z,CAPTURED,42,
1382512,DOMESTIC_LEAGUE,Belgium,144,Jupiler Pro League,2025,Regular Season - 11,2025-10-19T14:00:00+00:00,Dender,KV Mechelen,1,2026-09-20T12:38:43Z,CAPTURED,40,
1382513,DOMESTIC_LEAGUE,Belgium,144,Jupiler Pro League,2025,Regular Season - 11,2025-10-18T16:15:00+00:00,OH Leuven,Club Brugge KV,1,2026-09-20T12:38:43Z,CAPTURED,40,
1382514,DOMESTIC_LEAGUE,Belgium,144,Jupiler Pro League,2025,Regular Season - 12,2025-10-25T16:15:00+00:00,KV Mechelen,OH Leuven,1,2026-09-20T12:38:43Z,CAPTURED,40,
1382515,DOMESTIC_LEAGUE,Belgium,144,Jupiler Pro League,2025,Regular Season - 12,2025-10-26T15:00:00+00:00,Cercle Brugge,Zulte Waregem,1,2026-09-20T12:38:43Z,CAPTURED,40,
1382516,DOMESTIC_LEAGUE,Belgium,144,Jupiler Pro League,2025,Regular Season - 12,2025-10-26T18:15:00+00:00,Union St. Gilloise,St. Truiden,1,2026-09-20T12:38:43Z,CAPTURED,40,
1382517,DOMESTIC_LEAGUE,Belgium,144,Jupiler Pro League,2025,Regular Season - 12,2025-10-25T18:45:00+00:00,Gent,Standard Liege,1,2026-09-20T12:38:43Z,CAPTURED,40,
1382518,DOMESTIC_LEAGUE,Belgium,144,Jupiler Pro League,2025,Regular Season - 12,2025-10-25T14:00:00+00:00,KVC Westerlo,Dender,1,2026-09-20T12:38:43Z,CAPTURED,40,
1382519,DOMESTIC_LEAGUE,Belgium,144,Jupiler Pro League,2025,Regular Season - 12,2025-10-26T12:30:00+00:00,Antwerp,Club Brugge KV,1,2026-09-20T12:38:43Z,CAPTURED,40,
1382520,DOMESTIC_LEAGUE,Belgium,144,Jupiler Pro League,2025,Regular Season - 12,2025-10-26T17:30:00+00:00,Genk,RAAL La Louvière,1,2026-09-20T12:38:43Z,CAPTURED,40,
1382521,DOMESTIC_LEAGUE,Belgium,144,Jupiler Pro League,2025,Regular Season - 12,2025-10-24T18:45:00+00:00,Charleroi,Anderlecht,1,2026-09-20T12:38:43Z,CAPTURED,40,
1382522,DOMESTIC_LEAGUE,Belgium,144,Jupiler Pro League,2025,Regular Season - 13,2025-11-02T18:15:00+00:00,RAAL La Louvière,Cercle Brugge,1,2026-09-20T12:38:43Z,CAPTURED,40,
1382523,DOMESTIC_LEAGUE,Belgium,144,Jupiler Pro League,2025,Regular Season - 13,2025-11-01T19:45:00+00:00,Anderlecht,KV Mechelen,1,2026-09-20T12:38:43Z,CAPTURED,40,
1382524,DOMESTIC_LEAGUE,Belgium,144,Jupiler Pro League,2025,Regular Season - 13,2025-11-02T12:30:00+00:00,KVC Westerlo,Genk,1,2026-09-20T12:38:43Z,CAPTURED,40,
1382525,DOMESTIC_LEAGUE,Belgium,144,Jupiler Pro League,2025,Regular Season - 13,2025-11-02T17:30:00+00:00,St. Truiden,Antwerp,1,2026-09-20T12:38:43Z,CAPTURED,40,
1382526,DOMESTIC_LEAGUE,Belgium,144,Jupiler Pro League,2025,Regular Season - 13,2025-10-31T19:45:00+00:00,Standard Liege,Charleroi,1,2026-09-20T12:38:43Z,CAPTURED,39,
1382527,DOMESTIC_LEAGUE,Belgium,144,Jupiler Pro League,2025,Regular Season - 13,2025-11-01T15:00:00+00:00,Zulte Waregem,Union St. Gilloise,1,2026-09-20T12:38:43Z,CAPTURED,40,
1382528,DOMESTIC_LEAGUE,Belgium,144,Jupiler Pro League,2025,Regular Season - 13,2025-11-02T15:00:00+00:00,OH Leuven,Gent,1,2026-09-20T12:38:43Z,CAPTURED,40,
1382529,DOMESTIC_LEAGUE,Belgium,144,Jupiler Pro League,2025,Regular Season - 13,2025-11-01T17:15:00+00:00,Club Brugge KV,Dender,1,2026-09-20T12:38:43Z,CAPTURED,40,
1382530,DOMESTIC_LEAGUE,Belgium,144,Jupiler Pro League,2025,Regular Season - 14,2025-11-07T19:45:00+00:00,Dender,Zulte Waregem,1,2026-09-20T12:38:43Z,CAPTURED,40,
1382531,DOMESTIC_LEAGUE,Belgium,144,Jupiler Pro League,2025,Regular Season - 14,2025-11-08T19:45:00+00:00,Antwerp,RAAL La Louvière,1,2026-09-20T12:38:43Z,CAPTURED,40,
1382532,DOMESTIC_LEAGUE,Belgium,144,Jupiler Pro League,2025,Regular Season - 14,2025-11-09T17:30:00+00:00,Gent,Genk,1,2026-09-20T12:38:43Z,CAPTURED,40,
1382533,DOMESTIC_LEAGUE,Belgium,144,Jupiler Pro League,2025,Regular Season - 14,2025-11-09T18:15:00+00:00,KV Mechelen,Union St. Gilloise,1,2026-09-20T12:38:43Z,CAPTURED,40,
1382534,DOMESTIC_LEAGUE,Belgium,144,Jupiler Pro League,2025,Regular Season - 14,2025-11-08T17:15:00+00:00,Charleroi,KVC Westerlo,1,2026-09-20T12:38:43Z,CAPTURED,40,
1382535,DOMESTIC_LEAGUE,Belgium,144,Jupiler Pro League,2025,Regular Season - 14,2025-11-08T15:00:00+00:00,Cercle Brugge,OH Leuven,1,2026-09-20T12:38:43Z,CAPTURED,40,
1382536,DOMESTIC_LEAGUE,Belgium,144,Jupiler Pro League,2025,Regular Season - 14,2025-11-09T12:30:00+00:00,Anderlecht,Club Brugge KV,1,2026-09-20T12:38:43Z,CAPTURED,40,
1382537,DOMESTIC_LEAGUE,Belgium,144,Jupiler Pro League,2025,Regular Season - 14,2025-11-09T15:00:00+00:00,St. Truiden,Standard Liege,1,2026-09-20T12:38:43Z,CAPTURED,39,
1382538,DOMESTIC_LEAGUE,Belgium,144,Jupiler Pro League,2025,Regular Season - 15,2025-11-23T12:30:00+00:00,Genk,KV Mechelen,1,2026-09-20T12:38:43Z,CAPTURED,40,
1382539,DOMESTIC_LEAGUE,Belgium,144,Jupiler Pro League,2025,Regular Season - 15,2025-11-23T15:00:00+00:00,Antwerp,Dender,1,2026-09-20T12:38:43Z,CAPTURED,40,
1382540,DOMESTIC_LEAGUE,Belgium,144,Jupiler Pro League,2025,Regular Season - 15,2025-11-22T19:45:00+00:00,Club Brugge KV,Charleroi,1,2026-09-20T12:38:43Z,CAPTURED,39,
1382541,DOMESTIC_LEAGUE,Belgium,144,Jupiler Pro League,2025,Regular Season - 15,2025-11-23T17:30:00+00:00,RAAL La Louvière,Anderlecht,1,2026-09-20T12:38:43Z,CAPTURED,40,
1382542,DOMESTIC_LEAGUE,Belgium,144,Jupiler Pro League,2025,Regular Season - 15,2025-11-23T18:15:00+00:00,OH Leuven,St. Truiden,1,2026-09-20T12:38:43Z,CAPTURED,40,
1382543,DOMESTIC_LEAGUE,Belgium,144,Jupiler Pro League,2025,Regular Season - 15,2025-11-22T17:15:00+00:00,KVC Westerlo,Gent,1,2026-09-20T12:38:43Z,CAPTURED,40,
1382544,DOMESTIC_LEAGUE,Belgium,144,Jupiler Pro League,2025,Regular Season - 15,2025-11-21T19:45:00+00:00,Standard Liege,Zulte Waregem,1,2026-09-20T12:38:43Z,CAPTURED,40,
1382545,DOMESTIC_LEAGUE,Belgium,144,Jupiler Pro League,2025,Regular Season - 15,2025-11-22T15:00:00+00:00,Union St. Gilloise,Cercle Brugge,1,2026-09-20T12:38:43Z,CAPTURED,40,
1382547,DOMESTIC_LEAGUE,Belgium,144,Jupiler Pro League,2025,Regular Season - 16,2025-11-28T19:45:00+00:00,KV Mechelen,Standard Liege,1,2026-09-20T12:38:43Z,CAPTURED,39,
1382548,DOMESTIC_LEAGUE,Belgium,144,Jupiler Pro League,2025,Regular Season - 16,2025-11-29T15:00:00+00:00,Dender,KVC Westerlo,1,2026-09-20T12:38:43Z,CAPTURED,40,
1382549,DOMESTIC_LEAGUE,Belgium,144,Jupiler Pro League,2025,Regular Season - 16,2025-11-29T17:15:00+00:00,Zulte Waregem,Cercle Brugge,1,2026-09-20T12:38:43Z,CAPTURED,40,
1382550,DOMESTIC_LEAGUE,Belgium,144,Jupiler Pro League,2025,Regular Season - 16,2025-11-29T19:45:00+00:00,Charleroi,RAAL La Louvière,1,2026-09-20T12:38:43Z,CAPTURED,40,
1382551,DOMESTIC_LEAGUE,Belgium,144,Jupiler Pro League,2025,Regular Season - 16,2025-11-30T12:30:00+00:00,Club Brugge KV,Antwerp,1,2026-09-20T12:38:43Z,CAPTURED,40,
1382552,DOMESTIC_LEAGUE,Belgium,144,Jupiler Pro League,2025,Regular Season - 16,2025-11-30T15:00:00+00:00,Genk,OH Leuven,1,2026-09-20T12:38:43Z,CAPTURED,40,
1382702,DOMESTIC_LEAGUE,Scotland,179,Premiership,2025,1st Phase - 7,2025-10-05T14:00:00+00:00,Aberdeen,Dundee,1,2026-09-20T12:38:43Z,CAPTURED,40,
1382703,DOMESTIC_LEAGUE,Scotland,179,Premiership,2025,1st Phase - 7,2025-10-05T14:00:00+00:00,Celtic,Motherwell,1,2026-09-20T12:38:43Z,CAPTURED,40,
1382704,DOMESTIC_LEAGUE,Scotland,179,Premiership,2025,1st Phase - 7,2025-10-04T14:00:00+00:00,Dundee Utd,Livingston,1,2026-09-20T12:38:43Z,CAPTURED,40,
1382705,DOMESTIC_LEAGUE,Scotland,179,Premiership,2025,1st Phase - 7,2025-10-05T14:00:00+00:00,Falkirk,Rangers,1,2026-09-20T12:38:43Z,CAPTURED,40,
1382706,DOMESTIC_LEAGUE,Scotland,179,Premiership,2025,1st Phase - 7,2025-10-04T16:45:00+00:00,Heart Of Midlothian,Hibernian,1,2026-09-20T12:38:43Z,CAPTURED,40,
1382707,DOMESTIC_LEAGUE,Scotland,179,Premiership,2025,1st Phase - 7,2025-10-04T14:00:00+00:00,Kilmarnock,ST Mirren,1,2026-09-20T12:38:43Z,CAPTURED,40,
1382708,DOMESTIC_LEAGUE,Scotland,179,Premiership,2025,1st Phase - 8,2025-10-19T11:00:00+00:00,Dundee,Celtic,1,2026-09-20T12:38:43Z,CAPTURED,40,
1382709,DOMESTIC_LEAGUE,Scotland,179,Premiership,2025,1st Phase - 8,2025-10-18T14:00:00+00:00,Hibernian,Livingston,1,2026-09-20T12:38:43Z,CAPTURED,40,
1382710,DOMESTIC_LEAGUE,Scotland,179,Premiership,2025,1st Phase - 8,2025-10-18T16:45:00+00:00,Kilmarnock,Heart Of Midlothian,1,2026-09-20T12:38:43Z,CAPTURED,40,
1382711,DOMESTIC_LEAGUE,Scotland,179,Premiership,2025,1st Phase - 8,2025-10-18T14:00:00+00:00,Motherwell,Falkirk,1,2026-09-20T12:38:43Z,CAPTURED,40,
1382712,DOMESTIC_LEAGUE,Scotland,179,Premiership,2025,1st Phase - 8,2025-10-18T14:00:00+00:00,Rangers,Dundee Utd,1,2026-09-20T12:38:43Z,CAPTURED,40,
1382713,DOMESTIC_LEAGUE,Scotland,179,Premiership,2025,1st Phase - 8,2025-10-18T14:00:00+00:00,ST Mirren,Aberdeen,1,2026-09-20T12:38:43Z,CAPTURED,40,
1382714,DOMESTIC_LEAGUE,Scotland,179,Premiership,2025,1st Phase - 9,2025-10-26T14:30:00+00:00,Aberdeen,Hibernian,1,2026-09-20T12:38:43Z,CAPTURED,40,
1382715,DOMESTIC_LEAGUE,Scotland,179,Premiership,2025,1st Phase - 9,2025-10-25T14:00:00+00:00,Dundee Utd,ST Mirren,1,2026-09-20T12:38:43Z,CAPTURED,40,
1382716,DOMESTIC_LEAGUE,Scotland,179,Premiership,2025,1st Phase - 9,2025-10-25T14:00:00+00:00,Falkirk,Dundee,1,2026-09-20T12:38:43Z,CAPTURED,40,
1382717,DOMESTIC_LEAGUE,Scotland,179,Premiership,2025,1st Phase - 9,2025-10-26T12:00:00+00:00,Heart Of Midlothian,Celtic,1,2026-09-20T12:38:43Z,CAPTURED,40,
1382718,DOMESTIC_LEAGUE,Scotland,179,Premiership,2025,1st Phase - 9,2025-10-25T14:00:00+00:00,Livingston,Motherwell,1,2026-09-20T12:38:43Z,CAPTURED,40,
1382719,DOMESTIC_LEAGUE,Scotland,179,Premiership,2025,1st Phase - 9,2025-10-26T15:00:00+00:00,Rangers,Kilmarnock,1,2026-09-20T12:38:43Z,CAPTURED,40,
1382720,DOMESTIC_LEAGUE,Scotland,179,Premiership,2025,1st Phase - 10,2025-10-29T19:45:00+00:00,Celtic,Falkirk,1,2026-09-20T12:38:43Z,CAPTURED,40,
1382722,DOMESTIC_LEAGUE,Scotland,179,Premiership,2025,1st Phase - 10,2025-10-29T19:45:00+00:00,Hibernian,Rangers,1,2026-09-20T12:38:43Z,CAPTURED,40,
1382723,DOMESTIC_LEAGUE,Scotland,179,Premiership,2025,1st Phase - 10,2025-10-29T19:45:00+00:00,Kilmarnock,Aberdeen,1,2026-09-20T12:38:43Z,CAPTURED,40,
1382724,DOMESTIC_LEAGUE,Scotland,179,Premiership,2025,1st Phase - 10,2025-10-29T19:45:00+00:00,Motherwell,Dundee Utd,1,2026-09-20T12:38:43Z,CAPTURED,40,
1382725,DOMESTIC_LEAGUE,Scotland,179,Premiership,2025,1st Phase - 10,2025-10-29T19:45:00+00:00,ST Mirren,Heart Of Midlothian,1,2026-09-20T12:38:43Z,CAPTURED,40,
1382727,DOMESTIC_LEAGUE,Scotland,179,Premiership,2025,1st Phase - 11,2025-11-01T15:00:00+00:00,Falkirk,Kilmarnock,1,2026-09-20T12:38:43Z,CAPTURED,40,
1382728,DOMESTIC_LEAGUE,Scotland,179,Premiership,2025,1st Phase - 11,2025-11-01T15:00:00+00:00,Heart Of Midlothian,Dundee,1,2026-09-20T12:38:43Z,CAPTURED,40,
1382730,DOMESTIC_LEAGUE,Scotland,179,Premiership,2025,1st Phase - 11,2025-11-25T19:45:00+00:00,Motherwell,Hibernian,1,2026-09-20T12:38:43Z,CAPTURED,40,
1382732,DOMESTIC_LEAGUE,Scotland,179,Premiership,2025,1st Phase - 12,2025-11-09T15:00:00+00:00,Aberdeen,Motherwell,1,2026-09-20T12:38:43Z,CAPTURED,40,
1382733,DOMESTIC_LEAGUE,Scotland,179,Premiership,2025,1st Phase - 12,2025-11-09T16:00:00+00:00,Celtic,Kilmarnock,1,2026-09-20T12:38:43Z,CAPTURED,40,
1382734,DOMESTIC_LEAGUE,Scotland,179,Premiership,2025,1st Phase - 12,2025-11-09T15:00:00+00:00,Dundee,Rangers,1,2026-09-20T12:38:43Z,CAPTURED,40,
1382735,DOMESTIC_LEAGUE,Scotland,179,Premiership,2025,1st Phase - 12,2025-11-08T15:00:00+00:00,Falkirk,Livingston,1,2026-09-20T12:38:43Z,CAPTURED,40,
1382736,DOMESTIC_LEAGUE,Scotland,179,Premiership,2025,1st Phase - 12,2025-11-08T17:45:00+00:00,ST Mirren,Hibernian,1,2026-09-20T12:38:43Z,CAPTURED,40,
1382737,DOMESTIC_LEAGUE,Scotland,179,Premiership,2025,1st Phase - 12,2025-11-09T15:00:00+00:00,Heart Of Midlothian,Dundee Utd,1,2026-09-20T12:38:43Z,CAPTURED,39,
1382738,DOMESTIC_LEAGUE,Scotland,179,Premiership,2025,1st Phase - 13,2025-11-23T15:00:00+00:00,Aberdeen,Heart Of Midlothian,1,2026-09-20T12:38:43Z,CAPTURED,40,
1382739,DOMESTIC_LEAGUE,Scotland,179,Premiership,2025,1st Phase - 13,2025-11-22T15:00:00+00:00,Dundee Utd,Falkirk,1,2026-09-20T12:38:43Z,CAPTURED,40,
1382740,DOMESTIC_LEAGUE,Scotland,179,Premiership,2025,1st Phase - 13,2025-11-22T15:00:00+00:00,Hibernian,Dundee,1,2026-09-20T12:38:43Z,CAPTURED,40,
1382741,DOMESTIC_LEAGUE,Scotland,179,Premiership,2025,1st Phase - 13,2025-11-22T15:00:00+00:00,Kilmarnock,Motherwell,1,2026-09-20T12:38:43Z,CAPTURED,40,
1382742,DOMESTIC_LEAGUE,Scotland,179,Premiership,2025,1st Phase - 13,2025-11-22T15:00:00+00:00,Rangers,Livingston,1,2026-09-20T12:38:43Z,CAPTURED,40,
1382743,DOMESTIC_LEAGUE,Scotland,179,Premiership,2025,1st Phase - 13,2025-11-22T20:00:00+00:00,ST Mirren,Celtic,1,2026-09-20T12:38:43Z,CAPTURED,40,
1382744,DOMESTIC_LEAGUE,Scotland,179,Premiership,2025,1st Phase - 14,2025-11-29T15:00:00+00:00,Dundee,ST Mirren,1,2026-09-20T12:38:43Z,CAPTURED,40,
1382745,DOMESTIC_LEAGUE,Scotland,179,Premiership,2025,1st Phase - 14,2025-11-30T12:00:00+00:00,Hibernian,Celtic,1,2026-09-20T12:38:43Z,CAPTURED,40,
1382746,DOMESTIC_LEAGUE,Scotland,179,Premiership,2025,1st Phase - 14,2025-11-29T17:45:00+00:00,Kilmarnock,Dundee Utd,1,2026-09-20T12:38:43Z,CAPTURED,40,
1382748,DOMESTIC_LEAGUE,Scotland,179,Premiership,2025,1st Phase - 14,2025-11-29T15:00:00+00:00,Motherwell,Heart Of Midlothian,1,2026-09-20T12:38:43Z,CAPTURED,40,
1382749,DOMESTIC_LEAGUE,Scotland,179,Premiership,2025,1st Phase - 14,2025-11-30T14:00:00+00:00,Rangers,Falkirk,1,2026-09-20T12:38:43Z,CAPTURED,40,
1382755,DOMESTIC_LEAGUE,Scotland,179,Premiership,2025,1st Phase - 15,2025-11-01T15:00:00+00:00,Livingston,Hibernian,1,2026-09-20T12:38:43Z,CAPTURED,40,
1390073,DOMESTIC_LEAGUE,Austria,218,Bundesliga,2025,Regular Season - 9,2025-10-05T15:00:00+00:00,Red Bull Salzburg,Rapid Vienna,1,2026-09-20T12:38:43Z,CAPTURED,40,
1390074,DOMESTIC_LEAGUE,Austria,218,Bundesliga,2025,Regular Season - 9,2025-10-05T12:30:00+00:00,SCR Altach,Sturm Graz,1,2026-09-20T12:38:43Z,CAPTURED,40,
1390075,DOMESTIC_LEAGUE,Austria,218,Bundesliga,2025,Regular Season - 9,2025-10-04T15:00:00+00:00,Grazer AK,Wolfsberger AC,1,2026-09-20T12:38:43Z,CAPTURED,40,
1390076,DOMESTIC_LEAGUE,Austria,218,Bundesliga,2025,Regular Season - 9,2025-10-04T15:00:00+00:00,Austria Vienna,FC BW Linz,1,2026-09-20T12:38:43Z,CAPTURED,40,
1390077,DOMESTIC_LEAGUE,Austria,218,Bundesliga,2025,Regular Season - 9,2025-10-05T12:30:00+00:00,Lask Linz,TSV Hartberg,1,2026-09-20T12:38:43Z,CAPTURED,40,
1390078,DOMESTIC_LEAGUE,Austria,218,Bundesliga,2025,Regular Season - 9,2025-10-04T15:00:00+00:00,Ried,WSG Wattens,1,2026-09-20T12:38:43Z,CAPTURED,40,
1390079,DOMESTIC_LEAGUE,Austria,218,Bundesliga,2025,Regular Season - 10,2025-10-18T15:00:00+00:00,Grazer AK,TSV Hartberg,1,2026-09-20T12:38:43Z,CAPTURED,40,
1390080,DOMESTIC_LEAGUE,Austria,218,Bundesliga,2025,Regular Season - 10,2025-10-18T15:00:00+00:00,WSG Wattens,Austria Vienna,1,2026-09-20T12:38:43Z,CAPTURED,40,
1390081,DOMESTIC_LEAGUE,Austria,218,Bundesliga,2025,Regular Season - 10,2025-10-19T12:30:00+00:00,FC BW Linz,Sturm Graz,1,2026-09-20T12:38:43Z,CAPTURED,40,
1390082,DOMESTIC_LEAGUE,Austria,218,Bundesliga,2025,Regular Season - 10,2025-10-19T15:00:00+00:00,Rapid Vienna,Lask Linz,1,2026-09-20T12:38:43Z,CAPTURED,40,
1390083,DOMESTIC_LEAGUE,Austria,218,Bundesliga,2025,Regular Season - 10,2025-10-18T15:00:00+00:00,Wolfsberger AC,Ried,1,2026-09-20T12:38:43Z,CAPTURED,40,
1390084,DOMESTIC_LEAGUE,Austria,218,Bundesliga,2025,Regular Season - 11,2025-10-26T13:30:00+00:00,Sturm Graz,Wolfsberger AC,1,2026-09-20T12:38:43Z,CAPTURED,40,
1390085,DOMESTIC_LEAGUE,Austria,218,Bundesliga,2025,Regular Season - 11,2025-10-25T15:00:00+00:00,WSG Wattens,FC BW Linz,1,2026-09-20T12:38:43Z,CAPTURED,40,
1390086,DOMESTIC_LEAGUE,Austria,218,Bundesliga,2025,Regular Season - 11,2025-10-26T16:00:00+00:00,Austria Vienna,Red Bull Salzburg,1,2026-09-20T12:38:43Z,CAPTURED,40,
1390087,DOMESTIC_LEAGUE,Austria,218,Bundesliga,2025,Regular Season - 11,2025-10-25T15:00:00+00:00,SCR Altach,TSV Hartberg,1,2026-09-20T12:38:43Z,CAPTURED,40,
1390088,DOMESTIC_LEAGUE,Austria,218,Bundesliga,2025,Regular Season - 11,2025-10-25T15:00:00+00:00,Lask Linz,Grazer AK,1,2026-09-20T12:38:43Z,CAPTURED,40,
1390089,DOMESTIC_LEAGUE,Austria,218,Bundesliga,2025,Regular Season - 11,2025-10-26T13:30:00+00:00,Ried,Rapid Vienna,1,2026-09-20T12:38:43Z,CAPTURED,40,
1390090,DOMESTIC_LEAGUE,Austria,218,Bundesliga,2025,Regular Season - 12,2025-11-02T13:30:00+00:00,Wolfsberger AC,WSG Wattens,1,2026-09-20T12:38:43Z,CAPTURED,40,
1390091,DOMESTIC_LEAGUE,Austria,218,Bundesliga,2025,Regular Season - 12,2025-11-01T16:00:00+00:00,FC BW Linz,Lask Linz,1,2026-09-20T12:38:43Z,CAPTURED,40,
1390092,DOMESTIC_LEAGUE,Austria,218,Bundesliga,2025,Regular Season - 12,2025-11-02T13:30:00+00:00,Red Bull Salzburg,Ried,1,2026-09-20T12:38:43Z,CAPTURED,39,
1390093,DOMESTIC_LEAGUE,Austria,218,Bundesliga,2025,Regular Season - 12,2025-11-01T16:00:00+00:00,TSV Hartberg,Austria Vienna,1,2026-09-20T12:38:43Z,CAPTURED,40,
1390094,DOMESTIC_LEAGUE,Austria,218,Bundesliga,2025,Regular Season - 12,2025-11-01T16:00:00+00:00,Grazer AK,SCR Altach,1,2026-09-20T12:38:43Z,CAPTURED,40,
1390095,DOMESTIC_LEAGUE,Austria,218,Bundesliga,2025,Regular Season - 12,2025-11-02T16:00:00+00:00,Rapid Vienna,Sturm Graz,1,2026-09-20T12:38:43Z,CAPTURED,40,
1390096,DOMESTIC_LEAGUE,Austria,218,Bundesliga,2025,Regular Season - 13,2025-11-09T16:00:00+00:00,Sturm Graz,Red Bull Salzburg,1,2026-09-20T12:38:43Z,CAPTURED,40,
1390097,DOMESTIC_LEAGUE,Austria,218,Bundesliga,2025,Regular Season - 13,2025-11-09T13:30:00+00:00,WSG Wattens,Rapid Vienna,1,2026-09-20T12:38:43Z,CAPTURED,40,
1390098,DOMESTIC_LEAGUE,Austria,218,Bundesliga,2025,Regular Season - 13,2025-11-08T16:00:00+00:00,Austria Vienna,Grazer AK,1,2026-09-20T12:38:43Z,CAPTURED,39,
1390099,DOMESTIC_LEAGUE,Austria,218,Bundesliga,2025,Regular Season - 13,2025-11-09T13:30:00+00:00,Lask Linz,SCR Altach,1,2026-09-20T12:38:43Z,CAPTURED,40,
1390100,DOMESTIC_LEAGUE,Austria,218,Bundesliga,2025,Regular Season - 13,2025-11-08T16:00:00+00:00,Wolfsberger AC,TSV Hartberg,1,2026-09-20T12:38:43Z,CAPTURED,40,
1390101,DOMESTIC_LEAGUE,Austria,218,Bundesliga,2025,Regular Season - 13,2025-11-08T16:00:00+00:00,Ried,FC BW Linz,1,2026-09-20T12:38:43Z,CAPTURED,40,
1390102,DOMESTIC_LEAGUE,Austria,218,Bundesliga,2025,Regular Season - 14,2025-11-23T13:30:00+00:00,Sturm Graz,Lask Linz,1,2026-09-20T12:38:43Z,CAPTURED,40,
1390103,DOMESTIC_LEAGUE,Austria,218,Bundesliga,2025,Regular Season - 14,2025-11-23T13:30:00+00:00,Red Bull Salzburg,WSG Wattens,1,2026-09-20T12:38:43Z,CAPTURED,40,
1390104,DOMESTIC_LEAGUE,Austria,218,Bundesliga,2025,Regular Season - 14,2025-11-23T16:00:00+00:00,Rapid Vienna,Grazer AK,1,2026-09-20T12:38:43Z,CAPTURED,40,
1390105,DOMESTIC_LEAGUE,Austria,218,Bundesliga,2025,Regular Season - 14,2025-11-22T16:00:00+00:00,SCR Altach,Wolfsberger AC,1,2026-09-20T12:38:43Z,CAPTURED,40,
1390106,DOMESTIC_LEAGUE,Austria,218,Bundesliga,2025,Regular Season - 14,2025-11-22T16:00:00+00:00,TSV Hartberg,Ried,1,2026-09-20T12:38:43Z,CAPTURED,40,
1390107,DOMESTIC_LEAGUE,Austria,218,Bundesliga,2025,Regular Season - 14,2025-11-22T16:00:00+00:00,FC BW Linz,Austria Vienna,1,2026-09-20T12:38:43Z,CAPTURED,40,
1390108,DOMESTIC_LEAGUE,Austria,218,Bundesliga,2025,Regular Season - 15,2025-11-29T16:00:00+00:00,Austria Vienna,WSG Wattens,1,2026-09-20T12:38:43Z,CAPTURED,39,
1390109,DOMESTIC_LEAGUE,Austria,218,Bundesliga,2025,Regular Season - 15,2025-11-30T13:30:00+00:00,TSV Hartberg,Sturm Graz,1,2026-09-20T12:38:43Z,CAPTURED,40,
1390110,DOMESTIC_LEAGUE,Austria,218,Bundesliga,2025,Regular Season - 15,2025-11-29T16:00:00+00:00,Grazer AK,FC BW Linz,1,2026-09-20T12:38:43Z,CAPTURED,40,
1390112,DOMESTIC_LEAGUE,Austria,218,Bundesliga,2025,Regular Season - 15,2025-11-30T13:30:00+00:00,SCR Altach,Red Bull Salzburg,1,2026-09-20T12:38:43Z,CAPTURED,40,
1390113,DOMESTIC_LEAGUE,Austria,218,Bundesliga,2025,Regular Season - 15,2025-11-29T16:00:00+00:00,Ried,Wolfsberger AC,1,2026-09-20T12:38:43Z,CAPTURED,40,
1399969,DOMESTIC_LEAGUE,Austria,218,Bundesliga,2025,Regular Season - 10,2025-10-19T12:30:00+00:00,Red Bull Salzburg,SCR Altach,1,2026-09-20T12:38:43Z,CAPTURED,39,
1379446,DOMESTIC_LEAGUE,Denmark,119,Superliga,2025,Regular Season - 17,2025-12-01T18:00:00+00:00,Brondby,FC Fredericia,1,2026-09-20T16:35:07Z,CAPTURED,41,
1379447,DOMESTIC_LEAGUE,Denmark,119,Superliga,2025,Regular Season - 17,2025-11-30T15:00:00+00:00,FC Midtjylland,FC Nordsjaelland,1,2026-09-20T16:35:07Z,CAPTURED,40,
1379448,DOMESTIC_LEAGUE,Denmark,119,Superliga,2025,Regular Season - 17,2025-11-30T17:00:00+00:00,Odense,Vejle,1,2026-09-20T16:35:07Z,CAPTURED,40,
1379451,DOMESTIC_LEAGUE,Denmark,119,Superliga,2025,Regular Season - 18,2025-12-07T17:00:00+00:00,FC Copenhagen,Sonderjyske,1,2026-09-20T16:35:07Z,CAPTURED,40,
1379452,DOMESTIC_LEAGUE,Denmark,119,Superliga,2025,Regular Season - 18,2025-12-05T18:00:00+00:00,FC Fredericia,Odense,1,2026-09-20T16:35:07Z,CAPTURED,40,
1379453,DOMESTIC_LEAGUE,Denmark,119,Superliga,2025,Regular Season - 18,2025-12-07T13:00:00+00:00,FC Nordsjaelland,Silkeborg,1,2026-09-20T16:35:07Z,CAPTURED,40,
1379454,DOMESTIC_LEAGUE,Denmark,119,Superliga,2025,Regular Season - 18,2025-12-07T15:00:00+00:00,Randers FC,Aarhus,1,2026-09-20T16:35:07Z,CAPTURED,40,
1379455,DOMESTIC_LEAGUE,Denmark,119,Superliga,2025,Regular Season - 18,2025-12-08T18:00:00+00:00,Vejle,Brondby,1,2026-09-20T16:35:07Z,CAPTURED,40,
1379456,DOMESTIC_LEAGUE,Denmark,119,Superliga,2025,Regular Season - 18,2025-12-07T13:00:00+00:00,Viborg,FC Midtjylland,1,2026-09-20T16:35:07Z,CAPTURED,40,
1379463,DOMESTIC_LEAGUE,Denmark,119,Superliga,2025,Regular Season - 20,2026-02-14T16:00:00+00:00,FC Copenhagen,FC Nordsjaelland,1,2026-09-20T16:35:07Z,CAPTURED,40,
1379464,DOMESTIC_LEAGUE,Denmark,119,Superliga,2025,Regular Season - 20,2026-02-15T13:00:00+00:00,FC Fredericia,Aarhus,1,2026-09-20T16:35:07Z,CAPTURED,40,
1379465,DOMESTIC_LEAGUE,Denmark,119,Superliga,2025,Regular Season - 20,2026-02-15T15:00:00+00:00,Odense,FC Midtjylland,1,2026-09-20T16:35:07Z,CAPTURED,40,
1379466,DOMESTIC_LEAGUE,Denmark,119,Superliga,2025,Regular Season - 20,2026-02-13T18:00:00+00:00,Randers FC,Vejle,1,2026-09-20T16:35:07Z,CAPTURED,40,
1379467,DOMESTIC_LEAGUE,Denmark,119,Superliga,2025,Regular Season - 20,2026-02-16T18:00:00+00:00,Sonderjyske,Silkeborg,1,2026-09-20T16:35:07Z,CAPTURED,40,
1379468,DOMESTIC_LEAGUE,Denmark,119,Superliga,2025,Regular Season - 20,2026-02-15T17:00:00+00:00,Viborg,Brondby,1,2026-09-20T16:35:07Z,CAPTURED,40,
1380388,DOMESTIC_LEAGUE,Poland,106,Ekstraklasa,2025,Regular Season - 1,2025-12-14T19:15:00+00:00,Legia Warszawa,Piast Gliwice,1,2026-09-20T16:35:07Z,CAPTURED,45,
1380405,DOMESTIC_LEAGUE,Poland,106,Ekstraklasa,2025,Regular Season - 3,2025-12-14T16:30:00+00:00,Motor Lublin,Jagiellonia,1,2026-09-20T16:35:07Z,CAPTURED,46,
1380417,DOMESTIC_LEAGUE,Poland,106,Ekstraklasa,2025,Regular Season - 4,2026-02-03T19:30:00+00:00,Piast Gliwice,Lech Poznan,1,2026-09-20T16:35:07Z,CAPTURED,45,
1380418,DOMESTIC_LEAGUE,Poland,106,Ekstraklasa,2025,Regular Season - 4,2025-12-14T13:45:00+00:00,Raków Częstochowa,Zaglebie Lubin,1,2026-09-20T16:35:07Z,CAPTURED,43,
1380455,DOMESTIC_LEAGUE,Poland,106,Ekstraklasa,2025,Regular Season - 8,2025-12-04T16:00:00+00:00,Wisla Plock,Cracovia Krakow,1,2026-09-20T16:35:07Z,CAPTURED,45,
1380532,DOMESTIC_LEAGUE,Poland,106,Ekstraklasa,2025,Regular Season - 17,2025-12-01T18:00:00+00:00,Motor Lublin,Legia Warszawa,1,2026-09-20T16:35:07Z,CAPTURED,45,
1380535,DOMESTIC_LEAGUE,Poland,106,Ekstraklasa,2025,Regular Season - 17,2025-11-30T19:15:00+00:00,Wisla Plock,Lech Poznan,1,2026-09-20T16:35:07Z,CAPTURED,46,
1380536,DOMESTIC_LEAGUE,Poland,106,Ekstraklasa,2025,Regular Season - 17,2025-11-30T16:30:00+00:00,Zaglebie Lubin,Jagiellonia,1,2026-09-20T16:35:07Z,CAPTURED,46,
1380537,DOMESTIC_LEAGUE,Poland,106,Ekstraklasa,2025,Regular Season - 18,2025-12-06T11:15:00+00:00,Arka Gdynia,Motor Lublin,1,2026-09-20T16:35:07Z,CAPTURED,43,
1380538,DOMESTIC_LEAGUE,Poland,106,Ekstraklasa,2025,Regular Season - 18,2025-12-07T13:45:00+00:00,Cracovia Krakow,Lech Poznan,1,2026-09-20T16:35:07Z,CAPTURED,43,
1380539,DOMESTIC_LEAGUE,Poland,106,Ekstraklasa,2025,Regular Season - 18,2025-12-08T18:00:00+00:00,Korona Kielce,Wisla Plock,1,2026-09-20T16:35:07Z,CAPTURED,45,
1380540,DOMESTIC_LEAGUE,Poland,106,Ekstraklasa,2025,Regular Season - 18,2025-12-05T19:30:00+00:00,Lechia Gdansk,Gornik Zabrze,1,2026-09-20T16:35:07Z,CAPTURED,45,
1380541,DOMESTIC_LEAGUE,Poland,106,Ekstraklasa,2025,Regular Season - 18,2025-12-06T19:15:00+00:00,Piast Gliwice,Legia Warszawa,1,2026-09-20T16:35:07Z,CAPTURED,42,
1380542,DOMESTIC_LEAGUE,Poland,106,Ekstraklasa,2025,Regular Season - 18,2025-12-06T13:45:00+00:00,Pogon Szczecin,Radomiak Radom,1,2026-09-20T16:35:07Z,CAPTURED,46,
1380543,DOMESTIC_LEAGUE,Poland,106,Ekstraklasa,2025,Regular Season - 18,2025-12-07T16:30:00+00:00,Raków Częstochowa,GKS Katowice,1,2026-09-20T16:35:07Z,CAPTURED,41,
1380544,DOMESTIC_LEAGUE,Poland,106,Ekstraklasa,2025,Regular Season - 18,2025-12-07T11:15:00+00:00,Nieciecza,Jagiellonia,1,2026-09-20T16:35:07Z,CAPTURED,43,
1380545,DOMESTIC_LEAGUE,Poland,106,Ekstraklasa,2025,Regular Season - 18,2025-12-06T16:30:00+00:00,Zaglebie Lubin,Widzew Łódź,1,2026-09-20T16:35:07Z,CAPTURED,44,
1380546,DOMESTIC_LEAGUE,Poland,106,Ekstraklasa,2025,Regular Season - 19,2026-01-31T13:45:00+00:00,Gornik Zabrze,Piast Gliwice,1,2026-09-20T16:35:07Z,CAPTURED,42,
1380547,DOMESTIC_LEAGUE,Poland,106,Ekstraklasa,2025,Regular Season - 19,2026-01-31T19:15:00+00:00,Lech Poznan,Lechia Gdansk,1,2026-09-20T16:35:07Z,CAPTURED,42,
1380548,DOMESTIC_LEAGUE,Poland,106,Ekstraklasa,2025,Regular Season - 19,2026-02-01T16:30:00+00:00,Legia Warszawa,Korona Kielce,1,2026-09-20T16:35:07Z,CAPTURED,44,
1380549,DOMESTIC_LEAGUE,Poland,106,Ekstraklasa,2025,Regular Season - 19,2026-02-01T11:15:00+00:00,Motor Lublin,Pogon Szczecin,1,2026-09-20T16:35:07Z,CAPTURED,45,
1380551,DOMESTIC_LEAGUE,Poland,106,Ekstraklasa,2025,Regular Season - 19,2026-02-02T18:00:00+00:00,Nieciecza,Cracovia Krakow,1,2026-09-20T16:35:07Z,CAPTURED,42,
1380552,DOMESTIC_LEAGUE,Poland,106,Ekstraklasa,2025,Regular Season - 19,2026-01-31T16:30:00+00:00,Widzew Łódź,Jagiellonia,1,2026-09-20T16:35:07Z,CAPTURED,46,
1380553,DOMESTIC_LEAGUE,Poland,106,Ekstraklasa,2025,Regular Season - 19,2026-02-01T13:45:00+00:00,Wisla Plock,Raków Częstochowa,1,2026-09-20T16:35:07Z,CAPTURED,39,
1380554,DOMESTIC_LEAGUE,Poland,106,Ekstraklasa,2025,Regular Season - 19,2026-01-30T17:00:00+00:00,Zaglebie Lubin,GKS Katowice,1,2026-09-20T16:35:07Z,CAPTURED,45,
1380555,DOMESTIC_LEAGUE,Poland,106,Ekstraklasa,2025,Regular Season - 20,2026-02-07T13:45:00+00:00,Arka Gdynia,Legia Warszawa,1,2026-09-20T16:35:07Z,CAPTURED,43,
1380556,DOMESTIC_LEAGUE,Poland,106,Ekstraklasa,2025,Regular Season - 20,2026-02-08T16:30:00+00:00,GKS Katowice,Widzew Łódź,1,2026-09-20T16:35:07Z,CAPTURED,44,
1380557,DOMESTIC_LEAGUE,Poland,106,Ekstraklasa,2025,Regular Season - 20,2026-02-07T19:15:00+00:00,Gornik Zabrze,Lech Poznan,1,2026-09-20T16:35:07Z,CAPTURED,43,
1380558,DOMESTIC_LEAGUE,Poland,106,Ekstraklasa,2025,Regular Season - 20,2026-02-07T16:30:00+00:00,Jagiellonia,Motor Lublin,1,2026-09-20T16:35:07Z,CAPTURED,44,
1380559,DOMESTIC_LEAGUE,Poland,106,Ekstraklasa,2025,Regular Season - 20,2026-02-06T17:00:00+00:00,Korona Kielce,Zaglebie Lubin,1,2026-09-20T16:35:07Z,CAPTURED,45,
1380560,DOMESTIC_LEAGUE,Poland,106,Ekstraklasa,2025,Regular Season - 20,2026-02-06T19:30:00+00:00,Lechia Gdansk,Cracovia Krakow,1,2026-09-20T16:35:07Z,CAPTURED,43,
1380561,DOMESTIC_LEAGUE,Poland,106,Ekstraklasa,2025,Regular Season - 20,2026-02-09T18:00:00+00:00,Piast Gliwice,Wisla Plock,1,2026-09-20T16:35:07Z,CAPTURED,43,
1380562,DOMESTIC_LEAGUE,Poland,106,Ekstraklasa,2025,Regular Season - 20,2026-02-08T11:15:00+00:00,Pogon Szczecin,Nieciecza,1,2026-09-20T16:35:07Z,CAPTURED,45,
1380563,DOMESTIC_LEAGUE,Poland,106,Ekstraklasa,2025,Regular Season - 20,2026-02-08T13:45:00+00:00,Raków Częstochowa,Radomiak Radom,1,2026-09-20T16:35:07Z,CAPTURED,43,
1380564,DOMESTIC_LEAGUE,Poland,106,Ekstraklasa,2025,Regular Season - 21,2026-02-14T13:45:00+00:00,Cracovia Krakow,Jagiellonia,1,2026-09-20T16:35:07Z,CAPTURED,43,
1380565,DOMESTIC_LEAGUE,Poland,106,Ekstraklasa,2025,Regular Season - 21,2026-02-13T19:30:00+00:00,GKS Katowice,Legia Warszawa,1,2026-09-20T16:35:07Z,CAPTURED,43,
1380566,DOMESTIC_LEAGUE,Poland,106,Ekstraklasa,2025,Regular Season - 21,2026-02-15T16:30:00+00:00,Lech Poznan,Piast Gliwice,1,2026-09-20T16:35:07Z,CAPTURED,45,
1380567,DOMESTIC_LEAGUE,Poland,106,Ekstraklasa,2025,Regular Season - 21,2026-02-15T11:15:00+00:00,Motor Lublin,Lechia Gdansk,1,2026-09-20T16:35:07Z,CAPTURED,44,
1380568,DOMESTIC_LEAGUE,Poland,106,Ekstraklasa,2025,Regular Season - 21,2026-02-15T13:45:00+00:00,Pogon Szczecin,Arka Gdynia,1,2026-09-20T16:35:07Z,CAPTURED,44,
1380569,DOMESTIC_LEAGUE,Poland,106,Ekstraklasa,2025,Regular Season - 21,2026-02-13T17:00:00+00:00,Radomiak Radom,Korona Kielce,1,2026-09-20T16:35:07Z,CAPTURED,45,
1380571,DOMESTIC_LEAGUE,Poland,106,Ekstraklasa,2025,Regular Season - 21,2026-02-14T19:15:00+00:00,Wisla Plock,Widzew Łódź,1,2026-09-20T16:35:07Z,CAPTURED,43,
1380572,DOMESTIC_LEAGUE,Poland,106,Ekstraklasa,2025,Regular Season - 21,2026-02-14T16:30:00+00:00,Zaglebie Lubin,Raków Częstochowa,1,2026-09-20T16:35:07Z,CAPTURED,45,
1382546,DOMESTIC_LEAGUE,Belgium,144,Jupiler Pro League,2025,Regular Season - 16,2025-11-30T18:15:00+00:00,Gent,St. Truiden,1,2026-09-20T16:35:07Z,CAPTURED,40,
1382553,DOMESTIC_LEAGUE,Belgium,144,Jupiler Pro League,2025,Regular Season - 16,2025-11-30T17:30:00+00:00,Anderlecht,Union St. Gilloise,1,2026-09-20T16:35:07Z,CAPTURED,40,
1382554,DOMESTIC_LEAGUE,Belgium,144,Jupiler Pro League,2025,Regular Season - 17,2025-12-06T17:15:00+00:00,Union St. Gilloise,Gent,1,2026-09-20T16:35:07Z,CAPTURED,40,
1382555,DOMESTIC_LEAGUE,Belgium,144,Jupiler Pro League,2025,Regular Season - 17,2025-12-06T15:00:00+00:00,Cercle Brugge,Standard Liege,1,2026-09-20T16:35:07Z,CAPTURED,40,
1382556,DOMESTIC_LEAGUE,Belgium,144,Jupiler Pro League,2025,Regular Season - 17,2025-12-07T12:30:00+00:00,KV Mechelen,Charleroi,1,2026-09-20T16:35:07Z,CAPTURED,40,
1382557,DOMESTIC_LEAGUE,Belgium,144,Jupiler Pro League,2025,Regular Season - 17,2025-12-05T19:45:00+00:00,RAAL La Louvière,Dender,1,2026-09-20T16:35:07Z,CAPTURED,40,
1382558,DOMESTIC_LEAGUE,Belgium,144,Jupiler Pro League,2025,Regular Season - 17,2025-12-07T18:15:00+00:00,OH Leuven,Zulte Waregem,1,2026-09-20T16:35:07Z,CAPTURED,40,
1382559,DOMESTIC_LEAGUE,Belgium,144,Jupiler Pro League,2025,Regular Season - 17,2025-12-06T19:45:00+00:00,St. Truiden,Club Brugge KV,1,2026-09-20T16:35:07Z,CAPTURED,40,
1382560,DOMESTIC_LEAGUE,Belgium,144,Jupiler Pro League,2025,Regular Season - 17,2025-12-07T15:00:00+00:00,KVC Westerlo,Anderlecht,1,2026-09-20T16:35:07Z,CAPTURED,40,
1382561,DOMESTIC_LEAGUE,Belgium,144,Jupiler Pro League,2025,Regular Season - 17,2025-12-07T17:30:00+00:00,Antwerp,Genk,1,2026-09-20T16:35:07Z,CAPTURED,40,
1382562,DOMESTIC_LEAGUE,Belgium,144,Jupiler Pro League,2025,Regular Season - 18,2025-12-13T17:15:00+00:00,Zulte Waregem,RAAL La Louvière,1,2026-09-20T16:35:07Z,CAPTURED,40,
1382563,DOMESTIC_LEAGUE,Belgium,144,Jupiler Pro League,2025,Regular Season - 18,2025-12-12T19:45:00+00:00,Standard Liege,OH Leuven,1,2026-09-20T16:35:07Z,CAPTURED,38,
1382564,DOMESTIC_LEAGUE,Belgium,144,Jupiler Pro League,2025,Regular Season - 18,2025-12-14T12:30:00+00:00,Gent,Antwerp,1,2026-09-20T16:35:07Z,CAPTURED,40,
1382565,DOMESTIC_LEAGUE,Belgium,144,Jupiler Pro League,2025,Regular Season - 18,2025-12-14T18:15:00+00:00,Genk,KVC Westerlo,1,2026-09-20T16:35:07Z,CAPTURED,40,
1382566,DOMESTIC_LEAGUE,Belgium,144,Jupiler Pro League,2025,Regular Season - 18,2025-12-13T15:00:00+00:00,Cercle Brugge,KV Mechelen,1,2026-09-20T16:35:07Z,CAPTURED,40,
1382567,DOMESTIC_LEAGUE,Belgium,144,Jupiler Pro League,2025,Regular Season - 18,2025-12-14T17:30:00+00:00,Charleroi,Union St. Gilloise,1,2026-09-20T16:35:07Z,CAPTURED,40,
1382568,DOMESTIC_LEAGUE,Belgium,144,Jupiler Pro League,2025,Regular Season - 18,2025-12-14T15:00:00+00:00,Dender,Club Brugge KV,1,2026-09-20T16:35:07Z,CAPTURED,40,
1382569,DOMESTIC_LEAGUE,Belgium,144,Jupiler Pro League,2025,Regular Season - 18,2025-12-13T19:45:00+00:00,Anderlecht,St. Truiden,1,2026-09-20T16:35:07Z,CAPTURED,40,
1382570,DOMESTIC_LEAGUE,Belgium,144,Jupiler Pro League,2025,Regular Season - 19,2025-12-21T18:15:00+00:00,OH Leuven,Cercle Brugge,1,2026-09-20T16:35:07Z,CAPTURED,40,
1382571,DOMESTIC_LEAGUE,Belgium,144,Jupiler Pro League,2025,Regular Season - 19,2025-12-21T17:30:00+00:00,Antwerp,Anderlecht,1,2026-09-20T16:35:07Z,CAPTURED,40,
1382572,DOMESTIC_LEAGUE,Belgium,144,Jupiler Pro League,2025,Regular Season - 19,2025-12-21T12:30:00+00:00,Club Brugge KV,Gent,1,2026-09-20T16:35:07Z,CAPTURED,40,
1382573,DOMESTIC_LEAGUE,Belgium,144,Jupiler Pro League,2025,Regular Season - 19,2025-12-20T19:45:00+00:00,Union St. Gilloise,Zulte Waregem,1,2026-09-20T16:35:07Z,CAPTURED,40,
1382574,DOMESTIC_LEAGUE,Belgium,144,Jupiler Pro League,2025,Regular Season - 19,2025-12-21T15:00:00+00:00,St. Truiden,KV Mechelen,1,2026-09-20T16:35:07Z,CAPTURED,40,
1382575,DOMESTIC_LEAGUE,Belgium,144,Jupiler Pro League,2025,Regular Season - 19,2025-12-20T15:00:00+00:00,Dender,Standard Liege,1,2026-09-20T16:35:07Z,CAPTURED,40,
1382576,DOMESTIC_LEAGUE,Belgium,144,Jupiler Pro League,2025,Regular Season - 19,2025-12-20T17:15:00+00:00,KVC Westerlo,RAAL La Louvière,1,2026-09-20T16:35:07Z,CAPTURED,40,
1382577,DOMESTIC_LEAGUE,Belgium,144,Jupiler Pro League,2025,Regular Season - 19,2025-12-19T19:45:00+00:00,Charleroi,Genk,1,2026-09-20T16:35:07Z,CAPTURED,40,
1382578,DOMESTIC_LEAGUE,Belgium,144,Jupiler Pro League,2025,Regular Season - 20,2025-12-26T12:30:00+00:00,Genk,Club Brugge KV,1,2026-09-20T16:35:07Z,CAPTURED,40,
1382579,DOMESTIC_LEAGUE,Belgium,144,Jupiler Pro League,2025,Regular Season - 20,2025-12-26T17:30:00+00:00,Standard Liege,St. Truiden,1,2026-09-20T16:35:07Z,CAPTURED,40,
1382580,DOMESTIC_LEAGUE,Belgium,144,Jupiler Pro League,2025,Regular Season - 20,2025-12-27T15:00:00+00:00,RAAL La Louvière,OH Leuven,1,2026-09-20T16:35:07Z,CAPTURED,40,
1382581,DOMESTIC_LEAGUE,Belgium,144,Jupiler Pro League,2025,Regular Season - 20,2025-12-26T19:45:00+00:00,Anderlecht,Charleroi,1,2026-09-20T16:35:07Z,CAPTURED,40,
1382582,DOMESTIC_LEAGUE,Belgium,144,Jupiler Pro League,2025,Regular Season - 20,2025-12-27T17:15:00+00:00,KV Mechelen,Dender,1,2026-09-20T16:35:07Z,CAPTURED,40,
1382583,DOMESTIC_LEAGUE,Belgium,144,Jupiler Pro League,2025,Regular Season - 20,2025-12-27T19:45:00+00:00,Gent,KVC Westerlo,1,2026-09-20T16:35:07Z,CAPTURED,40,
1382584,DOMESTIC_LEAGUE,Belgium,144,Jupiler Pro League,2025,Regular Season - 20,2025-12-26T15:00:00+00:00,Cercle Brugge,Union St. Gilloise,1,2026-09-20T16:35:07Z,CAPTURED,40,
1382585,DOMESTIC_LEAGUE,Belgium,144,Jupiler Pro League,2025,Regular Season - 20,2025-12-27T12:30:00+00:00,Antwerp,Zulte Waregem,1,2026-09-20T16:35:07Z,CAPTURED,40,
1382586,DOMESTIC_LEAGUE,Belgium,144,Jupiler Pro League,2025,Regular Season - 21,2026-01-18T17:30:00+00:00,Charleroi,Standard Liege,1,2026-09-20T16:35:07Z,CAPTURED,40,
1382587,DOMESTIC_LEAGUE,Belgium,144,Jupiler Pro League,2025,Regular Season - 21,2026-01-18T18:15:00+00:00,St. Truiden,OH Leuven,1,2026-09-20T16:35:07Z,CAPTURED,40,
1382588,DOMESTIC_LEAGUE,Belgium,144,Jupiler Pro League,2025,Regular Season - 21,2026-01-17T15:00:00+00:00,Zulte Waregem,Genk,1,2026-09-20T16:35:07Z,CAPTURED,40,
1382589,DOMESTIC_LEAGUE,Belgium,144,Jupiler Pro League,2025,Regular Season - 21,2026-01-18T15:00:00+00:00,Dender,Antwerp,1,2026-09-20T16:35:07Z,CAPTURED,39,
1382590,DOMESTIC_LEAGUE,Belgium,144,Jupiler Pro League,2025,Regular Season - 21,2026-01-17T17:15:00+00:00,KVC Westerlo,Cercle Brugge,1,2026-09-20T16:35:07Z,CAPTURED,40,
1382591,DOMESTIC_LEAGUE,Belgium,144,Jupiler Pro League,2025,Regular Season - 21,2026-01-18T12:30:00+00:00,Gent,Anderlecht,1,2026-09-20T16:35:07Z,CAPTURED,40,
1382592,DOMESTIC_LEAGUE,Belgium,144,Jupiler Pro League,2025,Regular Season - 21,2026-01-17T19:45:00+00:00,Union St. Gilloise,KV Mechelen,1,2026-09-20T16:35:07Z,CAPTURED,40,
1382593,DOMESTIC_LEAGUE,Belgium,144,Jupiler Pro League,2025,Regular Season - 21,2026-01-16T19:45:00+00:00,Club Brugge KV,RAAL La Louvière,1,2026-09-20T16:35:07Z,CAPTURED,40,
1382594,DOMESTIC_LEAGUE,Belgium,144,Jupiler Pro League,2025,Regular Season - 22,2026-01-25T17:30:00+00:00,Anderlecht,Dender,1,2026-09-20T16:35:07Z,CAPTURED,40,
1382595,DOMESTIC_LEAGUE,Belgium,144,Jupiler Pro League,2025,Regular Season - 22,2026-01-24T17:15:00+00:00,Club Brugge KV,Zulte Waregem,1,2026-09-20T16:35:07Z,CAPTURED,40,
1382596,DOMESTIC_LEAGUE,Belgium,144,Jupiler Pro League,2025,Regular Season - 22,2026-01-25T15:00:00+00:00,Genk,Cercle Brugge,1,2026-09-20T16:35:07Z,CAPTURED,40,
1382597,DOMESTIC_LEAGUE,Belgium,144,Jupiler Pro League,2025,Regular Season - 22,2026-01-25T12:30:00+00:00,Antwerp,Charleroi,1,2026-09-20T16:35:07Z,CAPTURED,40,
1382598,DOMESTIC_LEAGUE,Belgium,144,Jupiler Pro League,2025,Regular Season - 22,2026-01-24T19:45:00+00:00,OH Leuven,Union St. Gilloise,1,2026-09-20T16:35:07Z,CAPTURED,40,
1382599,DOMESTIC_LEAGUE,Belgium,144,Jupiler Pro League,2025,Regular Season - 22,2026-01-25T18:15:00+00:00,KV Mechelen,KVC Westerlo,1,2026-09-20T16:35:07Z,CAPTURED,40,
1382600,DOMESTIC_LEAGUE,Belgium,144,Jupiler Pro League,2025,Regular Season - 22,2026-01-24T15:00:00+00:00,RAAL La Louvière,St. Truiden,1,2026-09-20T16:35:07Z,CAPTURED,39,
1382601,DOMESTIC_LEAGUE,Belgium,144,Jupiler Pro League,2025,Regular Season - 22,2026-01-23T19:45:00+00:00,Standard Liege,Gent,1,2026-09-20T16:35:07Z,CAPTURED,40,
1382602,DOMESTIC_LEAGUE,Belgium,144,Jupiler Pro League,2025,Regular Season - 23,2026-01-31T15:00:00+00:00,Cercle Brugge,Antwerp,1,2026-09-20T16:35:07Z,CAPTURED,40,
1382603,DOMESTIC_LEAGUE,Belgium,144,Jupiler Pro League,2025,Regular Season - 23,2026-02-01T18:15:00+00:00,OH Leuven,KV Mechelen,1,2026-09-20T16:35:07Z,CAPTURED,40,
1382604,DOMESTIC_LEAGUE,Belgium,144,Jupiler Pro League,2025,Regular Season - 23,2026-02-01T17:30:00+00:00,Union St. Gilloise,Club Brugge KV,1,2026-09-20T16:35:07Z,CAPTURED,39,
1382605,DOMESTIC_LEAGUE,Belgium,144,Jupiler Pro League,2025,Regular Season - 23,2026-01-31T19:45:00+00:00,St. Truiden,Charleroi,1,2026-09-20T16:35:07Z,CAPTURED,40,
1382606,DOMESTIC_LEAGUE,Belgium,144,Jupiler Pro League,2025,Regular Season - 23,2026-01-31T17:15:00+00:00,Zulte Waregem,KVC Westerlo,1,2026-09-20T16:35:07Z,CAPTURED,40,
1382607,DOMESTIC_LEAGUE,Belgium,144,Jupiler Pro League,2025,Regular Season - 23,2026-02-01T12:30:00+00:00,Standard Liege,Anderlecht,1,2026-09-20T16:35:07Z,CAPTURED,40,
1382608,DOMESTIC_LEAGUE,Belgium,144,Jupiler Pro League,2025,Regular Season - 23,2026-01-30T19:45:00+00:00,RAAL La Louvière,Gent,1,2026-09-20T16:35:07Z,CAPTURED,40,
1382609,DOMESTIC_LEAGUE,Belgium,144,Jupiler Pro League,2025,Regular Season - 23,2026-02-01T15:00:00+00:00,Dender,Genk,1,2026-09-20T16:35:07Z,CAPTURED,40,
1382610,DOMESTIC_LEAGUE,Belgium,144,Jupiler Pro League,2025,Regular Season - 24,2026-02-06T19:45:00+00:00,KVC Westerlo,St. Truiden,1,2026-09-20T16:35:07Z,CAPTURED,40,
1382611,DOMESTIC_LEAGUE,Belgium,144,Jupiler Pro League,2025,Regular Season - 24,2026-02-07T15:00:00+00:00,Zulte Waregem,Dender,1,2026-09-20T16:35:07Z,CAPTURED,40,
1382612,DOMESTIC_LEAGUE,Belgium,144,Jupiler Pro League,2025,Regular Season - 24,2026-02-08T17:30:00+00:00,Club Brugge KV,Standard Liege,1,2026-09-20T16:35:07Z,CAPTURED,39,
1382613,DOMESTIC_LEAGUE,Belgium,144,Jupiler Pro League,2025,Regular Season - 24,2026-02-07T19:45:00+00:00,Gent,OH Leuven,1,2026-09-20T16:35:07Z,CAPTURED,41,
1382614,DOMESTIC_LEAGUE,Belgium,144,Jupiler Pro League,2025,Regular Season - 24,2026-02-08T12:30:00+00:00,Genk,Anderlecht,1,2026-09-20T16:35:07Z,CAPTURED,41,
1382615,DOMESTIC_LEAGUE,Belgium,144,Jupiler Pro League,2025,Regular Season - 24,2026-02-07T17:15:00+00:00,Charleroi,Cercle Brugge,1,2026-09-20T16:35:07Z,CAPTURED,40,
1382616,DOMESTIC_LEAGUE,Belgium,144,Jupiler Pro League,2025,Regular Season - 24,2026-02-08T18:15:00+00:00,KV Mechelen,Antwerp,1,2026-09-20T16:35:07Z,CAPTURED,40,
1382617,DOMESTIC_LEAGUE,Belgium,144,Jupiler Pro League,2025,Regular Season - 24,2026-02-08T15:00:00+00:00,Union St. Gilloise,RAAL La Louvière,1,2026-09-20T16:35:07Z,CAPTURED,40,
1382618,DOMESTIC_LEAGUE,Belgium,144,Jupiler Pro League,2025,Regular Season - 25,2026-02-15T15:00:00+00:00,Antwerp,KVC Westerlo,1,2026-09-20T16:35:07Z,CAPTURED,40,
1382619,DOMESTIC_LEAGUE,Belgium,144,Jupiler Pro League,2025,Regular Season - 25,2026-02-15T18:15:00+00:00,St. Truiden,Zulte Waregem,1,2026-09-20T16:35:07Z,CAPTURED,40,
1382620,DOMESTIC_LEAGUE,Belgium,144,Jupiler Pro League,2025,Regular Season - 25,2026-02-14T19:45:00+00:00,Standard Liege,Union St. Gilloise,1,2026-09-20T16:35:07Z,CAPTURED,40,
1382621,DOMESTIC_LEAGUE,Belgium,144,Jupiler Pro League,2025,Regular Season - 25,2026-02-15T12:30:00+00:00,Cercle Brugge,Club Brugge KV,1,2026-09-20T16:35:07Z,CAPTURED,40,
1382622,DOMESTIC_LEAGUE,Belgium,144,Jupiler Pro League,2025,Regular Season - 25,2026-02-14T17:15:00+00:00,Charleroi,Gent,1,2026-09-20T16:35:07Z,CAPTURED,40,
1382623,DOMESTIC_LEAGUE,Belgium,144,Jupiler Pro League,2025,Regular Season - 25,2026-02-13T19:45:00+00:00,KV Mechelen,Genk,1,2026-09-20T16:35:07Z,CAPTURED,40,
1382624,DOMESTIC_LEAGUE,Belgium,144,Jupiler Pro League,2025,Regular Season - 25,2026-02-15T17:30:00+00:00,Anderlecht,RAAL La Louvière,1,2026-09-20T16:35:07Z,CAPTURED,40,
1382625,DOMESTIC_LEAGUE,Belgium,144,Jupiler Pro League,2025,Regular Season - 25,2026-02-14T15:00:00+00:00,OH Leuven,Dender,1,2026-09-20T16:35:07Z,CAPTURED,40,
1382726,DOMESTIC_LEAGUE,Scotland,179,Premiership,2025,1st Phase - 11,2025-12-17T20:00:00+00:00,Dundee Utd,Celtic,1,2026-09-20T16:35:07Z,CAPTURED,40,
1382729,DOMESTIC_LEAGUE,Scotland,179,Premiership,2025,1st Phase - 11,2026-01-20T19:45:00+00:00,Livingston,ST Mirren,1,2026-09-20T16:35:07Z,CAPTURED,40,
1382731,DOMESTIC_LEAGUE,Scotland,179,Premiership,2025,1st Phase - 11,2026-01-06T20:00:00+00:00,Rangers,Aberdeen,1,2026-09-20T16:35:07Z,CAPTURED,40,
1382747,DOMESTIC_LEAGUE,Scotland,179,Premiership,2025,1st Phase - 14,2025-11-30T15:00:00+00:00,Livingston,Aberdeen,1,2026-09-20T16:35:07Z,CAPTURED,40,
1382750,DOMESTIC_LEAGUE,Scotland,179,Premiership,2025,1st Phase - 15,2025-12-03T19:45:00+00:00,Aberdeen,ST Mirren,1,2026-09-20T16:35:07Z,CAPTURED,40,
1382751,DOMESTIC_LEAGUE,Scotland,179,Premiership,2025,1st Phase - 15,2025-12-03T19:45:00+00:00,Celtic,Dundee,1,2026-09-20T16:35:07Z,CAPTURED,40,
1382752,DOMESTIC_LEAGUE,Scotland,179,Premiership,2025,1st Phase - 15,2025-12-03T19:45:00+00:00,Dundee Utd,Rangers,1,2026-09-20T16:35:07Z,CAPTURED,40,
1382753,DOMESTIC_LEAGUE,Scotland,179,Premiership,2025,1st Phase - 15,2025-12-03T19:45:00+00:00,Falkirk,Motherwell,1,2026-09-20T16:35:07Z,CAPTURED,40,
1382754,DOMESTIC_LEAGUE,Scotland,179,Premiership,2025,1st Phase - 15,2025-12-03T19:45:00+00:00,Heart Of Midlothian,Kilmarnock,1,2026-09-20T16:35:07Z,CAPTURED,40,
1382756,DOMESTIC_LEAGUE,Scotland,179,Premiership,2025,1st Phase - 16,2025-12-07T15:00:00+00:00,Celtic,Heart Of Midlothian,1,2026-09-20T16:35:07Z,CAPTURED,40,
1382757,DOMESTIC_LEAGUE,Scotland,179,Premiership,2025,1st Phase - 16,2025-12-06T15:00:00+00:00,Dundee,Aberdeen,1,2026-09-20T16:35:07Z,CAPTURED,40,
1382758,DOMESTIC_LEAGUE,Scotland,179,Premiership,2025,1st Phase - 16,2025-12-06T15:00:00+00:00,Hibernian,Falkirk,1,2026-09-20T16:35:07Z,CAPTURED,40,
1382759,DOMESTIC_LEAGUE,Scotland,179,Premiership,2025,1st Phase - 16,2025-12-06T20:00:00+00:00,Kilmarnock,Rangers,1,2026-09-20T16:35:07Z,CAPTURED,40,
1382760,DOMESTIC_LEAGUE,Scotland,179,Premiership,2025,1st Phase - 16,2025-12-06T15:00:00+00:00,Motherwell,Livingston,1,2026-09-20T16:35:07Z,CAPTURED,40,
1382761,DOMESTIC_LEAGUE,Scotland,179,Premiership,2025,1st Phase - 16,2025-12-06T15:00:00+00:00,ST Mirren,Dundee Utd,1,2026-09-20T16:35:07Z,CAPTURED,39,
1382762,DOMESTIC_LEAGUE,Scotland,179,Premiership,2025,1st Phase - 17,2025-12-14T15:00:00+00:00,Aberdeen,Kilmarnock,1,2026-09-20T16:35:07Z,CAPTURED,40,
1382763,DOMESTIC_LEAGUE,Scotland,179,Premiership,2025,1st Phase - 17,2025-12-13T15:00:00+00:00,Dundee Utd,Motherwell,1,2026-09-20T16:35:07Z,CAPTURED,40,
1382764,DOMESTIC_LEAGUE,Scotland,179,Premiership,2025,1st Phase - 17,2026-01-14T19:45:00+00:00,Falkirk,Celtic,1,2026-09-20T16:35:07Z,CAPTURED,40,
1382765,DOMESTIC_LEAGUE,Scotland,179,Premiership,2025,1st Phase - 17,2026-01-14T19:45:00+00:00,Heart Of Midlothian,ST Mirren,1,2026-09-20T16:35:07Z,CAPTURED,40,
1382766,DOMESTIC_LEAGUE,Scotland,179,Premiership,2025,1st Phase - 17,2025-12-13T15:00:00+00:00,Livingston,Dundee,1,2026-09-20T16:35:07Z,CAPTURED,40,
1382767,DOMESTIC_LEAGUE,Scotland,179,Premiership,2025,1st Phase - 17,2025-12-15T19:45:00+00:00,Rangers,Hibernian,1,2026-09-20T16:35:07Z,CAPTURED,40,
1382768,DOMESTIC_LEAGUE,Scotland,179,Premiership,2025,1st Phase - 18,2025-12-21T15:00:00+00:00,Celtic,Aberdeen,1,2026-09-20T16:35:07Z,CAPTURED,40,
1382769,DOMESTIC_LEAGUE,Scotland,179,Premiership,2025,1st Phase - 18,2025-12-20T15:00:00+00:00,Dundee Utd,Hibernian,1,2026-09-20T16:35:07Z,CAPTURED,40,
1382770,DOMESTIC_LEAGUE,Scotland,179,Premiership,2025,1st Phase - 18,2025-12-21T13:30:00+00:00,Heart Of Midlothian,Rangers,1,2026-09-20T16:35:07Z,CAPTURED,40,
1382771,DOMESTIC_LEAGUE,Scotland,179,Premiership,2025,1st Phase - 18,2025-12-20T15:00:00+00:00,Kilmarnock,Falkirk,1,2026-09-20T16:35:07Z,CAPTURED,40,
1382772,DOMESTIC_LEAGUE,Scotland,179,Premiership,2025,1st Phase - 18,2025-12-20T15:00:00+00:00,Motherwell,Dundee,1,2026-09-20T16:35:07Z,CAPTURED,40,
1382773,DOMESTIC_LEAGUE,Scotland,179,Premiership,2025,1st Phase - 18,2025-12-20T15:00:00+00:00,ST Mirren,Livingston,1,2026-09-20T16:35:07Z,CAPTURED,40,
1382774,DOMESTIC_LEAGUE,Scotland,179,Premiership,2025,1st Phase - 19,2025-12-27T12:30:00+00:00,Hibernian,Heart Of Midlothian,1,2026-09-20T16:35:07Z,CAPTURED,40,
1382775,DOMESTIC_LEAGUE,Scotland,179,Premiership,2025,1st Phase - 19,2025-12-27T17:45:00+00:00,Aberdeen,Dundee Utd,1,2026-09-20T16:35:07Z,CAPTURED,40,
1382776,DOMESTIC_LEAGUE,Scotland,179,Premiership,2025,1st Phase - 19,2025-12-27T15:00:00+00:00,Dundee,Falkirk,1,2026-09-20T16:35:07Z,CAPTURED,40,
1382777,DOMESTIC_LEAGUE,Scotland,179,Premiership,2025,1st Phase - 19,2025-12-27T15:00:00+00:00,Livingston,Celtic,1,2026-09-20T16:35:07Z,CAPTURED,40,
1382778,DOMESTIC_LEAGUE,Scotland,179,Premiership,2025,1st Phase - 19,2025-12-27T15:00:00+00:00,Rangers,Motherwell,1,2026-09-20T16:35:07Z,CAPTURED,40,
1382779,DOMESTIC_LEAGUE,Scotland,179,Premiership,2025,1st Phase - 19,2025-12-27T15:00:00+00:00,ST Mirren,Kilmarnock,1,2026-09-20T16:35:07Z,CAPTURED,39,
1382780,DOMESTIC_LEAGUE,Scotland,179,Premiership,2025,1st Phase - 20,2025-12-30T19:45:00+00:00,Dundee,Kilmarnock,1,2026-09-20T16:35:07Z,CAPTURED,40,
1382781,DOMESTIC_LEAGUE,Scotland,179,Premiership,2025,1st Phase - 20,2025-12-13T20:00:00+00:00,Falkirk,Heart Of Midlothian,1,2026-09-20T16:35:07Z,CAPTURED,40,
1382782,DOMESTIC_LEAGUE,Scotland,179,Premiership,2025,1st Phase - 20,2025-12-30T19:45:00+00:00,Hibernian,Aberdeen,1,2026-09-20T16:35:07Z,CAPTURED,40,
1382783,DOMESTIC_LEAGUE,Scotland,179,Premiership,2025,1st Phase - 20,2025-12-30T19:45:00+00:00,Livingston,Dundee Utd,1,2026-09-20T16:35:07Z,CAPTURED,40,
1382784,DOMESTIC_LEAGUE,Scotland,179,Premiership,2025,1st Phase - 20,2025-12-30T20:00:00+00:00,Motherwell,Celtic,1,2026-09-20T16:35:07Z,CAPTURED,40,
1382785,DOMESTIC_LEAGUE,Scotland,179,Premiership,2025,1st Phase - 20,2025-12-30T19:45:00+00:00,Rangers,ST Mirren,1,2026-09-20T16:35:07Z,CAPTURED,40,
1382786,DOMESTIC_LEAGUE,Scotland,179,Premiership,2025,1st Phase - 21,2026-01-03T12:30:00+00:00,Celtic,Rangers,1,2026-09-20T16:35:07Z,CAPTURED,40,
1382787,DOMESTIC_LEAGUE,Scotland,179,Premiership,2025,1st Phase - 21,2026-01-03T15:00:00+00:00,Dundee Utd,Dundee,1,2026-09-20T16:35:07Z,CAPTURED,40,
1382788,DOMESTIC_LEAGUE,Scotland,179,Premiership,2025,1st Phase - 21,2026-01-03T15:00:00+00:00,Falkirk,Aberdeen,1,2026-09-20T16:35:07Z,CAPTURED,40,
1382789,DOMESTIC_LEAGUE,Scotland,179,Premiership,2025,1st Phase - 21,2026-01-03T15:00:00+00:00,Heart Of Midlothian,Livingston,1,2026-09-20T16:35:07Z,CAPTURED,40,
1382790,DOMESTIC_LEAGUE,Scotland,179,Premiership,2025,1st Phase - 21,2026-01-03T15:00:00+00:00,Kilmarnock,Hibernian,1,2026-09-20T16:35:07Z,CAPTURED,40,
1382791,DOMESTIC_LEAGUE,Scotland,179,Premiership,2025,1st Phase - 21,2026-01-03T15:00:00+00:00,Motherwell,ST Mirren,1,2026-09-20T16:35:07Z,CAPTURED,40,
1382792,DOMESTIC_LEAGUE,Scotland,179,Premiership,2025,1st Phase - 22,2026-01-11T16:30:00+00:00,Aberdeen,Rangers,1,2026-09-20T16:35:07Z,CAPTURED,40,
1382793,DOMESTIC_LEAGUE,Scotland,179,Premiership,2025,1st Phase - 22,2026-01-10T15:00:00+00:00,Celtic,Dundee Utd,1,2026-09-20T16:35:07Z,CAPTURED,40,
1382794,DOMESTIC_LEAGUE,Scotland,179,Premiership,2025,1st Phase - 22,2026-01-11T14:00:00+00:00,Dundee,Heart Of Midlothian,1,2026-09-20T16:35:07Z,CAPTURED,40,
1382795,DOMESTIC_LEAGUE,Scotland,179,Premiership,2025,1st Phase - 22,2026-01-10T15:00:00+00:00,Hibernian,Motherwell,1,2026-09-20T16:35:07Z,CAPTURED,40,
1382796,DOMESTIC_LEAGUE,Scotland,179,Premiership,2025,1st Phase - 22,2026-01-10T15:00:00+00:00,Livingston,Kilmarnock,1,2026-09-20T16:35:07Z,CAPTURED,40,
1382797,DOMESTIC_LEAGUE,Scotland,179,Premiership,2025,1st Phase - 22,2026-01-10T15:00:00+00:00,ST Mirren,Falkirk,1,2026-09-20T16:35:07Z,CAPTURED,41,
1382798,DOMESTIC_LEAGUE,Scotland,179,Premiership,2025,1st Phase - 23,2026-01-24T15:00:00+00:00,Aberdeen,Livingston,1,2026-09-20T16:35:07Z,CAPTURED,40,
1382800,DOMESTIC_LEAGUE,Scotland,179,Premiership,2025,1st Phase - 23,2026-01-24T15:00:00+00:00,Falkirk,Hibernian,1,2026-09-20T16:35:07Z,CAPTURED,39,
1382801,DOMESTIC_LEAGUE,Scotland,179,Premiership,2025,1st Phase - 23,2026-01-25T15:00:00+00:00,Heart Of Midlothian,Celtic,1,2026-09-20T16:35:07Z,CAPTURED,40,
1382802,DOMESTIC_LEAGUE,Scotland,179,Premiership,2025,1st Phase - 23,2026-01-24T15:00:00+00:00,Motherwell,Kilmarnock,1,2026-09-20T16:35:07Z,CAPTURED,40,
1382803,DOMESTIC_LEAGUE,Scotland,179,Premiership,2025,1st Phase - 23,2026-01-25T15:00:00+00:00,Rangers,Dundee,1,2026-09-20T16:35:07Z,CAPTURED,40,
1382804,DOMESTIC_LEAGUE,Scotland,179,Premiership,2025,1st Phase - 24,2026-02-01T15:00:00+00:00,Celtic,Falkirk,1,2026-09-20T16:35:07Z,CAPTURED,40,
1382805,DOMESTIC_LEAGUE,Scotland,179,Premiership,2025,1st Phase - 24,2026-01-31T20:00:00+00:00,Dundee Utd,Heart Of Midlothian,1,2026-09-20T16:35:07Z,CAPTURED,40,
1382806,DOMESTIC_LEAGUE,Scotland,179,Premiership,2025,1st Phase - 24,2026-02-01T14:00:00+00:00,Hibernian,Rangers,1,2026-09-20T16:35:07Z,CAPTURED,40,
1382807,DOMESTIC_LEAGUE,Scotland,179,Premiership,2025,1st Phase - 24,2026-01-31T15:00:00+00:00,Kilmarnock,Aberdeen,1,2026-09-20T16:35:07Z,CAPTURED,40,
1382808,DOMESTIC_LEAGUE,Scotland,179,Premiership,2025,1st Phase - 24,2026-01-31T15:00:00+00:00,Livingston,Motherwell,1,2026-09-20T16:35:07Z,CAPTURED,40,
1382809,DOMESTIC_LEAGUE,Scotland,179,Premiership,2025,1st Phase - 24,2026-01-31T15:00:00+00:00,ST Mirren,Dundee,1,2026-09-20T16:35:07Z,CAPTURED,40,
1382812,DOMESTIC_LEAGUE,Scotland,179,Premiership,2025,1st Phase - 25,2026-02-04T19:45:00+00:00,Hibernian,Dundee Utd,1,2026-09-20T16:35:07Z,CAPTURED,40,
1382813,DOMESTIC_LEAGUE,Scotland,179,Premiership,2025,1st Phase - 25,2026-02-04T19:45:00+00:00,Livingston,Falkirk,1,2026-09-20T16:35:07Z,CAPTURED,40,
1382814,DOMESTIC_LEAGUE,Scotland,179,Premiership,2025,1st Phase - 25,2026-02-04T19:45:00+00:00,Rangers,Kilmarnock,1,2026-09-20T16:35:07Z,CAPTURED,40,
1382815,DOMESTIC_LEAGUE,Scotland,179,Premiership,2025,1st Phase - 25,2026-02-03T20:00:00+00:00,ST Mirren,Heart Of Midlothian,1,2026-09-20T16:35:07Z,CAPTURED,40,
1382816,DOMESTIC_LEAGUE,Scotland,179,Premiership,2025,1st Phase - 26,2026-02-11T19:45:00+00:00,Celtic,Livingston,1,2026-09-20T16:35:07Z,CAPTURED,39,
1382818,DOMESTIC_LEAGUE,Scotland,179,Premiership,2025,1st Phase - 26,2026-02-11T19:45:00+00:00,Falkirk,Dundee,1,2026-09-20T16:35:07Z,CAPTURED,39,
1382819,DOMESTIC_LEAGUE,Scotland,179,Premiership,2025,1st Phase - 26,2026-02-10T20:00:00+00:00,Heart Of Midlothian,Hibernian,1,2026-09-20T16:35:07Z,CAPTURED,40,
1382820,DOMESTIC_LEAGUE,Scotland,179,Premiership,2025,1st Phase - 26,2026-02-11T19:45:00+00:00,Kilmarnock,ST Mirren,1,2026-09-20T16:35:07Z,CAPTURED,40,
1382821,DOMESTIC_LEAGUE,Scotland,179,Premiership,2025,1st Phase - 26,2026-02-11T20:00:00+00:00,Motherwell,Rangers,1,2026-09-20T16:35:07Z,CAPTURED,40,
1382822,DOMESTIC_LEAGUE,Scotland,179,Premiership,2025,1st Phase - 27,2026-02-14T15:00:00+00:00,Dundee,Livingston,1,2026-09-20T16:35:07Z,CAPTURED,40,
1382823,DOMESTIC_LEAGUE,Scotland,179,Premiership,2025,1st Phase - 27,2026-02-14T15:00:00+00:00,Falkirk,Dundee Utd,1,2026-09-20T16:35:07Z,CAPTURED,40,
1382824,DOMESTIC_LEAGUE,Scotland,179,Premiership,2025,1st Phase - 27,2026-02-14T15:00:00+00:00,Hibernian,ST Mirren,1,2026-09-20T16:35:07Z,CAPTURED,40,
1382825,DOMESTIC_LEAGUE,Scotland,179,Premiership,2025,1st Phase - 27,2026-02-15T14:00:00+00:00,Kilmarnock,Celtic,1,2026-09-20T16:35:07Z,CAPTURED,40,
1382826,DOMESTIC_LEAGUE,Scotland,179,Premiership,2025,1st Phase - 27,2026-02-15T14:30:00+00:00,Motherwell,Aberdeen,1,2026-09-20T16:35:07Z,CAPTURED,40,
1382827,DOMESTIC_LEAGUE,Scotland,179,Premiership,2025,1st Phase - 27,2026-02-15T16:30:00+00:00,Rangers,Heart Of Midlothian,1,2026-09-20T16:35:07Z,CAPTURED,40,
1390046,DOMESTIC_LEAGUE,Austria,218,Bundesliga,2025,Regular Season - 4,2025-12-03T19:30:00+00:00,Sturm Graz,WSG Wattens,1,2026-09-20T16:35:07Z,CAPTURED,40,
1390111,DOMESTIC_LEAGUE,Austria,218,Bundesliga,2025,Regular Season - 15,2025-11-30T16:00:00+00:00,Lask Linz,Rapid Vienna,1,2026-09-20T16:35:07Z,CAPTURED,40,
1390114,DOMESTIC_LEAGUE,Austria,218,Bundesliga,2025,Regular Season - 16,2025-12-06T16:00:00+00:00,FC BW Linz,Red Bull Salzburg,1,2026-09-20T16:35:07Z,CAPTURED,40,
1390115,DOMESTIC_LEAGUE,Austria,218,Bundesliga,2025,Regular Season - 16,2025-12-06T16:00:00+00:00,Rapid Vienna,Ried,1,2026-09-20T16:35:07Z,CAPTURED,40,
1390116,DOMESTIC_LEAGUE,Austria,218,Bundesliga,2025,Regular Season - 16,2025-12-07T13:30:00+00:00,WSG Wattens,SCR Altach,1,2026-09-20T16:35:07Z,CAPTURED,40,
1390117,DOMESTIC_LEAGUE,Austria,218,Bundesliga,2025,Regular Season - 16,2025-12-06T16:00:00+00:00,TSV Hartberg,Lask Linz,1,2026-09-20T16:35:07Z,CAPTURED,40,
1390118,DOMESTIC_LEAGUE,Austria,218,Bundesliga,2025,Regular Season - 16,2025-12-07T16:00:00+00:00,Sturm Graz,Grazer AK,1,2026-09-20T16:35:07Z,CAPTURED,40,
1390119,DOMESTIC_LEAGUE,Austria,218,Bundesliga,2025,Regular Season - 16,2025-12-07T13:30:00+00:00,Wolfsberger AC,Austria Vienna,1,2026-09-20T16:35:07Z,CAPTURED,39,
1390120,DOMESTIC_LEAGUE,Austria,218,Bundesliga,2025,Regular Season - 17,2025-12-14T16:00:00+00:00,Austria Vienna,Sturm Graz,1,2026-09-20T16:35:07Z,CAPTURED,40,
1390121,DOMESTIC_LEAGUE,Austria,218,Bundesliga,2025,Regular Season - 17,2025-12-13T16:00:00+00:00,Grazer AK,Lask Linz,1,2026-09-20T16:35:07Z,CAPTURED,40,
1390122,DOMESTIC_LEAGUE,Austria,218,Bundesliga,2025,Regular Season - 17,2025-12-13T16:00:00+00:00,Ried,SCR Altach,1,2026-09-20T16:35:07Z,CAPTURED,39,
1390123,DOMESTIC_LEAGUE,Austria,218,Bundesliga,2025,Regular Season - 17,2025-12-14T13:30:00+00:00,FC BW Linz,Rapid Vienna,1,2026-09-20T16:35:07Z,CAPTURED,40,
1390124,DOMESTIC_LEAGUE,Austria,218,Bundesliga,2025,Regular Season - 17,2025-12-13T16:00:00+00:00,TSV Hartberg,WSG Wattens,1,2026-09-20T16:35:07Z,CAPTURED,40,
1390125,DOMESTIC_LEAGUE,Austria,218,Bundesliga,2025,Regular Season - 17,2025-12-14T13:30:00+00:00,Red Bull Salzburg,Wolfsberger AC,1,2026-09-20T16:35:07Z,CAPTURED,40,
1390126,DOMESTIC_LEAGUE,Austria,218,Bundesliga,2025,Regular Season - 18,2026-02-08T13:30:00+00:00,Wolfsberger AC,Grazer AK,1,2026-09-20T16:35:07Z,CAPTURED,39,
1390127,DOMESTIC_LEAGUE,Austria,218,Bundesliga,2025,Regular Season - 18,2026-02-06T19:30:00+00:00,Red Bull Salzburg,Austria Vienna,1,2026-09-20T16:35:07Z,CAPTURED,40,
1390128,DOMESTIC_LEAGUE,Austria,218,Bundesliga,2025,Regular Season - 18,2026-02-08T16:00:00+00:00,Sturm Graz,Ried,1,2026-09-20T16:35:07Z,CAPTURED,40,
1390129,DOMESTIC_LEAGUE,Austria,218,Bundesliga,2025,Regular Season - 18,2026-02-07T16:00:00+00:00,Lask Linz,WSG Wattens,1,2026-09-20T16:35:07Z,CAPTURED,40,
1390130,DOMESTIC_LEAGUE,Austria,218,Bundesliga,2025,Regular Season - 18,2026-02-07T16:00:00+00:00,Rapid Vienna,TSV Hartberg,1,2026-09-20T16:35:07Z,CAPTURED,40,
1390131,DOMESTIC_LEAGUE,Austria,218,Bundesliga,2025,Regular Season - 18,2026-02-08T13:30:00+00:00,SCR Altach,FC BW Linz,1,2026-09-20T16:35:07Z,CAPTURED,40,
1390132,DOMESTIC_LEAGUE,Austria,218,Bundesliga,2025,Regular Season - 19,2026-02-14T16:00:00+00:00,WSG Wattens,Sturm Graz,1,2026-09-20T16:35:07Z,CAPTURED,40,
1390133,DOMESTIC_LEAGUE,Austria,218,Bundesliga,2025,Regular Season - 19,2026-02-15T16:00:00+00:00,Austria Vienna,Rapid Vienna,1,2026-09-20T16:35:07Z,CAPTURED,40,
1390134,DOMESTIC_LEAGUE,Austria,218,Bundesliga,2025,Regular Season - 19,2026-02-15T13:30:00+00:00,Grazer AK,Red Bull Salzburg,1,2026-09-20T16:35:07Z,CAPTURED,40,
1390135,DOMESTIC_LEAGUE,Austria,218,Bundesliga,2025,Regular Season - 19,2026-02-14T16:00:00+00:00,Ried,Lask Linz,1,2026-09-20T16:35:07Z,CAPTURED,40,
1390136,DOMESTIC_LEAGUE,Austria,218,Bundesliga,2025,Regular Season - 19,2026-02-14T16:00:00+00:00,TSV Hartberg,SCR Altach,1,2026-09-20T16:35:07Z,CAPTURED,40,
1390137,DOMESTIC_LEAGUE,Austria,218,Bundesliga,2025,Regular Season - 19,2026-02-15T13:30:00+00:00,FC BW Linz,Wolfsberger AC,1,2026-09-20T16:35:07Z,CAPTURED,40,
1449546,DOMESTIC_LEAGUE,Denmark,119,Superliga,2025,Regular Season - 19,2026-02-09T20:00:00+00:00,Aarhus,Odense,1,2026-09-20T16:35:07Z,CAPTURED,40,
1449547,DOMESTIC_LEAGUE,Denmark,119,Superliga,2025,Regular Season - 19,2026-02-08T13:00:00+00:00,FC Nordsjaelland,Sonderjyske,1,2026-09-20T16:35:07Z,CAPTURED,40,
1449548,DOMESTIC_LEAGUE,Denmark,119,Superliga,2025,Regular Season - 19,2026-02-09T18:00:00+00:00,Vejle,FC Fredericia,1,2026-09-20T16:35:07Z,CAPTURED,40,
1449549,DOMESTIC_LEAGUE,Denmark,119,Superliga,2025,Regular Season - 19,2026-02-08T17:00:00+00:00,Brondby,Randers FC,1,2026-09-20T16:35:07Z,CAPTURED,40,
1449550,DOMESTIC_LEAGUE,Denmark,119,Superliga,2025,Regular Season - 19,2026-02-08T13:00:00+00:00,Silkeborg,Viborg,1,2026-09-20T16:35:07Z,CAPTURED,40,
1449551,DOMESTIC_LEAGUE,Denmark,119,Superliga,2025,Regular Season - 19,2026-02-08T15:00:00+00:00,FC Midtjylland,FC Copenhagen,1,2026-09-20T16:35:07Z,CAPTURED,40,
1379469,DOMESTIC_LEAGUE,Denmark,119,Superliga,2025,Regular Season - 21,2026-02-22T17:00:00+00:00,Aarhus,Viborg,1,2026-09-20T20:34:25Z,CAPTURED,40,
1379470,DOMESTIC_LEAGUE,Denmark,119,Superliga,2025,Regular Season - 21,2026-02-23T18:00:00+00:00,Brondby,Sonderjyske,1,2026-09-20T20:34:25Z,CAPTURED,40,
1379471,DOMESTIC_LEAGUE,Denmark,119,Superliga,2025,Regular Season - 21,2026-02-20T18:00:00+00:00,FC Nordsjaelland,Vejle,1,2026-09-20T20:34:25Z,CAPTURED,40,
1379472,DOMESTIC_LEAGUE,Denmark,119,Superliga,2025,Regular Season - 21,2026-02-21T13:00:00+00:00,Odense,FC Copenhagen,1,2026-09-20T20:34:25Z,CAPTURED,40,
1379473,DOMESTIC_LEAGUE,Denmark,119,Superliga,2025,Regular Season - 21,2026-02-22T13:00:00+00:00,Randers FC,FC Fredericia,1,2026-09-20T20:34:25Z,CAPTURED,40,
1379474,DOMESTIC_LEAGUE,Denmark,119,Superliga,2025,Regular Season - 21,2026-02-22T15:00:00+00:00,Silkeborg,FC Midtjylland,1,2026-09-20T20:34:25Z,CAPTURED,40,
1379475,DOMESTIC_LEAGUE,Denmark,119,Superliga,2025,Regular Season - 22,2026-03-01T16:00:00+00:00,FC Copenhagen,Randers FC,1,2026-09-20T20:34:25Z,CAPTURED,40,
1379476,DOMESTIC_LEAGUE,Denmark,119,Superliga,2025,Regular Season - 22,2026-03-01T16:00:00+00:00,FC Fredericia,Silkeborg,1,2026-09-20T20:34:25Z,CAPTURED,39,
1379477,DOMESTIC_LEAGUE,Denmark,119,Superliga,2025,Regular Season - 22,2026-03-01T16:00:00+00:00,FC Midtjylland,Brondby,1,2026-09-20T20:34:25Z,CAPTURED,40,
1379478,DOMESTIC_LEAGUE,Denmark,119,Superliga,2025,Regular Season - 22,2026-03-01T16:00:00+00:00,Sonderjyske,Odense,1,2026-09-20T20:34:25Z,CAPTURED,40,
1379479,DOMESTIC_LEAGUE,Denmark,119,Superliga,2025,Regular Season - 22,2026-03-01T16:00:00+00:00,Vejle,Aarhus,1,2026-09-20T20:34:25Z,CAPTURED,40,
1379480,DOMESTIC_LEAGUE,Denmark,119,Superliga,2025,Regular Season - 22,2026-03-01T16:00:00+00:00,Viborg,FC Nordsjaelland,1,2026-09-20T20:34:25Z,CAPTURED,40,
1380521,DOMESTIC_LEAGUE,Poland,106,Ekstraklasa,2025,Regular Season - 16,2026-03-17T18:00:00+00:00,Jagiellonia,GKS Katowice,1,2026-09-20T20:34:25Z,CAPTURED,43,
1380550,DOMESTIC_LEAGUE,Poland,106,Ekstraklasa,2025,Regular Season - 19,2026-03-05T19:30:00+00:00,Radomiak Radom,Arka Gdynia,1,2026-09-20T20:34:25Z,CAPTURED,44,
1380570,DOMESTIC_LEAGUE,Poland,106,Ekstraklasa,2025,Regular Season - 21,2026-02-16T18:00:00+00:00,Nieciecza,Gornik Zabrze,1,2026-09-20T20:34:25Z,CAPTURED,45,
1380573,DOMESTIC_LEAGUE,Poland,106,Ekstraklasa,2025,Regular Season - 22,2026-02-22T11:15:00+00:00,Arka Gdynia,GKS Katowice,1,2026-09-20T20:34:25Z,CAPTURED,42,
1380574,DOMESTIC_LEAGUE,Poland,106,Ekstraklasa,2025,Regular Season - 22,2026-02-21T16:45:00+00:00,Gornik Zabrze,Pogon Szczecin,1,2026-09-20T20:34:25Z,CAPTURED,41,
1380575,DOMESTIC_LEAGUE,Poland,106,Ekstraklasa,2025,Regular Season - 22,2026-02-22T13:45:00+00:00,Jagiellonia,Radomiak Radom,1,2026-09-20T20:34:25Z,CAPTURED,44,
1380576,DOMESTIC_LEAGUE,Poland,106,Ekstraklasa,2025,Regular Season - 22,2026-02-22T16:30:00+00:00,Korona Kielce,Lech Poznan,1,2026-09-20T20:34:25Z,CAPTURED,44,
1380577,DOMESTIC_LEAGUE,Poland,106,Ekstraklasa,2025,Regular Season - 22,2026-02-23T18:00:00+00:00,Lechia Gdansk,Zaglebie Lubin,1,2026-09-20T20:34:25Z,CAPTURED,46,
1380578,DOMESTIC_LEAGUE,Poland,106,Ekstraklasa,2025,Regular Season - 22,2026-02-21T19:30:00+00:00,Legia Warszawa,Wisla Plock,1,2026-09-20T20:34:25Z,CAPTURED,42,
1380579,DOMESTIC_LEAGUE,Poland,106,Ekstraklasa,2025,Regular Season - 22,2026-02-20T17:00:00+00:00,Piast Gliwice,Motor Lublin,1,2026-09-20T20:34:25Z,CAPTURED,45,
1380580,DOMESTIC_LEAGUE,Poland,106,Ekstraklasa,2025,Regular Season - 22,2026-02-21T14:00:00+00:00,Raków Częstochowa,Nieciecza,1,2026-09-20T20:34:25Z,CAPTURED,44,
1380581,DOMESTIC_LEAGUE,Poland,106,Ekstraklasa,2025,Regular Season - 22,2026-02-20T19:30:00+00:00,Widzew Łódź,Cracovia Krakow,1,2026-09-20T20:34:25Z,CAPTURED,44,
1380582,DOMESTIC_LEAGUE,Poland,106,Ekstraklasa,2025,Regular Season - 23,2026-02-27T19:30:00+00:00,Arka Gdynia,Lechia Gdansk,1,2026-09-20T20:34:25Z,CAPTURED,43,
1380583,DOMESTIC_LEAGUE,Poland,106,Ekstraklasa,2025,Regular Season - 23,2026-02-27T17:00:00+00:00,Cracovia Krakow,Piast Gliwice,1,2026-09-20T20:34:25Z,CAPTURED,45,
1380584,DOMESTIC_LEAGUE,Poland,106,Ekstraklasa,2025,Regular Season - 23,2026-02-28T19:15:00+00:00,GKS Katowice,Gornik Zabrze,1,2026-09-20T20:34:25Z,CAPTURED,42,
1380585,DOMESTIC_LEAGUE,Poland,106,Ekstraklasa,2025,Regular Season - 23,2026-03-01T13:45:00+00:00,Jagiellonia,Legia Warszawa,1,2026-09-20T20:34:25Z,CAPTURED,43,
1380586,DOMESTIC_LEAGUE,Poland,106,Ekstraklasa,2025,Regular Season - 23,2026-03-01T16:30:00+00:00,Lech Poznan,Raków Częstochowa,1,2026-09-20T20:34:25Z,CAPTURED,45,
1380587,DOMESTIC_LEAGUE,Poland,106,Ekstraklasa,2025,Regular Season - 23,2026-02-28T16:30:00+00:00,Motor Lublin,Korona Kielce,1,2026-09-20T20:34:25Z,CAPTURED,44,
1380588,DOMESTIC_LEAGUE,Poland,106,Ekstraklasa,2025,Regular Season - 23,2026-02-28T13:45:00+00:00,Pogon Szczecin,Widzew Łódź,1,2026-09-20T20:34:25Z,CAPTURED,45,
1380589,DOMESTIC_LEAGUE,Poland,106,Ekstraklasa,2025,Regular Season - 23,2026-03-01T11:15:00+00:00,Nieciecza,Radomiak Radom,1,2026-09-20T20:34:25Z,CAPTURED,44,
1380590,DOMESTIC_LEAGUE,Poland,106,Ekstraklasa,2025,Regular Season - 23,2026-03-02T18:00:00+00:00,Zaglebie Lubin,Wisla Plock,1,2026-09-20T20:34:25Z,CAPTURED,44,
1380591,DOMESTIC_LEAGUE,Poland,106,Ekstraklasa,2025,Regular Season - 24,2026-03-07T13:45:00+00:00,Korona Kielce,Nieciecza,1,2026-09-20T20:34:25Z,CAPTURED,42,
1380592,DOMESTIC_LEAGUE,Poland,106,Ekstraklasa,2025,Regular Season - 24,2026-03-06T19:30:00+00:00,Lechia Gdansk,Jagiellonia,1,2026-09-20T20:34:25Z,CAPTURED,41,
1380593,DOMESTIC_LEAGUE,Poland,106,Ekstraklasa,2025,Regular Season - 24,2026-03-08T19:15:00+00:00,Legia Warszawa,Cracovia Krakow,1,2026-09-20T20:34:25Z,CAPTURED,45,
1380594,DOMESTIC_LEAGUE,Poland,106,Ekstraklasa,2025,Regular Season - 24,2026-03-08T11:15:00+00:00,Motor Lublin,Gornik Zabrze,1,2026-09-20T20:34:25Z,CAPTURED,43,
1380595,DOMESTIC_LEAGUE,Poland,106,Ekstraklasa,2025,Regular Season - 24,2026-03-07T16:30:00+00:00,Piast Gliwice,Zaglebie Lubin,1,2026-09-20T20:34:25Z,CAPTURED,45,
1380596,DOMESTIC_LEAGUE,Poland,106,Ekstraklasa,2025,Regular Season - 24,2026-03-08T13:45:00+00:00,Radomiak Radom,GKS Katowice,1,2026-09-20T20:34:25Z,CAPTURED,44,
1380597,DOMESTIC_LEAGUE,Poland,106,Ekstraklasa,2025,Regular Season - 24,2026-03-08T16:30:00+00:00,Raków Częstochowa,Pogon Szczecin,1,2026-09-20T20:34:25Z,CAPTURED,42,
1380598,DOMESTIC_LEAGUE,Poland,106,Ekstraklasa,2025,Regular Season - 24,2026-03-07T19:15:00+00:00,Widzew Łódź,Lech Poznan,1,2026-09-20T20:34:25Z,CAPTURED,40,
1380599,DOMESTIC_LEAGUE,Poland,106,Ekstraklasa,2025,Regular Season - 24,2026-03-09T18:00:00+00:00,Wisla Plock,Arka Gdynia,1,2026-09-20T20:34:25Z,CAPTURED,43,
1380600,DOMESTIC_LEAGUE,Poland,106,Ekstraklasa,2025,Regular Season - 25,2026-03-15T11:15:00+00:00,Arka Gdynia,Widzew Łódź,1,2026-09-20T20:34:25Z,CAPTURED,41,
1380601,DOMESTIC_LEAGUE,Poland,106,Ekstraklasa,2025,Regular Season - 25,2026-03-14T19:15:00+00:00,Cracovia Krakow,Wisla Plock,1,2026-09-20T20:34:25Z,CAPTURED,44,
1380602,DOMESTIC_LEAGUE,Poland,106,Ekstraklasa,2025,Regular Season - 25,2026-03-14T16:30:00+00:00,GKS Katowice,Lechia Gdansk,1,2026-09-20T20:34:25Z,CAPTURED,42,
1380603,DOMESTIC_LEAGUE,Poland,106,Ekstraklasa,2025,Regular Season - 25,2026-03-15T16:30:00+00:00,Gornik Zabrze,Raków Częstochowa,1,2026-09-20T20:34:25Z,CAPTURED,46,
1380604,DOMESTIC_LEAGUE,Poland,106,Ekstraklasa,2025,Regular Season - 25,2026-03-14T13:45:00+00:00,Jagiellonia,Piast Gliwice,1,2026-09-20T20:34:25Z,CAPTURED,44,
1380605,DOMESTIC_LEAGUE,Poland,106,Ekstraklasa,2025,Regular Season - 25,2026-03-16T18:00:00+00:00,Pogon Szczecin,Korona Kielce,1,2026-09-20T20:34:25Z,CAPTURED,42,
1380606,DOMESTIC_LEAGUE,Poland,106,Ekstraklasa,2025,Regular Season - 25,2026-03-13T19:30:00+00:00,Radomiak Radom,Legia Warszawa,1,2026-09-20T20:34:25Z,CAPTURED,44,
1380607,DOMESTIC_LEAGUE,Poland,106,Ekstraklasa,2025,Regular Season - 25,2026-03-13T17:00:00+00:00,Nieciecza,Motor Lublin,1,2026-09-20T20:34:25Z,CAPTURED,43,
1380608,DOMESTIC_LEAGUE,Poland,106,Ekstraklasa,2025,Regular Season - 25,2026-03-15T13:45:00+00:00,Zaglebie Lubin,Lech Poznan,1,2026-09-20T20:34:25Z,CAPTURED,42,
1380609,DOMESTIC_LEAGUE,Poland,106,Ekstraklasa,2025,Regular Season - 26,2026-03-21T13:45:00+00:00,Cracovia Krakow,GKS Katowice,1,2026-09-20T20:34:25Z,CAPTURED,40,
1380610,DOMESTIC_LEAGUE,Poland,106,Ekstraklasa,2025,Regular Season - 26,2026-03-22T11:15:00+00:00,Korona Kielce,Arka Gdynia,1,2026-09-20T20:34:25Z,CAPTURED,41,
1380611,DOMESTIC_LEAGUE,Poland,106,Ekstraklasa,2025,Regular Season - 26,2026-03-21T16:30:00+00:00,Lechia Gdansk,Pogon Szczecin,1,2026-09-20T20:34:25Z,CAPTURED,41,
1380612,DOMESTIC_LEAGUE,Poland,106,Ekstraklasa,2025,Regular Season - 26,2026-03-22T13:45:00+00:00,Lech Poznan,Nieciecza,1,2026-09-20T20:34:25Z,CAPTURED,37,
1380613,DOMESTIC_LEAGUE,Poland,106,Ekstraklasa,2025,Regular Season - 26,2026-03-22T19:15:00+00:00,Legia Warszawa,Raków Częstochowa,1,2026-09-20T20:34:25Z,CAPTURED,44,
1380614,DOMESTIC_LEAGUE,Poland,106,Ekstraklasa,2025,Regular Season - 26,2026-03-20T19:30:00+00:00,Motor Lublin,Zaglebie Lubin,1,2026-09-20T20:34:25Z,CAPTURED,44,
1380615,DOMESTIC_LEAGUE,Poland,106,Ekstraklasa,2025,Regular Season - 26,2026-03-20T17:00:00+00:00,Piast Gliwice,Radomiak Radom,1,2026-09-20T20:34:25Z,CAPTURED,43,
1380616,DOMESTIC_LEAGUE,Poland,106,Ekstraklasa,2025,Regular Season - 26,2026-03-22T16:30:00+00:00,Widzew Łódź,Gornik Zabrze,1,2026-09-20T20:34:25Z,CAPTURED,44,
1380617,DOMESTIC_LEAGUE,Poland,106,Ekstraklasa,2025,Regular Season - 26,2026-03-21T19:15:00+00:00,Jagiellonia,Wisla Plock,1,2026-09-20T20:34:25Z,CAPTURED,42,
1380618,DOMESTIC_LEAGUE,Poland,106,Ekstraklasa,2025,Regular Season - 27,2026-04-07T17:00:00+00:00,Arka Gdynia,Zaglebie Lubin,1,2026-09-20T20:34:25Z,CAPTURED,42,
1380619,DOMESTIC_LEAGUE,Poland,106,Ekstraklasa,2025,Regular Season - 27,2026-04-04T10:15:00+00:00,GKS Katowice,Wisla Plock,1,2026-09-20T20:34:25Z,CAPTURED,43,
1380620,DOMESTIC_LEAGUE,Poland,106,Ekstraklasa,2025,Regular Season - 27,2026-04-04T15:30:00+00:00,Gornik Zabrze,Cracovia Krakow,1,2026-09-20T20:34:25Z,CAPTURED,42,
1380621,DOMESTIC_LEAGUE,Poland,106,Ekstraklasa,2025,Regular Season - 27,2026-04-04T18:15:00+00:00,Jagiellonia,Lech Poznan,1,2026-09-20T20:34:25Z,CAPTURED,43,
1380622,DOMESTIC_LEAGUE,Poland,106,Ekstraklasa,2025,Regular Season - 27,2026-04-06T18:15:00+00:00,Lechia Gdansk,Korona Kielce,1,2026-09-20T20:34:25Z,CAPTURED,45,
1380623,DOMESTIC_LEAGUE,Poland,106,Ekstraklasa,2025,Regular Season - 27,2026-04-06T15:30:00+00:00,Pogon Szczecin,Legia Warszawa,1,2026-09-20T20:34:25Z,CAPTURED,43,
1380624,DOMESTIC_LEAGUE,Poland,106,Ekstraklasa,2025,Regular Season - 27,2026-04-06T12:45:00+00:00,Radomiak Radom,Motor Lublin,1,2026-09-20T20:34:25Z,CAPTURED,44,
1380625,DOMESTIC_LEAGUE,Poland,106,Ekstraklasa,2025,Regular Season - 27,2026-04-04T12:45:00+00:00,Raków Częstochowa,Widzew Łódź,1,2026-09-20T20:34:25Z,CAPTURED,43,
1380626,DOMESTIC_LEAGUE,Poland,106,Ekstraklasa,2025,Regular Season - 27,2026-04-06T10:15:00+00:00,Nieciecza,Piast Gliwice,1,2026-09-20T20:34:25Z,CAPTURED,39,
1380627,DOMESTIC_LEAGUE,Poland,106,Ekstraklasa,2025,Regular Season - 28,2026-04-12T10:15:00+00:00,Cracovia Krakow,Arka Gdynia,1,2026-09-20T20:34:25Z,CAPTURED,40,
1380628,DOMESTIC_LEAGUE,Poland,106,Ekstraklasa,2025,Regular Season - 28,2026-04-10T18:30:00+00:00,Korona Kielce,Jagiellonia,1,2026-09-20T20:34:25Z,CAPTURED,43,
1380629,DOMESTIC_LEAGUE,Poland,106,Ekstraklasa,2025,Regular Season - 28,2026-04-12T15:30:00+00:00,Lech Poznan,GKS Katowice,1,2026-09-20T20:34:25Z,CAPTURED,41,
1380630,DOMESTIC_LEAGUE,Poland,106,Ekstraklasa,2025,Regular Season - 28,2026-04-11T18:15:00+00:00,Legia Warszawa,Gornik Zabrze,1,2026-09-20T20:34:25Z,CAPTURED,43,
1380631,DOMESTIC_LEAGUE,Poland,106,Ekstraklasa,2025,Regular Season - 28,2026-04-12T12:45:00+00:00,Motor Lublin,Raków Częstochowa,1,2026-09-20T20:34:25Z,CAPTURED,42,
1380632,DOMESTIC_LEAGUE,Poland,106,Ekstraklasa,2025,Regular Season - 28,2026-04-13T17:00:00+00:00,Piast Gliwice,Pogon Szczecin,1,2026-09-20T20:34:25Z,CAPTURED,43,
1380633,DOMESTIC_LEAGUE,Poland,106,Ekstraklasa,2025,Regular Season - 28,2026-04-11T12:45:00+00:00,Widzew Łódź,Nieciecza,1,2026-09-20T20:34:25Z,CAPTURED,39,
1380634,DOMESTIC_LEAGUE,Poland,106,Ekstraklasa,2025,Regular Season - 28,2026-04-10T16:00:00+00:00,Wisla Plock,Lechia Gdansk,1,2026-09-20T20:34:25Z,CAPTURED,45,
1380635,DOMESTIC_LEAGUE,Poland,106,Ekstraklasa,2025,Regular Season - 28,2026-04-11T15:30:00+00:00,Zaglebie Lubin,Radomiak Radom,1,2026-09-20T20:34:25Z,CAPTURED,45,
1382626,DOMESTIC_LEAGUE,Belgium,144,Jupiler Pro League,2025,Regular Season - 26,2026-02-21T17:15:00+00:00,Club Brugge KV,OH Leuven,1,2026-09-20T20:34:25Z,CAPTURED,40,
1382627,DOMESTIC_LEAGUE,Belgium,144,Jupiler Pro League,2025,Regular Season - 26,2026-02-20T19:45:00+00:00,Gent,Cercle Brugge,1,2026-09-20T20:34:25Z,CAPTURED,40,
1382628,DOMESTIC_LEAGUE,Belgium,144,Jupiler Pro League,2025,Regular Season - 26,2026-02-22T15:00:00+00:00,RAAL La Louvière,KV Mechelen,1,2026-09-20T20:34:25Z,CAPTURED,40,
1382629,DOMESTIC_LEAGUE,Belgium,144,Jupiler Pro League,2025,Regular Season - 26,2026-02-21T19:45:00+00:00,Union St. Gilloise,Antwerp,1,2026-09-20T20:34:25Z,CAPTURED,40,
1382630,DOMESTIC_LEAGUE,Belgium,144,Jupiler Pro League,2025,Regular Season - 26,2026-02-22T18:15:00+00:00,KVC Westerlo,Charleroi,1,2026-09-20T20:34:25Z,CAPTURED,40,
1382631,DOMESTIC_LEAGUE,Belgium,144,Jupiler Pro League,2025,Regular Season - 26,2026-02-22T17:30:00+00:00,Zulte Waregem,Anderlecht,1,2026-09-20T20:34:25Z,CAPTURED,40,
1382632,DOMESTIC_LEAGUE,Belgium,144,Jupiler Pro League,2025,Regular Season - 26,2026-02-21T15:00:00+00:00,Dender,St. Truiden,1,2026-09-20T20:34:25Z,CAPTURED,40,
1382633,DOMESTIC_LEAGUE,Belgium,144,Jupiler Pro League,2025,Regular Season - 26,2026-02-22T12:30:00+00:00,Genk,Standard Liege,1,2026-09-20T20:34:25Z,CAPTURED,40,
1382634,DOMESTIC_LEAGUE,Belgium,144,Jupiler Pro League,2025,Regular Season - 27,2026-02-28T19:45:00+00:00,Anderlecht,OH Leuven,1,2026-09-20T20:34:25Z,CAPTURED,40,
1382635,DOMESTIC_LEAGUE,Belgium,144,Jupiler Pro League,2025,Regular Season - 27,2026-03-01T17:30:00+00:00,Charleroi,Club Brugge KV,1,2026-09-20T20:34:25Z,CAPTURED,40,
1382636,DOMESTIC_LEAGUE,Belgium,144,Jupiler Pro League,2025,Regular Season - 27,2026-03-01T12:30:00+00:00,Genk,Gent,1,2026-09-20T20:34:25Z,CAPTURED,40,
1382637,DOMESTIC_LEAGUE,Belgium,144,Jupiler Pro League,2025,Regular Season - 27,2026-02-28T15:00:00+00:00,KV Mechelen,Zulte Waregem,1,2026-09-20T20:34:25Z,CAPTURED,40,
1382638,DOMESTIC_LEAGUE,Belgium,144,Jupiler Pro League,2025,Regular Season - 27,2026-02-28T17:15:00+00:00,Antwerp,St. Truiden,1,2026-09-20T20:34:25Z,CAPTURED,40,
1382639,DOMESTIC_LEAGUE,Belgium,144,Jupiler Pro League,2025,Regular Season - 27,2026-03-01T18:15:00+00:00,Cercle Brugge,Dender,1,2026-09-20T20:34:25Z,CAPTURED,40,
1382640,DOMESTIC_LEAGUE,Belgium,144,Jupiler Pro League,2025,Regular Season - 27,2026-02-27T19:45:00+00:00,Standard Liege,RAAL La Louvière,1,2026-09-20T20:34:25Z,CAPTURED,40,
1382641,DOMESTIC_LEAGUE,Belgium,144,Jupiler Pro League,2025,Regular Season - 27,2026-03-01T15:00:00+00:00,KVC Westerlo,Union St. Gilloise,1,2026-09-20T20:34:25Z,CAPTURED,40,
1382642,DOMESTIC_LEAGUE,Belgium,144,Jupiler Pro League,2025,Regular Season - 28,2026-03-06T19:45:00+00:00,RAAL La Louvière,Antwerp,1,2026-09-20T20:34:25Z,CAPTURED,40,
1382643,DOMESTIC_LEAGUE,Belgium,144,Jupiler Pro League,2025,Regular Season - 28,2026-03-08T17:30:00+00:00,Zulte Waregem,Standard Liege,1,2026-09-20T20:34:25Z,CAPTURED,40,
1382644,DOMESTIC_LEAGUE,Belgium,144,Jupiler Pro League,2025,Regular Season - 28,2026-03-07T15:00:00+00:00,OH Leuven,KVC Westerlo,1,2026-09-20T20:34:25Z,CAPTURED,40,
1382645,DOMESTIC_LEAGUE,Belgium,144,Jupiler Pro League,2025,Regular Season - 28,2026-03-08T18:15:00+00:00,St. Truiden,Cercle Brugge,1,2026-09-20T20:34:25Z,CAPTURED,40,
1382646,DOMESTIC_LEAGUE,Belgium,144,Jupiler Pro League,2025,Regular Season - 28,2026-03-08T12:30:00+00:00,Club Brugge KV,Anderlecht,1,2026-09-20T20:34:25Z,CAPTURED,40,
1382647,DOMESTIC_LEAGUE,Belgium,144,Jupiler Pro League,2025,Regular Season - 28,2026-03-07T17:15:00+00:00,Dender,Charleroi,1,2026-09-20T20:34:25Z,CAPTURED,40,
1382648,DOMESTIC_LEAGUE,Belgium,144,Jupiler Pro League,2025,Regular Season - 28,2026-03-07T19:45:00+00:00,Union St. Gilloise,Genk,1,2026-09-20T20:34:25Z,CAPTURED,40,
1382649,DOMESTIC_LEAGUE,Belgium,144,Jupiler Pro League,2025,Regular Season - 28,2026-03-08T15:00:00+00:00,Gent,KV Mechelen,1,2026-09-20T20:34:25Z,CAPTURED,40,
1382650,DOMESTIC_LEAGUE,Belgium,144,Jupiler Pro League,2025,Regular Season - 29,2026-03-15T18:15:00+00:00,Cercle Brugge,RAAL La Louvière,1,2026-09-20T20:34:25Z,CAPTURED,40,
1382651,DOMESTIC_LEAGUE,Belgium,144,Jupiler Pro League,2025,Regular Season - 29,2026-03-13T19:45:00+00:00,Gent,Zulte Waregem,1,2026-09-20T20:34:25Z,CAPTURED,40,
1382652,DOMESTIC_LEAGUE,Belgium,144,Jupiler Pro League,2025,Regular Season - 29,2026-03-14T17:15:00+00:00,Union St. Gilloise,Dender,1,2026-09-20T20:34:25Z,CAPTURED,40,
1382653,DOMESTIC_LEAGUE,Belgium,144,Jupiler Pro League,2025,Regular Season - 29,2026-03-15T17:30:00+00:00,KV Mechelen,Anderlecht,1,2026-09-20T20:34:25Z,CAPTURED,40,
1382654,DOMESTIC_LEAGUE,Belgium,144,Jupiler Pro League,2025,Regular Season - 29,2026-03-14T19:45:00+00:00,KVC Westerlo,Club Brugge KV,1,2026-09-20T20:34:25Z,CAPTURED,40,
1382655,DOMESTIC_LEAGUE,Belgium,144,Jupiler Pro League,2025,Regular Season - 29,2026-03-15T12:30:00+00:00,Genk,St. Truiden,1,2026-09-20T20:34:25Z,CAPTURED,40,
1382656,DOMESTIC_LEAGUE,Belgium,144,Jupiler Pro League,2025,Regular Season - 29,2026-03-15T15:00:00+00:00,Antwerp,Standard Liege,1,2026-09-20T20:34:25Z,CAPTURED,40,
1382657,DOMESTIC_LEAGUE,Belgium,144,Jupiler Pro League,2025,Regular Season - 29,2026-03-14T15:00:00+00:00,Charleroi,OH Leuven,1,2026-09-20T20:34:25Z,CAPTURED,40,
1382658,DOMESTIC_LEAGUE,Belgium,144,Jupiler Pro League,2025,Regular Season - 30,2026-03-22T17:30:00+00:00,Anderlecht,Cercle Brugge,1,2026-09-20T20:34:25Z,CAPTURED,40,
1382659,DOMESTIC_LEAGUE,Belgium,144,Jupiler Pro League,2025,Regular Season - 30,2026-03-22T17:30:00+00:00,Dender,Gent,1,2026-09-20T20:34:25Z,CAPTURED,40,
1382660,DOMESTIC_LEAGUE,Belgium,144,Jupiler Pro League,2025,Regular Season - 30,2026-03-22T17:30:00+00:00,Zulte Waregem,Charleroi,1,2026-09-20T20:34:25Z,CAPTURED,40,
1382661,DOMESTIC_LEAGUE,Belgium,144,Jupiler Pro League,2025,Regular Season - 30,2026-03-22T17:30:00+00:00,Standard Liege,KVC Westerlo,1,2026-09-20T20:34:25Z,CAPTURED,40,
1382662,DOMESTIC_LEAGUE,Belgium,144,Jupiler Pro League,2025,Regular Season - 30,2026-03-22T17:30:00+00:00,RAAL La Louvière,Genk,1,2026-09-20T20:34:25Z,CAPTURED,40,
1382663,DOMESTIC_LEAGUE,Belgium,144,Jupiler Pro League,2025,Regular Season - 30,2026-03-22T17:30:00+00:00,OH Leuven,Antwerp,1,2026-09-20T20:34:25Z,CAPTURED,40,
1382664,DOMESTIC_LEAGUE,Belgium,144,Jupiler Pro League,2025,Regular Season - 30,2026-03-22T17:30:00+00:00,Club Brugge KV,KV Mechelen,1,2026-09-20T20:34:25Z,CAPTURED,40,
1382665,DOMESTIC_LEAGUE,Belgium,144,Jupiler Pro League,2025,Regular Season - 30,2026-03-22T17:30:00+00:00,St. Truiden,Union St. Gilloise,1,2026-09-20T20:34:25Z,CAPTURED,40,
1382799,DOMESTIC_LEAGUE,Scotland,179,Premiership,2025,1st Phase - 23,2026-03-03T19:45:00+00:00,Dundee Utd,ST Mirren,1,2026-09-20T20:34:25Z,CAPTURED,40,
1382810,DOMESTIC_LEAGUE,Scotland,179,Premiership,2025,1st Phase - 25,2026-03-04T20:00:00+00:00,Aberdeen,Celtic,1,2026-09-20T20:34:25Z,CAPTURED,39,
1382811,DOMESTIC_LEAGUE,Scotland,179,Premiership,2025,1st Phase - 25,2026-03-07T15:00:00+00:00,Dundee,Motherwell,1,2026-09-20T20:34:25Z,CAPTURED,40,
1382817,DOMESTIC_LEAGUE,Scotland,179,Premiership,2025,1st Phase - 26,2026-02-24T19:45:00+00:00,Dundee Utd,Aberdeen,1,2026-09-20T20:34:25Z,CAPTURED,40,
1382828,DOMESTIC_LEAGUE,Scotland,179,Premiership,2025,1st Phase - 28,2026-02-21T15:00:00+00:00,Aberdeen,Dundee,1,2026-09-20T20:34:25Z,CAPTURED,40,
1382829,DOMESTIC_LEAGUE,Scotland,179,Premiership,2025,1st Phase - 28,2026-02-22T15:00:00+00:00,Celtic,Hibernian,1,2026-09-20T20:34:25Z,CAPTURED,40,
1382830,DOMESTIC_LEAGUE,Scotland,179,Premiership,2025,1st Phase - 28,2026-02-21T15:00:00+00:00,Dundee Utd,Kilmarnock,1,2026-09-20T20:34:25Z,CAPTURED,40,
1382831,DOMESTIC_LEAGUE,Scotland,179,Premiership,2025,1st Phase - 28,2026-02-21T15:00:00+00:00,Heart Of Midlothian,Falkirk,1,2026-09-20T20:34:25Z,CAPTURED,40,
1382832,DOMESTIC_LEAGUE,Scotland,179,Premiership,2025,1st Phase - 28,2026-02-22T15:00:00+00:00,Livingston,Rangers,1,2026-09-20T20:34:25Z,CAPTURED,40,
1382833,DOMESTIC_LEAGUE,Scotland,179,Premiership,2025,1st Phase - 28,2026-02-21T19:30:00+00:00,ST Mirren,Motherwell,1,2026-09-20T20:34:25Z,CAPTURED,40,
1382834,DOMESTIC_LEAGUE,Scotland,179,Premiership,2025,1st Phase - 29,2026-02-28T15:00:00+00:00,Dundee,Hibernian,1,2026-09-20T20:34:25Z,CAPTURED,40,
1382835,DOMESTIC_LEAGUE,Scotland,179,Premiership,2025,1st Phase - 29,2026-02-28T15:00:00+00:00,Falkirk,Kilmarnock,1,2026-09-20T20:34:25Z,CAPTURED,40,
1382836,DOMESTIC_LEAGUE,Scotland,179,Premiership,2025,1st Phase - 29,2026-02-28T15:00:00+00:00,Heart Of Midlothian,Aberdeen,1,2026-09-20T20:34:25Z,CAPTURED,40,
1382837,DOMESTIC_LEAGUE,Scotland,179,Premiership,2025,1st Phase - 29,2026-02-28T15:00:00+00:00,Livingston,ST Mirren,1,2026-09-20T20:34:25Z,CAPTURED,40,
1382838,DOMESTIC_LEAGUE,Scotland,179,Premiership,2025,1st Phase - 29,2026-02-28T15:00:00+00:00,Motherwell,Dundee Utd,1,2026-09-20T20:34:25Z,CAPTURED,40,
1382839,DOMESTIC_LEAGUE,Scotland,179,Premiership,2025,1st Phase - 29,2026-03-01T12:00:00+00:00,Rangers,Celtic,1,2026-09-20T20:34:25Z,CAPTURED,40,
1382840,DOMESTIC_LEAGUE,Scotland,179,Premiership,2025,1st Phase - 30,2026-03-14T15:00:00+00:00,Aberdeen,Falkirk,1,2026-09-20T20:34:25Z,CAPTURED,40,
1382841,DOMESTIC_LEAGUE,Scotland,179,Premiership,2025,1st Phase - 30,2026-03-14T15:00:00+00:00,Celtic,Motherwell,1,2026-09-20T20:34:25Z,CAPTURED,40,
1382842,DOMESTIC_LEAGUE,Scotland,179,Premiership,2025,1st Phase - 30,2026-03-15T14:00:00+00:00,Dundee,Dundee Utd,1,2026-09-20T20:34:25Z,CAPTURED,40,
1382843,DOMESTIC_LEAGUE,Scotland,179,Premiership,2025,1st Phase - 30,2026-03-14T15:00:00+00:00,Hibernian,Livingston,1,2026-09-20T20:34:25Z,CAPTURED,40,
1382844,DOMESTIC_LEAGUE,Scotland,179,Premiership,2025,1st Phase - 30,2026-03-14T20:00:00+00:00,Kilmarnock,Heart Of Midlothian,1,2026-09-20T20:34:25Z,CAPTURED,40,
1382845,DOMESTIC_LEAGUE,Scotland,179,Premiership,2025,1st Phase - 30,2026-03-15T12:00:00+00:00,ST Mirren,Rangers,1,2026-09-20T20:34:25Z,CAPTURED,40,
1382846,DOMESTIC_LEAGUE,Scotland,179,Premiership,2025,1st Phase - 31,2026-03-22T12:30:00+00:00,Dundee Utd,Celtic,1,2026-09-20T20:34:25Z,CAPTURED,40,
1382847,DOMESTIC_LEAGUE,Scotland,179,Premiership,2025,1st Phase - 31,2026-03-21T15:00:00+00:00,Falkirk,ST Mirren,1,2026-09-20T20:34:25Z,CAPTURED,40,
1382848,DOMESTIC_LEAGUE,Scotland,179,Premiership,2025,1st Phase - 31,2026-03-21T15:00:00+00:00,Heart Of Midlothian,Dundee,1,2026-09-20T20:34:25Z,CAPTURED,40,
1382849,DOMESTIC_LEAGUE,Scotland,179,Premiership,2025,1st Phase - 31,2026-03-21T15:00:00+00:00,Kilmarnock,Livingston,1,2026-09-20T20:34:25Z,CAPTURED,40,
1382850,DOMESTIC_LEAGUE,Scotland,179,Premiership,2025,1st Phase - 31,2026-03-21T15:00:00+00:00,Motherwell,Hibernian,1,2026-09-20T20:34:25Z,CAPTURED,40,
1382851,DOMESTIC_LEAGUE,Scotland,179,Premiership,2025,1st Phase - 31,2026-03-21T17:45:00+00:00,Rangers,Aberdeen,1,2026-09-20T20:34:25Z,CAPTURED,40,
1382852,DOMESTIC_LEAGUE,Scotland,179,Premiership,2025,1st Phase - 32,2026-04-05T15:30:00+00:00,Dundee,Celtic,1,2026-09-20T20:34:25Z,CAPTURED,40,
1382853,DOMESTIC_LEAGUE,Scotland,179,Premiership,2025,1st Phase - 32,2026-04-04T14:00:00+00:00,Hibernian,Kilmarnock,1,2026-09-20T20:34:25Z,CAPTURED,40,
1382854,DOMESTIC_LEAGUE,Scotland,179,Premiership,2025,1st Phase - 32,2026-04-05T13:00:00+00:00,Livingston,Heart Of Midlothian,1,2026-09-20T20:34:25Z,CAPTURED,40,
1382855,DOMESTIC_LEAGUE,Scotland,179,Premiership,2025,1st Phase - 32,2026-04-04T14:00:00+00:00,Motherwell,Falkirk,1,2026-09-20T20:34:25Z,CAPTURED,40,
1382856,DOMESTIC_LEAGUE,Scotland,179,Premiership,2025,1st Phase - 32,2026-04-04T14:00:00+00:00,Rangers,Dundee Utd,1,2026-09-20T20:34:25Z,CAPTURED,40,
1382857,DOMESTIC_LEAGUE,Scotland,179,Premiership,2025,1st Phase - 32,2026-04-04T14:00:00+00:00,ST Mirren,Aberdeen,1,2026-09-20T20:34:25Z,CAPTURED,40,
1382858,DOMESTIC_LEAGUE,Scotland,179,Premiership,2025,1st Phase - 33,2026-04-11T14:00:00+00:00,Aberdeen,Hibernian,1,2026-09-20T20:34:25Z,CAPTURED,40,
1382859,DOMESTIC_LEAGUE,Scotland,179,Premiership,2025,1st Phase - 33,2026-04-11T14:00:00+00:00,Celtic,ST Mirren,1,2026-09-20T20:34:25Z,CAPTURED,40,
1382860,DOMESTIC_LEAGUE,Scotland,179,Premiership,2025,1st Phase - 33,2026-04-11T14:00:00+00:00,Dundee Utd,Livingston,1,2026-09-20T20:34:25Z,CAPTURED,40,
1382861,DOMESTIC_LEAGUE,Scotland,179,Premiership,2025,1st Phase - 33,2026-04-12T11:00:00+00:00,Falkirk,Rangers,1,2026-09-20T20:34:25Z,CAPTURED,40,
1382862,DOMESTIC_LEAGUE,Scotland,179,Premiership,2025,1st Phase - 33,2026-04-11T14:00:00+00:00,Heart Of Midlothian,Motherwell,1,2026-09-20T20:34:25Z,CAPTURED,40,
1382863,DOMESTIC_LEAGUE,Scotland,179,Premiership,2025,1st Phase - 33,2026-04-11T14:00:00+00:00,Kilmarnock,Dundee,1,2026-09-20T20:34:25Z,CAPTURED,40,
1390138,DOMESTIC_LEAGUE,Austria,218,Bundesliga,2025,Regular Season - 20,2026-02-22T13:30:00+00:00,WSG Wattens,Ried,1,2026-09-20T20:34:25Z,CAPTURED,40,
1390139,DOMESTIC_LEAGUE,Austria,218,Bundesliga,2025,Regular Season - 20,2026-02-22T13:30:00+00:00,Sturm Graz,FC BW Linz,1,2026-09-20T20:34:25Z,CAPTURED,40,
1390140,DOMESTIC_LEAGUE,Austria,218,Bundesliga,2025,Regular Season - 20,2026-02-21T16:00:00+00:00,Rapid Vienna,Wolfsberger AC,1,2026-09-20T20:34:25Z,CAPTURED,40,
1390141,DOMESTIC_LEAGUE,Austria,218,Bundesliga,2025,Regular Season - 20,2026-02-21T16:00:00+00:00,TSV Hartberg,Grazer AK,1,2026-09-20T20:34:25Z,CAPTURED,40,
1390142,DOMESTIC_LEAGUE,Austria,218,Bundesliga,2025,Regular Season - 20,2026-02-22T16:00:00+00:00,Lask Linz,Red Bull Salzburg,1,2026-09-20T20:34:25Z,CAPTURED,39,
1390143,DOMESTIC_LEAGUE,Austria,218,Bundesliga,2025,Regular Season - 20,2026-02-21T16:00:00+00:00,SCR Altach,Austria Vienna,1,2026-09-20T20:34:25Z,CAPTURED,40,
1390144,DOMESTIC_LEAGUE,Austria,218,Bundesliga,2025,Regular Season - 21,2026-03-01T16:00:00+00:00,Grazer AK,Ried,1,2026-09-20T20:34:25Z,CAPTURED,40,
1390145,DOMESTIC_LEAGUE,Austria,218,Bundesliga,2025,Regular Season - 21,2026-03-01T16:00:00+00:00,Wolfsberger AC,Sturm Graz,1,2026-09-20T20:34:25Z,CAPTURED,39,
1390146,DOMESTIC_LEAGUE,Austria,218,Bundesliga,2025,Regular Season - 21,2026-03-01T16:00:00+00:00,SCR Altach,Rapid Vienna,1,2026-09-20T20:34:25Z,CAPTURED,40,
1390147,DOMESTIC_LEAGUE,Austria,218,Bundesliga,2025,Regular Season - 21,2026-03-01T16:00:00+00:00,Austria Vienna,Lask Linz,1,2026-09-20T20:34:25Z,CAPTURED,40,
1390148,DOMESTIC_LEAGUE,Austria,218,Bundesliga,2025,Regular Season - 21,2026-03-01T16:00:00+00:00,Red Bull Salzburg,TSV Hartberg,1,2026-09-20T20:34:25Z,CAPTURED,40,
1390149,DOMESTIC_LEAGUE,Austria,218,Bundesliga,2025,Regular Season - 21,2026-03-01T16:00:00+00:00,FC BW Linz,WSG Wattens,1,2026-09-20T20:34:25Z,CAPTURED,40,
1390150,DOMESTIC_LEAGUE,Austria,218,Bundesliga,2025,Regular Season - 22,2026-03-08T16:00:00+00:00,Lask Linz,Wolfsberger AC,1,2026-09-20T20:34:25Z,CAPTURED,40,
1390151,DOMESTIC_LEAGUE,Austria,218,Bundesliga,2025,Regular Season - 22,2026-03-08T16:00:00+00:00,Rapid Vienna,Red Bull Salzburg,1,2026-09-20T20:34:25Z,CAPTURED,40,
1390152,DOMESTIC_LEAGUE,Austria,218,Bundesliga,2025,Regular Season - 22,2026-03-08T16:00:00+00:00,TSV Hartberg,FC BW Linz,1,2026-09-20T20:34:25Z,CAPTURED,40,
1390153,DOMESTIC_LEAGUE,Austria,218,Bundesliga,2025,Regular Season - 22,2026-03-08T16:00:00+00:00,WSG Wattens,Grazer AK,1,2026-09-20T20:34:25Z,CAPTURED,40,
1390154,DOMESTIC_LEAGUE,Austria,218,Bundesliga,2025,Regular Season - 22,2026-03-08T16:00:00+00:00,Ried,Austria Vienna,1,2026-09-20T20:34:25Z,CAPTURED,40,
1390155,DOMESTIC_LEAGUE,Austria,218,Bundesliga,2025,Regular Season - 22,2026-03-08T16:00:00+00:00,Sturm Graz,SCR Altach,1,2026-09-20T20:34:25Z,CAPTURED,40,
1530529,DOMESTIC_LEAGUE,Denmark,119,Superliga,2025,Relegation Group - 23,2026-03-13T18:00:00+00:00,FC Fredericia,Randers FC,1,2026-09-20T20:34:25Z,CAPTURED,40,
1530530,DOMESTIC_LEAGUE,Denmark,119,Superliga,2025,Relegation Group - 23,2026-03-15T13:00:00+00:00,Odense,FC Copenhagen,1,2026-09-20T20:34:25Z,CAPTURED,40,
1530531,DOMESTIC_LEAGUE,Denmark,119,Superliga,2025,Relegation Group - 23,2026-03-16T18:00:00+00:00,Silkeborg,Vejle,1,2026-09-20T20:34:25Z,CAPTURED,40,
1530532,DOMESTIC_LEAGUE,Denmark,119,Superliga,2025,Relegation Group - 24,2026-03-20T18:00:00+00:00,Vejle,Odense,1,2026-09-20T20:34:25Z,CAPTURED,40,
1530533,DOMESTIC_LEAGUE,Denmark,119,Superliga,2025,Relegation Group - 24,2026-03-22T13:00:00+00:00,Randers FC,Silkeborg,1,2026-09-20T20:34:25Z,CAPTURED,40,
1530534,DOMESTIC_LEAGUE,Denmark,119,Superliga,2025,Relegation Group - 24,2026-03-22T15:00:00+00:00,FC Copenhagen,FC Fredericia,1,2026-09-20T20:34:25Z,CAPTURED,40,
1530535,DOMESTIC_LEAGUE,Denmark,119,Superliga,2025,Relegation Group - 25,2026-04-05T16:00:00+00:00,FC Copenhagen,Silkeborg,1,2026-09-20T20:34:25Z,CAPTURED,40,
1530536,DOMESTIC_LEAGUE,Denmark,119,Superliga,2025,Relegation Group - 25,2026-04-06T12:00:00+00:00,Vejle,Randers FC,1,2026-09-20T20:34:25Z,CAPTURED,40,
1530537,DOMESTIC_LEAGUE,Denmark,119,Superliga,2025,Relegation Group - 25,2026-04-06T14:00:00+00:00,Odense,FC Fredericia,1,2026-09-20T20:34:25Z,CAPTURED,40,
1530538,DOMESTIC_LEAGUE,Denmark,119,Superliga,2025,Relegation Group - 26,2026-04-12T12:00:00+00:00,Silkeborg,Odense,1,2026-09-20T20:34:25Z,CAPTURED,40,
1530539,DOMESTIC_LEAGUE,Denmark,119,Superliga,2025,Relegation Group - 26,2026-04-12T16:00:00+00:00,Randers FC,FC Copenhagen,1,2026-09-20T20:34:25Z,CAPTURED,40,
1530540,DOMESTIC_LEAGUE,Denmark,119,Superliga,2025,Relegation Group - 26,2026-04-13T17:00:00+00:00,FC Fredericia,Vejle,1,2026-09-20T20:34:25Z,CAPTURED,40,
1530559,DOMESTIC_LEAGUE,Denmark,119,Superliga,2025,Championship Group - 23,2026-03-15T13:00:00+00:00,FC Midtjylland,FC Nordsjaelland,1,2026-09-20T20:34:25Z,CAPTURED,40,
1530560,DOMESTIC_LEAGUE,Denmark,119,Superliga,2025,Championship Group - 23,2026-03-15T15:00:00+00:00,Sonderjyske,Aarhus,1,2026-09-20T20:34:25Z,CAPTURED,40,
1530561,DOMESTIC_LEAGUE,Denmark,119,Superliga,2025,Championship Group - 23,2026-03-15T17:00:00+00:00,Brondby,Viborg,1,2026-09-20T20:34:25Z,CAPTURED,40,
1530562,DOMESTIC_LEAGUE,Denmark,119,Superliga,2025,Championship Group - 24,2026-03-22T13:00:00+00:00,FC Nordsjaelland,Sonderjyske,1,2026-09-20T20:34:25Z,CAPTURED,40,
1530563,DOMESTIC_LEAGUE,Denmark,119,Superliga,2025,Championship Group - 24,2026-03-22T17:00:00+00:00,Aarhus,Brondby,1,2026-09-20T20:34:25Z,CAPTURED,40,
1530564,DOMESTIC_LEAGUE,Denmark,119,Superliga,2025,Championship Group - 24,2026-03-22T19:00:00+00:00,Viborg,FC Midtjylland,1,2026-09-20T20:34:25Z,CAPTURED,40,
1530565,DOMESTIC_LEAGUE,Denmark,119,Superliga,2025,Championship Group - 25,2026-04-04T16:00:00+00:00,FC Midtjylland,Sonderjyske,1,2026-09-20T20:34:25Z,CAPTURED,40,
1530566,DOMESTIC_LEAGUE,Denmark,119,Superliga,2025,Championship Group - 25,2026-04-06T16:00:00+00:00,Viborg,Aarhus,1,2026-09-20T20:34:25Z,CAPTURED,40,
1530567,DOMESTIC_LEAGUE,Denmark,119,Superliga,2025,Championship Group - 25,2026-04-07T17:00:00+00:00,FC Nordsjaelland,Brondby,1,2026-09-20T20:34:25Z,CAPTURED,40,
1530568,DOMESTIC_LEAGUE,Denmark,119,Superliga,2025,Championship Group - 26,2026-04-10T17:00:00+00:00,Aarhus,FC Nordsjaelland,1,2026-09-20T20:34:25Z,CAPTURED,40,
1530569,DOMESTIC_LEAGUE,Denmark,119,Superliga,2025,Championship Group - 26,2026-04-12T12:00:00+00:00,Sonderjyske,Viborg,1,2026-09-20T20:34:25Z,CAPTURED,40,
1530570,DOMESTIC_LEAGUE,Denmark,119,Superliga,2025,Championship Group - 26,2026-04-12T14:00:00+00:00,Brondby,FC Midtjylland,1,2026-09-20T20:34:25Z,CAPTURED,40,
1531166,DOMESTIC_LEAGUE,Austria,218,Bundesliga,2025,Championship Group - 23,2026-03-13T18:30:00+00:00,Lask Linz,TSV Hartberg,1,2026-09-20T20:34:25Z,CAPTURED,40,
1531167,DOMESTIC_LEAGUE,Austria,218,Bundesliga,2025,Relegation Group - 23,2026-03-14T16:00:00+00:00,Ried,WSG Wattens,1,2026-09-20T20:34:25Z,CAPTURED,40,
1531168,DOMESTIC_LEAGUE,Austria,218,Bundesliga,2025,Relegation Group - 23,2026-03-14T16:00:00+00:00,Grazer AK,Wolfsberger AC,1,2026-09-20T20:34:25Z,CAPTURED,40,
1531169,DOMESTIC_LEAGUE,Austria,218,Bundesliga,2025,Relegation Group - 23,2026-03-14T16:00:00+00:00,SCR Altach,FC BW Linz,1,2026-09-20T20:34:25Z,CAPTURED,40,
1531170,DOMESTIC_LEAGUE,Austria,218,Bundesliga,2025,Championship Group - 23,2026-03-15T13:30:00+00:00,Red Bull Salzburg,Rapid Vienna,1,2026-09-20T20:34:25Z,CAPTURED,40,
1531171,DOMESTIC_LEAGUE,Austria,218,Bundesliga,2025,Championship Group - 23,2026-03-15T16:00:00+00:00,Austria Vienna,Sturm Graz,1,2026-09-20T20:34:25Z,CAPTURED,40,
1531233,DOMESTIC_LEAGUE,Austria,218,Bundesliga,2025,Championship Group - 24,2026-03-20T18:30:00+00:00,Sturm Graz,Red Bull Salzburg,1,2026-09-20T20:34:25Z,CAPTURED,40,
1531234,DOMESTIC_LEAGUE,Austria,218,Bundesliga,2025,Championship Group - 24,2026-03-22T13:30:00+00:00,TSV Hartberg,Austria Vienna,1,2026-09-20T20:34:25Z,CAPTURED,40,
1531235,DOMESTIC_LEAGUE,Austria,218,Bundesliga,2025,Championship Group - 24,2026-03-22T16:00:00+00:00,Rapid Vienna,Lask Linz,1,2026-09-20T20:34:25Z,CAPTURED,40,
1531236,DOMESTIC_LEAGUE,Austria,218,Bundesliga,2025,Championship Group - 25,2026-04-05T12:30:00+00:00,TSV Hartberg,Red Bull Salzburg,1,2026-09-20T20:34:25Z,CAPTURED,39,
1531237,DOMESTIC_LEAGUE,Austria,218,Bundesliga,2025,Championship Group - 25,2026-04-05T12:30:00+00:00,Lask Linz,Austria Vienna,1,2026-09-20T20:34:25Z,CAPTURED,39,
1531238,DOMESTIC_LEAGUE,Austria,218,Bundesliga,2025,Championship Group - 25,2026-04-05T15:00:00+00:00,Rapid Vienna,Sturm Graz,1,2026-09-20T20:34:25Z,CAPTURED,40,
1531239,DOMESTIC_LEAGUE,Austria,218,Bundesliga,2025,Championship Group - 26,2026-04-10T17:30:00+00:00,Red Bull Salzburg,Lask Linz,1,2026-09-20T20:34:25Z,CAPTURED,40,
1531240,DOMESTIC_LEAGUE,Austria,218,Bundesliga,2025,Championship Group - 26,2026-04-12T12:30:00+00:00,Sturm Graz,TSV Hartberg,1,2026-09-20T20:34:25Z,CAPTURED,40,
1531241,DOMESTIC_LEAGUE,Austria,218,Bundesliga,2025,Championship Group - 26,2026-04-12T15:00:00+00:00,Austria Vienna,Rapid Vienna,1,2026-09-20T20:34:25Z,CAPTURED,40,
1531260,DOMESTIC_LEAGUE,Austria,218,Bundesliga,2025,Relegation Group - 24,2026-03-21T16:00:00+00:00,FC BW Linz,Ried,1,2026-09-20T20:34:25Z,CAPTURED,40,
1531261,DOMESTIC_LEAGUE,Austria,218,Bundesliga,2025,Relegation Group - 24,2026-03-21T16:00:00+00:00,WSG Wattens,Grazer AK,1,2026-09-20T20:34:25Z,CAPTURED,40,
1531262,DOMESTIC_LEAGUE,Austria,218,Bundesliga,2025,Relegation Group - 24,2026-03-21T16:00:00+00:00,Wolfsberger AC,SCR Altach,1,2026-09-20T20:34:25Z,CAPTURED,40,
1531263,DOMESTIC_LEAGUE,Austria,218,Bundesliga,2025,Relegation Group - 25,2026-04-03T17:30:00+00:00,Ried,SCR Altach,1,2026-09-20T20:34:25Z,CAPTURED,40,
1531264,DOMESTIC_LEAGUE,Austria,218,Bundesliga,2025,Relegation Group - 25,2026-04-04T15:00:00+00:00,Grazer AK,FC BW Linz,1,2026-09-20T20:34:25Z,CAPTURED,40,
1531265,DOMESTIC_LEAGUE,Austria,218,Bundesliga,2025,Relegation Group - 25,2026-04-04T15:00:00+00:00,WSG Wattens,Wolfsberger AC,1,2026-09-20T20:34:25Z,CAPTURED,40,
1531266,DOMESTIC_LEAGUE,Austria,218,Bundesliga,2025,Relegation Group - 26,2026-04-11T15:00:00+00:00,SCR Altach,Grazer AK,1,2026-09-20T20:34:25Z,CAPTURED,40,
1531267,DOMESTIC_LEAGUE,Austria,218,Bundesliga,2025,Relegation Group - 26,2026-04-11T15:00:00+00:00,Wolfsberger AC,Ried,1,2026-09-20T20:34:25Z,CAPTURED,40,
1531268,DOMESTIC_LEAGUE,Austria,218,Bundesliga,2025,Relegation Group - 26,2026-04-11T17:30:00+00:00,FC BW Linz,WSG Wattens,1,2026-09-20T20:34:25Z,CAPTURED,40,
1536936,DOMESTIC_LEAGUE,Belgium,144,Jupiler Pro League,2025,Conference League Group - 31,2026-04-03T18:45:00+00:00,Antwerp,Genk,1,2026-09-20T20:34:25Z,CAPTURED,40,
1536937,DOMESTIC_LEAGUE,Belgium,144,Jupiler Pro League,2025,Conference League Group - 31,2026-04-04T16:15:00+00:00,OH Leuven,Standard Liege,1,2026-09-20T20:34:25Z,CAPTURED,40,
1536938,DOMESTIC_LEAGUE,Belgium,144,Jupiler Pro League,2025,Conference League Group - 31,2026-04-05T16:30:00+00:00,KVC Westerlo,Charleroi,1,2026-09-20T20:34:25Z,CAPTURED,40,
1536939,DOMESTIC_LEAGUE,Belgium,144,Jupiler Pro League,2025,Conference League Group - 32,2026-04-10T18:45:00+00:00,Charleroi,Antwerp,1,2026-09-20T20:34:25Z,CAPTURED,40,
1536940,DOMESTIC_LEAGUE,Belgium,144,Jupiler Pro League,2025,Conference League Group - 32,2026-04-11T16:15:00+00:00,Standard Liege,KVC Westerlo,1,2026-09-20T20:34:25Z,CAPTURED,40,
1536941,DOMESTIC_LEAGUE,Belgium,144,Jupiler Pro League,2025,Conference League Group - 32,2026-04-12T14:00:00+00:00,Genk,OH Leuven,1,2026-09-20T20:34:25Z,CAPTURED,40,
1536966,DOMESTIC_LEAGUE,Belgium,144,Jupiler Pro League,2025,Relegation Group - 31,2026-04-04T14:00:00+00:00,Zulte Waregem,Cercle Brugge,1,2026-09-20T20:34:25Z,CAPTURED,40,
1536967,DOMESTIC_LEAGUE,Belgium,144,Jupiler Pro League,2025,Relegation Group - 31,2026-04-06T14:00:00+00:00,RAAL La Louvière,Dender,1,2026-09-20T20:34:25Z,CAPTURED,40,
1536968,DOMESTIC_LEAGUE,Belgium,144,Jupiler Pro League,2025,Relegation Group - 32,2026-04-11T14:00:00+00:00,Cercle Brugge,RAAL La Louvière,1,2026-09-20T20:34:25Z,CAPTURED,40,
1536969,DOMESTIC_LEAGUE,Belgium,144,Jupiler Pro League,2025,Relegation Group - 32,2026-04-12T17:15:00+00:00,Dender,Zulte Waregem,1,2026-09-20T20:34:25Z,CAPTURED,38,
1536978,DOMESTIC_LEAGUE,Belgium,144,Jupiler Pro League,2025,Championship Group - 31,2026-04-04T18:45:00+00:00,Union St. Gilloise,St. Truiden,1,2026-09-20T20:34:25Z,CAPTURED,40,
1536979,DOMESTIC_LEAGUE,Belgium,144,Jupiler Pro League,2025,Championship Group - 31,2026-04-06T11:30:00+00:00,Club Brugge KV,Anderlecht,1,2026-09-20T20:34:25Z,CAPTURED,40,
1536980,DOMESTIC_LEAGUE,Belgium,144,Jupiler Pro League,2025,Championship Group - 31,2026-04-06T16:30:00+00:00,Gent,KV Mechelen,1,2026-09-20T20:34:25Z,CAPTURED,40,
1536981,DOMESTIC_LEAGUE,Belgium,144,Jupiler Pro League,2025,Championship Group - 32,2026-04-12T11:30:00+00:00,KV Mechelen,Union St. Gilloise,1,2026-09-20T20:34:25Z,CAPTURED,40,
1536982,DOMESTIC_LEAGUE,Belgium,144,Jupiler Pro League,2025,Championship Group - 32,2026-04-11T18:45:00+00:00,St. Truiden,Club Brugge KV,1,2026-09-20T20:34:25Z,CAPTURED,40,
1536983,DOMESTIC_LEAGUE,Belgium,144,Jupiler Pro League,2025,Championship Group - 32,2026-04-12T16:30:00+00:00,Anderlecht,Gent,1,2026-09-20T20:34:25Z,CAPTURED,40,
1380636,DOMESTIC_LEAGUE,Poland,106,Ekstraklasa,2025,Regular Season - 29,2026-04-19T15:30:00+00:00,Arka Gdynia,Jagiellonia,1,2026-09-21T00:41:44Z,CAPTURED,43,
1380637,DOMESTIC_LEAGUE,Poland,106,Ekstraklasa,2025,Regular Season - 29,2026-04-17T16:00:00+00:00,GKS Katowice,Motor Lublin,1,2026-09-21T00:41:44Z,CAPTURED,42,
1380638,DOMESTIC_LEAGUE,Poland,106,Ekstraklasa,2025,Regular Season - 29,2026-04-18T15:30:00+00:00,Gornik Zabrze,Korona Kielce,1,2026-09-21T00:41:44Z,CAPTURED,45,
1380639,DOMESTIC_LEAGUE,Poland,106,Ekstraklasa,2025,Regular Season - 29,2026-04-20T17:00:00+00:00,Lechia Gdansk,Piast Gliwice,1,2026-09-21T00:41:44Z,CAPTURED,42,
1380640,DOMESTIC_LEAGUE,Poland,106,Ekstraklasa,2025,Regular Season - 29,2026-04-17T18:30:00+00:00,Legia Warszawa,Zaglebie Lubin,1,2026-09-21T00:41:44Z,CAPTURED,41,
1380641,DOMESTIC_LEAGUE,Poland,106,Ekstraklasa,2025,Regular Season - 29,2026-04-18T18:15:00+00:00,Pogon Szczecin,Lech Poznan,1,2026-09-21T00:41:44Z,CAPTURED,41,
1380642,DOMESTIC_LEAGUE,Poland,106,Ekstraklasa,2025,Regular Season - 29,2026-04-18T12:45:00+00:00,Radomiak Radom,Widzew Łódź,1,2026-09-21T00:41:44Z,CAPTURED,45,
1380643,DOMESTIC_LEAGUE,Poland,106,Ekstraklasa,2025,Regular Season - 29,2026-04-19T12:45:00+00:00,Raków Częstochowa,Cracovia Krakow,1,2026-09-21T00:41:44Z,CAPTURED,40,
1380644,DOMESTIC_LEAGUE,Poland,106,Ekstraklasa,2025,Regular Season - 29,2026-04-19T10:15:00+00:00,Nieciecza,Wisla Plock,1,2026-09-21T00:41:44Z,CAPTURED,44,
1380645,DOMESTIC_LEAGUE,Poland,106,Ekstraklasa,2025,Regular Season - 30,2026-04-25T18:15:00+00:00,Cracovia Krakow,Pogon Szczecin,1,2026-09-21T00:41:44Z,CAPTURED,42,
1380646,DOMESTIC_LEAGUE,Poland,106,Ekstraklasa,2025,Regular Season - 30,2026-04-24T18:30:00+00:00,Jagiellonia,Gornik Zabrze,1,2026-09-21T00:41:44Z,CAPTURED,44,
1380647,DOMESTIC_LEAGUE,Poland,106,Ekstraklasa,2025,Regular Season - 30,2026-04-25T12:45:00+00:00,Korona Kielce,GKS Katowice,1,2026-09-21T00:41:44Z,CAPTURED,42,
1380648,DOMESTIC_LEAGUE,Poland,106,Ekstraklasa,2025,Regular Season - 30,2026-04-25T15:30:00+00:00,Lechia Gdansk,Raków Częstochowa,1,2026-09-21T00:41:44Z,CAPTURED,44,
1380649,DOMESTIC_LEAGUE,Poland,106,Ekstraklasa,2025,Regular Season - 30,2026-04-26T15:30:00+00:00,Lech Poznan,Legia Warszawa,1,2026-09-21T00:41:44Z,CAPTURED,44,
1380650,DOMESTIC_LEAGUE,Poland,106,Ekstraklasa,2025,Regular Season - 30,2026-04-27T17:00:00+00:00,Piast Gliwice,Arka Gdynia,1,2026-09-21T00:41:44Z,CAPTURED,43,
1380651,DOMESTIC_LEAGUE,Poland,106,Ekstraklasa,2025,Regular Season - 30,2026-04-26T12:45:00+00:00,Widzew Łódź,Motor Lublin,1,2026-09-21T00:41:44Z,CAPTURED,43,
1380652,DOMESTIC_LEAGUE,Poland,106,Ekstraklasa,2025,Regular Season - 30,2026-04-26T10:15:00+00:00,Wisla Plock,Radomiak Radom,1,2026-09-21T00:41:44Z,CAPTURED,46,
1380653,DOMESTIC_LEAGUE,Poland,106,Ekstraklasa,2025,Regular Season - 30,2026-04-24T16:00:00+00:00,Zaglebie Lubin,Nieciecza,1,2026-09-21T00:41:44Z,CAPTURED,40,
1380654,DOMESTIC_LEAGUE,Poland,106,Ekstraklasa,2025,Regular Season - 31,2026-05-13T16:00:00+00:00,Arka Gdynia,Gornik Zabrze,1,2026-09-21T00:41:44Z,CAPTURED,43,
1380655,DOMESTIC_LEAGUE,Poland,106,Ekstraklasa,2025,Regular Season - 31,2026-05-03T10:15:00+00:00,GKS Katowice,Nieciecza,1,2026-09-21T00:41:44Z,CAPTURED,42,
1380656,DOMESTIC_LEAGUE,Poland,106,Ekstraklasa,2025,Regular Season - 31,2026-05-01T15:30:00+00:00,Korona Kielce,Piast Gliwice,1,2026-09-21T00:41:44Z,CAPTURED,45,
1380657,DOMESTIC_LEAGUE,Poland,106,Ekstraklasa,2025,Regular Season - 31,2026-05-01T18:30:00+00:00,Legia Warszawa,Widzew Łódź,1,2026-09-21T00:41:44Z,CAPTURED,43,
1380658,DOMESTIC_LEAGUE,Poland,106,Ekstraklasa,2025,Regular Season - 31,2026-05-02T18:15:00+00:00,Motor Lublin,Lech Poznan,1,2026-09-21T00:41:44Z,CAPTURED,44,
1380659,DOMESTIC_LEAGUE,Poland,106,Ekstraklasa,2025,Regular Season - 31,2026-05-03T15:30:00+00:00,Pogon Szczecin,Wisla Plock,1,2026-09-21T00:41:44Z,CAPTURED,45,
1380660,DOMESTIC_LEAGUE,Poland,106,Ekstraklasa,2025,Regular Season - 31,2026-05-04T17:00:00+00:00,Radomiak Radom,Lechia Gdansk,1,2026-09-21T00:41:44Z,CAPTURED,42,
1380661,DOMESTIC_LEAGUE,Poland,106,Ekstraklasa,2025,Regular Season - 31,2026-05-13T18:30:00+00:00,Raków Częstochowa,Jagiellonia,1,2026-09-21T00:41:44Z,CAPTURED,45,
1380662,DOMESTIC_LEAGUE,Poland,106,Ekstraklasa,2025,Regular Season - 31,2026-05-03T12:45:00+00:00,Zaglebie Lubin,Cracovia Krakow,1,2026-09-21T00:41:44Z,CAPTURED,44,
1380663,DOMESTIC_LEAGUE,Poland,106,Ekstraklasa,2025,Regular Season - 32,2026-05-11T17:00:00+00:00,Cracovia Krakow,Radomiak Radom,1,2026-09-21T00:41:44Z,CAPTURED,44,
1380664,DOMESTIC_LEAGUE,Poland,106,Ekstraklasa,2025,Regular Season - 32,2026-05-09T18:15:00+00:00,Gornik Zabrze,Zaglebie Lubin,1,2026-09-21T00:41:44Z,CAPTURED,45,
1380665,DOMESTIC_LEAGUE,Poland,106,Ekstraklasa,2025,Regular Season - 32,2026-05-09T15:30:00+00:00,Jagiellonia,Pogon Szczecin,1,2026-09-21T00:41:44Z,CAPTURED,45,
1380666,DOMESTIC_LEAGUE,Poland,106,Ekstraklasa,2025,Regular Season - 32,2026-05-08T18:30:00+00:00,Lech Poznan,Arka Gdynia,1,2026-09-21T00:41:44Z,CAPTURED,41,
1380667,DOMESTIC_LEAGUE,Poland,106,Ekstraklasa,2025,Regular Season - 32,2026-05-10T10:15:00+00:00,Piast Gliwice,GKS Katowice,1,2026-09-21T00:41:44Z,CAPTURED,44,
1380668,DOMESTIC_LEAGUE,Poland,106,Ekstraklasa,2025,Regular Season - 32,2026-05-08T16:00:00+00:00,Raków Częstochowa,Korona Kielce,1,2026-09-21T00:41:44Z,CAPTURED,45,
1380669,DOMESTIC_LEAGUE,Poland,106,Ekstraklasa,2025,Regular Season - 32,2026-05-10T15:30:00+00:00,Nieciecza,Legia Warszawa,1,2026-09-21T00:41:44Z,CAPTURED,44,
1380670,DOMESTIC_LEAGUE,Poland,106,Ekstraklasa,2025,Regular Season - 32,2026-05-09T12:45:00+00:00,Widzew Łódź,Lechia Gdansk,1,2026-09-21T00:41:44Z,CAPTURED,41,
1380671,DOMESTIC_LEAGUE,Poland,106,Ekstraklasa,2025,Regular Season - 32,2026-05-10T12:45:00+00:00,Wisla Plock,Motor Lublin,1,2026-09-21T00:41:44Z,CAPTURED,46,
1380672,DOMESTIC_LEAGUE,Poland,106,Ekstraklasa,2025,Regular Season - 33,2026-05-18T17:00:00+00:00,Arka Gdynia,Nieciecza,1,2026-09-21T00:41:44Z,CAPTURED,38,
1380673,DOMESTIC_LEAGUE,Poland,106,Ekstraklasa,2025,Regular Season - 33,2026-05-17T12:45:00+00:00,GKS Katowice,Jagiellonia,1,2026-09-21T00:41:44Z,CAPTURED,43,
1380674,DOMESTIC_LEAGUE,Poland,106,Ekstraklasa,2025,Regular Season - 33,2026-05-15T18:30:00+00:00,Korona Kielce,Widzew Łódź,1,2026-09-21T00:41:44Z,CAPTURED,41,
1380675,DOMESTIC_LEAGUE,Poland,106,Ekstraklasa,2025,Regular Season - 33,2026-05-17T15:30:00+00:00,Lechia Gdansk,Legia Warszawa,1,2026-09-21T00:41:44Z,CAPTURED,39,
1380676,DOMESTIC_LEAGUE,Poland,106,Ekstraklasa,2025,Regular Season - 33,2026-05-16T12:45:00+00:00,Motor Lublin,Cracovia Krakow,1,2026-09-21T00:41:44Z,CAPTURED,42,
1380677,DOMESTIC_LEAGUE,Poland,106,Ekstraklasa,2025,Regular Season - 33,2026-05-17T10:15:00+00:00,Piast Gliwice,Raków Częstochowa,1,2026-09-21T00:41:44Z,CAPTURED,45,
1380678,DOMESTIC_LEAGUE,Poland,106,Ekstraklasa,2025,Regular Season - 33,2026-05-16T18:15:00+00:00,Radomiak Radom,Lech Poznan,1,2026-09-21T00:41:44Z,CAPTURED,43,
1380679,DOMESTIC_LEAGUE,Poland,106,Ekstraklasa,2025,Regular Season - 33,2026-05-16T15:30:00+00:00,Wisla Plock,Gornik Zabrze,1,2026-09-21T00:41:44Z,CAPTURED,44,
1380680,DOMESTIC_LEAGUE,Poland,106,Ekstraklasa,2025,Regular Season - 33,2026-05-15T16:00:00+00:00,Zaglebie Lubin,Pogon Szczecin,1,2026-09-21T00:41:44Z,CAPTURED,43,
1380681,DOMESTIC_LEAGUE,Poland,106,Ekstraklasa,2025,Regular Season - 34,2026-05-23T15:30:00+00:00,Cracovia Krakow,Korona Kielce,1,2026-09-21T00:41:44Z,CAPTURED,45,
1380682,DOMESTIC_LEAGUE,Poland,106,Ekstraklasa,2025,Regular Season - 34,2026-05-23T15:30:00+00:00,Gornik Zabrze,Radomiak Radom,1,2026-09-21T00:41:44Z,CAPTURED,43,
1380683,DOMESTIC_LEAGUE,Poland,106,Ekstraklasa,2025,Regular Season - 34,2026-05-23T15:30:00+00:00,Jagiellonia,Zaglebie Lubin,1,2026-09-21T00:41:44Z,CAPTURED,45,
1380684,DOMESTIC_LEAGUE,Poland,106,Ekstraklasa,2025,Regular Season - 34,2026-05-23T15:30:00+00:00,Lech Poznan,Wisla Plock,1,2026-09-21T00:41:44Z,CAPTURED,45,
1380685,DOMESTIC_LEAGUE,Poland,106,Ekstraklasa,2025,Regular Season - 34,2026-05-23T15:30:00+00:00,Legia Warszawa,Motor Lublin,1,2026-09-21T00:41:44Z,CAPTURED,45,
1380686,DOMESTIC_LEAGUE,Poland,106,Ekstraklasa,2025,Regular Season - 34,2026-05-23T15:30:00+00:00,Pogon Szczecin,GKS Katowice,1,2026-09-21T00:41:44Z,CAPTURED,42,
1380687,DOMESTIC_LEAGUE,Poland,106,Ekstraklasa,2025,Regular Season - 34,2026-05-23T15:30:00+00:00,Raków Częstochowa,Arka Gdynia,1,2026-09-21T00:41:44Z,CAPTURED,39,
1380688,DOMESTIC_LEAGUE,Poland,106,Ekstraklasa,2025,Regular Season - 34,2026-05-23T15:30:00+00:00,Nieciecza,Lechia Gdansk,1,2026-09-21T00:41:44Z,CAPTURED,38,
1380689,DOMESTIC_LEAGUE,Poland,106,Ekstraklasa,2025,Regular Season - 34,2026-05-23T15:30:00+00:00,Widzew Łódź,Piast Gliwice,1,2026-09-21T00:41:44Z,CAPTURED,43,
1380867,DOMESTIC_LEAGUE,Netherlands,88,Eredivisie,2025,Regular Season - 1,2025-08-08T18:00:00+00:00,Fortuna Sittard,GO Ahead Eagles,1,2026-09-21T00:41:44Z,CAPTURED,44,
1380868,DOMESTIC_LEAGUE,Netherlands,88,Eredivisie,2025,Regular Season - 1,2025-08-09T14:30:00+00:00,NEC Nijmegen,Excelsior,1,2026-09-21T00:41:44Z,CAPTURED,42,
1380869,DOMESTIC_LEAGUE,Netherlands,88,Eredivisie,2025,Regular Season - 1,2025-08-09T16:45:00+00:00,Feyenoord,NAC Breda,1,2026-09-21T00:41:44Z,CAPTURED,46,
1380870,DOMESTIC_LEAGUE,Netherlands,88,Eredivisie,2025,Regular Season - 1,2025-08-09T18:00:00+00:00,Heerenveen,FC Volendam,1,2026-09-21T00:41:44Z,CAPTURED,44,
1394433,DOMESTIC_LEAGUE,Turkey,203,Süper Lig,2025,Regular Season - 1,2025-08-09T18:30:00+00:00,Antalyaspor,Kasımpaşa,1,2026-09-21T00:41:44Z,CAPTURED,42,
1394436,DOMESTIC_LEAGUE,Turkey,203,Süper Lig,2025,Regular Season - 1,2025-08-08T18:30:00+00:00,Gaziantep FK,Galatasaray,1,2026-09-21T00:41:44Z,CAPTURED,41,
1394440,DOMESTIC_LEAGUE,Turkey,203,Süper Lig,2025,Regular Season - 1,2025-08-09T16:00:00+00:00,Samsunspor,Gençlerbirliği S.K.,1,2026-09-21T00:41:44Z,CAPTURED,42,
1396240,DOMESTIC_LEAGUE,Portugal,94,Primeira Liga,2025,Regular Season - 1,2025-08-08T19:15:00+00:00,Casa Pia,Sporting CP,1,2026-09-21T00:41:44Z,CAPTURED,40,
1396245,DOMESTIC_LEAGUE,Portugal,94,Primeira Liga,2025,Regular Season - 1,2025-08-09T14:30:00+00:00,Nacional,GIL Vicente,1,2026-09-21T00:41:44Z,CAPTURED,40,
1530541,DOMESTIC_LEAGUE,Denmark,119,Superliga,2025,Relegation Group - 27,2026-04-19T12:00:00+00:00,Odense,Randers FC,1,2026-09-21T00:41:44Z,CAPTURED,40,
1530542,DOMESTIC_LEAGUE,Denmark,119,Superliga,2025,Relegation Group - 27,2026-04-19T12:00:00+00:00,Silkeborg,FC Fredericia,1,2026-09-21T00:41:44Z,CAPTURED,40,
1530543,DOMESTIC_LEAGUE,Denmark,119,Superliga,2025,Relegation Group - 27,2026-04-19T16:00:00+00:00,Vejle,FC Copenhagen,1,2026-09-21T00:41:44Z,CAPTURED,40,
1530544,DOMESTIC_LEAGUE,Denmark,119,Superliga,2025,Relegation Group - 28,2026-04-22T16:00:00+00:00,FC Copenhagen,Odense,1,2026-09-21T00:41:44Z,CAPTURED,40,
1530545,DOMESTIC_LEAGUE,Denmark,119,Superliga,2025,Relegation Group - 28,2026-04-22T16:00:00+00:00,Vejle,Silkeborg,1,2026-09-21T00:41:44Z,CAPTURED,40,
1530546,DOMESTIC_LEAGUE,Denmark,119,Superliga,2025,Relegation Group - 28,2026-04-23T16:00:00+00:00,Randers FC,FC Fredericia,1,2026-09-21T00:41:44Z,CAPTURED,40,
1530547,DOMESTIC_LEAGUE,Denmark,119,Superliga,2025,Relegation Group - 29,2026-04-26T12:00:00+00:00,FC Fredericia,Odense,1,2026-09-21T00:41:44Z,CAPTURED,40,
1530548,DOMESTIC_LEAGUE,Denmark,119,Superliga,2025,Relegation Group - 29,2026-04-26T12:00:00+00:00,Silkeborg,Randers FC,1,2026-09-21T00:41:44Z,CAPTURED,40,
1530549,DOMESTIC_LEAGUE,Denmark,119,Superliga,2025,Relegation Group - 29,2026-04-27T17:00:00+00:00,FC Copenhagen,Vejle,1,2026-09-21T00:41:44Z,CAPTURED,40,
1530550,DOMESTIC_LEAGUE,Denmark,119,Superliga,2025,Relegation Group - 30,2026-05-03T12:00:00+00:00,Odense,Silkeborg,1,2026-09-21T00:41:44Z,CAPTURED,39,
1530551,DOMESTIC_LEAGUE,Denmark,119,Superliga,2025,Relegation Group - 30,2026-05-03T12:00:00+00:00,Randers FC,Vejle,1,2026-09-21T00:41:44Z,CAPTURED,40,
1530552,DOMESTIC_LEAGUE,Denmark,119,Superliga,2025,Relegation Group - 30,2026-05-03T14:00:00+00:00,FC Fredericia,FC Copenhagen,1,2026-09-21T00:41:44Z,CAPTURED,40,
1530553,DOMESTIC_LEAGUE,Denmark,119,Superliga,2025,Relegation Group - 31,2026-05-11T17:00:00+00:00,Randers FC,Odense,1,2026-09-21T00:41:44Z,CAPTURED,40,
1530554,DOMESTIC_LEAGUE,Denmark,119,Superliga,2025,Relegation Group - 31,2026-05-10T14:00:00+00:00,Silkeborg,FC Copenhagen,1,2026-09-21T00:41:44Z,CAPTURED,40,
1530555,DOMESTIC_LEAGUE,Denmark,119,Superliga,2025,Relegation Group - 31,2026-05-10T12:00:00+00:00,Vejle,FC Fredericia,1,2026-09-21T00:41:44Z,CAPTURED,40,
1530556,DOMESTIC_LEAGUE,Denmark,119,Superliga,2025,Relegation Group - 32,2026-05-17T12:00:00+00:00,FC Copenhagen,Randers FC,1,2026-09-21T00:41:44Z,CAPTURED,40,
1530557,DOMESTIC_LEAGUE,Denmark,119,Superliga,2025,Relegation Group - 32,2026-05-17T12:00:00+00:00,FC Fredericia,Silkeborg,1,2026-09-21T00:41:44Z,CAPTURED,39,
1530558,DOMESTIC_LEAGUE,Denmark,119,Superliga,2025,Relegation Group - 32,2026-05-17T12:00:00+00:00,Odense,Vejle,1,2026-09-21T00:41:44Z,CAPTURED,40,
1530571,DOMESTIC_LEAGUE,Denmark,119,Superliga,2025,Championship Group - 27,2026-04-17T17:00:00+00:00,Brondby,Sonderjyske,1,2026-09-21T00:41:44Z,CAPTURED,40,
1530572,DOMESTIC_LEAGUE,Denmark,119,Superliga,2025,Championship Group - 27,2026-04-19T14:00:00+00:00,FC Nordsjaelland,Viborg,1,2026-09-21T00:41:44Z,CAPTURED,40,
1530573,DOMESTIC_LEAGUE,Denmark,119,Superliga,2025,Championship Group - 27,2026-04-20T17:00:00+00:00,FC Midtjylland,Aarhus,1,2026-09-21T00:41:44Z,CAPTURED,40,
1530574,DOMESTIC_LEAGUE,Denmark,119,Superliga,2025,Championship Group - 28,2026-04-22T18:00:00+00:00,Viborg,Brondby,1,2026-09-21T00:41:44Z,CAPTURED,40,
1530575,DOMESTIC_LEAGUE,Denmark,119,Superliga,2025,Championship Group - 28,2026-04-23T16:00:00+00:00,FC Nordsjaelland,Aarhus,1,2026-09-21T00:41:44Z,CAPTURED,40,
1530576,DOMESTIC_LEAGUE,Denmark,119,Superliga,2025,Championship Group - 28,2026-04-23T18:00:00+00:00,Sonderjyske,FC Midtjylland,1,2026-09-21T00:41:44Z,CAPTURED,40,
1530577,DOMESTIC_LEAGUE,Denmark,119,Superliga,2025,Championship Group - 29,2026-04-26T14:00:00+00:00,Sonderjyske,Brondby,1,2026-09-21T00:41:44Z,CAPTURED,40,
1530578,DOMESTIC_LEAGUE,Denmark,119,Superliga,2025,Championship Group - 29,2026-04-26T16:00:00+00:00,Viborg,FC Nordsjaelland,1,2026-09-21T00:41:44Z,CAPTURED,40,
1530579,DOMESTIC_LEAGUE,Denmark,119,Superliga,2025,Championship Group - 29,2026-04-26T18:00:00+00:00,Aarhus,FC Midtjylland,1,2026-09-21T00:41:44Z,CAPTURED,40,
1530580,DOMESTIC_LEAGUE,Denmark,119,Superliga,2025,Championship Group - 30,2026-05-01T17:00:00+00:00,Brondby,FC Nordsjaelland,1,2026-09-21T00:41:44Z,CAPTURED,40,
1530581,DOMESTIC_LEAGUE,Denmark,119,Superliga,2025,Championship Group - 30,2026-05-03T16:00:00+00:00,Aarhus,Sonderjyske,1,2026-09-21T00:41:44Z,CAPTURED,40,
1530582,DOMESTIC_LEAGUE,Denmark,119,Superliga,2025,Championship Group - 30,2026-05-04T17:00:00+00:00,FC Midtjylland,Viborg,1,2026-09-21T00:41:44Z,CAPTURED,40,
1530583,DOMESTIC_LEAGUE,Denmark,119,Superliga,2025,Championship Group - 31,2026-05-10T16:00:00+00:00,Brondby,Aarhus,1,2026-09-21T00:41:44Z,CAPTURED,40,
1530584,DOMESTIC_LEAGUE,Denmark,119,Superliga,2025,Championship Group - 31,2026-05-10T12:00:00+00:00,FC Nordsjaelland,FC Midtjylland,1,2026-09-21T00:41:44Z,CAPTURED,40,
1530585,DOMESTIC_LEAGUE,Denmark,119,Superliga,2025,Championship Group - 31,2026-05-08T17:00:00+00:00,Viborg,Sonderjyske,1,2026-09-21T00:41:44Z,CAPTURED,40,
1530586,DOMESTIC_LEAGUE,Denmark,119,Superliga,2025,Championship Group - 32,2026-05-17T16:00:00+00:00,Aarhus,Viborg,1,2026-09-21T00:41:44Z,CAPTURED,40,
1530587,DOMESTIC_LEAGUE,Denmark,119,Superliga,2025,Championship Group - 32,2026-05-17T16:00:00+00:00,FC Midtjylland,Brondby,1,2026-09-21T00:41:44Z,CAPTURED,40,
1530588,DOMESTIC_LEAGUE,Denmark,119,Superliga,2025,Championship Group - 32,2026-05-17T16:00:00+00:00,Sonderjyske,FC Nordsjaelland,1,2026-09-21T00:41:44Z,CAPTURED,40,
1531242,DOMESTIC_LEAGUE,Austria,218,Bundesliga,2025,Championship Group - 27,2026-04-19T12:30:00+00:00,Austria Vienna,Red Bull Salzburg,1,2026-09-21T00:41:44Z,CAPTURED,40,
1531243,DOMESTIC_LEAGUE,Austria,218,Bundesliga,2025,Championship Group - 27,2026-04-19T12:30:00+00:00,TSV Hartberg,Rapid Vienna,1,2026-09-21T00:41:44Z,CAPTURED,40,
1531244,DOMESTIC_LEAGUE,Austria,218,Bundesliga,2025,Championship Group - 27,2026-04-19T15:00:00+00:00,Lask Linz,Sturm Graz,1,2026-09-21T00:41:44Z,CAPTURED,40,
1531245,DOMESTIC_LEAGUE,Austria,218,Bundesliga,2025,Championship Group - 28,2026-04-22T16:30:00+00:00,Red Bull Salzburg,Austria Vienna,1,2026-09-21T00:41:44Z,CAPTURED,40,
1531246,DOMESTIC_LEAGUE,Austria,218,Bundesliga,2025,Championship Group - 28,2026-04-22T16:30:00+00:00,Rapid Vienna,TSV Hartberg,1,2026-09-21T00:41:44Z,CAPTURED,39,
1531247,DOMESTIC_LEAGUE,Austria,218,Bundesliga,2025,Championship Group - 28,2026-04-22T18:30:00+00:00,Sturm Graz,Lask Linz,1,2026-09-21T00:41:44Z,CAPTURED,40,
1531248,DOMESTIC_LEAGUE,Austria,218,Bundesliga,2025,Championship Group - 29,2026-04-26T12:30:00+00:00,TSV Hartberg,Lask Linz,1,2026-09-21T00:41:44Z,CAPTURED,40,
1531249,DOMESTIC_LEAGUE,Austria,218,Bundesliga,2025,Championship Group - 29,2026-04-26T12:30:00+00:00,Rapid Vienna,Red Bull Salzburg,1,2026-09-21T00:41:44Z,CAPTURED,40,
1531250,DOMESTIC_LEAGUE,Austria,218,Bundesliga,2025,Championship Group - 29,2026-04-26T15:00:00+00:00,Sturm Graz,Austria Vienna,1,2026-09-21T00:41:44Z,CAPTURED,40,
1531251,DOMESTIC_LEAGUE,Austria,218,Bundesliga,2025,Championship Group - 30,2026-05-03T12:30:00+00:00,Austria Vienna,TSV Hartberg,1,2026-09-21T00:41:44Z,CAPTURED,40,
1531252,DOMESTIC_LEAGUE,Austria,218,Bundesliga,2025,Championship Group - 30,2026-05-04T18:30:00+00:00,Lask Linz,Rapid Vienna,1,2026-09-21T00:41:44Z,CAPTURED,40,
1531253,DOMESTIC_LEAGUE,Austria,218,Bundesliga,2025,Championship Group - 30,2026-05-03T15:00:00+00:00,Red Bull Salzburg,Sturm Graz,1,2026-09-21T00:41:44Z,CAPTURED,40,
1531254,DOMESTIC_LEAGUE,Austria,218,Bundesliga,2025,Championship Group - 31,2026-05-10T15:00:00+00:00,TSV Hartberg,Sturm Graz,1,2026-09-21T00:41:44Z,CAPTURED,40,
1531255,DOMESTIC_LEAGUE,Austria,218,Bundesliga,2025,Championship Group - 31,2026-05-10T15:00:00+00:00,Lask Linz,Red Bull Salzburg,1,2026-09-21T00:41:44Z,CAPTURED,40,
1531256,DOMESTIC_LEAGUE,Austria,218,Bundesliga,2025,Championship Group - 31,2026-05-10T15:00:00+00:00,Rapid Vienna,Austria Vienna,1,2026-09-21T00:41:44Z,CAPTURED,40,
1531257,DOMESTIC_LEAGUE,Austria,218,Bundesliga,2025,Championship Group - 32,2026-05-17T12:30:00+00:00,Austria Vienna,Lask Linz,1,2026-09-21T00:41:44Z,CAPTURED,39,
1531258,DOMESTIC_LEAGUE,Austria,218,Bundesliga,2025,Championship Group - 32,2026-05-17T12:30:00+00:00,Red Bull Salzburg,TSV Hartberg,1,2026-09-21T00:41:44Z,CAPTURED,40,
1531259,DOMESTIC_LEAGUE,Austria,218,Bundesliga,2025,Championship Group - 32,2026-05-17T12:30:00+00:00,Sturm Graz,Rapid Vienna,1,2026-09-21T00:41:44Z,CAPTURED,40,
1531269,DOMESTIC_LEAGUE,Austria,218,Bundesliga,2025,Relegation Group - 27,2026-04-17T17:30:00+00:00,Grazer AK,Ried,1,2026-09-21T00:41:44Z,CAPTURED,40,
1531270,DOMESTIC_LEAGUE,Austria,218,Bundesliga,2025,Relegation Group - 27,2026-04-18T15:00:00+00:00,WSG Wattens,SCR Altach,1,2026-09-21T00:41:44Z,CAPTURED,40,
1531271,DOMESTIC_LEAGUE,Austria,218,Bundesliga,2025,Relegation Group - 27,2026-04-18T15:00:00+00:00,Wolfsberger AC,FC BW Linz,1,2026-09-21T00:41:44Z,CAPTURED,40,
1531272,DOMESTIC_LEAGUE,Austria,218,Bundesliga,2025,Relegation Group - 28,2026-04-21T16:30:00+00:00,SCR Altach,WSG Wattens,1,2026-09-21T00:41:44Z,CAPTURED,40,
1531273,DOMESTIC_LEAGUE,Austria,218,Bundesliga,2025,Relegation Group - 28,2026-04-21T16:30:00+00:00,FC BW Linz,Wolfsberger AC,1,2026-09-21T00:41:44Z,CAPTURED,40,
1531274,DOMESTIC_LEAGUE,Austria,218,Bundesliga,2025,Relegation Group - 28,2026-04-21T18:30:00+00:00,Ried,Grazer AK,1,2026-09-21T00:41:44Z,CAPTURED,40,
1531275,DOMESTIC_LEAGUE,Austria,218,Bundesliga,2025,Relegation Group - 29,2026-04-24T17:30:00+00:00,FC BW Linz,SCR Altach,1,2026-09-21T00:41:44Z,CAPTURED,40,
1531276,DOMESTIC_LEAGUE,Austria,218,Bundesliga,2025,Relegation Group - 29,2026-04-25T15:00:00+00:00,WSG Wattens,Ried,1,2026-09-21T00:41:44Z,CAPTURED,40,
1531277,DOMESTIC_LEAGUE,Austria,218,Bundesliga,2025,Relegation Group - 29,2026-04-25T15:00:00+00:00,Wolfsberger AC,Grazer AK,1,2026-09-21T00:41:44Z,CAPTURED,40,
1531278,DOMESTIC_LEAGUE,Austria,218,Bundesliga,2025,Relegation Group - 30,2026-05-02T15:00:00+00:00,Grazer AK,WSG Wattens,1,2026-09-21T00:41:44Z,CAPTURED,40,
1531279,DOMESTIC_LEAGUE,Austria,218,Bundesliga,2025,Relegation Group - 30,2026-05-02T15:00:00+00:00,Ried,FC BW Linz,1,2026-09-21T00:41:44Z,CAPTURED,40,
1531280,DOMESTIC_LEAGUE,Austria,218,Bundesliga,2025,Relegation Group - 30,2026-05-04T16:30:00+00:00,SCR Altach,Wolfsberger AC,1,2026-09-21T00:41:44Z,CAPTURED,40,
1531281,DOMESTIC_LEAGUE,Austria,218,Bundesliga,2025,Relegation Group - 31,2026-05-09T15:00:00+00:00,Grazer AK,SCR Altach,1,2026-09-21T00:41:44Z,CAPTURED,40,
1531282,DOMESTIC_LEAGUE,Austria,218,Bundesliga,2025,Relegation Group - 31,2026-05-09T15:00:00+00:00,Ried,Wolfsberger AC,1,2026-09-21T00:41:44Z,CAPTURED,40,
1531283,DOMESTIC_LEAGUE,Austria,218,Bundesliga,2025,Relegation Group - 31,2026-05-09T15:00:00+00:00,WSG Wattens,FC BW Linz,1,2026-09-21T00:41:44Z,CAPTURED,40,
1531284,DOMESTIC_LEAGUE,Austria,218,Bundesliga,2025,Relegation Group - 32,2026-05-16T15:00:00+00:00,SCR Altach,Ried,1,2026-09-21T00:41:44Z,CAPTURED,40,
1531285,DOMESTIC_LEAGUE,Austria,218,Bundesliga,2025,Relegation Group - 32,2026-05-16T15:00:00+00:00,FC BW Linz,Grazer AK,1,2026-09-21T00:41:44Z,CAPTURED,40,
1531286,DOMESTIC_LEAGUE,Austria,218,Bundesliga,2025,Relegation Group - 32,2026-05-16T15:00:00+00:00,Wolfsberger AC,WSG Wattens,1,2026-09-21T00:41:44Z,CAPTURED,40,
1536942,DOMESTIC_LEAGUE,Belgium,144,Jupiler Pro League,2025,Conference League Group - 33,2026-04-18T16:15:00+00:00,KVC Westerlo,Genk,1,2026-09-21T00:41:44Z,CAPTURED,40,
1536943,DOMESTIC_LEAGUE,Belgium,144,Jupiler Pro League,2025,Conference League Group - 33,2026-04-18T16:15:00+00:00,Charleroi,Standard Liege,1,2026-09-21T00:41:44Z,CAPTURED,40,
1536944,DOMESTIC_LEAGUE,Belgium,144,Jupiler Pro League,2025,Conference League Group - 33,2026-04-18T14:00:00+00:00,Antwerp,OH Leuven,1,2026-09-21T00:41:44Z,CAPTURED,40,
1536945,DOMESTIC_LEAGUE,Belgium,144,Jupiler Pro League,2025,Conference League Group - 34,2026-04-21T18:30:00+00:00,Standard Liege,Antwerp,1,2026-09-21T00:41:44Z,CAPTURED,40,
1536946,DOMESTIC_LEAGUE,Belgium,144,Jupiler Pro League,2025,Conference League Group - 34,2026-04-21T18:30:00+00:00,OH Leuven,KVC Westerlo,1,2026-09-21T00:41:44Z,CAPTURED,40,
1536947,DOMESTIC_LEAGUE,Belgium,144,Jupiler Pro League,2025,Conference League Group - 34,2026-04-21T18:30:00+00:00,Genk,Charleroi,1,2026-09-21T00:41:44Z,CAPTURED,40,
1536948,DOMESTIC_LEAGUE,Belgium,144,Jupiler Pro League,2025,Conference League Group - 35,2026-04-25T18:45:00+00:00,KVC Westerlo,Antwerp,1,2026-09-21T00:41:44Z,CAPTURED,40,
1536949,DOMESTIC_LEAGUE,Belgium,144,Jupiler Pro League,2025,Conference League Group - 35,2026-04-25T16:15:00+00:00,Genk,Standard Liege,1,2026-09-21T00:41:44Z,CAPTURED,40,
1536950,DOMESTIC_LEAGUE,Belgium,144,Jupiler Pro League,2025,Conference League Group - 35,2026-04-25T14:00:00+00:00,OH Leuven,Charleroi,1,2026-09-21T00:41:44Z,CAPTURED,40,
1536951,DOMESTIC_LEAGUE,Belgium,144,Jupiler Pro League,2025,Conference League Group - 36,2026-05-02T16:15:00+00:00,Charleroi,Genk,1,2026-09-21T00:41:44Z,CAPTURED,41,
1536952,DOMESTIC_LEAGUE,Belgium,144,Jupiler Pro League,2025,Conference League Group - 36,2026-05-02T14:00:00+00:00,KVC Westerlo,OH Leuven,1,2026-09-21T00:41:44Z,CAPTURED,41,
1536953,DOMESTIC_LEAGUE,Belgium,144,Jupiler Pro League,2025,Conference League Group - 36,2026-05-03T14:00:00+00:00,Antwerp,Standard Liege,1,2026-09-21T00:41:44Z,CAPTURED,40,
1536954,DOMESTIC_LEAGUE,Belgium,144,Jupiler Pro League,2025,Conference League Group - 37,2026-05-08T18:45:00+00:00,Standard Liege,OH Leuven,1,2026-09-21T00:41:44Z,CAPTURED,40,
1536955,DOMESTIC_LEAGUE,Belgium,144,Jupiler Pro League,2025,Conference League Group - 37,2026-05-10T14:00:00+00:00,Antwerp,Charleroi,1,2026-09-21T00:41:44Z,CAPTURED,40,
1536956,DOMESTIC_LEAGUE,Belgium,144,Jupiler Pro League,2025,Conference League Group - 37,2026-05-10T17:15:00+00:00,Genk,KVC Westerlo,1,2026-09-21T00:41:44Z,CAPTURED,40,
1536957,DOMESTIC_LEAGUE,Belgium,144,Jupiler Pro League,2025,Conference League Group - 38,2026-05-16T16:15:00+00:00,Standard Liege,Genk,1,2026-09-21T00:41:44Z,CAPTURED,40,
1536958,DOMESTIC_LEAGUE,Belgium,144,Jupiler Pro League,2025,Conference League Group - 38,2026-05-16T14:00:00+00:00,Charleroi,KVC Westerlo,1,2026-09-21T00:41:44Z,CAPTURED,40,
1536959,DOMESTIC_LEAGUE,Belgium,144,Jupiler Pro League,2025,Conference League Group - 38,2026-05-15T18:45:00+00:00,OH Leuven,Antwerp,1,2026-09-21T00:41:44Z,CAPTURED,40,
1536960,DOMESTIC_LEAGUE,Belgium,144,Jupiler Pro League,2025,Conference League Group - 39,2026-05-19T18:30:00+00:00,KVC Westerlo,Standard Liege,1,2026-09-21T00:41:44Z,CAPTURED,40,
1536961,DOMESTIC_LEAGUE,Belgium,144,Jupiler Pro League,2025,Conference League Group - 39,2026-05-19T18:30:00+00:00,Genk,Antwerp,1,2026-09-21T00:41:44Z,CAPTURED,42,
1536962,DOMESTIC_LEAGUE,Belgium,144,Jupiler Pro League,2025,Conference League Group - 39,2026-05-19T18:30:00+00:00,Charleroi,OH Leuven,1,2026-09-21T00:41:44Z,CAPTURED,41,
1536963,DOMESTIC_LEAGUE,Belgium,144,Jupiler Pro League,2025,Conference League Group - 40,2026-05-23T18:45:00+00:00,Standard Liege,Charleroi,1,2026-09-21T00:41:44Z,CAPTURED,40,
1536964,DOMESTIC_LEAGUE,Belgium,144,Jupiler Pro League,2025,Conference League Group - 40,2026-05-23T18:45:00+00:00,OH Leuven,Genk,1,2026-09-21T00:41:44Z,CAPTURED,40,
1536965,DOMESTIC_LEAGUE,Belgium,144,Jupiler Pro League,2025,Conference League Group - 40,2026-05-23T18:45:00+00:00,Antwerp,KVC Westerlo,1,2026-09-21T00:41:44Z,CAPTURED,41,
1536970,DOMESTIC_LEAGUE,Belgium,144,Jupiler Pro League,2025,Relegation Group - 33,2026-04-19T14:00:00+00:00,Dender,Cercle Brugge,1,2026-09-21T00:41:44Z,CAPTURED,39,
1536971,DOMESTIC_LEAGUE,Belgium,144,Jupiler Pro League,2025,Relegation Group - 33,2026-04-19T17:15:00+00:00,RAAL La Louvière,Zulte Waregem,1,2026-09-21T00:41:44Z,CAPTURED,39,
1536972,DOMESTIC_LEAGUE,Belgium,144,Jupiler Pro League,2025,Relegation Group - 34,2026-04-24T18:45:00+00:00,Cercle Brugge,Dender,1,2026-09-21T00:41:44Z,CAPTURED,40,
1536973,DOMESTIC_LEAGUE,Belgium,144,Jupiler Pro League,2025,Relegation Group - 34,2026-04-26T17:15:00+00:00,Zulte Waregem,RAAL La Louvière,1,2026-09-21T00:41:44Z,CAPTURED,40,
1536974,DOMESTIC_LEAGUE,Belgium,144,Jupiler Pro League,2025,Relegation Group - 35,2026-05-01T18:45:00+00:00,Cercle Brugge,Zulte Waregem,1,2026-09-21T00:41:44Z,CAPTURED,40,
1536975,DOMESTIC_LEAGUE,Belgium,144,Jupiler Pro League,2025,Relegation Group - 35,2026-05-03T17:15:00+00:00,Dender,RAAL La Louvière,1,2026-09-21T00:41:44Z,CAPTURED,40,
1536976,DOMESTIC_LEAGUE,Belgium,144,Jupiler Pro League,2025,Relegation Group - 36,2026-05-09T14:00:00+00:00,Zulte Waregem,Dender,1,2026-09-21T00:41:44Z,CAPTURED,39,
1536977,DOMESTIC_LEAGUE,Belgium,144,Jupiler Pro League,2025,Relegation Group - 36,2026-05-09T14:00:00+00:00,RAAL La Louvière,Cercle Brugge,1,2026-09-21T00:41:44Z,CAPTURED,40,
1536984,DOMESTIC_LEAGUE,Belgium,144,Jupiler Pro League,2025,Championship Group - 33,2026-04-19T11:30:00+00:00,Gent,St. Truiden,1,2026-09-21T00:41:44Z,CAPTURED,40,
1536985,DOMESTIC_LEAGUE,Belgium,144,Jupiler Pro League,2025,Championship Group - 33,2026-04-18T18:45:00+00:00,KV Mechelen,Anderlecht,1,2026-09-21T00:41:44Z,CAPTURED,40,
1536986,DOMESTIC_LEAGUE,Belgium,144,Jupiler Pro League,2025,Championship Group - 33,2026-04-19T16:30:00+00:00,Union St. Gilloise,Club Brugge KV,1,2026-09-21T00:41:44Z,CAPTURED,40,
1536987,DOMESTIC_LEAGUE,Belgium,144,Jupiler Pro League,2025,Championship Group - 34,2026-04-23T18:45:00+00:00,St. Truiden,Anderlecht,1,2026-09-21T00:41:44Z,CAPTURED,41,
1536988,DOMESTIC_LEAGUE,Belgium,144,Jupiler Pro League,2025,Championship Group - 34,2026-04-22T18:30:00+00:00,Union St. Gilloise,Gent,1,2026-09-21T00:41:44Z,CAPTURED,40,
1536989,DOMESTIC_LEAGUE,Belgium,144,Jupiler Pro League,2025,Championship Group - 34,2026-04-22T18:30:00+00:00,Club Brugge KV,KV Mechelen,1,2026-09-21T00:41:44Z,CAPTURED,40,
1536990,DOMESTIC_LEAGUE,Belgium,144,Jupiler Pro League,2025,Championship Group - 35,2026-04-26T16:30:00+00:00,Anderlecht,Union St. Gilloise,1,2026-09-21T00:41:44Z,CAPTURED,41,
1536991,DOMESTIC_LEAGUE,Belgium,144,Jupiler Pro League,2025,Championship Group - 35,2026-04-26T14:00:00+00:00,KV Mechelen,St. Truiden,1,2026-09-21T00:41:44Z,CAPTURED,40,
1536992,DOMESTIC_LEAGUE,Belgium,144,Jupiler Pro League,2025,Championship Group - 35,2026-04-26T11:30:00+00:00,Gent,Club Brugge KV,1,2026-09-21T00:41:44Z,CAPTURED,40,
1536993,DOMESTIC_LEAGUE,Belgium,144,Jupiler Pro League,2025,Championship Group - 36,2026-05-03T11:30:00+00:00,KV Mechelen,Gent,1,2026-09-21T00:41:44Z,CAPTURED,40,
1536994,DOMESTIC_LEAGUE,Belgium,144,Jupiler Pro League,2025,Championship Group - 36,2026-05-02T18:45:00+00:00,St. Truiden,Union St. Gilloise,1,2026-09-21T00:41:44Z,CAPTURED,40,
1536995,DOMESTIC_LEAGUE,Belgium,144,Jupiler Pro League,2025,Championship Group - 36,2026-05-03T16:30:00+00:00,Anderlecht,Club Brugge KV,1,2026-09-21T00:41:44Z,CAPTURED,40,
1536996,DOMESTIC_LEAGUE,Belgium,144,Jupiler Pro League,2025,Championship Group - 37,2026-05-10T11:30:00+00:00,Gent,Anderlecht,1,2026-09-21T00:41:44Z,CAPTURED,40,
1536997,DOMESTIC_LEAGUE,Belgium,144,Jupiler Pro League,2025,Championship Group - 37,2026-05-09T18:45:00+00:00,Club Brugge KV,St. Truiden,1,2026-09-21T00:41:44Z,CAPTURED,40,
1536998,DOMESTIC_LEAGUE,Belgium,144,Jupiler Pro League,2025,Championship Group - 37,2026-05-10T16:30:00+00:00,Union St. Gilloise,KV Mechelen,1,2026-09-21T00:41:44Z,CAPTURED,40,
1536999,DOMESTIC_LEAGUE,Belgium,144,Jupiler Pro League,2025,Championship Group - 38,2026-05-17T16:30:00+00:00,Club Brugge KV,Union St. Gilloise,1,2026-09-21T00:41:44Z,CAPTURED,40,
1537000,DOMESTIC_LEAGUE,Belgium,144,Jupiler Pro League,2025,Championship Group - 38,2026-05-17T11:30:00+00:00,Anderlecht,KV Mechelen,1,2026-09-21T00:41:44Z,CAPTURED,40,
1537001,DOMESTIC_LEAGUE,Belgium,144,Jupiler Pro League,2025,Championship Group - 38,2026-05-16T18:45:00+00:00,St. Truiden,Gent,1,2026-09-21T00:41:44Z,CAPTURED,41,
1537002,DOMESTIC_LEAGUE,Belgium,144,Jupiler Pro League,2025,Championship Group - 39,2026-05-21T18:30:00+00:00,KV Mechelen,Club Brugge KV,1,2026-09-21T00:41:44Z,CAPTURED,40,
1537003,DOMESTIC_LEAGUE,Belgium,144,Jupiler Pro League,2025,Championship Group - 39,2026-05-21T18:30:00+00:00,Gent,Union St. Gilloise,1,2026-09-21T00:41:44Z,CAPTURED,40,
1537004,DOMESTIC_LEAGUE,Belgium,144,Jupiler Pro League,2025,Championship Group - 39,2026-05-21T18:30:00+00:00,Anderlecht,St. Truiden,1,2026-09-21T00:41:44Z,CAPTURED,40,
1537005,DOMESTIC_LEAGUE,Belgium,144,Jupiler Pro League,2025,Championship Group - 40,2026-05-24T16:30:00+00:00,St. Truiden,KV Mechelen,1,2026-09-21T00:41:44Z,CAPTURED,40,
1537006,DOMESTIC_LEAGUE,Belgium,144,Jupiler Pro League,2025,Championship Group - 40,2026-05-24T16:30:00+00:00,Union St. Gilloise,Anderlecht,1,2026-09-21T00:41:44Z,CAPTURED,40,
1537007,DOMESTIC_LEAGUE,Belgium,144,Jupiler Pro League,2025,Championship Group - 40,2026-05-24T16:30:00+00:00,Club Brugge KV,Gent,1,2026-09-21T00:41:44Z,CAPTURED,40,
1540005,DOMESTIC_LEAGUE,Scotland,179,Premiership,2025,Relegation Group - 34,2026-04-25T14:00:00+00:00,Aberdeen,Kilmarnock,1,2026-09-21T00:41:44Z,CAPTURED,40,
1540006,DOMESTIC_LEAGUE,Scotland,179,Premiership,2025,Relegation Group - 34,2026-04-25T14:00:00+00:00,ST Mirren,Livingston,1,2026-09-21T00:41:44Z,CAPTURED,40,
1540007,DOMESTIC_LEAGUE,Scotland,179,Premiership,2025,Relegation Group - 34,2026-04-26T13:00:00+00:00,Dundee Utd,Dundee,1,2026-09-21T00:41:44Z,CAPTURED,40,
1540008,DOMESTIC_LEAGUE,Scotland,179,Premiership,2025,Relegation Group - 35,2026-05-01T18:45:00+00:00,Livingston,Aberdeen,1,2026-09-21T00:41:44Z,CAPTURED,40,
1540009,DOMESTIC_LEAGUE,Scotland,179,Premiership,2025,Relegation Group - 35,2026-05-02T14:00:00+00:00,Dundee,ST Mirren,1,2026-09-21T00:41:44Z,CAPTURED,40,
1540010,DOMESTIC_LEAGUE,Scotland,179,Premiership,2025,Relegation Group - 35,2026-05-02T14:00:00+00:00,Kilmarnock,Dundee Utd,1,2026-09-21T00:41:44Z,CAPTURED,40,
1540011,DOMESTIC_LEAGUE,Scotland,179,Premiership,2025,Relegation Group - 36,2026-05-09T14:00:00+00:00,Aberdeen,Dundee Utd,1,2026-09-21T00:41:44Z,CAPTURED,40,
1540012,DOMESTIC_LEAGUE,Scotland,179,Premiership,2025,Relegation Group - 36,2026-05-09T14:00:00+00:00,Dundee,Livingston,1,2026-09-21T00:41:44Z,CAPTURED,40,
1540013,DOMESTIC_LEAGUE,Scotland,179,Premiership,2025,Relegation Group - 36,2026-05-09T14:00:00+00:00,ST Mirren,Kilmarnock,1,2026-09-21T00:41:44Z,CAPTURED,40,
1540014,DOMESTIC_LEAGUE,Scotland,179,Premiership,2025,Relegation Group - 37,2026-05-12T18:45:00+00:00,Aberdeen,ST Mirren,1,2026-09-21T00:41:44Z,CAPTURED,40,
1540015,DOMESTIC_LEAGUE,Scotland,179,Premiership,2025,Relegation Group - 37,2026-05-12T18:45:00+00:00,Dundee Utd,Livingston,1,2026-09-21T00:41:44Z,CAPTURED,40,
1540016,DOMESTIC_LEAGUE,Scotland,179,Premiership,2025,Relegation Group - 37,2026-05-12T18:45:00+00:00,Kilmarnock,Dundee,1,2026-09-21T00:41:44Z,CAPTURED,40,
1540017,DOMESTIC_LEAGUE,Scotland,179,Premiership,2025,Relegation Group - 38,2026-05-17T13:00:00+00:00,Dundee,Aberdeen,1,2026-09-21T00:41:44Z,CAPTURED,40,
1540018,DOMESTIC_LEAGUE,Scotland,179,Premiership,2025,Relegation Group - 38,2026-05-17T13:00:00+00:00,Livingston,Kilmarnock,1,2026-09-21T00:41:44Z,CAPTURED,40,
1540019,DOMESTIC_LEAGUE,Scotland,179,Premiership,2025,Relegation Group - 38,2026-05-17T13:00:00+00:00,ST Mirren,Dundee Utd,1,2026-09-21T00:41:44Z,CAPTURED,39,
1540020,DOMESTIC_LEAGUE,Scotland,179,Premiership,2025,Championship Group - 34,2026-04-25T16:30:00+00:00,Celtic,Falkirk,1,2026-09-21T00:41:44Z,CAPTURED,40,
1540021,DOMESTIC_LEAGUE,Scotland,179,Premiership,2025,Championship Group - 34,2026-04-26T14:00:00+00:00,Rangers,Motherwell,1,2026-09-21T00:41:44Z,CAPTURED,40,
1540022,DOMESTIC_LEAGUE,Scotland,179,Premiership,2025,Championship Group - 34,2026-04-26T15:30:00+00:00,Hibernian,Heart Of Midlothian,1,2026-09-21T00:41:44Z,CAPTURED,40,
1540023,DOMESTIC_LEAGUE,Scotland,179,Premiership,2025,Championship Group - 35,2026-05-02T14:00:00+00:00,Falkirk,Motherwell,1,2026-09-21T00:41:44Z,CAPTURED,40,
1540024,DOMESTIC_LEAGUE,Scotland,179,Premiership,2025,Championship Group - 35,2026-05-03T11:00:00+00:00,Hibernian,Celtic,1,2026-09-21T00:41:44Z,CAPTURED,40,
1540025,DOMESTIC_LEAGUE,Scotland,179,Premiership,2025,Championship Group - 35,2026-05-04T16:30:00+00:00,Heart Of Midlothian,Rangers,1,2026-09-21T00:41:44Z,CAPTURED,40,
1540026,DOMESTIC_LEAGUE,Scotland,179,Premiership,2025,Championship Group - 36,2026-05-09T14:00:00+00:00,Falkirk,Hibernian,1,2026-09-21T00:41:44Z,CAPTURED,40,
1540027,DOMESTIC_LEAGUE,Scotland,179,Premiership,2025,Championship Group - 36,2026-05-09T19:00:00+00:00,Motherwell,Heart Of Midlothian,1,2026-09-21T00:41:44Z,CAPTURED,40,
1540028,DOMESTIC_LEAGUE,Scotland,179,Premiership,2025,Championship Group - 36,2026-05-10T11:00:00+00:00,Celtic,Rangers,1,2026-09-21T00:41:44Z,CAPTURED,40,
1540029,DOMESTIC_LEAGUE,Scotland,179,Premiership,2025,Championship Group - 37,2026-05-13T19:00:00+00:00,Heart Of Midlothian,Falkirk,1,2026-09-21T00:41:44Z,CAPTURED,40,
1540030,DOMESTIC_LEAGUE,Scotland,179,Premiership,2025,Championship Group - 37,2026-05-13T19:00:00+00:00,Motherwell,Celtic,1,2026-09-21T00:41:44Z,CAPTURED,40,
1540031,DOMESTIC_LEAGUE,Scotland,179,Premiership,2025,Championship Group - 37,2026-05-13T19:00:00+00:00,Rangers,Hibernian,1,2026-09-21T00:41:44Z,CAPTURED,40,
1540032,DOMESTIC_LEAGUE,Scotland,179,Premiership,2025,Championship Group - 38,2026-05-16T11:30:00+00:00,Celtic,Heart Of Midlothian,1,2026-09-21T00:41:44Z,CAPTURED,40,
1540033,DOMESTIC_LEAGUE,Scotland,179,Premiership,2025,Championship Group - 38,2026-05-16T11:30:00+00:00,Falkirk,Rangers,1,2026-09-21T00:41:44Z,CAPTURED,40,
1540034,DOMESTIC_LEAGUE,Scotland,179,Premiership,2025,Championship Group - 38,2026-05-16T11:30:00+00:00,Hibernian,Motherwell,1,2026-09-21T00:41:44Z,CAPTURED,40,
1541758,DOMESTIC_LEAGUE,Belgium,144,Jupiler Pro League,2025,Quarter-finals,2026-04-23T18:30:00+00:00,Lommel United,Liège,1,2026-09-21T00:41:44Z,CAPTURED,38,
1541759,DOMESTIC_LEAGUE,Belgium,144,Jupiler Pro League,2025,Quarter-finals,2026-04-23T18:30:00+00:00,Patro Eisden,Beerschot VA,1,2026-09-21T00:41:44Z,CAPTURED,40,
1541760,DOMESTIC_LEAGUE,Belgium,144,Jupiler Pro League,2025,Quarter-finals,2026-04-27T18:30:00+00:00,Beerschot VA,Patro Eisden,1,2026-09-21T00:41:44Z,CAPTURED,40,
1541761,DOMESTIC_LEAGUE,Belgium,144,Jupiler Pro League,2025,Quarter-finals,2026-04-27T18:30:00+00:00,Liège,Lommel United,1,2026-09-21T00:41:44Z,CAPTURED,40,
1542943,DOMESTIC_LEAGUE,Belgium,144,Jupiler Pro League,2025,Semi-finals,2026-05-02T18:00:00+00:00,Lommel United,Beerschot VA,1,2026-09-21T00:41:44Z,CAPTURED,40,
1542944,DOMESTIC_LEAGUE,Belgium,144,Jupiler Pro League,2025,Semi-finals,2026-05-09T16:15:00+00:00,Beerschot VA,Lommel United,1,2026-09-21T00:41:44Z,CAPTURED,40,
1543679,DOMESTIC_LEAGUE,Scotland,179,Premiership,2025,Quarter-finals,2026-05-05T18:45:00+00:00,Dunfermline,Arbroath,1,2026-09-21T00:41:44Z,NO_DATA,0,
1543680,DOMESTIC_LEAGUE,Scotland,179,Premiership,2025,Quarter-finals,2026-05-08T18:30:00+00:00,Arbroath,Dunfermline,1,2026-09-21T00:41:44Z,NO_DATA,0,
1544661,DOMESTIC_LEAGUE,Scotland,179,Premiership,2025,Semi-finals,2026-05-12T18:45:00+00:00,Dunfermline,Partick,1,2026-09-21T00:41:44Z,NO_DATA,0,
1544662,DOMESTIC_LEAGUE,Scotland,179,Premiership,2025,Semi-finals,2026-05-15T18:45:00+00:00,Partick,Dunfermline,1,2026-09-21T00:41:44Z,NO_DATA,0,
1544682,DOMESTIC_LEAGUE,Belgium,144,Jupiler Pro League,2025,Final,2026-05-17T14:00:00+00:00,Lommel United,Dender,1,2026-09-21T00:41:44Z,CAPTURED,40,
1544683,DOMESTIC_LEAGUE,Belgium,144,Jupiler Pro League,2025,Final,2026-05-23T16:15:00+00:00,Dender,Lommel United,1,2026-09-21T00:41:44Z,CAPTURED,40,
1545234,DOMESTIC_LEAGUE,Scotland,179,Premiership,2025,Final,2026-05-21T19:00:00+00:00,Partick,ST Mirren,1,2026-09-21T00:41:44Z,NO_DATA,0,
1545235,DOMESTIC_LEAGUE,Scotland,179,Premiership,2025,Final,2026-05-25T19:00:00+00:00,ST Mirren,Partick,1,2026-09-21T00:41:44Z,NO_DATA,0,
1545407,DOMESTIC_LEAGUE,Austria,218,Bundesliga,2025,Semi-finals,2026-05-19T16:30:00+00:00,Ried,Wolfsberger AC,1,2026-09-21T00:41:44Z,CAPTURED,40,
1545410,DOMESTIC_LEAGUE,Denmark,119,Superliga,2025,Final,2026-05-21T16:30:00+00:00,Brondby,FC Copenhagen,1,2026-09-21T00:41:44Z,CAPTURED,40,
1545664,DOMESTIC_LEAGUE,Austria,218,Bundesliga,2025,Final,2026-05-22T17:30:00+00:00,Ried,Rapid Vienna,1,2026-09-21T00:41:44Z,CAPTURED,40,
1545665,DOMESTIC_LEAGUE,Austria,218,Bundesliga,2025,Final,2026-05-25T15:00:00+00:00,Rapid Vienna,Ried,1,2026-09-21T00:41:44Z,CAPTURED,40,
1546340,DOMESTIC_LEAGUE,Belgium,144,Jupiler Pro League,2025,Conference League Play-offs - Final,2026-05-31T16:30:00+00:00,Gent,Genk,1,2026-09-21T00:41:44Z,CAPTURED,40,
1380871,DOMESTIC_LEAGUE,Netherlands,88,Eredivisie,2025,Regular Season - 1,2025-08-09T19:00:00+00:00,PSV Eindhoven,Sparta Rotterdam,1,2026-09-21T04:37:55Z,CAPTURED,45,
1380872,DOMESTIC_LEAGUE,Netherlands,88,Eredivisie,2025,Regular Season - 1,2025-08-10T10:15:00+00:00,PEC Zwolle,Twente,1,2026-09-21T04:37:55Z,CAPTURED,44,
1380873,DOMESTIC_LEAGUE,Netherlands,88,Eredivisie,2025,Regular Season - 1,2025-08-10T12:30:00+00:00,Ajax,Telstar,1,2026-09-21T04:37:55Z,CAPTURED,45,
1380874,DOMESTIC_LEAGUE,Netherlands,88,Eredivisie,2025,Regular Season - 1,2025-08-10T12:30:00+00:00,AZ Alkmaar,Groningen,1,2026-09-21T04:37:55Z,CAPTURED,44,
1380875,DOMESTIC_LEAGUE,Netherlands,88,Eredivisie,2025,Regular Season - 1,2025-08-10T14:45:00+00:00,Utrecht,Heracles,1,2026-09-21T04:37:55Z,CAPTURED,46,
1380876,DOMESTIC_LEAGUE,Netherlands,88,Eredivisie,2025,Regular Season - 2,2025-08-15T18:00:00+00:00,Telstar,PEC Zwolle,1,2026-09-21T04:37:55Z,CAPTURED,44,
1380877,DOMESTIC_LEAGUE,Netherlands,88,Eredivisie,2025,Regular Season - 2,2025-08-16T19:00:00+00:00,Groningen,Heerenveen,1,2026-09-21T04:37:55Z,CAPTURED,43,
1380878,DOMESTIC_LEAGUE,Netherlands,88,Eredivisie,2025,Regular Season - 2,2025-08-16T16:45:00+00:00,Excelsior,Feyenoord,1,2026-09-21T04:37:55Z,CAPTURED,41,
1380879,DOMESTIC_LEAGUE,Netherlands,88,Eredivisie,2025,Regular Season - 2,2025-08-16T18:00:00+00:00,Heracles,NEC Nijmegen,1,2026-09-21T04:37:55Z,CAPTURED,45,
1380880,DOMESTIC_LEAGUE,Netherlands,88,Eredivisie,2025,Regular Season - 2,2025-08-17T10:15:00+00:00,GO Ahead Eagles,Ajax,1,2026-09-21T04:37:55Z,CAPTURED,46,
1380881,DOMESTIC_LEAGUE,Netherlands,88,Eredivisie,2025,Regular Season - 2,2025-08-17T12:30:00+00:00,Sparta Rotterdam,Utrecht,1,2026-09-21T04:37:55Z,CAPTURED,45,
1380882,DOMESTIC_LEAGUE,Netherlands,88,Eredivisie,2025,Regular Season - 2,2025-08-17T12:30:00+00:00,Twente,PSV Eindhoven,1,2026-09-21T04:37:55Z,CAPTURED,43,
1380883,DOMESTIC_LEAGUE,Netherlands,88,Eredivisie,2025,Regular Season - 2,2025-08-17T14:45:00+00:00,FC Volendam,AZ Alkmaar,1,2026-09-21T04:37:55Z,CAPTURED,45,
1380884,DOMESTIC_LEAGUE,Netherlands,88,Eredivisie,2025,Regular Season - 2,2025-08-17T18:00:00+00:00,NAC Breda,Fortuna Sittard,1,2026-09-21T04:37:55Z,CAPTURED,44,
1380885,DOMESTIC_LEAGUE,Netherlands,88,Eredivisie,2025,Regular Season - 3,2025-08-23T14:30:00+00:00,GO Ahead Eagles,Sparta Rotterdam,1,2026-09-21T04:37:55Z,CAPTURED,43,
1380886,DOMESTIC_LEAGUE,Netherlands,88,Eredivisie,2025,Regular Season - 3,2025-08-23T16:45:00+00:00,PSV Eindhoven,Groningen,1,2026-09-21T04:37:55Z,CAPTURED,46,
1380887,DOMESTIC_LEAGUE,Netherlands,88,Eredivisie,2025,Regular Season - 3,2025-08-23T19:00:00+00:00,Telstar,FC Volendam,1,2026-09-21T04:37:55Z,CAPTURED,45,
1380888,DOMESTIC_LEAGUE,Netherlands,88,Eredivisie,2025,Regular Season - 3,2025-09-24T18:00:00+00:00,AZ Alkmaar,PEC Zwolle,1,2026-09-21T04:37:55Z,CAPTURED,44,
1380889,DOMESTIC_LEAGUE,Netherlands,88,Eredivisie,2025,Regular Season - 3,2025-08-24T10:15:00+00:00,Heerenveen,Twente,1,2026-09-21T04:37:55Z,CAPTURED,45,
1380890,DOMESTIC_LEAGUE,Netherlands,88,Eredivisie,2025,Regular Season - 3,2025-08-24T12:30:00+00:00,NEC Nijmegen,NAC Breda,1,2026-09-21T04:37:55Z,CAPTURED,46,
1380891,DOMESTIC_LEAGUE,Netherlands,88,Eredivisie,2025,Regular Season - 3,2025-08-24T12:30:00+00:00,Utrecht,Excelsior,1,2026-09-21T04:37:55Z,CAPTURED,41,
1380892,DOMESTIC_LEAGUE,Netherlands,88,Eredivisie,2025,Regular Season - 3,2025-08-24T14:45:00+00:00,Ajax,Heracles,1,2026-09-21T04:37:55Z,CAPTURED,45,
1380893,DOMESTIC_LEAGUE,Netherlands,88,Eredivisie,2025,Regular Season - 4,2025-08-29T18:00:00+00:00,Groningen,Heracles,1,2026-09-21T04:37:55Z,CAPTURED,45,
1380894,DOMESTIC_LEAGUE,Netherlands,88,Eredivisie,2025,Regular Season - 4,2025-08-30T14:30:00+00:00,FC Volendam,Ajax,1,2026-09-21T04:37:55Z,CAPTURED,45,
1380895,DOMESTIC_LEAGUE,Netherlands,88,Eredivisie,2025,Regular Season - 4,2025-08-30T16:45:00+00:00,Heerenveen,GO Ahead Eagles,1,2026-09-21T04:37:55Z,CAPTURED,44,
1380896,DOMESTIC_LEAGUE,Netherlands,88,Eredivisie,2025,Regular Season - 4,2025-08-30T18:00:00+00:00,PSV Eindhoven,Telstar,1,2026-09-21T04:37:55Z,CAPTURED,45,
1380897,DOMESTIC_LEAGUE,Netherlands,88,Eredivisie,2025,Regular Season - 4,2025-08-30T19:00:00+00:00,Excelsior,Twente,1,2026-09-21T04:37:55Z,CAPTURED,40,
1380898,DOMESTIC_LEAGUE,Netherlands,88,Eredivisie,2025,Regular Season - 4,2025-08-31T10:15:00+00:00,Fortuna Sittard,NEC Nijmegen,1,2026-09-21T04:37:55Z,CAPTURED,40,
1380899,DOMESTIC_LEAGUE,Netherlands,88,Eredivisie,2025,Regular Season - 4,2025-08-31T12:30:00+00:00,Sparta Rotterdam,Feyenoord,1,2026-09-21T04:37:55Z,CAPTURED,46,
1380900,DOMESTIC_LEAGUE,Netherlands,88,Eredivisie,2025,Regular Season - 4,2025-08-31T12:30:00+00:00,PEC Zwolle,Utrecht,1,2026-09-21T04:37:55Z,CAPTURED,43,
1380901,DOMESTIC_LEAGUE,Netherlands,88,Eredivisie,2025,Regular Season - 4,2025-08-31T14:45:00+00:00,NAC Breda,AZ Alkmaar,1,2026-09-21T04:37:55Z,CAPTURED,46,
1380902,DOMESTIC_LEAGUE,Netherlands,88,Eredivisie,2025,Regular Season - 5,2025-09-13T14:30:00+00:00,Ajax,PEC Zwolle,1,2026-09-21T04:37:55Z,CAPTURED,46,
1380903,DOMESTIC_LEAGUE,Netherlands,88,Eredivisie,2025,Regular Season - 5,2025-09-13T16:45:00+00:00,GO Ahead Eagles,FC Volendam,1,2026-09-21T04:37:55Z,CAPTURED,45,
1380904,DOMESTIC_LEAGUE,Netherlands,88,Eredivisie,2025,Regular Season - 5,2025-09-13T16:45:00+00:00,NEC Nijmegen,PSV Eindhoven,1,2026-09-21T04:37:55Z,CAPTURED,46,
1380905,DOMESTIC_LEAGUE,Netherlands,88,Eredivisie,2025,Regular Season - 5,2025-09-13T19:00:00+00:00,Feyenoord,Heerenveen,1,2026-09-21T04:37:55Z,CAPTURED,45,
1380906,DOMESTIC_LEAGUE,Netherlands,88,Eredivisie,2025,Regular Season - 5,2025-09-13T19:00:00+00:00,Twente,NAC Breda,1,2026-09-21T04:37:55Z,CAPTURED,45,
1380907,DOMESTIC_LEAGUE,Netherlands,88,Eredivisie,2025,Regular Season - 5,2025-09-14T10:15:00+00:00,Excelsior,Sparta Rotterdam,1,2026-09-21T04:37:55Z,CAPTURED,45,
1380908,DOMESTIC_LEAGUE,Netherlands,88,Eredivisie,2025,Regular Season - 5,2025-09-14T12:30:00+00:00,Heracles,AZ Alkmaar,1,2026-09-21T04:37:55Z,CAPTURED,44,
1380909,DOMESTIC_LEAGUE,Netherlands,88,Eredivisie,2025,Regular Season - 5,2025-09-14T12:30:00+00:00,Utrecht,Groningen,1,2026-09-21T04:37:55Z,CAPTURED,46,
1380910,DOMESTIC_LEAGUE,Netherlands,88,Eredivisie,2025,Regular Season - 5,2025-09-14T14:45:00+00:00,Telstar,Fortuna Sittard,1,2026-09-21T04:37:55Z,CAPTURED,40,
1380911,DOMESTIC_LEAGUE,Netherlands,88,Eredivisie,2025,Regular Season - 3,2025-09-17T18:00:00+00:00,Feyenoord,Fortuna Sittard,1,2026-09-21T04:37:55Z,CAPTURED,45,
1380912,DOMESTIC_LEAGUE,Netherlands,88,Eredivisie,2025,Regular Season - 6,2025-09-19T18:00:00+00:00,Sparta Rotterdam,Twente,1,2026-09-21T04:37:55Z,CAPTURED,46,
1380913,DOMESTIC_LEAGUE,Netherlands,88,Eredivisie,2025,Regular Season - 6,2025-09-20T14:30:00+00:00,FC Volendam,Excelsior,1,2026-09-21T04:37:55Z,CAPTURED,43,
1380914,DOMESTIC_LEAGUE,Netherlands,88,Eredivisie,2025,Regular Season - 6,2025-09-20T16:45:00+00:00,Groningen,Telstar,1,2026-09-21T04:37:55Z,CAPTURED,44,
1380915,DOMESTIC_LEAGUE,Netherlands,88,Eredivisie,2025,Regular Season - 6,2025-09-20T18:00:00+00:00,Fortuna Sittard,Utrecht,1,2026-09-21T04:37:55Z,CAPTURED,45,
1380916,DOMESTIC_LEAGUE,Netherlands,88,Eredivisie,2025,Regular Season - 6,2025-09-20T19:00:00+00:00,NAC Breda,Heracles,1,2026-09-21T04:37:55Z,CAPTURED,45,
1380917,DOMESTIC_LEAGUE,Netherlands,88,Eredivisie,2025,Regular Season - 6,2025-09-21T10:15:00+00:00,PEC Zwolle,GO Ahead Eagles,1,2026-09-21T04:37:55Z,CAPTURED,46,
1380918,DOMESTIC_LEAGUE,Netherlands,88,Eredivisie,2025,Regular Season - 6,2025-09-21T12:30:00+00:00,Heerenveen,NEC Nijmegen,1,2026-09-21T04:37:55Z,CAPTURED,43,
1380919,DOMESTIC_LEAGUE,Netherlands,88,Eredivisie,2025,Regular Season - 6,2025-09-21T12:30:00+00:00,PSV Eindhoven,Ajax,1,2026-09-21T04:37:55Z,CAPTURED,45,
1380920,DOMESTIC_LEAGUE,Netherlands,88,Eredivisie,2025,Regular Season - 6,2025-09-21T14:45:00+00:00,AZ Alkmaar,Feyenoord,1,2026-09-21T04:37:55Z,CAPTURED,44,
1380921,DOMESTIC_LEAGUE,Netherlands,88,Eredivisie,2025,Regular Season - 7,2025-09-26T18:00:00+00:00,Twente,Fortuna Sittard,1,2026-09-21T04:37:55Z,CAPTURED,44,
1380922,DOMESTIC_LEAGUE,Netherlands,88,Eredivisie,2025,Regular Season - 7,2025-09-28T12:30:00+00:00,Groningen,Feyenoord,1,2026-09-21T04:37:55Z,CAPTURED,46,
1380923,DOMESTIC_LEAGUE,Netherlands,88,Eredivisie,2025,Regular Season - 7,2025-09-27T14:30:00+00:00,Ajax,NAC Breda,1,2026-09-21T04:37:55Z,CAPTURED,46,
1380924,DOMESTIC_LEAGUE,Netherlands,88,Eredivisie,2025,Regular Season - 7,2025-09-27T16:45:00+00:00,FC Volendam,PEC Zwolle,1,2026-09-21T04:37:55Z,CAPTURED,46,
1380925,DOMESTIC_LEAGUE,Netherlands,88,Eredivisie,2025,Regular Season - 7,2025-09-27T18:00:00+00:00,Excelsior,PSV Eindhoven,1,2026-09-21T04:37:55Z,CAPTURED,42,
1380926,DOMESTIC_LEAGUE,Netherlands,88,Eredivisie,2025,Regular Season - 7,2025-09-28T10:15:00+00:00,NEC Nijmegen,AZ Alkmaar,1,2026-09-21T04:37:55Z,CAPTURED,44,
1380927,DOMESTIC_LEAGUE,Netherlands,88,Eredivisie,2025,Regular Season - 7,2025-09-27T19:00:00+00:00,Heracles,Sparta Rotterdam,1,2026-09-21T04:37:55Z,CAPTURED,44,
1380928,DOMESTIC_LEAGUE,Netherlands,88,Eredivisie,2025,Regular Season - 7,2025-09-28T12:30:00+00:00,Utrecht,Heerenveen,1,2026-09-21T04:37:55Z,CAPTURED,45,
1380929,DOMESTIC_LEAGUE,Netherlands,88,Eredivisie,2025,Regular Season - 7,2025-09-28T14:45:00+00:00,Telstar,GO Ahead Eagles,1,2026-09-21T04:37:55Z,CAPTURED,44,
1380930,DOMESTIC_LEAGUE,Netherlands,88,Eredivisie,2025,Regular Season - 8,2025-10-03T18:00:00+00:00,NAC Breda,Groningen,1,2026-09-21T04:37:55Z,CAPTURED,46,
1380931,DOMESTIC_LEAGUE,Netherlands,88,Eredivisie,2025,Regular Season - 8,2025-10-04T14:30:00+00:00,Sparta Rotterdam,Ajax,1,2026-09-21T04:37:55Z,CAPTURED,45,
1380932,DOMESTIC_LEAGUE,Netherlands,88,Eredivisie,2025,Regular Season - 8,2025-10-04T16:45:00+00:00,Fortuna Sittard,FC Volendam,1,2026-09-21T04:37:55Z,CAPTURED,44,
1380933,DOMESTIC_LEAGUE,Netherlands,88,Eredivisie,2025,Regular Season - 8,2025-10-04T18:00:00+00:00,PEC Zwolle,PSV Eindhoven,1,2026-09-21T04:37:55Z,CAPTURED,44,
1380934,DOMESTIC_LEAGUE,Netherlands,88,Eredivisie,2025,Regular Season - 8,2025-10-04T19:00:00+00:00,Heerenveen,Excelsior,1,2026-09-21T04:37:55Z,CAPTURED,42,
1380935,DOMESTIC_LEAGUE,Netherlands,88,Eredivisie,2025,Regular Season - 8,2025-10-05T10:15:00+00:00,Twente,Heracles,1,2026-09-21T04:37:55Z,CAPTURED,43,
1380936,DOMESTIC_LEAGUE,Netherlands,88,Eredivisie,2025,Regular Season - 8,2025-10-05T14:45:00+00:00,AZ Alkmaar,Telstar,1,2026-09-21T04:37:55Z,CAPTURED,41,
1380937,DOMESTIC_LEAGUE,Netherlands,88,Eredivisie,2025,Regular Season - 8,2025-10-05T12:30:00+00:00,Feyenoord,Utrecht,1,2026-09-21T04:37:55Z,CAPTURED,44,
1380938,DOMESTIC_LEAGUE,Netherlands,88,Eredivisie,2025,Regular Season - 8,2025-10-05T18:00:00+00:00,GO Ahead Eagles,NEC Nijmegen,1,2026-09-21T04:37:55Z,CAPTURED,46,
1380939,DOMESTIC_LEAGUE,Netherlands,88,Eredivisie,2025,Regular Season - 9,2025-10-19T14:45:00+00:00,Heracles,Feyenoord,1,2026-09-21T04:37:55Z,CAPTURED,43,
1380940,DOMESTIC_LEAGUE,Netherlands,88,Eredivisie,2025,Regular Season - 9,2025-10-18T16:45:00+00:00,PSV Eindhoven,GO Ahead Eagles,1,2026-09-21T04:37:55Z,CAPTURED,45,
1380941,DOMESTIC_LEAGUE,Netherlands,88,Eredivisie,2025,Regular Season - 9,2025-10-18T16:45:00+00:00,Utrecht,FC Volendam,1,2026-09-21T04:37:55Z,CAPTURED,46,
1380942,DOMESTIC_LEAGUE,Netherlands,88,Eredivisie,2025,Regular Season - 9,2025-10-18T19:00:00+00:00,Ajax,AZ Alkmaar,1,2026-09-21T04:37:55Z,CAPTURED,44,
1380943,DOMESTIC_LEAGUE,Netherlands,88,Eredivisie,2025,Regular Season - 9,2025-10-18T19:00:00+00:00,NAC Breda,PEC Zwolle,1,2026-09-21T04:37:55Z,CAPTURED,46,
1380944,DOMESTIC_LEAGUE,Netherlands,88,Eredivisie,2025,Regular Season - 9,2025-10-19T12:30:00+00:00,Groningen,Sparta Rotterdam,1,2026-09-21T04:37:55Z,CAPTURED,46,
1380945,DOMESTIC_LEAGUE,Netherlands,88,Eredivisie,2025,Regular Season - 9,2025-10-19T12:30:00+00:00,Excelsior,Fortuna Sittard,1,2026-09-21T04:37:55Z,CAPTURED,40,
1380946,DOMESTIC_LEAGUE,Netherlands,88,Eredivisie,2025,Regular Season - 9,2025-10-19T10:15:00+00:00,Telstar,Heerenveen,1,2026-09-21T04:37:55Z,CAPTURED,46,
1380947,DOMESTIC_LEAGUE,Netherlands,88,Eredivisie,2025,Regular Season - 9,2025-10-18T14:30:00+00:00,NEC Nijmegen,Twente,1,2026-09-21T04:37:55Z,CAPTURED,45,
1380948,DOMESTIC_LEAGUE,Netherlands,88,Eredivisie,2025,Regular Season - 10,2025-10-24T18:00:00+00:00,Heerenveen,NAC Breda,1,2026-09-21T04:37:55Z,CAPTURED,46,
1380949,DOMESTIC_LEAGUE,Netherlands,88,Eredivisie,2025,Regular Season - 10,2025-10-25T14:30:00+00:00,Fortuna Sittard,Groningen,1,2026-09-21T04:37:55Z,CAPTURED,42,
1380950,DOMESTIC_LEAGUE,Netherlands,88,Eredivisie,2025,Regular Season - 10,2025-10-25T18:00:00+00:00,FC Volendam,Heracles,1,2026-09-21T04:37:55Z,CAPTURED,44,
1380951,DOMESTIC_LEAGUE,Netherlands,88,Eredivisie,2025,Regular Season - 10,2025-10-25T16:45:00+00:00,Sparta Rotterdam,Telstar,1,2026-09-21T04:37:55Z,CAPTURED,44,
1380952,DOMESTIC_LEAGUE,Netherlands,88,Eredivisie,2025,Regular Season - 10,2025-10-25T19:00:00+00:00,PEC Zwolle,NEC Nijmegen,1,2026-09-21T04:37:55Z,CAPTURED,44,
1380953,DOMESTIC_LEAGUE,Netherlands,88,Eredivisie,2025,Regular Season - 10,2025-10-26T11:15:00+00:00,Twente,Ajax,1,2026-09-21T04:37:55Z,CAPTURED,45,
1380954,DOMESTIC_LEAGUE,Netherlands,88,Eredivisie,2025,Regular Season - 10,2025-10-26T13:30:00+00:00,Feyenoord,PSV Eindhoven,1,2026-09-21T04:37:55Z,CAPTURED,45,
1394434,DOMESTIC_LEAGUE,Turkey,203,Süper Lig,2025,Regular Season - 1,2025-08-10T18:30:00+00:00,Eyüpspor,Konyaspor,1,2026-09-21T04:37:55Z,CAPTURED,42,
1394435,DOMESTIC_LEAGUE,Turkey,203,Süper Lig,2025,Regular Season - 1,2025-09-17T17:00:00+00:00,Fenerbahçe,Alanyaspor,1,2026-09-21T04:37:55Z,CAPTURED,41,
1394437,DOMESTIC_LEAGUE,Turkey,203,Süper Lig,2025,Regular Season - 1,2025-09-17T17:00:00+00:00,Fatih Karagümrük,Başakşehir,1,2026-09-21T04:37:55Z,CAPTURED,42,
1394438,DOMESTIC_LEAGUE,Turkey,203,Süper Lig,2025,Regular Season - 1,2025-09-24T17:00:00+00:00,Kayserispor,Beşiktaş,1,2026-09-21T04:37:55Z,CAPTURED,36,
1394439,DOMESTIC_LEAGUE,Turkey,203,Süper Lig,2025,Regular Season - 1,2025-08-10T16:00:00+00:00,Rizespor,Göztepe,1,2026-09-21T04:37:55Z,CAPTURED,42,
1394441,DOMESTIC_LEAGUE,Turkey,203,Süper Lig,2025,Regular Season - 1,2025-08-11T18:30:00+00:00,Trabzonspor,Kocaelispor,1,2026-09-21T04:37:55Z,CAPTURED,42,
1394442,DOMESTIC_LEAGUE,Turkey,203,Süper Lig,2025,Regular Season - 2,2025-08-16T18:30:00+00:00,Alanyaspor,Rizespor,1,2026-09-21T04:37:55Z,CAPTURED,42,
1394443,DOMESTIC_LEAGUE,Turkey,203,Süper Lig,2025,Regular Season - 2,2025-08-17T18:30:00+00:00,Başakşehir,Kayserispor,1,2026-09-21T04:37:55Z,CAPTURED,42,
1394444,DOMESTIC_LEAGUE,Turkey,203,Süper Lig,2025,Regular Season - 2,2025-08-17T18:30:00+00:00,Beşiktaş,Eyüpspor,1,2026-09-21T04:37:55Z,CAPTURED,42,
1394445,DOMESTIC_LEAGUE,Turkey,203,Süper Lig,2025,Regular Season - 2,2025-08-15T18:30:00+00:00,Galatasaray,Fatih Karagümrük,1,2026-09-21T04:37:55Z,CAPTURED,41,
1394446,DOMESTIC_LEAGUE,Turkey,203,Süper Lig,2025,Regular Season - 2,2025-08-17T16:00:00+00:00,Gençlerbirliği S.K.,Antalyaspor,1,2026-09-21T04:37:55Z,CAPTURED,41,
1394447,DOMESTIC_LEAGUE,Turkey,203,Süper Lig,2025,Regular Season - 2,2025-08-16T18:30:00+00:00,Göztepe,Fenerbahçe,1,2026-09-21T04:37:55Z,CAPTURED,42,
1394448,DOMESTIC_LEAGUE,Turkey,203,Süper Lig,2025,Regular Season - 2,2025-08-18T18:30:00+00:00,Kasımpaşa,Trabzonspor,1,2026-09-21T04:37:55Z,CAPTURED,41,
1394449,DOMESTIC_LEAGUE,Turkey,203,Süper Lig,2025,Regular Season - 2,2025-08-16T16:00:00+00:00,Kocaelispor,Samsunspor,1,2026-09-21T04:37:55Z,CAPTURED,42,
1394450,DOMESTIC_LEAGUE,Turkey,203,Süper Lig,2025,Regular Season - 2,2025-08-17T16:00:00+00:00,Konyaspor,Gaziantep FK,1,2026-09-21T04:37:55Z,CAPTURED,41,
1394451,DOMESTIC_LEAGUE,Turkey,203,Süper Lig,2025,Regular Season - 3,2025-08-25T16:00:00+00:00,Eyüpspor,Alanyaspor,1,2026-09-21T04:37:55Z,CAPTURED,42,
1394452,DOMESTIC_LEAGUE,Turkey,203,Süper Lig,2025,Regular Season - 3,2025-08-23T18:30:00+00:00,Fenerbahçe,Kocaelispor,1,2026-09-21T04:37:55Z,CAPTURED,42,
1394453,DOMESTIC_LEAGUE,Turkey,203,Süper Lig,2025,Regular Season - 3,2025-08-23T18:30:00+00:00,Gaziantep FK,Gençlerbirliği S.K.,1,2026-09-21T04:37:55Z,CAPTURED,40,
1394454,DOMESTIC_LEAGUE,Turkey,203,Süper Lig,2025,Regular Season - 3,2025-08-22T18:30:00+00:00,Fatih Karagümrük,Göztepe,1,2026-09-21T04:37:55Z,CAPTURED,38,
1394455,DOMESTIC_LEAGUE,Turkey,203,Süper Lig,2025,Regular Season - 3,2025-08-24T18:30:00+00:00,Kayserispor,Galatasaray,1,2026-09-21T04:37:55Z,CAPTURED,42,
1394456,DOMESTIC_LEAGUE,Turkey,203,Süper Lig,2025,Regular Season - 3,2025-10-22T17:00:00+00:00,Konyaspor,Beşiktaş,1,2026-09-21T04:37:55Z,CAPTURED,41,
1394457,DOMESTIC_LEAGUE,Turkey,203,Süper Lig,2025,Regular Season - 3,2025-10-22T17:00:00+00:00,Rizespor,Başakşehir,1,2026-09-21T04:37:55Z,CAPTURED,42,
1394458,DOMESTIC_LEAGUE,Turkey,203,Süper Lig,2025,Regular Season - 3,2025-09-17T17:00:00+00:00,Samsunspor,Kasımpaşa,1,2026-09-21T04:37:55Z,CAPTURED,40,
1394459,DOMESTIC_LEAGUE,Turkey,203,Süper Lig,2025,Regular Season - 3,2025-08-24T16:00:00+00:00,Trabzonspor,Antalyaspor,1,2026-09-21T04:37:55Z,CAPTURED,42,
1394460,DOMESTIC_LEAGUE,Turkey,203,Süper Lig,2025,Regular Season - 4,2025-08-31T18:30:00+00:00,Alanyaspor,Beşiktaş,1,2026-09-21T04:37:55Z,CAPTURED,42,
1394461,DOMESTIC_LEAGUE,Turkey,203,Süper Lig,2025,Regular Season - 4,2025-08-30T18:30:00+00:00,Antalyaspor,Fatih Karagümrük,1,2026-09-21T04:37:55Z,CAPTURED,40,
1394462,DOMESTIC_LEAGUE,Turkey,203,Süper Lig,2025,Regular Season - 4,2025-08-31T16:00:00+00:00,Başakşehir,Eyüpspor,1,2026-09-21T04:37:55Z,CAPTURED,39,
1394463,DOMESTIC_LEAGUE,Turkey,203,Süper Lig,2025,Regular Season - 4,2025-08-30T18:30:00+00:00,Galatasaray,Rizespor,1,2026-09-21T04:37:55Z,CAPTURED,42,
1394464,DOMESTIC_LEAGUE,Turkey,203,Süper Lig,2025,Regular Season - 4,2025-08-31T16:00:00+00:00,Gençlerbirliği S.K.,Fenerbahçe,1,2026-09-21T04:37:55Z,CAPTURED,42,
1394465,DOMESTIC_LEAGUE,Turkey,203,Süper Lig,2025,Regular Season - 4,2025-08-29T18:30:00+00:00,Göztepe,Konyaspor,1,2026-09-21T04:37:55Z,CAPTURED,41,
1394466,DOMESTIC_LEAGUE,Turkey,203,Süper Lig,2025,Regular Season - 4,2025-08-30T16:00:00+00:00,Kasımpaşa,Gaziantep FK,1,2026-09-21T04:37:55Z,CAPTURED,41,
1394467,DOMESTIC_LEAGUE,Turkey,203,Süper Lig,2025,Regular Season - 4,2025-08-30T16:00:00+00:00,Kocaelispor,Kayserispor,1,2026-09-21T04:37:55Z,CAPTURED,42,
1394468,DOMESTIC_LEAGUE,Turkey,203,Süper Lig,2025,Regular Season - 4,2025-08-31T18:30:00+00:00,Trabzonspor,Samsunspor,1,2026-09-21T04:37:55Z,CAPTURED,42,
1394469,DOMESTIC_LEAGUE,Turkey,203,Süper Lig,2025,Regular Season - 5,2025-09-13T17:00:00+00:00,Beşiktaş,Başakşehir,1,2026-09-21T04:37:55Z,CAPTURED,42,
1394470,DOMESTIC_LEAGUE,Turkey,203,Süper Lig,2025,Regular Season - 5,2025-09-13T14:00:00+00:00,Eyüpspor,Galatasaray,1,2026-09-21T04:37:55Z,CAPTURED,42,
1394471,DOMESTIC_LEAGUE,Turkey,203,Süper Lig,2025,Regular Season - 5,2025-09-14T16:00:00+00:00,Fenerbahçe,Trabzonspor,1,2026-09-21T04:37:55Z,CAPTURED,42,
1394472,DOMESTIC_LEAGUE,Turkey,203,Süper Lig,2025,Regular Season - 5,2025-09-14T16:00:00+00:00,Gaziantep FK,Kocaelispor,1,2026-09-21T04:37:55Z,CAPTURED,42,
1394473,DOMESTIC_LEAGUE,Turkey,203,Süper Lig,2025,Regular Season - 5,2025-09-13T14:00:00+00:00,Fatih Karagümrük,Kasımpaşa,1,2026-09-21T04:37:55Z,CAPTURED,41,
1394474,DOMESTIC_LEAGUE,Turkey,203,Süper Lig,2025,Regular Season - 5,2025-09-14T14:00:00+00:00,Kayserispor,Göztepe,1,2026-09-21T04:37:55Z,CAPTURED,42,
1394475,DOMESTIC_LEAGUE,Turkey,203,Süper Lig,2025,Regular Season - 5,2025-09-13T17:00:00+00:00,Konyaspor,Alanyaspor,1,2026-09-21T04:37:55Z,CAPTURED,42,
1394476,DOMESTIC_LEAGUE,Turkey,203,Süper Lig,2025,Regular Season - 5,2025-09-15T17:00:00+00:00,Rizespor,Gençlerbirliği S.K.,1,2026-09-21T04:37:55Z,CAPTURED,42,
1394477,DOMESTIC_LEAGUE,Turkey,203,Süper Lig,2025,Regular Season - 5,2025-09-13T14:00:00+00:00,Samsunspor,Antalyaspor,1,2026-09-21T04:37:55Z,CAPTURED,41,
1394478,DOMESTIC_LEAGUE,Turkey,203,Süper Lig,2025,Regular Season - 6,2025-09-20T17:00:00+00:00,Antalyaspor,Kayserispor,1,2026-09-21T04:37:55Z,CAPTURED,42,
1394479,DOMESTIC_LEAGUE,Turkey,203,Süper Lig,2025,Regular Season - 6,2025-09-21T14:00:00+00:00,Başakşehir,Alanyaspor,1,2026-09-21T04:37:55Z,CAPTURED,42,
1394480,DOMESTIC_LEAGUE,Turkey,203,Süper Lig,2025,Regular Season - 6,2025-09-22T17:00:00+00:00,Galatasaray,Konyaspor,1,2026-09-21T04:37:55Z,CAPTURED,42,
1394481,DOMESTIC_LEAGUE,Turkey,203,Süper Lig,2025,Regular Season - 6,2025-09-20T14:00:00+00:00,Gençlerbirliği S.K.,Eyüpspor,1,2026-09-21T04:37:55Z,CAPTURED,42,
1394482,DOMESTIC_LEAGUE,Turkey,203,Süper Lig,2025,Regular Season - 6,2025-09-19T17:00:00+00:00,Göztepe,Beşiktaş,1,2026-09-21T04:37:55Z,CAPTURED,42,
1394483,DOMESTIC_LEAGUE,Turkey,203,Süper Lig,2025,Regular Season - 6,2025-09-21T17:00:00+00:00,Kasımpaşa,Fenerbahçe,1,2026-09-21T04:37:55Z,CAPTURED,42,
1394484,DOMESTIC_LEAGUE,Turkey,203,Süper Lig,2025,Regular Season - 6,2025-09-21T14:00:00+00:00,Kocaelispor,Rizespor,1,2026-09-21T04:37:55Z,CAPTURED,42,
1394485,DOMESTIC_LEAGUE,Turkey,203,Süper Lig,2025,Regular Season - 6,2025-09-21T17:00:00+00:00,Samsunspor,Fatih Karagümrük,1,2026-09-21T04:37:55Z,CAPTURED,42,
1394486,DOMESTIC_LEAGUE,Turkey,203,Süper Lig,2025,Regular Season - 6,2025-09-20T17:00:00+00:00,Trabzonspor,Gaziantep FK,1,2026-09-21T04:37:55Z,CAPTURED,42,
1394487,DOMESTIC_LEAGUE,Turkey,203,Süper Lig,2025,Regular Season - 7,2025-09-26T17:00:00+00:00,Alanyaspor,Galatasaray,1,2026-09-21T04:37:55Z,CAPTURED,42,
1394488,DOMESTIC_LEAGUE,Turkey,203,Süper Lig,2025,Regular Season - 7,2025-09-29T17:00:00+00:00,Beşiktaş,Kocaelispor,1,2026-09-21T04:37:55Z,CAPTURED,42,
1394489,DOMESTIC_LEAGUE,Turkey,203,Süper Lig,2025,Regular Season - 7,2025-09-27T14:00:00+00:00,Eyüpspor,Göztepe,1,2026-09-21T04:37:55Z,CAPTURED,42,
1394490,DOMESTIC_LEAGUE,Turkey,203,Süper Lig,2025,Regular Season - 7,2025-09-28T17:00:00+00:00,Fenerbahçe,Antalyaspor,1,2026-09-21T04:37:55Z,CAPTURED,42,
1394491,DOMESTIC_LEAGUE,Turkey,203,Süper Lig,2025,Regular Season - 7,2025-09-27T14:00:00+00:00,Gaziantep FK,Samsunspor,1,2026-09-21T04:37:55Z,CAPTURED,41,
1394492,DOMESTIC_LEAGUE,Turkey,203,Süper Lig,2025,Regular Season - 7,2025-09-27T17:00:00+00:00,Fatih Karagümrük,Trabzonspor,1,2026-09-21T04:37:55Z,CAPTURED,42,
1394493,DOMESTIC_LEAGUE,Turkey,203,Süper Lig,2025,Regular Season - 7,2025-09-28T17:00:00+00:00,Kayserispor,Gençlerbirliği S.K.,1,2026-09-21T04:37:55Z,CAPTURED,41,
1394494,DOMESTIC_LEAGUE,Turkey,203,Süper Lig,2025,Regular Season - 7,2025-09-28T14:00:00+00:00,Konyaspor,Başakşehir,1,2026-09-21T04:37:55Z,CAPTURED,42,
1394495,DOMESTIC_LEAGUE,Turkey,203,Süper Lig,2025,Regular Season - 7,2025-09-28T14:00:00+00:00,Rizespor,Kasımpaşa,1,2026-09-21T04:37:55Z,CAPTURED,42,
1394496,DOMESTIC_LEAGUE,Turkey,203,Süper Lig,2025,Regular Season - 8,2025-10-03T17:00:00+00:00,Antalyaspor,Rizespor,1,2026-09-21T04:37:55Z,CAPTURED,42,
1394497,DOMESTIC_LEAGUE,Turkey,203,Süper Lig,2025,Regular Season - 8,2025-10-04T17:00:00+00:00,Galatasaray,Beşiktaş,1,2026-09-21T04:37:55Z,CAPTURED,42,
1394498,DOMESTIC_LEAGUE,Turkey,203,Süper Lig,2025,Regular Season - 8,2025-10-04T11:30:00+00:00,Gençlerbirliği S.K.,Alanyaspor,1,2026-09-21T04:37:55Z,CAPTURED,42,
1394499,DOMESTIC_LEAGUE,Turkey,203,Süper Lig,2025,Regular Season - 8,2025-10-05T17:00:00+00:00,Göztepe,Başakşehir,1,2026-09-21T04:37:55Z,CAPTURED,42,
1394500,DOMESTIC_LEAGUE,Turkey,203,Süper Lig,2025,Regular Season - 8,2025-10-05T14:00:00+00:00,Fatih Karagümrük,Gaziantep FK,1,2026-09-21T04:37:55Z,CAPTURED,42,
1394501,DOMESTIC_LEAGUE,Turkey,203,Süper Lig,2025,Regular Season - 8,2025-10-05T11:30:00+00:00,Kasımpaşa,Konyaspor,1,2026-09-21T04:37:55Z,CAPTURED,42,
1394502,DOMESTIC_LEAGUE,Turkey,203,Süper Lig,2025,Regular Season - 8,2025-10-04T14:00:00+00:00,Kocaelispor,Eyüpspor,1,2026-09-21T04:37:55Z,CAPTURED,42,
1394503,DOMESTIC_LEAGUE,Turkey,203,Süper Lig,2025,Regular Season - 8,2025-10-05T17:00:00+00:00,Samsunspor,Fenerbahçe,1,2026-09-21T04:37:55Z,CAPTURED,41,
1394504,DOMESTIC_LEAGUE,Turkey,203,Süper Lig,2025,Regular Season - 8,2025-10-03T17:00:00+00:00,Trabzonspor,Kayserispor,1,2026-09-21T04:37:55Z,CAPTURED,42,
1394505,DOMESTIC_LEAGUE,Turkey,203,Süper Lig,2025,Regular Season - 9,2025-10-19T14:00:00+00:00,Alanyaspor,Göztepe,1,2026-09-21T04:37:55Z,CAPTURED,40,
1394506,DOMESTIC_LEAGUE,Turkey,203,Süper Lig,2025,Regular Season - 9,2025-10-18T17:00:00+00:00,Başakşehir,Galatasaray,1,2026-09-21T04:37:55Z,CAPTURED,42,
1394507,DOMESTIC_LEAGUE,Turkey,203,Süper Lig,2025,Regular Season - 9,2025-10-18T14:00:00+00:00,Beşiktaş,Gençlerbirliği S.K.,1,2026-09-21T04:37:55Z,CAPTURED,42,
1394508,DOMESTIC_LEAGUE,Turkey,203,Süper Lig,2025,Regular Season - 9,2025-10-20T17:00:00+00:00,Eyüpspor,Kasımpaşa,1,2026-09-21T04:37:55Z,CAPTURED,42,
1394509,DOMESTIC_LEAGUE,Turkey,203,Süper Lig,2025,Regular Season - 9,2025-10-19T17:00:00+00:00,Fenerbahçe,Fatih Karagümrük,1,2026-09-21T04:37:55Z,CAPTURED,42,
1394510,DOMESTIC_LEAGUE,Turkey,203,Süper Lig,2025,Regular Season - 9,2025-10-19T14:00:00+00:00,Gaziantep FK,Antalyaspor,1,2026-09-21T04:37:55Z,CAPTURED,42,
1394511,DOMESTIC_LEAGUE,Turkey,203,Süper Lig,2025,Regular Season - 9,2025-10-19T11:30:00+00:00,Kayserispor,Samsunspor,1,2026-09-21T04:37:55Z,CAPTURED,42,
1394512,DOMESTIC_LEAGUE,Turkey,203,Süper Lig,2025,Regular Season - 9,2025-10-18T11:30:00+00:00,Konyaspor,Kocaelispor,1,2026-09-21T04:37:55Z,CAPTURED,42,
1394513,DOMESTIC_LEAGUE,Turkey,203,Süper Lig,2025,Regular Season - 9,2025-10-18T14:00:00+00:00,Rizespor,Trabzonspor,1,2026-09-21T04:37:55Z,CAPTURED,42,
1394514,DOMESTIC_LEAGUE,Turkey,203,Süper Lig,2025,Regular Season - 10,2025-10-26T11:30:00+00:00,Antalyaspor,Başakşehir,1,2026-09-21T04:37:55Z,CAPTURED,42,
1394518,DOMESTIC_LEAGUE,Turkey,203,Süper Lig,2025,Regular Season - 10,2025-10-24T17:00:00+00:00,Fatih Karagümrük,Kayserispor,1,2026-09-21T04:37:55Z,CAPTURED,42,
1394520,DOMESTIC_LEAGUE,Turkey,203,Süper Lig,2025,Regular Season - 10,2025-10-25T14:00:00+00:00,Kocaelispor,Alanyaspor,1,2026-09-21T04:37:55Z,CAPTURED,42,
1394522,DOMESTIC_LEAGUE,Turkey,203,Süper Lig,2025,Regular Season - 10,2025-10-25T17:00:00+00:00,Trabzonspor,Eyüpspor,1,2026-09-21T04:37:55Z,CAPTURED,42,
1396237,DOMESTIC_LEAGUE,Portugal,94,Primeira Liga,2025,Regular Season - 1,2025-08-09T19:30:00+00:00,Arouca,AVS,1,2026-09-21T04:37:55Z,CAPTURED,39,
1396238,DOMESTIC_LEAGUE,Portugal,94,Primeira Liga,2025,Regular Season - 1,2025-09-23T19:15:00+00:00,Benfica,Rio Ave,1,2026-09-21T04:37:55Z,CAPTURED,40,
1396239,DOMESTIC_LEAGUE,Portugal,94,Primeira Liga,2025,Regular Season - 1,2025-08-10T19:30:00+00:00,SC Braga,Tondela,1,2026-09-21T04:37:55Z,CAPTURED,40,
1396241,DOMESTIC_LEAGUE,Portugal,94,Primeira Liga,2025,Regular Season - 1,2025-08-11T17:45:00+00:00,Estoril,Estrela,1,2026-09-21T04:37:55Z,CAPTURED,40,
1396242,DOMESTIC_LEAGUE,Portugal,94,Primeira Liga,2025,Regular Season - 1,2025-08-10T16:00:00+00:00,Famalicao,Santa Clara,1,2026-09-21T04:37:55Z,CAPTURED,40,
1396243,DOMESTIC_LEAGUE,Portugal,94,Primeira Liga,2025,Regular Season - 1,2025-08-11T19:45:00+00:00,FC Porto,Vitória SC,1,2026-09-21T04:37:55Z,CAPTURED,40,
1396244,DOMESTIC_LEAGUE,Portugal,94,Primeira Liga,2025,Regular Season - 1,2025-08-10T19:30:00+00:00,Moreirense,Alverca,1,2026-09-21T04:37:55Z,CAPTURED,40,
1396246,DOMESTIC_LEAGUE,Portugal,94,Primeira Liga,2025,Regular Season - 2,2025-08-15T14:30:00+00:00,AVS,Casa Pia,1,2026-09-21T04:37:55Z,CAPTURED,40,
1396247,DOMESTIC_LEAGUE,Portugal,94,Primeira Liga,2025,Regular Season - 2,2025-08-17T17:00:00+00:00,Alverca,SC Braga,1,2026-09-21T04:37:55Z,CAPTURED,40,
1396248,DOMESTIC_LEAGUE,Portugal,94,Primeira Liga,2025,Regular Season - 2,2025-08-16T19:30:00+00:00,Estrela,Benfica,1,2026-09-21T04:37:55Z,CAPTURED,40,
1396249,DOMESTIC_LEAGUE,Portugal,94,Primeira Liga,2025,Regular Season - 2,2025-08-18T19:15:00+00:00,GIL Vicente,FC Porto,1,2026-09-21T04:37:55Z,CAPTURED,40,
1396250,DOMESTIC_LEAGUE,Portugal,94,Primeira Liga,2025,Regular Season - 2,2025-08-17T14:30:00+00:00,Rio Ave,Nacional,1,2026-09-21T04:37:55Z,CAPTURED,40,
1396251,DOMESTIC_LEAGUE,Portugal,94,Primeira Liga,2025,Regular Season - 2,2025-08-17T17:00:00+00:00,Santa Clara,Moreirense,1,2026-09-21T04:37:55Z,CAPTURED,39,
1396252,DOMESTIC_LEAGUE,Portugal,94,Primeira Liga,2025,Regular Season - 2,2025-08-17T19:30:00+00:00,Sporting CP,Arouca,1,2026-09-21T04:37:55Z,CAPTURED,40,
1396253,DOMESTIC_LEAGUE,Portugal,94,Primeira Liga,2025,Regular Season - 2,2025-08-16T14:30:00+00:00,Tondela,Famalicao,1,2026-09-21T04:37:55Z,CAPTURED,40,
1396254,DOMESTIC_LEAGUE,Portugal,94,Primeira Liga,2025,Regular Season - 2,2025-08-16T17:00:00+00:00,Vitória SC,Estoril,1,2026-09-21T04:37:55Z,CAPTURED,40,
1396255,DOMESTIC_LEAGUE,Portugal,94,Primeira Liga,2025,Regular Season - 3,2025-08-23T19:30:00+00:00,Arouca,Rio Ave,1,2026-09-21T04:37:55Z,CAPTURED,40,
1396256,DOMESTIC_LEAGUE,Portugal,94,Primeira Liga,2025,Regular Season - 3,2025-08-23T19:30:00+00:00,Benfica,Tondela,1,2026-09-21T04:37:55Z,CAPTURED,40,
1396257,DOMESTIC_LEAGUE,Portugal,94,Primeira Liga,2025,Regular Season - 3,2025-08-24T19:30:00+00:00,SC Braga,AVS,1,2026-09-21T04:37:55Z,CAPTURED,40,
1396258,DOMESTIC_LEAGUE,Portugal,94,Primeira Liga,2025,Regular Season - 3,2025-09-06T19:30:00+00:00,Estoril,Santa Clara,1,2026-09-21T04:37:55Z,CAPTURED,40,
1396259,DOMESTIC_LEAGUE,Portugal,94,Primeira Liga,2025,Regular Season - 3,2025-08-25T19:15:00+00:00,Estrela,Alverca,1,2026-09-21T04:37:55Z,CAPTURED,40,
1396260,DOMESTIC_LEAGUE,Portugal,94,Primeira Liga,2025,Regular Season - 3,2025-08-24T14:30:00+00:00,Famalicao,GIL Vicente,1,2026-09-21T04:37:55Z,CAPTURED,40,
1396261,DOMESTIC_LEAGUE,Portugal,94,Primeira Liga,2025,Regular Season - 3,2025-08-24T17:00:00+00:00,FC Porto,Casa Pia,1,2026-09-21T04:37:55Z,CAPTURED,40,
1396262,DOMESTIC_LEAGUE,Portugal,94,Primeira Liga,2025,Regular Season - 3,2025-08-23T15:00:00+00:00,Moreirense,Vitória SC,1,2026-09-21T04:37:55Z,CAPTURED,40,
1396263,DOMESTIC_LEAGUE,Portugal,94,Primeira Liga,2025,Regular Season - 3,2025-08-23T17:00:00+00:00,Nacional,Sporting CP,1,2026-09-21T04:37:55Z,CAPTURED,40,
1396264,DOMESTIC_LEAGUE,Portugal,94,Primeira Liga,2025,Regular Season - 4,2025-08-30T17:00:00+00:00,AVS,Famalicao,1,2026-09-21T04:37:55Z,CAPTURED,40,
1396265,DOMESTIC_LEAGUE,Portugal,94,Primeira Liga,2025,Regular Season - 4,2025-08-31T17:00:00+00:00,Alverca,Benfica,1,2026-09-21T04:37:55Z,CAPTURED,40,
1396266,DOMESTIC_LEAGUE,Portugal,94,Primeira Liga,2025,Regular Season - 4,2025-08-30T14:30:00+00:00,Casa Pia,Nacional,1,2026-09-21T04:37:55Z,CAPTURED,40,
1396267,DOMESTIC_LEAGUE,Portugal,94,Primeira Liga,2025,Regular Season - 4,2025-08-29T19:15:00+00:00,GIL Vicente,Moreirense,1,2026-09-21T04:37:55Z,CAPTURED,40,
1396268,DOMESTIC_LEAGUE,Portugal,94,Primeira Liga,2025,Regular Season - 4,2025-08-31T19:30:00+00:00,Rio Ave,SC Braga,1,2026-09-21T04:37:55Z,CAPTURED,40,
1396269,DOMESTIC_LEAGUE,Portugal,94,Primeira Liga,2025,Regular Season - 4,2025-08-31T19:30:00+00:00,Santa Clara,Estrela,1,2026-09-21T04:37:55Z,CAPTURED,40,
1396270,DOMESTIC_LEAGUE,Portugal,94,Primeira Liga,2025,Regular Season - 4,2025-08-30T19:30:00+00:00,Sporting CP,FC Porto,1,2026-09-21T04:37:55Z,CAPTURED,40,
1396271,DOMESTIC_LEAGUE,Portugal,94,Primeira Liga,2025,Regular Season - 4,2025-08-31T14:30:00+00:00,Tondela,Estoril,1,2026-09-21T04:37:55Z,CAPTURED,40,
1396272,DOMESTIC_LEAGUE,Portugal,94,Primeira Liga,2025,Regular Season - 4,2025-08-30T17:00:00+00:00,Vitória SC,Arouca,1,2026-09-21T04:37:55Z,CAPTURED,40,
1396273,DOMESTIC_LEAGUE,Portugal,94,Primeira Liga,2025,Regular Season - 5,2025-09-12T19:15:00+00:00,Alverca,Tondela,1,2026-09-21T04:37:55Z,CAPTURED,40,
1396274,DOMESTIC_LEAGUE,Portugal,94,Primeira Liga,2025,Regular Season - 5,2025-09-14T17:00:00+00:00,Arouca,Casa Pia,1,2026-09-21T04:37:55Z,CAPTURED,40,
1396275,DOMESTIC_LEAGUE,Portugal,94,Primeira Liga,2025,Regular Season - 5,2025-09-12T19:15:00+00:00,Benfica,Santa Clara,1,2026-09-21T04:37:55Z,CAPTURED,40,
1396276,DOMESTIC_LEAGUE,Portugal,94,Primeira Liga,2025,Regular Season - 5,2025-09-14T19:30:00+00:00,SC Braga,GIL Vicente,1,2026-09-21T04:37:55Z,CAPTURED,40,
1396277,DOMESTIC_LEAGUE,Portugal,94,Primeira Liga,2025,Regular Season - 5,2025-09-13T14:30:00+00:00,Estoril,AVS,1,2026-09-21T04:37:55Z,CAPTURED,40,
1396278,DOMESTIC_LEAGUE,Portugal,94,Primeira Liga,2025,Regular Season - 5,2025-09-14T14:30:00+00:00,Estrela,Vitória SC,1,2026-09-21T04:37:55Z,CAPTURED,40,
1396279,DOMESTIC_LEAGUE,Portugal,94,Primeira Liga,2025,Regular Season - 5,2025-09-13T19:30:00+00:00,Famalicao,Sporting CP,1,2026-09-21T04:37:55Z,CAPTURED,40,
1396280,DOMESTIC_LEAGUE,Portugal,94,Primeira Liga,2025,Regular Season - 5,2025-09-13T17:00:00+00:00,FC Porto,Nacional,1,2026-09-21T04:37:55Z,CAPTURED,40,
1396281,DOMESTIC_LEAGUE,Portugal,94,Primeira Liga,2025,Regular Season - 5,2025-09-13T14:30:00+00:00,Moreirense,Rio Ave,1,2026-09-21T04:37:55Z,CAPTURED,40,
1396282,DOMESTIC_LEAGUE,Portugal,94,Primeira Liga,2025,Regular Season - 6,2025-09-20T17:00:00+00:00,AVS,Benfica,1,2026-09-21T04:37:55Z,CAPTURED,40,
1396283,DOMESTIC_LEAGUE,Portugal,94,Primeira Liga,2025,Regular Season - 6,2025-09-21T19:30:00+00:00,Casa Pia,Famalicao,1,2026-09-21T04:37:55Z,CAPTURED,40,
1396284,DOMESTIC_LEAGUE,Portugal,94,Primeira Liga,2025,Regular Season - 6,2025-09-21T17:00:00+00:00,GIL Vicente,Estoril,1,2026-09-21T04:37:55Z,CAPTURED,40,
1396285,DOMESTIC_LEAGUE,Portugal,94,Primeira Liga,2025,Regular Season - 6,2025-09-20T14:30:00+00:00,Nacional,Arouca,1,2026-09-21T04:37:55Z,CAPTURED,40,
1396286,DOMESTIC_LEAGUE,Portugal,94,Primeira Liga,2025,Regular Season - 6,2025-09-19T19:15:00+00:00,Rio Ave,FC Porto,1,2026-09-21T04:37:55Z,CAPTURED,40,
1396287,DOMESTIC_LEAGUE,Portugal,94,Primeira Liga,2025,Regular Season - 6,2025-09-20T14:30:00+00:00,Santa Clara,Alverca,1,2026-09-21T04:37:55Z,CAPTURED,40,
1396288,DOMESTIC_LEAGUE,Portugal,94,Primeira Liga,2025,Regular Season - 6,2025-09-22T19:15:00+00:00,Sporting CP,Moreirense,1,2026-09-21T04:37:55Z,CAPTURED,40,
1396289,DOMESTIC_LEAGUE,Portugal,94,Primeira Liga,2025,Regular Season - 6,2025-09-21T14:30:00+00:00,Tondela,Estrela,1,2026-09-21T04:37:55Z,CAPTURED,40,
1396290,DOMESTIC_LEAGUE,Portugal,94,Primeira Liga,2025,Regular Season - 6,2025-09-20T19:30:00+00:00,Vitória SC,SC Braga,1,2026-09-21T04:37:55Z,CAPTURED,40,
1396291,DOMESTIC_LEAGUE,Portugal,94,Primeira Liga,2025,Regular Season - 7,2025-09-28T14:30:00+00:00,Alverca,Vitória SC,1,2026-09-21T04:37:55Z,CAPTURED,40,
1396292,DOMESTIC_LEAGUE,Portugal,94,Primeira Liga,2025,Regular Season - 7,2025-09-29T19:00:00+00:00,Arouca,FC Porto,1,2026-09-21T04:37:55Z,CAPTURED,40,
1396293,DOMESTIC_LEAGUE,Portugal,94,Primeira Liga,2025,Regular Season - 7,2025-09-26T19:15:00+00:00,Benfica,GIL Vicente,1,2026-09-21T04:37:55Z,CAPTURED,40,
1396294,DOMESTIC_LEAGUE,Portugal,94,Primeira Liga,2025,Regular Season - 7,2025-09-28T17:00:00+00:00,SC Braga,Nacional,1,2026-09-21T04:37:55Z,CAPTURED,40,
1396295,DOMESTIC_LEAGUE,Portugal,94,Primeira Liga,2025,Regular Season - 7,2025-09-27T19:30:00+00:00,Estoril,Sporting CP,1,2026-09-21T04:37:55Z,CAPTURED,40,
1396296,DOMESTIC_LEAGUE,Portugal,94,Primeira Liga,2025,Regular Season - 7,2025-09-27T17:00:00+00:00,Estrela,AVS,1,2026-09-21T04:37:55Z,CAPTURED,40,
1396297,DOMESTIC_LEAGUE,Portugal,94,Primeira Liga,2025,Regular Season - 7,2025-09-28T19:30:00+00:00,Famalicao,Rio Ave,1,2026-09-21T04:37:55Z,CAPTURED,40,
1396298,DOMESTIC_LEAGUE,Portugal,94,Primeira Liga,2025,Regular Season - 7,2025-09-27T14:30:00+00:00,Moreirense,Casa Pia,1,2026-09-21T04:37:55Z,CAPTURED,40,
1396299,DOMESTIC_LEAGUE,Portugal,94,Primeira Liga,2025,Regular Season - 7,2025-09-27T15:30:00+00:00,Santa Clara,Tondela,1,2026-09-21T04:37:55Z,CAPTURED,39,
1396300,DOMESTIC_LEAGUE,Portugal,94,Primeira Liga,2025,Regular Season - 8,2025-10-04T17:00:00+00:00,AVS,Alverca,1,2026-09-21T04:37:55Z,CAPTURED,40,
1396301,DOMESTIC_LEAGUE,Portugal,94,Primeira Liga,2025,Regular Season - 8,2025-10-05T14:30:00+00:00,Arouca,Famalicao,1,2026-09-21T04:37:55Z,CAPTURED,40,
1396302,DOMESTIC_LEAGUE,Portugal,94,Primeira Liga,2025,Regular Season - 8,2025-10-03T19:15:00+00:00,Casa Pia,Estoril,1,2026-09-21T04:37:55Z,CAPTURED,40,
1396303,DOMESTIC_LEAGUE,Portugal,94,Primeira Liga,2025,Regular Season - 8,2025-10-05T20:15:00+00:00,FC Porto,Benfica,1,2026-09-21T04:37:55Z,CAPTURED,40,
1396304,DOMESTIC_LEAGUE,Portugal,94,Primeira Liga,2025,Regular Season - 8,2025-10-04T14:30:00+00:00,GIL Vicente,Estrela,1,2026-09-21T04:37:55Z,CAPTURED,40,
1396305,DOMESTIC_LEAGUE,Portugal,94,Primeira Liga,2025,Regular Season - 8,2025-10-04T14:30:00+00:00,Nacional,Moreirense,1,2026-09-21T04:37:55Z,CAPTURED,40,
1396306,DOMESTIC_LEAGUE,Portugal,94,Primeira Liga,2025,Regular Season - 8,2025-10-05T16:30:00+00:00,Rio Ave,Tondela,1,2026-09-21T04:37:55Z,CAPTURED,40,
1396307,DOMESTIC_LEAGUE,Portugal,94,Primeira Liga,2025,Regular Season - 8,2025-10-05T18:15:00+00:00,Sporting CP,SC Braga,1,2026-09-21T04:37:55Z,CAPTURED,40,
1396308,DOMESTIC_LEAGUE,Portugal,94,Primeira Liga,2025,Regular Season - 8,2025-10-04T19:30:00+00:00,Vitória SC,Santa Clara,1,2026-09-21T04:37:55Z,CAPTURED,40,
1396309,DOMESTIC_LEAGUE,Portugal,94,Primeira Liga,2025,Regular Season - 9,2025-10-24T19:15:00+00:00,Alverca,GIL Vicente,1,2026-09-21T04:37:55Z,CAPTURED,40,
1396310,DOMESTIC_LEAGUE,Portugal,94,Primeira Liga,2025,Regular Season - 9,2025-10-25T19:30:00+00:00,Benfica,Arouca,1,2026-09-21T04:37:55Z,CAPTURED,40,
1396313,DOMESTIC_LEAGUE,Portugal,94,Primeira Liga,2025,Regular Season - 9,2025-10-25T19:30:00+00:00,Estrela,Rio Ave,1,2026-09-21T04:37:55Z,CAPTURED,40,
1396316,DOMESTIC_LEAGUE,Portugal,94,Primeira Liga,2025,Regular Season - 9,2025-10-25T17:00:00+00:00,Santa Clara,AVS,1,2026-09-21T04:37:55Z,CAPTURED,40,
1380955,DOMESTIC_LEAGUE,Netherlands,88,Eredivisie,2025,Regular Season - 10,2025-10-26T19:00:00+00:00,GO Ahead Eagles,Excelsior,1,2026-09-21T08:37:03Z,CAPTURED,44,
1380956,DOMESTIC_LEAGUE,Netherlands,88,Eredivisie,2025,Regular Season - 10,2025-10-26T15:45:00+00:00,AZ Alkmaar,Utrecht,1,2026-09-21T08:37:03Z,CAPTURED,45,
1380957,DOMESTIC_LEAGUE,Netherlands,88,Eredivisie,2025,Regular Season - 11,2025-10-31T19:00:00+00:00,PSV Eindhoven,Fortuna Sittard,1,2026-09-21T08:37:03Z,CAPTURED,43,
1380958,DOMESTIC_LEAGUE,Netherlands,88,Eredivisie,2025,Regular Season - 11,2025-11-01T19:00:00+00:00,Feyenoord,FC Volendam,1,2026-09-21T08:37:03Z,CAPTURED,44,
1380959,DOMESTIC_LEAGUE,Netherlands,88,Eredivisie,2025,Regular Season - 11,2025-11-01T17:45:00+00:00,NAC Breda,GO Ahead Eagles,1,2026-09-21T08:37:03Z,CAPTURED,44,
1380960,DOMESTIC_LEAGUE,Netherlands,88,Eredivisie,2025,Regular Season - 11,2025-11-01T15:30:00+00:00,Ajax,Heerenveen,1,2026-09-21T08:37:03Z,CAPTURED,43,
1380961,DOMESTIC_LEAGUE,Netherlands,88,Eredivisie,2025,Regular Season - 11,2025-11-01T20:00:00+00:00,Telstar,Excelsior,1,2026-09-21T08:37:03Z,CAPTURED,43,
1380962,DOMESTIC_LEAGUE,Netherlands,88,Eredivisie,2025,Regular Season - 11,2025-11-02T11:15:00+00:00,Heracles,PEC Zwolle,1,2026-09-21T08:37:03Z,CAPTURED,43,
1380963,DOMESTIC_LEAGUE,Netherlands,88,Eredivisie,2025,Regular Season - 11,2025-11-02T13:30:00+00:00,Groningen,Twente,1,2026-09-21T08:37:03Z,CAPTURED,44,
1380964,DOMESTIC_LEAGUE,Netherlands,88,Eredivisie,2025,Regular Season - 11,2025-11-02T13:30:00+00:00,Sparta Rotterdam,AZ Alkmaar,1,2026-09-21T08:37:03Z,CAPTURED,44,
1380965,DOMESTIC_LEAGUE,Netherlands,88,Eredivisie,2025,Regular Season - 11,2025-11-02T15:45:00+00:00,Utrecht,NEC Nijmegen,1,2026-09-21T08:37:03Z,CAPTURED,45,
1380966,DOMESTIC_LEAGUE,Netherlands,88,Eredivisie,2025,Regular Season - 12,2025-11-07T19:00:00+00:00,Twente,Telstar,1,2026-09-21T08:37:03Z,CAPTURED,43,
1380967,DOMESTIC_LEAGUE,Netherlands,88,Eredivisie,2025,Regular Season - 12,2025-11-08T15:30:00+00:00,Excelsior,Heracles,1,2026-09-21T08:37:03Z,CAPTURED,39,
1380968,DOMESTIC_LEAGUE,Netherlands,88,Eredivisie,2025,Regular Season - 12,2025-11-08T17:45:00+00:00,FC Volendam,NAC Breda,1,2026-09-21T08:37:03Z,CAPTURED,44,
1380969,DOMESTIC_LEAGUE,Netherlands,88,Eredivisie,2025,Regular Season - 12,2025-11-08T19:00:00+00:00,Fortuna Sittard,Heerenveen,1,2026-09-21T08:37:03Z,CAPTURED,43,
1380970,DOMESTIC_LEAGUE,Netherlands,88,Eredivisie,2025,Regular Season - 12,2025-11-08T20:00:00+00:00,PEC Zwolle,Sparta Rotterdam,1,2026-09-21T08:37:03Z,CAPTURED,43,
1380971,DOMESTIC_LEAGUE,Netherlands,88,Eredivisie,2025,Regular Season - 12,2025-11-09T11:15:00+00:00,Utrecht,Ajax,1,2026-09-21T08:37:03Z,CAPTURED,46,
1380972,DOMESTIC_LEAGUE,Netherlands,88,Eredivisie,2025,Regular Season - 12,2025-11-09T15:45:00+00:00,AZ Alkmaar,PSV Eindhoven,1,2026-09-21T08:37:03Z,CAPTURED,45,
1380973,DOMESTIC_LEAGUE,Netherlands,88,Eredivisie,2025,Regular Season - 12,2025-11-09T13:30:00+00:00,NEC Nijmegen,Groningen,1,2026-09-21T08:37:03Z,CAPTURED,46,
1380974,DOMESTIC_LEAGUE,Netherlands,88,Eredivisie,2025,Regular Season - 12,2025-11-09T19:00:00+00:00,GO Ahead Eagles,Feyenoord,1,2026-09-21T08:37:03Z,CAPTURED,45,
1380975,DOMESTIC_LEAGUE,Netherlands,88,Eredivisie,2025,Regular Season - 13,2025-11-22T17:45:00+00:00,Ajax,Excelsior,1,2026-09-21T08:37:03Z,CAPTURED,44,
1380976,DOMESTIC_LEAGUE,Netherlands,88,Eredivisie,2025,Regular Season - 13,2025-11-22T17:45:00+00:00,FC Volendam,Twente,1,2026-09-21T08:37:03Z,CAPTURED,43,
1380977,DOMESTIC_LEAGUE,Netherlands,88,Eredivisie,2025,Regular Season - 13,2025-11-23T13:30:00+00:00,Feyenoord,NEC Nijmegen,1,2026-09-21T08:37:03Z,CAPTURED,45,
1380978,DOMESTIC_LEAGUE,Netherlands,88,Eredivisie,2025,Regular Season - 13,2025-11-23T15:45:00+00:00,Groningen,PEC Zwolle,1,2026-09-21T08:37:03Z,CAPTURED,45,
1380979,DOMESTIC_LEAGUE,Netherlands,88,Eredivisie,2025,Regular Season - 13,2025-11-23T11:15:00+00:00,Heerenveen,AZ Alkmaar,1,2026-09-21T08:37:03Z,CAPTURED,42,
1380980,DOMESTIC_LEAGUE,Netherlands,88,Eredivisie,2025,Regular Season - 13,2025-11-22T20:00:00+00:00,Heracles,GO Ahead Eagles,1,2026-09-21T08:37:03Z,CAPTURED,45,
1380981,DOMESTIC_LEAGUE,Netherlands,88,Eredivisie,2025,Regular Season - 13,2025-11-22T15:30:00+00:00,NAC Breda,PSV Eindhoven,1,2026-09-21T08:37:03Z,CAPTURED,46,
1380982,DOMESTIC_LEAGUE,Netherlands,88,Eredivisie,2025,Regular Season - 13,2025-11-22T20:00:00+00:00,Sparta Rotterdam,Fortuna Sittard,1,2026-09-21T08:37:03Z,CAPTURED,45,
1380983,DOMESTIC_LEAGUE,Netherlands,88,Eredivisie,2025,Regular Season - 13,2025-11-23T13:30:00+00:00,Telstar,Utrecht,1,2026-09-21T08:37:03Z,CAPTURED,44,
1380984,DOMESTIC_LEAGUE,Netherlands,88,Eredivisie,2025,Regular Season - 14,2025-12-02T13:30:00+00:00,Ajax,Groningen,1,2026-09-21T08:37:03Z,CAPTURED,47,
1380985,DOMESTIC_LEAGUE,Netherlands,88,Eredivisie,2025,Regular Season - 14,2025-11-29T15:30:00+00:00,Excelsior,NAC Breda,1,2026-09-21T08:37:03Z,CAPTURED,45,
1380986,DOMESTIC_LEAGUE,Netherlands,88,Eredivisie,2025,Regular Season - 14,2025-11-30T13:30:00+00:00,GO Ahead Eagles,Utrecht,1,2026-09-21T08:37:03Z,CAPTURED,45,
1380987,DOMESTIC_LEAGUE,Netherlands,88,Eredivisie,2025,Regular Season - 14,2025-11-29T20:00:00+00:00,NEC Nijmegen,Sparta Rotterdam,1,2026-09-21T08:37:03Z,CAPTURED,46,
1380988,DOMESTIC_LEAGUE,Netherlands,88,Eredivisie,2025,Regular Season - 14,2025-11-30T11:15:00+00:00,PSV Eindhoven,FC Volendam,1,2026-09-21T08:37:03Z,CAPTURED,43,
1380989,DOMESTIC_LEAGUE,Netherlands,88,Eredivisie,2025,Regular Season - 14,2025-11-29T17:45:00+00:00,Fortuna Sittard,Heracles,1,2026-09-21T08:37:03Z,CAPTURED,45,
1380990,DOMESTIC_LEAGUE,Netherlands,88,Eredivisie,2025,Regular Season - 14,2025-11-30T13:30:00+00:00,Telstar,Feyenoord,1,2026-09-21T08:37:03Z,CAPTURED,43,
1380991,DOMESTIC_LEAGUE,Netherlands,88,Eredivisie,2025,Regular Season - 14,2025-11-30T15:45:00+00:00,Twente,AZ Alkmaar,1,2026-09-21T08:37:03Z,CAPTURED,42,
1380992,DOMESTIC_LEAGUE,Netherlands,88,Eredivisie,2025,Regular Season - 14,2025-11-28T19:00:00+00:00,PEC Zwolle,Heerenveen,1,2026-09-21T08:37:03Z,CAPTURED,44,
1380993,DOMESTIC_LEAGUE,Netherlands,88,Eredivisie,2025,Regular Season - 15,2025-12-07T13:30:00+00:00,AZ Alkmaar,GO Ahead Eagles,1,2026-09-21T08:37:03Z,CAPTURED,44,
1380994,DOMESTIC_LEAGUE,Netherlands,88,Eredivisie,2025,Regular Season - 15,2025-12-05T19:00:00+00:00,Excelsior,Groningen,1,2026-09-21T08:37:03Z,CAPTURED,45,
1380995,DOMESTIC_LEAGUE,Netherlands,88,Eredivisie,2025,Regular Season - 15,2025-12-07T13:30:00+00:00,FC Volendam,NEC Nijmegen,1,2026-09-21T08:37:03Z,CAPTURED,45,
1380996,DOMESTIC_LEAGUE,Netherlands,88,Eredivisie,2025,Regular Season - 15,2025-12-06T20:00:00+00:00,Feyenoord,PEC Zwolle,1,2026-09-21T08:37:03Z,CAPTURED,44,
1380997,DOMESTIC_LEAGUE,Netherlands,88,Eredivisie,2025,Regular Season - 15,2025-12-06T15:30:00+00:00,Heerenveen,PSV Eindhoven,1,2026-09-21T08:37:03Z,CAPTURED,42,
1380998,DOMESTIC_LEAGUE,Netherlands,88,Eredivisie,2025,Regular Season - 15,2025-12-06T19:00:00+00:00,Heracles,Telstar,1,2026-09-21T08:37:03Z,CAPTURED,41,
1380999,DOMESTIC_LEAGUE,Netherlands,88,Eredivisie,2025,Regular Season - 15,2025-12-06T17:45:00+00:00,Fortuna Sittard,Ajax,1,2026-09-21T08:37:03Z,CAPTURED,42,
1381000,DOMESTIC_LEAGUE,Netherlands,88,Eredivisie,2025,Regular Season - 15,2025-12-07T15:45:00+00:00,Sparta Rotterdam,NAC Breda,1,2026-09-21T08:37:03Z,CAPTURED,46,
1381001,DOMESTIC_LEAGUE,Netherlands,88,Eredivisie,2025,Regular Season - 15,2025-12-07T11:15:00+00:00,Utrecht,Twente,1,2026-09-21T08:37:03Z,CAPTURED,44,
1381002,DOMESTIC_LEAGUE,Netherlands,88,Eredivisie,2025,Regular Season - 16,2025-12-14T13:30:00+00:00,Ajax,Feyenoord,1,2026-09-21T08:37:03Z,CAPTURED,46,
1381004,DOMESTIC_LEAGUE,Netherlands,88,Eredivisie,2025,Regular Season - 16,2025-12-13T17:45:00+00:00,Groningen,FC Volendam,1,2026-09-21T08:37:03Z,CAPTURED,44,
1381005,DOMESTIC_LEAGUE,Netherlands,88,Eredivisie,2025,Regular Season - 16,2025-12-14T15:45:00+00:00,NAC Breda,Utrecht,1,2026-09-21T08:37:03Z,CAPTURED,46,
1381006,DOMESTIC_LEAGUE,Netherlands,88,Eredivisie,2025,Regular Season - 16,2025-12-13T19:00:00+00:00,PSV Eindhoven,Heracles,1,2026-09-21T08:37:03Z,CAPTURED,39,
1381007,DOMESTIC_LEAGUE,Netherlands,88,Eredivisie,2025,Regular Season - 16,2025-12-14T11:15:00+00:00,Sparta Rotterdam,Heerenveen,1,2026-09-21T08:37:03Z,CAPTURED,46,
1381008,DOMESTIC_LEAGUE,Netherlands,88,Eredivisie,2025,Regular Season - 16,2025-12-13T15:30:00+00:00,Telstar,NEC Nijmegen,1,2026-09-21T08:37:03Z,CAPTURED,42,
1381009,DOMESTIC_LEAGUE,Netherlands,88,Eredivisie,2025,Regular Season - 16,2025-12-14T13:30:00+00:00,Twente,GO Ahead Eagles,1,2026-09-21T08:37:03Z,CAPTURED,42,
1381010,DOMESTIC_LEAGUE,Netherlands,88,Eredivisie,2025,Regular Season - 16,2025-12-13T20:00:00+00:00,PEC Zwolle,Fortuna Sittard,1,2026-09-21T08:37:03Z,CAPTURED,40,
1381011,DOMESTIC_LEAGUE,Netherlands,88,Eredivisie,2025,Regular Season - 17,2025-12-20T17:45:00+00:00,Excelsior,PEC Zwolle,1,2026-09-21T08:37:03Z,CAPTURED,42,
1381012,DOMESTIC_LEAGUE,Netherlands,88,Eredivisie,2025,Regular Season - 17,2025-12-21T15:45:00+00:00,FC Volendam,Sparta Rotterdam,1,2026-09-21T08:37:03Z,CAPTURED,46,
1381013,DOMESTIC_LEAGUE,Netherlands,88,Eredivisie,2025,Regular Season - 17,2025-12-21T13:30:00+00:00,Feyenoord,Twente,1,2026-09-21T08:37:03Z,CAPTURED,45,
1381014,DOMESTIC_LEAGUE,Netherlands,88,Eredivisie,2025,Regular Season - 17,2025-12-21T13:30:00+00:00,GO Ahead Eagles,Groningen,1,2026-09-21T08:37:03Z,CAPTURED,46,
1381015,DOMESTIC_LEAGUE,Netherlands,88,Eredivisie,2025,Regular Season - 17,2025-12-20T15:30:00+00:00,Heracles,Heerenveen,1,2026-09-21T08:37:03Z,CAPTURED,43,
1381016,DOMESTIC_LEAGUE,Netherlands,88,Eredivisie,2025,Regular Season - 17,2025-12-20T20:00:00+00:00,NAC Breda,Telstar,1,2026-09-21T08:37:03Z,CAPTURED,45,
1381017,DOMESTIC_LEAGUE,Netherlands,88,Eredivisie,2025,Regular Season - 17,2025-12-20T19:00:00+00:00,NEC Nijmegen,Ajax,1,2026-09-21T08:37:03Z,CAPTURED,46,
1381018,DOMESTIC_LEAGUE,Netherlands,88,Eredivisie,2025,Regular Season - 17,2025-12-21T15:45:00+00:00,Fortuna Sittard,AZ Alkmaar,1,2026-09-21T08:37:03Z,CAPTURED,44,
1381019,DOMESTIC_LEAGUE,Netherlands,88,Eredivisie,2025,Regular Season - 17,2025-12-21T11:15:00+00:00,Utrecht,PSV Eindhoven,1,2026-09-21T08:37:03Z,CAPTURED,42,
1381020,DOMESTIC_LEAGUE,Netherlands,88,Eredivisie,2025,Regular Season - 18,2026-01-10T15:30:00+00:00,AZ Alkmaar,FC Volendam,1,2026-09-21T08:37:03Z,CAPTURED,44,
1381021,DOMESTIC_LEAGUE,Netherlands,88,Eredivisie,2025,Regular Season - 18,2026-01-11T13:30:00+00:00,GO Ahead Eagles,Fortuna Sittard,1,2026-09-21T08:37:03Z,CAPTURED,42,
1381022,DOMESTIC_LEAGUE,Netherlands,88,Eredivisie,2025,Regular Season - 18,2026-01-10T20:00:00+00:00,Groningen,NAC Breda,1,2026-09-21T08:37:03Z,CAPTURED,46,
1381023,DOMESTIC_LEAGUE,Netherlands,88,Eredivisie,2025,Regular Season - 18,2026-01-11T11:15:00+00:00,Heerenveen,Feyenoord,1,2026-09-21T08:37:03Z,CAPTURED,46,
1381025,DOMESTIC_LEAGUE,Netherlands,88,Eredivisie,2025,Regular Season - 18,2026-01-10T19:00:00+00:00,PSV Eindhoven,Excelsior,1,2026-09-21T08:37:03Z,CAPTURED,42,
1381026,DOMESTIC_LEAGUE,Netherlands,88,Eredivisie,2025,Regular Season - 18,2026-01-11T15:45:00+00:00,Sparta Rotterdam,Heracles,1,2026-09-21T08:37:03Z,CAPTURED,46,
1381027,DOMESTIC_LEAGUE,Netherlands,88,Eredivisie,2025,Regular Season - 18,2026-01-11T13:30:00+00:00,Telstar,Ajax,1,2026-09-21T08:37:03Z,CAPTURED,45,
1381028,DOMESTIC_LEAGUE,Netherlands,88,Eredivisie,2025,Regular Season - 18,2026-01-10T17:45:00+00:00,Twente,PEC Zwolle,1,2026-09-21T08:37:03Z,CAPTURED,45,
1381029,DOMESTIC_LEAGUE,Netherlands,88,Eredivisie,2025,Regular Season - 19,2026-01-17T15:30:00+00:00,Ajax,GO Ahead Eagles,1,2026-09-21T08:37:03Z,CAPTURED,46,
1381030,DOMESTIC_LEAGUE,Netherlands,88,Eredivisie,2025,Regular Season - 19,2026-01-17T19:00:00+00:00,Excelsior,Telstar,1,2026-09-21T08:37:03Z,CAPTURED,41,
1381031,DOMESTIC_LEAGUE,Netherlands,88,Eredivisie,2025,Regular Season - 19,2026-01-18T13:30:00+00:00,FC Volendam,Utrecht,1,2026-09-21T08:37:03Z,CAPTURED,44,
1381032,DOMESTIC_LEAGUE,Netherlands,88,Eredivisie,2025,Regular Season - 19,2026-01-18T15:45:00+00:00,Feyenoord,Sparta Rotterdam,1,2026-09-21T08:37:03Z,CAPTURED,44,
1381033,DOMESTIC_LEAGUE,Netherlands,88,Eredivisie,2025,Regular Season - 19,2026-01-18T11:15:00+00:00,Heerenveen,Groningen,1,2026-09-21T08:37:03Z,CAPTURED,46,
1381034,DOMESTIC_LEAGUE,Netherlands,88,Eredivisie,2025,Regular Season - 19,2026-01-18T13:30:00+00:00,Heracles,Twente,1,2026-09-21T08:37:03Z,CAPTURED,44,
1381035,DOMESTIC_LEAGUE,Netherlands,88,Eredivisie,2025,Regular Season - 19,2026-01-17T20:00:00+00:00,NAC Breda,NEC Nijmegen,1,2026-09-21T08:37:03Z,CAPTURED,44,
1381036,DOMESTIC_LEAGUE,Netherlands,88,Eredivisie,2025,Regular Season - 19,2026-01-17T19:00:00+00:00,Fortuna Sittard,PSV Eindhoven,1,2026-09-21T08:37:03Z,CAPTURED,40,
1381037,DOMESTIC_LEAGUE,Netherlands,88,Eredivisie,2025,Regular Season - 19,2026-01-17T17:45:00+00:00,PEC Zwolle,AZ Alkmaar,1,2026-09-21T08:37:03Z,CAPTURED,43,
1394515,DOMESTIC_LEAGUE,Turkey,203,Süper Lig,2025,Regular Season - 10,2025-10-26T14:00:00+00:00,Galatasaray,Göztepe,1,2026-09-21T08:37:03Z,CAPTURED,42,
1394516,DOMESTIC_LEAGUE,Turkey,203,Süper Lig,2025,Regular Season - 10,2025-10-27T17:00:00+00:00,Gaziantep FK,Fenerbahçe,1,2026-09-21T08:37:03Z,CAPTURED,42,
1394517,DOMESTIC_LEAGUE,Turkey,203,Süper Lig,2025,Regular Season - 10,2025-10-26T14:00:00+00:00,Gençlerbirliği S.K.,Konyaspor,1,2026-09-21T08:37:03Z,CAPTURED,42,
1394519,DOMESTIC_LEAGUE,Turkey,203,Süper Lig,2025,Regular Season - 10,2025-10-26T17:00:00+00:00,Kasımpaşa,Beşiktaş,1,2026-09-21T08:37:03Z,CAPTURED,42,
1394521,DOMESTIC_LEAGUE,Turkey,203,Süper Lig,2025,Regular Season - 10,2025-10-27T17:00:00+00:00,Samsunspor,Rizespor,1,2026-09-21T08:37:03Z,CAPTURED,42,
1394523,DOMESTIC_LEAGUE,Turkey,203,Süper Lig,2025,Regular Season - 11,2025-11-03T17:00:00+00:00,Alanyaspor,Gaziantep FK,1,2026-09-21T08:37:03Z,CAPTURED,42,
1394524,DOMESTIC_LEAGUE,Turkey,203,Süper Lig,2025,Regular Season - 11,2025-10-31T17:00:00+00:00,Başakşehir,Kocaelispor,1,2026-09-21T08:37:03Z,CAPTURED,42,
1394525,DOMESTIC_LEAGUE,Turkey,203,Süper Lig,2025,Regular Season - 11,2025-11-02T17:00:00+00:00,Beşiktaş,Fenerbahçe,1,2026-09-21T08:37:03Z,CAPTURED,42,
1394526,DOMESTIC_LEAGUE,Turkey,203,Süper Lig,2025,Regular Season - 11,2025-11-03T17:00:00+00:00,Eyüpspor,Antalyaspor,1,2026-09-21T08:37:03Z,CAPTURED,42,
1394527,DOMESTIC_LEAGUE,Turkey,203,Süper Lig,2025,Regular Season - 11,2025-11-01T17:00:00+00:00,Galatasaray,Trabzonspor,1,2026-09-21T08:37:03Z,CAPTURED,42,
1394528,DOMESTIC_LEAGUE,Turkey,203,Süper Lig,2025,Regular Season - 11,2025-11-01T14:00:00+00:00,Göztepe,Gençlerbirliği S.K.,1,2026-09-21T08:37:03Z,CAPTURED,40,
1394529,DOMESTIC_LEAGUE,Turkey,203,Süper Lig,2025,Regular Season - 11,2025-11-02T14:00:00+00:00,Kayserispor,Kasımpaşa,1,2026-09-21T08:37:03Z,CAPTURED,42,
1394530,DOMESTIC_LEAGUE,Turkey,203,Süper Lig,2025,Regular Season - 11,2025-11-02T11:30:00+00:00,Konyaspor,Samsunspor,1,2026-09-21T08:37:03Z,CAPTURED,42,
1394531,DOMESTIC_LEAGUE,Turkey,203,Süper Lig,2025,Regular Season - 11,2025-11-03T17:00:00+00:00,Rizespor,Fatih Karagümrük,1,2026-09-21T08:37:03Z,CAPTURED,42,
1394532,DOMESTIC_LEAGUE,Turkey,203,Süper Lig,2025,Regular Season - 12,2025-11-08T17:00:00+00:00,Antalyaspor,Beşiktaş,1,2026-09-21T08:37:03Z,CAPTURED,42,
1394533,DOMESTIC_LEAGUE,Turkey,203,Süper Lig,2025,Regular Season - 12,2025-11-09T17:00:00+00:00,Fenerbahçe,Kayserispor,1,2026-09-21T08:37:03Z,CAPTURED,42,
1394534,DOMESTIC_LEAGUE,Turkey,203,Süper Lig,2025,Regular Season - 12,2025-11-08T11:30:00+00:00,Gaziantep FK,Rizespor,1,2026-09-21T08:37:03Z,CAPTURED,42,
1394535,DOMESTIC_LEAGUE,Turkey,203,Süper Lig,2025,Regular Season - 12,2025-11-07T17:00:00+00:00,Gençlerbirliği S.K.,Başakşehir,1,2026-09-21T08:37:03Z,CAPTURED,42,
1394536,DOMESTIC_LEAGUE,Turkey,203,Süper Lig,2025,Regular Season - 12,2025-11-09T11:30:00+00:00,Fatih Karagümrük,Konyaspor,1,2026-09-21T08:37:03Z,CAPTURED,42,
1394537,DOMESTIC_LEAGUE,Turkey,203,Süper Lig,2025,Regular Season - 12,2025-11-08T17:00:00+00:00,Kasımpaşa,Göztepe,1,2026-09-21T08:37:03Z,CAPTURED,41,
1394538,DOMESTIC_LEAGUE,Turkey,203,Süper Lig,2025,Regular Season - 12,2025-11-09T14:00:00+00:00,Kocaelispor,Galatasaray,1,2026-09-21T08:37:03Z,CAPTURED,42,
1394539,DOMESTIC_LEAGUE,Turkey,203,Süper Lig,2025,Regular Season - 12,2025-11-09T17:00:00+00:00,Samsunspor,Eyüpspor,1,2026-09-21T08:37:03Z,CAPTURED,42,
1394540,DOMESTIC_LEAGUE,Turkey,203,Süper Lig,2025,Regular Season - 12,2025-11-08T14:00:00+00:00,Trabzonspor,Alanyaspor,1,2026-09-21T08:37:03Z,CAPTURED,41,
1394541,DOMESTIC_LEAGUE,Turkey,203,Süper Lig,2025,Regular Season - 13,2025-11-23T14:00:00+00:00,Alanyaspor,Kasımpaşa,1,2026-09-21T08:37:03Z,CAPTURED,42,
1394542,DOMESTIC_LEAGUE,Turkey,203,Süper Lig,2025,Regular Season - 13,2025-11-24T17:00:00+00:00,Başakşehir,Trabzonspor,1,2026-09-21T08:37:03Z,CAPTURED,42,
1394543,DOMESTIC_LEAGUE,Turkey,203,Süper Lig,2025,Regular Season - 13,2025-11-23T14:00:00+00:00,Beşiktaş,Samsunspor,1,2026-09-21T08:37:03Z,CAPTURED,40,
1394544,DOMESTIC_LEAGUE,Turkey,203,Süper Lig,2025,Regular Season - 13,2025-11-22T14:00:00+00:00,Eyüpspor,Fatih Karagümrük,1,2026-09-21T08:37:03Z,CAPTURED,42,
1394545,DOMESTIC_LEAGUE,Turkey,203,Süper Lig,2025,Regular Season - 13,2025-11-22T17:00:00+00:00,Galatasaray,Gençlerbirliği S.K.,1,2026-09-21T08:37:03Z,CAPTURED,42,
1394546,DOMESTIC_LEAGUE,Turkey,203,Süper Lig,2025,Regular Season - 13,2025-11-23T11:30:00+00:00,Göztepe,Kocaelispor,1,2026-09-21T08:37:03Z,CAPTURED,41,
1394547,DOMESTIC_LEAGUE,Turkey,203,Süper Lig,2025,Regular Season - 13,2025-11-22T11:30:00+00:00,Kayserispor,Gaziantep FK,1,2026-09-21T08:37:03Z,CAPTURED,42,
1394548,DOMESTIC_LEAGUE,Turkey,203,Süper Lig,2025,Regular Season - 13,2025-11-24T17:00:00+00:00,Konyaspor,Antalyaspor,1,2026-09-21T08:37:03Z,CAPTURED,41,
1394549,DOMESTIC_LEAGUE,Turkey,203,Süper Lig,2025,Regular Season - 13,2025-11-23T17:00:00+00:00,Rizespor,Fenerbahçe,1,2026-09-21T08:37:03Z,CAPTURED,42,
1394550,DOMESTIC_LEAGUE,Turkey,203,Süper Lig,2025,Regular Season - 14,2025-11-30T14:00:00+00:00,Antalyaspor,Göztepe,1,2026-09-21T08:37:03Z,CAPTURED,41,
1394551,DOMESTIC_LEAGUE,Turkey,203,Süper Lig,2025,Regular Season - 14,2025-12-01T17:00:00+00:00,Fenerbahçe,Galatasaray,1,2026-09-21T08:37:03Z,CAPTURED,42,
1394552,DOMESTIC_LEAGUE,Turkey,203,Süper Lig,2025,Regular Season - 14,2025-11-29T14:00:00+00:00,Gaziantep FK,Eyüpspor,1,2026-09-21T08:37:03Z,CAPTURED,42,
1394553,DOMESTIC_LEAGUE,Turkey,203,Süper Lig,2025,Regular Season - 14,2025-11-30T17:00:00+00:00,Fatih Karagümrük,Beşiktaş,1,2026-09-21T08:37:03Z,CAPTURED,42,
1394554,DOMESTIC_LEAGUE,Turkey,203,Süper Lig,2025,Regular Season - 14,2025-11-29T17:00:00+00:00,Kasımpaşa,Başakşehir,1,2026-09-21T08:37:03Z,CAPTURED,42,
1394555,DOMESTIC_LEAGUE,Turkey,203,Süper Lig,2025,Regular Season - 14,2025-11-28T17:00:00+00:00,Kocaelispor,Gençlerbirliği S.K.,1,2026-09-21T08:37:03Z,CAPTURED,42,
1394556,DOMESTIC_LEAGUE,Turkey,203,Süper Lig,2025,Regular Season - 14,2025-11-29T11:30:00+00:00,Rizespor,Kayserispor,1,2026-09-21T08:37:03Z,CAPTURED,42,
1394557,DOMESTIC_LEAGUE,Turkey,203,Süper Lig,2025,Regular Season - 14,2025-12-01T17:00:00+00:00,Samsunspor,Alanyaspor,1,2026-09-21T08:37:03Z,CAPTURED,41,
1394558,DOMESTIC_LEAGUE,Turkey,203,Süper Lig,2025,Regular Season - 14,2025-11-29T17:00:00+00:00,Trabzonspor,Konyaspor,1,2026-09-21T08:37:03Z,CAPTURED,41,
1394559,DOMESTIC_LEAGUE,Turkey,203,Süper Lig,2025,Regular Season - 15,2025-12-08T17:00:00+00:00,Alanyaspor,Antalyaspor,1,2026-09-21T08:37:03Z,CAPTURED,42,
1394560,DOMESTIC_LEAGUE,Turkey,203,Süper Lig,2025,Regular Season - 15,2025-12-06T17:00:00+00:00,Başakşehir,Fenerbahçe,1,2026-09-21T08:37:03Z,CAPTURED,42,
1394561,DOMESTIC_LEAGUE,Turkey,203,Süper Lig,2025,Regular Season - 15,2025-12-08T17:00:00+00:00,Beşiktaş,Gaziantep FK,1,2026-09-21T08:37:03Z,CAPTURED,42,
1394562,DOMESTIC_LEAGUE,Turkey,203,Süper Lig,2025,Regular Season - 15,2025-12-06T11:30:00+00:00,Eyüpspor,Kayserispor,1,2026-09-21T08:37:03Z,CAPTURED,42,
1394563,DOMESTIC_LEAGUE,Turkey,203,Süper Lig,2025,Regular Season - 15,2025-12-05T17:00:00+00:00,Galatasaray,Samsunspor,1,2026-09-21T08:37:03Z,CAPTURED,41,
1394564,DOMESTIC_LEAGUE,Turkey,203,Süper Lig,2025,Regular Season - 15,2025-12-07T11:30:00+00:00,Gençlerbirliği S.K.,Fatih Karagümrük,1,2026-09-21T08:37:03Z,CAPTURED,42,
1394565,DOMESTIC_LEAGUE,Turkey,203,Süper Lig,2025,Regular Season - 15,2025-12-07T17:00:00+00:00,Göztepe,Trabzonspor,1,2026-09-21T08:37:03Z,CAPTURED,42,
1394566,DOMESTIC_LEAGUE,Turkey,203,Süper Lig,2025,Regular Season - 15,2025-12-07T14:00:00+00:00,Kocaelispor,Kasımpaşa,1,2026-09-21T08:37:03Z,CAPTURED,42,
1394567,DOMESTIC_LEAGUE,Turkey,203,Süper Lig,2025,Regular Season - 15,2025-12-06T14:00:00+00:00,Konyaspor,Rizespor,1,2026-09-21T08:37:03Z,CAPTURED,41,
1394568,DOMESTIC_LEAGUE,Turkey,203,Süper Lig,2025,Regular Season - 16,2025-12-13T17:00:00+00:00,Antalyaspor,Galatasaray,1,2026-09-21T08:37:03Z,CAPTURED,41,
1394569,DOMESTIC_LEAGUE,Turkey,203,Süper Lig,2025,Regular Season - 16,2025-12-15T17:00:00+00:00,Fenerbahçe,Konyaspor,1,2026-09-21T08:37:03Z,CAPTURED,42,
1394570,DOMESTIC_LEAGUE,Turkey,203,Süper Lig,2025,Regular Season - 16,2025-12-14T11:30:00+00:00,Gaziantep FK,Göztepe,1,2026-09-21T08:37:03Z,CAPTURED,38,
1394571,DOMESTIC_LEAGUE,Turkey,203,Süper Lig,2025,Regular Season - 16,2025-12-14T14:00:00+00:00,Fatih Karagümrük,Kocaelispor,1,2026-09-21T08:37:03Z,CAPTURED,42,
1394572,DOMESTIC_LEAGUE,Turkey,203,Süper Lig,2025,Regular Season - 16,2025-12-12T17:00:00+00:00,Kasımpaşa,Gençlerbirliği S.K.,1,2026-09-21T08:37:03Z,CAPTURED,42,
1394573,DOMESTIC_LEAGUE,Turkey,203,Süper Lig,2025,Regular Season - 16,2025-12-13T14:00:00+00:00,Kayserispor,Alanyaspor,1,2026-09-21T08:37:03Z,CAPTURED,42,
1394574,DOMESTIC_LEAGUE,Turkey,203,Süper Lig,2025,Regular Season - 16,2025-12-13T11:30:00+00:00,Rizespor,Eyüpspor,1,2026-09-21T08:37:03Z,CAPTURED,42,
1394575,DOMESTIC_LEAGUE,Turkey,203,Süper Lig,2025,Regular Season - 16,2025-12-14T17:00:00+00:00,Samsunspor,Başakşehir,1,2026-09-21T08:37:03Z,CAPTURED,42,
1394576,DOMESTIC_LEAGUE,Turkey,203,Süper Lig,2025,Regular Season - 16,2025-12-14T17:00:00+00:00,Trabzonspor,Beşiktaş,1,2026-09-21T08:37:03Z,CAPTURED,42,
1394577,DOMESTIC_LEAGUE,Turkey,203,Süper Lig,2025,Regular Season - 17,2025-12-21T11:30:00+00:00,Alanyaspor,Fatih Karagümrük,1,2026-09-21T08:37:03Z,CAPTURED,42,
1394578,DOMESTIC_LEAGUE,Turkey,203,Süper Lig,2025,Regular Season - 17,2025-12-22T14:00:00+00:00,Başakşehir,Gaziantep FK,1,2026-09-21T08:37:03Z,CAPTURED,42,
1394579,DOMESTIC_LEAGUE,Turkey,203,Süper Lig,2025,Regular Season - 17,2025-12-20T17:00:00+00:00,Beşiktaş,Rizespor,1,2026-09-21T08:37:03Z,CAPTURED,42,
1394580,DOMESTIC_LEAGUE,Turkey,203,Süper Lig,2025,Regular Season - 17,2025-12-20T14:00:00+00:00,Eyüpspor,Fenerbahçe,1,2026-09-21T08:37:03Z,CAPTURED,41,
1394581,DOMESTIC_LEAGUE,Turkey,203,Süper Lig,2025,Regular Season - 17,2025-12-21T17:00:00+00:00,Galatasaray,Kasımpaşa,1,2026-09-21T08:37:03Z,CAPTURED,42,
1394582,DOMESTIC_LEAGUE,Turkey,203,Süper Lig,2025,Regular Season - 17,2025-12-22T17:00:00+00:00,Gençlerbirliği S.K.,Trabzonspor,1,2026-09-21T08:37:03Z,CAPTURED,41,
1394583,DOMESTIC_LEAGUE,Turkey,203,Süper Lig,2025,Regular Season - 17,2025-12-21T17:00:00+00:00,Göztepe,Samsunspor,1,2026-09-21T08:37:03Z,CAPTURED,38,
1394584,DOMESTIC_LEAGUE,Turkey,203,Süper Lig,2025,Regular Season - 17,2025-12-19T17:00:00+00:00,Kocaelispor,Antalyaspor,1,2026-09-21T08:37:03Z,CAPTURED,42,
1394585,DOMESTIC_LEAGUE,Turkey,203,Süper Lig,2025,Regular Season - 17,2025-12-20T11:30:00+00:00,Konyaspor,Kayserispor,1,2026-09-21T08:37:03Z,CAPTURED,42,
1394586,DOMESTIC_LEAGUE,Turkey,203,Süper Lig,2025,Regular Season - 18,2026-01-18T17:00:00+00:00,Alanyaspor,Fenerbahçe,1,2026-09-21T08:37:03Z,CAPTURED,40,
1394587,DOMESTIC_LEAGUE,Turkey,203,Süper Lig,2025,Regular Season - 18,2026-01-17T14:00:00+00:00,Başakşehir,Fatih Karagümrük,1,2026-09-21T08:37:03Z,CAPTURED,42,
1394589,DOMESTIC_LEAGUE,Turkey,203,Süper Lig,2025,Regular Season - 18,2026-01-17T17:00:00+00:00,Galatasaray,Gaziantep FK,1,2026-09-21T08:37:03Z,CAPTURED,39,
1394590,DOMESTIC_LEAGUE,Turkey,203,Süper Lig,2025,Regular Season - 18,2026-01-18T14:00:00+00:00,Gençlerbirliği S.K.,Samsunspor,1,2026-09-21T08:37:03Z,CAPTURED,40,
1394592,DOMESTIC_LEAGUE,Turkey,203,Süper Lig,2025,Regular Season - 18,2026-01-18T11:30:00+00:00,Kasımpaşa,Antalyaspor,1,2026-09-21T08:37:03Z,CAPTURED,42,
1394593,DOMESTIC_LEAGUE,Turkey,203,Süper Lig,2025,Regular Season - 18,2026-01-18T14:00:00+00:00,Kocaelispor,Trabzonspor,1,2026-09-21T08:37:03Z,CAPTURED,42,
1396311,DOMESTIC_LEAGUE,Portugal,94,Primeira Liga,2025,Regular Season - 9,2025-10-26T20:30:00+00:00,SC Braga,Casa Pia,1,2026-09-21T08:37:03Z,CAPTURED,40,
1396312,DOMESTIC_LEAGUE,Portugal,94,Primeira Liga,2025,Regular Season - 9,2025-10-26T15:30:00+00:00,Estoril,Nacional,1,2026-09-21T08:37:03Z,CAPTURED,40,
1396314,DOMESTIC_LEAGUE,Portugal,94,Primeira Liga,2025,Regular Season - 9,2025-10-26T15:30:00+00:00,Famalicao,Vitória SC,1,2026-09-21T08:37:03Z,CAPTURED,40,
1396315,DOMESTIC_LEAGUE,Portugal,94,Primeira Liga,2025,Regular Season - 9,2025-10-27T20:15:00+00:00,Moreirense,FC Porto,1,2026-09-21T08:37:03Z,CAPTURED,40,
1396317,DOMESTIC_LEAGUE,Portugal,94,Primeira Liga,2025,Regular Season - 9,2025-10-26T18:00:00+00:00,Tondela,Sporting CP,1,2026-09-21T08:37:03Z,CAPTURED,40,
1396318,DOMESTIC_LEAGUE,Portugal,94,Primeira Liga,2025,Regular Season - 10,2025-11-02T15:30:00+00:00,AVS,Tondela,1,2026-09-21T08:37:03Z,CAPTURED,40,
1396319,DOMESTIC_LEAGUE,Portugal,94,Primeira Liga,2025,Regular Season - 10,2025-11-02T18:00:00+00:00,Arouca,Moreirense,1,2026-09-21T08:37:03Z,CAPTURED,40,
1396320,DOMESTIC_LEAGUE,Portugal,94,Primeira Liga,2025,Regular Season - 10,2025-11-01T18:00:00+00:00,Casa Pia,Estrela,1,2026-09-21T08:37:03Z,CAPTURED,40,
1396321,DOMESTIC_LEAGUE,Portugal,94,Primeira Liga,2025,Regular Season - 10,2025-11-02T20:30:00+00:00,FC Porto,SC Braga,1,2026-09-21T08:37:03Z,CAPTURED,40,
1396322,DOMESTIC_LEAGUE,Portugal,94,Primeira Liga,2025,Regular Season - 10,2025-11-03T20:45:00+00:00,GIL Vicente,Santa Clara,1,2026-09-21T08:37:03Z,CAPTURED,40,
1396323,DOMESTIC_LEAGUE,Portugal,94,Primeira Liga,2025,Regular Season - 10,2025-11-01T15:30:00+00:00,Nacional,Famalicao,1,2026-09-21T08:37:03Z,CAPTURED,40,
1396324,DOMESTIC_LEAGUE,Portugal,94,Primeira Liga,2025,Regular Season - 10,2025-11-01T18:00:00+00:00,Rio Ave,Estoril,1,2026-09-21T08:37:03Z,CAPTURED,40,
1396325,DOMESTIC_LEAGUE,Portugal,94,Primeira Liga,2025,Regular Season - 10,2025-10-31T20:15:00+00:00,Sporting CP,Alverca,1,2026-09-21T08:37:03Z,CAPTURED,40,
1396326,DOMESTIC_LEAGUE,Portugal,94,Primeira Liga,2025,Regular Season - 10,2025-11-01T20:30:00+00:00,Vitória SC,Benfica,1,2026-09-21T08:37:03Z,CAPTURED,40,
1396327,DOMESTIC_LEAGUE,Portugal,94,Primeira Liga,2025,Regular Season - 11,2025-11-09T15:30:00+00:00,AVS,GIL Vicente,1,2026-09-21T08:37:03Z,CAPTURED,40,
1396328,DOMESTIC_LEAGUE,Portugal,94,Primeira Liga,2025,Regular Season - 11,2025-11-08T15:30:00+00:00,Alverca,Rio Ave,1,2026-09-21T08:37:03Z,CAPTURED,40,
1396329,DOMESTIC_LEAGUE,Portugal,94,Primeira Liga,2025,Regular Season - 11,2025-11-09T20:30:00+00:00,Benfica,Casa Pia,1,2026-09-21T08:37:03Z,CAPTURED,40,
1396330,DOMESTIC_LEAGUE,Portugal,94,Primeira Liga,2025,Regular Season - 11,2025-11-09T20:30:00+00:00,SC Braga,Moreirense,1,2026-09-21T08:37:03Z,CAPTURED,40,
1396331,DOMESTIC_LEAGUE,Portugal,94,Primeira Liga,2025,Regular Season - 11,2025-11-07T20:15:00+00:00,Estoril,Arouca,1,2026-09-21T08:37:03Z,CAPTURED,40,
1396332,DOMESTIC_LEAGUE,Portugal,94,Primeira Liga,2025,Regular Season - 11,2025-11-09T15:30:00+00:00,Estrela,Nacional,1,2026-09-21T08:37:03Z,CAPTURED,40,
1396333,DOMESTIC_LEAGUE,Portugal,94,Primeira Liga,2025,Regular Season - 11,2025-11-09T18:00:00+00:00,Famalicao,FC Porto,1,2026-09-21T08:37:03Z,CAPTURED,40,
1396334,DOMESTIC_LEAGUE,Portugal,94,Primeira Liga,2025,Regular Season - 11,2025-11-08T20:30:00+00:00,Santa Clara,Sporting CP,1,2026-09-21T08:37:03Z,CAPTURED,40,
1396335,DOMESTIC_LEAGUE,Portugal,94,Primeira Liga,2025,Regular Season - 11,2025-11-08T18:00:00+00:00,Tondela,Vitória SC,1,2026-09-21T08:37:03Z,CAPTURED,40,
1396336,DOMESTIC_LEAGUE,Portugal,94,Primeira Liga,2025,Regular Season - 12,2025-12-01T20:15:00+00:00,Arouca,SC Braga,1,2026-09-21T08:37:03Z,CAPTURED,40,
1396337,DOMESTIC_LEAGUE,Portugal,94,Primeira Liga,2025,Regular Season - 12,2025-11-29T15:30:00+00:00,Casa Pia,Alverca,1,2026-09-21T08:37:03Z,CAPTURED,40,
1396338,DOMESTIC_LEAGUE,Portugal,94,Primeira Liga,2025,Regular Season - 12,2025-11-30T20:30:00+00:00,FC Porto,Estoril,1,2026-09-21T08:37:03Z,CAPTURED,40,
1396339,DOMESTIC_LEAGUE,Portugal,94,Primeira Liga,2025,Regular Season - 12,2025-11-29T20:30:00+00:00,GIL Vicente,Tondela,1,2026-09-21T08:37:03Z,CAPTURED,40,
1396340,DOMESTIC_LEAGUE,Portugal,94,Primeira Liga,2025,Regular Season - 12,2025-11-29T15:30:00+00:00,Moreirense,Famalicao,1,2026-09-21T08:37:03Z,CAPTURED,40,
1396341,DOMESTIC_LEAGUE,Portugal,94,Primeira Liga,2025,Regular Season - 12,2025-11-29T18:00:00+00:00,Nacional,Benfica,1,2026-09-21T08:37:03Z,CAPTURED,40,
1396342,DOMESTIC_LEAGUE,Portugal,94,Primeira Liga,2025,Regular Season - 12,2025-11-30T15:30:00+00:00,Rio Ave,Santa Clara,1,2026-09-21T08:37:03Z,CAPTURED,40,
1396343,DOMESTIC_LEAGUE,Portugal,94,Primeira Liga,2025,Regular Season - 12,2025-11-30T18:00:00+00:00,Sporting CP,Estrela,1,2026-09-21T08:37:03Z,CAPTURED,40,
1396344,DOMESTIC_LEAGUE,Portugal,94,Primeira Liga,2025,Regular Season - 12,2025-11-28T20:15:00+00:00,Vitória SC,AVS,1,2026-09-21T08:37:03Z,CAPTURED,40,
1396345,DOMESTIC_LEAGUE,Portugal,94,Primeira Liga,2025,Regular Season - 13,2025-12-06T18:00:00+00:00,AVS,Rio Ave,1,2026-09-21T08:37:03Z,CAPTURED,40,
1396346,DOMESTIC_LEAGUE,Portugal,94,Primeira Liga,2025,Regular Season - 13,2025-12-07T18:00:00+00:00,Alverca,Nacional,1,2026-09-21T08:37:03Z,CAPTURED,40,
1396347,DOMESTIC_LEAGUE,Portugal,94,Primeira Liga,2025,Regular Season - 13,2025-12-05T20:15:00+00:00,Benfica,Sporting CP,1,2026-09-21T08:37:03Z,CAPTURED,40,
1396348,DOMESTIC_LEAGUE,Portugal,94,Primeira Liga,2025,Regular Season - 13,2025-12-07T15:30:00+00:00,Estoril,Moreirense,1,2026-09-21T08:37:03Z,CAPTURED,40,
1396349,DOMESTIC_LEAGUE,Portugal,94,Primeira Liga,2025,Regular Season - 13,2025-12-07T18:00:00+00:00,Estrela,Arouca,1,2026-09-21T08:37:03Z,CAPTURED,40,
1396350,DOMESTIC_LEAGUE,Portugal,94,Primeira Liga,2025,Regular Season - 13,2025-12-06T20:30:00+00:00,Famalicao,SC Braga,1,2026-09-21T08:37:03Z,CAPTURED,40,
1396351,DOMESTIC_LEAGUE,Portugal,94,Primeira Liga,2025,Regular Season - 13,2025-12-06T15:30:00+00:00,Santa Clara,Casa Pia,1,2026-09-21T08:37:03Z,CAPTURED,40,
1396352,DOMESTIC_LEAGUE,Portugal,94,Primeira Liga,2025,Regular Season - 13,2025-12-07T20:30:00+00:00,Tondela,FC Porto,1,2026-09-21T08:37:03Z,CAPTURED,40,
1396353,DOMESTIC_LEAGUE,Portugal,94,Primeira Liga,2025,Regular Season - 13,2025-12-08T20:30:00+00:00,Vitória SC,GIL Vicente,1,2026-09-21T08:37:03Z,CAPTURED,40,
1396354,DOMESTIC_LEAGUE,Portugal,94,Primeira Liga,2025,Regular Season - 14,2025-12-14T20:30:00+00:00,Arouca,Alverca,1,2026-09-21T08:37:03Z,CAPTURED,40,
1396355,DOMESTIC_LEAGUE,Portugal,94,Primeira Liga,2025,Regular Season - 14,2025-12-15T18:45:00+00:00,SC Braga,Santa Clara,1,2026-09-21T08:37:03Z,CAPTURED,40,
1396356,DOMESTIC_LEAGUE,Portugal,94,Primeira Liga,2025,Regular Season - 14,2025-12-13T15:30:00+00:00,Casa Pia,GIL Vicente,1,2026-09-21T08:37:03Z,CAPTURED,40,
1396357,DOMESTIC_LEAGUE,Portugal,94,Primeira Liga,2025,Regular Season - 14,2025-12-14T15:30:00+00:00,Famalicao,Estoril,1,2026-09-21T08:37:03Z,CAPTURED,40,
1396358,DOMESTIC_LEAGUE,Portugal,94,Primeira Liga,2025,Regular Season - 14,2025-12-15T20:45:00+00:00,FC Porto,Estrela,1,2026-09-21T08:37:03Z,CAPTURED,39,
1396359,DOMESTIC_LEAGUE,Portugal,94,Primeira Liga,2025,Regular Season - 14,2025-12-14T18:00:00+00:00,Moreirense,Benfica,1,2026-09-21T08:37:03Z,CAPTURED,40,
1396360,DOMESTIC_LEAGUE,Portugal,94,Primeira Liga,2025,Regular Season - 14,2025-12-15T17:30:00+00:00,Nacional,Tondela,1,2026-09-21T08:37:03Z,CAPTURED,40,
1396361,DOMESTIC_LEAGUE,Portugal,94,Primeira Liga,2025,Regular Season - 14,2025-12-13T18:00:00+00:00,Rio Ave,Vitória SC,1,2026-09-21T08:37:03Z,CAPTURED,40,
1396362,DOMESTIC_LEAGUE,Portugal,94,Primeira Liga,2025,Regular Season - 14,2025-12-13T20:30:00+00:00,Sporting CP,AVS,1,2026-09-21T08:37:03Z,CAPTURED,40,
1396363,DOMESTIC_LEAGUE,Portugal,94,Primeira Liga,2025,Regular Season - 15,2025-12-21T15:30:00+00:00,AVS,Nacional,1,2026-09-21T08:37:03Z,CAPTURED,40,
1396364,DOMESTIC_LEAGUE,Portugal,94,Primeira Liga,2025,Regular Season - 15,2025-12-22T18:45:00+00:00,Alverca,FC Porto,1,2026-09-21T08:37:03Z,CAPTURED,40,
1396365,DOMESTIC_LEAGUE,Portugal,94,Primeira Liga,2025,Regular Season - 15,2025-12-20T20:30:00+00:00,Estrela,Moreirense,1,2026-09-21T08:37:03Z,CAPTURED,40,
1396366,DOMESTIC_LEAGUE,Portugal,94,Primeira Liga,2025,Regular Season - 15,2025-12-20T18:00:00+00:00,GIL Vicente,Rio Ave,1,2026-09-21T08:37:03Z,CAPTURED,40,
1396367,DOMESTIC_LEAGUE,Portugal,94,Primeira Liga,2025,Regular Season - 15,2025-12-21T20:30:00+00:00,Santa Clara,Arouca,1,2026-09-21T08:37:03Z,CAPTURED,40,
1396368,DOMESTIC_LEAGUE,Portugal,94,Primeira Liga,2025,Regular Season - 15,2025-12-21T18:00:00+00:00,Tondela,Casa Pia,1,2026-09-21T08:37:03Z,CAPTURED,40,
1396369,DOMESTIC_LEAGUE,Portugal,94,Primeira Liga,2025,Regular Season - 15,2025-12-23T20:45:00+00:00,Vitória SC,Sporting CP,1,2026-09-21T08:37:03Z,CAPTURED,40,
1396370,DOMESTIC_LEAGUE,Portugal,94,Primeira Liga,2025,Regular Season - 15,2025-12-22T20:45:00+00:00,Benfica,Famalicao,1,2026-09-21T08:37:03Z,CAPTURED,40,
1396371,DOMESTIC_LEAGUE,Portugal,94,Primeira Liga,2025,Regular Season - 15,2025-12-19T20:15:00+00:00,Estoril,SC Braga,1,2026-09-21T08:37:03Z,CAPTURED,40,
1396372,DOMESTIC_LEAGUE,Portugal,94,Primeira Liga,2025,Regular Season - 16,2025-12-28T15:30:00+00:00,Arouca,GIL Vicente,1,2026-09-21T08:37:03Z,CAPTURED,40,
1396373,DOMESTIC_LEAGUE,Portugal,94,Primeira Liga,2025,Regular Season - 16,2025-12-28T18:00:00+00:00,SC Braga,Benfica,1,2026-09-21T08:37:03Z,CAPTURED,40,
1396374,DOMESTIC_LEAGUE,Portugal,94,Primeira Liga,2025,Regular Season - 16,2025-12-28T15:30:00+00:00,Casa Pia,Vitória SC,1,2026-09-21T08:37:03Z,CAPTURED,40,
1396375,DOMESTIC_LEAGUE,Portugal,94,Primeira Liga,2025,Regular Season - 16,2025-12-27T20:30:00+00:00,Estoril,Alverca,1,2026-09-21T08:37:03Z,CAPTURED,40,
1396376,DOMESTIC_LEAGUE,Portugal,94,Primeira Liga,2025,Regular Season - 16,2025-12-27T18:00:00+00:00,Famalicao,Estrela,1,2026-09-21T08:37:03Z,CAPTURED,40,
1396377,DOMESTIC_LEAGUE,Portugal,94,Primeira Liga,2025,Regular Season - 16,2025-12-29T20:15:00+00:00,FC Porto,AVS,1,2026-09-21T08:37:03Z,CAPTURED,40,
1396378,DOMESTIC_LEAGUE,Portugal,94,Primeira Liga,2025,Regular Season - 16,2026-01-11T18:00:00+00:00,Moreirense,Tondela,1,2026-09-21T08:37:03Z,CAPTURED,39,
1396379,DOMESTIC_LEAGUE,Portugal,94,Primeira Liga,2025,Regular Season - 16,2026-01-11T15:30:00+00:00,Nacional,Santa Clara,1,2026-09-21T08:37:03Z,CAPTURED,39,
1396380,DOMESTIC_LEAGUE,Portugal,94,Primeira Liga,2025,Regular Season - 16,2025-12-28T20:30:00+00:00,Sporting CP,Rio Ave,1,2026-09-21T08:37:03Z,CAPTURED,40,
1396381,DOMESTIC_LEAGUE,Portugal,94,Primeira Liga,2025,Regular Season - 17,2026-01-03T20:30:00+00:00,AVS,Moreirense,1,2026-09-21T08:37:03Z,CAPTURED,40,
1396382,DOMESTIC_LEAGUE,Portugal,94,Primeira Liga,2025,Regular Season - 17,2026-01-04T20:30:00+00:00,Alverca,Famalicao,1,2026-09-21T08:37:03Z,CAPTURED,40,
1396383,DOMESTIC_LEAGUE,Portugal,94,Primeira Liga,2025,Regular Season - 17,2026-01-03T18:00:00+00:00,Benfica,Estoril,1,2026-09-21T08:37:03Z,CAPTURED,40,
1396384,DOMESTIC_LEAGUE,Portugal,94,Primeira Liga,2025,Regular Season - 17,2026-01-03T18:00:00+00:00,Estrela,SC Braga,1,2026-09-21T08:37:03Z,CAPTURED,40,
1396385,DOMESTIC_LEAGUE,Portugal,94,Primeira Liga,2025,Regular Season - 17,2026-01-02T18:45:00+00:00,GIL Vicente,Sporting CP,1,2026-09-21T08:37:03Z,CAPTURED,40,
1396386,DOMESTIC_LEAGUE,Portugal,94,Primeira Liga,2025,Regular Season - 17,2026-01-04T15:30:00+00:00,Rio Ave,Casa Pia,1,2026-09-21T08:37:03Z,CAPTURED,40,
1396387,DOMESTIC_LEAGUE,Portugal,94,Primeira Liga,2025,Regular Season - 17,2026-01-04T18:00:00+00:00,Santa Clara,FC Porto,1,2026-09-21T08:37:03Z,CAPTURED,40,
1396388,DOMESTIC_LEAGUE,Portugal,94,Primeira Liga,2025,Regular Season - 17,2026-01-03T15:30:00+00:00,Tondela,Arouca,1,2026-09-21T08:37:03Z,CAPTURED,40,
1396389,DOMESTIC_LEAGUE,Portugal,94,Primeira Liga,2025,Regular Season - 17,2026-01-02T20:45:00+00:00,Vitória SC,Nacional,1,2026-09-21T08:37:03Z,CAPTURED,40,
1396390,DOMESTIC_LEAGUE,Portugal,94,Primeira Liga,2025,Regular Season - 18,2026-01-17T18:00:00+00:00,AVS,Arouca,1,2026-09-21T08:37:03Z,CAPTURED,40,
1396391,DOMESTIC_LEAGUE,Portugal,94,Primeira Liga,2025,Regular Season - 18,2026-01-17T18:00:00+00:00,Alverca,Moreirense,1,2026-09-21T08:37:03Z,CAPTURED,40,
1396393,DOMESTIC_LEAGUE,Portugal,94,Primeira Liga,2025,Regular Season - 18,2026-01-17T15:30:00+00:00,GIL Vicente,Nacional,1,2026-09-21T08:37:03Z,CAPTURED,40,
1396394,DOMESTIC_LEAGUE,Portugal,94,Primeira Liga,2025,Regular Season - 18,2026-01-17T20:30:00+00:00,Rio Ave,Benfica,1,2026-09-21T08:37:03Z,CAPTURED,40,
1396395,DOMESTIC_LEAGUE,Portugal,94,Primeira Liga,2025,Regular Season - 18,2026-01-18T15:30:00+00:00,Santa Clara,Famalicao,1,2026-09-21T08:37:03Z,CAPTURED,40,
1396396,DOMESTIC_LEAGUE,Portugal,94,Primeira Liga,2025,Regular Season - 18,2026-01-16T20:15:00+00:00,Sporting CP,Casa Pia,1,2026-09-21T08:37:03Z,CAPTURED,40,
1396397,DOMESTIC_LEAGUE,Portugal,94,Primeira Liga,2025,Regular Season - 18,2026-01-18T18:00:00+00:00,Tondela,SC Braga,1,2026-09-21T08:37:03Z,CAPTURED,40,
1396398,DOMESTIC_LEAGUE,Portugal,94,Primeira Liga,2025,Regular Season - 18,2026-01-18T20:30:00+00:00,Vitória SC,FC Porto,1,2026-09-21T08:37:03Z,CAPTURED,40,
1381003,DOMESTIC_LEAGUE,Netherlands,88,Eredivisie,2025,Regular Season - 16,2026-01-21T17:45:00+00:00,AZ Alkmaar,Excelsior,1,2026-09-21T12:37:58Z,CAPTURED,45,
1381024,DOMESTIC_LEAGUE,Netherlands,88,Eredivisie,2025,Regular Season - 18,2026-02-11T20:00:00+00:00,NEC Nijmegen,Utrecht,1,2026-09-21T12:37:58Z,CAPTURED,45,
1381038,DOMESTIC_LEAGUE,Netherlands,88,Eredivisie,2025,Regular Season - 20,2026-01-24T15:30:00+00:00,Ajax,FC Volendam,1,2026-09-21T12:37:58Z,CAPTURED,44,
1381039,DOMESTIC_LEAGUE,Netherlands,88,Eredivisie,2025,Regular Season - 20,2026-01-25T15:45:00+00:00,Feyenoord,Heracles,1,2026-09-21T12:37:58Z,CAPTURED,45,
1381040,DOMESTIC_LEAGUE,Netherlands,88,Eredivisie,2025,Regular Season - 20,2026-02-11T17:45:00+00:00,GO Ahead Eagles,Heerenveen,1,2026-09-21T12:37:58Z,CAPTURED,46,
1381041,DOMESTIC_LEAGUE,Netherlands,88,Eredivisie,2025,Regular Season - 20,2026-01-25T13:30:00+00:00,Groningen,Fortuna Sittard,1,2026-09-21T12:37:58Z,CAPTURED,44,
1381042,DOMESTIC_LEAGUE,Netherlands,88,Eredivisie,2025,Regular Season - 20,2026-01-24T17:45:00+00:00,NEC Nijmegen,PEC Zwolle,1,2026-09-21T12:37:58Z,CAPTURED,42,
1381043,DOMESTIC_LEAGUE,Netherlands,88,Eredivisie,2025,Regular Season - 20,2026-01-24T19:00:00+00:00,PSV Eindhoven,NAC Breda,1,2026-09-21T12:37:58Z,CAPTURED,42,
1381044,DOMESTIC_LEAGUE,Netherlands,88,Eredivisie,2025,Regular Season - 20,2026-01-25T11:15:00+00:00,Telstar,AZ Alkmaar,1,2026-09-21T12:37:58Z,CAPTURED,40,
1381045,DOMESTIC_LEAGUE,Netherlands,88,Eredivisie,2025,Regular Season - 20,2026-01-24T20:00:00+00:00,Twente,Excelsior,1,2026-09-21T12:37:58Z,CAPTURED,44,
1381046,DOMESTIC_LEAGUE,Netherlands,88,Eredivisie,2025,Regular Season - 20,2026-01-25T15:45:00+00:00,Utrecht,Sparta Rotterdam,1,2026-09-21T12:37:58Z,CAPTURED,45,
1381047,DOMESTIC_LEAGUE,Netherlands,88,Eredivisie,2025,Regular Season - 21,2026-01-31T15:30:00+00:00,AZ Alkmaar,NEC Nijmegen,1,2026-09-21T12:37:58Z,CAPTURED,45,
1381048,DOMESTIC_LEAGUE,Netherlands,88,Eredivisie,2025,Regular Season - 21,2026-02-01T11:15:00+00:00,Excelsior,Ajax,1,2026-09-21T12:37:58Z,CAPTURED,43,
1381049,DOMESTIC_LEAGUE,Netherlands,88,Eredivisie,2025,Regular Season - 21,2026-02-01T19:00:00+00:00,FC Volendam,GO Ahead Eagles,1,2026-09-21T12:37:58Z,CAPTURED,43,
1381050,DOMESTIC_LEAGUE,Netherlands,88,Eredivisie,2025,Regular Season - 21,2026-02-01T15:45:00+00:00,Heerenveen,Utrecht,1,2026-09-21T12:37:58Z,CAPTURED,43,
1381051,DOMESTIC_LEAGUE,Netherlands,88,Eredivisie,2025,Regular Season - 21,2026-02-01T13:30:00+00:00,Heracles,Fortuna Sittard,1,2026-09-21T12:37:58Z,CAPTURED,43,
1381052,DOMESTIC_LEAGUE,Netherlands,88,Eredivisie,2025,Regular Season - 21,2026-01-30T19:00:00+00:00,NAC Breda,Twente,1,2026-09-21T12:37:58Z,CAPTURED,43,
1381053,DOMESTIC_LEAGUE,Netherlands,88,Eredivisie,2025,Regular Season - 21,2026-02-01T13:30:00+00:00,PSV Eindhoven,Feyenoord,1,2026-09-21T12:37:58Z,CAPTURED,43,
1381054,DOMESTIC_LEAGUE,Netherlands,88,Eredivisie,2025,Regular Season - 21,2026-01-31T20:00:00+00:00,Sparta Rotterdam,Groningen,1,2026-09-21T12:37:58Z,CAPTURED,46,
1381055,DOMESTIC_LEAGUE,Netherlands,88,Eredivisie,2025,Regular Season - 21,2026-01-31T17:45:00+00:00,PEC Zwolle,Telstar,1,2026-09-21T12:37:58Z,CAPTURED,42,
1381056,DOMESTIC_LEAGUE,Netherlands,88,Eredivisie,2025,Regular Season - 22,2026-02-08T13:30:00+00:00,AZ Alkmaar,Ajax,1,2026-09-21T12:37:58Z,CAPTURED,46,
1381057,DOMESTIC_LEAGUE,Netherlands,88,Eredivisie,2025,Regular Season - 22,2026-02-08T13:30:00+00:00,GO Ahead Eagles,Telstar,1,2026-09-21T12:37:58Z,CAPTURED,42,
1381058,DOMESTIC_LEAGUE,Netherlands,88,Eredivisie,2025,Regular Season - 22,2026-02-08T15:45:00+00:00,Groningen,PSV Eindhoven,1,2026-09-21T12:37:58Z,CAPTURED,42,
1381059,DOMESTIC_LEAGUE,Netherlands,88,Eredivisie,2025,Regular Season - 22,2026-02-06T19:00:00+00:00,NAC Breda,Excelsior,1,2026-09-21T12:37:58Z,CAPTURED,45,
1381060,DOMESTIC_LEAGUE,Netherlands,88,Eredivisie,2025,Regular Season - 22,2026-02-07T15:30:00+00:00,NEC Nijmegen,Heracles,1,2026-09-21T12:37:58Z,CAPTURED,44,
1381061,DOMESTIC_LEAGUE,Netherlands,88,Eredivisie,2025,Regular Season - 22,2026-02-07T20:00:00+00:00,Fortuna Sittard,Sparta Rotterdam,1,2026-09-21T12:37:58Z,CAPTURED,43,
1381062,DOMESTIC_LEAGUE,Netherlands,88,Eredivisie,2025,Regular Season - 22,2026-02-07T19:00:00+00:00,Twente,Heerenveen,1,2026-09-21T12:37:58Z,CAPTURED,45,
1381063,DOMESTIC_LEAGUE,Netherlands,88,Eredivisie,2025,Regular Season - 22,2026-02-08T11:15:00+00:00,Utrecht,Feyenoord,1,2026-09-21T12:37:58Z,CAPTURED,45,
1381064,DOMESTIC_LEAGUE,Netherlands,88,Eredivisie,2025,Regular Season - 22,2026-02-07T17:45:00+00:00,PEC Zwolle,FC Volendam,1,2026-09-21T12:37:58Z,CAPTURED,43,
1381065,DOMESTIC_LEAGUE,Netherlands,88,Eredivisie,2025,Regular Season - 23,2026-02-14T19:00:00+00:00,Ajax,Fortuna Sittard,1,2026-09-21T12:37:58Z,CAPTURED,44,
1381066,DOMESTIC_LEAGUE,Netherlands,88,Eredivisie,2025,Regular Season - 23,2026-02-14T17:45:00+00:00,Excelsior,AZ Alkmaar,1,2026-09-21T12:37:58Z,CAPTURED,44,
1381067,DOMESTIC_LEAGUE,Netherlands,88,Eredivisie,2025,Regular Season - 23,2026-02-13T19:00:00+00:00,FC Volendam,PSV Eindhoven,1,2026-09-21T12:37:58Z,CAPTURED,39,
1381068,DOMESTIC_LEAGUE,Netherlands,88,Eredivisie,2025,Regular Season - 23,2026-02-15T11:15:00+00:00,Feyenoord,GO Ahead Eagles,1,2026-09-21T12:37:58Z,CAPTURED,45,
1381069,DOMESTIC_LEAGUE,Netherlands,88,Eredivisie,2025,Regular Season - 23,2026-02-14T20:00:00+00:00,Groningen,Utrecht,1,2026-09-21T12:37:58Z,CAPTURED,44,
1381070,DOMESTIC_LEAGUE,Netherlands,88,Eredivisie,2025,Regular Season - 23,2026-02-15T13:30:00+00:00,Heerenveen,PEC Zwolle,1,2026-09-21T12:37:58Z,CAPTURED,44,
1381071,DOMESTIC_LEAGUE,Netherlands,88,Eredivisie,2025,Regular Season - 23,2026-02-14T15:30:00+00:00,Heracles,NAC Breda,1,2026-09-21T12:37:58Z,CAPTURED,43,
1381072,DOMESTIC_LEAGUE,Netherlands,88,Eredivisie,2025,Regular Season - 23,2026-02-17T19:00:00+00:00,Sparta Rotterdam,NEC Nijmegen,1,2026-09-21T12:37:58Z,CAPTURED,47,
1381073,DOMESTIC_LEAGUE,Netherlands,88,Eredivisie,2025,Regular Season - 23,2026-02-15T13:30:00+00:00,Telstar,Twente,1,2026-09-21T12:37:58Z,CAPTURED,41,
1381074,DOMESTIC_LEAGUE,Netherlands,88,Eredivisie,2025,Regular Season - 24,2026-02-21T20:00:00+00:00,Ajax,NEC Nijmegen,1,2026-09-21T12:37:58Z,CAPTURED,46,
1381075,DOMESTIC_LEAGUE,Netherlands,88,Eredivisie,2025,Regular Season - 24,2026-02-22T15:45:00+00:00,AZ Alkmaar,Sparta Rotterdam,1,2026-09-21T12:37:58Z,CAPTURED,45,
1381076,DOMESTIC_LEAGUE,Netherlands,88,Eredivisie,2025,Regular Season - 24,2026-02-22T19:00:00+00:00,Feyenoord,Telstar,1,2026-09-21T12:37:58Z,CAPTURED,42,
1381077,DOMESTIC_LEAGUE,Netherlands,88,Eredivisie,2025,Regular Season - 24,2026-02-22T13:30:00+00:00,GO Ahead Eagles,Heracles,1,2026-09-21T12:37:58Z,CAPTURED,44,
1381078,DOMESTIC_LEAGUE,Netherlands,88,Eredivisie,2025,Regular Season - 24,2026-02-21T19:00:00+00:00,NAC Breda,FC Volendam,1,2026-09-21T12:37:58Z,CAPTURED,44,
1381079,DOMESTIC_LEAGUE,Netherlands,88,Eredivisie,2025,Regular Season - 24,2026-02-21T17:45:00+00:00,PSV Eindhoven,Heerenveen,1,2026-09-21T12:37:58Z,CAPTURED,43,
1381080,DOMESTIC_LEAGUE,Netherlands,88,Eredivisie,2025,Regular Season - 24,2026-02-20T19:00:00+00:00,Fortuna Sittard,Excelsior,1,2026-09-21T12:37:58Z,CAPTURED,42,
1381081,DOMESTIC_LEAGUE,Netherlands,88,Eredivisie,2025,Regular Season - 24,2026-02-22T11:15:00+00:00,Twente,Groningen,1,2026-09-21T12:37:58Z,CAPTURED,43,
1381082,DOMESTIC_LEAGUE,Netherlands,88,Eredivisie,2025,Regular Season - 24,2026-02-22T13:30:00+00:00,Utrecht,PEC Zwolle,1,2026-09-21T12:37:58Z,CAPTURED,44,
1381083,DOMESTIC_LEAGUE,Netherlands,88,Eredivisie,2025,Regular Season - 25,2026-03-01T19:00:00+00:00,Excelsior,GO Ahead Eagles,1,2026-09-21T12:37:58Z,CAPTURED,43,
1381084,DOMESTIC_LEAGUE,Netherlands,88,Eredivisie,2025,Regular Season - 25,2026-03-01T13:30:00+00:00,FC Volendam,Groningen,1,2026-09-21T12:37:58Z,CAPTURED,45,
1381085,DOMESTIC_LEAGUE,Netherlands,88,Eredivisie,2025,Regular Season - 25,2026-02-28T15:30:00+00:00,Heerenveen,Sparta Rotterdam,1,2026-09-21T12:37:58Z,CAPTURED,44,
1381086,DOMESTIC_LEAGUE,Netherlands,88,Eredivisie,2025,Regular Season - 25,2026-02-28T17:45:00+00:00,Heracles,PSV Eindhoven,1,2026-09-21T12:37:58Z,CAPTURED,42,
1381087,DOMESTIC_LEAGUE,Netherlands,88,Eredivisie,2025,Regular Season - 25,2026-02-28T20:00:00+00:00,NEC Nijmegen,Fortuna Sittard,1,2026-09-21T12:37:58Z,CAPTURED,45,
1381088,DOMESTIC_LEAGUE,Netherlands,88,Eredivisie,2025,Regular Season - 25,2026-02-27T19:00:00+00:00,Telstar,NAC Breda,1,2026-09-21T12:37:58Z,CAPTURED,44,
1381089,DOMESTIC_LEAGUE,Netherlands,88,Eredivisie,2025,Regular Season - 25,2026-03-01T13:30:00+00:00,Twente,Feyenoord,1,2026-09-21T12:37:58Z,CAPTURED,43,
1381090,DOMESTIC_LEAGUE,Netherlands,88,Eredivisie,2025,Regular Season - 25,2026-03-01T15:45:00+00:00,Utrecht,AZ Alkmaar,1,2026-09-21T12:37:58Z,CAPTURED,44,
1381091,DOMESTIC_LEAGUE,Netherlands,88,Eredivisie,2025,Regular Season - 25,2026-03-01T11:15:00+00:00,PEC Zwolle,Ajax,1,2026-09-21T12:37:58Z,CAPTURED,45,
1381092,DOMESTIC_LEAGUE,Netherlands,88,Eredivisie,2025,Regular Season - 26,2026-03-07T20:00:00+00:00,Excelsior,Heerenveen,1,2026-09-21T12:37:58Z,CAPTURED,41,
1381093,DOMESTIC_LEAGUE,Netherlands,88,Eredivisie,2025,Regular Season - 26,2026-03-08T13:30:00+00:00,GO Ahead Eagles,Twente,1,2026-09-21T12:37:58Z,CAPTURED,45,
1381094,DOMESTIC_LEAGUE,Netherlands,88,Eredivisie,2025,Regular Season - 26,2026-03-07T15:30:00+00:00,Groningen,Ajax,1,2026-09-21T12:37:58Z,CAPTURED,46,
1381095,DOMESTIC_LEAGUE,Netherlands,88,Eredivisie,2025,Regular Season - 26,2026-03-06T19:00:00+00:00,Heracles,Utrecht,1,2026-09-21T12:37:58Z,CAPTURED,43,
1381096,DOMESTIC_LEAGUE,Netherlands,88,Eredivisie,2025,Regular Season - 26,2026-03-08T15:45:00+00:00,NAC Breda,Feyenoord,1,2026-09-21T12:37:58Z,CAPTURED,45,
1381097,DOMESTIC_LEAGUE,Netherlands,88,Eredivisie,2025,Regular Season - 26,2026-03-08T19:00:00+00:00,NEC Nijmegen,FC Volendam,1,2026-09-21T12:37:58Z,CAPTURED,43,
1381098,DOMESTIC_LEAGUE,Netherlands,88,Eredivisie,2025,Regular Season - 26,2026-03-07T19:00:00+00:00,PSV Eindhoven,AZ Alkmaar,1,2026-09-21T12:37:58Z,CAPTURED,42,
1381099,DOMESTIC_LEAGUE,Netherlands,88,Eredivisie,2025,Regular Season - 26,2026-03-08T13:30:00+00:00,Fortuna Sittard,Telstar,1,2026-09-21T12:37:58Z,CAPTURED,42,
1381100,DOMESTIC_LEAGUE,Netherlands,88,Eredivisie,2025,Regular Season - 26,2026-03-08T11:15:00+00:00,Sparta Rotterdam,PEC Zwolle,1,2026-09-21T12:37:58Z,CAPTURED,43,
1381101,DOMESTIC_LEAGUE,Netherlands,88,Eredivisie,2025,Regular Season - 27,2026-03-14T20:00:00+00:00,Ajax,Sparta Rotterdam,1,2026-09-21T12:37:58Z,CAPTURED,46,
1381102,DOMESTIC_LEAGUE,Netherlands,88,Eredivisie,2025,Regular Season - 27,2026-03-15T13:30:00+00:00,AZ Alkmaar,Heracles,1,2026-09-21T12:37:58Z,CAPTURED,45,
1381103,DOMESTIC_LEAGUE,Netherlands,88,Eredivisie,2025,Regular Season - 27,2026-03-14T15:30:00+00:00,FC Volendam,Fortuna Sittard,1,2026-09-21T12:37:58Z,CAPTURED,41,
1381104,DOMESTIC_LEAGUE,Netherlands,88,Eredivisie,2025,Regular Season - 27,2026-03-15T13:30:00+00:00,Feyenoord,Excelsior,1,2026-09-21T12:37:58Z,CAPTURED,42,
1381105,DOMESTIC_LEAGUE,Netherlands,88,Eredivisie,2025,Regular Season - 27,2026-03-15T15:45:00+00:00,GO Ahead Eagles,NAC Breda,1,2026-09-21T12:37:58Z,CAPTURED,45,
1381106,DOMESTIC_LEAGUE,Netherlands,88,Eredivisie,2025,Regular Season - 27,2026-03-14T19:00:00+00:00,Heerenveen,Telstar,1,2026-09-21T12:37:58Z,CAPTURED,43,
1381107,DOMESTIC_LEAGUE,Netherlands,88,Eredivisie,2025,Regular Season - 27,2026-03-14T17:45:00+00:00,PSV Eindhoven,NEC Nijmegen,1,2026-09-21T12:37:58Z,CAPTURED,41,
1381108,DOMESTIC_LEAGUE,Netherlands,88,Eredivisie,2025,Regular Season - 27,2026-03-15T11:15:00+00:00,Twente,Utrecht,1,2026-09-21T12:37:58Z,CAPTURED,45,
1381109,DOMESTIC_LEAGUE,Netherlands,88,Eredivisie,2025,Regular Season - 27,2026-03-13T19:00:00+00:00,PEC Zwolle,Groningen,1,2026-09-21T12:37:58Z,CAPTURED,44,
1381110,DOMESTIC_LEAGUE,Netherlands,88,Eredivisie,2025,Regular Season - 28,2026-03-22T13:30:00+00:00,Feyenoord,Ajax,1,2026-09-21T12:37:58Z,CAPTURED,44,
1381112,DOMESTIC_LEAGUE,Netherlands,88,Eredivisie,2025,Regular Season - 28,2026-03-20T19:00:00+00:00,Heracles,Excelsior,1,2026-09-21T12:37:58Z,CAPTURED,44,
1381113,DOMESTIC_LEAGUE,Netherlands,88,Eredivisie,2025,Regular Season - 28,2026-03-22T11:15:00+00:00,NEC Nijmegen,Heerenveen,1,2026-09-21T12:37:58Z,CAPTURED,44,
1381114,DOMESTIC_LEAGUE,Netherlands,88,Eredivisie,2025,Regular Season - 28,2026-03-21T15:30:00+00:00,Fortuna Sittard,Twente,1,2026-09-21T12:37:58Z,CAPTURED,42,
1381115,DOMESTIC_LEAGUE,Netherlands,88,Eredivisie,2025,Regular Season - 28,2026-03-21T17:45:00+00:00,Sparta Rotterdam,FC Volendam,1,2026-09-21T12:37:58Z,CAPTURED,45,
1381117,DOMESTIC_LEAGUE,Netherlands,88,Eredivisie,2025,Regular Season - 28,2026-03-22T13:30:00+00:00,Utrecht,GO Ahead Eagles,1,2026-09-21T12:37:58Z,CAPTURED,45,
1381118,DOMESTIC_LEAGUE,Netherlands,88,Eredivisie,2025,Regular Season - 28,2026-03-21T20:00:00+00:00,PEC Zwolle,NAC Breda,1,2026-09-21T12:37:58Z,CAPTURED,45,
1394588,DOMESTIC_LEAGUE,Turkey,203,Süper Lig,2025,Regular Season - 18,2026-01-19T17:00:00+00:00,Beşiktaş,Kayserispor,1,2026-09-21T12:37:58Z,CAPTURED,42,
1394591,DOMESTIC_LEAGUE,Turkey,203,Süper Lig,2025,Regular Season - 18,2026-01-19T17:00:00+00:00,Göztepe,Rizespor,1,2026-09-21T12:37:58Z,CAPTURED,42,
1394594,DOMESTIC_LEAGUE,Turkey,203,Süper Lig,2025,Regular Season - 18,2026-01-19T14:00:00+00:00,Konyaspor,Eyüpspor,1,2026-09-21T12:37:58Z,CAPTURED,43,
1394595,DOMESTIC_LEAGUE,Turkey,203,Süper Lig,2025,Regular Season - 19,2026-01-25T14:00:00+00:00,Antalyaspor,Gençlerbirliği S.K.,1,2026-09-21T12:37:58Z,CAPTURED,42,
1394596,DOMESTIC_LEAGUE,Turkey,203,Süper Lig,2025,Regular Season - 19,2026-01-26T17:00:00+00:00,Eyüpspor,Beşiktaş,1,2026-09-21T12:37:58Z,CAPTURED,41,
1394597,DOMESTIC_LEAGUE,Turkey,203,Süper Lig,2025,Regular Season - 19,2026-01-25T17:00:00+00:00,Fenerbahçe,Göztepe,1,2026-09-21T12:37:58Z,CAPTURED,40,
1394598,DOMESTIC_LEAGUE,Turkey,203,Süper Lig,2025,Regular Season - 19,2026-01-25T11:30:00+00:00,Gaziantep FK,Konyaspor,1,2026-09-21T12:37:58Z,CAPTURED,41,
1394599,DOMESTIC_LEAGUE,Turkey,203,Süper Lig,2025,Regular Season - 19,2026-01-24T17:00:00+00:00,Fatih Karagümrük,Galatasaray,1,2026-09-21T12:37:58Z,CAPTURED,42,
1394600,DOMESTIC_LEAGUE,Turkey,203,Süper Lig,2025,Regular Season - 19,2026-01-24T11:30:00+00:00,Kayserispor,Başakşehir,1,2026-09-21T12:37:58Z,CAPTURED,42,
1394601,DOMESTIC_LEAGUE,Turkey,203,Süper Lig,2025,Regular Season - 19,2026-01-25T14:00:00+00:00,Rizespor,Alanyaspor,1,2026-09-21T12:37:58Z,CAPTURED,42,
1394602,DOMESTIC_LEAGUE,Turkey,203,Süper Lig,2025,Regular Season - 19,2026-01-24T14:00:00+00:00,Samsunspor,Kocaelispor,1,2026-09-21T12:37:58Z,CAPTURED,42,
1394603,DOMESTIC_LEAGUE,Turkey,203,Süper Lig,2025,Regular Season - 19,2026-01-23T17:00:00+00:00,Trabzonspor,Kasımpaşa,1,2026-09-21T12:37:58Z,CAPTURED,42,
1394604,DOMESTIC_LEAGUE,Turkey,203,Süper Lig,2025,Regular Season - 20,2026-01-31T11:30:00+00:00,Alanyaspor,Eyüpspor,1,2026-09-21T12:37:58Z,CAPTURED,41,
1394605,DOMESTIC_LEAGUE,Turkey,203,Süper Lig,2025,Regular Season - 20,2026-01-30T17:00:00+00:00,Antalyaspor,Trabzonspor,1,2026-09-21T12:37:58Z,CAPTURED,42,
1394606,DOMESTIC_LEAGUE,Turkey,203,Süper Lig,2025,Regular Season - 20,2026-01-31T14:00:00+00:00,Başakşehir,Rizespor,1,2026-09-21T12:37:58Z,CAPTURED,42,
1394607,DOMESTIC_LEAGUE,Turkey,203,Süper Lig,2025,Regular Season - 20,2026-01-31T17:00:00+00:00,Beşiktaş,Konyaspor,1,2026-09-21T12:37:58Z,CAPTURED,41,
1394608,DOMESTIC_LEAGUE,Turkey,203,Süper Lig,2025,Regular Season - 20,2026-02-01T17:00:00+00:00,Galatasaray,Kayserispor,1,2026-09-21T12:37:58Z,CAPTURED,42,
1394609,DOMESTIC_LEAGUE,Turkey,203,Süper Lig,2025,Regular Season - 20,2026-02-01T14:00:00+00:00,Gençlerbirliği S.K.,Gaziantep FK,1,2026-09-21T12:37:58Z,CAPTURED,42,
1394610,DOMESTIC_LEAGUE,Turkey,203,Süper Lig,2025,Regular Season - 20,2026-01-31T17:00:00+00:00,Göztepe,Fatih Karagümrük,1,2026-09-21T12:37:58Z,CAPTURED,41,
1394611,DOMESTIC_LEAGUE,Turkey,203,Süper Lig,2025,Regular Season - 20,2026-01-30T17:00:00+00:00,Kasımpaşa,Samsunspor,1,2026-09-21T12:37:58Z,CAPTURED,41,
1394612,DOMESTIC_LEAGUE,Turkey,203,Süper Lig,2025,Regular Season - 20,2026-02-02T17:00:00+00:00,Kocaelispor,Fenerbahçe,1,2026-09-21T12:37:58Z,CAPTURED,42,
1394613,DOMESTIC_LEAGUE,Turkey,203,Süper Lig,2025,Regular Season - 21,2026-02-08T17:00:00+00:00,Beşiktaş,Alanyaspor,1,2026-09-21T12:37:58Z,CAPTURED,42,
1394614,DOMESTIC_LEAGUE,Turkey,203,Süper Lig,2025,Regular Season - 21,2026-02-08T11:30:00+00:00,Eyüpspor,Başakşehir,1,2026-09-21T12:37:58Z,CAPTURED,42,
1394615,DOMESTIC_LEAGUE,Turkey,203,Süper Lig,2025,Regular Season - 21,2026-02-09T17:00:00+00:00,Fenerbahçe,Gençlerbirliği S.K.,1,2026-09-21T12:37:58Z,CAPTURED,41,
1394616,DOMESTIC_LEAGUE,Turkey,203,Süper Lig,2025,Regular Season - 21,2026-02-09T17:00:00+00:00,Gaziantep FK,Kasımpaşa,1,2026-09-21T12:37:58Z,CAPTURED,42,
1394617,DOMESTIC_LEAGUE,Turkey,203,Süper Lig,2025,Regular Season - 21,2026-02-07T11:30:00+00:00,Fatih Karagümrük,Antalyaspor,1,2026-09-21T12:37:58Z,CAPTURED,42,
1394618,DOMESTIC_LEAGUE,Turkey,203,Süper Lig,2025,Regular Season - 21,2026-02-09T14:00:00+00:00,Kayserispor,Kocaelispor,1,2026-09-21T12:37:58Z,CAPTURED,42,
1394619,DOMESTIC_LEAGUE,Turkey,203,Süper Lig,2025,Regular Season - 21,2026-02-08T14:00:00+00:00,Konyaspor,Göztepe,1,2026-09-21T12:37:58Z,CAPTURED,39,
1394620,DOMESTIC_LEAGUE,Turkey,203,Süper Lig,2025,Regular Season - 21,2026-02-08T14:00:00+00:00,Rizespor,Galatasaray,1,2026-09-21T12:37:58Z,CAPTURED,42,
1394621,DOMESTIC_LEAGUE,Turkey,203,Süper Lig,2025,Regular Season - 21,2026-02-07T17:00:00+00:00,Samsunspor,Trabzonspor,1,2026-09-21T12:37:58Z,CAPTURED,42,
1394622,DOMESTIC_LEAGUE,Turkey,203,Süper Lig,2025,Regular Season - 22,2026-02-14T14:00:00+00:00,Alanyaspor,Konyaspor,1,2026-09-21T12:37:58Z,CAPTURED,42,
1394623,DOMESTIC_LEAGUE,Turkey,203,Süper Lig,2025,Regular Season - 22,2026-02-13T17:00:00+00:00,Antalyaspor,Samsunspor,1,2026-09-21T12:37:58Z,CAPTURED,41,
1394624,DOMESTIC_LEAGUE,Turkey,203,Süper Lig,2025,Regular Season - 22,2026-02-15T17:00:00+00:00,Başakşehir,Beşiktaş,1,2026-09-21T12:37:58Z,CAPTURED,42,
1394625,DOMESTIC_LEAGUE,Turkey,203,Süper Lig,2025,Regular Season - 22,2026-02-13T17:00:00+00:00,Galatasaray,Eyüpspor,1,2026-09-21T12:37:58Z,CAPTURED,42,
1394626,DOMESTIC_LEAGUE,Turkey,203,Süper Lig,2025,Regular Season - 22,2026-02-14T11:30:00+00:00,Gençlerbirliği S.K.,Rizespor,1,2026-09-21T12:37:58Z,CAPTURED,42,
1394627,DOMESTIC_LEAGUE,Turkey,203,Süper Lig,2025,Regular Season - 22,2026-02-15T14:00:00+00:00,Göztepe,Kayserispor,1,2026-09-21T12:37:58Z,CAPTURED,39,
1394628,DOMESTIC_LEAGUE,Turkey,203,Süper Lig,2025,Regular Season - 22,2026-02-16T17:00:00+00:00,Kasımpaşa,Fatih Karagümrük,1,2026-09-21T12:37:58Z,CAPTURED,42,
1394629,DOMESTIC_LEAGUE,Turkey,203,Süper Lig,2025,Regular Season - 22,2026-02-15T11:30:00+00:00,Kocaelispor,Gaziantep FK,1,2026-09-21T12:37:58Z,CAPTURED,42,
1394630,DOMESTIC_LEAGUE,Turkey,203,Süper Lig,2025,Regular Season - 22,2026-02-14T17:00:00+00:00,Trabzonspor,Fenerbahçe,1,2026-09-21T12:37:58Z,CAPTURED,42,
1394631,DOMESTIC_LEAGUE,Turkey,203,Süper Lig,2025,Regular Season - 23,2026-02-21T13:00:00+00:00,Alanyaspor,Başakşehir,1,2026-09-21T12:37:58Z,CAPTURED,43,
1394632,DOMESTIC_LEAGUE,Turkey,203,Süper Lig,2025,Regular Season - 23,2026-02-22T17:00:00+00:00,Beşiktaş,Göztepe,1,2026-09-21T12:37:58Z,CAPTURED,41,
1394633,DOMESTIC_LEAGUE,Turkey,203,Süper Lig,2025,Regular Season - 23,2026-02-21T10:30:00+00:00,Eyüpspor,Gençlerbirliği S.K.,1,2026-09-21T12:37:58Z,CAPTURED,42,
1394634,DOMESTIC_LEAGUE,Turkey,203,Süper Lig,2025,Regular Season - 23,2026-02-23T17:00:00+00:00,Fenerbahçe,Kasımpaşa,1,2026-09-21T12:37:58Z,CAPTURED,42,
1394635,DOMESTIC_LEAGUE,Turkey,203,Süper Lig,2025,Regular Season - 23,2026-02-22T13:00:00+00:00,Gaziantep FK,Trabzonspor,1,2026-09-21T12:37:58Z,CAPTURED,42,
1394636,DOMESTIC_LEAGUE,Turkey,203,Süper Lig,2025,Regular Season - 23,2026-02-22T17:00:00+00:00,Fatih Karagümrük,Samsunspor,1,2026-09-21T12:37:58Z,CAPTURED,42,
1394637,DOMESTIC_LEAGUE,Turkey,203,Süper Lig,2025,Regular Season - 23,2026-02-22T10:30:00+00:00,Kayserispor,Antalyaspor,1,2026-09-21T12:37:58Z,CAPTURED,42,
1394638,DOMESTIC_LEAGUE,Turkey,203,Süper Lig,2025,Regular Season - 23,2026-02-21T17:00:00+00:00,Konyaspor,Galatasaray,1,2026-09-21T12:37:58Z,CAPTURED,42,
1394639,DOMESTIC_LEAGUE,Turkey,203,Süper Lig,2025,Regular Season - 23,2026-02-20T17:00:00+00:00,Rizespor,Kocaelispor,1,2026-09-21T12:37:58Z,CAPTURED,42,
1394640,DOMESTIC_LEAGUE,Turkey,203,Süper Lig,2025,Regular Season - 24,2026-03-01T17:00:00+00:00,Antalyaspor,Fenerbahçe,1,2026-09-21T12:37:58Z,CAPTURED,42,
1394641,DOMESTIC_LEAGUE,Turkey,203,Süper Lig,2025,Regular Season - 24,2026-02-27T17:00:00+00:00,Başakşehir,Konyaspor,1,2026-09-21T12:37:58Z,CAPTURED,42,
1394642,DOMESTIC_LEAGUE,Turkey,203,Süper Lig,2025,Regular Season - 24,2026-02-28T17:00:00+00:00,Galatasaray,Alanyaspor,1,2026-09-21T12:37:58Z,CAPTURED,42,
1394643,DOMESTIC_LEAGUE,Turkey,203,Süper Lig,2025,Regular Season - 24,2026-03-01T13:00:00+00:00,Gençlerbirliği S.K.,Kayserispor,1,2026-09-21T12:37:58Z,CAPTURED,42,
1394644,DOMESTIC_LEAGUE,Turkey,203,Süper Lig,2025,Regular Season - 24,2026-02-28T17:00:00+00:00,Göztepe,Eyüpspor,1,2026-09-21T12:37:58Z,CAPTURED,41,
1394645,DOMESTIC_LEAGUE,Turkey,203,Süper Lig,2025,Regular Season - 24,2026-02-28T10:30:00+00:00,Kasımpaşa,Rizespor,1,2026-09-21T12:37:58Z,CAPTURED,42,
1394646,DOMESTIC_LEAGUE,Turkey,203,Süper Lig,2025,Regular Season - 24,2026-02-28T13:00:00+00:00,Kocaelispor,Beşiktaş,1,2026-09-21T12:37:58Z,CAPTURED,42,
1394647,DOMESTIC_LEAGUE,Turkey,203,Süper Lig,2025,Regular Season - 24,2026-03-01T17:00:00+00:00,Samsunspor,Gaziantep FK,1,2026-09-21T12:37:58Z,CAPTURED,42,
1394648,DOMESTIC_LEAGUE,Turkey,203,Süper Lig,2025,Regular Season - 24,2026-02-27T17:00:00+00:00,Trabzonspor,Fatih Karagümrük,1,2026-09-21T12:37:58Z,CAPTURED,42,
1394649,DOMESTIC_LEAGUE,Turkey,203,Süper Lig,2025,Regular Season - 25,2026-03-09T17:00:00+00:00,Alanyaspor,Gençlerbirliği S.K.,1,2026-09-21T12:37:58Z,CAPTURED,42,
1394650,DOMESTIC_LEAGUE,Turkey,203,Süper Lig,2025,Regular Season - 25,2026-03-07T13:00:00+00:00,Başakşehir,Göztepe,1,2026-09-21T12:37:58Z,CAPTURED,41,
1394651,DOMESTIC_LEAGUE,Turkey,203,Süper Lig,2025,Regular Season - 25,2026-03-07T17:00:00+00:00,Beşiktaş,Galatasaray,1,2026-09-21T12:37:58Z,CAPTURED,42,
1394652,DOMESTIC_LEAGUE,Turkey,203,Süper Lig,2025,Regular Season - 25,2026-03-09T13:00:00+00:00,Eyüpspor,Kocaelispor,1,2026-09-21T12:37:58Z,CAPTURED,42,
1394653,DOMESTIC_LEAGUE,Turkey,203,Süper Lig,2025,Regular Season - 25,2026-03-08T17:00:00+00:00,Fenerbahçe,Samsunspor,1,2026-09-21T12:37:58Z,CAPTURED,42,
1394654,DOMESTIC_LEAGUE,Turkey,203,Süper Lig,2025,Regular Season - 25,2026-03-08T10:30:00+00:00,Gaziantep FK,Fatih Karagümrük,1,2026-09-21T12:37:58Z,CAPTURED,42,
1394655,DOMESTIC_LEAGUE,Turkey,203,Süper Lig,2025,Regular Season - 25,2026-03-09T17:00:00+00:00,Kayserispor,Trabzonspor,1,2026-09-21T12:37:58Z,CAPTURED,42,
1394656,DOMESTIC_LEAGUE,Turkey,203,Süper Lig,2025,Regular Season - 25,2026-03-08T13:00:00+00:00,Konyaspor,Kasımpaşa,1,2026-09-21T12:37:58Z,CAPTURED,42,
1394657,DOMESTIC_LEAGUE,Turkey,203,Süper Lig,2025,Regular Season - 25,2026-03-08T10:30:00+00:00,Rizespor,Antalyaspor,1,2026-09-21T12:37:58Z,CAPTURED,42,
1394658,DOMESTIC_LEAGUE,Turkey,203,Süper Lig,2025,Regular Season - 26,2026-03-13T17:00:00+00:00,Antalyaspor,Gaziantep FK,1,2026-09-21T12:37:58Z,CAPTURED,39,
1394659,DOMESTIC_LEAGUE,Turkey,203,Süper Lig,2025,Regular Season - 26,2026-03-14T17:00:00+00:00,Galatasaray,Başakşehir,1,2026-09-21T12:37:58Z,CAPTURED,42,
1394660,DOMESTIC_LEAGUE,Turkey,203,Süper Lig,2025,Regular Season - 26,2026-03-15T17:00:00+00:00,Gençlerbirliği S.K.,Beşiktaş,1,2026-09-21T12:37:58Z,CAPTURED,42,
1394661,DOMESTIC_LEAGUE,Turkey,203,Süper Lig,2025,Regular Season - 26,2026-03-14T17:00:00+00:00,Göztepe,Alanyaspor,1,2026-09-21T12:37:58Z,CAPTURED,42,
1394662,DOMESTIC_LEAGUE,Turkey,203,Süper Lig,2025,Regular Season - 26,2026-03-13T17:00:00+00:00,Fatih Karagümrük,Fenerbahçe,1,2026-09-21T12:37:58Z,CAPTURED,42,
1394663,DOMESTIC_LEAGUE,Turkey,203,Süper Lig,2025,Regular Season - 26,2026-03-15T13:00:00+00:00,Kasımpaşa,Eyüpspor,1,2026-09-21T12:37:58Z,CAPTURED,42,
1394664,DOMESTIC_LEAGUE,Turkey,203,Süper Lig,2025,Regular Season - 26,2026-03-14T10:30:00+00:00,Kocaelispor,Konyaspor,1,2026-09-21T12:37:58Z,CAPTURED,42,
1394665,DOMESTIC_LEAGUE,Turkey,203,Süper Lig,2025,Regular Season - 26,2026-03-15T17:00:00+00:00,Samsunspor,Kayserispor,1,2026-09-21T12:37:58Z,CAPTURED,41,
1394666,DOMESTIC_LEAGUE,Turkey,203,Süper Lig,2025,Regular Season - 26,2026-03-14T17:00:00+00:00,Trabzonspor,Rizespor,1,2026-09-21T12:37:58Z,CAPTURED,42,
1394667,DOMESTIC_LEAGUE,Turkey,203,Süper Lig,2025,Regular Season - 27,2026-03-18T13:00:00+00:00,Alanyaspor,Kocaelispor,1,2026-09-21T12:37:58Z,CAPTURED,42,
1394668,DOMESTIC_LEAGUE,Turkey,203,Süper Lig,2025,Regular Season - 27,2026-03-18T17:00:00+00:00,Başakşehir,Antalyaspor,1,2026-09-21T12:37:58Z,CAPTURED,42,
1394669,DOMESTIC_LEAGUE,Turkey,203,Süper Lig,2025,Regular Season - 27,2026-03-19T17:00:00+00:00,Beşiktaş,Kasımpaşa,1,2026-09-21T12:37:58Z,CAPTURED,42,
1394670,DOMESTIC_LEAGUE,Turkey,203,Süper Lig,2025,Regular Season - 27,2026-03-18T17:00:00+00:00,Eyüpspor,Trabzonspor,1,2026-09-21T12:37:58Z,CAPTURED,42,
1394671,DOMESTIC_LEAGUE,Turkey,203,Süper Lig,2025,Regular Season - 27,2026-03-17T17:00:00+00:00,Fenerbahçe,Gaziantep FK,1,2026-09-21T12:37:58Z,CAPTURED,39,
1394673,DOMESTIC_LEAGUE,Turkey,203,Süper Lig,2025,Regular Season - 27,2026-03-19T13:00:00+00:00,Kayserispor,Fatih Karagümrük,1,2026-09-21T12:37:58Z,CAPTURED,42,
1394674,DOMESTIC_LEAGUE,Turkey,203,Süper Lig,2025,Regular Season - 27,2026-03-19T17:00:00+00:00,Konyaspor,Gençlerbirliği S.K.,1,2026-09-21T12:37:58Z,CAPTURED,42,
1396392,DOMESTIC_LEAGUE,Portugal,94,Primeira Liga,2025,Regular Season - 18,2026-01-19T20:15:00+00:00,Estrela,Estoril,1,2026-09-21T12:37:58Z,CAPTURED,40,
1396399,DOMESTIC_LEAGUE,Portugal,94,Primeira Liga,2025,Regular Season - 19,2026-01-24T18:00:00+00:00,Arouca,Sporting CP,1,2026-09-21T12:37:58Z,CAPTURED,40,
1396400,DOMESTIC_LEAGUE,Portugal,94,Primeira Liga,2025,Regular Season - 19,2026-01-25T18:00:00+00:00,Benfica,Estrela,1,2026-09-21T12:37:58Z,CAPTURED,40,
1396401,DOMESTIC_LEAGUE,Portugal,94,Primeira Liga,2025,Regular Season - 19,2026-01-25T20:30:00+00:00,SC Braga,Alverca,1,2026-09-21T12:37:58Z,CAPTURED,40,
1396402,DOMESTIC_LEAGUE,Portugal,94,Primeira Liga,2025,Regular Season - 19,2026-01-23T20:15:00+00:00,Casa Pia,AVS,1,2026-09-21T12:37:58Z,CAPTURED,40,
1396403,DOMESTIC_LEAGUE,Portugal,94,Primeira Liga,2025,Regular Season - 19,2026-01-24T20:30:00+00:00,Estoril,Vitória SC,1,2026-09-21T12:37:58Z,CAPTURED,40,
1396404,DOMESTIC_LEAGUE,Portugal,94,Primeira Liga,2025,Regular Season - 19,2026-01-25T18:00:00+00:00,Famalicao,Tondela,1,2026-09-21T12:37:58Z,CAPTURED,40,
1396405,DOMESTIC_LEAGUE,Portugal,94,Primeira Liga,2025,Regular Season - 19,2026-01-26T20:15:00+00:00,FC Porto,GIL Vicente,1,2026-09-21T12:37:58Z,CAPTURED,40,
1396406,DOMESTIC_LEAGUE,Portugal,94,Primeira Liga,2025,Regular Season - 19,2026-01-24T15:30:00+00:00,Moreirense,Santa Clara,1,2026-09-21T12:37:58Z,CAPTURED,40,
1396407,DOMESTIC_LEAGUE,Portugal,94,Primeira Liga,2025,Regular Season - 19,2026-01-25T15:30:00+00:00,Nacional,Rio Ave,1,2026-09-21T12:37:58Z,CAPTURED,40,
1396408,DOMESTIC_LEAGUE,Portugal,94,Primeira Liga,2025,Regular Season - 20,2026-02-02T18:45:00+00:00,AVS,SC Braga,1,2026-09-21T12:37:58Z,CAPTURED,40,
1396409,DOMESTIC_LEAGUE,Portugal,94,Primeira Liga,2025,Regular Season - 20,2026-01-31T20:30:00+00:00,Alverca,Estrela,1,2026-09-21T12:37:58Z,CAPTURED,40,
1396410,DOMESTIC_LEAGUE,Portugal,94,Primeira Liga,2025,Regular Season - 20,2026-02-02T20:45:00+00:00,Casa Pia,FC Porto,1,2026-09-21T12:37:58Z,CAPTURED,40,
1396411,DOMESTIC_LEAGUE,Portugal,94,Primeira Liga,2025,Regular Season - 20,2026-02-01T15:30:00+00:00,GIL Vicente,Famalicao,1,2026-09-21T12:37:58Z,CAPTURED,40,
1396412,DOMESTIC_LEAGUE,Portugal,94,Primeira Liga,2025,Regular Season - 20,2026-01-31T18:00:00+00:00,Rio Ave,Arouca,1,2026-09-21T12:37:58Z,CAPTURED,40,
1396413,DOMESTIC_LEAGUE,Portugal,94,Primeira Liga,2025,Regular Season - 20,2026-01-31T15:30:00+00:00,Santa Clara,Estoril,1,2026-09-21T12:37:58Z,CAPTURED,40,
1396414,DOMESTIC_LEAGUE,Portugal,94,Primeira Liga,2025,Regular Season - 20,2026-02-01T18:00:00+00:00,Sporting CP,Nacional,1,2026-09-21T12:37:58Z,CAPTURED,40,
1396415,DOMESTIC_LEAGUE,Portugal,94,Primeira Liga,2025,Regular Season - 20,2026-02-01T20:30:00+00:00,Tondela,Benfica,1,2026-09-21T12:37:58Z,CAPTURED,40,
1396416,DOMESTIC_LEAGUE,Portugal,94,Primeira Liga,2025,Regular Season - 20,2026-01-30T20:45:00+00:00,Vitória SC,Moreirense,1,2026-09-21T12:37:58Z,CAPTURED,40,
1396417,DOMESTIC_LEAGUE,Portugal,94,Primeira Liga,2025,Regular Season - 21,2026-02-07T20:30:00+00:00,Arouca,Vitória SC,1,2026-09-21T12:37:58Z,CAPTURED,40,
1396418,DOMESTIC_LEAGUE,Portugal,94,Primeira Liga,2025,Regular Season - 21,2026-02-08T20:30:00+00:00,Benfica,Alverca,1,2026-09-21T12:37:58Z,CAPTURED,40,
1396419,DOMESTIC_LEAGUE,Portugal,94,Primeira Liga,2025,Regular Season - 21,2026-02-08T18:00:00+00:00,SC Braga,Rio Ave,1,2026-09-21T12:37:58Z,CAPTURED,40,
1396420,DOMESTIC_LEAGUE,Portugal,94,Primeira Liga,2025,Regular Season - 21,2026-02-07T18:00:00+00:00,Estoril,Tondela,1,2026-09-21T12:37:58Z,CAPTURED,40,
1396421,DOMESTIC_LEAGUE,Portugal,94,Primeira Liga,2025,Regular Season - 21,2026-02-07T15:30:00+00:00,Estrela,Santa Clara,1,2026-09-21T12:37:58Z,CAPTURED,40,
1396422,DOMESTIC_LEAGUE,Portugal,94,Primeira Liga,2025,Regular Season - 21,2026-02-09T18:45:00+00:00,Famalicao,AVS,1,2026-09-21T12:37:58Z,CAPTURED,40,
1396423,DOMESTIC_LEAGUE,Portugal,94,Primeira Liga,2025,Regular Season - 21,2026-02-09T20:45:00+00:00,FC Porto,Sporting CP,1,2026-09-21T12:37:58Z,CAPTURED,40,
1396424,DOMESTIC_LEAGUE,Portugal,94,Primeira Liga,2025,Regular Season - 21,2026-02-07T15:30:00+00:00,Moreirense,GIL Vicente,1,2026-09-21T12:37:58Z,CAPTURED,40,
1396425,DOMESTIC_LEAGUE,Portugal,94,Primeira Liga,2025,Regular Season - 21,2026-02-08T15:30:00+00:00,Nacional,Casa Pia,1,2026-09-21T12:37:58Z,CAPTURED,40,
1396426,DOMESTIC_LEAGUE,Portugal,94,Primeira Liga,2025,Regular Season - 22,2026-02-15T18:00:00+00:00,AVS,Estoril,1,2026-09-21T12:37:58Z,CAPTURED,40,
1396427,DOMESTIC_LEAGUE,Portugal,94,Primeira Liga,2025,Regular Season - 22,2026-02-14T15:30:00+00:00,Casa Pia,Arouca,1,2026-09-21T12:37:58Z,CAPTURED,40,
1396428,DOMESTIC_LEAGUE,Portugal,94,Primeira Liga,2025,Regular Season - 22,2026-02-14T20:30:00+00:00,GIL Vicente,SC Braga,1,2026-09-21T12:37:58Z,CAPTURED,40,
1396429,DOMESTIC_LEAGUE,Portugal,94,Primeira Liga,2025,Regular Season - 22,2026-02-15T15:30:00+00:00,Nacional,FC Porto,1,2026-09-21T12:37:58Z,CAPTURED,40,
1396430,DOMESTIC_LEAGUE,Portugal,94,Primeira Liga,2025,Regular Season - 22,2026-02-16T20:15:00+00:00,Rio Ave,Moreirense,1,2026-09-21T12:37:58Z,CAPTURED,40,
1396431,DOMESTIC_LEAGUE,Portugal,94,Primeira Liga,2025,Regular Season - 22,2026-02-13T18:30:00+00:00,Santa Clara,Benfica,1,2026-09-21T12:37:58Z,CAPTURED,40,
1396432,DOMESTIC_LEAGUE,Portugal,94,Primeira Liga,2025,Regular Season - 22,2026-02-15T20:30:00+00:00,Sporting CP,Famalicao,1,2026-09-21T12:37:58Z,CAPTURED,40,
1396433,DOMESTIC_LEAGUE,Portugal,94,Primeira Liga,2025,Regular Season - 22,2026-02-13T20:45:00+00:00,Tondela,Alverca,1,2026-09-21T12:37:58Z,CAPTURED,40,
1396434,DOMESTIC_LEAGUE,Portugal,94,Primeira Liga,2025,Regular Season - 22,2026-02-14T18:00:00+00:00,Vitória SC,Estrela,1,2026-09-21T12:37:58Z,CAPTURED,40,
1396435,DOMESTIC_LEAGUE,Portugal,94,Primeira Liga,2025,Regular Season - 23,2026-02-21T15:30:00+00:00,Alverca,Santa Clara,1,2026-09-21T12:37:58Z,CAPTURED,40,
1396436,DOMESTIC_LEAGUE,Portugal,94,Primeira Liga,2025,Regular Season - 23,2026-02-21T15:30:00+00:00,Arouca,Nacional,1,2026-09-21T12:37:58Z,CAPTURED,40,
1396437,DOMESTIC_LEAGUE,Portugal,94,Primeira Liga,2025,Regular Season - 23,2026-02-21T18:00:00+00:00,Benfica,AVS,1,2026-09-21T12:37:58Z,CAPTURED,40,
1396438,DOMESTIC_LEAGUE,Portugal,94,Primeira Liga,2025,Regular Season - 23,2026-02-21T20:30:00+00:00,SC Braga,Vitória SC,1,2026-09-21T12:37:58Z,CAPTURED,40,
1396439,DOMESTIC_LEAGUE,Portugal,94,Primeira Liga,2025,Regular Season - 23,2026-02-22T18:00:00+00:00,Estoril,GIL Vicente,1,2026-09-21T12:37:58Z,CAPTURED,40,
1396440,DOMESTIC_LEAGUE,Portugal,94,Primeira Liga,2025,Regular Season - 23,2026-02-20T20:45:00+00:00,Estrela,Tondela,1,2026-09-21T12:37:58Z,CAPTURED,40,
1396441,DOMESTIC_LEAGUE,Portugal,94,Primeira Liga,2025,Regular Season - 23,2026-02-23T20:15:00+00:00,Famalicao,Casa Pia,1,2026-09-21T12:37:58Z,CAPTURED,40,
1396442,DOMESTIC_LEAGUE,Portugal,94,Primeira Liga,2025,Regular Season - 23,2026-02-22T20:30:00+00:00,FC Porto,Rio Ave,1,2026-09-21T12:37:58Z,CAPTURED,40,
1396443,DOMESTIC_LEAGUE,Portugal,94,Primeira Liga,2025,Regular Season - 23,2026-02-21T18:00:00+00:00,Moreirense,Sporting CP,1,2026-09-21T12:37:58Z,CAPTURED,40,
1396444,DOMESTIC_LEAGUE,Portugal,94,Primeira Liga,2025,Regular Season - 24,2026-02-28T15:30:00+00:00,AVS,Estrela,1,2026-09-21T12:37:58Z,CAPTURED,40,
1396445,DOMESTIC_LEAGUE,Portugal,94,Primeira Liga,2025,Regular Season - 24,2026-03-01T18:00:00+00:00,Casa Pia,Moreirense,1,2026-09-21T12:37:58Z,CAPTURED,40,
1396446,DOMESTIC_LEAGUE,Portugal,94,Primeira Liga,2025,Regular Season - 24,2026-02-27T18:45:00+00:00,FC Porto,Arouca,1,2026-09-21T12:37:58Z,CAPTURED,40,
1396447,DOMESTIC_LEAGUE,Portugal,94,Primeira Liga,2025,Regular Season - 24,2026-03-02T20:15:00+00:00,GIL Vicente,Benfica,1,2026-09-21T12:37:58Z,CAPTURED,40,
1396448,DOMESTIC_LEAGUE,Portugal,94,Primeira Liga,2025,Regular Season - 24,2026-02-28T18:00:00+00:00,Nacional,SC Braga,1,2026-09-21T12:37:58Z,CAPTURED,40,
1396449,DOMESTIC_LEAGUE,Portugal,94,Primeira Liga,2025,Regular Season - 24,2026-03-01T20:30:00+00:00,Rio Ave,Famalicao,1,2026-09-21T12:37:58Z,CAPTURED,40,
1396450,DOMESTIC_LEAGUE,Portugal,94,Primeira Liga,2025,Regular Season - 24,2026-02-27T20:45:00+00:00,Sporting CP,Estoril,1,2026-09-21T12:37:58Z,CAPTURED,40,
1396451,DOMESTIC_LEAGUE,Portugal,94,Primeira Liga,2025,Regular Season - 24,2026-03-01T15:30:00+00:00,Tondela,Santa Clara,1,2026-09-21T12:37:58Z,CAPTURED,40,
1396452,DOMESTIC_LEAGUE,Portugal,94,Primeira Liga,2025,Regular Season - 24,2026-02-28T20:30:00+00:00,Vitória SC,Alverca,1,2026-09-21T12:37:58Z,CAPTURED,40,
1396453,DOMESTIC_LEAGUE,Portugal,94,Primeira Liga,2025,Regular Season - 25,2026-03-07T15:30:00+00:00,Alverca,AVS,1,2026-09-21T12:37:58Z,CAPTURED,40,
1396454,DOMESTIC_LEAGUE,Portugal,94,Primeira Liga,2025,Regular Season - 25,2026-03-08T18:00:00+00:00,Benfica,FC Porto,1,2026-09-21T12:37:58Z,CAPTURED,40,
1396455,DOMESTIC_LEAGUE,Portugal,94,Primeira Liga,2025,Regular Season - 25,2026-03-07T18:00:00+00:00,SC Braga,Sporting CP,1,2026-09-21T12:37:58Z,CAPTURED,40,
1396456,DOMESTIC_LEAGUE,Portugal,94,Primeira Liga,2025,Regular Season - 25,2026-03-07T20:30:00+00:00,Estoril,Casa Pia,1,2026-09-21T12:37:58Z,CAPTURED,40,
1396457,DOMESTIC_LEAGUE,Portugal,94,Primeira Liga,2025,Regular Season - 25,2026-03-08T15:30:00+00:00,Estrela,GIL Vicente,1,2026-09-21T12:37:58Z,CAPTURED,40,
1396458,DOMESTIC_LEAGUE,Portugal,94,Primeira Liga,2025,Regular Season - 25,2026-03-06T20:15:00+00:00,Famalicao,Arouca,1,2026-09-21T12:37:58Z,CAPTURED,40,
1396459,DOMESTIC_LEAGUE,Portugal,94,Primeira Liga,2025,Regular Season - 25,2026-03-07T15:30:00+00:00,Moreirense,Nacional,1,2026-09-21T12:37:58Z,CAPTURED,37,
1396460,DOMESTIC_LEAGUE,Portugal,94,Primeira Liga,2025,Regular Season - 25,2026-03-08T20:30:00+00:00,Santa Clara,Vitória SC,1,2026-09-21T12:37:58Z,CAPTURED,40,
1396461,DOMESTIC_LEAGUE,Portugal,94,Primeira Liga,2025,Regular Season - 25,2026-03-09T20:15:00+00:00,Tondela,Rio Ave,1,2026-09-21T12:37:58Z,CAPTURED,40,
1396462,DOMESTIC_LEAGUE,Portugal,94,Primeira Liga,2025,Regular Season - 26,2026-03-15T15:30:00+00:00,AVS,Santa Clara,1,2026-09-21T12:37:58Z,CAPTURED,40,
1396463,DOMESTIC_LEAGUE,Portugal,94,Primeira Liga,2025,Regular Season - 26,2026-03-14T20:30:00+00:00,Arouca,Benfica,1,2026-09-21T12:37:58Z,CAPTURED,40,
1396465,DOMESTIC_LEAGUE,Portugal,94,Primeira Liga,2025,Regular Season - 26,2026-03-15T20:30:00+00:00,FC Porto,Moreirense,1,2026-09-21T12:37:58Z,CAPTURED,38,
1396466,DOMESTIC_LEAGUE,Portugal,94,Primeira Liga,2025,Regular Season - 26,2026-03-14T18:00:00+00:00,GIL Vicente,Alverca,1,2026-09-21T12:37:58Z,CAPTURED,40,
1396467,DOMESTIC_LEAGUE,Portugal,94,Primeira Liga,2025,Regular Season - 26,2026-03-15T15:30:00+00:00,Nacional,Estoril,1,2026-09-21T12:37:58Z,CAPTURED,40,
1396468,DOMESTIC_LEAGUE,Portugal,94,Primeira Liga,2025,Regular Season - 26,2026-03-15T18:00:00+00:00,Rio Ave,Estrela,1,2026-09-21T12:37:58Z,CAPTURED,40,
1396470,DOMESTIC_LEAGUE,Portugal,94,Primeira Liga,2025,Regular Season - 26,2026-03-14T15:30:00+00:00,Vitória SC,Famalicao,1,2026-09-21T12:37:58Z,CAPTURED,40,
1396472,DOMESTIC_LEAGUE,Portugal,94,Primeira Liga,2025,Regular Season - 27,2026-03-21T18:00:00+00:00,Benfica,Vitória SC,1,2026-09-21T12:37:58Z,CAPTURED,40,
1396475,DOMESTIC_LEAGUE,Portugal,94,Primeira Liga,2025,Regular Season - 27,2026-03-20T20:15:00+00:00,Estrela,Casa Pia,1,2026-09-21T12:37:58Z,CAPTURED,40,
1396476,DOMESTIC_LEAGUE,Portugal,94,Primeira Liga,2025,Regular Season - 27,2026-03-21T15:30:00+00:00,Famalicao,Nacional,1,2026-09-21T12:37:58Z,CAPTURED,39,
1396477,DOMESTIC_LEAGUE,Portugal,94,Primeira Liga,2025,Regular Season - 27,2026-03-21T15:30:00+00:00,Moreirense,Arouca,1,2026-09-21T12:37:58Z,CAPTURED,39,
1396478,DOMESTIC_LEAGUE,Portugal,94,Primeira Liga,2025,Regular Season - 27,2026-03-21T18:00:00+00:00,Santa Clara,GIL Vicente,1,2026-09-21T12:37:58Z,CAPTURED,40,
1396479,DOMESTIC_LEAGUE,Portugal,94,Primeira Liga,2025,Regular Season - 27,2026-03-21T20:30:00+00:00,Tondela,AVS,1,2026-09-21T12:37:58Z,CAPTURED,40,
1378969,DOMESTIC_LEAGUE,England,39,Premier League,2025,Regular Season - 1,2025-08-15T19:00:00+00:00,Liverpool,Bournemouth,1,2026-09-21T16:36:17Z,CAPTURED,40,
1378970,DOMESTIC_LEAGUE,England,39,Premier League,2025,Regular Season - 1,2025-08-16T11:30:00+00:00,Aston Villa,Newcastle,1,2026-09-21T16:36:17Z,CAPTURED,40,
1378971,DOMESTIC_LEAGUE,England,39,Premier League,2025,Regular Season - 1,2025-08-16T14:00:00+00:00,Brighton,Fulham,1,2026-09-21T16:36:17Z,CAPTURED,40,
1378972,DOMESTIC_LEAGUE,England,39,Premier League,2025,Regular Season - 1,2025-08-17T13:00:00+00:00,Nottingham Forest,Brentford,1,2026-09-21T16:36:17Z,CAPTURED,40,
1378973,DOMESTIC_LEAGUE,England,39,Premier League,2025,Regular Season - 1,2025-08-16T14:00:00+00:00,Sunderland,West Ham,1,2026-09-21T16:36:17Z,CAPTURED,40,
1378974,DOMESTIC_LEAGUE,England,39,Premier League,2025,Regular Season - 1,2025-08-16T14:00:00+00:00,Tottenham,Burnley,1,2026-09-21T16:36:17Z,CAPTURED,40,
1378975,DOMESTIC_LEAGUE,England,39,Premier League,2025,Regular Season - 1,2025-08-16T16:30:00+00:00,Wolves,Manchester City,1,2026-09-21T16:36:17Z,CAPTURED,40,
1378976,DOMESTIC_LEAGUE,England,39,Premier League,2025,Regular Season - 1,2025-08-17T13:00:00+00:00,Chelsea,Crystal Palace,1,2026-09-21T16:36:17Z,CAPTURED,40,
1378977,DOMESTIC_LEAGUE,England,39,Premier League,2025,Regular Season - 1,2025-08-17T15:30:00+00:00,Manchester United,Arsenal,1,2026-09-21T16:36:17Z,CAPTURED,40,
1378978,DOMESTIC_LEAGUE,England,39,Premier League,2025,Regular Season - 1,2025-08-18T19:00:00+00:00,Leeds,Everton,1,2026-09-21T16:36:17Z,CAPTURED,40,
1378979,DOMESTIC_LEAGUE,England,39,Premier League,2025,Regular Season - 2,2025-08-23T16:30:00+00:00,Arsenal,Leeds,1,2026-09-21T16:36:17Z,CAPTURED,40,
1378980,DOMESTIC_LEAGUE,England,39,Premier League,2025,Regular Season - 2,2025-08-23T14:00:00+00:00,Bournemouth,Wolves,1,2026-09-21T16:36:17Z,CAPTURED,40,
1378981,DOMESTIC_LEAGUE,England,39,Premier League,2025,Regular Season - 2,2025-08-23T14:00:00+00:00,Brentford,Aston Villa,1,2026-09-21T16:36:17Z,CAPTURED,40,
1378982,DOMESTIC_LEAGUE,England,39,Premier League,2025,Regular Season - 2,2025-08-23T14:00:00+00:00,Burnley,Sunderland,1,2026-09-21T16:36:17Z,CAPTURED,40,
1378986,DOMESTIC_LEAGUE,England,39,Premier League,2025,Regular Season - 2,2025-08-23T11:30:00+00:00,Manchester City,Tottenham,1,2026-09-21T16:36:17Z,CAPTURED,40,
1378988,DOMESTIC_LEAGUE,England,39,Premier League,2025,Regular Season - 2,2025-08-22T19:00:00+00:00,West Ham,Chelsea,1,2026-09-21T16:36:17Z,CAPTURED,40,
1381111,DOMESTIC_LEAGUE,Netherlands,88,Eredivisie,2025,Regular Season - 28,2026-03-22T15:45:00+00:00,Groningen,AZ Alkmaar,1,2026-09-21T16:36:17Z,CAPTURED,46,
1381116,DOMESTIC_LEAGUE,Netherlands,88,Eredivisie,2025,Regular Season - 28,2026-03-22T15:45:00+00:00,Telstar,PSV Eindhoven,1,2026-09-21T16:36:17Z,CAPTURED,41,
1381119,DOMESTIC_LEAGUE,Netherlands,88,Eredivisie,2025,Regular Season - 29,2026-04-04T19:00:00+00:00,Ajax,Twente,1,2026-09-21T16:36:17Z,CAPTURED,46,
1381120,DOMESTIC_LEAGUE,Netherlands,88,Eredivisie,2025,Regular Season - 29,2026-04-04T16:45:00+00:00,AZ Alkmaar,Fortuna Sittard,1,2026-09-21T16:36:17Z,CAPTURED,43,
1381121,DOMESTIC_LEAGUE,Netherlands,88,Eredivisie,2025,Regular Season - 29,2026-04-04T19:00:00+00:00,Excelsior,NEC Nijmegen,1,2026-09-21T16:36:17Z,CAPTURED,42,
1381122,DOMESTIC_LEAGUE,Netherlands,88,Eredivisie,2025,Regular Season - 29,2026-04-05T12:30:00+00:00,FC Volendam,Feyenoord,1,2026-09-21T16:36:17Z,CAPTURED,43,
1381123,DOMESTIC_LEAGUE,Netherlands,88,Eredivisie,2025,Regular Season - 29,2026-04-05T10:15:00+00:00,GO Ahead Eagles,PEC Zwolle,1,2026-09-21T16:36:17Z,CAPTURED,45,
1381124,DOMESTIC_LEAGUE,Netherlands,88,Eredivisie,2025,Regular Season - 29,2026-04-05T12:30:00+00:00,Heerenveen,Heracles,1,2026-09-21T16:36:17Z,CAPTURED,44,
1381125,DOMESTIC_LEAGUE,Netherlands,88,Eredivisie,2025,Regular Season - 29,2026-04-05T14:45:00+00:00,NAC Breda,Sparta Rotterdam,1,2026-09-21T16:36:17Z,CAPTURED,46,
1381126,DOMESTIC_LEAGUE,Netherlands,88,Eredivisie,2025,Regular Season - 29,2026-04-04T14:30:00+00:00,PSV Eindhoven,Utrecht,1,2026-09-21T16:36:17Z,CAPTURED,42,
1381127,DOMESTIC_LEAGUE,Netherlands,88,Eredivisie,2025,Regular Season - 29,2026-04-04T16:45:00+00:00,Telstar,Groningen,1,2026-09-21T16:36:17Z,CAPTURED,43,
1381128,DOMESTIC_LEAGUE,Netherlands,88,Eredivisie,2025,Regular Season - 30,2026-04-12T14:45:00+00:00,AZ Alkmaar,Heerenveen,1,2026-09-21T16:36:17Z,CAPTURED,46,
1381129,DOMESTIC_LEAGUE,Netherlands,88,Eredivisie,2025,Regular Season - 30,2026-04-11T18:00:00+00:00,Groningen,GO Ahead Eagles,1,2026-09-21T16:36:17Z,CAPTURED,43,
1381130,DOMESTIC_LEAGUE,Netherlands,88,Eredivisie,2025,Regular Season - 30,2026-04-11T19:00:00+00:00,Heracles,Ajax,1,2026-09-21T16:36:17Z,CAPTURED,45,
1381131,DOMESTIC_LEAGUE,Netherlands,88,Eredivisie,2025,Regular Season - 30,2026-04-12T12:30:00+00:00,NEC Nijmegen,Feyenoord,1,2026-09-21T16:36:17Z,CAPTURED,46,
1381132,DOMESTIC_LEAGUE,Netherlands,88,Eredivisie,2025,Regular Season - 30,2026-04-12T10:15:00+00:00,Fortuna Sittard,NAC Breda,1,2026-09-21T16:36:17Z,CAPTURED,43,
1381133,DOMESTIC_LEAGUE,Netherlands,88,Eredivisie,2025,Regular Season - 30,2026-04-11T16:45:00+00:00,Sparta Rotterdam,PSV Eindhoven,1,2026-09-21T16:36:17Z,CAPTURED,42,
1381134,DOMESTIC_LEAGUE,Netherlands,88,Eredivisie,2025,Regular Season - 30,2026-04-10T18:00:00+00:00,Twente,FC Volendam,1,2026-09-21T16:36:17Z,CAPTURED,45,
1381135,DOMESTIC_LEAGUE,Netherlands,88,Eredivisie,2025,Regular Season - 30,2026-04-11T14:30:00+00:00,Utrecht,Telstar,1,2026-09-21T16:36:17Z,CAPTURED,43,
1381136,DOMESTIC_LEAGUE,Netherlands,88,Eredivisie,2025,Regular Season - 30,2026-04-12T12:30:00+00:00,PEC Zwolle,Excelsior,1,2026-09-21T16:36:17Z,CAPTURED,39,
1381137,DOMESTIC_LEAGUE,Netherlands,88,Eredivisie,2025,Regular Season - 31,2026-04-26T10:15:00+00:00,Excelsior,Utrecht,1,2026-09-21T16:36:17Z,CAPTURED,40,
1381138,DOMESTIC_LEAGUE,Netherlands,88,Eredivisie,2025,Regular Season - 31,2026-04-25T14:30:00+00:00,Feyenoord,Groningen,1,2026-09-21T16:36:17Z,CAPTURED,45,
1381139,DOMESTIC_LEAGUE,Netherlands,88,Eredivisie,2025,Regular Season - 31,2026-04-23T16:45:00+00:00,GO Ahead Eagles,AZ Alkmaar,1,2026-09-21T16:36:17Z,CAPTURED,46,
1381140,DOMESTIC_LEAGUE,Netherlands,88,Eredivisie,2025,Regular Season - 31,2026-04-25T16:45:00+00:00,Heerenveen,Fortuna Sittard,1,2026-09-21T16:36:17Z,CAPTURED,43,
1381141,DOMESTIC_LEAGUE,Netherlands,88,Eredivisie,2025,Regular Season - 31,2026-04-26T12:30:00+00:00,Heracles,FC Volendam,1,2026-09-21T16:36:17Z,CAPTURED,46,
1381142,DOMESTIC_LEAGUE,Netherlands,88,Eredivisie,2025,Regular Season - 31,2026-04-25T18:00:00+00:00,NAC Breda,Ajax,1,2026-09-21T16:36:17Z,CAPTURED,46,
1381143,DOMESTIC_LEAGUE,Netherlands,88,Eredivisie,2025,Regular Season - 31,2026-04-23T19:00:00+00:00,PSV Eindhoven,PEC Zwolle,1,2026-09-21T16:36:17Z,CAPTURED,40,
1381144,DOMESTIC_LEAGUE,Netherlands,88,Eredivisie,2025,Regular Season - 31,2026-04-22T18:00:00+00:00,Telstar,Sparta Rotterdam,1,2026-09-21T16:36:17Z,CAPTURED,43,
1381145,DOMESTIC_LEAGUE,Netherlands,88,Eredivisie,2025,Regular Season - 31,2026-04-25T19:00:00+00:00,Twente,NEC Nijmegen,1,2026-09-21T16:36:17Z,CAPTURED,46,
1381146,DOMESTIC_LEAGUE,Netherlands,88,Eredivisie,2025,Regular Season - 32,2026-05-02T18:00:00+00:00,Ajax,PSV Eindhoven,1,2026-09-21T16:36:17Z,CAPTURED,43,
1381147,DOMESTIC_LEAGUE,Netherlands,88,Eredivisie,2025,Regular Season - 32,2026-05-03T14:45:00+00:00,AZ Alkmaar,Twente,1,2026-09-21T16:36:17Z,CAPTURED,46,
1381148,DOMESTIC_LEAGUE,Netherlands,88,Eredivisie,2025,Regular Season - 32,2026-05-03T10:15:00+00:00,FC Volendam,Heerenveen,1,2026-09-21T16:36:17Z,CAPTURED,44,
1381149,DOMESTIC_LEAGUE,Netherlands,88,Eredivisie,2025,Regular Season - 32,2026-05-02T16:45:00+00:00,Groningen,Excelsior,1,2026-09-21T16:36:17Z,CAPTURED,41,
1381150,DOMESTIC_LEAGUE,Netherlands,88,Eredivisie,2025,Regular Season - 32,2026-05-02T19:00:00+00:00,NEC Nijmegen,Telstar,1,2026-09-21T16:36:17Z,CAPTURED,42,
1381151,DOMESTIC_LEAGUE,Netherlands,88,Eredivisie,2025,Regular Season - 32,2026-05-03T12:30:00+00:00,Fortuna Sittard,Feyenoord,1,2026-09-21T16:36:17Z,CAPTURED,42,
1381152,DOMESTIC_LEAGUE,Netherlands,88,Eredivisie,2025,Regular Season - 32,2026-05-03T14:45:00+00:00,Sparta Rotterdam,GO Ahead Eagles,1,2026-09-21T16:36:17Z,CAPTURED,46,
1381153,DOMESTIC_LEAGUE,Netherlands,88,Eredivisie,2025,Regular Season - 32,2026-05-02T14:30:00+00:00,Utrecht,NAC Breda,1,2026-09-21T16:36:17Z,CAPTURED,44,
1381154,DOMESTIC_LEAGUE,Netherlands,88,Eredivisie,2025,Regular Season - 32,2026-05-03T12:30:00+00:00,PEC Zwolle,Heracles,1,2026-09-21T16:36:17Z,CAPTURED,44,
1381155,DOMESTIC_LEAGUE,Netherlands,88,Eredivisie,2025,Regular Season - 33,2026-05-10T14:45:00+00:00,Ajax,Utrecht,1,2026-09-21T16:36:17Z,CAPTURED,44,
1381156,DOMESTIC_LEAGUE,Netherlands,88,Eredivisie,2025,Regular Season - 33,2026-05-10T14:45:00+00:00,Excelsior,FC Volendam,1,2026-09-21T16:36:17Z,CAPTURED,43,
1381157,DOMESTIC_LEAGUE,Netherlands,88,Eredivisie,2025,Regular Season - 33,2026-05-10T14:45:00+00:00,Feyenoord,AZ Alkmaar,1,2026-09-21T16:36:17Z,CAPTURED,46,
1381158,DOMESTIC_LEAGUE,Netherlands,88,Eredivisie,2025,Regular Season - 33,2026-05-10T14:45:00+00:00,GO Ahead Eagles,PSV Eindhoven,1,2026-09-21T16:36:17Z,CAPTURED,44,
1381159,DOMESTIC_LEAGUE,Netherlands,88,Eredivisie,2025,Regular Season - 33,2026-05-10T14:45:00+00:00,Groningen,NEC Nijmegen,1,2026-09-21T16:36:17Z,CAPTURED,46,
1381160,DOMESTIC_LEAGUE,Netherlands,88,Eredivisie,2025,Regular Season - 33,2026-05-11T12:30:00+00:00,NAC Breda,Heerenveen,1,2026-09-21T16:36:17Z,CAPTURED,42,
1381161,DOMESTIC_LEAGUE,Netherlands,88,Eredivisie,2025,Regular Season - 33,2026-05-10T14:45:00+00:00,Fortuna Sittard,PEC Zwolle,1,2026-09-21T16:36:17Z,CAPTURED,39,
1381162,DOMESTIC_LEAGUE,Netherlands,88,Eredivisie,2025,Regular Season - 33,2026-05-10T14:45:00+00:00,Telstar,Heracles,1,2026-09-21T16:36:17Z,CAPTURED,44,
1381163,DOMESTIC_LEAGUE,Netherlands,88,Eredivisie,2025,Regular Season - 33,2026-05-10T14:45:00+00:00,Twente,Sparta Rotterdam,1,2026-09-21T16:36:17Z,CAPTURED,46,
1381164,DOMESTIC_LEAGUE,Netherlands,88,Eredivisie,2025,Regular Season - 34,2026-05-17T12:30:00+00:00,AZ Alkmaar,NAC Breda,1,2026-09-21T16:36:17Z,CAPTURED,44,
1381165,DOMESTIC_LEAGUE,Netherlands,88,Eredivisie,2025,Regular Season - 34,2026-05-17T12:30:00+00:00,FC Volendam,Telstar,1,2026-09-21T16:36:17Z,CAPTURED,44,
1381166,DOMESTIC_LEAGUE,Netherlands,88,Eredivisie,2025,Regular Season - 34,2026-05-17T12:30:00+00:00,Heerenveen,Ajax,1,2026-09-21T16:36:17Z,CAPTURED,46,
1381167,DOMESTIC_LEAGUE,Netherlands,88,Eredivisie,2025,Regular Season - 34,2026-05-17T12:30:00+00:00,Heracles,Groningen,1,2026-09-21T16:36:17Z,CAPTURED,46,
1381168,DOMESTIC_LEAGUE,Netherlands,88,Eredivisie,2025,Regular Season - 34,2026-05-17T12:30:00+00:00,NEC Nijmegen,GO Ahead Eagles,1,2026-09-21T16:36:17Z,CAPTURED,45,
1381169,DOMESTIC_LEAGUE,Netherlands,88,Eredivisie,2025,Regular Season - 34,2026-05-17T12:30:00+00:00,PSV Eindhoven,Twente,1,2026-09-21T16:36:17Z,CAPTURED,45,
1381170,DOMESTIC_LEAGUE,Netherlands,88,Eredivisie,2025,Regular Season - 34,2026-05-17T12:30:00+00:00,Sparta Rotterdam,Excelsior,1,2026-09-21T16:36:17Z,CAPTURED,42,
1381171,DOMESTIC_LEAGUE,Netherlands,88,Eredivisie,2025,Regular Season - 34,2026-05-17T12:30:00+00:00,Utrecht,Fortuna Sittard,1,2026-09-21T16:36:17Z,CAPTURED,44,
1381172,DOMESTIC_LEAGUE,Netherlands,88,Eredivisie,2025,Regular Season - 34,2026-05-17T12:30:00+00:00,PEC Zwolle,Feyenoord,1,2026-09-21T16:36:17Z,CAPTURED,43,
1387698,DOMESTIC_LEAGUE,France,61,Ligue 1,2025,Regular Season - 1,2025-08-17T15:15:00+00:00,Angers,Paris FC,1,2026-09-21T16:36:17Z,CAPTURED,40,
1387699,DOMESTIC_LEAGUE,France,61,Ligue 1,2025,Regular Season - 1,2025-08-17T15:15:00+00:00,Auxerre,Lorient,1,2026-09-21T16:36:17Z,CAPTURED,40,
1387700,DOMESTIC_LEAGUE,France,61,Ligue 1,2025,Regular Season - 1,2025-08-17T13:00:00+00:00,Stade Brestois 29,Lille,1,2026-09-21T16:36:17Z,CAPTURED,40,
1387701,DOMESTIC_LEAGUE,France,61,Ligue 1,2025,Regular Season - 1,2025-08-16T15:00:00+00:00,Lens,Lyon,1,2026-09-21T16:36:17Z,CAPTURED,40,
1387702,DOMESTIC_LEAGUE,France,61,Ligue 1,2025,Regular Season - 1,2025-08-17T15:15:00+00:00,Metz,Strasbourg,1,2026-09-21T16:36:17Z,CAPTURED,40,
1387703,DOMESTIC_LEAGUE,France,61,Ligue 1,2025,Regular Season - 1,2025-08-16T17:00:00+00:00,Monaco,Le Havre,1,2026-09-21T16:36:17Z,CAPTURED,40,
1387704,DOMESTIC_LEAGUE,France,61,Ligue 1,2025,Regular Season - 1,2025-08-17T18:45:00+00:00,Nantes,Paris Saint Germain,1,2026-09-21T16:36:17Z,CAPTURED,40,
1387705,DOMESTIC_LEAGUE,France,61,Ligue 1,2025,Regular Season - 1,2025-08-16T19:05:00+00:00,Nice,Toulouse,1,2026-09-21T16:36:17Z,CAPTURED,40,
1387706,DOMESTIC_LEAGUE,France,61,Ligue 1,2025,Regular Season - 1,2025-08-15T18:45:00+00:00,Rennes,Marseille,1,2026-09-21T16:36:17Z,CAPTURED,40,
1387711,DOMESTIC_LEAGUE,France,61,Ligue 1,2025,Regular Season - 2,2025-08-23T15:00:00+00:00,Marseille,Paris FC,1,2026-09-21T16:36:17Z,CAPTURED,40,
1387713,DOMESTIC_LEAGUE,France,61,Ligue 1,2025,Regular Season - 2,2025-08-22T18:45:00+00:00,Paris Saint Germain,Angers,1,2026-09-21T16:36:17Z,CAPTURED,40,
1388308,DOMESTIC_LEAGUE,Germany,78,Bundesliga,2025,Regular Season - 1,2025-08-22T18:30:00+00:00,Bayern München,RB Leipzig,1,2026-09-21T16:36:17Z,CAPTURED,40,
1388309,DOMESTIC_LEAGUE,Germany,78,Bundesliga,2025,Regular Season - 1,2025-08-23T13:30:00+00:00,Bayer Leverkusen,1899 Hoffenheim,1,2026-09-21T16:36:17Z,CAPTURED,40,
1388311,DOMESTIC_LEAGUE,Germany,78,Bundesliga,2025,Regular Season - 1,2025-08-23T13:30:00+00:00,Eintracht Frankfurt,Werder Bremen,1,2026-09-21T16:36:17Z,CAPTURED,40,
1388312,DOMESTIC_LEAGUE,Germany,78,Bundesliga,2025,Regular Season - 1,2025-08-23T13:30:00+00:00,SC Freiburg,FC Augsburg,1,2026-09-21T16:36:17Z,CAPTURED,40,
1388313,DOMESTIC_LEAGUE,Germany,78,Bundesliga,2025,Regular Season - 1,2025-08-23T13:30:00+00:00,1. FC Heidenheim,VfL Wolfsburg,1,2026-09-21T16:36:17Z,CAPTURED,40,
1388315,DOMESTIC_LEAGUE,Germany,78,Bundesliga,2025,Regular Season - 1,2025-08-23T16:30:00+00:00,FC St. Pauli,Borussia Dortmund,1,2026-09-21T16:36:17Z,CAPTURED,40,
1388316,DOMESTIC_LEAGUE,Germany,78,Bundesliga,2025,Regular Season - 1,2025-08-23T13:30:00+00:00,Union Berlin,VfB Stuttgart,1,2026-09-21T16:36:17Z,CAPTURED,40,
1390819,DOMESTIC_LEAGUE,Spain,140,La Liga,2025,Regular Season - 1,2025-08-16T19:30:00+00:00,Alaves,Levante,1,2026-09-21T16:36:17Z,CAPTURED,45,
1390820,DOMESTIC_LEAGUE,Spain,140,La Liga,2025,Regular Season - 1,2025-08-17T17:30:00+00:00,Athletic Club,Sevilla,1,2026-09-21T16:36:17Z,CAPTURED,45,
1390821,DOMESTIC_LEAGUE,Spain,140,La Liga,2025,Regular Season - 1,2025-08-17T15:00:00+00:00,Celta Vigo,Getafe,1,2026-09-21T16:36:17Z,CAPTURED,41,
1390822,DOMESTIC_LEAGUE,Spain,140,La Liga,2025,Regular Season - 1,2025-08-18T19:00:00+00:00,Elche,Real Betis,1,2026-09-21T16:36:17Z,CAPTURED,45,
1390823,DOMESTIC_LEAGUE,Spain,140,La Liga,2025,Regular Season - 1,2025-08-17T19:30:00+00:00,Espanyol,Atletico Madrid,1,2026-09-21T16:36:17Z,CAPTURED,46,
1390824,DOMESTIC_LEAGUE,Spain,140,La Liga,2025,Regular Season - 1,2025-08-15T17:00:00+00:00,Girona,Rayo Vallecano,1,2026-09-21T16:36:17Z,CAPTURED,44,
1390825,DOMESTIC_LEAGUE,Spain,140,La Liga,2025,Regular Season - 1,2025-08-16T17:30:00+00:00,Mallorca,Barcelona,1,2026-09-21T16:36:17Z,CAPTURED,46,
1390826,DOMESTIC_LEAGUE,Spain,140,La Liga,2025,Regular Season - 1,2025-08-19T19:00:00+00:00,Real Madrid,Osasuna,1,2026-09-21T16:36:17Z,CAPTURED,44,
1390827,DOMESTIC_LEAGUE,Spain,140,La Liga,2025,Regular Season - 1,2025-08-16T19:30:00+00:00,Valencia,Real Sociedad,1,2026-09-21T16:36:17Z,CAPTURED,46,
1390828,DOMESTIC_LEAGUE,Spain,140,La Liga,2025,Regular Season - 1,2025-08-15T19:30:00+00:00,Villarreal,Oviedo,1,2026-09-21T16:36:17Z,CAPTURED,46,
1390831,DOMESTIC_LEAGUE,Spain,140,La Liga,2025,Regular Season - 2,2025-08-22T19:30:00+00:00,Real Betis,Alaves,1,2026-09-21T16:36:17Z,CAPTURED,43,
1390833,DOMESTIC_LEAGUE,Spain,140,La Liga,2025,Regular Season - 2,2025-08-23T15:00:00+00:00,Mallorca,Celta Vigo,1,2026-09-21T16:36:17Z,CAPTURED,46,
1394672,DOMESTIC_LEAGUE,Turkey,203,Süper Lig,2025,Regular Season - 27,2026-04-08T17:00:00+00:00,Göztepe,Galatasaray,1,2026-09-21T16:36:17Z,CAPTURED,41,
1394675,DOMESTIC_LEAGUE,Turkey,203,Süper Lig,2025,Regular Season - 27,2026-04-09T17:00:00+00:00,Rizespor,Samsunspor,1,2026-09-21T16:36:17Z,CAPTURED,42,
1394676,DOMESTIC_LEAGUE,Turkey,203,Süper Lig,2025,Regular Season - 28,2026-04-05T14:00:00+00:00,Antalyaspor,Eyüpspor,1,2026-09-21T16:36:17Z,CAPTURED,42,
1394677,DOMESTIC_LEAGUE,Turkey,203,Süper Lig,2025,Regular Season - 28,2026-04-05T17:00:00+00:00,Fenerbahçe,Beşiktaş,1,2026-09-21T16:36:17Z,CAPTURED,42,
1394678,DOMESTIC_LEAGUE,Turkey,203,Süper Lig,2025,Regular Season - 28,2026-04-04T14:00:00+00:00,Gaziantep FK,Alanyaspor,1,2026-09-21T16:36:17Z,CAPTURED,42,
1394679,DOMESTIC_LEAGUE,Turkey,203,Süper Lig,2025,Regular Season - 28,2026-04-04T11:30:00+00:00,Gençlerbirliği S.K.,Göztepe,1,2026-09-21T16:36:17Z,CAPTURED,42,
1394680,DOMESTIC_LEAGUE,Turkey,203,Süper Lig,2025,Regular Season - 28,2026-04-05T11:30:00+00:00,Fatih Karagümrük,Rizespor,1,2026-09-21T16:36:17Z,CAPTURED,40,
1394681,DOMESTIC_LEAGUE,Turkey,203,Süper Lig,2025,Regular Season - 28,2026-04-04T11:30:00+00:00,Kasımpaşa,Kayserispor,1,2026-09-21T16:36:17Z,CAPTURED,42,
1394682,DOMESTIC_LEAGUE,Turkey,203,Süper Lig,2025,Regular Season - 28,2026-04-06T17:00:00+00:00,Kocaelispor,Başakşehir,1,2026-09-21T16:36:17Z,CAPTURED,42,
1394683,DOMESTIC_LEAGUE,Turkey,203,Süper Lig,2025,Regular Season - 28,2026-04-05T11:30:00+00:00,Samsunspor,Konyaspor,1,2026-09-21T16:36:17Z,CAPTURED,41,
1394684,DOMESTIC_LEAGUE,Turkey,203,Süper Lig,2025,Regular Season - 28,2026-04-04T17:00:00+00:00,Trabzonspor,Galatasaray,1,2026-09-21T16:36:17Z,CAPTURED,41,
1394685,DOMESTIC_LEAGUE,Turkey,203,Süper Lig,2025,Regular Season - 29,2026-04-11T14:00:00+00:00,Alanyaspor,Trabzonspor,1,2026-09-21T16:36:17Z,CAPTURED,42,
1394686,DOMESTIC_LEAGUE,Turkey,203,Süper Lig,2025,Regular Season - 29,2026-04-11T11:30:00+00:00,Başakşehir,Gençlerbirliği S.K.,1,2026-09-21T16:36:17Z,CAPTURED,42,
1394687,DOMESTIC_LEAGUE,Turkey,203,Süper Lig,2025,Regular Season - 29,2026-04-10T17:00:00+00:00,Beşiktaş,Antalyaspor,1,2026-09-21T16:36:17Z,CAPTURED,42,
1394688,DOMESTIC_LEAGUE,Turkey,203,Süper Lig,2025,Regular Season - 29,2026-04-13T17:00:00+00:00,Eyüpspor,Samsunspor,1,2026-09-21T16:36:17Z,CAPTURED,42,
1394689,DOMESTIC_LEAGUE,Turkey,203,Süper Lig,2025,Regular Season - 29,2026-04-12T17:00:00+00:00,Galatasaray,Kocaelispor,1,2026-09-21T16:36:17Z,CAPTURED,42,
1394690,DOMESTIC_LEAGUE,Turkey,203,Süper Lig,2025,Regular Season - 29,2026-04-12T14:00:00+00:00,Göztepe,Kasımpaşa,1,2026-09-21T16:36:17Z,CAPTURED,42,
1394691,DOMESTIC_LEAGUE,Turkey,203,Süper Lig,2025,Regular Season - 29,2026-04-11T17:00:00+00:00,Kayserispor,Fenerbahçe,1,2026-09-21T16:36:17Z,CAPTURED,41,
1394692,DOMESTIC_LEAGUE,Turkey,203,Süper Lig,2025,Regular Season - 29,2026-04-12T11:30:00+00:00,Konyaspor,Fatih Karagümrük,1,2026-09-21T16:36:17Z,CAPTURED,42,
1394693,DOMESTIC_LEAGUE,Turkey,203,Süper Lig,2025,Regular Season - 29,2026-04-13T17:00:00+00:00,Rizespor,Gaziantep FK,1,2026-09-21T16:36:17Z,CAPTURED,41,
1394694,DOMESTIC_LEAGUE,Turkey,203,Süper Lig,2025,Regular Season - 30,2026-04-17T17:00:00+00:00,Antalyaspor,Konyaspor,1,2026-09-21T16:36:17Z,CAPTURED,42,
1394695,DOMESTIC_LEAGUE,Turkey,203,Süper Lig,2025,Regular Season - 30,2026-04-17T17:00:00+00:00,Fenerbahçe,Rizespor,1,2026-09-21T16:36:17Z,CAPTURED,42,
1394696,DOMESTIC_LEAGUE,Turkey,203,Süper Lig,2025,Regular Season - 30,2026-04-20T17:00:00+00:00,Gaziantep FK,Kayserispor,1,2026-09-21T16:36:17Z,CAPTURED,41,
1394697,DOMESTIC_LEAGUE,Turkey,203,Süper Lig,2025,Regular Season - 30,2026-04-18T17:00:00+00:00,Gençlerbirliği S.K.,Galatasaray,1,2026-09-21T16:36:17Z,CAPTURED,42,
1394698,DOMESTIC_LEAGUE,Turkey,203,Süper Lig,2025,Regular Season - 30,2026-04-18T11:30:00+00:00,Fatih Karagümrük,Eyüpspor,1,2026-09-21T16:36:17Z,CAPTURED,42,
1394699,DOMESTIC_LEAGUE,Turkey,203,Süper Lig,2025,Regular Season - 30,2026-04-19T11:30:00+00:00,Kasımpaşa,Alanyaspor,1,2026-09-21T16:36:17Z,CAPTURED,42,
1394700,DOMESTIC_LEAGUE,Turkey,203,Süper Lig,2025,Regular Season - 30,2026-04-18T14:00:00+00:00,Kocaelispor,Göztepe,1,2026-09-21T16:36:17Z,CAPTURED,42,
1394701,DOMESTIC_LEAGUE,Turkey,203,Süper Lig,2025,Regular Season - 30,2026-04-19T14:00:00+00:00,Samsunspor,Beşiktaş,1,2026-09-21T16:36:17Z,CAPTURED,42,
1394702,DOMESTIC_LEAGUE,Turkey,203,Süper Lig,2025,Regular Season - 30,2026-04-19T17:00:00+00:00,Trabzonspor,Başakşehir,1,2026-09-21T16:36:17Z,CAPTURED,41,
1394703,DOMESTIC_LEAGUE,Turkey,203,Süper Lig,2025,Regular Season - 31,2026-04-27T14:00:00+00:00,Alanyaspor,Samsunspor,1,2026-09-21T16:36:17Z,CAPTURED,41,
1394704,DOMESTIC_LEAGUE,Turkey,203,Süper Lig,2025,Regular Season - 31,2026-04-24T17:00:00+00:00,Başakşehir,Kasımpaşa,1,2026-09-21T16:36:17Z,CAPTURED,42,
1394705,DOMESTIC_LEAGUE,Turkey,203,Süper Lig,2025,Regular Season - 31,2026-04-27T17:00:00+00:00,Beşiktaş,Fatih Karagümrük,1,2026-09-21T16:36:17Z,CAPTURED,42,
1394706,DOMESTIC_LEAGUE,Turkey,203,Süper Lig,2025,Regular Season - 31,2026-04-25T11:30:00+00:00,Eyüpspor,Gaziantep FK,1,2026-09-21T16:36:17Z,CAPTURED,40,
1394707,DOMESTIC_LEAGUE,Turkey,203,Süper Lig,2025,Regular Season - 31,2026-04-26T17:00:00+00:00,Galatasaray,Fenerbahçe,1,2026-09-21T16:36:17Z,CAPTURED,42,
1394708,DOMESTIC_LEAGUE,Turkey,203,Süper Lig,2025,Regular Season - 31,2026-04-26T11:30:00+00:00,Gençlerbirliği S.K.,Kocaelispor,1,2026-09-21T16:36:17Z,CAPTURED,42,
1394709,DOMESTIC_LEAGUE,Turkey,203,Süper Lig,2025,Regular Season - 31,2026-04-25T17:00:00+00:00,Göztepe,Antalyaspor,1,2026-09-21T16:36:17Z,CAPTURED,39,
1394710,DOMESTIC_LEAGUE,Turkey,203,Süper Lig,2025,Regular Season - 31,2026-04-25T14:00:00+00:00,Kayserispor,Rizespor,1,2026-09-21T16:36:17Z,CAPTURED,42,
1394711,DOMESTIC_LEAGUE,Turkey,203,Süper Lig,2025,Regular Season - 31,2026-04-27T17:00:00+00:00,Konyaspor,Trabzonspor,1,2026-09-21T16:36:17Z,CAPTURED,40,
1394712,DOMESTIC_LEAGUE,Turkey,203,Süper Lig,2025,Regular Season - 32,2026-05-03T17:00:00+00:00,Antalyaspor,Alanyaspor,1,2026-09-21T16:36:17Z,CAPTURED,42,
1394713,DOMESTIC_LEAGUE,Turkey,203,Süper Lig,2025,Regular Season - 32,2026-05-02T17:00:00+00:00,Fenerbahçe,Başakşehir,1,2026-09-21T16:36:17Z,CAPTURED,42,
1394714,DOMESTIC_LEAGUE,Turkey,203,Süper Lig,2025,Regular Season - 32,2026-05-01T17:00:00+00:00,Gaziantep FK,Beşiktaş,1,2026-09-21T16:36:17Z,CAPTURED,42,
1394715,DOMESTIC_LEAGUE,Turkey,203,Süper Lig,2025,Regular Season - 32,2026-05-03T17:00:00+00:00,Fatih Karagümrük,Gençlerbirliği S.K.,1,2026-09-21T16:36:17Z,CAPTURED,42,
1394716,DOMESTIC_LEAGUE,Turkey,203,Süper Lig,2025,Regular Season - 32,2026-05-03T17:00:00+00:00,Kasımpaşa,Kocaelispor,1,2026-09-21T16:36:17Z,CAPTURED,42,
1394717,DOMESTIC_LEAGUE,Turkey,203,Süper Lig,2025,Regular Season - 32,2026-05-03T17:00:00+00:00,Kayserispor,Eyüpspor,1,2026-09-21T16:36:17Z,CAPTURED,42,
1394718,DOMESTIC_LEAGUE,Turkey,203,Süper Lig,2025,Regular Season - 32,2026-05-01T14:00:00+00:00,Rizespor,Konyaspor,1,2026-09-21T16:36:17Z,CAPTURED,42,
1394719,DOMESTIC_LEAGUE,Turkey,203,Süper Lig,2025,Regular Season - 32,2026-05-02T17:00:00+00:00,Samsunspor,Galatasaray,1,2026-09-21T16:36:17Z,CAPTURED,41,
1394720,DOMESTIC_LEAGUE,Turkey,203,Süper Lig,2025,Regular Season - 32,2026-05-02T17:00:00+00:00,Trabzonspor,Göztepe,1,2026-09-21T16:36:17Z,CAPTURED,39,
1394721,DOMESTIC_LEAGUE,Turkey,203,Süper Lig,2025,Regular Season - 33,2026-05-09T17:00:00+00:00,Alanyaspor,Kayserispor,1,2026-09-21T16:36:17Z,CAPTURED,40,
1394722,DOMESTIC_LEAGUE,Turkey,203,Süper Lig,2025,Regular Season - 33,2026-05-09T17:00:00+00:00,Başakşehir,Samsunspor,1,2026-09-21T16:36:17Z,CAPTURED,39,
1394723,DOMESTIC_LEAGUE,Turkey,203,Süper Lig,2025,Regular Season - 33,2026-05-09T17:00:00+00:00,Beşiktaş,Trabzonspor,1,2026-09-21T16:36:17Z,CAPTURED,42,
1394724,DOMESTIC_LEAGUE,Turkey,203,Süper Lig,2025,Regular Season - 33,2026-05-09T17:00:00+00:00,Eyüpspor,Rizespor,1,2026-09-21T16:36:17Z,CAPTURED,42,
1394725,DOMESTIC_LEAGUE,Turkey,203,Süper Lig,2025,Regular Season - 33,2026-05-09T17:00:00+00:00,Galatasaray,Antalyaspor,1,2026-09-21T16:36:17Z,CAPTURED,42,
1394726,DOMESTIC_LEAGUE,Turkey,203,Süper Lig,2025,Regular Season - 33,2026-05-09T17:00:00+00:00,Gençlerbirliği S.K.,Kasımpaşa,1,2026-09-21T16:36:17Z,CAPTURED,42,
1394727,DOMESTIC_LEAGUE,Turkey,203,Süper Lig,2025,Regular Season - 33,2026-05-09T17:00:00+00:00,Göztepe,Gaziantep FK,1,2026-09-21T16:36:17Z,CAPTURED,37,
1394728,DOMESTIC_LEAGUE,Turkey,203,Süper Lig,2025,Regular Season - 33,2026-05-09T17:00:00+00:00,Kocaelispor,Fatih Karagümrük,1,2026-09-21T16:36:17Z,CAPTURED,42,
1394729,DOMESTIC_LEAGUE,Turkey,203,Süper Lig,2025,Regular Season - 33,2026-05-09T17:00:00+00:00,Konyaspor,Fenerbahçe,1,2026-09-21T16:36:17Z,CAPTURED,42,
1394730,DOMESTIC_LEAGUE,Turkey,203,Süper Lig,2025,Regular Season - 34,2026-05-17T17:00:00+00:00,Antalyaspor,Kocaelispor,1,2026-09-21T16:36:17Z,CAPTURED,42,
1394731,DOMESTIC_LEAGUE,Turkey,203,Süper Lig,2025,Regular Season - 34,2026-05-17T17:00:00+00:00,Fenerbahçe,Eyüpspor,1,2026-09-21T16:36:17Z,CAPTURED,42,
1394732,DOMESTIC_LEAGUE,Turkey,203,Süper Lig,2025,Regular Season - 34,2026-05-16T17:00:00+00:00,Gaziantep FK,Başakşehir,1,2026-09-21T16:36:17Z,CAPTURED,41,
1394733,DOMESTIC_LEAGUE,Turkey,203,Süper Lig,2025,Regular Season - 34,2026-05-16T14:00:00+00:00,Fatih Karagümrük,Alanyaspor,1,2026-09-21T16:36:17Z,CAPTURED,42,
1394734,DOMESTIC_LEAGUE,Turkey,203,Süper Lig,2025,Regular Season - 34,2026-05-17T17:00:00+00:00,Kasımpaşa,Galatasaray,1,2026-09-21T16:36:17Z,CAPTURED,42,
1394735,DOMESTIC_LEAGUE,Turkey,203,Süper Lig,2025,Regular Season - 34,2026-05-17T14:00:00+00:00,Kayserispor,Konyaspor,1,2026-09-21T16:36:17Z,CAPTURED,39,
1394736,DOMESTIC_LEAGUE,Turkey,203,Süper Lig,2025,Regular Season - 34,2026-05-15T17:00:00+00:00,Rizespor,Beşiktaş,1,2026-09-21T16:36:17Z,CAPTURED,42,
1394737,DOMESTIC_LEAGUE,Turkey,203,Süper Lig,2025,Regular Season - 34,2026-05-16T17:00:00+00:00,Samsunspor,Göztepe,1,2026-09-21T16:36:17Z,CAPTURED,41,
1394738,DOMESTIC_LEAGUE,Turkey,203,Süper Lig,2025,Regular Season - 34,2026-05-17T17:00:00+00:00,Trabzonspor,Gençlerbirliği S.K.,1,2026-09-21T16:36:17Z,CAPTURED,41,
1396464,DOMESTIC_LEAGUE,Portugal,94,Primeira Liga,2025,Regular Season - 26,2026-04-23T18:00:00+00:00,Casa Pia,SC Braga,1,2026-09-21T16:36:17Z,CAPTURED,40,
1396469,DOMESTIC_LEAGUE,Portugal,94,Primeira Liga,2025,Regular Season - 26,2026-04-29T19:15:00+00:00,Sporting CP,Tondela,1,2026-09-21T16:36:17Z,CAPTURED,40,
1396471,DOMESTIC_LEAGUE,Portugal,94,Primeira Liga,2025,Regular Season - 27,2026-03-22T18:00:00+00:00,Alverca,Sporting CP,1,2026-09-21T16:36:17Z,CAPTURED,40,
1396473,DOMESTIC_LEAGUE,Portugal,94,Primeira Liga,2025,Regular Season - 27,2026-03-22T20:30:00+00:00,SC Braga,FC Porto,1,2026-09-21T16:36:17Z,CAPTURED,40,
1396474,DOMESTIC_LEAGUE,Portugal,94,Primeira Liga,2025,Regular Season - 27,2026-03-22T15:30:00+00:00,Estoril,Rio Ave,1,2026-09-21T16:36:17Z,CAPTURED,40,
1396480,DOMESTIC_LEAGUE,Portugal,94,Primeira Liga,2025,Regular Season - 28,2026-04-06T17:45:00+00:00,Arouca,Estoril,1,2026-09-21T16:36:17Z,CAPTURED,39,
1396481,DOMESTIC_LEAGUE,Portugal,94,Primeira Liga,2025,Regular Season - 28,2026-04-06T19:45:00+00:00,Casa Pia,Benfica,1,2026-09-21T16:36:17Z,CAPTURED,40,
1396482,DOMESTIC_LEAGUE,Portugal,94,Primeira Liga,2025,Regular Season - 28,2026-04-04T19:30:00+00:00,FC Porto,Famalicao,1,2026-09-21T16:36:17Z,CAPTURED,40,
1396483,DOMESTIC_LEAGUE,Portugal,94,Primeira Liga,2025,Regular Season - 28,2026-04-03T14:30:00+00:00,GIL Vicente,AVS,1,2026-09-21T16:36:17Z,CAPTURED,40,
1396484,DOMESTIC_LEAGUE,Portugal,94,Primeira Liga,2025,Regular Season - 28,2026-04-04T17:00:00+00:00,Moreirense,SC Braga,1,2026-09-21T16:36:17Z,CAPTURED,39,
1396485,DOMESTIC_LEAGUE,Portugal,94,Primeira Liga,2025,Regular Season - 28,2026-04-04T14:30:00+00:00,Nacional,Estrela,1,2026-09-21T16:36:17Z,CAPTURED,40,
1396486,DOMESTIC_LEAGUE,Portugal,94,Primeira Liga,2025,Regular Season - 28,2026-04-04T17:00:00+00:00,Rio Ave,Alverca,1,2026-09-21T16:36:17Z,CAPTURED,40,
1396487,DOMESTIC_LEAGUE,Portugal,94,Primeira Liga,2025,Regular Season - 28,2026-04-03T19:30:00+00:00,Sporting CP,Santa Clara,1,2026-09-21T16:36:17Z,CAPTURED,40,
1396488,DOMESTIC_LEAGUE,Portugal,94,Primeira Liga,2025,Regular Season - 28,2026-04-03T17:00:00+00:00,Vitória SC,Tondela,1,2026-09-21T16:36:17Z,CAPTURED,40,
1396489,DOMESTIC_LEAGUE,Portugal,94,Primeira Liga,2025,Regular Season - 29,2026-04-11T14:30:00+00:00,AVS,Vitória SC,1,2026-09-21T16:36:17Z,CAPTURED,40,
1396490,DOMESTIC_LEAGUE,Portugal,94,Primeira Liga,2025,Regular Season - 29,2026-04-12T14:30:00+00:00,Alverca,Casa Pia,1,2026-09-21T16:36:17Z,CAPTURED,40,
1396491,DOMESTIC_LEAGUE,Portugal,94,Primeira Liga,2025,Regular Season - 29,2026-04-12T17:00:00+00:00,Benfica,Nacional,1,2026-09-21T16:36:17Z,CAPTURED,40,
1396492,DOMESTIC_LEAGUE,Portugal,94,Primeira Liga,2025,Regular Season - 29,2026-04-12T17:00:00+00:00,SC Braga,Arouca,1,2026-09-21T16:36:17Z,CAPTURED,40,
1396493,DOMESTIC_LEAGUE,Portugal,94,Primeira Liga,2025,Regular Season - 29,2026-04-12T19:30:00+00:00,Estoril,FC Porto,1,2026-09-21T16:36:17Z,CAPTURED,40,
1396494,DOMESTIC_LEAGUE,Portugal,94,Primeira Liga,2025,Regular Season - 29,2026-04-11T19:30:00+00:00,Estrela,Sporting CP,1,2026-09-21T16:36:17Z,CAPTURED,40,
1396495,DOMESTIC_LEAGUE,Portugal,94,Primeira Liga,2025,Regular Season - 29,2026-04-10T19:45:00+00:00,Famalicao,Moreirense,1,2026-09-21T16:36:17Z,CAPTURED,40,
1396496,DOMESTIC_LEAGUE,Portugal,94,Primeira Liga,2025,Regular Season - 29,2026-04-11T17:00:00+00:00,Santa Clara,Rio Ave,1,2026-09-21T16:36:17Z,CAPTURED,40,
1396497,DOMESTIC_LEAGUE,Portugal,94,Primeira Liga,2025,Regular Season - 29,2026-04-13T19:15:00+00:00,Tondela,GIL Vicente,1,2026-09-21T16:36:17Z,CAPTURED,40,
1396498,DOMESTIC_LEAGUE,Portugal,94,Primeira Liga,2025,Regular Season - 30,2026-04-19T14:30:00+00:00,Arouca,Estrela,1,2026-09-21T16:36:17Z,CAPTURED,40,
1396499,DOMESTIC_LEAGUE,Portugal,94,Primeira Liga,2025,Regular Season - 30,2026-04-19T19:30:00+00:00,SC Braga,Famalicao,1,2026-09-21T16:36:17Z,CAPTURED,40,
1396500,DOMESTIC_LEAGUE,Portugal,94,Primeira Liga,2025,Regular Season - 30,2026-04-18T17:00:00+00:00,Casa Pia,Santa Clara,1,2026-09-21T16:36:17Z,CAPTURED,40,
1396501,DOMESTIC_LEAGUE,Portugal,94,Primeira Liga,2025,Regular Season - 30,2026-04-19T19:30:00+00:00,FC Porto,Tondela,1,2026-09-21T16:36:17Z,CAPTURED,40,
1396502,DOMESTIC_LEAGUE,Portugal,94,Primeira Liga,2025,Regular Season - 30,2026-04-18T19:30:00+00:00,GIL Vicente,Vitória SC,1,2026-09-21T16:36:17Z,CAPTURED,40,
1396503,DOMESTIC_LEAGUE,Portugal,94,Primeira Liga,2025,Regular Season - 30,2026-04-20T19:15:00+00:00,Moreirense,Estoril,1,2026-09-21T16:36:17Z,CAPTURED,37,
1396504,DOMESTIC_LEAGUE,Portugal,94,Primeira Liga,2025,Regular Season - 30,2026-04-18T14:30:00+00:00,Nacional,Alverca,1,2026-09-21T16:36:17Z,CAPTURED,40,
1396505,DOMESTIC_LEAGUE,Portugal,94,Primeira Liga,2025,Regular Season - 30,2026-04-17T19:45:00+00:00,Rio Ave,AVS,1,2026-09-21T16:36:17Z,CAPTURED,40,
1396506,DOMESTIC_LEAGUE,Portugal,94,Primeira Liga,2025,Regular Season - 30,2026-04-19T17:15:00+00:00,Sporting CP,Benfica,1,2026-09-21T16:36:17Z,CAPTURED,40,
1396507,DOMESTIC_LEAGUE,Portugal,94,Primeira Liga,2025,Regular Season - 31,2026-04-26T19:30:00+00:00,AVS,Sporting CP,1,2026-09-21T16:36:17Z,CAPTURED,40,
1396508,DOMESTIC_LEAGUE,Portugal,94,Primeira Liga,2025,Regular Season - 31,2026-04-24T19:15:00+00:00,Alverca,Arouca,1,2026-09-21T16:36:17Z,CAPTURED,40,
1396509,DOMESTIC_LEAGUE,Portugal,94,Primeira Liga,2025,Regular Season - 31,2026-04-25T17:00:00+00:00,Benfica,Moreirense,1,2026-09-21T16:36:17Z,CAPTURED,40,
1396510,DOMESTIC_LEAGUE,Portugal,94,Primeira Liga,2025,Regular Season - 31,2026-04-26T14:30:00+00:00,Estoril,Famalicao,1,2026-09-21T16:36:17Z,CAPTURED,40,
1396511,DOMESTIC_LEAGUE,Portugal,94,Primeira Liga,2025,Regular Season - 31,2026-04-26T17:00:00+00:00,Estrela,FC Porto,1,2026-09-21T16:36:17Z,CAPTURED,40,
1396512,DOMESTIC_LEAGUE,Portugal,94,Primeira Liga,2025,Regular Season - 31,2026-04-27T19:15:00+00:00,GIL Vicente,Casa Pia,1,2026-09-21T16:36:17Z,CAPTURED,39,
1396513,DOMESTIC_LEAGUE,Portugal,94,Primeira Liga,2025,Regular Season - 31,2026-04-26T17:00:00+00:00,Santa Clara,SC Braga,1,2026-09-21T16:36:17Z,CAPTURED,39,
1396514,DOMESTIC_LEAGUE,Portugal,94,Primeira Liga,2025,Regular Season - 31,2026-04-25T14:30:00+00:00,Tondela,Nacional,1,2026-09-21T16:36:17Z,CAPTURED,40,
1396515,DOMESTIC_LEAGUE,Portugal,94,Primeira Liga,2025,Regular Season - 31,2026-04-25T19:30:00+00:00,Vitória SC,Rio Ave,1,2026-09-21T16:36:17Z,CAPTURED,40,
1396516,DOMESTIC_LEAGUE,Portugal,94,Primeira Liga,2025,Regular Season - 32,2026-05-02T14:30:00+00:00,Arouca,Santa Clara,1,2026-09-21T16:36:17Z,CAPTURED,40,
1396517,DOMESTIC_LEAGUE,Portugal,94,Primeira Liga,2025,Regular Season - 32,2026-05-03T17:00:00+00:00,SC Braga,Estoril,1,2026-09-21T16:36:17Z,CAPTURED,40,
1396518,DOMESTIC_LEAGUE,Portugal,94,Primeira Liga,2025,Regular Season - 32,2026-05-03T14:30:00+00:00,Casa Pia,Tondela,1,2026-09-21T16:36:17Z,CAPTURED,40,
1396519,DOMESTIC_LEAGUE,Portugal,94,Primeira Liga,2025,Regular Season - 32,2026-05-02T17:00:00+00:00,Famalicao,Benfica,1,2026-09-21T16:36:17Z,CAPTURED,40,
1396520,DOMESTIC_LEAGUE,Portugal,94,Primeira Liga,2025,Regular Season - 32,2026-05-02T19:30:00+00:00,FC Porto,Alverca,1,2026-09-21T16:36:17Z,CAPTURED,40,
1396521,DOMESTIC_LEAGUE,Portugal,94,Primeira Liga,2025,Regular Season - 32,2026-05-02T14:30:00+00:00,Moreirense,Estrela,1,2026-09-21T16:36:17Z,CAPTURED,40,
1396522,DOMESTIC_LEAGUE,Portugal,94,Primeira Liga,2025,Regular Season - 32,2026-05-02T14:30:00+00:00,Nacional,AVS,1,2026-09-21T16:36:17Z,CAPTURED,40,
1396523,DOMESTIC_LEAGUE,Portugal,94,Primeira Liga,2025,Regular Season - 32,2026-05-03T19:30:00+00:00,Rio Ave,GIL Vicente,1,2026-09-21T16:36:17Z,CAPTURED,40,
1396524,DOMESTIC_LEAGUE,Portugal,94,Primeira Liga,2025,Regular Season - 32,2026-05-04T19:15:00+00:00,Sporting CP,Vitória SC,1,2026-09-21T16:36:17Z,CAPTURED,40,
1396525,DOMESTIC_LEAGUE,Portugal,94,Primeira Liga,2025,Regular Season - 33,2026-05-10T17:00:00+00:00,AVS,FC Porto,1,2026-09-21T16:36:17Z,CAPTURED,40,
1396526,DOMESTIC_LEAGUE,Portugal,94,Primeira Liga,2025,Regular Season - 33,2026-05-10T19:30:00+00:00,Alverca,Estoril,1,2026-09-21T16:36:17Z,CAPTURED,40,
1396527,DOMESTIC_LEAGUE,Portugal,94,Primeira Liga,2025,Regular Season - 33,2026-05-11T19:15:00+00:00,Benfica,SC Braga,1,2026-09-21T16:36:17Z,CAPTURED,40,
1396528,DOMESTIC_LEAGUE,Portugal,94,Primeira Liga,2025,Regular Season - 33,2026-05-11T19:15:00+00:00,Estrela,Famalicao,1,2026-09-21T16:36:17Z,CAPTURED,40,
1396529,DOMESTIC_LEAGUE,Portugal,94,Primeira Liga,2025,Regular Season - 33,2026-05-11T19:15:00+00:00,GIL Vicente,Arouca,1,2026-09-21T16:36:17Z,CAPTURED,40,
1396530,DOMESTIC_LEAGUE,Portugal,94,Primeira Liga,2025,Regular Season - 33,2026-05-11T19:15:00+00:00,Rio Ave,Sporting CP,1,2026-09-21T16:36:17Z,CAPTURED,40,
1396531,DOMESTIC_LEAGUE,Portugal,94,Primeira Liga,2025,Regular Season - 33,2026-05-11T19:15:00+00:00,Santa Clara,Nacional,1,2026-09-21T16:36:17Z,CAPTURED,40,
1396532,DOMESTIC_LEAGUE,Portugal,94,Primeira Liga,2025,Regular Season - 33,2026-05-11T19:15:00+00:00,Tondela,Moreirense,1,2026-09-21T16:36:17Z,CAPTURED,40,
1396533,DOMESTIC_LEAGUE,Portugal,94,Primeira Liga,2025,Regular Season - 33,2026-05-11T19:15:00+00:00,Vitória SC,Casa Pia,1,2026-09-21T16:36:17Z,CAPTURED,40,
1396534,DOMESTIC_LEAGUE,Portugal,94,Primeira Liga,2025,Regular Season - 34,2026-05-16T17:00:00+00:00,Arouca,Tondela,1,2026-09-21T16:36:17Z,CAPTURED,40,
1396535,DOMESTIC_LEAGUE,Portugal,94,Primeira Liga,2025,Regular Season - 34,2026-05-16T17:00:00+00:00,SC Braga,Estrela,1,2026-09-21T16:36:17Z,CAPTURED,40,
1396536,DOMESTIC_LEAGUE,Portugal,94,Primeira Liga,2025,Regular Season - 34,2026-05-16T17:00:00+00:00,Casa Pia,Rio Ave,1,2026-09-21T16:36:17Z,CAPTURED,40,
1396537,DOMESTIC_LEAGUE,Portugal,94,Primeira Liga,2025,Regular Season - 34,2026-05-16T19:30:00+00:00,Estoril,Benfica,1,2026-09-21T16:36:17Z,CAPTURED,40,
1396538,DOMESTIC_LEAGUE,Portugal,94,Primeira Liga,2025,Regular Season - 34,2026-05-16T19:30:00+00:00,Famalicao,Alverca,1,2026-09-21T16:36:17Z,CAPTURED,40,
1396539,DOMESTIC_LEAGUE,Portugal,94,Primeira Liga,2025,Regular Season - 34,2026-05-16T14:30:00+00:00,FC Porto,Santa Clara,1,2026-09-21T16:36:17Z,CAPTURED,40,
1396540,DOMESTIC_LEAGUE,Portugal,94,Primeira Liga,2025,Regular Season - 34,2026-05-16T14:30:00+00:00,Moreirense,AVS,1,2026-09-21T16:36:17Z,CAPTURED,40,
1396541,DOMESTIC_LEAGUE,Portugal,94,Primeira Liga,2025,Regular Season - 34,2026-05-16T17:00:00+00:00,Nacional,Vitória SC,1,2026-09-21T16:36:17Z,CAPTURED,40,
1396542,DOMESTIC_LEAGUE,Portugal,94,Primeira Liga,2025,Regular Season - 34,2026-05-16T19:30:00+00:00,Sporting CP,GIL Vicente,1,2026-09-21T16:36:17Z,CAPTURED,40,
1545403,DOMESTIC_LEAGUE,Portugal,94,Primeira Liga,2025,Final,2026-05-20T17:00:00+00:00,Torreense,Casa Pia,1,2026-09-21T16:36:17Z,CAPTURED,40,
1545404,DOMESTIC_LEAGUE,Portugal,94,Primeira Liga,2025,Final,2026-05-28T19:00:00+00:00,Casa Pia,Torreense,1,2026-09-21T16:36:17Z,CAPTURED,40,
1545411,DOMESTIC_LEAGUE,Netherlands,88,Eredivisie,2025,Semi-finals,2026-05-21T16:45:00+00:00,Ajax,Groningen,1,2026-09-21T16:36:17Z,CAPTURED,46,
1545412,DOMESTIC_LEAGUE,Netherlands,88,Eredivisie,2025,Semi-finals,2026-05-21T19:00:00+00:00,Utrecht,Heerenveen,1,2026-09-21T16:36:17Z,CAPTURED,46,
1546052,DOMESTIC_LEAGUE,Netherlands,88,Eredivisie,2025,Final,2026-05-24T10:15:00+00:00,Ajax,Utrecht,1,2026-09-21T16:36:17Z,CAPTURED,45,
1378983,DOMESTIC_LEAGUE,England,39,Premier League,2025,Regular Season - 2,2025-08-24T13:00:00+00:00,Crystal Palace,Nottingham Forest,1,2026-09-21T20:34:26Z,CAPTURED,40,
1378984,DOMESTIC_LEAGUE,England,39,Premier League,2025,Regular Season - 2,2025-08-24T13:00:00+00:00,Everton,Brighton,1,2026-09-21T20:34:26Z,CAPTURED,40,
1378985,DOMESTIC_LEAGUE,England,39,Premier League,2025,Regular Season - 2,2025-08-24T15:30:00+00:00,Fulham,Manchester United,1,2026-09-21T20:34:26Z,CAPTURED,40,
1378987,DOMESTIC_LEAGUE,England,39,Premier League,2025,Regular Season - 2,2025-08-25T19:00:00+00:00,Newcastle,Liverpool,1,2026-09-21T20:34:26Z,CAPTURED,40,
1378989,DOMESTIC_LEAGUE,England,39,Premier League,2025,Regular Season - 3,2025-08-31T18:00:00+00:00,Aston Villa,Crystal Palace,1,2026-09-21T20:34:26Z,CAPTURED,40,
1378990,DOMESTIC_LEAGUE,England,39,Premier League,2025,Regular Season - 3,2025-08-31T13:00:00+00:00,Brighton,Manchester City,1,2026-09-21T20:34:26Z,CAPTURED,40,
1378991,DOMESTIC_LEAGUE,England,39,Premier League,2025,Regular Season - 3,2025-08-30T11:30:00+00:00,Chelsea,Fulham,1,2026-09-21T20:34:26Z,CAPTURED,40,
1378992,DOMESTIC_LEAGUE,England,39,Premier League,2025,Regular Season - 3,2025-08-30T16:30:00+00:00,Leeds,Newcastle,1,2026-09-21T20:34:26Z,CAPTURED,40,
1378993,DOMESTIC_LEAGUE,England,39,Premier League,2025,Regular Season - 3,2025-08-31T15:30:00+00:00,Liverpool,Arsenal,1,2026-09-21T20:34:26Z,CAPTURED,40,
1378994,DOMESTIC_LEAGUE,England,39,Premier League,2025,Regular Season - 3,2025-08-30T14:00:00+00:00,Manchester United,Burnley,1,2026-09-21T20:34:26Z,CAPTURED,40,
1378995,DOMESTIC_LEAGUE,England,39,Premier League,2025,Regular Season - 3,2025-08-31T13:00:00+00:00,Nottingham Forest,West Ham,1,2026-09-21T20:34:26Z,CAPTURED,40,
1378996,DOMESTIC_LEAGUE,England,39,Premier League,2025,Regular Season - 3,2025-08-30T14:00:00+00:00,Sunderland,Brentford,1,2026-09-21T20:34:26Z,CAPTURED,40,
1378997,DOMESTIC_LEAGUE,England,39,Premier League,2025,Regular Season - 3,2025-08-30T14:00:00+00:00,Tottenham,Bournemouth,1,2026-09-21T20:34:26Z,CAPTURED,40,
1378998,DOMESTIC_LEAGUE,England,39,Premier League,2025,Regular Season - 3,2025-08-30T14:00:00+00:00,Wolves,Everton,1,2026-09-21T20:34:26Z,CAPTURED,40,
1378999,DOMESTIC_LEAGUE,England,39,Premier League,2025,Regular Season - 4,2025-09-13T11:30:00+00:00,Arsenal,Nottingham Forest,1,2026-09-21T20:34:26Z,CAPTURED,40,
1379000,DOMESTIC_LEAGUE,England,39,Premier League,2025,Regular Season - 4,2025-09-13T14:00:00+00:00,Bournemouth,Brighton,1,2026-09-21T20:34:26Z,CAPTURED,40,
1379001,DOMESTIC_LEAGUE,England,39,Premier League,2025,Regular Season - 4,2025-09-13T19:00:00+00:00,Brentford,Chelsea,1,2026-09-21T20:34:26Z,CAPTURED,40,
1379002,DOMESTIC_LEAGUE,England,39,Premier League,2025,Regular Season - 4,2025-09-14T13:00:00+00:00,Burnley,Liverpool,1,2026-09-21T20:34:26Z,CAPTURED,40,
1379003,DOMESTIC_LEAGUE,England,39,Premier League,2025,Regular Season - 4,2025-09-13T14:00:00+00:00,Crystal Palace,Sunderland,1,2026-09-21T20:34:26Z,CAPTURED,40,
1379004,DOMESTIC_LEAGUE,England,39,Premier League,2025,Regular Season - 4,2025-09-13T14:00:00+00:00,Everton,Aston Villa,1,2026-09-21T20:34:26Z,CAPTURED,40,
1379005,DOMESTIC_LEAGUE,England,39,Premier League,2025,Regular Season - 4,2025-09-13T14:00:00+00:00,Fulham,Leeds,1,2026-09-21T20:34:26Z,CAPTURED,40,
1379006,DOMESTIC_LEAGUE,England,39,Premier League,2025,Regular Season - 4,2025-09-14T15:30:00+00:00,Manchester City,Manchester United,1,2026-09-21T20:34:26Z,CAPTURED,40,
1379007,DOMESTIC_LEAGUE,England,39,Premier League,2025,Regular Season - 4,2025-09-13T14:00:00+00:00,Newcastle,Wolves,1,2026-09-21T20:34:26Z,CAPTURED,40,
1379008,DOMESTIC_LEAGUE,England,39,Premier League,2025,Regular Season - 4,2025-09-13T16:30:00+00:00,West Ham,Tottenham,1,2026-09-21T20:34:26Z,CAPTURED,40,
1379009,DOMESTIC_LEAGUE,England,39,Premier League,2025,Regular Season - 5,2025-09-21T15:30:00+00:00,Arsenal,Manchester City,1,2026-09-21T20:34:26Z,CAPTURED,40,
1379010,DOMESTIC_LEAGUE,England,39,Premier League,2025,Regular Season - 5,2025-09-21T13:00:00+00:00,Bournemouth,Newcastle,1,2026-09-21T20:34:26Z,CAPTURED,40,
1379011,DOMESTIC_LEAGUE,England,39,Premier League,2025,Regular Season - 5,2025-09-20T14:00:00+00:00,Brighton,Tottenham,1,2026-09-21T20:34:26Z,CAPTURED,40,
1379012,DOMESTIC_LEAGUE,England,39,Premier League,2025,Regular Season - 5,2025-09-20T14:00:00+00:00,Burnley,Nottingham Forest,1,2026-09-21T20:34:26Z,CAPTURED,40,
1379013,DOMESTIC_LEAGUE,England,39,Premier League,2025,Regular Season - 5,2025-09-20T19:00:00+00:00,Fulham,Brentford,1,2026-09-21T20:34:26Z,CAPTURED,40,
1379014,DOMESTIC_LEAGUE,England,39,Premier League,2025,Regular Season - 5,2025-09-20T11:30:00+00:00,Liverpool,Everton,1,2026-09-21T20:34:26Z,CAPTURED,40,
1379015,DOMESTIC_LEAGUE,England,39,Premier League,2025,Regular Season - 5,2025-09-20T16:30:00+00:00,Manchester United,Chelsea,1,2026-09-21T20:34:26Z,CAPTURED,40,
1379016,DOMESTIC_LEAGUE,England,39,Premier League,2025,Regular Season - 5,2025-09-21T13:00:00+00:00,Sunderland,Aston Villa,1,2026-09-21T20:34:26Z,CAPTURED,40,
1379017,DOMESTIC_LEAGUE,England,39,Premier League,2025,Regular Season - 5,2025-09-20T14:00:00+00:00,West Ham,Crystal Palace,1,2026-09-21T20:34:26Z,CAPTURED,40,
1379018,DOMESTIC_LEAGUE,England,39,Premier League,2025,Regular Season - 5,2025-09-20T14:00:00+00:00,Wolves,Leeds,1,2026-09-21T20:34:26Z,CAPTURED,40,
1379019,DOMESTIC_LEAGUE,England,39,Premier League,2025,Regular Season - 6,2025-09-28T13:00:00+00:00,Aston Villa,Fulham,1,2026-09-21T20:34:26Z,CAPTURED,40,
1379020,DOMESTIC_LEAGUE,England,39,Premier League,2025,Regular Season - 6,2025-09-27T11:30:00+00:00,Brentford,Manchester United,1,2026-09-21T20:34:26Z,CAPTURED,40,
1379021,DOMESTIC_LEAGUE,England,39,Premier League,2025,Regular Season - 6,2025-09-27T14:00:00+00:00,Chelsea,Brighton,1,2026-09-21T20:34:26Z,CAPTURED,40,
1379022,DOMESTIC_LEAGUE,England,39,Premier League,2025,Regular Season - 6,2025-09-27T14:00:00+00:00,Crystal Palace,Liverpool,1,2026-09-21T20:34:26Z,CAPTURED,40,
1379023,DOMESTIC_LEAGUE,England,39,Premier League,2025,Regular Season - 6,2025-09-29T19:00:00+00:00,Everton,West Ham,1,2026-09-21T20:34:26Z,CAPTURED,40,
1379024,DOMESTIC_LEAGUE,England,39,Premier League,2025,Regular Season - 6,2025-09-27T14:00:00+00:00,Leeds,Bournemouth,1,2026-09-21T20:34:26Z,CAPTURED,40,
1379025,DOMESTIC_LEAGUE,England,39,Premier League,2025,Regular Season - 6,2025-09-27T14:00:00+00:00,Manchester City,Burnley,1,2026-09-21T20:34:26Z,CAPTURED,40,
1379026,DOMESTIC_LEAGUE,England,39,Premier League,2025,Regular Season - 6,2025-09-28T15:30:00+00:00,Newcastle,Arsenal,1,2026-09-21T20:34:26Z,CAPTURED,40,
1379027,DOMESTIC_LEAGUE,England,39,Premier League,2025,Regular Season - 6,2025-09-27T16:30:00+00:00,Nottingham Forest,Sunderland,1,2026-09-21T20:34:26Z,CAPTURED,40,
1379028,DOMESTIC_LEAGUE,England,39,Premier League,2025,Regular Season - 6,2025-09-27T19:00:00+00:00,Tottenham,Wolves,1,2026-09-21T20:34:26Z,CAPTURED,40,
1379029,DOMESTIC_LEAGUE,England,39,Premier League,2025,Regular Season - 7,2025-10-04T14:00:00+00:00,Arsenal,West Ham,1,2026-09-21T20:34:26Z,CAPTURED,40,
1379030,DOMESTIC_LEAGUE,England,39,Premier League,2025,Regular Season - 7,2025-10-05T13:00:00+00:00,Aston Villa,Burnley,1,2026-09-21T20:34:26Z,CAPTURED,40,
1379031,DOMESTIC_LEAGUE,England,39,Premier League,2025,Regular Season - 7,2025-10-03T19:00:00+00:00,Bournemouth,Fulham,1,2026-09-21T20:34:26Z,CAPTURED,40,
1379032,DOMESTIC_LEAGUE,England,39,Premier League,2025,Regular Season - 7,2025-10-05T15:30:00+00:00,Brentford,Manchester City,1,2026-09-21T20:34:26Z,CAPTURED,40,
1379033,DOMESTIC_LEAGUE,England,39,Premier League,2025,Regular Season - 7,2025-10-04T16:30:00+00:00,Chelsea,Liverpool,1,2026-09-21T20:34:26Z,CAPTURED,40,
1379034,DOMESTIC_LEAGUE,England,39,Premier League,2025,Regular Season - 7,2025-10-05T13:00:00+00:00,Everton,Crystal Palace,1,2026-09-21T20:34:26Z,CAPTURED,40,
1379035,DOMESTIC_LEAGUE,England,39,Premier League,2025,Regular Season - 7,2025-10-04T11:30:00+00:00,Leeds,Tottenham,1,2026-09-21T20:34:26Z,CAPTURED,40,
1379036,DOMESTIC_LEAGUE,England,39,Premier League,2025,Regular Season - 7,2025-10-04T14:00:00+00:00,Manchester United,Sunderland,1,2026-09-21T20:34:26Z,CAPTURED,40,
1379037,DOMESTIC_LEAGUE,England,39,Premier League,2025,Regular Season - 7,2025-10-05T13:00:00+00:00,Newcastle,Nottingham Forest,1,2026-09-21T20:34:26Z,CAPTURED,40,
1379038,DOMESTIC_LEAGUE,England,39,Premier League,2025,Regular Season - 7,2025-10-05T13:00:00+00:00,Wolves,Brighton,1,2026-09-21T20:34:26Z,CAPTURED,40,
1379039,DOMESTIC_LEAGUE,England,39,Premier League,2025,Regular Season - 8,2025-10-18T14:00:00+00:00,Brighton,Newcastle,1,2026-09-21T20:34:26Z,CAPTURED,40,
1379040,DOMESTIC_LEAGUE,England,39,Premier League,2025,Regular Season - 8,2025-10-18T14:00:00+00:00,Burnley,Leeds,1,2026-09-21T20:34:26Z,CAPTURED,40,
1379041,DOMESTIC_LEAGUE,England,39,Premier League,2025,Regular Season - 8,2025-10-18T14:00:00+00:00,Crystal Palace,Bournemouth,1,2026-09-21T20:34:26Z,CAPTURED,40,
1379042,DOMESTIC_LEAGUE,England,39,Premier League,2025,Regular Season - 8,2025-10-18T16:30:00+00:00,Fulham,Arsenal,1,2026-09-21T20:34:26Z,CAPTURED,40,
1379044,DOMESTIC_LEAGUE,England,39,Premier League,2025,Regular Season - 8,2025-10-18T14:00:00+00:00,Manchester City,Everton,1,2026-09-21T20:34:26Z,CAPTURED,40,
1379045,DOMESTIC_LEAGUE,England,39,Premier League,2025,Regular Season - 8,2025-10-18T11:30:00+00:00,Nottingham Forest,Chelsea,1,2026-09-21T20:34:26Z,CAPTURED,40,
1379046,DOMESTIC_LEAGUE,England,39,Premier League,2025,Regular Season - 8,2025-10-18T14:00:00+00:00,Sunderland,Wolves,1,2026-09-21T20:34:26Z,CAPTURED,40,
1387707,DOMESTIC_LEAGUE,France,61,Ligue 1,2025,Regular Season - 2,2025-08-24T15:15:00+00:00,Le Havre,Lens,1,2026-09-21T20:34:26Z,CAPTURED,40,
1387708,DOMESTIC_LEAGUE,France,61,Ligue 1,2025,Regular Season - 2,2025-08-24T18:45:00+00:00,Lille,Monaco,1,2026-09-21T20:34:26Z,CAPTURED,40,
1387709,DOMESTIC_LEAGUE,France,61,Ligue 1,2025,Regular Season - 2,2025-08-24T13:00:00+00:00,Lorient,Rennes,1,2026-09-21T20:34:26Z,CAPTURED,40,
1387710,DOMESTIC_LEAGUE,France,61,Ligue 1,2025,Regular Season - 2,2025-08-23T19:05:00+00:00,Lyon,Metz,1,2026-09-21T20:34:26Z,CAPTURED,40,
1387712,DOMESTIC_LEAGUE,France,61,Ligue 1,2025,Regular Season - 2,2025-08-23T17:00:00+00:00,Nice,Auxerre,1,2026-09-21T20:34:26Z,CAPTURED,40,
1387714,DOMESTIC_LEAGUE,France,61,Ligue 1,2025,Regular Season - 2,2025-08-24T15:15:00+00:00,Strasbourg,Nantes,1,2026-09-21T20:34:26Z,CAPTURED,40,
1387715,DOMESTIC_LEAGUE,France,61,Ligue 1,2025,Regular Season - 2,2025-08-24T15:15:00+00:00,Toulouse,Stade Brestois 29,1,2026-09-21T20:34:26Z,CAPTURED,40,
1387716,DOMESTIC_LEAGUE,France,61,Ligue 1,2025,Regular Season - 3,2025-08-31T13:00:00+00:00,Angers,Rennes,1,2026-09-21T20:34:26Z,CAPTURED,40,
1387717,DOMESTIC_LEAGUE,France,61,Ligue 1,2025,Regular Season - 3,2025-08-31T15:15:00+00:00,Le Havre,Nice,1,2026-09-21T20:34:26Z,CAPTURED,40,
1387718,DOMESTIC_LEAGUE,France,61,Ligue 1,2025,Regular Season - 3,2025-08-29T18:45:00+00:00,Lens,Stade Brestois 29,1,2026-09-21T20:34:26Z,CAPTURED,40,
1387719,DOMESTIC_LEAGUE,France,61,Ligue 1,2025,Regular Season - 3,2025-08-30T15:00:00+00:00,Lorient,Lille,1,2026-09-21T20:34:26Z,CAPTURED,39,
1387720,DOMESTIC_LEAGUE,France,61,Ligue 1,2025,Regular Season - 3,2025-08-31T18:45:00+00:00,Lyon,Marseille,1,2026-09-21T20:34:26Z,CAPTURED,40,
1387721,DOMESTIC_LEAGUE,France,61,Ligue 1,2025,Regular Season - 3,2025-08-31T15:15:00+00:00,Monaco,Strasbourg,1,2026-09-21T20:34:26Z,CAPTURED,40,
1387722,DOMESTIC_LEAGUE,France,61,Ligue 1,2025,Regular Season - 3,2025-08-30T17:00:00+00:00,Nantes,Auxerre,1,2026-09-21T20:34:26Z,CAPTURED,40,
1387723,DOMESTIC_LEAGUE,France,61,Ligue 1,2025,Regular Season - 3,2025-08-31T15:15:00+00:00,Paris FC,Metz,1,2026-09-21T20:34:26Z,CAPTURED,40,
1387724,DOMESTIC_LEAGUE,France,61,Ligue 1,2025,Regular Season - 3,2025-08-30T19:05:00+00:00,Toulouse,Paris Saint Germain,1,2026-09-21T20:34:26Z,CAPTURED,40,
1387725,DOMESTIC_LEAGUE,France,61,Ligue 1,2025,Regular Season - 4,2025-09-13T19:05:00+00:00,Auxerre,Monaco,1,2026-09-21T20:34:26Z,CAPTURED,38,
1387726,DOMESTIC_LEAGUE,France,61,Ligue 1,2025,Regular Season - 4,2025-09-14T15:15:00+00:00,Stade Brestois 29,Paris FC,1,2026-09-21T20:34:26Z,CAPTURED,40,
1387727,DOMESTIC_LEAGUE,France,61,Ligue 1,2025,Regular Season - 4,2025-09-14T13:00:00+00:00,Lille,Toulouse,1,2026-09-21T20:34:26Z,CAPTURED,40,
1387728,DOMESTIC_LEAGUE,France,61,Ligue 1,2025,Regular Season - 4,2025-09-12T18:45:00+00:00,Marseille,Lorient,1,2026-09-21T20:34:26Z,CAPTURED,40,
1387729,DOMESTIC_LEAGUE,France,61,Ligue 1,2025,Regular Season - 4,2025-09-14T15:15:00+00:00,Metz,Angers,1,2026-09-21T20:34:26Z,CAPTURED,40,
1387730,DOMESTIC_LEAGUE,France,61,Ligue 1,2025,Regular Season - 4,2025-09-13T15:00:00+00:00,Nice,Nantes,1,2026-09-21T20:34:26Z,CAPTURED,40,
1387731,DOMESTIC_LEAGUE,France,61,Ligue 1,2025,Regular Season - 4,2025-09-14T15:15:00+00:00,Paris Saint Germain,Lens,1,2026-09-21T20:34:26Z,CAPTURED,40,
1387732,DOMESTIC_LEAGUE,France,61,Ligue 1,2025,Regular Season - 4,2025-09-14T18:45:00+00:00,Rennes,Lyon,1,2026-09-21T20:34:26Z,CAPTURED,40,
1387733,DOMESTIC_LEAGUE,France,61,Ligue 1,2025,Regular Season - 4,2025-09-14T15:15:00+00:00,Strasbourg,Le Havre,1,2026-09-21T20:34:26Z,CAPTURED,40,
1387734,DOMESTIC_LEAGUE,France,61,Ligue 1,2025,Regular Season - 5,2025-09-21T15:15:00+00:00,Auxerre,Toulouse,1,2026-09-21T20:34:26Z,CAPTURED,40,
1387735,DOMESTIC_LEAGUE,France,61,Ligue 1,2025,Regular Season - 5,2025-09-20T17:00:00+00:00,Stade Brestois 29,Nice,1,2026-09-21T20:34:26Z,CAPTURED,40,
1387736,DOMESTIC_LEAGUE,France,61,Ligue 1,2025,Regular Season - 5,2025-09-21T15:15:00+00:00,Le Havre,Lorient,1,2026-09-21T20:34:26Z,CAPTURED,40,
1387737,DOMESTIC_LEAGUE,France,61,Ligue 1,2025,Regular Season - 5,2025-09-20T19:05:00+00:00,Lens,Lille,1,2026-09-21T20:34:26Z,CAPTURED,40,
1387738,DOMESTIC_LEAGUE,France,61,Ligue 1,2025,Regular Season - 5,2025-09-19T18:45:00+00:00,Lyon,Angers,1,2026-09-21T20:34:26Z,CAPTURED,40,
1387739,DOMESTIC_LEAGUE,France,61,Ligue 1,2025,Regular Season - 5,2025-09-22T18:00:00+00:00,Marseille,Paris Saint Germain,1,2026-09-21T20:34:26Z,CAPTURED,39,
1387740,DOMESTIC_LEAGUE,France,61,Ligue 1,2025,Regular Season - 5,2025-09-21T15:15:00+00:00,Monaco,Metz,1,2026-09-21T20:34:26Z,CAPTURED,40,
1387741,DOMESTIC_LEAGUE,France,61,Ligue 1,2025,Regular Season - 5,2025-09-20T15:00:00+00:00,Nantes,Rennes,1,2026-09-21T20:34:26Z,CAPTURED,40,
1387742,DOMESTIC_LEAGUE,France,61,Ligue 1,2025,Regular Season - 5,2025-09-21T13:00:00+00:00,Paris FC,Strasbourg,1,2026-09-21T20:34:26Z,CAPTURED,40,
1387743,DOMESTIC_LEAGUE,France,61,Ligue 1,2025,Regular Season - 6,2025-09-28T15:15:00+00:00,Angers,Stade Brestois 29,1,2026-09-21T20:34:26Z,CAPTURED,40,
1387744,DOMESTIC_LEAGUE,France,61,Ligue 1,2025,Regular Season - 6,2025-09-28T15:15:00+00:00,Lille,Lyon,1,2026-09-21T20:34:26Z,CAPTURED,40,
1387745,DOMESTIC_LEAGUE,France,61,Ligue 1,2025,Regular Season - 6,2025-09-27T15:00:00+00:00,Lorient,Monaco,1,2026-09-21T20:34:26Z,CAPTURED,40,
1387746,DOMESTIC_LEAGUE,France,61,Ligue 1,2025,Regular Season - 6,2025-09-28T15:15:00+00:00,Metz,Le Havre,1,2026-09-21T20:34:26Z,CAPTURED,40,
1387747,DOMESTIC_LEAGUE,France,61,Ligue 1,2025,Regular Season - 6,2025-09-28T13:00:00+00:00,Nice,Paris FC,1,2026-09-21T20:34:26Z,CAPTURED,40,
1387748,DOMESTIC_LEAGUE,France,61,Ligue 1,2025,Regular Season - 6,2025-09-27T19:05:00+00:00,Paris Saint Germain,Auxerre,1,2026-09-21T20:34:26Z,CAPTURED,40,
1387749,DOMESTIC_LEAGUE,France,61,Ligue 1,2025,Regular Season - 6,2025-09-28T18:45:00+00:00,Rennes,Lens,1,2026-09-21T20:34:26Z,CAPTURED,40,
1387750,DOMESTIC_LEAGUE,France,61,Ligue 1,2025,Regular Season - 6,2025-09-26T18:45:00+00:00,Strasbourg,Marseille,1,2026-09-21T20:34:26Z,CAPTURED,40,
1387751,DOMESTIC_LEAGUE,France,61,Ligue 1,2025,Regular Season - 6,2025-09-27T17:00:00+00:00,Toulouse,Nantes,1,2026-09-21T20:34:26Z,CAPTURED,40,
1387752,DOMESTIC_LEAGUE,France,61,Ligue 1,2025,Regular Season - 7,2025-10-04T19:05:00+00:00,Auxerre,Lens,1,2026-09-21T20:34:26Z,CAPTURED,40,
1387753,DOMESTIC_LEAGUE,France,61,Ligue 1,2025,Regular Season - 7,2025-10-04T17:00:00+00:00,Stade Brestois 29,Nantes,1,2026-09-21T20:34:26Z,CAPTURED,38,
1387754,DOMESTIC_LEAGUE,France,61,Ligue 1,2025,Regular Season - 7,2025-10-05T15:15:00+00:00,Le Havre,Rennes,1,2026-09-21T20:34:26Z,CAPTURED,40,
1387755,DOMESTIC_LEAGUE,France,61,Ligue 1,2025,Regular Season - 7,2025-10-05T18:45:00+00:00,Lille,Paris Saint Germain,1,2026-09-21T20:34:26Z,CAPTURED,38,
1387756,DOMESTIC_LEAGUE,France,61,Ligue 1,2025,Regular Season - 7,2025-10-05T13:00:00+00:00,Lyon,Toulouse,1,2026-09-21T20:34:26Z,CAPTURED,40,
1387757,DOMESTIC_LEAGUE,France,61,Ligue 1,2025,Regular Season - 7,2025-10-04T15:00:00+00:00,Metz,Marseille,1,2026-09-21T20:34:26Z,CAPTURED,40,
1387758,DOMESTIC_LEAGUE,France,61,Ligue 1,2025,Regular Season - 7,2025-10-05T15:15:00+00:00,Monaco,Nice,1,2026-09-21T20:34:26Z,CAPTURED,40,
1387759,DOMESTIC_LEAGUE,France,61,Ligue 1,2025,Regular Season - 7,2025-10-03T18:45:00+00:00,Paris FC,Lorient,1,2026-09-21T20:34:26Z,CAPTURED,40,
1387760,DOMESTIC_LEAGUE,France,61,Ligue 1,2025,Regular Season - 7,2025-10-05T15:15:00+00:00,Strasbourg,Angers,1,2026-09-21T20:34:26Z,CAPTURED,40,
1387766,DOMESTIC_LEAGUE,France,61,Ligue 1,2025,Regular Season - 8,2025-10-18T15:00:00+00:00,Nice,Lyon,1,2026-09-21T20:34:26Z,CAPTURED,40,
1387767,DOMESTIC_LEAGUE,France,61,Ligue 1,2025,Regular Season - 8,2025-10-17T18:45:00+00:00,Paris Saint Germain,Strasbourg,1,2026-09-21T20:34:26Z,CAPTURED,39,
1388310,DOMESTIC_LEAGUE,Germany,78,Bundesliga,2025,Regular Season - 1,2025-08-24T15:30:00+00:00,Borussia Mönchengladbach,Hamburger SV,1,2026-09-21T20:34:26Z,CAPTURED,40,
1388314,DOMESTIC_LEAGUE,Germany,78,Bundesliga,2025,Regular Season - 1,2025-08-24T13:30:00+00:00,FSV Mainz 05,1. FC Köln,1,2026-09-21T20:34:26Z,CAPTURED,40,
1388317,DOMESTIC_LEAGUE,Germany,78,Bundesliga,2025,Regular Season - 2,2025-08-30T16:30:00+00:00,FC Augsburg,Bayern München,1,2026-09-21T20:34:26Z,CAPTURED,40,
1388318,DOMESTIC_LEAGUE,Germany,78,Bundesliga,2025,Regular Season - 2,2025-08-31T15:30:00+00:00,Borussia Dortmund,Union Berlin,1,2026-09-21T20:34:26Z,CAPTURED,39,
1388319,DOMESTIC_LEAGUE,Germany,78,Bundesliga,2025,Regular Season - 2,2025-08-31T17:30:00+00:00,1. FC Köln,SC Freiburg,1,2026-09-21T20:34:26Z,CAPTURED,40,
1388320,DOMESTIC_LEAGUE,Germany,78,Bundesliga,2025,Regular Season - 2,2025-08-29T18:30:00+00:00,Hamburger SV,FC St. Pauli,1,2026-09-21T20:34:26Z,CAPTURED,40,
1388321,DOMESTIC_LEAGUE,Germany,78,Bundesliga,2025,Regular Season - 2,2025-08-30T13:30:00+00:00,1899 Hoffenheim,Eintracht Frankfurt,1,2026-09-21T20:34:26Z,CAPTURED,40,
1388322,DOMESTIC_LEAGUE,Germany,78,Bundesliga,2025,Regular Season - 2,2025-08-30T13:30:00+00:00,RB Leipzig,1. FC Heidenheim,1,2026-09-21T20:34:26Z,CAPTURED,40,
1388323,DOMESTIC_LEAGUE,Germany,78,Bundesliga,2025,Regular Season - 2,2025-08-30T13:30:00+00:00,VfB Stuttgart,Borussia Mönchengladbach,1,2026-09-21T20:34:26Z,CAPTURED,40,
1388324,DOMESTIC_LEAGUE,Germany,78,Bundesliga,2025,Regular Season - 2,2025-08-30T13:30:00+00:00,Werder Bremen,Bayer Leverkusen,1,2026-09-21T20:34:26Z,CAPTURED,40,
1388325,DOMESTIC_LEAGUE,Germany,78,Bundesliga,2025,Regular Season - 2,2025-08-31T13:30:00+00:00,VfL Wolfsburg,FSV Mainz 05,1,2026-09-21T20:34:26Z,CAPTURED,40,
1388326,DOMESTIC_LEAGUE,Germany,78,Bundesliga,2025,Regular Season - 3,2025-09-12T18:30:00+00:00,Bayer Leverkusen,Eintracht Frankfurt,1,2026-09-21T20:34:26Z,CAPTURED,40,
1388327,DOMESTIC_LEAGUE,Germany,78,Bundesliga,2025,Regular Season - 3,2025-09-13T16:30:00+00:00,Bayern München,Hamburger SV,1,2026-09-21T20:34:26Z,CAPTURED,40,
1388328,DOMESTIC_LEAGUE,Germany,78,Bundesliga,2025,Regular Season - 3,2025-09-14T15:30:00+00:00,Borussia Mönchengladbach,Werder Bremen,1,2026-09-21T20:34:26Z,CAPTURED,40,
1388329,DOMESTIC_LEAGUE,Germany,78,Bundesliga,2025,Regular Season - 3,2025-09-13T13:30:00+00:00,SC Freiburg,VfB Stuttgart,1,2026-09-21T20:34:26Z,CAPTURED,40,
1388330,DOMESTIC_LEAGUE,Germany,78,Bundesliga,2025,Regular Season - 3,2025-09-13T13:30:00+00:00,1. FC Heidenheim,Borussia Dortmund,1,2026-09-21T20:34:26Z,CAPTURED,39,
1388331,DOMESTIC_LEAGUE,Germany,78,Bundesliga,2025,Regular Season - 3,2025-09-13T13:30:00+00:00,FSV Mainz 05,RB Leipzig,1,2026-09-21T20:34:26Z,CAPTURED,40,
1388332,DOMESTIC_LEAGUE,Germany,78,Bundesliga,2025,Regular Season - 3,2025-09-14T13:30:00+00:00,FC St. Pauli,FC Augsburg,1,2026-09-21T20:34:26Z,CAPTURED,40,
1388333,DOMESTIC_LEAGUE,Germany,78,Bundesliga,2025,Regular Season - 3,2025-09-13T13:30:00+00:00,Union Berlin,1899 Hoffenheim,1,2026-09-21T20:34:26Z,CAPTURED,40,
1388334,DOMESTIC_LEAGUE,Germany,78,Bundesliga,2025,Regular Season - 3,2025-09-13T13:30:00+00:00,VfL Wolfsburg,1. FC Köln,1,2026-09-21T20:34:26Z,CAPTURED,40,
1388335,DOMESTIC_LEAGUE,Germany,78,Bundesliga,2025,Regular Season - 4,2025-09-20T13:30:00+00:00,FC Augsburg,FSV Mainz 05,1,2026-09-21T20:34:26Z,CAPTURED,40,
1388336,DOMESTIC_LEAGUE,Germany,78,Bundesliga,2025,Regular Season - 4,2025-09-21T15:30:00+00:00,Bayer Leverkusen,Borussia Mönchengladbach,1,2026-09-21T20:34:26Z,CAPTURED,40,
1388337,DOMESTIC_LEAGUE,Germany,78,Bundesliga,2025,Regular Season - 4,2025-09-21T17:30:00+00:00,Borussia Dortmund,VfL Wolfsburg,1,2026-09-21T20:34:26Z,CAPTURED,40,
1388338,DOMESTIC_LEAGUE,Germany,78,Bundesliga,2025,Regular Season - 4,2025-09-21T13:30:00+00:00,Eintracht Frankfurt,Union Berlin,1,2026-09-21T20:34:26Z,CAPTURED,40,
1388339,DOMESTIC_LEAGUE,Germany,78,Bundesliga,2025,Regular Season - 4,2025-09-20T13:30:00+00:00,Hamburger SV,1. FC Heidenheim,1,2026-09-21T20:34:26Z,CAPTURED,40,
1388340,DOMESTIC_LEAGUE,Germany,78,Bundesliga,2025,Regular Season - 4,2025-09-20T13:30:00+00:00,1899 Hoffenheim,Bayern München,1,2026-09-21T20:34:26Z,CAPTURED,40,
1388341,DOMESTIC_LEAGUE,Germany,78,Bundesliga,2025,Regular Season - 4,2025-09-20T16:30:00+00:00,RB Leipzig,1. FC Köln,1,2026-09-21T20:34:26Z,CAPTURED,40,
1388342,DOMESTIC_LEAGUE,Germany,78,Bundesliga,2025,Regular Season - 4,2025-09-19T18:30:00+00:00,VfB Stuttgart,FC St. Pauli,1,2026-09-21T20:34:26Z,CAPTURED,40,
1388343,DOMESTIC_LEAGUE,Germany,78,Bundesliga,2025,Regular Season - 4,2025-09-20T13:30:00+00:00,Werder Bremen,SC Freiburg,1,2026-09-21T20:34:26Z,CAPTURED,40,
1388344,DOMESTIC_LEAGUE,Germany,78,Bundesliga,2025,Regular Season - 5,2025-09-26T18:30:00+00:00,Bayern München,Werder Bremen,1,2026-09-21T20:34:26Z,CAPTURED,40,
1388345,DOMESTIC_LEAGUE,Germany,78,Bundesliga,2025,Regular Season - 5,2025-09-27T16:30:00+00:00,Borussia Mönchengladbach,Eintracht Frankfurt,1,2026-09-21T20:34:26Z,CAPTURED,40,
1388346,DOMESTIC_LEAGUE,Germany,78,Bundesliga,2025,Regular Season - 5,2025-09-28T15:30:00+00:00,1. FC Köln,VfB Stuttgart,1,2026-09-21T20:34:26Z,CAPTURED,40,
1388347,DOMESTIC_LEAGUE,Germany,78,Bundesliga,2025,Regular Season - 5,2025-09-28T13:30:00+00:00,SC Freiburg,1899 Hoffenheim,1,2026-09-21T20:34:26Z,CAPTURED,39,
1388348,DOMESTIC_LEAGUE,Germany,78,Bundesliga,2025,Regular Season - 5,2025-09-27T13:30:00+00:00,1. FC Heidenheim,FC Augsburg,1,2026-09-21T20:34:26Z,CAPTURED,40,
1388349,DOMESTIC_LEAGUE,Germany,78,Bundesliga,2025,Regular Season - 5,2025-09-27T13:30:00+00:00,FSV Mainz 05,Borussia Dortmund,1,2026-09-21T20:34:26Z,CAPTURED,40,
1388350,DOMESTIC_LEAGUE,Germany,78,Bundesliga,2025,Regular Season - 5,2025-09-27T13:30:00+00:00,FC St. Pauli,Bayer Leverkusen,1,2026-09-21T20:34:26Z,CAPTURED,40,
1388351,DOMESTIC_LEAGUE,Germany,78,Bundesliga,2025,Regular Season - 5,2025-09-28T17:30:00+00:00,Union Berlin,Hamburger SV,1,2026-09-21T20:34:26Z,CAPTURED,40,
1388352,DOMESTIC_LEAGUE,Germany,78,Bundesliga,2025,Regular Season - 5,2025-09-27T13:30:00+00:00,VfL Wolfsburg,RB Leipzig,1,2026-09-21T20:34:26Z,CAPTURED,40,
1388353,DOMESTIC_LEAGUE,Germany,78,Bundesliga,2025,Regular Season - 6,2025-10-04T13:30:00+00:00,FC Augsburg,VfL Wolfsburg,1,2026-09-21T20:34:26Z,CAPTURED,40,
1388354,DOMESTIC_LEAGUE,Germany,78,Bundesliga,2025,Regular Season - 6,2025-10-04T13:30:00+00:00,Bayer Leverkusen,Union Berlin,1,2026-09-21T20:34:26Z,CAPTURED,40,
1388355,DOMESTIC_LEAGUE,Germany,78,Bundesliga,2025,Regular Season - 6,2025-10-05T17:30:00+00:00,Borussia Mönchengladbach,SC Freiburg,1,2026-09-21T20:34:26Z,CAPTURED,40,
1388356,DOMESTIC_LEAGUE,Germany,78,Bundesliga,2025,Regular Season - 6,2025-10-04T13:30:00+00:00,Borussia Dortmund,RB Leipzig,1,2026-09-21T20:34:26Z,CAPTURED,40,
1388357,DOMESTIC_LEAGUE,Germany,78,Bundesliga,2025,Regular Season - 6,2025-10-04T16:30:00+00:00,Eintracht Frankfurt,Bayern München,1,2026-09-21T20:34:26Z,CAPTURED,40,
1388358,DOMESTIC_LEAGUE,Germany,78,Bundesliga,2025,Regular Season - 6,2025-10-05T15:30:00+00:00,Hamburger SV,FSV Mainz 05,1,2026-09-21T20:34:26Z,CAPTURED,40,
1388359,DOMESTIC_LEAGUE,Germany,78,Bundesliga,2025,Regular Season - 6,2025-10-03T18:30:00+00:00,1899 Hoffenheim,1. FC Köln,1,2026-09-21T20:34:26Z,CAPTURED,40,
1388360,DOMESTIC_LEAGUE,Germany,78,Bundesliga,2025,Regular Season - 6,2025-10-05T13:30:00+00:00,VfB Stuttgart,1. FC Heidenheim,1,2026-09-21T20:34:26Z,CAPTURED,40,
1388361,DOMESTIC_LEAGUE,Germany,78,Bundesliga,2025,Regular Season - 6,2025-10-04T13:30:00+00:00,Werder Bremen,FC St. Pauli,1,2026-09-21T20:34:26Z,CAPTURED,40,
1388362,DOMESTIC_LEAGUE,Germany,78,Bundesliga,2025,Regular Season - 7,2025-10-18T16:30:00+00:00,Bayern München,Borussia Dortmund,1,2026-09-21T20:34:26Z,CAPTURED,40,
1388363,DOMESTIC_LEAGUE,Germany,78,Bundesliga,2025,Regular Season - 7,2025-10-18T13:30:00+00:00,1. FC Köln,FC Augsburg,1,2026-09-21T20:34:26Z,CAPTURED,40,
1388365,DOMESTIC_LEAGUE,Germany,78,Bundesliga,2025,Regular Season - 7,2025-10-18T13:30:00+00:00,1. FC Heidenheim,Werder Bremen,1,2026-09-21T20:34:26Z,CAPTURED,40,
1388366,DOMESTIC_LEAGUE,Germany,78,Bundesliga,2025,Regular Season - 7,2025-10-18T13:30:00+00:00,FSV Mainz 05,Bayer Leverkusen,1,2026-09-21T20:34:26Z,CAPTURED,40,
1388367,DOMESTIC_LEAGUE,Germany,78,Bundesliga,2025,Regular Season - 7,2025-10-18T13:30:00+00:00,RB Leipzig,Hamburger SV,1,2026-09-21T20:34:26Z,CAPTURED,40,
1388369,DOMESTIC_LEAGUE,Germany,78,Bundesliga,2025,Regular Season - 7,2025-10-17T18:30:00+00:00,Union Berlin,Borussia Mönchengladbach,1,2026-09-21T20:34:26Z,CAPTURED,40,
1388370,DOMESTIC_LEAGUE,Germany,78,Bundesliga,2025,Regular Season - 7,2025-10-18T13:30:00+00:00,VfL Wolfsburg,VfB Stuttgart,1,2026-09-21T20:34:26Z,CAPTURED,40,
1390829,DOMESTIC_LEAGUE,Spain,140,La Liga,2025,Regular Season - 2,2025-08-25T17:30:00+00:00,Athletic Club,Rayo Vallecano,1,2026-09-21T20:34:26Z,CAPTURED,46,
1390830,DOMESTIC_LEAGUE,Spain,140,La Liga,2025,Regular Season - 2,2025-08-23T17:30:00+00:00,Atletico Madrid,Elche,1,2026-09-21T20:34:26Z,CAPTURED,45,
1390832,DOMESTIC_LEAGUE,Spain,140,La Liga,2025,Regular Season - 2,2025-08-23T19:30:00+00:00,Levante,Barcelona,1,2026-09-21T20:34:26Z,CAPTURED,43,
1390834,DOMESTIC_LEAGUE,Spain,140,La Liga,2025,Regular Season - 2,2025-08-24T15:00:00+00:00,Osasuna,Valencia,1,2026-09-21T20:34:26Z,CAPTURED,44,
1390835,DOMESTIC_LEAGUE,Spain,140,La Liga,2025,Regular Season - 2,2025-08-24T17:30:00+00:00,Real Sociedad,Espanyol,1,2026-09-21T20:34:26Z,CAPTURED,46,
1390836,DOMESTIC_LEAGUE,Spain,140,La Liga,2025,Regular Season - 2,2025-08-24T19:30:00+00:00,Oviedo,Real Madrid,1,2026-09-21T20:34:26Z,CAPTURED,46,
1390837,DOMESTIC_LEAGUE,Spain,140,La Liga,2025,Regular Season - 2,2025-08-25T19:30:00+00:00,Sevilla,Getafe,1,2026-09-21T20:34:26Z,CAPTURED,40,
1390838,DOMESTIC_LEAGUE,Spain,140,La Liga,2025,Regular Season - 2,2025-08-24T17:30:00+00:00,Villarreal,Girona,1,2026-09-21T20:34:26Z,CAPTURED,44,
1390839,DOMESTIC_LEAGUE,Spain,140,La Liga,2025,Regular Season - 3,2025-08-30T15:00:00+00:00,Alaves,Atletico Madrid,1,2026-09-21T20:34:26Z,CAPTURED,46,
1390840,DOMESTIC_LEAGUE,Spain,140,La Liga,2025,Regular Season - 3,2025-08-31T17:00:00+00:00,Real Betis,Athletic Club,1,2026-09-21T20:34:26Z,CAPTURED,45,
1390841,DOMESTIC_LEAGUE,Spain,140,La Liga,2025,Regular Season - 3,2025-08-31T15:00:00+00:00,Celta Vigo,Villarreal,1,2026-09-21T20:34:26Z,CAPTURED,45,
1390842,DOMESTIC_LEAGUE,Spain,140,La Liga,2025,Regular Season - 3,2025-08-29T17:30:00+00:00,Elche,Levante,1,2026-09-21T20:34:26Z,CAPTURED,45,
1390843,DOMESTIC_LEAGUE,Spain,140,La Liga,2025,Regular Season - 3,2025-08-31T17:30:00+00:00,Espanyol,Osasuna,1,2026-09-21T20:34:26Z,CAPTURED,42,
1390844,DOMESTIC_LEAGUE,Spain,140,La Liga,2025,Regular Season - 3,2025-08-30T17:30:00+00:00,Girona,Sevilla,1,2026-09-21T20:34:26Z,CAPTURED,41,
1390845,DOMESTIC_LEAGUE,Spain,140,La Liga,2025,Regular Season - 3,2025-08-31T19:30:00+00:00,Rayo Vallecano,Barcelona,1,2026-09-21T20:34:26Z,CAPTURED,46,
1390846,DOMESTIC_LEAGUE,Spain,140,La Liga,2025,Regular Season - 3,2025-08-30T19:30:00+00:00,Real Madrid,Mallorca,1,2026-09-21T20:34:26Z,CAPTURED,46,
1390847,DOMESTIC_LEAGUE,Spain,140,La Liga,2025,Regular Season - 3,2025-08-30T17:00:00+00:00,Oviedo,Real Sociedad,1,2026-09-21T20:34:26Z,CAPTURED,46,
1390848,DOMESTIC_LEAGUE,Spain,140,La Liga,2025,Regular Season - 3,2025-08-29T19:30:00+00:00,Valencia,Getafe,1,2026-09-21T20:34:26Z,CAPTURED,43,
1390849,DOMESTIC_LEAGUE,Spain,140,La Liga,2025,Regular Season - 4,2025-09-13T16:30:00+00:00,Athletic Club,Alaves,1,2026-09-21T20:34:26Z,CAPTURED,43,
1390850,DOMESTIC_LEAGUE,Spain,140,La Liga,2025,Regular Season - 4,2025-09-13T19:00:00+00:00,Atletico Madrid,Villarreal,1,2026-09-21T20:34:26Z,CAPTURED,46,
1390851,DOMESTIC_LEAGUE,Spain,140,La Liga,2025,Regular Season - 4,2025-09-14T19:00:00+00:00,Barcelona,Valencia,1,2026-09-21T20:34:26Z,CAPTURED,44,
1390852,DOMESTIC_LEAGUE,Spain,140,La Liga,2025,Regular Season - 4,2025-09-14T12:00:00+00:00,Celta Vigo,Girona,1,2026-09-21T20:34:26Z,CAPTURED,44,
1390853,DOMESTIC_LEAGUE,Spain,140,La Liga,2025,Regular Season - 4,2025-09-15T19:00:00+00:00,Espanyol,Mallorca,1,2026-09-21T20:34:26Z,CAPTURED,46,
1390854,DOMESTIC_LEAGUE,Spain,140,La Liga,2025,Regular Season - 4,2025-09-13T12:00:00+00:00,Getafe,Oviedo,1,2026-09-21T20:34:26Z,CAPTURED,41,
1390855,DOMESTIC_LEAGUE,Spain,140,La Liga,2025,Regular Season - 4,2025-09-14T14:15:00+00:00,Levante,Real Betis,1,2026-09-21T20:34:26Z,CAPTURED,46,
1390856,DOMESTIC_LEAGUE,Spain,140,La Liga,2025,Regular Season - 4,2025-09-14T16:30:00+00:00,Osasuna,Rayo Vallecano,1,2026-09-21T20:34:26Z,CAPTURED,43,
1390857,DOMESTIC_LEAGUE,Spain,140,La Liga,2025,Regular Season - 4,2025-09-13T14:15:00+00:00,Real Sociedad,Real Madrid,1,2026-09-21T20:34:26Z,CAPTURED,43,
1390858,DOMESTIC_LEAGUE,Spain,140,La Liga,2025,Regular Season - 4,2025-09-12T19:00:00+00:00,Sevilla,Elche,1,2026-09-21T20:34:26Z,CAPTURED,46,
1390859,DOMESTIC_LEAGUE,Spain,140,La Liga,2025,Regular Season - 5,2025-09-20T16:30:00+00:00,Alaves,Sevilla,1,2026-09-21T20:34:26Z,CAPTURED,46,
1390860,DOMESTIC_LEAGUE,Spain,140,La Liga,2025,Regular Season - 5,2025-09-21T19:00:00+00:00,Barcelona,Getafe,1,2026-09-21T20:34:26Z,CAPTURED,43,
1390861,DOMESTIC_LEAGUE,Spain,140,La Liga,2025,Regular Season - 5,2025-09-19T19:00:00+00:00,Real Betis,Real Sociedad,1,2026-09-21T20:34:26Z,CAPTURED,46,
1390862,DOMESTIC_LEAGUE,Spain,140,La Liga,2025,Regular Season - 5,2025-09-21T16:30:00+00:00,Elche,Oviedo,1,2026-09-21T20:34:26Z,CAPTURED,46,
1390863,DOMESTIC_LEAGUE,Spain,140,La Liga,2025,Regular Season - 5,2025-09-20T12:00:00+00:00,Girona,Levante,1,2026-09-21T20:34:26Z,CAPTURED,44,
1390864,DOMESTIC_LEAGUE,Spain,140,La Liga,2025,Regular Season - 5,2025-09-21T14:15:00+00:00,Mallorca,Atletico Madrid,1,2026-09-21T20:34:26Z,CAPTURED,46,
1390865,DOMESTIC_LEAGUE,Spain,140,La Liga,2025,Regular Season - 5,2025-09-21T12:00:00+00:00,Rayo Vallecano,Celta Vigo,1,2026-09-21T20:34:26Z,CAPTURED,46,
1390866,DOMESTIC_LEAGUE,Spain,140,La Liga,2025,Regular Season - 5,2025-09-20T14:15:00+00:00,Real Madrid,Espanyol,1,2026-09-21T20:34:26Z,CAPTURED,46,
1390867,DOMESTIC_LEAGUE,Spain,140,La Liga,2025,Regular Season - 5,2025-09-20T19:00:00+00:00,Valencia,Athletic Club,1,2026-09-21T20:34:26Z,CAPTURED,46,
1390868,DOMESTIC_LEAGUE,Spain,140,La Liga,2025,Regular Season - 5,2025-09-20T16:30:00+00:00,Villarreal,Osasuna,1,2026-09-21T20:34:26Z,CAPTURED,42,
1390869,DOMESTIC_LEAGUE,Spain,140,La Liga,2025,Regular Season - 6,2025-09-23T17:00:00+00:00,Athletic Club,Girona,1,2026-09-21T20:34:26Z,CAPTURED,43,
1390870,DOMESTIC_LEAGUE,Spain,140,La Liga,2025,Regular Season - 6,2025-09-24T19:30:00+00:00,Atletico Madrid,Rayo Vallecano,1,2026-09-21T20:34:26Z,CAPTURED,46,
1390871,DOMESTIC_LEAGUE,Spain,140,La Liga,2025,Regular Season - 6,2025-08-27T19:00:00+00:00,Celta Vigo,Real Betis,1,2026-09-21T20:34:26Z,CAPTURED,44,
1390872,DOMESTIC_LEAGUE,Spain,140,La Liga,2025,Regular Season - 6,2025-09-23T17:00:00+00:00,Espanyol,Valencia,1,2026-09-21T20:34:26Z,CAPTURED,46,
1390873,DOMESTIC_LEAGUE,Spain,140,La Liga,2025,Regular Season - 6,2025-09-24T17:00:00+00:00,Getafe,Alaves,1,2026-09-21T20:34:26Z,CAPTURED,44,
1390874,DOMESTIC_LEAGUE,Spain,140,La Liga,2025,Regular Season - 6,2025-09-23T19:30:00+00:00,Levante,Real Madrid,1,2026-09-21T20:34:26Z,CAPTURED,46,
1390875,DOMESTIC_LEAGUE,Spain,140,La Liga,2025,Regular Season - 6,2025-09-25T17:30:00+00:00,Osasuna,Elche,1,2026-09-21T20:34:26Z,CAPTURED,44,
1390876,DOMESTIC_LEAGUE,Spain,140,La Liga,2025,Regular Season - 6,2025-09-24T19:30:00+00:00,Real Sociedad,Mallorca,1,2026-09-21T20:34:26Z,CAPTURED,46,
1390877,DOMESTIC_LEAGUE,Spain,140,La Liga,2025,Regular Season - 6,2025-09-25T19:30:00+00:00,Oviedo,Barcelona,1,2026-09-21T20:34:26Z,CAPTURED,45,
1390878,DOMESTIC_LEAGUE,Spain,140,La Liga,2025,Regular Season - 6,2025-09-23T19:30:00+00:00,Sevilla,Villarreal,1,2026-09-21T20:34:26Z,CAPTURED,45,
1390879,DOMESTIC_LEAGUE,Spain,140,La Liga,2025,Regular Season - 7,2025-09-27T14:15:00+00:00,Atletico Madrid,Real Madrid,1,2026-09-21T20:34:26Z,CAPTURED,46,
1390880,DOMESTIC_LEAGUE,Spain,140,La Liga,2025,Regular Season - 7,2025-09-28T16:30:00+00:00,Barcelona,Real Sociedad,1,2026-09-21T20:34:26Z,CAPTURED,45,
1390881,DOMESTIC_LEAGUE,Spain,140,La Liga,2025,Regular Season - 7,2025-09-28T19:00:00+00:00,Real Betis,Osasuna,1,2026-09-21T20:34:26Z,CAPTURED,39,
1390882,DOMESTIC_LEAGUE,Spain,140,La Liga,2025,Regular Season - 7,2025-09-28T14:15:00+00:00,Elche,Celta Vigo,1,2026-09-21T20:34:26Z,CAPTURED,44,
1390883,DOMESTIC_LEAGUE,Spain,140,La Liga,2025,Regular Season - 7,2025-09-27T12:00:00+00:00,Getafe,Levante,1,2026-09-21T20:34:26Z,CAPTURED,44,
1390884,DOMESTIC_LEAGUE,Spain,140,La Liga,2025,Regular Season - 7,2025-09-26T19:00:00+00:00,Girona,Espanyol,1,2026-09-21T20:34:26Z,CAPTURED,44,
1390885,DOMESTIC_LEAGUE,Spain,140,La Liga,2025,Regular Season - 7,2025-09-27T16:30:00+00:00,Mallorca,Alaves,1,2026-09-21T20:34:26Z,CAPTURED,45,
1390886,DOMESTIC_LEAGUE,Spain,140,La Liga,2025,Regular Season - 7,2025-09-28T12:00:00+00:00,Rayo Vallecano,Sevilla,1,2026-09-21T20:34:26Z,CAPTURED,45,
1390887,DOMESTIC_LEAGUE,Spain,140,La Liga,2025,Regular Season - 7,2025-09-30T18:00:00+00:00,Valencia,Oviedo,1,2026-09-21T20:34:26Z,CAPTURED,46,
1390888,DOMESTIC_LEAGUE,Spain,140,La Liga,2025,Regular Season - 7,2025-09-27T19:00:00+00:00,Villarreal,Athletic Club,1,2026-09-21T20:34:26Z,CAPTURED,43,
1390889,DOMESTIC_LEAGUE,Spain,140,La Liga,2025,Regular Season - 8,2025-10-05T12:00:00+00:00,Alaves,Elche,1,2026-09-21T20:34:26Z,CAPTURED,46,
1390890,DOMESTIC_LEAGUE,Spain,140,La Liga,2025,Regular Season - 8,2025-10-04T16:30:00+00:00,Athletic Club,Mallorca,1,2026-09-21T20:34:26Z,CAPTURED,44,
1390891,DOMESTIC_LEAGUE,Spain,140,La Liga,2025,Regular Season - 8,2025-10-05T19:00:00+00:00,Celta Vigo,Atletico Madrid,1,2026-09-21T20:34:26Z,CAPTURED,45,
1390892,DOMESTIC_LEAGUE,Spain,140,La Liga,2025,Regular Season - 8,2025-10-05T16:30:00+00:00,Espanyol,Real Betis,1,2026-09-21T20:34:26Z,CAPTURED,43,
1390893,DOMESTIC_LEAGUE,Spain,140,La Liga,2025,Regular Season - 8,2025-10-04T14:15:00+00:00,Girona,Valencia,1,2026-09-21T20:34:26Z,CAPTURED,44,
1390894,DOMESTIC_LEAGUE,Spain,140,La Liga,2025,Regular Season - 8,2025-10-03T19:00:00+00:00,Osasuna,Getafe,1,2026-09-21T20:34:26Z,CAPTURED,43,
1390895,DOMESTIC_LEAGUE,Spain,140,La Liga,2025,Regular Season - 8,2025-10-04T19:00:00+00:00,Real Madrid,Villarreal,1,2026-09-21T20:34:26Z,CAPTURED,42,
1390896,DOMESTIC_LEAGUE,Spain,140,La Liga,2025,Regular Season - 8,2025-10-05T16:30:00+00:00,Real Sociedad,Rayo Vallecano,1,2026-09-21T20:34:26Z,CAPTURED,46,
1390897,DOMESTIC_LEAGUE,Spain,140,La Liga,2025,Regular Season - 8,2025-10-04T12:00:00+00:00,Oviedo,Levante,1,2026-09-21T20:34:26Z,CAPTURED,46,
1390898,DOMESTIC_LEAGUE,Spain,140,La Liga,2025,Regular Season - 8,2025-10-05T14:15:00+00:00,Sevilla,Barcelona,1,2026-09-21T20:34:26Z,CAPTURED,44,
1390901,DOMESTIC_LEAGUE,Spain,140,La Liga,2025,Regular Season - 9,2025-10-18T14:15:00+00:00,Barcelona,Girona,1,2026-09-21T20:34:26Z,CAPTURED,44,
1390906,DOMESTIC_LEAGUE,Spain,140,La Liga,2025,Regular Season - 9,2025-10-17T19:00:00+00:00,Oviedo,Espanyol,1,2026-09-21T20:34:26Z,CAPTURED,46,
1390907,DOMESTIC_LEAGUE,Spain,140,La Liga,2025,Regular Season - 9,2025-10-18T12:00:00+00:00,Sevilla,Mallorca,1,2026-09-21T20:34:26Z,CAPTURED,45,
1379043,DOMESTIC_LEAGUE,England,39,Premier League,2025,Regular Season - 8,2025-10-19T15:30:00+00:00,Liverpool,Manchester United,1,2026-09-22T04:36:14Z,CAPTURED,40,
1379047,DOMESTIC_LEAGUE,England,39,Premier League,2025,Regular Season - 8,2025-10-19T13:00:00+00:00,Tottenham,Aston Villa,1,2026-09-22T04:36:14Z,CAPTURED,39,
1379048,DOMESTIC_LEAGUE,England,39,Premier League,2025,Regular Season - 8,2025-10-20T19:00:00+00:00,West Ham,Brentford,1,2026-09-22T04:36:14Z,CAPTURED,40,
1379049,DOMESTIC_LEAGUE,England,39,Premier League,2025,Regular Season - 9,2025-10-26T14:00:00+00:00,Arsenal,Crystal Palace,1,2026-09-22T04:36:14Z,CAPTURED,40,
1379050,DOMESTIC_LEAGUE,England,39,Premier League,2025,Regular Season - 9,2025-10-26T14:00:00+00:00,Aston Villa,Manchester City,1,2026-09-22T04:36:14Z,CAPTURED,40,
1379051,DOMESTIC_LEAGUE,England,39,Premier League,2025,Regular Season - 9,2025-10-26T14:00:00+00:00,Bournemouth,Nottingham Forest,1,2026-09-22T04:36:14Z,CAPTURED,40,
1379052,DOMESTIC_LEAGUE,England,39,Premier League,2025,Regular Season - 9,2025-10-25T19:00:00+00:00,Brentford,Liverpool,1,2026-09-22T04:36:14Z,CAPTURED,40,
1379053,DOMESTIC_LEAGUE,England,39,Premier League,2025,Regular Season - 9,2025-10-25T14:00:00+00:00,Chelsea,Sunderland,1,2026-09-22T04:36:14Z,CAPTURED,40,
1379054,DOMESTIC_LEAGUE,England,39,Premier League,2025,Regular Season - 9,2025-10-26T16:30:00+00:00,Everton,Tottenham,1,2026-09-22T04:36:14Z,CAPTURED,40,
1379055,DOMESTIC_LEAGUE,England,39,Premier League,2025,Regular Season - 9,2025-10-24T19:00:00+00:00,Leeds,West Ham,1,2026-09-22T04:36:14Z,CAPTURED,40,
1379056,DOMESTIC_LEAGUE,England,39,Premier League,2025,Regular Season - 9,2025-10-25T16:30:00+00:00,Manchester United,Brighton,1,2026-09-22T04:36:14Z,CAPTURED,40,
1379057,DOMESTIC_LEAGUE,England,39,Premier League,2025,Regular Season - 9,2025-10-25T14:00:00+00:00,Newcastle,Fulham,1,2026-09-22T04:36:14Z,CAPTURED,40,
1379058,DOMESTIC_LEAGUE,England,39,Premier League,2025,Regular Season - 9,2025-10-26T14:00:00+00:00,Wolves,Burnley,1,2026-09-22T04:36:14Z,CAPTURED,40,
1379059,DOMESTIC_LEAGUE,England,39,Premier League,2025,Regular Season - 10,2025-11-01T15:00:00+00:00,Brighton,Leeds,1,2026-09-22T04:36:14Z,CAPTURED,40,
1379060,DOMESTIC_LEAGUE,England,39,Premier League,2025,Regular Season - 10,2025-11-01T15:00:00+00:00,Burnley,Arsenal,1,2026-09-22T04:36:14Z,CAPTURED,40,
1379061,DOMESTIC_LEAGUE,England,39,Premier League,2025,Regular Season - 10,2025-11-01T15:00:00+00:00,Crystal Palace,Brentford,1,2026-09-22T04:36:14Z,CAPTURED,40,
1379062,DOMESTIC_LEAGUE,England,39,Premier League,2025,Regular Season - 10,2025-11-01T15:00:00+00:00,Fulham,Wolves,1,2026-09-22T04:36:14Z,CAPTURED,40,
1379063,DOMESTIC_LEAGUE,England,39,Premier League,2025,Regular Season - 10,2025-11-01T20:00:00+00:00,Liverpool,Aston Villa,1,2026-09-22T04:36:14Z,CAPTURED,40,
1379064,DOMESTIC_LEAGUE,England,39,Premier League,2025,Regular Season - 10,2025-11-02T16:30:00+00:00,Manchester City,Bournemouth,1,2026-09-22T04:36:14Z,CAPTURED,40,
1379065,DOMESTIC_LEAGUE,England,39,Premier League,2025,Regular Season - 10,2025-11-01T15:00:00+00:00,Nottingham Forest,Manchester United,1,2026-09-22T04:36:14Z,CAPTURED,40,
1379066,DOMESTIC_LEAGUE,England,39,Premier League,2025,Regular Season - 10,2025-11-03T20:00:00+00:00,Sunderland,Everton,1,2026-09-22T04:36:14Z,CAPTURED,40,
1379067,DOMESTIC_LEAGUE,England,39,Premier League,2025,Regular Season - 10,2025-11-01T17:30:00+00:00,Tottenham,Chelsea,1,2026-09-22T04:36:14Z,CAPTURED,40,
1379068,DOMESTIC_LEAGUE,England,39,Premier League,2025,Regular Season - 10,2025-11-02T14:00:00+00:00,West Ham,Newcastle,1,2026-09-22T04:36:14Z,CAPTURED,40,
1379069,DOMESTIC_LEAGUE,England,39,Premier League,2025,Regular Season - 11,2025-11-09T14:00:00+00:00,Aston Villa,Bournemouth,1,2026-09-22T04:36:14Z,CAPTURED,40,
1379070,DOMESTIC_LEAGUE,England,39,Premier League,2025,Regular Season - 11,2025-11-09T14:00:00+00:00,Brentford,Newcastle,1,2026-09-22T04:36:14Z,CAPTURED,40,
1379071,DOMESTIC_LEAGUE,England,39,Premier League,2025,Regular Season - 11,2025-11-08T20:00:00+00:00,Chelsea,Wolves,1,2026-09-22T04:36:14Z,CAPTURED,40,
1379072,DOMESTIC_LEAGUE,England,39,Premier League,2025,Regular Season - 11,2025-11-09T14:00:00+00:00,Crystal Palace,Brighton,1,2026-09-22T04:36:14Z,CAPTURED,40,
1379073,DOMESTIC_LEAGUE,England,39,Premier League,2025,Regular Season - 11,2025-11-08T15:00:00+00:00,Everton,Fulham,1,2026-09-22T04:36:14Z,CAPTURED,40,
1379074,DOMESTIC_LEAGUE,England,39,Premier League,2025,Regular Season - 11,2025-11-09T16:30:00+00:00,Manchester City,Liverpool,1,2026-09-22T04:36:14Z,CAPTURED,40,
1379075,DOMESTIC_LEAGUE,England,39,Premier League,2025,Regular Season - 11,2025-11-09T14:00:00+00:00,Nottingham Forest,Leeds,1,2026-09-22T04:36:14Z,CAPTURED,40,
1379076,DOMESTIC_LEAGUE,England,39,Premier League,2025,Regular Season - 11,2025-11-08T17:30:00+00:00,Sunderland,Arsenal,1,2026-09-22T04:36:14Z,CAPTURED,40,
1379077,DOMESTIC_LEAGUE,England,39,Premier League,2025,Regular Season - 11,2025-11-08T12:30:00+00:00,Tottenham,Manchester United,1,2026-09-22T04:36:14Z,CAPTURED,40,
1379078,DOMESTIC_LEAGUE,England,39,Premier League,2025,Regular Season - 11,2025-11-08T15:00:00+00:00,West Ham,Burnley,1,2026-09-22T04:36:14Z,CAPTURED,40,
1379079,DOMESTIC_LEAGUE,England,39,Premier League,2025,Regular Season - 12,2025-11-23T16:30:00+00:00,Arsenal,Tottenham,1,2026-09-22T04:36:14Z,CAPTURED,40,
1379080,DOMESTIC_LEAGUE,England,39,Premier League,2025,Regular Season - 12,2025-11-22T15:00:00+00:00,Bournemouth,West Ham,1,2026-09-22T04:36:14Z,CAPTURED,40,
1379081,DOMESTIC_LEAGUE,England,39,Premier League,2025,Regular Season - 12,2025-11-22T15:00:00+00:00,Brighton,Brentford,1,2026-09-22T04:36:14Z,CAPTURED,40,
1379082,DOMESTIC_LEAGUE,England,39,Premier League,2025,Regular Season - 12,2025-11-22T12:30:00+00:00,Burnley,Chelsea,1,2026-09-22T04:36:14Z,CAPTURED,40,
1379083,DOMESTIC_LEAGUE,England,39,Premier League,2025,Regular Season - 12,2025-11-22T15:00:00+00:00,Fulham,Sunderland,1,2026-09-22T04:36:14Z,CAPTURED,40,
1379084,DOMESTIC_LEAGUE,England,39,Premier League,2025,Regular Season - 12,2025-11-23T14:00:00+00:00,Leeds,Aston Villa,1,2026-09-22T04:36:14Z,CAPTURED,40,
1379085,DOMESTIC_LEAGUE,England,39,Premier League,2025,Regular Season - 12,2025-11-22T15:00:00+00:00,Liverpool,Nottingham Forest,1,2026-09-22T04:36:14Z,CAPTURED,40,
1379086,DOMESTIC_LEAGUE,England,39,Premier League,2025,Regular Season - 12,2025-11-24T20:00:00+00:00,Manchester United,Everton,1,2026-09-22T04:36:14Z,CAPTURED,40,
1379087,DOMESTIC_LEAGUE,England,39,Premier League,2025,Regular Season - 12,2025-11-22T17:30:00+00:00,Newcastle,Manchester City,1,2026-09-22T04:36:14Z,CAPTURED,40,
1379088,DOMESTIC_LEAGUE,England,39,Premier League,2025,Regular Season - 12,2025-11-22T15:00:00+00:00,Wolves,Crystal Palace,1,2026-09-22T04:36:14Z,CAPTURED,40,
1379089,DOMESTIC_LEAGUE,England,39,Premier League,2025,Regular Season - 13,2025-11-30T14:05:00+00:00,Aston Villa,Wolves,1,2026-09-22T04:36:14Z,CAPTURED,40,
1379090,DOMESTIC_LEAGUE,England,39,Premier League,2025,Regular Season - 13,2025-11-29T15:00:00+00:00,Brentford,Burnley,1,2026-09-22T04:36:14Z,CAPTURED,40,
1379091,DOMESTIC_LEAGUE,England,39,Premier League,2025,Regular Season - 13,2025-11-30T16:30:00+00:00,Chelsea,Arsenal,1,2026-09-22T04:36:14Z,CAPTURED,40,
1379092,DOMESTIC_LEAGUE,England,39,Premier League,2025,Regular Season - 13,2025-11-30T12:00:00+00:00,Crystal Palace,Manchester United,1,2026-09-22T04:36:14Z,CAPTURED,40,
1379093,DOMESTIC_LEAGUE,England,39,Premier League,2025,Regular Season - 13,2025-11-29T17:30:00+00:00,Everton,Newcastle,1,2026-09-22T04:36:14Z,CAPTURED,40,
1379094,DOMESTIC_LEAGUE,England,39,Premier League,2025,Regular Season - 13,2025-11-29T15:00:00+00:00,Manchester City,Leeds,1,2026-09-22T04:36:14Z,CAPTURED,40,
1379095,DOMESTIC_LEAGUE,England,39,Premier League,2025,Regular Season - 13,2025-11-30T14:05:00+00:00,Nottingham Forest,Brighton,1,2026-09-22T04:36:14Z,CAPTURED,40,
1379096,DOMESTIC_LEAGUE,England,39,Premier League,2025,Regular Season - 13,2025-11-29T15:00:00+00:00,Sunderland,Bournemouth,1,2026-09-22T04:36:14Z,CAPTURED,40,
1379097,DOMESTIC_LEAGUE,England,39,Premier League,2025,Regular Season - 13,2025-11-29T20:00:00+00:00,Tottenham,Fulham,1,2026-09-22T04:36:14Z,CAPTURED,40,
1379098,DOMESTIC_LEAGUE,England,39,Premier League,2025,Regular Season - 13,2025-11-30T14:05:00+00:00,West Ham,Liverpool,1,2026-09-22T04:36:14Z,CAPTURED,40,
1379099,DOMESTIC_LEAGUE,England,39,Premier League,2025,Regular Season - 14,2025-12-03T19:30:00+00:00,Arsenal,Brentford,1,2026-09-22T04:36:14Z,CAPTURED,40,
1379100,DOMESTIC_LEAGUE,England,39,Premier League,2025,Regular Season - 14,2025-12-02T19:30:00+00:00,Bournemouth,Everton,1,2026-09-22T04:36:14Z,CAPTURED,40,
1379101,DOMESTIC_LEAGUE,England,39,Premier League,2025,Regular Season - 14,2025-12-03T19:30:00+00:00,Brighton,Aston Villa,1,2026-09-22T04:36:14Z,CAPTURED,40,
1379102,DOMESTIC_LEAGUE,England,39,Premier League,2025,Regular Season - 14,2025-12-03T19:30:00+00:00,Burnley,Crystal Palace,1,2026-09-22T04:36:14Z,CAPTURED,40,
1379103,DOMESTIC_LEAGUE,England,39,Premier League,2025,Regular Season - 14,2025-12-02T19:30:00+00:00,Fulham,Manchester City,1,2026-09-22T04:36:14Z,CAPTURED,40,
1379104,DOMESTIC_LEAGUE,England,39,Premier League,2025,Regular Season - 14,2025-12-03T20:15:00+00:00,Leeds,Chelsea,1,2026-09-22T04:36:14Z,CAPTURED,40,
1379105,DOMESTIC_LEAGUE,England,39,Premier League,2025,Regular Season - 14,2025-12-03T20:15:00+00:00,Liverpool,Sunderland,1,2026-09-22T04:36:14Z,CAPTURED,40,
1379106,DOMESTIC_LEAGUE,England,39,Premier League,2025,Regular Season - 14,2025-12-04T20:00:00+00:00,Manchester United,West Ham,1,2026-09-22T04:36:14Z,CAPTURED,40,
1379107,DOMESTIC_LEAGUE,England,39,Premier League,2025,Regular Season - 14,2025-12-02T20:15:00+00:00,Newcastle,Tottenham,1,2026-09-22T04:36:14Z,CAPTURED,40,
1379108,DOMESTIC_LEAGUE,England,39,Premier League,2025,Regular Season - 14,2025-12-03T19:30:00+00:00,Wolves,Nottingham Forest,1,2026-09-22T04:36:14Z,CAPTURED,40,
1379109,DOMESTIC_LEAGUE,England,39,Premier League,2025,Regular Season - 15,2025-12-06T12:30:00+00:00,Aston Villa,Arsenal,1,2026-09-22T04:36:14Z,CAPTURED,40,
1387761,DOMESTIC_LEAGUE,France,61,Ligue 1,2025,Regular Season - 8,2025-10-18T17:00:00+00:00,Angers,Monaco,1,2026-09-22T04:36:14Z,CAPTURED,40,
1387762,DOMESTIC_LEAGUE,France,61,Ligue 1,2025,Regular Season - 8,2025-10-19T13:00:00+00:00,Lens,Paris FC,1,2026-09-22T04:36:14Z,CAPTURED,40,
1387763,DOMESTIC_LEAGUE,France,61,Ligue 1,2025,Regular Season - 8,2025-10-19T15:15:00+00:00,Lorient,Stade Brestois 29,1,2026-09-22T04:36:14Z,CAPTURED,38,
1387764,DOMESTIC_LEAGUE,France,61,Ligue 1,2025,Regular Season - 8,2025-10-18T19:05:00+00:00,Marseille,Le Havre,1,2026-09-22T04:36:14Z,CAPTURED,40,
1387765,DOMESTIC_LEAGUE,France,61,Ligue 1,2025,Regular Season - 8,2025-10-19T18:45:00+00:00,Nantes,Lille,1,2026-09-22T04:36:14Z,CAPTURED,40,
1387768,DOMESTIC_LEAGUE,France,61,Ligue 1,2025,Regular Season - 8,2025-10-19T15:15:00+00:00,Rennes,Auxerre,1,2026-09-22T04:36:14Z,CAPTURED,40,
1387769,DOMESTIC_LEAGUE,France,61,Ligue 1,2025,Regular Season - 8,2025-10-19T15:15:00+00:00,Toulouse,Metz,1,2026-09-22T04:36:14Z,CAPTURED,40,
1387770,DOMESTIC_LEAGUE,France,61,Ligue 1,2025,Regular Season - 9,2025-10-26T16:15:00+00:00,Angers,Lorient,1,2026-09-22T04:36:14Z,CAPTURED,40,
1387771,DOMESTIC_LEAGUE,France,61,Ligue 1,2025,Regular Season - 9,2025-10-26T16:15:00+00:00,Auxerre,Le Havre,1,2026-09-22T04:36:14Z,CAPTURED,40,
1387772,DOMESTIC_LEAGUE,France,61,Ligue 1,2025,Regular Season - 9,2025-10-25T15:00:00+00:00,Stade Brestois 29,Paris Saint Germain,1,2026-09-22T04:36:14Z,CAPTURED,40,
1387773,DOMESTIC_LEAGUE,France,61,Ligue 1,2025,Regular Season - 9,2025-10-25T19:05:00+00:00,Lens,Marseille,1,2026-09-22T04:36:14Z,CAPTURED,40,
1387774,DOMESTIC_LEAGUE,France,61,Ligue 1,2025,Regular Season - 9,2025-10-26T14:00:00+00:00,Lille,Metz,1,2026-09-22T04:36:14Z,CAPTURED,40,
1387775,DOMESTIC_LEAGUE,France,61,Ligue 1,2025,Regular Season - 9,2025-10-26T19:45:00+00:00,Lyon,Strasbourg,1,2026-09-22T04:36:14Z,CAPTURED,40,
1387776,DOMESTIC_LEAGUE,France,61,Ligue 1,2025,Regular Season - 9,2025-10-25T17:00:00+00:00,Monaco,Toulouse,1,2026-09-22T04:36:14Z,CAPTURED,40,
1387777,DOMESTIC_LEAGUE,France,61,Ligue 1,2025,Regular Season - 9,2025-10-24T18:45:00+00:00,Paris FC,Nantes,1,2026-09-22T04:36:14Z,CAPTURED,40,
1387778,DOMESTIC_LEAGUE,France,61,Ligue 1,2025,Regular Season - 9,2025-10-26T16:15:00+00:00,Rennes,Nice,1,2026-09-22T04:36:14Z,CAPTURED,40,
1387779,DOMESTIC_LEAGUE,France,61,Ligue 1,2025,Regular Season - 10,2025-10-29T18:00:00+00:00,Le Havre,Stade Brestois 29,1,2026-09-22T04:36:14Z,CAPTURED,40,
1387780,DOMESTIC_LEAGUE,France,61,Ligue 1,2025,Regular Season - 10,2025-10-29T18:00:00+00:00,Lorient,Paris Saint Germain,1,2026-09-22T04:36:14Z,CAPTURED,40,
1387781,DOMESTIC_LEAGUE,France,61,Ligue 1,2025,Regular Season - 10,2025-10-29T20:05:00+00:00,Marseille,Angers,1,2026-09-22T04:36:14Z,CAPTURED,40,
1387782,DOMESTIC_LEAGUE,France,61,Ligue 1,2025,Regular Season - 10,2025-10-29T18:00:00+00:00,Metz,Lens,1,2026-09-22T04:36:14Z,CAPTURED,40,
1387783,DOMESTIC_LEAGUE,France,61,Ligue 1,2025,Regular Season - 10,2025-10-29T20:05:00+00:00,Nantes,Monaco,1,2026-09-22T04:36:14Z,CAPTURED,40,
1387784,DOMESTIC_LEAGUE,France,61,Ligue 1,2025,Regular Season - 10,2025-10-29T18:00:00+00:00,Nice,Lille,1,2026-09-22T04:36:14Z,CAPTURED,40,
1387785,DOMESTIC_LEAGUE,France,61,Ligue 1,2025,Regular Season - 10,2025-10-29T20:05:00+00:00,Paris FC,Lyon,1,2026-09-22T04:36:14Z,CAPTURED,40,
1387786,DOMESTIC_LEAGUE,France,61,Ligue 1,2025,Regular Season - 10,2025-10-29T20:05:00+00:00,Strasbourg,Auxerre,1,2026-09-22T04:36:14Z,CAPTURED,40,
1387787,DOMESTIC_LEAGUE,France,61,Ligue 1,2025,Regular Season - 10,2025-10-29T20:05:00+00:00,Toulouse,Rennes,1,2026-09-22T04:36:14Z,CAPTURED,40,
1387788,DOMESTIC_LEAGUE,France,61,Ligue 1,2025,Regular Season - 11,2025-11-01T20:05:00+00:00,Auxerre,Marseille,1,2026-09-22T04:36:14Z,CAPTURED,40,
1387789,DOMESTIC_LEAGUE,France,61,Ligue 1,2025,Regular Season - 11,2025-11-02T19:45:00+00:00,Stade Brestois 29,Lyon,1,2026-09-22T04:36:14Z,CAPTURED,40,
1387790,DOMESTIC_LEAGUE,France,61,Ligue 1,2025,Regular Season - 11,2025-11-02T16:15:00+00:00,Lens,Lorient,1,2026-09-22T04:36:14Z,CAPTURED,40,
1387791,DOMESTIC_LEAGUE,France,61,Ligue 1,2025,Regular Season - 11,2025-11-02T16:15:00+00:00,Lille,Angers,1,2026-09-22T04:36:14Z,CAPTURED,40,
1387792,DOMESTIC_LEAGUE,France,61,Ligue 1,2025,Regular Season - 11,2025-11-01T18:00:00+00:00,Monaco,Paris FC,1,2026-09-22T04:36:14Z,CAPTURED,40,
1387793,DOMESTIC_LEAGUE,France,61,Ligue 1,2025,Regular Season - 11,2025-11-02T16:15:00+00:00,Nantes,Metz,1,2026-09-22T04:36:14Z,CAPTURED,40,
1387794,DOMESTIC_LEAGUE,France,61,Ligue 1,2025,Regular Season - 11,2025-11-01T16:00:00+00:00,Paris Saint Germain,Nice,1,2026-09-22T04:36:14Z,CAPTURED,40,
1387795,DOMESTIC_LEAGUE,France,61,Ligue 1,2025,Regular Season - 11,2025-11-02T14:00:00+00:00,Rennes,Strasbourg,1,2026-09-22T04:36:14Z,CAPTURED,40,
1387796,DOMESTIC_LEAGUE,France,61,Ligue 1,2025,Regular Season - 11,2025-11-02T16:15:00+00:00,Toulouse,Le Havre,1,2026-09-22T04:36:14Z,CAPTURED,40,
1387797,DOMESTIC_LEAGUE,France,61,Ligue 1,2025,Regular Season - 12,2025-11-09T16:15:00+00:00,Angers,Auxerre,1,2026-09-22T04:36:14Z,CAPTURED,40,
1387798,DOMESTIC_LEAGUE,France,61,Ligue 1,2025,Regular Season - 12,2025-11-08T18:00:00+00:00,Le Havre,Nantes,1,2026-09-22T04:36:14Z,CAPTURED,40,
1387799,DOMESTIC_LEAGUE,France,61,Ligue 1,2025,Regular Season - 12,2025-11-09T14:00:00+00:00,Lorient,Toulouse,1,2026-09-22T04:36:14Z,CAPTURED,39,
1387800,DOMESTIC_LEAGUE,France,61,Ligue 1,2025,Regular Season - 12,2025-11-09T19:45:00+00:00,Lyon,Paris Saint Germain,1,2026-09-22T04:36:14Z,CAPTURED,40,
1387801,DOMESTIC_LEAGUE,France,61,Ligue 1,2025,Regular Season - 12,2025-11-08T16:00:00+00:00,Marseille,Stade Brestois 29,1,2026-09-22T04:36:14Z,CAPTURED,40,
1387802,DOMESTIC_LEAGUE,France,61,Ligue 1,2025,Regular Season - 12,2025-11-09T16:15:00+00:00,Metz,Nice,1,2026-09-22T04:36:14Z,CAPTURED,40,
1387803,DOMESTIC_LEAGUE,France,61,Ligue 1,2025,Regular Season - 12,2025-11-08T20:05:00+00:00,Monaco,Lens,1,2026-09-22T04:36:14Z,CAPTURED,40,
1387804,DOMESTIC_LEAGUE,France,61,Ligue 1,2025,Regular Season - 12,2025-11-07T19:45:00+00:00,Paris FC,Rennes,1,2026-09-22T04:36:14Z,CAPTURED,40,
1387805,DOMESTIC_LEAGUE,France,61,Ligue 1,2025,Regular Season - 12,2025-11-09T16:15:00+00:00,Strasbourg,Lille,1,2026-09-22T04:36:14Z,CAPTURED,40,
1387806,DOMESTIC_LEAGUE,France,61,Ligue 1,2025,Regular Season - 13,2025-11-23T14:00:00+00:00,Auxerre,Lyon,1,2026-09-22T04:36:14Z,CAPTURED,40,
1387807,DOMESTIC_LEAGUE,France,61,Ligue 1,2025,Regular Season - 13,2025-11-23T16:15:00+00:00,Stade Brestois 29,Metz,1,2026-09-22T04:36:14Z,CAPTURED,40,
1387808,DOMESTIC_LEAGUE,France,61,Ligue 1,2025,Regular Season - 13,2025-11-22T16:00:00+00:00,Lens,Strasbourg,1,2026-09-22T04:36:14Z,CAPTURED,40,
1387809,DOMESTIC_LEAGUE,France,61,Ligue 1,2025,Regular Season - 13,2025-11-23T19:45:00+00:00,Lille,Paris FC,1,2026-09-22T04:36:14Z,CAPTURED,40,
1387810,DOMESTIC_LEAGUE,France,61,Ligue 1,2025,Regular Season - 13,2025-11-23T16:15:00+00:00,Nantes,Lorient,1,2026-09-22T04:36:14Z,CAPTURED,40,
1387811,DOMESTIC_LEAGUE,France,61,Ligue 1,2025,Regular Season - 13,2025-11-21T19:45:00+00:00,Nice,Marseille,1,2026-09-22T04:36:14Z,CAPTURED,40,
1387812,DOMESTIC_LEAGUE,France,61,Ligue 1,2025,Regular Season - 13,2025-11-22T20:05:00+00:00,Paris Saint Germain,Le Havre,1,2026-09-22T04:36:14Z,CAPTURED,40,
1387813,DOMESTIC_LEAGUE,France,61,Ligue 1,2025,Regular Season - 13,2025-11-22T18:00:00+00:00,Rennes,Monaco,1,2026-09-22T04:36:14Z,CAPTURED,40,
1387814,DOMESTIC_LEAGUE,France,61,Ligue 1,2025,Regular Season - 13,2025-11-23T16:15:00+00:00,Toulouse,Angers,1,2026-09-22T04:36:14Z,CAPTURED,40,
1387815,DOMESTIC_LEAGUE,France,61,Ligue 1,2025,Regular Season - 14,2025-11-30T16:15:00+00:00,Angers,Lens,1,2026-09-22T04:36:14Z,CAPTURED,40,
1387816,DOMESTIC_LEAGUE,France,61,Ligue 1,2025,Regular Season - 14,2025-11-30T16:15:00+00:00,Le Havre,Lille,1,2026-09-22T04:36:14Z,CAPTURED,39,
1387817,DOMESTIC_LEAGUE,France,61,Ligue 1,2025,Regular Season - 14,2025-11-30T16:15:00+00:00,Lorient,Nice,1,2026-09-22T04:36:14Z,CAPTURED,40,
1387818,DOMESTIC_LEAGUE,France,61,Ligue 1,2025,Regular Season - 14,2025-11-30T19:45:00+00:00,Lyon,Nantes,1,2026-09-22T04:36:14Z,CAPTURED,40,
1387819,DOMESTIC_LEAGUE,France,61,Ligue 1,2025,Regular Season - 14,2025-11-29T20:05:00+00:00,Marseille,Toulouse,1,2026-09-22T04:36:14Z,CAPTURED,40,
1387820,DOMESTIC_LEAGUE,France,61,Ligue 1,2025,Regular Season - 14,2025-11-28T19:45:00+00:00,Metz,Rennes,1,2026-09-22T04:36:14Z,CAPTURED,40,
1387821,DOMESTIC_LEAGUE,France,61,Ligue 1,2025,Regular Season - 14,2025-11-29T16:00:00+00:00,Monaco,Paris Saint Germain,1,2026-09-22T04:36:14Z,CAPTURED,40,
1387822,DOMESTIC_LEAGUE,France,61,Ligue 1,2025,Regular Season - 14,2025-11-29T18:00:00+00:00,Paris FC,Auxerre,1,2026-09-22T04:36:14Z,CAPTURED,40,
1387823,DOMESTIC_LEAGUE,France,61,Ligue 1,2025,Regular Season - 14,2025-11-30T14:00:00+00:00,Strasbourg,Stade Brestois 29,1,2026-09-22T04:36:14Z,CAPTURED,40,
1387825,DOMESTIC_LEAGUE,France,61,Ligue 1,2025,Regular Season - 15,2025-12-05T18:00:00+00:00,Stade Brestois 29,Monaco,1,2026-09-22T04:36:14Z,CAPTURED,40,
1387827,DOMESTIC_LEAGUE,France,61,Ligue 1,2025,Regular Season - 15,2025-12-05T20:00:00+00:00,Lille,Marseille,1,2026-09-22T04:36:14Z,CAPTURED,40,
1388364,DOMESTIC_LEAGUE,Germany,78,Bundesliga,2025,Regular Season - 7,2025-10-19T13:30:00+00:00,SC Freiburg,Eintracht Frankfurt,1,2026-09-22T04:36:14Z,CAPTURED,40,
1388368,DOMESTIC_LEAGUE,Germany,78,Bundesliga,2025,Regular Season - 7,2025-10-19T15:30:00+00:00,FC St. Pauli,1899 Hoffenheim,1,2026-09-22T04:36:14Z,CAPTURED,40,
1388371,DOMESTIC_LEAGUE,Germany,78,Bundesliga,2025,Regular Season - 8,2025-10-25T13:30:00+00:00,FC Augsburg,RB Leipzig,1,2026-09-22T04:36:14Z,CAPTURED,40,
1388372,DOMESTIC_LEAGUE,Germany,78,Bundesliga,2025,Regular Season - 8,2025-10-26T14:30:00+00:00,Bayer Leverkusen,SC Freiburg,1,2026-09-22T04:36:14Z,CAPTURED,40,
1388373,DOMESTIC_LEAGUE,Germany,78,Bundesliga,2025,Regular Season - 8,2025-10-25T13:30:00+00:00,Borussia Mönchengladbach,Bayern München,1,2026-09-22T04:36:14Z,CAPTURED,40,
1388374,DOMESTIC_LEAGUE,Germany,78,Bundesliga,2025,Regular Season - 8,2025-10-25T16:30:00+00:00,Borussia Dortmund,1. FC Köln,1,2026-09-22T04:36:14Z,CAPTURED,40,
1388375,DOMESTIC_LEAGUE,Germany,78,Bundesliga,2025,Regular Season - 8,2025-10-25T13:30:00+00:00,Eintracht Frankfurt,FC St. Pauli,1,2026-09-22T04:36:14Z,CAPTURED,40,
1388376,DOMESTIC_LEAGUE,Germany,78,Bundesliga,2025,Regular Season - 8,2025-10-25T13:30:00+00:00,Hamburger SV,VfL Wolfsburg,1,2026-09-22T04:36:14Z,CAPTURED,40,
1388377,DOMESTIC_LEAGUE,Germany,78,Bundesliga,2025,Regular Season - 8,2025-10-25T13:30:00+00:00,1899 Hoffenheim,1. FC Heidenheim,1,2026-09-22T04:36:14Z,CAPTURED,40,
1388378,DOMESTIC_LEAGUE,Germany,78,Bundesliga,2025,Regular Season - 8,2025-10-26T16:30:00+00:00,VfB Stuttgart,FSV Mainz 05,1,2026-09-22T04:36:14Z,CAPTURED,40,
1388379,DOMESTIC_LEAGUE,Germany,78,Bundesliga,2025,Regular Season - 8,2025-10-24T18:30:00+00:00,Werder Bremen,Union Berlin,1,2026-09-22T04:36:14Z,CAPTURED,40,
1388380,DOMESTIC_LEAGUE,Germany,78,Bundesliga,2025,Regular Season - 9,2025-10-31T19:30:00+00:00,FC Augsburg,Borussia Dortmund,1,2026-09-22T04:36:14Z,CAPTURED,40,
1388381,DOMESTIC_LEAGUE,Germany,78,Bundesliga,2025,Regular Season - 9,2025-11-01T17:30:00+00:00,Bayern München,Bayer Leverkusen,1,2026-09-22T04:36:14Z,CAPTURED,40,
1388382,DOMESTIC_LEAGUE,Germany,78,Bundesliga,2025,Regular Season - 9,2025-11-02T14:30:00+00:00,1. FC Köln,Hamburger SV,1,2026-09-22T04:36:14Z,CAPTURED,40,
1388383,DOMESTIC_LEAGUE,Germany,78,Bundesliga,2025,Regular Season - 9,2025-11-01T14:30:00+00:00,1. FC Heidenheim,Eintracht Frankfurt,1,2026-09-22T04:36:14Z,CAPTURED,40,
1388384,DOMESTIC_LEAGUE,Germany,78,Bundesliga,2025,Regular Season - 9,2025-11-01T14:30:00+00:00,FSV Mainz 05,Werder Bremen,1,2026-09-22T04:36:14Z,CAPTURED,40,
1388385,DOMESTIC_LEAGUE,Germany,78,Bundesliga,2025,Regular Season - 9,2025-11-01T14:30:00+00:00,RB Leipzig,VfB Stuttgart,1,2026-09-22T04:36:14Z,CAPTURED,40,
1388386,DOMESTIC_LEAGUE,Germany,78,Bundesliga,2025,Regular Season - 9,2025-11-01T14:30:00+00:00,FC St. Pauli,Borussia Mönchengladbach,1,2026-09-22T04:36:14Z,CAPTURED,40,
1388387,DOMESTIC_LEAGUE,Germany,78,Bundesliga,2025,Regular Season - 9,2025-11-01T14:30:00+00:00,Union Berlin,SC Freiburg,1,2026-09-22T04:36:14Z,CAPTURED,40,
1388388,DOMESTIC_LEAGUE,Germany,78,Bundesliga,2025,Regular Season - 9,2025-11-02T16:30:00+00:00,VfL Wolfsburg,1899 Hoffenheim,1,2026-09-22T04:36:14Z,CAPTURED,40,
1388389,DOMESTIC_LEAGUE,Germany,78,Bundesliga,2025,Regular Season - 10,2025-11-08T14:30:00+00:00,Bayer Leverkusen,1. FC Heidenheim,1,2026-09-22T04:36:14Z,CAPTURED,40,
1388390,DOMESTIC_LEAGUE,Germany,78,Bundesliga,2025,Regular Season - 10,2025-11-08T17:30:00+00:00,Borussia Mönchengladbach,1. FC Köln,1,2026-09-22T04:36:14Z,CAPTURED,40,
1388391,DOMESTIC_LEAGUE,Germany,78,Bundesliga,2025,Regular Season - 10,2025-11-09T18:30:00+00:00,Eintracht Frankfurt,FSV Mainz 05,1,2026-09-22T04:36:14Z,CAPTURED,40,
1388392,DOMESTIC_LEAGUE,Germany,78,Bundesliga,2025,Regular Season - 10,2025-11-09T14:30:00+00:00,SC Freiburg,FC St. Pauli,1,2026-09-22T04:36:14Z,CAPTURED,40,
1388393,DOMESTIC_LEAGUE,Germany,78,Bundesliga,2025,Regular Season - 10,2025-11-08T14:30:00+00:00,Hamburger SV,Borussia Dortmund,1,2026-09-22T04:36:14Z,CAPTURED,40,
1388394,DOMESTIC_LEAGUE,Germany,78,Bundesliga,2025,Regular Season - 10,2025-11-08T14:30:00+00:00,1899 Hoffenheim,RB Leipzig,1,2026-09-22T04:36:14Z,CAPTURED,40,
1388395,DOMESTIC_LEAGUE,Germany,78,Bundesliga,2025,Regular Season - 10,2025-11-09T16:30:00+00:00,VfB Stuttgart,FC Augsburg,1,2026-09-22T04:36:14Z,CAPTURED,40,
1388396,DOMESTIC_LEAGUE,Germany,78,Bundesliga,2025,Regular Season - 10,2025-11-08T14:30:00+00:00,Union Berlin,Bayern München,1,2026-09-22T04:36:14Z,CAPTURED,40,
1388397,DOMESTIC_LEAGUE,Germany,78,Bundesliga,2025,Regular Season - 10,2025-11-07T19:30:00+00:00,Werder Bremen,VfL Wolfsburg,1,2026-09-22T04:36:14Z,CAPTURED,40,
1388398,DOMESTIC_LEAGUE,Germany,78,Bundesliga,2025,Regular Season - 11,2025-11-22T14:30:00+00:00,FC Augsburg,Hamburger SV,1,2026-09-22T04:36:14Z,CAPTURED,40,
1388399,DOMESTIC_LEAGUE,Germany,78,Bundesliga,2025,Regular Season - 11,2025-11-22T14:30:00+00:00,Bayern München,SC Freiburg,1,2026-09-22T04:36:14Z,CAPTURED,40,
1388400,DOMESTIC_LEAGUE,Germany,78,Bundesliga,2025,Regular Season - 11,2025-11-22T14:30:00+00:00,Borussia Dortmund,VfB Stuttgart,1,2026-09-22T04:36:14Z,CAPTURED,40,
1388401,DOMESTIC_LEAGUE,Germany,78,Bundesliga,2025,Regular Season - 11,2025-11-22T17:30:00+00:00,1. FC Köln,Eintracht Frankfurt,1,2026-09-22T04:36:14Z,CAPTURED,40,
1388402,DOMESTIC_LEAGUE,Germany,78,Bundesliga,2025,Regular Season - 11,2025-11-22T14:30:00+00:00,1. FC Heidenheim,Borussia Mönchengladbach,1,2026-09-22T04:36:14Z,CAPTURED,40,
1388403,DOMESTIC_LEAGUE,Germany,78,Bundesliga,2025,Regular Season - 11,2025-11-21T19:30:00+00:00,FSV Mainz 05,1899 Hoffenheim,1,2026-09-22T04:36:14Z,CAPTURED,40,
1388404,DOMESTIC_LEAGUE,Germany,78,Bundesliga,2025,Regular Season - 11,2025-11-23T14:30:00+00:00,RB Leipzig,Werder Bremen,1,2026-09-22T04:36:14Z,CAPTURED,40,
1388405,DOMESTIC_LEAGUE,Germany,78,Bundesliga,2025,Regular Season - 11,2025-11-23T16:30:00+00:00,FC St. Pauli,Union Berlin,1,2026-09-22T04:36:14Z,CAPTURED,40,
1388406,DOMESTIC_LEAGUE,Germany,78,Bundesliga,2025,Regular Season - 11,2025-11-22T14:30:00+00:00,VfL Wolfsburg,Bayer Leverkusen,1,2026-09-22T04:36:14Z,CAPTURED,40,
1388407,DOMESTIC_LEAGUE,Germany,78,Bundesliga,2025,Regular Season - 12,2025-11-29T17:30:00+00:00,Bayer Leverkusen,Borussia Dortmund,1,2026-09-22T04:36:14Z,CAPTURED,40,
1388408,DOMESTIC_LEAGUE,Germany,78,Bundesliga,2025,Regular Season - 12,2025-11-29T14:30:00+00:00,Bayern München,FC St. Pauli,1,2026-09-22T04:36:14Z,CAPTURED,40,
1388409,DOMESTIC_LEAGUE,Germany,78,Bundesliga,2025,Regular Season - 12,2025-11-28T19:30:00+00:00,Borussia Mönchengladbach,RB Leipzig,1,2026-09-22T04:36:14Z,CAPTURED,40,
1388410,DOMESTIC_LEAGUE,Germany,78,Bundesliga,2025,Regular Season - 12,2025-11-30T16:30:00+00:00,Eintracht Frankfurt,VfL Wolfsburg,1,2026-09-22T04:36:14Z,CAPTURED,40,
1388411,DOMESTIC_LEAGUE,Germany,78,Bundesliga,2025,Regular Season - 12,2025-11-30T18:30:00+00:00,SC Freiburg,FSV Mainz 05,1,2026-09-22T04:36:14Z,CAPTURED,40,
1388412,DOMESTIC_LEAGUE,Germany,78,Bundesliga,2025,Regular Season - 12,2025-11-30T14:30:00+00:00,Hamburger SV,VfB Stuttgart,1,2026-09-22T04:36:14Z,CAPTURED,40,
1388413,DOMESTIC_LEAGUE,Germany,78,Bundesliga,2025,Regular Season - 12,2025-11-29T14:30:00+00:00,1899 Hoffenheim,FC Augsburg,1,2026-09-22T04:36:14Z,CAPTURED,40,
1388414,DOMESTIC_LEAGUE,Germany,78,Bundesliga,2025,Regular Season - 12,2025-11-29T14:30:00+00:00,Union Berlin,1. FC Heidenheim,1,2026-09-22T04:36:14Z,CAPTURED,40,
1388415,DOMESTIC_LEAGUE,Germany,78,Bundesliga,2025,Regular Season - 12,2025-11-29T14:30:00+00:00,Werder Bremen,1. FC Köln,1,2026-09-22T04:36:14Z,CAPTURED,40,
1388416,DOMESTIC_LEAGUE,Germany,78,Bundesliga,2025,Regular Season - 13,2025-12-06T14:30:00+00:00,FC Augsburg,Bayer Leverkusen,1,2026-09-22T04:36:14Z,CAPTURED,40,
1388418,DOMESTIC_LEAGUE,Germany,78,Bundesliga,2025,Regular Season - 13,2025-12-06T14:30:00+00:00,1. FC Köln,FC St. Pauli,1,2026-09-22T04:36:14Z,CAPTURED,40,
1388420,DOMESTIC_LEAGUE,Germany,78,Bundesliga,2025,Regular Season - 13,2025-12-06T14:30:00+00:00,1. FC Heidenheim,SC Freiburg,1,2026-09-22T04:36:14Z,CAPTURED,40,
1388421,DOMESTIC_LEAGUE,Germany,78,Bundesliga,2025,Regular Season - 13,2025-12-05T19:30:00+00:00,FSV Mainz 05,Borussia Mönchengladbach,1,2026-09-22T04:36:14Z,CAPTURED,40,
1388423,DOMESTIC_LEAGUE,Germany,78,Bundesliga,2025,Regular Season - 13,2025-12-06T14:30:00+00:00,VfB Stuttgart,Bayern München,1,2026-09-22T04:36:14Z,CAPTURED,40,
1390899,DOMESTIC_LEAGUE,Spain,140,La Liga,2025,Regular Season - 9,2025-10-20T19:00:00+00:00,Alaves,Valencia,1,2026-09-22T04:36:14Z,CAPTURED,44,
1390900,DOMESTIC_LEAGUE,Spain,140,La Liga,2025,Regular Season - 9,2025-10-18T19:00:00+00:00,Atletico Madrid,Osasuna,1,2026-09-22T04:36:14Z,CAPTURED,42,
1390902,DOMESTIC_LEAGUE,Spain,140,La Liga,2025,Regular Season - 9,2025-10-19T14:15:00+00:00,Celta Vigo,Real Sociedad,1,2026-09-22T04:36:14Z,CAPTURED,46,
1390903,DOMESTIC_LEAGUE,Spain,140,La Liga,2025,Regular Season - 9,2025-10-19T12:00:00+00:00,Elche,Athletic Club,1,2026-09-22T04:36:14Z,CAPTURED,46,
1390904,DOMESTIC_LEAGUE,Spain,140,La Liga,2025,Regular Season - 9,2025-10-19T19:00:00+00:00,Getafe,Real Madrid,1,2026-09-22T04:36:14Z,CAPTURED,41,
1390905,DOMESTIC_LEAGUE,Spain,140,La Liga,2025,Regular Season - 9,2025-10-19T16:30:00+00:00,Levante,Rayo Vallecano,1,2026-09-22T04:36:14Z,CAPTURED,46,
1390908,DOMESTIC_LEAGUE,Spain,140,La Liga,2025,Regular Season - 9,2025-10-18T16:30:00+00:00,Villarreal,Real Betis,1,2026-09-22T04:36:14Z,CAPTURED,45,
1390909,DOMESTIC_LEAGUE,Spain,140,La Liga,2025,Regular Season - 10,2025-10-25T16:30:00+00:00,Athletic Club,Getafe,1,2026-09-22T04:36:14Z,CAPTURED,43,
1390910,DOMESTIC_LEAGUE,Spain,140,La Liga,2025,Regular Season - 10,2025-10-27T20:00:00+00:00,Real Betis,Atletico Madrid,1,2026-09-22T04:36:14Z,CAPTURED,46,
1390911,DOMESTIC_LEAGUE,Spain,140,La Liga,2025,Regular Season - 10,2025-10-25T14:15:00+00:00,Espanyol,Elche,1,2026-09-22T04:36:14Z,CAPTURED,46,
1390912,DOMESTIC_LEAGUE,Spain,140,La Liga,2025,Regular Season - 10,2025-10-25T12:00:00+00:00,Girona,Oviedo,1,2026-09-22T04:36:14Z,CAPTURED,46,
1390913,DOMESTIC_LEAGUE,Spain,140,La Liga,2025,Regular Season - 10,2025-10-26T13:00:00+00:00,Mallorca,Levante,1,2026-09-22T04:36:14Z,CAPTURED,45,
1390914,DOMESTIC_LEAGUE,Spain,140,La Liga,2025,Regular Season - 10,2025-10-26T17:30:00+00:00,Osasuna,Celta Vigo,1,2026-09-22T04:36:14Z,CAPTURED,43,
1390915,DOMESTIC_LEAGUE,Spain,140,La Liga,2025,Regular Season - 10,2025-10-26T20:00:00+00:00,Rayo Vallecano,Alaves,1,2026-09-22T04:36:14Z,CAPTURED,46,
1390916,DOMESTIC_LEAGUE,Spain,140,La Liga,2025,Regular Season - 10,2025-10-26T15:15:00+00:00,Real Madrid,Barcelona,1,2026-09-22T04:36:14Z,CAPTURED,45,
1390917,DOMESTIC_LEAGUE,Spain,140,La Liga,2025,Regular Season - 10,2025-10-24T19:00:00+00:00,Real Sociedad,Sevilla,1,2026-09-22T04:36:14Z,CAPTURED,46,
1390918,DOMESTIC_LEAGUE,Spain,140,La Liga,2025,Regular Season - 10,2025-10-25T19:00:00+00:00,Valencia,Villarreal,1,2026-09-22T04:36:14Z,CAPTURED,45,
1390919,DOMESTIC_LEAGUE,Spain,140,La Liga,2025,Regular Season - 11,2025-11-02T15:15:00+00:00,Alaves,Espanyol,1,2026-09-22T04:36:14Z,CAPTURED,45,
1390920,DOMESTIC_LEAGUE,Spain,140,La Liga,2025,Regular Season - 11,2025-11-01T15:15:00+00:00,Atletico Madrid,Sevilla,1,2026-09-22T04:36:14Z,CAPTURED,46,
1390921,DOMESTIC_LEAGUE,Spain,140,La Liga,2025,Regular Season - 11,2025-11-02T17:30:00+00:00,Barcelona,Elche,1,2026-09-22T04:36:14Z,CAPTURED,44,
1390922,DOMESTIC_LEAGUE,Spain,140,La Liga,2025,Regular Season - 11,2025-11-02T20:00:00+00:00,Real Betis,Mallorca,1,2026-09-22T04:36:14Z,CAPTURED,45,
1390923,DOMESTIC_LEAGUE,Spain,140,La Liga,2025,Regular Season - 11,2025-10-31T20:00:00+00:00,Getafe,Girona,1,2026-09-22T04:36:14Z,CAPTURED,45,
1390924,DOMESTIC_LEAGUE,Spain,140,La Liga,2025,Regular Season - 11,2025-11-02T13:00:00+00:00,Levante,Celta Vigo,1,2026-09-22T04:36:14Z,CAPTURED,45,
1390925,DOMESTIC_LEAGUE,Spain,140,La Liga,2025,Regular Season - 11,2025-11-01T20:00:00+00:00,Real Madrid,Valencia,1,2026-09-22T04:36:14Z,CAPTURED,46,
1390926,DOMESTIC_LEAGUE,Spain,140,La Liga,2025,Regular Season - 11,2025-11-01T17:30:00+00:00,Real Sociedad,Athletic Club,1,2026-09-22T04:36:14Z,CAPTURED,45,
1390927,DOMESTIC_LEAGUE,Spain,140,La Liga,2025,Regular Season - 11,2025-11-03T20:00:00+00:00,Oviedo,Osasuna,1,2026-09-22T04:36:14Z,CAPTURED,44,
1390928,DOMESTIC_LEAGUE,Spain,140,La Liga,2025,Regular Season - 11,2025-11-01T13:00:00+00:00,Villarreal,Rayo Vallecano,1,2026-09-22T04:36:14Z,CAPTURED,46,
1390929,DOMESTIC_LEAGUE,Spain,140,La Liga,2025,Regular Season - 12,2025-11-09T13:00:00+00:00,Athletic Club,Oviedo,1,2026-09-22T04:36:14Z,CAPTURED,45,
1390930,DOMESTIC_LEAGUE,Spain,140,La Liga,2025,Regular Season - 12,2025-11-08T17:30:00+00:00,Atletico Madrid,Levante,1,2026-09-22T04:36:14Z,CAPTURED,45,
1390931,DOMESTIC_LEAGUE,Spain,140,La Liga,2025,Regular Season - 12,2025-11-09T20:00:00+00:00,Celta Vigo,Barcelona,1,2026-09-22T04:36:14Z,CAPTURED,45,
1390932,DOMESTIC_LEAGUE,Spain,140,La Liga,2025,Regular Season - 12,2025-11-07T20:00:00+00:00,Elche,Real Sociedad,1,2026-09-22T04:36:14Z,CAPTURED,46,
1390933,DOMESTIC_LEAGUE,Spain,140,La Liga,2025,Regular Season - 12,2025-11-08T20:00:00+00:00,Espanyol,Villarreal,1,2026-09-22T04:36:14Z,CAPTURED,44,
1390934,DOMESTIC_LEAGUE,Spain,140,La Liga,2025,Regular Season - 12,2025-11-08T13:00:00+00:00,Girona,Alaves,1,2026-09-22T04:36:14Z,CAPTURED,46,
1390935,DOMESTIC_LEAGUE,Spain,140,La Liga,2025,Regular Season - 12,2025-11-09T17:30:00+00:00,Mallorca,Getafe,1,2026-09-22T04:36:14Z,CAPTURED,44,
1390936,DOMESTIC_LEAGUE,Spain,140,La Liga,2025,Regular Season - 12,2025-11-09T15:15:00+00:00,Rayo Vallecano,Real Madrid,1,2026-09-22T04:36:14Z,CAPTURED,45,
1390937,DOMESTIC_LEAGUE,Spain,140,La Liga,2025,Regular Season - 12,2025-11-08T15:15:00+00:00,Sevilla,Osasuna,1,2026-09-22T04:36:14Z,CAPTURED,41,
1390938,DOMESTIC_LEAGUE,Spain,140,La Liga,2025,Regular Season - 12,2025-11-09T17:30:00+00:00,Valencia,Real Betis,1,2026-09-22T04:36:14Z,CAPTURED,46,
1390939,DOMESTIC_LEAGUE,Spain,140,La Liga,2025,Regular Season - 13,2025-11-22T13:00:00+00:00,Alaves,Celta Vigo,1,2026-09-22T04:36:14Z,CAPTURED,45,
1390940,DOMESTIC_LEAGUE,Spain,140,La Liga,2025,Regular Season - 13,2025-11-22T15:15:00+00:00,Barcelona,Athletic Club,1,2026-09-22T04:36:14Z,CAPTURED,43,
1390941,DOMESTIC_LEAGUE,Spain,140,La Liga,2025,Regular Season - 13,2025-11-23T15:15:00+00:00,Real Betis,Girona,1,2026-09-22T04:36:14Z,CAPTURED,44,
1390942,DOMESTIC_LEAGUE,Spain,140,La Liga,2025,Regular Season - 13,2025-11-23T20:00:00+00:00,Elche,Real Madrid,1,2026-09-22T04:36:14Z,CAPTURED,43,
1390943,DOMESTIC_LEAGUE,Spain,140,La Liga,2025,Regular Season - 13,2025-11-24T20:00:00+00:00,Espanyol,Sevilla,1,2026-09-22T04:36:14Z,CAPTURED,46,
1390944,DOMESTIC_LEAGUE,Spain,140,La Liga,2025,Regular Season - 13,2025-11-23T17:30:00+00:00,Getafe,Atletico Madrid,1,2026-09-22T04:36:14Z,CAPTURED,44,
1390945,DOMESTIC_LEAGUE,Spain,140,La Liga,2025,Regular Season - 13,2025-11-22T17:30:00+00:00,Osasuna,Real Sociedad,1,2026-09-22T04:36:14Z,CAPTURED,42,
1390946,DOMESTIC_LEAGUE,Spain,140,La Liga,2025,Regular Season - 13,2025-11-23T13:00:00+00:00,Oviedo,Rayo Vallecano,1,2026-09-22T04:36:14Z,CAPTURED,45,
1390947,DOMESTIC_LEAGUE,Spain,140,La Liga,2025,Regular Season - 13,2025-11-21T20:00:00+00:00,Valencia,Levante,1,2026-09-22T04:36:14Z,CAPTURED,46,
1390948,DOMESTIC_LEAGUE,Spain,140,La Liga,2025,Regular Season - 13,2025-11-22T20:00:00+00:00,Villarreal,Mallorca,1,2026-09-22T04:36:14Z,CAPTURED,46,
1390949,DOMESTIC_LEAGUE,Spain,140,La Liga,2025,Regular Season - 14,2025-11-29T20:00:00+00:00,Atletico Madrid,Oviedo,1,2026-09-22T04:36:14Z,CAPTURED,46,
1390950,DOMESTIC_LEAGUE,Spain,140,La Liga,2025,Regular Season - 14,2025-11-29T15:15:00+00:00,Barcelona,Alaves,1,2026-09-22T04:36:14Z,CAPTURED,45,
1390951,DOMESTIC_LEAGUE,Spain,140,La Liga,2025,Regular Season - 14,2025-11-30T17:30:00+00:00,Celta Vigo,Espanyol,1,2026-09-22T04:36:14Z,CAPTURED,46,
1390952,DOMESTIC_LEAGUE,Spain,140,La Liga,2025,Regular Season - 14,2025-11-28T20:00:00+00:00,Getafe,Elche,1,2026-09-22T04:36:14Z,CAPTURED,45,
1390953,DOMESTIC_LEAGUE,Spain,140,La Liga,2025,Regular Season - 14,2025-11-30T20:00:00+00:00,Girona,Real Madrid,1,2026-09-22T04:36:14Z,CAPTURED,42,
1390954,DOMESTIC_LEAGUE,Spain,140,La Liga,2025,Regular Season - 14,2025-11-29T17:30:00+00:00,Levante,Athletic Club,1,2026-09-22T04:36:14Z,CAPTURED,42,
1390955,DOMESTIC_LEAGUE,Spain,140,La Liga,2025,Regular Season - 14,2025-11-29T13:00:00+00:00,Mallorca,Osasuna,1,2026-09-22T04:36:14Z,CAPTURED,42,
1390956,DOMESTIC_LEAGUE,Spain,140,La Liga,2025,Regular Season - 14,2025-12-01T20:00:00+00:00,Rayo Vallecano,Valencia,1,2026-09-22T04:36:14Z,CAPTURED,43,
1390957,DOMESTIC_LEAGUE,Spain,140,La Liga,2025,Regular Season - 14,2025-11-30T13:00:00+00:00,Real Sociedad,Villarreal,1,2026-09-22T04:36:14Z,CAPTURED,46,
1390958,DOMESTIC_LEAGUE,Spain,140,La Liga,2025,Regular Season - 14,2025-11-30T15:15:00+00:00,Sevilla,Real Betis,1,2026-09-22T04:36:14Z,CAPTURED,44,
1390966,DOMESTIC_LEAGUE,Spain,140,La Liga,2025,Regular Season - 15,2025-12-05T20:00:00+00:00,Oviedo,Mallorca,1,2026-09-22T04:36:14Z,CAPTURED,46,
1390968,DOMESTIC_LEAGUE,Spain,140,La Liga,2025,Regular Season - 15,2025-12-06T13:00:00+00:00,Villarreal,Getafe,1,2026-09-22T04:36:14Z,CAPTURED,46,
1390999,DOMESTIC_LEAGUE,Spain,140,La Liga,2025,Regular Season - 19,2025-12-03T18:00:00+00:00,Athletic Club,Real Madrid,1,2026-09-22T04:36:14Z,CAPTURED,45,
1391000,DOMESTIC_LEAGUE,Spain,140,La Liga,2025,Regular Season - 19,2025-12-02T20:00:00+00:00,Barcelona,Atletico Madrid,1,2026-09-22T04:36:14Z,CAPTURED,45,
1379110,DOMESTIC_LEAGUE,England,39,Premier League,2025,Regular Season - 15,2025-12-06T15:00:00+00:00,Bournemouth,Chelsea,1,2026-09-22T08:37:22Z,CAPTURED,40,
1379111,DOMESTIC_LEAGUE,England,39,Premier League,2025,Regular Season - 15,2025-12-07T14:00:00+00:00,Brighton,West Ham,1,2026-09-22T08:37:22Z,CAPTURED,40,
1379112,DOMESTIC_LEAGUE,England,39,Premier League,2025,Regular Season - 15,2025-12-06T15:00:00+00:00,Everton,Nottingham Forest,1,2026-09-22T08:37:22Z,CAPTURED,39,
1379113,DOMESTIC_LEAGUE,England,39,Premier League,2025,Regular Season - 15,2025-12-07T16:30:00+00:00,Fulham,Crystal Palace,1,2026-09-22T08:37:22Z,CAPTURED,40,
1379114,DOMESTIC_LEAGUE,England,39,Premier League,2025,Regular Season - 15,2025-12-06T17:30:00+00:00,Leeds,Liverpool,1,2026-09-22T08:37:22Z,CAPTURED,40,
1379115,DOMESTIC_LEAGUE,England,39,Premier League,2025,Regular Season - 15,2025-12-06T15:00:00+00:00,Manchester City,Sunderland,1,2026-09-22T08:37:22Z,CAPTURED,40,
1379116,DOMESTIC_LEAGUE,England,39,Premier League,2025,Regular Season - 15,2025-12-06T15:00:00+00:00,Newcastle,Burnley,1,2026-09-22T08:37:22Z,CAPTURED,40,
1379117,DOMESTIC_LEAGUE,England,39,Premier League,2025,Regular Season - 15,2025-12-06T15:00:00+00:00,Tottenham,Brentford,1,2026-09-22T08:37:22Z,CAPTURED,40,
1379118,DOMESTIC_LEAGUE,England,39,Premier League,2025,Regular Season - 15,2025-12-08T20:00:00+00:00,Wolves,Manchester United,1,2026-09-22T08:37:22Z,CAPTURED,40,
1379119,DOMESTIC_LEAGUE,England,39,Premier League,2025,Regular Season - 16,2025-12-13T20:00:00+00:00,Arsenal,Wolves,1,2026-09-22T08:37:22Z,CAPTURED,40,
1379120,DOMESTIC_LEAGUE,England,39,Premier League,2025,Regular Season - 16,2025-12-14T16:30:00+00:00,Brentford,Leeds,1,2026-09-22T08:37:22Z,CAPTURED,40,
1379121,DOMESTIC_LEAGUE,England,39,Premier League,2025,Regular Season - 16,2025-12-13T17:30:00+00:00,Burnley,Fulham,1,2026-09-22T08:37:22Z,CAPTURED,40,
1379122,DOMESTIC_LEAGUE,England,39,Premier League,2025,Regular Season - 16,2025-12-13T15:00:00+00:00,Chelsea,Everton,1,2026-09-22T08:37:22Z,CAPTURED,40,
1379123,DOMESTIC_LEAGUE,England,39,Premier League,2025,Regular Season - 16,2025-12-14T14:00:00+00:00,Crystal Palace,Manchester City,1,2026-09-22T08:37:22Z,CAPTURED,40,
1379124,DOMESTIC_LEAGUE,England,39,Premier League,2025,Regular Season - 16,2025-12-13T15:00:00+00:00,Liverpool,Brighton,1,2026-09-22T08:37:22Z,CAPTURED,39,
1379125,DOMESTIC_LEAGUE,England,39,Premier League,2025,Regular Season - 16,2025-12-15T20:00:00+00:00,Manchester United,Bournemouth,1,2026-09-22T08:37:22Z,CAPTURED,40,
1379126,DOMESTIC_LEAGUE,England,39,Premier League,2025,Regular Season - 16,2025-12-14T14:00:00+00:00,Nottingham Forest,Tottenham,1,2026-09-22T08:37:22Z,CAPTURED,40,
1379127,DOMESTIC_LEAGUE,England,39,Premier League,2025,Regular Season - 16,2025-12-14T14:00:00+00:00,Sunderland,Newcastle,1,2026-09-22T08:37:22Z,CAPTURED,40,
1379128,DOMESTIC_LEAGUE,England,39,Premier League,2025,Regular Season - 16,2025-12-14T14:00:00+00:00,West Ham,Aston Villa,1,2026-09-22T08:37:22Z,CAPTURED,40,
1379129,DOMESTIC_LEAGUE,England,39,Premier League,2025,Regular Season - 17,2025-12-21T16:30:00+00:00,Aston Villa,Manchester United,1,2026-09-22T08:37:22Z,CAPTURED,40,
1379130,DOMESTIC_LEAGUE,England,39,Premier League,2025,Regular Season - 17,2025-12-20T15:00:00+00:00,Bournemouth,Burnley,1,2026-09-22T08:37:22Z,CAPTURED,40,
1379131,DOMESTIC_LEAGUE,England,39,Premier League,2025,Regular Season - 17,2025-12-20T15:00:00+00:00,Brighton,Sunderland,1,2026-09-22T08:37:22Z,CAPTURED,40,
1379132,DOMESTIC_LEAGUE,England,39,Premier League,2025,Regular Season - 17,2025-12-20T20:00:00+00:00,Everton,Arsenal,1,2026-09-22T08:37:22Z,CAPTURED,40,
1379133,DOMESTIC_LEAGUE,England,39,Premier League,2025,Regular Season - 17,2025-12-22T20:00:00+00:00,Fulham,Nottingham Forest,1,2026-09-22T08:37:22Z,CAPTURED,40,
1379134,DOMESTIC_LEAGUE,England,39,Premier League,2025,Regular Season - 17,2025-12-20T20:00:00+00:00,Leeds,Crystal Palace,1,2026-09-22T08:37:22Z,CAPTURED,40,
1379135,DOMESTIC_LEAGUE,England,39,Premier League,2025,Regular Season - 17,2025-12-20T15:00:00+00:00,Manchester City,West Ham,1,2026-09-22T08:37:22Z,CAPTURED,40,
1379136,DOMESTIC_LEAGUE,England,39,Premier League,2025,Regular Season - 17,2025-12-20T12:30:00+00:00,Newcastle,Chelsea,1,2026-09-22T08:37:22Z,CAPTURED,40,
1379137,DOMESTIC_LEAGUE,England,39,Premier League,2025,Regular Season - 17,2025-12-20T17:30:00+00:00,Tottenham,Liverpool,1,2026-09-22T08:37:22Z,CAPTURED,40,
1379138,DOMESTIC_LEAGUE,England,39,Premier League,2025,Regular Season - 17,2025-12-20T15:00:00+00:00,Wolves,Brentford,1,2026-09-22T08:37:22Z,CAPTURED,40,
1379139,DOMESTIC_LEAGUE,England,39,Premier League,2025,Regular Season - 18,2025-12-27T15:00:00+00:00,Arsenal,Brighton,1,2026-09-22T08:37:22Z,CAPTURED,40,
1379140,DOMESTIC_LEAGUE,England,39,Premier League,2025,Regular Season - 18,2025-12-27T15:00:00+00:00,Brentford,Bournemouth,1,2026-09-22T08:37:22Z,CAPTURED,40,
1379141,DOMESTIC_LEAGUE,England,39,Premier League,2025,Regular Season - 18,2025-12-27T15:00:00+00:00,Burnley,Everton,1,2026-09-22T08:37:22Z,CAPTURED,39,
1379142,DOMESTIC_LEAGUE,England,39,Premier League,2025,Regular Season - 18,2025-12-27T17:30:00+00:00,Chelsea,Aston Villa,1,2026-09-22T08:37:22Z,CAPTURED,40,
1379143,DOMESTIC_LEAGUE,England,39,Premier League,2025,Regular Season - 18,2025-12-28T16:30:00+00:00,Crystal Palace,Tottenham,1,2026-09-22T08:37:22Z,CAPTURED,40,
1379144,DOMESTIC_LEAGUE,England,39,Premier League,2025,Regular Season - 18,2025-12-27T15:00:00+00:00,Liverpool,Wolves,1,2026-09-22T08:37:22Z,CAPTURED,40,
1379145,DOMESTIC_LEAGUE,England,39,Premier League,2025,Regular Season - 18,2025-12-26T20:00:00+00:00,Manchester United,Newcastle,1,2026-09-22T08:37:22Z,CAPTURED,40,
1379146,DOMESTIC_LEAGUE,England,39,Premier League,2025,Regular Season - 18,2025-12-27T12:30:00+00:00,Nottingham Forest,Manchester City,1,2026-09-22T08:37:22Z,CAPTURED,40,
1379147,DOMESTIC_LEAGUE,England,39,Premier League,2025,Regular Season - 18,2025-12-28T14:00:00+00:00,Sunderland,Leeds,1,2026-09-22T08:37:22Z,CAPTURED,40,
1379148,DOMESTIC_LEAGUE,England,39,Premier League,2025,Regular Season - 18,2025-12-27T15:00:00+00:00,West Ham,Fulham,1,2026-09-22T08:37:22Z,CAPTURED,40,
1379149,DOMESTIC_LEAGUE,England,39,Premier League,2025,Regular Season - 19,2025-12-30T20:15:00+00:00,Arsenal,Aston Villa,1,2026-09-22T08:37:22Z,CAPTURED,40,
1379150,DOMESTIC_LEAGUE,England,39,Premier League,2025,Regular Season - 19,2026-01-01T20:00:00+00:00,Brentford,Tottenham,1,2026-09-22T08:37:22Z,CAPTURED,40,
1379151,DOMESTIC_LEAGUE,England,39,Premier League,2025,Regular Season - 19,2025-12-30T19:30:00+00:00,Burnley,Newcastle,1,2026-09-22T08:37:22Z,CAPTURED,40,
1379152,DOMESTIC_LEAGUE,England,39,Premier League,2025,Regular Season - 19,2025-12-30T19:30:00+00:00,Chelsea,Bournemouth,1,2026-09-22T08:37:22Z,CAPTURED,40,
1379153,DOMESTIC_LEAGUE,England,39,Premier League,2025,Regular Season - 19,2026-01-01T17:30:00+00:00,Crystal Palace,Fulham,1,2026-09-22T08:37:22Z,CAPTURED,40,
1379154,DOMESTIC_LEAGUE,England,39,Premier League,2025,Regular Season - 19,2026-01-01T17:30:00+00:00,Liverpool,Leeds,1,2026-09-22T08:37:22Z,CAPTURED,40,
1379155,DOMESTIC_LEAGUE,England,39,Premier League,2025,Regular Season - 19,2025-12-30T20:15:00+00:00,Manchester United,Wolves,1,2026-09-22T08:37:22Z,CAPTURED,40,
1379156,DOMESTIC_LEAGUE,England,39,Premier League,2025,Regular Season - 19,2025-12-30T19:30:00+00:00,Nottingham Forest,Everton,1,2026-09-22T08:37:22Z,CAPTURED,40,
1379157,DOMESTIC_LEAGUE,England,39,Premier League,2025,Regular Season - 19,2026-01-01T20:00:00+00:00,Sunderland,Manchester City,1,2026-09-22T08:37:22Z,CAPTURED,40,
1379158,DOMESTIC_LEAGUE,England,39,Premier League,2025,Regular Season - 19,2025-12-30T19:30:00+00:00,West Ham,Brighton,1,2026-09-22T08:37:22Z,CAPTURED,40,
1379159,DOMESTIC_LEAGUE,England,39,Premier League,2025,Regular Season - 20,2026-01-03T12:30:00+00:00,Aston Villa,Nottingham Forest,1,2026-09-22T08:37:22Z,CAPTURED,40,
1379160,DOMESTIC_LEAGUE,England,39,Premier League,2025,Regular Season - 20,2026-01-03T17:30:00+00:00,Bournemouth,Arsenal,1,2026-09-22T08:37:22Z,CAPTURED,40,
1379161,DOMESTIC_LEAGUE,England,39,Premier League,2025,Regular Season - 20,2026-01-03T15:00:00+00:00,Brighton,Burnley,1,2026-09-22T08:37:22Z,CAPTURED,40,
1379162,DOMESTIC_LEAGUE,England,39,Premier League,2025,Regular Season - 20,2026-01-04T15:00:00+00:00,Everton,Brentford,1,2026-09-22T08:37:22Z,CAPTURED,40,
1379163,DOMESTIC_LEAGUE,England,39,Premier League,2025,Regular Season - 20,2026-01-04T15:15:00+00:00,Fulham,Liverpool,1,2026-09-22T08:37:22Z,CAPTURED,40,
1379164,DOMESTIC_LEAGUE,England,39,Premier League,2025,Regular Season - 20,2026-01-04T12:30:00+00:00,Leeds,Manchester United,1,2026-09-22T08:37:22Z,CAPTURED,40,
1379165,DOMESTIC_LEAGUE,England,39,Premier League,2025,Regular Season - 20,2026-01-04T17:30:00+00:00,Manchester City,Chelsea,1,2026-09-22T08:37:22Z,CAPTURED,40,
1379166,DOMESTIC_LEAGUE,England,39,Premier League,2025,Regular Season - 20,2026-01-04T15:00:00+00:00,Newcastle,Crystal Palace,1,2026-09-22T08:37:22Z,CAPTURED,40,
1379167,DOMESTIC_LEAGUE,England,39,Premier League,2025,Regular Season - 20,2026-01-04T15:00:00+00:00,Tottenham,Sunderland,1,2026-09-22T08:37:22Z,CAPTURED,40,
1379168,DOMESTIC_LEAGUE,England,39,Premier League,2025,Regular Season - 20,2026-01-03T15:00:00+00:00,Wolves,West Ham,1,2026-09-22T08:37:22Z,CAPTURED,40,
1379169,DOMESTIC_LEAGUE,England,39,Premier League,2025,Regular Season - 21,2026-01-08T20:00:00+00:00,Arsenal,Liverpool,1,2026-09-22T08:37:22Z,CAPTURED,40,
1379170,DOMESTIC_LEAGUE,England,39,Premier League,2025,Regular Season - 21,2026-01-07T19:30:00+00:00,Bournemouth,Tottenham,1,2026-09-22T08:37:22Z,CAPTURED,40,
1379171,DOMESTIC_LEAGUE,England,39,Premier League,2025,Regular Season - 21,2026-01-07T19:30:00+00:00,Brentford,Sunderland,1,2026-09-22T08:37:22Z,CAPTURED,40,
1379172,DOMESTIC_LEAGUE,England,39,Premier League,2025,Regular Season - 21,2026-01-07T20:15:00+00:00,Burnley,Manchester United,1,2026-09-22T08:37:22Z,CAPTURED,40,
1379173,DOMESTIC_LEAGUE,England,39,Premier League,2025,Regular Season - 21,2026-01-07T19:30:00+00:00,Crystal Palace,Aston Villa,1,2026-09-22T08:37:22Z,CAPTURED,40,
1379174,DOMESTIC_LEAGUE,England,39,Premier League,2025,Regular Season - 21,2026-01-07T19:30:00+00:00,Everton,Wolves,1,2026-09-22T08:37:22Z,CAPTURED,40,
1379175,DOMESTIC_LEAGUE,England,39,Premier League,2025,Regular Season - 21,2026-01-07T19:30:00+00:00,Fulham,Chelsea,1,2026-09-22T08:37:22Z,CAPTURED,40,
1379176,DOMESTIC_LEAGUE,England,39,Premier League,2025,Regular Season - 21,2026-01-07T19:30:00+00:00,Manchester City,Brighton,1,2026-09-22T08:37:22Z,CAPTURED,40,
1379177,DOMESTIC_LEAGUE,England,39,Premier League,2025,Regular Season - 21,2026-01-07T20:15:00+00:00,Newcastle,Leeds,1,2026-09-22T08:37:22Z,CAPTURED,40,
1379178,DOMESTIC_LEAGUE,England,39,Premier League,2025,Regular Season - 21,2026-01-06T20:00:00+00:00,West Ham,Nottingham Forest,1,2026-09-22T08:37:22Z,CAPTURED,40,
1379179,DOMESTIC_LEAGUE,England,39,Premier League,2025,Regular Season - 22,2026-01-18T16:30:00+00:00,Aston Villa,Everton,1,2026-09-22T08:37:22Z,CAPTURED,39,
1379180,DOMESTIC_LEAGUE,England,39,Premier League,2025,Regular Season - 22,2026-01-19T20:00:00+00:00,Brighton,Bournemouth,1,2026-09-22T08:37:22Z,CAPTURED,40,
1379181,DOMESTIC_LEAGUE,England,39,Premier League,2025,Regular Season - 22,2026-01-17T15:00:00+00:00,Chelsea,Brentford,1,2026-09-22T08:37:22Z,CAPTURED,40,
1379182,DOMESTIC_LEAGUE,England,39,Premier League,2025,Regular Season - 22,2026-01-17T15:00:00+00:00,Leeds,Fulham,1,2026-09-22T08:37:22Z,CAPTURED,40,
1379183,DOMESTIC_LEAGUE,England,39,Premier League,2025,Regular Season - 22,2026-01-17T15:00:00+00:00,Liverpool,Burnley,1,2026-09-22T08:37:22Z,CAPTURED,40,
1379184,DOMESTIC_LEAGUE,England,39,Premier League,2025,Regular Season - 22,2026-01-17T12:30:00+00:00,Manchester United,Manchester City,1,2026-09-22T08:37:22Z,CAPTURED,40,
1379185,DOMESTIC_LEAGUE,England,39,Premier League,2025,Regular Season - 22,2026-01-17T17:30:00+00:00,Nottingham Forest,Arsenal,1,2026-09-22T08:37:22Z,CAPTURED,40,
1379186,DOMESTIC_LEAGUE,England,39,Premier League,2025,Regular Season - 22,2026-01-17T15:00:00+00:00,Sunderland,Crystal Palace,1,2026-09-22T08:37:22Z,CAPTURED,40,
1379187,DOMESTIC_LEAGUE,England,39,Premier League,2025,Regular Season - 22,2026-01-17T15:00:00+00:00,Tottenham,West Ham,1,2026-09-22T08:37:22Z,CAPTURED,40,
1379188,DOMESTIC_LEAGUE,England,39,Premier League,2025,Regular Season - 22,2026-01-18T14:00:00+00:00,Wolves,Newcastle,1,2026-09-22T08:37:22Z,CAPTURED,40,
1379190,DOMESTIC_LEAGUE,England,39,Premier League,2025,Regular Season - 23,2026-01-24T17:30:00+00:00,Bournemouth,Liverpool,1,2026-09-22T08:37:22Z,CAPTURED,40,
1379191,DOMESTIC_LEAGUE,England,39,Premier League,2025,Regular Season - 23,2026-01-25T14:00:00+00:00,Brentford,Nottingham Forest,1,2026-09-22T08:37:22Z,CAPTURED,40,
1379192,DOMESTIC_LEAGUE,England,39,Premier League,2025,Regular Season - 23,2026-01-24T15:00:00+00:00,Burnley,Tottenham,1,2026-09-22T08:37:22Z,CAPTURED,40,
1379193,DOMESTIC_LEAGUE,England,39,Premier League,2025,Regular Season - 23,2026-01-25T14:00:00+00:00,Crystal Palace,Chelsea,1,2026-09-22T08:37:22Z,CAPTURED,40,
1379195,DOMESTIC_LEAGUE,England,39,Premier League,2025,Regular Season - 23,2026-01-24T15:00:00+00:00,Fulham,Brighton,1,2026-09-22T08:37:22Z,CAPTURED,40,
1379196,DOMESTIC_LEAGUE,England,39,Premier League,2025,Regular Season - 23,2026-01-24T15:00:00+00:00,Manchester City,Wolves,1,2026-09-22T08:37:22Z,CAPTURED,40,
1379197,DOMESTIC_LEAGUE,England,39,Premier League,2025,Regular Season - 23,2026-01-25T14:00:00+00:00,Newcastle,Aston Villa,1,2026-09-22T08:37:22Z,CAPTURED,40,
1379198,DOMESTIC_LEAGUE,England,39,Premier League,2025,Regular Season - 23,2026-01-24T12:30:00+00:00,West Ham,Sunderland,1,2026-09-22T08:37:22Z,CAPTURED,40,
1387824,DOMESTIC_LEAGUE,France,61,Ligue 1,2025,Regular Season - 15,2025-12-07T16:15:00+00:00,Auxerre,Metz,1,2026-09-22T08:37:22Z,CAPTURED,40,
1387826,DOMESTIC_LEAGUE,France,61,Ligue 1,2025,Regular Season - 15,2025-12-07T16:15:00+00:00,Le Havre,Paris FC,1,2026-09-22T08:37:22Z,CAPTURED,40,
1387828,DOMESTIC_LEAGUE,France,61,Ligue 1,2025,Regular Season - 15,2025-12-07T19:45:00+00:00,Lorient,Lyon,1,2026-09-22T08:37:22Z,CAPTURED,39,
1387829,DOMESTIC_LEAGUE,France,61,Ligue 1,2025,Regular Season - 15,2025-12-06T16:00:00+00:00,Nantes,Lens,1,2026-09-22T08:37:22Z,CAPTURED,40,
1387830,DOMESTIC_LEAGUE,France,61,Ligue 1,2025,Regular Season - 15,2025-12-07T14:00:00+00:00,Nice,Angers,1,2026-09-22T08:37:22Z,CAPTURED,40,
1387831,DOMESTIC_LEAGUE,France,61,Ligue 1,2025,Regular Season - 15,2025-12-06T20:05:00+00:00,Paris Saint Germain,Rennes,1,2026-09-22T08:37:22Z,CAPTURED,40,
1387832,DOMESTIC_LEAGUE,France,61,Ligue 1,2025,Regular Season - 15,2025-12-06T18:00:00+00:00,Toulouse,Strasbourg,1,2026-09-22T08:37:22Z,CAPTURED,40,
1387833,DOMESTIC_LEAGUE,France,61,Ligue 1,2025,Regular Season - 16,2025-12-12T19:45:00+00:00,Angers,Nantes,1,2026-09-22T08:37:22Z,CAPTURED,40,
1387834,DOMESTIC_LEAGUE,France,61,Ligue 1,2025,Regular Season - 16,2025-12-14T16:15:00+00:00,Auxerre,Lille,1,2026-09-22T08:37:22Z,CAPTURED,39,
1387835,DOMESTIC_LEAGUE,France,61,Ligue 1,2025,Regular Season - 16,2025-12-14T16:15:00+00:00,Lens,Nice,1,2026-09-22T08:37:22Z,CAPTURED,40,
1387836,DOMESTIC_LEAGUE,France,61,Ligue 1,2025,Regular Season - 16,2025-12-14T14:00:00+00:00,Lyon,Le Havre,1,2026-09-22T08:37:22Z,CAPTURED,40,
1387837,DOMESTIC_LEAGUE,France,61,Ligue 1,2025,Regular Season - 16,2025-12-14T19:45:00+00:00,Marseille,Monaco,1,2026-09-22T08:37:22Z,CAPTURED,40,
1387838,DOMESTIC_LEAGUE,France,61,Ligue 1,2025,Regular Season - 16,2025-12-13T18:00:00+00:00,Metz,Paris Saint Germain,1,2026-09-22T08:37:22Z,CAPTURED,39,
1387839,DOMESTIC_LEAGUE,France,61,Ligue 1,2025,Regular Season - 16,2025-12-13T20:05:00+00:00,Paris FC,Toulouse,1,2026-09-22T08:37:22Z,CAPTURED,40,
1387840,DOMESTIC_LEAGUE,France,61,Ligue 1,2025,Regular Season - 16,2025-12-13T16:00:00+00:00,Rennes,Stade Brestois 29,1,2026-09-22T08:37:22Z,CAPTURED,40,
1387841,DOMESTIC_LEAGUE,France,61,Ligue 1,2025,Regular Season - 16,2025-12-14T16:15:00+00:00,Strasbourg,Lorient,1,2026-09-22T08:37:22Z,CAPTURED,40,
1387842,DOMESTIC_LEAGUE,France,61,Ligue 1,2025,Regular Season - 17,2026-01-04T16:15:00+00:00,Stade Brestois 29,Auxerre,1,2026-09-22T08:37:22Z,CAPTURED,40,
1387843,DOMESTIC_LEAGUE,France,61,Ligue 1,2025,Regular Season - 17,2026-01-04T16:15:00+00:00,Le Havre,Angers,1,2026-09-22T08:37:22Z,CAPTURED,40,
1387844,DOMESTIC_LEAGUE,France,61,Ligue 1,2025,Regular Season - 17,2026-01-03T20:05:00+00:00,Lille,Rennes,1,2026-09-22T08:37:22Z,CAPTURED,40,
1387845,DOMESTIC_LEAGUE,France,61,Ligue 1,2025,Regular Season - 17,2026-01-04T16:15:00+00:00,Lorient,Metz,1,2026-09-22T08:37:22Z,CAPTURED,40,
1387846,DOMESTIC_LEAGUE,France,61,Ligue 1,2025,Regular Season - 17,2026-01-04T14:00:00+00:00,Marseille,Nantes,1,2026-09-22T08:37:22Z,CAPTURED,40,
1387847,DOMESTIC_LEAGUE,France,61,Ligue 1,2025,Regular Season - 17,2026-01-03T16:00:00+00:00,Monaco,Lyon,1,2026-09-22T08:37:22Z,CAPTURED,40,
1387848,DOMESTIC_LEAGUE,France,61,Ligue 1,2025,Regular Season - 17,2026-01-03T18:00:00+00:00,Nice,Strasbourg,1,2026-09-22T08:37:22Z,CAPTURED,40,
1387849,DOMESTIC_LEAGUE,France,61,Ligue 1,2025,Regular Season - 17,2026-01-04T19:45:00+00:00,Paris Saint Germain,Paris FC,1,2026-09-22T08:37:22Z,CAPTURED,40,
1387850,DOMESTIC_LEAGUE,France,61,Ligue 1,2025,Regular Season - 17,2026-01-02T19:45:00+00:00,Toulouse,Lens,1,2026-09-22T08:37:22Z,CAPTURED,40,
1387851,DOMESTIC_LEAGUE,France,61,Ligue 1,2025,Regular Season - 18,2026-01-17T20:05:00+00:00,Angers,Marseille,1,2026-09-22T08:37:22Z,CAPTURED,40,
1387852,DOMESTIC_LEAGUE,France,61,Ligue 1,2025,Regular Season - 18,2026-01-17T16:00:00+00:00,Lens,Auxerre,1,2026-09-22T08:37:22Z,CAPTURED,40,
1387853,DOMESTIC_LEAGUE,France,61,Ligue 1,2025,Regular Season - 18,2026-01-18T19:45:00+00:00,Lyon,Stade Brestois 29,1,2026-09-22T08:37:22Z,CAPTURED,39,
1387854,DOMESTIC_LEAGUE,France,61,Ligue 1,2025,Regular Season - 18,2026-01-16T18:00:00+00:00,Monaco,Lorient,1,2026-09-22T08:37:22Z,CAPTURED,40,
1387855,DOMESTIC_LEAGUE,France,61,Ligue 1,2025,Regular Season - 18,2026-01-18T16:15:00+00:00,Nantes,Paris FC,1,2026-09-22T08:37:22Z,CAPTURED,40,
1387856,DOMESTIC_LEAGUE,France,61,Ligue 1,2025,Regular Season - 18,2026-01-16T20:00:00+00:00,Paris Saint Germain,Lille,1,2026-09-22T08:37:22Z,CAPTURED,39,
1387857,DOMESTIC_LEAGUE,France,61,Ligue 1,2025,Regular Season - 18,2026-01-18T16:15:00+00:00,Rennes,Le Havre,1,2026-09-22T08:37:22Z,CAPTURED,40,
1387858,DOMESTIC_LEAGUE,France,61,Ligue 1,2025,Regular Season - 18,2026-01-18T14:00:00+00:00,Strasbourg,Metz,1,2026-09-22T08:37:22Z,CAPTURED,40,
1387859,DOMESTIC_LEAGUE,France,61,Ligue 1,2025,Regular Season - 18,2026-01-17T18:00:00+00:00,Toulouse,Nice,1,2026-09-22T08:37:22Z,CAPTURED,40,
1387860,DOMESTIC_LEAGUE,France,61,Ligue 1,2025,Regular Season - 19,2026-01-23T19:00:00+00:00,Auxerre,Paris Saint Germain,1,2026-09-22T08:37:22Z,CAPTURED,38,
1387862,DOMESTIC_LEAGUE,France,61,Ligue 1,2025,Regular Season - 19,2026-01-24T18:00:00+00:00,Le Havre,Monaco,1,2026-09-22T08:37:22Z,CAPTURED,40,
1387864,DOMESTIC_LEAGUE,France,61,Ligue 1,2025,Regular Season - 19,2026-01-24T20:05:00+00:00,Marseille,Lens,1,2026-09-22T08:37:22Z,CAPTURED,40,
1387866,DOMESTIC_LEAGUE,France,61,Ligue 1,2025,Regular Season - 19,2026-01-25T14:00:00+00:00,Nantes,Nice,1,2026-09-22T08:37:22Z,CAPTURED,40,
1387868,DOMESTIC_LEAGUE,France,61,Ligue 1,2025,Regular Season - 19,2026-01-24T16:00:00+00:00,Rennes,Lorient,1,2026-09-22T08:37:22Z,CAPTURED,40,
1388417,DOMESTIC_LEAGUE,Germany,78,Bundesliga,2025,Regular Season - 13,2025-12-07T16:30:00+00:00,Borussia Dortmund,1899 Hoffenheim,1,2026-09-22T08:37:22Z,CAPTURED,40,
1388419,DOMESTIC_LEAGUE,Germany,78,Bundesliga,2025,Regular Season - 13,2025-12-07T14:30:00+00:00,Hamburger SV,Werder Bremen,1,2026-09-22T08:37:22Z,CAPTURED,40,
1388422,DOMESTIC_LEAGUE,Germany,78,Bundesliga,2025,Regular Season - 13,2025-12-06T17:30:00+00:00,RB Leipzig,Eintracht Frankfurt,1,2026-09-22T08:37:22Z,CAPTURED,40,
1388424,DOMESTIC_LEAGUE,Germany,78,Bundesliga,2025,Regular Season - 13,2025-12-06T14:30:00+00:00,VfL Wolfsburg,Union Berlin,1,2026-09-22T08:37:22Z,CAPTURED,40,
1388425,DOMESTIC_LEAGUE,Germany,78,Bundesliga,2025,Regular Season - 14,2025-12-13T17:30:00+00:00,Bayer Leverkusen,1. FC Köln,1,2026-09-22T08:37:22Z,CAPTURED,40,
1388426,DOMESTIC_LEAGUE,Germany,78,Bundesliga,2025,Regular Season - 14,2025-12-14T16:30:00+00:00,Bayern München,FSV Mainz 05,1,2026-09-22T08:37:22Z,CAPTURED,40,
1388427,DOMESTIC_LEAGUE,Germany,78,Bundesliga,2025,Regular Season - 14,2025-12-13T14:30:00+00:00,Borussia Mönchengladbach,VfL Wolfsburg,1,2026-09-22T08:37:22Z,CAPTURED,40,
1388428,DOMESTIC_LEAGUE,Germany,78,Bundesliga,2025,Regular Season - 14,2025-12-13T14:30:00+00:00,Eintracht Frankfurt,FC Augsburg,1,2026-09-22T08:37:22Z,CAPTURED,40,
1388429,DOMESTIC_LEAGUE,Germany,78,Bundesliga,2025,Regular Season - 14,2025-12-14T14:30:00+00:00,SC Freiburg,Borussia Dortmund,1,2026-09-22T08:37:22Z,CAPTURED,38,
1388430,DOMESTIC_LEAGUE,Germany,78,Bundesliga,2025,Regular Season - 14,2025-12-13T14:30:00+00:00,1899 Hoffenheim,Hamburger SV,1,2026-09-22T08:37:22Z,CAPTURED,40,
1388431,DOMESTIC_LEAGUE,Germany,78,Bundesliga,2025,Regular Season - 14,2025-12-13T14:30:00+00:00,FC St. Pauli,1. FC Heidenheim,1,2026-09-22T08:37:22Z,CAPTURED,40,
1388432,DOMESTIC_LEAGUE,Germany,78,Bundesliga,2025,Regular Season - 14,2025-12-12T19:30:00+00:00,Union Berlin,RB Leipzig,1,2026-09-22T08:37:22Z,CAPTURED,40,
1388433,DOMESTIC_LEAGUE,Germany,78,Bundesliga,2025,Regular Season - 14,2025-12-14T18:30:00+00:00,Werder Bremen,VfB Stuttgart,1,2026-09-22T08:37:22Z,CAPTURED,40,
1388434,DOMESTIC_LEAGUE,Germany,78,Bundesliga,2025,Regular Season - 15,2025-12-20T14:30:00+00:00,FC Augsburg,Werder Bremen,1,2026-09-22T08:37:22Z,CAPTURED,40,
1388435,DOMESTIC_LEAGUE,Germany,78,Bundesliga,2025,Regular Season - 15,2025-12-19T19:30:00+00:00,Borussia Dortmund,Borussia Mönchengladbach,1,2026-09-22T08:37:22Z,CAPTURED,40,
1388436,DOMESTIC_LEAGUE,Germany,78,Bundesliga,2025,Regular Season - 15,2025-12-20T14:30:00+00:00,1. FC Köln,Union Berlin,1,2026-09-22T08:37:22Z,CAPTURED,40,
1388437,DOMESTIC_LEAGUE,Germany,78,Bundesliga,2025,Regular Season - 15,2025-12-20T14:30:00+00:00,Hamburger SV,Eintracht Frankfurt,1,2026-09-22T08:37:22Z,CAPTURED,40,
1388438,DOMESTIC_LEAGUE,Germany,78,Bundesliga,2025,Regular Season - 15,2025-12-21T16:30:00+00:00,1. FC Heidenheim,Bayern München,1,2026-09-22T08:37:22Z,CAPTURED,40,
1388439,DOMESTIC_LEAGUE,Germany,78,Bundesliga,2025,Regular Season - 15,2025-12-21T14:30:00+00:00,FSV Mainz 05,FC St. Pauli,1,2026-09-22T08:37:22Z,CAPTURED,40,
1388440,DOMESTIC_LEAGUE,Germany,78,Bundesliga,2025,Regular Season - 15,2025-12-20T17:30:00+00:00,RB Leipzig,Bayer Leverkusen,1,2026-09-22T08:37:22Z,CAPTURED,40,
1388441,DOMESTIC_LEAGUE,Germany,78,Bundesliga,2025,Regular Season - 15,2025-12-20T14:30:00+00:00,VfB Stuttgart,1899 Hoffenheim,1,2026-09-22T08:37:22Z,CAPTURED,40,
1388442,DOMESTIC_LEAGUE,Germany,78,Bundesliga,2025,Regular Season - 15,2025-12-20T14:30:00+00:00,VfL Wolfsburg,SC Freiburg,1,2026-09-22T08:37:22Z,CAPTURED,40,
1388443,DOMESTIC_LEAGUE,Germany,78,Bundesliga,2025,Regular Season - 16,2026-01-10T17:30:00+00:00,Bayer Leverkusen,VfB Stuttgart,1,2026-09-22T08:37:22Z,CAPTURED,39,
1388444,DOMESTIC_LEAGUE,Germany,78,Bundesliga,2025,Regular Season - 16,2026-01-11T16:30:00+00:00,Bayern München,VfL Wolfsburg,1,2026-09-22T08:37:22Z,CAPTURED,40,
1388445,DOMESTIC_LEAGUE,Germany,78,Bundesliga,2025,Regular Season - 16,2026-01-11T14:30:00+00:00,Borussia Mönchengladbach,FC Augsburg,1,2026-09-22T08:37:22Z,CAPTURED,39,
1388446,DOMESTIC_LEAGUE,Germany,78,Bundesliga,2025,Regular Season - 16,2026-01-09T19:30:00+00:00,Eintracht Frankfurt,Borussia Dortmund,1,2026-09-22T08:37:22Z,CAPTURED,40,
1388447,DOMESTIC_LEAGUE,Germany,78,Bundesliga,2025,Regular Season - 16,2026-01-10T14:30:00+00:00,SC Freiburg,Hamburger SV,1,2026-09-22T08:37:22Z,CAPTURED,40,
1388448,DOMESTIC_LEAGUE,Germany,78,Bundesliga,2025,Regular Season - 16,2026-01-10T14:30:00+00:00,1. FC Heidenheim,1. FC Köln,1,2026-09-22T08:37:22Z,CAPTURED,40,
1388450,DOMESTIC_LEAGUE,Germany,78,Bundesliga,2025,Regular Season - 16,2026-01-10T14:30:00+00:00,Union Berlin,FSV Mainz 05,1,2026-09-22T08:37:22Z,CAPTURED,40,
1388452,DOMESTIC_LEAGUE,Germany,78,Bundesliga,2025,Regular Season - 17,2026-01-15T19:30:00+00:00,FC Augsburg,Union Berlin,1,2026-09-22T08:37:22Z,CAPTURED,40,
1388453,DOMESTIC_LEAGUE,Germany,78,Bundesliga,2025,Regular Season - 17,2026-01-13T19:30:00+00:00,Borussia Dortmund,Werder Bremen,1,2026-09-22T08:37:22Z,CAPTURED,40,
1388454,DOMESTIC_LEAGUE,Germany,78,Bundesliga,2025,Regular Season - 17,2026-01-14T19:30:00+00:00,1. FC Köln,Bayern München,1,2026-09-22T08:37:22Z,CAPTURED,40,
1388456,DOMESTIC_LEAGUE,Germany,78,Bundesliga,2025,Regular Season - 17,2026-01-14T19:30:00+00:00,1899 Hoffenheim,Borussia Mönchengladbach,1,2026-09-22T08:37:22Z,CAPTURED,40,
1388457,DOMESTIC_LEAGUE,Germany,78,Bundesliga,2025,Regular Season - 17,2026-01-13T19:30:00+00:00,FSV Mainz 05,1. FC Heidenheim,1,2026-09-22T08:37:22Z,CAPTURED,40,
1388458,DOMESTIC_LEAGUE,Germany,78,Bundesliga,2025,Regular Season - 17,2026-01-14T19:30:00+00:00,RB Leipzig,SC Freiburg,1,2026-09-22T08:37:22Z,CAPTURED,39,
1388459,DOMESTIC_LEAGUE,Germany,78,Bundesliga,2025,Regular Season - 17,2026-01-13T17:30:00+00:00,VfB Stuttgart,Eintracht Frankfurt,1,2026-09-22T08:37:22Z,CAPTURED,40,
1388460,DOMESTIC_LEAGUE,Germany,78,Bundesliga,2025,Regular Season - 17,2026-01-14T17:30:00+00:00,VfL Wolfsburg,FC St. Pauli,1,2026-09-22T08:37:22Z,CAPTURED,40,
1388461,DOMESTIC_LEAGUE,Germany,78,Bundesliga,2025,Regular Season - 18,2026-01-18T16:30:00+00:00,FC Augsburg,SC Freiburg,1,2026-09-22T08:37:22Z,CAPTURED,40,
1388462,DOMESTIC_LEAGUE,Germany,78,Bundesliga,2025,Regular Season - 18,2026-01-17T14:30:00+00:00,Borussia Dortmund,FC St. Pauli,1,2026-09-22T08:37:22Z,CAPTURED,40,
1388463,DOMESTIC_LEAGUE,Germany,78,Bundesliga,2025,Regular Season - 18,2026-01-17T14:30:00+00:00,1. FC Köln,FSV Mainz 05,1,2026-09-22T08:37:22Z,CAPTURED,40,
1388464,DOMESTIC_LEAGUE,Germany,78,Bundesliga,2025,Regular Season - 18,2026-01-17T14:30:00+00:00,Hamburger SV,Borussia Mönchengladbach,1,2026-09-22T08:37:22Z,CAPTURED,40,
1388465,DOMESTIC_LEAGUE,Germany,78,Bundesliga,2025,Regular Season - 18,2026-01-17T14:30:00+00:00,1899 Hoffenheim,Bayer Leverkusen,1,2026-09-22T08:37:22Z,CAPTURED,40,
1388466,DOMESTIC_LEAGUE,Germany,78,Bundesliga,2025,Regular Season - 18,2026-01-17T17:30:00+00:00,RB Leipzig,Bayern München,1,2026-09-22T08:37:22Z,CAPTURED,40,
1388467,DOMESTIC_LEAGUE,Germany,78,Bundesliga,2025,Regular Season - 18,2026-01-18T14:30:00+00:00,VfB Stuttgart,Union Berlin,1,2026-09-22T08:37:22Z,CAPTURED,40,
1388468,DOMESTIC_LEAGUE,Germany,78,Bundesliga,2025,Regular Season - 18,2026-01-16T19:30:00+00:00,Werder Bremen,Eintracht Frankfurt,1,2026-09-22T08:37:22Z,CAPTURED,40,
1388469,DOMESTIC_LEAGUE,Germany,78,Bundesliga,2025,Regular Season - 18,2026-01-17T14:30:00+00:00,VfL Wolfsburg,1. FC Heidenheim,1,2026-09-22T08:37:22Z,CAPTURED,40,
1388470,DOMESTIC_LEAGUE,Germany,78,Bundesliga,2025,Regular Season - 19,2026-01-24T14:30:00+00:00,Bayer Leverkusen,Werder Bremen,1,2026-09-22T08:37:22Z,CAPTURED,40,
1388471,DOMESTIC_LEAGUE,Germany,78,Bundesliga,2025,Regular Season - 19,2026-01-24T14:30:00+00:00,Bayern München,FC Augsburg,1,2026-09-22T08:37:22Z,CAPTURED,40,
1388473,DOMESTIC_LEAGUE,Germany,78,Bundesliga,2025,Regular Season - 19,2026-01-24T14:30:00+00:00,Eintracht Frankfurt,1899 Hoffenheim,1,2026-09-22T08:37:22Z,CAPTURED,39,
1388475,DOMESTIC_LEAGUE,Germany,78,Bundesliga,2025,Regular Season - 19,2026-01-24T14:30:00+00:00,1. FC Heidenheim,RB Leipzig,1,2026-09-22T08:37:22Z,CAPTURED,40,
1388476,DOMESTIC_LEAGUE,Germany,78,Bundesliga,2025,Regular Season - 19,2026-01-24T14:30:00+00:00,FSV Mainz 05,VfL Wolfsburg,1,2026-09-22T08:37:22Z,CAPTURED,40,
1388477,DOMESTIC_LEAGUE,Germany,78,Bundesliga,2025,Regular Season - 19,2026-01-23T19:30:00+00:00,FC St. Pauli,Hamburger SV,1,2026-09-22T08:37:22Z,CAPTURED,40,
1388478,DOMESTIC_LEAGUE,Germany,78,Bundesliga,2025,Regular Season - 19,2026-01-24T17:30:00+00:00,Union Berlin,Borussia Dortmund,1,2026-09-22T08:37:22Z,CAPTURED,40,
1390959,DOMESTIC_LEAGUE,Spain,140,La Liga,2025,Regular Season - 15,2025-12-06T15:15:00+00:00,Alaves,Real Sociedad,1,2026-09-22T08:37:22Z,CAPTURED,45,
1390960,DOMESTIC_LEAGUE,Spain,140,La Liga,2025,Regular Season - 15,2025-12-06T20:00:00+00:00,Athletic Club,Atletico Madrid,1,2026-09-22T08:37:22Z,CAPTURED,46,
1390961,DOMESTIC_LEAGUE,Spain,140,La Liga,2025,Regular Season - 15,2025-12-06T17:30:00+00:00,Real Betis,Barcelona,1,2026-09-22T08:37:22Z,CAPTURED,46,
1390962,DOMESTIC_LEAGUE,Spain,140,La Liga,2025,Regular Season - 15,2025-12-07T13:00:00+00:00,Elche,Girona,1,2026-09-22T08:37:22Z,CAPTURED,46,
1390963,DOMESTIC_LEAGUE,Spain,140,La Liga,2025,Regular Season - 15,2025-12-07T17:30:00+00:00,Espanyol,Rayo Vallecano,1,2026-09-22T08:37:22Z,CAPTURED,42,
1390964,DOMESTIC_LEAGUE,Spain,140,La Liga,2025,Regular Season - 15,2025-12-08T20:00:00+00:00,Osasuna,Levante,1,2026-09-22T08:37:22Z,CAPTURED,44,
1390965,DOMESTIC_LEAGUE,Spain,140,La Liga,2025,Regular Season - 15,2025-12-07T20:00:00+00:00,Real Madrid,Celta Vigo,1,2026-09-22T08:37:22Z,CAPTURED,45,
1390967,DOMESTIC_LEAGUE,Spain,140,La Liga,2025,Regular Season - 15,2025-12-07T15:15:00+00:00,Valencia,Sevilla,1,2026-09-22T08:37:22Z,CAPTURED,44,
1390969,DOMESTIC_LEAGUE,Spain,140,La Liga,2025,Regular Season - 16,2025-12-14T20:00:00+00:00,Alaves,Real Madrid,1,2026-09-22T08:37:22Z,CAPTURED,44,
1390970,DOMESTIC_LEAGUE,Spain,140,La Liga,2025,Regular Season - 16,2025-12-13T13:00:00+00:00,Atletico Madrid,Valencia,1,2026-09-22T08:37:22Z,CAPTURED,46,
1390971,DOMESTIC_LEAGUE,Spain,140,La Liga,2025,Regular Season - 16,2025-12-13T17:30:00+00:00,Barcelona,Osasuna,1,2026-09-22T08:37:22Z,CAPTURED,43,
1390972,DOMESTIC_LEAGUE,Spain,140,La Liga,2025,Regular Season - 16,2025-12-14T15:15:00+00:00,Celta Vigo,Athletic Club,1,2026-09-22T08:37:22Z,CAPTURED,46,
1390973,DOMESTIC_LEAGUE,Spain,140,La Liga,2025,Regular Season - 16,2025-12-13T20:00:00+00:00,Getafe,Espanyol,1,2026-09-22T08:37:22Z,CAPTURED,45,
1390975,DOMESTIC_LEAGUE,Spain,140,La Liga,2025,Regular Season - 16,2025-12-13T15:15:00+00:00,Mallorca,Elche,1,2026-09-22T08:37:22Z,CAPTURED,46,
1390976,DOMESTIC_LEAGUE,Spain,140,La Liga,2025,Regular Season - 16,2025-12-15T20:00:00+00:00,Rayo Vallecano,Real Betis,1,2026-09-22T08:37:22Z,CAPTURED,41,
1390977,DOMESTIC_LEAGUE,Spain,140,La Liga,2025,Regular Season - 16,2025-12-12T20:00:00+00:00,Real Sociedad,Girona,1,2026-09-22T08:37:22Z,CAPTURED,46,
1390978,DOMESTIC_LEAGUE,Spain,140,La Liga,2025,Regular Season - 16,2025-12-14T13:00:00+00:00,Sevilla,Oviedo,1,2026-09-22T08:37:22Z,CAPTURED,44,
1390979,DOMESTIC_LEAGUE,Spain,140,La Liga,2025,Regular Season - 17,2025-12-22T20:00:00+00:00,Athletic Club,Espanyol,1,2026-09-22T08:37:22Z,CAPTURED,45,
1390980,DOMESTIC_LEAGUE,Spain,140,La Liga,2025,Regular Season - 17,2025-12-21T20:00:00+00:00,Real Betis,Getafe,1,2026-09-22T08:37:22Z,CAPTURED,41,
1390981,DOMESTIC_LEAGUE,Spain,140,La Liga,2025,Regular Season - 17,2025-12-21T17:30:00+00:00,Elche,Rayo Vallecano,1,2026-09-22T08:37:22Z,CAPTURED,42,
1390982,DOMESTIC_LEAGUE,Spain,140,La Liga,2025,Regular Season - 17,2025-12-21T13:00:00+00:00,Girona,Atletico Madrid,1,2026-09-22T08:37:22Z,CAPTURED,44,
1390983,DOMESTIC_LEAGUE,Spain,140,La Liga,2025,Regular Season - 17,2025-12-20T15:15:00+00:00,Levante,Real Sociedad,1,2026-09-22T08:37:22Z,CAPTURED,46,
1390984,DOMESTIC_LEAGUE,Spain,140,La Liga,2025,Regular Season - 17,2025-12-20T17:30:00+00:00,Osasuna,Alaves,1,2026-09-22T08:37:22Z,CAPTURED,41,
1390985,DOMESTIC_LEAGUE,Spain,140,La Liga,2025,Regular Season - 17,2025-12-20T20:00:00+00:00,Real Madrid,Sevilla,1,2026-09-22T08:37:22Z,CAPTURED,45,
1390986,DOMESTIC_LEAGUE,Spain,140,La Liga,2025,Regular Season - 17,2025-12-20T13:00:00+00:00,Oviedo,Celta Vigo,1,2026-09-22T08:37:22Z,CAPTURED,46,
1390987,DOMESTIC_LEAGUE,Spain,140,La Liga,2025,Regular Season - 17,2025-12-19T20:00:00+00:00,Valencia,Mallorca,1,2026-09-22T08:37:22Z,CAPTURED,46,
1390988,DOMESTIC_LEAGUE,Spain,140,La Liga,2025,Regular Season - 17,2025-12-21T15:15:00+00:00,Villarreal,Barcelona,1,2026-09-22T08:37:22Z,CAPTURED,40,
1390989,DOMESTIC_LEAGUE,Spain,140,La Liga,2025,Regular Season - 18,2026-01-04T17:30:00+00:00,Alaves,Oviedo,1,2026-09-22T08:37:22Z,CAPTURED,44,
1390990,DOMESTIC_LEAGUE,Spain,140,La Liga,2025,Regular Season - 18,2026-01-03T13:00:00+00:00,Celta Vigo,Valencia,1,2026-09-22T08:37:22Z,CAPTURED,46,
1390991,DOMESTIC_LEAGUE,Spain,140,La Liga,2025,Regular Season - 18,2026-01-03T17:30:00+00:00,Elche,Villarreal,1,2026-09-22T08:37:22Z,CAPTURED,43,
1390992,DOMESTIC_LEAGUE,Spain,140,La Liga,2025,Regular Season - 18,2026-01-03T20:00:00+00:00,Espanyol,Barcelona,1,2026-09-22T08:37:22Z,CAPTURED,46,
1390993,DOMESTIC_LEAGUE,Spain,140,La Liga,2025,Regular Season - 18,2026-01-04T17:30:00+00:00,Mallorca,Girona,1,2026-09-22T08:37:22Z,CAPTURED,45,
1390994,DOMESTIC_LEAGUE,Spain,140,La Liga,2025,Regular Season - 18,2026-01-03T15:15:00+00:00,Osasuna,Athletic Club,1,2026-09-22T08:37:22Z,CAPTURED,44,
1390995,DOMESTIC_LEAGUE,Spain,140,La Liga,2025,Regular Season - 18,2026-01-02T20:00:00+00:00,Rayo Vallecano,Getafe,1,2026-09-22T08:37:22Z,CAPTURED,46,
1390996,DOMESTIC_LEAGUE,Spain,140,La Liga,2025,Regular Season - 18,2026-01-04T15:15:00+00:00,Real Madrid,Real Betis,1,2026-09-22T08:37:22Z,CAPTURED,44,
1390997,DOMESTIC_LEAGUE,Spain,140,La Liga,2025,Regular Season - 18,2026-01-04T20:00:00+00:00,Real Sociedad,Atletico Madrid,1,2026-09-22T08:37:22Z,CAPTURED,46,
1390998,DOMESTIC_LEAGUE,Spain,140,La Liga,2025,Regular Season - 18,2026-01-04T13:00:00+00:00,Sevilla,Levante,1,2026-09-22T08:37:22Z,CAPTURED,41,
1391001,DOMESTIC_LEAGUE,Spain,140,La Liga,2025,Regular Season - 19,2026-01-09T20:00:00+00:00,Getafe,Real Sociedad,1,2026-09-22T08:37:22Z,CAPTURED,46,
1391002,DOMESTIC_LEAGUE,Spain,140,La Liga,2025,Regular Season - 19,2026-01-10T17:30:00+00:00,Girona,Osasuna,1,2026-09-22T08:37:22Z,CAPTURED,42,
1391003,DOMESTIC_LEAGUE,Spain,140,La Liga,2025,Regular Season - 19,2026-01-11T15:15:00+00:00,Levante,Espanyol,1,2026-09-22T08:37:22Z,CAPTURED,45,
1391004,DOMESTIC_LEAGUE,Spain,140,La Liga,2025,Regular Season - 19,2026-01-11T13:00:00+00:00,Rayo Vallecano,Mallorca,1,2026-09-22T08:37:22Z,CAPTURED,43,
1391005,DOMESTIC_LEAGUE,Spain,140,La Liga,2025,Regular Season - 19,2026-01-10T13:00:00+00:00,Oviedo,Real Betis,1,2026-09-22T08:37:22Z,CAPTURED,45,
1391006,DOMESTIC_LEAGUE,Spain,140,La Liga,2025,Regular Season - 19,2026-01-12T20:00:00+00:00,Sevilla,Celta Vigo,1,2026-09-22T08:37:22Z,CAPTURED,45,
1391007,DOMESTIC_LEAGUE,Spain,140,La Liga,2025,Regular Season - 19,2026-01-10T20:00:00+00:00,Valencia,Elche,1,2026-09-22T08:37:22Z,CAPTURED,44,
1391008,DOMESTIC_LEAGUE,Spain,140,La Liga,2025,Regular Season - 19,2026-01-10T15:15:00+00:00,Villarreal,Alaves,1,2026-09-22T08:37:22Z,CAPTURED,40,
1391009,DOMESTIC_LEAGUE,Spain,140,La Liga,2025,Regular Season - 20,2026-01-18T15:15:00+00:00,Atletico Madrid,Alaves,1,2026-09-22T08:37:22Z,CAPTURED,41,
1391010,DOMESTIC_LEAGUE,Spain,140,La Liga,2025,Regular Season - 20,2026-01-17T20:00:00+00:00,Real Betis,Villarreal,1,2026-09-22T08:37:22Z,CAPTURED,40,
1391011,DOMESTIC_LEAGUE,Spain,140,La Liga,2025,Regular Season - 20,2026-01-18T17:30:00+00:00,Celta Vigo,Rayo Vallecano,1,2026-09-22T08:37:22Z,CAPTURED,43,
1391012,DOMESTIC_LEAGUE,Spain,140,La Liga,2025,Regular Season - 20,2026-01-19T20:00:00+00:00,Elche,Sevilla,1,2026-09-22T08:37:22Z,CAPTURED,45,
1391013,DOMESTIC_LEAGUE,Spain,140,La Liga,2025,Regular Season - 20,2026-01-16T20:00:00+00:00,Espanyol,Girona,1,2026-09-22T08:37:22Z,CAPTURED,42,
1391014,DOMESTIC_LEAGUE,Spain,140,La Liga,2025,Regular Season - 20,2026-01-18T13:00:00+00:00,Getafe,Valencia,1,2026-09-22T08:37:22Z,CAPTURED,45,
1391015,DOMESTIC_LEAGUE,Spain,140,La Liga,2025,Regular Season - 20,2026-01-17T15:15:00+00:00,Mallorca,Athletic Club,1,2026-09-22T08:37:22Z,CAPTURED,45,
1391016,DOMESTIC_LEAGUE,Spain,140,La Liga,2025,Regular Season - 20,2026-01-17T17:30:00+00:00,Osasuna,Oviedo,1,2026-09-22T08:37:22Z,CAPTURED,44,
1391017,DOMESTIC_LEAGUE,Spain,140,La Liga,2025,Regular Season - 20,2026-01-17T13:00:00+00:00,Real Madrid,Levante,1,2026-09-22T08:37:22Z,CAPTURED,46,
1391018,DOMESTIC_LEAGUE,Spain,140,La Liga,2025,Regular Season - 20,2026-01-18T20:00:00+00:00,Real Sociedad,Barcelona,1,2026-09-22T08:37:22Z,CAPTURED,44,
1391020,DOMESTIC_LEAGUE,Spain,140,La Liga,2025,Regular Season - 21,2026-01-25T13:00:00+00:00,Atletico Madrid,Mallorca,1,2026-09-22T08:37:22Z,CAPTURED,45,
1391023,DOMESTIC_LEAGUE,Spain,140,La Liga,2025,Regular Season - 21,2026-01-23T20:00:00+00:00,Levante,Elche,1,2026-09-22T08:37:22Z,CAPTURED,46,
1391024,DOMESTIC_LEAGUE,Spain,140,La Liga,2025,Regular Season - 21,2026-01-24T13:00:00+00:00,Rayo Vallecano,Osasuna,1,2026-09-22T08:37:22Z,CAPTURED,43,
1391026,DOMESTIC_LEAGUE,Spain,140,La Liga,2025,Regular Season - 21,2026-01-24T17:30:00+00:00,Sevilla,Athletic Club,1,2026-09-22T08:37:22Z,CAPTURED,45,
1391027,DOMESTIC_LEAGUE,Spain,140,La Liga,2025,Regular Season - 21,2026-01-24T15:15:00+00:00,Valencia,Espanyol,1,2026-09-22T08:37:22Z,CAPTURED,44,
1391028,DOMESTIC_LEAGUE,Spain,140,La Liga,2025,Regular Season - 21,2026-01-24T20:00:00+00:00,Villarreal,Real Madrid,1,2026-09-22T08:37:22Z,CAPTURED,41,
1379189,DOMESTIC_LEAGUE,England,39,Premier League,2025,Regular Season - 23,2026-01-25T16:30:00+00:00,Arsenal,Manchester United,1,2026-09-22T12:40:14Z,CAPTURED,40,
1379194,DOMESTIC_LEAGUE,England,39,Premier League,2025,Regular Season - 23,2026-01-26T20:00:00+00:00,Everton,Leeds,1,2026-09-22T12:40:14Z,CAPTURED,40,
1379199,DOMESTIC_LEAGUE,England,39,Premier League,2025,Regular Season - 24,2026-02-01T14:00:00+00:00,Aston Villa,Brentford,1,2026-09-22T12:40:14Z,CAPTURED,40,
1379200,DOMESTIC_LEAGUE,England,39,Premier League,2025,Regular Season - 24,2026-01-31T15:00:00+00:00,Brighton,Everton,1,2026-09-22T12:40:14Z,CAPTURED,40,
1379201,DOMESTIC_LEAGUE,England,39,Premier League,2025,Regular Season - 24,2026-01-31T17:30:00+00:00,Chelsea,West Ham,1,2026-09-22T12:40:14Z,CAPTURED,40,
1379202,DOMESTIC_LEAGUE,England,39,Premier League,2025,Regular Season - 24,2026-01-31T15:00:00+00:00,Leeds,Arsenal,1,2026-09-22T12:40:14Z,CAPTURED,40,
1379203,DOMESTIC_LEAGUE,England,39,Premier League,2025,Regular Season - 24,2026-01-31T20:00:00+00:00,Liverpool,Newcastle,1,2026-09-22T12:40:14Z,CAPTURED,40,
1379204,DOMESTIC_LEAGUE,England,39,Premier League,2025,Regular Season - 24,2026-02-01T14:00:00+00:00,Manchester United,Fulham,1,2026-09-22T12:40:14Z,CAPTURED,40,
1379205,DOMESTIC_LEAGUE,England,39,Premier League,2025,Regular Season - 24,2026-02-01T14:00:00+00:00,Nottingham Forest,Crystal Palace,1,2026-09-22T12:40:14Z,CAPTURED,38,
1379206,DOMESTIC_LEAGUE,England,39,Premier League,2025,Regular Season - 24,2026-02-02T20:00:00+00:00,Sunderland,Burnley,1,2026-09-22T12:40:14Z,CAPTURED,40,
1379207,DOMESTIC_LEAGUE,England,39,Premier League,2025,Regular Season - 24,2026-02-01T16:30:00+00:00,Tottenham,Manchester City,1,2026-09-22T12:40:14Z,CAPTURED,40,
1379208,DOMESTIC_LEAGUE,England,39,Premier League,2025,Regular Season - 24,2026-01-31T15:00:00+00:00,Wolves,Bournemouth,1,2026-09-22T12:40:14Z,CAPTURED,40,
1379209,DOMESTIC_LEAGUE,England,39,Premier League,2025,Regular Season - 25,2026-02-07T15:00:00+00:00,Arsenal,Sunderland,1,2026-09-22T12:40:14Z,CAPTURED,40,
1379210,DOMESTIC_LEAGUE,England,39,Premier League,2025,Regular Season - 25,2026-02-07T15:00:00+00:00,Bournemouth,Aston Villa,1,2026-09-22T12:40:14Z,CAPTURED,40,
1379211,DOMESTIC_LEAGUE,England,39,Premier League,2025,Regular Season - 25,2026-02-08T14:00:00+00:00,Brighton,Crystal Palace,1,2026-09-22T12:40:14Z,CAPTURED,40,
1379212,DOMESTIC_LEAGUE,England,39,Premier League,2025,Regular Season - 25,2026-02-07T15:00:00+00:00,Burnley,West Ham,1,2026-09-22T12:40:14Z,CAPTURED,40,
1379213,DOMESTIC_LEAGUE,England,39,Premier League,2025,Regular Season - 25,2026-02-07T15:00:00+00:00,Fulham,Everton,1,2026-09-22T12:40:14Z,CAPTURED,40,
1379214,DOMESTIC_LEAGUE,England,39,Premier League,2025,Regular Season - 25,2026-02-06T20:00:00+00:00,Leeds,Nottingham Forest,1,2026-09-22T12:40:14Z,CAPTURED,40,
1379215,DOMESTIC_LEAGUE,England,39,Premier League,2025,Regular Season - 25,2026-02-08T16:30:00+00:00,Liverpool,Manchester City,1,2026-09-22T12:40:14Z,CAPTURED,40,
1379216,DOMESTIC_LEAGUE,England,39,Premier League,2025,Regular Season - 25,2026-02-07T12:30:00+00:00,Manchester United,Tottenham,1,2026-09-22T12:40:14Z,CAPTURED,40,
1379217,DOMESTIC_LEAGUE,England,39,Premier League,2025,Regular Season - 25,2026-02-07T17:30:00+00:00,Newcastle,Brentford,1,2026-09-22T12:40:14Z,CAPTURED,40,
1379218,DOMESTIC_LEAGUE,England,39,Premier League,2025,Regular Season - 25,2026-02-07T15:00:00+00:00,Wolves,Chelsea,1,2026-09-22T12:40:14Z,CAPTURED,40,
1379219,DOMESTIC_LEAGUE,England,39,Premier League,2025,Regular Season - 26,2026-02-11T19:30:00+00:00,Aston Villa,Brighton,1,2026-09-22T12:40:14Z,CAPTURED,40,
1379220,DOMESTIC_LEAGUE,England,39,Premier League,2025,Regular Season - 26,2026-02-12T20:00:00+00:00,Brentford,Arsenal,1,2026-09-22T12:40:14Z,CAPTURED,40,
1379221,DOMESTIC_LEAGUE,England,39,Premier League,2025,Regular Season - 26,2026-02-10T19:30:00+00:00,Chelsea,Leeds,1,2026-09-22T12:40:14Z,CAPTURED,40,
1379222,DOMESTIC_LEAGUE,England,39,Premier League,2025,Regular Season - 26,2026-02-11T19:30:00+00:00,Crystal Palace,Burnley,1,2026-09-22T12:40:14Z,CAPTURED,40,
1379223,DOMESTIC_LEAGUE,England,39,Premier League,2025,Regular Season - 26,2026-02-10T19:30:00+00:00,Everton,Bournemouth,1,2026-09-22T12:40:14Z,CAPTURED,40,
1379224,DOMESTIC_LEAGUE,England,39,Premier League,2025,Regular Season - 26,2026-02-11T19:30:00+00:00,Manchester City,Fulham,1,2026-09-22T12:40:14Z,CAPTURED,40,
1379225,DOMESTIC_LEAGUE,England,39,Premier League,2025,Regular Season - 26,2026-02-11T19:30:00+00:00,Nottingham Forest,Wolves,1,2026-09-22T12:40:14Z,CAPTURED,40,
1379226,DOMESTIC_LEAGUE,England,39,Premier League,2025,Regular Season - 26,2026-02-11T20:15:00+00:00,Sunderland,Liverpool,1,2026-09-22T12:40:14Z,CAPTURED,40,
1379227,DOMESTIC_LEAGUE,England,39,Premier League,2025,Regular Season - 26,2026-02-10T19:30:00+00:00,Tottenham,Newcastle,1,2026-09-22T12:40:14Z,CAPTURED,40,
1379228,DOMESTIC_LEAGUE,England,39,Premier League,2025,Regular Season - 26,2026-02-10T20:15:00+00:00,West Ham,Manchester United,1,2026-09-22T12:40:14Z,CAPTURED,40,
1379229,DOMESTIC_LEAGUE,England,39,Premier League,2025,Regular Season - 27,2026-02-21T15:00:00+00:00,Aston Villa,Leeds,1,2026-09-22T12:40:14Z,CAPTURED,40,
1379230,DOMESTIC_LEAGUE,England,39,Premier League,2025,Regular Season - 27,2026-02-21T15:00:00+00:00,Brentford,Brighton,1,2026-09-22T12:40:14Z,CAPTURED,40,
1379231,DOMESTIC_LEAGUE,England,39,Premier League,2025,Regular Season - 27,2026-02-21T15:00:00+00:00,Chelsea,Burnley,1,2026-09-22T12:40:14Z,CAPTURED,40,
1379232,DOMESTIC_LEAGUE,England,39,Premier League,2025,Regular Season - 27,2026-02-22T14:00:00+00:00,Crystal Palace,Wolves,1,2026-09-22T12:40:14Z,CAPTURED,40,
1379233,DOMESTIC_LEAGUE,England,39,Premier League,2025,Regular Season - 27,2026-02-23T20:00:00+00:00,Everton,Manchester United,1,2026-09-22T12:40:14Z,CAPTURED,40,
1379234,DOMESTIC_LEAGUE,England,39,Premier League,2025,Regular Season - 27,2026-02-21T20:00:00+00:00,Manchester City,Newcastle,1,2026-09-22T12:40:14Z,CAPTURED,40,
1379235,DOMESTIC_LEAGUE,England,39,Premier League,2025,Regular Season - 27,2026-02-22T14:00:00+00:00,Nottingham Forest,Liverpool,1,2026-09-22T12:40:14Z,CAPTURED,40,
1379236,DOMESTIC_LEAGUE,England,39,Premier League,2025,Regular Season - 27,2026-02-22T14:00:00+00:00,Sunderland,Fulham,1,2026-09-22T12:40:14Z,CAPTURED,40,
1379237,DOMESTIC_LEAGUE,England,39,Premier League,2025,Regular Season - 27,2026-02-22T16:30:00+00:00,Tottenham,Arsenal,1,2026-09-22T12:40:14Z,CAPTURED,40,
1379238,DOMESTIC_LEAGUE,England,39,Premier League,2025,Regular Season - 27,2026-02-21T17:30:00+00:00,West Ham,Bournemouth,1,2026-09-22T12:40:14Z,CAPTURED,40,
1379239,DOMESTIC_LEAGUE,England,39,Premier League,2025,Regular Season - 28,2026-03-01T16:30:00+00:00,Arsenal,Chelsea,1,2026-09-22T12:40:14Z,CAPTURED,40,
1379240,DOMESTIC_LEAGUE,England,39,Premier League,2025,Regular Season - 28,2026-02-28T12:30:00+00:00,Bournemouth,Sunderland,1,2026-09-22T12:40:14Z,CAPTURED,40,
1379241,DOMESTIC_LEAGUE,England,39,Premier League,2025,Regular Season - 28,2026-03-01T14:00:00+00:00,Brighton,Nottingham Forest,1,2026-09-22T12:40:14Z,CAPTURED,40,
1379242,DOMESTIC_LEAGUE,England,39,Premier League,2025,Regular Season - 28,2026-02-28T15:00:00+00:00,Burnley,Brentford,1,2026-09-22T12:40:14Z,CAPTURED,40,
1379243,DOMESTIC_LEAGUE,England,39,Premier League,2025,Regular Season - 28,2026-03-01T14:00:00+00:00,Fulham,Tottenham,1,2026-09-22T12:40:14Z,CAPTURED,40,
1379244,DOMESTIC_LEAGUE,England,39,Premier League,2025,Regular Season - 28,2026-02-28T17:30:00+00:00,Leeds,Manchester City,1,2026-09-22T12:40:14Z,CAPTURED,40,
1379245,DOMESTIC_LEAGUE,England,39,Premier League,2025,Regular Season - 28,2026-02-28T15:00:00+00:00,Liverpool,West Ham,1,2026-09-22T12:40:14Z,CAPTURED,40,
1379246,DOMESTIC_LEAGUE,England,39,Premier League,2025,Regular Season - 28,2026-03-01T14:00:00+00:00,Manchester United,Crystal Palace,1,2026-09-22T12:40:14Z,CAPTURED,40,
1379247,DOMESTIC_LEAGUE,England,39,Premier League,2025,Regular Season - 28,2026-02-28T15:00:00+00:00,Newcastle,Everton,1,2026-09-22T12:40:14Z,CAPTURED,40,
1379248,DOMESTIC_LEAGUE,England,39,Premier League,2025,Regular Season - 28,2026-02-27T20:00:00+00:00,Wolves,Aston Villa,1,2026-09-22T12:40:14Z,CAPTURED,40,
1379249,DOMESTIC_LEAGUE,England,39,Premier League,2025,Regular Season - 29,2026-03-04T19:30:00+00:00,Aston Villa,Chelsea,1,2026-09-22T12:40:14Z,CAPTURED,40,
1379250,DOMESTIC_LEAGUE,England,39,Premier League,2025,Regular Season - 29,2026-03-03T19:30:00+00:00,Bournemouth,Brentford,1,2026-09-22T12:40:14Z,CAPTURED,40,
1379251,DOMESTIC_LEAGUE,England,39,Premier League,2025,Regular Season - 29,2026-03-04T19:30:00+00:00,Brighton,Arsenal,1,2026-09-22T12:40:14Z,CAPTURED,40,
1379252,DOMESTIC_LEAGUE,England,39,Premier League,2025,Regular Season - 29,2026-03-03T19:30:00+00:00,Everton,Burnley,1,2026-09-22T12:40:14Z,CAPTURED,40,
1379253,DOMESTIC_LEAGUE,England,39,Premier League,2025,Regular Season - 29,2026-03-04T19:30:00+00:00,Fulham,West Ham,1,2026-09-22T12:40:14Z,CAPTURED,40,
1379254,DOMESTIC_LEAGUE,England,39,Premier League,2025,Regular Season - 29,2026-03-03T19:30:00+00:00,Leeds,Sunderland,1,2026-09-22T12:40:14Z,CAPTURED,40,
1379255,DOMESTIC_LEAGUE,England,39,Premier League,2025,Regular Season - 29,2026-03-04T19:30:00+00:00,Manchester City,Nottingham Forest,1,2026-09-22T12:40:14Z,CAPTURED,40,
1379256,DOMESTIC_LEAGUE,England,39,Premier League,2025,Regular Season - 29,2026-03-04T20:15:00+00:00,Newcastle,Manchester United,1,2026-09-22T12:40:14Z,CAPTURED,40,
1379257,DOMESTIC_LEAGUE,England,39,Premier League,2025,Regular Season - 29,2026-03-05T20:00:00+00:00,Tottenham,Crystal Palace,1,2026-09-22T12:40:14Z,CAPTURED,40,
1379258,DOMESTIC_LEAGUE,England,39,Premier League,2025,Regular Season - 29,2026-03-03T20:15:00+00:00,Wolves,Liverpool,1,2026-09-22T12:40:14Z,CAPTURED,40,
1379278,DOMESTIC_LEAGUE,England,39,Premier League,2025,Regular Season - 31,2026-02-18T20:00:00+00:00,Wolves,Arsenal,1,2026-09-22T12:40:14Z,CAPTURED,40,
1387861,DOMESTIC_LEAGUE,France,61,Ligue 1,2025,Regular Season - 19,2026-01-25T16:15:00+00:00,Stade Brestois 29,Toulouse,1,2026-09-22T12:40:14Z,CAPTURED,38,
1387863,DOMESTIC_LEAGUE,France,61,Ligue 1,2025,Regular Season - 19,2026-01-25T19:45:00+00:00,Lille,Strasbourg,1,2026-09-22T12:40:14Z,CAPTURED,40,
1387865,DOMESTIC_LEAGUE,France,61,Ligue 1,2025,Regular Season - 19,2026-01-25T16:15:00+00:00,Metz,Lyon,1,2026-09-22T12:40:14Z,CAPTURED,40,
1387867,DOMESTIC_LEAGUE,France,61,Ligue 1,2025,Regular Season - 19,2026-01-25T16:15:00+00:00,Paris FC,Angers,1,2026-09-22T12:40:14Z,CAPTURED,40,
1387869,DOMESTIC_LEAGUE,France,61,Ligue 1,2025,Regular Season - 20,2026-02-01T16:15:00+00:00,Angers,Metz,1,2026-09-22T12:40:14Z,CAPTURED,40,
1387870,DOMESTIC_LEAGUE,France,61,Ligue 1,2025,Regular Season - 20,2026-01-30T19:45:00+00:00,Lens,Le Havre,1,2026-09-22T12:40:14Z,CAPTURED,40,
1387871,DOMESTIC_LEAGUE,France,61,Ligue 1,2025,Regular Season - 20,2026-01-31T18:00:00+00:00,Lorient,Nantes,1,2026-09-22T12:40:14Z,CAPTURED,40,
1387872,DOMESTIC_LEAGUE,France,61,Ligue 1,2025,Regular Season - 20,2026-02-01T14:00:00+00:00,Lyon,Lille,1,2026-09-22T12:40:14Z,CAPTURED,40,
1387873,DOMESTIC_LEAGUE,France,61,Ligue 1,2025,Regular Season - 20,2026-01-31T20:05:00+00:00,Monaco,Rennes,1,2026-09-22T12:40:14Z,CAPTURED,40,
1387874,DOMESTIC_LEAGUE,France,61,Ligue 1,2025,Regular Season - 20,2026-02-01T16:15:00+00:00,Nice,Stade Brestois 29,1,2026-09-22T12:40:14Z,CAPTURED,40,
1387875,DOMESTIC_LEAGUE,France,61,Ligue 1,2025,Regular Season - 20,2026-01-31T16:00:00+00:00,Paris FC,Marseille,1,2026-09-22T12:40:14Z,CAPTURED,40,
1387876,DOMESTIC_LEAGUE,France,61,Ligue 1,2025,Regular Season - 20,2026-02-01T19:45:00+00:00,Strasbourg,Paris Saint Germain,1,2026-09-22T12:40:14Z,CAPTURED,40,
1387877,DOMESTIC_LEAGUE,France,61,Ligue 1,2025,Regular Season - 20,2026-02-01T16:15:00+00:00,Toulouse,Auxerre,1,2026-09-22T12:40:14Z,CAPTURED,40,
1387878,DOMESTIC_LEAGUE,France,61,Ligue 1,2025,Regular Season - 21,2026-02-08T16:15:00+00:00,Angers,Toulouse,1,2026-09-22T12:40:14Z,CAPTURED,40,
1387879,DOMESTIC_LEAGUE,France,61,Ligue 1,2025,Regular Season - 21,2026-02-08T16:15:00+00:00,Auxerre,Paris FC,1,2026-09-22T12:40:14Z,CAPTURED,40,
1387880,DOMESTIC_LEAGUE,France,61,Ligue 1,2025,Regular Season - 21,2026-02-07T18:00:00+00:00,Stade Brestois 29,Lorient,1,2026-09-22T12:40:14Z,CAPTURED,39,
1387881,DOMESTIC_LEAGUE,France,61,Ligue 1,2025,Regular Season - 21,2026-02-08T16:15:00+00:00,Le Havre,Strasbourg,1,2026-09-22T12:40:14Z,CAPTURED,40,
1387882,DOMESTIC_LEAGUE,France,61,Ligue 1,2025,Regular Season - 21,2026-02-07T16:00:00+00:00,Lens,Rennes,1,2026-09-22T12:40:14Z,CAPTURED,40,
1387883,DOMESTIC_LEAGUE,France,61,Ligue 1,2025,Regular Season - 21,2026-02-06T19:45:00+00:00,Metz,Lille,1,2026-09-22T12:40:14Z,CAPTURED,40,
1387884,DOMESTIC_LEAGUE,France,61,Ligue 1,2025,Regular Season - 21,2026-02-07T20:05:00+00:00,Nantes,Lyon,1,2026-09-22T12:40:14Z,CAPTURED,40,
1387885,DOMESTIC_LEAGUE,France,61,Ligue 1,2025,Regular Season - 21,2026-02-08T14:00:00+00:00,Nice,Monaco,1,2026-09-22T12:40:14Z,CAPTURED,40,
1387886,DOMESTIC_LEAGUE,France,61,Ligue 1,2025,Regular Season - 21,2026-02-08T19:45:00+00:00,Paris Saint Germain,Marseille,1,2026-09-22T12:40:14Z,CAPTURED,40,
1387887,DOMESTIC_LEAGUE,France,61,Ligue 1,2025,Regular Season - 22,2026-02-15T14:00:00+00:00,Le Havre,Toulouse,1,2026-09-22T12:40:14Z,CAPTURED,40,
1387888,DOMESTIC_LEAGUE,France,61,Ligue 1,2025,Regular Season - 22,2026-02-14T18:00:00+00:00,Lille,Stade Brestois 29,1,2026-09-22T12:40:14Z,CAPTURED,39,
1387889,DOMESTIC_LEAGUE,France,61,Ligue 1,2025,Regular Season - 22,2026-02-15T16:15:00+00:00,Lorient,Angers,1,2026-09-22T12:40:14Z,CAPTURED,40,
1387890,DOMESTIC_LEAGUE,France,61,Ligue 1,2025,Regular Season - 22,2026-02-15T19:45:00+00:00,Lyon,Nice,1,2026-09-22T12:40:14Z,CAPTURED,40,
1387891,DOMESTIC_LEAGUE,France,61,Ligue 1,2025,Regular Season - 22,2026-02-14T16:00:00+00:00,Marseille,Strasbourg,1,2026-09-22T12:40:14Z,CAPTURED,40,
1387892,DOMESTIC_LEAGUE,France,61,Ligue 1,2025,Regular Season - 22,2026-02-15T16:15:00+00:00,Metz,Auxerre,1,2026-09-22T12:40:14Z,CAPTURED,40,
1387893,DOMESTIC_LEAGUE,France,61,Ligue 1,2025,Regular Season - 22,2026-02-13T20:05:00+00:00,Monaco,Nantes,1,2026-09-22T12:40:14Z,CAPTURED,40,
1387894,DOMESTIC_LEAGUE,France,61,Ligue 1,2025,Regular Season - 22,2026-02-14T20:05:00+00:00,Paris FC,Lens,1,2026-09-22T12:40:14Z,CAPTURED,40,
1387895,DOMESTIC_LEAGUE,France,61,Ligue 1,2025,Regular Season - 22,2026-02-13T18:00:00+00:00,Rennes,Paris Saint Germain,1,2026-09-22T12:40:14Z,CAPTURED,40,
1387896,DOMESTIC_LEAGUE,France,61,Ligue 1,2025,Regular Season - 23,2026-02-22T16:15:00+00:00,Angers,Lille,1,2026-09-22T12:40:14Z,CAPTURED,40,
1387897,DOMESTIC_LEAGUE,France,61,Ligue 1,2025,Regular Season - 23,2026-02-22T14:00:00+00:00,Auxerre,Rennes,1,2026-09-22T12:40:14Z,CAPTURED,40,
1387898,DOMESTIC_LEAGUE,France,61,Ligue 1,2025,Regular Season - 23,2026-02-20T19:45:00+00:00,Stade Brestois 29,Marseille,1,2026-09-22T12:40:14Z,CAPTURED,40,
1387899,DOMESTIC_LEAGUE,France,61,Ligue 1,2025,Regular Season - 23,2026-02-21T16:00:00+00:00,Lens,Monaco,1,2026-09-22T12:40:14Z,CAPTURED,40,
1387900,DOMESTIC_LEAGUE,France,61,Ligue 1,2025,Regular Season - 23,2026-02-22T16:15:00+00:00,Nantes,Le Havre,1,2026-09-22T12:40:14Z,CAPTURED,40,
1387901,DOMESTIC_LEAGUE,France,61,Ligue 1,2025,Regular Season - 23,2026-02-22T16:15:00+00:00,Nice,Lorient,1,2026-09-22T12:40:14Z,CAPTURED,40,
1387902,DOMESTIC_LEAGUE,France,61,Ligue 1,2025,Regular Season - 23,2026-02-21T20:05:00+00:00,Paris Saint Germain,Metz,1,2026-09-22T12:40:14Z,CAPTURED,40,
1387903,DOMESTIC_LEAGUE,France,61,Ligue 1,2025,Regular Season - 23,2026-02-22T19:45:00+00:00,Strasbourg,Lyon,1,2026-09-22T12:40:14Z,CAPTURED,40,
1387904,DOMESTIC_LEAGUE,France,61,Ligue 1,2025,Regular Season - 23,2026-02-21T18:00:00+00:00,Toulouse,Paris FC,1,2026-09-22T12:40:14Z,CAPTURED,40,
1387905,DOMESTIC_LEAGUE,France,61,Ligue 1,2025,Regular Season - 24,2026-02-28T20:05:00+00:00,Le Havre,Paris Saint Germain,1,2026-09-22T12:40:14Z,CAPTURED,39,
1387906,DOMESTIC_LEAGUE,France,61,Ligue 1,2025,Regular Season - 24,2026-03-01T16:15:00+00:00,Lille,Nantes,1,2026-09-22T12:40:14Z,CAPTURED,40,
1387907,DOMESTIC_LEAGUE,France,61,Ligue 1,2025,Regular Season - 24,2026-03-01T16:15:00+00:00,Lorient,Auxerre,1,2026-09-22T12:40:14Z,CAPTURED,39,
1387908,DOMESTIC_LEAGUE,France,61,Ligue 1,2025,Regular Season - 24,2026-03-01T19:45:00+00:00,Marseille,Lyon,1,2026-09-22T12:40:14Z,CAPTURED,40,
1387909,DOMESTIC_LEAGUE,France,61,Ligue 1,2025,Regular Season - 24,2026-03-01T16:15:00+00:00,Metz,Stade Brestois 29,1,2026-09-22T12:40:14Z,CAPTURED,40,
1387910,DOMESTIC_LEAGUE,France,61,Ligue 1,2025,Regular Season - 24,2026-02-28T18:00:00+00:00,Monaco,Angers,1,2026-09-22T12:40:14Z,CAPTURED,40,
1387911,DOMESTIC_LEAGUE,France,61,Ligue 1,2025,Regular Season - 24,2026-03-01T14:00:00+00:00,Paris FC,Nice,1,2026-09-22T12:40:14Z,CAPTURED,40,
1387912,DOMESTIC_LEAGUE,France,61,Ligue 1,2025,Regular Season - 24,2026-02-28T16:00:00+00:00,Rennes,Toulouse,1,2026-09-22T12:40:14Z,CAPTURED,40,
1387913,DOMESTIC_LEAGUE,France,61,Ligue 1,2025,Regular Season - 24,2026-02-27T19:45:00+00:00,Strasbourg,Lens,1,2026-09-22T12:40:14Z,CAPTURED,40,
1387914,DOMESTIC_LEAGUE,France,61,Ligue 1,2025,Regular Season - 25,2026-03-07T18:00:00+00:00,Auxerre,Strasbourg,1,2026-09-22T12:40:14Z,CAPTURED,40,
1387915,DOMESTIC_LEAGUE,France,61,Ligue 1,2025,Regular Season - 25,2026-03-08T16:15:00+00:00,Stade Brestois 29,Le Havre,1,2026-09-22T12:40:14Z,CAPTURED,38,
1387916,DOMESTIC_LEAGUE,France,61,Ligue 1,2025,Regular Season - 25,2026-03-08T14:00:00+00:00,Lens,Metz,1,2026-09-22T12:40:14Z,CAPTURED,40,
1387917,DOMESTIC_LEAGUE,France,61,Ligue 1,2025,Regular Season - 25,2026-03-08T16:15:00+00:00,Lille,Lorient,1,2026-09-22T12:40:14Z,CAPTURED,40,
1387919,DOMESTIC_LEAGUE,France,61,Ligue 1,2025,Regular Season - 25,2026-03-07T16:00:00+00:00,Nantes,Angers,1,2026-09-22T12:40:14Z,CAPTURED,40,
1387920,DOMESTIC_LEAGUE,France,61,Ligue 1,2025,Regular Season - 25,2026-03-08T16:15:00+00:00,Nice,Rennes,1,2026-09-22T12:40:14Z,CAPTURED,40,
1387921,DOMESTIC_LEAGUE,France,61,Ligue 1,2025,Regular Season - 25,2026-03-06T19:45:00+00:00,Paris Saint Germain,Monaco,1,2026-09-22T12:40:14Z,CAPTURED,40,
1387922,DOMESTIC_LEAGUE,France,61,Ligue 1,2025,Regular Season - 25,2026-03-07T20:05:00+00:00,Toulouse,Marseille,1,2026-09-22T12:40:14Z,CAPTURED,40,
1388449,DOMESTIC_LEAGUE,Germany,78,Bundesliga,2025,Regular Season - 16,2026-01-27T19:30:00+00:00,FC St. Pauli,RB Leipzig,1,2026-09-22T12:40:14Z,CAPTURED,40,
1388451,DOMESTIC_LEAGUE,Germany,78,Bundesliga,2025,Regular Season - 16,2026-01-27T19:30:00+00:00,Werder Bremen,1899 Hoffenheim,1,2026-09-22T12:40:14Z,CAPTURED,39,
1388455,DOMESTIC_LEAGUE,Germany,78,Bundesliga,2025,Regular Season - 17,2026-03-04T19:30:00+00:00,Hamburger SV,Bayer Leverkusen,1,2026-09-22T12:40:14Z,CAPTURED,39,
1388472,DOMESTIC_LEAGUE,Germany,78,Bundesliga,2025,Regular Season - 19,2026-01-25T14:30:00+00:00,Borussia Mönchengladbach,VfB Stuttgart,1,2026-09-22T12:40:14Z,CAPTURED,40,
1388474,DOMESTIC_LEAGUE,Germany,78,Bundesliga,2025,Regular Season - 19,2026-01-25T16:30:00+00:00,SC Freiburg,1. FC Köln,1,2026-09-22T12:40:14Z,CAPTURED,40,
1388479,DOMESTIC_LEAGUE,Germany,78,Bundesliga,2025,Regular Season - 20,2026-01-31T14:30:00+00:00,FC Augsburg,FC St. Pauli,1,2026-09-22T12:40:14Z,CAPTURED,40,
1388480,DOMESTIC_LEAGUE,Germany,78,Bundesliga,2025,Regular Season - 20,2026-02-01T16:30:00+00:00,Borussia Dortmund,1. FC Heidenheim,1,2026-09-22T12:40:14Z,CAPTURED,40,
1388481,DOMESTIC_LEAGUE,Germany,78,Bundesliga,2025,Regular Season - 20,2026-01-31T14:30:00+00:00,Eintracht Frankfurt,Bayer Leverkusen,1,2026-09-22T12:40:14Z,CAPTURED,40,
1388482,DOMESTIC_LEAGUE,Germany,78,Bundesliga,2025,Regular Season - 20,2026-01-30T19:30:00+00:00,1. FC Köln,VfL Wolfsburg,1,2026-09-22T12:40:14Z,CAPTURED,40,
1388483,DOMESTIC_LEAGUE,Germany,78,Bundesliga,2025,Regular Season - 20,2026-01-31T17:30:00+00:00,Hamburger SV,Bayern München,1,2026-09-22T12:40:14Z,CAPTURED,40,
1388484,DOMESTIC_LEAGUE,Germany,78,Bundesliga,2025,Regular Season - 20,2026-01-31T14:30:00+00:00,1899 Hoffenheim,Union Berlin,1,2026-09-22T12:40:14Z,CAPTURED,40,
1388485,DOMESTIC_LEAGUE,Germany,78,Bundesliga,2025,Regular Season - 20,2026-01-31T14:30:00+00:00,RB Leipzig,FSV Mainz 05,1,2026-09-22T12:40:14Z,CAPTURED,40,
1388486,DOMESTIC_LEAGUE,Germany,78,Bundesliga,2025,Regular Season - 20,2026-02-01T14:30:00+00:00,VfB Stuttgart,SC Freiburg,1,2026-09-22T12:40:14Z,CAPTURED,40,
1388487,DOMESTIC_LEAGUE,Germany,78,Bundesliga,2025,Regular Season - 20,2026-01-31T14:30:00+00:00,Werder Bremen,Borussia Mönchengladbach,1,2026-09-22T12:40:14Z,CAPTURED,40,
1388488,DOMESTIC_LEAGUE,Germany,78,Bundesliga,2025,Regular Season - 21,2026-02-08T16:30:00+00:00,Bayern München,1899 Hoffenheim,1,2026-09-22T12:40:14Z,CAPTURED,39,
1388489,DOMESTIC_LEAGUE,Germany,78,Bundesliga,2025,Regular Season - 21,2026-02-07T17:30:00+00:00,Borussia Mönchengladbach,Bayer Leverkusen,1,2026-09-22T12:40:14Z,CAPTURED,40,
1388490,DOMESTIC_LEAGUE,Germany,78,Bundesliga,2025,Regular Season - 21,2026-02-08T14:30:00+00:00,1. FC Köln,RB Leipzig,1,2026-09-22T12:40:14Z,CAPTURED,40,
1388491,DOMESTIC_LEAGUE,Germany,78,Bundesliga,2025,Regular Season - 21,2026-02-07T14:30:00+00:00,SC Freiburg,Werder Bremen,1,2026-09-22T12:40:14Z,CAPTURED,40,
1388492,DOMESTIC_LEAGUE,Germany,78,Bundesliga,2025,Regular Season - 21,2026-02-07T14:30:00+00:00,1. FC Heidenheim,Hamburger SV,1,2026-09-22T12:40:14Z,CAPTURED,40,
1388493,DOMESTIC_LEAGUE,Germany,78,Bundesliga,2025,Regular Season - 21,2026-02-07T14:30:00+00:00,FSV Mainz 05,FC Augsburg,1,2026-09-22T12:40:14Z,CAPTURED,40,
1388494,DOMESTIC_LEAGUE,Germany,78,Bundesliga,2025,Regular Season - 21,2026-02-07T14:30:00+00:00,FC St. Pauli,VfB Stuttgart,1,2026-09-22T12:40:14Z,CAPTURED,40,
1388495,DOMESTIC_LEAGUE,Germany,78,Bundesliga,2025,Regular Season - 21,2026-02-06T19:30:00+00:00,Union Berlin,Eintracht Frankfurt,1,2026-09-22T12:40:14Z,CAPTURED,40,
1388496,DOMESTIC_LEAGUE,Germany,78,Bundesliga,2025,Regular Season - 21,2026-02-07T14:30:00+00:00,VfL Wolfsburg,Borussia Dortmund,1,2026-09-22T12:40:14Z,CAPTURED,39,
1388497,DOMESTIC_LEAGUE,Germany,78,Bundesliga,2025,Regular Season - 22,2026-02-15T14:30:00+00:00,FC Augsburg,1. FC Heidenheim,1,2026-09-22T12:40:14Z,CAPTURED,40,
1388498,DOMESTIC_LEAGUE,Germany,78,Bundesliga,2025,Regular Season - 22,2026-02-14T14:30:00+00:00,Bayer Leverkusen,FC St. Pauli,1,2026-09-22T12:40:14Z,CAPTURED,40,
1388499,DOMESTIC_LEAGUE,Germany,78,Bundesliga,2025,Regular Season - 22,2026-02-13T19:30:00+00:00,Borussia Dortmund,FSV Mainz 05,1,2026-09-22T12:40:14Z,CAPTURED,40,
1388500,DOMESTIC_LEAGUE,Germany,78,Bundesliga,2025,Regular Season - 22,2026-02-14T14:30:00+00:00,Eintracht Frankfurt,Borussia Mönchengladbach,1,2026-09-22T12:40:14Z,CAPTURED,40,
1388501,DOMESTIC_LEAGUE,Germany,78,Bundesliga,2025,Regular Season - 22,2026-02-14T14:30:00+00:00,Hamburger SV,Union Berlin,1,2026-09-22T12:40:14Z,CAPTURED,40,
1388502,DOMESTIC_LEAGUE,Germany,78,Bundesliga,2025,Regular Season - 22,2026-02-14T14:30:00+00:00,1899 Hoffenheim,SC Freiburg,1,2026-09-22T12:40:14Z,CAPTURED,40,
1388503,DOMESTIC_LEAGUE,Germany,78,Bundesliga,2025,Regular Season - 22,2026-02-15T16:30:00+00:00,RB Leipzig,VfL Wolfsburg,1,2026-09-22T12:40:14Z,CAPTURED,40,
1388504,DOMESTIC_LEAGUE,Germany,78,Bundesliga,2025,Regular Season - 22,2026-02-14T17:30:00+00:00,VfB Stuttgart,1. FC Köln,1,2026-09-22T12:40:14Z,CAPTURED,40,
1388505,DOMESTIC_LEAGUE,Germany,78,Bundesliga,2025,Regular Season - 22,2026-02-14T14:30:00+00:00,Werder Bremen,Bayern München,1,2026-09-22T12:40:14Z,CAPTURED,40,
1388506,DOMESTIC_LEAGUE,Germany,78,Bundesliga,2025,Regular Season - 23,2026-02-21T14:30:00+00:00,Bayern München,Eintracht Frankfurt,1,2026-09-22T12:40:14Z,CAPTURED,40,
1388507,DOMESTIC_LEAGUE,Germany,78,Bundesliga,2025,Regular Season - 23,2026-02-21T14:30:00+00:00,1. FC Köln,1899 Hoffenheim,1,2026-09-22T12:40:14Z,CAPTURED,40,
1388508,DOMESTIC_LEAGUE,Germany,78,Bundesliga,2025,Regular Season - 23,2026-02-22T14:30:00+00:00,SC Freiburg,Borussia Mönchengladbach,1,2026-09-22T12:40:14Z,CAPTURED,40,
1388509,DOMESTIC_LEAGUE,Germany,78,Bundesliga,2025,Regular Season - 23,2026-02-22T18:30:00+00:00,1. FC Heidenheim,VfB Stuttgart,1,2026-09-22T12:40:14Z,CAPTURED,40,
1388510,DOMESTIC_LEAGUE,Germany,78,Bundesliga,2025,Regular Season - 23,2026-02-20T19:30:00+00:00,FSV Mainz 05,Hamburger SV,1,2026-09-22T12:40:14Z,CAPTURED,40,
1388511,DOMESTIC_LEAGUE,Germany,78,Bundesliga,2025,Regular Season - 23,2026-02-21T17:30:00+00:00,RB Leipzig,Borussia Dortmund,1,2026-09-22T12:40:14Z,CAPTURED,40,
1388512,DOMESTIC_LEAGUE,Germany,78,Bundesliga,2025,Regular Season - 23,2026-02-22T16:30:00+00:00,FC St. Pauli,Werder Bremen,1,2026-09-22T12:40:14Z,CAPTURED,39,
1388513,DOMESTIC_LEAGUE,Germany,78,Bundesliga,2025,Regular Season - 23,2026-02-21T14:30:00+00:00,Union Berlin,Bayer Leverkusen,1,2026-09-22T12:40:14Z,CAPTURED,40,
1388514,DOMESTIC_LEAGUE,Germany,78,Bundesliga,2025,Regular Season - 23,2026-02-21T14:30:00+00:00,VfL Wolfsburg,FC Augsburg,1,2026-09-22T12:40:14Z,CAPTURED,40,
1388515,DOMESTIC_LEAGUE,Germany,78,Bundesliga,2025,Regular Season - 24,2026-02-27T19:30:00+00:00,FC Augsburg,1. FC Köln,1,2026-09-22T12:40:14Z,CAPTURED,40,
1388516,DOMESTIC_LEAGUE,Germany,78,Bundesliga,2025,Regular Season - 24,2026-02-28T14:30:00+00:00,Bayer Leverkusen,FSV Mainz 05,1,2026-09-22T12:40:14Z,CAPTURED,40,
1388517,DOMESTIC_LEAGUE,Germany,78,Bundesliga,2025,Regular Season - 24,2026-02-28T14:30:00+00:00,Borussia Mönchengladbach,Union Berlin,1,2026-09-22T12:40:14Z,CAPTURED,40,
1388518,DOMESTIC_LEAGUE,Germany,78,Bundesliga,2025,Regular Season - 24,2026-02-28T17:30:00+00:00,Borussia Dortmund,Bayern München,1,2026-09-22T12:40:14Z,CAPTURED,40,
1388519,DOMESTIC_LEAGUE,Germany,78,Bundesliga,2025,Regular Season - 24,2026-03-01T16:30:00+00:00,Eintracht Frankfurt,SC Freiburg,1,2026-09-22T12:40:14Z,CAPTURED,40,
1388520,DOMESTIC_LEAGUE,Germany,78,Bundesliga,2025,Regular Season - 24,2026-03-01T18:30:00+00:00,Hamburger SV,RB Leipzig,1,2026-09-22T12:40:14Z,CAPTURED,40,
1388521,DOMESTIC_LEAGUE,Germany,78,Bundesliga,2025,Regular Season - 24,2026-02-28T14:30:00+00:00,1899 Hoffenheim,FC St. Pauli,1,2026-09-22T12:40:14Z,CAPTURED,40,
1388522,DOMESTIC_LEAGUE,Germany,78,Bundesliga,2025,Regular Season - 24,2026-03-01T14:30:00+00:00,VfB Stuttgart,VfL Wolfsburg,1,2026-09-22T12:40:14Z,CAPTURED,40,
1388523,DOMESTIC_LEAGUE,Germany,78,Bundesliga,2025,Regular Season - 24,2026-02-28T14:30:00+00:00,Werder Bremen,1. FC Heidenheim,1,2026-09-22T12:40:14Z,CAPTURED,40,
1388524,DOMESTIC_LEAGUE,Germany,78,Bundesliga,2025,Regular Season - 25,2026-03-06T19:30:00+00:00,Bayern München,Borussia Mönchengladbach,1,2026-09-22T12:40:14Z,CAPTURED,40,
1388525,DOMESTIC_LEAGUE,Germany,78,Bundesliga,2025,Regular Season - 25,2026-03-07T17:30:00+00:00,1. FC Köln,Borussia Dortmund,1,2026-09-22T12:40:14Z,CAPTURED,40,
1388526,DOMESTIC_LEAGUE,Germany,78,Bundesliga,2025,Regular Season - 25,2026-03-07T14:30:00+00:00,SC Freiburg,Bayer Leverkusen,1,2026-09-22T12:40:14Z,CAPTURED,40,
1388527,DOMESTIC_LEAGUE,Germany,78,Bundesliga,2025,Regular Season - 25,2026-03-07T14:30:00+00:00,1. FC Heidenheim,1899 Hoffenheim,1,2026-09-22T12:40:14Z,CAPTURED,40,
1388528,DOMESTIC_LEAGUE,Germany,78,Bundesliga,2025,Regular Season - 25,2026-03-07T14:30:00+00:00,FSV Mainz 05,VfB Stuttgart,1,2026-09-22T12:40:14Z,CAPTURED,40,
1388529,DOMESTIC_LEAGUE,Germany,78,Bundesliga,2025,Regular Season - 25,2026-03-07T14:30:00+00:00,RB Leipzig,FC Augsburg,1,2026-09-22T12:40:14Z,CAPTURED,39,
1388530,DOMESTIC_LEAGUE,Germany,78,Bundesliga,2025,Regular Season - 25,2026-03-08T14:30:00+00:00,FC St. Pauli,Eintracht Frankfurt,1,2026-09-22T12:40:14Z,CAPTURED,40,
1388532,DOMESTIC_LEAGUE,Germany,78,Bundesliga,2025,Regular Season - 25,2026-03-07T14:30:00+00:00,VfL Wolfsburg,Hamburger SV,1,2026-09-22T12:40:14Z,CAPTURED,40,
1390974,DOMESTIC_LEAGUE,Spain,140,La Liga,2025,Regular Season - 16,2026-02-18T19:00:00+00:00,Levante,Villarreal,1,2026-09-22T12:40:14Z,CAPTURED,43,
1391019,DOMESTIC_LEAGUE,Spain,140,La Liga,2025,Regular Season - 21,2026-01-25T20:00:00+00:00,Alaves,Real Betis,1,2026-09-22T12:40:14Z,CAPTURED,39,
1391021,DOMESTIC_LEAGUE,Spain,140,La Liga,2025,Regular Season - 21,2026-01-25T15:15:00+00:00,Barcelona,Oviedo,1,2026-09-22T12:40:14Z,CAPTURED,45,
1391022,DOMESTIC_LEAGUE,Spain,140,La Liga,2025,Regular Season - 21,2026-01-26T20:00:00+00:00,Girona,Getafe,1,2026-09-22T12:40:14Z,CAPTURED,41,
1391025,DOMESTIC_LEAGUE,Spain,140,La Liga,2025,Regular Season - 21,2026-01-25T17:30:00+00:00,Real Sociedad,Celta Vigo,1,2026-09-22T12:40:14Z,CAPTURED,46,
1391029,DOMESTIC_LEAGUE,Spain,140,La Liga,2025,Regular Season - 22,2026-02-01T20:00:00+00:00,Athletic Club,Real Sociedad,1,2026-09-22T12:40:14Z,CAPTURED,45,
1391030,DOMESTIC_LEAGUE,Spain,140,La Liga,2025,Regular Season - 22,2026-02-01T15:15:00+00:00,Real Betis,Valencia,1,2026-09-22T12:40:14Z,CAPTURED,42,
1391031,DOMESTIC_LEAGUE,Spain,140,La Liga,2025,Regular Season - 22,2026-01-31T20:00:00+00:00,Elche,Barcelona,1,2026-09-22T12:40:14Z,CAPTURED,44,
1391032,DOMESTIC_LEAGUE,Spain,140,La Liga,2025,Regular Season - 22,2026-01-30T20:00:00+00:00,Espanyol,Alaves,1,2026-09-22T12:40:14Z,CAPTURED,43,
1391033,DOMESTIC_LEAGUE,Spain,140,La Liga,2025,Regular Season - 22,2026-02-01T17:30:00+00:00,Getafe,Celta Vigo,1,2026-09-22T12:40:14Z,CAPTURED,45,
1391034,DOMESTIC_LEAGUE,Spain,140,La Liga,2025,Regular Season - 22,2026-01-31T17:30:00+00:00,Levante,Atletico Madrid,1,2026-09-22T12:40:14Z,CAPTURED,43,
1391035,DOMESTIC_LEAGUE,Spain,140,La Liga,2025,Regular Season - 22,2026-02-02T20:00:00+00:00,Mallorca,Sevilla,1,2026-09-22T12:40:14Z,CAPTURED,46,
1391036,DOMESTIC_LEAGUE,Spain,140,La Liga,2025,Regular Season - 22,2026-01-31T15:15:00+00:00,Osasuna,Villarreal,1,2026-09-22T12:40:14Z,CAPTURED,43,
1391037,DOMESTIC_LEAGUE,Spain,140,La Liga,2025,Regular Season - 22,2026-02-01T13:00:00+00:00,Real Madrid,Rayo Vallecano,1,2026-09-22T12:40:14Z,CAPTURED,44,
1391038,DOMESTIC_LEAGUE,Spain,140,La Liga,2025,Regular Season - 22,2026-01-31T13:00:00+00:00,Oviedo,Girona,1,2026-09-22T12:40:14Z,CAPTURED,46,
1391039,DOMESTIC_LEAGUE,Spain,140,La Liga,2025,Regular Season - 23,2026-02-08T13:00:00+00:00,Alaves,Getafe,1,2026-09-22T12:40:14Z,CAPTURED,42,
1391040,DOMESTIC_LEAGUE,Spain,140,La Liga,2025,Regular Season - 23,2026-02-08T15:15:00+00:00,Athletic Club,Levante,1,2026-09-22T12:40:14Z,CAPTURED,45,
1391041,DOMESTIC_LEAGUE,Spain,140,La Liga,2025,Regular Season - 23,2026-02-08T17:30:00+00:00,Atletico Madrid,Real Betis,1,2026-09-22T12:40:14Z,CAPTURED,43,
1391042,DOMESTIC_LEAGUE,Spain,140,La Liga,2025,Regular Season - 23,2026-02-07T15:15:00+00:00,Barcelona,Mallorca,1,2026-09-22T12:40:14Z,CAPTURED,44,
1391043,DOMESTIC_LEAGUE,Spain,140,La Liga,2025,Regular Season - 23,2026-02-06T20:00:00+00:00,Celta Vigo,Osasuna,1,2026-09-22T12:40:14Z,CAPTURED,43,
1391044,DOMESTIC_LEAGUE,Spain,140,La Liga,2025,Regular Season - 23,2026-03-04T18:00:00+00:00,Rayo Vallecano,Oviedo,1,2026-09-22T12:40:14Z,CAPTURED,45,
1391045,DOMESTIC_LEAGUE,Spain,140,La Liga,2025,Regular Season - 23,2026-02-07T20:00:00+00:00,Real Sociedad,Elche,1,2026-09-22T12:40:14Z,CAPTURED,46,
1391046,DOMESTIC_LEAGUE,Spain,140,La Liga,2025,Regular Season - 23,2026-02-08T15:15:00+00:00,Sevilla,Girona,1,2026-09-22T12:40:14Z,CAPTURED,44,
1391047,DOMESTIC_LEAGUE,Spain,140,La Liga,2025,Regular Season - 23,2026-02-08T20:00:00+00:00,Valencia,Real Madrid,1,2026-09-22T12:40:14Z,CAPTURED,45,
1391048,DOMESTIC_LEAGUE,Spain,140,La Liga,2025,Regular Season - 23,2026-02-09T20:00:00+00:00,Villarreal,Espanyol,1,2026-09-22T12:40:14Z,CAPTURED,39,
1391049,DOMESTIC_LEAGUE,Spain,140,La Liga,2025,Regular Season - 24,2026-02-13T20:00:00+00:00,Elche,Osasuna,1,2026-09-22T12:40:14Z,CAPTURED,44,
1391050,DOMESTIC_LEAGUE,Spain,140,La Liga,2025,Regular Season - 24,2026-02-14T13:00:00+00:00,Espanyol,Celta Vigo,1,2026-09-22T12:40:14Z,CAPTURED,45,
1391051,DOMESTIC_LEAGUE,Spain,140,La Liga,2025,Regular Season - 24,2026-02-14T15:15:00+00:00,Getafe,Villarreal,1,2026-09-22T12:40:14Z,CAPTURED,42,
1391052,DOMESTIC_LEAGUE,Spain,140,La Liga,2025,Regular Season - 24,2026-02-16T20:00:00+00:00,Girona,Barcelona,1,2026-09-22T12:40:14Z,CAPTURED,42,
1391053,DOMESTIC_LEAGUE,Spain,140,La Liga,2025,Regular Season - 24,2026-02-15T17:30:00+00:00,Levante,Valencia,1,2026-09-22T12:40:14Z,CAPTURED,46,
1391054,DOMESTIC_LEAGUE,Spain,140,La Liga,2025,Regular Season - 24,2026-02-15T20:00:00+00:00,Mallorca,Real Betis,1,2026-09-22T12:40:14Z,CAPTURED,45,
1391055,DOMESTIC_LEAGUE,Spain,140,La Liga,2025,Regular Season - 24,2026-02-15T15:15:00+00:00,Rayo Vallecano,Atletico Madrid,1,2026-09-22T12:40:14Z,CAPTURED,46,
1391056,DOMESTIC_LEAGUE,Spain,140,La Liga,2025,Regular Season - 24,2026-02-14T20:00:00+00:00,Real Madrid,Real Sociedad,1,2026-09-22T12:40:14Z,CAPTURED,46,
1391057,DOMESTIC_LEAGUE,Spain,140,La Liga,2025,Regular Season - 24,2026-02-15T13:00:00+00:00,Oviedo,Athletic Club,1,2026-09-22T12:40:14Z,CAPTURED,45,
1391058,DOMESTIC_LEAGUE,Spain,140,La Liga,2025,Regular Season - 24,2026-02-14T17:30:00+00:00,Sevilla,Alaves,1,2026-09-22T12:40:14Z,CAPTURED,42,
1391059,DOMESTIC_LEAGUE,Spain,140,La Liga,2025,Regular Season - 25,2026-02-23T20:00:00+00:00,Alaves,Girona,1,2026-09-22T12:40:14Z,CAPTURED,44,
1391060,DOMESTIC_LEAGUE,Spain,140,La Liga,2025,Regular Season - 25,2026-02-20T20:00:00+00:00,Athletic Club,Elche,1,2026-09-22T12:40:14Z,CAPTURED,46,
1391061,DOMESTIC_LEAGUE,Spain,140,La Liga,2025,Regular Season - 25,2026-02-21T20:00:00+00:00,Atletico Madrid,Espanyol,1,2026-09-22T12:40:14Z,CAPTURED,44,
1391062,DOMESTIC_LEAGUE,Spain,140,La Liga,2025,Regular Season - 25,2026-02-22T15:15:00+00:00,Barcelona,Levante,1,2026-09-22T12:40:14Z,CAPTURED,46,
1391063,DOMESTIC_LEAGUE,Spain,140,La Liga,2025,Regular Season - 25,2026-02-21T15:15:00+00:00,Real Betis,Rayo Vallecano,1,2026-09-22T12:40:14Z,CAPTURED,46,
1391064,DOMESTIC_LEAGUE,Spain,140,La Liga,2025,Regular Season - 25,2026-02-22T17:30:00+00:00,Celta Vigo,Mallorca,1,2026-09-22T12:40:14Z,CAPTURED,46,
1391065,DOMESTIC_LEAGUE,Spain,140,La Liga,2025,Regular Season - 25,2026-02-22T13:00:00+00:00,Getafe,Sevilla,1,2026-09-22T12:40:14Z,CAPTURED,44,
1391066,DOMESTIC_LEAGUE,Spain,140,La Liga,2025,Regular Season - 25,2026-02-21T17:30:00+00:00,Osasuna,Real Madrid,1,2026-09-22T12:40:14Z,CAPTURED,44,
1391067,DOMESTIC_LEAGUE,Spain,140,La Liga,2025,Regular Season - 25,2026-02-21T13:00:00+00:00,Real Sociedad,Oviedo,1,2026-09-22T12:40:14Z,CAPTURED,45,
1391068,DOMESTIC_LEAGUE,Spain,140,La Liga,2025,Regular Season - 25,2026-02-22T20:00:00+00:00,Villarreal,Valencia,1,2026-09-22T12:40:14Z,CAPTURED,44,
1391069,DOMESTIC_LEAGUE,Spain,140,La Liga,2025,Regular Season - 26,2026-02-28T15:15:00+00:00,Barcelona,Villarreal,1,2026-09-22T12:40:14Z,CAPTURED,41,
1391070,DOMESTIC_LEAGUE,Spain,140,La Liga,2025,Regular Season - 26,2026-03-01T17:30:00+00:00,Real Betis,Sevilla,1,2026-09-22T12:40:14Z,CAPTURED,46,
1391071,DOMESTIC_LEAGUE,Spain,140,La Liga,2025,Regular Season - 26,2026-03-01T13:00:00+00:00,Elche,Espanyol,1,2026-09-22T12:40:14Z,CAPTURED,45,
1391072,DOMESTIC_LEAGUE,Spain,140,La Liga,2025,Regular Season - 26,2026-03-01T20:00:00+00:00,Girona,Celta Vigo,1,2026-09-22T12:40:14Z,CAPTURED,44,
1391073,DOMESTIC_LEAGUE,Spain,140,La Liga,2025,Regular Season - 26,2026-02-27T20:00:00+00:00,Levante,Alaves,1,2026-09-22T12:40:14Z,CAPTURED,45,
1391074,DOMESTIC_LEAGUE,Spain,140,La Liga,2025,Regular Season - 26,2026-02-28T17:30:00+00:00,Mallorca,Real Sociedad,1,2026-09-22T12:40:14Z,CAPTURED,46,
1391075,DOMESTIC_LEAGUE,Spain,140,La Liga,2025,Regular Season - 26,2026-02-28T13:00:00+00:00,Rayo Vallecano,Athletic Club,1,2026-09-22T12:40:14Z,CAPTURED,46,
1391076,DOMESTIC_LEAGUE,Spain,140,La Liga,2025,Regular Season - 26,2026-03-02T20:00:00+00:00,Real Madrid,Getafe,1,2026-09-22T12:40:14Z,CAPTURED,44,
1391077,DOMESTIC_LEAGUE,Spain,140,La Liga,2025,Regular Season - 26,2026-02-28T20:00:00+00:00,Oviedo,Atletico Madrid,1,2026-09-22T12:40:14Z,CAPTURED,46,
1391078,DOMESTIC_LEAGUE,Spain,140,La Liga,2025,Regular Season - 26,2026-03-01T15:15:00+00:00,Valencia,Osasuna,1,2026-09-22T12:40:14Z,CAPTURED,44,
1391079,DOMESTIC_LEAGUE,Spain,140,La Liga,2025,Regular Season - 27,2026-03-07T20:00:00+00:00,Athletic Club,Barcelona,1,2026-09-22T12:40:14Z,CAPTURED,45,
1391080,DOMESTIC_LEAGUE,Spain,140,La Liga,2025,Regular Season - 27,2026-03-07T17:30:00+00:00,Atletico Madrid,Real Sociedad,1,2026-09-22T12:40:14Z,CAPTURED,46,
1391081,DOMESTIC_LEAGUE,Spain,140,La Liga,2025,Regular Season - 27,2026-03-06T20:00:00+00:00,Celta Vigo,Real Madrid,1,2026-09-22T12:40:14Z,CAPTURED,44,
1391083,DOMESTIC_LEAGUE,Spain,140,La Liga,2025,Regular Season - 27,2026-03-08T15:15:00+00:00,Getafe,Real Betis,1,2026-09-22T12:40:14Z,CAPTURED,44,
1391084,DOMESTIC_LEAGUE,Spain,140,La Liga,2025,Regular Season - 27,2026-03-07T15:15:00+00:00,Levante,Girona,1,2026-09-22T12:40:14Z,CAPTURED,43,
1391085,DOMESTIC_LEAGUE,Spain,140,La Liga,2025,Regular Season - 27,2026-03-07T13:00:00+00:00,Osasuna,Mallorca,1,2026-09-22T12:40:14Z,CAPTURED,45,
1391088,DOMESTIC_LEAGUE,Spain,140,La Liga,2025,Regular Season - 27,2026-03-08T13:00:00+00:00,Villarreal,Elche,1,2026-09-22T12:40:14Z,CAPTURED,42,
1379259,DOMESTIC_LEAGUE,England,39,Premier League,2025,Regular Season - 30,2026-03-14T17:30:00+00:00,Arsenal,Everton,1,2026-09-22T16:37:09Z,CAPTURED,40,
1379260,DOMESTIC_LEAGUE,England,39,Premier League,2025,Regular Season - 30,2026-03-16T20:00:00+00:00,Brentford,Wolves,1,2026-09-22T16:37:09Z,CAPTURED,40,
1379261,DOMESTIC_LEAGUE,England,39,Premier League,2025,Regular Season - 30,2026-03-14T15:00:00+00:00,Burnley,Bournemouth,1,2026-09-22T16:37:09Z,CAPTURED,40,
1379262,DOMESTIC_LEAGUE,England,39,Premier League,2025,Regular Season - 30,2026-03-14T17:30:00+00:00,Chelsea,Newcastle,1,2026-09-22T16:37:09Z,CAPTURED,40,
1379263,DOMESTIC_LEAGUE,England,39,Premier League,2025,Regular Season - 30,2026-03-15T14:00:00+00:00,Crystal Palace,Leeds,1,2026-09-22T16:37:09Z,CAPTURED,40,
1379264,DOMESTIC_LEAGUE,England,39,Premier League,2025,Regular Season - 30,2026-03-15T16:30:00+00:00,Liverpool,Tottenham,1,2026-09-22T16:37:09Z,CAPTURED,38,
1379265,DOMESTIC_LEAGUE,England,39,Premier League,2025,Regular Season - 30,2026-03-15T14:00:00+00:00,Manchester United,Aston Villa,1,2026-09-22T16:37:09Z,CAPTURED,40,
1379266,DOMESTIC_LEAGUE,England,39,Premier League,2025,Regular Season - 30,2026-03-15T14:00:00+00:00,Nottingham Forest,Fulham,1,2026-09-22T16:37:09Z,CAPTURED,40,
1379267,DOMESTIC_LEAGUE,England,39,Premier League,2025,Regular Season - 30,2026-03-14T15:00:00+00:00,Sunderland,Brighton,1,2026-09-22T16:37:09Z,CAPTURED,40,
1379268,DOMESTIC_LEAGUE,England,39,Premier League,2025,Regular Season - 30,2026-03-14T20:00:00+00:00,West Ham,Manchester City,1,2026-09-22T16:37:09Z,CAPTURED,40,
1379269,DOMESTIC_LEAGUE,England,39,Premier League,2025,Regular Season - 31,2026-03-22T14:15:00+00:00,Aston Villa,West Ham,1,2026-09-22T16:37:09Z,CAPTURED,40,
1379270,DOMESTIC_LEAGUE,England,39,Premier League,2025,Regular Season - 31,2026-03-20T20:00:00+00:00,Bournemouth,Manchester United,1,2026-09-22T16:37:09Z,CAPTURED,40,
1379271,DOMESTIC_LEAGUE,England,39,Premier League,2025,Regular Season - 31,2026-03-21T12:30:00+00:00,Brighton,Liverpool,1,2026-09-22T16:37:09Z,CAPTURED,40,
1379272,DOMESTIC_LEAGUE,England,39,Premier League,2025,Regular Season - 31,2026-03-21T17:30:00+00:00,Everton,Chelsea,1,2026-09-22T16:37:09Z,CAPTURED,40,
1379273,DOMESTIC_LEAGUE,England,39,Premier League,2025,Regular Season - 31,2026-03-21T15:00:00+00:00,Fulham,Burnley,1,2026-09-22T16:37:09Z,CAPTURED,40,
1379274,DOMESTIC_LEAGUE,England,39,Premier League,2025,Regular Season - 31,2026-03-21T20:00:00+00:00,Leeds,Brentford,1,2026-09-22T16:37:09Z,CAPTURED,40,
1379276,DOMESTIC_LEAGUE,England,39,Premier League,2025,Regular Season - 31,2026-03-22T12:00:00+00:00,Newcastle,Sunderland,1,2026-09-22T16:37:09Z,CAPTURED,40,
1379277,DOMESTIC_LEAGUE,England,39,Premier League,2025,Regular Season - 31,2026-03-22T14:15:00+00:00,Tottenham,Nottingham Forest,1,2026-09-22T16:37:09Z,CAPTURED,40,
1379279,DOMESTIC_LEAGUE,England,39,Premier League,2025,Regular Season - 32,2026-04-11T11:30:00+00:00,Arsenal,Bournemouth,1,2026-09-22T16:37:09Z,CAPTURED,40,
1379280,DOMESTIC_LEAGUE,England,39,Premier League,2025,Regular Season - 32,2026-04-11T14:00:00+00:00,Brentford,Everton,1,2026-09-22T16:37:09Z,CAPTURED,40,
1379281,DOMESTIC_LEAGUE,England,39,Premier League,2025,Regular Season - 32,2026-04-11T14:00:00+00:00,Burnley,Brighton,1,2026-09-22T16:37:09Z,CAPTURED,40,
1379282,DOMESTIC_LEAGUE,England,39,Premier League,2025,Regular Season - 32,2026-04-12T15:30:00+00:00,Chelsea,Manchester City,1,2026-09-22T16:37:09Z,CAPTURED,40,
1379283,DOMESTIC_LEAGUE,England,39,Premier League,2025,Regular Season - 32,2026-04-12T13:00:00+00:00,Crystal Palace,Newcastle,1,2026-09-22T16:37:09Z,CAPTURED,40,
1379284,DOMESTIC_LEAGUE,England,39,Premier League,2025,Regular Season - 32,2026-04-11T16:30:00+00:00,Liverpool,Fulham,1,2026-09-22T16:37:09Z,CAPTURED,40,
1379285,DOMESTIC_LEAGUE,England,39,Premier League,2025,Regular Season - 32,2026-04-13T19:00:00+00:00,Manchester United,Leeds,1,2026-09-22T16:37:09Z,CAPTURED,40,
1379286,DOMESTIC_LEAGUE,England,39,Premier League,2025,Regular Season - 32,2026-04-12T13:00:00+00:00,Nottingham Forest,Aston Villa,1,2026-09-22T16:37:09Z,CAPTURED,40,
1379287,DOMESTIC_LEAGUE,England,39,Premier League,2025,Regular Season - 32,2026-04-12T13:00:00+00:00,Sunderland,Tottenham,1,2026-09-22T16:37:09Z,CAPTURED,40,
1379288,DOMESTIC_LEAGUE,England,39,Premier League,2025,Regular Season - 32,2026-04-10T19:00:00+00:00,West Ham,Wolves,1,2026-09-22T16:37:09Z,CAPTURED,40,
1379289,DOMESTIC_LEAGUE,England,39,Premier League,2025,Regular Season - 33,2026-04-19T13:00:00+00:00,Aston Villa,Sunderland,1,2026-09-22T16:37:09Z,CAPTURED,40,
1379290,DOMESTIC_LEAGUE,England,39,Premier League,2025,Regular Season - 33,2026-04-18T11:30:00+00:00,Brentford,Fulham,1,2026-09-22T16:37:09Z,CAPTURED,40,
1379291,DOMESTIC_LEAGUE,England,39,Premier League,2025,Regular Season - 33,2026-04-18T19:00:00+00:00,Chelsea,Manchester United,1,2026-09-22T16:37:09Z,CAPTURED,40,
1379292,DOMESTIC_LEAGUE,England,39,Premier League,2025,Regular Season - 33,2026-04-20T19:00:00+00:00,Crystal Palace,West Ham,1,2026-09-22T16:37:09Z,CAPTURED,40,
1379293,DOMESTIC_LEAGUE,England,39,Premier League,2025,Regular Season - 33,2026-04-19T13:00:00+00:00,Everton,Liverpool,1,2026-09-22T16:37:09Z,CAPTURED,39,
1379294,DOMESTIC_LEAGUE,England,39,Premier League,2025,Regular Season - 33,2026-04-18T14:00:00+00:00,Leeds,Wolves,1,2026-09-22T16:37:09Z,CAPTURED,40,
1379295,DOMESTIC_LEAGUE,England,39,Premier League,2025,Regular Season - 33,2026-04-19T15:30:00+00:00,Manchester City,Arsenal,1,2026-09-22T16:37:09Z,CAPTURED,40,
1379296,DOMESTIC_LEAGUE,England,39,Premier League,2025,Regular Season - 33,2026-04-18T14:00:00+00:00,Newcastle,Bournemouth,1,2026-09-22T16:37:09Z,CAPTURED,40,
1379297,DOMESTIC_LEAGUE,England,39,Premier League,2025,Regular Season - 33,2026-04-19T13:00:00+00:00,Nottingham Forest,Burnley,1,2026-09-22T16:37:09Z,CAPTURED,40,
1379298,DOMESTIC_LEAGUE,England,39,Premier League,2025,Regular Season - 33,2026-04-18T16:30:00+00:00,Tottenham,Brighton,1,2026-09-22T16:37:09Z,CAPTURED,40,
1379299,DOMESTIC_LEAGUE,England,39,Premier League,2025,Regular Season - 34,2026-04-25T16:30:00+00:00,Arsenal,Newcastle,1,2026-09-22T16:37:09Z,CAPTURED,40,
1379300,DOMESTIC_LEAGUE,England,39,Premier League,2025,Regular Season - 34,2026-04-22T19:00:00+00:00,Bournemouth,Leeds,1,2026-09-22T16:37:09Z,CAPTURED,40,
1379301,DOMESTIC_LEAGUE,England,39,Premier League,2025,Regular Season - 34,2026-04-21T19:00:00+00:00,Brighton,Chelsea,1,2026-09-22T16:37:09Z,CAPTURED,40,
1379302,DOMESTIC_LEAGUE,England,39,Premier League,2025,Regular Season - 34,2026-04-22T19:00:00+00:00,Burnley,Manchester City,1,2026-09-22T16:37:09Z,CAPTURED,40,
1379303,DOMESTIC_LEAGUE,England,39,Premier League,2025,Regular Season - 34,2026-04-25T11:30:00+00:00,Fulham,Aston Villa,1,2026-09-22T16:37:09Z,CAPTURED,40,
1379304,DOMESTIC_LEAGUE,England,39,Premier League,2025,Regular Season - 34,2026-04-25T14:00:00+00:00,Liverpool,Crystal Palace,1,2026-09-22T16:37:09Z,CAPTURED,40,
1379305,DOMESTIC_LEAGUE,England,39,Premier League,2025,Regular Season - 34,2026-04-27T19:00:00+00:00,Manchester United,Brentford,1,2026-09-22T16:37:09Z,CAPTURED,40,
1379306,DOMESTIC_LEAGUE,England,39,Premier League,2025,Regular Season - 34,2026-04-24T19:00:00+00:00,Sunderland,Nottingham Forest,1,2026-09-22T16:37:09Z,CAPTURED,40,
1379307,DOMESTIC_LEAGUE,England,39,Premier League,2025,Regular Season - 34,2026-04-25T14:00:00+00:00,West Ham,Everton,1,2026-09-22T16:37:09Z,CAPTURED,40,
1379308,DOMESTIC_LEAGUE,England,39,Premier League,2025,Regular Season - 34,2026-04-25T14:00:00+00:00,Wolves,Tottenham,1,2026-09-22T16:37:09Z,CAPTURED,40,
1379309,DOMESTIC_LEAGUE,England,39,Premier League,2025,Regular Season - 35,2026-05-02T16:30:00+00:00,Arsenal,Fulham,1,2026-09-22T16:37:09Z,CAPTURED,40,
1379312,DOMESTIC_LEAGUE,England,39,Premier League,2025,Regular Season - 35,2026-05-02T14:00:00+00:00,Brentford,West Ham,1,2026-09-22T16:37:09Z,CAPTURED,40,
1379315,DOMESTIC_LEAGUE,England,39,Premier League,2025,Regular Season - 35,2026-05-01T19:00:00+00:00,Leeds,Burnley,1,2026-09-22T16:37:09Z,CAPTURED,40,
1379317,DOMESTIC_LEAGUE,England,39,Premier League,2025,Regular Season - 35,2026-05-02T14:00:00+00:00,Newcastle,Brighton,1,2026-09-22T16:37:09Z,CAPTURED,40,
1379318,DOMESTIC_LEAGUE,England,39,Premier League,2025,Regular Season - 35,2026-05-02T14:00:00+00:00,Wolves,Sunderland,1,2026-09-22T16:37:09Z,CAPTURED,40,
1387918,DOMESTIC_LEAGUE,France,61,Ligue 1,2025,Regular Season - 25,2026-03-08T19:45:00+00:00,Lyon,Paris FC,1,2026-09-22T16:37:09Z,CAPTURED,40,
1387923,DOMESTIC_LEAGUE,France,61,Ligue 1,2025,Regular Season - 26,2026-03-14T18:00:00+00:00,Angers,Nice,1,2026-09-22T16:37:09Z,CAPTURED,40,
1387924,DOMESTIC_LEAGUE,France,61,Ligue 1,2025,Regular Season - 26,2026-03-15T16:15:00+00:00,Le Havre,Lyon,1,2026-09-22T16:37:09Z,CAPTURED,40,
1387925,DOMESTIC_LEAGUE,France,61,Ligue 1,2025,Regular Season - 26,2026-03-14T16:00:00+00:00,Lorient,Lens,1,2026-09-22T16:37:09Z,CAPTURED,40,
1387926,DOMESTIC_LEAGUE,France,61,Ligue 1,2025,Regular Season - 26,2026-03-13T19:45:00+00:00,Marseille,Auxerre,1,2026-09-22T16:37:09Z,CAPTURED,40,
1387927,DOMESTIC_LEAGUE,France,61,Ligue 1,2025,Regular Season - 26,2026-03-15T16:15:00+00:00,Metz,Toulouse,1,2026-09-22T16:37:09Z,CAPTURED,40,
1387928,DOMESTIC_LEAGUE,France,61,Ligue 1,2025,Regular Season - 26,2026-03-14T20:05:00+00:00,Monaco,Stade Brestois 29,1,2026-09-22T16:37:09Z,CAPTURED,38,
1387929,DOMESTIC_LEAGUE,France,61,Ligue 1,2025,Regular Season - 26,2026-04-22T17:00:00+00:00,Paris Saint Germain,Nantes,1,2026-09-22T16:37:09Z,CAPTURED,40,
1387930,DOMESTIC_LEAGUE,France,61,Ligue 1,2025,Regular Season - 26,2026-03-15T19:45:00+00:00,Rennes,Lille,1,2026-09-22T16:37:09Z,CAPTURED,40,
1387931,DOMESTIC_LEAGUE,France,61,Ligue 1,2025,Regular Season - 26,2026-03-15T14:00:00+00:00,Strasbourg,Paris FC,1,2026-09-22T16:37:09Z,CAPTURED,40,
1387932,DOMESTIC_LEAGUE,France,61,Ligue 1,2025,Regular Season - 27,2026-03-21T18:00:00+00:00,Auxerre,Stade Brestois 29,1,2026-09-22T16:37:09Z,CAPTURED,38,
1387933,DOMESTIC_LEAGUE,France,61,Ligue 1,2025,Regular Season - 27,2026-03-20T19:45:00+00:00,Lens,Angers,1,2026-09-22T16:37:09Z,CAPTURED,39,
1387934,DOMESTIC_LEAGUE,France,61,Ligue 1,2025,Regular Season - 27,2026-03-22T14:00:00+00:00,Lyon,Monaco,1,2026-09-22T16:37:09Z,CAPTURED,40,
1387935,DOMESTIC_LEAGUE,France,61,Ligue 1,2025,Regular Season - 27,2026-03-22T16:15:00+00:00,Marseille,Lille,1,2026-09-22T16:37:09Z,CAPTURED,40,
1387936,DOMESTIC_LEAGUE,France,61,Ligue 1,2025,Regular Season - 27,2026-03-22T19:45:00+00:00,Nantes,Strasbourg,1,2026-09-22T16:37:09Z,CAPTURED,40,
1387937,DOMESTIC_LEAGUE,France,61,Ligue 1,2025,Regular Season - 27,2026-03-21T20:05:00+00:00,Nice,Paris Saint Germain,1,2026-09-22T16:37:09Z,CAPTURED,39,
1387938,DOMESTIC_LEAGUE,France,61,Ligue 1,2025,Regular Season - 27,2026-03-22T16:15:00+00:00,Paris FC,Le Havre,1,2026-09-22T16:37:09Z,CAPTURED,40,
1387939,DOMESTIC_LEAGUE,France,61,Ligue 1,2025,Regular Season - 27,2026-03-22T16:15:00+00:00,Rennes,Metz,1,2026-09-22T16:37:09Z,CAPTURED,40,
1387940,DOMESTIC_LEAGUE,France,61,Ligue 1,2025,Regular Season - 27,2026-03-21T16:00:00+00:00,Toulouse,Lorient,1,2026-09-22T16:37:09Z,CAPTURED,40,
1387941,DOMESTIC_LEAGUE,France,61,Ligue 1,2025,Regular Season - 28,2026-04-05T13:00:00+00:00,Angers,Lyon,1,2026-09-22T16:37:09Z,CAPTURED,40,
1387942,DOMESTIC_LEAGUE,France,61,Ligue 1,2025,Regular Season - 28,2026-04-04T17:00:00+00:00,Stade Brestois 29,Rennes,1,2026-09-22T16:37:09Z,CAPTURED,40,
1387943,DOMESTIC_LEAGUE,France,61,Ligue 1,2025,Regular Season - 28,2026-04-05T15:15:00+00:00,Le Havre,Auxerre,1,2026-09-22T16:37:09Z,CAPTURED,40,
1387944,DOMESTIC_LEAGUE,France,61,Ligue 1,2025,Regular Season - 28,2026-04-04T19:05:00+00:00,Lille,Lens,1,2026-09-22T16:37:09Z,CAPTURED,40,
1387945,DOMESTIC_LEAGUE,France,61,Ligue 1,2025,Regular Season - 28,2026-04-05T15:15:00+00:00,Lorient,Paris FC,1,2026-09-22T16:37:09Z,CAPTURED,40,
1387946,DOMESTIC_LEAGUE,France,61,Ligue 1,2025,Regular Season - 28,2026-04-05T15:15:00+00:00,Metz,Nantes,1,2026-09-22T16:37:09Z,CAPTURED,40,
1387947,DOMESTIC_LEAGUE,France,61,Ligue 1,2025,Regular Season - 28,2026-04-05T18:45:00+00:00,Monaco,Marseille,1,2026-09-22T16:37:09Z,CAPTURED,40,
1387948,DOMESTIC_LEAGUE,France,61,Ligue 1,2025,Regular Season - 28,2026-04-03T18:45:00+00:00,Paris Saint Germain,Toulouse,1,2026-09-22T16:37:09Z,CAPTURED,40,
1387949,DOMESTIC_LEAGUE,France,61,Ligue 1,2025,Regular Season - 28,2026-04-04T15:00:00+00:00,Strasbourg,Nice,1,2026-09-22T16:37:09Z,CAPTURED,40,
1387950,DOMESTIC_LEAGUE,France,61,Ligue 1,2025,Regular Season - 29,2026-04-11T17:00:00+00:00,Auxerre,Nantes,1,2026-09-22T16:37:09Z,CAPTURED,40,
1387953,DOMESTIC_LEAGUE,France,61,Ligue 1,2025,Regular Season - 29,2026-04-12T18:45:00+00:00,Lyon,Lorient,1,2026-09-22T16:37:09Z,CAPTURED,40,
1387954,DOMESTIC_LEAGUE,France,61,Ligue 1,2025,Regular Season - 29,2026-04-10T19:05:00+00:00,Marseille,Metz,1,2026-09-22T16:37:09Z,CAPTURED,40,
1387955,DOMESTIC_LEAGUE,France,61,Ligue 1,2025,Regular Season - 29,2026-04-12T15:15:00+00:00,Nice,Le Havre,1,2026-09-22T16:37:09Z,CAPTURED,40,
1387956,DOMESTIC_LEAGUE,France,61,Ligue 1,2025,Regular Season - 29,2026-04-10T17:00:00+00:00,Paris FC,Monaco,1,2026-09-22T16:37:09Z,CAPTURED,40,
1387957,DOMESTIC_LEAGUE,France,61,Ligue 1,2025,Regular Season - 29,2026-04-11T19:05:00+00:00,Rennes,Angers,1,2026-09-22T16:37:09Z,CAPTURED,40,
1387958,DOMESTIC_LEAGUE,France,61,Ligue 1,2025,Regular Season - 29,2026-04-12T15:15:00+00:00,Toulouse,Lille,1,2026-09-22T16:37:09Z,CAPTURED,40,
1387959,DOMESTIC_LEAGUE,France,61,Ligue 1,2025,Regular Season - 30,2026-04-18T17:00:00+00:00,Angers,Le Havre,1,2026-09-22T16:37:09Z,CAPTURED,40,
1387960,DOMESTIC_LEAGUE,France,61,Ligue 1,2025,Regular Season - 30,2026-04-17T18:45:00+00:00,Lens,Toulouse,1,2026-09-22T16:37:09Z,CAPTURED,40,
1387961,DOMESTIC_LEAGUE,France,61,Ligue 1,2025,Regular Season - 30,2026-04-18T19:05:00+00:00,Lille,Nice,1,2026-09-22T16:37:09Z,CAPTURED,40,
1387962,DOMESTIC_LEAGUE,France,61,Ligue 1,2025,Regular Season - 30,2026-04-18T15:00:00+00:00,Lorient,Marseille,1,2026-09-22T16:37:09Z,CAPTURED,40,
1387963,DOMESTIC_LEAGUE,France,61,Ligue 1,2025,Regular Season - 30,2026-04-19T15:15:00+00:00,Metz,Paris FC,1,2026-09-22T16:37:09Z,CAPTURED,39,
1387964,DOMESTIC_LEAGUE,France,61,Ligue 1,2025,Regular Season - 30,2026-04-19T13:00:00+00:00,Monaco,Auxerre,1,2026-09-22T16:37:09Z,CAPTURED,40,
1387965,DOMESTIC_LEAGUE,France,61,Ligue 1,2025,Regular Season - 30,2026-04-19T15:15:00+00:00,Nantes,Stade Brestois 29,1,2026-09-22T16:37:09Z,CAPTURED,39,
1387966,DOMESTIC_LEAGUE,France,61,Ligue 1,2025,Regular Season - 30,2026-04-19T18:45:00+00:00,Paris Saint Germain,Lyon,1,2026-09-22T16:37:09Z,CAPTURED,40,
1387967,DOMESTIC_LEAGUE,France,61,Ligue 1,2025,Regular Season - 30,2026-04-19T15:15:00+00:00,Strasbourg,Rennes,1,2026-09-22T16:37:09Z,CAPTURED,40,
1387968,DOMESTIC_LEAGUE,France,61,Ligue 1,2025,Regular Season - 31,2026-04-25T17:00:00+00:00,Angers,Paris Saint Germain,1,2026-09-22T16:37:09Z,CAPTURED,40,
1387969,DOMESTIC_LEAGUE,France,61,Ligue 1,2025,Regular Season - 31,2026-04-24T18:45:00+00:00,Stade Brestois 29,Lens,1,2026-09-22T16:37:09Z,CAPTURED,40,
1387970,DOMESTIC_LEAGUE,France,61,Ligue 1,2025,Regular Season - 31,2026-04-26T15:15:00+00:00,Le Havre,Metz,1,2026-09-22T16:37:09Z,CAPTURED,39,
1387971,DOMESTIC_LEAGUE,France,61,Ligue 1,2025,Regular Season - 31,2026-04-26T13:00:00+00:00,Lorient,Strasbourg,1,2026-09-22T16:37:09Z,CAPTURED,40,
1387972,DOMESTIC_LEAGUE,France,61,Ligue 1,2025,Regular Season - 31,2026-04-25T13:00:00+00:00,Lyon,Auxerre,1,2026-09-22T16:37:09Z,CAPTURED,40,
1387973,DOMESTIC_LEAGUE,France,61,Ligue 1,2025,Regular Season - 31,2026-04-26T18:45:00+00:00,Marseille,Nice,1,2026-09-22T16:37:09Z,CAPTURED,40,
1387974,DOMESTIC_LEAGUE,France,61,Ligue 1,2025,Regular Season - 31,2026-04-26T15:15:00+00:00,Paris FC,Lille,1,2026-09-22T16:37:09Z,CAPTURED,40,
1387975,DOMESTIC_LEAGUE,France,61,Ligue 1,2025,Regular Season - 31,2026-04-26T15:15:00+00:00,Rennes,Nantes,1,2026-09-22T16:37:09Z,CAPTURED,40,
1387976,DOMESTIC_LEAGUE,France,61,Ligue 1,2025,Regular Season - 31,2026-04-25T19:05:00+00:00,Toulouse,Monaco,1,2026-09-22T16:37:09Z,CAPTURED,40,
1387980,DOMESTIC_LEAGUE,France,61,Ligue 1,2025,Regular Season - 32,2026-05-02T17:00:00+00:00,Metz,Monaco,1,2026-09-22T16:37:09Z,CAPTURED,40,
1387981,DOMESTIC_LEAGUE,France,61,Ligue 1,2025,Regular Season - 32,2026-05-02T13:00:00+00:00,Nantes,Marseille,1,2026-09-22T16:37:09Z,CAPTURED,40,
1387982,DOMESTIC_LEAGUE,France,61,Ligue 1,2025,Regular Season - 32,2026-05-02T19:05:00+00:00,Nice,Lens,1,2026-09-22T16:37:09Z,CAPTURED,40,
1387984,DOMESTIC_LEAGUE,France,61,Ligue 1,2025,Regular Season - 32,2026-05-02T15:00:00+00:00,Paris Saint Germain,Lorient,1,2026-09-22T16:37:09Z,CAPTURED,40,
1388531,DOMESTIC_LEAGUE,Germany,78,Bundesliga,2025,Regular Season - 25,2026-03-08T16:30:00+00:00,Union Berlin,Werder Bremen,1,2026-09-22T16:37:09Z,CAPTURED,40,
1388533,DOMESTIC_LEAGUE,Germany,78,Bundesliga,2025,Regular Season - 26,2026-03-14T14:30:00+00:00,Bayer Leverkusen,Bayern München,1,2026-09-22T16:37:09Z,CAPTURED,40,
1388534,DOMESTIC_LEAGUE,Germany,78,Bundesliga,2025,Regular Season - 26,2026-03-13T19:30:00+00:00,Borussia Mönchengladbach,FC St. Pauli,1,2026-09-22T16:37:09Z,CAPTURED,40,
1388535,DOMESTIC_LEAGUE,Germany,78,Bundesliga,2025,Regular Season - 26,2026-03-14T14:30:00+00:00,Borussia Dortmund,FC Augsburg,1,2026-09-22T16:37:09Z,CAPTURED,40,
1388536,DOMESTIC_LEAGUE,Germany,78,Bundesliga,2025,Regular Season - 26,2026-03-14T14:30:00+00:00,Eintracht Frankfurt,1. FC Heidenheim,1,2026-09-22T16:37:09Z,CAPTURED,40,
1388537,DOMESTIC_LEAGUE,Germany,78,Bundesliga,2025,Regular Season - 26,2026-03-15T16:30:00+00:00,SC Freiburg,Union Berlin,1,2026-09-22T16:37:09Z,CAPTURED,40,
1388538,DOMESTIC_LEAGUE,Germany,78,Bundesliga,2025,Regular Season - 26,2026-03-14T17:30:00+00:00,Hamburger SV,1. FC Köln,1,2026-09-22T16:37:09Z,CAPTURED,40,
1388539,DOMESTIC_LEAGUE,Germany,78,Bundesliga,2025,Regular Season - 26,2026-03-14T14:30:00+00:00,1899 Hoffenheim,VfL Wolfsburg,1,2026-09-22T16:37:09Z,CAPTURED,40,
1388540,DOMESTIC_LEAGUE,Germany,78,Bundesliga,2025,Regular Season - 26,2026-03-15T18:30:00+00:00,VfB Stuttgart,RB Leipzig,1,2026-09-22T16:37:09Z,CAPTURED,40,
1388541,DOMESTIC_LEAGUE,Germany,78,Bundesliga,2025,Regular Season - 26,2026-03-15T14:30:00+00:00,Werder Bremen,FSV Mainz 05,1,2026-09-22T16:37:09Z,CAPTURED,40,
1388542,DOMESTIC_LEAGUE,Germany,78,Bundesliga,2025,Regular Season - 27,2026-03-22T18:30:00+00:00,FC Augsburg,VfB Stuttgart,1,2026-09-22T16:37:09Z,CAPTURED,40,
1388543,DOMESTIC_LEAGUE,Germany,78,Bundesliga,2025,Regular Season - 27,2026-03-21T14:30:00+00:00,Bayern München,Union Berlin,1,2026-09-22T16:37:09Z,CAPTURED,40,
1388544,DOMESTIC_LEAGUE,Germany,78,Bundesliga,2025,Regular Season - 27,2026-03-21T17:30:00+00:00,Borussia Dortmund,Hamburger SV,1,2026-09-22T16:37:09Z,CAPTURED,40,
1388545,DOMESTIC_LEAGUE,Germany,78,Bundesliga,2025,Regular Season - 27,2026-03-21T14:30:00+00:00,1. FC Köln,Borussia Mönchengladbach,1,2026-09-22T16:37:09Z,CAPTURED,40,
1388546,DOMESTIC_LEAGUE,Germany,78,Bundesliga,2025,Regular Season - 27,2026-03-21T14:30:00+00:00,1. FC Heidenheim,Bayer Leverkusen,1,2026-09-22T16:37:09Z,CAPTURED,40,
1388547,DOMESTIC_LEAGUE,Germany,78,Bundesliga,2025,Regular Season - 27,2026-03-22T14:30:00+00:00,FSV Mainz 05,Eintracht Frankfurt,1,2026-09-22T16:37:09Z,CAPTURED,40,
1388548,DOMESTIC_LEAGUE,Germany,78,Bundesliga,2025,Regular Season - 27,2026-03-20T19:30:00+00:00,RB Leipzig,1899 Hoffenheim,1,2026-09-22T16:37:09Z,CAPTURED,40,
1388549,DOMESTIC_LEAGUE,Germany,78,Bundesliga,2025,Regular Season - 27,2026-03-22T16:30:00+00:00,FC St. Pauli,SC Freiburg,1,2026-09-22T16:37:09Z,CAPTURED,40,
1388550,DOMESTIC_LEAGUE,Germany,78,Bundesliga,2025,Regular Season - 27,2026-03-21T14:30:00+00:00,VfL Wolfsburg,Werder Bremen,1,2026-09-22T16:37:09Z,CAPTURED,39,
1388551,DOMESTIC_LEAGUE,Germany,78,Bundesliga,2025,Regular Season - 28,2026-04-04T13:30:00+00:00,Bayer Leverkusen,VfL Wolfsburg,1,2026-09-22T16:37:09Z,CAPTURED,40,
1388552,DOMESTIC_LEAGUE,Germany,78,Bundesliga,2025,Regular Season - 28,2026-04-04T13:30:00+00:00,Borussia Mönchengladbach,1. FC Heidenheim,1,2026-09-22T16:37:09Z,CAPTURED,40,
1388553,DOMESTIC_LEAGUE,Germany,78,Bundesliga,2025,Regular Season - 28,2026-04-05T15:30:00+00:00,Eintracht Frankfurt,1. FC Köln,1,2026-09-22T16:37:09Z,CAPTURED,40,
1388554,DOMESTIC_LEAGUE,Germany,78,Bundesliga,2025,Regular Season - 28,2026-04-04T13:30:00+00:00,SC Freiburg,Bayern München,1,2026-09-22T16:37:09Z,CAPTURED,40,
1388555,DOMESTIC_LEAGUE,Germany,78,Bundesliga,2025,Regular Season - 28,2026-04-04T13:30:00+00:00,Hamburger SV,FC Augsburg,1,2026-09-22T16:37:09Z,CAPTURED,40,
1388556,DOMESTIC_LEAGUE,Germany,78,Bundesliga,2025,Regular Season - 28,2026-04-04T13:30:00+00:00,1899 Hoffenheim,FSV Mainz 05,1,2026-09-22T16:37:09Z,CAPTURED,40,
1388557,DOMESTIC_LEAGUE,Germany,78,Bundesliga,2025,Regular Season - 28,2026-04-04T16:30:00+00:00,VfB Stuttgart,Borussia Dortmund,1,2026-09-22T16:37:09Z,CAPTURED,40,
1388558,DOMESTIC_LEAGUE,Germany,78,Bundesliga,2025,Regular Season - 28,2026-04-05T13:30:00+00:00,Union Berlin,FC St. Pauli,1,2026-09-22T16:37:09Z,CAPTURED,40,
1388559,DOMESTIC_LEAGUE,Germany,78,Bundesliga,2025,Regular Season - 28,2026-04-04T13:30:00+00:00,Werder Bremen,RB Leipzig,1,2026-09-22T16:37:09Z,CAPTURED,39,
1388560,DOMESTIC_LEAGUE,Germany,78,Bundesliga,2025,Regular Season - 29,2026-04-10T18:30:00+00:00,FC Augsburg,1899 Hoffenheim,1,2026-09-22T16:37:09Z,CAPTURED,40,
1388561,DOMESTIC_LEAGUE,Germany,78,Bundesliga,2025,Regular Season - 29,2026-04-11T13:30:00+00:00,Borussia Dortmund,Bayer Leverkusen,1,2026-09-22T16:37:09Z,CAPTURED,40,
1388562,DOMESTIC_LEAGUE,Germany,78,Bundesliga,2025,Regular Season - 29,2026-04-12T13:30:00+00:00,1. FC Köln,Werder Bremen,1,2026-09-22T16:37:09Z,CAPTURED,40,
1388563,DOMESTIC_LEAGUE,Germany,78,Bundesliga,2025,Regular Season - 29,2026-04-11T13:30:00+00:00,1. FC Heidenheim,Union Berlin,1,2026-09-22T16:37:09Z,CAPTURED,40,
1388564,DOMESTIC_LEAGUE,Germany,78,Bundesliga,2025,Regular Season - 29,2026-04-12T17:30:00+00:00,FSV Mainz 05,SC Freiburg,1,2026-09-22T16:37:09Z,CAPTURED,40,
1388565,DOMESTIC_LEAGUE,Germany,78,Bundesliga,2025,Regular Season - 29,2026-04-11T13:30:00+00:00,RB Leipzig,Borussia Mönchengladbach,1,2026-09-22T16:37:09Z,CAPTURED,40,
1388566,DOMESTIC_LEAGUE,Germany,78,Bundesliga,2025,Regular Season - 29,2026-04-11T16:30:00+00:00,FC St. Pauli,Bayern München,1,2026-09-22T16:37:09Z,CAPTURED,40,
1388567,DOMESTIC_LEAGUE,Germany,78,Bundesliga,2025,Regular Season - 29,2026-04-12T15:30:00+00:00,VfB Stuttgart,Hamburger SV,1,2026-09-22T16:37:09Z,CAPTURED,40,
1388568,DOMESTIC_LEAGUE,Germany,78,Bundesliga,2025,Regular Season - 29,2026-04-11T13:30:00+00:00,VfL Wolfsburg,Eintracht Frankfurt,1,2026-09-22T16:37:09Z,CAPTURED,40,
1388569,DOMESTIC_LEAGUE,Germany,78,Bundesliga,2025,Regular Season - 30,2026-04-18T13:30:00+00:00,Bayer Leverkusen,FC Augsburg,1,2026-09-22T16:37:09Z,CAPTURED,40,
1388570,DOMESTIC_LEAGUE,Germany,78,Bundesliga,2025,Regular Season - 30,2026-04-19T15:30:00+00:00,Bayern München,VfB Stuttgart,1,2026-09-22T16:37:09Z,CAPTURED,40,
1388571,DOMESTIC_LEAGUE,Germany,78,Bundesliga,2025,Regular Season - 30,2026-04-19T17:30:00+00:00,Borussia Mönchengladbach,FSV Mainz 05,1,2026-09-22T16:37:09Z,CAPTURED,40,
1388572,DOMESTIC_LEAGUE,Germany,78,Bundesliga,2025,Regular Season - 30,2026-04-18T16:30:00+00:00,Eintracht Frankfurt,RB Leipzig,1,2026-09-22T16:37:09Z,CAPTURED,40,
1388573,DOMESTIC_LEAGUE,Germany,78,Bundesliga,2025,Regular Season - 30,2026-04-19T13:30:00+00:00,SC Freiburg,1. FC Heidenheim,1,2026-09-22T16:37:09Z,CAPTURED,40,
1388574,DOMESTIC_LEAGUE,Germany,78,Bundesliga,2025,Regular Season - 30,2026-04-18T13:30:00+00:00,1899 Hoffenheim,Borussia Dortmund,1,2026-09-22T16:37:09Z,CAPTURED,40,
1388575,DOMESTIC_LEAGUE,Germany,78,Bundesliga,2025,Regular Season - 30,2026-04-17T18:30:00+00:00,FC St. Pauli,1. FC Köln,1,2026-09-22T16:37:09Z,CAPTURED,40,
1388576,DOMESTIC_LEAGUE,Germany,78,Bundesliga,2025,Regular Season - 30,2026-04-18T13:30:00+00:00,Union Berlin,VfL Wolfsburg,1,2026-09-22T16:37:09Z,CAPTURED,40,
1388577,DOMESTIC_LEAGUE,Germany,78,Bundesliga,2025,Regular Season - 30,2026-04-18T13:30:00+00:00,Werder Bremen,Hamburger SV,1,2026-09-22T16:37:09Z,CAPTURED,40,
1388578,DOMESTIC_LEAGUE,Germany,78,Bundesliga,2025,Regular Season - 31,2026-04-25T13:30:00+00:00,FC Augsburg,Eintracht Frankfurt,1,2026-09-22T16:37:09Z,CAPTURED,40,
1388579,DOMESTIC_LEAGUE,Germany,78,Bundesliga,2025,Regular Season - 31,2026-04-26T15:30:00+00:00,Borussia Dortmund,SC Freiburg,1,2026-09-22T16:37:09Z,CAPTURED,39,
1388580,DOMESTIC_LEAGUE,Germany,78,Bundesliga,2025,Regular Season - 31,2026-04-25T13:30:00+00:00,1. FC Köln,Bayer Leverkusen,1,2026-09-22T16:37:09Z,CAPTURED,40,
1388581,DOMESTIC_LEAGUE,Germany,78,Bundesliga,2025,Regular Season - 31,2026-04-25T16:30:00+00:00,Hamburger SV,1899 Hoffenheim,1,2026-09-22T16:37:09Z,CAPTURED,40,
1388582,DOMESTIC_LEAGUE,Germany,78,Bundesliga,2025,Regular Season - 31,2026-04-25T13:30:00+00:00,1. FC Heidenheim,FC St. Pauli,1,2026-09-22T16:37:09Z,CAPTURED,40,
1388583,DOMESTIC_LEAGUE,Germany,78,Bundesliga,2025,Regular Season - 31,2026-04-25T13:30:00+00:00,FSV Mainz 05,Bayern München,1,2026-09-22T16:37:09Z,CAPTURED,40,
1388584,DOMESTIC_LEAGUE,Germany,78,Bundesliga,2025,Regular Season - 31,2026-04-24T18:30:00+00:00,RB Leipzig,Union Berlin,1,2026-09-22T16:37:09Z,CAPTURED,40,
1388585,DOMESTIC_LEAGUE,Germany,78,Bundesliga,2025,Regular Season - 31,2026-04-26T13:30:00+00:00,VfB Stuttgart,Werder Bremen,1,2026-09-22T16:37:09Z,CAPTURED,40,
1388586,DOMESTIC_LEAGUE,Germany,78,Bundesliga,2025,Regular Season - 31,2026-04-25T13:30:00+00:00,VfL Wolfsburg,Borussia Mönchengladbach,1,2026-09-22T16:37:09Z,CAPTURED,40,
1388587,DOMESTIC_LEAGUE,Germany,78,Bundesliga,2025,Regular Season - 32,2026-05-02T16:30:00+00:00,Bayer Leverkusen,RB Leipzig,1,2026-09-22T16:37:09Z,CAPTURED,40,
1388588,DOMESTIC_LEAGUE,Germany,78,Bundesliga,2025,Regular Season - 32,2026-05-02T13:30:00+00:00,Bayern München,1. FC Heidenheim,1,2026-09-22T16:37:09Z,CAPTURED,40,
1388590,DOMESTIC_LEAGUE,Germany,78,Bundesliga,2025,Regular Season - 32,2026-05-02T13:30:00+00:00,Eintracht Frankfurt,Hamburger SV,1,2026-09-22T16:37:09Z,CAPTURED,40,
1388592,DOMESTIC_LEAGUE,Germany,78,Bundesliga,2025,Regular Season - 32,2026-05-02T13:30:00+00:00,1899 Hoffenheim,VfB Stuttgart,1,2026-09-22T16:37:09Z,CAPTURED,40,
1388594,DOMESTIC_LEAGUE,Germany,78,Bundesliga,2025,Regular Season - 32,2026-05-02T13:30:00+00:00,Union Berlin,1. FC Köln,1,2026-09-22T16:37:09Z,CAPTURED,40,
1388595,DOMESTIC_LEAGUE,Germany,78,Bundesliga,2025,Regular Season - 32,2026-05-02T13:30:00+00:00,Werder Bremen,FC Augsburg,1,2026-09-22T16:37:09Z,CAPTURED,40,
1391082,DOMESTIC_LEAGUE,Spain,140,La Liga,2025,Regular Season - 27,2026-03-09T20:00:00+00:00,Espanyol,Oviedo,1,2026-09-22T16:37:09Z,CAPTURED,42,
1391086,DOMESTIC_LEAGUE,Spain,140,La Liga,2025,Regular Season - 27,2026-03-08T17:30:00+00:00,Sevilla,Rayo Vallecano,1,2026-09-22T16:37:09Z,CAPTURED,46,
1391087,DOMESTIC_LEAGUE,Spain,140,La Liga,2025,Regular Season - 27,2026-03-08T20:00:00+00:00,Valencia,Alaves,1,2026-09-22T16:37:09Z,CAPTURED,44,
1391089,DOMESTIC_LEAGUE,Spain,140,La Liga,2025,Regular Season - 28,2026-03-13T20:00:00+00:00,Alaves,Villarreal,1,2026-09-22T16:37:09Z,CAPTURED,44,
1391090,DOMESTIC_LEAGUE,Spain,140,La Liga,2025,Regular Season - 28,2026-03-14T15:15:00+00:00,Atletico Madrid,Getafe,1,2026-09-22T16:37:09Z,CAPTURED,44,
1391091,DOMESTIC_LEAGUE,Spain,140,La Liga,2025,Regular Season - 28,2026-03-15T15:15:00+00:00,Barcelona,Sevilla,1,2026-09-22T16:37:09Z,CAPTURED,46,
1391092,DOMESTIC_LEAGUE,Spain,140,La Liga,2025,Regular Season - 28,2026-03-15T17:30:00+00:00,Real Betis,Celta Vigo,1,2026-09-22T16:37:09Z,CAPTURED,46,
1391093,DOMESTIC_LEAGUE,Spain,140,La Liga,2025,Regular Season - 28,2026-03-14T13:00:00+00:00,Girona,Athletic Club,1,2026-09-22T16:37:09Z,CAPTURED,42,
1391094,DOMESTIC_LEAGUE,Spain,140,La Liga,2025,Regular Season - 28,2026-03-15T13:00:00+00:00,Mallorca,Espanyol,1,2026-09-22T16:37:09Z,CAPTURED,44,
1391095,DOMESTIC_LEAGUE,Spain,140,La Liga,2025,Regular Season - 28,2026-03-16T20:00:00+00:00,Rayo Vallecano,Levante,1,2026-09-22T16:37:09Z,CAPTURED,45,
1391096,DOMESTIC_LEAGUE,Spain,140,La Liga,2025,Regular Season - 28,2026-03-14T20:00:00+00:00,Real Madrid,Elche,1,2026-09-22T16:37:09Z,CAPTURED,43,
1391097,DOMESTIC_LEAGUE,Spain,140,La Liga,2025,Regular Season - 28,2026-03-15T20:00:00+00:00,Real Sociedad,Osasuna,1,2026-09-22T16:37:09Z,CAPTURED,43,
1391098,DOMESTIC_LEAGUE,Spain,140,La Liga,2025,Regular Season - 28,2026-03-14T17:30:00+00:00,Oviedo,Valencia,1,2026-09-22T16:37:09Z,CAPTURED,46,
1391099,DOMESTIC_LEAGUE,Spain,140,La Liga,2025,Regular Season - 29,2026-03-22T17:30:00+00:00,Athletic Club,Real Betis,1,2026-09-22T16:37:09Z,CAPTURED,46,
1391100,DOMESTIC_LEAGUE,Spain,140,La Liga,2025,Regular Season - 29,2026-03-22T13:00:00+00:00,Barcelona,Rayo Vallecano,1,2026-09-22T16:37:09Z,CAPTURED,45,
1391101,DOMESTIC_LEAGUE,Spain,140,La Liga,2025,Regular Season - 29,2026-03-22T15:15:00+00:00,Celta Vigo,Alaves,1,2026-09-22T16:37:09Z,CAPTURED,43,
1391102,DOMESTIC_LEAGUE,Spain,140,La Liga,2025,Regular Season - 29,2026-03-21T13:00:00+00:00,Elche,Mallorca,1,2026-09-22T16:37:09Z,CAPTURED,44,
1391103,DOMESTIC_LEAGUE,Spain,140,La Liga,2025,Regular Season - 29,2026-03-21T15:15:00+00:00,Espanyol,Getafe,1,2026-09-22T16:37:09Z,CAPTURED,43,
1391104,DOMESTIC_LEAGUE,Spain,140,La Liga,2025,Regular Season - 29,2026-03-21T17:30:00+00:00,Levante,Oviedo,1,2026-09-22T16:37:09Z,CAPTURED,44,
1391105,DOMESTIC_LEAGUE,Spain,140,La Liga,2025,Regular Season - 29,2026-03-21T17:30:00+00:00,Osasuna,Girona,1,2026-09-22T16:37:09Z,CAPTURED,43,
1391106,DOMESTIC_LEAGUE,Spain,140,La Liga,2025,Regular Season - 29,2026-03-22T20:00:00+00:00,Real Madrid,Atletico Madrid,1,2026-09-22T16:37:09Z,CAPTURED,45,
1391107,DOMESTIC_LEAGUE,Spain,140,La Liga,2025,Regular Season - 29,2026-03-21T20:00:00+00:00,Sevilla,Valencia,1,2026-09-22T16:37:09Z,CAPTURED,46,
1391108,DOMESTIC_LEAGUE,Spain,140,La Liga,2025,Regular Season - 29,2026-03-20T20:00:00+00:00,Villarreal,Real Sociedad,1,2026-09-22T16:37:09Z,CAPTURED,44,
1391109,DOMESTIC_LEAGUE,Spain,140,La Liga,2025,Regular Season - 30,2026-04-05T19:00:00+00:00,Alaves,Osasuna,1,2026-09-22T16:37:09Z,CAPTURED,45,
1391110,DOMESTIC_LEAGUE,Spain,140,La Liga,2025,Regular Season - 30,2026-04-04T19:00:00+00:00,Atletico Madrid,Barcelona,1,2026-09-22T16:37:09Z,CAPTURED,46,
1391111,DOMESTIC_LEAGUE,Spain,140,La Liga,2025,Regular Season - 30,2026-04-04T16:30:00+00:00,Real Betis,Espanyol,1,2026-09-22T16:37:09Z,CAPTURED,43,
1391112,DOMESTIC_LEAGUE,Spain,140,La Liga,2025,Regular Season - 30,2026-04-05T12:00:00+00:00,Getafe,Athletic Club,1,2026-09-22T16:37:09Z,CAPTURED,44,
1391113,DOMESTIC_LEAGUE,Spain,140,La Liga,2025,Regular Season - 30,2026-04-06T19:00:00+00:00,Girona,Villarreal,1,2026-09-22T16:37:09Z,CAPTURED,44,
1391114,DOMESTIC_LEAGUE,Spain,140,La Liga,2025,Regular Season - 30,2026-04-04T14:15:00+00:00,Mallorca,Real Madrid,1,2026-09-22T16:37:09Z,CAPTURED,46,
1391115,DOMESTIC_LEAGUE,Spain,140,La Liga,2025,Regular Season - 30,2026-04-03T19:00:00+00:00,Rayo Vallecano,Elche,1,2026-09-22T16:37:09Z,CAPTURED,46,
1391116,DOMESTIC_LEAGUE,Spain,140,La Liga,2025,Regular Season - 30,2026-04-04T12:00:00+00:00,Real Sociedad,Levante,1,2026-09-22T16:37:09Z,CAPTURED,46,
1391117,DOMESTIC_LEAGUE,Spain,140,La Liga,2025,Regular Season - 30,2026-04-05T16:30:00+00:00,Oviedo,Sevilla,1,2026-09-22T16:37:09Z,CAPTURED,43,
1391118,DOMESTIC_LEAGUE,Spain,140,La Liga,2025,Regular Season - 30,2026-04-05T14:15:00+00:00,Valencia,Celta Vigo,1,2026-09-22T16:37:09Z,CAPTURED,46,
1391119,DOMESTIC_LEAGUE,Spain,140,La Liga,2025,Regular Season - 31,2026-04-12T19:00:00+00:00,Athletic Club,Villarreal,1,2026-09-22T16:37:09Z,CAPTURED,45,
1391120,DOMESTIC_LEAGUE,Spain,140,La Liga,2025,Regular Season - 31,2026-04-11T16:30:00+00:00,Barcelona,Espanyol,1,2026-09-22T16:37:09Z,CAPTURED,45,
1391121,DOMESTIC_LEAGUE,Spain,140,La Liga,2025,Regular Season - 31,2026-04-12T16:30:00+00:00,Celta Vigo,Oviedo,1,2026-09-22T16:37:09Z,CAPTURED,45,
1391122,DOMESTIC_LEAGUE,Spain,140,La Liga,2025,Regular Season - 31,2026-04-11T14:15:00+00:00,Elche,Valencia,1,2026-09-22T16:37:09Z,CAPTURED,44,
1391123,DOMESTIC_LEAGUE,Spain,140,La Liga,2025,Regular Season - 31,2026-04-13T19:00:00+00:00,Levante,Getafe,1,2026-09-22T16:37:09Z,CAPTURED,45,
1391124,DOMESTIC_LEAGUE,Spain,140,La Liga,2025,Regular Season - 31,2026-04-12T14:15:00+00:00,Mallorca,Rayo Vallecano,1,2026-09-22T16:37:09Z,CAPTURED,46,
1391125,DOMESTIC_LEAGUE,Spain,140,La Liga,2025,Regular Season - 31,2026-04-12T12:00:00+00:00,Osasuna,Real Betis,1,2026-09-22T16:37:09Z,CAPTURED,44,
1391126,DOMESTIC_LEAGUE,Spain,140,La Liga,2025,Regular Season - 31,2026-04-10T19:00:00+00:00,Real Madrid,Girona,1,2026-09-22T16:37:09Z,CAPTURED,44,
1391127,DOMESTIC_LEAGUE,Spain,140,La Liga,2025,Regular Season - 31,2026-04-11T12:00:00+00:00,Real Sociedad,Alaves,1,2026-09-22T16:37:09Z,CAPTURED,46,
1391128,DOMESTIC_LEAGUE,Spain,140,La Liga,2025,Regular Season - 31,2026-04-11T19:00:00+00:00,Sevilla,Atletico Madrid,1,2026-09-22T16:37:09Z,CAPTURED,46,
1391129,DOMESTIC_LEAGUE,Spain,140,La Liga,2025,Regular Season - 32,2026-04-25T12:00:00+00:00,Alaves,Mallorca,1,2026-09-22T16:37:09Z,CAPTURED,46,
1391130,DOMESTIC_LEAGUE,Spain,140,La Liga,2025,Regular Season - 32,2026-04-25T19:00:00+00:00,Atletico Madrid,Athletic Club,1,2026-09-22T16:37:09Z,CAPTURED,45,
1391131,DOMESTIC_LEAGUE,Spain,140,La Liga,2025,Regular Season - 32,2026-04-24T19:00:00+00:00,Real Betis,Real Madrid,1,2026-09-22T16:37:09Z,CAPTURED,46,
1391132,DOMESTIC_LEAGUE,Spain,140,La Liga,2025,Regular Season - 32,2026-04-27T19:00:00+00:00,Espanyol,Levante,1,2026-09-22T16:37:09Z,CAPTURED,46,
1391133,DOMESTIC_LEAGUE,Spain,140,La Liga,2025,Regular Season - 32,2026-04-25T14:15:00+00:00,Getafe,Barcelona,1,2026-09-22T16:37:09Z,CAPTURED,45,
1391134,DOMESTIC_LEAGUE,Spain,140,La Liga,2025,Regular Season - 32,2026-04-26T16:30:00+00:00,Osasuna,Sevilla,1,2026-09-22T16:37:09Z,CAPTURED,45,
1391135,DOMESTIC_LEAGUE,Spain,140,La Liga,2025,Regular Season - 32,2026-04-26T12:00:00+00:00,Rayo Vallecano,Real Sociedad,1,2026-09-22T16:37:09Z,CAPTURED,46,
1391136,DOMESTIC_LEAGUE,Spain,140,La Liga,2025,Regular Season - 32,2026-04-26T14:15:00+00:00,Oviedo,Elche,1,2026-09-22T16:37:09Z,CAPTURED,45,
1391137,DOMESTIC_LEAGUE,Spain,140,La Liga,2025,Regular Season - 32,2026-04-25T16:30:00+00:00,Valencia,Girona,1,2026-09-22T16:37:09Z,CAPTURED,44,
1391138,DOMESTIC_LEAGUE,Spain,140,La Liga,2025,Regular Season - 32,2026-04-26T19:00:00+00:00,Villarreal,Celta Vigo,1,2026-09-22T16:37:09Z,CAPTURED,45,
1391139,DOMESTIC_LEAGUE,Spain,140,La Liga,2025,Regular Season - 33,2026-04-21T17:00:00+00:00,Athletic Club,Osasuna,1,2026-09-22T16:37:09Z,CAPTURED,44,
1391140,DOMESTIC_LEAGUE,Spain,140,La Liga,2025,Regular Season - 33,2026-04-22T19:30:00+00:00,Barcelona,Celta Vigo,1,2026-09-22T16:37:09Z,CAPTURED,46,
1391141,DOMESTIC_LEAGUE,Spain,140,La Liga,2025,Regular Season - 33,2026-04-22T17:00:00+00:00,Elche,Atletico Madrid,1,2026-09-22T16:37:09Z,CAPTURED,46,
1391142,DOMESTIC_LEAGUE,Spain,140,La Liga,2025,Regular Season - 33,2026-04-21T19:30:00+00:00,Girona,Real Betis,1,2026-09-22T16:37:09Z,CAPTURED,45,
1391143,DOMESTIC_LEAGUE,Spain,140,La Liga,2025,Regular Season - 33,2026-04-23T17:00:00+00:00,Levante,Sevilla,1,2026-09-22T16:37:09Z,CAPTURED,46,
1391144,DOMESTIC_LEAGUE,Spain,140,La Liga,2025,Regular Season - 33,2026-04-21T17:00:00+00:00,Mallorca,Valencia,1,2026-09-22T16:37:09Z,CAPTURED,46,
1391145,DOMESTIC_LEAGUE,Spain,140,La Liga,2025,Regular Season - 33,2026-04-23T18:00:00+00:00,Rayo Vallecano,Espanyol,1,2026-09-22T16:37:09Z,CAPTURED,45,
1391146,DOMESTIC_LEAGUE,Spain,140,La Liga,2025,Regular Season - 33,2026-04-21T19:30:00+00:00,Real Madrid,Alaves,1,2026-09-22T16:37:09Z,CAPTURED,46,
1391147,DOMESTIC_LEAGUE,Spain,140,La Liga,2025,Regular Season - 33,2026-04-22T18:00:00+00:00,Real Sociedad,Getafe,1,2026-09-22T16:37:09Z,CAPTURED,46,
1391148,DOMESTIC_LEAGUE,Spain,140,La Liga,2025,Regular Season - 33,2026-04-23T19:30:00+00:00,Oviedo,Villarreal,1,2026-09-22T16:37:09Z,CAPTURED,44,
1391149,DOMESTIC_LEAGUE,Spain,140,La Liga,2025,Regular Season - 34,2026-05-02T16:30:00+00:00,Alaves,Athletic Club,1,2026-09-22T16:37:09Z,CAPTURED,46,
1391151,DOMESTIC_LEAGUE,Spain,140,La Liga,2025,Regular Season - 34,2026-05-03T12:00:00+00:00,Celta Vigo,Elche,1,2026-09-22T16:37:09Z,CAPTURED,44,
1391154,DOMESTIC_LEAGUE,Spain,140,La Liga,2025,Regular Season - 34,2026-05-01T19:00:00+00:00,Girona,Mallorca,1,2026-09-22T16:37:09Z,CAPTURED,43,
1391155,DOMESTIC_LEAGUE,Spain,140,La Liga,2025,Regular Season - 34,2026-05-02T19:00:00+00:00,Osasuna,Barcelona,1,2026-09-22T16:37:09Z,CAPTURED,45,
1391157,DOMESTIC_LEAGUE,Spain,140,La Liga,2025,Regular Season - 34,2026-05-02T14:15:00+00:00,Valencia,Atletico Madrid,1,2026-09-22T16:37:09Z,CAPTURED,45,
1391158,DOMESTIC_LEAGUE,Spain,140,La Liga,2025,Regular Season - 34,2026-05-02T12:00:00+00:00,Villarreal,Levante,1,2026-09-22T16:37:09Z,CAPTURED,46,
1377864,DOMESTIC_LEAGUE,Italy,135,Serie A,2025,Regular Season - 1,2025-08-24T18:45:00+00:00,Atalanta,Pisa,1,2026-09-22T20:35:38Z,CAPTURED,47,
1377865,DOMESTIC_LEAGUE,Italy,135,Serie A,2025,Regular Season - 1,2025-08-24T16:30:00+00:00,Cagliari,Fiorentina,1,2026-09-22T20:35:38Z,CAPTURED,47,
1377866,DOMESTIC_LEAGUE,Italy,135,Serie A,2025,Regular Season - 1,2025-08-24T16:30:00+00:00,Como,Lazio,1,2026-09-22T20:35:38Z,CAPTURED,47,
1377867,DOMESTIC_LEAGUE,Italy,135,Serie A,2025,Regular Season - 1,2025-08-23T16:30:00+00:00,Genoa,Lecce,1,2026-09-22T20:35:38Z,CAPTURED,49,
1377868,DOMESTIC_LEAGUE,Italy,135,Serie A,2025,Regular Season - 1,2025-08-25T18:45:00+00:00,Inter,Torino,1,2026-09-22T20:35:38Z,CAPTURED,48,
1377869,DOMESTIC_LEAGUE,Italy,135,Serie A,2025,Regular Season - 1,2025-08-24T18:45:00+00:00,Juventus,Parma,1,2026-09-22T20:35:38Z,CAPTURED,44,
1377870,DOMESTIC_LEAGUE,Italy,135,Serie A,2025,Regular Season - 1,2025-08-23T18:45:00+00:00,AC Milan,Cremonese,1,2026-09-22T20:35:38Z,CAPTURED,44,
1377871,DOMESTIC_LEAGUE,Italy,135,Serie A,2025,Regular Season - 1,2025-08-23T18:45:00+00:00,AS Roma,Bologna,1,2026-09-22T20:35:38Z,CAPTURED,46,
1377872,DOMESTIC_LEAGUE,Italy,135,Serie A,2025,Regular Season - 1,2025-08-23T16:30:00+00:00,Sassuolo,Napoli,1,2026-09-22T20:35:38Z,CAPTURED,51,
1377873,DOMESTIC_LEAGUE,Italy,135,Serie A,2025,Regular Season - 1,2025-08-25T16:30:00+00:00,Udinese,Hellas Verona,1,2026-09-22T20:35:38Z,CAPTURED,51,
1377874,DOMESTIC_LEAGUE,Italy,135,Serie A,2025,Regular Season - 2,2025-08-30T16:30:00+00:00,Bologna,Como,1,2026-09-22T20:35:38Z,CAPTURED,48,
1377875,DOMESTIC_LEAGUE,Italy,135,Serie A,2025,Regular Season - 2,2025-08-29T16:30:00+00:00,Cremonese,Sassuolo,1,2026-09-22T20:35:38Z,CAPTURED,48,
1377876,DOMESTIC_LEAGUE,Italy,135,Serie A,2025,Regular Season - 2,2025-08-31T16:30:00+00:00,Genoa,Juventus,1,2026-09-22T20:35:38Z,CAPTURED,45,
1377877,DOMESTIC_LEAGUE,Italy,135,Serie A,2025,Regular Season - 2,2025-08-31T18:45:00+00:00,Inter,Udinese,1,2026-09-22T20:35:38Z,CAPTURED,49,
1377878,DOMESTIC_LEAGUE,Italy,135,Serie A,2025,Regular Season - 2,2025-08-31T18:45:00+00:00,Lazio,Hellas Verona,1,2026-09-22T20:35:38Z,CAPTURED,46,
1377879,DOMESTIC_LEAGUE,Italy,135,Serie A,2025,Regular Season - 2,2025-08-29T18:45:00+00:00,Lecce,AC Milan,1,2026-09-22T20:35:38Z,CAPTURED,45,
1377880,DOMESTIC_LEAGUE,Italy,135,Serie A,2025,Regular Season - 2,2025-08-30T18:45:00+00:00,Napoli,Cagliari,1,2026-09-22T20:35:38Z,CAPTURED,48,
1377881,DOMESTIC_LEAGUE,Italy,135,Serie A,2025,Regular Season - 2,2025-08-30T16:30:00+00:00,Parma,Atalanta,1,2026-09-22T20:35:38Z,CAPTURED,48,
1377882,DOMESTIC_LEAGUE,Italy,135,Serie A,2025,Regular Season - 2,2025-08-30T18:45:00+00:00,Pisa,AS Roma,1,2026-09-22T20:35:38Z,CAPTURED,48,
1377883,DOMESTIC_LEAGUE,Italy,135,Serie A,2025,Regular Season - 2,2025-08-31T16:30:00+00:00,Torino,Fiorentina,1,2026-09-22T20:35:38Z,CAPTURED,48,
1377884,DOMESTIC_LEAGUE,Italy,135,Serie A,2025,Regular Season - 3,2025-09-14T13:00:00+00:00,Atalanta,Lecce,1,2026-09-22T20:35:38Z,CAPTURED,46,
1377885,DOMESTIC_LEAGUE,Italy,135,Serie A,2025,Regular Season - 3,2025-09-13T13:00:00+00:00,Cagliari,Parma,1,2026-09-22T20:35:38Z,CAPTURED,51,
1377886,DOMESTIC_LEAGUE,Italy,135,Serie A,2025,Regular Season - 3,2025-09-15T18:45:00+00:00,Como,Genoa,1,2026-09-22T20:35:38Z,CAPTURED,50,
1377887,DOMESTIC_LEAGUE,Italy,135,Serie A,2025,Regular Season - 3,2025-09-13T18:45:00+00:00,Fiorentina,Napoli,1,2026-09-22T20:35:38Z,CAPTURED,48,
1377888,DOMESTIC_LEAGUE,Italy,135,Serie A,2025,Regular Season - 3,2025-09-13T16:00:00+00:00,Juventus,Inter,1,2026-09-22T20:35:38Z,CAPTURED,45,
1377889,DOMESTIC_LEAGUE,Italy,135,Serie A,2025,Regular Season - 3,2025-09-14T18:45:00+00:00,AC Milan,Bologna,1,2026-09-22T20:35:38Z,CAPTURED,44,
1377890,DOMESTIC_LEAGUE,Italy,135,Serie A,2025,Regular Season - 3,2025-09-14T13:00:00+00:00,Pisa,Udinese,1,2026-09-22T20:35:38Z,CAPTURED,50,
1377891,DOMESTIC_LEAGUE,Italy,135,Serie A,2025,Regular Season - 3,2025-09-14T10:30:00+00:00,AS Roma,Torino,1,2026-09-22T20:35:38Z,CAPTURED,49,
1377892,DOMESTIC_LEAGUE,Italy,135,Serie A,2025,Regular Season - 3,2025-09-14T16:00:00+00:00,Sassuolo,Lazio,1,2026-09-22T20:35:38Z,CAPTURED,48,
1377893,DOMESTIC_LEAGUE,Italy,135,Serie A,2025,Regular Season - 3,2025-09-15T16:30:00+00:00,Hellas Verona,Cremonese,1,2026-09-22T20:35:38Z,CAPTURED,49,
1377894,DOMESTIC_LEAGUE,Italy,135,Serie A,2025,Regular Season - 4,2025-09-20T13:00:00+00:00,Bologna,Genoa,1,2026-09-22T20:35:38Z,CAPTURED,49,
1377895,DOMESTIC_LEAGUE,Italy,135,Serie A,2025,Regular Season - 4,2025-09-21T13:00:00+00:00,Cremonese,Parma,1,2026-09-22T20:35:38Z,CAPTURED,48,
1377896,DOMESTIC_LEAGUE,Italy,135,Serie A,2025,Regular Season - 4,2025-09-21T16:00:00+00:00,Fiorentina,Como,1,2026-09-22T20:35:38Z,CAPTURED,48,
1377897,DOMESTIC_LEAGUE,Italy,135,Serie A,2025,Regular Season - 4,2025-09-21T18:45:00+00:00,Inter,Sassuolo,1,2026-09-22T20:35:38Z,CAPTURED,51,
1377898,DOMESTIC_LEAGUE,Italy,135,Serie A,2025,Regular Season - 4,2025-09-21T10:30:00+00:00,Lazio,AS Roma,1,2026-09-22T20:35:38Z,CAPTURED,47,
1377899,DOMESTIC_LEAGUE,Italy,135,Serie A,2025,Regular Season - 4,2025-09-19T18:45:00+00:00,Lecce,Cagliari,1,2026-09-22T20:35:38Z,CAPTURED,51,
1377900,DOMESTIC_LEAGUE,Italy,135,Serie A,2025,Regular Season - 4,2025-09-22T18:45:00+00:00,Napoli,Pisa,1,2026-09-22T20:35:38Z,CAPTURED,49,
1377901,DOMESTIC_LEAGUE,Italy,135,Serie A,2025,Regular Season - 4,2025-09-21T13:00:00+00:00,Torino,Atalanta,1,2026-09-22T20:35:38Z,CAPTURED,46,
1377902,DOMESTIC_LEAGUE,Italy,135,Serie A,2025,Regular Season - 4,2025-09-20T18:45:00+00:00,Udinese,AC Milan,1,2026-09-22T20:35:38Z,CAPTURED,46,
1377903,DOMESTIC_LEAGUE,Italy,135,Serie A,2025,Regular Season - 4,2025-09-20T16:00:00+00:00,Hellas Verona,Juventus,1,2026-09-22T20:35:38Z,CAPTURED,47,
1377904,DOMESTIC_LEAGUE,Italy,135,Serie A,2025,Regular Season - 5,2025-09-27T18:45:00+00:00,Cagliari,Inter,1,2026-09-22T20:35:38Z,CAPTURED,51,
1377905,DOMESTIC_LEAGUE,Italy,135,Serie A,2025,Regular Season - 5,2025-09-27T13:00:00+00:00,Como,Cremonese,1,2026-09-22T20:35:38Z,CAPTURED,48,
1377906,DOMESTIC_LEAGUE,Italy,135,Serie A,2025,Regular Season - 5,2025-09-29T18:45:00+00:00,Genoa,Lazio,1,2026-09-22T20:35:38Z,CAPTURED,48,
1377907,DOMESTIC_LEAGUE,Italy,135,Serie A,2025,Regular Season - 5,2025-09-27T16:00:00+00:00,Juventus,Atalanta,1,2026-09-22T20:35:38Z,CAPTURED,43,
1377908,DOMESTIC_LEAGUE,Italy,135,Serie A,2025,Regular Season - 5,2025-09-28T16:00:00+00:00,Lecce,Bologna,1,2026-09-22T20:35:38Z,CAPTURED,48,
1377909,DOMESTIC_LEAGUE,Italy,135,Serie A,2025,Regular Season - 5,2025-09-28T18:45:00+00:00,AC Milan,Napoli,1,2026-09-22T20:35:38Z,CAPTURED,43,
1377910,DOMESTIC_LEAGUE,Italy,135,Serie A,2025,Regular Season - 5,2025-09-29T16:30:00+00:00,Parma,Torino,1,2026-09-22T20:35:38Z,CAPTURED,48,
1377911,DOMESTIC_LEAGUE,Italy,135,Serie A,2025,Regular Season - 5,2025-09-28T13:00:00+00:00,Pisa,Fiorentina,1,2026-09-22T20:35:38Z,CAPTURED,51,
1377912,DOMESTIC_LEAGUE,Italy,135,Serie A,2025,Regular Season - 5,2025-09-28T13:00:00+00:00,AS Roma,Hellas Verona,1,2026-09-22T20:35:38Z,CAPTURED,49,
1377913,DOMESTIC_LEAGUE,Italy,135,Serie A,2025,Regular Season - 5,2025-09-28T10:30:00+00:00,Sassuolo,Udinese,1,2026-09-22T20:35:38Z,CAPTURED,51,
1377914,DOMESTIC_LEAGUE,Italy,135,Serie A,2025,Regular Season - 6,2025-10-04T18:45:00+00:00,Atalanta,Como,1,2026-09-22T20:35:38Z,CAPTURED,40,
1377915,DOMESTIC_LEAGUE,Italy,135,Serie A,2025,Regular Season - 6,2025-10-05T13:00:00+00:00,Bologna,Pisa,1,2026-09-22T20:35:38Z,CAPTURED,51,
1377916,DOMESTIC_LEAGUE,Italy,135,Serie A,2025,Regular Season - 6,2025-10-05T13:00:00+00:00,Fiorentina,AS Roma,1,2026-09-22T20:35:38Z,CAPTURED,48,
1377917,DOMESTIC_LEAGUE,Italy,135,Serie A,2025,Regular Season - 6,2025-10-04T16:00:00+00:00,Inter,Cremonese,1,2026-09-22T20:35:38Z,CAPTURED,47,
1377918,DOMESTIC_LEAGUE,Italy,135,Serie A,2025,Regular Season - 6,2025-10-05T18:45:00+00:00,Juventus,AC Milan,1,2026-09-22T20:35:38Z,CAPTURED,42,
1377919,DOMESTIC_LEAGUE,Italy,135,Serie A,2025,Regular Season - 6,2025-10-04T13:00:00+00:00,Lazio,Torino,1,2026-09-22T20:35:38Z,CAPTURED,45,
1377920,DOMESTIC_LEAGUE,Italy,135,Serie A,2025,Regular Season - 6,2025-10-05T16:00:00+00:00,Napoli,Genoa,1,2026-09-22T20:35:38Z,CAPTURED,48,
1377921,DOMESTIC_LEAGUE,Italy,135,Serie A,2025,Regular Season - 6,2025-10-04T13:00:00+00:00,Parma,Lecce,1,2026-09-22T20:35:38Z,CAPTURED,46,
1377922,DOMESTIC_LEAGUE,Italy,135,Serie A,2025,Regular Season - 6,2025-10-05T10:30:00+00:00,Udinese,Cagliari,1,2026-09-22T20:35:38Z,CAPTURED,47,
1377923,DOMESTIC_LEAGUE,Italy,135,Serie A,2025,Regular Season - 6,2025-10-03T18:45:00+00:00,Hellas Verona,Sassuolo,1,2026-09-22T20:35:38Z,CAPTURED,51,
1377924,DOMESTIC_LEAGUE,Italy,135,Serie A,2025,Regular Season - 7,2025-10-19T16:00:00+00:00,Atalanta,Lazio,1,2026-09-22T20:35:38Z,CAPTURED,45,
1377925,DOMESTIC_LEAGUE,Italy,135,Serie A,2025,Regular Season - 7,2025-10-19T13:00:00+00:00,Cagliari,Bologna,1,2026-09-22T20:35:38Z,CAPTURED,52,
1377926,DOMESTIC_LEAGUE,Italy,135,Serie A,2025,Regular Season - 7,2025-10-19T10:30:00+00:00,Como,Juventus,1,2026-09-22T20:35:38Z,CAPTURED,44,
1377927,DOMESTIC_LEAGUE,Italy,135,Serie A,2025,Regular Season - 7,2025-10-20T18:45:00+00:00,Cremonese,Udinese,1,2026-09-22T20:35:38Z,CAPTURED,50,
1377928,DOMESTIC_LEAGUE,Italy,135,Serie A,2025,Regular Season - 7,2025-10-19T13:00:00+00:00,Genoa,Parma,1,2026-09-22T20:35:38Z,CAPTURED,48,
1377929,DOMESTIC_LEAGUE,Italy,135,Serie A,2025,Regular Season - 7,2025-10-18T13:00:00+00:00,Lecce,Sassuolo,1,2026-09-22T20:35:38Z,CAPTURED,50,
1377930,DOMESTIC_LEAGUE,Italy,135,Serie A,2025,Regular Season - 7,2025-10-19T18:45:00+00:00,AC Milan,Fiorentina,1,2026-09-22T20:35:38Z,CAPTURED,42,
1377931,DOMESTIC_LEAGUE,Italy,135,Serie A,2025,Regular Season - 7,2025-10-18T13:00:00+00:00,Pisa,Hellas Verona,1,2026-09-22T20:35:38Z,CAPTURED,50,
1377932,DOMESTIC_LEAGUE,Italy,135,Serie A,2025,Regular Season - 7,2025-10-18T18:45:00+00:00,AS Roma,Inter,1,2026-09-22T20:35:38Z,CAPTURED,48,
1377933,DOMESTIC_LEAGUE,Italy,135,Serie A,2025,Regular Season - 7,2025-10-18T16:00:00+00:00,Torino,Napoli,1,2026-09-22T20:35:38Z,CAPTURED,46,
1377934,DOMESTIC_LEAGUE,Italy,135,Serie A,2025,Regular Season - 8,2025-10-25T18:45:00+00:00,Cremonese,Atalanta,1,2026-09-22T20:35:38Z,CAPTURED,45,
1377935,DOMESTIC_LEAGUE,Italy,135,Serie A,2025,Regular Season - 8,2025-10-26T17:00:00+00:00,Fiorentina,Bologna,1,2026-09-22T20:35:38Z,CAPTURED,50,
1377936,DOMESTIC_LEAGUE,Italy,135,Serie A,2025,Regular Season - 8,2025-10-26T19:45:00+00:00,Lazio,Juventus,1,2026-09-22T20:35:38Z,CAPTURED,44,
1377937,DOMESTIC_LEAGUE,Italy,135,Serie A,2025,Regular Season - 8,2025-10-24T18:45:00+00:00,AC Milan,Pisa,1,2026-09-22T20:35:38Z,CAPTURED,43,
1377938,DOMESTIC_LEAGUE,Italy,135,Serie A,2025,Regular Season - 8,2025-10-25T16:00:00+00:00,Napoli,Inter,1,2026-09-22T20:35:38Z,CAPTURED,45,
1377939,DOMESTIC_LEAGUE,Italy,135,Serie A,2025,Regular Season - 8,2025-10-25T13:00:00+00:00,Parma,Como,1,2026-09-22T20:35:38Z,CAPTURED,48,
1377940,DOMESTIC_LEAGUE,Italy,135,Serie A,2025,Regular Season - 8,2025-10-26T14:00:00+00:00,Sassuolo,AS Roma,1,2026-09-22T20:35:38Z,CAPTURED,51,
1377941,DOMESTIC_LEAGUE,Italy,135,Serie A,2025,Regular Season - 8,2025-10-26T11:30:00+00:00,Torino,Genoa,1,2026-09-22T20:35:38Z,CAPTURED,50,
1377942,DOMESTIC_LEAGUE,Italy,135,Serie A,2025,Regular Season - 8,2025-10-25T13:00:00+00:00,Udinese,Lecce,1,2026-09-22T20:35:38Z,CAPTURED,49,
1377943,DOMESTIC_LEAGUE,Italy,135,Serie A,2025,Regular Season - 8,2025-10-26T14:00:00+00:00,Hellas Verona,Cagliari,1,2026-09-22T20:35:38Z,CAPTURED,49,
1377944,DOMESTIC_LEAGUE,Italy,135,Serie A,2025,Regular Season - 9,2025-10-28T19:45:00+00:00,Atalanta,AC Milan,1,2026-09-22T20:35:38Z,CAPTURED,43,
1377945,DOMESTIC_LEAGUE,Italy,135,Serie A,2025,Regular Season - 9,2025-10-29T19:45:00+00:00,Bologna,Torino,1,2026-09-22T20:35:38Z,CAPTURED,49,
1377946,DOMESTIC_LEAGUE,Italy,135,Serie A,2025,Regular Season - 9,2025-10-30T17:30:00+00:00,Cagliari,Sassuolo,1,2026-09-22T20:35:38Z,CAPTURED,49,
1377947,DOMESTIC_LEAGUE,Italy,135,Serie A,2025,Regular Season - 9,2025-10-29T17:30:00+00:00,Como,Hellas Verona,1,2026-09-22T20:35:38Z,CAPTURED,49,
1377948,DOMESTIC_LEAGUE,Italy,135,Serie A,2025,Regular Season - 9,2025-10-29T19:45:00+00:00,Genoa,Cremonese,1,2026-09-22T20:35:38Z,CAPTURED,47,
1377949,DOMESTIC_LEAGUE,Italy,135,Serie A,2025,Regular Season - 9,2025-10-29T19:45:00+00:00,Inter,Fiorentina,1,2026-09-22T20:35:38Z,CAPTURED,48,
1377950,DOMESTIC_LEAGUE,Italy,135,Serie A,2025,Regular Season - 9,2025-10-29T17:30:00+00:00,Juventus,Udinese,1,2026-09-22T20:35:38Z,CAPTURED,47,
1377951,DOMESTIC_LEAGUE,Italy,135,Serie A,2025,Regular Season - 9,2025-10-28T17:30:00+00:00,Lecce,Napoli,1,2026-09-22T20:35:38Z,CAPTURED,49,
1377952,DOMESTIC_LEAGUE,Italy,135,Serie A,2025,Regular Season - 9,2025-10-30T19:45:00+00:00,Pisa,Lazio,1,2026-09-22T20:35:38Z,CAPTURED,45,
1377953,DOMESTIC_LEAGUE,Italy,135,Serie A,2025,Regular Season - 9,2025-10-29T17:30:00+00:00,AS Roma,Parma,1,2026-09-22T20:35:38Z,CAPTURED,51,
1377954,DOMESTIC_LEAGUE,Italy,135,Serie A,2025,Regular Season - 10,2025-11-01T19:45:00+00:00,Cremonese,Juventus,1,2026-09-22T20:35:38Z,CAPTURED,43,
1377955,DOMESTIC_LEAGUE,Italy,135,Serie A,2025,Regular Season - 10,2025-11-02T14:00:00+00:00,Fiorentina,Lecce,1,2026-09-22T20:35:38Z,CAPTURED,47,
1377956,DOMESTIC_LEAGUE,Italy,135,Serie A,2025,Regular Season - 10,2025-11-03T19:45:00+00:00,Lazio,Cagliari,1,2026-09-22T20:35:38Z,CAPTURED,44,
1377957,DOMESTIC_LEAGUE,Italy,135,Serie A,2025,Regular Season - 10,2025-11-02T19:45:00+00:00,AC Milan,AS Roma,1,2026-09-22T20:35:38Z,CAPTURED,43,
1377958,DOMESTIC_LEAGUE,Italy,135,Serie A,2025,Regular Season - 10,2025-11-01T17:00:00+00:00,Napoli,Como,1,2026-09-22T20:35:38Z,CAPTURED,51,
1377959,DOMESTIC_LEAGUE,Italy,135,Serie A,2025,Regular Season - 10,2025-11-02T17:00:00+00:00,Parma,Bologna,1,2026-09-22T20:35:38Z,CAPTURED,52,
1377960,DOMESTIC_LEAGUE,Italy,135,Serie A,2025,Regular Season - 10,2025-11-03T17:30:00+00:00,Sassuolo,Genoa,1,2026-09-22T20:35:38Z,CAPTURED,49,
1377961,DOMESTIC_LEAGUE,Italy,135,Serie A,2025,Regular Season - 10,2025-11-02T14:00:00+00:00,Torino,Pisa,1,2026-09-22T20:35:38Z,CAPTURED,50,
1377962,DOMESTIC_LEAGUE,Italy,135,Serie A,2025,Regular Season - 10,2025-11-01T14:00:00+00:00,Udinese,Atalanta,1,2026-09-22T20:35:38Z,CAPTURED,48,
1377963,DOMESTIC_LEAGUE,Italy,135,Serie A,2025,Regular Season - 10,2025-11-02T11:30:00+00:00,Hellas Verona,Inter,1,2026-09-22T20:35:38Z,CAPTURED,47,
1377964,DOMESTIC_LEAGUE,Italy,135,Serie A,2025,Regular Season - 11,2025-11-09T11:30:00+00:00,Atalanta,Sassuolo,1,2026-09-22T20:35:38Z,CAPTURED,49,
1377965,DOMESTIC_LEAGUE,Italy,135,Serie A,2025,Regular Season - 11,2025-11-09T14:00:00+00:00,Bologna,Napoli,1,2026-09-22T20:35:38Z,CAPTURED,48,
1377966,DOMESTIC_LEAGUE,Italy,135,Serie A,2025,Regular Season - 11,2025-11-08T14:00:00+00:00,Como,Cagliari,1,2026-09-22T20:35:38Z,CAPTURED,48,
1377967,DOMESTIC_LEAGUE,Italy,135,Serie A,2025,Regular Season - 11,2025-11-09T14:00:00+00:00,Genoa,Fiorentina,1,2026-09-22T20:35:38Z,CAPTURED,49,
1377968,DOMESTIC_LEAGUE,Italy,135,Serie A,2025,Regular Season - 11,2025-11-09T19:45:00+00:00,Inter,Lazio,1,2026-09-22T20:35:38Z,CAPTURED,43,
1377969,DOMESTIC_LEAGUE,Italy,135,Serie A,2025,Regular Season - 11,2025-11-08T17:00:00+00:00,Juventus,Torino,1,2026-09-22T20:35:38Z,CAPTURED,49,
1377970,DOMESTIC_LEAGUE,Italy,135,Serie A,2025,Regular Season - 11,2025-11-08T14:00:00+00:00,Lecce,Hellas Verona,1,2026-09-22T20:35:38Z,CAPTURED,49,
1377971,DOMESTIC_LEAGUE,Italy,135,Serie A,2025,Regular Season - 11,2025-11-08T19:45:00+00:00,Parma,AC Milan,1,2026-09-22T20:35:38Z,CAPTURED,45,
1377972,DOMESTIC_LEAGUE,Italy,135,Serie A,2025,Regular Season - 11,2025-11-07T19:45:00+00:00,Pisa,Cremonese,1,2026-09-22T20:35:38Z,CAPTURED,47,
1377973,DOMESTIC_LEAGUE,Italy,135,Serie A,2025,Regular Season - 11,2025-11-09T17:00:00+00:00,AS Roma,Udinese,1,2026-09-22T20:35:38Z,CAPTURED,47,
1377974,DOMESTIC_LEAGUE,Italy,135,Serie A,2025,Regular Season - 12,2025-11-22T14:00:00+00:00,Cagliari,Genoa,1,2026-09-22T20:35:38Z,CAPTURED,50,
1379275,DOMESTIC_LEAGUE,England,39,Premier League,2025,Regular Season - 31,2026-05-13T19:00:00+00:00,Manchester City,Crystal Palace,1,2026-09-22T20:35:38Z,CAPTURED,40,
1379310,DOMESTIC_LEAGUE,England,39,Premier League,2025,Regular Season - 35,2026-05-03T18:00:00+00:00,Aston Villa,Tottenham,1,2026-09-22T20:35:38Z,CAPTURED,40,
1379311,DOMESTIC_LEAGUE,England,39,Premier League,2025,Regular Season - 35,2026-05-03T13:00:00+00:00,Bournemouth,Crystal Palace,1,2026-09-22T20:35:38Z,CAPTURED,40,
1379313,DOMESTIC_LEAGUE,England,39,Premier League,2025,Regular Season - 35,2026-05-04T14:00:00+00:00,Chelsea,Nottingham Forest,1,2026-09-22T20:35:38Z,CAPTURED,40,
1379314,DOMESTIC_LEAGUE,England,39,Premier League,2025,Regular Season - 35,2026-05-04T19:00:00+00:00,Everton,Manchester City,1,2026-09-22T20:35:38Z,CAPTURED,40,
1379316,DOMESTIC_LEAGUE,England,39,Premier League,2025,Regular Season - 35,2026-05-03T14:30:00+00:00,Manchester United,Liverpool,1,2026-09-22T20:35:38Z,CAPTURED,40,
1379319,DOMESTIC_LEAGUE,England,39,Premier League,2025,Regular Season - 36,2026-05-09T14:00:00+00:00,Brighton,Wolves,1,2026-09-22T20:35:38Z,CAPTURED,40,
1379320,DOMESTIC_LEAGUE,England,39,Premier League,2025,Regular Season - 36,2026-05-10T13:00:00+00:00,Burnley,Aston Villa,1,2026-09-22T20:35:38Z,CAPTURED,40,
1379321,DOMESTIC_LEAGUE,England,39,Premier League,2025,Regular Season - 36,2026-05-10T13:00:00+00:00,Crystal Palace,Everton,1,2026-09-22T20:35:38Z,CAPTURED,40,
1379322,DOMESTIC_LEAGUE,England,39,Premier League,2025,Regular Season - 36,2026-05-09T14:00:00+00:00,Fulham,Bournemouth,1,2026-09-22T20:35:38Z,CAPTURED,40,
1379323,DOMESTIC_LEAGUE,England,39,Premier League,2025,Regular Season - 36,2026-05-09T11:30:00+00:00,Liverpool,Chelsea,1,2026-09-22T20:35:38Z,CAPTURED,40,
1379324,DOMESTIC_LEAGUE,England,39,Premier League,2025,Regular Season - 36,2026-05-09T16:30:00+00:00,Manchester City,Brentford,1,2026-09-22T20:35:38Z,CAPTURED,40,
1379325,DOMESTIC_LEAGUE,England,39,Premier League,2025,Regular Season - 36,2026-05-10T13:00:00+00:00,Nottingham Forest,Newcastle,1,2026-09-22T20:35:38Z,CAPTURED,40,
1379326,DOMESTIC_LEAGUE,England,39,Premier League,2025,Regular Season - 36,2026-05-09T14:00:00+00:00,Sunderland,Manchester United,1,2026-09-22T20:35:38Z,CAPTURED,40,
1379327,DOMESTIC_LEAGUE,England,39,Premier League,2025,Regular Season - 36,2026-05-11T19:00:00+00:00,Tottenham,Leeds,1,2026-09-22T20:35:38Z,CAPTURED,40,
1379328,DOMESTIC_LEAGUE,England,39,Premier League,2025,Regular Season - 36,2026-05-10T15:30:00+00:00,West Ham,Arsenal,1,2026-09-22T20:35:38Z,CAPTURED,40,
1379329,DOMESTIC_LEAGUE,England,39,Premier League,2025,Regular Season - 37,2026-05-18T19:00:00+00:00,Arsenal,Burnley,1,2026-09-22T20:35:38Z,CAPTURED,40,
1379330,DOMESTIC_LEAGUE,England,39,Premier League,2025,Regular Season - 37,2026-05-15T19:00:00+00:00,Aston Villa,Liverpool,1,2026-09-22T20:35:38Z,CAPTURED,40,
1379331,DOMESTIC_LEAGUE,England,39,Premier League,2025,Regular Season - 37,2026-05-19T18:30:00+00:00,Bournemouth,Manchester City,1,2026-09-22T20:35:38Z,CAPTURED,40,
1379332,DOMESTIC_LEAGUE,England,39,Premier League,2025,Regular Season - 37,2026-05-17T14:00:00+00:00,Brentford,Crystal Palace,1,2026-09-22T20:35:38Z,CAPTURED,40,
1379333,DOMESTIC_LEAGUE,England,39,Premier League,2025,Regular Season - 37,2026-05-19T19:15:00+00:00,Chelsea,Tottenham,1,2026-09-22T20:35:38Z,CAPTURED,40,
1379334,DOMESTIC_LEAGUE,England,39,Premier League,2025,Regular Season - 37,2026-05-17T14:00:00+00:00,Everton,Sunderland,1,2026-09-22T20:35:38Z,CAPTURED,40,
1379335,DOMESTIC_LEAGUE,England,39,Premier League,2025,Regular Season - 37,2026-05-17T14:00:00+00:00,Leeds,Brighton,1,2026-09-22T20:35:38Z,CAPTURED,40,
1379336,DOMESTIC_LEAGUE,England,39,Premier League,2025,Regular Season - 37,2026-05-17T11:30:00+00:00,Manchester United,Nottingham Forest,1,2026-09-22T20:35:38Z,CAPTURED,40,
1379337,DOMESTIC_LEAGUE,England,39,Premier League,2025,Regular Season - 37,2026-05-17T16:30:00+00:00,Newcastle,West Ham,1,2026-09-22T20:35:38Z,CAPTURED,40,
1379338,DOMESTIC_LEAGUE,England,39,Premier League,2025,Regular Season - 37,2026-05-17T14:00:00+00:00,Wolves,Fulham,1,2026-09-22T20:35:38Z,CAPTURED,40,
1379339,DOMESTIC_LEAGUE,England,39,Premier League,2025,Regular Season - 38,2026-05-24T15:00:00+00:00,Brighton,Manchester United,1,2026-09-22T20:35:38Z,CAPTURED,40,
1379340,DOMESTIC_LEAGUE,England,39,Premier League,2025,Regular Season - 38,2026-05-24T15:00:00+00:00,Burnley,Wolves,1,2026-09-22T20:35:38Z,CAPTURED,40,
1379341,DOMESTIC_LEAGUE,England,39,Premier League,2025,Regular Season - 38,2026-05-24T15:00:00+00:00,Crystal Palace,Arsenal,1,2026-09-22T20:35:38Z,CAPTURED,40,
1379342,DOMESTIC_LEAGUE,England,39,Premier League,2025,Regular Season - 38,2026-05-24T15:00:00+00:00,Fulham,Newcastle,1,2026-09-22T20:35:38Z,CAPTURED,40,
1379343,DOMESTIC_LEAGUE,England,39,Premier League,2025,Regular Season - 38,2026-05-24T15:00:00+00:00,Liverpool,Brentford,1,2026-09-22T20:35:38Z,CAPTURED,40,
1379344,DOMESTIC_LEAGUE,England,39,Premier League,2025,Regular Season - 38,2026-05-24T15:00:00+00:00,Manchester City,Aston Villa,1,2026-09-22T20:35:38Z,CAPTURED,40,
1379345,DOMESTIC_LEAGUE,England,39,Premier League,2025,Regular Season - 38,2026-05-24T15:00:00+00:00,Nottingham Forest,Bournemouth,1,2026-09-22T20:35:38Z,CAPTURED,39,
1379346,DOMESTIC_LEAGUE,England,39,Premier League,2025,Regular Season - 38,2026-05-24T15:00:00+00:00,Sunderland,Chelsea,1,2026-09-22T20:35:38Z,CAPTURED,40,
1379347,DOMESTIC_LEAGUE,England,39,Premier League,2025,Regular Season - 38,2026-05-24T15:00:00+00:00,Tottenham,Everton,1,2026-09-22T20:35:38Z,CAPTURED,40,
1379348,DOMESTIC_LEAGUE,England,39,Premier League,2025,Regular Season - 38,2026-05-24T15:00:00+00:00,West Ham,Leeds,1,2026-09-22T20:35:38Z,CAPTURED,40,
1387951,DOMESTIC_LEAGUE,France,61,Ligue 1,2025,Regular Season - 29,2026-05-13T17:00:00+00:00,Stade Brestois 29,Strasbourg,1,2026-09-22T20:35:38Z,CAPTURED,40,
1387952,DOMESTIC_LEAGUE,France,61,Ligue 1,2025,Regular Season - 29,2026-05-13T19:00:00+00:00,Lens,Paris Saint Germain,1,2026-09-22T20:35:38Z,CAPTURED,40,
1387977,DOMESTIC_LEAGUE,France,61,Ligue 1,2025,Regular Season - 32,2026-05-03T15:15:00+00:00,Auxerre,Angers,1,2026-09-22T20:35:38Z,CAPTURED,40,
1387978,DOMESTIC_LEAGUE,France,61,Ligue 1,2025,Regular Season - 32,2026-05-03T13:00:00+00:00,Lille,Le Havre,1,2026-09-22T20:35:38Z,CAPTURED,40,
1387979,DOMESTIC_LEAGUE,France,61,Ligue 1,2025,Regular Season - 32,2026-05-03T18:45:00+00:00,Lyon,Rennes,1,2026-09-22T20:35:38Z,CAPTURED,40,
1387983,DOMESTIC_LEAGUE,France,61,Ligue 1,2025,Regular Season - 32,2026-05-03T15:15:00+00:00,Paris FC,Stade Brestois 29,1,2026-09-22T20:35:38Z,CAPTURED,40,
1387985,DOMESTIC_LEAGUE,France,61,Ligue 1,2025,Regular Season - 32,2026-05-03T15:15:00+00:00,Strasbourg,Toulouse,1,2026-09-22T20:35:38Z,CAPTURED,40,
1387986,DOMESTIC_LEAGUE,France,61,Ligue 1,2025,Regular Season - 33,2026-05-10T19:00:00+00:00,Angers,Strasbourg,1,2026-09-22T20:35:38Z,CAPTURED,40,
1387987,DOMESTIC_LEAGUE,France,61,Ligue 1,2025,Regular Season - 33,2026-05-10T19:00:00+00:00,Auxerre,Nice,1,2026-09-22T20:35:38Z,CAPTURED,40,
1387988,DOMESTIC_LEAGUE,France,61,Ligue 1,2025,Regular Season - 33,2026-05-10T19:00:00+00:00,Le Havre,Marseille,1,2026-09-22T20:35:38Z,CAPTURED,40,
1387989,DOMESTIC_LEAGUE,France,61,Ligue 1,2025,Regular Season - 33,2026-05-08T18:45:00+00:00,Lens,Nantes,1,2026-09-22T20:35:38Z,CAPTURED,40,
1387990,DOMESTIC_LEAGUE,France,61,Ligue 1,2025,Regular Season - 33,2026-05-10T19:00:00+00:00,Metz,Lorient,1,2026-09-22T20:35:38Z,CAPTURED,40,
1387991,DOMESTIC_LEAGUE,France,61,Ligue 1,2025,Regular Season - 33,2026-05-10T19:00:00+00:00,Monaco,Lille,1,2026-09-22T20:35:38Z,CAPTURED,40,
1387992,DOMESTIC_LEAGUE,France,61,Ligue 1,2025,Regular Season - 33,2026-05-10T19:00:00+00:00,Paris Saint Germain,Stade Brestois 29,1,2026-09-22T20:35:38Z,CAPTURED,40,
1387993,DOMESTIC_LEAGUE,France,61,Ligue 1,2025,Regular Season - 33,2026-05-10T19:00:00+00:00,Rennes,Paris FC,1,2026-09-22T20:35:38Z,CAPTURED,40,
1387994,DOMESTIC_LEAGUE,France,61,Ligue 1,2025,Regular Season - 33,2026-05-10T19:00:00+00:00,Toulouse,Lyon,1,2026-09-22T20:35:38Z,CAPTURED,40,
1387995,DOMESTIC_LEAGUE,France,61,Ligue 1,2025,Regular Season - 34,2026-05-17T19:00:00+00:00,Stade Brestois 29,Angers,1,2026-09-22T20:35:38Z,CAPTURED,38,
1387996,DOMESTIC_LEAGUE,France,61,Ligue 1,2025,Regular Season - 34,2026-05-17T19:00:00+00:00,Lille,Auxerre,1,2026-09-22T20:35:38Z,CAPTURED,39,
1387997,DOMESTIC_LEAGUE,France,61,Ligue 1,2025,Regular Season - 34,2026-05-17T19:00:00+00:00,Lorient,Le Havre,1,2026-09-22T20:35:38Z,CAPTURED,40,
1387998,DOMESTIC_LEAGUE,France,61,Ligue 1,2025,Regular Season - 34,2026-05-17T19:00:00+00:00,Lyon,Lens,1,2026-09-22T20:35:38Z,CAPTURED,40,
1387999,DOMESTIC_LEAGUE,France,61,Ligue 1,2025,Regular Season - 34,2026-05-17T19:00:00+00:00,Marseille,Rennes,1,2026-09-22T20:35:38Z,CAPTURED,40,
1388001,DOMESTIC_LEAGUE,France,61,Ligue 1,2025,Regular Season - 34,2026-05-17T19:00:00+00:00,Nice,Metz,1,2026-09-22T20:35:38Z,CAPTURED,40,
1388002,DOMESTIC_LEAGUE,France,61,Ligue 1,2025,Regular Season - 34,2026-05-17T19:00:00+00:00,Paris FC,Paris Saint Germain,1,2026-09-22T20:35:38Z,CAPTURED,40,
1388003,DOMESTIC_LEAGUE,France,61,Ligue 1,2025,Regular Season - 34,2026-05-17T19:00:00+00:00,Strasbourg,Monaco,1,2026-09-22T20:35:38Z,CAPTURED,39,
1388589,DOMESTIC_LEAGUE,Germany,78,Bundesliga,2025,Regular Season - 32,2026-05-03T15:30:00+00:00,Borussia Mönchengladbach,Borussia Dortmund,1,2026-09-22T20:35:38Z,CAPTURED,39,
1388591,DOMESTIC_LEAGUE,Germany,78,Bundesliga,2025,Regular Season - 32,2026-05-03T17:30:00+00:00,SC Freiburg,VfL Wolfsburg,1,2026-09-22T20:35:38Z,CAPTURED,40,
1388593,DOMESTIC_LEAGUE,Germany,78,Bundesliga,2025,Regular Season - 32,2026-05-03T13:30:00+00:00,FC St. Pauli,FSV Mainz 05,1,2026-09-22T20:35:38Z,CAPTURED,40,
1388596,DOMESTIC_LEAGUE,Germany,78,Bundesliga,2025,Regular Season - 33,2026-05-09T13:30:00+00:00,FC Augsburg,Borussia Mönchengladbach,1,2026-09-22T20:35:38Z,CAPTURED,40,
1388597,DOMESTIC_LEAGUE,Germany,78,Bundesliga,2025,Regular Season - 33,2026-05-08T18:30:00+00:00,Borussia Dortmund,Eintracht Frankfurt,1,2026-09-22T20:35:38Z,CAPTURED,40,
1388598,DOMESTIC_LEAGUE,Germany,78,Bundesliga,2025,Regular Season - 33,2026-05-10T15:30:00+00:00,1. FC Köln,1. FC Heidenheim,1,2026-09-22T20:35:38Z,CAPTURED,40,
1388599,DOMESTIC_LEAGUE,Germany,78,Bundesliga,2025,Regular Season - 33,2026-05-10T13:30:00+00:00,Hamburger SV,SC Freiburg,1,2026-09-22T20:35:38Z,CAPTURED,40,
1388600,DOMESTIC_LEAGUE,Germany,78,Bundesliga,2025,Regular Season - 33,2026-05-09T13:30:00+00:00,1899 Hoffenheim,Werder Bremen,1,2026-09-22T20:35:38Z,CAPTURED,40,
1388601,DOMESTIC_LEAGUE,Germany,78,Bundesliga,2025,Regular Season - 33,2026-05-10T17:30:00+00:00,FSV Mainz 05,Union Berlin,1,2026-09-22T20:35:38Z,CAPTURED,40,
1388602,DOMESTIC_LEAGUE,Germany,78,Bundesliga,2025,Regular Season - 33,2026-05-09T13:30:00+00:00,RB Leipzig,FC St. Pauli,1,2026-09-22T20:35:38Z,CAPTURED,38,
1388603,DOMESTIC_LEAGUE,Germany,78,Bundesliga,2025,Regular Season - 33,2026-05-09T13:30:00+00:00,VfB Stuttgart,Bayer Leverkusen,1,2026-09-22T20:35:38Z,CAPTURED,40,
1388604,DOMESTIC_LEAGUE,Germany,78,Bundesliga,2025,Regular Season - 33,2026-05-09T16:30:00+00:00,VfL Wolfsburg,Bayern München,1,2026-09-22T20:35:38Z,CAPTURED,40,
1388605,DOMESTIC_LEAGUE,Germany,78,Bundesliga,2025,Regular Season - 34,2026-05-16T13:30:00+00:00,Bayer Leverkusen,Hamburger SV,1,2026-09-22T20:35:38Z,CAPTURED,40,
1388606,DOMESTIC_LEAGUE,Germany,78,Bundesliga,2025,Regular Season - 34,2026-05-16T13:30:00+00:00,Bayern München,1. FC Köln,1,2026-09-22T20:35:38Z,CAPTURED,40,
1388607,DOMESTIC_LEAGUE,Germany,78,Bundesliga,2025,Regular Season - 34,2026-05-16T13:30:00+00:00,Borussia Mönchengladbach,1899 Hoffenheim,1,2026-09-22T20:35:38Z,CAPTURED,40,
1388608,DOMESTIC_LEAGUE,Germany,78,Bundesliga,2025,Regular Season - 34,2026-05-16T13:30:00+00:00,Eintracht Frankfurt,VfB Stuttgart,1,2026-09-22T20:35:38Z,CAPTURED,40,
1388609,DOMESTIC_LEAGUE,Germany,78,Bundesliga,2025,Regular Season - 34,2026-05-16T13:30:00+00:00,SC Freiburg,RB Leipzig,1,2026-09-22T20:35:38Z,CAPTURED,40,
1388610,DOMESTIC_LEAGUE,Germany,78,Bundesliga,2025,Regular Season - 34,2026-05-16T13:30:00+00:00,1. FC Heidenheim,FSV Mainz 05,1,2026-09-22T20:35:38Z,CAPTURED,40,
1388611,DOMESTIC_LEAGUE,Germany,78,Bundesliga,2025,Regular Season - 34,2026-05-16T13:30:00+00:00,FC St. Pauli,VfL Wolfsburg,1,2026-09-22T20:35:38Z,CAPTURED,40,
1388612,DOMESTIC_LEAGUE,Germany,78,Bundesliga,2025,Regular Season - 34,2026-05-16T13:30:00+00:00,Union Berlin,FC Augsburg,1,2026-09-22T20:35:38Z,CAPTURED,39,
1388613,DOMESTIC_LEAGUE,Germany,78,Bundesliga,2025,Regular Season - 34,2026-05-16T13:30:00+00:00,Werder Bremen,Borussia Dortmund,1,2026-09-22T20:35:38Z,CAPTURED,40,
1391150,DOMESTIC_LEAGUE,Spain,140,La Liga,2025,Regular Season - 34,2026-05-03T16:30:00+00:00,Real Betis,Oviedo,1,2026-09-22T20:35:38Z,CAPTURED,46,
1391152,DOMESTIC_LEAGUE,Spain,140,La Liga,2025,Regular Season - 34,2026-05-03T19:00:00+00:00,Espanyol,Real Madrid,1,2026-09-22T20:35:38Z,CAPTURED,45,
1391153,DOMESTIC_LEAGUE,Spain,140,La Liga,2025,Regular Season - 34,2026-05-03T14:15:00+00:00,Getafe,Rayo Vallecano,1,2026-09-22T20:35:38Z,CAPTURED,45,
1391156,DOMESTIC_LEAGUE,Spain,140,La Liga,2025,Regular Season - 34,2026-05-04T19:00:00+00:00,Sevilla,Real Sociedad,1,2026-09-22T20:35:38Z,CAPTURED,45,
1391159,DOMESTIC_LEAGUE,Spain,140,La Liga,2025,Regular Season - 35,2026-05-10T14:15:00+00:00,Athletic Club,Valencia,1,2026-09-22T20:35:38Z,CAPTURED,46,
1391160,DOMESTIC_LEAGUE,Spain,140,La Liga,2025,Regular Season - 35,2026-05-09T16:30:00+00:00,Atletico Madrid,Celta Vigo,1,2026-09-22T20:35:38Z,CAPTURED,46,
1391161,DOMESTIC_LEAGUE,Spain,140,La Liga,2025,Regular Season - 35,2026-05-10T19:00:00+00:00,Barcelona,Real Madrid,1,2026-09-22T20:35:38Z,CAPTURED,44,
1391162,DOMESTIC_LEAGUE,Spain,140,La Liga,2025,Regular Season - 35,2026-05-09T12:00:00+00:00,Elche,Alaves,1,2026-09-22T20:35:38Z,CAPTURED,46,
1391163,DOMESTIC_LEAGUE,Spain,140,La Liga,2025,Regular Season - 35,2026-05-08T19:00:00+00:00,Levante,Osasuna,1,2026-09-22T20:35:38Z,CAPTURED,45,
1391164,DOMESTIC_LEAGUE,Spain,140,La Liga,2025,Regular Season - 35,2026-05-10T12:00:00+00:00,Mallorca,Villarreal,1,2026-09-22T20:35:38Z,CAPTURED,46,
1391165,DOMESTIC_LEAGUE,Spain,140,La Liga,2025,Regular Season - 35,2026-05-11T19:00:00+00:00,Rayo Vallecano,Girona,1,2026-09-22T20:35:38Z,CAPTURED,44,
1391166,DOMESTIC_LEAGUE,Spain,140,La Liga,2025,Regular Season - 35,2026-05-09T19:00:00+00:00,Real Sociedad,Real Betis,1,2026-09-22T20:35:38Z,CAPTURED,46,
1391167,DOMESTIC_LEAGUE,Spain,140,La Liga,2025,Regular Season - 35,2026-05-10T16:30:00+00:00,Oviedo,Getafe,1,2026-09-22T20:35:38Z,CAPTURED,46,
1391168,DOMESTIC_LEAGUE,Spain,140,La Liga,2025,Regular Season - 35,2026-05-09T14:15:00+00:00,Sevilla,Espanyol,1,2026-09-22T20:35:38Z,CAPTURED,46,
1391169,DOMESTIC_LEAGUE,Spain,140,La Liga,2025,Regular Season - 36,2026-05-13T19:30:00+00:00,Alaves,Barcelona,1,2026-09-22T20:35:38Z,CAPTURED,46,
1391170,DOMESTIC_LEAGUE,Spain,140,La Liga,2025,Regular Season - 36,2026-05-12T18:00:00+00:00,Real Betis,Elche,1,2026-09-22T20:35:38Z,CAPTURED,46,
1391171,DOMESTIC_LEAGUE,Spain,140,La Liga,2025,Regular Season - 36,2026-05-12T17:00:00+00:00,Celta Vigo,Levante,1,2026-09-22T20:35:38Z,CAPTURED,46,
1391172,DOMESTIC_LEAGUE,Spain,140,La Liga,2025,Regular Season - 36,2026-05-13T17:00:00+00:00,Espanyol,Athletic Club,1,2026-09-22T20:35:38Z,CAPTURED,45,
1391173,DOMESTIC_LEAGUE,Spain,140,La Liga,2025,Regular Season - 36,2026-05-13T19:30:00+00:00,Getafe,Mallorca,1,2026-09-22T20:35:38Z,CAPTURED,45,
1391174,DOMESTIC_LEAGUE,Spain,140,La Liga,2025,Regular Season - 36,2026-05-14T18:00:00+00:00,Girona,Real Sociedad,1,2026-09-22T20:35:38Z,CAPTURED,44,
1391175,DOMESTIC_LEAGUE,Spain,140,La Liga,2025,Regular Season - 36,2026-05-12T19:30:00+00:00,Osasuna,Atletico Madrid,1,2026-09-22T20:35:38Z,CAPTURED,46,
1391176,DOMESTIC_LEAGUE,Spain,140,La Liga,2025,Regular Season - 36,2026-05-14T19:30:00+00:00,Real Madrid,Oviedo,1,2026-09-22T20:35:38Z,CAPTURED,43,
1391177,DOMESTIC_LEAGUE,Spain,140,La Liga,2025,Regular Season - 36,2026-05-14T17:00:00+00:00,Valencia,Rayo Vallecano,1,2026-09-22T20:35:38Z,CAPTURED,46,
1391178,DOMESTIC_LEAGUE,Spain,140,La Liga,2025,Regular Season - 36,2026-05-13T17:00:00+00:00,Villarreal,Sevilla,1,2026-09-22T20:35:38Z,CAPTURED,46,
1391179,DOMESTIC_LEAGUE,Spain,140,La Liga,2025,Regular Season - 37,2026-05-17T17:00:00+00:00,Athletic Club,Celta Vigo,1,2026-09-22T20:35:38Z,CAPTURED,46,
1391180,DOMESTIC_LEAGUE,Spain,140,La Liga,2025,Regular Season - 37,2026-05-17T17:00:00+00:00,Atletico Madrid,Girona,1,2026-09-22T20:35:38Z,CAPTURED,45,
1391181,DOMESTIC_LEAGUE,Spain,140,La Liga,2025,Regular Season - 37,2026-05-17T19:15:00+00:00,Barcelona,Real Betis,1,2026-09-22T20:35:38Z,CAPTURED,44,
1391182,DOMESTIC_LEAGUE,Spain,140,La Liga,2025,Regular Season - 37,2026-05-17T17:00:00+00:00,Elche,Getafe,1,2026-09-22T20:35:38Z,CAPTURED,46,
1391183,DOMESTIC_LEAGUE,Spain,140,La Liga,2025,Regular Season - 37,2026-05-17T17:00:00+00:00,Levante,Mallorca,1,2026-09-22T20:35:38Z,CAPTURED,46,
1391184,DOMESTIC_LEAGUE,Spain,140,La Liga,2025,Regular Season - 37,2026-05-17T17:00:00+00:00,Osasuna,Espanyol,1,2026-09-22T20:35:38Z,CAPTURED,45,
1391185,DOMESTIC_LEAGUE,Spain,140,La Liga,2025,Regular Season - 37,2026-05-17T17:00:00+00:00,Rayo Vallecano,Villarreal,1,2026-09-22T20:35:38Z,CAPTURED,45,
1391186,DOMESTIC_LEAGUE,Spain,140,La Liga,2025,Regular Season - 37,2026-05-17T17:00:00+00:00,Real Sociedad,Valencia,1,2026-09-22T20:35:38Z,CAPTURED,46,
1391187,DOMESTIC_LEAGUE,Spain,140,La Liga,2025,Regular Season - 37,2026-05-17T17:00:00+00:00,Oviedo,Alaves,1,2026-09-22T20:35:38Z,CAPTURED,46,
1391188,DOMESTIC_LEAGUE,Spain,140,La Liga,2025,Regular Season - 37,2026-05-17T17:00:00+00:00,Sevilla,Real Madrid,1,2026-09-22T20:35:38Z,CAPTURED,45,
1391189,DOMESTIC_LEAGUE,Spain,140,La Liga,2025,Regular Season - 38,2026-05-23T19:00:00+00:00,Alaves,Rayo Vallecano,1,2026-09-22T20:35:38Z,CAPTURED,46,
1391190,DOMESTIC_LEAGUE,Spain,140,La Liga,2025,Regular Season - 38,2026-05-23T19:00:00+00:00,Real Betis,Levante,1,2026-09-22T20:35:38Z,CAPTURED,44,
1391191,DOMESTIC_LEAGUE,Spain,140,La Liga,2025,Regular Season - 38,2026-05-23T19:00:00+00:00,Celta Vigo,Sevilla,1,2026-09-22T20:35:38Z,CAPTURED,46,
1391192,DOMESTIC_LEAGUE,Spain,140,La Liga,2025,Regular Season - 38,2026-05-23T19:00:00+00:00,Espanyol,Real Sociedad,1,2026-09-22T20:35:38Z,CAPTURED,46,
1391193,DOMESTIC_LEAGUE,Spain,140,La Liga,2025,Regular Season - 38,2026-05-23T19:00:00+00:00,Getafe,Osasuna,1,2026-09-22T20:35:38Z,CAPTURED,45,
1391194,DOMESTIC_LEAGUE,Spain,140,La Liga,2025,Regular Season - 38,2026-05-23T19:00:00+00:00,Girona,Elche,1,2026-09-22T20:35:38Z,CAPTURED,45,
1391195,DOMESTIC_LEAGUE,Spain,140,La Liga,2025,Regular Season - 38,2026-05-23T19:00:00+00:00,Mallorca,Oviedo,1,2026-09-22T20:35:38Z,CAPTURED,44,
1391196,DOMESTIC_LEAGUE,Spain,140,La Liga,2025,Regular Season - 38,2026-05-23T19:00:00+00:00,Real Madrid,Athletic Club,1,2026-09-22T20:35:38Z,CAPTURED,45,
1391197,DOMESTIC_LEAGUE,Spain,140,La Liga,2025,Regular Season - 38,2026-05-23T19:00:00+00:00,Valencia,Barcelona,1,2026-09-22T20:35:38Z,CAPTURED,46,
1391198,DOMESTIC_LEAGUE,Spain,140,La Liga,2025,Regular Season - 38,2026-05-24T19:00:00+00:00,Villarreal,Atletico Madrid,1,2026-09-22T20:35:38Z,CAPTURED,45,
1545408,DOMESTIC_LEAGUE,France,61,Ligue 1,2025,Final,2026-05-26T18:45:00+00:00,Saint Etienne,Nice,1,2026-09-22T20:35:38Z,CAPTURED,40,
1545409,DOMESTIC_LEAGUE,France,61,Ligue 1,2025,Final,2026-05-29T18:45:00+00:00,Nice,Saint Etienne,1,2026-09-22T20:35:38Z,CAPTURED,40,
1545417,DOMESTIC_LEAGUE,Germany,78,Bundesliga,2025,Final,2026-05-21T18:30:00+00:00,VfL Wolfsburg,SC Paderborn 07,1,2026-09-22T20:35:38Z,CAPTURED,40,
1545418,DOMESTIC_LEAGUE,Germany,78,Bundesliga,2025,Final,2026-05-25T18:30:00+00:00,SC Paderborn 07,VfL Wolfsburg,1,2026-09-22T20:35:38Z,CAPTURED,40,
