market_key,api_fixture_id,league,league_id,captured_at_utc,kickoff_utc,minutes_to_kickoff,home_team,away_team,team_side,team_name,line,bet_id,bet_name,b365_over,b365_under,p_over,p_under,open_p_over,over_move_pp,user_bookmaker,user_over,user_under,api_odds_update_utc
TT|1557398|H|0.5,1557398,Premier League,39,2026-09-11T13:29:19Z,2026-09-12T14:00:00Z,1470.7,Bournemouth,Brentford,H,Bournemouth,0.5,16,Total - Home,1.2,4.33,0.78300181,0.21699819,0.78300181,-0.00000000,Marathonbet,,,2026-09-11T08:15:48+00:00
TT|1557398|H|1.5,1557398,Premier League,39,2026-09-11T13:29:19Z,2026-09-12T14:00:00Z,1470.7,Bournemouth,Brentford,H,Bournemouth,1.5,16,Total - Home,1.91,1.8,0.48517520,0.51482480,0.48517520,0.00000000,Marathonbet,2.01,1.81,2026-09-11T08:15:48+00:00
TT|1557398|H|2.5,1557398,Premier League,39,2026-09-11T13:29:19Z,2026-09-12T14:00:00Z,1470.7,Bournemouth,Brentford,H,Bournemouth,2.5,16,Total - Home,4.0,1.22,0.23371648,0.76628352,0.23371648,-0.00000000,Marathonbet,4.05,1.22,2026-09-11T08:15:48+00:00
TT|1557398|H|3.5,1557398,Premier League,39,2026-09-11T13:29:19Z,2026-09-12T14:00:00Z,1470.7,Bournemouth,Brentford,H,Bournemouth,3.5,16,Total - Home,11.0,1.05,0.08713693,0.91286307,0.08713693,-0.00000000,Marathonbet,8.9,1.03,2026-09-11T08:15:48+00:00
TT|1557398|H|4.5,1557398,Premier League,39,2026-09-11T13:29:19Z,2026-09-12T14:00:00Z,1470.7,Bournemouth,Brentford,H,Bournemouth,4.5,16,Total - Home,26.0,1.01,0.03739356,0.96260644,0.03739356,-0.00000000,Marathonbet,,,2026-09-11T08:15:48+00:00
TT|1557398|A|0.5,1557398,Premier League,39,2026-09-11T13:29:19Z,2026-09-12T14:00:00Z,1470.7,Bournemouth,Brentford,A,Brentford,0.5,17,Total - Away,1.22,4.0,0.76628352,0.23371648,0.76628352,0.00000000,Marathonbet,,,2026-09-11T08:15:48+00:00
TT|1557398|A|1.5,1557398,Premier League,39,2026-09-11T13:29:19Z,2026-09-12T14:00:00Z,1470.7,Bournemouth,Brentford,A,Brentford,1.5,17,Total - Away,2.1,1.67,0.44297082,0.55702918,0.44297082,0.00000000,Marathonbet,2.14,1.72,2026-09-11T08:15:48+00:00
TT|1557398|A|2.5,1557398,Premier League,39,2026-09-11T13:29:19Z,2026-09-12T14:00:00Z,1470.7,Bournemouth,Brentford,A,Brentford,2.5,17,Total - Away,4.5,1.18,0.20774648,0.79225352,0.20774648,-0.00000000,Marathonbet,4.55,1.18,2026-09-11T08:15:48+00:00
TT|1557398|A|3.5,1557398,Premier League,39,2026-09-11T13:29:19Z,2026-09-12T14:00:00Z,1470.7,Bournemouth,Brentford,A,Brentford,3.5,17,Total - Away,13.0,1.04,0.07407407,0.92592593,0.07407407,0.00000000,Marathonbet,9.9,1.02,2026-09-11T08:15:48+00:00
TT|1557398|A|4.5,1557398,Premier League,39,2026-09-11T13:29:19Z,2026-09-12T14:00:00Z,1470.7,Bournemouth,Brentford,A,Brentford,4.5,17,Total - Away,29.0,1.01,0.03365545,0.96634455,0.03365545,-0.00000000,Marathonbet,,,2026-09-11T08:15:48+00:00
TT|1557403|H|0.5,1557403,Premier League,39,2026-09-11T13:29:19Z,2026-09-12T14:00:00Z,1470.7,Liverpool,Fulham,H,Liverpool,0.5,16,Total - Home,1.07,9.0,0.89374379,0.10625621,0.89374379,0.00000000,Marathonbet,,,2026-09-11T08:15:48+00:00
TT|1557403|H|1.5,1557403,Premier League,39,2026-09-11T13:29:19Z,2026-09-12T14:00:00Z,1470.7,Liverpool,Fulham,H,Liverpool,1.5,16,Total - Home,1.36,3.0,0.68807339,0.31192661,0.68807339,0.00000000,Marathonbet,1.41,2.89,2026-09-11T08:15:48+00:00
TT|1557403|H|2.5,1557403,Premier League,39,2026-09-11T13:29:19Z,2026-09-12T14:00:00Z,1470.7,Liverpool,Fulham,H,Liverpool,2.5,16,Total - Home,2.2,1.62,0.42408377,0.57591623,0.42408377,-0.00000000,Marathonbet,2.23,1.65,2026-09-11T08:15:48+00:00
TT|1557403|H|3.5,1557403,Premier League,39,2026-09-11T13:29:19Z,2026-09-12T14:00:00Z,1470.7,Liverpool,Fulham,H,Liverpool,3.5,16,Total - Home,4.0,1.22,0.23371648,0.76628352,0.23371648,-0.00000000,Marathonbet,3.98,1.21,2026-09-11T08:15:48+00:00
TT|1557403|H|4.5,1557403,Premier League,39,2026-09-11T13:29:19Z,2026-09-12T14:00:00Z,1470.7,Liverpool,Fulham,H,Liverpool,4.5,16,Total - Home,9.0,1.07,0.10625621,0.89374379,0.10625621,-0.00000000,Marathonbet,,,2026-09-11T08:15:48+00:00
TT|1557403|H|5.5,1557403,Premier League,39,2026-09-11T13:29:19Z,2026-09-12T14:00:00Z,1470.7,Liverpool,Fulham,H,Liverpool,5.5,16,Total - Home,19.0,1.02,0.05094905,0.94905095,0.05094905,0.00000000,Marathonbet,,,2026-09-11T08:15:48+00:00
TT|1557403|A|0.5,1557403,Premier League,39,2026-09-11T13:29:19Z,2026-09-12T14:00:00Z,1470.7,Liverpool,Fulham,A,Fulham,0.5,17,Total - Away,1.5,2.5,0.62500000,0.37500000,0.62500000,0.00000000,Marathonbet,1.46,2.52,2026-09-11T08:15:48+00:00
TT|1557403|A|1.5,1557403,Premier League,39,2026-09-11T13:29:19Z,2026-09-12T14:00:00Z,1470.7,Liverpool,Fulham,A,Fulham,1.5,17,Total - Away,3.4,1.3,0.27659574,0.72340426,0.27659574,0.00000000,Marathonbet,3.36,1.32,2026-09-11T08:15:48+00:00
TT|1557403|A|2.5,1557403,Premier League,39,2026-09-11T13:29:19Z,2026-09-12T14:00:00Z,1470.7,Liverpool,Fulham,A,Fulham,2.5,17,Total - Away,10.0,1.06,0.09584087,0.90415913,0.09584087,-0.00000000,Marathonbet,9.1,1.04,2026-09-11T08:15:48+00:00
TT|1557403|A|3.5,1557403,Premier League,39,2026-09-11T13:29:19Z,2026-09-12T14:00:00Z,1470.7,Liverpool,Fulham,A,Fulham,3.5,17,Total - Away,29.0,1.01,0.03365545,0.96634455,0.03365545,-0.00000000,Marathonbet,,,2026-09-11T08:15:48+00:00
TT|1557399|H|0.5,1557399,Premier League,39,2026-09-11T13:29:19Z,2026-09-12T14:00:00Z,1470.7,Chelsea,Hull City,H,Chelsea,0.5,16,Total - Home,1.04,13.0,0.92592593,0.07407407,0.92592593,-0.00000000,Marathonbet,,,2026-09-11T08:15:48+00:00
TT|1557399|H|1.5,1557399,Premier League,39,2026-09-11T13:29:19Z,2026-09-12T14:00:00Z,1470.7,Chelsea,Hull City,H,Chelsea,1.5,16,Total - Home,1.25,3.75,0.75000000,0.25000000,0.75000000,0.00000000,Marathonbet,1.27,3.58,2026-09-11T08:15:48+00:00
TT|1557399|H|2.5,1557399,Premier League,39,2026-09-11T13:29:19Z,2026-09-12T14:00:00Z,1470.7,Chelsea,Hull City,H,Chelsea,2.5,16,Total - Home,1.8,1.91,0.51482480,0.48517520,0.51482480,-0.00000000,Marathonbet,1.85,1.97,2026-09-11T08:15:48+00:00
TT|1557399|H|3.5,1557399,Premier League,39,2026-09-11T13:29:19Z,2026-09-12T14:00:00Z,1470.7,Chelsea,Hull City,H,Chelsea,3.5,16,Total - Home,3.25,1.33,0.29039301,0.70960699,0.29039301,0.00000000,Marathonbet,3.02,1.36,2026-09-11T08:15:48+00:00
TT|1557399|H|4.5,1557399,Premier League,39,2026-09-11T13:29:19Z,2026-09-12T14:00:00Z,1470.7,Chelsea,Hull City,H,Chelsea,4.5,16,Total - Home,6.0,1.12,0.15730337,0.84269663,0.15730337,0.00000000,Marathonbet,,,2026-09-11T08:15:48+00:00
TT|1557399|H|5.5,1557399,Premier League,39,2026-09-11T13:29:19Z,2026-09-12T14:00:00Z,1470.7,Chelsea,Hull City,H,Chelsea,5.5,16,Total - Home,13.0,1.04,0.07407407,0.92592593,0.07407407,0.00000000,Marathonbet,,,2026-09-11T08:15:48+00:00
TT|1557399|H|6.5,1557399,Premier League,39,2026-09-11T13:29:19Z,2026-09-12T14:00:00Z,1470.7,Chelsea,Hull City,H,Chelsea,6.5,16,Total - Home,26.0,1.01,0.03739356,0.96260644,0.03739356,-0.00000000,Marathonbet,,,2026-09-11T08:15:48+00:00
TT|1557399|A|0.5,1557399,Premier League,39,2026-09-11T13:29:19Z,2026-09-12T14:00:00Z,1470.7,Chelsea,Hull City,A,Hull City,0.5,17,Total - Away,1.8,1.91,0.51482480,0.48517520,0.51482480,-0.00000000,Marathonbet,1.77,1.94,2026-09-11T08:15:48+00:00
TT|1557399|A|1.5,1557399,Premier League,39,2026-09-11T13:29:19Z,2026-09-12T14:00:00Z,1470.7,Chelsea,Hull City,A,Hull City,1.5,17,Total - Away,5.0,1.17,0.18962723,0.81037277,0.18962723,-0.00000000,Marathonbet,5.35,1.15,2026-09-11T08:15:48+00:00
TT|1557399|A|2.5,1557399,Premier League,39,2026-09-11T13:29:19Z,2026-09-12T14:00:00Z,1470.7,Chelsea,Hull City,A,Hull City,2.5,17,Total - Away,19.0,1.02,0.05094905,0.94905095,0.05094905,0.00000000,Marathonbet,,,2026-09-11T08:15:48+00:00
TT|1557401|H|0.5,1557401,Premier League,39,2026-09-11T13:29:19Z,2026-09-12T14:00:00Z,1470.7,Crystal Palace,Ipswich,H,Crystal Palace,0.5,16,Total - Home,1.17,5.0,0.81037277,0.18962723,0.81037277,0.00000000,Marathonbet,,,2026-09-11T08:15:48+00:00
TT|1557401|H|1.5,1557401,Premier League,39,2026-09-11T13:29:19Z,2026-09-12T14:00:00Z,1470.7,Crystal Palace,Ipswich,H,Crystal Palace,1.5,16,Total - Home,1.8,1.91,0.51482480,0.48517520,0.51482480,-0.00000000,Marathonbet,1.84,1.98,2026-09-11T08:15:48+00:00
TT|1557401|H|2.5,1557401,Premier League,39,2026-09-11T13:29:19Z,2026-09-12T14:00:00Z,1470.7,Crystal Palace,Ipswich,H,Crystal Palace,2.5,16,Total - Home,3.5,1.28,0.26778243,0.73221757,0.26778243,-0.00000000,Marathonbet,3.5,1.28,2026-09-11T08:15:48+00:00
TT|1557401|H|3.5,1557401,Premier League,39,2026-09-11T13:29:19Z,2026-09-12T14:00:00Z,1470.7,Crystal Palace,Ipswich,H,Crystal Palace,3.5,16,Total - Home,9.0,1.07,0.10625621,0.89374379,0.10625621,-0.00000000,Marathonbet,7.5,1.05,2026-09-11T08:15:48+00:00
TT|1557401|H|4.5,1557401,Premier League,39,2026-09-11T13:29:19Z,2026-09-12T14:00:00Z,1470.7,Crystal Palace,Ipswich,H,Crystal Palace,4.5,16,Total - Home,21.0,1.01,0.04588823,0.95411177,0.04588823,0.00000000,Marathonbet,,,2026-09-11T08:15:48+00:00
TT|1557401|A|0.5,1557401,Premier League,39,2026-09-11T13:29:19Z,2026-09-12T14:00:00Z,1470.7,Crystal Palace,Ipswich,A,Ipswich,0.5,17,Total - Away,1.4,2.75,0.66265060,0.33734940,0.66265060,0.00000000,Marathonbet,1.42,2.65,2026-09-11T08:15:48+00:00
TT|1557401|A|1.5,1557401,Premier League,39,2026-09-11T13:29:19Z,2026-09-12T14:00:00Z,1470.7,Crystal Palace,Ipswich,A,Ipswich,1.5,17,Total - Away,3.0,1.36,0.31192661,0.68807339,0.31192661,-0.00000000,Marathonbet,3.12,1.36,2026-09-11T08:15:48+00:00
TT|1557401|A|2.5,1557401,Premier League,39,2026-09-11T13:29:19Z,2026-09-12T14:00:00Z,1470.7,Crystal Palace,Ipswich,A,Ipswich,2.5,17,Total - Away,8.0,1.08,0.11894273,0.88105727,0.11894273,0.00000000,Marathonbet,8.0,1.06,2026-09-11T08:15:48+00:00
TT|1557401|A|3.5,1557401,Premier League,39,2026-09-11T13:29:19Z,2026-09-12T14:00:00Z,1470.7,Crystal Palace,Ipswich,A,Ipswich,3.5,17,Total - Away,23.0,1.01,0.04206581,0.95793419,0.04206581,-0.00000000,Marathonbet,,,2026-09-11T08:15:48+00:00
TT|1557397|H|0.5,1557397,Premier League,39,2026-09-11T13:29:19Z,2026-09-12T14:00:00Z,1470.7,Aston Villa,Nottingham Forest,H,Aston Villa,0.5,16,Total - Home,1.25,3.75,0.75000000,0.25000000,0.75000000,0.00000000,Marathonbet,1.22,3.8,2026-09-11T08:15:48+00:00
TT|1557397|H|1.5,1557397,Premier League,39,2026-09-11T13:29:19Z,2026-09-12T14:00:00Z,1470.7,Aston Villa,Nottingham Forest,H,Aston Villa,1.5,16,Total - Home,2.2,1.62,0.42408377,0.57591623,0.42408377,-0.00000000,Marathonbet,2.26,1.65,2026-09-11T08:15:48+00:00
TT|1557397|H|2.5,1557397,Premier League,39,2026-09-11T13:29:19Z,2026-09-12T14:00:00Z,1470.7,Aston Villa,Nottingham Forest,H,Aston Villa,2.5,16,Total - Home,5.0,1.17,0.18962723,0.81037277,0.18962723,-0.00000000,Marathonbet,5.15,1.15,2026-09-11T08:15:48+00:00
TT|1557397|H|3.5,1557397,Premier League,39,2026-09-11T13:29:19Z,2026-09-12T14:00:00Z,1470.7,Aston Villa,Nottingham Forest,H,Aston Villa,3.5,16,Total - Home,13.0,1.04,0.07407407,0.92592593,0.07407407,0.00000000,Marathonbet,,,2026-09-11T08:15:48+00:00
TT|1557397|H|4.5,1557397,Premier League,39,2026-09-11T13:29:19Z,2026-09-12T14:00:00Z,1470.7,Aston Villa,Nottingham Forest,H,Aston Villa,4.5,16,Total - Home,29.0,1.01,0.03365545,0.96634455,0.03365545,-0.00000000,Marathonbet,,,2026-09-11T08:15:48+00:00
TT|1557397|A|0.5,1557397,Premier League,39,2026-09-11T13:29:19Z,2026-09-12T14:00:00Z,1470.7,Aston Villa,Nottingham Forest,A,Nottingham Forest,0.5,17,Total - Away,1.36,3.0,0.68807339,0.31192661,0.68807339,0.00000000,Marathonbet,1.34,2.98,2026-09-11T08:15:48+00:00
TT|1557397|A|1.5,1557397,Premier League,39,2026-09-11T13:29:19Z,2026-09-12T14:00:00Z,1470.7,Aston Villa,Nottingham Forest,A,Nottingham Forest,1.5,17,Total - Away,2.75,1.4,0.33734940,0.66265060,0.33734940,-0.00000000,Marathonbet,2.81,1.43,2026-09-11T08:15:48+00:00
TT|1557397|A|2.5,1557397,Premier League,39,2026-09-11T13:29:19Z,2026-09-12T14:00:00Z,1470.7,Aston Villa,Nottingham Forest,A,Nottingham Forest,2.5,17,Total - Away,7.0,1.1,0.13580247,0.86419753,0.13580247,-0.00000000,Marathonbet,7.4,1.07,2026-09-11T08:15:48+00:00
TT|1557397|A|3.5,1557397,Premier League,39,2026-09-11T13:29:19Z,2026-09-12T14:00:00Z,1470.7,Aston Villa,Nottingham Forest,A,Nottingham Forest,3.5,17,Total - Away,21.0,1.01,0.04588823,0.95411177,0.04588823,0.00000000,Marathonbet,,,2026-09-11T08:15:48+00:00
TT|1557406|H|0.5,1557406,Premier League,39,2026-09-11T13:29:19Z,2026-09-12T16:30:00Z,1620.7,Tottenham,Everton,H,Tottenham,0.5,16,Total - Home,1.2,4.33,0.78300181,0.21699819,0.78300181,-0.00000000,Marathonbet,,,2026-09-11T08:15:48+00:00
TT|1557406|H|1.5,1557406,Premier League,39,2026-09-11T13:29:19Z,2026-09-12T16:30:00Z,1620.7,Tottenham,Everton,H,Tottenham,1.5,16,Total - Home,1.91,1.8,0.48517520,0.51482480,0.48517520,0.00000000,Marathonbet,2.06,1.77,2026-09-11T08:15:48+00:00
TT|1557406|H|2.5,1557406,Premier League,39,2026-09-11T13:29:19Z,2026-09-12T16:30:00Z,1620.7,Tottenham,Everton,H,Tottenham,2.5,16,Total - Home,4.0,1.22,0.23371648,0.76628352,0.23371648,-0.00000000,Marathonbet,4.45,1.19,2026-09-11T08:15:48+00:00
TT|1557406|H|3.5,1557406,Premier League,39,2026-09-11T13:29:19Z,2026-09-12T16:30:00Z,1620.7,Tottenham,Everton,H,Tottenham,3.5,16,Total - Home,11.0,1.05,0.08713693,0.91286307,0.08713693,-0.00000000,Marathonbet,10.75,1.01,2026-09-11T08:15:48+00:00
TT|1557406|H|4.5,1557406,Premier League,39,2026-09-11T13:29:19Z,2026-09-12T16:30:00Z,1620.7,Tottenham,Everton,H,Tottenham,4.5,16,Total - Home,26.0,1.01,0.03739356,0.96260644,0.03739356,-0.00000000,Marathonbet,,,2026-09-11T08:15:48+00:00
TT|1557406|A|0.5,1557406,Premier League,39,2026-09-11T13:29:19Z,2026-09-12T16:30:00Z,1620.7,Tottenham,Everton,A,Everton,0.5,17,Total - Away,1.4,2.75,0.66265060,0.33734940,0.66265060,0.00000000,Marathonbet,1.38,2.8,2026-09-11T08:15:48+00:00
TT|1557406|A|1.5,1557406,Premier League,39,2026-09-11T13:29:19Z,2026-09-12T16:30:00Z,1620.7,Tottenham,Everton,A,Everton,1.5,17,Total - Away,3.0,1.36,0.31192661,0.68807339,0.31192661,-0.00000000,Marathonbet,3.02,1.38,2026-09-11T08:15:48+00:00
TT|1557406|A|2.5,1557406,Premier League,39,2026-09-11T13:29:19Z,2026-09-12T16:30:00Z,1620.7,Tottenham,Everton,A,Everton,2.5,17,Total - Away,9.0,1.07,0.10625621,0.89374379,0.10625621,-0.00000000,Marathonbet,8.3,1.05,2026-09-11T08:15:48+00:00
TT|1557406|A|3.5,1557406,Premier League,39,2026-09-11T13:29:19Z,2026-09-12T16:30:00Z,1620.7,Tottenham,Everton,A,Everton,3.5,17,Total - Away,23.0,1.01,0.04206581,0.95793419,0.04206581,-0.00000000,Marathonbet,,,2026-09-11T08:15:48+00:00
TT|1557405|H|0.5,1557405,Premier League,39,2026-09-11T13:29:19Z,2026-09-12T19:00:00Z,1770.7,Sunderland,Arsenal,H,Sunderland,0.5,16,Total - Home,1.83,1.83,0.50000000,0.50000000,0.50000000,0.00000000,Marathonbet,1.87,1.83,2026-09-11T08:15:48+00:00
TT|1557405|H|1.5,1557405,Premier League,39,2026-09-11T13:29:19Z,2026-09-12T19:00:00Z,1770.7,Sunderland,Arsenal,H,Sunderland,1.5,16,Total - Home,6.0,1.12,0.15730337,0.84269663,0.15730337,0.00000000,Marathonbet,6.15,1.12,2026-09-11T08:15:48+00:00
TT|1557405|H|2.5,1557405,Premier League,39,2026-09-11T13:29:19Z,2026-09-12T19:00:00Z,1770.7,Sunderland,Arsenal,H,Sunderland,2.5,16,Total - Home,21.0,1.01,0.04588823,0.95411177,0.04588823,0.00000000,Marathonbet,,,2026-09-11T08:15:48+00:00
TT|1557405|A|0.5,1557405,Premier League,39,2026-09-11T13:29:19Z,2026-09-12T19:00:00Z,1770.7,Sunderland,Arsenal,A,Arsenal,0.5,17,Total - Away,1.14,5.5,0.82831325,0.17168675,0.82831325,0.00000000,Marathonbet,,,2026-09-11T08:15:48+00:00
TT|1557405|A|1.5,1557405,Premier League,39,2026-09-11T13:29:19Z,2026-09-12T19:00:00Z,1770.7,Sunderland,Arsenal,A,Arsenal,1.5,17,Total - Away,1.67,2.1,0.55702918,0.44297082,0.55702918,-0.00000000,Marathonbet,1.75,2.09,2026-09-11T08:15:48+00:00
TT|1557405|A|2.5,1557405,Premier League,39,2026-09-11T13:29:19Z,2026-09-12T19:00:00Z,1770.7,Sunderland,Arsenal,A,Arsenal,2.5,17,Total - Away,3.25,1.33,0.29039301,0.70960699,0.29039301,0.00000000,Marathonbet,3.3,1.31,2026-09-11T08:15:48+00:00
TT|1557405|A|3.5,1557405,Premier League,39,2026-09-11T13:29:19Z,2026-09-12T19:00:00Z,1770.7,Sunderland,Arsenal,A,Arsenal,3.5,17,Total - Away,7.0,1.1,0.13580247,0.86419753,0.13580247,-0.00000000,Marathonbet,7.2,1.06,2026-09-11T08:15:48+00:00
TT|1557405|A|4.5,1557405,Premier League,39,2026-09-11T13:29:19Z,2026-09-12T19:00:00Z,1770.7,Sunderland,Arsenal,A,Arsenal,4.5,17,Total - Away,17.0,1.02,0.05660377,0.94339623,0.05660377,0.00000000,Marathonbet,,,2026-09-11T08:15:48+00:00
TT|1557400|H|0.5,1557400,Premier League,39,2026-09-11T13:29:19Z,2026-09-13T13:00:00Z,2850.7,Coventry,Brighton,H,Coventry,0.5,16,Total - Home,1.4,2.75,0.66265060,0.33734940,0.66265060,0.00000000,Marathonbet,1.39,2.76,2026-09-11T00:30:24+00:00
TT|1557400|H|1.5,1557400,Premier League,39,2026-09-11T13:29:19Z,2026-09-13T13:00:00Z,2850.7,Coventry,Brighton,H,Coventry,1.5,16,Total - Home,3.0,1.36,0.31192661,0.68807339,0.31192661,-0.00000000,Marathonbet,3.08,1.37,2026-09-11T00:30:24+00:00
TT|1557400|H|2.5,1557400,Premier League,39,2026-09-11T13:29:19Z,2026-09-13T13:00:00Z,2850.7,Coventry,Brighton,H,Coventry,2.5,16,Total - Home,8.0,1.08,0.11894273,0.88105727,0.11894273,0.00000000,Marathonbet,8.4,1.05,2026-09-11T00:30:24+00:00
TT|1557400|H|3.5,1557400,Premier League,39,2026-09-11T13:29:19Z,2026-09-13T13:00:00Z,2850.7,Coventry,Brighton,H,Coventry,3.5,16,Total - Home,23.0,1.01,0.04206581,0.95793419,0.04206581,-0.00000000,Marathonbet,,,2026-09-11T00:30:24+00:00
TT|1557400|A|0.5,1557400,Premier League,39,2026-09-11T13:29:19Z,2026-09-13T13:00:00Z,2850.7,Coventry,Brighton,A,Brighton,0.5,17,Total - Away,1.17,5.0,0.81037277,0.18962723,0.81037277,0.00000000,Marathonbet,,,2026-09-11T00:30:24+00:00
TT|1557400|A|1.5,1557400,Premier League,39,2026-09-11T13:29:19Z,2026-09-13T13:00:00Z,2850.7,Coventry,Brighton,A,Brighton,1.5,17,Total - Away,1.8,1.91,0.51482480,0.48517520,0.51482480,-0.00000000,Marathonbet,1.83,1.99,2026-09-11T00:30:24+00:00
TT|1557400|A|2.5,1557400,Premier League,39,2026-09-11T13:29:19Z,2026-09-13T13:00:00Z,2850.7,Coventry,Brighton,A,Brighton,2.5,17,Total - Away,3.5,1.28,0.26778243,0.73221757,0.26778243,-0.00000000,Marathonbet,3.58,1.27,2026-09-11T00:30:24+00:00
TT|1557400|A|3.5,1557400,Premier League,39,2026-09-11T13:29:19Z,2026-09-13T13:00:00Z,2850.7,Coventry,Brighton,A,Brighton,3.5,17,Total - Away,9.0,1.07,0.10625621,0.89374379,0.10625621,-0.00000000,Marathonbet,8.1,1.04,2026-09-11T00:30:24+00:00
TT|1557400|A|4.5,1557400,Premier League,39,2026-09-11T13:29:19Z,2026-09-13T13:00:00Z,2850.7,Coventry,Brighton,A,Brighton,4.5,17,Total - Away,21.0,1.01,0.04588823,0.95411177,0.04588823,0.00000000,Marathonbet,,,2026-09-11T00:30:24+00:00
TT|1557404|H|0.5,1557404,Premier League,39,2026-09-11T13:29:19Z,2026-09-13T15:30:00Z,3000.7,Manchester United,Manchester City,H,Manchester United,0.5,16,Total - Home,1.25,3.75,0.75000000,0.25000000,0.75000000,0.00000000,Marathonbet,,,2026-09-11T12:30:44+00:00
TT|1557404|H|1.5,1557404,Premier League,39,2026-09-11T13:29:19Z,2026-09-13T15:30:00Z,3000.7,Manchester United,Manchester City,H,Manchester United,1.5,16,Total - Home,2.2,1.62,0.42408377,0.57591623,0.42408377,-0.00000000,Marathonbet,2.2,1.68,2026-09-11T12:30:44+00:00
TT|1557404|H|2.5,1557404,Premier League,39,2026-09-11T13:29:19Z,2026-09-13T15:30:00Z,3000.7,Manchester United,Manchester City,H,Manchester United,2.5,16,Total - Home,5.0,1.17,0.18962723,0.81037277,0.18962723,-0.00000000,Marathonbet,4.8,1.16,2026-09-11T12:30:44+00:00
TT|1557404|H|3.5,1557404,Premier League,39,2026-09-11T13:29:19Z,2026-09-13T15:30:00Z,3000.7,Manchester United,Manchester City,H,Manchester United,3.5,16,Total - Home,13.0,1.04,0.07407407,0.92592593,0.07407407,0.00000000,Marathonbet,10.75,1.01,2026-09-11T12:30:44+00:00
TT|1557404|A|0.5,1557404,Premier League,39,2026-09-11T13:29:19Z,2026-09-13T15:30:00Z,3000.7,Manchester United,Manchester City,A,Manchester City,0.5,17,Total - Away,1.14,5.5,0.82831325,0.17168675,0.82831325,0.00000000,Marathonbet,,,2026-09-11T12:30:44+00:00
TT|1557404|A|1.5,1557404,Premier League,39,2026-09-11T13:29:19Z,2026-09-13T15:30:00Z,3000.7,Manchester United,Manchester City,A,Manchester City,1.5,17,Total - Away,1.73,2.0,0.53619303,0.46380697,0.53619303,-0.00000000,Marathonbet,1.78,2.05,2026-09-11T12:30:44+00:00
TT|1557404|A|2.5,1557404,Premier League,39,2026-09-11T13:29:19Z,2026-09-13T15:30:00Z,3000.7,Manchester United,Manchester City,A,Manchester City,2.5,17,Total - Away,3.4,1.3,0.27659574,0.72340426,0.27659574,0.00000000,Marathonbet,3.3,1.31,2026-09-11T12:30:44+00:00
TT|1557404|A|3.5,1557404,Premier League,39,2026-09-11T13:29:19Z,2026-09-13T15:30:00Z,3000.7,Manchester United,Manchester City,A,Manchester City,3.5,17,Total - Away,8.0,1.08,0.11894273,0.88105727,0.11894273,0.00000000,Marathonbet,7.0,1.06,2026-09-11T12:30:44+00:00
TT|1557404|A|4.5,1557404,Premier League,39,2026-09-11T13:29:19Z,2026-09-13T15:30:00Z,3000.7,Manchester United,Manchester City,A,Manchester City,4.5,17,Total - Away,19.0,1.02,0.05094905,0.94905095,0.05094905,0.00000000,Marathonbet,,,2026-09-11T12:30:44+00:00
TT|1570381|H|0.5,1570381,La Liga,140,2026-09-11T13:29:19Z,2026-09-11T19:00:00Z,330.7,Sevilla,Valencia,H,Sevilla,0.5,16,Total - Home,1.25,3.75,0.75000000,0.25000000,0.75000000,0.00000000,Marathonbet,1.27,3.4,2026-09-11T12:00:44+00:00
TT|1570381|H|1.5,1570381,La Liga,140,2026-09-11T13:29:19Z,2026-09-11T19:00:00Z,330.7,Sevilla,Valencia,H,Sevilla,1.5,16,Total - Home,2.2,1.62,0.42408377,0.57591623,0.42408377,-0.00000000,Marathonbet,2.26,1.65,2026-09-11T12:00:44+00:00
TT|1570381|H|2.5,1570381,La Liga,140,2026-09-11T13:29:19Z,2026-09-11T19:00:00Z,330.7,Sevilla,Valencia,H,Sevilla,2.5,16,Total - Home,5.0,1.17,0.18962723,0.81037277,0.18962723,-0.00000000,Marathonbet,4.95,1.16,2026-09-11T12:00:44+00:00
TT|1570381|H|3.5,1570381,La Liga,140,2026-09-11T13:29:19Z,2026-09-11T19:00:00Z,330.7,Sevilla,Valencia,H,Sevilla,3.5,16,Total - Home,13.0,1.04,0.07407407,0.92592593,0.07407407,0.00000000,Marathonbet,11.0,1.01,2026-09-11T12:00:44+00:00
TT|1570381|A|0.5,1570381,La Liga,140,2026-09-11T13:29:19Z,2026-09-11T19:00:00Z,330.7,Sevilla,Valencia,A,Valencia,0.5,17,Total - Away,1.57,2.25,0.58900524,0.41099476,0.58900524,-0.00000000,Marathonbet,1.57,2.25,2026-09-11T12:00:44+00:00
TT|1570381|A|1.5,1570381,La Liga,140,2026-09-11T13:29:19Z,2026-09-11T19:00:00Z,330.7,Sevilla,Valencia,A,Valencia,1.5,17,Total - Away,4.0,1.22,0.23371648,0.76628352,0.23371648,-0.00000000,Marathonbet,3.92,1.25,2026-09-11T12:00:44+00:00
TT|1570381|A|2.5,1570381,La Liga,140,2026-09-11T13:29:19Z,2026-09-11T19:00:00Z,330.7,Sevilla,Valencia,A,Valencia,2.5,17,Total - Away,13.0,1.04,0.07407407,0.92592593,0.07407407,0.00000000,Marathonbet,11.0,1.02,2026-09-11T12:00:44+00:00
TT|1570378|H|0.5,1570378,La Liga,140,2026-09-11T13:29:19Z,2026-09-12T12:00:00Z,1350.7,Racing Santander,Alaves,H,Racing Santander,0.5,16,Total - Home,1.22,4.0,0.76628352,0.23371648,0.76628352,0.00000000,Marathonbet,1.22,3.82,2026-09-11T09:48:15+00:00
TT|1570378|H|1.5,1570378,La Liga,140,2026-09-11T13:29:19Z,2026-09-12T12:00:00Z,1350.7,Racing Santander,Alaves,H,Racing Santander,1.5,16,Total - Home,2.0,1.73,0.46380697,0.53619303,0.46380697,0.00000000,Marathonbet,2.13,1.73,2026-09-11T09:48:15+00:00
TT|1570378|H|2.5,1570378,La Liga,140,2026-09-11T13:29:19Z,2026-09-12T12:00:00Z,1350.7,Racing Santander,Alaves,H,Racing Santander,2.5,16,Total - Home,4.33,1.2,0.21699819,0.78300181,0.21699819,0.00000000,Marathonbet,4.7,1.17,2026-09-11T09:48:15+00:00
TT|1570378|H|3.5,1570378,La Liga,140,2026-09-11T13:29:19Z,2026-09-12T12:00:00Z,1350.7,Racing Santander,Alaves,H,Racing Santander,3.5,16,Total - Home,11.0,1.05,0.08713693,0.91286307,0.08713693,-0.00000000,Marathonbet,,,2026-09-11T09:48:15+00:00
TT|1570378|H|4.5,1570378,La Liga,140,2026-09-11T13:29:19Z,2026-09-12T12:00:00Z,1350.7,Racing Santander,Alaves,H,Racing Santander,4.5,16,Total - Home,29.0,1.01,0.03365545,0.96634455,0.03365545,-0.00000000,Marathonbet,,,2026-09-11T09:48:15+00:00
TT|1570378|A|0.5,1570378,La Liga,140,2026-09-11T13:29:19Z,2026-09-12T12:00:00Z,1350.7,Racing Santander,Alaves,A,Alaves,0.5,17,Total - Away,1.25,3.75,0.75000000,0.25000000,0.75000000,0.00000000,Marathonbet,1.25,3.55,2026-09-11T09:48:15+00:00
TT|1570378|A|1.5,1570378,La Liga,140,2026-09-11T13:29:19Z,2026-09-12T12:00:00Z,1350.7,Racing Santander,Alaves,A,Alaves,1.5,17,Total - Away,2.25,1.57,0.41099476,0.58900524,0.41099476,0.00000000,Marathonbet,2.36,1.6,2026-09-11T09:48:15+00:00
TT|1570378|A|2.5,1570378,La Liga,140,2026-09-11T13:29:19Z,2026-09-12T12:00:00Z,1350.7,Racing Santander,Alaves,A,Alaves,2.5,17,Total - Away,5.5,1.14,0.17168675,0.82831325,0.17168675,-0.00000000,Marathonbet,5.55,1.13,2026-09-11T09:48:15+00:00
TT|1570378|A|3.5,1570378,La Liga,140,2026-09-11T13:29:19Z,2026-09-12T12:00:00Z,1350.7,Racing Santander,Alaves,A,Alaves,3.5,17,Total - Away,15.0,1.03,0.06425452,0.93574548,0.06425452,0.00000000,Marathonbet,,,2026-09-11T09:48:15+00:00
TT|1570377|H|0.5,1570377,La Liga,140,2026-09-11T13:29:19Z,2026-09-12T14:15:00Z,1485.7,Osasuna,Espanyol,H,Osasuna,0.5,16,Total - Home,1.25,3.75,0.75000000,0.25000000,0.75000000,0.00000000,Marathonbet,1.24,3.64,2026-09-11T09:48:15+00:00
TT|1570377|H|1.5,1570377,La Liga,140,2026-09-11T13:29:19Z,2026-09-12T14:15:00Z,1485.7,Osasuna,Espanyol,H,Osasuna,1.5,16,Total - Home,2.25,1.57,0.41099476,0.58900524,0.41099476,0.00000000,Marathonbet,2.33,1.61,2026-09-11T09:48:15+00:00
TT|1570377|H|2.5,1570377,La Liga,140,2026-09-11T13:29:19Z,2026-09-12T14:15:00Z,1485.7,Osasuna,Espanyol,H,Osasuna,2.5,16,Total - Home,5.5,1.14,0.17168675,0.82831325,0.17168675,-0.00000000,Marathonbet,5.35,1.14,2026-09-11T09:48:15+00:00
TT|1570377|H|3.5,1570377,La Liga,140,2026-09-11T13:29:19Z,2026-09-12T14:15:00Z,1485.7,Osasuna,Espanyol,H,Osasuna,3.5,16,Total - Home,15.0,1.03,0.06425452,0.93574548,0.06425452,0.00000000,Marathonbet,,,2026-09-11T09:48:15+00:00
TT|1570377|A|0.5,1570377,La Liga,140,2026-09-11T13:29:19Z,2026-09-12T14:15:00Z,1485.7,Osasuna,Espanyol,A,Espanyol,0.5,17,Total - Away,1.5,2.5,0.62500000,0.37500000,0.62500000,0.00000000,Marathonbet,1.48,2.46,2026-09-11T09:48:15+00:00
TT|1570377|A|1.5,1570377,La Liga,140,2026-09-11T13:29:19Z,2026-09-12T14:15:00Z,1485.7,Osasuna,Espanyol,A,Espanyol,1.5,17,Total - Away,3.5,1.28,0.26778243,0.73221757,0.26778243,-0.00000000,Marathonbet,3.5,1.3,2026-09-11T09:48:15+00:00
TT|1570377|A|2.5,1570377,La Liga,140,2026-09-11T13:29:19Z,2026-09-12T14:15:00Z,1485.7,Osasuna,Espanyol,A,Espanyol,2.5,17,Total - Away,10.0,1.06,0.09584087,0.90415913,0.09584087,-0.00000000,Marathonbet,10.5,1.02,2026-09-11T09:48:15+00:00
TT|1570377|A|3.5,1570377,La Liga,140,2026-09-11T13:29:19Z,2026-09-12T14:15:00Z,1485.7,Osasuna,Espanyol,A,Espanyol,3.5,17,Total - Away,29.0,1.01,0.03365545,0.96634455,0.03365545,-0.00000000,Marathonbet,,,2026-09-11T09:48:15+00:00
TT|1570373|H|0.5,1570373,La Liga,140,2026-09-11T13:29:19Z,2026-09-12T16:30:00Z,1620.7,Athletic Club,Elche,H,Athletic Club,0.5,16,Total - Home,1.08,8.0,0.88105727,0.11894273,0.88105727,-0.00000000,Marathonbet,,,2026-09-11T09:48:15+00:00
TT|1570373|H|1.5,1570373,La Liga,140,2026-09-11T13:29:19Z,2026-09-12T16:30:00Z,1620.7,Athletic Club,Elche,H,Athletic Club,1.5,16,Total - Home,1.5,2.5,0.62500000,0.37500000,0.62500000,0.00000000,Marathonbet,1.51,2.54,2026-09-11T09:48:15+00:00
TT|1570373|H|2.5,1570373,La Liga,140,2026-09-11T13:29:19Z,2026-09-12T16:30:00Z,1620.7,Athletic Club,Elche,H,Athletic Club,2.5,16,Total - Home,2.5,1.5,0.37500000,0.62500000,0.37500000,0.00000000,Marathonbet,2.54,1.51,2026-09-11T09:48:15+00:00
TT|1570373|H|3.5,1570373,La Liga,140,2026-09-11T13:29:19Z,2026-09-12T16:30:00Z,1620.7,Athletic Club,Elche,H,Athletic Club,3.5,16,Total - Home,5.0,1.17,0.18962723,0.81037277,0.18962723,-0.00000000,Marathonbet,5.05,1.14,2026-09-11T09:48:15+00:00
TT|1570373|H|4.5,1570373,La Liga,140,2026-09-11T13:29:19Z,2026-09-12T16:30:00Z,1620.7,Athletic Club,Elche,H,Athletic Club,4.5,16,Total - Home,11.0,1.05,0.08713693,0.91286307,0.08713693,-0.00000000,Marathonbet,,,2026-09-11T09:48:15+00:00
TT|1570373|H|5.5,1570373,La Liga,140,2026-09-11T13:29:19Z,2026-09-12T16:30:00Z,1620.7,Athletic Club,Elche,H,Athletic Club,5.5,16,Total - Home,26.0,1.01,0.03739356,0.96260644,0.03739356,-0.00000000,Marathonbet,,,2026-09-11T09:48:15+00:00
TT|1570373|A|0.5,1570373,La Liga,140,2026-09-11T13:29:19Z,2026-09-12T16:30:00Z,1620.7,Athletic Club,Elche,A,Elche,0.5,17,Total - Away,1.73,2.0,0.53619303,0.46380697,0.53619303,-0.00000000,Marathonbet,1.69,2.04,2026-09-11T09:48:15+00:00
TT|1570373|A|1.5,1570373,La Liga,140,2026-09-11T13:29:19Z,2026-09-12T16:30:00Z,1620.7,Athletic Club,Elche,A,Elche,1.5,17,Total - Away,4.5,1.18,0.20774648,0.79225352,0.20774648,-0.00000000,Marathonbet,4.75,1.18,2026-09-11T09:48:15+00:00
TT|1570373|A|2.5,1570373,La Liga,140,2026-09-11T13:29:19Z,2026-09-12T16:30:00Z,1620.7,Athletic Club,Elche,A,Elche,2.5,17,Total - Away,17.0,1.02,0.05660377,0.94339623,0.05660377,0.00000000,Marathonbet,,,2026-09-11T09:48:15+00:00
TT|1570379|H|0.5,1570379,La Liga,140,2026-09-11T13:29:19Z,2026-09-12T19:00:00Z,1770.7,Real Madrid,Rayo Vallecano,H,Real Madrid,0.5,16,Total - Home,1.02,19.0,0.94905095,0.05094905,0.94905095,-0.00000000,Marathonbet,,,2026-09-11T09:48:15+00:00
TT|1570379|H|1.5,1570379,La Liga,140,2026-09-11T13:29:19Z,2026-09-12T19:00:00Z,1770.7,Real Madrid,Rayo Vallecano,H,Real Madrid,1.5,16,Total - Home,1.14,5.5,0.82831325,0.17168675,0.82831325,0.00000000,Marathonbet,1.13,5.3,2026-09-11T09:48:15+00:00
TT|1570379|H|2.5,1570379,La Liga,140,2026-09-11T13:29:19Z,2026-09-12T19:00:00Z,1770.7,Real Madrid,Rayo Vallecano,H,Real Madrid,2.5,16,Total - Home,1.44,2.62,0.64532020,0.35467980,0.64532020,-0.00000000,Marathonbet,1.5,2.57,2026-09-11T09:48:15+00:00
TT|1570379|H|3.5,1570379,La Liga,140,2026-09-11T13:29:19Z,2026-09-12T19:00:00Z,1770.7,Real Madrid,Rayo Vallecano,H,Real Madrid,3.5,16,Total - Home,2.2,1.62,0.42408377,0.57591623,0.42408377,-0.00000000,Marathonbet,2.23,1.65,2026-09-11T09:48:15+00:00
TT|1570379|H|4.5,1570379,La Liga,140,2026-09-11T13:29:19Z,2026-09-12T19:00:00Z,1770.7,Real Madrid,Rayo Vallecano,H,Real Madrid,4.5,16,Total - Home,3.75,1.25,0.25000000,0.75000000,0.25000000,0.00000000,Marathonbet,3.88,1.22,2026-09-11T09:48:15+00:00
TT|1570379|H|5.5,1570379,La Liga,140,2026-09-11T13:29:19Z,2026-09-12T19:00:00Z,1770.7,Real Madrid,Rayo Vallecano,H,Real Madrid,5.5,16,Total - Home,7.0,1.1,0.13580247,0.86419753,0.13580247,-0.00000000,Marathonbet,,,2026-09-11T09:48:15+00:00
TT|1570379|H|6.5,1570379,La Liga,140,2026-09-11T13:29:19Z,2026-09-12T19:00:00Z,1770.7,Real Madrid,Rayo Vallecano,H,Real Madrid,6.5,16,Total - Home,15.0,1.03,0.06425452,0.93574548,0.06425452,0.00000000,Marathonbet,,,2026-09-11T09:48:15+00:00
TT|1570379|H|7.5,1570379,La Liga,140,2026-09-11T13:29:19Z,2026-09-12T19:00:00Z,1770.7,Real Madrid,Rayo Vallecano,H,Real Madrid,7.5,16,Total - Home,29.0,1.01,0.03365545,0.96634455,0.03365545,-0.00000000,Marathonbet,,,2026-09-11T09:48:15+00:00
TT|1570379|A|0.5,1570379,La Liga,140,2026-09-11T13:29:19Z,2026-09-12T19:00:00Z,1770.7,Real Madrid,Rayo Vallecano,A,Rayo Vallecano,0.5,17,Total - Away,1.83,1.83,0.50000000,0.50000000,0.50000000,0.00000000,Marathonbet,1.87,1.83,2026-09-11T09:48:15+00:00
TT|1570379|A|1.5,1570379,La Liga,140,2026-09-11T13:29:19Z,2026-09-12T19:00:00Z,1770.7,Real Madrid,Rayo Vallecano,A,Rayo Vallecano,1.5,17,Total - Away,6.0,1.12,0.15730337,0.84269663,0.15730337,0.00000000,Marathonbet,6.15,1.12,2026-09-11T09:48:15+00:00
TT|1570379|A|2.5,1570379,La Liga,140,2026-09-11T13:29:19Z,2026-09-12T19:00:00Z,1770.7,Real Madrid,Rayo Vallecano,A,Rayo Vallecano,2.5,17,Total - Away,21.0,1.01,0.04588823,0.95411177,0.04588823,0.00000000,Marathonbet,,,2026-09-11T09:48:15+00:00
TT|1570374|H|0.5,1570374,La Liga,140,2026-09-11T13:29:19Z,2026-09-13T12:00:00Z,2790.7,Celta Vigo,Malaga,H,Celta Vigo,0.5,16,Total - Home,1.18,4.5,0.79225352,0.20774648,0.79225352,0.00000000,Marathonbet,,,2026-09-11T12:30:44+00:00
TT|1570374|H|1.5,1570374,La Liga,140,2026-09-11T13:29:19Z,2026-09-13T12:00:00Z,2790.7,Celta Vigo,Malaga,H,Celta Vigo,1.5,16,Total - Home,1.83,1.83,0.50000000,0.50000000,0.50000000,0.00000000,Marathonbet,1.93,1.88,2026-09-11T12:30:44+00:00
TT|1570374|H|2.5,1570374,La Liga,140,2026-09-11T13:29:19Z,2026-09-13T12:00:00Z,2790.7,Celta Vigo,Malaga,H,Celta Vigo,2.5,16,Total - Home,3.75,1.25,0.25000000,0.75000000,0.25000000,0.00000000,Marathonbet,3.75,1.25,2026-09-11T12:30:44+00:00
TT|1570374|H|3.5,1570374,La Liga,140,2026-09-11T13:29:19Z,2026-09-13T12:00:00Z,2790.7,Celta Vigo,Malaga,H,Celta Vigo,3.5,16,Total - Home,10.0,1.06,0.09584087,0.90415913,0.09584087,-0.00000000,Marathonbet,8.1,1.04,2026-09-11T12:30:44+00:00
TT|1570374|H|4.5,1570374,La Liga,140,2026-09-11T13:29:19Z,2026-09-13T12:00:00Z,2790.7,Celta Vigo,Malaga,H,Celta Vigo,4.5,16,Total - Home,23.0,1.01,0.04206581,0.95793419,0.04206581,-0.00000000,Marathonbet,,,2026-09-11T12:30:44+00:00
TT|1570374|A|0.5,1570374,La Liga,140,2026-09-11T13:29:19Z,2026-09-13T12:00:00Z,2790.7,Celta Vigo,Malaga,A,Malaga,0.5,17,Total - Away,1.67,2.1,0.55702918,0.44297082,0.55702918,-0.00000000,Marathonbet,1.63,2.14,2026-09-11T12:30:44+00:00
TT|1570374|A|1.5,1570374,La Liga,140,2026-09-11T13:29:19Z,2026-09-13T12:00:00Z,2790.7,Celta Vigo,Malaga,A,Malaga,1.5,17,Total - Away,4.33,1.2,0.21699819,0.78300181,0.21699819,0.00000000,Marathonbet,4.25,1.22,2026-09-11T12:30:44+00:00
TT|1570374|A|2.5,1570374,La Liga,140,2026-09-11T13:29:19Z,2026-09-13T12:00:00Z,2790.7,Celta Vigo,Malaga,A,Malaga,2.5,17,Total - Away,15.0,1.03,0.06425452,0.93574548,0.06425452,0.00000000,Marathonbet,12.0,1.01,2026-09-11T12:30:44+00:00
TT|1570376|H|0.5,1570376,La Liga,140,2026-09-11T13:29:19Z,2026-09-13T14:15:00Z,2925.7,Levante,Barcelona,H,Levante,0.5,16,Total - Home,1.73,2.0,0.53619303,0.46380697,0.53619303,-0.00000000,Marathonbet,1.7,2.03,2026-09-11T09:48:15+00:00
TT|1570376|H|1.5,1570376,La Liga,140,2026-09-11T13:29:19Z,2026-09-13T14:15:00Z,2925.7,Levante,Barcelona,H,Levante,1.5,16,Total - Home,5.0,1.17,0.18962723,0.81037277,0.18962723,-0.00000000,Marathonbet,4.9,1.17,2026-09-11T09:48:15+00:00
TT|1570376|H|2.5,1570376,La Liga,140,2026-09-11T13:29:19Z,2026-09-13T14:15:00Z,2925.7,Levante,Barcelona,H,Levante,2.5,16,Total - Home,17.0,1.02,0.05660377,0.94339623,0.05660377,0.00000000,Marathonbet,,,2026-09-11T09:48:15+00:00
TT|1570376|A|0.5,1570376,La Liga,140,2026-09-11T13:29:19Z,2026-09-13T14:15:00Z,2925.7,Levante,Barcelona,A,Barcelona,0.5,17,Total - Away,1.02,19.0,0.94905095,0.05094905,0.94905095,-0.00000000,Marathonbet,,,2026-09-11T09:48:15+00:00
TT|1570376|A|1.5,1570376,La Liga,140,2026-09-11T13:29:19Z,2026-09-13T14:15:00Z,2925.7,Levante,Barcelona,A,Barcelona,1.5,17,Total - Away,1.14,5.5,0.82831325,0.17168675,0.82831325,0.00000000,Marathonbet,1.13,5.25,2026-09-11T09:48:15+00:00
TT|1570376|A|2.5,1570376,La Liga,140,2026-09-11T13:29:19Z,2026-09-13T14:15:00Z,2925.7,Levante,Barcelona,A,Barcelona,2.5,17,Total - Away,1.5,2.5,0.62500000,0.37500000,0.62500000,0.00000000,Marathonbet,1.54,2.46,2026-09-11T09:48:15+00:00
TT|1570376|A|3.5,1570376,La Liga,140,2026-09-11T13:29:19Z,2026-09-13T14:15:00Z,2925.7,Levante,Barcelona,A,Barcelona,3.5,17,Total - Away,2.25,1.57,0.41099476,0.58900524,0.41099476,0.00000000,Marathonbet,2.38,1.58,2026-09-11T09:48:15+00:00
TT|1570376|A|4.5,1570376,La Liga,140,2026-09-11T13:29:19Z,2026-09-13T14:15:00Z,2925.7,Levante,Barcelona,A,Barcelona,4.5,17,Total - Away,4.0,1.22,0.23371648,0.76628352,0.23371648,-0.00000000,Marathonbet,3.98,1.21,2026-09-11T09:48:15+00:00
TT|1570376|A|5.5,1570376,La Liga,140,2026-09-11T13:29:19Z,2026-09-13T14:15:00Z,2925.7,Levante,Barcelona,A,Barcelona,5.5,17,Total - Away,8.0,1.08,0.11894273,0.88105727,0.11894273,0.00000000,Marathonbet,,,2026-09-11T09:48:15+00:00
TT|1570376|A|6.5,1570376,La Liga,140,2026-09-11T13:29:19Z,2026-09-13T14:15:00Z,2925.7,Levante,Barcelona,A,Barcelona,6.5,17,Total - Away,17.0,1.02,0.05660377,0.94339623,0.05660377,0.00000000,Marathonbet,,,2026-09-11T09:48:15+00:00
TT|1570376|A|7.5,1570376,La Liga,140,2026-09-11T13:29:19Z,2026-09-13T14:15:00Z,2925.7,Levante,Barcelona,A,Barcelona,7.5,17,Total - Away,29.0,1.01,0.03365545,0.96634455,0.03365545,-0.00000000,Marathonbet,,,2026-09-11T09:48:15+00:00
TT|1570375|H|0.5,1570375,La Liga,140,2026-09-11T13:29:19Z,2026-09-13T16:30:00Z,3060.7,Getafe,Deportivo La Coruna,H,Getafe,0.5,16,Total - Home,1.44,2.62,0.64532020,0.35467980,0.64532020,-0.00000000,Marathonbet,1.43,2.62,2026-09-11T12:30:44+00:00
TT|1570375|H|1.5,1570375,La Liga,140,2026-09-11T13:29:19Z,2026-09-13T16:30:00Z,3060.7,Getafe,Deportivo La Coruna,H,Getafe,1.5,16,Total - Home,3.25,1.33,0.29039301,0.70960699,0.29039301,0.00000000,Marathonbet,3.3,1.33,2026-09-11T12:30:44+00:00
TT|1570375|H|2.5,1570375,La Liga,140,2026-09-11T13:29:19Z,2026-09-13T16:30:00Z,3060.7,Getafe,Deportivo La Coruna,H,Getafe,2.5,16,Total - Home,10.0,1.06,0.09584087,0.90415913,0.09584087,-0.00000000,Marathonbet,9.2,1.04,2026-09-11T12:30:44+00:00
TT|1570375|H|3.5,1570375,La Liga,140,2026-09-11T13:29:19Z,2026-09-13T16:30:00Z,3060.7,Getafe,Deportivo La Coruna,H,Getafe,3.5,16,Total - Home,26.0,1.01,0.03739356,0.96260644,0.03739356,-0.00000000,Marathonbet,,,2026-09-11T12:30:44+00:00
TT|1570375|A|0.5,1570375,La Liga,140,2026-09-11T13:29:19Z,2026-09-13T16:30:00Z,3060.7,Getafe,Deportivo La Coruna,A,Deportivo La Coruna,0.5,17,Total - Away,1.62,2.2,0.57591623,0.42408377,0.57591623,0.00000000,Marathonbet,1.62,2.16,2026-09-11T12:30:44+00:00
TT|1570375|A|1.5,1570375,La Liga,140,2026-09-11T13:29:19Z,2026-09-13T16:30:00Z,3060.7,Getafe,Deportivo La Coruna,A,Deportivo La Coruna,1.5,17,Total - Away,4.33,1.2,0.21699819,0.78300181,0.21699819,0.00000000,Marathonbet,4.4,1.21,2026-09-11T12:30:44+00:00
TT|1570375|A|2.5,1570375,La Liga,140,2026-09-11T13:29:19Z,2026-09-13T16:30:00Z,3060.7,Getafe,Deportivo La Coruna,A,Deportivo La Coruna,2.5,17,Total - Away,15.0,1.03,0.06425452,0.93574548,0.06425452,0.00000000,Marathonbet,,,2026-09-11T12:30:44+00:00
TT|1570380|H|0.5,1570380,La Liga,140,2026-09-11T13:29:19Z,2026-09-13T19:00:00Z,3210.7,Real Sociedad,Atletico Madrid,H,Real Sociedad,0.5,16,Total - Home,1.25,3.75,0.75000000,0.25000000,0.75000000,0.00000000,Marathonbet,1.23,3.72,2026-09-11T12:30:44+00:00
TT|1570380|H|1.5,1570380,La Liga,140,2026-09-11T13:29:19Z,2026-09-13T19:00:00Z,3210.7,Real Sociedad,Atletico Madrid,H,Real Sociedad,1.5,16,Total - Home,2.2,1.62,0.42408377,0.57591623,0.42408377,-0.00000000,Marathonbet,2.29,1.63,2026-09-11T12:30:44+00:00
TT|1570380|H|2.5,1570380,La Liga,140,2026-09-11T13:29:19Z,2026-09-13T19:00:00Z,3210.7,Real Sociedad,Atletico Madrid,H,Real Sociedad,2.5,16,Total - Home,5.0,1.17,0.18962723,0.81037277,0.18962723,-0.00000000,Marathonbet,5.25,1.14,2026-09-11T12:30:44+00:00
TT|1570380|H|3.5,1570380,La Liga,140,2026-09-11T13:29:19Z,2026-09-13T19:00:00Z,3210.7,Real Sociedad,Atletico Madrid,H,Real Sociedad,3.5,16,Total - Home,15.0,1.03,0.06425452,0.93574548,0.06425452,0.00000000,Marathonbet,,,2026-09-11T12:30:44+00:00
TT|1570380|A|0.5,1570380,La Liga,140,2026-09-11T13:29:19Z,2026-09-13T19:00:00Z,3210.7,Real Sociedad,Atletico Madrid,A,Atletico Madrid,0.5,17,Total - Away,1.2,4.33,0.78300181,0.21699819,0.78300181,-0.00000000,Marathonbet,,,2026-09-11T12:30:44+00:00
TT|1570380|A|1.5,1570380,La Liga,140,2026-09-11T13:29:19Z,2026-09-13T19:00:00Z,3210.7,Real Sociedad,Atletico Madrid,A,Atletico Madrid,1.5,17,Total - Away,2.0,1.73,0.46380697,0.53619303,0.46380697,0.00000000,Marathonbet,2.05,1.78,2026-09-11T12:30:44+00:00
TT|1570380|A|2.5,1570380,La Liga,140,2026-09-11T13:29:19Z,2026-09-13T19:00:00Z,3210.7,Real Sociedad,Atletico Madrid,A,Atletico Madrid,2.5,17,Total - Away,4.33,1.2,0.21699819,0.78300181,0.21699819,0.00000000,Marathonbet,4.35,1.2,2026-09-11T12:30:44+00:00
TT|1570380|A|3.5,1570380,La Liga,140,2026-09-11T13:29:19Z,2026-09-13T19:00:00Z,3210.7,Real Sociedad,Atletico Madrid,A,Atletico Madrid,3.5,17,Total - Away,11.0,1.05,0.08713693,0.91286307,0.08713693,-0.00000000,Marathonbet,10.5,1.01,2026-09-11T12:30:44+00:00
TT|1570380|A|4.5,1570380,La Liga,140,2026-09-11T13:29:19Z,2026-09-13T19:00:00Z,3210.7,Real Sociedad,Atletico Madrid,A,Atletico Madrid,4.5,17,Total - Away,26.0,1.01,0.03739356,0.96260644,0.03739356,-0.00000000,Marathonbet,,,2026-09-11T12:30:44+00:00
TT|1550126|H|0.5,1550126,Serie A,135,2026-09-11T13:29:19Z,2026-09-11T18:45:00Z,315.7,Venezia,Fiorentina,H,Venezia,0.5,16,Total - Home,1.3,3.4,0.72340426,0.27659574,0.72340426,-0.00000000,Marathonbet,1.25,3.55,2026-09-11T09:01:15+00:00
TT|1550126|H|1.5,1550126,Serie A,135,2026-09-11T13:29:19Z,2026-09-11T18:45:00Z,315.7,Venezia,Fiorentina,H,Venezia,1.5,16,Total - Home,2.5,1.5,0.37500000,0.62500000,0.37500000,0.00000000,Marathonbet,2.33,1.61,2026-09-11T09:01:15+00:00
TT|1550126|H|2.5,1550126,Serie A,135,2026-09-11T13:29:19Z,2026-09-11T18:45:00Z,315.7,Venezia,Fiorentina,H,Venezia,2.5,16,Total - Home,6.0,1.12,0.15730337,0.84269663,0.15730337,0.00000000,Marathonbet,5.4,1.13,2026-09-11T09:01:15+00:00
TT|1550126|H|3.5,1550126,Serie A,135,2026-09-11T13:29:19Z,2026-09-11T18:45:00Z,315.7,Venezia,Fiorentina,H,Venezia,3.5,16,Total - Home,17.0,1.02,0.05660377,0.94339623,0.05660377,0.00000000,Marathonbet,,,2026-09-11T09:01:15+00:00
TT|1550126|A|0.5,1550126,Serie A,135,2026-09-11T13:29:19Z,2026-09-11T18:45:00Z,315.7,Venezia,Fiorentina,A,Fiorentina,0.5,17,Total - Away,1.22,4.0,0.76628352,0.23371648,0.76628352,0.00000000,Marathonbet,1.22,3.82,2026-09-11T09:01:15+00:00
TT|1550126|A|1.5,1550126,Serie A,135,2026-09-11T13:29:19Z,2026-09-11T18:45:00Z,315.7,Venezia,Fiorentina,A,Fiorentina,1.5,17,Total - Away,2.1,1.67,0.44297082,0.55702918,0.44297082,0.00000000,Marathonbet,2.19,1.69,2026-09-11T09:01:15+00:00
TT|1550126|A|2.5,1550126,Serie A,135,2026-09-11T13:29:19Z,2026-09-11T18:45:00Z,315.7,Venezia,Fiorentina,A,Fiorentina,2.5,17,Total - Away,4.5,1.18,0.20774648,0.79225352,0.20774648,-0.00000000,Marathonbet,4.85,1.16,2026-09-11T09:01:15+00:00
TT|1550126|A|3.5,1550126,Serie A,135,2026-09-11T13:29:19Z,2026-09-11T18:45:00Z,315.7,Venezia,Fiorentina,A,Fiorentina,3.5,17,Total - Away,13.0,1.04,0.07407407,0.92592593,0.07407407,0.00000000,Marathonbet,12.0,1.01,2026-09-11T09:01:15+00:00
TT|1550126|A|4.5,1550126,Serie A,135,2026-09-11T13:29:19Z,2026-09-11T18:45:00Z,315.7,Venezia,Fiorentina,A,Fiorentina,4.5,17,Total - Away,29.0,1.01,0.03365545,0.96634455,0.03365545,-0.00000000,Marathonbet,,,2026-09-11T09:01:15+00:00
TT|1550119|H|0.5,1550119,Serie A,135,2026-09-11T13:29:19Z,2026-09-12T13:00:00Z,1410.7,Genoa,Frosinone,H,Genoa,0.5,16,Total - Home,1.2,4.33,0.78300181,0.21699819,0.78300181,-0.00000000,Marathonbet,,,2026-09-11T09:01:15+00:00
TT|1550119|H|1.5,1550119,Serie A,135,2026-09-11T13:29:19Z,2026-09-12T13:00:00Z,1410.7,Genoa,Frosinone,H,Genoa,1.5,16,Total - Home,2.0,1.73,0.46380697,0.53619303,0.46380697,0.00000000,Marathonbet,2.09,1.75,2026-09-11T09:01:15+00:00
TT|1550119|H|2.5,1550119,Serie A,135,2026-09-11T13:29:19Z,2026-09-12T13:00:00Z,1410.7,Genoa,Frosinone,H,Genoa,2.5,16,Total - Home,4.33,1.2,0.21699819,0.78300181,0.21699819,0.00000000,Marathonbet,4.3,1.2,2026-09-11T09:01:15+00:00
TT|1550119|H|3.5,1550119,Serie A,135,2026-09-11T13:29:19Z,2026-09-12T13:00:00Z,1410.7,Genoa,Frosinone,H,Genoa,3.5,16,Total - Home,11.0,1.05,0.08713693,0.91286307,0.08713693,-0.00000000,Marathonbet,9.2,1.02,2026-09-11T09:01:15+00:00
TT|1550119|H|4.5,1550119,Serie A,135,2026-09-11T13:29:19Z,2026-09-12T13:00:00Z,1410.7,Genoa,Frosinone,H,Genoa,4.5,16,Total - Home,26.0,1.01,0.03739356,0.96260644,0.03739356,-0.00000000,Marathonbet,,,2026-09-11T09:01:15+00:00
TT|1550119|A|0.5,1550119,Serie A,135,2026-09-11T13:29:19Z,2026-09-12T13:00:00Z,1410.7,Genoa,Frosinone,A,Frosinone,0.5,17,Total - Away,1.4,2.75,0.66265060,0.33734940,0.66265060,0.00000000,Marathonbet,1.38,2.8,2026-09-11T09:01:15+00:00
TT|1550119|A|1.5,1550119,Serie A,135,2026-09-11T13:29:19Z,2026-09-12T13:00:00Z,1410.7,Genoa,Frosinone,A,Frosinone,1.5,17,Total - Away,3.0,1.36,0.31192661,0.68807339,0.31192661,-0.00000000,Marathonbet,2.92,1.4,2026-09-11T09:01:15+00:00
TT|1550119|A|2.5,1550119,Serie A,135,2026-09-11T13:29:19Z,2026-09-12T13:00:00Z,1410.7,Genoa,Frosinone,A,Frosinone,2.5,17,Total - Away,8.0,1.08,0.11894273,0.88105727,0.11894273,0.00000000,Marathonbet,7.2,1.07,2026-09-11T09:01:15+00:00
TT|1550119|A|3.5,1550119,Serie A,135,2026-09-11T13:29:19Z,2026-09-12T13:00:00Z,1410.7,Genoa,Frosinone,A,Frosinone,3.5,17,Total - Away,23.0,1.01,0.04206581,0.95793419,0.04206581,-0.00000000,Marathonbet,,,2026-09-11T09:01:15+00:00
TT|1550121|H|0.5,1550121,Serie A,135,2026-09-11T13:29:19Z,2026-09-12T16:00:00Z,1590.7,Lazio,AC Milan,H,Lazio,0.5,16,Total - Home,1.44,2.62,0.64532020,0.35467980,0.64532020,-0.00000000,Marathonbet,1.44,2.57,2026-09-11T09:01:15+00:00
TT|1550121|H|1.5,1550121,Serie A,135,2026-09-11T13:29:19Z,2026-09-12T16:00:00Z,1590.7,Lazio,AC Milan,H,Lazio,1.5,16,Total - Home,3.4,1.3,0.27659574,0.72340426,0.27659574,0.00000000,Marathonbet,3.28,1.33,2026-09-11T09:01:15+00:00
TT|1550121|H|2.5,1550121,Serie A,135,2026-09-11T13:29:19Z,2026-09-12T16:00:00Z,1590.7,Lazio,AC Milan,H,Lazio,2.5,16,Total - Home,10.0,1.06,0.09584087,0.90415913,0.09584087,-0.00000000,Marathonbet,8.5,1.05,2026-09-11T09:01:15+00:00
TT|1550121|H|3.5,1550121,Serie A,135,2026-09-11T13:29:19Z,2026-09-12T16:00:00Z,1590.7,Lazio,AC Milan,H,Lazio,3.5,16,Total - Home,26.0,1.01,0.03739356,0.96260644,0.03739356,-0.00000000,Marathonbet,,,2026-09-11T09:01:15+00:00
TT|1550121|A|0.5,1550121,Serie A,135,2026-09-11T13:29:19Z,2026-09-12T16:00:00Z,1590.7,Lazio,AC Milan,A,AC Milan,0.5,17,Total - Away,1.28,3.5,0.73221757,0.26778243,0.73221757,0.00000000,Marathonbet,1.29,3.26,2026-09-11T09:01:15+00:00
TT|1550121|A|1.5,1550121,Serie A,135,2026-09-11T13:29:19Z,2026-09-12T16:00:00Z,1590.7,Lazio,AC Milan,A,AC Milan,1.5,17,Total - Away,2.38,1.53,0.39130435,0.60869565,0.39130435,-0.00000000,Marathonbet,2.48,1.53,2026-09-11T09:01:15+00:00
TT|1550121|A|2.5,1550121,Serie A,135,2026-09-11T13:29:19Z,2026-09-12T16:00:00Z,1590.7,Lazio,AC Milan,A,AC Milan,2.5,17,Total - Away,6.0,1.12,0.15730337,0.84269663,0.15730337,0.00000000,Marathonbet,5.7,1.11,2026-09-11T09:01:15+00:00
TT|1550121|A|3.5,1550121,Serie A,135,2026-09-11T13:29:19Z,2026-09-12T16:00:00Z,1590.7,Lazio,AC Milan,A,AC Milan,3.5,17,Total - Away,17.0,1.02,0.05660377,0.94339623,0.05660377,0.00000000,Marathonbet,,,2026-09-11T09:01:15+00:00
TT|1550117|H|0.5,1550117,Serie A,135,2026-09-11T13:29:19Z,2026-09-12T18:45:00Z,1755.7,Atalanta,Cagliari,H,Atalanta,0.5,16,Total - Home,1.14,5.5,0.82831325,0.17168675,0.82831325,0.00000000,Marathonbet,,,2026-09-11T09:01:15+00:00
TT|1550117|H|1.5,1550117,Serie A,135,2026-09-11T13:29:19Z,2026-09-12T18:45:00Z,1755.7,Atalanta,Cagliari,H,Atalanta,1.5,16,Total - Home,1.73,2.0,0.53619303,0.46380697,0.53619303,-0.00000000,Marathonbet,1.74,2.1,2026-09-11T09:01:15+00:00
TT|1550117|H|2.5,1550117,Serie A,135,2026-09-11T13:29:19Z,2026-09-12T18:45:00Z,1755.7,Atalanta,Cagliari,H,Atalanta,2.5,16,Total - Home,3.4,1.3,0.27659574,0.72340426,0.27659574,0.00000000,Marathonbet,3.22,1.32,2026-09-11T09:01:15+00:00
TT|1550117|H|3.5,1550117,Serie A,135,2026-09-11T13:29:19Z,2026-09-12T18:45:00Z,1755.7,Atalanta,Cagliari,H,Atalanta,3.5,16,Total - Home,8.0,1.08,0.11894273,0.88105727,0.11894273,0.00000000,Marathonbet,7.1,1.06,2026-09-11T09:01:15+00:00
TT|1550117|H|4.5,1550117,Serie A,135,2026-09-11T13:29:19Z,2026-09-12T18:45:00Z,1755.7,Atalanta,Cagliari,H,Atalanta,4.5,16,Total - Home,19.0,1.02,0.05094905,0.94905095,0.05094905,0.00000000,Marathonbet,,,2026-09-11T09:01:15+00:00
TT|1550117|A|0.5,1550117,Serie A,135,2026-09-11T13:29:19Z,2026-09-12T18:45:00Z,1755.7,Atalanta,Cagliari,A,Cagliari,0.5,17,Total - Away,1.67,2.1,0.55702918,0.44297082,0.55702918,-0.00000000,Marathonbet,1.67,2.08,2026-09-11T09:01:15+00:00
TT|1550117|A|1.5,1550117,Serie A,135,2026-09-11T13:29:19Z,2026-09-12T18:45:00Z,1755.7,Atalanta,Cagliari,A,Cagliari,1.5,17,Total - Away,4.33,1.2,0.21699819,0.78300181,0.21699819,0.00000000,Marathonbet,4.7,1.19,2026-09-11T09:01:15+00:00
TT|1550117|A|2.5,1550117,Serie A,135,2026-09-11T13:29:19Z,2026-09-12T18:45:00Z,1755.7,Atalanta,Cagliari,A,Cagliari,2.5,17,Total - Away,15.0,1.03,0.06425452,0.93574548,0.06425452,0.00000000,Marathonbet,,,2026-09-11T09:01:15+00:00
TT|1550122|H|0.5,1550122,Serie A,135,2026-09-11T13:29:19Z,2026-09-13T13:00:00Z,2850.7,Lecce,Monza,H,Lecce,0.5,16,Total - Home,1.36,3.0,0.68807339,0.31192661,0.68807339,0.00000000,Marathonbet,1.34,2.98,2026-09-11T12:30:44+00:00
TT|1550122|H|1.5,1550122,Serie A,135,2026-09-11T13:29:19Z,2026-09-13T13:00:00Z,2850.7,Lecce,Monza,H,Lecce,1.5,16,Total - Home,2.75,1.4,0.33734940,0.66265060,0.33734940,-0.00000000,Marathonbet,2.76,1.44,2026-09-11T12:30:44+00:00
TT|1550122|H|2.5,1550122,Serie A,135,2026-09-11T13:29:19Z,2026-09-13T13:00:00Z,2850.7,Lecce,Monza,H,Lecce,2.5,16,Total - Home,7.0,1.1,0.13580247,0.86419753,0.13580247,-0.00000000,Marathonbet,7.2,1.07,2026-09-11T12:30:44+00:00
TT|1550122|H|3.5,1550122,Serie A,135,2026-09-11T13:29:19Z,2026-09-13T13:00:00Z,2850.7,Lecce,Monza,H,Lecce,3.5,16,Total - Home,21.0,1.01,0.04588823,0.95411177,0.04588823,0.00000000,Marathonbet,,,2026-09-11T12:30:44+00:00
TT|1550122|A|0.5,1550122,Serie A,135,2026-09-11T13:29:19Z,2026-09-13T13:00:00Z,2850.7,Lecce,Monza,A,Monza,0.5,17,Total - Away,1.36,3.0,0.68807339,0.31192661,0.68807339,0.00000000,Marathonbet,1.36,2.89,2026-09-11T12:30:44+00:00
TT|1550122|A|1.5,1550122,Serie A,135,2026-09-11T13:29:19Z,2026-09-13T13:00:00Z,2850.7,Lecce,Monza,A,Monza,1.5,17,Total - Away,2.75,1.4,0.33734940,0.66265060,0.33734940,-0.00000000,Marathonbet,2.92,1.4,2026-09-11T12:30:44+00:00
TT|1550122|A|2.5,1550122,Serie A,135,2026-09-11T13:29:19Z,2026-09-13T13:00:00Z,2850.7,Lecce,Monza,A,Monza,2.5,17,Total - Away,8.0,1.08,0.11894273,0.88105727,0.11894273,0.00000000,Marathonbet,7.7,1.06,2026-09-11T12:30:44+00:00
TT|1550122|A|3.5,1550122,Serie A,135,2026-09-11T13:29:19Z,2026-09-13T13:00:00Z,2850.7,Lecce,Monza,A,Monza,3.5,17,Total - Away,21.0,1.01,0.04588823,0.95411177,0.04588823,0.00000000,Marathonbet,,,2026-09-11T12:30:44+00:00
TT|1550123|H|0.5,1550123,Serie A,135,2026-09-11T13:29:19Z,2026-09-13T16:00:00Z,3030.7,Napoli,Bologna,H,Napoli,0.5,16,Total - Home,1.18,4.5,0.79225352,0.20774648,0.79225352,0.00000000,Marathonbet,,,2026-09-11T09:01:15+00:00
TT|1550123|H|1.5,1550123,Serie A,135,2026-09-11T13:29:19Z,2026-09-13T16:00:00Z,3030.7,Napoli,Bologna,H,Napoli,1.5,16,Total - Home,1.91,1.8,0.48517520,0.51482480,0.48517520,0.00000000,Marathonbet,1.98,1.83,2026-09-11T09:01:15+00:00
TT|1550123|H|2.5,1550123,Serie A,135,2026-09-11T13:29:19Z,2026-09-13T16:00:00Z,3030.7,Napoli,Bologna,H,Napoli,2.5,16,Total - Home,4.0,1.22,0.23371648,0.76628352,0.23371648,-0.00000000,Marathonbet,4.15,1.21,2026-09-11T09:01:15+00:00
TT|1550123|H|3.5,1550123,Serie A,135,2026-09-11T13:29:19Z,2026-09-13T16:00:00Z,3030.7,Napoli,Bologna,H,Napoli,3.5,16,Total - Home,10.0,1.06,0.09584087,0.90415913,0.09584087,-0.00000000,Marathonbet,9.7,1.02,2026-09-11T09:01:15+00:00
TT|1550123|H|4.5,1550123,Serie A,135,2026-09-11T13:29:19Z,2026-09-13T16:00:00Z,3030.7,Napoli,Bologna,H,Napoli,4.5,16,Total - Home,26.0,1.01,0.03739356,0.96260644,0.03739356,-0.00000000,Marathonbet,,,2026-09-11T09:01:15+00:00
TT|1550123|A|0.5,1550123,Serie A,135,2026-09-11T13:29:19Z,2026-09-13T16:00:00Z,3030.7,Napoli,Bologna,A,Bologna,0.5,17,Total - Away,1.62,2.2,0.57591623,0.42408377,0.57591623,0.00000000,Marathonbet,1.58,2.23,2026-09-11T09:01:15+00:00
TT|1550123|A|1.5,1550123,Serie A,135,2026-09-11T13:29:19Z,2026-09-13T16:00:00Z,3030.7,Napoli,Bologna,A,Bologna,1.5,17,Total - Away,4.0,1.22,0.23371648,0.76628352,0.23371648,-0.00000000,Marathonbet,4.1,1.23,2026-09-11T09:01:15+00:00
TT|1550123|A|2.5,1550123,Serie A,135,2026-09-11T13:29:19Z,2026-09-13T16:00:00Z,3030.7,Napoli,Bologna,A,Bologna,2.5,17,Total - Away,13.0,1.04,0.07407407,0.92592593,0.07407407,0.00000000,Marathonbet,,,2026-09-11T09:01:15+00:00
TT|1550124|H|0.5,1550124,Serie A,135,2026-09-11T13:29:19Z,2026-09-13T18:45:00Z,3195.7,Sassuolo,Juventus,H,Sassuolo,0.5,16,Total - Home,1.57,2.25,0.58900524,0.41099476,0.58900524,-0.00000000,Marathonbet,1.54,2.32,2026-09-11T09:01:15+00:00
TT|1550124|H|1.5,1550124,Serie A,135,2026-09-11T13:29:19Z,2026-09-13T18:45:00Z,3195.7,Sassuolo,Juventus,H,Sassuolo,1.5,16,Total - Home,3.75,1.25,0.25000000,0.75000000,0.25000000,0.00000000,Marathonbet,3.82,1.26,2026-09-11T09:01:15+00:00
TT|1550124|H|2.5,1550124,Serie A,135,2026-09-11T13:29:19Z,2026-09-13T18:45:00Z,3195.7,Sassuolo,Juventus,H,Sassuolo,2.5,16,Total - Home,13.0,1.04,0.07407407,0.92592593,0.07407407,0.00000000,Marathonbet,11.0,1.02,2026-09-11T09:01:15+00:00
TT|1550124|A|0.5,1550124,Serie A,135,2026-09-11T13:29:19Z,2026-09-13T18:45:00Z,3195.7,Sassuolo,Juventus,A,Juventus,0.5,17,Total - Away,1.14,5.5,0.82831325,0.17168675,0.82831325,0.00000000,Marathonbet,,,2026-09-11T09:01:15+00:00
TT|1550124|A|1.5,1550124,Serie A,135,2026-09-11T13:29:19Z,2026-09-13T18:45:00Z,3195.7,Sassuolo,Juventus,A,Juventus,1.5,17,Total - Away,1.67,2.1,0.55702918,0.44297082,0.55702918,-0.00000000,Marathonbet,1.72,2.14,2026-09-11T09:01:15+00:00
TT|1550124|A|2.5,1550124,Serie A,135,2026-09-11T13:29:19Z,2026-09-13T18:45:00Z,3195.7,Sassuolo,Juventus,A,Juventus,2.5,17,Total - Away,3.25,1.33,0.29039301,0.70960699,0.29039301,0.00000000,Marathonbet,3.16,1.33,2026-09-11T09:01:15+00:00
TT|1550124|A|3.5,1550124,Serie A,135,2026-09-11T13:29:19Z,2026-09-13T18:45:00Z,3195.7,Sassuolo,Juventus,A,Juventus,3.5,17,Total - Away,7.0,1.1,0.13580247,0.86419753,0.13580247,-0.00000000,Marathonbet,6.6,1.07,2026-09-11T09:01:15+00:00
TT|1550124|A|4.5,1550124,Serie A,135,2026-09-11T13:29:19Z,2026-09-13T18:45:00Z,3195.7,Sassuolo,Juventus,A,Juventus,4.5,17,Total - Away,17.0,1.02,0.05660377,0.94339623,0.05660377,0.00000000,Marathonbet,,,2026-09-11T09:01:15+00:00
TT|1575164|H|0.5,1575164,Bundesliga,78,2026-09-11T13:29:19Z,2026-09-11T18:30:00Z,300.7,Union Berlin,FC Schalke 04,H,Union Berlin,0.5,16,Total - Home,1.2,4.33,0.78300181,0.21699819,0.78300181,-0.00000000,Marathonbet,,,2026-09-11T12:00:44+00:00
TT|1575164|H|1.5,1575164,Bundesliga,78,2026-09-11T13:29:19Z,2026-09-11T18:30:00Z,300.7,Union Berlin,FC Schalke 04,H,Union Berlin,1.5,16,Total - Home,2.0,1.73,0.46380697,0.53619303,0.46380697,0.00000000,Marathonbet,2.0,1.82,2026-09-11T12:00:44+00:00
TT|1575164|H|2.5,1575164,Bundesliga,78,2026-09-11T13:29:19Z,2026-09-11T18:30:00Z,300.7,Union Berlin,FC Schalke 04,H,Union Berlin,2.5,16,Total - Home,4.33,1.2,0.21699819,0.78300181,0.21699819,0.00000000,Marathonbet,4.2,1.21,2026-09-11T12:00:44+00:00
TT|1575164|H|3.5,1575164,Bundesliga,78,2026-09-11T13:29:19Z,2026-09-11T18:30:00Z,300.7,Union Berlin,FC Schalke 04,H,Union Berlin,3.5,16,Total - Home,11.0,1.05,0.08713693,0.91286307,0.08713693,-0.00000000,Marathonbet,9.9,1.02,2026-09-11T12:00:44+00:00
TT|1575164|H|4.5,1575164,Bundesliga,78,2026-09-11T13:29:19Z,2026-09-11T18:30:00Z,300.7,Union Berlin,FC Schalke 04,H,Union Berlin,4.5,16,Total - Home,26.0,1.01,0.03739356,0.96260644,0.03739356,-0.00000000,Marathonbet,,,2026-09-11T12:00:44+00:00
TT|1575164|A|0.5,1575164,Bundesliga,78,2026-09-11T13:29:19Z,2026-09-11T18:30:00Z,300.7,Union Berlin,FC Schalke 04,A,FC Schalke 04,0.5,17,Total - Away,1.22,4.0,0.76628352,0.23371648,0.76628352,0.00000000,Marathonbet,1.22,3.82,2026-09-11T12:00:44+00:00
TT|1575164|A|1.5,1575164,Bundesliga,78,2026-09-11T13:29:19Z,2026-09-11T18:30:00Z,300.7,Union Berlin,FC Schalke 04,A,FC Schalke 04,1.5,17,Total - Away,2.1,1.67,0.44297082,0.55702918,0.44297082,0.00000000,Marathonbet,2.2,1.68,2026-09-11T12:00:44+00:00
TT|1575164|A|2.5,1575164,Bundesliga,78,2026-09-11T13:29:19Z,2026-09-11T18:30:00Z,300.7,Union Berlin,FC Schalke 04,A,FC Schalke 04,2.5,17,Total - Away,5.0,1.17,0.18962723,0.81037277,0.18962723,-0.00000000,Marathonbet,4.95,1.16,2026-09-11T12:00:44+00:00
TT|1575164|A|3.5,1575164,Bundesliga,78,2026-09-11T13:29:19Z,2026-09-11T18:30:00Z,300.7,Union Berlin,FC Schalke 04,A,FC Schalke 04,3.5,17,Total - Away,13.0,1.04,0.07407407,0.92592593,0.07407407,0.00000000,Marathonbet,,,2026-09-11T12:00:44+00:00
TT|1575164|A|4.5,1575164,Bundesliga,78,2026-09-11T13:29:19Z,2026-09-11T18:30:00Z,300.7,Union Berlin,FC Schalke 04,A,FC Schalke 04,4.5,17,Total - Away,29.0,1.01,0.03365545,0.96634455,0.03365545,-0.00000000,Marathonbet,,,2026-09-11T12:00:44+00:00
TT|1575161|H|0.5,1575161,Bundesliga,78,2026-09-11T13:29:19Z,2026-09-12T13:30:00Z,1440.7,SC Freiburg,Borussia Mönchengladbach,H,SC Freiburg,0.5,16,Total - Home,1.11,6.5,0.85413929,0.14586071,0.85413929,0.00000000,Marathonbet,,,2026-09-11T09:52:15+00:00
TT|1575161|H|1.5,1575161,Bundesliga,78,2026-09-11T13:29:19Z,2026-09-12T13:30:00Z,1440.7,SC Freiburg,Borussia Mönchengladbach,H,SC Freiburg,1.5,16,Total - Home,1.57,2.25,0.58900524,0.41099476,0.58900524,-0.00000000,Marathonbet,1.59,2.35,2026-09-11T09:52:15+00:00
TT|1575161|H|2.5,1575161,Bundesliga,78,2026-09-11T13:29:19Z,2026-09-12T13:30:00Z,1440.7,SC Freiburg,Borussia Mönchengladbach,H,SC Freiburg,2.5,16,Total - Home,2.75,1.4,0.33734940,0.66265060,0.33734940,-0.00000000,Marathonbet,2.81,1.43,2026-09-11T09:52:15+00:00
TT|1575161|H|3.5,1575161,Bundesliga,78,2026-09-11T13:29:19Z,2026-09-12T13:30:00Z,1440.7,SC Freiburg,Borussia Mönchengladbach,H,SC Freiburg,3.5,16,Total - Home,6.0,1.12,0.15730337,0.84269663,0.15730337,0.00000000,Marathonbet,5.65,1.12,2026-09-11T09:52:15+00:00
TT|1575161|H|4.5,1575161,Bundesliga,78,2026-09-11T13:29:19Z,2026-09-12T13:30:00Z,1440.7,SC Freiburg,Borussia Mönchengladbach,H,SC Freiburg,4.5,16,Total - Home,15.0,1.03,0.06425452,0.93574548,0.06425452,0.00000000,Marathonbet,,,2026-09-11T09:52:15+00:00
TT|1575161|H|5.5,1575161,Bundesliga,78,2026-09-11T13:29:19Z,2026-09-12T13:30:00Z,1440.7,SC Freiburg,Borussia Mönchengladbach,H,SC Freiburg,5.5,16,Total - Home,29.0,1.01,0.03365545,0.96634455,0.03365545,-0.00000000,Marathonbet,,,2026-09-11T09:52:15+00:00
TT|1575161|A|0.5,1575161,Bundesliga,78,2026-09-11T13:29:19Z,2026-09-12T13:30:00Z,1440.7,SC Freiburg,Borussia Mönchengladbach,A,Borussia Mönchengladbach,0.5,17,Total - Away,1.36,3.0,0.68807339,0.31192661,0.68807339,0.00000000,Marathonbet,1.37,2.84,2026-09-11T09:52:15+00:00
TT|1575161|A|1.5,1575161,Bundesliga,78,2026-09-11T13:29:19Z,2026-09-12T13:30:00Z,1440.7,SC Freiburg,Borussia Mönchengladbach,A,Borussia Mönchengladbach,1.5,17,Total - Away,2.75,1.4,0.33734940,0.66265060,0.33734940,-0.00000000,Marathonbet,2.85,1.42,2026-09-11T09:52:15+00:00
TT|1575161|A|2.5,1575161,Bundesliga,78,2026-09-11T13:29:19Z,2026-09-12T13:30:00Z,1440.7,SC Freiburg,Borussia Mönchengladbach,A,Borussia Mönchengladbach,2.5,17,Total - Away,8.0,1.08,0.11894273,0.88105727,0.11894273,0.00000000,Marathonbet,7.1,1.07,2026-09-11T09:52:15+00:00
TT|1575161|A|3.5,1575161,Bundesliga,78,2026-09-11T13:29:19Z,2026-09-12T13:30:00Z,1440.7,SC Freiburg,Borussia Mönchengladbach,A,Borussia Mönchengladbach,3.5,17,Total - Away,21.0,1.01,0.04588823,0.95411177,0.04588823,0.00000000,Marathonbet,,,2026-09-11T09:52:15+00:00
TT|1575163|H|0.5,1575163,Bundesliga,78,2026-09-11T13:29:19Z,2026-09-12T13:30:00Z,1440.7,FSV Mainz 05,Eintracht Frankfurt,H,FSV Mainz 05,0.5,16,Total - Home,1.12,6.0,0.84269663,0.15730337,0.84269663,-0.00000000,Marathonbet,,,2026-09-11T09:52:15+00:00
TT|1575163|H|1.5,1575163,Bundesliga,78,2026-09-11T13:29:19Z,2026-09-12T13:30:00Z,1440.7,FSV Mainz 05,Eintracht Frankfurt,H,FSV Mainz 05,1.5,16,Total - Home,1.67,2.1,0.55702918,0.44297082,0.55702918,-0.00000000,Marathonbet,1.65,2.23,2026-09-11T09:52:15+00:00
TT|1575163|H|2.5,1575163,Bundesliga,78,2026-09-11T13:29:19Z,2026-09-12T13:30:00Z,1440.7,FSV Mainz 05,Eintracht Frankfurt,H,FSV Mainz 05,2.5,16,Total - Home,3.0,1.36,0.31192661,0.68807339,0.31192661,-0.00000000,Marathonbet,2.98,1.39,2026-09-11T09:52:15+00:00
TT|1575163|H|3.5,1575163,Bundesliga,78,2026-09-11T13:29:19Z,2026-09-12T13:30:00Z,1440.7,FSV Mainz 05,Eintracht Frankfurt,H,FSV Mainz 05,3.5,16,Total - Home,7.0,1.1,0.13580247,0.86419753,0.13580247,-0.00000000,Marathonbet,6.05,1.1,2026-09-11T09:52:15+00:00
TT|1575163|H|4.5,1575163,Bundesliga,78,2026-09-11T13:29:19Z,2026-09-12T13:30:00Z,1440.7,FSV Mainz 05,Eintracht Frankfurt,H,FSV Mainz 05,4.5,16,Total - Home,17.0,1.02,0.05660377,0.94339623,0.05660377,0.00000000,Marathonbet,,,2026-09-11T09:52:15+00:00
TT|1575163|A|0.5,1575163,Bundesliga,78,2026-09-11T13:29:19Z,2026-09-12T13:30:00Z,1440.7,FSV Mainz 05,Eintracht Frankfurt,A,Eintracht Frankfurt,0.5,17,Total - Away,1.25,3.75,0.75000000,0.25000000,0.75000000,0.00000000,Marathonbet,,,2026-09-11T09:52:15+00:00
TT|1575163|A|1.5,1575163,Bundesliga,78,2026-09-11T13:29:19Z,2026-09-12T13:30:00Z,1440.7,FSV Mainz 05,Eintracht Frankfurt,A,Eintracht Frankfurt,1.5,17,Total - Away,2.25,1.57,0.41099476,0.58900524,0.41099476,0.00000000,Marathonbet,2.29,1.63,2026-09-11T09:52:15+00:00
TT|1575163|A|2.5,1575163,Bundesliga,78,2026-09-11T13:29:19Z,2026-09-12T13:30:00Z,1440.7,FSV Mainz 05,Eintracht Frankfurt,A,Eintracht Frankfurt,2.5,17,Total - Away,5.5,1.14,0.17168675,0.82831325,0.17168675,-0.00000000,Marathonbet,5.1,1.15,2026-09-11T09:52:15+00:00
TT|1575163|A|3.5,1575163,Bundesliga,78,2026-09-11T13:29:19Z,2026-09-12T13:30:00Z,1440.7,FSV Mainz 05,Eintracht Frankfurt,A,Eintracht Frankfurt,3.5,17,Total - Away,15.0,1.03,0.06425452,0.93574548,0.06425452,0.00000000,Marathonbet,,,2026-09-11T09:52:15+00:00
TT|1575158|H|0.5,1575158,Bundesliga,78,2026-09-11T13:29:19Z,2026-09-12T13:30:00Z,1440.7,Borussia Dortmund,SC Paderborn 07,H,Borussia Dortmund,0.5,16,Total - Home,1.04,13.0,0.92592593,0.07407407,0.92592593,-0.00000000,Marathonbet,,,2026-09-11T09:52:15+00:00
TT|1575158|H|1.5,1575158,Bundesliga,78,2026-09-11T13:29:19Z,2026-09-12T13:30:00Z,1440.7,Borussia Dortmund,SC Paderborn 07,H,Borussia Dortmund,1.5,16,Total - Home,1.22,4.0,0.76628352,0.23371648,0.76628352,0.00000000,Marathonbet,1.23,3.94,2026-09-11T09:52:15+00:00
TT|1575158|H|2.5,1575158,Bundesliga,78,2026-09-11T13:29:19Z,2026-09-12T13:30:00Z,1440.7,Borussia Dortmund,SC Paderborn 07,H,Borussia Dortmund,2.5,16,Total - Home,1.73,2.0,0.53619303,0.46380697,0.53619303,-0.00000000,Marathonbet,1.79,2.04,2026-09-11T09:52:15+00:00
TT|1575158|H|3.5,1575158,Bundesliga,78,2026-09-11T13:29:19Z,2026-09-12T13:30:00Z,1440.7,Borussia Dortmund,SC Paderborn 07,H,Borussia Dortmund,3.5,16,Total - Home,2.75,1.4,0.33734940,0.66265060,0.33734940,-0.00000000,Marathonbet,2.92,1.38,2026-09-11T09:52:15+00:00
TT|1575158|H|4.5,1575158,Bundesliga,78,2026-09-11T13:29:19Z,2026-09-12T13:30:00Z,1440.7,Borussia Dortmund,SC Paderborn 07,H,Borussia Dortmund,4.5,16,Total - Home,5.5,1.14,0.17168675,0.82831325,0.17168675,-0.00000000,Marathonbet,,,2026-09-11T09:52:15+00:00
TT|1575158|H|5.5,1575158,Bundesliga,78,2026-09-11T13:29:19Z,2026-09-12T13:30:00Z,1440.7,Borussia Dortmund,SC Paderborn 07,H,Borussia Dortmund,5.5,16,Total - Home,11.0,1.05,0.08713693,0.91286307,0.08713693,-0.00000000,Marathonbet,,,2026-09-11T09:52:15+00:00
TT|1575158|H|6.5,1575158,Bundesliga,78,2026-09-11T13:29:19Z,2026-09-12T13:30:00Z,1440.7,Borussia Dortmund,SC Paderborn 07,H,Borussia Dortmund,6.5,16,Total - Home,23.0,1.01,0.04206581,0.95793419,0.04206581,-0.00000000,Marathonbet,,,2026-09-11T09:52:15+00:00
TT|1575158|A|0.5,1575158,Bundesliga,78,2026-09-11T13:29:19Z,2026-09-12T13:30:00Z,1440.7,Borussia Dortmund,SC Paderborn 07,A,SC Paderborn 07,0.5,17,Total - Away,1.62,2.2,0.57591623,0.42408377,0.57591623,0.00000000,Marathonbet,1.62,2.16,2026-09-11T09:52:15+00:00
TT|1575158|A|1.5,1575158,Bundesliga,78,2026-09-11T13:29:19Z,2026-09-12T13:30:00Z,1440.7,Borussia Dortmund,SC Paderborn 07,A,SC Paderborn 07,1.5,17,Total - Away,4.0,1.22,0.23371648,0.76628352,0.23371648,-0.00000000,Marathonbet,4.25,1.22,2026-09-11T09:52:15+00:00
TT|1575158|A|2.5,1575158,Bundesliga,78,2026-09-11T13:29:19Z,2026-09-12T13:30:00Z,1440.7,Borussia Dortmund,SC Paderborn 07,A,SC Paderborn 07,2.5,17,Total - Away,13.0,1.04,0.07407407,0.92592593,0.07407407,0.00000000,Marathonbet,12.75,1.01,2026-09-11T09:52:15+00:00
TT|1575160|H|0.5,1575160,Bundesliga,78,2026-09-11T13:29:19Z,2026-09-12T13:30:00Z,1440.7,1899 Hoffenheim,VfB Stuttgart,H,1899 Hoffenheim,0.5,16,Total - Home,1.12,6.0,0.84269663,0.15730337,0.84269663,-0.00000000,Marathonbet,,,2026-09-11T09:52:15+00:00
TT|1575160|H|1.5,1575160,Bundesliga,78,2026-09-11T13:29:19Z,2026-09-12T13:30:00Z,1440.7,1899 Hoffenheim,VfB Stuttgart,H,1899 Hoffenheim,1.5,16,Total - Home,1.67,2.1,0.55702918,0.44297082,0.55702918,-0.00000000,Marathonbet,1.66,2.24,2026-09-11T09:52:15+00:00
TT|1575160|H|2.5,1575160,Bundesliga,78,2026-09-11T13:29:19Z,2026-09-12T13:30:00Z,1440.7,1899 Hoffenheim,VfB Stuttgart,H,1899 Hoffenheim,2.5,16,Total - Home,3.25,1.33,0.29039301,0.70960699,0.29039301,0.00000000,Marathonbet,2.97,1.37,2026-09-11T09:52:15+00:00
TT|1575160|H|3.5,1575160,Bundesliga,78,2026-09-11T13:29:19Z,2026-09-12T13:30:00Z,1440.7,1899 Hoffenheim,VfB Stuttgart,H,1899 Hoffenheim,3.5,16,Total - Home,7.0,1.1,0.13580247,0.86419753,0.13580247,-0.00000000,Marathonbet,6.25,1.08,2026-09-11T09:52:15+00:00
TT|1575160|H|4.5,1575160,Bundesliga,78,2026-09-11T13:29:19Z,2026-09-12T13:30:00Z,1440.7,1899 Hoffenheim,VfB Stuttgart,H,1899 Hoffenheim,4.5,16,Total - Home,17.0,1.02,0.05660377,0.94339623,0.05660377,0.00000000,Marathonbet,,,2026-09-11T09:52:15+00:00
TT|1575160|A|0.5,1575160,Bundesliga,78,2026-09-11T13:29:19Z,2026-09-12T13:30:00Z,1440.7,1899 Hoffenheim,VfB Stuttgart,A,VfB Stuttgart,0.5,17,Total - Away,1.14,5.5,0.82831325,0.17168675,0.82831325,0.00000000,Marathonbet,,,2026-09-11T09:52:15+00:00
TT|1575160|A|1.5,1575160,Bundesliga,78,2026-09-11T13:29:19Z,2026-09-12T13:30:00Z,1440.7,1899 Hoffenheim,VfB Stuttgart,A,VfB Stuttgart,1.5,17,Total - Away,1.8,1.91,0.51482480,0.48517520,0.51482480,-0.00000000,Marathonbet,1.78,2.05,2026-09-11T09:52:15+00:00
TT|1575160|A|2.5,1575160,Bundesliga,78,2026-09-11T13:29:19Z,2026-09-12T13:30:00Z,1440.7,1899 Hoffenheim,VfB Stuttgart,A,VfB Stuttgart,2.5,17,Total - Away,3.5,1.28,0.26778243,0.73221757,0.26778243,-0.00000000,Marathonbet,3.36,1.3,2026-09-11T09:52:15+00:00
TT|1575160|A|3.5,1575160,Bundesliga,78,2026-09-11T13:29:19Z,2026-09-12T13:30:00Z,1440.7,1899 Hoffenheim,VfB Stuttgart,A,VfB Stuttgart,3.5,17,Total - Away,8.0,1.08,0.11894273,0.88105727,0.11894273,0.00000000,Marathonbet,7.3,1.06,2026-09-11T09:52:15+00:00
TT|1575160|A|4.5,1575160,Bundesliga,78,2026-09-11T13:29:19Z,2026-09-12T13:30:00Z,1440.7,1899 Hoffenheim,VfB Stuttgart,A,VfB Stuttgart,4.5,17,Total - Away,19.0,1.02,0.05094905,0.94905095,0.05094905,0.00000000,Marathonbet,,,2026-09-11T09:52:15+00:00
TT|1575162|H|0.5,1575162,Bundesliga,78,2026-09-11T13:29:19Z,2026-09-12T13:30:00Z,1440.7,FC Augsburg,Bayer Leverkusen,H,FC Augsburg,0.5,16,Total - Home,1.25,3.75,0.75000000,0.25000000,0.75000000,0.00000000,Marathonbet,1.26,3.48,2026-09-11T09:52:15+00:00
TT|1575162|H|1.5,1575162,Bundesliga,78,2026-09-11T13:29:19Z,2026-09-12T13:30:00Z,1440.7,FC Augsburg,Bayer Leverkusen,H,FC Augsburg,1.5,16,Total - Home,2.25,1.57,0.41099476,0.58900524,0.41099476,0.00000000,Marathonbet,2.36,1.6,2026-09-11T09:52:15+00:00
TT|1575162|H|2.5,1575162,Bundesliga,78,2026-09-11T13:29:19Z,2026-09-12T13:30:00Z,1440.7,FC Augsburg,Bayer Leverkusen,H,FC Augsburg,2.5,16,Total - Home,5.5,1.14,0.17168675,0.82831325,0.17168675,-0.00000000,Marathonbet,5.45,1.13,2026-09-11T09:52:15+00:00
TT|1575162|H|3.5,1575162,Bundesliga,78,2026-09-11T13:29:19Z,2026-09-12T13:30:00Z,1440.7,FC Augsburg,Bayer Leverkusen,H,FC Augsburg,3.5,16,Total - Home,15.0,1.03,0.06425452,0.93574548,0.06425452,0.00000000,Marathonbet,,,2026-09-11T09:52:15+00:00
TT|1575162|A|0.5,1575162,Bundesliga,78,2026-09-11T13:29:19Z,2026-09-12T13:30:00Z,1440.7,FC Augsburg,Bayer Leverkusen,A,Bayer Leverkusen,0.5,17,Total - Away,1.1,7.0,0.86419753,0.13580247,0.86419753,0.00000000,Marathonbet,,,2026-09-11T09:52:15+00:00
TT|1575162|A|1.5,1575162,Bundesliga,78,2026-09-11T13:29:19Z,2026-09-12T13:30:00Z,1440.7,FC Augsburg,Bayer Leverkusen,A,Bayer Leverkusen,1.5,17,Total - Away,1.5,2.5,0.62500000,0.37500000,0.62500000,0.00000000,Marathonbet,1.52,2.52,2026-09-11T09:52:15+00:00
TT|1575162|A|2.5,1575162,Bundesliga,78,2026-09-11T13:29:19Z,2026-09-12T13:30:00Z,1440.7,FC Augsburg,Bayer Leverkusen,A,Bayer Leverkusen,2.5,17,Total - Away,2.62,1.44,0.35467980,0.64532020,0.35467980,0.00000000,Marathonbet,2.57,1.5,2026-09-11T09:52:15+00:00
TT|1575162|A|3.5,1575162,Bundesliga,78,2026-09-11T13:29:19Z,2026-09-12T13:30:00Z,1440.7,FC Augsburg,Bayer Leverkusen,A,Bayer Leverkusen,3.5,17,Total - Away,5.5,1.14,0.17168675,0.82831325,0.17168675,-0.00000000,Marathonbet,5.05,1.14,2026-09-11T09:52:15+00:00
TT|1575162|A|4.5,1575162,Bundesliga,78,2026-09-11T13:29:19Z,2026-09-12T13:30:00Z,1440.7,FC Augsburg,Bayer Leverkusen,A,Bayer Leverkusen,4.5,17,Total - Away,13.0,1.04,0.07407407,0.92592593,0.07407407,0.00000000,Marathonbet,,,2026-09-11T09:52:15+00:00
TT|1575162|A|5.5,1575162,Bundesliga,78,2026-09-11T13:29:19Z,2026-09-12T13:30:00Z,1440.7,FC Augsburg,Bayer Leverkusen,A,Bayer Leverkusen,5.5,17,Total - Away,26.0,1.01,0.03739356,0.96260644,0.03739356,-0.00000000,Marathonbet,,,2026-09-11T09:52:15+00:00
TT|1575165|H|0.5,1575165,Bundesliga,78,2026-09-11T13:29:19Z,2026-09-12T16:30:00Z,1620.7,1. FC Köln,Werder Bremen,H,1. FC Köln,0.5,16,Total - Home,1.14,5.5,0.82831325,0.17168675,0.82831325,0.00000000,Marathonbet,,,2026-09-11T09:52:15+00:00
TT|1575165|H|1.5,1575165,Bundesliga,78,2026-09-11T13:29:19Z,2026-09-12T16:30:00Z,1620.7,1. FC Köln,Werder Bremen,H,1. FC Köln,1.5,16,Total - Home,1.73,2.0,0.53619303,0.46380697,0.53619303,-0.00000000,Marathonbet,1.78,2.05,2026-09-11T09:52:15+00:00
TT|1575165|H|2.5,1575165,Bundesliga,78,2026-09-11T13:29:19Z,2026-09-12T16:30:00Z,1620.7,1. FC Köln,Werder Bremen,H,1. FC Köln,2.5,16,Total - Home,3.4,1.3,0.27659574,0.72340426,0.27659574,0.00000000,Marathonbet,3.36,1.3,2026-09-11T09:52:15+00:00
TT|1575165|H|3.5,1575165,Bundesliga,78,2026-09-11T13:29:19Z,2026-09-12T16:30:00Z,1620.7,1. FC Köln,Werder Bremen,H,1. FC Köln,3.5,16,Total - Home,8.0,1.08,0.11894273,0.88105727,0.11894273,0.00000000,Marathonbet,7.2,1.06,2026-09-11T09:52:15+00:00
TT|1575165|H|4.5,1575165,Bundesliga,78,2026-09-11T13:29:19Z,2026-09-12T16:30:00Z,1620.7,1. FC Köln,Werder Bremen,H,1. FC Köln,4.5,16,Total - Home,19.0,1.02,0.05094905,0.94905095,0.05094905,0.00000000,Marathonbet,,,2026-09-11T09:52:15+00:00
TT|1575165|A|0.5,1575165,Bundesliga,78,2026-09-11T13:29:19Z,2026-09-12T16:30:00Z,1620.7,1. FC Köln,Werder Bremen,A,Werder Bremen,0.5,17,Total - Away,1.25,3.75,0.75000000,0.25000000,0.75000000,0.00000000,Marathonbet,1.25,3.55,2026-09-11T09:52:15+00:00
TT|1575165|A|1.5,1575165,Bundesliga,78,2026-09-11T13:29:19Z,2026-09-12T16:30:00Z,1620.7,1. FC Köln,Werder Bremen,A,Werder Bremen,1.5,17,Total - Away,2.2,1.62,0.42408377,0.57591623,0.42408377,-0.00000000,Marathonbet,2.32,1.62,2026-09-11T09:52:15+00:00
TT|1575165|A|2.5,1575165,Bundesliga,78,2026-09-11T13:29:19Z,2026-09-12T16:30:00Z,1620.7,1. FC Köln,Werder Bremen,A,Werder Bremen,2.5,17,Total - Away,5.0,1.17,0.18962723,0.81037277,0.18962723,-0.00000000,Marathonbet,5.3,1.14,2026-09-11T09:52:15+00:00
TT|1575165|A|3.5,1575165,Bundesliga,78,2026-09-11T13:29:19Z,2026-09-12T16:30:00Z,1620.7,1. FC Köln,Werder Bremen,A,Werder Bremen,3.5,17,Total - Away,15.0,1.03,0.06425452,0.93574548,0.06425452,0.00000000,Marathonbet,,,2026-09-11T09:52:15+00:00
TT|1575159|H|0.5,1575159,Bundesliga,78,2026-09-11T13:29:19Z,2026-09-13T13:30:00Z,2880.7,RB Leipzig,Hamburger SV,H,RB Leipzig,0.5,16,Total - Home,1.05,11.0,0.91286307,0.08713693,0.91286307,0.00000000,Marathonbet,,,2026-09-11T12:30:44+00:00
TT|1575159|H|1.5,1575159,Bundesliga,78,2026-09-11T13:29:19Z,2026-09-13T13:30:00Z,2880.7,RB Leipzig,Hamburger SV,H,RB Leipzig,1.5,16,Total - Home,1.3,3.4,0.72340426,0.27659574,0.72340426,-0.00000000,Marathonbet,1.31,3.3,2026-09-11T12:30:44+00:00
TT|1575159|H|2.5,1575159,Bundesliga,78,2026-09-11T13:29:19Z,2026-09-13T13:30:00Z,2880.7,RB Leipzig,Hamburger SV,H,RB Leipzig,2.5,16,Total - Home,2.0,1.73,0.46380697,0.53619303,0.46380697,0.00000000,Marathonbet,2.0,1.82,2026-09-11T12:30:44+00:00
TT|1575159|H|3.5,1575159,Bundesliga,78,2026-09-11T13:29:19Z,2026-09-13T13:30:00Z,2880.7,RB Leipzig,Hamburger SV,H,RB Leipzig,3.5,16,Total - Home,3.5,1.28,0.26778243,0.73221757,0.26778243,-0.00000000,Marathonbet,3.48,1.28,2026-09-11T12:30:44+00:00
TT|1575159|H|4.5,1575159,Bundesliga,78,2026-09-11T13:29:19Z,2026-09-13T13:30:00Z,2880.7,RB Leipzig,Hamburger SV,H,RB Leipzig,4.5,16,Total - Home,7.0,1.1,0.13580247,0.86419753,0.13580247,-0.00000000,Marathonbet,,,2026-09-11T12:30:44+00:00
TT|1575159|H|5.5,1575159,Bundesliga,78,2026-09-11T13:29:19Z,2026-09-13T13:30:00Z,2880.7,RB Leipzig,Hamburger SV,H,RB Leipzig,5.5,16,Total - Home,17.0,1.02,0.05660377,0.94339623,0.05660377,0.00000000,Marathonbet,,,2026-09-11T12:30:44+00:00
TT|1575159|A|0.5,1575159,Bundesliga,78,2026-09-11T13:29:19Z,2026-09-13T13:30:00Z,2880.7,RB Leipzig,Hamburger SV,A,Hamburger SV,0.5,17,Total - Away,1.5,2.5,0.62500000,0.37500000,0.62500000,0.00000000,Marathonbet,1.5,2.41,2026-09-11T12:30:44+00:00
TT|1575159|A|1.5,1575159,Bundesliga,78,2026-09-11T13:29:19Z,2026-09-13T13:30:00Z,2880.7,RB Leipzig,Hamburger SV,A,Hamburger SV,1.5,17,Total - Away,3.5,1.28,0.26778243,0.73221757,0.26778243,-0.00000000,Marathonbet,3.62,1.28,2026-09-11T12:30:44+00:00
TT|1575159|A|2.5,1575159,Bundesliga,78,2026-09-11T13:29:19Z,2026-09-13T13:30:00Z,2880.7,RB Leipzig,Hamburger SV,A,Hamburger SV,2.5,17,Total - Away,11.0,1.05,0.08713693,0.91286307,0.08713693,-0.00000000,Marathonbet,10.25,1.03,2026-09-11T12:30:44+00:00
TT|1575159|A|3.5,1575159,Bundesliga,78,2026-09-11T13:29:19Z,2026-09-13T13:30:00Z,2880.7,RB Leipzig,Hamburger SV,A,Hamburger SV,3.5,17,Total - Away,29.0,1.01,0.03365545,0.96634455,0.03365545,-0.00000000,Marathonbet,,,2026-09-11T12:30:44+00:00
TT|1575166|H|0.5,1575166,Bundesliga,78,2026-09-11T13:29:19Z,2026-09-13T15:30:00Z,3000.7,SV Elversberg,Bayern München,H,SV Elversberg,0.5,16,Total - Home,1.5,2.5,0.62500000,0.37500000,0.62500000,0.00000000,Marathonbet,1.5,2.41,2026-09-11T09:52:15+00:00
TT|1575166|H|1.5,1575166,Bundesliga,78,2026-09-11T13:29:19Z,2026-09-13T15:30:00Z,3000.7,SV Elversberg,Bayern München,H,SV Elversberg,1.5,16,Total - Home,3.5,1.28,0.26778243,0.73221757,0.26778243,-0.00000000,Marathonbet,3.65,1.28,2026-09-11T09:52:15+00:00
TT|1575166|H|2.5,1575166,Bundesliga,78,2026-09-11T13:29:19Z,2026-09-13T15:30:00Z,3000.7,SV Elversberg,Bayern München,H,SV Elversberg,2.5,16,Total - Home,10.0,1.06,0.09584087,0.90415913,0.09584087,-0.00000000,Marathonbet,10.75,1.02,2026-09-11T09:52:15+00:00
TT|1575166|H|3.5,1575166,Bundesliga,78,2026-09-11T13:29:19Z,2026-09-13T15:30:00Z,3000.7,SV Elversberg,Bayern München,H,SV Elversberg,3.5,16,Total - Home,29.0,1.01,0.03365545,0.96634455,0.03365545,-0.00000000,Marathonbet,,,2026-09-11T09:52:15+00:00
TT|1575166|A|0.5,1575166,Bundesliga,78,2026-09-11T13:29:19Z,2026-09-13T15:30:00Z,3000.7,SV Elversberg,Bayern München,A,Bayern München,0.5,17,Total - Away,1.01,21.0,0.95411177,0.04588823,0.95411177,-0.00000000,Marathonbet,,,2026-09-11T09:52:15+00:00
TT|1575166|A|1.5,1575166,Bundesliga,78,2026-09-11T13:29:19Z,2026-09-13T15:30:00Z,3000.7,SV Elversberg,Bayern München,A,Bayern München,1.5,17,Total - Away,1.11,6.5,0.85413929,0.14586071,0.85413929,0.00000000,Marathonbet,1.12,5.55,2026-09-11T09:52:15+00:00
TT|1575166|A|2.5,1575166,Bundesliga,78,2026-09-11T13:29:19Z,2026-09-13T15:30:00Z,3000.7,SV Elversberg,Bayern München,A,Bayern München,2.5,17,Total - Away,1.4,2.75,0.66265060,0.33734940,0.66265060,0.00000000,Marathonbet,1.41,2.8,2026-09-11T09:52:15+00:00
TT|1575166|A|3.5,1575166,Bundesliga,78,2026-09-11T13:29:19Z,2026-09-13T15:30:00Z,3000.7,SV Elversberg,Bayern München,A,Bayern München,3.5,17,Total - Away,2.0,1.73,0.46380697,0.53619303,0.46380697,0.00000000,Marathonbet,2.03,1.8,2026-09-11T09:52:15+00:00
TT|1575166|A|4.5,1575166,Bundesliga,78,2026-09-11T13:29:19Z,2026-09-13T15:30:00Z,3000.7,SV Elversberg,Bayern München,A,Bayern München,4.5,17,Total - Away,3.4,1.3,0.27659574,0.72340426,0.27659574,0.00000000,Marathonbet,3.18,1.33,2026-09-11T09:52:15+00:00
TT|1575166|A|5.5,1575166,Bundesliga,78,2026-09-11T13:29:19Z,2026-09-13T15:30:00Z,3000.7,SV Elversberg,Bayern München,A,Bayern München,5.5,17,Total - Away,6.0,1.12,0.15730337,0.84269663,0.15730337,0.00000000,Marathonbet,,,2026-09-11T09:52:15+00:00
TT|1575166|A|6.5,1575166,Bundesliga,78,2026-09-11T13:29:19Z,2026-09-13T15:30:00Z,3000.7,SV Elversberg,Bayern München,A,Bayern München,6.5,17,Total - Away,13.0,1.04,0.07407407,0.92592593,0.07407407,0.00000000,Marathonbet,,,2026-09-11T09:52:15+00:00
TT|1575166|A|7.5,1575166,Bundesliga,78,2026-09-11T13:29:19Z,2026-09-13T15:30:00Z,3000.7,SV Elversberg,Bayern München,A,Bayern München,7.5,17,Total - Away,23.0,1.01,0.04206581,0.95793419,0.04206581,-0.00000000,Marathonbet,,,2026-09-11T09:52:15+00:00
TT|1552763|H|0.5,1552763,Ligue 1,61,2026-09-11T13:29:19Z,2026-09-11T18:45:00Z,315.7,Rennes,Marseille,H,Rennes,0.5,16,Total - Home,1.12,6.0,0.84269663,0.15730337,0.84269663,-0.00000000,Marathonbet,,,2026-09-11T12:00:44+00:00
TT|1552763|H|1.5,1552763,Ligue 1,61,2026-09-11T13:29:19Z,2026-09-11T18:45:00Z,315.7,Rennes,Marseille,H,Rennes,1.5,16,Total - Home,1.62,2.2,0.57591623,0.42408377,0.57591623,0.00000000,Marathonbet,1.68,2.2,2026-09-11T12:00:44+00:00
TT|1552763|H|2.5,1552763,Ligue 1,61,2026-09-11T13:29:19Z,2026-09-11T18:45:00Z,315.7,Rennes,Marseille,H,Rennes,2.5,16,Total - Home,3.0,1.36,0.31192661,0.68807339,0.31192661,-0.00000000,Marathonbet,3.02,1.36,2026-09-11T12:00:44+00:00
TT|1552763|H|3.5,1552763,Ligue 1,61,2026-09-11T13:29:19Z,2026-09-11T18:45:00Z,315.7,Rennes,Marseille,H,Rennes,3.5,16,Total - Home,6.5,1.11,0.14586071,0.85413929,0.14586071,-0.00000000,Marathonbet,6.4,1.08,2026-09-11T12:00:44+00:00
TT|1552763|H|4.5,1552763,Ligue 1,61,2026-09-11T13:29:19Z,2026-09-11T18:45:00Z,315.7,Rennes,Marseille,H,Rennes,4.5,16,Total - Home,17.0,1.02,0.05660377,0.94339623,0.05660377,0.00000000,Marathonbet,,,2026-09-11T12:00:44+00:00
TT|1552763|A|0.5,1552763,Ligue 1,61,2026-09-11T13:29:19Z,2026-09-11T18:45:00Z,315.7,Rennes,Marseille,A,Marseille,0.5,17,Total - Away,1.25,3.75,0.75000000,0.25000000,0.75000000,0.00000000,Marathonbet,1.24,3.64,2026-09-11T12:00:44+00:00
TT|1552763|A|1.5,1552763,Ligue 1,61,2026-09-11T13:29:19Z,2026-09-11T18:45:00Z,315.7,Rennes,Marseille,A,Marseille,1.5,17,Total - Away,2.2,1.62,0.42408377,0.57591623,0.42408377,-0.00000000,Marathonbet,2.29,1.63,2026-09-11T12:00:44+00:00
TT|1552763|A|2.5,1552763,Ligue 1,61,2026-09-11T13:29:19Z,2026-09-11T18:45:00Z,315.7,Rennes,Marseille,A,Marseille,2.5,17,Total - Away,5.5,1.14,0.17168675,0.82831325,0.17168675,-0.00000000,Marathonbet,5.2,1.14,2026-09-11T12:00:44+00:00
TT|1552763|A|3.5,1552763,Ligue 1,61,2026-09-11T13:29:19Z,2026-09-11T18:45:00Z,315.7,Rennes,Marseille,A,Marseille,3.5,17,Total - Away,15.0,1.03,0.06425452,0.93574548,0.06425452,0.00000000,Marathonbet,,,2026-09-11T12:00:44+00:00
TT|1552764|H|0.5,1552764,Ligue 1,61,2026-09-11T13:29:19Z,2026-09-12T15:15:00Z,1545.7,Strasbourg,Monaco,H,Strasbourg,0.5,16,Total - Home,1.25,3.75,0.75000000,0.25000000,0.75000000,0.00000000,Marathonbet,1.28,3.34,2026-09-11T13:18:17+00:00
TT|1552764|H|1.5,1552764,Ligue 1,61,2026-09-11T13:29:19Z,2026-09-12T15:15:00Z,1545.7,Strasbourg,Monaco,H,Strasbourg,1.5,16,Total - Home,2.2,1.62,0.42408377,0.57591623,0.42408377,-0.00000000,Marathonbet,2.31,1.62,2026-09-11T13:18:17+00:00
TT|1552764|H|2.5,1552764,Ligue 1,61,2026-09-11T13:29:19Z,2026-09-12T15:15:00Z,1545.7,Strasbourg,Monaco,H,Strasbourg,2.5,16,Total - Home,5.0,1.17,0.18962723,0.81037277,0.18962723,-0.00000000,Marathonbet,5.2,1.14,2026-09-11T13:18:17+00:00
TT|1552764|H|3.5,1552764,Ligue 1,61,2026-09-11T13:29:19Z,2026-09-12T15:15:00Z,1545.7,Strasbourg,Monaco,H,Strasbourg,3.5,16,Total - Home,13.0,1.04,0.07407407,0.92592593,0.07407407,0.00000000,Marathonbet,,,2026-09-11T13:18:17+00:00
TT|1552764|A|0.5,1552764,Ligue 1,61,2026-09-11T13:29:19Z,2026-09-12T15:15:00Z,1545.7,Strasbourg,Monaco,A,Monaco,0.5,17,Total - Away,1.17,5.0,0.81037277,0.18962723,0.81037277,0.00000000,Marathonbet,,,2026-09-11T13:18:17+00:00
TT|1552764|A|1.5,1552764,Ligue 1,61,2026-09-11T13:29:19Z,2026-09-12T15:15:00Z,1545.7,Strasbourg,Monaco,A,Monaco,1.5,17,Total - Away,1.8,1.91,0.51482480,0.48517520,0.51482480,-0.00000000,Marathonbet,1.83,1.99,2026-09-11T13:18:17+00:00
TT|1552764|A|2.5,1552764,Ligue 1,61,2026-09-11T13:29:19Z,2026-09-12T15:15:00Z,1545.7,Strasbourg,Monaco,A,Monaco,2.5,17,Total - Away,3.5,1.28,0.26778243,0.73221757,0.26778243,-0.00000000,Marathonbet,3.5,1.28,2026-09-11T13:18:17+00:00
TT|1552764|A|3.5,1552764,Ligue 1,61,2026-09-11T13:29:19Z,2026-09-12T15:15:00Z,1545.7,Strasbourg,Monaco,A,Monaco,3.5,17,Total - Away,9.0,1.07,0.10625621,0.89374379,0.10625621,-0.00000000,Marathonbet,7.4,1.06,2026-09-11T13:18:17+00:00
TT|1552764|A|4.5,1552764,Ligue 1,61,2026-09-11T13:29:19Z,2026-09-12T15:15:00Z,1545.7,Strasbourg,Monaco,A,Monaco,4.5,17,Total - Away,21.0,1.01,0.04588823,0.95411177,0.04588823,0.00000000,Marathonbet,,,2026-09-11T13:18:17+00:00
TT|1552761|H|0.5,1552761,Ligue 1,61,2026-09-11T13:29:19Z,2026-09-12T18:45:00Z,1755.7,Lorient,Toulouse,H,Lorient,0.5,16,Total - Home,1.28,3.5,0.73221757,0.26778243,0.73221757,0.00000000,Marathonbet,1.27,3.4,2026-09-11T08:15:48+00:00
TT|1552761|H|1.5,1552761,Ligue 1,61,2026-09-11T13:29:19Z,2026-09-12T18:45:00Z,1755.7,Lorient,Toulouse,H,Lorient,1.5,16,Total - Home,2.38,1.53,0.39130435,0.60869565,0.39130435,-0.00000000,Marathonbet,2.39,1.57,2026-09-11T08:15:48+00:00
TT|1552761|H|2.5,1552761,Ligue 1,61,2026-09-11T13:29:19Z,2026-09-12T18:45:00Z,1755.7,Lorient,Toulouse,H,Lorient,2.5,16,Total - Home,6.0,1.12,0.15730337,0.84269663,0.15730337,0.00000000,Marathonbet,5.35,1.12,2026-09-11T08:15:48+00:00
TT|1552761|H|3.5,1552761,Ligue 1,61,2026-09-11T13:29:19Z,2026-09-12T18:45:00Z,1755.7,Lorient,Toulouse,H,Lorient,3.5,16,Total - Home,17.0,1.02,0.05660377,0.94339623,0.05660377,0.00000000,Marathonbet,,,2026-09-11T08:15:48+00:00
TT|1552761|A|0.5,1552761,Ligue 1,61,2026-09-11T13:29:19Z,2026-09-12T18:45:00Z,1755.7,Lorient,Toulouse,A,Toulouse,0.5,17,Total - Away,1.3,3.4,0.72340426,0.27659574,0.72340426,-0.00000000,Marathonbet,1.3,3.2,2026-09-11T08:15:48+00:00
TT|1552761|A|1.5,1552761,Ligue 1,61,2026-09-11T13:29:19Z,2026-09-12T18:45:00Z,1755.7,Lorient,Toulouse,A,Toulouse,1.5,17,Total - Away,2.5,1.5,0.37500000,0.62500000,0.37500000,0.00000000,Marathonbet,2.52,1.52,2026-09-11T08:15:48+00:00
TT|1552761|A|2.5,1552761,Ligue 1,61,2026-09-11T13:29:19Z,2026-09-12T18:45:00Z,1755.7,Lorient,Toulouse,A,Toulouse,2.5,17,Total - Away,6.0,1.12,0.15730337,0.84269663,0.15730337,0.00000000,Marathonbet,5.8,1.11,2026-09-11T08:15:48+00:00
TT|1552761|A|3.5,1552761,Ligue 1,61,2026-09-11T13:29:19Z,2026-09-12T18:45:00Z,1755.7,Lorient,Toulouse,A,Toulouse,3.5,17,Total - Away,17.0,1.02,0.05660377,0.94339623,0.05660377,0.00000000,Marathonbet,,,2026-09-11T08:15:48+00:00
TT|1552756|H|0.5,1552756,Ligue 1,61,2026-09-11T13:29:19Z,2026-09-12T18:45:00Z,1755.7,Auxerre,Nice,H,Auxerre,0.5,16,Total - Home,1.28,3.5,0.73221757,0.26778243,0.73221757,0.00000000,Marathonbet,1.28,3.34,2026-09-11T08:15:48+00:00
TT|1552756|H|1.5,1552756,Ligue 1,61,2026-09-11T13:29:19Z,2026-09-12T18:45:00Z,1755.7,Auxerre,Nice,H,Auxerre,1.5,16,Total - Home,2.38,1.53,0.39130435,0.60869565,0.39130435,-0.00000000,Marathonbet,2.42,1.56,2026-09-11T08:15:48+00:00
TT|1552756|H|2.5,1552756,Ligue 1,61,2026-09-11T13:29:19Z,2026-09-12T18:45:00Z,1755.7,Auxerre,Nice,H,Auxerre,2.5,16,Total - Home,6.0,1.12,0.15730337,0.84269663,0.15730337,0.00000000,Marathonbet,5.45,1.12,2026-09-11T08:15:48+00:00
TT|1552756|H|3.5,1552756,Ligue 1,61,2026-09-11T13:29:19Z,2026-09-12T18:45:00Z,1755.7,Auxerre,Nice,H,Auxerre,3.5,16,Total - Home,17.0,1.02,0.05660377,0.94339623,0.05660377,0.00000000,Marathonbet,,,2026-09-11T08:15:48+00:00
TT|1552756|A|0.5,1552756,Ligue 1,61,2026-09-11T13:29:19Z,2026-09-12T18:45:00Z,1755.7,Auxerre,Nice,A,Nice,0.5,17,Total - Away,1.3,3.4,0.72340426,0.27659574,0.72340426,-0.00000000,Marathonbet,1.3,3.2,2026-09-11T08:15:48+00:00
TT|1552756|A|1.5,1552756,Ligue 1,61,2026-09-11T13:29:19Z,2026-09-12T18:45:00Z,1755.7,Auxerre,Nice,A,Nice,1.5,17,Total - Away,2.5,1.5,0.37500000,0.62500000,0.37500000,0.00000000,Marathonbet,2.49,1.53,2026-09-11T08:15:48+00:00
TT|1552756|A|2.5,1552756,Ligue 1,61,2026-09-11T13:29:19Z,2026-09-12T18:45:00Z,1755.7,Auxerre,Nice,A,Nice,2.5,17,Total - Away,6.0,1.12,0.15730337,0.84269663,0.15730337,0.00000000,Marathonbet,5.8,1.11,2026-09-11T08:15:48+00:00
TT|1552756|A|3.5,1552756,Ligue 1,61,2026-09-11T13:29:19Z,2026-09-12T18:45:00Z,1755.7,Auxerre,Nice,A,Nice,3.5,17,Total - Away,17.0,1.02,0.05660377,0.94339623,0.05660377,0.00000000,Marathonbet,,,2026-09-11T08:15:48+00:00
TT|1552758|H|0.5,1552758,Ligue 1,61,2026-09-11T13:29:19Z,2026-09-12T18:45:00Z,1755.7,Le Havre,Angers,H,Le Havre,0.5,16,Total - Home,1.3,3.4,0.72340426,0.27659574,0.72340426,-0.00000000,Marathonbet,1.3,3.2,2026-09-11T13:18:18+00:00
TT|1552758|H|1.5,1552758,Ligue 1,61,2026-09-11T13:29:19Z,2026-09-12T18:45:00Z,1755.7,Le Havre,Angers,H,Le Havre,1.5,16,Total - Home,2.5,1.5,0.37500000,0.62500000,0.37500000,0.00000000,Marathonbet,2.52,1.52,2026-09-11T13:18:18+00:00
TT|1552758|H|2.5,1552758,Ligue 1,61,2026-09-11T13:29:19Z,2026-09-12T18:45:00Z,1755.7,Le Havre,Angers,H,Le Havre,2.5,16,Total - Home,6.5,1.11,0.14586071,0.85413929,0.14586071,-0.00000000,Marathonbet,5.8,1.11,2026-09-11T13:18:18+00:00
TT|1552758|H|3.5,1552758,Ligue 1,61,2026-09-11T13:29:19Z,2026-09-12T18:45:00Z,1755.7,Le Havre,Angers,H,Le Havre,3.5,16,Total - Home,19.0,1.02,0.05094905,0.94905095,0.05094905,0.00000000,Marathonbet,,,2026-09-11T13:18:18+00:00
TT|1552758|A|0.5,1552758,Ligue 1,61,2026-09-11T13:29:19Z,2026-09-12T18:45:00Z,1755.7,Le Havre,Angers,A,Angers,0.5,17,Total - Away,1.36,3.0,0.68807339,0.31192661,0.68807339,0.00000000,Marathonbet,1.35,2.93,2026-09-11T13:18:18+00:00
TT|1552758|A|1.5,1552758,Ligue 1,61,2026-09-11T13:29:19Z,2026-09-12T18:45:00Z,1755.7,Le Havre,Angers,A,Angers,1.5,17,Total - Away,2.62,1.44,0.35467980,0.64532020,0.35467980,0.00000000,Marathonbet,2.77,1.44,2026-09-11T13:18:18+00:00
TT|1552758|A|2.5,1552758,Ligue 1,61,2026-09-11T13:29:19Z,2026-09-12T18:45:00Z,1755.7,Le Havre,Angers,A,Angers,2.5,17,Total - Away,7.0,1.1,0.13580247,0.86419753,0.13580247,-0.00000000,Marathonbet,6.65,1.08,2026-09-11T13:18:18+00:00
TT|1552758|A|3.5,1552758,Ligue 1,61,2026-09-11T13:29:19Z,2026-09-12T18:45:00Z,1755.7,Le Havre,Angers,A,Angers,3.5,17,Total - Away,19.0,1.02,0.05094905,0.94905095,0.05094905,0.00000000,Marathonbet,,,2026-09-11T13:18:18+00:00
TT|1552762|H|0.5,1552762,Ligue 1,61,2026-09-11T13:29:19Z,2026-09-12T18:45:00Z,1755.7,Paris FC,Lyon,H,Paris FC,0.5,16,Total - Home,1.22,4.0,0.76628352,0.23371648,0.76628352,0.00000000,Marathonbet,1.28,3.34,2026-09-11T08:15:48+00:00
TT|1552762|H|1.5,1552762,Ligue 1,61,2026-09-11T13:29:19Z,2026-09-12T18:45:00Z,1755.7,Paris FC,Lyon,H,Paris FC,1.5,16,Total - Home,2.1,1.67,0.44297082,0.55702918,0.44297082,0.00000000,Marathonbet,2.17,1.7,2026-09-11T08:15:48+00:00
TT|1552762|H|2.5,1552762,Ligue 1,61,2026-09-11T13:29:19Z,2026-09-12T18:45:00Z,1755.7,Paris FC,Lyon,H,Paris FC,2.5,16,Total - Home,4.5,1.18,0.20774648,0.79225352,0.20774648,-0.00000000,Marathonbet,4.7,1.17,2026-09-11T08:15:48+00:00
TT|1552762|H|3.5,1552762,Ligue 1,61,2026-09-11T13:29:19Z,2026-09-12T18:45:00Z,1755.7,Paris FC,Lyon,H,Paris FC,3.5,16,Total - Home,13.0,1.04,0.07407407,0.92592593,0.07407407,0.00000000,Marathonbet,10.5,1.01,2026-09-11T08:15:48+00:00
TT|1552762|H|4.5,1552762,Ligue 1,61,2026-09-11T13:29:19Z,2026-09-12T18:45:00Z,1755.7,Paris FC,Lyon,H,Paris FC,4.5,16,Total - Home,29.0,1.01,0.03365545,0.96634455,0.03365545,-0.00000000,Marathonbet,,,2026-09-11T08:15:48+00:00
TT|1552762|A|0.5,1552762,Ligue 1,61,2026-09-11T13:29:19Z,2026-09-12T18:45:00Z,1755.7,Paris FC,Lyon,A,Lyon,0.5,17,Total - Away,1.22,4.0,0.76628352,0.23371648,0.76628352,0.00000000,Marathonbet,,,2026-09-11T08:15:48+00:00
TT|1552762|A|1.5,1552762,Ligue 1,61,2026-09-11T13:29:19Z,2026-09-12T18:45:00Z,1755.7,Paris FC,Lyon,A,Lyon,1.5,17,Total - Away,2.1,1.67,0.44297082,0.55702918,0.44297082,0.00000000,Marathonbet,2.13,1.73,2026-09-11T08:15:48+00:00
TT|1552762|A|2.5,1552762,Ligue 1,61,2026-09-11T13:29:19Z,2026-09-12T18:45:00Z,1755.7,Paris FC,Lyon,A,Lyon,2.5,17,Total - Away,4.5,1.18,0.20774648,0.79225352,0.20774648,-0.00000000,Marathonbet,4.55,1.18,2026-09-11T08:15:48+00:00
TT|1552762|A|3.5,1552762,Ligue 1,61,2026-09-11T13:29:19Z,2026-09-12T18:45:00Z,1755.7,Paris FC,Lyon,A,Lyon,3.5,17,Total - Away,13.0,1.04,0.07407407,0.92592593,0.07407407,0.00000000,Marathonbet,9.9,1.02,2026-09-11T08:15:48+00:00
TT|1552762|A|4.5,1552762,Ligue 1,61,2026-09-11T13:29:19Z,2026-09-12T18:45:00Z,1755.7,Paris FC,Lyon,A,Lyon,4.5,17,Total - Away,29.0,1.01,0.03365545,0.96634455,0.03365545,-0.00000000,Marathonbet,,,2026-09-11T08:15:48+00:00
TT|1552760|H|0.5,1552760,Ligue 1,61,2026-09-11T13:29:19Z,2026-09-13T13:00:00Z,2850.7,Lille,Estac Troyes,H,Lille,0.5,16,Total - Home,1.08,8.0,0.88105727,0.11894273,0.88105727,-0.00000000,Marathonbet,,,2026-09-11T13:18:17+00:00
TT|1552760|H|1.5,1552760,Ligue 1,61,2026-09-11T13:29:19Z,2026-09-13T13:00:00Z,2850.7,Lille,Estac Troyes,H,Lille,1.5,16,Total - Home,1.5,2.5,0.62500000,0.37500000,0.62500000,0.00000000,Marathonbet,1.53,2.49,2026-09-11T13:18:17+00:00
TT|1552760|H|2.5,1552760,Ligue 1,61,2026-09-11T13:29:19Z,2026-09-13T13:00:00Z,2850.7,Lille,Estac Troyes,H,Lille,2.5,16,Total - Home,2.5,1.5,0.37500000,0.62500000,0.37500000,0.00000000,Marathonbet,2.6,1.49,2026-09-11T13:18:17+00:00
TT|1552760|H|3.5,1552760,Ligue 1,61,2026-09-11T13:29:19Z,2026-09-13T13:00:00Z,2850.7,Lille,Estac Troyes,H,Lille,3.5,16,Total - Home,5.0,1.17,0.18962723,0.81037277,0.18962723,-0.00000000,Marathonbet,5.05,1.14,2026-09-11T13:18:17+00:00
TT|1552760|H|4.5,1552760,Ligue 1,61,2026-09-11T13:29:19Z,2026-09-13T13:00:00Z,2850.7,Lille,Estac Troyes,H,Lille,4.5,16,Total - Home,11.0,1.05,0.08713693,0.91286307,0.08713693,-0.00000000,Marathonbet,,,2026-09-11T13:18:17+00:00
TT|1552760|H|5.5,1552760,Ligue 1,61,2026-09-11T13:29:19Z,2026-09-13T13:00:00Z,2850.7,Lille,Estac Troyes,H,Lille,5.5,16,Total - Home,26.0,1.01,0.03739356,0.96260644,0.03739356,-0.00000000,Marathonbet,,,2026-09-11T13:18:17+00:00
TT|1552760|A|0.5,1552760,Ligue 1,61,2026-09-11T13:29:19Z,2026-09-13T13:00:00Z,2850.7,Lille,Estac Troyes,A,Estac Troyes,0.5,17,Total - Away,1.73,2.0,0.53619303,0.46380697,0.53619303,-0.00000000,Marathonbet,1.67,2.07,2026-09-11T13:18:17+00:00
TT|1552760|A|1.5,1552760,Ligue 1,61,2026-09-11T13:29:19Z,2026-09-13T13:00:00Z,2850.7,Lille,Estac Troyes,A,Estac Troyes,1.5,17,Total - Away,4.5,1.18,0.20774648,0.79225352,0.20774648,-0.00000000,Marathonbet,4.55,1.2,2026-09-11T13:18:17+00:00
TT|1552760|A|2.5,1552760,Ligue 1,61,2026-09-11T13:29:19Z,2026-09-13T13:00:00Z,2850.7,Lille,Estac Troyes,A,Estac Troyes,2.5,17,Total - Away,17.0,1.02,0.05660377,0.94339623,0.05660377,0.00000000,Marathonbet,12.75,1.01,2026-09-11T13:18:17+00:00
TT|1552759|H|0.5,1552759,Ligue 1,61,2026-09-11T13:29:19Z,2026-09-13T15:15:00Z,2985.7,Le Mans,Lens,H,Le Mans,0.5,16,Total - Home,1.44,2.62,0.64532020,0.35467980,0.64532020,-0.00000000,Marathonbet,1.44,2.57,2026-09-11T05:04:16+00:00
TT|1552759|H|1.5,1552759,Ligue 1,61,2026-09-11T13:29:19Z,2026-09-13T15:15:00Z,2985.7,Le Mans,Lens,H,Le Mans,1.5,16,Total - Home,3.4,1.3,0.27659574,0.72340426,0.27659574,0.00000000,Marathonbet,3.3,1.33,2026-09-11T05:04:16+00:00
TT|1552759|H|2.5,1552759,Ligue 1,61,2026-09-11T13:29:19Z,2026-09-13T15:15:00Z,2985.7,Le Mans,Lens,H,Le Mans,2.5,16,Total - Home,10.0,1.06,0.09584087,0.90415913,0.09584087,-0.00000000,Marathonbet,9.1,1.04,2026-09-11T05:04:16+00:00
TT|1552759|H|3.5,1552759,Ligue 1,61,2026-09-11T13:29:19Z,2026-09-13T15:15:00Z,2985.7,Le Mans,Lens,H,Le Mans,3.5,16,Total - Home,26.0,1.01,0.03739356,0.96260644,0.03739356,-0.00000000,Marathonbet,,,2026-09-11T05:04:16+00:00
TT|1552759|A|0.5,1552759,Ligue 1,61,2026-09-11T13:29:19Z,2026-09-13T15:15:00Z,2985.7,Le Mans,Lens,A,Lens,0.5,17,Total - Away,1.12,6.0,0.84269663,0.15730337,0.84269663,-0.00000000,Marathonbet,,,2026-09-11T05:04:16+00:00
TT|1552759|A|1.5,1552759,Ligue 1,61,2026-09-11T13:29:19Z,2026-09-13T15:15:00Z,2985.7,Le Mans,Lens,A,Lens,1.5,17,Total - Away,1.62,2.2,0.57591623,0.42408377,0.57591623,0.00000000,Marathonbet,1.65,2.23,2026-09-11T05:04:16+00:00
TT|1552759|A|2.5,1552759,Ligue 1,61,2026-09-11T13:29:19Z,2026-09-13T15:15:00Z,2985.7,Le Mans,Lens,A,Lens,2.5,17,Total - Away,3.0,1.36,0.31192661,0.68807339,0.31192661,-0.00000000,Marathonbet,2.98,1.39,2026-09-11T05:04:16+00:00
TT|1552759|A|3.5,1552759,Ligue 1,61,2026-09-11T13:29:19Z,2026-09-13T15:15:00Z,2985.7,Le Mans,Lens,A,Lens,3.5,17,Total - Away,6.5,1.11,0.14586071,0.85413929,0.14586071,-0.00000000,Marathonbet,6.3,1.1,2026-09-11T05:04:16+00:00
TT|1552759|A|4.5,1552759,Ligue 1,61,2026-09-11T13:29:19Z,2026-09-13T15:15:00Z,2985.7,Le Mans,Lens,A,Lens,4.5,17,Total - Away,15.0,1.03,0.06425452,0.93574548,0.06425452,0.00000000,Marathonbet,,,2026-09-11T05:04:16+00:00
TT|1552757|H|0.5,1552757,Ligue 1,61,2026-09-11T13:29:19Z,2026-09-13T18:45:00Z,3195.7,Stade Brestois 29,Paris Saint Germain,H,Stade Brestois 29,0.5,16,Total - Home,1.67,2.1,0.55702918,0.44297082,0.55702918,-0.00000000,Marathonbet,1.65,2.11,2026-09-11T13:18:17+00:00
TT|1552757|H|1.5,1552757,Ligue 1,61,2026-09-11T13:29:19Z,2026-09-13T18:45:00Z,3195.7,Stade Brestois 29,Paris Saint Germain,H,Stade Brestois 29,1.5,16,Total - Home,4.33,1.2,0.21699819,0.78300181,0.21699819,0.00000000,Marathonbet,4.55,1.2,2026-09-11T13:18:17+00:00
TT|1552757|H|2.5,1552757,Ligue 1,61,2026-09-11T13:29:19Z,2026-09-13T18:45:00Z,3195.7,Stade Brestois 29,Paris Saint Germain,H,Stade Brestois 29,2.5,16,Total - Home,15.0,1.03,0.06425452,0.93574548,0.06425452,0.00000000,Marathonbet,,,2026-09-11T13:18:17+00:00
TT|1552757|A|0.5,1552757,Ligue 1,61,2026-09-11T13:29:19Z,2026-09-13T18:45:00Z,3195.7,Stade Brestois 29,Paris Saint Germain,A,Paris Saint Germain,0.5,17,Total - Away,1.04,13.0,0.92592593,0.07407407,0.92592593,-0.00000000,Marathonbet,,,2026-09-11T13:18:17+00:00
TT|1552757|A|1.5,1552757,Ligue 1,61,2026-09-11T13:29:19Z,2026-09-13T18:45:00Z,3195.7,Stade Brestois 29,Paris Saint Germain,A,Paris Saint Germain,1.5,17,Total - Away,1.28,3.5,0.73221757,0.26778243,0.73221757,0.00000000,Marathonbet,1.26,3.66,2026-09-11T13:18:17+00:00
TT|1552757|A|2.5,1552757,Ligue 1,61,2026-09-11T13:29:19Z,2026-09-13T18:45:00Z,3195.7,Stade Brestois 29,Paris Saint Germain,A,Paris Saint Germain,2.5,17,Total - Away,1.83,1.83,0.50000000,0.50000000,0.50000000,0.00000000,Marathonbet,1.87,1.94,2026-09-11T13:18:17+00:00
TT|1552757|A|3.5,1552757,Ligue 1,61,2026-09-11T13:29:19Z,2026-09-13T18:45:00Z,3195.7,Stade Brestois 29,Paris Saint Germain,A,Paris Saint Germain,3.5,17,Total - Away,3.25,1.33,0.29039301,0.70960699,0.29039301,0.00000000,Marathonbet,3.12,1.34,2026-09-11T13:18:17+00:00
TT|1552757|A|4.5,1552757,Ligue 1,61,2026-09-11T13:29:19Z,2026-09-13T18:45:00Z,3195.7,Stade Brestois 29,Paris Saint Germain,A,Paris Saint Germain,4.5,17,Total - Away,6.5,1.11,0.14586071,0.85413929,0.14586071,-0.00000000,Marathonbet,,,2026-09-11T13:18:17+00:00
TT|1552757|A|5.5,1552757,Ligue 1,61,2026-09-11T13:29:19Z,2026-09-13T18:45:00Z,3195.7,Stade Brestois 29,Paris Saint Germain,A,Paris Saint Germain,5.5,17,Total - Away,15.0,1.03,0.06425452,0.93574548,0.06425452,0.00000000,Marathonbet,,,2026-09-11T13:18:17+00:00
TT|1552757|A|6.5,1552757,Ligue 1,61,2026-09-11T13:29:19Z,2026-09-13T18:45:00Z,3195.7,Stade Brestois 29,Paris Saint Germain,A,Paris Saint Germain,6.5,17,Total - Away,29.0,1.01,0.03365545,0.96634455,0.03365545,-0.00000000,Marathonbet,,,2026-09-11T13:18:17+00:00
TT|1561926|H|0.5,1561926,Austrian Bundesliga,218,2026-09-11T13:29:19Z,2026-09-11T17:30:00Z,240.7,Ried,Red Bull Salzburg,H,Ried,0.5,16,Total - Home,1.44,2.62,0.64532020,0.35467980,0.64532020,-0.00000000,Marathonbet,1.42,2.61,2026-09-11T12:00:44+00:00
TT|1561926|H|1.5,1561926,Austrian Bundesliga,218,2026-09-11T13:29:19Z,2026-09-11T17:30:00Z,240.7,Ried,Red Bull Salzburg,H,Ried,1.5,16,Total - Home,3.25,1.33,0.29039301,0.70960699,0.29039301,0.00000000,Marathonbet,3.1,1.34,2026-09-11T12:00:44+00:00
TT|1561926|H|2.5,1561926,Austrian Bundesliga,218,2026-09-11T13:29:19Z,2026-09-11T17:30:00Z,240.7,Ried,Red Bull Salzburg,H,Ried,2.5,16,Total - Home,10.0,1.06,0.09584087,0.90415913,0.09584087,-0.00000000,Marathonbet,7.8,1.04,2026-09-11T12:00:44+00:00
TT|1561926|H|3.5,1561926,Austrian Bundesliga,218,2026-09-11T13:29:19Z,2026-09-11T17:30:00Z,240.7,Ried,Red Bull Salzburg,H,Ried,3.5,16,Total - Home,26.0,1.01,0.03739356,0.96260644,0.03739356,-0.00000000,Marathonbet,,,2026-09-11T12:00:44+00:00
TT|1561926|A|0.5,1561926,Austrian Bundesliga,218,2026-09-11T13:29:19Z,2026-09-11T17:30:00Z,240.7,Ried,Red Bull Salzburg,A,Red Bull Salzburg,0.5,17,Total - Away,1.08,8.0,0.88105727,0.11894273,0.88105727,-0.00000000,Marathonbet,,,2026-09-11T12:00:44+00:00
TT|1561926|A|1.5,1561926,Austrian Bundesliga,218,2026-09-11T13:29:19Z,2026-09-11T17:30:00Z,240.7,Ried,Red Bull Salzburg,A,Red Bull Salzburg,1.5,17,Total - Away,1.44,2.62,0.64532020,0.35467980,0.64532020,-0.00000000,Marathonbet,1.46,2.61,2026-09-11T12:00:44+00:00
TT|1561926|A|2.5,1561926,Austrian Bundesliga,218,2026-09-11T13:29:19Z,2026-09-11T17:30:00Z,240.7,Ried,Red Bull Salzburg,A,Red Bull Salzburg,2.5,17,Total - Away,2.38,1.53,0.39130435,0.60869565,0.39130435,-0.00000000,Marathonbet,2.36,1.55,2026-09-11T12:00:44+00:00
TT|1561926|A|3.5,1561926,Austrian Bundesliga,218,2026-09-11T13:29:19Z,2026-09-11T17:30:00Z,240.7,Ried,Red Bull Salzburg,A,Red Bull Salzburg,3.5,17,Total - Away,4.5,1.18,0.20774648,0.79225352,0.20774648,-0.00000000,Marathonbet,4.33,1.16,2026-09-11T12:00:44+00:00
TT|1561926|A|4.5,1561926,Austrian Bundesliga,218,2026-09-11T13:29:19Z,2026-09-11T17:30:00Z,240.7,Ried,Red Bull Salzburg,A,Red Bull Salzburg,4.5,17,Total - Away,11.0,1.05,0.08713693,0.91286307,0.08713693,-0.00000000,Marathonbet,,,2026-09-11T12:00:44+00:00
TT|1561926|A|5.5,1561926,Austrian Bundesliga,218,2026-09-11T13:29:19Z,2026-09-11T17:30:00Z,240.7,Ried,Red Bull Salzburg,A,Red Bull Salzburg,5.5,17,Total - Away,23.0,1.01,0.04206581,0.95793419,0.04206581,-0.00000000,Marathonbet,,,2026-09-11T12:00:44+00:00
TT|1561924|H|0.5,1561924,Austrian Bundesliga,218,2026-09-11T13:29:19Z,2026-09-12T15:00:00Z,1530.7,SCR Altach,Grazer AK,H,SCR Altach,0.5,16,Total - Home,1.22,4.0,0.76628352,0.23371648,0.76628352,0.00000000,Marathonbet,,,2026-09-11T09:31:18+00:00
TT|1561924|H|1.5,1561924,Austrian Bundesliga,218,2026-09-11T13:29:19Z,2026-09-12T15:00:00Z,1530.7,SCR Altach,Grazer AK,H,SCR Altach,1.5,16,Total - Home,2.0,1.73,0.46380697,0.53619303,0.46380697,0.00000000,Marathonbet,2.1,1.71,2026-09-11T09:31:18+00:00
TT|1561924|H|2.5,1561924,Austrian Bundesliga,218,2026-09-11T13:29:19Z,2026-09-12T15:00:00Z,1530.7,SCR Altach,Grazer AK,H,SCR Altach,2.5,16,Total - Home,4.5,1.18,0.20774648,0.79225352,0.20774648,-0.00000000,Marathonbet,4.5,1.17,2026-09-11T09:31:18+00:00
TT|1561924|H|3.5,1561924,Austrian Bundesliga,218,2026-09-11T13:29:19Z,2026-09-12T15:00:00Z,1530.7,SCR Altach,Grazer AK,H,SCR Altach,3.5,16,Total - Home,11.0,1.05,0.08713693,0.91286307,0.08713693,-0.00000000,Marathonbet,,,2026-09-11T09:31:18+00:00
TT|1561924|H|4.5,1561924,Austrian Bundesliga,218,2026-09-11T13:29:19Z,2026-09-12T15:00:00Z,1530.7,SCR Altach,Grazer AK,H,SCR Altach,4.5,16,Total - Home,29.0,1.01,0.03365545,0.96634455,0.03365545,-0.00000000,Marathonbet,,,2026-09-11T09:31:18+00:00
TT|1561924|A|0.5,1561924,Austrian Bundesliga,218,2026-09-11T13:29:19Z,2026-09-12T15:00:00Z,1530.7,SCR Altach,Grazer AK,A,Grazer AK,0.5,17,Total - Away,1.33,3.25,0.70960699,0.29039301,0.70960699,-0.00000000,Marathonbet,1.34,2.93,2026-09-11T09:31:18+00:00
TT|1561924|A|1.5,1561924,Austrian Bundesliga,218,2026-09-11T13:29:19Z,2026-09-12T15:00:00Z,1530.7,SCR Altach,Grazer AK,A,Grazer AK,1.5,17,Total - Away,2.62,1.44,0.35467980,0.64532020,0.35467980,0.00000000,Marathonbet,2.75,1.42,2026-09-11T09:31:18+00:00
TT|1561924|A|2.5,1561924,Austrian Bundesliga,218,2026-09-11T13:29:19Z,2026-09-12T15:00:00Z,1530.7,SCR Altach,Grazer AK,A,Grazer AK,2.5,17,Total - Away,7.0,1.1,0.13580247,0.86419753,0.13580247,-0.00000000,Marathonbet,6.8,1.06,2026-09-11T09:31:18+00:00
TT|1561924|A|3.5,1561924,Austrian Bundesliga,218,2026-09-11T13:29:19Z,2026-09-12T15:00:00Z,1530.7,SCR Altach,Grazer AK,A,Grazer AK,3.5,17,Total - Away,19.0,1.02,0.05094905,0.94905095,0.05094905,0.00000000,Marathonbet,,,2026-09-11T09:31:18+00:00
TT|1561929|H|0.5,1561929,Austrian Bundesliga,218,2026-09-11T13:29:19Z,2026-09-12T17:30:00Z,1680.7,Wolfsberger AC,Rapid Vienna,H,Wolfsberger AC,0.5,16,Total - Home,1.36,3.0,0.68807339,0.31192661,0.68807339,0.00000000,Marathonbet,1.34,2.93,2026-09-11T09:31:18+00:00
TT|1561929|H|1.5,1561929,Austrian Bundesliga,218,2026-09-11T13:29:19Z,2026-09-12T17:30:00Z,1680.7,Wolfsberger AC,Rapid Vienna,H,Wolfsberger AC,1.5,16,Total - Home,2.75,1.4,0.33734940,0.66265060,0.33734940,-0.00000000,Marathonbet,2.78,1.41,2026-09-11T09:31:18+00:00
TT|1561929|H|2.5,1561929,Austrian Bundesliga,218,2026-09-11T13:29:19Z,2026-09-12T17:30:00Z,1680.7,Wolfsberger AC,Rapid Vienna,H,Wolfsberger AC,2.5,16,Total - Home,8.0,1.08,0.11894273,0.88105727,0.11894273,0.00000000,Marathonbet,7.4,1.05,2026-09-11T09:31:18+00:00
TT|1561929|H|3.5,1561929,Austrian Bundesliga,218,2026-09-11T13:29:19Z,2026-09-12T17:30:00Z,1680.7,Wolfsberger AC,Rapid Vienna,H,Wolfsberger AC,3.5,16,Total - Home,21.0,1.01,0.04588823,0.95411177,0.04588823,0.00000000,Marathonbet,,,2026-09-11T09:31:18+00:00
TT|1561929|A|0.5,1561929,Austrian Bundesliga,218,2026-09-11T13:29:19Z,2026-09-12T17:30:00Z,1680.7,Wolfsberger AC,Rapid Vienna,A,Rapid Vienna,0.5,17,Total - Away,1.11,6.5,0.85413929,0.14586071,0.85413929,0.00000000,Marathonbet,,,2026-09-11T09:31:18+00:00
TT|1561929|A|1.5,1561929,Austrian Bundesliga,218,2026-09-11T13:29:19Z,2026-09-12T17:30:00Z,1680.7,Wolfsberger AC,Rapid Vienna,A,Rapid Vienna,1.5,17,Total - Away,1.57,2.25,0.58900524,0.41099476,0.58900524,-0.00000000,Marathonbet,1.57,2.32,2026-09-11T09:31:18+00:00
TT|1561929|A|2.5,1561929,Austrian Bundesliga,218,2026-09-11T13:29:19Z,2026-09-12T17:30:00Z,1680.7,Wolfsberger AC,Rapid Vienna,A,Rapid Vienna,2.5,17,Total - Away,2.75,1.4,0.33734940,0.66265060,0.33734940,-0.00000000,Marathonbet,2.78,1.41,2026-09-11T09:31:18+00:00
TT|1561929|A|3.5,1561929,Austrian Bundesliga,218,2026-09-11T13:29:19Z,2026-09-12T17:30:00Z,1680.7,Wolfsberger AC,Rapid Vienna,A,Rapid Vienna,3.5,17,Total - Away,6.0,1.12,0.15730337,0.84269663,0.15730337,0.00000000,Marathonbet,5.85,1.09,2026-09-11T09:31:18+00:00
TT|1561929|A|4.5,1561929,Austrian Bundesliga,218,2026-09-11T13:29:19Z,2026-09-12T17:30:00Z,1680.7,Wolfsberger AC,Rapid Vienna,A,Rapid Vienna,4.5,17,Total - Away,15.0,1.03,0.06425452,0.93574548,0.06425452,0.00000000,Marathonbet,,,2026-09-11T09:31:18+00:00
TT|1561929|A|5.5,1561929,Austrian Bundesliga,218,2026-09-11T13:29:19Z,2026-09-12T17:30:00Z,1680.7,Wolfsberger AC,Rapid Vienna,A,Rapid Vienna,5.5,17,Total - Away,29.0,1.01,0.03365545,0.96634455,0.03365545,-0.00000000,Marathonbet,,,2026-09-11T09:31:18+00:00
TT|1561925|H|0.5,1561925,Austrian Bundesliga,218,2026-09-11T13:29:19Z,2026-09-13T12:30:00Z,2820.7,Austria Vienna,Austria Lustenau,H,Austria Vienna,0.5,16,Total - Home,1.17,5.0,0.81037277,0.18962723,0.81037277,0.00000000,Marathonbet,,,2026-09-11T09:31:18+00:00
TT|1561925|H|1.5,1561925,Austrian Bundesliga,218,2026-09-11T13:29:19Z,2026-09-13T12:30:00Z,2820.7,Austria Vienna,Austria Lustenau,H,Austria Vienna,1.5,16,Total - Home,1.83,1.83,0.50000000,0.50000000,0.50000000,0.00000000,Marathonbet,1.85,1.92,2026-09-11T09:31:18+00:00
TT|1561925|H|2.5,1561925,Austrian Bundesliga,218,2026-09-11T13:29:19Z,2026-09-13T12:30:00Z,2820.7,Austria Vienna,Austria Lustenau,H,Austria Vienna,2.5,16,Total - Home,3.75,1.25,0.25000000,0.75000000,0.25000000,0.00000000,Marathonbet,3.58,1.25,2026-09-11T09:31:18+00:00
TT|1561925|H|3.5,1561925,Austrian Bundesliga,218,2026-09-11T13:29:19Z,2026-09-13T12:30:00Z,2820.7,Austria Vienna,Austria Lustenau,H,Austria Vienna,3.5,16,Total - Home,9.0,1.07,0.10625621,0.89374379,0.10625621,-0.00000000,Marathonbet,7.8,1.03,2026-09-11T09:31:18+00:00
TT|1561925|H|4.5,1561925,Austrian Bundesliga,218,2026-09-11T13:29:19Z,2026-09-13T12:30:00Z,2820.7,Austria Vienna,Austria Lustenau,H,Austria Vienna,4.5,16,Total - Home,21.0,1.01,0.04588823,0.95411177,0.04588823,0.00000000,Marathonbet,,,2026-09-11T09:31:18+00:00
TT|1561925|A|0.5,1561925,Austrian Bundesliga,218,2026-09-11T13:29:19Z,2026-09-13T12:30:00Z,2820.7,Austria Vienna,Austria Lustenau,A,Austria Lustenau,0.5,17,Total - Away,1.4,2.75,0.66265060,0.33734940,0.66265060,0.00000000,Marathonbet,1.4,2.68,2026-09-11T09:31:18+00:00
TT|1561925|A|1.5,1561925,Austrian Bundesliga,218,2026-09-11T13:29:19Z,2026-09-13T12:30:00Z,2820.7,Austria Vienna,Austria Lustenau,A,Austria Lustenau,1.5,17,Total - Away,3.0,1.36,0.31192661,0.68807339,0.31192661,-0.00000000,Marathonbet,3.05,1.35,2026-09-11T09:31:18+00:00
TT|1561925|A|2.5,1561925,Austrian Bundesliga,218,2026-09-11T13:29:19Z,2026-09-13T12:30:00Z,2820.7,Austria Vienna,Austria Lustenau,A,Austria Lustenau,2.5,17,Total - Away,9.0,1.07,0.10625621,0.89374379,0.10625621,-0.00000000,Marathonbet,8.1,1.04,2026-09-11T09:31:18+00:00
TT|1561925|A|3.5,1561925,Austrian Bundesliga,218,2026-09-11T13:29:19Z,2026-09-13T12:30:00Z,2820.7,Austria Vienna,Austria Lustenau,A,Austria Lustenau,3.5,17,Total - Away,23.0,1.01,0.04206581,0.95793419,0.04206581,-0.00000000,Marathonbet,,,2026-09-11T09:31:18+00:00
TT|1561928|H|0.5,1561928,Austrian Bundesliga,218,2026-09-11T13:29:19Z,2026-09-13T12:30:00Z,2820.7,WSG Wattens,TSV Hartberg,H,WSG Wattens,0.5,16,Total - Home,1.2,4.33,0.78300181,0.21699819,0.78300181,-0.00000000,Marathonbet,,,2026-09-11T09:31:18+00:00
TT|1561928|H|1.5,1561928,Austrian Bundesliga,218,2026-09-11T13:29:19Z,2026-09-13T12:30:00Z,2820.7,WSG Wattens,TSV Hartberg,H,WSG Wattens,1.5,16,Total - Home,1.91,1.8,0.48517520,0.51482480,0.48517520,0.00000000,Marathonbet,1.96,1.81,2026-09-11T09:31:18+00:00
TT|1561928|H|2.5,1561928,Austrian Bundesliga,218,2026-09-11T13:29:19Z,2026-09-13T12:30:00Z,2820.7,WSG Wattens,TSV Hartberg,H,WSG Wattens,2.5,16,Total - Home,4.0,1.22,0.23371648,0.76628352,0.23371648,-0.00000000,Marathonbet,3.94,1.21,2026-09-11T09:31:18+00:00
TT|1561928|H|3.5,1561928,Austrian Bundesliga,218,2026-09-11T13:29:19Z,2026-09-13T12:30:00Z,2820.7,WSG Wattens,TSV Hartberg,H,WSG Wattens,3.5,16,Total - Home,11.0,1.05,0.08713693,0.91286307,0.08713693,-0.00000000,Marathonbet,8.9,1.01,2026-09-11T09:31:18+00:00
TT|1561928|H|4.5,1561928,Austrian Bundesliga,218,2026-09-11T13:29:19Z,2026-09-13T12:30:00Z,2820.7,WSG Wattens,TSV Hartberg,H,WSG Wattens,4.5,16,Total - Home,26.0,1.01,0.03739356,0.96260644,0.03739356,-0.00000000,Marathonbet,,,2026-09-11T09:31:18+00:00
TT|1561928|A|0.5,1561928,Austrian Bundesliga,218,2026-09-11T13:29:19Z,2026-09-13T12:30:00Z,2820.7,WSG Wattens,TSV Hartberg,A,TSV Hartberg,0.5,17,Total - Away,1.3,3.4,0.72340426,0.27659574,0.72340426,-0.00000000,Marathonbet,1.28,3.24,2026-09-11T09:31:18+00:00
TT|1561928|A|1.5,1561928,Austrian Bundesliga,218,2026-09-11T13:29:19Z,2026-09-13T12:30:00Z,2820.7,WSG Wattens,TSV Hartberg,A,TSV Hartberg,1.5,17,Total - Away,2.5,1.5,0.37500000,0.62500000,0.37500000,0.00000000,Marathonbet,2.49,1.5,2026-09-11T09:31:18+00:00
TT|1561928|A|2.5,1561928,Austrian Bundesliga,218,2026-09-11T13:29:19Z,2026-09-13T12:30:00Z,2820.7,WSG Wattens,TSV Hartberg,A,TSV Hartberg,2.5,17,Total - Away,6.0,1.12,0.15730337,0.84269663,0.15730337,0.00000000,Marathonbet,5.9,1.09,2026-09-11T09:31:18+00:00
TT|1561928|A|3.5,1561928,Austrian Bundesliga,218,2026-09-11T13:29:19Z,2026-09-13T12:30:00Z,2820.7,WSG Wattens,TSV Hartberg,A,TSV Hartberg,3.5,17,Total - Away,17.0,1.02,0.05660377,0.94339623,0.05660377,0.00000000,Marathonbet,,,2026-09-11T09:31:18+00:00
TT|1561927|H|0.5,1561927,Austrian Bundesliga,218,2026-09-11T13:29:19Z,2026-09-13T15:00:00Z,2970.7,Sturm Graz,Lask Linz,H,Sturm Graz,0.5,16,Total - Home,1.25,3.75,0.75000000,0.25000000,0.75000000,0.00000000,Marathonbet,1.24,3.56,2026-09-11T09:31:18+00:00
TT|1561927|H|1.5,1561927,Austrian Bundesliga,218,2026-09-11T13:29:19Z,2026-09-13T15:00:00Z,2970.7,Sturm Graz,Lask Linz,H,Sturm Graz,1.5,16,Total - Home,2.2,1.62,0.42408377,0.57591623,0.42408377,-0.00000000,Marathonbet,2.23,1.63,2026-09-11T09:31:18+00:00
TT|1561927|H|2.5,1561927,Austrian Bundesliga,218,2026-09-11T13:29:19Z,2026-09-13T15:00:00Z,2970.7,Sturm Graz,Lask Linz,H,Sturm Graz,2.5,16,Total - Home,5.0,1.17,0.18962723,0.81037277,0.18962723,-0.00000000,Marathonbet,4.85,1.14,2026-09-11T09:31:18+00:00
TT|1561927|H|3.5,1561927,Austrian Bundesliga,218,2026-09-11T13:29:19Z,2026-09-13T15:00:00Z,2970.7,Sturm Graz,Lask Linz,H,Sturm Graz,3.5,16,Total - Home,15.0,1.03,0.06425452,0.93574548,0.06425452,0.00000000,Marathonbet,,,2026-09-11T09:31:18+00:00
TT|1561927|A|0.5,1561927,Austrian Bundesliga,218,2026-09-11T13:29:19Z,2026-09-13T15:00:00Z,2970.7,Sturm Graz,Lask Linz,A,Lask Linz,0.5,17,Total - Away,1.17,5.0,0.81037277,0.18962723,0.81037277,0.00000000,Marathonbet,,,2026-09-11T09:31:18+00:00
TT|1561927|A|1.5,1561927,Austrian Bundesliga,218,2026-09-11T13:29:19Z,2026-09-13T15:00:00Z,2970.7,Sturm Graz,Lask Linz,A,Lask Linz,1.5,17,Total - Away,1.8,1.91,0.51482480,0.48517520,0.51482480,-0.00000000,Marathonbet,1.78,2.0,2026-09-11T09:31:18+00:00
TT|1561927|A|2.5,1561927,Austrian Bundesliga,218,2026-09-11T13:29:19Z,2026-09-13T15:00:00Z,2970.7,Sturm Graz,Lask Linz,A,Lask Linz,2.5,17,Total - Away,3.5,1.28,0.26778243,0.73221757,0.26778243,-0.00000000,Marathonbet,3.32,1.28,2026-09-11T09:31:18+00:00
TT|1561927|A|3.5,1561927,Austrian Bundesliga,218,2026-09-11T13:29:19Z,2026-09-13T15:00:00Z,2970.7,Sturm Graz,Lask Linz,A,Lask Linz,3.5,17,Total - Away,9.0,1.07,0.10625621,0.89374379,0.10625621,-0.00000000,Marathonbet,6.8,1.05,2026-09-11T09:31:18+00:00
TT|1561927|A|4.5,1561927,Austrian Bundesliga,218,2026-09-11T13:29:19Z,2026-09-13T15:00:00Z,2970.7,Sturm Graz,Lask Linz,A,Lask Linz,4.5,17,Total - Away,21.0,1.01,0.04588823,0.95411177,0.04588823,0.00000000,Marathonbet,,,2026-09-11T09:31:18+00:00
TT|1558626|H|0.5,1558626,Belgian Pro League,144,2026-09-11T13:29:19Z,2026-09-11T18:45:00Z,315.7,KV Mechelen,Anderlecht,H,KV Mechelen,0.5,16,Total - Home,1.4,2.75,0.66265060,0.33734940,0.66265060,0.00000000,Marathonbet,1.36,2.83,2026-09-11T09:24:14+00:00
TT|1558626|H|1.5,1558626,Belgian Pro League,144,2026-09-11T13:29:19Z,2026-09-11T18:45:00Z,315.7,KV Mechelen,Anderlecht,H,KV Mechelen,1.5,16,Total - Home,3.0,1.36,0.31192661,0.68807339,0.31192661,-0.00000000,Marathonbet,2.88,1.39,2026-09-11T09:24:14+00:00
TT|1558626|H|2.5,1558626,Belgian Pro League,144,2026-09-11T13:29:19Z,2026-09-11T18:45:00Z,315.7,KV Mechelen,Anderlecht,H,KV Mechelen,2.5,16,Total - Home,9.0,1.07,0.10625621,0.89374379,0.10625621,-0.00000000,Marathonbet,7.3,1.05,2026-09-11T09:24:14+00:00
TT|1558626|H|3.5,1558626,Belgian Pro League,144,2026-09-11T13:29:19Z,2026-09-11T18:45:00Z,315.7,KV Mechelen,Anderlecht,H,KV Mechelen,3.5,16,Total - Home,23.0,1.01,0.04206581,0.95793419,0.04206581,-0.00000000,Marathonbet,,,2026-09-11T09:24:14+00:00
TT|1558626|A|0.5,1558626,Belgian Pro League,144,2026-09-11T13:29:19Z,2026-09-11T18:45:00Z,315.7,KV Mechelen,Anderlecht,A,Anderlecht,0.5,17,Total - Away,1.17,5.0,0.81037277,0.18962723,0.81037277,0.00000000,Marathonbet,,,2026-09-11T09:24:14+00:00
TT|1558626|A|1.5,1558626,Belgian Pro League,144,2026-09-11T13:29:19Z,2026-09-11T18:45:00Z,315.7,KV Mechelen,Anderlecht,A,Anderlecht,1.5,17,Total - Away,1.8,1.91,0.51482480,0.48517520,0.51482480,-0.00000000,Marathonbet,1.71,2.1,2026-09-11T09:24:14+00:00
TT|1558626|A|2.5,1558626,Belgian Pro League,144,2026-09-11T13:29:19Z,2026-09-11T18:45:00Z,315.7,KV Mechelen,Anderlecht,A,Anderlecht,2.5,17,Total - Away,3.5,1.28,0.26778243,0.73221757,0.26778243,-0.00000000,Marathonbet,3.1,1.32,2026-09-11T09:24:14+00:00
TT|1558626|A|3.5,1558626,Belgian Pro League,144,2026-09-11T13:29:19Z,2026-09-11T18:45:00Z,315.7,KV Mechelen,Anderlecht,A,Anderlecht,3.5,17,Total - Away,9.0,1.07,0.10625621,0.89374379,0.10625621,-0.00000000,Marathonbet,6.5,1.06,2026-09-11T09:24:14+00:00
TT|1558626|A|4.5,1558626,Belgian Pro League,144,2026-09-11T13:29:19Z,2026-09-11T18:45:00Z,315.7,KV Mechelen,Anderlecht,A,Anderlecht,4.5,17,Total - Away,21.0,1.01,0.04588823,0.95411177,0.04588823,0.00000000,Marathonbet,,,2026-09-11T09:24:14+00:00
TT|1558627|H|0.5,1558627,Belgian Pro League,144,2026-09-11T13:29:19Z,2026-09-12T14:00:00Z,1470.7,SK Beveren,St. Truiden,H,SK Beveren,0.5,16,Total - Home,1.25,3.75,0.75000000,0.25000000,0.75000000,0.00000000,Marathonbet,1.24,3.56,2026-09-11T09:24:14+00:00
TT|1558627|H|1.5,1558627,Belgian Pro League,144,2026-09-11T13:29:19Z,2026-09-12T14:00:00Z,1470.7,SK Beveren,St. Truiden,H,SK Beveren,1.5,16,Total - Home,2.2,1.62,0.42408377,0.57591623,0.42408377,-0.00000000,Marathonbet,2.29,1.6,2026-09-11T09:24:14+00:00
TT|1558627|H|2.5,1558627,Belgian Pro League,144,2026-09-11T13:29:19Z,2026-09-12T14:00:00Z,1470.7,SK Beveren,St. Truiden,H,SK Beveren,2.5,16,Total - Home,5.0,1.17,0.18962723,0.81037277,0.18962723,-0.00000000,Marathonbet,5.1,1.13,2026-09-11T09:24:14+00:00
TT|1558627|H|3.5,1558627,Belgian Pro League,144,2026-09-11T13:29:19Z,2026-09-12T14:00:00Z,1470.7,SK Beveren,St. Truiden,H,SK Beveren,3.5,16,Total - Home,13.0,1.04,0.07407407,0.92592593,0.07407407,0.00000000,Marathonbet,,,2026-09-11T09:24:14+00:00
TT|1558627|A|0.5,1558627,Belgian Pro League,144,2026-09-11T13:29:19Z,2026-09-12T14:00:00Z,1470.7,SK Beveren,St. Truiden,A,St. Truiden,0.5,17,Total - Away,1.17,5.0,0.81037277,0.18962723,0.81037277,0.00000000,Marathonbet,,,2026-09-11T09:24:14+00:00
TT|1558627|A|1.5,1558627,Belgian Pro League,144,2026-09-11T13:29:19Z,2026-09-12T14:00:00Z,1470.7,SK Beveren,St. Truiden,A,St. Truiden,1.5,17,Total - Away,1.8,1.91,0.51482480,0.48517520,0.51482480,-0.00000000,Marathonbet,1.88,1.89,2026-09-11T09:24:14+00:00
TT|1558627|A|2.5,1558627,Belgian Pro League,144,2026-09-11T13:29:19Z,2026-09-12T14:00:00Z,1470.7,SK Beveren,St. Truiden,A,St. Truiden,2.5,17,Total - Away,3.75,1.25,0.25000000,0.75000000,0.25000000,0.00000000,Marathonbet,3.65,1.24,2026-09-11T09:24:14+00:00
TT|1558627|A|3.5,1558627,Belgian Pro League,144,2026-09-11T13:29:19Z,2026-09-12T14:00:00Z,1470.7,SK Beveren,St. Truiden,A,St. Truiden,3.5,17,Total - Away,9.0,1.07,0.10625621,0.89374379,0.10625621,-0.00000000,Marathonbet,7.9,1.03,2026-09-11T09:24:14+00:00
TT|1558627|A|4.5,1558627,Belgian Pro League,144,2026-09-11T13:29:19Z,2026-09-12T14:00:00Z,1470.7,SK Beveren,St. Truiden,A,St. Truiden,4.5,17,Total - Away,21.0,1.01,0.04588823,0.95411177,0.04588823,0.00000000,Marathonbet,,,2026-09-11T09:24:14+00:00
TT|1558628|H|0.5,1558628,Belgian Pro League,144,2026-09-11T13:29:19Z,2026-09-12T16:15:00Z,1605.7,KVC Westerlo,Standard Liege,H,KVC Westerlo,0.5,16,Total - Home,1.2,4.33,0.78300181,0.21699819,0.78300181,-0.00000000,Marathonbet,,,2026-09-11T09:24:14+00:00
TT|1558628|H|1.5,1558628,Belgian Pro League,144,2026-09-11T13:29:19Z,2026-09-12T16:15:00Z,1605.7,KVC Westerlo,Standard Liege,H,KVC Westerlo,1.5,16,Total - Home,1.91,1.8,0.48517520,0.51482480,0.48517520,0.00000000,Marathonbet,1.99,1.79,2026-09-11T09:24:14+00:00
TT|1558628|H|2.5,1558628,Belgian Pro League,144,2026-09-11T13:29:19Z,2026-09-12T16:15:00Z,1605.7,KVC Westerlo,Standard Liege,H,KVC Westerlo,2.5,16,Total - Home,4.0,1.22,0.23371648,0.76628352,0.23371648,-0.00000000,Marathonbet,4.2,1.19,2026-09-11T09:24:14+00:00
TT|1558628|H|3.5,1558628,Belgian Pro League,144,2026-09-11T13:29:19Z,2026-09-12T16:15:00Z,1605.7,KVC Westerlo,Standard Liege,H,KVC Westerlo,3.5,16,Total - Home,11.0,1.05,0.08713693,0.91286307,0.08713693,-0.00000000,Marathonbet,,,2026-09-11T09:24:14+00:00
TT|1558628|H|4.5,1558628,Belgian Pro League,144,2026-09-11T13:29:19Z,2026-09-12T16:15:00Z,1605.7,KVC Westerlo,Standard Liege,H,KVC Westerlo,4.5,16,Total - Home,26.0,1.01,0.03739356,0.96260644,0.03739356,-0.00000000,Marathonbet,,,2026-09-11T09:24:14+00:00
TT|1558628|A|0.5,1558628,Belgian Pro League,144,2026-09-11T13:29:19Z,2026-09-12T16:15:00Z,1605.7,KVC Westerlo,Standard Liege,A,Standard Liege,0.5,17,Total - Away,1.22,4.0,0.76628352,0.23371648,0.76628352,0.00000000,Marathonbet,1.18,4.15,2026-09-11T09:24:14+00:00
TT|1558628|A|1.5,1558628,Belgian Pro League,144,2026-09-11T13:29:19Z,2026-09-12T16:15:00Z,1605.7,KVC Westerlo,Standard Liege,A,Standard Liege,1.5,17,Total - Away,2.0,1.73,0.46380697,0.53619303,0.46380697,0.00000000,Marathonbet,2.08,1.72,2026-09-11T09:24:14+00:00
TT|1558628|A|2.5,1558628,Belgian Pro League,144,2026-09-11T13:29:19Z,2026-09-12T16:15:00Z,1605.7,KVC Westerlo,Standard Liege,A,Standard Liege,2.5,17,Total - Away,4.33,1.2,0.21699819,0.78300181,0.21699819,0.00000000,Marathonbet,4.5,1.17,2026-09-11T09:24:14+00:00
TT|1558628|A|3.5,1558628,Belgian Pro League,144,2026-09-11T13:29:19Z,2026-09-12T16:15:00Z,1605.7,KVC Westerlo,Standard Liege,A,Standard Liege,3.5,17,Total - Away,11.0,1.05,0.08713693,0.91286307,0.08713693,-0.00000000,Marathonbet,9.6,1.01,2026-09-11T09:24:14+00:00
TT|1558628|A|4.5,1558628,Belgian Pro League,144,2026-09-11T13:29:19Z,2026-09-12T16:15:00Z,1605.7,KVC Westerlo,Standard Liege,A,Standard Liege,4.5,17,Total - Away,26.0,1.01,0.03739356,0.96260644,0.03739356,-0.00000000,Marathonbet,,,2026-09-11T09:24:14+00:00
TT|1558629|H|0.5,1558629,Belgian Pro League,144,2026-09-11T13:29:19Z,2026-09-12T18:45:00Z,1755.7,OH Leuven,Cercle Brugge,H,OH Leuven,0.5,16,Total - Home,1.22,4.0,0.76628352,0.23371648,0.76628352,0.00000000,Marathonbet,,,2026-09-11T09:24:14+00:00
TT|1558629|H|1.5,1558629,Belgian Pro League,144,2026-09-11T13:29:19Z,2026-09-12T18:45:00Z,1755.7,OH Leuven,Cercle Brugge,H,OH Leuven,1.5,16,Total - Home,2.0,1.73,0.46380697,0.53619303,0.46380697,0.00000000,Marathonbet,2.1,1.71,2026-09-11T09:24:14+00:00
TT|1558629|H|2.5,1558629,Belgian Pro League,144,2026-09-11T13:29:19Z,2026-09-12T18:45:00Z,1755.7,OH Leuven,Cercle Brugge,H,OH Leuven,2.5,16,Total - Home,4.5,1.18,0.20774648,0.79225352,0.20774648,-0.00000000,Marathonbet,4.5,1.17,2026-09-11T09:24:14+00:00
TT|1558629|H|3.5,1558629,Belgian Pro League,144,2026-09-11T13:29:19Z,2026-09-12T18:45:00Z,1755.7,OH Leuven,Cercle Brugge,H,OH Leuven,3.5,16,Total - Home,11.0,1.05,0.08713693,0.91286307,0.08713693,-0.00000000,Marathonbet,,,2026-09-11T09:24:14+00:00
TT|1558629|H|4.5,1558629,Belgian Pro League,144,2026-09-11T13:29:19Z,2026-09-12T18:45:00Z,1755.7,OH Leuven,Cercle Brugge,H,OH Leuven,4.5,16,Total - Home,29.0,1.01,0.03365545,0.96634455,0.03365545,-0.00000000,Marathonbet,,,2026-09-11T09:24:14+00:00
TT|1558629|A|0.5,1558629,Belgian Pro League,144,2026-09-11T13:29:19Z,2026-09-12T18:45:00Z,1755.7,OH Leuven,Cercle Brugge,A,Cercle Brugge,0.5,17,Total - Away,1.22,4.0,0.76628352,0.23371648,0.76628352,0.00000000,Marathonbet,,,2026-09-11T09:24:14+00:00
TT|1558629|A|1.5,1558629,Belgian Pro League,144,2026-09-11T13:29:19Z,2026-09-12T18:45:00Z,1755.7,OH Leuven,Cercle Brugge,A,Cercle Brugge,1.5,17,Total - Away,2.0,1.73,0.46380697,0.53619303,0.46380697,0.00000000,Marathonbet,2.08,1.72,2026-09-11T09:24:14+00:00
TT|1558629|A|2.5,1558629,Belgian Pro League,144,2026-09-11T13:29:19Z,2026-09-12T18:45:00Z,1755.7,OH Leuven,Cercle Brugge,A,Cercle Brugge,2.5,17,Total - Away,4.5,1.18,0.20774648,0.79225352,0.20774648,-0.00000000,Marathonbet,4.45,1.17,2026-09-11T09:24:14+00:00
TT|1558629|A|3.5,1558629,Belgian Pro League,144,2026-09-11T13:29:19Z,2026-09-12T18:45:00Z,1755.7,OH Leuven,Cercle Brugge,A,Cercle Brugge,3.5,17,Total - Away,11.0,1.05,0.08713693,0.91286307,0.08713693,-0.00000000,Marathonbet,,,2026-09-11T09:24:14+00:00
TT|1558629|A|4.5,1558629,Belgian Pro League,144,2026-09-11T13:29:19Z,2026-09-12T18:45:00Z,1755.7,OH Leuven,Cercle Brugge,A,Cercle Brugge,4.5,17,Total - Away,29.0,1.01,0.03365545,0.96634455,0.03365545,-0.00000000,Marathonbet,,,2026-09-11T09:24:14+00:00
TT|1558630|H|0.5,1558630,Belgian Pro League,144,2026-09-11T13:29:19Z,2026-09-12T18:45:00Z,1755.7,Union St. Gilloise,Lommel United,H,Union St. Gilloise,0.5,16,Total - Home,1.05,11.0,0.91286307,0.08713693,0.91286307,0.00000000,Marathonbet,,,2026-09-11T09:24:14+00:00
TT|1558630|H|1.5,1558630,Belgian Pro League,144,2026-09-11T13:29:19Z,2026-09-12T18:45:00Z,1755.7,Union St. Gilloise,Lommel United,H,Union St. Gilloise,1.5,16,Total - Home,1.28,3.5,0.73221757,0.26778243,0.73221757,0.00000000,Marathonbet,1.27,3.42,2026-09-11T09:24:14+00:00
TT|1558630|H|2.5,1558630,Belgian Pro League,144,2026-09-11T13:29:19Z,2026-09-12T18:45:00Z,1755.7,Union St. Gilloise,Lommel United,H,Union St. Gilloise,2.5,16,Total - Home,1.83,1.83,0.50000000,0.50000000,0.50000000,0.00000000,Marathonbet,1.9,1.87,2026-09-11T09:24:14+00:00
TT|1558630|H|3.5,1558630,Belgian Pro League,144,2026-09-11T13:29:19Z,2026-09-12T18:45:00Z,1755.7,Union St. Gilloise,Lommel United,H,Union St. Gilloise,3.5,16,Total - Home,3.4,1.3,0.27659574,0.72340426,0.27659574,0.00000000,Marathonbet,3.22,1.3,2026-09-11T09:24:14+00:00
TT|1558630|H|4.5,1558630,Belgian Pro League,144,2026-09-11T13:29:19Z,2026-09-12T18:45:00Z,1755.7,Union St. Gilloise,Lommel United,H,Union St. Gilloise,4.5,16,Total - Home,6.5,1.11,0.14586071,0.85413929,0.14586071,-0.00000000,Marathonbet,,,2026-09-11T09:24:14+00:00
TT|1558630|H|5.5,1558630,Belgian Pro League,144,2026-09-11T13:29:19Z,2026-09-12T18:45:00Z,1755.7,Union St. Gilloise,Lommel United,H,Union St. Gilloise,5.5,16,Total - Home,15.0,1.03,0.06425452,0.93574548,0.06425452,0.00000000,Marathonbet,,,2026-09-11T09:24:14+00:00
TT|1558630|H|6.5,1558630,Belgian Pro League,144,2026-09-11T13:29:19Z,2026-09-12T18:45:00Z,1755.7,Union St. Gilloise,Lommel United,H,Union St. Gilloise,6.5,16,Total - Home,29.0,1.01,0.03365545,0.96634455,0.03365545,-0.00000000,Marathonbet,,,2026-09-11T09:24:14+00:00
TT|1558630|A|0.5,1558630,Belgian Pro League,144,2026-09-11T13:29:19Z,2026-09-12T18:45:00Z,1755.7,Union St. Gilloise,Lommel United,A,Lommel United,0.5,17,Total - Away,1.8,1.91,0.51482480,0.48517520,0.51482480,-0.00000000,Marathonbet,1.82,1.86,2026-09-11T09:24:14+00:00
TT|1558630|A|1.5,1558630,Belgian Pro League,144,2026-09-11T13:29:19Z,2026-09-12T18:45:00Z,1755.7,Union St. Gilloise,Lommel United,A,Lommel United,1.5,17,Total - Away,5.5,1.14,0.17168675,0.82831325,0.17168675,-0.00000000,Marathonbet,5.45,1.13,2026-09-11T09:24:14+00:00
TT|1558630|A|2.5,1558630,Belgian Pro League,144,2026-09-11T13:29:19Z,2026-09-12T18:45:00Z,1755.7,Union St. Gilloise,Lommel United,A,Lommel United,2.5,17,Total - Away,19.0,1.02,0.05094905,0.94905095,0.05094905,0.00000000,Marathonbet,,,2026-09-11T09:24:14+00:00
TT|1558631|H|0.5,1558631,Belgian Pro League,144,2026-09-11T13:29:19Z,2026-09-13T11:30:00Z,2760.7,Club Brugge KV,Antwerp,H,Club Brugge KV,0.5,16,Total - Home,1.05,11.0,0.91286307,0.08713693,0.91286307,0.00000000,Marathonbet,,,2026-09-11T12:30:44+00:00
TT|1558631|H|1.5,1558631,Belgian Pro League,144,2026-09-11T13:29:19Z,2026-09-13T11:30:00Z,2760.7,Club Brugge KV,Antwerp,H,Club Brugge KV,1.5,16,Total - Home,1.28,3.5,0.73221757,0.26778243,0.73221757,0.00000000,Marathonbet,1.26,3.5,2026-09-11T12:30:44+00:00
TT|1558631|H|2.5,1558631,Belgian Pro League,144,2026-09-11T13:29:19Z,2026-09-13T11:30:00Z,2760.7,Club Brugge KV,Antwerp,H,Club Brugge KV,2.5,16,Total - Home,1.83,1.83,0.50000000,0.50000000,0.50000000,0.00000000,Marathonbet,1.89,1.89,2026-09-11T12:30:44+00:00
TT|1558631|H|3.5,1558631,Belgian Pro League,144,2026-09-11T13:29:19Z,2026-09-13T11:30:00Z,2760.7,Club Brugge KV,Antwerp,H,Club Brugge KV,3.5,16,Total - Home,3.4,1.3,0.27659574,0.72340426,0.27659574,0.00000000,Marathonbet,3.16,1.31,2026-09-11T12:30:44+00:00
TT|1558631|H|4.5,1558631,Belgian Pro League,144,2026-09-11T13:29:19Z,2026-09-13T11:30:00Z,2760.7,Club Brugge KV,Antwerp,H,Club Brugge KV,4.5,16,Total - Home,6.5,1.11,0.14586071,0.85413929,0.14586071,-0.00000000,Marathonbet,,,2026-09-11T12:30:44+00:00
TT|1558631|H|5.5,1558631,Belgian Pro League,144,2026-09-11T13:29:19Z,2026-09-13T11:30:00Z,2760.7,Club Brugge KV,Antwerp,H,Club Brugge KV,5.5,16,Total - Home,15.0,1.03,0.06425452,0.93574548,0.06425452,0.00000000,Marathonbet,,,2026-09-11T12:30:44+00:00
TT|1558631|H|6.5,1558631,Belgian Pro League,144,2026-09-11T13:29:19Z,2026-09-13T11:30:00Z,2760.7,Club Brugge KV,Antwerp,H,Club Brugge KV,6.5,16,Total - Home,29.0,1.01,0.03365545,0.96634455,0.03365545,-0.00000000,Marathonbet,,,2026-09-11T12:30:44+00:00
TT|1558631|A|0.5,1558631,Belgian Pro League,144,2026-09-11T13:29:19Z,2026-09-13T11:30:00Z,2760.7,Club Brugge KV,Antwerp,A,Antwerp,0.5,17,Total - Away,1.67,2.1,0.55702918,0.44297082,0.55702918,-0.00000000,Marathonbet,1.64,2.1,2026-09-11T12:30:44+00:00
TT|1558631|A|1.5,1558631,Belgian Pro League,144,2026-09-11T13:29:19Z,2026-09-13T11:30:00Z,2760.7,Club Brugge KV,Antwerp,A,Antwerp,1.5,17,Total - Away,4.33,1.2,0.21699819,0.78300181,0.21699819,0.00000000,Marathonbet,4.4,1.19,2026-09-11T12:30:44+00:00
TT|1558631|A|2.5,1558631,Belgian Pro League,144,2026-09-11T13:29:19Z,2026-09-13T11:30:00Z,2760.7,Club Brugge KV,Antwerp,A,Antwerp,2.5,17,Total - Away,15.0,1.03,0.06425452,0.93574548,0.06425452,0.00000000,Marathonbet,,,2026-09-11T12:30:44+00:00
TT|1558632|H|0.5,1558632,Belgian Pro League,144,2026-09-11T13:29:19Z,2026-09-13T14:00:00Z,2910.7,Genk,Gent,H,Genk,0.5,16,Total - Home,1.18,4.5,0.79225352,0.20774648,0.79225352,0.00000000,Marathonbet,,,2026-09-11T09:24:14+00:00
TT|1558632|H|1.5,1558632,Belgian Pro League,144,2026-09-11T13:29:19Z,2026-09-13T14:00:00Z,2910.7,Genk,Gent,H,Genk,1.5,16,Total - Home,1.83,1.83,0.50000000,0.50000000,0.50000000,0.00000000,Marathonbet,1.9,1.87,2026-09-11T09:24:14+00:00
TT|1558632|H|2.5,1558632,Belgian Pro League,144,2026-09-11T13:29:19Z,2026-09-13T14:00:00Z,2910.7,Genk,Gent,H,Genk,2.5,16,Total - Home,3.75,1.25,0.25000000,0.75000000,0.25000000,0.00000000,Marathonbet,3.58,1.25,2026-09-11T09:24:14+00:00
TT|1558632|H|3.5,1558632,Belgian Pro League,144,2026-09-11T13:29:19Z,2026-09-13T14:00:00Z,2910.7,Genk,Gent,H,Genk,3.5,16,Total - Home,10.0,1.06,0.09584087,0.90415913,0.09584087,-0.00000000,Marathonbet,7.4,1.04,2026-09-11T09:24:14+00:00
TT|1558632|H|4.5,1558632,Belgian Pro League,144,2026-09-11T13:29:19Z,2026-09-13T14:00:00Z,2910.7,Genk,Gent,H,Genk,4.5,16,Total - Home,23.0,1.01,0.04206581,0.95793419,0.04206581,-0.00000000,Marathonbet,,,2026-09-11T09:24:14+00:00
TT|1558632|A|0.5,1558632,Belgian Pro League,144,2026-09-11T13:29:19Z,2026-09-13T14:00:00Z,2910.7,Genk,Gent,A,Gent,0.5,17,Total - Away,1.36,3.0,0.68807339,0.31192661,0.68807339,0.00000000,Marathonbet,1.33,2.97,2026-09-11T09:24:14+00:00
TT|1558632|A|1.5,1558632,Belgian Pro League,144,2026-09-11T13:29:19Z,2026-09-13T14:00:00Z,2910.7,Genk,Gent,A,Gent,1.5,17,Total - Away,2.75,1.4,0.33734940,0.66265060,0.33734940,-0.00000000,Marathonbet,2.79,1.41,2026-09-11T09:24:14+00:00
TT|1558632|A|2.5,1558632,Belgian Pro League,144,2026-09-11T13:29:19Z,2026-09-13T14:00:00Z,2910.7,Genk,Gent,A,Gent,2.5,17,Total - Away,7.0,1.1,0.13580247,0.86419753,0.13580247,-0.00000000,Marathonbet,6.65,1.07,2026-09-11T09:24:14+00:00
TT|1558632|A|3.5,1558632,Belgian Pro League,144,2026-09-11T13:29:19Z,2026-09-13T14:00:00Z,2910.7,Genk,Gent,A,Gent,3.5,17,Total - Away,21.0,1.01,0.04588823,0.95411177,0.04588823,0.00000000,Marathonbet,,,2026-09-11T09:24:14+00:00
TT|1558633|H|0.5,1558633,Belgian Pro League,144,2026-09-11T13:29:19Z,2026-09-13T16:30:00Z,3060.7,Zulte Waregem,Charleroi,H,Zulte Waregem,0.5,16,Total - Home,1.22,4.0,0.76628352,0.23371648,0.76628352,0.00000000,Marathonbet,1.22,3.75,2026-09-11T09:24:14+00:00
TT|1558633|H|1.5,1558633,Belgian Pro League,144,2026-09-11T13:29:19Z,2026-09-13T16:30:00Z,3060.7,Zulte Waregem,Charleroi,H,Zulte Waregem,1.5,16,Total - Home,2.1,1.67,0.44297082,0.55702918,0.44297082,0.00000000,Marathonbet,2.17,1.67,2026-09-11T09:24:14+00:00
TT|1558633|H|2.5,1558633,Belgian Pro League,144,2026-09-11T13:29:19Z,2026-09-13T16:30:00Z,3060.7,Zulte Waregem,Charleroi,H,Zulte Waregem,2.5,16,Total - Home,4.5,1.18,0.20774648,0.79225352,0.20774648,-0.00000000,Marathonbet,4.45,1.17,2026-09-11T09:24:14+00:00
TT|1558633|H|3.5,1558633,Belgian Pro League,144,2026-09-11T13:29:19Z,2026-09-13T16:30:00Z,3060.7,Zulte Waregem,Charleroi,H,Zulte Waregem,3.5,16,Total - Home,13.0,1.04,0.07407407,0.92592593,0.07407407,0.00000000,Marathonbet,8.7,1.02,2026-09-11T09:24:14+00:00
TT|1558633|H|4.5,1558633,Belgian Pro League,144,2026-09-11T13:29:19Z,2026-09-13T16:30:00Z,3060.7,Zulte Waregem,Charleroi,H,Zulte Waregem,4.5,16,Total - Home,29.0,1.01,0.03365545,0.96634455,0.03365545,-0.00000000,Marathonbet,,,2026-09-11T09:24:14+00:00
TT|1558633|A|0.5,1558633,Belgian Pro League,144,2026-09-11T13:29:19Z,2026-09-13T16:30:00Z,3060.7,Zulte Waregem,Charleroi,A,Charleroi,0.5,17,Total - Away,1.25,3.75,0.75000000,0.25000000,0.75000000,0.00000000,Marathonbet,1.22,3.75,2026-09-11T09:24:14+00:00
TT|1558633|A|1.5,1558633,Belgian Pro League,144,2026-09-11T13:29:19Z,2026-09-13T16:30:00Z,3060.7,Zulte Waregem,Charleroi,A,Charleroi,1.5,17,Total - Away,2.2,1.62,0.42408377,0.57591623,0.42408377,-0.00000000,Marathonbet,2.18,1.66,2026-09-11T09:24:14+00:00
TT|1558633|A|2.5,1558633,Belgian Pro League,144,2026-09-11T13:29:19Z,2026-09-13T16:30:00Z,3060.7,Zulte Waregem,Charleroi,A,Charleroi,2.5,17,Total - Away,5.0,1.17,0.18962723,0.81037277,0.18962723,-0.00000000,Marathonbet,4.5,1.17,2026-09-11T09:24:14+00:00
TT|1558633|A|3.5,1558633,Belgian Pro League,144,2026-09-11T13:29:19Z,2026-09-13T16:30:00Z,3060.7,Zulte Waregem,Charleroi,A,Charleroi,3.5,17,Total - Away,13.0,1.04,0.07407407,0.92592593,0.07407407,0.00000000,Marathonbet,8.6,1.03,2026-09-11T09:24:14+00:00
TT|1558634|H|0.5,1558634,Belgian Pro League,144,2026-09-11T13:29:19Z,2026-09-13T17:15:00Z,3105.7,RAAL La Louvière,Kortrijk,H,RAAL La Louvière,0.5,16,Total - Home,1.25,3.75,0.75000000,0.25000000,0.75000000,0.00000000,Marathonbet,1.24,3.56,2026-09-11T09:24:14+00:00
TT|1558634|H|1.5,1558634,Belgian Pro League,144,2026-09-11T13:29:19Z,2026-09-13T17:15:00Z,3105.7,RAAL La Louvière,Kortrijk,H,RAAL La Louvière,1.5,16,Total - Home,2.25,1.57,0.41099476,0.58900524,0.41099476,0.00000000,Marathonbet,2.35,1.57,2026-09-11T09:24:14+00:00
TT|1558634|H|2.5,1558634,Belgian Pro League,144,2026-09-11T13:29:19Z,2026-09-13T17:15:00Z,3105.7,RAAL La Louvière,Kortrijk,H,RAAL La Louvière,2.5,16,Total - Home,5.5,1.14,0.17168675,0.82831325,0.17168675,-0.00000000,Marathonbet,5.5,1.11,2026-09-11T09:24:14+00:00
TT|1558634|H|3.5,1558634,Belgian Pro League,144,2026-09-11T13:29:19Z,2026-09-13T17:15:00Z,3105.7,RAAL La Louvière,Kortrijk,H,RAAL La Louvière,3.5,16,Total - Home,15.0,1.03,0.06425452,0.93574548,0.06425452,0.00000000,Marathonbet,,,2026-09-11T09:24:14+00:00
TT|1558634|A|0.5,1558634,Belgian Pro League,144,2026-09-11T13:29:19Z,2026-09-13T17:15:00Z,3105.7,RAAL La Louvière,Kortrijk,A,Kortrijk,0.5,17,Total - Away,1.33,3.25,0.70960699,0.29039301,0.70960699,-0.00000000,Marathonbet,1.3,3.14,2026-09-11T09:24:14+00:00
TT|1558634|A|1.5,1558634,Belgian Pro League,144,2026-09-11T13:29:19Z,2026-09-13T17:15:00Z,3105.7,RAAL La Louvière,Kortrijk,A,Kortrijk,1.5,17,Total - Away,2.62,1.44,0.35467980,0.64532020,0.35467980,0.00000000,Marathonbet,2.61,1.46,2026-09-11T09:24:14+00:00
TT|1558634|A|2.5,1558634,Belgian Pro League,144,2026-09-11T13:29:19Z,2026-09-13T17:15:00Z,3105.7,RAAL La Louvière,Kortrijk,A,Kortrijk,2.5,17,Total - Away,6.5,1.11,0.14586071,0.85413929,0.14586071,-0.00000000,Marathonbet,6.6,1.07,2026-09-11T09:24:14+00:00
TT|1558634|A|3.5,1558634,Belgian Pro League,144,2026-09-11T13:29:19Z,2026-09-13T17:15:00Z,3105.7,RAAL La Louvière,Kortrijk,A,Kortrijk,3.5,17,Total - Away,19.0,1.02,0.05094905,0.94905095,0.05094905,0.00000000,Marathonbet,,,2026-09-11T09:24:14+00:00
TT|1549016|H|0.5,1549016,Danish Superliga,119,2026-09-11T13:29:19Z,2026-09-11T17:00:00Z,210.7,FC Copenhagen,AC Horsens,H,FC Copenhagen,0.5,16,Total - Home,1.07,9.0,0.89374379,0.10625621,0.89374379,0.00000000,Marathonbet,,,2026-09-11T12:00:44+00:00
TT|1549016|H|1.5,1549016,Danish Superliga,119,2026-09-11T13:29:19Z,2026-09-11T17:00:00Z,210.7,FC Copenhagen,AC Horsens,H,FC Copenhagen,1.5,16,Total - Home,1.4,2.75,0.66265060,0.33734940,0.66265060,0.00000000,Marathonbet,1.35,2.95,2026-09-11T12:00:44+00:00
TT|1549016|H|2.5,1549016,Danish Superliga,119,2026-09-11T13:29:19Z,2026-09-11T17:00:00Z,210.7,FC Copenhagen,AC Horsens,H,FC Copenhagen,2.5,16,Total - Home,2.2,1.62,0.42408377,0.57591623,0.42408377,-0.00000000,Marathonbet,2.17,1.66,2026-09-11T12:00:44+00:00
TT|1549016|H|3.5,1549016,Danish Superliga,119,2026-09-11T13:29:19Z,2026-09-11T17:00:00Z,210.7,FC Copenhagen,AC Horsens,H,FC Copenhagen,3.5,16,Total - Home,4.0,1.22,0.23371648,0.76628352,0.23371648,-0.00000000,Marathonbet,3.94,1.21,2026-09-11T12:00:44+00:00
TT|1549016|H|4.5,1549016,Danish Superliga,119,2026-09-11T13:29:19Z,2026-09-11T17:00:00Z,210.7,FC Copenhagen,AC Horsens,H,FC Copenhagen,4.5,16,Total - Home,9.0,1.07,0.10625621,0.89374379,0.10625621,-0.00000000,Marathonbet,,,2026-09-11T12:00:44+00:00
TT|1549016|H|5.5,1549016,Danish Superliga,119,2026-09-11T13:29:19Z,2026-09-11T17:00:00Z,210.7,FC Copenhagen,AC Horsens,H,FC Copenhagen,5.5,16,Total - Home,21.0,1.01,0.04588823,0.95411177,0.04588823,0.00000000,Marathonbet,,,2026-09-11T12:00:44+00:00
TT|1549016|A|0.5,1549016,Danish Superliga,119,2026-09-11T13:29:19Z,2026-09-11T17:00:00Z,210.7,FC Copenhagen,AC Horsens,A,AC Horsens,0.5,17,Total - Away,1.73,2.0,0.53619303,0.46380697,0.53619303,-0.00000000,Marathonbet,1.71,1.99,2026-09-11T12:00:44+00:00
TT|1549016|A|1.5,1549016,Danish Superliga,119,2026-09-11T13:29:19Z,2026-09-11T17:00:00Z,210.7,FC Copenhagen,AC Horsens,A,AC Horsens,1.5,17,Total - Away,4.5,1.18,0.20774648,0.79225352,0.20774648,-0.00000000,Marathonbet,4.95,1.16,2026-09-11T12:00:44+00:00
TT|1549016|A|2.5,1549016,Danish Superliga,119,2026-09-11T13:29:19Z,2026-09-11T17:00:00Z,210.7,FC Copenhagen,AC Horsens,A,AC Horsens,2.5,17,Total - Away,15.0,1.03,0.06425452,0.93574548,0.06425452,0.00000000,Marathonbet,,,2026-09-11T12:00:44+00:00
TT|1549017|H|0.5,1549017,Danish Superliga,119,2026-09-11T13:29:19Z,2026-09-13T12:00:00Z,2790.7,Lyngby,Sonderjyske,H,Lyngby,0.5,16,Total - Home,1.11,6.5,0.85413929,0.14586071,0.85413929,0.00000000,Marathonbet,,,2026-09-11T08:59:15+00:00
TT|1549017|H|1.5,1549017,Danish Superliga,119,2026-09-11T13:29:19Z,2026-09-13T12:00:00Z,2790.7,Lyngby,Sonderjyske,H,Lyngby,1.5,16,Total - Home,1.57,2.25,0.58900524,0.41099476,0.58900524,-0.00000000,Marathonbet,1.53,2.42,2026-09-11T08:59:15+00:00
TT|1549017|H|2.5,1549017,Danish Superliga,119,2026-09-11T13:29:19Z,2026-09-13T12:00:00Z,2790.7,Lyngby,Sonderjyske,H,Lyngby,2.5,16,Total - Home,2.75,1.4,0.33734940,0.66265060,0.33734940,-0.00000000,Marathonbet,2.65,1.45,2026-09-11T08:59:15+00:00
TT|1549017|H|3.5,1549017,Danish Superliga,119,2026-09-11T13:29:19Z,2026-09-13T12:00:00Z,2790.7,Lyngby,Sonderjyske,H,Lyngby,3.5,16,Total - Home,6.0,1.12,0.15730337,0.84269663,0.15730337,0.00000000,Marathonbet,5.1,1.12,2026-09-11T08:59:15+00:00
TT|1549017|H|4.5,1549017,Danish Superliga,119,2026-09-11T13:29:19Z,2026-09-13T12:00:00Z,2790.7,Lyngby,Sonderjyske,H,Lyngby,4.5,16,Total - Home,15.0,1.03,0.06425452,0.93574548,0.06425452,0.00000000,Marathonbet,,,2026-09-11T08:59:15+00:00
TT|1549017|H|5.5,1549017,Danish Superliga,119,2026-09-11T13:29:19Z,2026-09-13T12:00:00Z,2790.7,Lyngby,Sonderjyske,H,Lyngby,5.5,16,Total - Home,29.0,1.01,0.03365545,0.96634455,0.03365545,-0.00000000,Marathonbet,,,2026-09-11T08:59:15+00:00
TT|1549017|A|0.5,1549017,Danish Superliga,119,2026-09-11T13:29:19Z,2026-09-13T12:00:00Z,2790.7,Lyngby,Sonderjyske,A,Sonderjyske,0.5,17,Total - Away,1.44,2.62,0.64532020,0.35467980,0.64532020,-0.00000000,Marathonbet,1.37,2.81,2026-09-11T08:59:15+00:00
TT|1549017|A|1.5,1549017,Danish Superliga,119,2026-09-11T13:29:19Z,2026-09-13T12:00:00Z,2790.7,Lyngby,Sonderjyske,A,Sonderjyske,1.5,17,Total - Away,3.25,1.33,0.29039301,0.70960699,0.29039301,0.00000000,Marathonbet,2.96,1.37,2026-09-11T08:59:15+00:00
TT|1549017|A|2.5,1549017,Danish Superliga,119,2026-09-11T13:29:19Z,2026-09-13T12:00:00Z,2790.7,Lyngby,Sonderjyske,A,Sonderjyske,2.5,17,Total - Away,10.0,1.06,0.09584087,0.90415913,0.09584087,-0.00000000,Marathonbet,7.3,1.05,2026-09-11T08:59:15+00:00
TT|1549017|A|3.5,1549017,Danish Superliga,119,2026-09-11T13:29:19Z,2026-09-13T12:00:00Z,2790.7,Lyngby,Sonderjyske,A,Sonderjyske,3.5,17,Total - Away,26.0,1.01,0.03739356,0.96260644,0.03739356,-0.00000000,Marathonbet,,,2026-09-11T08:59:15+00:00
TT|1549021|H|0.5,1549021,Danish Superliga,119,2026-09-11T13:29:19Z,2026-09-13T12:00:00Z,2790.7,Silkeborg,Viborg,H,Silkeborg,0.5,16,Total - Home,1.3,3.4,0.72340426,0.27659574,0.72340426,-0.00000000,Marathonbet,1.26,3.42,2026-09-11T12:30:44+00:00
TT|1549021|H|1.5,1549021,Danish Superliga,119,2026-09-11T13:29:19Z,2026-09-13T12:00:00Z,2790.7,Silkeborg,Viborg,H,Silkeborg,1.5,16,Total - Home,2.5,1.5,0.37500000,0.62500000,0.37500000,0.00000000,Marathonbet,2.34,1.56,2026-09-11T12:30:44+00:00
TT|1549021|H|2.5,1549021,Danish Superliga,119,2026-09-11T13:29:19Z,2026-09-13T12:00:00Z,2790.7,Silkeborg,Viborg,H,Silkeborg,2.5,16,Total - Home,6.0,1.12,0.15730337,0.84269663,0.15730337,0.00000000,Marathonbet,5.2,1.12,2026-09-11T12:30:44+00:00
TT|1549021|H|3.5,1549021,Danish Superliga,119,2026-09-11T13:29:19Z,2026-09-13T12:00:00Z,2790.7,Silkeborg,Viborg,H,Silkeborg,3.5,16,Total - Home,17.0,1.02,0.05660377,0.94339623,0.05660377,0.00000000,Marathonbet,,,2026-09-11T12:30:44+00:00
TT|1549021|A|0.5,1549021,Danish Superliga,119,2026-09-11T13:29:19Z,2026-09-13T12:00:00Z,2790.7,Silkeborg,Viborg,A,Viborg,0.5,17,Total - Away,1.12,6.0,0.84269663,0.15730337,0.84269663,-0.00000000,Marathonbet,,,2026-09-11T12:30:44+00:00
TT|1549021|A|1.5,1549021,Danish Superliga,119,2026-09-11T13:29:19Z,2026-09-13T12:00:00Z,2790.7,Silkeborg,Viborg,A,Viborg,1.5,17,Total - Away,1.67,2.1,0.55702918,0.44297082,0.55702918,-0.00000000,Marathonbet,1.62,2.25,2026-09-11T12:30:44+00:00
TT|1549021|A|2.5,1549021,Danish Superliga,119,2026-09-11T13:29:19Z,2026-09-13T12:00:00Z,2790.7,Silkeborg,Viborg,A,Viborg,2.5,17,Total - Away,3.0,1.36,0.31192661,0.68807339,0.31192661,-0.00000000,Marathonbet,2.82,1.38,2026-09-11T12:30:44+00:00
TT|1549021|A|3.5,1549021,Danish Superliga,119,2026-09-11T13:29:19Z,2026-09-13T12:00:00Z,2790.7,Silkeborg,Viborg,A,Viborg,3.5,17,Total - Away,6.5,1.11,0.14586071,0.85413929,0.14586071,-0.00000000,Marathonbet,5.55,1.09,2026-09-11T12:30:44+00:00
TT|1549021|A|4.5,1549021,Danish Superliga,119,2026-09-11T13:29:19Z,2026-09-13T12:00:00Z,2790.7,Silkeborg,Viborg,A,Viborg,4.5,17,Total - Away,17.0,1.02,0.05660377,0.94339623,0.05660377,0.00000000,Marathonbet,,,2026-09-11T12:30:44+00:00
TT|1549020|H|0.5,1549020,Danish Superliga,119,2026-09-11T13:29:19Z,2026-09-13T14:00:00Z,2910.7,Randers FC,Odense,H,Randers FC,0.5,16,Total - Home,1.18,4.5,0.79225352,0.20774648,0.79225352,0.00000000,Marathonbet,,,2026-09-11T08:59:15+00:00
TT|1549020|H|1.5,1549020,Danish Superliga,119,2026-09-11T13:29:19Z,2026-09-13T14:00:00Z,2910.7,Randers FC,Odense,H,Randers FC,1.5,16,Total - Home,1.91,1.8,0.48517520,0.51482480,0.48517520,0.00000000,Marathonbet,1.94,1.83,2026-09-11T08:59:15+00:00
TT|1549020|H|2.5,1549020,Danish Superliga,119,2026-09-11T13:29:19Z,2026-09-13T14:00:00Z,2910.7,Randers FC,Odense,H,Randers FC,2.5,16,Total - Home,4.0,1.22,0.23371648,0.76628352,0.23371648,-0.00000000,Marathonbet,3.84,1.22,2026-09-11T08:59:15+00:00
TT|1549020|H|3.5,1549020,Danish Superliga,119,2026-09-11T13:29:19Z,2026-09-13T14:00:00Z,2910.7,Randers FC,Odense,H,Randers FC,3.5,16,Total - Home,10.0,1.06,0.09584087,0.90415913,0.09584087,-0.00000000,Marathonbet,8.1,1.03,2026-09-11T08:59:15+00:00
TT|1549020|H|4.5,1549020,Danish Superliga,119,2026-09-11T13:29:19Z,2026-09-13T14:00:00Z,2910.7,Randers FC,Odense,H,Randers FC,4.5,16,Total - Home,26.0,1.01,0.03739356,0.96260644,0.03739356,-0.00000000,Marathonbet,,,2026-09-11T08:59:15+00:00
TT|1549020|A|0.5,1549020,Danish Superliga,119,2026-09-11T13:29:19Z,2026-09-13T14:00:00Z,2910.7,Randers FC,Odense,A,Odense,0.5,17,Total - Away,1.25,3.75,0.75000000,0.25000000,0.75000000,0.00000000,Marathonbet,1.26,3.4,2026-09-11T08:59:15+00:00
TT|1549020|A|1.5,1549020,Danish Superliga,119,2026-09-11T13:29:19Z,2026-09-13T14:00:00Z,2910.7,Randers FC,Odense,A,Odense,1.5,17,Total - Away,2.25,1.57,0.41099476,0.58900524,0.41099476,0.00000000,Marathonbet,2.35,1.57,2026-09-11T08:59:15+00:00
TT|1549020|A|2.5,1549020,Danish Superliga,119,2026-09-11T13:29:19Z,2026-09-13T14:00:00Z,2910.7,Randers FC,Odense,A,Odense,2.5,17,Total - Away,5.5,1.14,0.17168675,0.82831325,0.17168675,-0.00000000,Marathonbet,5.25,1.12,2026-09-11T08:59:15+00:00
TT|1549020|A|3.5,1549020,Danish Superliga,119,2026-09-11T13:29:19Z,2026-09-13T14:00:00Z,2910.7,Randers FC,Odense,A,Odense,3.5,17,Total - Away,15.0,1.03,0.06425452,0.93574548,0.06425452,0.00000000,Marathonbet,,,2026-09-11T08:59:15+00:00
TT|1549019|H|0.5,1549019,Danish Superliga,119,2026-09-11T13:29:19Z,2026-09-13T16:00:00Z,3030.7,FC Nordsjaelland,Aarhus,H,FC Nordsjaelland,0.5,16,Total - Home,1.1,7.0,0.86419753,0.13580247,0.86419753,0.00000000,Marathonbet,,,2026-09-11T08:59:15+00:00
TT|1549019|H|1.5,1549019,Danish Superliga,119,2026-09-11T13:29:19Z,2026-09-13T16:00:00Z,3030.7,FC Nordsjaelland,Aarhus,H,FC Nordsjaelland,1.5,16,Total - Home,1.53,2.38,0.60869565,0.39130435,0.60869565,0.00000000,Marathonbet,1.53,2.42,2026-09-11T08:59:15+00:00
TT|1549019|H|2.5,1549019,Danish Superliga,119,2026-09-11T13:29:19Z,2026-09-13T16:00:00Z,3030.7,FC Nordsjaelland,Aarhus,H,FC Nordsjaelland,2.5,16,Total - Home,2.62,1.44,0.35467980,0.64532020,0.35467980,0.00000000,Marathonbet,2.65,1.45,2026-09-11T08:59:15+00:00
TT|1549019|H|3.5,1549019,Danish Superliga,119,2026-09-11T13:29:19Z,2026-09-13T16:00:00Z,3030.7,FC Nordsjaelland,Aarhus,H,FC Nordsjaelland,3.5,16,Total - Home,6.0,1.12,0.15730337,0.84269663,0.15730337,0.00000000,Marathonbet,5.0,1.13,2026-09-11T08:59:15+00:00
TT|1549019|H|4.5,1549019,Danish Superliga,119,2026-09-11T13:29:19Z,2026-09-13T16:00:00Z,3030.7,FC Nordsjaelland,Aarhus,H,FC Nordsjaelland,4.5,16,Total - Home,13.0,1.04,0.07407407,0.92592593,0.07407407,0.00000000,Marathonbet,,,2026-09-11T08:59:15+00:00
TT|1549019|H|5.5,1549019,Danish Superliga,119,2026-09-11T13:29:19Z,2026-09-13T16:00:00Z,3030.7,FC Nordsjaelland,Aarhus,H,FC Nordsjaelland,5.5,16,Total - Home,29.0,1.01,0.03365545,0.96634455,0.03365545,-0.00000000,Marathonbet,,,2026-09-11T08:59:15+00:00
TT|1549019|A|0.5,1549019,Danish Superliga,119,2026-09-11T13:29:19Z,2026-09-13T16:00:00Z,3030.7,FC Nordsjaelland,Aarhus,A,Aarhus,0.5,17,Total - Away,1.28,3.5,0.73221757,0.26778243,0.73221757,0.00000000,Marathonbet,1.24,3.58,2026-09-11T08:59:15+00:00
TT|1549019|A|1.5,1549019,Danish Superliga,119,2026-09-11T13:29:19Z,2026-09-13T16:00:00Z,3030.7,FC Nordsjaelland,Aarhus,A,Aarhus,1.5,17,Total - Away,2.25,1.57,0.41099476,0.58900524,0.41099476,0.00000000,Marathonbet,2.28,1.59,2026-09-11T08:59:15+00:00
TT|1549019|A|2.5,1549019,Danish Superliga,119,2026-09-11T13:29:19Z,2026-09-13T16:00:00Z,3030.7,FC Nordsjaelland,Aarhus,A,Aarhus,2.5,17,Total - Away,5.5,1.14,0.17168675,0.82831325,0.17168675,-0.00000000,Marathonbet,4.85,1.13,2026-09-11T08:59:15+00:00
TT|1549019|A|3.5,1549019,Danish Superliga,119,2026-09-11T13:29:19Z,2026-09-13T16:00:00Z,3030.7,FC Nordsjaelland,Aarhus,A,Aarhus,3.5,17,Total - Away,15.0,1.03,0.06425452,0.93574548,0.06425452,0.00000000,Marathonbet,,,2026-09-11T08:59:15+00:00
TT|1547629|H|0.5,1547629,A Lyga,362,2026-09-11T13:29:19Z,2026-09-13T11:30:00Z,2760.7,Panevėžys,Kauno Žalgiris,H,Panevėžys,0.5,16,Total - Home,1.53,2.38,0.60869565,0.39130435,0.60869565,0.00000000,Marathonbet,1.5,2.32,2026-09-11T03:07:13+00:00
TT|1547629|H|1.5,1547629,A Lyga,362,2026-09-11T13:29:19Z,2026-09-13T11:30:00Z,2760.7,Panevėžys,Kauno Žalgiris,H,Panevėžys,1.5,16,Total - Home,3.5,1.28,0.26778243,0.73221757,0.26778243,-0.00000000,Marathonbet,3.42,1.25,2026-09-11T03:07:13+00:00
TT|1547629|H|2.5,1547629,A Lyga,362,2026-09-11T13:29:19Z,2026-09-13T11:30:00Z,2760.7,Panevėžys,Kauno Žalgiris,H,Panevėžys,2.5,16,Total - Home,8.5,1.05,0.10994764,0.89005236,0.10994764,0.00000000,Marathonbet,7.6,1.03,2026-09-11T03:07:13+00:00
TT|1547629|H|3.5,1547629,A Lyga,362,2026-09-11T13:29:19Z,2026-09-13T11:30:00Z,2760.7,Panevėžys,Kauno Žalgiris,H,Panevėžys,3.5,16,Total - Home,15.0,1.01,0.06308557,0.93691443,0.06308557,0.00000000,Marathonbet,,,2026-09-11T03:07:13+00:00
TT|1547629|A|0.5,1547629,A Lyga,362,2026-09-11T13:29:19Z,2026-09-13T11:30:00Z,2760.7,Panevėžys,Kauno Žalgiris,A,Kauno Žalgiris,0.5,17,Total - Away,1.12,5.5,0.83081571,0.16918429,0.83081571,-0.00000000,Marathonbet,,,2026-09-11T03:07:13+00:00
TT|1547629|A|1.5,1547629,A Lyga,362,2026-09-11T13:29:19Z,2026-09-13T11:30:00Z,2760.7,Panevėžys,Kauno Žalgiris,A,Kauno Žalgiris,1.5,17,Total - Away,1.62,2.2,0.57591623,0.42408377,0.57591623,0.00000000,Marathonbet,1.6,2.17,2026-09-11T03:07:13+00:00
TT|1547629|A|2.5,1547629,A Lyga,362,2026-09-11T13:29:19Z,2026-09-13T11:30:00Z,2760.7,Panevėžys,Kauno Žalgiris,A,Kauno Žalgiris,2.5,17,Total - Away,3.0,1.36,0.31192661,0.68807339,0.31192661,-0.00000000,Marathonbet,2.75,1.35,2026-09-11T03:07:13+00:00
TT|1547629|A|3.5,1547629,A Lyga,362,2026-09-11T13:29:19Z,2026-09-13T11:30:00Z,2760.7,Panevėžys,Kauno Žalgiris,A,Kauno Žalgiris,3.5,17,Total - Away,6.0,1.11,0.15611814,0.84388186,0.15611814,0.00000000,Marathonbet,,,2026-09-11T03:07:13+00:00
TT|1547629|A|4.5,1547629,A Lyga,362,2026-09-11T13:29:19Z,2026-09-13T11:30:00Z,2760.7,Panevėžys,Kauno Žalgiris,A,Kauno Žalgiris,4.5,17,Total - Away,10.0,1.03,0.09338169,0.90661831,0.09338169,-0.00000000,Marathonbet,,,2026-09-11T03:07:13+00:00
TT|1547631|H|0.5,1547631,A Lyga,362,2026-09-11T13:29:19Z,2026-09-13T14:00:00Z,2910.7,Šiauliai,Hegelmann Litauen,H,Šiauliai,0.5,16,Total - Home,1.25,3.75,0.75000000,0.25000000,0.75000000,0.00000000,Marathonbet,,,2026-09-11T03:07:13+00:00
TT|1547631|H|1.5,1547631,A Lyga,362,2026-09-11T13:29:19Z,2026-09-13T14:00:00Z,2910.7,Šiauliai,Hegelmann Litauen,H,Šiauliai,1.5,16,Total - Home,2.2,1.62,0.42408377,0.57591623,0.42408377,-0.00000000,Marathonbet,2.27,1.55,2026-09-11T03:07:13+00:00
TT|1547631|H|2.5,1547631,A Lyga,362,2026-09-11T13:29:19Z,2026-09-13T14:00:00Z,2910.7,Šiauliai,Hegelmann Litauen,H,Šiauliai,2.5,16,Total - Home,4.5,1.17,0.20634921,0.79365079,0.20634921,-0.00000000,Marathonbet,4.95,1.11,2026-09-11T03:07:13+00:00
TT|1547631|H|3.5,1547631,A Lyga,362,2026-09-11T13:29:19Z,2026-09-13T14:00:00Z,2910.7,Šiauliai,Hegelmann Litauen,H,Šiauliai,3.5,16,Total - Home,9.0,1.04,0.10358566,0.89641434,0.10358566,-0.00000000,Marathonbet,,,2026-09-11T03:07:13+00:00
TT|1547631|A|0.5,1547631,A Lyga,362,2026-09-11T13:29:19Z,2026-09-13T14:00:00Z,2910.7,Šiauliai,Hegelmann Litauen,A,Hegelmann Litauen,0.5,17,Total - Away,1.22,4.0,0.76628352,0.23371648,0.76628352,0.00000000,Marathonbet,,,2026-09-11T03:07:13+00:00
TT|1547631|A|1.5,1547631,A Lyga,362,2026-09-11T13:29:19Z,2026-09-13T14:00:00Z,2910.7,Šiauliai,Hegelmann Litauen,A,Hegelmann Litauen,1.5,17,Total - Away,2.1,1.67,0.44297082,0.55702918,0.44297082,0.00000000,Marathonbet,2.19,1.59,2026-09-11T03:07:13+00:00
TT|1547631|A|2.5,1547631,A Lyga,362,2026-09-11T13:29:19Z,2026-09-13T14:00:00Z,2910.7,Šiauliai,Hegelmann Litauen,A,Hegelmann Litauen,2.5,17,Total - Away,4.33,1.2,0.21699819,0.78300181,0.21699819,0.00000000,Marathonbet,4.65,1.12,2026-09-11T03:07:13+00:00
TT|1547631|A|3.5,1547631,A Lyga,362,2026-09-11T13:29:19Z,2026-09-13T14:00:00Z,2910.7,Šiauliai,Hegelmann Litauen,A,Hegelmann Litauen,3.5,17,Total - Away,8.5,1.05,0.10994764,0.89005236,0.10994764,0.00000000,Marathonbet,,,2026-09-11T03:07:13+00:00
TT|1547631|A|4.5,1547631,A Lyga,362,2026-09-11T13:29:19Z,2026-09-13T14:00:00Z,2910.7,Šiauliai,Hegelmann Litauen,A,Hegelmann Litauen,4.5,17,Total - Away,15.0,1.01,0.06308557,0.93691443,0.06308557,0.00000000,Marathonbet,,,2026-09-11T03:07:13+00:00
TT|1547630|H|0.5,1547630,A Lyga,362,2026-09-11T13:29:19Z,2026-09-13T15:45:00Z,3015.7,Suduva Marijampole,FK Zalgiris Vilnius,H,Suduva Marijampole,0.5,16,Total - Home,1.33,3.25,0.70960699,0.29039301,0.70960699,-0.00000000,Marathonbet,,,2026-09-11T03:07:13+00:00
TT|1547630|H|1.5,1547630,A Lyga,362,2026-09-11T13:29:19Z,2026-09-13T15:45:00Z,3015.7,Suduva Marijampole,FK Zalgiris Vilnius,H,Suduva Marijampole,1.5,16,Total - Home,2.5,1.5,0.37500000,0.62500000,0.37500000,0.00000000,Marathonbet,2.51,1.44,2026-09-11T03:07:13+00:00
TT|1547630|H|2.5,1547630,A Lyga,362,2026-09-11T13:29:19Z,2026-09-13T15:45:00Z,3015.7,Suduva Marijampole,FK Zalgiris Vilnius,H,Suduva Marijampole,2.5,16,Total - Home,5.5,1.12,0.16918429,0.83081571,0.16918429,0.00000000,Marathonbet,6.25,1.06,2026-09-11T03:07:13+00:00
TT|1547630|H|3.5,1547630,A Lyga,362,2026-09-11T13:29:19Z,2026-09-13T15:45:00Z,3015.7,Suduva Marijampole,FK Zalgiris Vilnius,H,Suduva Marijampole,3.5,16,Total - Home,10.5,1.02,0.08854167,0.91145833,0.08854167,-0.00000000,Marathonbet,,,2026-09-11T03:07:13+00:00
TT|1547630|A|0.5,1547630,A Lyga,362,2026-09-11T13:29:19Z,2026-09-13T15:45:00Z,3015.7,Suduva Marijampole,FK Zalgiris Vilnius,A,FK Zalgiris Vilnius,0.5,17,Total - Away,1.28,3.5,0.73221757,0.26778243,0.73221757,0.00000000,Marathonbet,,,2026-09-11T03:07:13+00:00
TT|1547630|A|1.5,1547630,A Lyga,362,2026-09-11T13:29:19Z,2026-09-13T15:45:00Z,3015.7,Suduva Marijampole,FK Zalgiris Vilnius,A,FK Zalgiris Vilnius,1.5,17,Total - Away,2.38,1.53,0.39130435,0.60869565,0.39130435,-0.00000000,Marathonbet,2.32,1.51,2026-09-11T03:07:13+00:00
TT|1547630|A|2.5,1547630,A Lyga,362,2026-09-11T13:29:19Z,2026-09-13T15:45:00Z,3015.7,Suduva Marijampole,FK Zalgiris Vilnius,A,FK Zalgiris Vilnius,2.5,17,Total - Away,5.0,1.14,0.18566775,0.81433225,0.18566775,0.00000000,Marathonbet,5.45,1.08,2026-09-11T03:07:13+00:00
TT|1547630|A|3.5,1547630,A Lyga,362,2026-09-11T13:29:19Z,2026-09-13T15:45:00Z,3015.7,Suduva Marijampole,FK Zalgiris Vilnius,A,FK Zalgiris Vilnius,3.5,17,Total - Away,10.0,1.03,0.09338169,0.90661831,0.09338169,-0.00000000,Marathonbet,,,2026-09-11T03:07:13+00:00
TT|1515923|H|0.5,1515923,Virsliga,365,2026-09-11T13:29:19Z,2026-09-11T14:00:00Z,30.7,Ogre United,FK Liepaja,H,Ogre United,0.5,16,Total - Home,1.4,2.75,0.66265060,0.33734940,0.66265060,0.00000000,Marathonbet,1.3,3.04,2026-09-11T08:23:15+00:00
TT|1515923|H|1.5,1515923,Virsliga,365,2026-09-11T13:29:19Z,2026-09-11T14:00:00Z,30.7,Ogre United,FK Liepaja,H,Ogre United,1.5,16,Total - Home,2.75,1.4,0.33734940,0.66265060,0.33734940,-0.00000000,Marathonbet,2.52,1.44,2026-09-11T08:23:15+00:00
TT|1515923|H|2.5,1515923,Virsliga,365,2026-09-11T13:29:19Z,2026-09-11T14:00:00Z,30.7,Ogre United,FK Liepaja,H,Ogre United,2.5,16,Total - Home,7.0,1.08,0.13366337,0.86633663,0.13366337,-0.00000000,Marathonbet,5.75,1.07,2026-09-11T08:23:15+00:00
TT|1515923|H|3.5,1515923,Virsliga,365,2026-09-11T13:29:19Z,2026-09-11T14:00:00Z,30.7,Ogre United,FK Liepaja,H,Ogre United,3.5,16,Total - Home,12.0,1.01,0.07763259,0.92236741,0.07763259,0.00000000,Marathonbet,,,2026-09-11T08:23:15+00:00
TT|1515923|A|0.5,1515923,Virsliga,365,2026-09-11T13:29:19Z,2026-09-11T14:00:00Z,30.7,Ogre United,FK Liepaja,A,FK Liepaja,0.5,17,Total - Away,1.1,6.5,0.85526316,0.14473684,0.85526316,-0.00000000,Marathonbet,,,2026-09-11T08:23:15+00:00
TT|1515923|A|1.5,1515923,Virsliga,365,2026-09-11T13:29:19Z,2026-09-11T14:00:00Z,30.7,Ogre United,FK Liepaja,A,FK Liepaja,1.5,17,Total - Away,1.53,2.38,0.60869565,0.39130435,0.60869565,0.00000000,Marathonbet,1.48,2.4,2026-09-11T08:23:15+00:00
TT|1515923|A|2.5,1515923,Virsliga,365,2026-09-11T13:29:19Z,2026-09-11T14:00:00Z,30.7,Ogre United,FK Liepaja,A,FK Liepaja,2.5,17,Total - Away,2.62,1.44,0.35467980,0.64532020,0.35467980,0.00000000,Marathonbet,2.5,1.44,2026-09-11T08:23:15+00:00
TT|1515923|A|3.5,1515923,Virsliga,365,2026-09-11T13:29:19Z,2026-09-11T14:00:00Z,30.7,Ogre United,FK Liepaja,A,FK Liepaja,3.5,17,Total - Away,5.0,1.14,0.18566775,0.81433225,0.18566775,0.00000000,Marathonbet,,,2026-09-11T08:23:15+00:00
TT|1515923|A|4.5,1515923,Virsliga,365,2026-09-11T13:29:19Z,2026-09-11T14:00:00Z,30.7,Ogre United,FK Liepaja,A,FK Liepaja,4.5,17,Total - Away,8.5,1.05,0.10994764,0.89005236,0.10994764,0.00000000,Marathonbet,,,2026-09-11T08:23:15+00:00
TT|1515923|A|5.5,1515923,Virsliga,365,2026-09-11T13:29:19Z,2026-09-11T14:00:00Z,30.7,Ogre United,FK Liepaja,A,FK Liepaja,5.5,17,Total - Away,15.0,1.01,0.06308557,0.93691443,0.06308557,0.00000000,Marathonbet,,,2026-09-11T08:23:15+00:00
TT|1515921|H|0.5,1515921,Virsliga,365,2026-09-11T13:29:19Z,2026-09-11T15:00:00Z,90.7,Riga,Auda,H,Riga,0.5,16,Total - Home,1.07,7.5,0.87514586,0.12485414,0.87514586,-0.00000000,Marathonbet,,,2026-09-11T12:29:15+00:00
TT|1515921|H|1.5,1515921,Virsliga,365,2026-09-11T13:29:19Z,2026-09-11T15:00:00Z,90.7,Riga,Auda,H,Riga,1.5,16,Total - Home,1.36,3.0,0.68807339,0.31192661,0.68807339,0.00000000,Marathonbet,1.33,2.93,2026-09-11T12:29:15+00:00
TT|1515921|H|2.5,1515921,Virsliga,365,2026-09-11T13:29:19Z,2026-09-11T15:00:00Z,90.7,Riga,Auda,H,Riga,2.5,16,Total - Home,2.1,1.67,0.44297082,0.55702918,0.44297082,0.00000000,Marathonbet,2.11,1.62,2026-09-11T12:29:15+00:00
TT|1515921|H|3.5,1515921,Virsliga,365,2026-09-11T13:29:19Z,2026-09-11T15:00:00Z,90.7,Riga,Auda,H,Riga,3.5,16,Total - Home,4.0,1.22,0.23371648,0.76628352,0.23371648,-0.00000000,Marathonbet,3.52,1.22,2026-09-11T12:29:15+00:00
TT|1515921|H|4.5,1515921,Virsliga,365,2026-09-11T13:29:19Z,2026-09-11T15:00:00Z,90.7,Riga,Auda,H,Riga,4.5,16,Total - Home,7.0,1.08,0.13366337,0.86633663,0.13366337,-0.00000000,Marathonbet,,,2026-09-11T12:29:15+00:00
TT|1515921|H|5.5,1515921,Virsliga,365,2026-09-11T13:29:19Z,2026-09-11T15:00:00Z,90.7,Riga,Auda,H,Riga,5.5,16,Total - Home,11.0,1.02,0.08485857,0.91514143,0.08485857,-0.00000000,Marathonbet,,,2026-09-11T12:29:15+00:00
TT|1515921|A|0.5,1515921,Virsliga,365,2026-09-11T13:29:19Z,2026-09-11T15:00:00Z,90.7,Riga,Auda,A,Auda,0.5,17,Total - Away,1.62,2.2,0.57591623,0.42408377,0.57591623,0.00000000,Marathonbet,1.54,2.23,2026-09-11T12:29:15+00:00
TT|1515921|A|1.5,1515921,Virsliga,365,2026-09-11T13:29:19Z,2026-09-11T15:00:00Z,90.7,Riga,Auda,A,Auda,1.5,17,Total - Away,4.0,1.22,0.23371648,0.76628352,0.23371648,-0.00000000,Marathonbet,3.76,1.21,2026-09-11T12:29:15+00:00
TT|1515921|A|2.5,1515921,Virsliga,365,2026-09-11T13:29:19Z,2026-09-11T15:00:00Z,90.7,Riga,Auda,A,Auda,2.5,17,Total - Away,9.0,1.04,0.10358566,0.89641434,0.10358566,-0.00000000,Marathonbet,7.2,1.04,2026-09-11T12:29:15+00:00
TT|1515920|H|0.5,1515920,Virsliga,365,2026-09-11T13:29:19Z,2026-09-12T11:00:00Z,1290.7,Grobiņa,FS Jelgava,H,Grobiņa,0.5,16,Total - Home,1.3,3.4,0.72340426,0.27659574,0.72340426,-0.00000000,Marathonbet,1.22,3.58,2026-09-11T08:23:15+00:00
TT|1515920|H|1.5,1515920,Virsliga,365,2026-09-11T13:29:19Z,2026-09-12T11:00:00Z,1290.7,Grobiņa,FS Jelgava,H,Grobiņa,1.5,16,Total - Home,2.38,1.53,0.39130435,0.60869565,0.39130435,-0.00000000,Marathonbet,2.24,1.55,2026-09-11T08:23:15+00:00
TT|1515920|H|2.5,1515920,Virsliga,365,2026-09-11T13:29:19Z,2026-09-12T11:00:00Z,1290.7,Grobiņa,FS Jelgava,H,Grobiņa,2.5,16,Total - Home,5.0,1.14,0.18566775,0.81433225,0.18566775,0.00000000,Marathonbet,5.0,1.11,2026-09-11T08:23:15+00:00
TT|1515920|H|3.5,1515920,Virsliga,365,2026-09-11T13:29:19Z,2026-09-12T11:00:00Z,1290.7,Grobiņa,FS Jelgava,H,Grobiņa,3.5,16,Total - Home,10.0,1.03,0.09338169,0.90661831,0.09338169,-0.00000000,Marathonbet,,,2026-09-11T08:23:15+00:00
TT|1515920|A|0.5,1515920,Virsliga,365,2026-09-11T13:29:19Z,2026-09-12T11:00:00Z,1290.7,Grobiņa,FS Jelgava,A,FS Jelgava,0.5,17,Total - Away,1.28,3.5,0.73221757,0.26778243,0.73221757,0.00000000,Marathonbet,1.18,3.94,2026-09-11T08:23:15+00:00
TT|1515920|A|1.5,1515920,Virsliga,365,2026-09-11T13:29:19Z,2026-09-12T11:00:00Z,1290.7,Grobiņa,FS Jelgava,A,FS Jelgava,1.5,17,Total - Away,2.25,1.57,0.41099476,0.58900524,0.41099476,0.00000000,Marathonbet,2.14,1.62,2026-09-11T08:23:15+00:00
TT|1515920|A|2.5,1515920,Virsliga,365,2026-09-11T13:29:19Z,2026-09-12T11:00:00Z,1290.7,Grobiņa,FS Jelgava,A,FS Jelgava,2.5,17,Total - Away,5.0,1.14,0.18566775,0.81433225,0.18566775,0.00000000,Marathonbet,4.55,1.13,2026-09-11T08:23:15+00:00
TT|1515920|A|3.5,1515920,Virsliga,365,2026-09-11T13:29:19Z,2026-09-12T11:00:00Z,1290.7,Grobiņa,FS Jelgava,A,FS Jelgava,3.5,17,Total - Away,9.0,1.04,0.10358566,0.89641434,0.10358566,-0.00000000,Marathonbet,,,2026-09-11T08:23:15+00:00
TT|1515922|H|0.5,1515922,Virsliga,365,2026-09-11T13:29:19Z,2026-09-13T11:00:00Z,2730.7,BFC Daugavpils,Rīgas FS,H,BFC Daugavpils,0.5,16,Total - Home,1.8,1.91,0.51482480,0.48517520,0.51482480,-0.00000000,Marathonbet,1.54,2.23,2026-09-11T08:23:15+00:00
TT|1515922|H|1.5,1515922,Virsliga,365,2026-09-11T13:29:19Z,2026-09-13T11:00:00Z,2730.7,BFC Daugavpils,Rīgas FS,H,BFC Daugavpils,1.5,16,Total - Home,4.5,1.17,0.20634921,0.79365079,0.20634921,-0.00000000,Marathonbet,3.68,1.22,2026-09-11T08:23:15+00:00
TT|1515922|H|2.5,1515922,Virsliga,365,2026-09-11T13:29:19Z,2026-09-13T11:00:00Z,2730.7,BFC Daugavpils,Rīgas FS,H,BFC Daugavpils,2.5,16,Total - Home,10.5,1.02,0.08854167,0.91145833,0.08854167,-0.00000000,Marathonbet,,,2026-09-11T08:23:15+00:00
TT|1515922|A|0.5,1515922,Virsliga,365,2026-09-11T13:29:19Z,2026-09-13T11:00:00Z,2730.7,BFC Daugavpils,Rīgas FS,A,Rīgas FS,0.5,17,Total - Away,1.07,7.5,0.87514586,0.12485414,0.87514586,-0.00000000,Marathonbet,,,2026-09-11T08:23:15+00:00
TT|1515922|A|1.5,1515922,Virsliga,365,2026-09-11T13:29:19Z,2026-09-13T11:00:00Z,2730.7,BFC Daugavpils,Rīgas FS,A,Rīgas FS,1.5,17,Total - Away,1.4,2.75,0.66265060,0.33734940,0.66265060,0.00000000,Marathonbet,1.33,2.93,2026-09-11T08:23:15+00:00
TT|1515922|A|2.5,1515922,Virsliga,365,2026-09-11T13:29:19Z,2026-09-13T11:00:00Z,2730.7,BFC Daugavpils,Rīgas FS,A,Rīgas FS,2.5,17,Total - Away,2.2,1.62,0.42408377,0.57591623,0.42408377,-0.00000000,Marathonbet,2.07,1.64,2026-09-11T08:23:15+00:00
TT|1515922|A|3.5,1515922,Virsliga,365,2026-09-11T13:29:19Z,2026-09-13T11:00:00Z,2730.7,BFC Daugavpils,Rīgas FS,A,Rīgas FS,3.5,17,Total - Away,4.0,1.22,0.23371648,0.76628352,0.23371648,-0.00000000,Marathonbet,3.6,1.21,2026-09-11T08:23:15+00:00
TT|1515922|A|4.5,1515922,Virsliga,365,2026-09-11T13:29:19Z,2026-09-13T11:00:00Z,2730.7,BFC Daugavpils,Rīgas FS,A,Rīgas FS,4.5,17,Total - Away,7.5,1.07,0.12485414,0.87514586,0.12485414,0.00000000,Marathonbet,,,2026-09-11T08:23:15+00:00
TT|1515922|A|5.5,1515922,Virsliga,365,2026-09-11T13:29:19Z,2026-09-13T11:00:00Z,2730.7,BFC Daugavpils,Rīgas FS,A,Rīgas FS,5.5,17,Total - Away,11.0,1.02,0.08485857,0.91514143,0.08485857,-0.00000000,Marathonbet,,,2026-09-11T08:23:15+00:00
TT|1552162|H|0.5,1552162,Eredivisie,88,2026-09-11T13:29:19Z,2026-09-11T18:00:00Z,270.7,AZ Alkmaar,Willem II,H,AZ Alkmaar,0.5,16,Total - Home,1.02,17.0,0.94339623,0.05660377,0.94339623,-0.00000000,Marathonbet,,,2026-09-11T09:09:24+00:00
TT|1552162|H|1.5,1552162,Eredivisie,88,2026-09-11T13:29:19Z,2026-09-11T18:00:00Z,270.7,AZ Alkmaar,Willem II,H,AZ Alkmaar,1.5,16,Total - Home,1.17,5.0,0.81037277,0.18962723,0.81037277,0.00000000,Marathonbet,1.12,5.1,2026-09-11T09:09:24+00:00
TT|1552162|H|2.5,1552162,Eredivisie,88,2026-09-11T13:29:19Z,2026-09-11T18:00:00Z,270.7,AZ Alkmaar,Willem II,H,AZ Alkmaar,2.5,16,Total - Home,1.53,2.38,0.60869565,0.39130435,0.60869565,0.00000000,Marathonbet,1.52,2.44,2026-09-11T09:09:24+00:00
TT|1552162|H|3.5,1552162,Eredivisie,88,2026-09-11T13:29:19Z,2026-09-11T18:00:00Z,270.7,AZ Alkmaar,Willem II,H,AZ Alkmaar,3.5,16,Total - Home,2.38,1.53,0.39130435,0.60869565,0.39130435,-0.00000000,Marathonbet,2.32,1.57,2026-09-11T09:09:24+00:00
TT|1552162|H|4.5,1552162,Eredivisie,88,2026-09-11T13:29:19Z,2026-09-11T18:00:00Z,270.7,AZ Alkmaar,Willem II,H,AZ Alkmaar,4.5,16,Total - Home,4.0,1.22,0.23371648,0.76628352,0.23371648,-0.00000000,Marathonbet,4.0,1.19,2026-09-11T09:09:24+00:00
TT|1552162|H|5.5,1552162,Eredivisie,88,2026-09-11T13:29:19Z,2026-09-11T18:00:00Z,270.7,AZ Alkmaar,Willem II,H,AZ Alkmaar,5.5,16,Total - Home,8.0,1.08,0.11894273,0.88105727,0.11894273,0.00000000,Marathonbet,,,2026-09-11T09:09:24+00:00
TT|1552162|H|6.5,1552162,Eredivisie,88,2026-09-11T13:29:19Z,2026-09-11T18:00:00Z,270.7,AZ Alkmaar,Willem II,H,AZ Alkmaar,6.5,16,Total - Home,17.0,1.02,0.05660377,0.94339623,0.05660377,0.00000000,Marathonbet,,,2026-09-11T09:09:24+00:00
TT|1552162|A|0.5,1552162,Eredivisie,88,2026-09-11T13:29:19Z,2026-09-11T18:00:00Z,270.7,AZ Alkmaar,Willem II,A,Willem II,0.5,17,Total - Away,1.73,2.0,0.53619303,0.46380697,0.53619303,-0.00000000,Marathonbet,1.74,1.95,2026-09-11T09:09:24+00:00
TT|1552162|A|1.5,1552162,Eredivisie,88,2026-09-11T13:29:19Z,2026-09-11T18:00:00Z,270.7,AZ Alkmaar,Willem II,A,Willem II,1.5,17,Total - Away,5.0,1.17,0.18962723,0.81037277,0.18962723,-0.00000000,Marathonbet,5.0,1.15,2026-09-11T09:09:24+00:00
TT|1552162|A|2.5,1552162,Eredivisie,88,2026-09-11T13:29:19Z,2026-09-11T18:00:00Z,270.7,AZ Alkmaar,Willem II,A,Willem II,2.5,17,Total - Away,17.0,1.02,0.05660377,0.94339623,0.05660377,0.00000000,Marathonbet,,,2026-09-11T09:09:24+00:00
TT|1552163|H|0.5,1552163,Eredivisie,88,2026-09-11T13:29:19Z,2026-09-12T14:30:00Z,1500.7,Twente,ADO Den Haag,H,Twente,0.5,16,Total - Home,1.03,15.0,0.93574548,0.06425452,0.93574548,-0.00000000,Marathonbet,,,2026-09-11T09:09:24+00:00
TT|1552163|H|1.5,1552163,Eredivisie,88,2026-09-11T13:29:19Z,2026-09-12T14:30:00Z,1500.7,Twente,ADO Den Haag,H,Twente,1.5,16,Total - Home,1.22,4.0,0.76628352,0.23371648,0.76628352,0.00000000,Marathonbet,1.19,4.15,2026-09-11T09:09:24+00:00
TT|1552163|H|2.5,1552163,Eredivisie,88,2026-09-11T13:29:19Z,2026-09-12T14:30:00Z,1500.7,Twente,ADO Den Haag,H,Twente,2.5,16,Total - Home,1.67,2.1,0.55702918,0.44297082,0.55702918,-0.00000000,Marathonbet,1.72,2.08,2026-09-11T09:09:24+00:00
TT|1552163|H|3.5,1552163,Eredivisie,88,2026-09-11T13:29:19Z,2026-09-12T14:30:00Z,1500.7,Twente,ADO Den Haag,H,Twente,3.5,16,Total - Home,2.75,1.4,0.33734940,0.66265060,0.33734940,-0.00000000,Marathonbet,2.74,1.4,2026-09-11T09:09:24+00:00
TT|1552163|H|4.5,1552163,Eredivisie,88,2026-09-11T13:29:19Z,2026-09-12T14:30:00Z,1500.7,Twente,ADO Den Haag,H,Twente,4.5,16,Total - Home,5.0,1.17,0.18962723,0.81037277,0.18962723,-0.00000000,Marathonbet,4.85,1.14,2026-09-11T09:09:24+00:00
TT|1552163|H|5.5,1552163,Eredivisie,88,2026-09-11T13:29:19Z,2026-09-12T14:30:00Z,1500.7,Twente,ADO Den Haag,H,Twente,5.5,16,Total - Home,11.0,1.05,0.08713693,0.91286307,0.08713693,-0.00000000,Marathonbet,,,2026-09-11T09:09:24+00:00
TT|1552163|H|6.5,1552163,Eredivisie,88,2026-09-11T13:29:19Z,2026-09-12T14:30:00Z,1500.7,Twente,ADO Den Haag,H,Twente,6.5,16,Total - Home,21.0,1.01,0.04588823,0.95411177,0.04588823,0.00000000,Marathonbet,,,2026-09-11T09:09:24+00:00
TT|1552163|A|0.5,1552163,Eredivisie,88,2026-09-11T13:29:19Z,2026-09-12T14:30:00Z,1500.7,Twente,ADO Den Haag,A,ADO Den Haag,0.5,17,Total - Away,1.62,2.2,0.57591623,0.42408377,0.57591623,0.00000000,Marathonbet,1.57,2.22,2026-09-11T09:09:24+00:00
TT|1552163|A|1.5,1552163,Eredivisie,88,2026-09-11T13:29:19Z,2026-09-12T14:30:00Z,1500.7,Twente,ADO Den Haag,A,ADO Den Haag,1.5,17,Total - Away,4.0,1.22,0.23371648,0.76628352,0.23371648,-0.00000000,Marathonbet,4.05,1.22,2026-09-11T09:09:24+00:00
TT|1552163|A|2.5,1552163,Eredivisie,88,2026-09-11T13:29:19Z,2026-09-12T14:30:00Z,1500.7,Twente,ADO Den Haag,A,ADO Den Haag,2.5,17,Total - Away,13.0,1.04,0.07407407,0.92592593,0.07407407,0.00000000,Marathonbet,,,2026-09-11T09:09:24+00:00
TT|1552164|H|0.5,1552164,Eredivisie,88,2026-09-11T13:29:19Z,2026-09-12T16:45:00Z,1635.7,GO Ahead Eagles,Groningen,H,GO Ahead Eagles,0.5,16,Total - Home,1.14,5.5,0.82831325,0.17168675,0.82831325,0.00000000,Marathonbet,,,2026-09-11T13:16:40+00:00
TT|1552164|H|1.5,1552164,Eredivisie,88,2026-09-11T13:29:19Z,2026-09-12T16:45:00Z,1635.7,GO Ahead Eagles,Groningen,H,GO Ahead Eagles,1.5,16,Total - Home,1.73,2.0,0.53619303,0.46380697,0.53619303,-0.00000000,Marathonbet,1.74,2.05,2026-09-11T13:16:40+00:00
TT|1552164|H|2.5,1552164,Eredivisie,88,2026-09-11T13:29:19Z,2026-09-12T16:45:00Z,1635.7,GO Ahead Eagles,Groningen,H,GO Ahead Eagles,2.5,16,Total - Home,3.4,1.3,0.27659574,0.72340426,0.27659574,0.00000000,Marathonbet,3.22,1.3,2026-09-11T13:16:40+00:00
TT|1552164|H|3.5,1552164,Eredivisie,88,2026-09-11T13:29:19Z,2026-09-12T16:45:00Z,1635.7,GO Ahead Eagles,Groningen,H,GO Ahead Eagles,3.5,16,Total - Home,8.0,1.08,0.11894273,0.88105727,0.11894273,0.00000000,Marathonbet,6.9,1.05,2026-09-11T13:16:40+00:00
TT|1552164|H|4.5,1552164,Eredivisie,88,2026-09-11T13:29:19Z,2026-09-12T16:45:00Z,1635.7,GO Ahead Eagles,Groningen,H,GO Ahead Eagles,4.5,16,Total - Home,19.0,1.02,0.05094905,0.94905095,0.05094905,0.00000000,Marathonbet,,,2026-09-11T13:16:40+00:00
TT|1552164|A|0.5,1552164,Eredivisie,88,2026-09-11T13:29:19Z,2026-09-12T16:45:00Z,1635.7,GO Ahead Eagles,Groningen,A,Groningen,0.5,17,Total - Away,1.18,4.5,0.79225352,0.20774648,0.79225352,0.00000000,Marathonbet,,,2026-09-11T13:16:40+00:00
TT|1552164|A|1.5,1552164,Eredivisie,88,2026-09-11T13:29:19Z,2026-09-12T16:45:00Z,1635.7,GO Ahead Eagles,Groningen,A,Groningen,1.5,17,Total - Away,1.83,1.83,0.50000000,0.50000000,0.50000000,0.00000000,Marathonbet,1.9,1.87,2026-09-11T13:16:40+00:00
TT|1552164|A|2.5,1552164,Eredivisie,88,2026-09-11T13:29:19Z,2026-09-12T16:45:00Z,1635.7,GO Ahead Eagles,Groningen,A,Groningen,2.5,17,Total - Away,3.75,1.25,0.25000000,0.75000000,0.25000000,0.00000000,Marathonbet,3.74,1.23,2026-09-11T13:16:40+00:00
TT|1552164|A|3.5,1552164,Eredivisie,88,2026-09-11T13:29:19Z,2026-09-12T16:45:00Z,1635.7,GO Ahead Eagles,Groningen,A,Groningen,3.5,17,Total - Away,10.0,1.06,0.09584087,0.90415913,0.09584087,-0.00000000,Marathonbet,8.5,1.02,2026-09-11T13:16:40+00:00
TT|1552164|A|4.5,1552164,Eredivisie,88,2026-09-11T13:29:19Z,2026-09-12T16:45:00Z,1635.7,GO Ahead Eagles,Groningen,A,Groningen,4.5,17,Total - Away,23.0,1.01,0.04206581,0.95793419,0.04206581,-0.00000000,Marathonbet,,,2026-09-11T13:16:40+00:00
TT|1552165|H|0.5,1552165,Eredivisie,88,2026-09-11T13:29:19Z,2026-09-12T18:00:00Z,1710.7,Fortuna Sittard,Ajax,H,Fortuna Sittard,0.5,16,Total - Home,1.4,2.75,0.66265060,0.33734940,0.66265060,0.00000000,Marathonbet,1.39,2.72,2026-09-11T13:16:40+00:00
TT|1552165|H|1.5,1552165,Eredivisie,88,2026-09-11T13:29:19Z,2026-09-12T18:00:00Z,1710.7,Fortuna Sittard,Ajax,H,Fortuna Sittard,1.5,16,Total - Home,3.0,1.36,0.31192661,0.68807339,0.31192661,-0.00000000,Marathonbet,3.0,1.36,2026-09-11T13:16:40+00:00
TT|1552165|H|2.5,1552165,Eredivisie,88,2026-09-11T13:29:19Z,2026-09-12T18:00:00Z,1710.7,Fortuna Sittard,Ajax,H,Fortuna Sittard,2.5,16,Total - Home,8.0,1.08,0.11894273,0.88105727,0.11894273,0.00000000,Marathonbet,8.2,1.04,2026-09-11T13:16:40+00:00
TT|1552165|H|3.5,1552165,Eredivisie,88,2026-09-11T13:29:19Z,2026-09-12T18:00:00Z,1710.7,Fortuna Sittard,Ajax,H,Fortuna Sittard,3.5,16,Total - Home,23.0,1.01,0.04206581,0.95793419,0.04206581,-0.00000000,Marathonbet,,,2026-09-11T13:16:40+00:00
TT|1552165|A|0.5,1552165,Eredivisie,88,2026-09-11T13:29:19Z,2026-09-12T18:00:00Z,1710.7,Fortuna Sittard,Ajax,A,Ajax,0.5,17,Total - Away,1.06,10.0,0.90415913,0.09584087,0.90415913,0.00000000,Marathonbet,,,2026-09-11T13:16:40+00:00
TT|1552165|A|1.5,1552165,Eredivisie,88,2026-09-11T13:29:19Z,2026-09-12T18:00:00Z,1710.7,Fortuna Sittard,Ajax,A,Ajax,1.5,17,Total - Away,1.33,3.25,0.70960699,0.29039301,0.70960699,-0.00000000,Marathonbet,1.32,3.1,2026-09-11T13:16:40+00:00
TT|1552165|A|2.5,1552165,Eredivisie,88,2026-09-11T13:29:19Z,2026-09-12T18:00:00Z,1710.7,Fortuna Sittard,Ajax,A,Ajax,2.5,17,Total - Away,2.0,1.73,0.46380697,0.53619303,0.46380697,0.00000000,Marathonbet,2.05,1.74,2026-09-11T13:16:40+00:00
TT|1552165|A|3.5,1552165,Eredivisie,88,2026-09-11T13:29:19Z,2026-09-12T18:00:00Z,1710.7,Fortuna Sittard,Ajax,A,Ajax,3.5,17,Total - Away,3.75,1.25,0.25000000,0.75000000,0.25000000,0.00000000,Marathonbet,3.65,1.24,2026-09-11T13:16:40+00:00
TT|1552165|A|4.5,1552165,Eredivisie,88,2026-09-11T13:29:19Z,2026-09-12T18:00:00Z,1710.7,Fortuna Sittard,Ajax,A,Ajax,4.5,17,Total - Away,8.0,1.08,0.11894273,0.88105727,0.11894273,0.00000000,Marathonbet,,,2026-09-11T13:16:40+00:00
TT|1552165|A|5.5,1552165,Eredivisie,88,2026-09-11T13:29:19Z,2026-09-12T18:00:00Z,1710.7,Fortuna Sittard,Ajax,A,Ajax,5.5,17,Total - Away,17.0,1.02,0.05660377,0.94339623,0.05660377,0.00000000,Marathonbet,,,2026-09-11T13:16:40+00:00
TT|1552168|H|0.5,1552168,Eredivisie,88,2026-09-11T13:29:19Z,2026-09-12T19:00:00Z,1770.7,Cambuur,NEC Nijmegen,H,Cambuur,0.5,16,Total - Home,1.33,3.25,0.70960699,0.29039301,0.70960699,-0.00000000,Marathonbet,1.31,3.08,2026-09-11T09:09:24+00:00
TT|1552168|H|1.5,1552168,Eredivisie,88,2026-09-11T13:29:19Z,2026-09-12T19:00:00Z,1770.7,Cambuur,NEC Nijmegen,H,Cambuur,1.5,16,Total - Home,2.62,1.44,0.35467980,0.64532020,0.35467980,0.00000000,Marathonbet,2.58,1.47,2026-09-11T09:09:24+00:00
TT|1552168|H|2.5,1552168,Eredivisie,88,2026-09-11T13:29:19Z,2026-09-12T19:00:00Z,1770.7,Cambuur,NEC Nijmegen,H,Cambuur,2.5,16,Total - Home,6.5,1.11,0.14586071,0.85413929,0.14586071,-0.00000000,Marathonbet,6.25,1.08,2026-09-11T09:09:24+00:00
TT|1552168|H|3.5,1552168,Eredivisie,88,2026-09-11T13:29:19Z,2026-09-12T19:00:00Z,1770.7,Cambuur,NEC Nijmegen,H,Cambuur,3.5,16,Total - Home,19.0,1.02,0.05094905,0.94905095,0.05094905,0.00000000,Marathonbet,,,2026-09-11T09:09:24+00:00
TT|1552168|A|0.5,1552168,Eredivisie,88,2026-09-11T13:29:19Z,2026-09-12T19:00:00Z,1770.7,Cambuur,NEC Nijmegen,A,NEC Nijmegen,0.5,17,Total - Away,1.06,10.0,0.90415913,0.09584087,0.90415913,0.00000000,Marathonbet,,,2026-09-11T09:09:24+00:00
TT|1552168|A|1.5,1552168,Eredivisie,88,2026-09-11T13:29:19Z,2026-09-12T19:00:00Z,1770.7,Cambuur,NEC Nijmegen,A,NEC Nijmegen,1.5,17,Total - Away,1.36,3.0,0.68807339,0.31192661,0.68807339,0.00000000,Marathonbet,1.34,3.0,2026-09-11T09:09:24+00:00
TT|1552168|A|2.5,1552168,Eredivisie,88,2026-09-11T13:29:19Z,2026-09-12T19:00:00Z,1770.7,Cambuur,NEC Nijmegen,A,NEC Nijmegen,2.5,17,Total - Away,2.1,1.67,0.44297082,0.55702918,0.44297082,0.00000000,Marathonbet,2.13,1.69,2026-09-11T09:09:24+00:00
TT|1552168|A|3.5,1552168,Eredivisie,88,2026-09-11T13:29:19Z,2026-09-12T19:00:00Z,1770.7,Cambuur,NEC Nijmegen,A,NEC Nijmegen,3.5,17,Total - Away,4.0,1.22,0.23371648,0.76628352,0.23371648,-0.00000000,Marathonbet,3.84,1.22,2026-09-11T09:09:24+00:00
TT|1552168|A|4.5,1552168,Eredivisie,88,2026-09-11T13:29:19Z,2026-09-12T19:00:00Z,1770.7,Cambuur,NEC Nijmegen,A,NEC Nijmegen,4.5,17,Total - Away,9.0,1.07,0.10625621,0.89374379,0.10625621,-0.00000000,Marathonbet,,,2026-09-11T09:09:24+00:00
TT|1552168|A|5.5,1552168,Eredivisie,88,2026-09-11T13:29:19Z,2026-09-12T19:00:00Z,1770.7,Cambuur,NEC Nijmegen,A,NEC Nijmegen,5.5,17,Total - Away,19.0,1.02,0.05094905,0.94905095,0.05094905,0.00000000,Marathonbet,,,2026-09-11T09:09:24+00:00
TT|1552167|H|0.5,1552167,Eredivisie,88,2026-09-11T13:29:19Z,2026-09-13T10:15:00Z,2685.7,Excelsior,Utrecht,H,Excelsior,0.5,16,Total - Home,1.18,4.5,0.79225352,0.20774648,0.79225352,0.00000000,Marathonbet,1.23,3.64,2026-09-11T09:09:24+00:00
TT|1552167|H|1.5,1552167,Eredivisie,88,2026-09-11T13:29:19Z,2026-09-13T10:15:00Z,2685.7,Excelsior,Utrecht,H,Excelsior,1.5,16,Total - Home,1.83,1.83,0.50000000,0.50000000,0.50000000,0.00000000,Marathonbet,1.88,1.89,2026-09-11T09:09:24+00:00
TT|1552167|H|2.5,1552167,Eredivisie,88,2026-09-11T13:29:19Z,2026-09-13T10:15:00Z,2685.7,Excelsior,Utrecht,H,Excelsior,2.5,16,Total - Home,3.75,1.25,0.25000000,0.75000000,0.25000000,0.00000000,Marathonbet,3.65,1.24,2026-09-11T09:09:24+00:00
TT|1552167|H|3.5,1552167,Eredivisie,88,2026-09-11T13:29:19Z,2026-09-13T10:15:00Z,2685.7,Excelsior,Utrecht,H,Excelsior,3.5,16,Total - Home,10.0,1.06,0.09584087,0.90415913,0.09584087,-0.00000000,Marathonbet,7.8,1.03,2026-09-11T09:09:24+00:00
TT|1552167|H|4.5,1552167,Eredivisie,88,2026-09-11T13:29:19Z,2026-09-13T10:15:00Z,2685.7,Excelsior,Utrecht,H,Excelsior,4.5,16,Total - Home,23.0,1.01,0.04206581,0.95793419,0.04206581,-0.00000000,Marathonbet,,,2026-09-11T09:09:24+00:00
TT|1552167|A|0.5,1552167,Eredivisie,88,2026-09-11T13:29:19Z,2026-09-13T10:15:00Z,2685.7,Excelsior,Utrecht,A,Utrecht,0.5,17,Total - Away,1.25,3.75,0.75000000,0.25000000,0.75000000,0.00000000,Marathonbet,1.24,3.56,2026-09-11T09:09:24+00:00
TT|1552167|A|1.5,1552167,Eredivisie,88,2026-09-11T13:29:19Z,2026-09-13T10:15:00Z,2685.7,Excelsior,Utrecht,A,Utrecht,1.5,17,Total - Away,2.2,1.62,0.42408377,0.57591623,0.42408377,-0.00000000,Marathonbet,2.26,1.62,2026-09-11T09:09:24+00:00
TT|1552167|A|2.5,1552167,Eredivisie,88,2026-09-11T13:29:19Z,2026-09-13T10:15:00Z,2685.7,Excelsior,Utrecht,A,Utrecht,2.5,17,Total - Away,5.0,1.17,0.18962723,0.81037277,0.18962723,-0.00000000,Marathonbet,5.0,1.14,2026-09-11T09:09:24+00:00
TT|1552167|A|3.5,1552167,Eredivisie,88,2026-09-11T13:29:19Z,2026-09-13T10:15:00Z,2685.7,Excelsior,Utrecht,A,Utrecht,3.5,17,Total - Away,13.0,1.04,0.07407407,0.92592593,0.07407407,0.00000000,Marathonbet,,,2026-09-11T09:09:24+00:00
TT|1552166|H|0.5,1552166,Eredivisie,88,2026-09-11T13:29:19Z,2026-09-13T12:30:00Z,2820.7,Heerenveen,Telstar,H,Heerenveen,0.5,16,Total - Home,1.1,7.0,0.86419753,0.13580247,0.86419753,0.00000000,Marathonbet,,,2026-09-11T09:09:24+00:00
TT|1552166|H|1.5,1552166,Eredivisie,88,2026-09-11T13:29:19Z,2026-09-13T12:30:00Z,2820.7,Heerenveen,Telstar,H,Heerenveen,1.5,16,Total - Home,1.5,2.5,0.62500000,0.37500000,0.62500000,0.00000000,Marathonbet,1.44,2.68,2026-09-11T09:09:24+00:00
TT|1552166|H|2.5,1552166,Eredivisie,88,2026-09-11T13:29:19Z,2026-09-13T12:30:00Z,2820.7,Heerenveen,Telstar,H,Heerenveen,2.5,16,Total - Home,2.5,1.5,0.37500000,0.62500000,0.37500000,0.00000000,Marathonbet,2.39,1.54,2026-09-11T09:09:24+00:00
TT|1552166|H|3.5,1552166,Eredivisie,88,2026-09-11T13:29:19Z,2026-09-13T12:30:00Z,2820.7,Heerenveen,Telstar,H,Heerenveen,3.5,16,Total - Home,5.0,1.17,0.18962723,0.81037277,0.18962723,-0.00000000,Marathonbet,4.6,1.14,2026-09-11T09:09:24+00:00
TT|1552166|H|4.5,1552166,Eredivisie,88,2026-09-11T13:29:19Z,2026-09-13T12:30:00Z,2820.7,Heerenveen,Telstar,H,Heerenveen,4.5,16,Total - Home,13.0,1.04,0.07407407,0.92592593,0.07407407,0.00000000,Marathonbet,,,2026-09-11T09:09:24+00:00
TT|1552166|H|5.5,1552166,Eredivisie,88,2026-09-11T13:29:19Z,2026-09-13T12:30:00Z,2820.7,Heerenveen,Telstar,H,Heerenveen,5.5,16,Total - Home,26.0,1.01,0.03739356,0.96260644,0.03739356,-0.00000000,Marathonbet,,,2026-09-11T09:09:24+00:00
TT|1552166|A|0.5,1552166,Eredivisie,88,2026-09-11T13:29:19Z,2026-09-13T12:30:00Z,2820.7,Heerenveen,Telstar,A,Telstar,0.5,17,Total - Away,1.3,3.4,0.72340426,0.27659574,0.72340426,-0.00000000,Marathonbet,1.29,3.2,2026-09-11T09:09:24+00:00
TT|1552166|A|1.5,1552166,Eredivisie,88,2026-09-11T13:29:19Z,2026-09-13T12:30:00Z,2820.7,Heerenveen,Telstar,A,Telstar,1.5,17,Total - Away,2.5,1.5,0.37500000,0.62500000,0.37500000,0.00000000,Marathonbet,2.55,1.48,2026-09-11T09:09:24+00:00
TT|1552166|A|2.5,1552166,Eredivisie,88,2026-09-11T13:29:19Z,2026-09-13T12:30:00Z,2820.7,Heerenveen,Telstar,A,Telstar,2.5,17,Total - Away,6.0,1.12,0.15730337,0.84269663,0.15730337,0.00000000,Marathonbet,6.35,1.08,2026-09-11T09:09:24+00:00
TT|1552166|A|3.5,1552166,Eredivisie,88,2026-09-11T13:29:19Z,2026-09-13T12:30:00Z,2820.7,Heerenveen,Telstar,A,Telstar,3.5,17,Total - Away,17.0,1.02,0.05660377,0.94339623,0.05660377,0.00000000,Marathonbet,,,2026-09-11T09:09:24+00:00
TT|1552170|H|0.5,1552170,Eredivisie,88,2026-09-11T13:29:19Z,2026-09-13T14:45:00Z,2955.7,PEC Zwolle,Feyenoord,H,PEC Zwolle,0.5,16,Total - Home,1.36,3.0,0.68807339,0.31192661,0.68807339,0.00000000,Marathonbet,1.36,2.83,2026-09-11T09:09:24+00:00
TT|1552170|H|1.5,1552170,Eredivisie,88,2026-09-11T13:29:19Z,2026-09-13T14:45:00Z,2955.7,PEC Zwolle,Feyenoord,H,PEC Zwolle,1.5,16,Total - Home,2.75,1.4,0.33734940,0.66265060,0.33734940,-0.00000000,Marathonbet,2.82,1.4,2026-09-11T09:09:24+00:00
TT|1552170|H|2.5,1552170,Eredivisie,88,2026-09-11T13:29:19Z,2026-09-13T14:45:00Z,2955.7,PEC Zwolle,Feyenoord,H,PEC Zwolle,2.5,16,Total - Home,8.0,1.08,0.11894273,0.88105727,0.11894273,0.00000000,Marathonbet,6.9,1.06,2026-09-11T09:09:24+00:00
TT|1552170|H|3.5,1552170,Eredivisie,88,2026-09-11T13:29:19Z,2026-09-13T14:45:00Z,2955.7,PEC Zwolle,Feyenoord,H,PEC Zwolle,3.5,16,Total - Home,21.0,1.01,0.04588823,0.95411177,0.04588823,0.00000000,Marathonbet,,,2026-09-11T09:09:24+00:00
TT|1552170|A|0.5,1552170,Eredivisie,88,2026-09-11T13:29:19Z,2026-09-13T14:45:00Z,2955.7,PEC Zwolle,Feyenoord,A,Feyenoord,0.5,17,Total - Away,1.06,10.0,0.90415913,0.09584087,0.90415913,0.00000000,Marathonbet,,,2026-09-11T09:09:24+00:00
TT|1552170|A|1.5,1552170,Eredivisie,88,2026-09-11T13:29:19Z,2026-09-13T14:45:00Z,2955.7,PEC Zwolle,Feyenoord,A,Feyenoord,1.5,17,Total - Away,1.33,3.25,0.70960699,0.29039301,0.70960699,-0.00000000,Marathonbet,1.31,3.16,2026-09-11T09:09:24+00:00
TT|1552170|A|2.5,1552170,Eredivisie,88,2026-09-11T13:29:19Z,2026-09-13T14:45:00Z,2955.7,PEC Zwolle,Feyenoord,A,Feyenoord,2.5,17,Total - Away,2.0,1.73,0.46380697,0.53619303,0.46380697,0.00000000,Marathonbet,2.01,1.77,2026-09-11T09:09:24+00:00
TT|1552170|A|3.5,1552170,Eredivisie,88,2026-09-11T13:29:19Z,2026-09-13T14:45:00Z,2955.7,PEC Zwolle,Feyenoord,A,Feyenoord,3.5,17,Total - Away,3.75,1.25,0.25000000,0.75000000,0.25000000,0.00000000,Marathonbet,3.5,1.26,2026-09-11T09:09:24+00:00
TT|1552170|A|4.5,1552170,Eredivisie,88,2026-09-11T13:29:19Z,2026-09-13T14:45:00Z,2955.7,PEC Zwolle,Feyenoord,A,Feyenoord,4.5,17,Total - Away,8.0,1.08,0.11894273,0.88105727,0.11894273,0.00000000,Marathonbet,,,2026-09-11T09:09:24+00:00
TT|1552170|A|5.5,1552170,Eredivisie,88,2026-09-11T13:29:19Z,2026-09-13T14:45:00Z,2955.7,PEC Zwolle,Feyenoord,A,Feyenoord,5.5,17,Total - Away,17.0,1.02,0.05660377,0.94339623,0.05660377,0.00000000,Marathonbet,,,2026-09-11T09:09:24+00:00
TT|1552169|H|0.5,1552169,Eredivisie,88,2026-09-11T13:29:19Z,2026-09-13T18:00:00Z,3150.7,PSV Eindhoven,Sparta Rotterdam,H,PSV Eindhoven,0.5,16,Total - Home,1.02,19.0,0.94905095,0.05094905,0.94905095,-0.00000000,Marathonbet,,,2026-09-11T09:09:24+00:00
TT|1552169|H|1.5,1552169,Eredivisie,88,2026-09-11T13:29:19Z,2026-09-13T18:00:00Z,3150.7,PSV Eindhoven,Sparta Rotterdam,H,PSV Eindhoven,1.5,16,Total - Home,1.12,6.0,0.84269663,0.15730337,0.84269663,-0.00000000,Marathonbet,1.1,5.55,2026-09-11T09:09:24+00:00
TT|1552169|H|2.5,1552169,Eredivisie,88,2026-09-11T13:29:19Z,2026-09-13T18:00:00Z,3150.7,PSV Eindhoven,Sparta Rotterdam,H,PSV Eindhoven,2.5,16,Total - Home,1.44,2.62,0.64532020,0.35467980,0.64532020,-0.00000000,Marathonbet,1.43,2.62,2026-09-11T09:09:24+00:00
TT|1552169|H|3.5,1552169,Eredivisie,88,2026-09-11T13:29:19Z,2026-09-13T18:00:00Z,3150.7,PSV Eindhoven,Sparta Rotterdam,H,PSV Eindhoven,3.5,16,Total - Home,2.1,1.67,0.44297082,0.55702918,0.44297082,0.00000000,Marathonbet,2.11,1.7,2026-09-11T09:09:24+00:00
TT|1552169|H|4.5,1552169,Eredivisie,88,2026-09-11T13:29:19Z,2026-09-13T18:00:00Z,3150.7,PSV Eindhoven,Sparta Rotterdam,H,PSV Eindhoven,4.5,16,Total - Home,3.5,1.28,0.26778243,0.73221757,0.26778243,-0.00000000,Marathonbet,3.42,1.27,2026-09-11T09:09:24+00:00
TT|1552169|H|5.5,1552169,Eredivisie,88,2026-09-11T13:29:19Z,2026-09-13T18:00:00Z,3150.7,PSV Eindhoven,Sparta Rotterdam,H,PSV Eindhoven,5.5,16,Total - Home,7.0,1.1,0.13580247,0.86419753,0.13580247,-0.00000000,Marathonbet,,,2026-09-11T09:09:24+00:00
TT|1552169|H|6.5,1552169,Eredivisie,88,2026-09-11T13:29:19Z,2026-09-13T18:00:00Z,3150.7,PSV Eindhoven,Sparta Rotterdam,H,PSV Eindhoven,6.5,16,Total - Home,13.0,1.04,0.07407407,0.92592593,0.07407407,0.00000000,Marathonbet,,,2026-09-11T09:09:24+00:00
TT|1552169|H|7.5,1552169,Eredivisie,88,2026-09-11T13:29:19Z,2026-09-13T18:00:00Z,3150.7,PSV Eindhoven,Sparta Rotterdam,H,PSV Eindhoven,7.5,16,Total - Home,26.0,1.01,0.03739356,0.96260644,0.03739356,-0.00000000,Marathonbet,,,2026-09-11T09:09:24+00:00
TT|1552169|A|0.5,1552169,Eredivisie,88,2026-09-11T13:29:19Z,2026-09-13T18:00:00Z,3150.7,PSV Eindhoven,Sparta Rotterdam,A,Sparta Rotterdam,0.5,17,Total - Away,1.5,2.5,0.62500000,0.37500000,0.62500000,0.00000000,Marathonbet,1.48,2.43,2026-09-11T09:09:24+00:00
TT|1552169|A|1.5,1552169,Eredivisie,88,2026-09-11T13:29:19Z,2026-09-13T18:00:00Z,3150.7,PSV Eindhoven,Sparta Rotterdam,A,Sparta Rotterdam,1.5,17,Total - Away,3.5,1.28,0.26778243,0.73221757,0.26778243,-0.00000000,Marathonbet,3.48,1.28,2026-09-11T09:09:24+00:00
TT|1552169|A|2.5,1552169,Eredivisie,88,2026-09-11T13:29:19Z,2026-09-13T18:00:00Z,3150.7,PSV Eindhoven,Sparta Rotterdam,A,Sparta Rotterdam,2.5,17,Total - Away,11.0,1.05,0.08713693,0.91286307,0.08713693,-0.00000000,Marathonbet,9.5,1.02,2026-09-11T09:09:24+00:00
TT|1552169|A|3.5,1552169,Eredivisie,88,2026-09-11T13:29:19Z,2026-09-13T18:00:00Z,3150.7,PSV Eindhoven,Sparta Rotterdam,A,Sparta Rotterdam,3.5,17,Total - Away,29.0,1.01,0.03365545,0.96634455,0.03365545,-0.00000000,Marathonbet,,,2026-09-11T09:09:24+00:00
TT|1494760|H|0.5,1494760,Eliteserien,103,2026-09-11T13:29:19Z,2026-09-12T14:00:00Z,1470.7,Lillestrom,Valerenga,H,Lillestrom,0.5,16,Total - Home,1.11,6.5,0.85413929,0.14586071,0.85413929,0.00000000,Marathonbet,,,2026-09-11T08:15:49+00:00
TT|1494760|H|1.5,1494760,Eliteserien,103,2026-09-11T13:29:19Z,2026-09-12T14:00:00Z,1470.7,Lillestrom,Valerenga,H,Lillestrom,1.5,16,Total - Home,1.57,2.25,0.58900524,0.41099476,0.58900524,-0.00000000,Marathonbet,1.56,2.34,2026-09-11T08:15:49+00:00
TT|1494760|H|2.5,1494760,Eliteserien,103,2026-09-11T13:29:19Z,2026-09-12T14:00:00Z,1470.7,Lillestrom,Valerenga,H,Lillestrom,2.5,16,Total - Home,2.75,1.4,0.33734940,0.66265060,0.33734940,-0.00000000,Marathonbet,2.75,1.42,2026-09-11T08:15:49+00:00
TT|1494760|H|3.5,1494760,Eliteserien,103,2026-09-11T13:29:19Z,2026-09-12T14:00:00Z,1470.7,Lillestrom,Valerenga,H,Lillestrom,3.5,16,Total - Home,6.0,1.12,0.15730337,0.84269663,0.15730337,0.00000000,Marathonbet,5.6,1.1,2026-09-11T08:15:49+00:00
TT|1494760|H|4.5,1494760,Eliteserien,103,2026-09-11T13:29:19Z,2026-09-12T14:00:00Z,1470.7,Lillestrom,Valerenga,H,Lillestrom,4.5,16,Total - Home,15.0,1.03,0.06425452,0.93574548,0.06425452,0.00000000,Marathonbet,,,2026-09-11T08:15:49+00:00
TT|1494760|H|5.5,1494760,Eliteserien,103,2026-09-11T13:29:19Z,2026-09-12T14:00:00Z,1470.7,Lillestrom,Valerenga,H,Lillestrom,5.5,16,Total - Home,29.0,1.01,0.03365545,0.96634455,0.03365545,-0.00000000,Marathonbet,,,2026-09-11T08:15:49+00:00
TT|1494760|A|0.5,1494760,Eliteserien,103,2026-09-11T13:29:19Z,2026-09-12T14:00:00Z,1470.7,Lillestrom,Valerenga,A,Valerenga,0.5,17,Total - Away,1.25,3.75,0.75000000,0.25000000,0.75000000,0.00000000,Marathonbet,1.22,3.74,2026-09-11T08:15:49+00:00
TT|1494760|A|1.5,1494760,Eliteserien,103,2026-09-11T13:29:19Z,2026-09-12T14:00:00Z,1470.7,Lillestrom,Valerenga,A,Valerenga,1.5,17,Total - Away,2.2,1.62,0.42408377,0.57591623,0.42408377,-0.00000000,Marathonbet,2.19,1.65,2026-09-11T08:15:49+00:00
TT|1494760|A|2.5,1494760,Eliteserien,103,2026-09-11T13:29:19Z,2026-09-12T14:00:00Z,1470.7,Lillestrom,Valerenga,A,Valerenga,2.5,17,Total - Away,5.0,1.17,0.18962723,0.81037277,0.18962723,-0.00000000,Marathonbet,4.85,1.14,2026-09-11T08:15:49+00:00
TT|1494760|A|3.5,1494760,Eliteserien,103,2026-09-11T13:29:19Z,2026-09-12T14:00:00Z,1470.7,Lillestrom,Valerenga,A,Valerenga,3.5,17,Total - Away,13.0,1.04,0.07407407,0.92592593,0.07407407,0.00000000,Marathonbet,,,2026-09-11T08:15:49+00:00
TT|1494761|H|0.5,1494761,Eliteserien,103,2026-09-11T13:29:19Z,2026-09-12T16:00:00Z,1590.7,Rosenborg,Tromso,H,Rosenborg,0.5,16,Total - Home,1.12,6.0,0.84269663,0.15730337,0.84269663,-0.00000000,Marathonbet,,,2026-09-11T08:15:49+00:00
TT|1494761|H|1.5,1494761,Eliteserien,103,2026-09-11T13:29:19Z,2026-09-12T16:00:00Z,1590.7,Rosenborg,Tromso,H,Rosenborg,1.5,16,Total - Home,1.62,2.2,0.57591623,0.42408377,0.57591623,0.00000000,Marathonbet,1.62,2.25,2026-09-11T08:15:49+00:00
TT|1494761|H|2.5,1494761,Eliteserien,103,2026-09-11T13:29:19Z,2026-09-12T16:00:00Z,1590.7,Rosenborg,Tromso,H,Rosenborg,2.5,16,Total - Home,3.0,1.36,0.31192661,0.68807339,0.31192661,-0.00000000,Marathonbet,2.86,1.37,2026-09-11T08:15:49+00:00
TT|1494761|H|3.5,1494761,Eliteserien,103,2026-09-11T13:29:19Z,2026-09-12T16:00:00Z,1590.7,Rosenborg,Tromso,H,Rosenborg,3.5,16,Total - Home,6.5,1.11,0.14586071,0.85413929,0.14586071,-0.00000000,Marathonbet,5.7,1.09,2026-09-11T08:15:49+00:00
TT|1494761|H|4.5,1494761,Eliteserien,103,2026-09-11T13:29:19Z,2026-09-12T16:00:00Z,1590.7,Rosenborg,Tromso,H,Rosenborg,4.5,16,Total - Home,15.0,1.03,0.06425452,0.93574548,0.06425452,0.00000000,Marathonbet,,,2026-09-11T08:15:49+00:00
TT|1494761|A|0.5,1494761,Eliteserien,103,2026-09-11T13:29:19Z,2026-09-12T16:00:00Z,1590.7,Rosenborg,Tromso,A,Tromso,0.5,17,Total - Away,1.4,2.75,0.66265060,0.33734940,0.66265060,0.00000000,Marathonbet,1.35,2.89,2026-09-11T08:15:49+00:00
TT|1494761|A|1.5,1494761,Eliteserien,103,2026-09-11T13:29:19Z,2026-09-12T16:00:00Z,1590.7,Rosenborg,Tromso,A,Tromso,1.5,17,Total - Away,3.0,1.36,0.31192661,0.68807339,0.31192661,-0.00000000,Marathonbet,2.83,1.4,2026-09-11T08:15:49+00:00
TT|1494761|A|2.5,1494761,Eliteserien,103,2026-09-11T13:29:19Z,2026-09-12T16:00:00Z,1590.7,Rosenborg,Tromso,A,Tromso,2.5,17,Total - Away,8.0,1.08,0.11894273,0.88105727,0.11894273,0.00000000,Marathonbet,6.8,1.07,2026-09-11T08:15:49+00:00
TT|1494761|A|3.5,1494761,Eliteserien,103,2026-09-11T13:29:19Z,2026-09-12T16:00:00Z,1590.7,Rosenborg,Tromso,A,Tromso,3.5,17,Total - Away,23.0,1.01,0.04206581,0.95793419,0.04206581,-0.00000000,Marathonbet,,,2026-09-11T08:15:49+00:00
TT|1494763|H|0.5,1494763,Eliteserien,103,2026-09-11T13:29:19Z,2026-09-13T12:30:00Z,2820.7,Viking,Kristiansund BK,H,Viking,0.5,16,Total - Home,1.04,13.0,0.92592593,0.07407407,0.92592593,-0.00000000,Marathonbet,,,2026-09-11T02:10:15+00:00
TT|1494763|H|1.5,1494763,Eliteserien,103,2026-09-11T13:29:19Z,2026-09-13T12:30:00Z,2820.7,Viking,Kristiansund BK,H,Viking,1.5,16,Total - Home,1.25,3.75,0.75000000,0.25000000,0.75000000,0.00000000,Marathonbet,1.2,4.1,2026-09-11T02:10:15+00:00
TT|1494763|H|2.5,1494763,Eliteserien,103,2026-09-11T13:29:19Z,2026-09-13T12:30:00Z,2820.7,Viking,Kristiansund BK,H,Viking,2.5,16,Total - Home,1.73,2.0,0.53619303,0.46380697,0.53619303,-0.00000000,Marathonbet,1.78,2.0,2026-09-11T02:10:15+00:00
TT|1494763|H|3.5,1494763,Eliteserien,103,2026-09-11T13:29:19Z,2026-09-13T12:30:00Z,2820.7,Viking,Kristiansund BK,H,Viking,3.5,16,Total - Home,3.0,1.36,0.31192661,0.68807339,0.31192661,-0.00000000,Marathonbet,2.91,1.36,2026-09-11T02:10:15+00:00
TT|1494763|H|4.5,1494763,Eliteserien,103,2026-09-11T13:29:19Z,2026-09-13T12:30:00Z,2820.7,Viking,Kristiansund BK,H,Viking,4.5,16,Total - Home,5.5,1.14,0.17168675,0.82831325,0.17168675,-0.00000000,Marathonbet,,,2026-09-11T02:10:15+00:00
TT|1494763|H|5.5,1494763,Eliteserien,103,2026-09-11T13:29:19Z,2026-09-13T12:30:00Z,2820.7,Viking,Kristiansund BK,H,Viking,5.5,16,Total - Home,11.0,1.05,0.08713693,0.91286307,0.08713693,-0.00000000,Marathonbet,,,2026-09-11T02:10:15+00:00
TT|1494763|H|6.5,1494763,Eliteserien,103,2026-09-11T13:29:19Z,2026-09-13T12:30:00Z,2820.7,Viking,Kristiansund BK,H,Viking,6.5,16,Total - Home,23.0,1.01,0.04206581,0.95793419,0.04206581,-0.00000000,Marathonbet,,,2026-09-11T02:10:15+00:00
TT|1494763|A|0.5,1494763,Eliteserien,103,2026-09-11T13:29:19Z,2026-09-13T12:30:00Z,2820.7,Viking,Kristiansund BK,A,Kristiansund BK,0.5,17,Total - Away,1.62,2.2,0.57591623,0.42408377,0.57591623,0.00000000,Marathonbet,1.53,2.31,2026-09-11T02:10:15+00:00
TT|1494763|A|1.5,1494763,Eliteserien,103,2026-09-11T13:29:19Z,2026-09-13T12:30:00Z,2820.7,Viking,Kristiansund BK,A,Kristiansund BK,1.5,17,Total - Away,4.0,1.22,0.23371648,0.76628352,0.23371648,-0.00000000,Marathonbet,3.65,1.26,2026-09-11T02:10:15+00:00
TT|1494763|A|2.5,1494763,Eliteserien,103,2026-09-11T13:29:19Z,2026-09-13T12:30:00Z,2820.7,Viking,Kristiansund BK,A,Kristiansund BK,2.5,17,Total - Away,13.0,1.04,0.07407407,0.92592593,0.07407407,0.00000000,Marathonbet,9.8,1.02,2026-09-11T02:10:15+00:00
TT|1494762|H|0.5,1494762,Eliteserien,103,2026-09-11T13:29:19Z,2026-09-13T15:00:00Z,2970.7,Start,Brann,H,Start,0.5,16,Total - Home,1.28,3.5,0.73221757,0.26778243,0.73221757,0.00000000,Marathonbet,1.26,3.4,2026-09-11T02:10:15+00:00
TT|1494762|H|1.5,1494762,Eliteserien,103,2026-09-11T13:29:19Z,2026-09-13T15:00:00Z,2970.7,Start,Brann,H,Start,1.5,16,Total - Home,2.38,1.53,0.39130435,0.60869565,0.39130435,-0.00000000,Marathonbet,2.35,1.57,2026-09-11T02:10:15+00:00
TT|1494762|H|2.5,1494762,Eliteserien,103,2026-09-11T13:29:19Z,2026-09-13T15:00:00Z,2970.7,Start,Brann,H,Start,2.5,16,Total - Home,5.5,1.14,0.17168675,0.82831325,0.17168675,-0.00000000,Marathonbet,5.45,1.12,2026-09-11T02:10:15+00:00
TT|1494762|H|3.5,1494762,Eliteserien,103,2026-09-11T13:29:19Z,2026-09-13T15:00:00Z,2970.7,Start,Brann,H,Start,3.5,16,Total - Home,15.0,1.03,0.06425452,0.93574548,0.06425452,0.00000000,Marathonbet,,,2026-09-11T02:10:15+00:00
TT|1494762|A|0.5,1494762,Eliteserien,103,2026-09-11T13:29:19Z,2026-09-13T15:00:00Z,2970.7,Start,Brann,A,Brann,0.5,17,Total - Away,1.14,5.5,0.82831325,0.17168675,0.82831325,0.00000000,Marathonbet,,,2026-09-11T02:10:15+00:00
TT|1494762|A|1.5,1494762,Eliteserien,103,2026-09-11T13:29:19Z,2026-09-13T15:00:00Z,2970.7,Start,Brann,A,Brann,1.5,17,Total - Away,1.73,2.0,0.53619303,0.46380697,0.53619303,-0.00000000,Marathonbet,1.77,2.01,2026-09-11T02:10:15+00:00
TT|1494762|A|2.5,1494762,Eliteserien,103,2026-09-11T13:29:19Z,2026-09-13T15:00:00Z,2970.7,Start,Brann,A,Brann,2.5,17,Total - Away,3.4,1.3,0.27659574,0.72340426,0.27659574,0.00000000,Marathonbet,3.35,1.28,2026-09-11T02:10:15+00:00
TT|1494762|A|3.5,1494762,Eliteserien,103,2026-09-11T13:29:19Z,2026-09-13T15:00:00Z,2970.7,Start,Brann,A,Brann,3.5,17,Total - Away,8.0,1.08,0.11894273,0.88105727,0.11894273,0.00000000,Marathonbet,7.3,1.04,2026-09-11T02:10:15+00:00
TT|1494762|A|4.5,1494762,Eliteserien,103,2026-09-11T13:29:19Z,2026-09-13T15:00:00Z,2970.7,Start,Brann,A,Brann,4.5,17,Total - Away,19.0,1.02,0.05094905,0.94905095,0.05094905,0.00000000,Marathonbet,,,2026-09-11T02:10:15+00:00
TT|1494759|H|0.5,1494759,Eliteserien,103,2026-09-11T13:29:19Z,2026-09-13T15:00:00Z,2970.7,KFUM Oslo,Aalesund,H,KFUM Oslo,0.5,16,Total - Home,1.18,4.5,0.79225352,0.20774648,0.79225352,0.00000000,Marathonbet,,,2026-09-11T02:10:15+00:00
TT|1494759|H|1.5,1494759,Eliteserien,103,2026-09-11T13:29:19Z,2026-09-13T15:00:00Z,2970.7,KFUM Oslo,Aalesund,H,KFUM Oslo,1.5,16,Total - Home,1.83,1.83,0.50000000,0.50000000,0.50000000,0.00000000,Marathonbet,1.93,1.84,2026-09-11T02:10:15+00:00
TT|1494759|H|2.5,1494759,Eliteserien,103,2026-09-11T13:29:19Z,2026-09-13T15:00:00Z,2970.7,KFUM Oslo,Aalesund,H,KFUM Oslo,2.5,16,Total - Home,3.75,1.25,0.25000000,0.75000000,0.25000000,0.00000000,Marathonbet,3.84,1.22,2026-09-11T02:10:15+00:00
TT|1494759|H|3.5,1494759,Eliteserien,103,2026-09-11T13:29:19Z,2026-09-13T15:00:00Z,2970.7,KFUM Oslo,Aalesund,H,KFUM Oslo,3.5,16,Total - Home,9.0,1.07,0.10625621,0.89374379,0.10625621,-0.00000000,Marathonbet,8.2,1.02,2026-09-11T02:10:15+00:00
TT|1494759|H|4.5,1494759,Eliteserien,103,2026-09-11T13:29:19Z,2026-09-13T15:00:00Z,2970.7,KFUM Oslo,Aalesund,H,KFUM Oslo,4.5,16,Total - Home,23.0,1.01,0.04206581,0.95793419,0.04206581,-0.00000000,Marathonbet,,,2026-09-11T02:10:15+00:00
TT|1494759|A|0.5,1494759,Eliteserien,103,2026-09-11T13:29:19Z,2026-09-13T15:00:00Z,2970.7,KFUM Oslo,Aalesund,A,Aalesund,0.5,17,Total - Away,1.22,4.0,0.76628352,0.23371648,0.76628352,0.00000000,Marathonbet,,,2026-09-11T02:10:15+00:00
TT|1494759|A|1.5,1494759,Eliteserien,103,2026-09-11T13:29:19Z,2026-09-13T15:00:00Z,2970.7,KFUM Oslo,Aalesund,A,Aalesund,1.5,17,Total - Away,2.1,1.67,0.44297082,0.55702918,0.44297082,0.00000000,Marathonbet,2.08,1.72,2026-09-11T02:10:15+00:00
TT|1494759|A|2.5,1494759,Eliteserien,103,2026-09-11T13:29:19Z,2026-09-13T15:00:00Z,2970.7,KFUM Oslo,Aalesund,A,Aalesund,2.5,17,Total - Away,4.5,1.18,0.20774648,0.79225352,0.20774648,-0.00000000,Marathonbet,4.4,1.17,2026-09-11T02:10:15+00:00
TT|1494759|A|3.5,1494759,Eliteserien,103,2026-09-11T13:29:19Z,2026-09-13T15:00:00Z,2970.7,KFUM Oslo,Aalesund,A,Aalesund,3.5,17,Total - Away,13.0,1.04,0.07407407,0.92592593,0.07407407,0.00000000,Marathonbet,9.5,1.01,2026-09-11T02:10:15+00:00
TT|1494759|A|4.5,1494759,Eliteserien,103,2026-09-11T13:29:19Z,2026-09-13T15:00:00Z,2970.7,KFUM Oslo,Aalesund,A,Aalesund,4.5,17,Total - Away,29.0,1.01,0.03365545,0.96634455,0.03365545,-0.00000000,Marathonbet,,,2026-09-11T02:10:15+00:00
TT|1494758|H|0.5,1494758,Eliteserien,103,2026-09-11T13:29:19Z,2026-09-13T15:00:00Z,2970.7,Ham-Kam,Molde,H,Ham-Kam,0.5,16,Total - Home,1.3,3.4,0.72340426,0.27659574,0.72340426,-0.00000000,Marathonbet,1.3,3.14,2026-09-11T02:10:15+00:00
TT|1494758|H|1.5,1494758,Eliteserien,103,2026-09-11T13:29:19Z,2026-09-13T15:00:00Z,2970.7,Ham-Kam,Molde,H,Ham-Kam,1.5,16,Total - Home,2.5,1.5,0.37500000,0.62500000,0.37500000,0.00000000,Marathonbet,2.52,1.49,2026-09-11T02:10:15+00:00
TT|1494758|H|2.5,1494758,Eliteserien,103,2026-09-11T13:29:19Z,2026-09-13T15:00:00Z,2970.7,Ham-Kam,Molde,H,Ham-Kam,2.5,16,Total - Home,6.0,1.12,0.15730337,0.84269663,0.15730337,0.00000000,Marathonbet,5.85,1.09,2026-09-11T02:10:15+00:00
TT|1494758|H|3.5,1494758,Eliteserien,103,2026-09-11T13:29:19Z,2026-09-13T15:00:00Z,2970.7,Ham-Kam,Molde,H,Ham-Kam,3.5,16,Total - Home,17.0,1.02,0.05660377,0.94339623,0.05660377,0.00000000,Marathonbet,,,2026-09-11T02:10:15+00:00
TT|1494758|A|0.5,1494758,Eliteserien,103,2026-09-11T13:29:19Z,2026-09-13T15:00:00Z,2970.7,Ham-Kam,Molde,A,Molde,0.5,17,Total - Away,1.1,7.0,0.86419753,0.13580247,0.86419753,0.00000000,Marathonbet,,,2026-09-11T02:10:15+00:00
TT|1494758|A|1.5,1494758,Eliteserien,103,2026-09-11T13:29:19Z,2026-09-13T15:00:00Z,2970.7,Ham-Kam,Molde,A,Molde,1.5,17,Total - Away,1.5,2.5,0.62500000,0.37500000,0.62500000,0.00000000,Marathonbet,1.52,2.44,2026-09-11T02:10:15+00:00
TT|1494758|A|2.5,1494758,Eliteserien,103,2026-09-11T13:29:19Z,2026-09-13T15:00:00Z,2970.7,Ham-Kam,Molde,A,Molde,2.5,17,Total - Away,2.62,1.44,0.35467980,0.64532020,0.35467980,0.00000000,Marathonbet,2.58,1.47,2026-09-11T02:10:15+00:00
TT|1494758|A|3.5,1494758,Eliteserien,103,2026-09-11T13:29:19Z,2026-09-13T15:00:00Z,2970.7,Ham-Kam,Molde,A,Molde,3.5,17,Total - Away,5.5,1.14,0.17168675,0.82831325,0.17168675,-0.00000000,Marathonbet,5.0,1.13,2026-09-11T02:10:15+00:00
TT|1494758|A|4.5,1494758,Eliteserien,103,2026-09-11T13:29:19Z,2026-09-13T15:00:00Z,2970.7,Ham-Kam,Molde,A,Molde,4.5,17,Total - Away,13.0,1.04,0.07407407,0.92592593,0.07407407,0.00000000,Marathonbet,,,2026-09-11T02:10:15+00:00
TT|1494758|A|5.5,1494758,Eliteserien,103,2026-09-11T13:29:19Z,2026-09-13T15:00:00Z,2970.7,Ham-Kam,Molde,A,Molde,5.5,17,Total - Away,26.0,1.01,0.03739356,0.96260644,0.03739356,-0.00000000,Marathonbet,,,2026-09-11T02:10:15+00:00
TT|1494757|H|0.5,1494757,Eliteserien,103,2026-09-11T13:29:19Z,2026-09-13T17:15:00Z,3105.7,Fredrikstad,Sarpsborg 08 FF,H,Fredrikstad,0.5,16,Total - Home,1.22,4.0,0.76628352,0.23371648,0.76628352,0.00000000,Marathonbet,1.16,4.5,2026-09-11T02:10:15+00:00
TT|1494757|H|1.5,1494757,Eliteserien,103,2026-09-11T13:29:19Z,2026-09-13T17:15:00Z,3105.7,Fredrikstad,Sarpsborg 08 FF,H,Fredrikstad,1.5,16,Total - Home,2.1,1.67,0.44297082,0.55702918,0.44297082,0.00000000,Marathonbet,2.01,1.77,2026-09-11T02:10:15+00:00
TT|1494757|H|2.5,1494757,Eliteserien,103,2026-09-11T13:29:19Z,2026-09-13T17:15:00Z,3105.7,Fredrikstad,Sarpsborg 08 FF,H,Fredrikstad,2.5,16,Total - Home,4.5,1.18,0.20774648,0.79225352,0.20774648,-0.00000000,Marathonbet,4.15,1.19,2026-09-11T02:10:15+00:00
TT|1494757|H|3.5,1494757,Eliteserien,103,2026-09-11T13:29:19Z,2026-09-13T17:15:00Z,3105.7,Fredrikstad,Sarpsborg 08 FF,H,Fredrikstad,3.5,16,Total - Home,11.0,1.05,0.08713693,0.91286307,0.08713693,-0.00000000,Marathonbet,,,2026-09-11T02:10:15+00:00
TT|1494757|H|4.5,1494757,Eliteserien,103,2026-09-11T13:29:19Z,2026-09-13T17:15:00Z,3105.7,Fredrikstad,Sarpsborg 08 FF,H,Fredrikstad,4.5,16,Total - Home,29.0,1.01,0.03365545,0.96634455,0.03365545,-0.00000000,Marathonbet,,,2026-09-11T02:10:15+00:00
TT|1494757|A|0.5,1494757,Eliteserien,103,2026-09-11T13:29:19Z,2026-09-13T17:15:00Z,3105.7,Fredrikstad,Sarpsborg 08 FF,A,Sarpsborg 08 FF,0.5,17,Total - Away,1.25,3.75,0.75000000,0.25000000,0.75000000,0.00000000,Marathonbet,1.19,4.0,2026-09-11T02:10:15+00:00
TT|1494757|A|1.5,1494757,Eliteserien,103,2026-09-11T13:29:19Z,2026-09-13T17:15:00Z,3105.7,Fredrikstad,Sarpsborg 08 FF,A,Sarpsborg 08 FF,1.5,17,Total - Away,2.2,1.62,0.42408377,0.57591623,0.42408377,-0.00000000,Marathonbet,2.14,1.68,2026-09-11T02:10:15+00:00
TT|1494757|A|2.5,1494757,Eliteserien,103,2026-09-11T13:29:19Z,2026-09-13T17:15:00Z,3105.7,Fredrikstad,Sarpsborg 08 FF,A,Sarpsborg 08 FF,2.5,17,Total - Away,5.0,1.17,0.18962723,0.81037277,0.18962723,-0.00000000,Marathonbet,4.6,1.16,2026-09-11T02:10:15+00:00
TT|1494757|A|3.5,1494757,Eliteserien,103,2026-09-11T13:29:19Z,2026-09-13T17:15:00Z,3105.7,Fredrikstad,Sarpsborg 08 FF,A,Sarpsborg 08 FF,3.5,17,Total - Away,13.0,1.04,0.07407407,0.92592593,0.07407407,0.00000000,Marathonbet,9.4,1.01,2026-09-11T02:10:15+00:00
TT|1494757|A|4.5,1494757,Eliteserien,103,2026-09-11T13:29:19Z,2026-09-13T17:15:00Z,3105.7,Fredrikstad,Sarpsborg 08 FF,A,Sarpsborg 08 FF,4.5,17,Total - Away,29.0,1.01,0.03365545,0.96634455,0.03365545,-0.00000000,Marathonbet,,,2026-09-11T02:10:15+00:00
TT|1553168|H|0.5,1553168,Ekstraklasa,106,2026-09-11T13:29:19Z,2026-09-11T16:00:00Z,150.7,Raków Częstochowa,Motor Lublin,H,Raków Częstochowa,0.5,16,Total - Home,1.12,6.0,0.84269663,0.15730337,0.84269663,-0.00000000,Marathonbet,,,2026-09-11T06:00:26+00:00
TT|1553168|H|1.5,1553168,Ekstraklasa,106,2026-09-11T13:29:19Z,2026-09-11T16:00:00Z,150.7,Raków Częstochowa,Motor Lublin,H,Raków Częstochowa,1.5,16,Total - Home,1.62,2.2,0.57591623,0.42408377,0.57591623,0.00000000,Marathonbet,1.64,2.18,2026-09-11T06:00:26+00:00
TT|1553168|H|2.5,1553168,Ekstraklasa,106,2026-09-11T13:29:19Z,2026-09-11T16:00:00Z,150.7,Raków Częstochowa,Motor Lublin,H,Raków Częstochowa,2.5,16,Total - Home,3.0,1.36,0.31192661,0.68807339,0.31192661,-0.00000000,Marathonbet,2.85,1.36,2026-09-11T06:00:26+00:00
TT|1553168|H|3.5,1553168,Ekstraklasa,106,2026-09-11T13:29:19Z,2026-09-11T16:00:00Z,150.7,Raków Częstochowa,Motor Lublin,H,Raków Częstochowa,3.5,16,Total - Home,6.5,1.11,0.14586071,0.85413929,0.14586071,-0.00000000,Marathonbet,,,2026-09-11T06:00:26+00:00
TT|1553168|H|4.5,1553168,Ekstraklasa,106,2026-09-11T13:29:19Z,2026-09-11T16:00:00Z,150.7,Raków Częstochowa,Motor Lublin,H,Raków Częstochowa,4.5,16,Total - Home,17.0,1.02,0.05660377,0.94339623,0.05660377,0.00000000,Marathonbet,,,2026-09-11T06:00:26+00:00
TT|1553168|A|0.5,1553168,Ekstraklasa,106,2026-09-11T13:29:19Z,2026-09-11T16:00:00Z,150.7,Raków Częstochowa,Motor Lublin,A,Motor Lublin,0.5,17,Total - Away,1.33,3.25,0.70960699,0.29039301,0.70960699,-0.00000000,Marathonbet,1.3,3.15,2026-09-11T06:00:26+00:00
TT|1553168|A|1.5,1553168,Ekstraklasa,106,2026-09-11T13:29:19Z,2026-09-11T16:00:00Z,150.7,Raków Częstochowa,Motor Lublin,A,Motor Lublin,1.5,17,Total - Away,2.62,1.44,0.35467980,0.64532020,0.35467980,0.00000000,Marathonbet,2.45,1.5,2026-09-11T06:00:26+00:00
TT|1553168|A|2.5,1553168,Ekstraklasa,106,2026-09-11T13:29:19Z,2026-09-11T16:00:00Z,150.7,Raków Częstochowa,Motor Lublin,A,Motor Lublin,2.5,17,Total - Away,7.0,1.1,0.13580247,0.86419753,0.13580247,-0.00000000,Marathonbet,5.45,1.1,2026-09-11T06:00:26+00:00
TT|1553168|A|3.5,1553168,Ekstraklasa,106,2026-09-11T13:29:19Z,2026-09-11T16:00:00Z,150.7,Raków Częstochowa,Motor Lublin,A,Motor Lublin,3.5,17,Total - Away,19.0,1.02,0.05094905,0.94905095,0.05094905,0.00000000,Marathonbet,,,2026-09-11T06:00:26+00:00
TT|1553170|H|0.5,1553170,Ekstraklasa,106,2026-09-11T13:29:19Z,2026-09-11T18:30:00Z,300.7,Wisla Krakow,Jagiellonia,H,Wisla Krakow,0.5,16,Total - Home,1.17,5.0,0.81037277,0.18962723,0.81037277,0.00000000,Marathonbet,,,2026-09-11T06:00:26+00:00
TT|1553170|H|1.5,1553170,Ekstraklasa,106,2026-09-11T13:29:19Z,2026-09-11T18:30:00Z,300.7,Wisla Krakow,Jagiellonia,H,Wisla Krakow,1.5,16,Total - Home,1.83,1.83,0.50000000,0.50000000,0.50000000,0.00000000,Marathonbet,1.83,1.91,2026-09-11T06:00:26+00:00
TT|1553170|H|2.5,1553170,Ekstraklasa,106,2026-09-11T13:29:19Z,2026-09-11T18:30:00Z,300.7,Wisla Krakow,Jagiellonia,H,Wisla Krakow,2.5,16,Total - Home,3.75,1.25,0.25000000,0.75000000,0.25000000,0.00000000,Marathonbet,3.48,1.25,2026-09-11T06:00:26+00:00
TT|1553170|H|3.5,1553170,Ekstraklasa,106,2026-09-11T13:29:19Z,2026-09-11T18:30:00Z,300.7,Wisla Krakow,Jagiellonia,H,Wisla Krakow,3.5,16,Total - Home,10.0,1.06,0.09584087,0.90415913,0.09584087,-0.00000000,Marathonbet,,,2026-09-11T06:00:26+00:00
TT|1553170|H|4.5,1553170,Ekstraklasa,106,2026-09-11T13:29:19Z,2026-09-11T18:30:00Z,300.7,Wisla Krakow,Jagiellonia,H,Wisla Krakow,4.5,16,Total - Home,23.0,1.01,0.04206581,0.95793419,0.04206581,-0.00000000,Marathonbet,,,2026-09-11T06:00:26+00:00
TT|1553170|A|0.5,1553170,Ekstraklasa,106,2026-09-11T13:29:19Z,2026-09-11T18:30:00Z,300.7,Wisla Krakow,Jagiellonia,A,Jagiellonia,0.5,17,Total - Away,1.22,4.0,0.76628352,0.23371648,0.76628352,0.00000000,Marathonbet,1.18,4.1,2026-09-11T06:00:26+00:00
TT|1553170|A|1.5,1553170,Ekstraklasa,106,2026-09-11T13:29:19Z,2026-09-11T18:30:00Z,300.7,Wisla Krakow,Jagiellonia,A,Jagiellonia,1.5,17,Total - Away,2.1,1.67,0.44297082,0.55702918,0.44297082,0.00000000,Marathonbet,2.04,1.73,2026-09-11T06:00:26+00:00
TT|1553170|A|2.5,1553170,Ekstraklasa,106,2026-09-11T13:29:19Z,2026-09-11T18:30:00Z,300.7,Wisla Krakow,Jagiellonia,A,Jagiellonia,2.5,17,Total - Away,4.5,1.18,0.20774648,0.79225352,0.20774648,-0.00000000,Marathonbet,4.2,1.18,2026-09-11T06:00:26+00:00
TT|1553170|A|3.5,1553170,Ekstraklasa,106,2026-09-11T13:29:19Z,2026-09-11T18:30:00Z,300.7,Wisla Krakow,Jagiellonia,A,Jagiellonia,3.5,17,Total - Away,13.0,1.04,0.07407407,0.92592593,0.07407407,0.00000000,Marathonbet,,,2026-09-11T06:00:26+00:00
TT|1553170|A|4.5,1553170,Ekstraklasa,106,2026-09-11T13:29:19Z,2026-09-11T18:30:00Z,300.7,Wisla Krakow,Jagiellonia,A,Jagiellonia,4.5,17,Total - Away,29.0,1.01,0.03365545,0.96634455,0.03365545,-0.00000000,Marathonbet,,,2026-09-11T06:00:26+00:00
TT|1553169|H|0.5,1553169,Ekstraklasa,106,2026-09-11T13:29:19Z,2026-09-12T12:45:00Z,1395.7,Slask Wroclaw,Korona Kielce,H,Slask Wroclaw,0.5,16,Total - Home,1.25,3.75,0.75000000,0.25000000,0.75000000,0.00000000,Marathonbet,1.26,3.4,2026-09-11T08:15:48+00:00
TT|1553169|H|1.5,1553169,Ekstraklasa,106,2026-09-11T13:29:19Z,2026-09-12T12:45:00Z,1395.7,Slask Wroclaw,Korona Kielce,H,Slask Wroclaw,1.5,16,Total - Home,2.2,1.62,0.42408377,0.57591623,0.42408377,-0.00000000,Marathonbet,2.36,1.53,2026-09-11T08:15:48+00:00
TT|1553169|H|2.5,1553169,Ekstraklasa,106,2026-09-11T13:29:19Z,2026-09-12T12:45:00Z,1395.7,Slask Wroclaw,Korona Kielce,H,Slask Wroclaw,2.5,16,Total - Home,5.0,1.17,0.18962723,0.81037277,0.18962723,-0.00000000,Marathonbet,5.35,1.1,2026-09-11T08:15:48+00:00
TT|1553169|H|3.5,1553169,Ekstraklasa,106,2026-09-11T13:29:19Z,2026-09-12T12:45:00Z,1395.7,Slask Wroclaw,Korona Kielce,H,Slask Wroclaw,3.5,16,Total - Home,15.0,1.03,0.06425452,0.93574548,0.06425452,0.00000000,Marathonbet,,,2026-09-11T08:15:48+00:00
TT|1553169|A|0.5,1553169,Ekstraklasa,106,2026-09-11T13:29:19Z,2026-09-12T12:45:00Z,1395.7,Slask Wroclaw,Korona Kielce,A,Korona Kielce,0.5,17,Total - Away,1.25,3.75,0.75000000,0.25000000,0.75000000,0.00000000,Marathonbet,1.23,3.64,2026-09-11T08:15:48+00:00
TT|1553169|A|1.5,1553169,Ekstraklasa,106,2026-09-11T13:29:19Z,2026-09-12T12:45:00Z,1395.7,Slask Wroclaw,Korona Kielce,A,Korona Kielce,1.5,17,Total - Away,2.25,1.57,0.41099476,0.58900524,0.41099476,0.00000000,Marathonbet,2.23,1.61,2026-09-11T08:15:48+00:00
TT|1553169|A|2.5,1553169,Ekstraklasa,106,2026-09-11T13:29:19Z,2026-09-12T12:45:00Z,1395.7,Slask Wroclaw,Korona Kielce,A,Korona Kielce,2.5,17,Total - Away,5.5,1.14,0.17168675,0.82831325,0.17168675,-0.00000000,Marathonbet,4.95,1.13,2026-09-11T08:15:48+00:00
TT|1553169|A|3.5,1553169,Ekstraklasa,106,2026-09-11T13:29:19Z,2026-09-12T12:45:00Z,1395.7,Slask Wroclaw,Korona Kielce,A,Korona Kielce,3.5,17,Total - Away,15.0,1.03,0.06425452,0.93574548,0.06425452,0.00000000,Marathonbet,,,2026-09-11T08:15:48+00:00
TT|1553164|H|0.5,1553164,Ekstraklasa,106,2026-09-11T13:29:19Z,2026-09-12T15:30:00Z,1560.7,Gornik Zabrze,Lech Poznan,H,Gornik Zabrze,0.5,16,Total - Home,1.25,3.75,0.75000000,0.25000000,0.75000000,0.00000000,Marathonbet,1.23,3.64,2026-09-11T08:15:48+00:00
TT|1553164|H|1.5,1553164,Ekstraklasa,106,2026-09-11T13:29:19Z,2026-09-12T15:30:00Z,1560.7,Gornik Zabrze,Lech Poznan,H,Gornik Zabrze,1.5,16,Total - Home,2.2,1.62,0.42408377,0.57591623,0.42408377,-0.00000000,Marathonbet,2.23,1.61,2026-09-11T08:15:48+00:00
TT|1553164|H|2.5,1553164,Ekstraklasa,106,2026-09-11T13:29:19Z,2026-09-12T15:30:00Z,1560.7,Gornik Zabrze,Lech Poznan,H,Gornik Zabrze,2.5,16,Total - Home,5.0,1.17,0.18962723,0.81037277,0.18962723,-0.00000000,Marathonbet,4.95,1.13,2026-09-11T08:15:48+00:00
TT|1553164|H|3.5,1553164,Ekstraklasa,106,2026-09-11T13:29:19Z,2026-09-12T15:30:00Z,1560.7,Gornik Zabrze,Lech Poznan,H,Gornik Zabrze,3.5,16,Total - Home,13.0,1.04,0.07407407,0.92592593,0.07407407,0.00000000,Marathonbet,,,2026-09-11T08:15:48+00:00
TT|1553164|A|0.5,1553164,Ekstraklasa,106,2026-09-11T13:29:19Z,2026-09-12T15:30:00Z,1560.7,Gornik Zabrze,Lech Poznan,A,Lech Poznan,0.5,17,Total - Away,1.2,4.33,0.78300181,0.21699819,0.78300181,-0.00000000,Marathonbet,,,2026-09-11T08:15:48+00:00
TT|1553164|A|1.5,1553164,Ekstraklasa,106,2026-09-11T13:29:19Z,2026-09-12T15:30:00Z,1560.7,Gornik Zabrze,Lech Poznan,A,Lech Poznan,1.5,17,Total - Away,1.91,1.8,0.48517520,0.51482480,0.48517520,0.00000000,Marathonbet,1.93,1.81,2026-09-11T08:15:48+00:00
TT|1553164|A|2.5,1553164,Ekstraklasa,106,2026-09-11T13:29:19Z,2026-09-12T15:30:00Z,1560.7,Gornik Zabrze,Lech Poznan,A,Lech Poznan,2.5,17,Total - Away,4.0,1.22,0.23371648,0.76628352,0.23371648,-0.00000000,Marathonbet,3.84,1.21,2026-09-11T08:15:48+00:00
TT|1553164|A|3.5,1553164,Ekstraklasa,106,2026-09-11T13:29:19Z,2026-09-12T15:30:00Z,1560.7,Gornik Zabrze,Lech Poznan,A,Lech Poznan,3.5,17,Total - Away,11.0,1.05,0.08713693,0.91286307,0.08713693,-0.00000000,Marathonbet,,,2026-09-11T08:15:48+00:00
TT|1553164|A|4.5,1553164,Ekstraklasa,106,2026-09-11T13:29:19Z,2026-09-12T15:30:00Z,1560.7,Gornik Zabrze,Lech Poznan,A,Lech Poznan,4.5,17,Total - Away,26.0,1.01,0.03739356,0.96260644,0.03739356,-0.00000000,Marathonbet,,,2026-09-11T08:15:48+00:00
TT|1553172|H|0.5,1553172,Ekstraklasa,106,2026-09-11T13:29:19Z,2026-09-12T18:15:00Z,1725.7,Zaglebie Lubin,GKS Katowice,H,Zaglebie Lubin,0.5,16,Total - Home,1.28,3.5,0.73221757,0.26778243,0.73221757,0.00000000,Marathonbet,1.25,3.48,2026-09-11T08:15:48+00:00
TT|1553172|H|1.5,1553172,Ekstraklasa,106,2026-09-11T13:29:19Z,2026-09-12T18:15:00Z,1725.7,Zaglebie Lubin,GKS Katowice,H,Zaglebie Lubin,1.5,16,Total - Home,2.25,1.57,0.41099476,0.58900524,0.41099476,0.00000000,Marathonbet,2.31,1.57,2026-09-11T08:15:48+00:00
TT|1553172|H|2.5,1553172,Ekstraklasa,106,2026-09-11T13:29:19Z,2026-09-12T18:15:00Z,1725.7,Zaglebie Lubin,GKS Katowice,H,Zaglebie Lubin,2.5,16,Total - Home,5.5,1.14,0.17168675,0.82831325,0.17168675,-0.00000000,Marathonbet,5.2,1.12,2026-09-11T08:15:48+00:00
TT|1553172|H|3.5,1553172,Ekstraklasa,106,2026-09-11T13:29:19Z,2026-09-12T18:15:00Z,1725.7,Zaglebie Lubin,GKS Katowice,H,Zaglebie Lubin,3.5,16,Total - Home,15.0,1.03,0.06425452,0.93574548,0.06425452,0.00000000,Marathonbet,,,2026-09-11T08:15:48+00:00
TT|1553172|A|0.5,1553172,Ekstraklasa,106,2026-09-11T13:29:19Z,2026-09-12T18:15:00Z,1725.7,Zaglebie Lubin,GKS Katowice,A,GKS Katowice,0.5,17,Total - Away,1.25,3.75,0.75000000,0.25000000,0.75000000,0.00000000,Marathonbet,1.24,3.56,2026-09-11T08:15:48+00:00
TT|1553172|A|1.5,1553172,Ekstraklasa,106,2026-09-11T13:29:19Z,2026-09-12T18:15:00Z,1725.7,Zaglebie Lubin,GKS Katowice,A,GKS Katowice,1.5,17,Total - Away,2.25,1.57,0.41099476,0.58900524,0.41099476,0.00000000,Marathonbet,2.25,1.6,2026-09-11T08:15:48+00:00
TT|1553172|A|2.5,1553172,Ekstraklasa,106,2026-09-11T13:29:19Z,2026-09-12T18:15:00Z,1725.7,Zaglebie Lubin,GKS Katowice,A,GKS Katowice,2.5,17,Total - Away,5.5,1.14,0.17168675,0.82831325,0.17168675,-0.00000000,Marathonbet,5.0,1.13,2026-09-11T08:15:48+00:00
TT|1553172|A|3.5,1553172,Ekstraklasa,106,2026-09-11T13:29:19Z,2026-09-12T18:15:00Z,1725.7,Zaglebie Lubin,GKS Katowice,A,GKS Katowice,3.5,17,Total - Away,15.0,1.03,0.06425452,0.93574548,0.06425452,0.00000000,Marathonbet,,,2026-09-11T08:15:48+00:00
TT|1553171|H|0.5,1553171,Ekstraklasa,106,2026-09-11T13:29:19Z,2026-09-13T10:15:00Z,2685.7,Wisla Plock,Cracovia Krakow,H,Wisla Plock,0.5,16,Total - Home,1.3,3.4,0.72340426,0.27659574,0.72340426,-0.00000000,Marathonbet,1.27,3.34,2026-09-11T05:05:14+00:00
TT|1553171|H|1.5,1553171,Ekstraklasa,106,2026-09-11T13:29:19Z,2026-09-13T10:15:00Z,2685.7,Wisla Plock,Cracovia Krakow,H,Wisla Plock,1.5,16,Total - Home,2.5,1.5,0.37500000,0.62500000,0.37500000,0.00000000,Marathonbet,2.29,1.58,2026-09-11T05:05:14+00:00
TT|1553171|H|2.5,1553171,Ekstraklasa,106,2026-09-11T13:29:19Z,2026-09-13T10:15:00Z,2685.7,Wisla Plock,Cracovia Krakow,H,Wisla Plock,2.5,16,Total - Home,6.0,1.12,0.15730337,0.84269663,0.15730337,0.00000000,Marathonbet,5.05,1.12,2026-09-11T05:05:14+00:00
TT|1553171|H|3.5,1553171,Ekstraklasa,106,2026-09-11T13:29:19Z,2026-09-13T10:15:00Z,2685.7,Wisla Plock,Cracovia Krakow,H,Wisla Plock,3.5,16,Total - Home,17.0,1.02,0.05660377,0.94339623,0.05660377,0.00000000,Marathonbet,,,2026-09-11T05:05:14+00:00
TT|1553171|A|0.5,1553171,Ekstraklasa,106,2026-09-11T13:29:19Z,2026-09-13T10:15:00Z,2685.7,Wisla Plock,Cracovia Krakow,A,Cracovia Krakow,0.5,17,Total - Away,1.33,3.25,0.70960699,0.29039301,0.70960699,-0.00000000,Marathonbet,1.3,3.14,2026-09-11T05:05:14+00:00
TT|1553171|A|1.5,1553171,Ekstraklasa,106,2026-09-11T13:29:19Z,2026-09-13T10:15:00Z,2685.7,Wisla Plock,Cracovia Krakow,A,Cracovia Krakow,1.5,17,Total - Away,2.5,1.5,0.37500000,0.62500000,0.37500000,0.00000000,Marathonbet,2.5,1.48,2026-09-11T05:05:14+00:00
TT|1553171|A|2.5,1553171,Ekstraklasa,106,2026-09-11T13:29:19Z,2026-09-13T10:15:00Z,2685.7,Wisla Plock,Cracovia Krakow,A,Cracovia Krakow,2.5,17,Total - Away,6.5,1.11,0.14586071,0.85413929,0.14586071,-0.00000000,Marathonbet,5.7,1.09,2026-09-11T05:05:14+00:00
TT|1553171|A|3.5,1553171,Ekstraklasa,106,2026-09-11T13:29:19Z,2026-09-13T10:15:00Z,2685.7,Wisla Plock,Cracovia Krakow,A,Cracovia Krakow,3.5,17,Total - Away,19.0,1.02,0.05094905,0.94905095,0.05094905,0.00000000,Marathonbet,,,2026-09-11T05:05:14+00:00
TT|1553166|H|0.5,1553166,Ekstraklasa,106,2026-09-11T13:29:19Z,2026-09-13T12:45:00Z,2835.7,Pogon Szczecin,Wieczysta Kraków,H,Pogon Szczecin,0.5,16,Total - Home,1.17,5.0,0.81037277,0.18962723,0.81037277,0.00000000,Marathonbet,,,2026-09-11T05:05:14+00:00
TT|1553166|H|1.5,1553166,Ekstraklasa,106,2026-09-11T13:29:19Z,2026-09-13T12:45:00Z,2835.7,Pogon Szczecin,Wieczysta Kraków,H,Pogon Szczecin,1.5,16,Total - Home,1.8,1.91,0.51482480,0.48517520,0.51482480,-0.00000000,Marathonbet,1.8,1.95,2026-09-11T05:05:14+00:00
TT|1553166|H|2.5,1553166,Ekstraklasa,106,2026-09-11T13:29:19Z,2026-09-13T12:45:00Z,2835.7,Pogon Szczecin,Wieczysta Kraków,H,Pogon Szczecin,2.5,16,Total - Home,3.5,1.28,0.26778243,0.73221757,0.26778243,-0.00000000,Marathonbet,3.28,1.28,2026-09-11T05:05:14+00:00
TT|1553166|H|3.5,1553166,Ekstraklasa,106,2026-09-11T13:29:19Z,2026-09-13T12:45:00Z,2835.7,Pogon Szczecin,Wieczysta Kraków,H,Pogon Szczecin,3.5,16,Total - Home,9.0,1.07,0.10625621,0.89374379,0.10625621,-0.00000000,Marathonbet,,,2026-09-11T05:05:14+00:00
TT|1553166|H|4.5,1553166,Ekstraklasa,106,2026-09-11T13:29:19Z,2026-09-13T12:45:00Z,2835.7,Pogon Szczecin,Wieczysta Kraków,H,Pogon Szczecin,4.5,16,Total - Home,21.0,1.01,0.04588823,0.95411177,0.04588823,0.00000000,Marathonbet,,,2026-09-11T05:05:14+00:00
TT|1553166|A|0.5,1553166,Ekstraklasa,106,2026-09-11T13:29:19Z,2026-09-13T12:45:00Z,2835.7,Pogon Szczecin,Wieczysta Kraków,A,Wieczysta Kraków,0.5,17,Total - Away,1.3,3.4,0.72340426,0.27659574,0.72340426,-0.00000000,Marathonbet,1.26,3.42,2026-09-11T05:05:14+00:00
TT|1553166|A|1.5,1553166,Ekstraklasa,106,2026-09-11T13:29:19Z,2026-09-13T12:45:00Z,2835.7,Pogon Szczecin,Wieczysta Kraków,A,Wieczysta Kraków,1.5,17,Total - Away,2.5,1.5,0.37500000,0.62500000,0.37500000,0.00000000,Marathonbet,2.36,1.53,2026-09-11T05:05:14+00:00
TT|1553166|A|2.5,1553166,Ekstraklasa,106,2026-09-11T13:29:19Z,2026-09-13T12:45:00Z,2835.7,Pogon Szczecin,Wieczysta Kraków,A,Wieczysta Kraków,2.5,17,Total - Away,6.5,1.11,0.14586071,0.85413929,0.14586071,-0.00000000,Marathonbet,5.0,1.12,2026-09-11T05:05:14+00:00
TT|1553166|A|3.5,1553166,Ekstraklasa,106,2026-09-11T13:29:19Z,2026-09-13T12:45:00Z,2835.7,Pogon Szczecin,Wieczysta Kraków,A,Wieczysta Kraków,3.5,17,Total - Away,19.0,1.02,0.05094905,0.94905095,0.05094905,0.00000000,Marathonbet,,,2026-09-11T05:05:14+00:00
TT|1553165|H|0.5,1553165,Ekstraklasa,106,2026-09-11T13:29:19Z,2026-09-13T15:30:00Z,3000.7,Legia Warszawa,Widzew Łódź,H,Legia Warszawa,0.5,16,Total - Home,1.17,5.0,0.81037277,0.18962723,0.81037277,0.00000000,Marathonbet,,,2026-09-11T12:30:44+00:00
TT|1553165|H|1.5,1553165,Ekstraklasa,106,2026-09-11T13:29:19Z,2026-09-13T15:30:00Z,3000.7,Legia Warszawa,Widzew Łódź,H,Legia Warszawa,1.5,16,Total - Home,1.83,1.83,0.50000000,0.50000000,0.50000000,0.00000000,Marathonbet,1.89,1.85,2026-09-11T12:30:44+00:00
TT|1553165|H|2.5,1553165,Ekstraklasa,106,2026-09-11T13:29:19Z,2026-09-13T15:30:00Z,3000.7,Legia Warszawa,Widzew Łódź,H,Legia Warszawa,2.5,16,Total - Home,3.75,1.25,0.25000000,0.75000000,0.25000000,0.00000000,Marathonbet,3.72,1.22,2026-09-11T12:30:44+00:00
TT|1553165|H|3.5,1553165,Ekstraklasa,106,2026-09-11T13:29:19Z,2026-09-13T15:30:00Z,3000.7,Legia Warszawa,Widzew Łódź,H,Legia Warszawa,3.5,16,Total - Home,9.0,1.07,0.10625621,0.89374379,0.10625621,-0.00000000,Marathonbet,,,2026-09-11T12:30:44+00:00
TT|1553165|H|4.5,1553165,Ekstraklasa,106,2026-09-11T13:29:19Z,2026-09-13T15:30:00Z,3000.7,Legia Warszawa,Widzew Łódź,H,Legia Warszawa,4.5,16,Total - Home,21.0,1.01,0.04588823,0.95411177,0.04588823,0.00000000,Marathonbet,,,2026-09-11T12:30:44+00:00
TT|1553165|A|0.5,1553165,Ekstraklasa,106,2026-09-11T13:29:19Z,2026-09-13T15:30:00Z,3000.7,Legia Warszawa,Widzew Łódź,A,Widzew Łódź,0.5,17,Total - Away,1.5,2.5,0.62500000,0.37500000,0.62500000,0.00000000,Marathonbet,1.47,2.46,2026-09-11T12:30:44+00:00
TT|1553165|A|1.5,1553165,Ekstraklasa,106,2026-09-11T13:29:19Z,2026-09-13T15:30:00Z,3000.7,Legia Warszawa,Widzew Łódź,A,Widzew Łódź,1.5,17,Total - Away,3.5,1.28,0.26778243,0.73221757,0.26778243,-0.00000000,Marathonbet,3.32,1.29,2026-09-11T12:30:44+00:00
TT|1553165|A|2.5,1553165,Ekstraklasa,106,2026-09-11T13:29:19Z,2026-09-13T15:30:00Z,3000.7,Legia Warszawa,Widzew Łódź,A,Widzew Łódź,2.5,17,Total - Away,11.0,1.05,0.08713693,0.91286307,0.08713693,-0.00000000,Marathonbet,8.5,1.02,2026-09-11T12:30:44+00:00
TT|1553165|A|3.5,1553165,Ekstraklasa,106,2026-09-11T13:29:19Z,2026-09-13T15:30:00Z,3000.7,Legia Warszawa,Widzew Łódź,A,Widzew Łódź,3.5,17,Total - Away,29.0,1.01,0.03365545,0.96634455,0.03365545,-0.00000000,Marathonbet,,,2026-09-11T12:30:44+00:00
TT|1575498|H|0.5,1575498,Primeira Liga,94,2026-09-11T13:29:19Z,2026-09-12T14:30:00Z,1500.7,Nacional,Alverca,H,Nacional,0.5,16,Total - Home,1.3,3.4,0.72340426,0.27659574,0.72340426,-0.00000000,Marathonbet,1.3,3.14,2026-09-11T08:15:49+00:00
TT|1575498|H|1.5,1575498,Primeira Liga,94,2026-09-11T13:29:19Z,2026-09-12T14:30:00Z,1500.7,Nacional,Alverca,H,Nacional,1.5,16,Total - Home,2.5,1.5,0.37500000,0.62500000,0.37500000,0.00000000,Marathonbet,2.52,1.49,2026-09-11T08:15:49+00:00
TT|1575498|H|2.5,1575498,Primeira Liga,94,2026-09-11T13:29:19Z,2026-09-12T14:30:00Z,1500.7,Nacional,Alverca,H,Nacional,2.5,16,Total - Home,6.5,1.11,0.14586071,0.85413929,0.14586071,-0.00000000,Marathonbet,5.85,1.09,2026-09-11T08:15:49+00:00
TT|1575498|H|3.5,1575498,Primeira Liga,94,2026-09-11T13:29:19Z,2026-09-12T14:30:00Z,1500.7,Nacional,Alverca,H,Nacional,3.5,16,Total - Home,19.0,1.02,0.05094905,0.94905095,0.05094905,0.00000000,Marathonbet,,,2026-09-11T08:15:49+00:00
TT|1575498|A|0.5,1575498,Primeira Liga,94,2026-09-11T13:29:19Z,2026-09-12T14:30:00Z,1500.7,Nacional,Alverca,A,Alverca,0.5,17,Total - Away,1.33,3.25,0.70960699,0.29039301,0.70960699,-0.00000000,Marathonbet,1.31,3.08,2026-09-11T08:15:49+00:00
TT|1575498|A|1.5,1575498,Primeira Liga,94,2026-09-11T13:29:19Z,2026-09-12T14:30:00Z,1500.7,Nacional,Alverca,A,Alverca,1.5,17,Total - Away,2.62,1.44,0.35467980,0.64532020,0.35467980,0.00000000,Marathonbet,2.55,1.48,2026-09-11T08:15:49+00:00
TT|1575498|A|2.5,1575498,Primeira Liga,94,2026-09-11T13:29:19Z,2026-09-12T14:30:00Z,1500.7,Nacional,Alverca,A,Alverca,2.5,17,Total - Away,6.5,1.11,0.14586071,0.85413929,0.14586071,-0.00000000,Marathonbet,5.9,1.09,2026-09-11T08:15:49+00:00
TT|1575498|A|3.5,1575498,Primeira Liga,94,2026-09-11T13:29:19Z,2026-09-12T14:30:00Z,1500.7,Nacional,Alverca,A,Alverca,3.5,17,Total - Away,19.0,1.02,0.05094905,0.94905095,0.05094905,0.00000000,Marathonbet,,,2026-09-11T08:15:49+00:00
TT|1575495|H|0.5,1575495,Primeira Liga,94,2026-09-11T13:29:19Z,2026-09-12T17:00:00Z,1650.7,Casa Pia,FC Porto,H,Casa Pia,0.5,16,Total - Home,2.1,1.67,0.44297082,0.55702918,0.44297082,0.00000000,Marathonbet,2.16,1.6,2026-09-11T08:15:49+00:00
TT|1575495|H|1.5,1575495,Primeira Liga,94,2026-09-11T13:29:19Z,2026-09-12T17:00:00Z,1650.7,Casa Pia,FC Porto,H,Casa Pia,1.5,16,Total - Home,8.0,1.08,0.11894273,0.88105727,0.11894273,0.00000000,Marathonbet,8.0,1.07,2026-09-11T08:15:49+00:00
TT|1575495|H|2.5,1575495,Primeira Liga,94,2026-09-11T13:29:19Z,2026-09-12T17:00:00Z,1650.7,Casa Pia,FC Porto,H,Casa Pia,2.5,16,Total - Home,29.0,1.01,0.03365545,0.96634455,0.03365545,-0.00000000,Marathonbet,,,2026-09-11T08:15:49+00:00
TT|1575495|A|0.5,1575495,Primeira Liga,94,2026-09-11T13:29:19Z,2026-09-12T17:00:00Z,1650.7,Casa Pia,FC Porto,A,FC Porto,0.5,17,Total - Away,1.08,8.0,0.88105727,0.11894273,0.88105727,-0.00000000,Marathonbet,,,2026-09-11T08:15:49+00:00
TT|1575495|A|1.5,1575495,Primeira Liga,94,2026-09-11T13:29:19Z,2026-09-12T17:00:00Z,1650.7,Casa Pia,FC Porto,A,FC Porto,1.5,17,Total - Away,1.44,2.62,0.64532020,0.35467980,0.64532020,-0.00000000,Marathonbet,1.42,2.75,2026-09-11T08:15:49+00:00
TT|1575495|A|2.5,1575495,Primeira Liga,94,2026-09-11T13:29:19Z,2026-09-12T17:00:00Z,1650.7,Casa Pia,FC Porto,A,FC Porto,2.5,17,Total - Away,2.25,1.57,0.41099476,0.58900524,0.41099476,0.00000000,Marathonbet,2.28,1.59,2026-09-11T08:15:49+00:00
TT|1575495|A|3.5,1575495,Primeira Liga,94,2026-09-11T13:29:19Z,2026-09-12T17:00:00Z,1650.7,Casa Pia,FC Porto,A,FC Porto,3.5,17,Total - Away,4.33,1.2,0.21699819,0.78300181,0.21699819,0.00000000,Marathonbet,4.2,1.17,2026-09-11T08:15:49+00:00
TT|1575495|A|4.5,1575495,Primeira Liga,94,2026-09-11T13:29:19Z,2026-09-12T17:00:00Z,1650.7,Casa Pia,FC Porto,A,FC Porto,4.5,17,Total - Away,10.0,1.06,0.09584087,0.90415913,0.09584087,-0.00000000,Marathonbet,,,2026-09-11T08:15:49+00:00
TT|1575495|A|5.5,1575495,Primeira Liga,94,2026-09-11T13:29:19Z,2026-09-12T17:00:00Z,1650.7,Casa Pia,FC Porto,A,FC Porto,5.5,17,Total - Away,21.0,1.01,0.04588823,0.95411177,0.04588823,0.00000000,Marathonbet,,,2026-09-11T08:15:49+00:00
TT|1575491|H|0.5,1575491,Primeira Liga,94,2026-09-11T13:29:19Z,2026-09-12T19:30:00Z,1800.7,Academico Viseu,Vitória SC,H,Academico Viseu,0.5,16,Total - Home,1.5,2.5,0.62500000,0.37500000,0.62500000,0.00000000,Marathonbet,1.42,2.62,2026-09-11T08:15:49+00:00
TT|1575491|H|1.5,1575491,Primeira Liga,94,2026-09-11T13:29:19Z,2026-09-12T19:30:00Z,1800.7,Academico Viseu,Vitória SC,H,Academico Viseu,1.5,16,Total - Home,3.4,1.3,0.27659574,0.72340426,0.27659574,0.00000000,Marathonbet,3.16,1.33,2026-09-11T08:15:49+00:00
TT|1575491|H|2.5,1575491,Primeira Liga,94,2026-09-11T13:29:19Z,2026-09-12T19:30:00Z,1800.7,Academico Viseu,Vitória SC,H,Academico Viseu,2.5,16,Total - Home,10.0,1.06,0.09584087,0.90415913,0.09584087,-0.00000000,Marathonbet,8.1,1.04,2026-09-11T08:15:49+00:00
TT|1575491|H|3.5,1575491,Primeira Liga,94,2026-09-11T13:29:19Z,2026-09-12T19:30:00Z,1800.7,Academico Viseu,Vitória SC,H,Academico Viseu,3.5,16,Total - Home,29.0,1.01,0.03365545,0.96634455,0.03365545,-0.00000000,Marathonbet,,,2026-09-11T08:15:49+00:00
TT|1575491|A|0.5,1575491,Primeira Liga,94,2026-09-11T13:29:19Z,2026-09-12T19:30:00Z,1800.7,Academico Viseu,Vitória SC,A,Vitória SC,0.5,17,Total - Away,1.25,3.75,0.75000000,0.25000000,0.75000000,0.00000000,Marathonbet,1.18,4.1,2026-09-11T08:15:49+00:00
TT|1575491|A|1.5,1575491,Primeira Liga,94,2026-09-11T13:29:19Z,2026-09-12T19:30:00Z,1800.7,Academico Viseu,Vitória SC,A,Vitória SC,1.5,17,Total - Away,2.2,1.62,0.42408377,0.57591623,0.42408377,-0.00000000,Marathonbet,2.11,1.7,2026-09-11T08:15:49+00:00
TT|1575491|A|2.5,1575491,Primeira Liga,94,2026-09-11T13:29:19Z,2026-09-12T19:30:00Z,1800.7,Academico Viseu,Vitória SC,A,Vitória SC,2.5,17,Total - Away,5.0,1.17,0.18962723,0.81037277,0.18962723,-0.00000000,Marathonbet,4.45,1.17,2026-09-11T08:15:49+00:00
TT|1575491|A|3.5,1575491,Primeira Liga,94,2026-09-11T13:29:19Z,2026-09-12T19:30:00Z,1800.7,Academico Viseu,Vitória SC,A,Vitória SC,3.5,17,Total - Away,13.0,1.04,0.07407407,0.92592593,0.07407407,0.00000000,Marathonbet,,,2026-09-11T08:15:49+00:00
TT|1575491|A|4.5,1575491,Primeira Liga,94,2026-09-11T13:29:19Z,2026-09-12T19:30:00Z,1800.7,Academico Viseu,Vitória SC,A,Vitória SC,4.5,17,Total - Away,29.0,1.01,0.03365545,0.96634455,0.03365545,-0.00000000,Marathonbet,,,2026-09-11T08:15:49+00:00
TT|1575493|H|0.5,1575493,Primeira Liga,94,2026-09-11T13:29:19Z,2026-09-13T17:00:00Z,3090.7,Benfica,GIL Vicente,H,Benfica,0.5,16,Total - Home,1.05,11.0,0.91286307,0.08713693,0.91286307,0.00000000,Marathonbet,,,2026-09-11T00:30:25+00:00
TT|1575493|H|1.5,1575493,Primeira Liga,94,2026-09-11T13:29:19Z,2026-09-13T17:00:00Z,3090.7,Benfica,GIL Vicente,H,Benfica,1.5,16,Total - Home,1.28,3.5,0.73221757,0.26778243,0.73221757,0.00000000,Marathonbet,1.22,3.86,2026-09-11T00:30:25+00:00
TT|1575493|H|2.5,1575493,Primeira Liga,94,2026-09-11T13:29:19Z,2026-09-13T17:00:00Z,3090.7,Benfica,GIL Vicente,H,Benfica,2.5,16,Total - Home,1.83,1.83,0.50000000,0.50000000,0.50000000,0.00000000,Marathonbet,1.76,2.02,2026-09-11T00:30:25+00:00
TT|1575493|H|3.5,1575493,Primeira Liga,94,2026-09-11T13:29:19Z,2026-09-13T17:00:00Z,3090.7,Benfica,GIL Vicente,H,Benfica,3.5,16,Total - Home,3.25,1.33,0.29039301,0.70960699,0.29039301,0.00000000,Marathonbet,2.74,1.4,2026-09-11T00:30:25+00:00
TT|1575493|H|4.5,1575493,Primeira Liga,94,2026-09-11T13:29:19Z,2026-09-13T17:00:00Z,3090.7,Benfica,GIL Vicente,H,Benfica,4.5,16,Total - Home,6.0,1.12,0.15730337,0.84269663,0.15730337,0.00000000,Marathonbet,,,2026-09-11T00:30:25+00:00
TT|1575493|H|5.5,1575493,Primeira Liga,94,2026-09-11T13:29:19Z,2026-09-13T17:00:00Z,3090.7,Benfica,GIL Vicente,H,Benfica,5.5,16,Total - Home,13.0,1.04,0.07407407,0.92592593,0.07407407,0.00000000,Marathonbet,,,2026-09-11T00:30:25+00:00
TT|1575493|H|6.5,1575493,Primeira Liga,94,2026-09-11T13:29:19Z,2026-09-13T17:00:00Z,3090.7,Benfica,GIL Vicente,H,Benfica,6.5,16,Total - Home,26.0,1.01,0.03739356,0.96260644,0.03739356,-0.00000000,Marathonbet,,,2026-09-11T00:30:25+00:00
TT|1575493|A|0.5,1575493,Primeira Liga,94,2026-09-11T13:29:19Z,2026-09-13T17:00:00Z,3090.7,Benfica,GIL Vicente,A,GIL Vicente,0.5,17,Total - Away,2.2,1.62,0.42408377,0.57591623,0.42408377,-0.00000000,Marathonbet,2.24,1.56,2026-09-11T00:30:25+00:00
TT|1575493|A|1.5,1575493,Primeira Liga,94,2026-09-11T13:29:19Z,2026-09-13T17:00:00Z,3090.7,Benfica,GIL Vicente,A,GIL Vicente,1.5,17,Total - Away,8.0,1.08,0.11894273,0.88105727,0.11894273,0.00000000,Marathonbet,7.8,1.07,2026-09-11T00:30:25+00:00
TT|1575493|A|2.5,1575493,Primeira Liga,94,2026-09-11T13:29:19Z,2026-09-13T17:00:00Z,3090.7,Benfica,GIL Vicente,A,GIL Vicente,2.5,17,Total - Away,29.0,1.01,0.03365545,0.96634455,0.03365545,-0.00000000,Marathonbet,,,2026-09-11T00:30:25+00:00
TT|1575492|H|0.5,1575492,Primeira Liga,94,2026-09-11T13:29:19Z,2026-09-13T17:00:00Z,3090.7,Arouca,Santa Clara,H,Arouca,0.5,16,Total - Home,1.36,3.0,0.68807339,0.31192661,0.68807339,0.00000000,Marathonbet,1.33,2.96,2026-09-11T00:30:25+00:00
TT|1575492|H|1.5,1575492,Primeira Liga,94,2026-09-11T13:29:19Z,2026-09-13T17:00:00Z,3090.7,Arouca,Santa Clara,H,Arouca,1.5,16,Total - Home,2.75,1.4,0.33734940,0.66265060,0.33734940,-0.00000000,Marathonbet,2.78,1.41,2026-09-11T00:30:25+00:00
TT|1575492|H|2.5,1575492,Primeira Liga,94,2026-09-11T13:29:19Z,2026-09-13T17:00:00Z,3090.7,Arouca,Santa Clara,H,Arouca,2.5,16,Total - Home,7.0,1.1,0.13580247,0.86419753,0.13580247,-0.00000000,Marathonbet,7.2,1.06,2026-09-11T00:30:25+00:00
TT|1575492|H|3.5,1575492,Primeira Liga,94,2026-09-11T13:29:19Z,2026-09-13T17:00:00Z,3090.7,Arouca,Santa Clara,H,Arouca,3.5,16,Total - Home,21.0,1.01,0.04588823,0.95411177,0.04588823,0.00000000,Marathonbet,,,2026-09-11T00:30:25+00:00
TT|1575492|A|0.5,1575492,Primeira Liga,94,2026-09-11T13:29:19Z,2026-09-13T17:00:00Z,3090.7,Arouca,Santa Clara,A,Santa Clara,0.5,17,Total - Away,1.4,2.75,0.66265060,0.33734940,0.66265060,0.00000000,Marathonbet,1.36,2.84,2026-09-11T00:30:25+00:00
TT|1575492|A|1.5,1575492,Primeira Liga,94,2026-09-11T13:29:19Z,2026-09-13T17:00:00Z,3090.7,Arouca,Santa Clara,A,Santa Clara,1.5,17,Total - Away,2.75,1.4,0.33734940,0.66265060,0.33734940,-0.00000000,Marathonbet,2.91,1.38,2026-09-11T00:30:25+00:00
TT|1575492|A|2.5,1575492,Primeira Liga,94,2026-09-11T13:29:19Z,2026-09-13T17:00:00Z,3090.7,Arouca,Santa Clara,A,Santa Clara,2.5,17,Total - Away,8.0,1.08,0.11894273,0.88105727,0.11894273,0.00000000,Marathonbet,7.6,1.05,2026-09-11T00:30:25+00:00
TT|1575492|A|3.5,1575492,Primeira Liga,94,2026-09-11T13:29:19Z,2026-09-13T17:00:00Z,3090.7,Arouca,Santa Clara,A,Santa Clara,3.5,17,Total - Away,21.0,1.01,0.04588823,0.95411177,0.04588823,0.00000000,Marathonbet,,,2026-09-11T00:30:25+00:00
TT|1575496|H|0.5,1575496,Primeira Liga,94,2026-09-11T13:29:19Z,2026-09-13T19:30:00Z,3240.7,Famalicao,Sporting CP,H,Famalicao,0.5,16,Total - Home,1.57,2.25,0.58900524,0.41099476,0.58900524,-0.00000000,Marathonbet,1.56,2.24,2026-09-11T00:30:25+00:00
TT|1575496|H|1.5,1575496,Primeira Liga,94,2026-09-11T13:29:19Z,2026-09-13T19:30:00Z,3240.7,Famalicao,Sporting CP,H,Famalicao,1.5,16,Total - Home,4.0,1.22,0.23371648,0.76628352,0.23371648,-0.00000000,Marathonbet,3.74,1.25,2026-09-11T00:30:25+00:00
TT|1575496|H|2.5,1575496,Primeira Liga,94,2026-09-11T13:29:19Z,2026-09-13T19:30:00Z,3240.7,Famalicao,Sporting CP,H,Famalicao,2.5,16,Total - Home,13.0,1.04,0.07407407,0.92592593,0.07407407,0.00000000,Marathonbet,8.9,1.03,2026-09-11T00:30:25+00:00
TT|1575496|A|0.5,1575496,Primeira Liga,94,2026-09-11T13:29:19Z,2026-09-13T19:30:00Z,3240.7,Famalicao,Sporting CP,A,Sporting CP,0.5,17,Total - Away,1.12,6.0,0.84269663,0.15730337,0.84269663,-0.00000000,Marathonbet,,,2026-09-11T00:30:25+00:00
TT|1575496|A|1.5,1575496,Primeira Liga,94,2026-09-11T13:29:19Z,2026-09-13T19:30:00Z,3240.7,Famalicao,Sporting CP,A,Sporting CP,1.5,17,Total - Away,1.62,2.2,0.57591623,0.42408377,0.57591623,0.00000000,Marathonbet,1.62,2.25,2026-09-11T00:30:25+00:00
TT|1575496|A|2.5,1575496,Primeira Liga,94,2026-09-11T13:29:19Z,2026-09-13T19:30:00Z,3240.7,Famalicao,Sporting CP,A,Sporting CP,2.5,17,Total - Away,3.0,1.36,0.31192661,0.68807339,0.31192661,-0.00000000,Marathonbet,2.82,1.38,2026-09-11T00:30:25+00:00
TT|1575496|A|3.5,1575496,Primeira Liga,94,2026-09-11T13:29:19Z,2026-09-13T19:30:00Z,3240.7,Famalicao,Sporting CP,A,Sporting CP,3.5,17,Total - Away,6.5,1.11,0.14586071,0.85413929,0.14586071,-0.00000000,Marathonbet,5.4,1.1,2026-09-11T00:30:25+00:00
TT|1575496|A|4.5,1575496,Primeira Liga,94,2026-09-11T13:29:19Z,2026-09-13T19:30:00Z,3240.7,Famalicao,Sporting CP,A,Sporting CP,4.5,17,Total - Away,17.0,1.02,0.05660377,0.94339623,0.05660377,0.00000000,Marathonbet,,,2026-09-11T00:30:25+00:00
TT|1584405|H|0.5,1584405,Super Lig,203,2026-09-11T13:29:19Z,2026-09-11T17:00:00Z,210.7,Beşiktaş,Erzurumspor FK,H,Beşiktaş,0.5,16,Total - Home,1.05,11.0,0.91286307,0.08713693,0.91286307,0.00000000,Marathonbet,,,2026-09-11T12:00:44+00:00
TT|1584405|H|1.5,1584405,Super Lig,203,2026-09-11T13:29:19Z,2026-09-11T17:00:00Z,210.7,Beşiktaş,Erzurumspor FK,H,Beşiktaş,1.5,16,Total - Home,1.33,3.25,0.70960699,0.29039301,0.70960699,-0.00000000,Marathonbet,1.3,3.22,2026-09-11T12:00:44+00:00
TT|1584405|H|2.5,1584405,Super Lig,203,2026-09-11T13:29:19Z,2026-09-11T17:00:00Z,210.7,Beşiktaş,Erzurumspor FK,H,Beşiktaş,2.5,16,Total - Home,2.0,1.73,0.46380697,0.53619303,0.46380697,0.00000000,Marathonbet,1.99,1.79,2026-09-11T12:00:44+00:00
TT|1584405|H|3.5,1584405,Super Lig,203,2026-09-11T13:29:19Z,2026-09-11T17:00:00Z,210.7,Beşiktaş,Erzurumspor FK,H,Beşiktaş,3.5,16,Total - Home,3.5,1.28,0.26778243,0.73221757,0.26778243,-0.00000000,Marathonbet,3.42,1.27,2026-09-11T12:00:44+00:00
TT|1584405|H|4.5,1584405,Super Lig,203,2026-09-11T13:29:19Z,2026-09-11T17:00:00Z,210.7,Beşiktaş,Erzurumspor FK,H,Beşiktaş,4.5,16,Total - Home,8.0,1.08,0.11894273,0.88105727,0.11894273,0.00000000,Marathonbet,,,2026-09-11T12:00:44+00:00
TT|1584405|H|5.5,1584405,Super Lig,203,2026-09-11T13:29:19Z,2026-09-11T17:00:00Z,210.7,Beşiktaş,Erzurumspor FK,H,Beşiktaş,5.5,16,Total - Home,17.0,1.02,0.05660377,0.94339623,0.05660377,0.00000000,Marathonbet,,,2026-09-11T12:00:44+00:00
TT|1584405|A|0.5,1584405,Super Lig,203,2026-09-11T13:29:19Z,2026-09-11T17:00:00Z,210.7,Beşiktaş,Erzurumspor FK,A,Erzurumspor FK,0.5,17,Total - Away,1.83,1.83,0.50000000,0.50000000,0.50000000,0.00000000,Marathonbet,1.9,1.78,2026-09-11T12:00:44+00:00
TT|1584405|A|1.5,1584405,Super Lig,203,2026-09-11T13:29:19Z,2026-09-11T17:00:00Z,210.7,Beşiktaş,Erzurumspor FK,A,Erzurumspor FK,1.5,17,Total - Away,5.5,1.14,0.17168675,0.82831325,0.17168675,-0.00000000,Marathonbet,6.05,1.11,2026-09-11T12:00:44+00:00
TT|1584405|A|2.5,1584405,Super Lig,203,2026-09-11T13:29:19Z,2026-09-11T17:00:00Z,210.7,Beşiktaş,Erzurumspor FK,A,Erzurumspor FK,2.5,17,Total - Away,21.0,1.01,0.04588823,0.95411177,0.04588823,0.00000000,Marathonbet,,,2026-09-11T12:00:44+00:00
TT|1584406|H|0.5,1584406,Super Lig,203,2026-09-11T13:29:19Z,2026-09-12T14:00:00Z,1470.7,Eyüpspor,Rizespor,H,Eyüpspor,0.5,16,Total - Home,1.44,2.62,0.64532020,0.35467980,0.64532020,-0.00000000,Marathonbet,1.46,2.49,2026-09-11T10:07:14+00:00
TT|1584406|H|1.5,1584406,Super Lig,203,2026-09-11T13:29:19Z,2026-09-12T14:00:00Z,1470.7,Eyüpspor,Rizespor,H,Eyüpspor,1.5,16,Total - Home,3.4,1.3,0.27659574,0.72340426,0.27659574,0.00000000,Marathonbet,3.34,1.3,2026-09-11T10:07:14+00:00
TT|1584406|H|2.5,1584406,Super Lig,203,2026-09-11T13:29:19Z,2026-09-12T14:00:00Z,1470.7,Eyüpspor,Rizespor,H,Eyüpspor,2.5,16,Total - Home,10.0,1.06,0.09584087,0.90415913,0.09584087,-0.00000000,Marathonbet,9.2,1.02,2026-09-11T10:07:14+00:00
TT|1584406|H|3.5,1584406,Super Lig,203,2026-09-11T13:29:19Z,2026-09-12T14:00:00Z,1470.7,Eyüpspor,Rizespor,H,Eyüpspor,3.5,16,Total - Home,29.0,1.01,0.03365545,0.96634455,0.03365545,-0.00000000,Marathonbet,,,2026-09-11T10:07:14+00:00
TT|1584406|A|0.5,1584406,Super Lig,203,2026-09-11T13:29:19Z,2026-09-12T14:00:00Z,1470.7,Eyüpspor,Rizespor,A,Rizespor,0.5,17,Total - Away,1.2,4.33,0.78300181,0.21699819,0.78300181,-0.00000000,Marathonbet,,,2026-09-11T10:07:14+00:00
TT|1584406|A|1.5,1584406,Super Lig,203,2026-09-11T13:29:19Z,2026-09-12T14:00:00Z,1470.7,Eyüpspor,Rizespor,A,Rizespor,1.5,17,Total - Away,1.91,1.8,0.48517520,0.51482480,0.48517520,0.00000000,Marathonbet,1.99,1.79,2026-09-11T10:07:14+00:00
TT|1584406|A|2.5,1584406,Super Lig,203,2026-09-11T13:29:19Z,2026-09-12T14:00:00Z,1470.7,Eyüpspor,Rizespor,A,Rizespor,2.5,17,Total - Away,4.0,1.22,0.23371648,0.76628352,0.23371648,-0.00000000,Marathonbet,4.15,1.19,2026-09-11T10:07:14+00:00
TT|1584406|A|3.5,1584406,Super Lig,203,2026-09-11T13:29:19Z,2026-09-12T14:00:00Z,1470.7,Eyüpspor,Rizespor,A,Rizespor,3.5,17,Total - Away,11.0,1.05,0.08713693,0.91286307,0.08713693,-0.00000000,Marathonbet,9.4,1.01,2026-09-11T10:07:14+00:00
TT|1584406|A|4.5,1584406,Super Lig,203,2026-09-11T13:29:19Z,2026-09-12T14:00:00Z,1470.7,Eyüpspor,Rizespor,A,Rizespor,4.5,17,Total - Away,26.0,1.01,0.03739356,0.96260644,0.03739356,-0.00000000,Marathonbet,,,2026-09-11T10:07:14+00:00
TT|1584411|H|0.5,1584411,Super Lig,203,2026-09-11T13:29:19Z,2026-09-12T14:00:00Z,1470.7,Samsunspor,Çorum FK,H,Samsunspor,0.5,16,Total - Home,1.2,4.33,0.78300181,0.21699819,0.78300181,-0.00000000,Marathonbet,,,2026-09-11T10:07:14+00:00
TT|1584411|H|1.5,1584411,Super Lig,203,2026-09-11T13:29:19Z,2026-09-12T14:00:00Z,1470.7,Samsunspor,Çorum FK,H,Samsunspor,1.5,16,Total - Home,2.0,1.73,0.46380697,0.53619303,0.46380697,0.00000000,Marathonbet,2.02,1.76,2026-09-11T10:07:14+00:00
TT|1584411|H|2.5,1584411,Super Lig,203,2026-09-11T13:29:19Z,2026-09-12T14:00:00Z,1470.7,Samsunspor,Çorum FK,H,Samsunspor,2.5,16,Total - Home,4.33,1.2,0.21699819,0.78300181,0.21699819,0.00000000,Marathonbet,3.96,1.21,2026-09-11T10:07:14+00:00
TT|1584411|H|3.5,1584411,Super Lig,203,2026-09-11T13:29:19Z,2026-09-12T14:00:00Z,1470.7,Samsunspor,Çorum FK,H,Samsunspor,3.5,16,Total - Home,11.0,1.05,0.08713693,0.91286307,0.08713693,-0.00000000,Marathonbet,8.0,1.03,2026-09-11T10:07:14+00:00
TT|1584411|H|4.5,1584411,Super Lig,203,2026-09-11T13:29:19Z,2026-09-12T14:00:00Z,1470.7,Samsunspor,Çorum FK,H,Samsunspor,4.5,16,Total - Home,26.0,1.01,0.03739356,0.96260644,0.03739356,-0.00000000,Marathonbet,,,2026-09-11T10:07:14+00:00
TT|1584411|A|0.5,1584411,Super Lig,203,2026-09-11T13:29:19Z,2026-09-12T14:00:00Z,1470.7,Samsunspor,Çorum FK,A,Çorum FK,0.5,17,Total - Away,1.4,2.75,0.66265060,0.33734940,0.66265060,0.00000000,Marathonbet,1.32,3.04,2026-09-11T10:07:14+00:00
TT|1584411|A|1.5,1584411,Super Lig,203,2026-09-11T13:29:19Z,2026-09-12T14:00:00Z,1470.7,Samsunspor,Çorum FK,A,Çorum FK,1.5,17,Total - Away,3.0,1.36,0.31192661,0.68807339,0.31192661,-0.00000000,Marathonbet,2.65,1.45,2026-09-11T10:07:14+00:00
TT|1584411|A|2.5,1584411,Super Lig,203,2026-09-11T13:29:19Z,2026-09-12T14:00:00Z,1470.7,Samsunspor,Çorum FK,A,Çorum FK,2.5,17,Total - Away,8.0,1.08,0.11894273,0.88105727,0.11894273,0.00000000,Marathonbet,6.0,1.09,2026-09-11T10:07:14+00:00
TT|1584411|A|3.5,1584411,Super Lig,203,2026-09-11T13:29:19Z,2026-09-12T14:00:00Z,1470.7,Samsunspor,Çorum FK,A,Çorum FK,3.5,17,Total - Away,23.0,1.01,0.04206581,0.95793419,0.04206581,-0.00000000,Marathonbet,,,2026-09-11T10:07:14+00:00
TT|1584410|H|0.5,1584410,Super Lig,203,2026-09-11T13:29:19Z,2026-09-12T17:00:00Z,1650.7,Konyaspor,Trabzonspor,H,Konyaspor,0.5,16,Total - Home,1.33,3.25,0.70960699,0.29039301,0.70960699,-0.00000000,Marathonbet,1.33,2.98,2026-09-11T10:07:14+00:00
TT|1584410|H|1.5,1584410,Super Lig,203,2026-09-11T13:29:19Z,2026-09-12T17:00:00Z,1650.7,Konyaspor,Trabzonspor,H,Konyaspor,1.5,16,Total - Home,2.62,1.44,0.35467980,0.64532020,0.35467980,0.00000000,Marathonbet,2.64,1.45,2026-09-11T10:07:14+00:00
TT|1584410|H|2.5,1584410,Super Lig,203,2026-09-11T13:29:19Z,2026-09-12T17:00:00Z,1650.7,Konyaspor,Trabzonspor,H,Konyaspor,2.5,16,Total - Home,7.0,1.1,0.13580247,0.86419753,0.13580247,-0.00000000,Marathonbet,6.25,1.08,2026-09-11T10:07:14+00:00
TT|1584410|H|3.5,1584410,Super Lig,203,2026-09-11T13:29:19Z,2026-09-12T17:00:00Z,1650.7,Konyaspor,Trabzonspor,H,Konyaspor,3.5,16,Total - Home,19.0,1.02,0.05094905,0.94905095,0.05094905,0.00000000,Marathonbet,,,2026-09-11T10:07:14+00:00
TT|1584410|A|0.5,1584410,Super Lig,203,2026-09-11T13:29:19Z,2026-09-12T17:00:00Z,1650.7,Konyaspor,Trabzonspor,A,Trabzonspor,0.5,17,Total - Away,1.17,5.0,0.81037277,0.18962723,0.81037277,0.00000000,Marathonbet,,,2026-09-11T10:07:14+00:00
TT|1584410|A|1.5,1584410,Super Lig,203,2026-09-11T13:29:19Z,2026-09-12T17:00:00Z,1650.7,Konyaspor,Trabzonspor,A,Trabzonspor,1.5,17,Total - Away,1.8,1.91,0.51482480,0.48517520,0.51482480,-0.00000000,Marathonbet,1.81,1.96,2026-09-11T10:07:14+00:00
TT|1584410|A|2.5,1584410,Super Lig,203,2026-09-11T13:29:19Z,2026-09-12T17:00:00Z,1650.7,Konyaspor,Trabzonspor,A,Trabzonspor,2.5,17,Total - Away,3.5,1.28,0.26778243,0.73221757,0.26778243,-0.00000000,Marathonbet,3.42,1.27,2026-09-11T10:07:14+00:00
TT|1584410|A|3.5,1584410,Super Lig,203,2026-09-11T13:29:19Z,2026-09-12T17:00:00Z,1650.7,Konyaspor,Trabzonspor,A,Trabzonspor,3.5,17,Total - Away,9.0,1.07,0.10625621,0.89374379,0.10625621,-0.00000000,Marathonbet,7.0,1.05,2026-09-11T10:07:14+00:00
TT|1584410|A|4.5,1584410,Super Lig,203,2026-09-11T13:29:19Z,2026-09-12T17:00:00Z,1650.7,Konyaspor,Trabzonspor,A,Trabzonspor,4.5,17,Total - Away,21.0,1.01,0.04588823,0.95411177,0.04588823,0.00000000,Marathonbet,,,2026-09-11T10:07:14+00:00
TT|1584403|H|0.5,1584403,Super Lig,203,2026-09-11T13:29:19Z,2026-09-12T17:00:00Z,1650.7,Alanyaspor,Göztepe,H,Alanyaspor,0.5,16,Total - Home,1.25,3.75,0.75000000,0.25000000,0.75000000,0.00000000,Marathonbet,1.24,3.58,2026-09-11T10:07:14+00:00
TT|1584403|H|1.5,1584403,Super Lig,203,2026-09-11T13:29:19Z,2026-09-12T17:00:00Z,1650.7,Alanyaspor,Göztepe,H,Alanyaspor,1.5,16,Total - Home,2.1,1.67,0.44297082,0.55702918,0.44297082,0.00000000,Marathonbet,2.13,1.69,2026-09-11T10:07:14+00:00
TT|1584403|H|2.5,1584403,Super Lig,203,2026-09-11T13:29:19Z,2026-09-12T17:00:00Z,1650.7,Alanyaspor,Göztepe,H,Alanyaspor,2.5,16,Total - Home,5.0,1.17,0.18962723,0.81037277,0.18962723,-0.00000000,Marathonbet,4.33,1.18,2026-09-11T10:07:14+00:00
TT|1584403|H|3.5,1584403,Super Lig,203,2026-09-11T13:29:19Z,2026-09-12T17:00:00Z,1650.7,Alanyaspor,Göztepe,H,Alanyaspor,3.5,16,Total - Home,13.0,1.04,0.07407407,0.92592593,0.07407407,0.00000000,Marathonbet,8.3,1.02,2026-09-11T10:07:14+00:00
TT|1584403|H|4.5,1584403,Super Lig,203,2026-09-11T13:29:19Z,2026-09-12T17:00:00Z,1650.7,Alanyaspor,Göztepe,H,Alanyaspor,4.5,16,Total - Home,29.0,1.01,0.03365545,0.96634455,0.03365545,-0.00000000,Marathonbet,,,2026-09-11T10:07:14+00:00
TT|1584403|A|0.5,1584403,Super Lig,203,2026-09-11T13:29:19Z,2026-09-12T17:00:00Z,1650.7,Alanyaspor,Göztepe,A,Göztepe,0.5,17,Total - Away,1.36,3.0,0.68807339,0.31192661,0.68807339,0.00000000,Marathonbet,1.35,2.89,2026-09-11T10:07:14+00:00
TT|1584403|A|1.5,1584403,Super Lig,203,2026-09-11T13:29:19Z,2026-09-12T17:00:00Z,1650.7,Alanyaspor,Göztepe,A,Göztepe,1.5,17,Total - Away,2.75,1.4,0.33734940,0.66265060,0.33734940,-0.00000000,Marathonbet,2.75,1.42,2026-09-11T10:07:14+00:00
TT|1584403|A|2.5,1584403,Super Lig,203,2026-09-11T13:29:19Z,2026-09-12T17:00:00Z,1650.7,Alanyaspor,Göztepe,A,Göztepe,2.5,17,Total - Away,8.0,1.08,0.11894273,0.88105727,0.11894273,0.00000000,Marathonbet,6.2,1.08,2026-09-11T10:07:14+00:00
TT|1584403|A|3.5,1584403,Super Lig,203,2026-09-11T13:29:19Z,2026-09-12T17:00:00Z,1650.7,Alanyaspor,Göztepe,A,Göztepe,3.5,17,Total - Away,21.0,1.01,0.04588823,0.95411177,0.04588823,0.00000000,Marathonbet,,,2026-09-11T10:07:14+00:00
TT|1584409|H|0.5,1584409,Super Lig,203,2026-09-11T13:29:19Z,2026-09-13T14:00:00Z,2910.7,Gençlerbirliği S.K.,Kasımpaşa,H,Gençlerbirliği S.K.,0.5,16,Total - Home,1.28,3.5,0.73221757,0.26778243,0.73221757,0.00000000,Marathonbet,1.26,3.4,2026-09-11T10:07:14+00:00
TT|1584409|H|1.5,1584409,Super Lig,203,2026-09-11T13:29:19Z,2026-09-13T14:00:00Z,2910.7,Gençlerbirliği S.K.,Kasımpaşa,H,Gençlerbirliği S.K.,1.5,16,Total - Home,2.38,1.53,0.39130435,0.60869565,0.39130435,-0.00000000,Marathonbet,2.36,1.55,2026-09-11T10:07:14+00:00
TT|1584409|H|2.5,1584409,Super Lig,203,2026-09-11T13:29:19Z,2026-09-13T14:00:00Z,2910.7,Gençlerbirliği S.K.,Kasımpaşa,H,Gençlerbirliği S.K.,2.5,16,Total - Home,5.5,1.14,0.17168675,0.82831325,0.17168675,-0.00000000,Marathonbet,5.35,1.1,2026-09-11T10:07:14+00:00
TT|1584409|H|3.5,1584409,Super Lig,203,2026-09-11T13:29:19Z,2026-09-13T14:00:00Z,2910.7,Gençlerbirliği S.K.,Kasımpaşa,H,Gençlerbirliği S.K.,3.5,16,Total - Home,17.0,1.02,0.05660377,0.94339623,0.05660377,0.00000000,Marathonbet,,,2026-09-11T10:07:14+00:00
TT|1584409|A|0.5,1584409,Super Lig,203,2026-09-11T13:29:19Z,2026-09-13T14:00:00Z,2910.7,Gençlerbirliği S.K.,Kasımpaşa,A,Kasımpaşa,0.5,17,Total - Away,1.4,2.75,0.66265060,0.33734940,0.66265060,0.00000000,Marathonbet,1.39,2.72,2026-09-11T10:07:14+00:00
TT|1584409|A|1.5,1584409,Super Lig,203,2026-09-11T13:29:19Z,2026-09-13T14:00:00Z,2910.7,Gençlerbirliği S.K.,Kasımpaşa,A,Kasımpaşa,1.5,17,Total - Away,3.0,1.36,0.31192661,0.68807339,0.31192661,-0.00000000,Marathonbet,3.0,1.36,2026-09-11T10:07:14+00:00
TT|1584409|A|2.5,1584409,Super Lig,203,2026-09-11T13:29:19Z,2026-09-13T14:00:00Z,2910.7,Gençlerbirliği S.K.,Kasımpaşa,A,Kasımpaşa,2.5,17,Total - Away,8.0,1.08,0.11894273,0.88105727,0.11894273,0.00000000,Marathonbet,7.9,1.04,2026-09-11T10:07:14+00:00
TT|1584409|A|3.5,1584409,Super Lig,203,2026-09-11T13:29:19Z,2026-09-13T14:00:00Z,2910.7,Gençlerbirliği S.K.,Kasımpaşa,A,Kasımpaşa,3.5,17,Total - Away,23.0,1.01,0.04206581,0.95793419,0.04206581,-0.00000000,Marathonbet,,,2026-09-11T10:07:14+00:00
TT|1584407|H|0.5,1584407,Super Lig,203,2026-09-11T13:29:19Z,2026-09-13T17:00:00Z,3090.7,Galatasaray,Kocaelispor,H,Galatasaray,0.5,16,Total - Home,1.05,11.0,0.91286307,0.08713693,0.91286307,0.00000000,Marathonbet,,,2026-09-11T10:07:14+00:00
TT|1584407|H|1.5,1584407,Super Lig,203,2026-09-11T13:29:19Z,2026-09-13T17:00:00Z,3090.7,Galatasaray,Kocaelispor,H,Galatasaray,1.5,16,Total - Home,1.3,3.4,0.72340426,0.27659574,0.72340426,-0.00000000,Marathonbet,1.35,2.95,2026-09-11T10:07:14+00:00
TT|1584407|H|2.5,1584407,Super Lig,203,2026-09-11T13:29:19Z,2026-09-13T17:00:00Z,3090.7,Galatasaray,Kocaelispor,H,Galatasaray,2.5,16,Total - Home,2.0,1.73,0.46380697,0.53619303,0.46380697,0.00000000,Marathonbet,2.16,1.67,2026-09-11T10:07:14+00:00
TT|1584407|H|3.5,1584407,Super Lig,203,2026-09-11T13:29:19Z,2026-09-13T17:00:00Z,3090.7,Galatasaray,Kocaelispor,H,Galatasaray,3.5,16,Total - Home,3.5,1.28,0.26778243,0.73221757,0.26778243,-0.00000000,Marathonbet,3.94,1.21,2026-09-11T10:07:14+00:00
TT|1584407|H|4.5,1584407,Super Lig,203,2026-09-11T13:29:19Z,2026-09-13T17:00:00Z,3090.7,Galatasaray,Kocaelispor,H,Galatasaray,4.5,16,Total - Home,7.0,1.1,0.13580247,0.86419753,0.13580247,-0.00000000,Marathonbet,,,2026-09-11T10:07:14+00:00
TT|1584407|H|5.5,1584407,Super Lig,203,2026-09-11T13:29:19Z,2026-09-13T17:00:00Z,3090.7,Galatasaray,Kocaelispor,H,Galatasaray,5.5,16,Total - Home,17.0,1.02,0.05660377,0.94339623,0.05660377,0.00000000,Marathonbet,,,2026-09-11T10:07:14+00:00
TT|1584407|A|0.5,1584407,Super Lig,203,2026-09-11T13:29:19Z,2026-09-13T17:00:00Z,3090.7,Galatasaray,Kocaelispor,A,Kocaelispor,0.5,17,Total - Away,1.73,2.0,0.53619303,0.46380697,0.53619303,-0.00000000,Marathonbet,1.65,2.08,2026-09-11T10:07:14+00:00
TT|1584407|A|1.5,1584407,Super Lig,203,2026-09-11T13:29:19Z,2026-09-13T17:00:00Z,3090.7,Galatasaray,Kocaelispor,A,Kocaelispor,1.5,17,Total - Away,4.5,1.18,0.20774648,0.79225352,0.20774648,-0.00000000,Marathonbet,4.55,1.18,2026-09-11T10:07:14+00:00
TT|1584407|A|2.5,1584407,Super Lig,203,2026-09-11T13:29:19Z,2026-09-13T17:00:00Z,3090.7,Galatasaray,Kocaelispor,A,Kocaelispor,2.5,17,Total - Away,17.0,1.02,0.05660377,0.94339623,0.05660377,0.00000000,Marathonbet,,,2026-09-11T10:07:14+00:00
TT|1584404|H|0.5,1584404,Super Lig,203,2026-09-11T13:29:19Z,2026-09-13T17:00:00Z,3090.7,Amed,Başakşehir,H,Amed,0.5,16,Total - Home,1.25,3.75,0.75000000,0.25000000,0.75000000,0.00000000,Marathonbet,1.2,4.0,2026-09-11T12:30:45+00:00
TT|1584404|H|1.5,1584404,Super Lig,203,2026-09-11T13:29:19Z,2026-09-13T17:00:00Z,3090.7,Amed,Başakşehir,H,Amed,1.5,16,Total - Home,2.2,1.62,0.42408377,0.57591623,0.42408377,-0.00000000,Marathonbet,2.19,1.65,2026-09-11T12:30:45+00:00
TT|1584404|H|2.5,1584404,Super Lig,203,2026-09-11T13:29:19Z,2026-09-13T17:00:00Z,3090.7,Amed,Başakşehir,H,Amed,2.5,16,Total - Home,5.5,1.14,0.17168675,0.82831325,0.17168675,-0.00000000,Marathonbet,4.7,1.15,2026-09-11T12:30:45+00:00
TT|1584404|H|3.5,1584404,Super Lig,203,2026-09-11T13:29:19Z,2026-09-13T17:00:00Z,3090.7,Amed,Başakşehir,H,Amed,3.5,16,Total - Home,15.0,1.03,0.06425452,0.93574548,0.06425452,0.00000000,Marathonbet,,,2026-09-11T12:30:45+00:00
TT|1584404|A|0.5,1584404,Super Lig,203,2026-09-11T13:29:19Z,2026-09-13T17:00:00Z,3090.7,Amed,Başakşehir,A,Başakşehir,0.5,17,Total - Away,1.28,3.5,0.73221757,0.26778243,0.73221757,0.00000000,Marathonbet,1.22,3.75,2026-09-11T12:30:45+00:00
TT|1584404|A|1.5,1584404,Super Lig,203,2026-09-11T13:29:19Z,2026-09-13T17:00:00Z,3090.7,Amed,Başakşehir,A,Başakşehir,1.5,17,Total - Away,2.25,1.57,0.41099476,0.58900524,0.41099476,0.00000000,Marathonbet,2.26,1.62,2026-09-11T12:30:45+00:00
TT|1584404|A|2.5,1584404,Super Lig,203,2026-09-11T13:29:19Z,2026-09-13T17:00:00Z,3090.7,Amed,Başakşehir,A,Başakşehir,2.5,17,Total - Away,5.5,1.14,0.17168675,0.82831325,0.17168675,-0.00000000,Marathonbet,4.95,1.14,2026-09-11T12:30:45+00:00
TT|1584404|A|3.5,1584404,Super Lig,203,2026-09-11T13:29:19Z,2026-09-13T17:00:00Z,3090.7,Amed,Başakşehir,A,Başakşehir,3.5,17,Total - Away,15.0,1.03,0.06425452,0.93574548,0.06425452,0.00000000,Marathonbet,,,2026-09-11T12:30:45+00:00
TT|1557398|H|0.5,1557398,Premier League,39,2026-09-11T13:43:26Z,2026-09-12T14:00:00Z,1456.6,Bournemouth,Brentford,H,Bournemouth,0.5,16,Total - Home,1.2,4.33,0.78300181,0.21699819,0.78300181,-0.00000000,Marathonbet,,,2026-09-11T08:15:48+00:00
TT|1557398|H|1.5,1557398,Premier League,39,2026-09-11T13:43:26Z,2026-09-12T14:00:00Z,1456.6,Bournemouth,Brentford,H,Bournemouth,1.5,16,Total - Home,1.91,1.8,0.48517520,0.51482480,0.48517520,0.00000000,Marathonbet,2.01,1.81,2026-09-11T08:15:48+00:00
TT|1557398|H|2.5,1557398,Premier League,39,2026-09-11T13:43:26Z,2026-09-12T14:00:00Z,1456.6,Bournemouth,Brentford,H,Bournemouth,2.5,16,Total - Home,4.0,1.22,0.23371648,0.76628352,0.23371648,-0.00000000,Marathonbet,4.05,1.22,2026-09-11T08:15:48+00:00
TT|1557398|H|3.5,1557398,Premier League,39,2026-09-11T13:43:26Z,2026-09-12T14:00:00Z,1456.6,Bournemouth,Brentford,H,Bournemouth,3.5,16,Total - Home,11.0,1.05,0.08713693,0.91286307,0.08713693,-0.00000000,Marathonbet,8.9,1.03,2026-09-11T08:15:48+00:00
TT|1557398|H|4.5,1557398,Premier League,39,2026-09-11T13:43:26Z,2026-09-12T14:00:00Z,1456.6,Bournemouth,Brentford,H,Bournemouth,4.5,16,Total - Home,26.0,1.01,0.03739356,0.96260644,0.03739356,-0.00000000,Marathonbet,,,2026-09-11T08:15:48+00:00
TT|1557398|A|0.5,1557398,Premier League,39,2026-09-11T13:43:26Z,2026-09-12T14:00:00Z,1456.6,Bournemouth,Brentford,A,Brentford,0.5,17,Total - Away,1.22,4.0,0.76628352,0.23371648,0.76628352,0.00000000,Marathonbet,,,2026-09-11T08:15:48+00:00
TT|1557398|A|1.5,1557398,Premier League,39,2026-09-11T13:43:26Z,2026-09-12T14:00:00Z,1456.6,Bournemouth,Brentford,A,Brentford,1.5,17,Total - Away,2.1,1.67,0.44297082,0.55702918,0.44297082,0.00000000,Marathonbet,2.14,1.72,2026-09-11T08:15:48+00:00
TT|1557398|A|2.5,1557398,Premier League,39,2026-09-11T13:43:26Z,2026-09-12T14:00:00Z,1456.6,Bournemouth,Brentford,A,Brentford,2.5,17,Total - Away,4.5,1.18,0.20774648,0.79225352,0.20774648,-0.00000000,Marathonbet,4.55,1.18,2026-09-11T08:15:48+00:00
TT|1557398|A|3.5,1557398,Premier League,39,2026-09-11T13:43:26Z,2026-09-12T14:00:00Z,1456.6,Bournemouth,Brentford,A,Brentford,3.5,17,Total - Away,13.0,1.04,0.07407407,0.92592593,0.07407407,0.00000000,Marathonbet,9.9,1.02,2026-09-11T08:15:48+00:00
TT|1557398|A|4.5,1557398,Premier League,39,2026-09-11T13:43:26Z,2026-09-12T14:00:00Z,1456.6,Bournemouth,Brentford,A,Brentford,4.5,17,Total - Away,29.0,1.01,0.03365545,0.96634455,0.03365545,-0.00000000,Marathonbet,,,2026-09-11T08:15:48+00:00
TT|1557403|H|0.5,1557403,Premier League,39,2026-09-11T13:43:26Z,2026-09-12T14:00:00Z,1456.6,Liverpool,Fulham,H,Liverpool,0.5,16,Total - Home,1.07,9.0,0.89374379,0.10625621,0.89374379,0.00000000,Marathonbet,,,2026-09-11T08:15:48+00:00
TT|1557403|H|1.5,1557403,Premier League,39,2026-09-11T13:43:26Z,2026-09-12T14:00:00Z,1456.6,Liverpool,Fulham,H,Liverpool,1.5,16,Total - Home,1.36,3.0,0.68807339,0.31192661,0.68807339,0.00000000,Marathonbet,1.41,2.89,2026-09-11T08:15:48+00:00
TT|1557403|H|2.5,1557403,Premier League,39,2026-09-11T13:43:26Z,2026-09-12T14:00:00Z,1456.6,Liverpool,Fulham,H,Liverpool,2.5,16,Total - Home,2.2,1.62,0.42408377,0.57591623,0.42408377,-0.00000000,Marathonbet,2.23,1.65,2026-09-11T08:15:48+00:00
TT|1557403|H|3.5,1557403,Premier League,39,2026-09-11T13:43:26Z,2026-09-12T14:00:00Z,1456.6,Liverpool,Fulham,H,Liverpool,3.5,16,Total - Home,4.0,1.22,0.23371648,0.76628352,0.23371648,-0.00000000,Marathonbet,3.98,1.21,2026-09-11T08:15:48+00:00
TT|1557403|H|4.5,1557403,Premier League,39,2026-09-11T13:43:26Z,2026-09-12T14:00:00Z,1456.6,Liverpool,Fulham,H,Liverpool,4.5,16,Total - Home,9.0,1.07,0.10625621,0.89374379,0.10625621,-0.00000000,Marathonbet,,,2026-09-11T08:15:48+00:00
TT|1557403|H|5.5,1557403,Premier League,39,2026-09-11T13:43:26Z,2026-09-12T14:00:00Z,1456.6,Liverpool,Fulham,H,Liverpool,5.5,16,Total - Home,19.0,1.02,0.05094905,0.94905095,0.05094905,0.00000000,Marathonbet,,,2026-09-11T08:15:48+00:00
TT|1557403|A|0.5,1557403,Premier League,39,2026-09-11T13:43:26Z,2026-09-12T14:00:00Z,1456.6,Liverpool,Fulham,A,Fulham,0.5,17,Total - Away,1.5,2.5,0.62500000,0.37500000,0.62500000,0.00000000,Marathonbet,1.46,2.52,2026-09-11T08:15:48+00:00
TT|1557403|A|1.5,1557403,Premier League,39,2026-09-11T13:43:26Z,2026-09-12T14:00:00Z,1456.6,Liverpool,Fulham,A,Fulham,1.5,17,Total - Away,3.4,1.3,0.27659574,0.72340426,0.27659574,0.00000000,Marathonbet,3.36,1.32,2026-09-11T08:15:48+00:00
TT|1557403|A|2.5,1557403,Premier League,39,2026-09-11T13:43:26Z,2026-09-12T14:00:00Z,1456.6,Liverpool,Fulham,A,Fulham,2.5,17,Total - Away,10.0,1.06,0.09584087,0.90415913,0.09584087,-0.00000000,Marathonbet,9.1,1.04,2026-09-11T08:15:48+00:00
TT|1557403|A|3.5,1557403,Premier League,39,2026-09-11T13:43:26Z,2026-09-12T14:00:00Z,1456.6,Liverpool,Fulham,A,Fulham,3.5,17,Total - Away,29.0,1.01,0.03365545,0.96634455,0.03365545,-0.00000000,Marathonbet,,,2026-09-11T08:15:48+00:00
TT|1557399|H|0.5,1557399,Premier League,39,2026-09-11T13:43:26Z,2026-09-12T14:00:00Z,1456.6,Chelsea,Hull City,H,Chelsea,0.5,16,Total - Home,1.04,13.0,0.92592593,0.07407407,0.92592593,-0.00000000,Marathonbet,,,2026-09-11T08:15:48+00:00
TT|1557399|H|1.5,1557399,Premier League,39,2026-09-11T13:43:26Z,2026-09-12T14:00:00Z,1456.6,Chelsea,Hull City,H,Chelsea,1.5,16,Total - Home,1.25,3.75,0.75000000,0.25000000,0.75000000,0.00000000,Marathonbet,1.27,3.58,2026-09-11T08:15:48+00:00
TT|1557399|H|2.5,1557399,Premier League,39,2026-09-11T13:43:26Z,2026-09-12T14:00:00Z,1456.6,Chelsea,Hull City,H,Chelsea,2.5,16,Total - Home,1.8,1.91,0.51482480,0.48517520,0.51482480,-0.00000000,Marathonbet,1.85,1.97,2026-09-11T08:15:48+00:00
TT|1557399|H|3.5,1557399,Premier League,39,2026-09-11T13:43:26Z,2026-09-12T14:00:00Z,1456.6,Chelsea,Hull City,H,Chelsea,3.5,16,Total - Home,3.25,1.33,0.29039301,0.70960699,0.29039301,0.00000000,Marathonbet,3.02,1.36,2026-09-11T08:15:48+00:00
TT|1557399|H|4.5,1557399,Premier League,39,2026-09-11T13:43:26Z,2026-09-12T14:00:00Z,1456.6,Chelsea,Hull City,H,Chelsea,4.5,16,Total - Home,6.0,1.12,0.15730337,0.84269663,0.15730337,0.00000000,Marathonbet,,,2026-09-11T08:15:48+00:00
TT|1557399|H|5.5,1557399,Premier League,39,2026-09-11T13:43:26Z,2026-09-12T14:00:00Z,1456.6,Chelsea,Hull City,H,Chelsea,5.5,16,Total - Home,13.0,1.04,0.07407407,0.92592593,0.07407407,0.00000000,Marathonbet,,,2026-09-11T08:15:48+00:00
TT|1557399|H|6.5,1557399,Premier League,39,2026-09-11T13:43:26Z,2026-09-12T14:00:00Z,1456.6,Chelsea,Hull City,H,Chelsea,6.5,16,Total - Home,26.0,1.01,0.03739356,0.96260644,0.03739356,-0.00000000,Marathonbet,,,2026-09-11T08:15:48+00:00
TT|1557399|A|0.5,1557399,Premier League,39,2026-09-11T13:43:26Z,2026-09-12T14:00:00Z,1456.6,Chelsea,Hull City,A,Hull City,0.5,17,Total - Away,1.8,1.91,0.51482480,0.48517520,0.51482480,-0.00000000,Marathonbet,1.77,1.94,2026-09-11T08:15:48+00:00
TT|1557399|A|1.5,1557399,Premier League,39,2026-09-11T13:43:26Z,2026-09-12T14:00:00Z,1456.6,Chelsea,Hull City,A,Hull City,1.5,17,Total - Away,5.0,1.17,0.18962723,0.81037277,0.18962723,-0.00000000,Marathonbet,5.35,1.15,2026-09-11T08:15:48+00:00
TT|1557399|A|2.5,1557399,Premier League,39,2026-09-11T13:43:26Z,2026-09-12T14:00:00Z,1456.6,Chelsea,Hull City,A,Hull City,2.5,17,Total - Away,19.0,1.02,0.05094905,0.94905095,0.05094905,0.00000000,Marathonbet,,,2026-09-11T08:15:48+00:00
TT|1557401|H|0.5,1557401,Premier League,39,2026-09-11T13:43:26Z,2026-09-12T14:00:00Z,1456.6,Crystal Palace,Ipswich,H,Crystal Palace,0.5,16,Total - Home,1.17,5.0,0.81037277,0.18962723,0.81037277,0.00000000,Marathonbet,,,2026-09-11T08:15:48+00:00
TT|1557401|H|1.5,1557401,Premier League,39,2026-09-11T13:43:26Z,2026-09-12T14:00:00Z,1456.6,Crystal Palace,Ipswich,H,Crystal Palace,1.5,16,Total - Home,1.8,1.91,0.51482480,0.48517520,0.51482480,-0.00000000,Marathonbet,1.84,1.98,2026-09-11T08:15:48+00:00
TT|1557401|H|2.5,1557401,Premier League,39,2026-09-11T13:43:26Z,2026-09-12T14:00:00Z,1456.6,Crystal Palace,Ipswich,H,Crystal Palace,2.5,16,Total - Home,3.5,1.28,0.26778243,0.73221757,0.26778243,-0.00000000,Marathonbet,3.5,1.28,2026-09-11T08:15:48+00:00
TT|1557401|H|3.5,1557401,Premier League,39,2026-09-11T13:43:26Z,2026-09-12T14:00:00Z,1456.6,Crystal Palace,Ipswich,H,Crystal Palace,3.5,16,Total - Home,9.0,1.07,0.10625621,0.89374379,0.10625621,-0.00000000,Marathonbet,7.5,1.05,2026-09-11T08:15:48+00:00
TT|1557401|H|4.5,1557401,Premier League,39,2026-09-11T13:43:26Z,2026-09-12T14:00:00Z,1456.6,Crystal Palace,Ipswich,H,Crystal Palace,4.5,16,Total - Home,21.0,1.01,0.04588823,0.95411177,0.04588823,0.00000000,Marathonbet,,,2026-09-11T08:15:48+00:00
TT|1557401|A|0.5,1557401,Premier League,39,2026-09-11T13:43:26Z,2026-09-12T14:00:00Z,1456.6,Crystal Palace,Ipswich,A,Ipswich,0.5,17,Total - Away,1.4,2.75,0.66265060,0.33734940,0.66265060,0.00000000,Marathonbet,1.42,2.65,2026-09-11T08:15:48+00:00
TT|1557401|A|1.5,1557401,Premier League,39,2026-09-11T13:43:26Z,2026-09-12T14:00:00Z,1456.6,Crystal Palace,Ipswich,A,Ipswich,1.5,17,Total - Away,3.0,1.36,0.31192661,0.68807339,0.31192661,-0.00000000,Marathonbet,3.12,1.36,2026-09-11T08:15:48+00:00
TT|1557401|A|2.5,1557401,Premier League,39,2026-09-11T13:43:26Z,2026-09-12T14:00:00Z,1456.6,Crystal Palace,Ipswich,A,Ipswich,2.5,17,Total - Away,8.0,1.08,0.11894273,0.88105727,0.11894273,0.00000000,Marathonbet,8.0,1.06,2026-09-11T08:15:48+00:00
TT|1557401|A|3.5,1557401,Premier League,39,2026-09-11T13:43:26Z,2026-09-12T14:00:00Z,1456.6,Crystal Palace,Ipswich,A,Ipswich,3.5,17,Total - Away,23.0,1.01,0.04206581,0.95793419,0.04206581,-0.00000000,Marathonbet,,,2026-09-11T08:15:48+00:00
TT|1557397|H|0.5,1557397,Premier League,39,2026-09-11T13:43:26Z,2026-09-12T14:00:00Z,1456.6,Aston Villa,Nottingham Forest,H,Aston Villa,0.5,16,Total - Home,1.25,3.75,0.75000000,0.25000000,0.75000000,0.00000000,Marathonbet,1.22,3.8,2026-09-11T08:15:48+00:00
TT|1557397|H|1.5,1557397,Premier League,39,2026-09-11T13:43:26Z,2026-09-12T14:00:00Z,1456.6,Aston Villa,Nottingham Forest,H,Aston Villa,1.5,16,Total - Home,2.2,1.62,0.42408377,0.57591623,0.42408377,-0.00000000,Marathonbet,2.26,1.65,2026-09-11T08:15:48+00:00
TT|1557397|H|2.5,1557397,Premier League,39,2026-09-11T13:43:26Z,2026-09-12T14:00:00Z,1456.6,Aston Villa,Nottingham Forest,H,Aston Villa,2.5,16,Total - Home,5.0,1.17,0.18962723,0.81037277,0.18962723,-0.00000000,Marathonbet,5.15,1.15,2026-09-11T08:15:48+00:00
TT|1557397|H|3.5,1557397,Premier League,39,2026-09-11T13:43:26Z,2026-09-12T14:00:00Z,1456.6,Aston Villa,Nottingham Forest,H,Aston Villa,3.5,16,Total - Home,13.0,1.04,0.07407407,0.92592593,0.07407407,0.00000000,Marathonbet,,,2026-09-11T08:15:48+00:00
TT|1557397|H|4.5,1557397,Premier League,39,2026-09-11T13:43:26Z,2026-09-12T14:00:00Z,1456.6,Aston Villa,Nottingham Forest,H,Aston Villa,4.5,16,Total - Home,29.0,1.01,0.03365545,0.96634455,0.03365545,-0.00000000,Marathonbet,,,2026-09-11T08:15:48+00:00
TT|1557397|A|0.5,1557397,Premier League,39,2026-09-11T13:43:26Z,2026-09-12T14:00:00Z,1456.6,Aston Villa,Nottingham Forest,A,Nottingham Forest,0.5,17,Total - Away,1.36,3.0,0.68807339,0.31192661,0.68807339,0.00000000,Marathonbet,1.34,2.98,2026-09-11T08:15:48+00:00
TT|1557397|A|1.5,1557397,Premier League,39,2026-09-11T13:43:26Z,2026-09-12T14:00:00Z,1456.6,Aston Villa,Nottingham Forest,A,Nottingham Forest,1.5,17,Total - Away,2.75,1.4,0.33734940,0.66265060,0.33734940,-0.00000000,Marathonbet,2.81,1.43,2026-09-11T08:15:48+00:00
TT|1557397|A|2.5,1557397,Premier League,39,2026-09-11T13:43:26Z,2026-09-12T14:00:00Z,1456.6,Aston Villa,Nottingham Forest,A,Nottingham Forest,2.5,17,Total - Away,7.0,1.1,0.13580247,0.86419753,0.13580247,-0.00000000,Marathonbet,7.4,1.07,2026-09-11T08:15:48+00:00
TT|1557397|A|3.5,1557397,Premier League,39,2026-09-11T13:43:26Z,2026-09-12T14:00:00Z,1456.6,Aston Villa,Nottingham Forest,A,Nottingham Forest,3.5,17,Total - Away,21.0,1.01,0.04588823,0.95411177,0.04588823,0.00000000,Marathonbet,,,2026-09-11T08:15:48+00:00
TT|1557406|H|0.5,1557406,Premier League,39,2026-09-11T13:43:26Z,2026-09-12T16:30:00Z,1606.6,Tottenham,Everton,H,Tottenham,0.5,16,Total - Home,1.2,4.33,0.78300181,0.21699819,0.78300181,-0.00000000,Marathonbet,,,2026-09-11T08:15:48+00:00
TT|1557406|H|1.5,1557406,Premier League,39,2026-09-11T13:43:26Z,2026-09-12T16:30:00Z,1606.6,Tottenham,Everton,H,Tottenham,1.5,16,Total - Home,1.91,1.8,0.48517520,0.51482480,0.48517520,0.00000000,Marathonbet,2.06,1.77,2026-09-11T08:15:48+00:00
TT|1557406|H|2.5,1557406,Premier League,39,2026-09-11T13:43:26Z,2026-09-12T16:30:00Z,1606.6,Tottenham,Everton,H,Tottenham,2.5,16,Total - Home,4.0,1.22,0.23371648,0.76628352,0.23371648,-0.00000000,Marathonbet,4.45,1.19,2026-09-11T08:15:48+00:00
TT|1557406|H|3.5,1557406,Premier League,39,2026-09-11T13:43:26Z,2026-09-12T16:30:00Z,1606.6,Tottenham,Everton,H,Tottenham,3.5,16,Total - Home,11.0,1.05,0.08713693,0.91286307,0.08713693,-0.00000000,Marathonbet,10.75,1.01,2026-09-11T08:15:48+00:00
TT|1557406|H|4.5,1557406,Premier League,39,2026-09-11T13:43:26Z,2026-09-12T16:30:00Z,1606.6,Tottenham,Everton,H,Tottenham,4.5,16,Total - Home,26.0,1.01,0.03739356,0.96260644,0.03739356,-0.00000000,Marathonbet,,,2026-09-11T08:15:48+00:00
TT|1557406|A|0.5,1557406,Premier League,39,2026-09-11T13:43:26Z,2026-09-12T16:30:00Z,1606.6,Tottenham,Everton,A,Everton,0.5,17,Total - Away,1.4,2.75,0.66265060,0.33734940,0.66265060,0.00000000,Marathonbet,1.38,2.8,2026-09-11T08:15:48+00:00
TT|1557406|A|1.5,1557406,Premier League,39,2026-09-11T13:43:26Z,2026-09-12T16:30:00Z,1606.6,Tottenham,Everton,A,Everton,1.5,17,Total - Away,3.0,1.36,0.31192661,0.68807339,0.31192661,-0.00000000,Marathonbet,3.02,1.38,2026-09-11T08:15:48+00:00
TT|1557406|A|2.5,1557406,Premier League,39,2026-09-11T13:43:26Z,2026-09-12T16:30:00Z,1606.6,Tottenham,Everton,A,Everton,2.5,17,Total - Away,9.0,1.07,0.10625621,0.89374379,0.10625621,-0.00000000,Marathonbet,8.3,1.05,2026-09-11T08:15:48+00:00
TT|1557406|A|3.5,1557406,Premier League,39,2026-09-11T13:43:26Z,2026-09-12T16:30:00Z,1606.6,Tottenham,Everton,A,Everton,3.5,17,Total - Away,23.0,1.01,0.04206581,0.95793419,0.04206581,-0.00000000,Marathonbet,,,2026-09-11T08:15:48+00:00
TT|1557405|H|0.5,1557405,Premier League,39,2026-09-11T13:43:26Z,2026-09-12T19:00:00Z,1756.6,Sunderland,Arsenal,H,Sunderland,0.5,16,Total - Home,1.83,1.83,0.50000000,0.50000000,0.50000000,0.00000000,Marathonbet,1.87,1.83,2026-09-11T08:15:48+00:00
TT|1557405|H|1.5,1557405,Premier League,39,2026-09-11T13:43:26Z,2026-09-12T19:00:00Z,1756.6,Sunderland,Arsenal,H,Sunderland,1.5,16,Total - Home,6.0,1.12,0.15730337,0.84269663,0.15730337,0.00000000,Marathonbet,6.15,1.12,2026-09-11T08:15:48+00:00
TT|1557405|H|2.5,1557405,Premier League,39,2026-09-11T13:43:26Z,2026-09-12T19:00:00Z,1756.6,Sunderland,Arsenal,H,Sunderland,2.5,16,Total - Home,21.0,1.01,0.04588823,0.95411177,0.04588823,0.00000000,Marathonbet,,,2026-09-11T08:15:48+00:00
TT|1557405|A|0.5,1557405,Premier League,39,2026-09-11T13:43:26Z,2026-09-12T19:00:00Z,1756.6,Sunderland,Arsenal,A,Arsenal,0.5,17,Total - Away,1.14,5.5,0.82831325,0.17168675,0.82831325,0.00000000,Marathonbet,,,2026-09-11T08:15:48+00:00
TT|1557405|A|1.5,1557405,Premier League,39,2026-09-11T13:43:26Z,2026-09-12T19:00:00Z,1756.6,Sunderland,Arsenal,A,Arsenal,1.5,17,Total - Away,1.67,2.1,0.55702918,0.44297082,0.55702918,-0.00000000,Marathonbet,1.75,2.09,2026-09-11T08:15:48+00:00
TT|1557405|A|2.5,1557405,Premier League,39,2026-09-11T13:43:26Z,2026-09-12T19:00:00Z,1756.6,Sunderland,Arsenal,A,Arsenal,2.5,17,Total - Away,3.25,1.33,0.29039301,0.70960699,0.29039301,0.00000000,Marathonbet,3.3,1.31,2026-09-11T08:15:48+00:00
TT|1557405|A|3.5,1557405,Premier League,39,2026-09-11T13:43:26Z,2026-09-12T19:00:00Z,1756.6,Sunderland,Arsenal,A,Arsenal,3.5,17,Total - Away,7.0,1.1,0.13580247,0.86419753,0.13580247,-0.00000000,Marathonbet,7.2,1.06,2026-09-11T08:15:48+00:00
TT|1557405|A|4.5,1557405,Premier League,39,2026-09-11T13:43:26Z,2026-09-12T19:00:00Z,1756.6,Sunderland,Arsenal,A,Arsenal,4.5,17,Total - Away,17.0,1.02,0.05660377,0.94339623,0.05660377,0.00000000,Marathonbet,,,2026-09-11T08:15:48+00:00
TT|1557400|H|0.5,1557400,Premier League,39,2026-09-11T13:43:26Z,2026-09-13T13:00:00Z,2836.6,Coventry,Brighton,H,Coventry,0.5,16,Total - Home,1.4,2.75,0.66265060,0.33734940,0.66265060,0.00000000,Marathonbet,1.39,2.76,2026-09-11T12:30:44+00:00
TT|1557400|H|1.5,1557400,Premier League,39,2026-09-11T13:43:26Z,2026-09-13T13:00:00Z,2836.6,Coventry,Brighton,H,Coventry,1.5,16,Total - Home,3.0,1.36,0.31192661,0.68807339,0.31192661,-0.00000000,Marathonbet,3.08,1.37,2026-09-11T12:30:44+00:00
TT|1557400|H|2.5,1557400,Premier League,39,2026-09-11T13:43:26Z,2026-09-13T13:00:00Z,2836.6,Coventry,Brighton,H,Coventry,2.5,16,Total - Home,8.0,1.08,0.11894273,0.88105727,0.11894273,0.00000000,Marathonbet,8.4,1.05,2026-09-11T12:30:44+00:00
TT|1557400|H|3.5,1557400,Premier League,39,2026-09-11T13:43:26Z,2026-09-13T13:00:00Z,2836.6,Coventry,Brighton,H,Coventry,3.5,16,Total - Home,23.0,1.01,0.04206581,0.95793419,0.04206581,-0.00000000,Marathonbet,,,2026-09-11T12:30:44+00:00
TT|1557400|A|0.5,1557400,Premier League,39,2026-09-11T13:43:26Z,2026-09-13T13:00:00Z,2836.6,Coventry,Brighton,A,Brighton,0.5,17,Total - Away,1.17,5.0,0.81037277,0.18962723,0.81037277,0.00000000,Marathonbet,,,2026-09-11T12:30:44+00:00
TT|1557400|A|1.5,1557400,Premier League,39,2026-09-11T13:43:26Z,2026-09-13T13:00:00Z,2836.6,Coventry,Brighton,A,Brighton,1.5,17,Total - Away,1.8,1.91,0.51482480,0.48517520,0.51482480,-0.00000000,Marathonbet,1.83,1.99,2026-09-11T12:30:44+00:00
TT|1557400|A|2.5,1557400,Premier League,39,2026-09-11T13:43:26Z,2026-09-13T13:00:00Z,2836.6,Coventry,Brighton,A,Brighton,2.5,17,Total - Away,3.5,1.28,0.26778243,0.73221757,0.26778243,-0.00000000,Marathonbet,3.58,1.27,2026-09-11T12:30:44+00:00
TT|1557400|A|3.5,1557400,Premier League,39,2026-09-11T13:43:26Z,2026-09-13T13:00:00Z,2836.6,Coventry,Brighton,A,Brighton,3.5,17,Total - Away,9.0,1.07,0.10625621,0.89374379,0.10625621,-0.00000000,Marathonbet,8.1,1.04,2026-09-11T12:30:44+00:00
TT|1557400|A|4.5,1557400,Premier League,39,2026-09-11T13:43:26Z,2026-09-13T13:00:00Z,2836.6,Coventry,Brighton,A,Brighton,4.5,17,Total - Away,21.0,1.01,0.04588823,0.95411177,0.04588823,0.00000000,Marathonbet,,,2026-09-11T12:30:44+00:00
TT|1557404|H|0.5,1557404,Premier League,39,2026-09-11T13:43:26Z,2026-09-13T15:30:00Z,2986.6,Manchester United,Manchester City,H,Manchester United,0.5,16,Total - Home,1.25,3.75,0.75000000,0.25000000,0.75000000,0.00000000,Marathonbet,,,2026-09-11T12:30:44+00:00
TT|1557404|H|1.5,1557404,Premier League,39,2026-09-11T13:43:26Z,2026-09-13T15:30:00Z,2986.6,Manchester United,Manchester City,H,Manchester United,1.5,16,Total - Home,2.2,1.62,0.42408377,0.57591623,0.42408377,-0.00000000,Marathonbet,2.2,1.68,2026-09-11T12:30:44+00:00
TT|1557404|H|2.5,1557404,Premier League,39,2026-09-11T13:43:26Z,2026-09-13T15:30:00Z,2986.6,Manchester United,Manchester City,H,Manchester United,2.5,16,Total - Home,5.0,1.17,0.18962723,0.81037277,0.18962723,-0.00000000,Marathonbet,4.8,1.16,2026-09-11T12:30:44+00:00
TT|1557404|H|3.5,1557404,Premier League,39,2026-09-11T13:43:26Z,2026-09-13T15:30:00Z,2986.6,Manchester United,Manchester City,H,Manchester United,3.5,16,Total - Home,13.0,1.04,0.07407407,0.92592593,0.07407407,0.00000000,Marathonbet,10.75,1.01,2026-09-11T12:30:44+00:00
TT|1557404|A|0.5,1557404,Premier League,39,2026-09-11T13:43:26Z,2026-09-13T15:30:00Z,2986.6,Manchester United,Manchester City,A,Manchester City,0.5,17,Total - Away,1.14,5.5,0.82831325,0.17168675,0.82831325,0.00000000,Marathonbet,,,2026-09-11T12:30:44+00:00
TT|1557404|A|1.5,1557404,Premier League,39,2026-09-11T13:43:26Z,2026-09-13T15:30:00Z,2986.6,Manchester United,Manchester City,A,Manchester City,1.5,17,Total - Away,1.73,2.0,0.53619303,0.46380697,0.53619303,-0.00000000,Marathonbet,1.78,2.05,2026-09-11T12:30:44+00:00
TT|1557404|A|2.5,1557404,Premier League,39,2026-09-11T13:43:26Z,2026-09-13T15:30:00Z,2986.6,Manchester United,Manchester City,A,Manchester City,2.5,17,Total - Away,3.4,1.3,0.27659574,0.72340426,0.27659574,0.00000000,Marathonbet,3.3,1.31,2026-09-11T12:30:44+00:00
TT|1557404|A|3.5,1557404,Premier League,39,2026-09-11T13:43:26Z,2026-09-13T15:30:00Z,2986.6,Manchester United,Manchester City,A,Manchester City,3.5,17,Total - Away,8.0,1.08,0.11894273,0.88105727,0.11894273,0.00000000,Marathonbet,7.0,1.06,2026-09-11T12:30:44+00:00
TT|1557404|A|4.5,1557404,Premier League,39,2026-09-11T13:43:26Z,2026-09-13T15:30:00Z,2986.6,Manchester United,Manchester City,A,Manchester City,4.5,17,Total - Away,19.0,1.02,0.05094905,0.94905095,0.05094905,0.00000000,Marathonbet,,,2026-09-11T12:30:44+00:00
TT|1570381|H|0.5,1570381,La Liga,140,2026-09-11T13:43:26Z,2026-09-11T19:00:00Z,316.6,Sevilla,Valencia,H,Sevilla,0.5,16,Total - Home,1.25,3.75,0.75000000,0.25000000,0.75000000,0.00000000,Marathonbet,1.27,3.4,2026-09-11T12:00:44+00:00
TT|1570381|H|1.5,1570381,La Liga,140,2026-09-11T13:43:26Z,2026-09-11T19:00:00Z,316.6,Sevilla,Valencia,H,Sevilla,1.5,16,Total - Home,2.2,1.62,0.42408377,0.57591623,0.42408377,-0.00000000,Marathonbet,2.26,1.65,2026-09-11T12:00:44+00:00
TT|1570381|H|2.5,1570381,La Liga,140,2026-09-11T13:43:26Z,2026-09-11T19:00:00Z,316.6,Sevilla,Valencia,H,Sevilla,2.5,16,Total - Home,5.0,1.17,0.18962723,0.81037277,0.18962723,-0.00000000,Marathonbet,4.95,1.16,2026-09-11T12:00:44+00:00
TT|1570381|H|3.5,1570381,La Liga,140,2026-09-11T13:43:26Z,2026-09-11T19:00:00Z,316.6,Sevilla,Valencia,H,Sevilla,3.5,16,Total - Home,13.0,1.04,0.07407407,0.92592593,0.07407407,0.00000000,Marathonbet,11.0,1.01,2026-09-11T12:00:44+00:00
TT|1570381|A|0.5,1570381,La Liga,140,2026-09-11T13:43:26Z,2026-09-11T19:00:00Z,316.6,Sevilla,Valencia,A,Valencia,0.5,17,Total - Away,1.57,2.25,0.58900524,0.41099476,0.58900524,-0.00000000,Marathonbet,1.57,2.25,2026-09-11T12:00:44+00:00
TT|1570381|A|1.5,1570381,La Liga,140,2026-09-11T13:43:26Z,2026-09-11T19:00:00Z,316.6,Sevilla,Valencia,A,Valencia,1.5,17,Total - Away,4.0,1.22,0.23371648,0.76628352,0.23371648,-0.00000000,Marathonbet,3.92,1.25,2026-09-11T12:00:44+00:00
TT|1570381|A|2.5,1570381,La Liga,140,2026-09-11T13:43:26Z,2026-09-11T19:00:00Z,316.6,Sevilla,Valencia,A,Valencia,2.5,17,Total - Away,13.0,1.04,0.07407407,0.92592593,0.07407407,0.00000000,Marathonbet,11.0,1.02,2026-09-11T12:00:44+00:00
TT|1570378|H|0.5,1570378,La Liga,140,2026-09-11T13:43:26Z,2026-09-12T12:00:00Z,1336.6,Racing Santander,Alaves,H,Racing Santander,0.5,16,Total - Home,1.22,4.0,0.76628352,0.23371648,0.76628352,0.00000000,Marathonbet,1.22,3.82,2026-09-11T09:48:15+00:00
TT|1570378|H|1.5,1570378,La Liga,140,2026-09-11T13:43:26Z,2026-09-12T12:00:00Z,1336.6,Racing Santander,Alaves,H,Racing Santander,1.5,16,Total - Home,2.0,1.73,0.46380697,0.53619303,0.46380697,0.00000000,Marathonbet,2.13,1.73,2026-09-11T09:48:15+00:00
TT|1570378|H|2.5,1570378,La Liga,140,2026-09-11T13:43:26Z,2026-09-12T12:00:00Z,1336.6,Racing Santander,Alaves,H,Racing Santander,2.5,16,Total - Home,4.33,1.2,0.21699819,0.78300181,0.21699819,0.00000000,Marathonbet,4.7,1.17,2026-09-11T09:48:15+00:00
TT|1570378|H|3.5,1570378,La Liga,140,2026-09-11T13:43:26Z,2026-09-12T12:00:00Z,1336.6,Racing Santander,Alaves,H,Racing Santander,3.5,16,Total - Home,11.0,1.05,0.08713693,0.91286307,0.08713693,-0.00000000,Marathonbet,,,2026-09-11T09:48:15+00:00
TT|1570378|H|4.5,1570378,La Liga,140,2026-09-11T13:43:26Z,2026-09-12T12:00:00Z,1336.6,Racing Santander,Alaves,H,Racing Santander,4.5,16,Total - Home,29.0,1.01,0.03365545,0.96634455,0.03365545,-0.00000000,Marathonbet,,,2026-09-11T09:48:15+00:00
TT|1570378|A|0.5,1570378,La Liga,140,2026-09-11T13:43:26Z,2026-09-12T12:00:00Z,1336.6,Racing Santander,Alaves,A,Alaves,0.5,17,Total - Away,1.25,3.75,0.75000000,0.25000000,0.75000000,0.00000000,Marathonbet,1.25,3.55,2026-09-11T09:48:15+00:00
TT|1570378|A|1.5,1570378,La Liga,140,2026-09-11T13:43:26Z,2026-09-12T12:00:00Z,1336.6,Racing Santander,Alaves,A,Alaves,1.5,17,Total - Away,2.25,1.57,0.41099476,0.58900524,0.41099476,0.00000000,Marathonbet,2.36,1.6,2026-09-11T09:48:15+00:00
TT|1570378|A|2.5,1570378,La Liga,140,2026-09-11T13:43:26Z,2026-09-12T12:00:00Z,1336.6,Racing Santander,Alaves,A,Alaves,2.5,17,Total - Away,5.5,1.14,0.17168675,0.82831325,0.17168675,-0.00000000,Marathonbet,5.55,1.13,2026-09-11T09:48:15+00:00
TT|1570378|A|3.5,1570378,La Liga,140,2026-09-11T13:43:26Z,2026-09-12T12:00:00Z,1336.6,Racing Santander,Alaves,A,Alaves,3.5,17,Total - Away,15.0,1.03,0.06425452,0.93574548,0.06425452,0.00000000,Marathonbet,,,2026-09-11T09:48:15+00:00
TT|1570377|H|0.5,1570377,La Liga,140,2026-09-11T13:43:26Z,2026-09-12T14:15:00Z,1471.6,Osasuna,Espanyol,H,Osasuna,0.5,16,Total - Home,1.25,3.75,0.75000000,0.25000000,0.75000000,0.00000000,Marathonbet,1.24,3.64,2026-09-11T09:48:15+00:00
TT|1570377|H|1.5,1570377,La Liga,140,2026-09-11T13:43:26Z,2026-09-12T14:15:00Z,1471.6,Osasuna,Espanyol,H,Osasuna,1.5,16,Total - Home,2.25,1.57,0.41099476,0.58900524,0.41099476,0.00000000,Marathonbet,2.33,1.61,2026-09-11T09:48:15+00:00
TT|1570377|H|2.5,1570377,La Liga,140,2026-09-11T13:43:26Z,2026-09-12T14:15:00Z,1471.6,Osasuna,Espanyol,H,Osasuna,2.5,16,Total - Home,5.5,1.14,0.17168675,0.82831325,0.17168675,-0.00000000,Marathonbet,5.35,1.14,2026-09-11T09:48:15+00:00
TT|1570377|H|3.5,1570377,La Liga,140,2026-09-11T13:43:26Z,2026-09-12T14:15:00Z,1471.6,Osasuna,Espanyol,H,Osasuna,3.5,16,Total - Home,15.0,1.03,0.06425452,0.93574548,0.06425452,0.00000000,Marathonbet,,,2026-09-11T09:48:15+00:00
TT|1570377|A|0.5,1570377,La Liga,140,2026-09-11T13:43:26Z,2026-09-12T14:15:00Z,1471.6,Osasuna,Espanyol,A,Espanyol,0.5,17,Total - Away,1.5,2.5,0.62500000,0.37500000,0.62500000,0.00000000,Marathonbet,1.48,2.46,2026-09-11T09:48:15+00:00
TT|1570377|A|1.5,1570377,La Liga,140,2026-09-11T13:43:26Z,2026-09-12T14:15:00Z,1471.6,Osasuna,Espanyol,A,Espanyol,1.5,17,Total - Away,3.5,1.28,0.26778243,0.73221757,0.26778243,-0.00000000,Marathonbet,3.5,1.3,2026-09-11T09:48:15+00:00
TT|1570377|A|2.5,1570377,La Liga,140,2026-09-11T13:43:26Z,2026-09-12T14:15:00Z,1471.6,Osasuna,Espanyol,A,Espanyol,2.5,17,Total - Away,10.0,1.06,0.09584087,0.90415913,0.09584087,-0.00000000,Marathonbet,10.5,1.02,2026-09-11T09:48:15+00:00
TT|1570377|A|3.5,1570377,La Liga,140,2026-09-11T13:43:26Z,2026-09-12T14:15:00Z,1471.6,Osasuna,Espanyol,A,Espanyol,3.5,17,Total - Away,29.0,1.01,0.03365545,0.96634455,0.03365545,-0.00000000,Marathonbet,,,2026-09-11T09:48:15+00:00
TT|1570373|H|0.5,1570373,La Liga,140,2026-09-11T13:43:26Z,2026-09-12T16:30:00Z,1606.6,Athletic Club,Elche,H,Athletic Club,0.5,16,Total - Home,1.08,8.0,0.88105727,0.11894273,0.88105727,-0.00000000,Marathonbet,,,2026-09-11T09:48:15+00:00
TT|1570373|H|1.5,1570373,La Liga,140,2026-09-11T13:43:26Z,2026-09-12T16:30:00Z,1606.6,Athletic Club,Elche,H,Athletic Club,1.5,16,Total - Home,1.5,2.5,0.62500000,0.37500000,0.62500000,0.00000000,Marathonbet,1.51,2.54,2026-09-11T09:48:15+00:00
TT|1570373|H|2.5,1570373,La Liga,140,2026-09-11T13:43:26Z,2026-09-12T16:30:00Z,1606.6,Athletic Club,Elche,H,Athletic Club,2.5,16,Total - Home,2.5,1.5,0.37500000,0.62500000,0.37500000,0.00000000,Marathonbet,2.54,1.51,2026-09-11T09:48:15+00:00
TT|1570373|H|3.5,1570373,La Liga,140,2026-09-11T13:43:26Z,2026-09-12T16:30:00Z,1606.6,Athletic Club,Elche,H,Athletic Club,3.5,16,Total - Home,5.0,1.17,0.18962723,0.81037277,0.18962723,-0.00000000,Marathonbet,5.05,1.14,2026-09-11T09:48:15+00:00
TT|1570373|H|4.5,1570373,La Liga,140,2026-09-11T13:43:26Z,2026-09-12T16:30:00Z,1606.6,Athletic Club,Elche,H,Athletic Club,4.5,16,Total - Home,11.0,1.05,0.08713693,0.91286307,0.08713693,-0.00000000,Marathonbet,,,2026-09-11T09:48:15+00:00
TT|1570373|H|5.5,1570373,La Liga,140,2026-09-11T13:43:26Z,2026-09-12T16:30:00Z,1606.6,Athletic Club,Elche,H,Athletic Club,5.5,16,Total - Home,26.0,1.01,0.03739356,0.96260644,0.03739356,-0.00000000,Marathonbet,,,2026-09-11T09:48:15+00:00
TT|1570373|A|0.5,1570373,La Liga,140,2026-09-11T13:43:26Z,2026-09-12T16:30:00Z,1606.6,Athletic Club,Elche,A,Elche,0.5,17,Total - Away,1.73,2.0,0.53619303,0.46380697,0.53619303,-0.00000000,Marathonbet,1.69,2.04,2026-09-11T09:48:15+00:00
TT|1570373|A|1.5,1570373,La Liga,140,2026-09-11T13:43:26Z,2026-09-12T16:30:00Z,1606.6,Athletic Club,Elche,A,Elche,1.5,17,Total - Away,4.5,1.18,0.20774648,0.79225352,0.20774648,-0.00000000,Marathonbet,4.75,1.18,2026-09-11T09:48:15+00:00
TT|1570373|A|2.5,1570373,La Liga,140,2026-09-11T13:43:26Z,2026-09-12T16:30:00Z,1606.6,Athletic Club,Elche,A,Elche,2.5,17,Total - Away,17.0,1.02,0.05660377,0.94339623,0.05660377,0.00000000,Marathonbet,,,2026-09-11T09:48:15+00:00
TT|1570379|H|0.5,1570379,La Liga,140,2026-09-11T13:43:26Z,2026-09-12T19:00:00Z,1756.6,Real Madrid,Rayo Vallecano,H,Real Madrid,0.5,16,Total - Home,1.02,19.0,0.94905095,0.05094905,0.94905095,-0.00000000,Marathonbet,,,2026-09-11T09:48:15+00:00
TT|1570379|H|1.5,1570379,La Liga,140,2026-09-11T13:43:26Z,2026-09-12T19:00:00Z,1756.6,Real Madrid,Rayo Vallecano,H,Real Madrid,1.5,16,Total - Home,1.14,5.5,0.82831325,0.17168675,0.82831325,0.00000000,Marathonbet,1.13,5.3,2026-09-11T09:48:15+00:00
TT|1570379|H|2.5,1570379,La Liga,140,2026-09-11T13:43:26Z,2026-09-12T19:00:00Z,1756.6,Real Madrid,Rayo Vallecano,H,Real Madrid,2.5,16,Total - Home,1.44,2.62,0.64532020,0.35467980,0.64532020,-0.00000000,Marathonbet,1.5,2.57,2026-09-11T09:48:15+00:00
TT|1570379|H|3.5,1570379,La Liga,140,2026-09-11T13:43:26Z,2026-09-12T19:00:00Z,1756.6,Real Madrid,Rayo Vallecano,H,Real Madrid,3.5,16,Total - Home,2.2,1.62,0.42408377,0.57591623,0.42408377,-0.00000000,Marathonbet,2.23,1.65,2026-09-11T09:48:15+00:00
TT|1570379|H|4.5,1570379,La Liga,140,2026-09-11T13:43:26Z,2026-09-12T19:00:00Z,1756.6,Real Madrid,Rayo Vallecano,H,Real Madrid,4.5,16,Total - Home,3.75,1.25,0.25000000,0.75000000,0.25000000,0.00000000,Marathonbet,3.88,1.22,2026-09-11T09:48:15+00:00
TT|1570379|H|5.5,1570379,La Liga,140,2026-09-11T13:43:26Z,2026-09-12T19:00:00Z,1756.6,Real Madrid,Rayo Vallecano,H,Real Madrid,5.5,16,Total - Home,7.0,1.1,0.13580247,0.86419753,0.13580247,-0.00000000,Marathonbet,,,2026-09-11T09:48:15+00:00
TT|1570379|H|6.5,1570379,La Liga,140,2026-09-11T13:43:26Z,2026-09-12T19:00:00Z,1756.6,Real Madrid,Rayo Vallecano,H,Real Madrid,6.5,16,Total - Home,15.0,1.03,0.06425452,0.93574548,0.06425452,0.00000000,Marathonbet,,,2026-09-11T09:48:15+00:00
TT|1570379|H|7.5,1570379,La Liga,140,2026-09-11T13:43:26Z,2026-09-12T19:00:00Z,1756.6,Real Madrid,Rayo Vallecano,H,Real Madrid,7.5,16,Total - Home,29.0,1.01,0.03365545,0.96634455,0.03365545,-0.00000000,Marathonbet,,,2026-09-11T09:48:15+00:00
TT|1570379|A|0.5,1570379,La Liga,140,2026-09-11T13:43:26Z,2026-09-12T19:00:00Z,1756.6,Real Madrid,Rayo Vallecano,A,Rayo Vallecano,0.5,17,Total - Away,1.83,1.83,0.50000000,0.50000000,0.50000000,0.00000000,Marathonbet,1.87,1.83,2026-09-11T09:48:15+00:00
TT|1570379|A|1.5,1570379,La Liga,140,2026-09-11T13:43:26Z,2026-09-12T19:00:00Z,1756.6,Real Madrid,Rayo Vallecano,A,Rayo Vallecano,1.5,17,Total - Away,6.0,1.12,0.15730337,0.84269663,0.15730337,0.00000000,Marathonbet,6.15,1.12,2026-09-11T09:48:15+00:00
TT|1570379|A|2.5,1570379,La Liga,140,2026-09-11T13:43:26Z,2026-09-12T19:00:00Z,1756.6,Real Madrid,Rayo Vallecano,A,Rayo Vallecano,2.5,17,Total - Away,21.0,1.01,0.04588823,0.95411177,0.04588823,0.00000000,Marathonbet,,,2026-09-11T09:48:15+00:00
TT|1570374|H|0.5,1570374,La Liga,140,2026-09-11T13:43:26Z,2026-09-13T12:00:00Z,2776.6,Celta Vigo,Malaga,H,Celta Vigo,0.5,16,Total - Home,1.18,4.5,0.79225352,0.20774648,0.79225352,0.00000000,Marathonbet,,,2026-09-11T12:30:44+00:00
TT|1570374|H|1.5,1570374,La Liga,140,2026-09-11T13:43:26Z,2026-09-13T12:00:00Z,2776.6,Celta Vigo,Malaga,H,Celta Vigo,1.5,16,Total - Home,1.83,1.83,0.50000000,0.50000000,0.50000000,0.00000000,Marathonbet,1.93,1.88,2026-09-11T12:30:44+00:00
TT|1570374|H|2.5,1570374,La Liga,140,2026-09-11T13:43:26Z,2026-09-13T12:00:00Z,2776.6,Celta Vigo,Malaga,H,Celta Vigo,2.5,16,Total - Home,3.75,1.25,0.25000000,0.75000000,0.25000000,0.00000000,Marathonbet,3.75,1.25,2026-09-11T12:30:44+00:00
TT|1570374|H|3.5,1570374,La Liga,140,2026-09-11T13:43:26Z,2026-09-13T12:00:00Z,2776.6,Celta Vigo,Malaga,H,Celta Vigo,3.5,16,Total - Home,10.0,1.06,0.09584087,0.90415913,0.09584087,-0.00000000,Marathonbet,8.1,1.04,2026-09-11T12:30:44+00:00
TT|1570374|H|4.5,1570374,La Liga,140,2026-09-11T13:43:26Z,2026-09-13T12:00:00Z,2776.6,Celta Vigo,Malaga,H,Celta Vigo,4.5,16,Total - Home,23.0,1.01,0.04206581,0.95793419,0.04206581,-0.00000000,Marathonbet,,,2026-09-11T12:30:44+00:00
TT|1570374|A|0.5,1570374,La Liga,140,2026-09-11T13:43:26Z,2026-09-13T12:00:00Z,2776.6,Celta Vigo,Malaga,A,Malaga,0.5,17,Total - Away,1.67,2.1,0.55702918,0.44297082,0.55702918,-0.00000000,Marathonbet,1.63,2.14,2026-09-11T12:30:44+00:00
TT|1570374|A|1.5,1570374,La Liga,140,2026-09-11T13:43:26Z,2026-09-13T12:00:00Z,2776.6,Celta Vigo,Malaga,A,Malaga,1.5,17,Total - Away,4.33,1.2,0.21699819,0.78300181,0.21699819,0.00000000,Marathonbet,4.25,1.22,2026-09-11T12:30:44+00:00
TT|1570374|A|2.5,1570374,La Liga,140,2026-09-11T13:43:26Z,2026-09-13T12:00:00Z,2776.6,Celta Vigo,Malaga,A,Malaga,2.5,17,Total - Away,15.0,1.03,0.06425452,0.93574548,0.06425452,0.00000000,Marathonbet,12.0,1.01,2026-09-11T12:30:44+00:00
TT|1570376|H|0.5,1570376,La Liga,140,2026-09-11T13:43:26Z,2026-09-13T14:15:00Z,2911.6,Levante,Barcelona,H,Levante,0.5,16,Total - Home,1.73,2.0,0.53619303,0.46380697,0.53619303,-0.00000000,Marathonbet,1.7,2.03,2026-09-11T09:48:15+00:00
TT|1570376|H|1.5,1570376,La Liga,140,2026-09-11T13:43:26Z,2026-09-13T14:15:00Z,2911.6,Levante,Barcelona,H,Levante,1.5,16,Total - Home,5.0,1.17,0.18962723,0.81037277,0.18962723,-0.00000000,Marathonbet,4.9,1.17,2026-09-11T09:48:15+00:00
TT|1570376|H|2.5,1570376,La Liga,140,2026-09-11T13:43:26Z,2026-09-13T14:15:00Z,2911.6,Levante,Barcelona,H,Levante,2.5,16,Total - Home,17.0,1.02,0.05660377,0.94339623,0.05660377,0.00000000,Marathonbet,,,2026-09-11T09:48:15+00:00
TT|1570376|A|0.5,1570376,La Liga,140,2026-09-11T13:43:26Z,2026-09-13T14:15:00Z,2911.6,Levante,Barcelona,A,Barcelona,0.5,17,Total - Away,1.02,19.0,0.94905095,0.05094905,0.94905095,-0.00000000,Marathonbet,,,2026-09-11T09:48:15+00:00
TT|1570376|A|1.5,1570376,La Liga,140,2026-09-11T13:43:26Z,2026-09-13T14:15:00Z,2911.6,Levante,Barcelona,A,Barcelona,1.5,17,Total - Away,1.14,5.5,0.82831325,0.17168675,0.82831325,0.00000000,Marathonbet,1.13,5.25,2026-09-11T09:48:15+00:00
TT|1570376|A|2.5,1570376,La Liga,140,2026-09-11T13:43:26Z,2026-09-13T14:15:00Z,2911.6,Levante,Barcelona,A,Barcelona,2.5,17,Total - Away,1.5,2.5,0.62500000,0.37500000,0.62500000,0.00000000,Marathonbet,1.54,2.46,2026-09-11T09:48:15+00:00
TT|1570376|A|3.5,1570376,La Liga,140,2026-09-11T13:43:26Z,2026-09-13T14:15:00Z,2911.6,Levante,Barcelona,A,Barcelona,3.5,17,Total - Away,2.25,1.57,0.41099476,0.58900524,0.41099476,0.00000000,Marathonbet,2.38,1.58,2026-09-11T09:48:15+00:00
TT|1570376|A|4.5,1570376,La Liga,140,2026-09-11T13:43:26Z,2026-09-13T14:15:00Z,2911.6,Levante,Barcelona,A,Barcelona,4.5,17,Total - Away,4.0,1.22,0.23371648,0.76628352,0.23371648,-0.00000000,Marathonbet,3.98,1.21,2026-09-11T09:48:15+00:00
TT|1570376|A|5.5,1570376,La Liga,140,2026-09-11T13:43:26Z,2026-09-13T14:15:00Z,2911.6,Levante,Barcelona,A,Barcelona,5.5,17,Total - Away,8.0,1.08,0.11894273,0.88105727,0.11894273,0.00000000,Marathonbet,,,2026-09-11T09:48:15+00:00
TT|1570376|A|6.5,1570376,La Liga,140,2026-09-11T13:43:26Z,2026-09-13T14:15:00Z,2911.6,Levante,Barcelona,A,Barcelona,6.5,17,Total - Away,17.0,1.02,0.05660377,0.94339623,0.05660377,0.00000000,Marathonbet,,,2026-09-11T09:48:15+00:00
TT|1570376|A|7.5,1570376,La Liga,140,2026-09-11T13:43:26Z,2026-09-13T14:15:00Z,2911.6,Levante,Barcelona,A,Barcelona,7.5,17,Total - Away,29.0,1.01,0.03365545,0.96634455,0.03365545,-0.00000000,Marathonbet,,,2026-09-11T09:48:15+00:00
TT|1570375|H|0.5,1570375,La Liga,140,2026-09-11T13:43:26Z,2026-09-13T16:30:00Z,3046.6,Getafe,Deportivo La Coruna,H,Getafe,0.5,16,Total - Home,1.44,2.62,0.64532020,0.35467980,0.64532020,-0.00000000,Marathonbet,1.43,2.62,2026-09-11T12:30:44+00:00
TT|1570375|H|1.5,1570375,La Liga,140,2026-09-11T13:43:26Z,2026-09-13T16:30:00Z,3046.6,Getafe,Deportivo La Coruna,H,Getafe,1.5,16,Total - Home,3.25,1.33,0.29039301,0.70960699,0.29039301,0.00000000,Marathonbet,3.3,1.33,2026-09-11T12:30:44+00:00
TT|1570375|H|2.5,1570375,La Liga,140,2026-09-11T13:43:26Z,2026-09-13T16:30:00Z,3046.6,Getafe,Deportivo La Coruna,H,Getafe,2.5,16,Total - Home,10.0,1.06,0.09584087,0.90415913,0.09584087,-0.00000000,Marathonbet,9.2,1.04,2026-09-11T12:30:44+00:00
TT|1570375|H|3.5,1570375,La Liga,140,2026-09-11T13:43:26Z,2026-09-13T16:30:00Z,3046.6,Getafe,Deportivo La Coruna,H,Getafe,3.5,16,Total - Home,26.0,1.01,0.03739356,0.96260644,0.03739356,-0.00000000,Marathonbet,,,2026-09-11T12:30:44+00:00
TT|1570375|A|0.5,1570375,La Liga,140,2026-09-11T13:43:26Z,2026-09-13T16:30:00Z,3046.6,Getafe,Deportivo La Coruna,A,Deportivo La Coruna,0.5,17,Total - Away,1.62,2.2,0.57591623,0.42408377,0.57591623,0.00000000,Marathonbet,1.62,2.16,2026-09-11T12:30:44+00:00
TT|1570375|A|1.5,1570375,La Liga,140,2026-09-11T13:43:26Z,2026-09-13T16:30:00Z,3046.6,Getafe,Deportivo La Coruna,A,Deportivo La Coruna,1.5,17,Total - Away,4.33,1.2,0.21699819,0.78300181,0.21699819,0.00000000,Marathonbet,4.4,1.21,2026-09-11T12:30:44+00:00
TT|1570375|A|2.5,1570375,La Liga,140,2026-09-11T13:43:26Z,2026-09-13T16:30:00Z,3046.6,Getafe,Deportivo La Coruna,A,Deportivo La Coruna,2.5,17,Total - Away,15.0,1.03,0.06425452,0.93574548,0.06425452,0.00000000,Marathonbet,,,2026-09-11T12:30:44+00:00
TT|1570380|H|0.5,1570380,La Liga,140,2026-09-11T13:43:26Z,2026-09-13T19:00:00Z,3196.6,Real Sociedad,Atletico Madrid,H,Real Sociedad,0.5,16,Total - Home,1.25,3.75,0.75000000,0.25000000,0.75000000,0.00000000,Marathonbet,1.23,3.72,2026-09-11T12:30:44+00:00
TT|1570380|H|1.5,1570380,La Liga,140,2026-09-11T13:43:26Z,2026-09-13T19:00:00Z,3196.6,Real Sociedad,Atletico Madrid,H,Real Sociedad,1.5,16,Total - Home,2.2,1.62,0.42408377,0.57591623,0.42408377,-0.00000000,Marathonbet,2.29,1.63,2026-09-11T12:30:44+00:00
TT|1570380|H|2.5,1570380,La Liga,140,2026-09-11T13:43:26Z,2026-09-13T19:00:00Z,3196.6,Real Sociedad,Atletico Madrid,H,Real Sociedad,2.5,16,Total - Home,5.0,1.17,0.18962723,0.81037277,0.18962723,-0.00000000,Marathonbet,5.25,1.14,2026-09-11T12:30:44+00:00
TT|1570380|H|3.5,1570380,La Liga,140,2026-09-11T13:43:26Z,2026-09-13T19:00:00Z,3196.6,Real Sociedad,Atletico Madrid,H,Real Sociedad,3.5,16,Total - Home,15.0,1.03,0.06425452,0.93574548,0.06425452,0.00000000,Marathonbet,,,2026-09-11T12:30:44+00:00
TT|1570380|A|0.5,1570380,La Liga,140,2026-09-11T13:43:26Z,2026-09-13T19:00:00Z,3196.6,Real Sociedad,Atletico Madrid,A,Atletico Madrid,0.5,17,Total - Away,1.2,4.33,0.78300181,0.21699819,0.78300181,-0.00000000,Marathonbet,,,2026-09-11T12:30:44+00:00
TT|1570380|A|1.5,1570380,La Liga,140,2026-09-11T13:43:26Z,2026-09-13T19:00:00Z,3196.6,Real Sociedad,Atletico Madrid,A,Atletico Madrid,1.5,17,Total - Away,2.0,1.73,0.46380697,0.53619303,0.46380697,0.00000000,Marathonbet,2.05,1.78,2026-09-11T12:30:44+00:00
TT|1570380|A|2.5,1570380,La Liga,140,2026-09-11T13:43:26Z,2026-09-13T19:00:00Z,3196.6,Real Sociedad,Atletico Madrid,A,Atletico Madrid,2.5,17,Total - Away,4.33,1.2,0.21699819,0.78300181,0.21699819,0.00000000,Marathonbet,4.35,1.2,2026-09-11T12:30:44+00:00
TT|1570380|A|3.5,1570380,La Liga,140,2026-09-11T13:43:26Z,2026-09-13T19:00:00Z,3196.6,Real Sociedad,Atletico Madrid,A,Atletico Madrid,3.5,17,Total - Away,11.0,1.05,0.08713693,0.91286307,0.08713693,-0.00000000,Marathonbet,10.5,1.01,2026-09-11T12:30:44+00:00
TT|1570380|A|4.5,1570380,La Liga,140,2026-09-11T13:43:26Z,2026-09-13T19:00:00Z,3196.6,Real Sociedad,Atletico Madrid,A,Atletico Madrid,4.5,17,Total - Away,26.0,1.01,0.03739356,0.96260644,0.03739356,-0.00000000,Marathonbet,,,2026-09-11T12:30:44+00:00
TT|1550126|H|0.5,1550126,Serie A,135,2026-09-11T13:43:26Z,2026-09-11T18:45:00Z,301.6,Venezia,Fiorentina,H,Venezia,0.5,16,Total - Home,1.3,3.4,0.72340426,0.27659574,0.72340426,-0.00000000,Marathonbet,1.25,3.55,2026-09-11T09:01:15+00:00
TT|1550126|H|1.5,1550126,Serie A,135,2026-09-11T13:43:26Z,2026-09-11T18:45:00Z,301.6,Venezia,Fiorentina,H,Venezia,1.5,16,Total - Home,2.5,1.5,0.37500000,0.62500000,0.37500000,0.00000000,Marathonbet,2.33,1.61,2026-09-11T09:01:15+00:00
TT|1550126|H|2.5,1550126,Serie A,135,2026-09-11T13:43:26Z,2026-09-11T18:45:00Z,301.6,Venezia,Fiorentina,H,Venezia,2.5,16,Total - Home,6.0,1.12,0.15730337,0.84269663,0.15730337,0.00000000,Marathonbet,5.4,1.13,2026-09-11T09:01:15+00:00
TT|1550126|H|3.5,1550126,Serie A,135,2026-09-11T13:43:26Z,2026-09-11T18:45:00Z,301.6,Venezia,Fiorentina,H,Venezia,3.5,16,Total - Home,17.0,1.02,0.05660377,0.94339623,0.05660377,0.00000000,Marathonbet,,,2026-09-11T09:01:15+00:00
TT|1550126|A|0.5,1550126,Serie A,135,2026-09-11T13:43:26Z,2026-09-11T18:45:00Z,301.6,Venezia,Fiorentina,A,Fiorentina,0.5,17,Total - Away,1.22,4.0,0.76628352,0.23371648,0.76628352,0.00000000,Marathonbet,1.22,3.82,2026-09-11T09:01:15+00:00
TT|1550126|A|1.5,1550126,Serie A,135,2026-09-11T13:43:26Z,2026-09-11T18:45:00Z,301.6,Venezia,Fiorentina,A,Fiorentina,1.5,17,Total - Away,2.1,1.67,0.44297082,0.55702918,0.44297082,0.00000000,Marathonbet,2.19,1.69,2026-09-11T09:01:15+00:00
TT|1550126|A|2.5,1550126,Serie A,135,2026-09-11T13:43:26Z,2026-09-11T18:45:00Z,301.6,Venezia,Fiorentina,A,Fiorentina,2.5,17,Total - Away,4.5,1.18,0.20774648,0.79225352,0.20774648,-0.00000000,Marathonbet,4.85,1.16,2026-09-11T09:01:15+00:00
TT|1550126|A|3.5,1550126,Serie A,135,2026-09-11T13:43:26Z,2026-09-11T18:45:00Z,301.6,Venezia,Fiorentina,A,Fiorentina,3.5,17,Total - Away,13.0,1.04,0.07407407,0.92592593,0.07407407,0.00000000,Marathonbet,12.0,1.01,2026-09-11T09:01:15+00:00
TT|1550126|A|4.5,1550126,Serie A,135,2026-09-11T13:43:26Z,2026-09-11T18:45:00Z,301.6,Venezia,Fiorentina,A,Fiorentina,4.5,17,Total - Away,29.0,1.01,0.03365545,0.96634455,0.03365545,-0.00000000,Marathonbet,,,2026-09-11T09:01:15+00:00
TT|1550119|H|0.5,1550119,Serie A,135,2026-09-11T13:43:26Z,2026-09-12T13:00:00Z,1396.6,Genoa,Frosinone,H,Genoa,0.5,16,Total - Home,1.2,4.33,0.78300181,0.21699819,0.78300181,-0.00000000,Marathonbet,,,2026-09-11T13:09:15+00:00
TT|1550119|H|1.5,1550119,Serie A,135,2026-09-11T13:43:26Z,2026-09-12T13:00:00Z,1396.6,Genoa,Frosinone,H,Genoa,1.5,16,Total - Home,2.0,1.73,0.46380697,0.53619303,0.46380697,0.00000000,Marathonbet,2.07,1.76,2026-09-11T13:09:15+00:00
TT|1550119|H|2.5,1550119,Serie A,135,2026-09-11T13:43:26Z,2026-09-12T13:00:00Z,1396.6,Genoa,Frosinone,H,Genoa,2.5,16,Total - Home,4.33,1.2,0.21699819,0.78300181,0.21699819,0.00000000,Marathonbet,4.3,1.2,2026-09-11T13:09:15+00:00
TT|1550119|H|3.5,1550119,Serie A,135,2026-09-11T13:43:26Z,2026-09-12T13:00:00Z,1396.6,Genoa,Frosinone,H,Genoa,3.5,16,Total - Home,11.0,1.05,0.08713693,0.91286307,0.08713693,-0.00000000,Marathonbet,9.2,1.02,2026-09-11T13:09:15+00:00
TT|1550119|H|4.5,1550119,Serie A,135,2026-09-11T13:43:26Z,2026-09-12T13:00:00Z,1396.6,Genoa,Frosinone,H,Genoa,4.5,16,Total - Home,26.0,1.01,0.03739356,0.96260644,0.03739356,-0.00000000,Marathonbet,,,2026-09-11T13:09:15+00:00
TT|1550119|A|0.5,1550119,Serie A,135,2026-09-11T13:43:26Z,2026-09-12T13:00:00Z,1396.6,Genoa,Frosinone,A,Frosinone,0.5,17,Total - Away,1.4,2.75,0.66265060,0.33734940,0.66265060,0.00000000,Marathonbet,1.38,2.8,2026-09-11T13:09:15+00:00
TT|1550119|A|1.5,1550119,Serie A,135,2026-09-11T13:43:26Z,2026-09-12T13:00:00Z,1396.6,Genoa,Frosinone,A,Frosinone,1.5,17,Total - Away,3.0,1.36,0.31192661,0.68807339,0.31192661,-0.00000000,Marathonbet,2.92,1.4,2026-09-11T13:09:15+00:00
TT|1550119|A|2.5,1550119,Serie A,135,2026-09-11T13:43:26Z,2026-09-12T13:00:00Z,1396.6,Genoa,Frosinone,A,Frosinone,2.5,17,Total - Away,8.0,1.08,0.11894273,0.88105727,0.11894273,0.00000000,Marathonbet,7.2,1.07,2026-09-11T13:09:15+00:00
TT|1550119|A|3.5,1550119,Serie A,135,2026-09-11T13:43:26Z,2026-09-12T13:00:00Z,1396.6,Genoa,Frosinone,A,Frosinone,3.5,17,Total - Away,23.0,1.01,0.04206581,0.95793419,0.04206581,-0.00000000,Marathonbet,,,2026-09-11T13:09:15+00:00
TT|1550121|H|0.5,1550121,Serie A,135,2026-09-11T13:43:26Z,2026-09-12T16:00:00Z,1576.6,Lazio,AC Milan,H,Lazio,0.5,16,Total - Home,1.44,2.62,0.64532020,0.35467980,0.64532020,-0.00000000,Marathonbet,1.44,2.57,2026-09-11T09:01:15+00:00
TT|1550121|H|1.5,1550121,Serie A,135,2026-09-11T13:43:26Z,2026-09-12T16:00:00Z,1576.6,Lazio,AC Milan,H,Lazio,1.5,16,Total - Home,3.4,1.3,0.27659574,0.72340426,0.27659574,0.00000000,Marathonbet,3.28,1.33,2026-09-11T09:01:15+00:00
TT|1550121|H|2.5,1550121,Serie A,135,2026-09-11T13:43:26Z,2026-09-12T16:00:00Z,1576.6,Lazio,AC Milan,H,Lazio,2.5,16,Total - Home,10.0,1.06,0.09584087,0.90415913,0.09584087,-0.00000000,Marathonbet,8.5,1.05,2026-09-11T09:01:15+00:00
TT|1550121|H|3.5,1550121,Serie A,135,2026-09-11T13:43:26Z,2026-09-12T16:00:00Z,1576.6,Lazio,AC Milan,H,Lazio,3.5,16,Total - Home,26.0,1.01,0.03739356,0.96260644,0.03739356,-0.00000000,Marathonbet,,,2026-09-11T09:01:15+00:00
TT|1550121|A|0.5,1550121,Serie A,135,2026-09-11T13:43:26Z,2026-09-12T16:00:00Z,1576.6,Lazio,AC Milan,A,AC Milan,0.5,17,Total - Away,1.28,3.5,0.73221757,0.26778243,0.73221757,0.00000000,Marathonbet,1.29,3.26,2026-09-11T09:01:15+00:00
TT|1550121|A|1.5,1550121,Serie A,135,2026-09-11T13:43:26Z,2026-09-12T16:00:00Z,1576.6,Lazio,AC Milan,A,AC Milan,1.5,17,Total - Away,2.38,1.53,0.39130435,0.60869565,0.39130435,-0.00000000,Marathonbet,2.48,1.53,2026-09-11T09:01:15+00:00
TT|1550121|A|2.5,1550121,Serie A,135,2026-09-11T13:43:26Z,2026-09-12T16:00:00Z,1576.6,Lazio,AC Milan,A,AC Milan,2.5,17,Total - Away,6.0,1.12,0.15730337,0.84269663,0.15730337,0.00000000,Marathonbet,5.7,1.11,2026-09-11T09:01:15+00:00
TT|1550121|A|3.5,1550121,Serie A,135,2026-09-11T13:43:26Z,2026-09-12T16:00:00Z,1576.6,Lazio,AC Milan,A,AC Milan,3.5,17,Total - Away,17.0,1.02,0.05660377,0.94339623,0.05660377,0.00000000,Marathonbet,,,2026-09-11T09:01:15+00:00
TT|1550117|H|0.5,1550117,Serie A,135,2026-09-11T13:43:26Z,2026-09-12T18:45:00Z,1741.6,Atalanta,Cagliari,H,Atalanta,0.5,16,Total - Home,1.14,5.5,0.82831325,0.17168675,0.82831325,0.00000000,Marathonbet,,,2026-09-11T13:09:15+00:00
TT|1550117|H|1.5,1550117,Serie A,135,2026-09-11T13:43:26Z,2026-09-12T18:45:00Z,1741.6,Atalanta,Cagliari,H,Atalanta,1.5,16,Total - Home,1.73,2.0,0.53619303,0.46380697,0.53619303,-0.00000000,Marathonbet,1.75,2.09,2026-09-11T13:09:15+00:00
TT|1550117|H|2.5,1550117,Serie A,135,2026-09-11T13:43:26Z,2026-09-12T18:45:00Z,1741.6,Atalanta,Cagliari,H,Atalanta,2.5,16,Total - Home,3.4,1.3,0.27659574,0.72340426,0.27659574,0.00000000,Marathonbet,3.28,1.31,2026-09-11T13:09:15+00:00
TT|1550117|H|3.5,1550117,Serie A,135,2026-09-11T13:43:26Z,2026-09-12T18:45:00Z,1741.6,Atalanta,Cagliari,H,Atalanta,3.5,16,Total - Home,8.0,1.08,0.11894273,0.88105727,0.11894273,0.00000000,Marathonbet,7.2,1.06,2026-09-11T13:09:15+00:00
TT|1550117|H|4.5,1550117,Serie A,135,2026-09-11T13:43:26Z,2026-09-12T18:45:00Z,1741.6,Atalanta,Cagliari,H,Atalanta,4.5,16,Total - Home,19.0,1.02,0.05094905,0.94905095,0.05094905,0.00000000,Marathonbet,,,2026-09-11T13:09:15+00:00
TT|1550117|A|0.5,1550117,Serie A,135,2026-09-11T13:43:26Z,2026-09-12T18:45:00Z,1741.6,Atalanta,Cagliari,A,Cagliari,0.5,17,Total - Away,1.67,2.1,0.55702918,0.44297082,0.55702918,-0.00000000,Marathonbet,1.66,2.09,2026-09-11T13:09:15+00:00
TT|1550117|A|1.5,1550117,Serie A,135,2026-09-11T13:43:26Z,2026-09-12T18:45:00Z,1741.6,Atalanta,Cagliari,A,Cagliari,1.5,17,Total - Away,4.33,1.2,0.21699819,0.78300181,0.21699819,0.00000000,Marathonbet,4.65,1.19,2026-09-11T13:09:15+00:00
TT|1550117|A|2.5,1550117,Serie A,135,2026-09-11T13:43:26Z,2026-09-12T18:45:00Z,1741.6,Atalanta,Cagliari,A,Cagliari,2.5,17,Total - Away,15.0,1.03,0.06425452,0.93574548,0.06425452,0.00000000,Marathonbet,,,2026-09-11T13:09:15+00:00
TT|1550122|H|0.5,1550122,Serie A,135,2026-09-11T13:43:26Z,2026-09-13T13:00:00Z,2836.6,Lecce,Monza,H,Lecce,0.5,16,Total - Home,1.36,3.0,0.68807339,0.31192661,0.68807339,0.00000000,Marathonbet,1.34,2.98,2026-09-11T12:30:44+00:00
TT|1550122|H|1.5,1550122,Serie A,135,2026-09-11T13:43:26Z,2026-09-13T13:00:00Z,2836.6,Lecce,Monza,H,Lecce,1.5,16,Total - Home,2.75,1.4,0.33734940,0.66265060,0.33734940,-0.00000000,Marathonbet,2.76,1.44,2026-09-11T12:30:44+00:00
TT|1550122|H|2.5,1550122,Serie A,135,2026-09-11T13:43:26Z,2026-09-13T13:00:00Z,2836.6,Lecce,Monza,H,Lecce,2.5,16,Total - Home,7.0,1.1,0.13580247,0.86419753,0.13580247,-0.00000000,Marathonbet,7.2,1.07,2026-09-11T12:30:44+00:00
TT|1550122|H|3.5,1550122,Serie A,135,2026-09-11T13:43:26Z,2026-09-13T13:00:00Z,2836.6,Lecce,Monza,H,Lecce,3.5,16,Total - Home,21.0,1.01,0.04588823,0.95411177,0.04588823,0.00000000,Marathonbet,,,2026-09-11T12:30:44+00:00
TT|1550122|A|0.5,1550122,Serie A,135,2026-09-11T13:43:26Z,2026-09-13T13:00:00Z,2836.6,Lecce,Monza,A,Monza,0.5,17,Total - Away,1.36,3.0,0.68807339,0.31192661,0.68807339,0.00000000,Marathonbet,1.36,2.89,2026-09-11T12:30:44+00:00
TT|1550122|A|1.5,1550122,Serie A,135,2026-09-11T13:43:26Z,2026-09-13T13:00:00Z,2836.6,Lecce,Monza,A,Monza,1.5,17,Total - Away,2.75,1.4,0.33734940,0.66265060,0.33734940,-0.00000000,Marathonbet,2.92,1.4,2026-09-11T12:30:44+00:00
TT|1550122|A|2.5,1550122,Serie A,135,2026-09-11T13:43:26Z,2026-09-13T13:00:00Z,2836.6,Lecce,Monza,A,Monza,2.5,17,Total - Away,8.0,1.08,0.11894273,0.88105727,0.11894273,0.00000000,Marathonbet,7.7,1.06,2026-09-11T12:30:44+00:00
TT|1550122|A|3.5,1550122,Serie A,135,2026-09-11T13:43:26Z,2026-09-13T13:00:00Z,2836.6,Lecce,Monza,A,Monza,3.5,17,Total - Away,21.0,1.01,0.04588823,0.95411177,0.04588823,0.00000000,Marathonbet,,,2026-09-11T12:30:44+00:00
TT|1550123|H|0.5,1550123,Serie A,135,2026-09-11T13:43:26Z,2026-09-13T16:00:00Z,3016.6,Napoli,Bologna,H,Napoli,0.5,16,Total - Home,1.18,4.5,0.79225352,0.20774648,0.79225352,0.00000000,Marathonbet,,,2026-09-11T09:01:15+00:00
TT|1550123|H|1.5,1550123,Serie A,135,2026-09-11T13:43:26Z,2026-09-13T16:00:00Z,3016.6,Napoli,Bologna,H,Napoli,1.5,16,Total - Home,1.91,1.8,0.48517520,0.51482480,0.48517520,0.00000000,Marathonbet,1.98,1.83,2026-09-11T09:01:15+00:00
TT|1550123|H|2.5,1550123,Serie A,135,2026-09-11T13:43:26Z,2026-09-13T16:00:00Z,3016.6,Napoli,Bologna,H,Napoli,2.5,16,Total - Home,4.0,1.22,0.23371648,0.76628352,0.23371648,-0.00000000,Marathonbet,4.15,1.21,2026-09-11T09:01:15+00:00
TT|1550123|H|3.5,1550123,Serie A,135,2026-09-11T13:43:26Z,2026-09-13T16:00:00Z,3016.6,Napoli,Bologna,H,Napoli,3.5,16,Total - Home,10.0,1.06,0.09584087,0.90415913,0.09584087,-0.00000000,Marathonbet,9.7,1.02,2026-09-11T09:01:15+00:00
TT|1550123|H|4.5,1550123,Serie A,135,2026-09-11T13:43:26Z,2026-09-13T16:00:00Z,3016.6,Napoli,Bologna,H,Napoli,4.5,16,Total - Home,26.0,1.01,0.03739356,0.96260644,0.03739356,-0.00000000,Marathonbet,,,2026-09-11T09:01:15+00:00
TT|1550123|A|0.5,1550123,Serie A,135,2026-09-11T13:43:26Z,2026-09-13T16:00:00Z,3016.6,Napoli,Bologna,A,Bologna,0.5,17,Total - Away,1.62,2.2,0.57591623,0.42408377,0.57591623,0.00000000,Marathonbet,1.58,2.23,2026-09-11T09:01:15+00:00
TT|1550123|A|1.5,1550123,Serie A,135,2026-09-11T13:43:26Z,2026-09-13T16:00:00Z,3016.6,Napoli,Bologna,A,Bologna,1.5,17,Total - Away,4.0,1.22,0.23371648,0.76628352,0.23371648,-0.00000000,Marathonbet,4.1,1.23,2026-09-11T09:01:15+00:00
TT|1550123|A|2.5,1550123,Serie A,135,2026-09-11T13:43:26Z,2026-09-13T16:00:00Z,3016.6,Napoli,Bologna,A,Bologna,2.5,17,Total - Away,13.0,1.04,0.07407407,0.92592593,0.07407407,0.00000000,Marathonbet,,,2026-09-11T09:01:15+00:00
TT|1550124|H|0.5,1550124,Serie A,135,2026-09-11T13:43:26Z,2026-09-13T18:45:00Z,3181.6,Sassuolo,Juventus,H,Sassuolo,0.5,16,Total - Home,1.57,2.25,0.58900524,0.41099476,0.58900524,-0.00000000,Marathonbet,1.54,2.32,2026-09-11T09:01:15+00:00
TT|1550124|H|1.5,1550124,Serie A,135,2026-09-11T13:43:26Z,2026-09-13T18:45:00Z,3181.6,Sassuolo,Juventus,H,Sassuolo,1.5,16,Total - Home,3.75,1.25,0.25000000,0.75000000,0.25000000,0.00000000,Marathonbet,3.82,1.26,2026-09-11T09:01:15+00:00
TT|1550124|H|2.5,1550124,Serie A,135,2026-09-11T13:43:26Z,2026-09-13T18:45:00Z,3181.6,Sassuolo,Juventus,H,Sassuolo,2.5,16,Total - Home,13.0,1.04,0.07407407,0.92592593,0.07407407,0.00000000,Marathonbet,11.0,1.02,2026-09-11T09:01:15+00:00
TT|1550124|A|0.5,1550124,Serie A,135,2026-09-11T13:43:26Z,2026-09-13T18:45:00Z,3181.6,Sassuolo,Juventus,A,Juventus,0.5,17,Total - Away,1.14,5.5,0.82831325,0.17168675,0.82831325,0.00000000,Marathonbet,,,2026-09-11T09:01:15+00:00
TT|1550124|A|1.5,1550124,Serie A,135,2026-09-11T13:43:26Z,2026-09-13T18:45:00Z,3181.6,Sassuolo,Juventus,A,Juventus,1.5,17,Total - Away,1.67,2.1,0.55702918,0.44297082,0.55702918,-0.00000000,Marathonbet,1.72,2.14,2026-09-11T09:01:15+00:00
TT|1550124|A|2.5,1550124,Serie A,135,2026-09-11T13:43:26Z,2026-09-13T18:45:00Z,3181.6,Sassuolo,Juventus,A,Juventus,2.5,17,Total - Away,3.25,1.33,0.29039301,0.70960699,0.29039301,0.00000000,Marathonbet,3.16,1.33,2026-09-11T09:01:15+00:00
TT|1550124|A|3.5,1550124,Serie A,135,2026-09-11T13:43:26Z,2026-09-13T18:45:00Z,3181.6,Sassuolo,Juventus,A,Juventus,3.5,17,Total - Away,7.0,1.1,0.13580247,0.86419753,0.13580247,-0.00000000,Marathonbet,6.6,1.07,2026-09-11T09:01:15+00:00
TT|1550124|A|4.5,1550124,Serie A,135,2026-09-11T13:43:26Z,2026-09-13T18:45:00Z,3181.6,Sassuolo,Juventus,A,Juventus,4.5,17,Total - Away,17.0,1.02,0.05660377,0.94339623,0.05660377,0.00000000,Marathonbet,,,2026-09-11T09:01:15+00:00
TT|1575164|H|0.5,1575164,Bundesliga,78,2026-09-11T13:43:26Z,2026-09-11T18:30:00Z,286.6,Union Berlin,FC Schalke 04,H,Union Berlin,0.5,16,Total - Home,1.2,4.33,0.78300181,0.21699819,0.78300181,-0.00000000,Marathonbet,,,2026-09-11T12:00:44+00:00
TT|1575164|H|1.5,1575164,Bundesliga,78,2026-09-11T13:43:26Z,2026-09-11T18:30:00Z,286.6,Union Berlin,FC Schalke 04,H,Union Berlin,1.5,16,Total - Home,2.0,1.73,0.46380697,0.53619303,0.46380697,0.00000000,Marathonbet,2.0,1.82,2026-09-11T12:00:44+00:00
TT|1575164|H|2.5,1575164,Bundesliga,78,2026-09-11T13:43:26Z,2026-09-11T18:30:00Z,286.6,Union Berlin,FC Schalke 04,H,Union Berlin,2.5,16,Total - Home,4.33,1.2,0.21699819,0.78300181,0.21699819,0.00000000,Marathonbet,4.2,1.21,2026-09-11T12:00:44+00:00
TT|1575164|H|3.5,1575164,Bundesliga,78,2026-09-11T13:43:26Z,2026-09-11T18:30:00Z,286.6,Union Berlin,FC Schalke 04,H,Union Berlin,3.5,16,Total - Home,11.0,1.05,0.08713693,0.91286307,0.08713693,-0.00000000,Marathonbet,9.9,1.02,2026-09-11T12:00:44+00:00
TT|1575164|H|4.5,1575164,Bundesliga,78,2026-09-11T13:43:26Z,2026-09-11T18:30:00Z,286.6,Union Berlin,FC Schalke 04,H,Union Berlin,4.5,16,Total - Home,26.0,1.01,0.03739356,0.96260644,0.03739356,-0.00000000,Marathonbet,,,2026-09-11T12:00:44+00:00
TT|1575164|A|0.5,1575164,Bundesliga,78,2026-09-11T13:43:26Z,2026-09-11T18:30:00Z,286.6,Union Berlin,FC Schalke 04,A,FC Schalke 04,0.5,17,Total - Away,1.22,4.0,0.76628352,0.23371648,0.76628352,0.00000000,Marathonbet,1.22,3.82,2026-09-11T12:00:44+00:00
TT|1575164|A|1.5,1575164,Bundesliga,78,2026-09-11T13:43:26Z,2026-09-11T18:30:00Z,286.6,Union Berlin,FC Schalke 04,A,FC Schalke 04,1.5,17,Total - Away,2.1,1.67,0.44297082,0.55702918,0.44297082,0.00000000,Marathonbet,2.2,1.68,2026-09-11T12:00:44+00:00
TT|1575164|A|2.5,1575164,Bundesliga,78,2026-09-11T13:43:26Z,2026-09-11T18:30:00Z,286.6,Union Berlin,FC Schalke 04,A,FC Schalke 04,2.5,17,Total - Away,5.0,1.17,0.18962723,0.81037277,0.18962723,-0.00000000,Marathonbet,4.95,1.16,2026-09-11T12:00:44+00:00
TT|1575164|A|3.5,1575164,Bundesliga,78,2026-09-11T13:43:26Z,2026-09-11T18:30:00Z,286.6,Union Berlin,FC Schalke 04,A,FC Schalke 04,3.5,17,Total - Away,13.0,1.04,0.07407407,0.92592593,0.07407407,0.00000000,Marathonbet,,,2026-09-11T12:00:44+00:00
TT|1575164|A|4.5,1575164,Bundesliga,78,2026-09-11T13:43:26Z,2026-09-11T18:30:00Z,286.6,Union Berlin,FC Schalke 04,A,FC Schalke 04,4.5,17,Total - Away,29.0,1.01,0.03365545,0.96634455,0.03365545,-0.00000000,Marathonbet,,,2026-09-11T12:00:44+00:00
TT|1575161|H|0.5,1575161,Bundesliga,78,2026-09-11T13:43:26Z,2026-09-12T13:30:00Z,1426.6,SC Freiburg,Borussia Mönchengladbach,H,SC Freiburg,0.5,16,Total - Home,1.11,6.5,0.85413929,0.14586071,0.85413929,0.00000000,Marathonbet,,,2026-09-11T09:52:15+00:00
TT|1575161|H|1.5,1575161,Bundesliga,78,2026-09-11T13:43:26Z,2026-09-12T13:30:00Z,1426.6,SC Freiburg,Borussia Mönchengladbach,H,SC Freiburg,1.5,16,Total - Home,1.57,2.25,0.58900524,0.41099476,0.58900524,-0.00000000,Marathonbet,1.59,2.35,2026-09-11T09:52:15+00:00
TT|1575161|H|2.5,1575161,Bundesliga,78,2026-09-11T13:43:26Z,2026-09-12T13:30:00Z,1426.6,SC Freiburg,Borussia Mönchengladbach,H,SC Freiburg,2.5,16,Total - Home,2.75,1.4,0.33734940,0.66265060,0.33734940,-0.00000000,Marathonbet,2.81,1.43,2026-09-11T09:52:15+00:00
TT|1575161|H|3.5,1575161,Bundesliga,78,2026-09-11T13:43:26Z,2026-09-12T13:30:00Z,1426.6,SC Freiburg,Borussia Mönchengladbach,H,SC Freiburg,3.5,16,Total - Home,6.0,1.12,0.15730337,0.84269663,0.15730337,0.00000000,Marathonbet,5.65,1.12,2026-09-11T09:52:15+00:00
TT|1575161|H|4.5,1575161,Bundesliga,78,2026-09-11T13:43:26Z,2026-09-12T13:30:00Z,1426.6,SC Freiburg,Borussia Mönchengladbach,H,SC Freiburg,4.5,16,Total - Home,15.0,1.03,0.06425452,0.93574548,0.06425452,0.00000000,Marathonbet,,,2026-09-11T09:52:15+00:00
TT|1575161|H|5.5,1575161,Bundesliga,78,2026-09-11T13:43:26Z,2026-09-12T13:30:00Z,1426.6,SC Freiburg,Borussia Mönchengladbach,H,SC Freiburg,5.5,16,Total - Home,29.0,1.01,0.03365545,0.96634455,0.03365545,-0.00000000,Marathonbet,,,2026-09-11T09:52:15+00:00
TT|1575161|A|0.5,1575161,Bundesliga,78,2026-09-11T13:43:26Z,2026-09-12T13:30:00Z,1426.6,SC Freiburg,Borussia Mönchengladbach,A,Borussia Mönchengladbach,0.5,17,Total - Away,1.36,3.0,0.68807339,0.31192661,0.68807339,0.00000000,Marathonbet,1.37,2.84,2026-09-11T09:52:15+00:00
TT|1575161|A|1.5,1575161,Bundesliga,78,2026-09-11T13:43:26Z,2026-09-12T13:30:00Z,1426.6,SC Freiburg,Borussia Mönchengladbach,A,Borussia Mönchengladbach,1.5,17,Total - Away,2.75,1.4,0.33734940,0.66265060,0.33734940,-0.00000000,Marathonbet,2.85,1.42,2026-09-11T09:52:15+00:00
TT|1575161|A|2.5,1575161,Bundesliga,78,2026-09-11T13:43:26Z,2026-09-12T13:30:00Z,1426.6,SC Freiburg,Borussia Mönchengladbach,A,Borussia Mönchengladbach,2.5,17,Total - Away,8.0,1.08,0.11894273,0.88105727,0.11894273,0.00000000,Marathonbet,7.1,1.07,2026-09-11T09:52:15+00:00
TT|1575161|A|3.5,1575161,Bundesliga,78,2026-09-11T13:43:26Z,2026-09-12T13:30:00Z,1426.6,SC Freiburg,Borussia Mönchengladbach,A,Borussia Mönchengladbach,3.5,17,Total - Away,21.0,1.01,0.04588823,0.95411177,0.04588823,0.00000000,Marathonbet,,,2026-09-11T09:52:15+00:00
TT|1575163|H|0.5,1575163,Bundesliga,78,2026-09-11T13:43:26Z,2026-09-12T13:30:00Z,1426.6,FSV Mainz 05,Eintracht Frankfurt,H,FSV Mainz 05,0.5,16,Total - Home,1.12,6.0,0.84269663,0.15730337,0.84269663,-0.00000000,Marathonbet,,,2026-09-11T09:52:15+00:00
TT|1575163|H|1.5,1575163,Bundesliga,78,2026-09-11T13:43:26Z,2026-09-12T13:30:00Z,1426.6,FSV Mainz 05,Eintracht Frankfurt,H,FSV Mainz 05,1.5,16,Total - Home,1.67,2.1,0.55702918,0.44297082,0.55702918,-0.00000000,Marathonbet,1.65,2.23,2026-09-11T09:52:15+00:00
TT|1575163|H|2.5,1575163,Bundesliga,78,2026-09-11T13:43:26Z,2026-09-12T13:30:00Z,1426.6,FSV Mainz 05,Eintracht Frankfurt,H,FSV Mainz 05,2.5,16,Total - Home,3.0,1.36,0.31192661,0.68807339,0.31192661,-0.00000000,Marathonbet,2.98,1.39,2026-09-11T09:52:15+00:00
TT|1575163|H|3.5,1575163,Bundesliga,78,2026-09-11T13:43:26Z,2026-09-12T13:30:00Z,1426.6,FSV Mainz 05,Eintracht Frankfurt,H,FSV Mainz 05,3.5,16,Total - Home,7.0,1.1,0.13580247,0.86419753,0.13580247,-0.00000000,Marathonbet,6.05,1.1,2026-09-11T09:52:15+00:00
TT|1575163|H|4.5,1575163,Bundesliga,78,2026-09-11T13:43:26Z,2026-09-12T13:30:00Z,1426.6,FSV Mainz 05,Eintracht Frankfurt,H,FSV Mainz 05,4.5,16,Total - Home,17.0,1.02,0.05660377,0.94339623,0.05660377,0.00000000,Marathonbet,,,2026-09-11T09:52:15+00:00
TT|1575163|A|0.5,1575163,Bundesliga,78,2026-09-11T13:43:26Z,2026-09-12T13:30:00Z,1426.6,FSV Mainz 05,Eintracht Frankfurt,A,Eintracht Frankfurt,0.5,17,Total - Away,1.25,3.75,0.75000000,0.25000000,0.75000000,0.00000000,Marathonbet,,,2026-09-11T09:52:15+00:00
TT|1575163|A|1.5,1575163,Bundesliga,78,2026-09-11T13:43:26Z,2026-09-12T13:30:00Z,1426.6,FSV Mainz 05,Eintracht Frankfurt,A,Eintracht Frankfurt,1.5,17,Total - Away,2.25,1.57,0.41099476,0.58900524,0.41099476,0.00000000,Marathonbet,2.29,1.63,2026-09-11T09:52:15+00:00
TT|1575163|A|2.5,1575163,Bundesliga,78,2026-09-11T13:43:26Z,2026-09-12T13:30:00Z,1426.6,FSV Mainz 05,Eintracht Frankfurt,A,Eintracht Frankfurt,2.5,17,Total - Away,5.5,1.14,0.17168675,0.82831325,0.17168675,-0.00000000,Marathonbet,5.1,1.15,2026-09-11T09:52:15+00:00
TT|1575163|A|3.5,1575163,Bundesliga,78,2026-09-11T13:43:26Z,2026-09-12T13:30:00Z,1426.6,FSV Mainz 05,Eintracht Frankfurt,A,Eintracht Frankfurt,3.5,17,Total - Away,15.0,1.03,0.06425452,0.93574548,0.06425452,0.00000000,Marathonbet,,,2026-09-11T09:52:15+00:00
TT|1575158|H|0.5,1575158,Bundesliga,78,2026-09-11T13:43:26Z,2026-09-12T13:30:00Z,1426.6,Borussia Dortmund,SC Paderborn 07,H,Borussia Dortmund,0.5,16,Total - Home,1.04,13.0,0.92592593,0.07407407,0.92592593,-0.00000000,Marathonbet,,,2026-09-11T09:52:15+00:00
TT|1575158|H|1.5,1575158,Bundesliga,78,2026-09-11T13:43:26Z,2026-09-12T13:30:00Z,1426.6,Borussia Dortmund,SC Paderborn 07,H,Borussia Dortmund,1.5,16,Total - Home,1.22,4.0,0.76628352,0.23371648,0.76628352,0.00000000,Marathonbet,1.23,3.94,2026-09-11T09:52:15+00:00
TT|1575158|H|2.5,1575158,Bundesliga,78,2026-09-11T13:43:26Z,2026-09-12T13:30:00Z,1426.6,Borussia Dortmund,SC Paderborn 07,H,Borussia Dortmund,2.5,16,Total - Home,1.73,2.0,0.53619303,0.46380697,0.53619303,-0.00000000,Marathonbet,1.79,2.04,2026-09-11T09:52:15+00:00
TT|1575158|H|3.5,1575158,Bundesliga,78,2026-09-11T13:43:26Z,2026-09-12T13:30:00Z,1426.6,Borussia Dortmund,SC Paderborn 07,H,Borussia Dortmund,3.5,16,Total - Home,2.75,1.4,0.33734940,0.66265060,0.33734940,-0.00000000,Marathonbet,2.92,1.38,2026-09-11T09:52:15+00:00
TT|1575158|H|4.5,1575158,Bundesliga,78,2026-09-11T13:43:26Z,2026-09-12T13:30:00Z,1426.6,Borussia Dortmund,SC Paderborn 07,H,Borussia Dortmund,4.5,16,Total - Home,5.5,1.14,0.17168675,0.82831325,0.17168675,-0.00000000,Marathonbet,,,2026-09-11T09:52:15+00:00
TT|1575158|H|5.5,1575158,Bundesliga,78,2026-09-11T13:43:26Z,2026-09-12T13:30:00Z,1426.6,Borussia Dortmund,SC Paderborn 07,H,Borussia Dortmund,5.5,16,Total - Home,11.0,1.05,0.08713693,0.91286307,0.08713693,-0.00000000,Marathonbet,,,2026-09-11T09:52:15+00:00
TT|1575158|H|6.5,1575158,Bundesliga,78,2026-09-11T13:43:26Z,2026-09-12T13:30:00Z,1426.6,Borussia Dortmund,SC Paderborn 07,H,Borussia Dortmund,6.5,16,Total - Home,23.0,1.01,0.04206581,0.95793419,0.04206581,-0.00000000,Marathonbet,,,2026-09-11T09:52:15+00:00
TT|1575158|A|0.5,1575158,Bundesliga,78,2026-09-11T13:43:26Z,2026-09-12T13:30:00Z,1426.6,Borussia Dortmund,SC Paderborn 07,A,SC Paderborn 07,0.5,17,Total - Away,1.62,2.2,0.57591623,0.42408377,0.57591623,0.00000000,Marathonbet,1.62,2.16,2026-09-11T09:52:15+00:00
TT|1575158|A|1.5,1575158,Bundesliga,78,2026-09-11T13:43:26Z,2026-09-12T13:30:00Z,1426.6,Borussia Dortmund,SC Paderborn 07,A,SC Paderborn 07,1.5,17,Total - Away,4.0,1.22,0.23371648,0.76628352,0.23371648,-0.00000000,Marathonbet,4.25,1.22,2026-09-11T09:52:15+00:00
TT|1575158|A|2.5,1575158,Bundesliga,78,2026-09-11T13:43:26Z,2026-09-12T13:30:00Z,1426.6,Borussia Dortmund,SC Paderborn 07,A,SC Paderborn 07,2.5,17,Total - Away,13.0,1.04,0.07407407,0.92592593,0.07407407,0.00000000,Marathonbet,12.75,1.01,2026-09-11T09:52:15+00:00
TT|1575160|H|0.5,1575160,Bundesliga,78,2026-09-11T13:43:26Z,2026-09-12T13:30:00Z,1426.6,1899 Hoffenheim,VfB Stuttgart,H,1899 Hoffenheim,0.5,16,Total - Home,1.12,6.0,0.84269663,0.15730337,0.84269663,-0.00000000,Marathonbet,,,2026-09-11T09:52:15+00:00
TT|1575160|H|1.5,1575160,Bundesliga,78,2026-09-11T13:43:26Z,2026-09-12T13:30:00Z,1426.6,1899 Hoffenheim,VfB Stuttgart,H,1899 Hoffenheim,1.5,16,Total - Home,1.67,2.1,0.55702918,0.44297082,0.55702918,-0.00000000,Marathonbet,1.66,2.24,2026-09-11T09:52:15+00:00
TT|1575160|H|2.5,1575160,Bundesliga,78,2026-09-11T13:43:26Z,2026-09-12T13:30:00Z,1426.6,1899 Hoffenheim,VfB Stuttgart,H,1899 Hoffenheim,2.5,16,Total - Home,3.25,1.33,0.29039301,0.70960699,0.29039301,0.00000000,Marathonbet,2.97,1.37,2026-09-11T09:52:15+00:00
TT|1575160|H|3.5,1575160,Bundesliga,78,2026-09-11T13:43:26Z,2026-09-12T13:30:00Z,1426.6,1899 Hoffenheim,VfB Stuttgart,H,1899 Hoffenheim,3.5,16,Total - Home,7.0,1.1,0.13580247,0.86419753,0.13580247,-0.00000000,Marathonbet,6.25,1.08,2026-09-11T09:52:15+00:00
TT|1575160|H|4.5,1575160,Bundesliga,78,2026-09-11T13:43:26Z,2026-09-12T13:30:00Z,1426.6,1899 Hoffenheim,VfB Stuttgart,H,1899 Hoffenheim,4.5,16,Total - Home,17.0,1.02,0.05660377,0.94339623,0.05660377,0.00000000,Marathonbet,,,2026-09-11T09:52:15+00:00
TT|1575160|A|0.5,1575160,Bundesliga,78,2026-09-11T13:43:26Z,2026-09-12T13:30:00Z,1426.6,1899 Hoffenheim,VfB Stuttgart,A,VfB Stuttgart,0.5,17,Total - Away,1.14,5.5,0.82831325,0.17168675,0.82831325,0.00000000,Marathonbet,,,2026-09-11T09:52:15+00:00
TT|1575160|A|1.5,1575160,Bundesliga,78,2026-09-11T13:43:26Z,2026-09-12T13:30:00Z,1426.6,1899 Hoffenheim,VfB Stuttgart,A,VfB Stuttgart,1.5,17,Total - Away,1.8,1.91,0.51482480,0.48517520,0.51482480,-0.00000000,Marathonbet,1.78,2.05,2026-09-11T09:52:15+00:00
TT|1575160|A|2.5,1575160,Bundesliga,78,2026-09-11T13:43:26Z,2026-09-12T13:30:00Z,1426.6,1899 Hoffenheim,VfB Stuttgart,A,VfB Stuttgart,2.5,17,Total - Away,3.5,1.28,0.26778243,0.73221757,0.26778243,-0.00000000,Marathonbet,3.36,1.3,2026-09-11T09:52:15+00:00
TT|1575160|A|3.5,1575160,Bundesliga,78,2026-09-11T13:43:26Z,2026-09-12T13:30:00Z,1426.6,1899 Hoffenheim,VfB Stuttgart,A,VfB Stuttgart,3.5,17,Total - Away,8.0,1.08,0.11894273,0.88105727,0.11894273,0.00000000,Marathonbet,7.3,1.06,2026-09-11T09:52:15+00:00
TT|1575160|A|4.5,1575160,Bundesliga,78,2026-09-11T13:43:26Z,2026-09-12T13:30:00Z,1426.6,1899 Hoffenheim,VfB Stuttgart,A,VfB Stuttgart,4.5,17,Total - Away,19.0,1.02,0.05094905,0.94905095,0.05094905,0.00000000,Marathonbet,,,2026-09-11T09:52:15+00:00
TT|1575162|H|0.5,1575162,Bundesliga,78,2026-09-11T13:43:26Z,2026-09-12T13:30:00Z,1426.6,FC Augsburg,Bayer Leverkusen,H,FC Augsburg,0.5,16,Total - Home,1.25,3.75,0.75000000,0.25000000,0.75000000,0.00000000,Marathonbet,1.26,3.48,2026-09-11T09:52:15+00:00
TT|1575162|H|1.5,1575162,Bundesliga,78,2026-09-11T13:43:26Z,2026-09-12T13:30:00Z,1426.6,FC Augsburg,Bayer Leverkusen,H,FC Augsburg,1.5,16,Total - Home,2.25,1.57,0.41099476,0.58900524,0.41099476,0.00000000,Marathonbet,2.36,1.6,2026-09-11T09:52:15+00:00
TT|1575162|H|2.5,1575162,Bundesliga,78,2026-09-11T13:43:26Z,2026-09-12T13:30:00Z,1426.6,FC Augsburg,Bayer Leverkusen,H,FC Augsburg,2.5,16,Total - Home,5.5,1.14,0.17168675,0.82831325,0.17168675,-0.00000000,Marathonbet,5.45,1.13,2026-09-11T09:52:15+00:00
TT|1575162|H|3.5,1575162,Bundesliga,78,2026-09-11T13:43:26Z,2026-09-12T13:30:00Z,1426.6,FC Augsburg,Bayer Leverkusen,H,FC Augsburg,3.5,16,Total - Home,15.0,1.03,0.06425452,0.93574548,0.06425452,0.00000000,Marathonbet,,,2026-09-11T09:52:15+00:00
TT|1575162|A|0.5,1575162,Bundesliga,78,2026-09-11T13:43:26Z,2026-09-12T13:30:00Z,1426.6,FC Augsburg,Bayer Leverkusen,A,Bayer Leverkusen,0.5,17,Total - Away,1.1,7.0,0.86419753,0.13580247,0.86419753,0.00000000,Marathonbet,,,2026-09-11T09:52:15+00:00
TT|1575162|A|1.5,1575162,Bundesliga,78,2026-09-11T13:43:26Z,2026-09-12T13:30:00Z,1426.6,FC Augsburg,Bayer Leverkusen,A,Bayer Leverkusen,1.5,17,Total - Away,1.5,2.5,0.62500000,0.37500000,0.62500000,0.00000000,Marathonbet,1.52,2.52,2026-09-11T09:52:15+00:00
TT|1575162|A|2.5,1575162,Bundesliga,78,2026-09-11T13:43:26Z,2026-09-12T13:30:00Z,1426.6,FC Augsburg,Bayer Leverkusen,A,Bayer Leverkusen,2.5,17,Total - Away,2.62,1.44,0.35467980,0.64532020,0.35467980,0.00000000,Marathonbet,2.57,1.5,2026-09-11T09:52:15+00:00
TT|1575162|A|3.5,1575162,Bundesliga,78,2026-09-11T13:43:26Z,2026-09-12T13:30:00Z,1426.6,FC Augsburg,Bayer Leverkusen,A,Bayer Leverkusen,3.5,17,Total - Away,5.5,1.14,0.17168675,0.82831325,0.17168675,-0.00000000,Marathonbet,5.05,1.14,2026-09-11T09:52:15+00:00
TT|1575162|A|4.5,1575162,Bundesliga,78,2026-09-11T13:43:26Z,2026-09-12T13:30:00Z,1426.6,FC Augsburg,Bayer Leverkusen,A,Bayer Leverkusen,4.5,17,Total - Away,13.0,1.04,0.07407407,0.92592593,0.07407407,0.00000000,Marathonbet,,,2026-09-11T09:52:15+00:00
TT|1575162|A|5.5,1575162,Bundesliga,78,2026-09-11T13:43:26Z,2026-09-12T13:30:00Z,1426.6,FC Augsburg,Bayer Leverkusen,A,Bayer Leverkusen,5.5,17,Total - Away,26.0,1.01,0.03739356,0.96260644,0.03739356,-0.00000000,Marathonbet,,,2026-09-11T09:52:15+00:00
TT|1575165|H|0.5,1575165,Bundesliga,78,2026-09-11T13:43:26Z,2026-09-12T16:30:00Z,1606.6,1. FC Köln,Werder Bremen,H,1. FC Köln,0.5,16,Total - Home,1.14,5.5,0.82831325,0.17168675,0.82831325,0.00000000,Marathonbet,,,2026-09-11T09:52:15+00:00
TT|1575165|H|1.5,1575165,Bundesliga,78,2026-09-11T13:43:26Z,2026-09-12T16:30:00Z,1606.6,1. FC Köln,Werder Bremen,H,1. FC Köln,1.5,16,Total - Home,1.73,2.0,0.53619303,0.46380697,0.53619303,-0.00000000,Marathonbet,1.78,2.05,2026-09-11T09:52:15+00:00
TT|1575165|H|2.5,1575165,Bundesliga,78,2026-09-11T13:43:26Z,2026-09-12T16:30:00Z,1606.6,1. FC Köln,Werder Bremen,H,1. FC Köln,2.5,16,Total - Home,3.4,1.3,0.27659574,0.72340426,0.27659574,0.00000000,Marathonbet,3.36,1.3,2026-09-11T09:52:15+00:00
TT|1575165|H|3.5,1575165,Bundesliga,78,2026-09-11T13:43:26Z,2026-09-12T16:30:00Z,1606.6,1. FC Köln,Werder Bremen,H,1. FC Köln,3.5,16,Total - Home,8.0,1.08,0.11894273,0.88105727,0.11894273,0.00000000,Marathonbet,7.2,1.06,2026-09-11T09:52:15+00:00
TT|1575165|H|4.5,1575165,Bundesliga,78,2026-09-11T13:43:26Z,2026-09-12T16:30:00Z,1606.6,1. FC Köln,Werder Bremen,H,1. FC Köln,4.5,16,Total - Home,19.0,1.02,0.05094905,0.94905095,0.05094905,0.00000000,Marathonbet,,,2026-09-11T09:52:15+00:00
TT|1575165|A|0.5,1575165,Bundesliga,78,2026-09-11T13:43:26Z,2026-09-12T16:30:00Z,1606.6,1. FC Köln,Werder Bremen,A,Werder Bremen,0.5,17,Total - Away,1.25,3.75,0.75000000,0.25000000,0.75000000,0.00000000,Marathonbet,1.25,3.55,2026-09-11T09:52:15+00:00
TT|1575165|A|1.5,1575165,Bundesliga,78,2026-09-11T13:43:26Z,2026-09-12T16:30:00Z,1606.6,1. FC Köln,Werder Bremen,A,Werder Bremen,1.5,17,Total - Away,2.2,1.62,0.42408377,0.57591623,0.42408377,-0.00000000,Marathonbet,2.32,1.62,2026-09-11T09:52:15+00:00
TT|1575165|A|2.5,1575165,Bundesliga,78,2026-09-11T13:43:26Z,2026-09-12T16:30:00Z,1606.6,1. FC Köln,Werder Bremen,A,Werder Bremen,2.5,17,Total - Away,5.0,1.17,0.18962723,0.81037277,0.18962723,-0.00000000,Marathonbet,5.3,1.14,2026-09-11T09:52:15+00:00
TT|1575165|A|3.5,1575165,Bundesliga,78,2026-09-11T13:43:26Z,2026-09-12T16:30:00Z,1606.6,1. FC Köln,Werder Bremen,A,Werder Bremen,3.5,17,Total - Away,15.0,1.03,0.06425452,0.93574548,0.06425452,0.00000000,Marathonbet,,,2026-09-11T09:52:15+00:00
TT|1575159|H|0.5,1575159,Bundesliga,78,2026-09-11T13:43:26Z,2026-09-13T13:30:00Z,2866.6,RB Leipzig,Hamburger SV,H,RB Leipzig,0.5,16,Total - Home,1.05,11.0,0.91286307,0.08713693,0.91286307,0.00000000,Marathonbet,,,2026-09-11T12:30:44+00:00
TT|1575159|H|1.5,1575159,Bundesliga,78,2026-09-11T13:43:26Z,2026-09-13T13:30:00Z,2866.6,RB Leipzig,Hamburger SV,H,RB Leipzig,1.5,16,Total - Home,1.3,3.4,0.72340426,0.27659574,0.72340426,-0.00000000,Marathonbet,1.31,3.3,2026-09-11T12:30:44+00:00
TT|1575159|H|2.5,1575159,Bundesliga,78,2026-09-11T13:43:26Z,2026-09-13T13:30:00Z,2866.6,RB Leipzig,Hamburger SV,H,RB Leipzig,2.5,16,Total - Home,2.0,1.73,0.46380697,0.53619303,0.46380697,0.00000000,Marathonbet,2.0,1.82,2026-09-11T12:30:44+00:00
TT|1575159|H|3.5,1575159,Bundesliga,78,2026-09-11T13:43:26Z,2026-09-13T13:30:00Z,2866.6,RB Leipzig,Hamburger SV,H,RB Leipzig,3.5,16,Total - Home,3.5,1.28,0.26778243,0.73221757,0.26778243,-0.00000000,Marathonbet,3.48,1.28,2026-09-11T12:30:44+00:00
TT|1575159|H|4.5,1575159,Bundesliga,78,2026-09-11T13:43:26Z,2026-09-13T13:30:00Z,2866.6,RB Leipzig,Hamburger SV,H,RB Leipzig,4.5,16,Total - Home,7.0,1.1,0.13580247,0.86419753,0.13580247,-0.00000000,Marathonbet,,,2026-09-11T12:30:44+00:00
TT|1575159|H|5.5,1575159,Bundesliga,78,2026-09-11T13:43:26Z,2026-09-13T13:30:00Z,2866.6,RB Leipzig,Hamburger SV,H,RB Leipzig,5.5,16,Total - Home,17.0,1.02,0.05660377,0.94339623,0.05660377,0.00000000,Marathonbet,,,2026-09-11T12:30:44+00:00
TT|1575159|A|0.5,1575159,Bundesliga,78,2026-09-11T13:43:26Z,2026-09-13T13:30:00Z,2866.6,RB Leipzig,Hamburger SV,A,Hamburger SV,0.5,17,Total - Away,1.5,2.5,0.62500000,0.37500000,0.62500000,0.00000000,Marathonbet,1.5,2.41,2026-09-11T12:30:44+00:00
TT|1575159|A|1.5,1575159,Bundesliga,78,2026-09-11T13:43:26Z,2026-09-13T13:30:00Z,2866.6,RB Leipzig,Hamburger SV,A,Hamburger SV,1.5,17,Total - Away,3.5,1.28,0.26778243,0.73221757,0.26778243,-0.00000000,Marathonbet,3.62,1.28,2026-09-11T12:30:44+00:00
TT|1575159|A|2.5,1575159,Bundesliga,78,2026-09-11T13:43:26Z,2026-09-13T13:30:00Z,2866.6,RB Leipzig,Hamburger SV,A,Hamburger SV,2.5,17,Total - Away,11.0,1.05,0.08713693,0.91286307,0.08713693,-0.00000000,Marathonbet,10.25,1.03,2026-09-11T12:30:44+00:00
TT|1575159|A|3.5,1575159,Bundesliga,78,2026-09-11T13:43:26Z,2026-09-13T13:30:00Z,2866.6,RB Leipzig,Hamburger SV,A,Hamburger SV,3.5,17,Total - Away,29.0,1.01,0.03365545,0.96634455,0.03365545,-0.00000000,Marathonbet,,,2026-09-11T12:30:44+00:00
TT|1575166|H|0.5,1575166,Bundesliga,78,2026-09-11T13:43:26Z,2026-09-13T15:30:00Z,2986.6,SV Elversberg,Bayern München,H,SV Elversberg,0.5,16,Total - Home,1.5,2.5,0.62500000,0.37500000,0.62500000,0.00000000,Marathonbet,1.49,2.44,2026-09-11T12:30:44+00:00
TT|1575166|H|1.5,1575166,Bundesliga,78,2026-09-11T13:43:26Z,2026-09-13T15:30:00Z,2986.6,SV Elversberg,Bayern München,H,SV Elversberg,1.5,16,Total - Home,3.5,1.28,0.26778243,0.73221757,0.26778243,-0.00000000,Marathonbet,3.62,1.28,2026-09-11T12:30:44+00:00
TT|1575166|H|2.5,1575166,Bundesliga,78,2026-09-11T13:43:26Z,2026-09-13T15:30:00Z,2986.6,SV Elversberg,Bayern München,H,SV Elversberg,2.5,16,Total - Home,10.0,1.06,0.09584087,0.90415913,0.09584087,-0.00000000,Marathonbet,10.75,1.02,2026-09-11T12:30:44+00:00
TT|1575166|H|3.5,1575166,Bundesliga,78,2026-09-11T13:43:26Z,2026-09-13T15:30:00Z,2986.6,SV Elversberg,Bayern München,H,SV Elversberg,3.5,16,Total - Home,29.0,1.01,0.03365545,0.96634455,0.03365545,-0.00000000,Marathonbet,,,2026-09-11T12:30:44+00:00
TT|1575166|A|0.5,1575166,Bundesliga,78,2026-09-11T13:43:26Z,2026-09-13T15:30:00Z,2986.6,SV Elversberg,Bayern München,A,Bayern München,0.5,17,Total - Away,1.01,21.0,0.95411177,0.04588823,0.95411177,-0.00000000,Marathonbet,,,2026-09-11T12:30:44+00:00
TT|1575166|A|1.5,1575166,Bundesliga,78,2026-09-11T13:43:26Z,2026-09-13T15:30:00Z,2986.6,SV Elversberg,Bayern München,A,Bayern München,1.5,17,Total - Away,1.11,6.5,0.85413929,0.14586071,0.85413929,0.00000000,Marathonbet,1.12,5.55,2026-09-11T12:30:44+00:00
TT|1575166|A|2.5,1575166,Bundesliga,78,2026-09-11T13:43:26Z,2026-09-13T15:30:00Z,2986.6,SV Elversberg,Bayern München,A,Bayern München,2.5,17,Total - Away,1.4,2.75,0.66265060,0.33734940,0.66265060,0.00000000,Marathonbet,1.39,2.88,2026-09-11T12:30:44+00:00
TT|1575166|A|3.5,1575166,Bundesliga,78,2026-09-11T13:43:26Z,2026-09-13T15:30:00Z,2986.6,SV Elversberg,Bayern München,A,Bayern München,3.5,17,Total - Away,2.0,1.73,0.46380697,0.53619303,0.46380697,0.00000000,Marathonbet,2.0,1.82,2026-09-11T12:30:44+00:00
TT|1575166|A|4.5,1575166,Bundesliga,78,2026-09-11T13:43:26Z,2026-09-13T15:30:00Z,2986.6,SV Elversberg,Bayern München,A,Bayern München,4.5,17,Total - Away,3.4,1.3,0.27659574,0.72340426,0.27659574,0.00000000,Marathonbet,3.12,1.34,2026-09-11T12:30:44+00:00
TT|1575166|A|5.5,1575166,Bundesliga,78,2026-09-11T13:43:26Z,2026-09-13T15:30:00Z,2986.6,SV Elversberg,Bayern München,A,Bayern München,5.5,17,Total - Away,6.0,1.12,0.15730337,0.84269663,0.15730337,0.00000000,Marathonbet,,,2026-09-11T12:30:44+00:00
TT|1575166|A|6.5,1575166,Bundesliga,78,2026-09-11T13:43:26Z,2026-09-13T15:30:00Z,2986.6,SV Elversberg,Bayern München,A,Bayern München,6.5,17,Total - Away,13.0,1.04,0.07407407,0.92592593,0.07407407,0.00000000,Marathonbet,,,2026-09-11T12:30:44+00:00
TT|1575166|A|7.5,1575166,Bundesliga,78,2026-09-11T13:43:26Z,2026-09-13T15:30:00Z,2986.6,SV Elversberg,Bayern München,A,Bayern München,7.5,17,Total - Away,23.0,1.01,0.04206581,0.95793419,0.04206581,-0.00000000,Marathonbet,,,2026-09-11T12:30:44+00:00
TT|1552763|H|0.5,1552763,Ligue 1,61,2026-09-11T13:43:26Z,2026-09-11T18:45:00Z,301.6,Rennes,Marseille,H,Rennes,0.5,16,Total - Home,1.12,6.0,0.84269663,0.15730337,0.84269663,-0.00000000,Marathonbet,,,2026-09-11T12:00:44+00:00
TT|1552763|H|1.5,1552763,Ligue 1,61,2026-09-11T13:43:26Z,2026-09-11T18:45:00Z,301.6,Rennes,Marseille,H,Rennes,1.5,16,Total - Home,1.62,2.2,0.57591623,0.42408377,0.57591623,0.00000000,Marathonbet,1.68,2.2,2026-09-11T12:00:44+00:00
TT|1552763|H|2.5,1552763,Ligue 1,61,2026-09-11T13:43:26Z,2026-09-11T18:45:00Z,301.6,Rennes,Marseille,H,Rennes,2.5,16,Total - Home,3.0,1.36,0.31192661,0.68807339,0.31192661,-0.00000000,Marathonbet,3.02,1.36,2026-09-11T12:00:44+00:00
TT|1552763|H|3.5,1552763,Ligue 1,61,2026-09-11T13:43:26Z,2026-09-11T18:45:00Z,301.6,Rennes,Marseille,H,Rennes,3.5,16,Total - Home,6.5,1.11,0.14586071,0.85413929,0.14586071,-0.00000000,Marathonbet,6.4,1.08,2026-09-11T12:00:44+00:00
TT|1552763|H|4.5,1552763,Ligue 1,61,2026-09-11T13:43:26Z,2026-09-11T18:45:00Z,301.6,Rennes,Marseille,H,Rennes,4.5,16,Total - Home,17.0,1.02,0.05660377,0.94339623,0.05660377,0.00000000,Marathonbet,,,2026-09-11T12:00:44+00:00
TT|1552763|A|0.5,1552763,Ligue 1,61,2026-09-11T13:43:26Z,2026-09-11T18:45:00Z,301.6,Rennes,Marseille,A,Marseille,0.5,17,Total - Away,1.25,3.75,0.75000000,0.25000000,0.75000000,0.00000000,Marathonbet,1.24,3.64,2026-09-11T12:00:44+00:00
TT|1552763|A|1.5,1552763,Ligue 1,61,2026-09-11T13:43:26Z,2026-09-11T18:45:00Z,301.6,Rennes,Marseille,A,Marseille,1.5,17,Total - Away,2.2,1.62,0.42408377,0.57591623,0.42408377,-0.00000000,Marathonbet,2.29,1.63,2026-09-11T12:00:44+00:00
TT|1552763|A|2.5,1552763,Ligue 1,61,2026-09-11T13:43:26Z,2026-09-11T18:45:00Z,301.6,Rennes,Marseille,A,Marseille,2.5,17,Total - Away,5.5,1.14,0.17168675,0.82831325,0.17168675,-0.00000000,Marathonbet,5.2,1.14,2026-09-11T12:00:44+00:00
TT|1552763|A|3.5,1552763,Ligue 1,61,2026-09-11T13:43:26Z,2026-09-11T18:45:00Z,301.6,Rennes,Marseille,A,Marseille,3.5,17,Total - Away,15.0,1.03,0.06425452,0.93574548,0.06425452,0.00000000,Marathonbet,,,2026-09-11T12:00:44+00:00
TT|1552764|H|0.5,1552764,Ligue 1,61,2026-09-11T13:43:26Z,2026-09-12T15:15:00Z,1531.6,Strasbourg,Monaco,H,Strasbourg,0.5,16,Total - Home,1.25,3.75,0.75000000,0.25000000,0.75000000,0.00000000,Marathonbet,1.28,3.34,2026-09-11T13:18:17+00:00
TT|1552764|H|1.5,1552764,Ligue 1,61,2026-09-11T13:43:26Z,2026-09-12T15:15:00Z,1531.6,Strasbourg,Monaco,H,Strasbourg,1.5,16,Total - Home,2.2,1.62,0.42408377,0.57591623,0.42408377,-0.00000000,Marathonbet,2.31,1.62,2026-09-11T13:18:17+00:00
TT|1552764|H|2.5,1552764,Ligue 1,61,2026-09-11T13:43:26Z,2026-09-12T15:15:00Z,1531.6,Strasbourg,Monaco,H,Strasbourg,2.5,16,Total - Home,5.0,1.17,0.18962723,0.81037277,0.18962723,-0.00000000,Marathonbet,5.2,1.14,2026-09-11T13:18:17+00:00
TT|1552764|H|3.5,1552764,Ligue 1,61,2026-09-11T13:43:26Z,2026-09-12T15:15:00Z,1531.6,Strasbourg,Monaco,H,Strasbourg,3.5,16,Total - Home,13.0,1.04,0.07407407,0.92592593,0.07407407,0.00000000,Marathonbet,,,2026-09-11T13:18:17+00:00
TT|1552764|A|0.5,1552764,Ligue 1,61,2026-09-11T13:43:26Z,2026-09-12T15:15:00Z,1531.6,Strasbourg,Monaco,A,Monaco,0.5,17,Total - Away,1.17,5.0,0.81037277,0.18962723,0.81037277,0.00000000,Marathonbet,,,2026-09-11T13:18:17+00:00
TT|1552764|A|1.5,1552764,Ligue 1,61,2026-09-11T13:43:26Z,2026-09-12T15:15:00Z,1531.6,Strasbourg,Monaco,A,Monaco,1.5,17,Total - Away,1.8,1.91,0.51482480,0.48517520,0.51482480,-0.00000000,Marathonbet,1.83,1.99,2026-09-11T13:18:17+00:00
TT|1552764|A|2.5,1552764,Ligue 1,61,2026-09-11T13:43:26Z,2026-09-12T15:15:00Z,1531.6,Strasbourg,Monaco,A,Monaco,2.5,17,Total - Away,3.5,1.28,0.26778243,0.73221757,0.26778243,-0.00000000,Marathonbet,3.5,1.28,2026-09-11T13:18:17+00:00
TT|1552764|A|3.5,1552764,Ligue 1,61,2026-09-11T13:43:26Z,2026-09-12T15:15:00Z,1531.6,Strasbourg,Monaco,A,Monaco,3.5,17,Total - Away,9.0,1.07,0.10625621,0.89374379,0.10625621,-0.00000000,Marathonbet,7.4,1.06,2026-09-11T13:18:17+00:00
TT|1552764|A|4.5,1552764,Ligue 1,61,2026-09-11T13:43:26Z,2026-09-12T15:15:00Z,1531.6,Strasbourg,Monaco,A,Monaco,4.5,17,Total - Away,21.0,1.01,0.04588823,0.95411177,0.04588823,0.00000000,Marathonbet,,,2026-09-11T13:18:17+00:00
TT|1552761|H|0.5,1552761,Ligue 1,61,2026-09-11T13:43:26Z,2026-09-12T18:45:00Z,1741.6,Lorient,Toulouse,H,Lorient,0.5,16,Total - Home,1.28,3.5,0.73221757,0.26778243,0.73221757,0.00000000,Marathonbet,1.27,3.4,2026-09-11T08:15:48+00:00
TT|1552761|H|1.5,1552761,Ligue 1,61,2026-09-11T13:43:26Z,2026-09-12T18:45:00Z,1741.6,Lorient,Toulouse,H,Lorient,1.5,16,Total - Home,2.38,1.53,0.39130435,0.60869565,0.39130435,-0.00000000,Marathonbet,2.39,1.57,2026-09-11T08:15:48+00:00
TT|1552761|H|2.5,1552761,Ligue 1,61,2026-09-11T13:43:26Z,2026-09-12T18:45:00Z,1741.6,Lorient,Toulouse,H,Lorient,2.5,16,Total - Home,6.0,1.12,0.15730337,0.84269663,0.15730337,0.00000000,Marathonbet,5.35,1.12,2026-09-11T08:15:48+00:00
TT|1552761|H|3.5,1552761,Ligue 1,61,2026-09-11T13:43:26Z,2026-09-12T18:45:00Z,1741.6,Lorient,Toulouse,H,Lorient,3.5,16,Total - Home,17.0,1.02,0.05660377,0.94339623,0.05660377,0.00000000,Marathonbet,,,2026-09-11T08:15:48+00:00
TT|1552761|A|0.5,1552761,Ligue 1,61,2026-09-11T13:43:26Z,2026-09-12T18:45:00Z,1741.6,Lorient,Toulouse,A,Toulouse,0.5,17,Total - Away,1.3,3.4,0.72340426,0.27659574,0.72340426,-0.00000000,Marathonbet,1.3,3.2,2026-09-11T08:15:48+00:00
TT|1552761|A|1.5,1552761,Ligue 1,61,2026-09-11T13:43:26Z,2026-09-12T18:45:00Z,1741.6,Lorient,Toulouse,A,Toulouse,1.5,17,Total - Away,2.5,1.5,0.37500000,0.62500000,0.37500000,0.00000000,Marathonbet,2.52,1.52,2026-09-11T08:15:48+00:00
TT|1552761|A|2.5,1552761,Ligue 1,61,2026-09-11T13:43:26Z,2026-09-12T18:45:00Z,1741.6,Lorient,Toulouse,A,Toulouse,2.5,17,Total - Away,6.0,1.12,0.15730337,0.84269663,0.15730337,0.00000000,Marathonbet,5.8,1.11,2026-09-11T08:15:48+00:00
TT|1552761|A|3.5,1552761,Ligue 1,61,2026-09-11T13:43:26Z,2026-09-12T18:45:00Z,1741.6,Lorient,Toulouse,A,Toulouse,3.5,17,Total - Away,17.0,1.02,0.05660377,0.94339623,0.05660377,0.00000000,Marathonbet,,,2026-09-11T08:15:48+00:00
TT|1552756|H|0.5,1552756,Ligue 1,61,2026-09-11T13:43:26Z,2026-09-12T18:45:00Z,1741.6,Auxerre,Nice,H,Auxerre,0.5,16,Total - Home,1.28,3.5,0.73221757,0.26778243,0.73221757,0.00000000,Marathonbet,1.28,3.34,2026-09-11T08:15:48+00:00
TT|1552756|H|1.5,1552756,Ligue 1,61,2026-09-11T13:43:26Z,2026-09-12T18:45:00Z,1741.6,Auxerre,Nice,H,Auxerre,1.5,16,Total - Home,2.38,1.53,0.39130435,0.60869565,0.39130435,-0.00000000,Marathonbet,2.42,1.56,2026-09-11T08:15:48+00:00
TT|1552756|H|2.5,1552756,Ligue 1,61,2026-09-11T13:43:26Z,2026-09-12T18:45:00Z,1741.6,Auxerre,Nice,H,Auxerre,2.5,16,Total - Home,6.0,1.12,0.15730337,0.84269663,0.15730337,0.00000000,Marathonbet,5.45,1.12,2026-09-11T08:15:48+00:00
TT|1552756|H|3.5,1552756,Ligue 1,61,2026-09-11T13:43:26Z,2026-09-12T18:45:00Z,1741.6,Auxerre,Nice,H,Auxerre,3.5,16,Total - Home,17.0,1.02,0.05660377,0.94339623,0.05660377,0.00000000,Marathonbet,,,2026-09-11T08:15:48+00:00
TT|1552756|A|0.5,1552756,Ligue 1,61,2026-09-11T13:43:26Z,2026-09-12T18:45:00Z,1741.6,Auxerre,Nice,A,Nice,0.5,17,Total - Away,1.3,3.4,0.72340426,0.27659574,0.72340426,-0.00000000,Marathonbet,1.3,3.2,2026-09-11T08:15:48+00:00
TT|1552756|A|1.5,1552756,Ligue 1,61,2026-09-11T13:43:26Z,2026-09-12T18:45:00Z,1741.6,Auxerre,Nice,A,Nice,1.5,17,Total - Away,2.5,1.5,0.37500000,0.62500000,0.37500000,0.00000000,Marathonbet,2.49,1.53,2026-09-11T08:15:48+00:00
TT|1552756|A|2.5,1552756,Ligue 1,61,2026-09-11T13:43:26Z,2026-09-12T18:45:00Z,1741.6,Auxerre,Nice,A,Nice,2.5,17,Total - Away,6.0,1.12,0.15730337,0.84269663,0.15730337,0.00000000,Marathonbet,5.8,1.11,2026-09-11T08:15:48+00:00
TT|1552756|A|3.5,1552756,Ligue 1,61,2026-09-11T13:43:26Z,2026-09-12T18:45:00Z,1741.6,Auxerre,Nice,A,Nice,3.5,17,Total - Away,17.0,1.02,0.05660377,0.94339623,0.05660377,0.00000000,Marathonbet,,,2026-09-11T08:15:48+00:00
TT|1552758|H|0.5,1552758,Ligue 1,61,2026-09-11T13:43:26Z,2026-09-12T18:45:00Z,1741.6,Le Havre,Angers,H,Le Havre,0.5,16,Total - Home,1.3,3.4,0.72340426,0.27659574,0.72340426,-0.00000000,Marathonbet,1.3,3.2,2026-09-11T13:18:18+00:00
TT|1552758|H|1.5,1552758,Ligue 1,61,2026-09-11T13:43:26Z,2026-09-12T18:45:00Z,1741.6,Le Havre,Angers,H,Le Havre,1.5,16,Total - Home,2.5,1.5,0.37500000,0.62500000,0.37500000,0.00000000,Marathonbet,2.52,1.52,2026-09-11T13:18:18+00:00
TT|1552758|H|2.5,1552758,Ligue 1,61,2026-09-11T13:43:26Z,2026-09-12T18:45:00Z,1741.6,Le Havre,Angers,H,Le Havre,2.5,16,Total - Home,6.5,1.11,0.14586071,0.85413929,0.14586071,-0.00000000,Marathonbet,5.8,1.11,2026-09-11T13:18:18+00:00
TT|1552758|H|3.5,1552758,Ligue 1,61,2026-09-11T13:43:26Z,2026-09-12T18:45:00Z,1741.6,Le Havre,Angers,H,Le Havre,3.5,16,Total - Home,19.0,1.02,0.05094905,0.94905095,0.05094905,0.00000000,Marathonbet,,,2026-09-11T13:18:18+00:00
TT|1552758|A|0.5,1552758,Ligue 1,61,2026-09-11T13:43:26Z,2026-09-12T18:45:00Z,1741.6,Le Havre,Angers,A,Angers,0.5,17,Total - Away,1.36,3.0,0.68807339,0.31192661,0.68807339,0.00000000,Marathonbet,1.35,2.93,2026-09-11T13:18:18+00:00
TT|1552758|A|1.5,1552758,Ligue 1,61,2026-09-11T13:43:26Z,2026-09-12T18:45:00Z,1741.6,Le Havre,Angers,A,Angers,1.5,17,Total - Away,2.62,1.44,0.35467980,0.64532020,0.35467980,0.00000000,Marathonbet,2.77,1.44,2026-09-11T13:18:18+00:00
TT|1552758|A|2.5,1552758,Ligue 1,61,2026-09-11T13:43:26Z,2026-09-12T18:45:00Z,1741.6,Le Havre,Angers,A,Angers,2.5,17,Total - Away,7.0,1.1,0.13580247,0.86419753,0.13580247,-0.00000000,Marathonbet,6.65,1.08,2026-09-11T13:18:18+00:00
TT|1552758|A|3.5,1552758,Ligue 1,61,2026-09-11T13:43:26Z,2026-09-12T18:45:00Z,1741.6,Le Havre,Angers,A,Angers,3.5,17,Total - Away,19.0,1.02,0.05094905,0.94905095,0.05094905,0.00000000,Marathonbet,,,2026-09-11T13:18:18+00:00
TT|1552762|H|0.5,1552762,Ligue 1,61,2026-09-11T13:43:26Z,2026-09-12T18:45:00Z,1741.6,Paris FC,Lyon,H,Paris FC,0.5,16,Total - Home,1.22,4.0,0.76628352,0.23371648,0.76628352,0.00000000,Marathonbet,1.28,3.34,2026-09-11T08:15:48+00:00
TT|1552762|H|1.5,1552762,Ligue 1,61,2026-09-11T13:43:26Z,2026-09-12T18:45:00Z,1741.6,Paris FC,Lyon,H,Paris FC,1.5,16,Total - Home,2.1,1.67,0.44297082,0.55702918,0.44297082,0.00000000,Marathonbet,2.17,1.7,2026-09-11T08:15:48+00:00
TT|1552762|H|2.5,1552762,Ligue 1,61,2026-09-11T13:43:26Z,2026-09-12T18:45:00Z,1741.6,Paris FC,Lyon,H,Paris FC,2.5,16,Total - Home,4.5,1.18,0.20774648,0.79225352,0.20774648,-0.00000000,Marathonbet,4.7,1.17,2026-09-11T08:15:48+00:00
TT|1552762|H|3.5,1552762,Ligue 1,61,2026-09-11T13:43:26Z,2026-09-12T18:45:00Z,1741.6,Paris FC,Lyon,H,Paris FC,3.5,16,Total - Home,13.0,1.04,0.07407407,0.92592593,0.07407407,0.00000000,Marathonbet,10.5,1.01,2026-09-11T08:15:48+00:00
TT|1552762|H|4.5,1552762,Ligue 1,61,2026-09-11T13:43:26Z,2026-09-12T18:45:00Z,1741.6,Paris FC,Lyon,H,Paris FC,4.5,16,Total - Home,29.0,1.01,0.03365545,0.96634455,0.03365545,-0.00000000,Marathonbet,,,2026-09-11T08:15:48+00:00
TT|1552762|A|0.5,1552762,Ligue 1,61,2026-09-11T13:43:26Z,2026-09-12T18:45:00Z,1741.6,Paris FC,Lyon,A,Lyon,0.5,17,Total - Away,1.22,4.0,0.76628352,0.23371648,0.76628352,0.00000000,Marathonbet,,,2026-09-11T08:15:48+00:00
TT|1552762|A|1.5,1552762,Ligue 1,61,2026-09-11T13:43:26Z,2026-09-12T18:45:00Z,1741.6,Paris FC,Lyon,A,Lyon,1.5,17,Total - Away,2.1,1.67,0.44297082,0.55702918,0.44297082,0.00000000,Marathonbet,2.13,1.73,2026-09-11T08:15:48+00:00
TT|1552762|A|2.5,1552762,Ligue 1,61,2026-09-11T13:43:26Z,2026-09-12T18:45:00Z,1741.6,Paris FC,Lyon,A,Lyon,2.5,17,Total - Away,4.5,1.18,0.20774648,0.79225352,0.20774648,-0.00000000,Marathonbet,4.55,1.18,2026-09-11T08:15:48+00:00
TT|1552762|A|3.5,1552762,Ligue 1,61,2026-09-11T13:43:26Z,2026-09-12T18:45:00Z,1741.6,Paris FC,Lyon,A,Lyon,3.5,17,Total - Away,13.0,1.04,0.07407407,0.92592593,0.07407407,0.00000000,Marathonbet,9.9,1.02,2026-09-11T08:15:48+00:00
TT|1552762|A|4.5,1552762,Ligue 1,61,2026-09-11T13:43:26Z,2026-09-12T18:45:00Z,1741.6,Paris FC,Lyon,A,Lyon,4.5,17,Total - Away,29.0,1.01,0.03365545,0.96634455,0.03365545,-0.00000000,Marathonbet,,,2026-09-11T08:15:48+00:00
TT|1552760|H|0.5,1552760,Ligue 1,61,2026-09-11T13:43:26Z,2026-09-13T13:00:00Z,2836.6,Lille,Estac Troyes,H,Lille,0.5,16,Total - Home,1.08,8.0,0.88105727,0.11894273,0.88105727,-0.00000000,Marathonbet,,,2026-09-11T13:18:17+00:00
TT|1552760|H|1.5,1552760,Ligue 1,61,2026-09-11T13:43:26Z,2026-09-13T13:00:00Z,2836.6,Lille,Estac Troyes,H,Lille,1.5,16,Total - Home,1.5,2.5,0.62500000,0.37500000,0.62500000,0.00000000,Marathonbet,1.53,2.49,2026-09-11T13:18:17+00:00
TT|1552760|H|2.5,1552760,Ligue 1,61,2026-09-11T13:43:26Z,2026-09-13T13:00:00Z,2836.6,Lille,Estac Troyes,H,Lille,2.5,16,Total - Home,2.5,1.5,0.37500000,0.62500000,0.37500000,0.00000000,Marathonbet,2.6,1.49,2026-09-11T13:18:17+00:00
TT|1552760|H|3.5,1552760,Ligue 1,61,2026-09-11T13:43:26Z,2026-09-13T13:00:00Z,2836.6,Lille,Estac Troyes,H,Lille,3.5,16,Total - Home,5.0,1.17,0.18962723,0.81037277,0.18962723,-0.00000000,Marathonbet,5.05,1.14,2026-09-11T13:18:17+00:00
TT|1552760|H|4.5,1552760,Ligue 1,61,2026-09-11T13:43:26Z,2026-09-13T13:00:00Z,2836.6,Lille,Estac Troyes,H,Lille,4.5,16,Total - Home,11.0,1.05,0.08713693,0.91286307,0.08713693,-0.00000000,Marathonbet,,,2026-09-11T13:18:17+00:00
TT|1552760|H|5.5,1552760,Ligue 1,61,2026-09-11T13:43:26Z,2026-09-13T13:00:00Z,2836.6,Lille,Estac Troyes,H,Lille,5.5,16,Total - Home,26.0,1.01,0.03739356,0.96260644,0.03739356,-0.00000000,Marathonbet,,,2026-09-11T13:18:17+00:00
TT|1552760|A|0.5,1552760,Ligue 1,61,2026-09-11T13:43:26Z,2026-09-13T13:00:00Z,2836.6,Lille,Estac Troyes,A,Estac Troyes,0.5,17,Total - Away,1.73,2.0,0.53619303,0.46380697,0.53619303,-0.00000000,Marathonbet,1.67,2.07,2026-09-11T13:18:17+00:00
TT|1552760|A|1.5,1552760,Ligue 1,61,2026-09-11T13:43:26Z,2026-09-13T13:00:00Z,2836.6,Lille,Estac Troyes,A,Estac Troyes,1.5,17,Total - Away,4.5,1.18,0.20774648,0.79225352,0.20774648,-0.00000000,Marathonbet,4.55,1.2,2026-09-11T13:18:17+00:00
TT|1552760|A|2.5,1552760,Ligue 1,61,2026-09-11T13:43:26Z,2026-09-13T13:00:00Z,2836.6,Lille,Estac Troyes,A,Estac Troyes,2.5,17,Total - Away,17.0,1.02,0.05660377,0.94339623,0.05660377,0.00000000,Marathonbet,12.75,1.01,2026-09-11T13:18:17+00:00
TT|1552759|H|0.5,1552759,Ligue 1,61,2026-09-11T13:43:26Z,2026-09-13T15:15:00Z,2971.6,Le Mans,Lens,H,Le Mans,0.5,16,Total - Home,1.44,2.62,0.64532020,0.35467980,0.64532020,-0.00000000,Marathonbet,1.44,2.58,2026-09-11T13:18:18+00:00
TT|1552759|H|1.5,1552759,Ligue 1,61,2026-09-11T13:43:26Z,2026-09-13T15:15:00Z,2971.6,Le Mans,Lens,H,Le Mans,1.5,16,Total - Home,3.4,1.3,0.27659574,0.72340426,0.27659574,0.00000000,Marathonbet,3.24,1.34,2026-09-11T13:18:18+00:00
TT|1552759|H|2.5,1552759,Ligue 1,61,2026-09-11T13:43:26Z,2026-09-13T15:15:00Z,2971.6,Le Mans,Lens,H,Le Mans,2.5,16,Total - Home,10.0,1.06,0.09584087,0.90415913,0.09584087,-0.00000000,Marathonbet,8.8,1.04,2026-09-11T13:18:18+00:00
TT|1552759|H|3.5,1552759,Ligue 1,61,2026-09-11T13:43:26Z,2026-09-13T15:15:00Z,2971.6,Le Mans,Lens,H,Le Mans,3.5,16,Total - Home,26.0,1.01,0.03739356,0.96260644,0.03739356,-0.00000000,Marathonbet,,,2026-09-11T13:18:18+00:00
TT|1552759|A|0.5,1552759,Ligue 1,61,2026-09-11T13:43:26Z,2026-09-13T15:15:00Z,2971.6,Le Mans,Lens,A,Lens,0.5,17,Total - Away,1.12,6.0,0.84269663,0.15730337,0.84269663,-0.00000000,Marathonbet,,,2026-09-11T13:18:18+00:00
TT|1552759|A|1.5,1552759,Ligue 1,61,2026-09-11T13:43:26Z,2026-09-13T15:15:00Z,2971.6,Le Mans,Lens,A,Lens,1.5,17,Total - Away,1.62,2.2,0.57591623,0.42408377,0.57591623,0.00000000,Marathonbet,1.63,2.27,2026-09-11T13:18:18+00:00
TT|1552759|A|2.5,1552759,Ligue 1,61,2026-09-11T13:43:26Z,2026-09-13T15:15:00Z,2971.6,Le Mans,Lens,A,Lens,2.5,17,Total - Away,3.0,1.36,0.31192661,0.68807339,0.31192661,-0.00000000,Marathonbet,2.93,1.4,2026-09-11T13:18:18+00:00
TT|1552759|A|3.5,1552759,Ligue 1,61,2026-09-11T13:43:26Z,2026-09-13T15:15:00Z,2971.6,Le Mans,Lens,A,Lens,3.5,17,Total - Away,6.5,1.11,0.14586071,0.85413929,0.14586071,-0.00000000,Marathonbet,6.15,1.1,2026-09-11T13:18:18+00:00
TT|1552759|A|4.5,1552759,Ligue 1,61,2026-09-11T13:43:26Z,2026-09-13T15:15:00Z,2971.6,Le Mans,Lens,A,Lens,4.5,17,Total - Away,15.0,1.03,0.06425452,0.93574548,0.06425452,0.00000000,Marathonbet,,,2026-09-11T13:18:18+00:00
TT|1552757|H|0.5,1552757,Ligue 1,61,2026-09-11T13:43:26Z,2026-09-13T18:45:00Z,3181.6,Stade Brestois 29,Paris Saint Germain,H,Stade Brestois 29,0.5,16,Total - Home,1.67,2.1,0.55702918,0.44297082,0.55702918,-0.00000000,Marathonbet,1.65,2.11,2026-09-11T13:18:17+00:00
TT|1552757|H|1.5,1552757,Ligue 1,61,2026-09-11T13:43:26Z,2026-09-13T18:45:00Z,3181.6,Stade Brestois 29,Paris Saint Germain,H,Stade Brestois 29,1.5,16,Total - Home,4.33,1.2,0.21699819,0.78300181,0.21699819,0.00000000,Marathonbet,4.55,1.2,2026-09-11T13:18:17+00:00
TT|1552757|H|2.5,1552757,Ligue 1,61,2026-09-11T13:43:26Z,2026-09-13T18:45:00Z,3181.6,Stade Brestois 29,Paris Saint Germain,H,Stade Brestois 29,2.5,16,Total - Home,15.0,1.03,0.06425452,0.93574548,0.06425452,0.00000000,Marathonbet,,,2026-09-11T13:18:17+00:00
TT|1552757|A|0.5,1552757,Ligue 1,61,2026-09-11T13:43:26Z,2026-09-13T18:45:00Z,3181.6,Stade Brestois 29,Paris Saint Germain,A,Paris Saint Germain,0.5,17,Total - Away,1.04,13.0,0.92592593,0.07407407,0.92592593,-0.00000000,Marathonbet,,,2026-09-11T13:18:17+00:00
TT|1552757|A|1.5,1552757,Ligue 1,61,2026-09-11T13:43:26Z,2026-09-13T18:45:00Z,3181.6,Stade Brestois 29,Paris Saint Germain,A,Paris Saint Germain,1.5,17,Total - Away,1.28,3.5,0.73221757,0.26778243,0.73221757,0.00000000,Marathonbet,1.26,3.66,2026-09-11T13:18:17+00:00
TT|1552757|A|2.5,1552757,Ligue 1,61,2026-09-11T13:43:26Z,2026-09-13T18:45:00Z,3181.6,Stade Brestois 29,Paris Saint Germain,A,Paris Saint Germain,2.5,17,Total - Away,1.83,1.83,0.50000000,0.50000000,0.50000000,0.00000000,Marathonbet,1.87,1.94,2026-09-11T13:18:17+00:00
TT|1552757|A|3.5,1552757,Ligue 1,61,2026-09-11T13:43:26Z,2026-09-13T18:45:00Z,3181.6,Stade Brestois 29,Paris Saint Germain,A,Paris Saint Germain,3.5,17,Total - Away,3.25,1.33,0.29039301,0.70960699,0.29039301,0.00000000,Marathonbet,3.12,1.34,2026-09-11T13:18:17+00:00
TT|1552757|A|4.5,1552757,Ligue 1,61,2026-09-11T13:43:26Z,2026-09-13T18:45:00Z,3181.6,Stade Brestois 29,Paris Saint Germain,A,Paris Saint Germain,4.5,17,Total - Away,6.5,1.11,0.14586071,0.85413929,0.14586071,-0.00000000,Marathonbet,,,2026-09-11T13:18:17+00:00
TT|1552757|A|5.5,1552757,Ligue 1,61,2026-09-11T13:43:26Z,2026-09-13T18:45:00Z,3181.6,Stade Brestois 29,Paris Saint Germain,A,Paris Saint Germain,5.5,17,Total - Away,15.0,1.03,0.06425452,0.93574548,0.06425452,0.00000000,Marathonbet,,,2026-09-11T13:18:17+00:00
TT|1552757|A|6.5,1552757,Ligue 1,61,2026-09-11T13:43:26Z,2026-09-13T18:45:00Z,3181.6,Stade Brestois 29,Paris Saint Germain,A,Paris Saint Germain,6.5,17,Total - Away,29.0,1.01,0.03365545,0.96634455,0.03365545,-0.00000000,Marathonbet,,,2026-09-11T13:18:17+00:00
TT|1561926|H|0.5,1561926,Austrian Bundesliga,218,2026-09-11T13:43:26Z,2026-09-11T17:30:00Z,226.6,Ried,Red Bull Salzburg,H,Ried,0.5,16,Total - Home,1.44,2.62,0.64532020,0.35467980,0.64532020,-0.00000000,Marathonbet,1.42,2.61,2026-09-11T12:00:44+00:00
TT|1561926|H|1.5,1561926,Austrian Bundesliga,218,2026-09-11T13:43:26Z,2026-09-11T17:30:00Z,226.6,Ried,Red Bull Salzburg,H,Ried,1.5,16,Total - Home,3.25,1.33,0.29039301,0.70960699,0.29039301,0.00000000,Marathonbet,3.1,1.34,2026-09-11T12:00:44+00:00
TT|1561926|H|2.5,1561926,Austrian Bundesliga,218,2026-09-11T13:43:26Z,2026-09-11T17:30:00Z,226.6,Ried,Red Bull Salzburg,H,Ried,2.5,16,Total - Home,10.0,1.06,0.09584087,0.90415913,0.09584087,-0.00000000,Marathonbet,7.8,1.04,2026-09-11T12:00:44+00:00
TT|1561926|H|3.5,1561926,Austrian Bundesliga,218,2026-09-11T13:43:26Z,2026-09-11T17:30:00Z,226.6,Ried,Red Bull Salzburg,H,Ried,3.5,16,Total - Home,26.0,1.01,0.03739356,0.96260644,0.03739356,-0.00000000,Marathonbet,,,2026-09-11T12:00:44+00:00
TT|1561926|A|0.5,1561926,Austrian Bundesliga,218,2026-09-11T13:43:26Z,2026-09-11T17:30:00Z,226.6,Ried,Red Bull Salzburg,A,Red Bull Salzburg,0.5,17,Total - Away,1.08,8.0,0.88105727,0.11894273,0.88105727,-0.00000000,Marathonbet,,,2026-09-11T12:00:44+00:00
TT|1561926|A|1.5,1561926,Austrian Bundesliga,218,2026-09-11T13:43:26Z,2026-09-11T17:30:00Z,226.6,Ried,Red Bull Salzburg,A,Red Bull Salzburg,1.5,17,Total - Away,1.44,2.62,0.64532020,0.35467980,0.64532020,-0.00000000,Marathonbet,1.46,2.61,2026-09-11T12:00:44+00:00
TT|1561926|A|2.5,1561926,Austrian Bundesliga,218,2026-09-11T13:43:26Z,2026-09-11T17:30:00Z,226.6,Ried,Red Bull Salzburg,A,Red Bull Salzburg,2.5,17,Total - Away,2.38,1.53,0.39130435,0.60869565,0.39130435,-0.00000000,Marathonbet,2.36,1.55,2026-09-11T12:00:44+00:00
TT|1561926|A|3.5,1561926,Austrian Bundesliga,218,2026-09-11T13:43:26Z,2026-09-11T17:30:00Z,226.6,Ried,Red Bull Salzburg,A,Red Bull Salzburg,3.5,17,Total - Away,4.5,1.18,0.20774648,0.79225352,0.20774648,-0.00000000,Marathonbet,4.33,1.16,2026-09-11T12:00:44+00:00
TT|1561926|A|4.5,1561926,Austrian Bundesliga,218,2026-09-11T13:43:26Z,2026-09-11T17:30:00Z,226.6,Ried,Red Bull Salzburg,A,Red Bull Salzburg,4.5,17,Total - Away,11.0,1.05,0.08713693,0.91286307,0.08713693,-0.00000000,Marathonbet,,,2026-09-11T12:00:44+00:00
TT|1561926|A|5.5,1561926,Austrian Bundesliga,218,2026-09-11T13:43:26Z,2026-09-11T17:30:00Z,226.6,Ried,Red Bull Salzburg,A,Red Bull Salzburg,5.5,17,Total - Away,23.0,1.01,0.04206581,0.95793419,0.04206581,-0.00000000,Marathonbet,,,2026-09-11T12:00:44+00:00
TT|1561924|H|0.5,1561924,Austrian Bundesliga,218,2026-09-11T13:43:26Z,2026-09-12T15:00:00Z,1516.6,SCR Altach,Grazer AK,H,SCR Altach,0.5,16,Total - Home,1.22,4.0,0.76628352,0.23371648,0.76628352,0.00000000,Marathonbet,,,2026-09-11T09:31:18+00:00
TT|1561924|H|1.5,1561924,Austrian Bundesliga,218,2026-09-11T13:43:26Z,2026-09-12T15:00:00Z,1516.6,SCR Altach,Grazer AK,H,SCR Altach,1.5,16,Total - Home,2.0,1.73,0.46380697,0.53619303,0.46380697,0.00000000,Marathonbet,2.1,1.71,2026-09-11T09:31:18+00:00
TT|1561924|H|2.5,1561924,Austrian Bundesliga,218,2026-09-11T13:43:26Z,2026-09-12T15:00:00Z,1516.6,SCR Altach,Grazer AK,H,SCR Altach,2.5,16,Total - Home,4.5,1.18,0.20774648,0.79225352,0.20774648,-0.00000000,Marathonbet,4.5,1.17,2026-09-11T09:31:18+00:00
TT|1561924|H|3.5,1561924,Austrian Bundesliga,218,2026-09-11T13:43:26Z,2026-09-12T15:00:00Z,1516.6,SCR Altach,Grazer AK,H,SCR Altach,3.5,16,Total - Home,11.0,1.05,0.08713693,0.91286307,0.08713693,-0.00000000,Marathonbet,,,2026-09-11T09:31:18+00:00
TT|1561924|H|4.5,1561924,Austrian Bundesliga,218,2026-09-11T13:43:26Z,2026-09-12T15:00:00Z,1516.6,SCR Altach,Grazer AK,H,SCR Altach,4.5,16,Total - Home,29.0,1.01,0.03365545,0.96634455,0.03365545,-0.00000000,Marathonbet,,,2026-09-11T09:31:18+00:00
TT|1561924|A|0.5,1561924,Austrian Bundesliga,218,2026-09-11T13:43:26Z,2026-09-12T15:00:00Z,1516.6,SCR Altach,Grazer AK,A,Grazer AK,0.5,17,Total - Away,1.33,3.25,0.70960699,0.29039301,0.70960699,-0.00000000,Marathonbet,1.34,2.93,2026-09-11T09:31:18+00:00
TT|1561924|A|1.5,1561924,Austrian Bundesliga,218,2026-09-11T13:43:26Z,2026-09-12T15:00:00Z,1516.6,SCR Altach,Grazer AK,A,Grazer AK,1.5,17,Total - Away,2.62,1.44,0.35467980,0.64532020,0.35467980,0.00000000,Marathonbet,2.75,1.42,2026-09-11T09:31:18+00:00
TT|1561924|A|2.5,1561924,Austrian Bundesliga,218,2026-09-11T13:43:26Z,2026-09-12T15:00:00Z,1516.6,SCR Altach,Grazer AK,A,Grazer AK,2.5,17,Total - Away,7.0,1.1,0.13580247,0.86419753,0.13580247,-0.00000000,Marathonbet,6.8,1.06,2026-09-11T09:31:18+00:00
TT|1561924|A|3.5,1561924,Austrian Bundesliga,218,2026-09-11T13:43:26Z,2026-09-12T15:00:00Z,1516.6,SCR Altach,Grazer AK,A,Grazer AK,3.5,17,Total - Away,19.0,1.02,0.05094905,0.94905095,0.05094905,0.00000000,Marathonbet,,,2026-09-11T09:31:18+00:00
TT|1561929|H|0.5,1561929,Austrian Bundesliga,218,2026-09-11T13:43:26Z,2026-09-12T17:30:00Z,1666.6,Wolfsberger AC,Rapid Vienna,H,Wolfsberger AC,0.5,16,Total - Home,1.36,3.0,0.68807339,0.31192661,0.68807339,0.00000000,Marathonbet,1.34,2.93,2026-09-11T09:31:18+00:00
TT|1561929|H|1.5,1561929,Austrian Bundesliga,218,2026-09-11T13:43:26Z,2026-09-12T17:30:00Z,1666.6,Wolfsberger AC,Rapid Vienna,H,Wolfsberger AC,1.5,16,Total - Home,2.75,1.4,0.33734940,0.66265060,0.33734940,-0.00000000,Marathonbet,2.78,1.41,2026-09-11T09:31:18+00:00
TT|1561929|H|2.5,1561929,Austrian Bundesliga,218,2026-09-11T13:43:26Z,2026-09-12T17:30:00Z,1666.6,Wolfsberger AC,Rapid Vienna,H,Wolfsberger AC,2.5,16,Total - Home,8.0,1.08,0.11894273,0.88105727,0.11894273,0.00000000,Marathonbet,7.4,1.05,2026-09-11T09:31:18+00:00
TT|1561929|H|3.5,1561929,Austrian Bundesliga,218,2026-09-11T13:43:26Z,2026-09-12T17:30:00Z,1666.6,Wolfsberger AC,Rapid Vienna,H,Wolfsberger AC,3.5,16,Total - Home,21.0,1.01,0.04588823,0.95411177,0.04588823,0.00000000,Marathonbet,,,2026-09-11T09:31:18+00:00
TT|1561929|A|0.5,1561929,Austrian Bundesliga,218,2026-09-11T13:43:26Z,2026-09-12T17:30:00Z,1666.6,Wolfsberger AC,Rapid Vienna,A,Rapid Vienna,0.5,17,Total - Away,1.11,6.5,0.85413929,0.14586071,0.85413929,0.00000000,Marathonbet,,,2026-09-11T09:31:18+00:00
TT|1561929|A|1.5,1561929,Austrian Bundesliga,218,2026-09-11T13:43:26Z,2026-09-12T17:30:00Z,1666.6,Wolfsberger AC,Rapid Vienna,A,Rapid Vienna,1.5,17,Total - Away,1.57,2.25,0.58900524,0.41099476,0.58900524,-0.00000000,Marathonbet,1.57,2.32,2026-09-11T09:31:18+00:00
TT|1561929|A|2.5,1561929,Austrian Bundesliga,218,2026-09-11T13:43:26Z,2026-09-12T17:30:00Z,1666.6,Wolfsberger AC,Rapid Vienna,A,Rapid Vienna,2.5,17,Total - Away,2.75,1.4,0.33734940,0.66265060,0.33734940,-0.00000000,Marathonbet,2.78,1.41,2026-09-11T09:31:18+00:00
TT|1561929|A|3.5,1561929,Austrian Bundesliga,218,2026-09-11T13:43:26Z,2026-09-12T17:30:00Z,1666.6,Wolfsberger AC,Rapid Vienna,A,Rapid Vienna,3.5,17,Total - Away,6.0,1.12,0.15730337,0.84269663,0.15730337,0.00000000,Marathonbet,5.85,1.09,2026-09-11T09:31:18+00:00
TT|1561929|A|4.5,1561929,Austrian Bundesliga,218,2026-09-11T13:43:26Z,2026-09-12T17:30:00Z,1666.6,Wolfsberger AC,Rapid Vienna,A,Rapid Vienna,4.5,17,Total - Away,15.0,1.03,0.06425452,0.93574548,0.06425452,0.00000000,Marathonbet,,,2026-09-11T09:31:18+00:00
TT|1561929|A|5.5,1561929,Austrian Bundesliga,218,2026-09-11T13:43:26Z,2026-09-12T17:30:00Z,1666.6,Wolfsberger AC,Rapid Vienna,A,Rapid Vienna,5.5,17,Total - Away,29.0,1.01,0.03365545,0.96634455,0.03365545,-0.00000000,Marathonbet,,,2026-09-11T09:31:18+00:00
TT|1561925|H|0.5,1561925,Austrian Bundesliga,218,2026-09-11T13:43:26Z,2026-09-13T12:30:00Z,2806.6,Austria Vienna,Austria Lustenau,H,Austria Vienna,0.5,16,Total - Home,1.17,5.0,0.81037277,0.18962723,0.81037277,0.00000000,Marathonbet,,,2026-09-11T09:31:18+00:00
TT|1561925|H|1.5,1561925,Austrian Bundesliga,218,2026-09-11T13:43:26Z,2026-09-13T12:30:00Z,2806.6,Austria Vienna,Austria Lustenau,H,Austria Vienna,1.5,16,Total - Home,1.83,1.83,0.50000000,0.50000000,0.50000000,0.00000000,Marathonbet,1.85,1.92,2026-09-11T09:31:18+00:00
TT|1561925|H|2.5,1561925,Austrian Bundesliga,218,2026-09-11T13:43:26Z,2026-09-13T12:30:00Z,2806.6,Austria Vienna,Austria Lustenau,H,Austria Vienna,2.5,16,Total - Home,3.75,1.25,0.25000000,0.75000000,0.25000000,0.00000000,Marathonbet,3.58,1.25,2026-09-11T09:31:18+00:00
TT|1561925|H|3.5,1561925,Austrian Bundesliga,218,2026-09-11T13:43:26Z,2026-09-13T12:30:00Z,2806.6,Austria Vienna,Austria Lustenau,H,Austria Vienna,3.5,16,Total - Home,9.0,1.07,0.10625621,0.89374379,0.10625621,-0.00000000,Marathonbet,7.8,1.03,2026-09-11T09:31:18+00:00
TT|1561925|H|4.5,1561925,Austrian Bundesliga,218,2026-09-11T13:43:26Z,2026-09-13T12:30:00Z,2806.6,Austria Vienna,Austria Lustenau,H,Austria Vienna,4.5,16,Total - Home,21.0,1.01,0.04588823,0.95411177,0.04588823,0.00000000,Marathonbet,,,2026-09-11T09:31:18+00:00
TT|1561925|A|0.5,1561925,Austrian Bundesliga,218,2026-09-11T13:43:26Z,2026-09-13T12:30:00Z,2806.6,Austria Vienna,Austria Lustenau,A,Austria Lustenau,0.5,17,Total - Away,1.4,2.75,0.66265060,0.33734940,0.66265060,0.00000000,Marathonbet,1.4,2.68,2026-09-11T09:31:18+00:00
TT|1561925|A|1.5,1561925,Austrian Bundesliga,218,2026-09-11T13:43:26Z,2026-09-13T12:30:00Z,2806.6,Austria Vienna,Austria Lustenau,A,Austria Lustenau,1.5,17,Total - Away,3.0,1.36,0.31192661,0.68807339,0.31192661,-0.00000000,Marathonbet,3.05,1.35,2026-09-11T09:31:18+00:00
TT|1561925|A|2.5,1561925,Austrian Bundesliga,218,2026-09-11T13:43:26Z,2026-09-13T12:30:00Z,2806.6,Austria Vienna,Austria Lustenau,A,Austria Lustenau,2.5,17,Total - Away,9.0,1.07,0.10625621,0.89374379,0.10625621,-0.00000000,Marathonbet,8.1,1.04,2026-09-11T09:31:18+00:00
TT|1561925|A|3.5,1561925,Austrian Bundesliga,218,2026-09-11T13:43:26Z,2026-09-13T12:30:00Z,2806.6,Austria Vienna,Austria Lustenau,A,Austria Lustenau,3.5,17,Total - Away,23.0,1.01,0.04206581,0.95793419,0.04206581,-0.00000000,Marathonbet,,,2026-09-11T09:31:18+00:00
TT|1561928|H|0.5,1561928,Austrian Bundesliga,218,2026-09-11T13:43:26Z,2026-09-13T12:30:00Z,2806.6,WSG Wattens,TSV Hartberg,H,WSG Wattens,0.5,16,Total - Home,1.2,4.33,0.78300181,0.21699819,0.78300181,-0.00000000,Marathonbet,,,2026-09-11T09:31:18+00:00
TT|1561928|H|1.5,1561928,Austrian Bundesliga,218,2026-09-11T13:43:26Z,2026-09-13T12:30:00Z,2806.6,WSG Wattens,TSV Hartberg,H,WSG Wattens,1.5,16,Total - Home,1.91,1.8,0.48517520,0.51482480,0.48517520,0.00000000,Marathonbet,1.96,1.81,2026-09-11T09:31:18+00:00
TT|1561928|H|2.5,1561928,Austrian Bundesliga,218,2026-09-11T13:43:26Z,2026-09-13T12:30:00Z,2806.6,WSG Wattens,TSV Hartberg,H,WSG Wattens,2.5,16,Total - Home,4.0,1.22,0.23371648,0.76628352,0.23371648,-0.00000000,Marathonbet,3.94,1.21,2026-09-11T09:31:18+00:00
TT|1561928|H|3.5,1561928,Austrian Bundesliga,218,2026-09-11T13:43:26Z,2026-09-13T12:30:00Z,2806.6,WSG Wattens,TSV Hartberg,H,WSG Wattens,3.5,16,Total - Home,11.0,1.05,0.08713693,0.91286307,0.08713693,-0.00000000,Marathonbet,8.9,1.01,2026-09-11T09:31:18+00:00
TT|1561928|H|4.5,1561928,Austrian Bundesliga,218,2026-09-11T13:43:26Z,2026-09-13T12:30:00Z,2806.6,WSG Wattens,TSV Hartberg,H,WSG Wattens,4.5,16,Total - Home,26.0,1.01,0.03739356,0.96260644,0.03739356,-0.00000000,Marathonbet,,,2026-09-11T09:31:18+00:00
TT|1561928|A|0.5,1561928,Austrian Bundesliga,218,2026-09-11T13:43:26Z,2026-09-13T12:30:00Z,2806.6,WSG Wattens,TSV Hartberg,A,TSV Hartberg,0.5,17,Total - Away,1.3,3.4,0.72340426,0.27659574,0.72340426,-0.00000000,Marathonbet,1.28,3.24,2026-09-11T09:31:18+00:00
TT|1561928|A|1.5,1561928,Austrian Bundesliga,218,2026-09-11T13:43:26Z,2026-09-13T12:30:00Z,2806.6,WSG Wattens,TSV Hartberg,A,TSV Hartberg,1.5,17,Total - Away,2.5,1.5,0.37500000,0.62500000,0.37500000,0.00000000,Marathonbet,2.49,1.5,2026-09-11T09:31:18+00:00
TT|1561928|A|2.5,1561928,Austrian Bundesliga,218,2026-09-11T13:43:26Z,2026-09-13T12:30:00Z,2806.6,WSG Wattens,TSV Hartberg,A,TSV Hartberg,2.5,17,Total - Away,6.0,1.12,0.15730337,0.84269663,0.15730337,0.00000000,Marathonbet,5.9,1.09,2026-09-11T09:31:18+00:00
TT|1561928|A|3.5,1561928,Austrian Bundesliga,218,2026-09-11T13:43:26Z,2026-09-13T12:30:00Z,2806.6,WSG Wattens,TSV Hartberg,A,TSV Hartberg,3.5,17,Total - Away,17.0,1.02,0.05660377,0.94339623,0.05660377,0.00000000,Marathonbet,,,2026-09-11T09:31:18+00:00
TT|1561927|H|0.5,1561927,Austrian Bundesliga,218,2026-09-11T13:43:26Z,2026-09-13T15:00:00Z,2956.6,Sturm Graz,Lask Linz,H,Sturm Graz,0.5,16,Total - Home,1.25,3.75,0.75000000,0.25000000,0.75000000,0.00000000,Marathonbet,1.24,3.56,2026-09-11T09:31:18+00:00
TT|1561927|H|1.5,1561927,Austrian Bundesliga,218,2026-09-11T13:43:26Z,2026-09-13T15:00:00Z,2956.6,Sturm Graz,Lask Linz,H,Sturm Graz,1.5,16,Total - Home,2.2,1.62,0.42408377,0.57591623,0.42408377,-0.00000000,Marathonbet,2.23,1.63,2026-09-11T09:31:18+00:00
TT|1561927|H|2.5,1561927,Austrian Bundesliga,218,2026-09-11T13:43:26Z,2026-09-13T15:00:00Z,2956.6,Sturm Graz,Lask Linz,H,Sturm Graz,2.5,16,Total - Home,5.0,1.17,0.18962723,0.81037277,0.18962723,-0.00000000,Marathonbet,4.85,1.14,2026-09-11T09:31:18+00:00
TT|1561927|H|3.5,1561927,Austrian Bundesliga,218,2026-09-11T13:43:26Z,2026-09-13T15:00:00Z,2956.6,Sturm Graz,Lask Linz,H,Sturm Graz,3.5,16,Total - Home,15.0,1.03,0.06425452,0.93574548,0.06425452,0.00000000,Marathonbet,,,2026-09-11T09:31:18+00:00
TT|1561927|A|0.5,1561927,Austrian Bundesliga,218,2026-09-11T13:43:26Z,2026-09-13T15:00:00Z,2956.6,Sturm Graz,Lask Linz,A,Lask Linz,0.5,17,Total - Away,1.17,5.0,0.81037277,0.18962723,0.81037277,0.00000000,Marathonbet,,,2026-09-11T09:31:18+00:00
TT|1561927|A|1.5,1561927,Austrian Bundesliga,218,2026-09-11T13:43:26Z,2026-09-13T15:00:00Z,2956.6,Sturm Graz,Lask Linz,A,Lask Linz,1.5,17,Total - Away,1.8,1.91,0.51482480,0.48517520,0.51482480,-0.00000000,Marathonbet,1.78,2.0,2026-09-11T09:31:18+00:00
TT|1561927|A|2.5,1561927,Austrian Bundesliga,218,2026-09-11T13:43:26Z,2026-09-13T15:00:00Z,2956.6,Sturm Graz,Lask Linz,A,Lask Linz,2.5,17,Total - Away,3.5,1.28,0.26778243,0.73221757,0.26778243,-0.00000000,Marathonbet,3.32,1.28,2026-09-11T09:31:18+00:00
TT|1561927|A|3.5,1561927,Austrian Bundesliga,218,2026-09-11T13:43:26Z,2026-09-13T15:00:00Z,2956.6,Sturm Graz,Lask Linz,A,Lask Linz,3.5,17,Total - Away,9.0,1.07,0.10625621,0.89374379,0.10625621,-0.00000000,Marathonbet,6.8,1.05,2026-09-11T09:31:18+00:00
TT|1561927|A|4.5,1561927,Austrian Bundesliga,218,2026-09-11T13:43:26Z,2026-09-13T15:00:00Z,2956.6,Sturm Graz,Lask Linz,A,Lask Linz,4.5,17,Total - Away,21.0,1.01,0.04588823,0.95411177,0.04588823,0.00000000,Marathonbet,,,2026-09-11T09:31:18+00:00
TT|1558626|H|0.5,1558626,Belgian Pro League,144,2026-09-11T13:43:26Z,2026-09-11T18:45:00Z,301.6,KV Mechelen,Anderlecht,H,KV Mechelen,0.5,16,Total - Home,1.4,2.75,0.66265060,0.33734940,0.66265060,0.00000000,Marathonbet,1.36,2.83,2026-09-11T09:24:14+00:00
TT|1558626|H|1.5,1558626,Belgian Pro League,144,2026-09-11T13:43:26Z,2026-09-11T18:45:00Z,301.6,KV Mechelen,Anderlecht,H,KV Mechelen,1.5,16,Total - Home,3.0,1.36,0.31192661,0.68807339,0.31192661,-0.00000000,Marathonbet,2.88,1.39,2026-09-11T09:24:14+00:00
TT|1558626|H|2.5,1558626,Belgian Pro League,144,2026-09-11T13:43:26Z,2026-09-11T18:45:00Z,301.6,KV Mechelen,Anderlecht,H,KV Mechelen,2.5,16,Total - Home,9.0,1.07,0.10625621,0.89374379,0.10625621,-0.00000000,Marathonbet,7.3,1.05,2026-09-11T09:24:14+00:00
TT|1558626|H|3.5,1558626,Belgian Pro League,144,2026-09-11T13:43:26Z,2026-09-11T18:45:00Z,301.6,KV Mechelen,Anderlecht,H,KV Mechelen,3.5,16,Total - Home,23.0,1.01,0.04206581,0.95793419,0.04206581,-0.00000000,Marathonbet,,,2026-09-11T09:24:14+00:00
TT|1558626|A|0.5,1558626,Belgian Pro League,144,2026-09-11T13:43:26Z,2026-09-11T18:45:00Z,301.6,KV Mechelen,Anderlecht,A,Anderlecht,0.5,17,Total - Away,1.17,5.0,0.81037277,0.18962723,0.81037277,0.00000000,Marathonbet,,,2026-09-11T09:24:14+00:00
TT|1558626|A|1.5,1558626,Belgian Pro League,144,2026-09-11T13:43:26Z,2026-09-11T18:45:00Z,301.6,KV Mechelen,Anderlecht,A,Anderlecht,1.5,17,Total - Away,1.8,1.91,0.51482480,0.48517520,0.51482480,-0.00000000,Marathonbet,1.71,2.1,2026-09-11T09:24:14+00:00
TT|1558626|A|2.5,1558626,Belgian Pro League,144,2026-09-11T13:43:26Z,2026-09-11T18:45:00Z,301.6,KV Mechelen,Anderlecht,A,Anderlecht,2.5,17,Total - Away,3.5,1.28,0.26778243,0.73221757,0.26778243,-0.00000000,Marathonbet,3.1,1.32,2026-09-11T09:24:14+00:00
TT|1558626|A|3.5,1558626,Belgian Pro League,144,2026-09-11T13:43:26Z,2026-09-11T18:45:00Z,301.6,KV Mechelen,Anderlecht,A,Anderlecht,3.5,17,Total - Away,9.0,1.07,0.10625621,0.89374379,0.10625621,-0.00000000,Marathonbet,6.5,1.06,2026-09-11T09:24:14+00:00
TT|1558626|A|4.5,1558626,Belgian Pro League,144,2026-09-11T13:43:26Z,2026-09-11T18:45:00Z,301.6,KV Mechelen,Anderlecht,A,Anderlecht,4.5,17,Total - Away,21.0,1.01,0.04588823,0.95411177,0.04588823,0.00000000,Marathonbet,,,2026-09-11T09:24:14+00:00
TT|1558627|H|0.5,1558627,Belgian Pro League,144,2026-09-11T13:43:26Z,2026-09-12T14:00:00Z,1456.6,SK Beveren,St. Truiden,H,SK Beveren,0.5,16,Total - Home,1.25,3.75,0.75000000,0.25000000,0.75000000,0.00000000,Marathonbet,1.24,3.56,2026-09-11T09:24:14+00:00
TT|1558627|H|1.5,1558627,Belgian Pro League,144,2026-09-11T13:43:26Z,2026-09-12T14:00:00Z,1456.6,SK Beveren,St. Truiden,H,SK Beveren,1.5,16,Total - Home,2.2,1.62,0.42408377,0.57591623,0.42408377,-0.00000000,Marathonbet,2.29,1.6,2026-09-11T09:24:14+00:00
TT|1558627|H|2.5,1558627,Belgian Pro League,144,2026-09-11T13:43:26Z,2026-09-12T14:00:00Z,1456.6,SK Beveren,St. Truiden,H,SK Beveren,2.5,16,Total - Home,5.0,1.17,0.18962723,0.81037277,0.18962723,-0.00000000,Marathonbet,5.1,1.13,2026-09-11T09:24:14+00:00
TT|1558627|H|3.5,1558627,Belgian Pro League,144,2026-09-11T13:43:26Z,2026-09-12T14:00:00Z,1456.6,SK Beveren,St. Truiden,H,SK Beveren,3.5,16,Total - Home,13.0,1.04,0.07407407,0.92592593,0.07407407,0.00000000,Marathonbet,,,2026-09-11T09:24:14+00:00
TT|1558627|A|0.5,1558627,Belgian Pro League,144,2026-09-11T13:43:26Z,2026-09-12T14:00:00Z,1456.6,SK Beveren,St. Truiden,A,St. Truiden,0.5,17,Total - Away,1.17,5.0,0.81037277,0.18962723,0.81037277,0.00000000,Marathonbet,,,2026-09-11T09:24:14+00:00
TT|1558627|A|1.5,1558627,Belgian Pro League,144,2026-09-11T13:43:26Z,2026-09-12T14:00:00Z,1456.6,SK Beveren,St. Truiden,A,St. Truiden,1.5,17,Total - Away,1.8,1.91,0.51482480,0.48517520,0.51482480,-0.00000000,Marathonbet,1.88,1.89,2026-09-11T09:24:14+00:00
TT|1558627|A|2.5,1558627,Belgian Pro League,144,2026-09-11T13:43:26Z,2026-09-12T14:00:00Z,1456.6,SK Beveren,St. Truiden,A,St. Truiden,2.5,17,Total - Away,3.75,1.25,0.25000000,0.75000000,0.25000000,0.00000000,Marathonbet,3.65,1.24,2026-09-11T09:24:14+00:00
TT|1558627|A|3.5,1558627,Belgian Pro League,144,2026-09-11T13:43:26Z,2026-09-12T14:00:00Z,1456.6,SK Beveren,St. Truiden,A,St. Truiden,3.5,17,Total - Away,9.0,1.07,0.10625621,0.89374379,0.10625621,-0.00000000,Marathonbet,7.9,1.03,2026-09-11T09:24:14+00:00
TT|1558627|A|4.5,1558627,Belgian Pro League,144,2026-09-11T13:43:26Z,2026-09-12T14:00:00Z,1456.6,SK Beveren,St. Truiden,A,St. Truiden,4.5,17,Total - Away,21.0,1.01,0.04588823,0.95411177,0.04588823,0.00000000,Marathonbet,,,2026-09-11T09:24:14+00:00
TT|1558628|H|0.5,1558628,Belgian Pro League,144,2026-09-11T13:43:26Z,2026-09-12T16:15:00Z,1591.6,KVC Westerlo,Standard Liege,H,KVC Westerlo,0.5,16,Total - Home,1.2,4.33,0.78300181,0.21699819,0.78300181,-0.00000000,Marathonbet,,,2026-09-11T09:24:14+00:00
TT|1558628|H|1.5,1558628,Belgian Pro League,144,2026-09-11T13:43:26Z,2026-09-12T16:15:00Z,1591.6,KVC Westerlo,Standard Liege,H,KVC Westerlo,1.5,16,Total - Home,1.91,1.8,0.48517520,0.51482480,0.48517520,0.00000000,Marathonbet,1.99,1.79,2026-09-11T09:24:14+00:00
TT|1558628|H|2.5,1558628,Belgian Pro League,144,2026-09-11T13:43:26Z,2026-09-12T16:15:00Z,1591.6,KVC Westerlo,Standard Liege,H,KVC Westerlo,2.5,16,Total - Home,4.0,1.22,0.23371648,0.76628352,0.23371648,-0.00000000,Marathonbet,4.2,1.19,2026-09-11T09:24:14+00:00
TT|1558628|H|3.5,1558628,Belgian Pro League,144,2026-09-11T13:43:26Z,2026-09-12T16:15:00Z,1591.6,KVC Westerlo,Standard Liege,H,KVC Westerlo,3.5,16,Total - Home,11.0,1.05,0.08713693,0.91286307,0.08713693,-0.00000000,Marathonbet,,,2026-09-11T09:24:14+00:00
TT|1558628|H|4.5,1558628,Belgian Pro League,144,2026-09-11T13:43:26Z,2026-09-12T16:15:00Z,1591.6,KVC Westerlo,Standard Liege,H,KVC Westerlo,4.5,16,Total - Home,26.0,1.01,0.03739356,0.96260644,0.03739356,-0.00000000,Marathonbet,,,2026-09-11T09:24:14+00:00
TT|1558628|A|0.5,1558628,Belgian Pro League,144,2026-09-11T13:43:26Z,2026-09-12T16:15:00Z,1591.6,KVC Westerlo,Standard Liege,A,Standard Liege,0.5,17,Total - Away,1.22,4.0,0.76628352,0.23371648,0.76628352,0.00000000,Marathonbet,1.18,4.15,2026-09-11T09:24:14+00:00
TT|1558628|A|1.5,1558628,Belgian Pro League,144,2026-09-11T13:43:26Z,2026-09-12T16:15:00Z,1591.6,KVC Westerlo,Standard Liege,A,Standard Liege,1.5,17,Total - Away,2.0,1.73,0.46380697,0.53619303,0.46380697,0.00000000,Marathonbet,2.08,1.72,2026-09-11T09:24:14+00:00
TT|1558628|A|2.5,1558628,Belgian Pro League,144,2026-09-11T13:43:26Z,2026-09-12T16:15:00Z,1591.6,KVC Westerlo,Standard Liege,A,Standard Liege,2.5,17,Total - Away,4.33,1.2,0.21699819,0.78300181,0.21699819,0.00000000,Marathonbet,4.5,1.17,2026-09-11T09:24:14+00:00
TT|1558628|A|3.5,1558628,Belgian Pro League,144,2026-09-11T13:43:26Z,2026-09-12T16:15:00Z,1591.6,KVC Westerlo,Standard Liege,A,Standard Liege,3.5,17,Total - Away,11.0,1.05,0.08713693,0.91286307,0.08713693,-0.00000000,Marathonbet,9.6,1.01,2026-09-11T09:24:14+00:00
TT|1558628|A|4.5,1558628,Belgian Pro League,144,2026-09-11T13:43:26Z,2026-09-12T16:15:00Z,1591.6,KVC Westerlo,Standard Liege,A,Standard Liege,4.5,17,Total - Away,26.0,1.01,0.03739356,0.96260644,0.03739356,-0.00000000,Marathonbet,,,2026-09-11T09:24:14+00:00
TT|1558629|H|0.5,1558629,Belgian Pro League,144,2026-09-11T13:43:26Z,2026-09-12T18:45:00Z,1741.6,OH Leuven,Cercle Brugge,H,OH Leuven,0.5,16,Total - Home,1.22,4.0,0.76628352,0.23371648,0.76628352,0.00000000,Marathonbet,,,2026-09-11T09:24:14+00:00
TT|1558629|H|1.5,1558629,Belgian Pro League,144,2026-09-11T13:43:26Z,2026-09-12T18:45:00Z,1741.6,OH Leuven,Cercle Brugge,H,OH Leuven,1.5,16,Total - Home,2.0,1.73,0.46380697,0.53619303,0.46380697,0.00000000,Marathonbet,2.1,1.71,2026-09-11T09:24:14+00:00
TT|1558629|H|2.5,1558629,Belgian Pro League,144,2026-09-11T13:43:26Z,2026-09-12T18:45:00Z,1741.6,OH Leuven,Cercle Brugge,H,OH Leuven,2.5,16,Total - Home,4.5,1.18,0.20774648,0.79225352,0.20774648,-0.00000000,Marathonbet,4.5,1.17,2026-09-11T09:24:14+00:00
TT|1558629|H|3.5,1558629,Belgian Pro League,144,2026-09-11T13:43:26Z,2026-09-12T18:45:00Z,1741.6,OH Leuven,Cercle Brugge,H,OH Leuven,3.5,16,Total - Home,11.0,1.05,0.08713693,0.91286307,0.08713693,-0.00000000,Marathonbet,,,2026-09-11T09:24:14+00:00
TT|1558629|H|4.5,1558629,Belgian Pro League,144,2026-09-11T13:43:26Z,2026-09-12T18:45:00Z,1741.6,OH Leuven,Cercle Brugge,H,OH Leuven,4.5,16,Total - Home,29.0,1.01,0.03365545,0.96634455,0.03365545,-0.00000000,Marathonbet,,,2026-09-11T09:24:14+00:00
TT|1558629|A|0.5,1558629,Belgian Pro League,144,2026-09-11T13:43:26Z,2026-09-12T18:45:00Z,1741.6,OH Leuven,Cercle Brugge,A,Cercle Brugge,0.5,17,Total - Away,1.22,4.0,0.76628352,0.23371648,0.76628352,0.00000000,Marathonbet,,,2026-09-11T09:24:14+00:00
TT|1558629|A|1.5,1558629,Belgian Pro League,144,2026-09-11T13:43:26Z,2026-09-12T18:45:00Z,1741.6,OH Leuven,Cercle Brugge,A,Cercle Brugge,1.5,17,Total - Away,2.0,1.73,0.46380697,0.53619303,0.46380697,0.00000000,Marathonbet,2.08,1.72,2026-09-11T09:24:14+00:00
TT|1558629|A|2.5,1558629,Belgian Pro League,144,2026-09-11T13:43:26Z,2026-09-12T18:45:00Z,1741.6,OH Leuven,Cercle Brugge,A,Cercle Brugge,2.5,17,Total - Away,4.5,1.18,0.20774648,0.79225352,0.20774648,-0.00000000,Marathonbet,4.45,1.17,2026-09-11T09:24:14+00:00
TT|1558629|A|3.5,1558629,Belgian Pro League,144,2026-09-11T13:43:26Z,2026-09-12T18:45:00Z,1741.6,OH Leuven,Cercle Brugge,A,Cercle Brugge,3.5,17,Total - Away,11.0,1.05,0.08713693,0.91286307,0.08713693,-0.00000000,Marathonbet,,,2026-09-11T09:24:14+00:00
TT|1558629|A|4.5,1558629,Belgian Pro League,144,2026-09-11T13:43:26Z,2026-09-12T18:45:00Z,1741.6,OH Leuven,Cercle Brugge,A,Cercle Brugge,4.5,17,Total - Away,29.0,1.01,0.03365545,0.96634455,0.03365545,-0.00000000,Marathonbet,,,2026-09-11T09:24:14+00:00
TT|1558630|H|0.5,1558630,Belgian Pro League,144,2026-09-11T13:43:26Z,2026-09-12T18:45:00Z,1741.6,Union St. Gilloise,Lommel United,H,Union St. Gilloise,0.5,16,Total - Home,1.05,11.0,0.91286307,0.08713693,0.91286307,0.00000000,Marathonbet,,,2026-09-11T09:24:14+00:00
TT|1558630|H|1.5,1558630,Belgian Pro League,144,2026-09-11T13:43:26Z,2026-09-12T18:45:00Z,1741.6,Union St. Gilloise,Lommel United,H,Union St. Gilloise,1.5,16,Total - Home,1.28,3.5,0.73221757,0.26778243,0.73221757,0.00000000,Marathonbet,1.27,3.42,2026-09-11T09:24:14+00:00
TT|1558630|H|2.5,1558630,Belgian Pro League,144,2026-09-11T13:43:26Z,2026-09-12T18:45:00Z,1741.6,Union St. Gilloise,Lommel United,H,Union St. Gilloise,2.5,16,Total - Home,1.83,1.83,0.50000000,0.50000000,0.50000000,0.00000000,Marathonbet,1.9,1.87,2026-09-11T09:24:14+00:00
TT|1558630|H|3.5,1558630,Belgian Pro League,144,2026-09-11T13:43:26Z,2026-09-12T18:45:00Z,1741.6,Union St. Gilloise,Lommel United,H,Union St. Gilloise,3.5,16,Total - Home,3.4,1.3,0.27659574,0.72340426,0.27659574,0.00000000,Marathonbet,3.22,1.3,2026-09-11T09:24:14+00:00
TT|1558630|H|4.5,1558630,Belgian Pro League,144,2026-09-11T13:43:26Z,2026-09-12T18:45:00Z,1741.6,Union St. Gilloise,Lommel United,H,Union St. Gilloise,4.5,16,Total - Home,6.5,1.11,0.14586071,0.85413929,0.14586071,-0.00000000,Marathonbet,,,2026-09-11T09:24:14+00:00
TT|1558630|H|5.5,1558630,Belgian Pro League,144,2026-09-11T13:43:26Z,2026-09-12T18:45:00Z,1741.6,Union St. Gilloise,Lommel United,H,Union St. Gilloise,5.5,16,Total - Home,15.0,1.03,0.06425452,0.93574548,0.06425452,0.00000000,Marathonbet,,,2026-09-11T09:24:14+00:00
TT|1558630|H|6.5,1558630,Belgian Pro League,144,2026-09-11T13:43:26Z,2026-09-12T18:45:00Z,1741.6,Union St. Gilloise,Lommel United,H,Union St. Gilloise,6.5,16,Total - Home,29.0,1.01,0.03365545,0.96634455,0.03365545,-0.00000000,Marathonbet,,,2026-09-11T09:24:14+00:00
TT|1558630|A|0.5,1558630,Belgian Pro League,144,2026-09-11T13:43:26Z,2026-09-12T18:45:00Z,1741.6,Union St. Gilloise,Lommel United,A,Lommel United,0.5,17,Total - Away,1.8,1.91,0.51482480,0.48517520,0.51482480,-0.00000000,Marathonbet,1.82,1.86,2026-09-11T09:24:14+00:00
TT|1558630|A|1.5,1558630,Belgian Pro League,144,2026-09-11T13:43:26Z,2026-09-12T18:45:00Z,1741.6,Union St. Gilloise,Lommel United,A,Lommel United,1.5,17,Total - Away,5.5,1.14,0.17168675,0.82831325,0.17168675,-0.00000000,Marathonbet,5.45,1.13,2026-09-11T09:24:14+00:00
TT|1558630|A|2.5,1558630,Belgian Pro League,144,2026-09-11T13:43:26Z,2026-09-12T18:45:00Z,1741.6,Union St. Gilloise,Lommel United,A,Lommel United,2.5,17,Total - Away,19.0,1.02,0.05094905,0.94905095,0.05094905,0.00000000,Marathonbet,,,2026-09-11T09:24:14+00:00
TT|1558631|H|0.5,1558631,Belgian Pro League,144,2026-09-11T13:43:26Z,2026-09-13T11:30:00Z,2746.6,Club Brugge KV,Antwerp,H,Club Brugge KV,0.5,16,Total - Home,1.05,11.0,0.91286307,0.08713693,0.91286307,0.00000000,Marathonbet,,,2026-09-11T12:30:44+00:00
TT|1558631|H|1.5,1558631,Belgian Pro League,144,2026-09-11T13:43:26Z,2026-09-13T11:30:00Z,2746.6,Club Brugge KV,Antwerp,H,Club Brugge KV,1.5,16,Total - Home,1.28,3.5,0.73221757,0.26778243,0.73221757,0.00000000,Marathonbet,1.26,3.5,2026-09-11T12:30:44+00:00
TT|1558631|H|2.5,1558631,Belgian Pro League,144,2026-09-11T13:43:26Z,2026-09-13T11:30:00Z,2746.6,Club Brugge KV,Antwerp,H,Club Brugge KV,2.5,16,Total - Home,1.83,1.83,0.50000000,0.50000000,0.50000000,0.00000000,Marathonbet,1.89,1.89,2026-09-11T12:30:44+00:00
TT|1558631|H|3.5,1558631,Belgian Pro League,144,2026-09-11T13:43:26Z,2026-09-13T11:30:00Z,2746.6,Club Brugge KV,Antwerp,H,Club Brugge KV,3.5,16,Total - Home,3.4,1.3,0.27659574,0.72340426,0.27659574,0.00000000,Marathonbet,3.16,1.31,2026-09-11T12:30:44+00:00
TT|1558631|H|4.5,1558631,Belgian Pro League,144,2026-09-11T13:43:26Z,2026-09-13T11:30:00Z,2746.6,Club Brugge KV,Antwerp,H,Club Brugge KV,4.5,16,Total - Home,6.5,1.11,0.14586071,0.85413929,0.14586071,-0.00000000,Marathonbet,,,2026-09-11T12:30:44+00:00
TT|1558631|H|5.5,1558631,Belgian Pro League,144,2026-09-11T13:43:26Z,2026-09-13T11:30:00Z,2746.6,Club Brugge KV,Antwerp,H,Club Brugge KV,5.5,16,Total - Home,15.0,1.03,0.06425452,0.93574548,0.06425452,0.00000000,Marathonbet,,,2026-09-11T12:30:44+00:00
TT|1558631|H|6.5,1558631,Belgian Pro League,144,2026-09-11T13:43:26Z,2026-09-13T11:30:00Z,2746.6,Club Brugge KV,Antwerp,H,Club Brugge KV,6.5,16,Total - Home,29.0,1.01,0.03365545,0.96634455,0.03365545,-0.00000000,Marathonbet,,,2026-09-11T12:30:44+00:00
TT|1558631|A|0.5,1558631,Belgian Pro League,144,2026-09-11T13:43:26Z,2026-09-13T11:30:00Z,2746.6,Club Brugge KV,Antwerp,A,Antwerp,0.5,17,Total - Away,1.67,2.1,0.55702918,0.44297082,0.55702918,-0.00000000,Marathonbet,1.64,2.1,2026-09-11T12:30:44+00:00
TT|1558631|A|1.5,1558631,Belgian Pro League,144,2026-09-11T13:43:26Z,2026-09-13T11:30:00Z,2746.6,Club Brugge KV,Antwerp,A,Antwerp,1.5,17,Total - Away,4.33,1.2,0.21699819,0.78300181,0.21699819,0.00000000,Marathonbet,4.4,1.19,2026-09-11T12:30:44+00:00
TT|1558631|A|2.5,1558631,Belgian Pro League,144,2026-09-11T13:43:26Z,2026-09-13T11:30:00Z,2746.6,Club Brugge KV,Antwerp,A,Antwerp,2.5,17,Total - Away,15.0,1.03,0.06425452,0.93574548,0.06425452,0.00000000,Marathonbet,,,2026-09-11T12:30:44+00:00
TT|1558632|H|0.5,1558632,Belgian Pro League,144,2026-09-11T13:43:26Z,2026-09-13T14:00:00Z,2896.6,Genk,Gent,H,Genk,0.5,16,Total - Home,1.18,4.5,0.79225352,0.20774648,0.79225352,0.00000000,Marathonbet,,,2026-09-11T13:32:18+00:00
TT|1558632|H|1.5,1558632,Belgian Pro League,144,2026-09-11T13:43:26Z,2026-09-13T14:00:00Z,2896.6,Genk,Gent,H,Genk,1.5,16,Total - Home,1.83,1.83,0.50000000,0.50000000,0.50000000,0.00000000,Marathonbet,1.9,1.87,2026-09-11T13:32:18+00:00
TT|1558632|H|2.5,1558632,Belgian Pro League,144,2026-09-11T13:43:26Z,2026-09-13T14:00:00Z,2896.6,Genk,Gent,H,Genk,2.5,16,Total - Home,3.75,1.25,0.25000000,0.75000000,0.25000000,0.00000000,Marathonbet,3.58,1.25,2026-09-11T13:32:18+00:00
TT|1558632|H|3.5,1558632,Belgian Pro League,144,2026-09-11T13:43:26Z,2026-09-13T14:00:00Z,2896.6,Genk,Gent,H,Genk,3.5,16,Total - Home,10.0,1.06,0.09584087,0.90415913,0.09584087,-0.00000000,Marathonbet,7.4,1.04,2026-09-11T13:32:18+00:00
TT|1558632|H|4.5,1558632,Belgian Pro League,144,2026-09-11T13:43:26Z,2026-09-13T14:00:00Z,2896.6,Genk,Gent,H,Genk,4.5,16,Total - Home,23.0,1.01,0.04206581,0.95793419,0.04206581,-0.00000000,Marathonbet,,,2026-09-11T13:32:18+00:00
TT|1558632|A|0.5,1558632,Belgian Pro League,144,2026-09-11T13:43:26Z,2026-09-13T14:00:00Z,2896.6,Genk,Gent,A,Gent,0.5,17,Total - Away,1.36,3.0,0.68807339,0.31192661,0.68807339,0.00000000,Marathonbet,1.33,2.97,2026-09-11T13:32:18+00:00
TT|1558632|A|1.5,1558632,Belgian Pro League,144,2026-09-11T13:43:26Z,2026-09-13T14:00:00Z,2896.6,Genk,Gent,A,Gent,1.5,17,Total - Away,2.75,1.4,0.33734940,0.66265060,0.33734940,-0.00000000,Marathonbet,2.79,1.41,2026-09-11T13:32:18+00:00
TT|1558632|A|2.5,1558632,Belgian Pro League,144,2026-09-11T13:43:26Z,2026-09-13T14:00:00Z,2896.6,Genk,Gent,A,Gent,2.5,17,Total - Away,7.0,1.1,0.13580247,0.86419753,0.13580247,-0.00000000,Marathonbet,6.65,1.07,2026-09-11T13:32:18+00:00
TT|1558632|A|3.5,1558632,Belgian Pro League,144,2026-09-11T13:43:26Z,2026-09-13T14:00:00Z,2896.6,Genk,Gent,A,Gent,3.5,17,Total - Away,21.0,1.01,0.04588823,0.95411177,0.04588823,0.00000000,Marathonbet,,,2026-09-11T13:32:18+00:00
TT|1558633|H|0.5,1558633,Belgian Pro League,144,2026-09-11T13:43:26Z,2026-09-13T16:30:00Z,3046.6,Zulte Waregem,Charleroi,H,Zulte Waregem,0.5,16,Total - Home,1.22,4.0,0.76628352,0.23371648,0.76628352,0.00000000,Marathonbet,1.22,3.75,2026-09-11T13:32:18+00:00
TT|1558633|H|1.5,1558633,Belgian Pro League,144,2026-09-11T13:43:26Z,2026-09-13T16:30:00Z,3046.6,Zulte Waregem,Charleroi,H,Zulte Waregem,1.5,16,Total - Home,2.1,1.67,0.44297082,0.55702918,0.44297082,0.00000000,Marathonbet,2.17,1.67,2026-09-11T13:32:18+00:00
TT|1558633|H|2.5,1558633,Belgian Pro League,144,2026-09-11T13:43:26Z,2026-09-13T16:30:00Z,3046.6,Zulte Waregem,Charleroi,H,Zulte Waregem,2.5,16,Total - Home,4.5,1.18,0.20774648,0.79225352,0.20774648,-0.00000000,Marathonbet,4.45,1.17,2026-09-11T13:32:18+00:00
TT|1558633|H|3.5,1558633,Belgian Pro League,144,2026-09-11T13:43:26Z,2026-09-13T16:30:00Z,3046.6,Zulte Waregem,Charleroi,H,Zulte Waregem,3.5,16,Total - Home,13.0,1.04,0.07407407,0.92592593,0.07407407,0.00000000,Marathonbet,8.7,1.02,2026-09-11T13:32:18+00:00
TT|1558633|H|4.5,1558633,Belgian Pro League,144,2026-09-11T13:43:26Z,2026-09-13T16:30:00Z,3046.6,Zulte Waregem,Charleroi,H,Zulte Waregem,4.5,16,Total - Home,29.0,1.01,0.03365545,0.96634455,0.03365545,-0.00000000,Marathonbet,,,2026-09-11T13:32:18+00:00
TT|1558633|A|0.5,1558633,Belgian Pro League,144,2026-09-11T13:43:26Z,2026-09-13T16:30:00Z,3046.6,Zulte Waregem,Charleroi,A,Charleroi,0.5,17,Total - Away,1.25,3.75,0.75000000,0.25000000,0.75000000,0.00000000,Marathonbet,1.22,3.75,2026-09-11T13:32:18+00:00
TT|1558633|A|1.5,1558633,Belgian Pro League,144,2026-09-11T13:43:26Z,2026-09-13T16:30:00Z,3046.6,Zulte Waregem,Charleroi,A,Charleroi,1.5,17,Total - Away,2.2,1.62,0.42408377,0.57591623,0.42408377,-0.00000000,Marathonbet,2.19,1.65,2026-09-11T13:32:18+00:00
TT|1558633|A|2.5,1558633,Belgian Pro League,144,2026-09-11T13:43:26Z,2026-09-13T16:30:00Z,3046.6,Zulte Waregem,Charleroi,A,Charleroi,2.5,17,Total - Away,5.0,1.17,0.18962723,0.81037277,0.18962723,-0.00000000,Marathonbet,4.55,1.16,2026-09-11T13:32:18+00:00
TT|1558633|A|3.5,1558633,Belgian Pro League,144,2026-09-11T13:43:26Z,2026-09-13T16:30:00Z,3046.6,Zulte Waregem,Charleroi,A,Charleroi,3.5,17,Total - Away,13.0,1.04,0.07407407,0.92592593,0.07407407,0.00000000,Marathonbet,8.6,1.03,2026-09-11T13:32:18+00:00
TT|1558634|H|0.5,1558634,Belgian Pro League,144,2026-09-11T13:43:26Z,2026-09-13T17:15:00Z,3091.6,RAAL La Louvière,Kortrijk,H,RAAL La Louvière,0.5,16,Total - Home,1.25,3.75,0.75000000,0.25000000,0.75000000,0.00000000,Marathonbet,1.24,3.56,2026-09-11T09:24:14+00:00
TT|1558634|H|1.5,1558634,Belgian Pro League,144,2026-09-11T13:43:26Z,2026-09-13T17:15:00Z,3091.6,RAAL La Louvière,Kortrijk,H,RAAL La Louvière,1.5,16,Total - Home,2.25,1.57,0.41099476,0.58900524,0.41099476,0.00000000,Marathonbet,2.35,1.57,2026-09-11T09:24:14+00:00
TT|1558634|H|2.5,1558634,Belgian Pro League,144,2026-09-11T13:43:26Z,2026-09-13T17:15:00Z,3091.6,RAAL La Louvière,Kortrijk,H,RAAL La Louvière,2.5,16,Total - Home,5.5,1.14,0.17168675,0.82831325,0.17168675,-0.00000000,Marathonbet,5.5,1.11,2026-09-11T09:24:14+00:00
TT|1558634|H|3.5,1558634,Belgian Pro League,144,2026-09-11T13:43:26Z,2026-09-13T17:15:00Z,3091.6,RAAL La Louvière,Kortrijk,H,RAAL La Louvière,3.5,16,Total - Home,15.0,1.03,0.06425452,0.93574548,0.06425452,0.00000000,Marathonbet,,,2026-09-11T09:24:14+00:00
TT|1558634|A|0.5,1558634,Belgian Pro League,144,2026-09-11T13:43:26Z,2026-09-13T17:15:00Z,3091.6,RAAL La Louvière,Kortrijk,A,Kortrijk,0.5,17,Total - Away,1.33,3.25,0.70960699,0.29039301,0.70960699,-0.00000000,Marathonbet,1.3,3.14,2026-09-11T09:24:14+00:00
TT|1558634|A|1.5,1558634,Belgian Pro League,144,2026-09-11T13:43:26Z,2026-09-13T17:15:00Z,3091.6,RAAL La Louvière,Kortrijk,A,Kortrijk,1.5,17,Total - Away,2.62,1.44,0.35467980,0.64532020,0.35467980,0.00000000,Marathonbet,2.61,1.46,2026-09-11T09:24:14+00:00
TT|1558634|A|2.5,1558634,Belgian Pro League,144,2026-09-11T13:43:26Z,2026-09-13T17:15:00Z,3091.6,RAAL La Louvière,Kortrijk,A,Kortrijk,2.5,17,Total - Away,6.5,1.11,0.14586071,0.85413929,0.14586071,-0.00000000,Marathonbet,6.6,1.07,2026-09-11T09:24:14+00:00
TT|1558634|A|3.5,1558634,Belgian Pro League,144,2026-09-11T13:43:26Z,2026-09-13T17:15:00Z,3091.6,RAAL La Louvière,Kortrijk,A,Kortrijk,3.5,17,Total - Away,19.0,1.02,0.05094905,0.94905095,0.05094905,0.00000000,Marathonbet,,,2026-09-11T09:24:14+00:00
TT|1549016|H|0.5,1549016,Danish Superliga,119,2026-09-11T13:43:26Z,2026-09-11T17:00:00Z,196.6,FC Copenhagen,AC Horsens,H,FC Copenhagen,0.5,16,Total - Home,1.07,9.0,0.89374379,0.10625621,0.89374379,0.00000000,Marathonbet,,,2026-09-11T12:00:44+00:00
TT|1549016|H|1.5,1549016,Danish Superliga,119,2026-09-11T13:43:26Z,2026-09-11T17:00:00Z,196.6,FC Copenhagen,AC Horsens,H,FC Copenhagen,1.5,16,Total - Home,1.4,2.75,0.66265060,0.33734940,0.66265060,0.00000000,Marathonbet,1.35,2.95,2026-09-11T12:00:44+00:00
TT|1549016|H|2.5,1549016,Danish Superliga,119,2026-09-11T13:43:26Z,2026-09-11T17:00:00Z,196.6,FC Copenhagen,AC Horsens,H,FC Copenhagen,2.5,16,Total - Home,2.2,1.62,0.42408377,0.57591623,0.42408377,-0.00000000,Marathonbet,2.17,1.66,2026-09-11T12:00:44+00:00
TT|1549016|H|3.5,1549016,Danish Superliga,119,2026-09-11T13:43:26Z,2026-09-11T17:00:00Z,196.6,FC Copenhagen,AC Horsens,H,FC Copenhagen,3.5,16,Total - Home,4.0,1.22,0.23371648,0.76628352,0.23371648,-0.00000000,Marathonbet,3.94,1.21,2026-09-11T12:00:44+00:00
TT|1549016|H|4.5,1549016,Danish Superliga,119,2026-09-11T13:43:26Z,2026-09-11T17:00:00Z,196.6,FC Copenhagen,AC Horsens,H,FC Copenhagen,4.5,16,Total - Home,9.0,1.07,0.10625621,0.89374379,0.10625621,-0.00000000,Marathonbet,,,2026-09-11T12:00:44+00:00
TT|1549016|H|5.5,1549016,Danish Superliga,119,2026-09-11T13:43:26Z,2026-09-11T17:00:00Z,196.6,FC Copenhagen,AC Horsens,H,FC Copenhagen,5.5,16,Total - Home,21.0,1.01,0.04588823,0.95411177,0.04588823,0.00000000,Marathonbet,,,2026-09-11T12:00:44+00:00
TT|1549016|A|0.5,1549016,Danish Superliga,119,2026-09-11T13:43:26Z,2026-09-11T17:00:00Z,196.6,FC Copenhagen,AC Horsens,A,AC Horsens,0.5,17,Total - Away,1.73,2.0,0.53619303,0.46380697,0.53619303,-0.00000000,Marathonbet,1.71,1.99,2026-09-11T12:00:44+00:00
TT|1549016|A|1.5,1549016,Danish Superliga,119,2026-09-11T13:43:26Z,2026-09-11T17:00:00Z,196.6,FC Copenhagen,AC Horsens,A,AC Horsens,1.5,17,Total - Away,4.5,1.18,0.20774648,0.79225352,0.20774648,-0.00000000,Marathonbet,4.95,1.16,2026-09-11T12:00:44+00:00
TT|1549016|A|2.5,1549016,Danish Superliga,119,2026-09-11T13:43:26Z,2026-09-11T17:00:00Z,196.6,FC Copenhagen,AC Horsens,A,AC Horsens,2.5,17,Total - Away,15.0,1.03,0.06425452,0.93574548,0.06425452,0.00000000,Marathonbet,,,2026-09-11T12:00:44+00:00
TT|1549017|H|0.5,1549017,Danish Superliga,119,2026-09-11T13:43:26Z,2026-09-13T12:00:00Z,2776.6,Lyngby,Sonderjyske,H,Lyngby,0.5,16,Total - Home,1.11,6.5,0.85413929,0.14586071,0.85413929,0.00000000,Marathonbet,,,2026-09-11T08:59:15+00:00
TT|1549017|H|1.5,1549017,Danish Superliga,119,2026-09-11T13:43:26Z,2026-09-13T12:00:00Z,2776.6,Lyngby,Sonderjyske,H,Lyngby,1.5,16,Total - Home,1.57,2.25,0.58900524,0.41099476,0.58900524,-0.00000000,Marathonbet,1.53,2.42,2026-09-11T08:59:15+00:00
TT|1549017|H|2.5,1549017,Danish Superliga,119,2026-09-11T13:43:26Z,2026-09-13T12:00:00Z,2776.6,Lyngby,Sonderjyske,H,Lyngby,2.5,16,Total - Home,2.75,1.4,0.33734940,0.66265060,0.33734940,-0.00000000,Marathonbet,2.65,1.45,2026-09-11T08:59:15+00:00
TT|1549017|H|3.5,1549017,Danish Superliga,119,2026-09-11T13:43:26Z,2026-09-13T12:00:00Z,2776.6,Lyngby,Sonderjyske,H,Lyngby,3.5,16,Total - Home,6.0,1.12,0.15730337,0.84269663,0.15730337,0.00000000,Marathonbet,5.1,1.12,2026-09-11T08:59:15+00:00
TT|1549017|H|4.5,1549017,Danish Superliga,119,2026-09-11T13:43:26Z,2026-09-13T12:00:00Z,2776.6,Lyngby,Sonderjyske,H,Lyngby,4.5,16,Total - Home,15.0,1.03,0.06425452,0.93574548,0.06425452,0.00000000,Marathonbet,,,2026-09-11T08:59:15+00:00
TT|1549017|H|5.5,1549017,Danish Superliga,119,2026-09-11T13:43:26Z,2026-09-13T12:00:00Z,2776.6,Lyngby,Sonderjyske,H,Lyngby,5.5,16,Total - Home,29.0,1.01,0.03365545,0.96634455,0.03365545,-0.00000000,Marathonbet,,,2026-09-11T08:59:15+00:00
TT|1549017|A|0.5,1549017,Danish Superliga,119,2026-09-11T13:43:26Z,2026-09-13T12:00:00Z,2776.6,Lyngby,Sonderjyske,A,Sonderjyske,0.5,17,Total - Away,1.44,2.62,0.64532020,0.35467980,0.64532020,-0.00000000,Marathonbet,1.37,2.81,2026-09-11T08:59:15+00:00
TT|1549017|A|1.5,1549017,Danish Superliga,119,2026-09-11T13:43:26Z,2026-09-13T12:00:00Z,2776.6,Lyngby,Sonderjyske,A,Sonderjyske,1.5,17,Total - Away,3.25,1.33,0.29039301,0.70960699,0.29039301,0.00000000,Marathonbet,2.96,1.37,2026-09-11T08:59:15+00:00
TT|1549017|A|2.5,1549017,Danish Superliga,119,2026-09-11T13:43:26Z,2026-09-13T12:00:00Z,2776.6,Lyngby,Sonderjyske,A,Sonderjyske,2.5,17,Total - Away,10.0,1.06,0.09584087,0.90415913,0.09584087,-0.00000000,Marathonbet,7.3,1.05,2026-09-11T08:59:15+00:00
TT|1549017|A|3.5,1549017,Danish Superliga,119,2026-09-11T13:43:26Z,2026-09-13T12:00:00Z,2776.6,Lyngby,Sonderjyske,A,Sonderjyske,3.5,17,Total - Away,26.0,1.01,0.03739356,0.96260644,0.03739356,-0.00000000,Marathonbet,,,2026-09-11T08:59:15+00:00
TT|1549021|H|0.5,1549021,Danish Superliga,119,2026-09-11T13:43:26Z,2026-09-13T12:00:00Z,2776.6,Silkeborg,Viborg,H,Silkeborg,0.5,16,Total - Home,1.3,3.4,0.72340426,0.27659574,0.72340426,-0.00000000,Marathonbet,1.26,3.42,2026-09-11T12:30:44+00:00
TT|1549021|H|1.5,1549021,Danish Superliga,119,2026-09-11T13:43:26Z,2026-09-13T12:00:00Z,2776.6,Silkeborg,Viborg,H,Silkeborg,1.5,16,Total - Home,2.5,1.5,0.37500000,0.62500000,0.37500000,0.00000000,Marathonbet,2.34,1.56,2026-09-11T12:30:44+00:00
TT|1549021|H|2.5,1549021,Danish Superliga,119,2026-09-11T13:43:26Z,2026-09-13T12:00:00Z,2776.6,Silkeborg,Viborg,H,Silkeborg,2.5,16,Total - Home,6.0,1.12,0.15730337,0.84269663,0.15730337,0.00000000,Marathonbet,5.2,1.12,2026-09-11T12:30:44+00:00
TT|1549021|H|3.5,1549021,Danish Superliga,119,2026-09-11T13:43:26Z,2026-09-13T12:00:00Z,2776.6,Silkeborg,Viborg,H,Silkeborg,3.5,16,Total - Home,17.0,1.02,0.05660377,0.94339623,0.05660377,0.00000000,Marathonbet,,,2026-09-11T12:30:44+00:00
TT|1549021|A|0.5,1549021,Danish Superliga,119,2026-09-11T13:43:26Z,2026-09-13T12:00:00Z,2776.6,Silkeborg,Viborg,A,Viborg,0.5,17,Total - Away,1.12,6.0,0.84269663,0.15730337,0.84269663,-0.00000000,Marathonbet,,,2026-09-11T12:30:44+00:00
TT|1549021|A|1.5,1549021,Danish Superliga,119,2026-09-11T13:43:26Z,2026-09-13T12:00:00Z,2776.6,Silkeborg,Viborg,A,Viborg,1.5,17,Total - Away,1.67,2.1,0.55702918,0.44297082,0.55702918,-0.00000000,Marathonbet,1.62,2.25,2026-09-11T12:30:44+00:00
TT|1549021|A|2.5,1549021,Danish Superliga,119,2026-09-11T13:43:26Z,2026-09-13T12:00:00Z,2776.6,Silkeborg,Viborg,A,Viborg,2.5,17,Total - Away,3.0,1.36,0.31192661,0.68807339,0.31192661,-0.00000000,Marathonbet,2.82,1.38,2026-09-11T12:30:44+00:00
TT|1549021|A|3.5,1549021,Danish Superliga,119,2026-09-11T13:43:26Z,2026-09-13T12:00:00Z,2776.6,Silkeborg,Viborg,A,Viborg,3.5,17,Total - Away,6.5,1.11,0.14586071,0.85413929,0.14586071,-0.00000000,Marathonbet,5.55,1.09,2026-09-11T12:30:44+00:00
TT|1549021|A|4.5,1549021,Danish Superliga,119,2026-09-11T13:43:26Z,2026-09-13T12:00:00Z,2776.6,Silkeborg,Viborg,A,Viborg,4.5,17,Total - Away,17.0,1.02,0.05660377,0.94339623,0.05660377,0.00000000,Marathonbet,,,2026-09-11T12:30:44+00:00
TT|1549020|H|0.5,1549020,Danish Superliga,119,2026-09-11T13:43:26Z,2026-09-13T14:00:00Z,2896.6,Randers FC,Odense,H,Randers FC,0.5,16,Total - Home,1.18,4.5,0.79225352,0.20774648,0.79225352,0.00000000,Marathonbet,,,2026-09-11T08:59:15+00:00
TT|1549020|H|1.5,1549020,Danish Superliga,119,2026-09-11T13:43:26Z,2026-09-13T14:00:00Z,2896.6,Randers FC,Odense,H,Randers FC,1.5,16,Total - Home,1.91,1.8,0.48517520,0.51482480,0.48517520,0.00000000,Marathonbet,1.94,1.83,2026-09-11T08:59:15+00:00
TT|1549020|H|2.5,1549020,Danish Superliga,119,2026-09-11T13:43:26Z,2026-09-13T14:00:00Z,2896.6,Randers FC,Odense,H,Randers FC,2.5,16,Total - Home,4.0,1.22,0.23371648,0.76628352,0.23371648,-0.00000000,Marathonbet,3.84,1.22,2026-09-11T08:59:15+00:00
TT|1549020|H|3.5,1549020,Danish Superliga,119,2026-09-11T13:43:26Z,2026-09-13T14:00:00Z,2896.6,Randers FC,Odense,H,Randers FC,3.5,16,Total - Home,10.0,1.06,0.09584087,0.90415913,0.09584087,-0.00000000,Marathonbet,8.1,1.03,2026-09-11T08:59:15+00:00
TT|1549020|H|4.5,1549020,Danish Superliga,119,2026-09-11T13:43:26Z,2026-09-13T14:00:00Z,2896.6,Randers FC,Odense,H,Randers FC,4.5,16,Total - Home,26.0,1.01,0.03739356,0.96260644,0.03739356,-0.00000000,Marathonbet,,,2026-09-11T08:59:15+00:00
TT|1549020|A|0.5,1549020,Danish Superliga,119,2026-09-11T13:43:26Z,2026-09-13T14:00:00Z,2896.6,Randers FC,Odense,A,Odense,0.5,17,Total - Away,1.25,3.75,0.75000000,0.25000000,0.75000000,0.00000000,Marathonbet,1.26,3.4,2026-09-11T08:59:15+00:00
TT|1549020|A|1.5,1549020,Danish Superliga,119,2026-09-11T13:43:26Z,2026-09-13T14:00:00Z,2896.6,Randers FC,Odense,A,Odense,1.5,17,Total - Away,2.25,1.57,0.41099476,0.58900524,0.41099476,0.00000000,Marathonbet,2.35,1.57,2026-09-11T08:59:15+00:00
TT|1549020|A|2.5,1549020,Danish Superliga,119,2026-09-11T13:43:26Z,2026-09-13T14:00:00Z,2896.6,Randers FC,Odense,A,Odense,2.5,17,Total - Away,5.5,1.14,0.17168675,0.82831325,0.17168675,-0.00000000,Marathonbet,5.25,1.12,2026-09-11T08:59:15+00:00
TT|1549020|A|3.5,1549020,Danish Superliga,119,2026-09-11T13:43:26Z,2026-09-13T14:00:00Z,2896.6,Randers FC,Odense,A,Odense,3.5,17,Total - Away,15.0,1.03,0.06425452,0.93574548,0.06425452,0.00000000,Marathonbet,,,2026-09-11T08:59:15+00:00
TT|1549019|H|0.5,1549019,Danish Superliga,119,2026-09-11T13:43:26Z,2026-09-13T16:00:00Z,3016.6,FC Nordsjaelland,Aarhus,H,FC Nordsjaelland,0.5,16,Total - Home,1.1,7.0,0.86419753,0.13580247,0.86419753,0.00000000,Marathonbet,,,2026-09-11T08:59:15+00:00
TT|1549019|H|1.5,1549019,Danish Superliga,119,2026-09-11T13:43:26Z,2026-09-13T16:00:00Z,3016.6,FC Nordsjaelland,Aarhus,H,FC Nordsjaelland,1.5,16,Total - Home,1.53,2.38,0.60869565,0.39130435,0.60869565,0.00000000,Marathonbet,1.53,2.42,2026-09-11T08:59:15+00:00
TT|1549019|H|2.5,1549019,Danish Superliga,119,2026-09-11T13:43:26Z,2026-09-13T16:00:00Z,3016.6,FC Nordsjaelland,Aarhus,H,FC Nordsjaelland,2.5,16,Total - Home,2.62,1.44,0.35467980,0.64532020,0.35467980,0.00000000,Marathonbet,2.65,1.45,2026-09-11T08:59:15+00:00
TT|1549019|H|3.5,1549019,Danish Superliga,119,2026-09-11T13:43:26Z,2026-09-13T16:00:00Z,3016.6,FC Nordsjaelland,Aarhus,H,FC Nordsjaelland,3.5,16,Total - Home,6.0,1.12,0.15730337,0.84269663,0.15730337,0.00000000,Marathonbet,5.0,1.13,2026-09-11T08:59:15+00:00
TT|1549019|H|4.5,1549019,Danish Superliga,119,2026-09-11T13:43:26Z,2026-09-13T16:00:00Z,3016.6,FC Nordsjaelland,Aarhus,H,FC Nordsjaelland,4.5,16,Total - Home,13.0,1.04,0.07407407,0.92592593,0.07407407,0.00000000,Marathonbet,,,2026-09-11T08:59:15+00:00
TT|1549019|H|5.5,1549019,Danish Superliga,119,2026-09-11T13:43:26Z,2026-09-13T16:00:00Z,3016.6,FC Nordsjaelland,Aarhus,H,FC Nordsjaelland,5.5,16,Total - Home,29.0,1.01,0.03365545,0.96634455,0.03365545,-0.00000000,Marathonbet,,,2026-09-11T08:59:15+00:00
TT|1549019|A|0.5,1549019,Danish Superliga,119,2026-09-11T13:43:26Z,2026-09-13T16:00:00Z,3016.6,FC Nordsjaelland,Aarhus,A,Aarhus,0.5,17,Total - Away,1.28,3.5,0.73221757,0.26778243,0.73221757,0.00000000,Marathonbet,1.24,3.58,2026-09-11T08:59:15+00:00
TT|1549019|A|1.5,1549019,Danish Superliga,119,2026-09-11T13:43:26Z,2026-09-13T16:00:00Z,3016.6,FC Nordsjaelland,Aarhus,A,Aarhus,1.5,17,Total - Away,2.25,1.57,0.41099476,0.58900524,0.41099476,0.00000000,Marathonbet,2.28,1.59,2026-09-11T08:59:15+00:00
TT|1549019|A|2.5,1549019,Danish Superliga,119,2026-09-11T13:43:26Z,2026-09-13T16:00:00Z,3016.6,FC Nordsjaelland,Aarhus,A,Aarhus,2.5,17,Total - Away,5.5,1.14,0.17168675,0.82831325,0.17168675,-0.00000000,Marathonbet,4.85,1.13,2026-09-11T08:59:15+00:00
TT|1549019|A|3.5,1549019,Danish Superliga,119,2026-09-11T13:43:26Z,2026-09-13T16:00:00Z,3016.6,FC Nordsjaelland,Aarhus,A,Aarhus,3.5,17,Total - Away,15.0,1.03,0.06425452,0.93574548,0.06425452,0.00000000,Marathonbet,,,2026-09-11T08:59:15+00:00
TT|1547629|H|0.5,1547629,A Lyga,362,2026-09-11T13:43:26Z,2026-09-13T11:30:00Z,2746.6,Panevėžys,Kauno Žalgiris,H,Panevėžys,0.5,16,Total - Home,1.53,2.38,0.60869565,0.39130435,0.60869565,0.00000000,Marathonbet,1.5,2.32,2026-09-11T03:07:13+00:00
TT|1547629|H|1.5,1547629,A Lyga,362,2026-09-11T13:43:26Z,2026-09-13T11:30:00Z,2746.6,Panevėžys,Kauno Žalgiris,H,Panevėžys,1.5,16,Total - Home,3.5,1.28,0.26778243,0.73221757,0.26778243,-0.00000000,Marathonbet,3.42,1.25,2026-09-11T03:07:13+00:00
TT|1547629|H|2.5,1547629,A Lyga,362,2026-09-11T13:43:26Z,2026-09-13T11:30:00Z,2746.6,Panevėžys,Kauno Žalgiris,H,Panevėžys,2.5,16,Total - Home,8.5,1.05,0.10994764,0.89005236,0.10994764,0.00000000,Marathonbet,7.6,1.03,2026-09-11T03:07:13+00:00
TT|1547629|H|3.5,1547629,A Lyga,362,2026-09-11T13:43:26Z,2026-09-13T11:30:00Z,2746.6,Panevėžys,Kauno Žalgiris,H,Panevėžys,3.5,16,Total - Home,15.0,1.01,0.06308557,0.93691443,0.06308557,0.00000000,Marathonbet,,,2026-09-11T03:07:13+00:00
TT|1547629|A|0.5,1547629,A Lyga,362,2026-09-11T13:43:26Z,2026-09-13T11:30:00Z,2746.6,Panevėžys,Kauno Žalgiris,A,Kauno Žalgiris,0.5,17,Total - Away,1.12,5.5,0.83081571,0.16918429,0.83081571,-0.00000000,Marathonbet,,,2026-09-11T03:07:13+00:00
TT|1547629|A|1.5,1547629,A Lyga,362,2026-09-11T13:43:26Z,2026-09-13T11:30:00Z,2746.6,Panevėžys,Kauno Žalgiris,A,Kauno Žalgiris,1.5,17,Total - Away,1.62,2.2,0.57591623,0.42408377,0.57591623,0.00000000,Marathonbet,1.6,2.17,2026-09-11T03:07:13+00:00
TT|1547629|A|2.5,1547629,A Lyga,362,2026-09-11T13:43:26Z,2026-09-13T11:30:00Z,2746.6,Panevėžys,Kauno Žalgiris,A,Kauno Žalgiris,2.5,17,Total - Away,3.0,1.36,0.31192661,0.68807339,0.31192661,-0.00000000,Marathonbet,2.75,1.35,2026-09-11T03:07:13+00:00
TT|1547629|A|3.5,1547629,A Lyga,362,2026-09-11T13:43:26Z,2026-09-13T11:30:00Z,2746.6,Panevėžys,Kauno Žalgiris,A,Kauno Žalgiris,3.5,17,Total - Away,6.0,1.11,0.15611814,0.84388186,0.15611814,0.00000000,Marathonbet,,,2026-09-11T03:07:13+00:00
TT|1547629|A|4.5,1547629,A Lyga,362,2026-09-11T13:43:26Z,2026-09-13T11:30:00Z,2746.6,Panevėžys,Kauno Žalgiris,A,Kauno Žalgiris,4.5,17,Total - Away,10.0,1.03,0.09338169,0.90661831,0.09338169,-0.00000000,Marathonbet,,,2026-09-11T03:07:13+00:00
TT|1547631|H|0.5,1547631,A Lyga,362,2026-09-11T13:43:26Z,2026-09-13T14:00:00Z,2896.6,Šiauliai,Hegelmann Litauen,H,Šiauliai,0.5,16,Total - Home,1.25,3.75,0.75000000,0.25000000,0.75000000,0.00000000,Marathonbet,,,2026-09-11T03:07:13+00:00
TT|1547631|H|1.5,1547631,A Lyga,362,2026-09-11T13:43:26Z,2026-09-13T14:00:00Z,2896.6,Šiauliai,Hegelmann Litauen,H,Šiauliai,1.5,16,Total - Home,2.2,1.62,0.42408377,0.57591623,0.42408377,-0.00000000,Marathonbet,2.27,1.55,2026-09-11T03:07:13+00:00
TT|1547631|H|2.5,1547631,A Lyga,362,2026-09-11T13:43:26Z,2026-09-13T14:00:00Z,2896.6,Šiauliai,Hegelmann Litauen,H,Šiauliai,2.5,16,Total - Home,4.5,1.17,0.20634921,0.79365079,0.20634921,-0.00000000,Marathonbet,4.95,1.11,2026-09-11T03:07:13+00:00
TT|1547631|H|3.5,1547631,A Lyga,362,2026-09-11T13:43:26Z,2026-09-13T14:00:00Z,2896.6,Šiauliai,Hegelmann Litauen,H,Šiauliai,3.5,16,Total - Home,9.0,1.04,0.10358566,0.89641434,0.10358566,-0.00000000,Marathonbet,,,2026-09-11T03:07:13+00:00
TT|1547631|A|0.5,1547631,A Lyga,362,2026-09-11T13:43:26Z,2026-09-13T14:00:00Z,2896.6,Šiauliai,Hegelmann Litauen,A,Hegelmann Litauen,0.5,17,Total - Away,1.22,4.0,0.76628352,0.23371648,0.76628352,0.00000000,Marathonbet,,,2026-09-11T03:07:13+00:00
TT|1547631|A|1.5,1547631,A Lyga,362,2026-09-11T13:43:26Z,2026-09-13T14:00:00Z,2896.6,Šiauliai,Hegelmann Litauen,A,Hegelmann Litauen,1.5,17,Total - Away,2.1,1.67,0.44297082,0.55702918,0.44297082,0.00000000,Marathonbet,2.19,1.59,2026-09-11T03:07:13+00:00
TT|1547631|A|2.5,1547631,A Lyga,362,2026-09-11T13:43:26Z,2026-09-13T14:00:00Z,2896.6,Šiauliai,Hegelmann Litauen,A,Hegelmann Litauen,2.5,17,Total - Away,4.33,1.2,0.21699819,0.78300181,0.21699819,0.00000000,Marathonbet,4.65,1.12,2026-09-11T03:07:13+00:00
TT|1547631|A|3.5,1547631,A Lyga,362,2026-09-11T13:43:26Z,2026-09-13T14:00:00Z,2896.6,Šiauliai,Hegelmann Litauen,A,Hegelmann Litauen,3.5,17,Total - Away,8.5,1.05,0.10994764,0.89005236,0.10994764,0.00000000,Marathonbet,,,2026-09-11T03:07:13+00:00
TT|1547631|A|4.5,1547631,A Lyga,362,2026-09-11T13:43:26Z,2026-09-13T14:00:00Z,2896.6,Šiauliai,Hegelmann Litauen,A,Hegelmann Litauen,4.5,17,Total - Away,15.0,1.01,0.06308557,0.93691443,0.06308557,0.00000000,Marathonbet,,,2026-09-11T03:07:13+00:00
TT|1547630|H|0.5,1547630,A Lyga,362,2026-09-11T13:43:26Z,2026-09-13T15:45:00Z,3001.6,Suduva Marijampole,FK Zalgiris Vilnius,H,Suduva Marijampole,0.5,16,Total - Home,1.33,3.25,0.70960699,0.29039301,0.70960699,-0.00000000,Marathonbet,,,2026-09-11T03:07:13+00:00
TT|1547630|H|1.5,1547630,A Lyga,362,2026-09-11T13:43:26Z,2026-09-13T15:45:00Z,3001.6,Suduva Marijampole,FK Zalgiris Vilnius,H,Suduva Marijampole,1.5,16,Total - Home,2.5,1.5,0.37500000,0.62500000,0.37500000,0.00000000,Marathonbet,2.51,1.44,2026-09-11T03:07:13+00:00
TT|1547630|H|2.5,1547630,A Lyga,362,2026-09-11T13:43:26Z,2026-09-13T15:45:00Z,3001.6,Suduva Marijampole,FK Zalgiris Vilnius,H,Suduva Marijampole,2.5,16,Total - Home,5.5,1.12,0.16918429,0.83081571,0.16918429,0.00000000,Marathonbet,6.25,1.06,2026-09-11T03:07:13+00:00
TT|1547630|H|3.5,1547630,A Lyga,362,2026-09-11T13:43:26Z,2026-09-13T15:45:00Z,3001.6,Suduva Marijampole,FK Zalgiris Vilnius,H,Suduva Marijampole,3.5,16,Total - Home,10.5,1.02,0.08854167,0.91145833,0.08854167,-0.00000000,Marathonbet,,,2026-09-11T03:07:13+00:00
TT|1547630|A|0.5,1547630,A Lyga,362,2026-09-11T13:43:26Z,2026-09-13T15:45:00Z,3001.6,Suduva Marijampole,FK Zalgiris Vilnius,A,FK Zalgiris Vilnius,0.5,17,Total - Away,1.28,3.5,0.73221757,0.26778243,0.73221757,0.00000000,Marathonbet,,,2026-09-11T03:07:13+00:00
TT|1547630|A|1.5,1547630,A Lyga,362,2026-09-11T13:43:26Z,2026-09-13T15:45:00Z,3001.6,Suduva Marijampole,FK Zalgiris Vilnius,A,FK Zalgiris Vilnius,1.5,17,Total - Away,2.38,1.53,0.39130435,0.60869565,0.39130435,-0.00000000,Marathonbet,2.32,1.51,2026-09-11T03:07:13+00:00
TT|1547630|A|2.5,1547630,A Lyga,362,2026-09-11T13:43:26Z,2026-09-13T15:45:00Z,3001.6,Suduva Marijampole,FK Zalgiris Vilnius,A,FK Zalgiris Vilnius,2.5,17,Total - Away,5.0,1.14,0.18566775,0.81433225,0.18566775,0.00000000,Marathonbet,5.45,1.08,2026-09-11T03:07:13+00:00
TT|1547630|A|3.5,1547630,A Lyga,362,2026-09-11T13:43:26Z,2026-09-13T15:45:00Z,3001.6,Suduva Marijampole,FK Zalgiris Vilnius,A,FK Zalgiris Vilnius,3.5,17,Total - Away,10.0,1.03,0.09338169,0.90661831,0.09338169,-0.00000000,Marathonbet,,,2026-09-11T03:07:13+00:00
TT|1515923|H|0.5,1515923,Virsliga,365,2026-09-11T13:43:26Z,2026-09-11T14:00:00Z,16.6,Ogre United,FK Liepaja,H,Ogre United,0.5,16,Total - Home,1.4,2.75,0.66265060,0.33734940,0.66265060,0.00000000,Marathonbet,1.3,3.04,2026-09-11T08:23:15+00:00
TT|1515923|H|1.5,1515923,Virsliga,365,2026-09-11T13:43:26Z,2026-09-11T14:00:00Z,16.6,Ogre United,FK Liepaja,H,Ogre United,1.5,16,Total - Home,2.75,1.4,0.33734940,0.66265060,0.33734940,-0.00000000,Marathonbet,2.52,1.44,2026-09-11T08:23:15+00:00
TT|1515923|H|2.5,1515923,Virsliga,365,2026-09-11T13:43:26Z,2026-09-11T14:00:00Z,16.6,Ogre United,FK Liepaja,H,Ogre United,2.5,16,Total - Home,7.0,1.08,0.13366337,0.86633663,0.13366337,-0.00000000,Marathonbet,5.75,1.07,2026-09-11T08:23:15+00:00
TT|1515923|H|3.5,1515923,Virsliga,365,2026-09-11T13:43:26Z,2026-09-11T14:00:00Z,16.6,Ogre United,FK Liepaja,H,Ogre United,3.5,16,Total - Home,12.0,1.01,0.07763259,0.92236741,0.07763259,0.00000000,Marathonbet,,,2026-09-11T08:23:15+00:00
TT|1515923|A|0.5,1515923,Virsliga,365,2026-09-11T13:43:26Z,2026-09-11T14:00:00Z,16.6,Ogre United,FK Liepaja,A,FK Liepaja,0.5,17,Total - Away,1.1,6.5,0.85526316,0.14473684,0.85526316,-0.00000000,Marathonbet,,,2026-09-11T08:23:15+00:00
TT|1515923|A|1.5,1515923,Virsliga,365,2026-09-11T13:43:26Z,2026-09-11T14:00:00Z,16.6,Ogre United,FK Liepaja,A,FK Liepaja,1.5,17,Total - Away,1.53,2.38,0.60869565,0.39130435,0.60869565,0.00000000,Marathonbet,1.48,2.4,2026-09-11T08:23:15+00:00
TT|1515923|A|2.5,1515923,Virsliga,365,2026-09-11T13:43:26Z,2026-09-11T14:00:00Z,16.6,Ogre United,FK Liepaja,A,FK Liepaja,2.5,17,Total - Away,2.62,1.44,0.35467980,0.64532020,0.35467980,0.00000000,Marathonbet,2.5,1.44,2026-09-11T08:23:15+00:00
TT|1515923|A|3.5,1515923,Virsliga,365,2026-09-11T13:43:26Z,2026-09-11T14:00:00Z,16.6,Ogre United,FK Liepaja,A,FK Liepaja,3.5,17,Total - Away,5.0,1.14,0.18566775,0.81433225,0.18566775,0.00000000,Marathonbet,,,2026-09-11T08:23:15+00:00
TT|1515923|A|4.5,1515923,Virsliga,365,2026-09-11T13:43:26Z,2026-09-11T14:00:00Z,16.6,Ogre United,FK Liepaja,A,FK Liepaja,4.5,17,Total - Away,8.5,1.05,0.10994764,0.89005236,0.10994764,0.00000000,Marathonbet,,,2026-09-11T08:23:15+00:00
TT|1515923|A|5.5,1515923,Virsliga,365,2026-09-11T13:43:26Z,2026-09-11T14:00:00Z,16.6,Ogre United,FK Liepaja,A,FK Liepaja,5.5,17,Total - Away,15.0,1.01,0.06308557,0.93691443,0.06308557,0.00000000,Marathonbet,,,2026-09-11T08:23:15+00:00
TT|1515921|H|0.5,1515921,Virsliga,365,2026-09-11T13:43:26Z,2026-09-11T15:00:00Z,76.6,Riga,Auda,H,Riga,0.5,16,Total - Home,1.07,7.5,0.87514586,0.12485414,0.87514586,-0.00000000,Marathonbet,,,2026-09-11T12:29:15+00:00
TT|1515921|H|1.5,1515921,Virsliga,365,2026-09-11T13:43:26Z,2026-09-11T15:00:00Z,76.6,Riga,Auda,H,Riga,1.5,16,Total - Home,1.36,3.0,0.68807339,0.31192661,0.68807339,0.00000000,Marathonbet,1.33,2.93,2026-09-11T12:29:15+00:00
TT|1515921|H|2.5,1515921,Virsliga,365,2026-09-11T13:43:26Z,2026-09-11T15:00:00Z,76.6,Riga,Auda,H,Riga,2.5,16,Total - Home,2.1,1.67,0.44297082,0.55702918,0.44297082,0.00000000,Marathonbet,2.11,1.62,2026-09-11T12:29:15+00:00
TT|1515921|H|3.5,1515921,Virsliga,365,2026-09-11T13:43:26Z,2026-09-11T15:00:00Z,76.6,Riga,Auda,H,Riga,3.5,16,Total - Home,4.0,1.22,0.23371648,0.76628352,0.23371648,-0.00000000,Marathonbet,3.52,1.22,2026-09-11T12:29:15+00:00
TT|1515921|H|4.5,1515921,Virsliga,365,2026-09-11T13:43:26Z,2026-09-11T15:00:00Z,76.6,Riga,Auda,H,Riga,4.5,16,Total - Home,7.0,1.08,0.13366337,0.86633663,0.13366337,-0.00000000,Marathonbet,,,2026-09-11T12:29:15+00:00
TT|1515921|H|5.5,1515921,Virsliga,365,2026-09-11T13:43:26Z,2026-09-11T15:00:00Z,76.6,Riga,Auda,H,Riga,5.5,16,Total - Home,11.0,1.02,0.08485857,0.91514143,0.08485857,-0.00000000,Marathonbet,,,2026-09-11T12:29:15+00:00
TT|1515921|A|0.5,1515921,Virsliga,365,2026-09-11T13:43:26Z,2026-09-11T15:00:00Z,76.6,Riga,Auda,A,Auda,0.5,17,Total - Away,1.62,2.2,0.57591623,0.42408377,0.57591623,0.00000000,Marathonbet,1.54,2.23,2026-09-11T12:29:15+00:00
TT|1515921|A|1.5,1515921,Virsliga,365,2026-09-11T13:43:26Z,2026-09-11T15:00:00Z,76.6,Riga,Auda,A,Auda,1.5,17,Total - Away,4.0,1.22,0.23371648,0.76628352,0.23371648,-0.00000000,Marathonbet,3.76,1.21,2026-09-11T12:29:15+00:00
TT|1515921|A|2.5,1515921,Virsliga,365,2026-09-11T13:43:26Z,2026-09-11T15:00:00Z,76.6,Riga,Auda,A,Auda,2.5,17,Total - Away,9.0,1.04,0.10358566,0.89641434,0.10358566,-0.00000000,Marathonbet,7.2,1.04,2026-09-11T12:29:15+00:00
TT|1515920|H|0.5,1515920,Virsliga,365,2026-09-11T13:43:26Z,2026-09-12T11:00:00Z,1276.6,Grobiņa,FS Jelgava,H,Grobiņa,0.5,16,Total - Home,1.3,3.4,0.72340426,0.27659574,0.72340426,-0.00000000,Marathonbet,1.22,3.58,2026-09-11T08:23:15+00:00
TT|1515920|H|1.5,1515920,Virsliga,365,2026-09-11T13:43:26Z,2026-09-12T11:00:00Z,1276.6,Grobiņa,FS Jelgava,H,Grobiņa,1.5,16,Total - Home,2.38,1.53,0.39130435,0.60869565,0.39130435,-0.00000000,Marathonbet,2.24,1.55,2026-09-11T08:23:15+00:00
TT|1515920|H|2.5,1515920,Virsliga,365,2026-09-11T13:43:26Z,2026-09-12T11:00:00Z,1276.6,Grobiņa,FS Jelgava,H,Grobiņa,2.5,16,Total - Home,5.0,1.14,0.18566775,0.81433225,0.18566775,0.00000000,Marathonbet,5.0,1.11,2026-09-11T08:23:15+00:00
TT|1515920|H|3.5,1515920,Virsliga,365,2026-09-11T13:43:26Z,2026-09-12T11:00:00Z,1276.6,Grobiņa,FS Jelgava,H,Grobiņa,3.5,16,Total - Home,10.0,1.03,0.09338169,0.90661831,0.09338169,-0.00000000,Marathonbet,,,2026-09-11T08:23:15+00:00
TT|1515920|A|0.5,1515920,Virsliga,365,2026-09-11T13:43:26Z,2026-09-12T11:00:00Z,1276.6,Grobiņa,FS Jelgava,A,FS Jelgava,0.5,17,Total - Away,1.28,3.5,0.73221757,0.26778243,0.73221757,0.00000000,Marathonbet,1.18,3.94,2026-09-11T08:23:15+00:00
TT|1515920|A|1.5,1515920,Virsliga,365,2026-09-11T13:43:26Z,2026-09-12T11:00:00Z,1276.6,Grobiņa,FS Jelgava,A,FS Jelgava,1.5,17,Total - Away,2.25,1.57,0.41099476,0.58900524,0.41099476,0.00000000,Marathonbet,2.14,1.62,2026-09-11T08:23:15+00:00
TT|1515920|A|2.5,1515920,Virsliga,365,2026-09-11T13:43:26Z,2026-09-12T11:00:00Z,1276.6,Grobiņa,FS Jelgava,A,FS Jelgava,2.5,17,Total - Away,5.0,1.14,0.18566775,0.81433225,0.18566775,0.00000000,Marathonbet,4.55,1.13,2026-09-11T08:23:15+00:00
TT|1515920|A|3.5,1515920,Virsliga,365,2026-09-11T13:43:26Z,2026-09-12T11:00:00Z,1276.6,Grobiņa,FS Jelgava,A,FS Jelgava,3.5,17,Total - Away,9.0,1.04,0.10358566,0.89641434,0.10358566,-0.00000000,Marathonbet,,,2026-09-11T08:23:15+00:00
TT|1515922|H|0.5,1515922,Virsliga,365,2026-09-11T13:43:26Z,2026-09-13T11:00:00Z,2716.6,BFC Daugavpils,Rīgas FS,H,BFC Daugavpils,0.5,16,Total - Home,1.8,1.91,0.51482480,0.48517520,0.51482480,-0.00000000,Marathonbet,1.54,2.23,2026-09-11T08:23:15+00:00
TT|1515922|H|1.5,1515922,Virsliga,365,2026-09-11T13:43:26Z,2026-09-13T11:00:00Z,2716.6,BFC Daugavpils,Rīgas FS,H,BFC Daugavpils,1.5,16,Total - Home,4.5,1.17,0.20634921,0.79365079,0.20634921,-0.00000000,Marathonbet,3.68,1.22,2026-09-11T08:23:15+00:00
TT|1515922|H|2.5,1515922,Virsliga,365,2026-09-11T13:43:26Z,2026-09-13T11:00:00Z,2716.6,BFC Daugavpils,Rīgas FS,H,BFC Daugavpils,2.5,16,Total - Home,10.5,1.02,0.08854167,0.91145833,0.08854167,-0.00000000,Marathonbet,,,2026-09-11T08:23:15+00:00
TT|1515922|A|0.5,1515922,Virsliga,365,2026-09-11T13:43:26Z,2026-09-13T11:00:00Z,2716.6,BFC Daugavpils,Rīgas FS,A,Rīgas FS,0.5,17,Total - Away,1.07,7.5,0.87514586,0.12485414,0.87514586,-0.00000000,Marathonbet,,,2026-09-11T08:23:15+00:00
TT|1515922|A|1.5,1515922,Virsliga,365,2026-09-11T13:43:26Z,2026-09-13T11:00:00Z,2716.6,BFC Daugavpils,Rīgas FS,A,Rīgas FS,1.5,17,Total - Away,1.4,2.75,0.66265060,0.33734940,0.66265060,0.00000000,Marathonbet,1.33,2.93,2026-09-11T08:23:15+00:00
TT|1515922|A|2.5,1515922,Virsliga,365,2026-09-11T13:43:26Z,2026-09-13T11:00:00Z,2716.6,BFC Daugavpils,Rīgas FS,A,Rīgas FS,2.5,17,Total - Away,2.2,1.62,0.42408377,0.57591623,0.42408377,-0.00000000,Marathonbet,2.07,1.64,2026-09-11T08:23:15+00:00
TT|1515922|A|3.5,1515922,Virsliga,365,2026-09-11T13:43:26Z,2026-09-13T11:00:00Z,2716.6,BFC Daugavpils,Rīgas FS,A,Rīgas FS,3.5,17,Total - Away,4.0,1.22,0.23371648,0.76628352,0.23371648,-0.00000000,Marathonbet,3.6,1.21,2026-09-11T08:23:15+00:00
TT|1515922|A|4.5,1515922,Virsliga,365,2026-09-11T13:43:26Z,2026-09-13T11:00:00Z,2716.6,BFC Daugavpils,Rīgas FS,A,Rīgas FS,4.5,17,Total - Away,7.5,1.07,0.12485414,0.87514586,0.12485414,0.00000000,Marathonbet,,,2026-09-11T08:23:15+00:00
TT|1515922|A|5.5,1515922,Virsliga,365,2026-09-11T13:43:26Z,2026-09-13T11:00:00Z,2716.6,BFC Daugavpils,Rīgas FS,A,Rīgas FS,5.5,17,Total - Away,11.0,1.02,0.08485857,0.91514143,0.08485857,-0.00000000,Marathonbet,,,2026-09-11T08:23:15+00:00
TT|1552162|H|0.5,1552162,Eredivisie,88,2026-09-11T13:43:26Z,2026-09-11T18:00:00Z,256.6,AZ Alkmaar,Willem II,H,AZ Alkmaar,0.5,16,Total - Home,1.02,17.0,0.94339623,0.05660377,0.94339623,-0.00000000,Marathonbet,,,2026-09-11T13:16:40+00:00
TT|1552162|H|1.5,1552162,Eredivisie,88,2026-09-11T13:43:26Z,2026-09-11T18:00:00Z,256.6,AZ Alkmaar,Willem II,H,AZ Alkmaar,1.5,16,Total - Home,1.17,5.0,0.81037277,0.18962723,0.81037277,0.00000000,Marathonbet,1.12,5.2,2026-09-11T13:16:40+00:00
TT|1552162|H|2.5,1552162,Eredivisie,88,2026-09-11T13:43:26Z,2026-09-11T18:00:00Z,256.6,AZ Alkmaar,Willem II,H,AZ Alkmaar,2.5,16,Total - Home,1.53,2.38,0.60869565,0.39130435,0.60869565,0.00000000,Marathonbet,1.5,2.49,2026-09-11T13:16:40+00:00
TT|1552162|H|3.5,1552162,Eredivisie,88,2026-09-11T13:43:26Z,2026-09-11T18:00:00Z,256.6,AZ Alkmaar,Willem II,H,AZ Alkmaar,3.5,16,Total - Home,2.38,1.53,0.39130435,0.60869565,0.39130435,-0.00000000,Marathonbet,2.28,1.59,2026-09-11T13:16:40+00:00
TT|1552162|H|4.5,1552162,Eredivisie,88,2026-09-11T13:43:26Z,2026-09-11T18:00:00Z,256.6,AZ Alkmaar,Willem II,H,AZ Alkmaar,4.5,16,Total - Home,4.0,1.22,0.23371648,0.76628352,0.23371648,-0.00000000,Marathonbet,4.0,1.19,2026-09-11T13:16:40+00:00
TT|1552162|H|5.5,1552162,Eredivisie,88,2026-09-11T13:43:26Z,2026-09-11T18:00:00Z,256.6,AZ Alkmaar,Willem II,H,AZ Alkmaar,5.5,16,Total - Home,8.0,1.08,0.11894273,0.88105727,0.11894273,0.00000000,Marathonbet,,,2026-09-11T13:16:40+00:00
TT|1552162|H|6.5,1552162,Eredivisie,88,2026-09-11T13:43:26Z,2026-09-11T18:00:00Z,256.6,AZ Alkmaar,Willem II,H,AZ Alkmaar,6.5,16,Total - Home,17.0,1.02,0.05660377,0.94339623,0.05660377,0.00000000,Marathonbet,,,2026-09-11T13:16:40+00:00
TT|1552162|A|0.5,1552162,Eredivisie,88,2026-09-11T13:43:26Z,2026-09-11T18:00:00Z,256.6,AZ Alkmaar,Willem II,A,Willem II,0.5,17,Total - Away,1.73,2.0,0.53619303,0.46380697,0.53619303,-0.00000000,Marathonbet,1.75,1.94,2026-09-11T13:16:40+00:00
TT|1552162|A|1.5,1552162,Eredivisie,88,2026-09-11T13:43:26Z,2026-09-11T18:00:00Z,256.6,AZ Alkmaar,Willem II,A,Willem II,1.5,17,Total - Away,5.0,1.17,0.18962723,0.81037277,0.18962723,-0.00000000,Marathonbet,5.05,1.15,2026-09-11T13:16:40+00:00
TT|1552162|A|2.5,1552162,Eredivisie,88,2026-09-11T13:43:26Z,2026-09-11T18:00:00Z,256.6,AZ Alkmaar,Willem II,A,Willem II,2.5,17,Total - Away,17.0,1.02,0.05660377,0.94339623,0.05660377,0.00000000,Marathonbet,,,2026-09-11T13:16:40+00:00
TT|1552163|H|0.5,1552163,Eredivisie,88,2026-09-11T13:43:26Z,2026-09-12T14:30:00Z,1486.6,Twente,ADO Den Haag,H,Twente,0.5,16,Total - Home,1.03,15.0,0.93574548,0.06425452,0.93574548,-0.00000000,Marathonbet,,,2026-09-11T09:09:24+00:00
TT|1552163|H|1.5,1552163,Eredivisie,88,2026-09-11T13:43:26Z,2026-09-12T14:30:00Z,1486.6,Twente,ADO Den Haag,H,Twente,1.5,16,Total - Home,1.22,4.0,0.76628352,0.23371648,0.76628352,0.00000000,Marathonbet,1.19,4.15,2026-09-11T09:09:24+00:00
TT|1552163|H|2.5,1552163,Eredivisie,88,2026-09-11T13:43:26Z,2026-09-12T14:30:00Z,1486.6,Twente,ADO Den Haag,H,Twente,2.5,16,Total - Home,1.67,2.1,0.55702918,0.44297082,0.55702918,-0.00000000,Marathonbet,1.72,2.08,2026-09-11T09:09:24+00:00
TT|1552163|H|3.5,1552163,Eredivisie,88,2026-09-11T13:43:26Z,2026-09-12T14:30:00Z,1486.6,Twente,ADO Den Haag,H,Twente,3.5,16,Total - Home,2.75,1.4,0.33734940,0.66265060,0.33734940,-0.00000000,Marathonbet,2.74,1.4,2026-09-11T09:09:24+00:00
TT|1552163|H|4.5,1552163,Eredivisie,88,2026-09-11T13:43:26Z,2026-09-12T14:30:00Z,1486.6,Twente,ADO Den Haag,H,Twente,4.5,16,Total - Home,5.0,1.17,0.18962723,0.81037277,0.18962723,-0.00000000,Marathonbet,4.85,1.14,2026-09-11T09:09:24+00:00
TT|1552163|H|5.5,1552163,Eredivisie,88,2026-09-11T13:43:26Z,2026-09-12T14:30:00Z,1486.6,Twente,ADO Den Haag,H,Twente,5.5,16,Total - Home,11.0,1.05,0.08713693,0.91286307,0.08713693,-0.00000000,Marathonbet,,,2026-09-11T09:09:24+00:00
TT|1552163|H|6.5,1552163,Eredivisie,88,2026-09-11T13:43:26Z,2026-09-12T14:30:00Z,1486.6,Twente,ADO Den Haag,H,Twente,6.5,16,Total - Home,21.0,1.01,0.04588823,0.95411177,0.04588823,0.00000000,Marathonbet,,,2026-09-11T09:09:24+00:00
TT|1552163|A|0.5,1552163,Eredivisie,88,2026-09-11T13:43:26Z,2026-09-12T14:30:00Z,1486.6,Twente,ADO Den Haag,A,ADO Den Haag,0.5,17,Total - Away,1.62,2.2,0.57591623,0.42408377,0.57591623,0.00000000,Marathonbet,1.57,2.22,2026-09-11T09:09:24+00:00
TT|1552163|A|1.5,1552163,Eredivisie,88,2026-09-11T13:43:26Z,2026-09-12T14:30:00Z,1486.6,Twente,ADO Den Haag,A,ADO Den Haag,1.5,17,Total - Away,4.0,1.22,0.23371648,0.76628352,0.23371648,-0.00000000,Marathonbet,4.05,1.22,2026-09-11T09:09:24+00:00
TT|1552163|A|2.5,1552163,Eredivisie,88,2026-09-11T13:43:26Z,2026-09-12T14:30:00Z,1486.6,Twente,ADO Den Haag,A,ADO Den Haag,2.5,17,Total - Away,13.0,1.04,0.07407407,0.92592593,0.07407407,0.00000000,Marathonbet,,,2026-09-11T09:09:24+00:00
TT|1552164|H|0.5,1552164,Eredivisie,88,2026-09-11T13:43:26Z,2026-09-12T16:45:00Z,1621.6,GO Ahead Eagles,Groningen,H,GO Ahead Eagles,0.5,16,Total - Home,1.14,5.5,0.82831325,0.17168675,0.82831325,0.00000000,Marathonbet,,,2026-09-11T13:16:40+00:00
TT|1552164|H|1.5,1552164,Eredivisie,88,2026-09-11T13:43:26Z,2026-09-12T16:45:00Z,1621.6,GO Ahead Eagles,Groningen,H,GO Ahead Eagles,1.5,16,Total - Home,1.73,2.0,0.53619303,0.46380697,0.53619303,-0.00000000,Marathonbet,1.74,2.05,2026-09-11T13:16:40+00:00
TT|1552164|H|2.5,1552164,Eredivisie,88,2026-09-11T13:43:26Z,2026-09-12T16:45:00Z,1621.6,GO Ahead Eagles,Groningen,H,GO Ahead Eagles,2.5,16,Total - Home,3.4,1.3,0.27659574,0.72340426,0.27659574,0.00000000,Marathonbet,3.22,1.3,2026-09-11T13:16:40+00:00
TT|1552164|H|3.5,1552164,Eredivisie,88,2026-09-11T13:43:26Z,2026-09-12T16:45:00Z,1621.6,GO Ahead Eagles,Groningen,H,GO Ahead Eagles,3.5,16,Total - Home,8.0,1.08,0.11894273,0.88105727,0.11894273,0.00000000,Marathonbet,6.9,1.05,2026-09-11T13:16:40+00:00
TT|1552164|H|4.5,1552164,Eredivisie,88,2026-09-11T13:43:26Z,2026-09-12T16:45:00Z,1621.6,GO Ahead Eagles,Groningen,H,GO Ahead Eagles,4.5,16,Total - Home,19.0,1.02,0.05094905,0.94905095,0.05094905,0.00000000,Marathonbet,,,2026-09-11T13:16:40+00:00
TT|1552164|A|0.5,1552164,Eredivisie,88,2026-09-11T13:43:26Z,2026-09-12T16:45:00Z,1621.6,GO Ahead Eagles,Groningen,A,Groningen,0.5,17,Total - Away,1.18,4.5,0.79225352,0.20774648,0.79225352,0.00000000,Marathonbet,,,2026-09-11T13:16:40+00:00
TT|1552164|A|1.5,1552164,Eredivisie,88,2026-09-11T13:43:26Z,2026-09-12T16:45:00Z,1621.6,GO Ahead Eagles,Groningen,A,Groningen,1.5,17,Total - Away,1.83,1.83,0.50000000,0.50000000,0.50000000,0.00000000,Marathonbet,1.9,1.87,2026-09-11T13:16:40+00:00
TT|1552164|A|2.5,1552164,Eredivisie,88,2026-09-11T13:43:26Z,2026-09-12T16:45:00Z,1621.6,GO Ahead Eagles,Groningen,A,Groningen,2.5,17,Total - Away,3.75,1.25,0.25000000,0.75000000,0.25000000,0.00000000,Marathonbet,3.74,1.23,2026-09-11T13:16:40+00:00
TT|1552164|A|3.5,1552164,Eredivisie,88,2026-09-11T13:43:26Z,2026-09-12T16:45:00Z,1621.6,GO Ahead Eagles,Groningen,A,Groningen,3.5,17,Total - Away,10.0,1.06,0.09584087,0.90415913,0.09584087,-0.00000000,Marathonbet,8.5,1.02,2026-09-11T13:16:40+00:00
TT|1552164|A|4.5,1552164,Eredivisie,88,2026-09-11T13:43:26Z,2026-09-12T16:45:00Z,1621.6,GO Ahead Eagles,Groningen,A,Groningen,4.5,17,Total - Away,23.0,1.01,0.04206581,0.95793419,0.04206581,-0.00000000,Marathonbet,,,2026-09-11T13:16:40+00:00
TT|1552165|H|0.5,1552165,Eredivisie,88,2026-09-11T13:43:26Z,2026-09-12T18:00:00Z,1696.6,Fortuna Sittard,Ajax,H,Fortuna Sittard,0.5,16,Total - Home,1.4,2.75,0.66265060,0.33734940,0.66265060,0.00000000,Marathonbet,1.39,2.72,2026-09-11T13:16:40+00:00
TT|1552165|H|1.5,1552165,Eredivisie,88,2026-09-11T13:43:26Z,2026-09-12T18:00:00Z,1696.6,Fortuna Sittard,Ajax,H,Fortuna Sittard,1.5,16,Total - Home,3.0,1.36,0.31192661,0.68807339,0.31192661,-0.00000000,Marathonbet,3.0,1.36,2026-09-11T13:16:40+00:00
TT|1552165|H|2.5,1552165,Eredivisie,88,2026-09-11T13:43:26Z,2026-09-12T18:00:00Z,1696.6,Fortuna Sittard,Ajax,H,Fortuna Sittard,2.5,16,Total - Home,8.0,1.08,0.11894273,0.88105727,0.11894273,0.00000000,Marathonbet,8.2,1.04,2026-09-11T13:16:40+00:00
TT|1552165|H|3.5,1552165,Eredivisie,88,2026-09-11T13:43:26Z,2026-09-12T18:00:00Z,1696.6,Fortuna Sittard,Ajax,H,Fortuna Sittard,3.5,16,Total - Home,23.0,1.01,0.04206581,0.95793419,0.04206581,-0.00000000,Marathonbet,,,2026-09-11T13:16:40+00:00
TT|1552165|A|0.5,1552165,Eredivisie,88,2026-09-11T13:43:26Z,2026-09-12T18:00:00Z,1696.6,Fortuna Sittard,Ajax,A,Ajax,0.5,17,Total - Away,1.06,10.0,0.90415913,0.09584087,0.90415913,0.00000000,Marathonbet,,,2026-09-11T13:16:40+00:00
TT|1552165|A|1.5,1552165,Eredivisie,88,2026-09-11T13:43:26Z,2026-09-12T18:00:00Z,1696.6,Fortuna Sittard,Ajax,A,Ajax,1.5,17,Total - Away,1.33,3.25,0.70960699,0.29039301,0.70960699,-0.00000000,Marathonbet,1.32,3.1,2026-09-11T13:16:40+00:00
TT|1552165|A|2.5,1552165,Eredivisie,88,2026-09-11T13:43:26Z,2026-09-12T18:00:00Z,1696.6,Fortuna Sittard,Ajax,A,Ajax,2.5,17,Total - Away,2.0,1.73,0.46380697,0.53619303,0.46380697,0.00000000,Marathonbet,2.05,1.74,2026-09-11T13:16:40+00:00
TT|1552165|A|3.5,1552165,Eredivisie,88,2026-09-11T13:43:26Z,2026-09-12T18:00:00Z,1696.6,Fortuna Sittard,Ajax,A,Ajax,3.5,17,Total - Away,3.75,1.25,0.25000000,0.75000000,0.25000000,0.00000000,Marathonbet,3.65,1.24,2026-09-11T13:16:40+00:00
TT|1552165|A|4.5,1552165,Eredivisie,88,2026-09-11T13:43:26Z,2026-09-12T18:00:00Z,1696.6,Fortuna Sittard,Ajax,A,Ajax,4.5,17,Total - Away,8.0,1.08,0.11894273,0.88105727,0.11894273,0.00000000,Marathonbet,,,2026-09-11T13:16:40+00:00
TT|1552165|A|5.5,1552165,Eredivisie,88,2026-09-11T13:43:26Z,2026-09-12T18:00:00Z,1696.6,Fortuna Sittard,Ajax,A,Ajax,5.5,17,Total - Away,17.0,1.02,0.05660377,0.94339623,0.05660377,0.00000000,Marathonbet,,,2026-09-11T13:16:40+00:00
TT|1552168|H|0.5,1552168,Eredivisie,88,2026-09-11T13:43:26Z,2026-09-12T19:00:00Z,1756.6,Cambuur,NEC Nijmegen,H,Cambuur,0.5,16,Total - Home,1.33,3.25,0.70960699,0.29039301,0.70960699,-0.00000000,Marathonbet,1.32,3.04,2026-09-11T13:16:40+00:00
TT|1552168|H|1.5,1552168,Eredivisie,88,2026-09-11T13:43:26Z,2026-09-12T19:00:00Z,1756.6,Cambuur,NEC Nijmegen,H,Cambuur,1.5,16,Total - Home,2.62,1.44,0.35467980,0.64532020,0.35467980,0.00000000,Marathonbet,2.61,1.46,2026-09-11T13:16:40+00:00
TT|1552168|H|2.5,1552168,Eredivisie,88,2026-09-11T13:43:26Z,2026-09-12T19:00:00Z,1756.6,Cambuur,NEC Nijmegen,H,Cambuur,2.5,16,Total - Home,6.5,1.11,0.14586071,0.85413929,0.14586071,-0.00000000,Marathonbet,6.4,1.08,2026-09-11T13:16:40+00:00
TT|1552168|H|3.5,1552168,Eredivisie,88,2026-09-11T13:43:26Z,2026-09-12T19:00:00Z,1756.6,Cambuur,NEC Nijmegen,H,Cambuur,3.5,16,Total - Home,19.0,1.02,0.05094905,0.94905095,0.05094905,0.00000000,Marathonbet,,,2026-09-11T13:16:40+00:00
TT|1552168|A|0.5,1552168,Eredivisie,88,2026-09-11T13:43:26Z,2026-09-12T19:00:00Z,1756.6,Cambuur,NEC Nijmegen,A,NEC Nijmegen,0.5,17,Total - Away,1.06,10.0,0.90415913,0.09584087,0.90415913,0.00000000,Marathonbet,,,2026-09-11T13:16:40+00:00
TT|1552168|A|1.5,1552168,Eredivisie,88,2026-09-11T13:43:26Z,2026-09-12T19:00:00Z,1756.6,Cambuur,NEC Nijmegen,A,NEC Nijmegen,1.5,17,Total - Away,1.36,3.0,0.68807339,0.31192661,0.68807339,0.00000000,Marathonbet,1.35,2.95,2026-09-11T13:16:40+00:00
TT|1552168|A|2.5,1552168,Eredivisie,88,2026-09-11T13:43:26Z,2026-09-12T19:00:00Z,1756.6,Cambuur,NEC Nijmegen,A,NEC Nijmegen,2.5,17,Total - Away,2.1,1.67,0.44297082,0.55702918,0.44297082,0.00000000,Marathonbet,2.16,1.67,2026-09-11T13:16:40+00:00
TT|1552168|A|3.5,1552168,Eredivisie,88,2026-09-11T13:43:26Z,2026-09-12T19:00:00Z,1756.6,Cambuur,NEC Nijmegen,A,NEC Nijmegen,3.5,17,Total - Away,4.0,1.22,0.23371648,0.76628352,0.23371648,-0.00000000,Marathonbet,3.84,1.22,2026-09-11T13:16:40+00:00
TT|1552168|A|4.5,1552168,Eredivisie,88,2026-09-11T13:43:26Z,2026-09-12T19:00:00Z,1756.6,Cambuur,NEC Nijmegen,A,NEC Nijmegen,4.5,17,Total - Away,9.0,1.07,0.10625621,0.89374379,0.10625621,-0.00000000,Marathonbet,,,2026-09-11T13:16:40+00:00
TT|1552168|A|5.5,1552168,Eredivisie,88,2026-09-11T13:43:26Z,2026-09-12T19:00:00Z,1756.6,Cambuur,NEC Nijmegen,A,NEC Nijmegen,5.5,17,Total - Away,19.0,1.02,0.05094905,0.94905095,0.05094905,0.00000000,Marathonbet,,,2026-09-11T13:16:40+00:00
TT|1552167|H|0.5,1552167,Eredivisie,88,2026-09-11T13:43:26Z,2026-09-13T10:15:00Z,2671.6,Excelsior,Utrecht,H,Excelsior,0.5,16,Total - Home,1.18,4.5,0.79225352,0.20774648,0.79225352,0.00000000,Marathonbet,1.23,3.64,2026-09-11T09:09:24+00:00
TT|1552167|H|1.5,1552167,Eredivisie,88,2026-09-11T13:43:26Z,2026-09-13T10:15:00Z,2671.6,Excelsior,Utrecht,H,Excelsior,1.5,16,Total - Home,1.83,1.83,0.50000000,0.50000000,0.50000000,0.00000000,Marathonbet,1.88,1.89,2026-09-11T09:09:24+00:00
TT|1552167|H|2.5,1552167,Eredivisie,88,2026-09-11T13:43:26Z,2026-09-13T10:15:00Z,2671.6,Excelsior,Utrecht,H,Excelsior,2.5,16,Total - Home,3.75,1.25,0.25000000,0.75000000,0.25000000,0.00000000,Marathonbet,3.65,1.24,2026-09-11T09:09:24+00:00
TT|1552167|H|3.5,1552167,Eredivisie,88,2026-09-11T13:43:26Z,2026-09-13T10:15:00Z,2671.6,Excelsior,Utrecht,H,Excelsior,3.5,16,Total - Home,10.0,1.06,0.09584087,0.90415913,0.09584087,-0.00000000,Marathonbet,7.8,1.03,2026-09-11T09:09:24+00:00
TT|1552167|H|4.5,1552167,Eredivisie,88,2026-09-11T13:43:26Z,2026-09-13T10:15:00Z,2671.6,Excelsior,Utrecht,H,Excelsior,4.5,16,Total - Home,23.0,1.01,0.04206581,0.95793419,0.04206581,-0.00000000,Marathonbet,,,2026-09-11T09:09:24+00:00
TT|1552167|A|0.5,1552167,Eredivisie,88,2026-09-11T13:43:26Z,2026-09-13T10:15:00Z,2671.6,Excelsior,Utrecht,A,Utrecht,0.5,17,Total - Away,1.25,3.75,0.75000000,0.25000000,0.75000000,0.00000000,Marathonbet,1.24,3.56,2026-09-11T09:09:24+00:00
TT|1552167|A|1.5,1552167,Eredivisie,88,2026-09-11T13:43:26Z,2026-09-13T10:15:00Z,2671.6,Excelsior,Utrecht,A,Utrecht,1.5,17,Total - Away,2.2,1.62,0.42408377,0.57591623,0.42408377,-0.00000000,Marathonbet,2.26,1.62,2026-09-11T09:09:24+00:00
TT|1552167|A|2.5,1552167,Eredivisie,88,2026-09-11T13:43:26Z,2026-09-13T10:15:00Z,2671.6,Excelsior,Utrecht,A,Utrecht,2.5,17,Total - Away,5.0,1.17,0.18962723,0.81037277,0.18962723,-0.00000000,Marathonbet,5.0,1.14,2026-09-11T09:09:24+00:00
TT|1552167|A|3.5,1552167,Eredivisie,88,2026-09-11T13:43:26Z,2026-09-13T10:15:00Z,2671.6,Excelsior,Utrecht,A,Utrecht,3.5,17,Total - Away,13.0,1.04,0.07407407,0.92592593,0.07407407,0.00000000,Marathonbet,,,2026-09-11T09:09:24+00:00
TT|1552166|H|0.5,1552166,Eredivisie,88,2026-09-11T13:43:26Z,2026-09-13T12:30:00Z,2806.6,Heerenveen,Telstar,H,Heerenveen,0.5,16,Total - Home,1.1,7.0,0.86419753,0.13580247,0.86419753,0.00000000,Marathonbet,,,2026-09-11T09:09:24+00:00
TT|1552166|H|1.5,1552166,Eredivisie,88,2026-09-11T13:43:26Z,2026-09-13T12:30:00Z,2806.6,Heerenveen,Telstar,H,Heerenveen,1.5,16,Total - Home,1.5,2.5,0.62500000,0.37500000,0.62500000,0.00000000,Marathonbet,1.44,2.68,2026-09-11T09:09:24+00:00
TT|1552166|H|2.5,1552166,Eredivisie,88,2026-09-11T13:43:26Z,2026-09-13T12:30:00Z,2806.6,Heerenveen,Telstar,H,Heerenveen,2.5,16,Total - Home,2.5,1.5,0.37500000,0.62500000,0.37500000,0.00000000,Marathonbet,2.39,1.54,2026-09-11T09:09:24+00:00
TT|1552166|H|3.5,1552166,Eredivisie,88,2026-09-11T13:43:26Z,2026-09-13T12:30:00Z,2806.6,Heerenveen,Telstar,H,Heerenveen,3.5,16,Total - Home,5.0,1.17,0.18962723,0.81037277,0.18962723,-0.00000000,Marathonbet,4.6,1.14,2026-09-11T09:09:24+00:00
TT|1552166|H|4.5,1552166,Eredivisie,88,2026-09-11T13:43:26Z,2026-09-13T12:30:00Z,2806.6,Heerenveen,Telstar,H,Heerenveen,4.5,16,Total - Home,13.0,1.04,0.07407407,0.92592593,0.07407407,0.00000000,Marathonbet,,,2026-09-11T09:09:24+00:00
TT|1552166|H|5.5,1552166,Eredivisie,88,2026-09-11T13:43:26Z,2026-09-13T12:30:00Z,2806.6,Heerenveen,Telstar,H,Heerenveen,5.5,16,Total - Home,26.0,1.01,0.03739356,0.96260644,0.03739356,-0.00000000,Marathonbet,,,2026-09-11T09:09:24+00:00
TT|1552166|A|0.5,1552166,Eredivisie,88,2026-09-11T13:43:26Z,2026-09-13T12:30:00Z,2806.6,Heerenveen,Telstar,A,Telstar,0.5,17,Total - Away,1.3,3.4,0.72340426,0.27659574,0.72340426,-0.00000000,Marathonbet,1.29,3.2,2026-09-11T09:09:24+00:00
TT|1552166|A|1.5,1552166,Eredivisie,88,2026-09-11T13:43:26Z,2026-09-13T12:30:00Z,2806.6,Heerenveen,Telstar,A,Telstar,1.5,17,Total - Away,2.5,1.5,0.37500000,0.62500000,0.37500000,0.00000000,Marathonbet,2.55,1.48,2026-09-11T09:09:24+00:00
TT|1552166|A|2.5,1552166,Eredivisie,88,2026-09-11T13:43:26Z,2026-09-13T12:30:00Z,2806.6,Heerenveen,Telstar,A,Telstar,2.5,17,Total - Away,6.0,1.12,0.15730337,0.84269663,0.15730337,0.00000000,Marathonbet,6.35,1.08,2026-09-11T09:09:24+00:00
TT|1552166|A|3.5,1552166,Eredivisie,88,2026-09-11T13:43:26Z,2026-09-13T12:30:00Z,2806.6,Heerenveen,Telstar,A,Telstar,3.5,17,Total - Away,17.0,1.02,0.05660377,0.94339623,0.05660377,0.00000000,Marathonbet,,,2026-09-11T09:09:24+00:00
TT|1552170|H|0.5,1552170,Eredivisie,88,2026-09-11T13:43:26Z,2026-09-13T14:45:00Z,2941.6,PEC Zwolle,Feyenoord,H,PEC Zwolle,0.5,16,Total - Home,1.36,3.0,0.68807339,0.31192661,0.68807339,0.00000000,Marathonbet,1.36,2.83,2026-09-11T09:09:24+00:00
TT|1552170|H|1.5,1552170,Eredivisie,88,2026-09-11T13:43:26Z,2026-09-13T14:45:00Z,2941.6,PEC Zwolle,Feyenoord,H,PEC Zwolle,1.5,16,Total - Home,2.75,1.4,0.33734940,0.66265060,0.33734940,-0.00000000,Marathonbet,2.82,1.4,2026-09-11T09:09:24+00:00
TT|1552170|H|2.5,1552170,Eredivisie,88,2026-09-11T13:43:26Z,2026-09-13T14:45:00Z,2941.6,PEC Zwolle,Feyenoord,H,PEC Zwolle,2.5,16,Total - Home,8.0,1.08,0.11894273,0.88105727,0.11894273,0.00000000,Marathonbet,6.9,1.06,2026-09-11T09:09:24+00:00
TT|1552170|H|3.5,1552170,Eredivisie,88,2026-09-11T13:43:26Z,2026-09-13T14:45:00Z,2941.6,PEC Zwolle,Feyenoord,H,PEC Zwolle,3.5,16,Total - Home,21.0,1.01,0.04588823,0.95411177,0.04588823,0.00000000,Marathonbet,,,2026-09-11T09:09:24+00:00
TT|1552170|A|0.5,1552170,Eredivisie,88,2026-09-11T13:43:26Z,2026-09-13T14:45:00Z,2941.6,PEC Zwolle,Feyenoord,A,Feyenoord,0.5,17,Total - Away,1.06,10.0,0.90415913,0.09584087,0.90415913,0.00000000,Marathonbet,,,2026-09-11T09:09:24+00:00
TT|1552170|A|1.5,1552170,Eredivisie,88,2026-09-11T13:43:26Z,2026-09-13T14:45:00Z,2941.6,PEC Zwolle,Feyenoord,A,Feyenoord,1.5,17,Total - Away,1.33,3.25,0.70960699,0.29039301,0.70960699,-0.00000000,Marathonbet,1.31,3.16,2026-09-11T09:09:24+00:00
TT|1552170|A|2.5,1552170,Eredivisie,88,2026-09-11T13:43:26Z,2026-09-13T14:45:00Z,2941.6,PEC Zwolle,Feyenoord,A,Feyenoord,2.5,17,Total - Away,2.0,1.73,0.46380697,0.53619303,0.46380697,0.00000000,Marathonbet,2.01,1.77,2026-09-11T09:09:24+00:00
TT|1552170|A|3.5,1552170,Eredivisie,88,2026-09-11T13:43:26Z,2026-09-13T14:45:00Z,2941.6,PEC Zwolle,Feyenoord,A,Feyenoord,3.5,17,Total - Away,3.75,1.25,0.25000000,0.75000000,0.25000000,0.00000000,Marathonbet,3.5,1.26,2026-09-11T09:09:24+00:00
TT|1552170|A|4.5,1552170,Eredivisie,88,2026-09-11T13:43:26Z,2026-09-13T14:45:00Z,2941.6,PEC Zwolle,Feyenoord,A,Feyenoord,4.5,17,Total - Away,8.0,1.08,0.11894273,0.88105727,0.11894273,0.00000000,Marathonbet,,,2026-09-11T09:09:24+00:00
TT|1552170|A|5.5,1552170,Eredivisie,88,2026-09-11T13:43:26Z,2026-09-13T14:45:00Z,2941.6,PEC Zwolle,Feyenoord,A,Feyenoord,5.5,17,Total - Away,17.0,1.02,0.05660377,0.94339623,0.05660377,0.00000000,Marathonbet,,,2026-09-11T09:09:24+00:00
TT|1552169|H|0.5,1552169,Eredivisie,88,2026-09-11T13:43:26Z,2026-09-13T18:00:00Z,3136.6,PSV Eindhoven,Sparta Rotterdam,H,PSV Eindhoven,0.5,16,Total - Home,1.02,19.0,0.94905095,0.05094905,0.94905095,-0.00000000,Marathonbet,,,2026-09-11T09:09:24+00:00
TT|1552169|H|1.5,1552169,Eredivisie,88,2026-09-11T13:43:26Z,2026-09-13T18:00:00Z,3136.6,PSV Eindhoven,Sparta Rotterdam,H,PSV Eindhoven,1.5,16,Total - Home,1.12,6.0,0.84269663,0.15730337,0.84269663,-0.00000000,Marathonbet,1.1,5.55,2026-09-11T09:09:24+00:00
TT|1552169|H|2.5,1552169,Eredivisie,88,2026-09-11T13:43:26Z,2026-09-13T18:00:00Z,3136.6,PSV Eindhoven,Sparta Rotterdam,H,PSV Eindhoven,2.5,16,Total - Home,1.44,2.62,0.64532020,0.35467980,0.64532020,-0.00000000,Marathonbet,1.43,2.62,2026-09-11T09:09:24+00:00
TT|1552169|H|3.5,1552169,Eredivisie,88,2026-09-11T13:43:26Z,2026-09-13T18:00:00Z,3136.6,PSV Eindhoven,Sparta Rotterdam,H,PSV Eindhoven,3.5,16,Total - Home,2.1,1.67,0.44297082,0.55702918,0.44297082,0.00000000,Marathonbet,2.11,1.7,2026-09-11T09:09:24+00:00
TT|1552169|H|4.5,1552169,Eredivisie,88,2026-09-11T13:43:26Z,2026-09-13T18:00:00Z,3136.6,PSV Eindhoven,Sparta Rotterdam,H,PSV Eindhoven,4.5,16,Total - Home,3.5,1.28,0.26778243,0.73221757,0.26778243,-0.00000000,Marathonbet,3.42,1.27,2026-09-11T09:09:24+00:00
TT|1552169|H|5.5,1552169,Eredivisie,88,2026-09-11T13:43:26Z,2026-09-13T18:00:00Z,3136.6,PSV Eindhoven,Sparta Rotterdam,H,PSV Eindhoven,5.5,16,Total - Home,7.0,1.1,0.13580247,0.86419753,0.13580247,-0.00000000,Marathonbet,,,2026-09-11T09:09:24+00:00
TT|1552169|H|6.5,1552169,Eredivisie,88,2026-09-11T13:43:26Z,2026-09-13T18:00:00Z,3136.6,PSV Eindhoven,Sparta Rotterdam,H,PSV Eindhoven,6.5,16,Total - Home,13.0,1.04,0.07407407,0.92592593,0.07407407,0.00000000,Marathonbet,,,2026-09-11T09:09:24+00:00
TT|1552169|H|7.5,1552169,Eredivisie,88,2026-09-11T13:43:26Z,2026-09-13T18:00:00Z,3136.6,PSV Eindhoven,Sparta Rotterdam,H,PSV Eindhoven,7.5,16,Total - Home,26.0,1.01,0.03739356,0.96260644,0.03739356,-0.00000000,Marathonbet,,,2026-09-11T09:09:24+00:00
TT|1552169|A|0.5,1552169,Eredivisie,88,2026-09-11T13:43:26Z,2026-09-13T18:00:00Z,3136.6,PSV Eindhoven,Sparta Rotterdam,A,Sparta Rotterdam,0.5,17,Total - Away,1.5,2.5,0.62500000,0.37500000,0.62500000,0.00000000,Marathonbet,1.48,2.43,2026-09-11T09:09:24+00:00
TT|1552169|A|1.5,1552169,Eredivisie,88,2026-09-11T13:43:26Z,2026-09-13T18:00:00Z,3136.6,PSV Eindhoven,Sparta Rotterdam,A,Sparta Rotterdam,1.5,17,Total - Away,3.5,1.28,0.26778243,0.73221757,0.26778243,-0.00000000,Marathonbet,3.48,1.28,2026-09-11T09:09:24+00:00
TT|1552169|A|2.5,1552169,Eredivisie,88,2026-09-11T13:43:26Z,2026-09-13T18:00:00Z,3136.6,PSV Eindhoven,Sparta Rotterdam,A,Sparta Rotterdam,2.5,17,Total - Away,11.0,1.05,0.08713693,0.91286307,0.08713693,-0.00000000,Marathonbet,9.5,1.02,2026-09-11T09:09:24+00:00
TT|1552169|A|3.5,1552169,Eredivisie,88,2026-09-11T13:43:26Z,2026-09-13T18:00:00Z,3136.6,PSV Eindhoven,Sparta Rotterdam,A,Sparta Rotterdam,3.5,17,Total - Away,29.0,1.01,0.03365545,0.96634455,0.03365545,-0.00000000,Marathonbet,,,2026-09-11T09:09:24+00:00
TT|1494760|H|0.5,1494760,Eliteserien,103,2026-09-11T13:43:26Z,2026-09-12T14:00:00Z,1456.6,Lillestrom,Valerenga,H,Lillestrom,0.5,16,Total - Home,1.11,6.5,0.85413929,0.14586071,0.85413929,0.00000000,Marathonbet,,,2026-09-11T08:15:49+00:00
TT|1494760|H|1.5,1494760,Eliteserien,103,2026-09-11T13:43:26Z,2026-09-12T14:00:00Z,1456.6,Lillestrom,Valerenga,H,Lillestrom,1.5,16,Total - Home,1.57,2.25,0.58900524,0.41099476,0.58900524,-0.00000000,Marathonbet,1.56,2.34,2026-09-11T08:15:49+00:00
TT|1494760|H|2.5,1494760,Eliteserien,103,2026-09-11T13:43:26Z,2026-09-12T14:00:00Z,1456.6,Lillestrom,Valerenga,H,Lillestrom,2.5,16,Total - Home,2.75,1.4,0.33734940,0.66265060,0.33734940,-0.00000000,Marathonbet,2.75,1.42,2026-09-11T08:15:49+00:00
TT|1494760|H|3.5,1494760,Eliteserien,103,2026-09-11T13:43:26Z,2026-09-12T14:00:00Z,1456.6,Lillestrom,Valerenga,H,Lillestrom,3.5,16,Total - Home,6.0,1.12,0.15730337,0.84269663,0.15730337,0.00000000,Marathonbet,5.6,1.1,2026-09-11T08:15:49+00:00
TT|1494760|H|4.5,1494760,Eliteserien,103,2026-09-11T13:43:26Z,2026-09-12T14:00:00Z,1456.6,Lillestrom,Valerenga,H,Lillestrom,4.5,16,Total - Home,15.0,1.03,0.06425452,0.93574548,0.06425452,0.00000000,Marathonbet,,,2026-09-11T08:15:49+00:00
TT|1494760|H|5.5,1494760,Eliteserien,103,2026-09-11T13:43:26Z,2026-09-12T14:00:00Z,1456.6,Lillestrom,Valerenga,H,Lillestrom,5.5,16,Total - Home,29.0,1.01,0.03365545,0.96634455,0.03365545,-0.00000000,Marathonbet,,,2026-09-11T08:15:49+00:00
TT|1494760|A|0.5,1494760,Eliteserien,103,2026-09-11T13:43:26Z,2026-09-12T14:00:00Z,1456.6,Lillestrom,Valerenga,A,Valerenga,0.5,17,Total - Away,1.25,3.75,0.75000000,0.25000000,0.75000000,0.00000000,Marathonbet,1.22,3.74,2026-09-11T08:15:49+00:00
TT|1494760|A|1.5,1494760,Eliteserien,103,2026-09-11T13:43:26Z,2026-09-12T14:00:00Z,1456.6,Lillestrom,Valerenga,A,Valerenga,1.5,17,Total - Away,2.2,1.62,0.42408377,0.57591623,0.42408377,-0.00000000,Marathonbet,2.19,1.65,2026-09-11T08:15:49+00:00
TT|1494760|A|2.5,1494760,Eliteserien,103,2026-09-11T13:43:26Z,2026-09-12T14:00:00Z,1456.6,Lillestrom,Valerenga,A,Valerenga,2.5,17,Total - Away,5.0,1.17,0.18962723,0.81037277,0.18962723,-0.00000000,Marathonbet,4.85,1.14,2026-09-11T08:15:49+00:00
TT|1494760|A|3.5,1494760,Eliteserien,103,2026-09-11T13:43:26Z,2026-09-12T14:00:00Z,1456.6,Lillestrom,Valerenga,A,Valerenga,3.5,17,Total - Away,13.0,1.04,0.07407407,0.92592593,0.07407407,0.00000000,Marathonbet,,,2026-09-11T08:15:49+00:00
TT|1494761|H|0.5,1494761,Eliteserien,103,2026-09-11T13:43:26Z,2026-09-12T16:00:00Z,1576.6,Rosenborg,Tromso,H,Rosenborg,0.5,16,Total - Home,1.12,6.0,0.84269663,0.15730337,0.84269663,-0.00000000,Marathonbet,,,2026-09-11T08:15:49+00:00
TT|1494761|H|1.5,1494761,Eliteserien,103,2026-09-11T13:43:26Z,2026-09-12T16:00:00Z,1576.6,Rosenborg,Tromso,H,Rosenborg,1.5,16,Total - Home,1.62,2.2,0.57591623,0.42408377,0.57591623,0.00000000,Marathonbet,1.62,2.25,2026-09-11T08:15:49+00:00
TT|1494761|H|2.5,1494761,Eliteserien,103,2026-09-11T13:43:26Z,2026-09-12T16:00:00Z,1576.6,Rosenborg,Tromso,H,Rosenborg,2.5,16,Total - Home,3.0,1.36,0.31192661,0.68807339,0.31192661,-0.00000000,Marathonbet,2.86,1.37,2026-09-11T08:15:49+00:00
TT|1494761|H|3.5,1494761,Eliteserien,103,2026-09-11T13:43:26Z,2026-09-12T16:00:00Z,1576.6,Rosenborg,Tromso,H,Rosenborg,3.5,16,Total - Home,6.5,1.11,0.14586071,0.85413929,0.14586071,-0.00000000,Marathonbet,5.7,1.09,2026-09-11T08:15:49+00:00
TT|1494761|H|4.5,1494761,Eliteserien,103,2026-09-11T13:43:26Z,2026-09-12T16:00:00Z,1576.6,Rosenborg,Tromso,H,Rosenborg,4.5,16,Total - Home,15.0,1.03,0.06425452,0.93574548,0.06425452,0.00000000,Marathonbet,,,2026-09-11T08:15:49+00:00
TT|1494761|A|0.5,1494761,Eliteserien,103,2026-09-11T13:43:26Z,2026-09-12T16:00:00Z,1576.6,Rosenborg,Tromso,A,Tromso,0.5,17,Total - Away,1.4,2.75,0.66265060,0.33734940,0.66265060,0.00000000,Marathonbet,1.35,2.89,2026-09-11T08:15:49+00:00
TT|1494761|A|1.5,1494761,Eliteserien,103,2026-09-11T13:43:26Z,2026-09-12T16:00:00Z,1576.6,Rosenborg,Tromso,A,Tromso,1.5,17,Total - Away,3.0,1.36,0.31192661,0.68807339,0.31192661,-0.00000000,Marathonbet,2.83,1.4,2026-09-11T08:15:49+00:00
TT|1494761|A|2.5,1494761,Eliteserien,103,2026-09-11T13:43:26Z,2026-09-12T16:00:00Z,1576.6,Rosenborg,Tromso,A,Tromso,2.5,17,Total - Away,8.0,1.08,0.11894273,0.88105727,0.11894273,0.00000000,Marathonbet,6.8,1.07,2026-09-11T08:15:49+00:00
TT|1494761|A|3.5,1494761,Eliteserien,103,2026-09-11T13:43:26Z,2026-09-12T16:00:00Z,1576.6,Rosenborg,Tromso,A,Tromso,3.5,17,Total - Away,23.0,1.01,0.04206581,0.95793419,0.04206581,-0.00000000,Marathonbet,,,2026-09-11T08:15:49+00:00
TT|1494763|H|0.5,1494763,Eliteserien,103,2026-09-11T13:43:26Z,2026-09-13T12:30:00Z,2806.6,Viking,Kristiansund BK,H,Viking,0.5,16,Total - Home,1.04,13.0,0.92592593,0.07407407,0.92592593,-0.00000000,Marathonbet,,,2026-09-11T02:10:15+00:00
TT|1494763|H|1.5,1494763,Eliteserien,103,2026-09-11T13:43:26Z,2026-09-13T12:30:00Z,2806.6,Viking,Kristiansund BK,H,Viking,1.5,16,Total - Home,1.25,3.75,0.75000000,0.25000000,0.75000000,0.00000000,Marathonbet,1.2,4.1,2026-09-11T02:10:15+00:00
TT|1494763|H|2.5,1494763,Eliteserien,103,2026-09-11T13:43:26Z,2026-09-13T12:30:00Z,2806.6,Viking,Kristiansund BK,H,Viking,2.5,16,Total - Home,1.73,2.0,0.53619303,0.46380697,0.53619303,-0.00000000,Marathonbet,1.78,2.0,2026-09-11T02:10:15+00:00
TT|1494763|H|3.5,1494763,Eliteserien,103,2026-09-11T13:43:26Z,2026-09-13T12:30:00Z,2806.6,Viking,Kristiansund BK,H,Viking,3.5,16,Total - Home,3.0,1.36,0.31192661,0.68807339,0.31192661,-0.00000000,Marathonbet,2.91,1.36,2026-09-11T02:10:15+00:00
TT|1494763|H|4.5,1494763,Eliteserien,103,2026-09-11T13:43:26Z,2026-09-13T12:30:00Z,2806.6,Viking,Kristiansund BK,H,Viking,4.5,16,Total - Home,5.5,1.14,0.17168675,0.82831325,0.17168675,-0.00000000,Marathonbet,,,2026-09-11T02:10:15+00:00
TT|1494763|H|5.5,1494763,Eliteserien,103,2026-09-11T13:43:26Z,2026-09-13T12:30:00Z,2806.6,Viking,Kristiansund BK,H,Viking,5.5,16,Total - Home,11.0,1.05,0.08713693,0.91286307,0.08713693,-0.00000000,Marathonbet,,,2026-09-11T02:10:15+00:00
TT|1494763|H|6.5,1494763,Eliteserien,103,2026-09-11T13:43:26Z,2026-09-13T12:30:00Z,2806.6,Viking,Kristiansund BK,H,Viking,6.5,16,Total - Home,23.0,1.01,0.04206581,0.95793419,0.04206581,-0.00000000,Marathonbet,,,2026-09-11T02:10:15+00:00
TT|1494763|A|0.5,1494763,Eliteserien,103,2026-09-11T13:43:26Z,2026-09-13T12:30:00Z,2806.6,Viking,Kristiansund BK,A,Kristiansund BK,0.5,17,Total - Away,1.62,2.2,0.57591623,0.42408377,0.57591623,0.00000000,Marathonbet,1.53,2.31,2026-09-11T02:10:15+00:00
TT|1494763|A|1.5,1494763,Eliteserien,103,2026-09-11T13:43:26Z,2026-09-13T12:30:00Z,2806.6,Viking,Kristiansund BK,A,Kristiansund BK,1.5,17,Total - Away,4.0,1.22,0.23371648,0.76628352,0.23371648,-0.00000000,Marathonbet,3.65,1.26,2026-09-11T02:10:15+00:00
TT|1494763|A|2.5,1494763,Eliteserien,103,2026-09-11T13:43:26Z,2026-09-13T12:30:00Z,2806.6,Viking,Kristiansund BK,A,Kristiansund BK,2.5,17,Total - Away,13.0,1.04,0.07407407,0.92592593,0.07407407,0.00000000,Marathonbet,9.8,1.02,2026-09-11T02:10:15+00:00
TT|1494762|H|0.5,1494762,Eliteserien,103,2026-09-11T13:43:26Z,2026-09-13T15:00:00Z,2956.6,Start,Brann,H,Start,0.5,16,Total - Home,1.28,3.5,0.73221757,0.26778243,0.73221757,0.00000000,Marathonbet,1.26,3.4,2026-09-11T02:10:15+00:00
TT|1494762|H|1.5,1494762,Eliteserien,103,2026-09-11T13:43:26Z,2026-09-13T15:00:00Z,2956.6,Start,Brann,H,Start,1.5,16,Total - Home,2.38,1.53,0.39130435,0.60869565,0.39130435,-0.00000000,Marathonbet,2.35,1.57,2026-09-11T02:10:15+00:00
TT|1494762|H|2.5,1494762,Eliteserien,103,2026-09-11T13:43:26Z,2026-09-13T15:00:00Z,2956.6,Start,Brann,H,Start,2.5,16,Total - Home,5.5,1.14,0.17168675,0.82831325,0.17168675,-0.00000000,Marathonbet,5.45,1.12,2026-09-11T02:10:15+00:00
TT|1494762|H|3.5,1494762,Eliteserien,103,2026-09-11T13:43:26Z,2026-09-13T15:00:00Z,2956.6,Start,Brann,H,Start,3.5,16,Total - Home,15.0,1.03,0.06425452,0.93574548,0.06425452,0.00000000,Marathonbet,,,2026-09-11T02:10:15+00:00
TT|1494762|A|0.5,1494762,Eliteserien,103,2026-09-11T13:43:26Z,2026-09-13T15:00:00Z,2956.6,Start,Brann,A,Brann,0.5,17,Total - Away,1.14,5.5,0.82831325,0.17168675,0.82831325,0.00000000,Marathonbet,,,2026-09-11T02:10:15+00:00
TT|1494762|A|1.5,1494762,Eliteserien,103,2026-09-11T13:43:26Z,2026-09-13T15:00:00Z,2956.6,Start,Brann,A,Brann,1.5,17,Total - Away,1.73,2.0,0.53619303,0.46380697,0.53619303,-0.00000000,Marathonbet,1.77,2.01,2026-09-11T02:10:15+00:00
TT|1494762|A|2.5,1494762,Eliteserien,103,2026-09-11T13:43:26Z,2026-09-13T15:00:00Z,2956.6,Start,Brann,A,Brann,2.5,17,Total - Away,3.4,1.3,0.27659574,0.72340426,0.27659574,0.00000000,Marathonbet,3.35,1.28,2026-09-11T02:10:15+00:00
TT|1494762|A|3.5,1494762,Eliteserien,103,2026-09-11T13:43:26Z,2026-09-13T15:00:00Z,2956.6,Start,Brann,A,Brann,3.5,17,Total - Away,8.0,1.08,0.11894273,0.88105727,0.11894273,0.00000000,Marathonbet,7.3,1.04,2026-09-11T02:10:15+00:00
TT|1494762|A|4.5,1494762,Eliteserien,103,2026-09-11T13:43:26Z,2026-09-13T15:00:00Z,2956.6,Start,Brann,A,Brann,4.5,17,Total - Away,19.0,1.02,0.05094905,0.94905095,0.05094905,0.00000000,Marathonbet,,,2026-09-11T02:10:15+00:00
TT|1494759|H|0.5,1494759,Eliteserien,103,2026-09-11T13:43:26Z,2026-09-13T15:00:00Z,2956.6,KFUM Oslo,Aalesund,H,KFUM Oslo,0.5,16,Total - Home,1.18,4.5,0.79225352,0.20774648,0.79225352,0.00000000,Marathonbet,,,2026-09-11T02:10:15+00:00
TT|1494759|H|1.5,1494759,Eliteserien,103,2026-09-11T13:43:26Z,2026-09-13T15:00:00Z,2956.6,KFUM Oslo,Aalesund,H,KFUM Oslo,1.5,16,Total - Home,1.83,1.83,0.50000000,0.50000000,0.50000000,0.00000000,Marathonbet,1.93,1.84,2026-09-11T02:10:15+00:00
TT|1494759|H|2.5,1494759,Eliteserien,103,2026-09-11T13:43:26Z,2026-09-13T15:00:00Z,2956.6,KFUM Oslo,Aalesund,H,KFUM Oslo,2.5,16,Total - Home,3.75,1.25,0.25000000,0.75000000,0.25000000,0.00000000,Marathonbet,3.84,1.22,2026-09-11T02:10:15+00:00
TT|1494759|H|3.5,1494759,Eliteserien,103,2026-09-11T13:43:26Z,2026-09-13T15:00:00Z,2956.6,KFUM Oslo,Aalesund,H,KFUM Oslo,3.5,16,Total - Home,9.0,1.07,0.10625621,0.89374379,0.10625621,-0.00000000,Marathonbet,8.2,1.02,2026-09-11T02:10:15+00:00
TT|1494759|H|4.5,1494759,Eliteserien,103,2026-09-11T13:43:26Z,2026-09-13T15:00:00Z,2956.6,KFUM Oslo,Aalesund,H,KFUM Oslo,4.5,16,Total - Home,23.0,1.01,0.04206581,0.95793419,0.04206581,-0.00000000,Marathonbet,,,2026-09-11T02:10:15+00:00
TT|1494759|A|0.5,1494759,Eliteserien,103,2026-09-11T13:43:26Z,2026-09-13T15:00:00Z,2956.6,KFUM Oslo,Aalesund,A,Aalesund,0.5,17,Total - Away,1.22,4.0,0.76628352,0.23371648,0.76628352,0.00000000,Marathonbet,,,2026-09-11T02:10:15+00:00
TT|1494759|A|1.5,1494759,Eliteserien,103,2026-09-11T13:43:26Z,2026-09-13T15:00:00Z,2956.6,KFUM Oslo,Aalesund,A,Aalesund,1.5,17,Total - Away,2.1,1.67,0.44297082,0.55702918,0.44297082,0.00000000,Marathonbet,2.08,1.72,2026-09-11T02:10:15+00:00
TT|1494759|A|2.5,1494759,Eliteserien,103,2026-09-11T13:43:26Z,2026-09-13T15:00:00Z,2956.6,KFUM Oslo,Aalesund,A,Aalesund,2.5,17,Total - Away,4.5,1.18,0.20774648,0.79225352,0.20774648,-0.00000000,Marathonbet,4.4,1.17,2026-09-11T02:10:15+00:00
TT|1494759|A|3.5,1494759,Eliteserien,103,2026-09-11T13:43:26Z,2026-09-13T15:00:00Z,2956.6,KFUM Oslo,Aalesund,A,Aalesund,3.5,17,Total - Away,13.0,1.04,0.07407407,0.92592593,0.07407407,0.00000000,Marathonbet,9.5,1.01,2026-09-11T02:10:15+00:00
TT|1494759|A|4.5,1494759,Eliteserien,103,2026-09-11T13:43:26Z,2026-09-13T15:00:00Z,2956.6,KFUM Oslo,Aalesund,A,Aalesund,4.5,17,Total - Away,29.0,1.01,0.03365545,0.96634455,0.03365545,-0.00000000,Marathonbet,,,2026-09-11T02:10:15+00:00
TT|1494758|H|0.5,1494758,Eliteserien,103,2026-09-11T13:43:26Z,2026-09-13T15:00:00Z,2956.6,Ham-Kam,Molde,H,Ham-Kam,0.5,16,Total - Home,1.3,3.4,0.72340426,0.27659574,0.72340426,-0.00000000,Marathonbet,1.3,3.14,2026-09-11T02:10:15+00:00
TT|1494758|H|1.5,1494758,Eliteserien,103,2026-09-11T13:43:26Z,2026-09-13T15:00:00Z,2956.6,Ham-Kam,Molde,H,Ham-Kam,1.5,16,Total - Home,2.5,1.5,0.37500000,0.62500000,0.37500000,0.00000000,Marathonbet,2.52,1.49,2026-09-11T02:10:15+00:00
TT|1494758|H|2.5,1494758,Eliteserien,103,2026-09-11T13:43:26Z,2026-09-13T15:00:00Z,2956.6,Ham-Kam,Molde,H,Ham-Kam,2.5,16,Total - Home,6.0,1.12,0.15730337,0.84269663,0.15730337,0.00000000,Marathonbet,5.85,1.09,2026-09-11T02:10:15+00:00
TT|1494758|H|3.5,1494758,Eliteserien,103,2026-09-11T13:43:26Z,2026-09-13T15:00:00Z,2956.6,Ham-Kam,Molde,H,Ham-Kam,3.5,16,Total - Home,17.0,1.02,0.05660377,0.94339623,0.05660377,0.00000000,Marathonbet,,,2026-09-11T02:10:15+00:00
TT|1494758|A|0.5,1494758,Eliteserien,103,2026-09-11T13:43:26Z,2026-09-13T15:00:00Z,2956.6,Ham-Kam,Molde,A,Molde,0.5,17,Total - Away,1.1,7.0,0.86419753,0.13580247,0.86419753,0.00000000,Marathonbet,,,2026-09-11T02:10:15+00:00
TT|1494758|A|1.5,1494758,Eliteserien,103,2026-09-11T13:43:26Z,2026-09-13T15:00:00Z,2956.6,Ham-Kam,Molde,A,Molde,1.5,17,Total - Away,1.5,2.5,0.62500000,0.37500000,0.62500000,0.00000000,Marathonbet,1.52,2.44,2026-09-11T02:10:15+00:00
TT|1494758|A|2.5,1494758,Eliteserien,103,2026-09-11T13:43:26Z,2026-09-13T15:00:00Z,2956.6,Ham-Kam,Molde,A,Molde,2.5,17,Total - Away,2.62,1.44,0.35467980,0.64532020,0.35467980,0.00000000,Marathonbet,2.58,1.47,2026-09-11T02:10:15+00:00
TT|1494758|A|3.5,1494758,Eliteserien,103,2026-09-11T13:43:26Z,2026-09-13T15:00:00Z,2956.6,Ham-Kam,Molde,A,Molde,3.5,17,Total - Away,5.5,1.14,0.17168675,0.82831325,0.17168675,-0.00000000,Marathonbet,5.0,1.13,2026-09-11T02:10:15+00:00
TT|1494758|A|4.5,1494758,Eliteserien,103,2026-09-11T13:43:26Z,2026-09-13T15:00:00Z,2956.6,Ham-Kam,Molde,A,Molde,4.5,17,Total - Away,13.0,1.04,0.07407407,0.92592593,0.07407407,0.00000000,Marathonbet,,,2026-09-11T02:10:15+00:00
TT|1494758|A|5.5,1494758,Eliteserien,103,2026-09-11T13:43:26Z,2026-09-13T15:00:00Z,2956.6,Ham-Kam,Molde,A,Molde,5.5,17,Total - Away,26.0,1.01,0.03739356,0.96260644,0.03739356,-0.00000000,Marathonbet,,,2026-09-11T02:10:15+00:00
TT|1494757|H|0.5,1494757,Eliteserien,103,2026-09-11T13:43:26Z,2026-09-13T17:15:00Z,3091.6,Fredrikstad,Sarpsborg 08 FF,H,Fredrikstad,0.5,16,Total - Home,1.22,4.0,0.76628352,0.23371648,0.76628352,0.00000000,Marathonbet,1.16,4.5,2026-09-11T02:10:15+00:00
TT|1494757|H|1.5,1494757,Eliteserien,103,2026-09-11T13:43:26Z,2026-09-13T17:15:00Z,3091.6,Fredrikstad,Sarpsborg 08 FF,H,Fredrikstad,1.5,16,Total - Home,2.1,1.67,0.44297082,0.55702918,0.44297082,0.00000000,Marathonbet,2.01,1.77,2026-09-11T02:10:15+00:00
TT|1494757|H|2.5,1494757,Eliteserien,103,2026-09-11T13:43:26Z,2026-09-13T17:15:00Z,3091.6,Fredrikstad,Sarpsborg 08 FF,H,Fredrikstad,2.5,16,Total - Home,4.5,1.18,0.20774648,0.79225352,0.20774648,-0.00000000,Marathonbet,4.15,1.19,2026-09-11T02:10:15+00:00
TT|1494757|H|3.5,1494757,Eliteserien,103,2026-09-11T13:43:26Z,2026-09-13T17:15:00Z,3091.6,Fredrikstad,Sarpsborg 08 FF,H,Fredrikstad,3.5,16,Total - Home,11.0,1.05,0.08713693,0.91286307,0.08713693,-0.00000000,Marathonbet,,,2026-09-11T02:10:15+00:00
TT|1494757|H|4.5,1494757,Eliteserien,103,2026-09-11T13:43:26Z,2026-09-13T17:15:00Z,3091.6,Fredrikstad,Sarpsborg 08 FF,H,Fredrikstad,4.5,16,Total - Home,29.0,1.01,0.03365545,0.96634455,0.03365545,-0.00000000,Marathonbet,,,2026-09-11T02:10:15+00:00
TT|1494757|A|0.5,1494757,Eliteserien,103,2026-09-11T13:43:26Z,2026-09-13T17:15:00Z,3091.6,Fredrikstad,Sarpsborg 08 FF,A,Sarpsborg 08 FF,0.5,17,Total - Away,1.25,3.75,0.75000000,0.25000000,0.75000000,0.00000000,Marathonbet,1.19,4.0,2026-09-11T02:10:15+00:00
TT|1494757|A|1.5,1494757,Eliteserien,103,2026-09-11T13:43:26Z,2026-09-13T17:15:00Z,3091.6,Fredrikstad,Sarpsborg 08 FF,A,Sarpsborg 08 FF,1.5,17,Total - Away,2.2,1.62,0.42408377,0.57591623,0.42408377,-0.00000000,Marathonbet,2.14,1.68,2026-09-11T02:10:15+00:00
TT|1494757|A|2.5,1494757,Eliteserien,103,2026-09-11T13:43:26Z,2026-09-13T17:15:00Z,3091.6,Fredrikstad,Sarpsborg 08 FF,A,Sarpsborg 08 FF,2.5,17,Total - Away,5.0,1.17,0.18962723,0.81037277,0.18962723,-0.00000000,Marathonbet,4.6,1.16,2026-09-11T02:10:15+00:00
TT|1494757|A|3.5,1494757,Eliteserien,103,2026-09-11T13:43:26Z,2026-09-13T17:15:00Z,3091.6,Fredrikstad,Sarpsborg 08 FF,A,Sarpsborg 08 FF,3.5,17,Total - Away,13.0,1.04,0.07407407,0.92592593,0.07407407,0.00000000,Marathonbet,9.4,1.01,2026-09-11T02:10:15+00:00
TT|1494757|A|4.5,1494757,Eliteserien,103,2026-09-11T13:43:26Z,2026-09-13T17:15:00Z,3091.6,Fredrikstad,Sarpsborg 08 FF,A,Sarpsborg 08 FF,4.5,17,Total - Away,29.0,1.01,0.03365545,0.96634455,0.03365545,-0.00000000,Marathonbet,,,2026-09-11T02:10:15+00:00
TT|1553168|H|0.5,1553168,Ekstraklasa,106,2026-09-11T13:43:26Z,2026-09-11T16:00:00Z,136.6,Raków Częstochowa,Motor Lublin,H,Raków Częstochowa,0.5,16,Total - Home,1.14,5.5,0.82831325,0.17168675,0.84269663,-0.01438338,Marathonbet,,,2026-09-11T13:19:19+00:00
TT|1553168|H|1.5,1553168,Ekstraklasa,106,2026-09-11T13:43:26Z,2026-09-11T16:00:00Z,136.6,Raków Częstochowa,Motor Lublin,H,Raków Częstochowa,1.5,16,Total - Home,1.73,2.0,0.53619303,0.46380697,0.57591623,-0.03972320,Marathonbet,1.65,2.16,2026-09-11T13:19:19+00:00
TT|1553168|H|2.5,1553168,Ekstraklasa,106,2026-09-11T13:43:26Z,2026-09-11T16:00:00Z,136.6,Raków Częstochowa,Motor Lublin,H,Raków Częstochowa,2.5,16,Total - Home,3.25,1.33,0.29039301,0.70960699,0.31192661,-0.02153360,Marathonbet,2.89,1.35,2026-09-11T13:19:19+00:00
TT|1553168|H|3.5,1553168,Ekstraklasa,106,2026-09-11T13:43:26Z,2026-09-11T16:00:00Z,136.6,Raków Częstochowa,Motor Lublin,H,Raków Częstochowa,3.5,16,Total - Home,7.0,1.1,0.13580247,0.86419753,0.14586071,-0.01005824,Marathonbet,,,2026-09-11T13:19:19+00:00
TT|1553168|H|4.5,1553168,Ekstraklasa,106,2026-09-11T13:43:26Z,2026-09-11T16:00:00Z,136.6,Raków Częstochowa,Motor Lublin,H,Raków Częstochowa,4.5,16,Total - Home,19.0,1.02,0.05094905,0.94905095,0.05660377,-0.00565472,Marathonbet,,,2026-09-11T13:19:19+00:00
TT|1553168|A|0.5,1553168,Ekstraklasa,106,2026-09-11T13:43:26Z,2026-09-11T16:00:00Z,136.6,Raków Częstochowa,Motor Lublin,A,Motor Lublin,0.5,17,Total - Away,1.3,3.4,0.72340426,0.27659574,0.70960699,0.01379727,Marathonbet,1.26,3.42,2026-09-11T13:19:19+00:00
TT|1553168|A|1.5,1553168,Ekstraklasa,106,2026-09-11T13:43:26Z,2026-09-11T16:00:00Z,136.6,Raków Częstochowa,Motor Lublin,A,Motor Lublin,1.5,17,Total - Away,2.5,1.5,0.37500000,0.62500000,0.35467980,0.02032020,Marathonbet,2.3,1.56,2026-09-11T13:19:19+00:00
TT|1553168|A|2.5,1553168,Ekstraklasa,106,2026-09-11T13:43:26Z,2026-09-11T16:00:00Z,136.6,Raków Częstochowa,Motor Lublin,A,Motor Lublin,2.5,17,Total - Away,6.5,1.11,0.14586071,0.85413929,0.13580247,0.01005824,Marathonbet,4.9,1.13,2026-09-11T13:19:19+00:00
TT|1553168|A|3.5,1553168,Ekstraklasa,106,2026-09-11T13:43:26Z,2026-09-11T16:00:00Z,136.6,Raków Częstochowa,Motor Lublin,A,Motor Lublin,3.5,17,Total - Away,19.0,1.02,0.05094905,0.94905095,0.05094905,0.00000000,Marathonbet,,,2026-09-11T13:19:19+00:00
TT|1553170|H|0.5,1553170,Ekstraklasa,106,2026-09-11T13:43:26Z,2026-09-11T18:30:00Z,286.6,Wisla Krakow,Jagiellonia,H,Wisla Krakow,0.5,16,Total - Home,1.17,5.0,0.81037277,0.18962723,0.81037277,0.00000000,Marathonbet,,,2026-09-11T06:00:26+00:00
TT|1553170|H|1.5,1553170,Ekstraklasa,106,2026-09-11T13:43:26Z,2026-09-11T18:30:00Z,286.6,Wisla Krakow,Jagiellonia,H,Wisla Krakow,1.5,16,Total - Home,1.83,1.83,0.50000000,0.50000000,0.50000000,0.00000000,Marathonbet,1.83,1.91,2026-09-11T06:00:26+00:00
TT|1553170|H|2.5,1553170,Ekstraklasa,106,2026-09-11T13:43:26Z,2026-09-11T18:30:00Z,286.6,Wisla Krakow,Jagiellonia,H,Wisla Krakow,2.5,16,Total - Home,3.75,1.25,0.25000000,0.75000000,0.25000000,0.00000000,Marathonbet,3.48,1.25,2026-09-11T06:00:26+00:00
TT|1553170|H|3.5,1553170,Ekstraklasa,106,2026-09-11T13:43:26Z,2026-09-11T18:30:00Z,286.6,Wisla Krakow,Jagiellonia,H,Wisla Krakow,3.5,16,Total - Home,10.0,1.06,0.09584087,0.90415913,0.09584087,-0.00000000,Marathonbet,,,2026-09-11T06:00:26+00:00
TT|1553170|H|4.5,1553170,Ekstraklasa,106,2026-09-11T13:43:26Z,2026-09-11T18:30:00Z,286.6,Wisla Krakow,Jagiellonia,H,Wisla Krakow,4.5,16,Total - Home,23.0,1.01,0.04206581,0.95793419,0.04206581,-0.00000000,Marathonbet,,,2026-09-11T06:00:26+00:00
TT|1553170|A|0.5,1553170,Ekstraklasa,106,2026-09-11T13:43:26Z,2026-09-11T18:30:00Z,286.6,Wisla Krakow,Jagiellonia,A,Jagiellonia,0.5,17,Total - Away,1.22,4.0,0.76628352,0.23371648,0.76628352,0.00000000,Marathonbet,1.18,4.1,2026-09-11T06:00:26+00:00
TT|1553170|A|1.5,1553170,Ekstraklasa,106,2026-09-11T13:43:26Z,2026-09-11T18:30:00Z,286.6,Wisla Krakow,Jagiellonia,A,Jagiellonia,1.5,17,Total - Away,2.1,1.67,0.44297082,0.55702918,0.44297082,0.00000000,Marathonbet,2.04,1.73,2026-09-11T06:00:26+00:00
TT|1553170|A|2.5,1553170,Ekstraklasa,106,2026-09-11T13:43:26Z,2026-09-11T18:30:00Z,286.6,Wisla Krakow,Jagiellonia,A,Jagiellonia,2.5,17,Total - Away,4.5,1.18,0.20774648,0.79225352,0.20774648,-0.00000000,Marathonbet,4.2,1.18,2026-09-11T06:00:26+00:00
TT|1553170|A|3.5,1553170,Ekstraklasa,106,2026-09-11T13:43:26Z,2026-09-11T18:30:00Z,286.6,Wisla Krakow,Jagiellonia,A,Jagiellonia,3.5,17,Total - Away,13.0,1.04,0.07407407,0.92592593,0.07407407,0.00000000,Marathonbet,,,2026-09-11T06:00:26+00:00
TT|1553170|A|4.5,1553170,Ekstraklasa,106,2026-09-11T13:43:26Z,2026-09-11T18:30:00Z,286.6,Wisla Krakow,Jagiellonia,A,Jagiellonia,4.5,17,Total - Away,29.0,1.01,0.03365545,0.96634455,0.03365545,-0.00000000,Marathonbet,,,2026-09-11T06:00:26+00:00
TT|1553169|H|0.5,1553169,Ekstraklasa,106,2026-09-11T13:43:26Z,2026-09-12T12:45:00Z,1381.6,Slask Wroclaw,Korona Kielce,H,Slask Wroclaw,0.5,16,Total - Home,1.25,3.75,0.75000000,0.25000000,0.75000000,0.00000000,Marathonbet,1.26,3.4,2026-09-11T08:15:48+00:00
TT|1553169|H|1.5,1553169,Ekstraklasa,106,2026-09-11T13:43:26Z,2026-09-12T12:45:00Z,1381.6,Slask Wroclaw,Korona Kielce,H,Slask Wroclaw,1.5,16,Total - Home,2.2,1.62,0.42408377,0.57591623,0.42408377,-0.00000000,Marathonbet,2.36,1.53,2026-09-11T08:15:48+00:00
TT|1553169|H|2.5,1553169,Ekstraklasa,106,2026-09-11T13:43:26Z,2026-09-12T12:45:00Z,1381.6,Slask Wroclaw,Korona Kielce,H,Slask Wroclaw,2.5,16,Total - Home,5.0,1.17,0.18962723,0.81037277,0.18962723,-0.00000000,Marathonbet,5.35,1.1,2026-09-11T08:15:48+00:00
TT|1553169|H|3.5,1553169,Ekstraklasa,106,2026-09-11T13:43:26Z,2026-09-12T12:45:00Z,1381.6,Slask Wroclaw,Korona Kielce,H,Slask Wroclaw,3.5,16,Total - Home,15.0,1.03,0.06425452,0.93574548,0.06425452,0.00000000,Marathonbet,,,2026-09-11T08:15:48+00:00
TT|1553169|A|0.5,1553169,Ekstraklasa,106,2026-09-11T13:43:26Z,2026-09-12T12:45:00Z,1381.6,Slask Wroclaw,Korona Kielce,A,Korona Kielce,0.5,17,Total - Away,1.25,3.75,0.75000000,0.25000000,0.75000000,0.00000000,Marathonbet,1.23,3.64,2026-09-11T08:15:48+00:00
TT|1553169|A|1.5,1553169,Ekstraklasa,106,2026-09-11T13:43:26Z,2026-09-12T12:45:00Z,1381.6,Slask Wroclaw,Korona Kielce,A,Korona Kielce,1.5,17,Total - Away,2.25,1.57,0.41099476,0.58900524,0.41099476,0.00000000,Marathonbet,2.23,1.61,2026-09-11T08:15:48+00:00
TT|1553169|A|2.5,1553169,Ekstraklasa,106,2026-09-11T13:43:26Z,2026-09-12T12:45:00Z,1381.6,Slask Wroclaw,Korona Kielce,A,Korona Kielce,2.5,17,Total - Away,5.5,1.14,0.17168675,0.82831325,0.17168675,-0.00000000,Marathonbet,4.95,1.13,2026-09-11T08:15:48+00:00
TT|1553169|A|3.5,1553169,Ekstraklasa,106,2026-09-11T13:43:26Z,2026-09-12T12:45:00Z,1381.6,Slask Wroclaw,Korona Kielce,A,Korona Kielce,3.5,17,Total - Away,15.0,1.03,0.06425452,0.93574548,0.06425452,0.00000000,Marathonbet,,,2026-09-11T08:15:48+00:00
TT|1553164|H|0.5,1553164,Ekstraklasa,106,2026-09-11T13:43:26Z,2026-09-12T15:30:00Z,1546.6,Gornik Zabrze,Lech Poznan,H,Gornik Zabrze,0.5,16,Total - Home,1.25,3.75,0.75000000,0.25000000,0.75000000,0.00000000,Marathonbet,1.23,3.64,2026-09-11T08:15:48+00:00
TT|1553164|H|1.5,1553164,Ekstraklasa,106,2026-09-11T13:43:26Z,2026-09-12T15:30:00Z,1546.6,Gornik Zabrze,Lech Poznan,H,Gornik Zabrze,1.5,16,Total - Home,2.2,1.62,0.42408377,0.57591623,0.42408377,-0.00000000,Marathonbet,2.23,1.61,2026-09-11T08:15:48+00:00
TT|1553164|H|2.5,1553164,Ekstraklasa,106,2026-09-11T13:43:26Z,2026-09-12T15:30:00Z,1546.6,Gornik Zabrze,Lech Poznan,H,Gornik Zabrze,2.5,16,Total - Home,5.0,1.17,0.18962723,0.81037277,0.18962723,-0.00000000,Marathonbet,4.95,1.13,2026-09-11T08:15:48+00:00
TT|1553164|H|3.5,1553164,Ekstraklasa,106,2026-09-11T13:43:26Z,2026-09-12T15:30:00Z,1546.6,Gornik Zabrze,Lech Poznan,H,Gornik Zabrze,3.5,16,Total - Home,13.0,1.04,0.07407407,0.92592593,0.07407407,0.00000000,Marathonbet,,,2026-09-11T08:15:48+00:00
TT|1553164|A|0.5,1553164,Ekstraklasa,106,2026-09-11T13:43:26Z,2026-09-12T15:30:00Z,1546.6,Gornik Zabrze,Lech Poznan,A,Lech Poznan,0.5,17,Total - Away,1.2,4.33,0.78300181,0.21699819,0.78300181,-0.00000000,Marathonbet,,,2026-09-11T08:15:48+00:00
TT|1553164|A|1.5,1553164,Ekstraklasa,106,2026-09-11T13:43:26Z,2026-09-12T15:30:00Z,1546.6,Gornik Zabrze,Lech Poznan,A,Lech Poznan,1.5,17,Total - Away,1.91,1.8,0.48517520,0.51482480,0.48517520,0.00000000,Marathonbet,1.93,1.81,2026-09-11T08:15:48+00:00
TT|1553164|A|2.5,1553164,Ekstraklasa,106,2026-09-11T13:43:26Z,2026-09-12T15:30:00Z,1546.6,Gornik Zabrze,Lech Poznan,A,Lech Poznan,2.5,17,Total - Away,4.0,1.22,0.23371648,0.76628352,0.23371648,-0.00000000,Marathonbet,3.84,1.21,2026-09-11T08:15:48+00:00
TT|1553164|A|3.5,1553164,Ekstraklasa,106,2026-09-11T13:43:26Z,2026-09-12T15:30:00Z,1546.6,Gornik Zabrze,Lech Poznan,A,Lech Poznan,3.5,17,Total - Away,11.0,1.05,0.08713693,0.91286307,0.08713693,-0.00000000,Marathonbet,,,2026-09-11T08:15:48+00:00
TT|1553164|A|4.5,1553164,Ekstraklasa,106,2026-09-11T13:43:26Z,2026-09-12T15:30:00Z,1546.6,Gornik Zabrze,Lech Poznan,A,Lech Poznan,4.5,17,Total - Away,26.0,1.01,0.03739356,0.96260644,0.03739356,-0.00000000,Marathonbet,,,2026-09-11T08:15:48+00:00
TT|1553172|H|0.5,1553172,Ekstraklasa,106,2026-09-11T13:43:26Z,2026-09-12T18:15:00Z,1711.6,Zaglebie Lubin,GKS Katowice,H,Zaglebie Lubin,0.5,16,Total - Home,1.28,3.5,0.73221757,0.26778243,0.73221757,0.00000000,Marathonbet,1.25,3.48,2026-09-11T13:19:19+00:00
TT|1553172|H|1.5,1553172,Ekstraklasa,106,2026-09-11T13:43:26Z,2026-09-12T18:15:00Z,1711.6,Zaglebie Lubin,GKS Katowice,H,Zaglebie Lubin,1.5,16,Total - Home,2.25,1.57,0.41099476,0.58900524,0.41099476,0.00000000,Marathonbet,2.31,1.57,2026-09-11T13:19:19+00:00
TT|1553172|H|2.5,1553172,Ekstraklasa,106,2026-09-11T13:43:26Z,2026-09-12T18:15:00Z,1711.6,Zaglebie Lubin,GKS Katowice,H,Zaglebie Lubin,2.5,16,Total - Home,5.5,1.14,0.17168675,0.82831325,0.17168675,-0.00000000,Marathonbet,5.2,1.12,2026-09-11T13:19:19+00:00
TT|1553172|H|3.5,1553172,Ekstraklasa,106,2026-09-11T13:43:26Z,2026-09-12T18:15:00Z,1711.6,Zaglebie Lubin,GKS Katowice,H,Zaglebie Lubin,3.5,16,Total - Home,15.0,1.03,0.06425452,0.93574548,0.06425452,0.00000000,Marathonbet,,,2026-09-11T13:19:19+00:00
TT|1553172|A|0.5,1553172,Ekstraklasa,106,2026-09-11T13:43:26Z,2026-09-12T18:15:00Z,1711.6,Zaglebie Lubin,GKS Katowice,A,GKS Katowice,0.5,17,Total - Away,1.25,3.75,0.75000000,0.25000000,0.75000000,0.00000000,Marathonbet,1.24,3.56,2026-09-11T13:19:19+00:00
TT|1553172|A|1.5,1553172,Ekstraklasa,106,2026-09-11T13:43:26Z,2026-09-12T18:15:00Z,1711.6,Zaglebie Lubin,GKS Katowice,A,GKS Katowice,1.5,17,Total - Away,2.25,1.57,0.41099476,0.58900524,0.41099476,0.00000000,Marathonbet,2.25,1.6,2026-09-11T13:19:19+00:00
TT|1553172|A|2.5,1553172,Ekstraklasa,106,2026-09-11T13:43:26Z,2026-09-12T18:15:00Z,1711.6,Zaglebie Lubin,GKS Katowice,A,GKS Katowice,2.5,17,Total - Away,5.5,1.14,0.17168675,0.82831325,0.17168675,-0.00000000,Marathonbet,5.0,1.13,2026-09-11T13:19:19+00:00
TT|1553172|A|3.5,1553172,Ekstraklasa,106,2026-09-11T13:43:26Z,2026-09-12T18:15:00Z,1711.6,Zaglebie Lubin,GKS Katowice,A,GKS Katowice,3.5,17,Total - Away,15.0,1.03,0.06425452,0.93574548,0.06425452,0.00000000,Marathonbet,,,2026-09-11T13:19:19+00:00
TT|1553171|H|0.5,1553171,Ekstraklasa,106,2026-09-11T13:43:26Z,2026-09-13T10:15:00Z,2671.6,Wisla Plock,Cracovia Krakow,H,Wisla Plock,0.5,16,Total - Home,1.3,3.4,0.72340426,0.27659574,0.72340426,-0.00000000,Marathonbet,1.27,3.34,2026-09-11T05:05:14+00:00
TT|1553171|H|1.5,1553171,Ekstraklasa,106,2026-09-11T13:43:26Z,2026-09-13T10:15:00Z,2671.6,Wisla Plock,Cracovia Krakow,H,Wisla Plock,1.5,16,Total - Home,2.5,1.5,0.37500000,0.62500000,0.37500000,0.00000000,Marathonbet,2.29,1.58,2026-09-11T05:05:14+00:00
TT|1553171|H|2.5,1553171,Ekstraklasa,106,2026-09-11T13:43:26Z,2026-09-13T10:15:00Z,2671.6,Wisla Plock,Cracovia Krakow,H,Wisla Plock,2.5,16,Total - Home,6.0,1.12,0.15730337,0.84269663,0.15730337,0.00000000,Marathonbet,5.05,1.12,2026-09-11T05:05:14+00:00
TT|1553171|H|3.5,1553171,Ekstraklasa,106,2026-09-11T13:43:26Z,2026-09-13T10:15:00Z,2671.6,Wisla Plock,Cracovia Krakow,H,Wisla Plock,3.5,16,Total - Home,17.0,1.02,0.05660377,0.94339623,0.05660377,0.00000000,Marathonbet,,,2026-09-11T05:05:14+00:00
TT|1553171|A|0.5,1553171,Ekstraklasa,106,2026-09-11T13:43:26Z,2026-09-13T10:15:00Z,2671.6,Wisla Plock,Cracovia Krakow,A,Cracovia Krakow,0.5,17,Total - Away,1.33,3.25,0.70960699,0.29039301,0.70960699,-0.00000000,Marathonbet,1.3,3.14,2026-09-11T05:05:14+00:00
TT|1553171|A|1.5,1553171,Ekstraklasa,106,2026-09-11T13:43:26Z,2026-09-13T10:15:00Z,2671.6,Wisla Plock,Cracovia Krakow,A,Cracovia Krakow,1.5,17,Total - Away,2.5,1.5,0.37500000,0.62500000,0.37500000,0.00000000,Marathonbet,2.5,1.48,2026-09-11T05:05:14+00:00
TT|1553171|A|2.5,1553171,Ekstraklasa,106,2026-09-11T13:43:26Z,2026-09-13T10:15:00Z,2671.6,Wisla Plock,Cracovia Krakow,A,Cracovia Krakow,2.5,17,Total - Away,6.5,1.11,0.14586071,0.85413929,0.14586071,-0.00000000,Marathonbet,5.7,1.09,2026-09-11T05:05:14+00:00
TT|1553171|A|3.5,1553171,Ekstraklasa,106,2026-09-11T13:43:26Z,2026-09-13T10:15:00Z,2671.6,Wisla Plock,Cracovia Krakow,A,Cracovia Krakow,3.5,17,Total - Away,19.0,1.02,0.05094905,0.94905095,0.05094905,0.00000000,Marathonbet,,,2026-09-11T05:05:14+00:00
TT|1553166|H|0.5,1553166,Ekstraklasa,106,2026-09-11T13:43:26Z,2026-09-13T12:45:00Z,2821.6,Pogon Szczecin,Wieczysta Kraków,H,Pogon Szczecin,0.5,16,Total - Home,1.17,5.0,0.81037277,0.18962723,0.81037277,0.00000000,Marathonbet,,,2026-09-11T05:05:14+00:00
TT|1553166|H|1.5,1553166,Ekstraklasa,106,2026-09-11T13:43:26Z,2026-09-13T12:45:00Z,2821.6,Pogon Szczecin,Wieczysta Kraków,H,Pogon Szczecin,1.5,16,Total - Home,1.8,1.91,0.51482480,0.48517520,0.51482480,-0.00000000,Marathonbet,1.8,1.95,2026-09-11T05:05:14+00:00
TT|1553166|H|2.5,1553166,Ekstraklasa,106,2026-09-11T13:43:26Z,2026-09-13T12:45:00Z,2821.6,Pogon Szczecin,Wieczysta Kraków,H,Pogon Szczecin,2.5,16,Total - Home,3.5,1.28,0.26778243,0.73221757,0.26778243,-0.00000000,Marathonbet,3.28,1.28,2026-09-11T05:05:14+00:00
TT|1553166|H|3.5,1553166,Ekstraklasa,106,2026-09-11T13:43:26Z,2026-09-13T12:45:00Z,2821.6,Pogon Szczecin,Wieczysta Kraków,H,Pogon Szczecin,3.5,16,Total - Home,9.0,1.07,0.10625621,0.89374379,0.10625621,-0.00000000,Marathonbet,,,2026-09-11T05:05:14+00:00
TT|1553166|H|4.5,1553166,Ekstraklasa,106,2026-09-11T13:43:26Z,2026-09-13T12:45:00Z,2821.6,Pogon Szczecin,Wieczysta Kraków,H,Pogon Szczecin,4.5,16,Total - Home,21.0,1.01,0.04588823,0.95411177,0.04588823,0.00000000,Marathonbet,,,2026-09-11T05:05:14+00:00
TT|1553166|A|0.5,1553166,Ekstraklasa,106,2026-09-11T13:43:26Z,2026-09-13T12:45:00Z,2821.6,Pogon Szczecin,Wieczysta Kraków,A,Wieczysta Kraków,0.5,17,Total - Away,1.3,3.4,0.72340426,0.27659574,0.72340426,-0.00000000,Marathonbet,1.26,3.42,2026-09-11T05:05:14+00:00
TT|1553166|A|1.5,1553166,Ekstraklasa,106,2026-09-11T13:43:26Z,2026-09-13T12:45:00Z,2821.6,Pogon Szczecin,Wieczysta Kraków,A,Wieczysta Kraków,1.5,17,Total - Away,2.5,1.5,0.37500000,0.62500000,0.37500000,0.00000000,Marathonbet,2.36,1.53,2026-09-11T05:05:14+00:00
TT|1553166|A|2.5,1553166,Ekstraklasa,106,2026-09-11T13:43:26Z,2026-09-13T12:45:00Z,2821.6,Pogon Szczecin,Wieczysta Kraków,A,Wieczysta Kraków,2.5,17,Total - Away,6.5,1.11,0.14586071,0.85413929,0.14586071,-0.00000000,Marathonbet,5.0,1.12,2026-09-11T05:05:14+00:00
TT|1553166|A|3.5,1553166,Ekstraklasa,106,2026-09-11T13:43:26Z,2026-09-13T12:45:00Z,2821.6,Pogon Szczecin,Wieczysta Kraków,A,Wieczysta Kraków,3.5,17,Total - Away,19.0,1.02,0.05094905,0.94905095,0.05094905,0.00000000,Marathonbet,,,2026-09-11T05:05:14+00:00
TT|1553165|H|0.5,1553165,Ekstraklasa,106,2026-09-11T13:43:26Z,2026-09-13T15:30:00Z,2986.6,Legia Warszawa,Widzew Łódź,H,Legia Warszawa,0.5,16,Total - Home,1.17,5.0,0.81037277,0.18962723,0.81037277,0.00000000,Marathonbet,,,2026-09-11T12:30:44+00:00
TT|1553165|H|1.5,1553165,Ekstraklasa,106,2026-09-11T13:43:26Z,2026-09-13T15:30:00Z,2986.6,Legia Warszawa,Widzew Łódź,H,Legia Warszawa,1.5,16,Total - Home,1.83,1.83,0.50000000,0.50000000,0.50000000,0.00000000,Marathonbet,1.89,1.85,2026-09-11T12:30:44+00:00
TT|1553165|H|2.5,1553165,Ekstraklasa,106,2026-09-11T13:43:26Z,2026-09-13T15:30:00Z,2986.6,Legia Warszawa,Widzew Łódź,H,Legia Warszawa,2.5,16,Total - Home,3.75,1.25,0.25000000,0.75000000,0.25000000,0.00000000,Marathonbet,3.72,1.22,2026-09-11T12:30:44+00:00
TT|1553165|H|3.5,1553165,Ekstraklasa,106,2026-09-11T13:43:26Z,2026-09-13T15:30:00Z,2986.6,Legia Warszawa,Widzew Łódź,H,Legia Warszawa,3.5,16,Total - Home,9.0,1.07,0.10625621,0.89374379,0.10625621,-0.00000000,Marathonbet,,,2026-09-11T12:30:44+00:00
TT|1553165|H|4.5,1553165,Ekstraklasa,106,2026-09-11T13:43:26Z,2026-09-13T15:30:00Z,2986.6,Legia Warszawa,Widzew Łódź,H,Legia Warszawa,4.5,16,Total - Home,21.0,1.01,0.04588823,0.95411177,0.04588823,0.00000000,Marathonbet,,,2026-09-11T12:30:44+00:00
TT|1553165|A|0.5,1553165,Ekstraklasa,106,2026-09-11T13:43:26Z,2026-09-13T15:30:00Z,2986.6,Legia Warszawa,Widzew Łódź,A,Widzew Łódź,0.5,17,Total - Away,1.5,2.5,0.62500000,0.37500000,0.62500000,0.00000000,Marathonbet,1.47,2.46,2026-09-11T12:30:44+00:00
TT|1553165|A|1.5,1553165,Ekstraklasa,106,2026-09-11T13:43:26Z,2026-09-13T15:30:00Z,2986.6,Legia Warszawa,Widzew Łódź,A,Widzew Łódź,1.5,17,Total - Away,3.5,1.28,0.26778243,0.73221757,0.26778243,-0.00000000,Marathonbet,3.32,1.29,2026-09-11T12:30:44+00:00
TT|1553165|A|2.5,1553165,Ekstraklasa,106,2026-09-11T13:43:26Z,2026-09-13T15:30:00Z,2986.6,Legia Warszawa,Widzew Łódź,A,Widzew Łódź,2.5,17,Total - Away,11.0,1.05,0.08713693,0.91286307,0.08713693,-0.00000000,Marathonbet,8.5,1.02,2026-09-11T12:30:44+00:00
TT|1553165|A|3.5,1553165,Ekstraklasa,106,2026-09-11T13:43:26Z,2026-09-13T15:30:00Z,2986.6,Legia Warszawa,Widzew Łódź,A,Widzew Łódź,3.5,17,Total - Away,29.0,1.01,0.03365545,0.96634455,0.03365545,-0.00000000,Marathonbet,,,2026-09-11T12:30:44+00:00
TT|1575498|H|0.5,1575498,Primeira Liga,94,2026-09-11T13:43:26Z,2026-09-12T14:30:00Z,1486.6,Nacional,Alverca,H,Nacional,0.5,16,Total - Home,1.3,3.4,0.72340426,0.27659574,0.72340426,-0.00000000,Marathonbet,1.3,3.14,2026-09-11T08:15:49+00:00
TT|1575498|H|1.5,1575498,Primeira Liga,94,2026-09-11T13:43:26Z,2026-09-12T14:30:00Z,1486.6,Nacional,Alverca,H,Nacional,1.5,16,Total - Home,2.5,1.5,0.37500000,0.62500000,0.37500000,0.00000000,Marathonbet,2.52,1.49,2026-09-11T08:15:49+00:00
TT|1575498|H|2.5,1575498,Primeira Liga,94,2026-09-11T13:43:26Z,2026-09-12T14:30:00Z,1486.6,Nacional,Alverca,H,Nacional,2.5,16,Total - Home,6.5,1.11,0.14586071,0.85413929,0.14586071,-0.00000000,Marathonbet,5.85,1.09,2026-09-11T08:15:49+00:00
TT|1575498|H|3.5,1575498,Primeira Liga,94,2026-09-11T13:43:26Z,2026-09-12T14:30:00Z,1486.6,Nacional,Alverca,H,Nacional,3.5,16,Total - Home,19.0,1.02,0.05094905,0.94905095,0.05094905,0.00000000,Marathonbet,,,2026-09-11T08:15:49+00:00
TT|1575498|A|0.5,1575498,Primeira Liga,94,2026-09-11T13:43:26Z,2026-09-12T14:30:00Z,1486.6,Nacional,Alverca,A,Alverca,0.5,17,Total - Away,1.33,3.25,0.70960699,0.29039301,0.70960699,-0.00000000,Marathonbet,1.31,3.08,2026-09-11T08:15:49+00:00
TT|1575498|A|1.5,1575498,Primeira Liga,94,2026-09-11T13:43:26Z,2026-09-12T14:30:00Z,1486.6,Nacional,Alverca,A,Alverca,1.5,17,Total - Away,2.62,1.44,0.35467980,0.64532020,0.35467980,0.00000000,Marathonbet,2.55,1.48,2026-09-11T08:15:49+00:00
TT|1575498|A|2.5,1575498,Primeira Liga,94,2026-09-11T13:43:26Z,2026-09-12T14:30:00Z,1486.6,Nacional,Alverca,A,Alverca,2.5,17,Total - Away,6.5,1.11,0.14586071,0.85413929,0.14586071,-0.00000000,Marathonbet,5.9,1.09,2026-09-11T08:15:49+00:00
TT|1575498|A|3.5,1575498,Primeira Liga,94,2026-09-11T13:43:26Z,2026-09-12T14:30:00Z,1486.6,Nacional,Alverca,A,Alverca,3.5,17,Total - Away,19.0,1.02,0.05094905,0.94905095,0.05094905,0.00000000,Marathonbet,,,2026-09-11T08:15:49+00:00
TT|1575495|H|0.5,1575495,Primeira Liga,94,2026-09-11T13:43:26Z,2026-09-12T17:00:00Z,1636.6,Casa Pia,FC Porto,H,Casa Pia,0.5,16,Total - Home,2.1,1.67,0.44297082,0.55702918,0.44297082,0.00000000,Marathonbet,2.16,1.6,2026-09-11T08:15:49+00:00
TT|1575495|H|1.5,1575495,Primeira Liga,94,2026-09-11T13:43:26Z,2026-09-12T17:00:00Z,1636.6,Casa Pia,FC Porto,H,Casa Pia,1.5,16,Total - Home,8.0,1.08,0.11894273,0.88105727,0.11894273,0.00000000,Marathonbet,8.0,1.07,2026-09-11T08:15:49+00:00
TT|1575495|H|2.5,1575495,Primeira Liga,94,2026-09-11T13:43:26Z,2026-09-12T17:00:00Z,1636.6,Casa Pia,FC Porto,H,Casa Pia,2.5,16,Total - Home,29.0,1.01,0.03365545,0.96634455,0.03365545,-0.00000000,Marathonbet,,,2026-09-11T08:15:49+00:00
TT|1575495|A|0.5,1575495,Primeira Liga,94,2026-09-11T13:43:26Z,2026-09-12T17:00:00Z,1636.6,Casa Pia,FC Porto,A,FC Porto,0.5,17,Total - Away,1.08,8.0,0.88105727,0.11894273,0.88105727,-0.00000000,Marathonbet,,,2026-09-11T08:15:49+00:00
TT|1575495|A|1.5,1575495,Primeira Liga,94,2026-09-11T13:43:26Z,2026-09-12T17:00:00Z,1636.6,Casa Pia,FC Porto,A,FC Porto,1.5,17,Total - Away,1.44,2.62,0.64532020,0.35467980,0.64532020,-0.00000000,Marathonbet,1.42,2.75,2026-09-11T08:15:49+00:00
TT|1575495|A|2.5,1575495,Primeira Liga,94,2026-09-11T13:43:26Z,2026-09-12T17:00:00Z,1636.6,Casa Pia,FC Porto,A,FC Porto,2.5,17,Total - Away,2.25,1.57,0.41099476,0.58900524,0.41099476,0.00000000,Marathonbet,2.28,1.59,2026-09-11T08:15:49+00:00
TT|1575495|A|3.5,1575495,Primeira Liga,94,2026-09-11T13:43:26Z,2026-09-12T17:00:00Z,1636.6,Casa Pia,FC Porto,A,FC Porto,3.5,17,Total - Away,4.33,1.2,0.21699819,0.78300181,0.21699819,0.00000000,Marathonbet,4.2,1.17,2026-09-11T08:15:49+00:00
TT|1575495|A|4.5,1575495,Primeira Liga,94,2026-09-11T13:43:26Z,2026-09-12T17:00:00Z,1636.6,Casa Pia,FC Porto,A,FC Porto,4.5,17,Total - Away,10.0,1.06,0.09584087,0.90415913,0.09584087,-0.00000000,Marathonbet,,,2026-09-11T08:15:49+00:00
TT|1575495|A|5.5,1575495,Primeira Liga,94,2026-09-11T13:43:26Z,2026-09-12T17:00:00Z,1636.6,Casa Pia,FC Porto,A,FC Porto,5.5,17,Total - Away,21.0,1.01,0.04588823,0.95411177,0.04588823,0.00000000,Marathonbet,,,2026-09-11T08:15:49+00:00
TT|1575491|H|0.5,1575491,Primeira Liga,94,2026-09-11T13:43:26Z,2026-09-12T19:30:00Z,1786.6,Academico Viseu,Vitória SC,H,Academico Viseu,0.5,16,Total - Home,1.5,2.5,0.62500000,0.37500000,0.62500000,0.00000000,Marathonbet,1.42,2.62,2026-09-11T08:15:49+00:00
TT|1575491|H|1.5,1575491,Primeira Liga,94,2026-09-11T13:43:26Z,2026-09-12T19:30:00Z,1786.6,Academico Viseu,Vitória SC,H,Academico Viseu,1.5,16,Total - Home,3.4,1.3,0.27659574,0.72340426,0.27659574,0.00000000,Marathonbet,3.16,1.33,2026-09-11T08:15:49+00:00
TT|1575491|H|2.5,1575491,Primeira Liga,94,2026-09-11T13:43:26Z,2026-09-12T19:30:00Z,1786.6,Academico Viseu,Vitória SC,H,Academico Viseu,2.5,16,Total - Home,10.0,1.06,0.09584087,0.90415913,0.09584087,-0.00000000,Marathonbet,8.1,1.04,2026-09-11T08:15:49+00:00
TT|1575491|H|3.5,1575491,Primeira Liga,94,2026-09-11T13:43:26Z,2026-09-12T19:30:00Z,1786.6,Academico Viseu,Vitória SC,H,Academico Viseu,3.5,16,Total - Home,29.0,1.01,0.03365545,0.96634455,0.03365545,-0.00000000,Marathonbet,,,2026-09-11T08:15:49+00:00
TT|1575491|A|0.5,1575491,Primeira Liga,94,2026-09-11T13:43:26Z,2026-09-12T19:30:00Z,1786.6,Academico Viseu,Vitória SC,A,Vitória SC,0.5,17,Total - Away,1.25,3.75,0.75000000,0.25000000,0.75000000,0.00000000,Marathonbet,1.18,4.1,2026-09-11T08:15:49+00:00
TT|1575491|A|1.5,1575491,Primeira Liga,94,2026-09-11T13:43:26Z,2026-09-12T19:30:00Z,1786.6,Academico Viseu,Vitória SC,A,Vitória SC,1.5,17,Total - Away,2.2,1.62,0.42408377,0.57591623,0.42408377,-0.00000000,Marathonbet,2.11,1.7,2026-09-11T08:15:49+00:00
TT|1575491|A|2.5,1575491,Primeira Liga,94,2026-09-11T13:43:26Z,2026-09-12T19:30:00Z,1786.6,Academico Viseu,Vitória SC,A,Vitória SC,2.5,17,Total - Away,5.0,1.17,0.18962723,0.81037277,0.18962723,-0.00000000,Marathonbet,4.45,1.17,2026-09-11T08:15:49+00:00
TT|1575491|A|3.5,1575491,Primeira Liga,94,2026-09-11T13:43:26Z,2026-09-12T19:30:00Z,1786.6,Academico Viseu,Vitória SC,A,Vitória SC,3.5,17,Total - Away,13.0,1.04,0.07407407,0.92592593,0.07407407,0.00000000,Marathonbet,,,2026-09-11T08:15:49+00:00
TT|1575491|A|4.5,1575491,Primeira Liga,94,2026-09-11T13:43:26Z,2026-09-12T19:30:00Z,1786.6,Academico Viseu,Vitória SC,A,Vitória SC,4.5,17,Total - Away,29.0,1.01,0.03365545,0.96634455,0.03365545,-0.00000000,Marathonbet,,,2026-09-11T08:15:49+00:00
TT|1575493|H|0.5,1575493,Primeira Liga,94,2026-09-11T13:43:26Z,2026-09-13T17:00:00Z,3076.6,Benfica,GIL Vicente,H,Benfica,0.5,16,Total - Home,1.05,11.0,0.91286307,0.08713693,0.91286307,0.00000000,Marathonbet,,,2026-09-11T00:30:25+00:00
TT|1575493|H|1.5,1575493,Primeira Liga,94,2026-09-11T13:43:26Z,2026-09-13T17:00:00Z,3076.6,Benfica,GIL Vicente,H,Benfica,1.5,16,Total - Home,1.28,3.5,0.73221757,0.26778243,0.73221757,0.00000000,Marathonbet,1.22,3.86,2026-09-11T00:30:25+00:00
TT|1575493|H|2.5,1575493,Primeira Liga,94,2026-09-11T13:43:26Z,2026-09-13T17:00:00Z,3076.6,Benfica,GIL Vicente,H,Benfica,2.5,16,Total - Home,1.83,1.83,0.50000000,0.50000000,0.50000000,0.00000000,Marathonbet,1.76,2.02,2026-09-11T00:30:25+00:00
TT|1575493|H|3.5,1575493,Primeira Liga,94,2026-09-11T13:43:26Z,2026-09-13T17:00:00Z,3076.6,Benfica,GIL Vicente,H,Benfica,3.5,16,Total - Home,3.25,1.33,0.29039301,0.70960699,0.29039301,0.00000000,Marathonbet,2.74,1.4,2026-09-11T00:30:25+00:00
TT|1575493|H|4.5,1575493,Primeira Liga,94,2026-09-11T13:43:26Z,2026-09-13T17:00:00Z,3076.6,Benfica,GIL Vicente,H,Benfica,4.5,16,Total - Home,6.0,1.12,0.15730337,0.84269663,0.15730337,0.00000000,Marathonbet,,,2026-09-11T00:30:25+00:00
TT|1575493|H|5.5,1575493,Primeira Liga,94,2026-09-11T13:43:26Z,2026-09-13T17:00:00Z,3076.6,Benfica,GIL Vicente,H,Benfica,5.5,16,Total - Home,13.0,1.04,0.07407407,0.92592593,0.07407407,0.00000000,Marathonbet,,,2026-09-11T00:30:25+00:00
TT|1575493|H|6.5,1575493,Primeira Liga,94,2026-09-11T13:43:26Z,2026-09-13T17:00:00Z,3076.6,Benfica,GIL Vicente,H,Benfica,6.5,16,Total - Home,26.0,1.01,0.03739356,0.96260644,0.03739356,-0.00000000,Marathonbet,,,2026-09-11T00:30:25+00:00
TT|1575493|A|0.5,1575493,Primeira Liga,94,2026-09-11T13:43:26Z,2026-09-13T17:00:00Z,3076.6,Benfica,GIL Vicente,A,GIL Vicente,0.5,17,Total - Away,2.2,1.62,0.42408377,0.57591623,0.42408377,-0.00000000,Marathonbet,2.24,1.56,2026-09-11T00:30:25+00:00
TT|1575493|A|1.5,1575493,Primeira Liga,94,2026-09-11T13:43:26Z,2026-09-13T17:00:00Z,3076.6,Benfica,GIL Vicente,A,GIL Vicente,1.5,17,Total - Away,8.0,1.08,0.11894273,0.88105727,0.11894273,0.00000000,Marathonbet,7.8,1.07,2026-09-11T00:30:25+00:00
TT|1575493|A|2.5,1575493,Primeira Liga,94,2026-09-11T13:43:26Z,2026-09-13T17:00:00Z,3076.6,Benfica,GIL Vicente,A,GIL Vicente,2.5,17,Total - Away,29.0,1.01,0.03365545,0.96634455,0.03365545,-0.00000000,Marathonbet,,,2026-09-11T00:30:25+00:00
TT|1575492|H|0.5,1575492,Primeira Liga,94,2026-09-11T13:43:26Z,2026-09-13T17:00:00Z,3076.6,Arouca,Santa Clara,H,Arouca,0.5,16,Total - Home,1.36,3.0,0.68807339,0.31192661,0.68807339,0.00000000,Marathonbet,1.33,2.96,2026-09-11T00:30:25+00:00
TT|1575492|H|1.5,1575492,Primeira Liga,94,2026-09-11T13:43:26Z,2026-09-13T17:00:00Z,3076.6,Arouca,Santa Clara,H,Arouca,1.5,16,Total - Home,2.75,1.4,0.33734940,0.66265060,0.33734940,-0.00000000,Marathonbet,2.78,1.41,2026-09-11T00:30:25+00:00
TT|1575492|H|2.5,1575492,Primeira Liga,94,2026-09-11T13:43:26Z,2026-09-13T17:00:00Z,3076.6,Arouca,Santa Clara,H,Arouca,2.5,16,Total - Home,7.0,1.1,0.13580247,0.86419753,0.13580247,-0.00000000,Marathonbet,7.2,1.06,2026-09-11T00:30:25+00:00
TT|1575492|H|3.5,1575492,Primeira Liga,94,2026-09-11T13:43:26Z,2026-09-13T17:00:00Z,3076.6,Arouca,Santa Clara,H,Arouca,3.5,16,Total - Home,21.0,1.01,0.04588823,0.95411177,0.04588823,0.00000000,Marathonbet,,,2026-09-11T00:30:25+00:00
TT|1575492|A|0.5,1575492,Primeira Liga,94,2026-09-11T13:43:26Z,2026-09-13T17:00:00Z,3076.6,Arouca,Santa Clara,A,Santa Clara,0.5,17,Total - Away,1.4,2.75,0.66265060,0.33734940,0.66265060,0.00000000,Marathonbet,1.36,2.84,2026-09-11T00:30:25+00:00
TT|1575492|A|1.5,1575492,Primeira Liga,94,2026-09-11T13:43:26Z,2026-09-13T17:00:00Z,3076.6,Arouca,Santa Clara,A,Santa Clara,1.5,17,Total - Away,2.75,1.4,0.33734940,0.66265060,0.33734940,-0.00000000,Marathonbet,2.91,1.38,2026-09-11T00:30:25+00:00
TT|1575492|A|2.5,1575492,Primeira Liga,94,2026-09-11T13:43:26Z,2026-09-13T17:00:00Z,3076.6,Arouca,Santa Clara,A,Santa Clara,2.5,17,Total - Away,8.0,1.08,0.11894273,0.88105727,0.11894273,0.00000000,Marathonbet,7.6,1.05,2026-09-11T00:30:25+00:00
TT|1575492|A|3.5,1575492,Primeira Liga,94,2026-09-11T13:43:26Z,2026-09-13T17:00:00Z,3076.6,Arouca,Santa Clara,A,Santa Clara,3.5,17,Total - Away,21.0,1.01,0.04588823,0.95411177,0.04588823,0.00000000,Marathonbet,,,2026-09-11T00:30:25+00:00
TT|1575496|H|0.5,1575496,Primeira Liga,94,2026-09-11T13:43:26Z,2026-09-13T19:30:00Z,3226.6,Famalicao,Sporting CP,H,Famalicao,0.5,16,Total - Home,1.57,2.25,0.58900524,0.41099476,0.58900524,-0.00000000,Marathonbet,1.56,2.24,2026-09-11T00:30:25+00:00
TT|1575496|H|1.5,1575496,Primeira Liga,94,2026-09-11T13:43:26Z,2026-09-13T19:30:00Z,3226.6,Famalicao,Sporting CP,H,Famalicao,1.5,16,Total - Home,4.0,1.22,0.23371648,0.76628352,0.23371648,-0.00000000,Marathonbet,3.74,1.25,2026-09-11T00:30:25+00:00
TT|1575496|H|2.5,1575496,Primeira Liga,94,2026-09-11T13:43:26Z,2026-09-13T19:30:00Z,3226.6,Famalicao,Sporting CP,H,Famalicao,2.5,16,Total - Home,13.0,1.04,0.07407407,0.92592593,0.07407407,0.00000000,Marathonbet,8.9,1.03,2026-09-11T00:30:25+00:00
TT|1575496|A|0.5,1575496,Primeira Liga,94,2026-09-11T13:43:26Z,2026-09-13T19:30:00Z,3226.6,Famalicao,Sporting CP,A,Sporting CP,0.5,17,Total - Away,1.12,6.0,0.84269663,0.15730337,0.84269663,-0.00000000,Marathonbet,,,2026-09-11T00:30:25+00:00
TT|1575496|A|1.5,1575496,Primeira Liga,94,2026-09-11T13:43:26Z,2026-09-13T19:30:00Z,3226.6,Famalicao,Sporting CP,A,Sporting CP,1.5,17,Total - Away,1.62,2.2,0.57591623,0.42408377,0.57591623,0.00000000,Marathonbet,1.62,2.25,2026-09-11T00:30:25+00:00
TT|1575496|A|2.5,1575496,Primeira Liga,94,2026-09-11T13:43:26Z,2026-09-13T19:30:00Z,3226.6,Famalicao,Sporting CP,A,Sporting CP,2.5,17,Total - Away,3.0,1.36,0.31192661,0.68807339,0.31192661,-0.00000000,Marathonbet,2.82,1.38,2026-09-11T00:30:25+00:00
TT|1575496|A|3.5,1575496,Primeira Liga,94,2026-09-11T13:43:26Z,2026-09-13T19:30:00Z,3226.6,Famalicao,Sporting CP,A,Sporting CP,3.5,17,Total - Away,6.5,1.11,0.14586071,0.85413929,0.14586071,-0.00000000,Marathonbet,5.4,1.1,2026-09-11T00:30:25+00:00
TT|1575496|A|4.5,1575496,Primeira Liga,94,2026-09-11T13:43:26Z,2026-09-13T19:30:00Z,3226.6,Famalicao,Sporting CP,A,Sporting CP,4.5,17,Total - Away,17.0,1.02,0.05660377,0.94339623,0.05660377,0.00000000,Marathonbet,,,2026-09-11T00:30:25+00:00
TT|1584405|H|0.5,1584405,Super Lig,203,2026-09-11T13:43:26Z,2026-09-11T17:00:00Z,196.6,Beşiktaş,Erzurumspor FK,H,Beşiktaş,0.5,16,Total - Home,1.05,11.0,0.91286307,0.08713693,0.91286307,0.00000000,Marathonbet,,,2026-09-11T12:00:44+00:00
TT|1584405|H|1.5,1584405,Super Lig,203,2026-09-11T13:43:26Z,2026-09-11T17:00:00Z,196.6,Beşiktaş,Erzurumspor FK,H,Beşiktaş,1.5,16,Total - Home,1.33,3.25,0.70960699,0.29039301,0.70960699,-0.00000000,Marathonbet,1.3,3.22,2026-09-11T12:00:44+00:00
TT|1584405|H|2.5,1584405,Super Lig,203,2026-09-11T13:43:26Z,2026-09-11T17:00:00Z,196.6,Beşiktaş,Erzurumspor FK,H,Beşiktaş,2.5,16,Total - Home,2.0,1.73,0.46380697,0.53619303,0.46380697,0.00000000,Marathonbet,1.99,1.79,2026-09-11T12:00:44+00:00
TT|1584405|H|3.5,1584405,Super Lig,203,2026-09-11T13:43:26Z,2026-09-11T17:00:00Z,196.6,Beşiktaş,Erzurumspor FK,H,Beşiktaş,3.5,16,Total - Home,3.5,1.28,0.26778243,0.73221757,0.26778243,-0.00000000,Marathonbet,3.42,1.27,2026-09-11T12:00:44+00:00
TT|1584405|H|4.5,1584405,Super Lig,203,2026-09-11T13:43:26Z,2026-09-11T17:00:00Z,196.6,Beşiktaş,Erzurumspor FK,H,Beşiktaş,4.5,16,Total - Home,8.0,1.08,0.11894273,0.88105727,0.11894273,0.00000000,Marathonbet,,,2026-09-11T12:00:44+00:00
TT|1584405|H|5.5,1584405,Super Lig,203,2026-09-11T13:43:26Z,2026-09-11T17:00:00Z,196.6,Beşiktaş,Erzurumspor FK,H,Beşiktaş,5.5,16,Total - Home,17.0,1.02,0.05660377,0.94339623,0.05660377,0.00000000,Marathonbet,,,2026-09-11T12:00:44+00:00
TT|1584405|A|0.5,1584405,Super Lig,203,2026-09-11T13:43:26Z,2026-09-11T17:00:00Z,196.6,Beşiktaş,Erzurumspor FK,A,Erzurumspor FK,0.5,17,Total - Away,1.83,1.83,0.50000000,0.50000000,0.50000000,0.00000000,Marathonbet,1.9,1.78,2026-09-11T12:00:44+00:00
TT|1584405|A|1.5,1584405,Super Lig,203,2026-09-11T13:43:26Z,2026-09-11T17:00:00Z,196.6,Beşiktaş,Erzurumspor FK,A,Erzurumspor FK,1.5,17,Total - Away,5.5,1.14,0.17168675,0.82831325,0.17168675,-0.00000000,Marathonbet,6.05,1.11,2026-09-11T12:00:44+00:00
TT|1584405|A|2.5,1584405,Super Lig,203,2026-09-11T13:43:26Z,2026-09-11T17:00:00Z,196.6,Beşiktaş,Erzurumspor FK,A,Erzurumspor FK,2.5,17,Total - Away,21.0,1.01,0.04588823,0.95411177,0.04588823,0.00000000,Marathonbet,,,2026-09-11T12:00:44+00:00
TT|1584406|H|0.5,1584406,Super Lig,203,2026-09-11T13:43:26Z,2026-09-12T14:00:00Z,1456.6,Eyüpspor,Rizespor,H,Eyüpspor,0.5,16,Total - Home,1.44,2.62,0.64532020,0.35467980,0.64532020,-0.00000000,Marathonbet,1.46,2.49,2026-09-11T10:07:14+00:00
TT|1584406|H|1.5,1584406,Super Lig,203,2026-09-11T13:43:26Z,2026-09-12T14:00:00Z,1456.6,Eyüpspor,Rizespor,H,Eyüpspor,1.5,16,Total - Home,3.4,1.3,0.27659574,0.72340426,0.27659574,0.00000000,Marathonbet,3.34,1.3,2026-09-11T10:07:14+00:00
TT|1584406|H|2.5,1584406,Super Lig,203,2026-09-11T13:43:26Z,2026-09-12T14:00:00Z,1456.6,Eyüpspor,Rizespor,H,Eyüpspor,2.5,16,Total - Home,10.0,1.06,0.09584087,0.90415913,0.09584087,-0.00000000,Marathonbet,9.2,1.02,2026-09-11T10:07:14+00:00
TT|1584406|H|3.5,1584406,Super Lig,203,2026-09-11T13:43:26Z,2026-09-12T14:00:00Z,1456.6,Eyüpspor,Rizespor,H,Eyüpspor,3.5,16,Total - Home,29.0,1.01,0.03365545,0.96634455,0.03365545,-0.00000000,Marathonbet,,,2026-09-11T10:07:14+00:00
TT|1584406|A|0.5,1584406,Super Lig,203,2026-09-11T13:43:26Z,2026-09-12T14:00:00Z,1456.6,Eyüpspor,Rizespor,A,Rizespor,0.5,17,Total - Away,1.2,4.33,0.78300181,0.21699819,0.78300181,-0.00000000,Marathonbet,,,2026-09-11T10:07:14+00:00
TT|1584406|A|1.5,1584406,Super Lig,203,2026-09-11T13:43:26Z,2026-09-12T14:00:00Z,1456.6,Eyüpspor,Rizespor,A,Rizespor,1.5,17,Total - Away,1.91,1.8,0.48517520,0.51482480,0.48517520,0.00000000,Marathonbet,1.99,1.79,2026-09-11T10:07:14+00:00
TT|1584406|A|2.5,1584406,Super Lig,203,2026-09-11T13:43:26Z,2026-09-12T14:00:00Z,1456.6,Eyüpspor,Rizespor,A,Rizespor,2.5,17,Total - Away,4.0,1.22,0.23371648,0.76628352,0.23371648,-0.00000000,Marathonbet,4.15,1.19,2026-09-11T10:07:14+00:00
TT|1584406|A|3.5,1584406,Super Lig,203,2026-09-11T13:43:26Z,2026-09-12T14:00:00Z,1456.6,Eyüpspor,Rizespor,A,Rizespor,3.5,17,Total - Away,11.0,1.05,0.08713693,0.91286307,0.08713693,-0.00000000,Marathonbet,9.4,1.01,2026-09-11T10:07:14+00:00
TT|1584406|A|4.5,1584406,Super Lig,203,2026-09-11T13:43:26Z,2026-09-12T14:00:00Z,1456.6,Eyüpspor,Rizespor,A,Rizespor,4.5,17,Total - Away,26.0,1.01,0.03739356,0.96260644,0.03739356,-0.00000000,Marathonbet,,,2026-09-11T10:07:14+00:00
TT|1584411|H|0.5,1584411,Super Lig,203,2026-09-11T13:43:26Z,2026-09-12T14:00:00Z,1456.6,Samsunspor,Çorum FK,H,Samsunspor,0.5,16,Total - Home,1.2,4.33,0.78300181,0.21699819,0.78300181,-0.00000000,Marathonbet,,,2026-09-11T10:07:14+00:00
TT|1584411|H|1.5,1584411,Super Lig,203,2026-09-11T13:43:26Z,2026-09-12T14:00:00Z,1456.6,Samsunspor,Çorum FK,H,Samsunspor,1.5,16,Total - Home,2.0,1.73,0.46380697,0.53619303,0.46380697,0.00000000,Marathonbet,2.02,1.76,2026-09-11T10:07:14+00:00
TT|1584411|H|2.5,1584411,Super Lig,203,2026-09-11T13:43:26Z,2026-09-12T14:00:00Z,1456.6,Samsunspor,Çorum FK,H,Samsunspor,2.5,16,Total - Home,4.33,1.2,0.21699819,0.78300181,0.21699819,0.00000000,Marathonbet,3.96,1.21,2026-09-11T10:07:14+00:00
TT|1584411|H|3.5,1584411,Super Lig,203,2026-09-11T13:43:26Z,2026-09-12T14:00:00Z,1456.6,Samsunspor,Çorum FK,H,Samsunspor,3.5,16,Total - Home,11.0,1.05,0.08713693,0.91286307,0.08713693,-0.00000000,Marathonbet,8.0,1.03,2026-09-11T10:07:14+00:00
TT|1584411|H|4.5,1584411,Super Lig,203,2026-09-11T13:43:26Z,2026-09-12T14:00:00Z,1456.6,Samsunspor,Çorum FK,H,Samsunspor,4.5,16,Total - Home,26.0,1.01,0.03739356,0.96260644,0.03739356,-0.00000000,Marathonbet,,,2026-09-11T10:07:14+00:00
TT|1584411|A|0.5,1584411,Super Lig,203,2026-09-11T13:43:26Z,2026-09-12T14:00:00Z,1456.6,Samsunspor,Çorum FK,A,Çorum FK,0.5,17,Total - Away,1.4,2.75,0.66265060,0.33734940,0.66265060,0.00000000,Marathonbet,1.32,3.04,2026-09-11T10:07:14+00:00
TT|1584411|A|1.5,1584411,Super Lig,203,2026-09-11T13:43:26Z,2026-09-12T14:00:00Z,1456.6,Samsunspor,Çorum FK,A,Çorum FK,1.5,17,Total - Away,3.0,1.36,0.31192661,0.68807339,0.31192661,-0.00000000,Marathonbet,2.65,1.45,2026-09-11T10:07:14+00:00
TT|1584411|A|2.5,1584411,Super Lig,203,2026-09-11T13:43:26Z,2026-09-12T14:00:00Z,1456.6,Samsunspor,Çorum FK,A,Çorum FK,2.5,17,Total - Away,8.0,1.08,0.11894273,0.88105727,0.11894273,0.00000000,Marathonbet,6.0,1.09,2026-09-11T10:07:14+00:00
TT|1584411|A|3.5,1584411,Super Lig,203,2026-09-11T13:43:26Z,2026-09-12T14:00:00Z,1456.6,Samsunspor,Çorum FK,A,Çorum FK,3.5,17,Total - Away,23.0,1.01,0.04206581,0.95793419,0.04206581,-0.00000000,Marathonbet,,,2026-09-11T10:07:14+00:00
TT|1584410|H|0.5,1584410,Super Lig,203,2026-09-11T13:43:26Z,2026-09-12T17:00:00Z,1636.6,Konyaspor,Trabzonspor,H,Konyaspor,0.5,16,Total - Home,1.33,3.25,0.70960699,0.29039301,0.70960699,-0.00000000,Marathonbet,1.33,2.98,2026-09-11T10:07:14+00:00
TT|1584410|H|1.5,1584410,Super Lig,203,2026-09-11T13:43:26Z,2026-09-12T17:00:00Z,1636.6,Konyaspor,Trabzonspor,H,Konyaspor,1.5,16,Total - Home,2.62,1.44,0.35467980,0.64532020,0.35467980,0.00000000,Marathonbet,2.64,1.45,2026-09-11T10:07:14+00:00
TT|1584410|H|2.5,1584410,Super Lig,203,2026-09-11T13:43:26Z,2026-09-12T17:00:00Z,1636.6,Konyaspor,Trabzonspor,H,Konyaspor,2.5,16,Total - Home,7.0,1.1,0.13580247,0.86419753,0.13580247,-0.00000000,Marathonbet,6.25,1.08,2026-09-11T10:07:14+00:00
TT|1584410|H|3.5,1584410,Super Lig,203,2026-09-11T13:43:26Z,2026-09-12T17:00:00Z,1636.6,Konyaspor,Trabzonspor,H,Konyaspor,3.5,16,Total - Home,19.0,1.02,0.05094905,0.94905095,0.05094905,0.00000000,Marathonbet,,,2026-09-11T10:07:14+00:00
TT|1584410|A|0.5,1584410,Super Lig,203,2026-09-11T13:43:26Z,2026-09-12T17:00:00Z,1636.6,Konyaspor,Trabzonspor,A,Trabzonspor,0.5,17,Total - Away,1.17,5.0,0.81037277,0.18962723,0.81037277,0.00000000,Marathonbet,,,2026-09-11T10:07:14+00:00
TT|1584410|A|1.5,1584410,Super Lig,203,2026-09-11T13:43:26Z,2026-09-12T17:00:00Z,1636.6,Konyaspor,Trabzonspor,A,Trabzonspor,1.5,17,Total - Away,1.8,1.91,0.51482480,0.48517520,0.51482480,-0.00000000,Marathonbet,1.81,1.96,2026-09-11T10:07:14+00:00
TT|1584410|A|2.5,1584410,Super Lig,203,2026-09-11T13:43:26Z,2026-09-12T17:00:00Z,1636.6,Konyaspor,Trabzonspor,A,Trabzonspor,2.5,17,Total - Away,3.5,1.28,0.26778243,0.73221757,0.26778243,-0.00000000,Marathonbet,3.42,1.27,2026-09-11T10:07:14+00:00
TT|1584410|A|3.5,1584410,Super Lig,203,2026-09-11T13:43:26Z,2026-09-12T17:00:00Z,1636.6,Konyaspor,Trabzonspor,A,Trabzonspor,3.5,17,Total - Away,9.0,1.07,0.10625621,0.89374379,0.10625621,-0.00000000,Marathonbet,7.0,1.05,2026-09-11T10:07:14+00:00
TT|1584410|A|4.5,1584410,Super Lig,203,2026-09-11T13:43:26Z,2026-09-12T17:00:00Z,1636.6,Konyaspor,Trabzonspor,A,Trabzonspor,4.5,17,Total - Away,21.0,1.01,0.04588823,0.95411177,0.04588823,0.00000000,Marathonbet,,,2026-09-11T10:07:14+00:00
TT|1584403|H|0.5,1584403,Super Lig,203,2026-09-11T13:43:26Z,2026-09-12T17:00:00Z,1636.6,Alanyaspor,Göztepe,H,Alanyaspor,0.5,16,Total - Home,1.25,3.75,0.75000000,0.25000000,0.75000000,0.00000000,Marathonbet,1.24,3.58,2026-09-11T10:07:14+00:00
TT|1584403|H|1.5,1584403,Super Lig,203,2026-09-11T13:43:26Z,2026-09-12T17:00:00Z,1636.6,Alanyaspor,Göztepe,H,Alanyaspor,1.5,16,Total - Home,2.1,1.67,0.44297082,0.55702918,0.44297082,0.00000000,Marathonbet,2.13,1.69,2026-09-11T10:07:14+00:00
TT|1584403|H|2.5,1584403,Super Lig,203,2026-09-11T13:43:26Z,2026-09-12T17:00:00Z,1636.6,Alanyaspor,Göztepe,H,Alanyaspor,2.5,16,Total - Home,5.0,1.17,0.18962723,0.81037277,0.18962723,-0.00000000,Marathonbet,4.33,1.18,2026-09-11T10:07:14+00:00
TT|1584403|H|3.5,1584403,Super Lig,203,2026-09-11T13:43:26Z,2026-09-12T17:00:00Z,1636.6,Alanyaspor,Göztepe,H,Alanyaspor,3.5,16,Total - Home,13.0,1.04,0.07407407,0.92592593,0.07407407,0.00000000,Marathonbet,8.3,1.02,2026-09-11T10:07:14+00:00
TT|1584403|H|4.5,1584403,Super Lig,203,2026-09-11T13:43:26Z,2026-09-12T17:00:00Z,1636.6,Alanyaspor,Göztepe,H,Alanyaspor,4.5,16,Total - Home,29.0,1.01,0.03365545,0.96634455,0.03365545,-0.00000000,Marathonbet,,,2026-09-11T10:07:14+00:00
TT|1584403|A|0.5,1584403,Super Lig,203,2026-09-11T13:43:26Z,2026-09-12T17:00:00Z,1636.6,Alanyaspor,Göztepe,A,Göztepe,0.5,17,Total - Away,1.36,3.0,0.68807339,0.31192661,0.68807339,0.00000000,Marathonbet,1.35,2.89,2026-09-11T10:07:14+00:00
TT|1584403|A|1.5,1584403,Super Lig,203,2026-09-11T13:43:26Z,2026-09-12T17:00:00Z,1636.6,Alanyaspor,Göztepe,A,Göztepe,1.5,17,Total - Away,2.75,1.4,0.33734940,0.66265060,0.33734940,-0.00000000,Marathonbet,2.75,1.42,2026-09-11T10:07:14+00:00
TT|1584403|A|2.5,1584403,Super Lig,203,2026-09-11T13:43:26Z,2026-09-12T17:00:00Z,1636.6,Alanyaspor,Göztepe,A,Göztepe,2.5,17,Total - Away,8.0,1.08,0.11894273,0.88105727,0.11894273,0.00000000,Marathonbet,6.2,1.08,2026-09-11T10:07:14+00:00
TT|1584403|A|3.5,1584403,Super Lig,203,2026-09-11T13:43:26Z,2026-09-12T17:00:00Z,1636.6,Alanyaspor,Göztepe,A,Göztepe,3.5,17,Total - Away,21.0,1.01,0.04588823,0.95411177,0.04588823,0.00000000,Marathonbet,,,2026-09-11T10:07:14+00:00
TT|1584409|H|0.5,1584409,Super Lig,203,2026-09-11T13:43:26Z,2026-09-13T14:00:00Z,2896.6,Gençlerbirliği S.K.,Kasımpaşa,H,Gençlerbirliği S.K.,0.5,16,Total - Home,1.28,3.5,0.73221757,0.26778243,0.73221757,0.00000000,Marathonbet,1.26,3.4,2026-09-11T10:07:14+00:00
TT|1584409|H|1.5,1584409,Super Lig,203,2026-09-11T13:43:26Z,2026-09-13T14:00:00Z,2896.6,Gençlerbirliği S.K.,Kasımpaşa,H,Gençlerbirliği S.K.,1.5,16,Total - Home,2.38,1.53,0.39130435,0.60869565,0.39130435,-0.00000000,Marathonbet,2.36,1.55,2026-09-11T10:07:14+00:00
TT|1584409|H|2.5,1584409,Super Lig,203,2026-09-11T13:43:26Z,2026-09-13T14:00:00Z,2896.6,Gençlerbirliği S.K.,Kasımpaşa,H,Gençlerbirliği S.K.,2.5,16,Total - Home,5.5,1.14,0.17168675,0.82831325,0.17168675,-0.00000000,Marathonbet,5.35,1.1,2026-09-11T10:07:14+00:00
TT|1584409|H|3.5,1584409,Super Lig,203,2026-09-11T13:43:26Z,2026-09-13T14:00:00Z,2896.6,Gençlerbirliği S.K.,Kasımpaşa,H,Gençlerbirliği S.K.,3.5,16,Total - Home,17.0,1.02,0.05660377,0.94339623,0.05660377,0.00000000,Marathonbet,,,2026-09-11T10:07:14+00:00
TT|1584409|A|0.5,1584409,Super Lig,203,2026-09-11T13:43:26Z,2026-09-13T14:00:00Z,2896.6,Gençlerbirliği S.K.,Kasımpaşa,A,Kasımpaşa,0.5,17,Total - Away,1.4,2.75,0.66265060,0.33734940,0.66265060,0.00000000,Marathonbet,1.39,2.72,2026-09-11T10:07:14+00:00
TT|1584409|A|1.5,1584409,Super Lig,203,2026-09-11T13:43:26Z,2026-09-13T14:00:00Z,2896.6,Gençlerbirliği S.K.,Kasımpaşa,A,Kasımpaşa,1.5,17,Total - Away,3.0,1.36,0.31192661,0.68807339,0.31192661,-0.00000000,Marathonbet,3.0,1.36,2026-09-11T10:07:14+00:00
TT|1584409|A|2.5,1584409,Super Lig,203,2026-09-11T13:43:26Z,2026-09-13T14:00:00Z,2896.6,Gençlerbirliği S.K.,Kasımpaşa,A,Kasımpaşa,2.5,17,Total - Away,8.0,1.08,0.11894273,0.88105727,0.11894273,0.00000000,Marathonbet,7.9,1.04,2026-09-11T10:07:14+00:00
TT|1584409|A|3.5,1584409,Super Lig,203,2026-09-11T13:43:26Z,2026-09-13T14:00:00Z,2896.6,Gençlerbirliği S.K.,Kasımpaşa,A,Kasımpaşa,3.5,17,Total - Away,23.0,1.01,0.04206581,0.95793419,0.04206581,-0.00000000,Marathonbet,,,2026-09-11T10:07:14+00:00
TT|1584407|H|0.5,1584407,Super Lig,203,2026-09-11T13:43:26Z,2026-09-13T17:00:00Z,3076.6,Galatasaray,Kocaelispor,H,Galatasaray,0.5,16,Total - Home,1.05,11.0,0.91286307,0.08713693,0.91286307,0.00000000,Marathonbet,,,2026-09-11T10:07:14+00:00
TT|1584407|H|1.5,1584407,Super Lig,203,2026-09-11T13:43:26Z,2026-09-13T17:00:00Z,3076.6,Galatasaray,Kocaelispor,H,Galatasaray,1.5,16,Total - Home,1.3,3.4,0.72340426,0.27659574,0.72340426,-0.00000000,Marathonbet,1.35,2.95,2026-09-11T10:07:14+00:00
TT|1584407|H|2.5,1584407,Super Lig,203,2026-09-11T13:43:26Z,2026-09-13T17:00:00Z,3076.6,Galatasaray,Kocaelispor,H,Galatasaray,2.5,16,Total - Home,2.0,1.73,0.46380697,0.53619303,0.46380697,0.00000000,Marathonbet,2.16,1.67,2026-09-11T10:07:14+00:00
TT|1584407|H|3.5,1584407,Super Lig,203,2026-09-11T13:43:26Z,2026-09-13T17:00:00Z,3076.6,Galatasaray,Kocaelispor,H,Galatasaray,3.5,16,Total - Home,3.5,1.28,0.26778243,0.73221757,0.26778243,-0.00000000,Marathonbet,3.94,1.21,2026-09-11T10:07:14+00:00
TT|1584407|H|4.5,1584407,Super Lig,203,2026-09-11T13:43:26Z,2026-09-13T17:00:00Z,3076.6,Galatasaray,Kocaelispor,H,Galatasaray,4.5,16,Total - Home,7.0,1.1,0.13580247,0.86419753,0.13580247,-0.00000000,Marathonbet,,,2026-09-11T10:07:14+00:00
TT|1584407|H|5.5,1584407,Super Lig,203,2026-09-11T13:43:26Z,2026-09-13T17:00:00Z,3076.6,Galatasaray,Kocaelispor,H,Galatasaray,5.5,16,Total - Home,17.0,1.02,0.05660377,0.94339623,0.05660377,0.00000000,Marathonbet,,,2026-09-11T10:07:14+00:00
TT|1584407|A|0.5,1584407,Super Lig,203,2026-09-11T13:43:26Z,2026-09-13T17:00:00Z,3076.6,Galatasaray,Kocaelispor,A,Kocaelispor,0.5,17,Total - Away,1.73,2.0,0.53619303,0.46380697,0.53619303,-0.00000000,Marathonbet,1.65,2.08,2026-09-11T10:07:14+00:00
TT|1584407|A|1.5,1584407,Super Lig,203,2026-09-11T13:43:26Z,2026-09-13T17:00:00Z,3076.6,Galatasaray,Kocaelispor,A,Kocaelispor,1.5,17,Total - Away,4.5,1.18,0.20774648,0.79225352,0.20774648,-0.00000000,Marathonbet,4.55,1.18,2026-09-11T10:07:14+00:00
TT|1584407|A|2.5,1584407,Super Lig,203,2026-09-11T13:43:26Z,2026-09-13T17:00:00Z,3076.6,Galatasaray,Kocaelispor,A,Kocaelispor,2.5,17,Total - Away,17.0,1.02,0.05660377,0.94339623,0.05660377,0.00000000,Marathonbet,,,2026-09-11T10:07:14+00:00
TT|1584404|H|0.5,1584404,Super Lig,203,2026-09-11T13:43:26Z,2026-09-13T17:00:00Z,3076.6,Amed,Başakşehir,H,Amed,0.5,16,Total - Home,1.25,3.75,0.75000000,0.25000000,0.75000000,0.00000000,Marathonbet,1.2,4.0,2026-09-11T12:30:45+00:00
TT|1584404|H|1.5,1584404,Super Lig,203,2026-09-11T13:43:26Z,2026-09-13T17:00:00Z,3076.6,Amed,Başakşehir,H,Amed,1.5,16,Total - Home,2.2,1.62,0.42408377,0.57591623,0.42408377,-0.00000000,Marathonbet,2.19,1.65,2026-09-11T12:30:45+00:00
TT|1584404|H|2.5,1584404,Super Lig,203,2026-09-11T13:43:26Z,2026-09-13T17:00:00Z,3076.6,Amed,Başakşehir,H,Amed,2.5,16,Total - Home,5.5,1.14,0.17168675,0.82831325,0.17168675,-0.00000000,Marathonbet,4.7,1.15,2026-09-11T12:30:45+00:00
TT|1584404|H|3.5,1584404,Super Lig,203,2026-09-11T13:43:26Z,2026-09-13T17:00:00Z,3076.6,Amed,Başakşehir,H,Amed,3.5,16,Total - Home,15.0,1.03,0.06425452,0.93574548,0.06425452,0.00000000,Marathonbet,,,2026-09-11T12:30:45+00:00
TT|1584404|A|0.5,1584404,Super Lig,203,2026-09-11T13:43:26Z,2026-09-13T17:00:00Z,3076.6,Amed,Başakşehir,A,Başakşehir,0.5,17,Total - Away,1.28,3.5,0.73221757,0.26778243,0.73221757,0.00000000,Marathonbet,1.22,3.75,2026-09-11T12:30:45+00:00
TT|1584404|A|1.5,1584404,Super Lig,203,2026-09-11T13:43:26Z,2026-09-13T17:00:00Z,3076.6,Amed,Başakşehir,A,Başakşehir,1.5,17,Total - Away,2.25,1.57,0.41099476,0.58900524,0.41099476,0.00000000,Marathonbet,2.26,1.62,2026-09-11T12:30:45+00:00
TT|1584404|A|2.5,1584404,Super Lig,203,2026-09-11T13:43:26Z,2026-09-13T17:00:00Z,3076.6,Amed,Başakşehir,A,Başakşehir,2.5,17,Total - Away,5.5,1.14,0.17168675,0.82831325,0.17168675,-0.00000000,Marathonbet,4.95,1.14,2026-09-11T12:30:45+00:00
TT|1584404|A|3.5,1584404,Super Lig,203,2026-09-11T13:43:26Z,2026-09-13T17:00:00Z,3076.6,Amed,Başakşehir,A,Başakşehir,3.5,17,Total - Away,15.0,1.03,0.06425452,0.93574548,0.06425452,0.00000000,Marathonbet,,,2026-09-11T12:30:45+00:00
TT|1557398|H|0.5,1557398,Premier League,39,2026-09-11T14:25:18Z,2026-09-12T14:00:00Z,1414.7,Bournemouth,Brentford,H,Bournemouth,0.5,16,Total - Home,1.2,4.33,0.78300181,0.21699819,0.78300181,-0.00000000,Marathonbet,,,2026-09-11T08:15:48+00:00
TT|1557398|H|1.5,1557398,Premier League,39,2026-09-11T14:25:18Z,2026-09-12T14:00:00Z,1414.7,Bournemouth,Brentford,H,Bournemouth,1.5,16,Total - Home,1.91,1.8,0.48517520,0.51482480,0.48517520,0.00000000,Marathonbet,2.01,1.81,2026-09-11T08:15:48+00:00
TT|1557398|H|2.5,1557398,Premier League,39,2026-09-11T14:25:18Z,2026-09-12T14:00:00Z,1414.7,Bournemouth,Brentford,H,Bournemouth,2.5,16,Total - Home,4.0,1.22,0.23371648,0.76628352,0.23371648,-0.00000000,Marathonbet,4.05,1.22,2026-09-11T08:15:48+00:00
TT|1557398|H|3.5,1557398,Premier League,39,2026-09-11T14:25:18Z,2026-09-12T14:00:00Z,1414.7,Bournemouth,Brentford,H,Bournemouth,3.5,16,Total - Home,11.0,1.05,0.08713693,0.91286307,0.08713693,-0.00000000,Marathonbet,8.9,1.03,2026-09-11T08:15:48+00:00
TT|1557398|H|4.5,1557398,Premier League,39,2026-09-11T14:25:18Z,2026-09-12T14:00:00Z,1414.7,Bournemouth,Brentford,H,Bournemouth,4.5,16,Total - Home,26.0,1.01,0.03739356,0.96260644,0.03739356,-0.00000000,Marathonbet,,,2026-09-11T08:15:48+00:00
TT|1557398|A|0.5,1557398,Premier League,39,2026-09-11T14:25:18Z,2026-09-12T14:00:00Z,1414.7,Bournemouth,Brentford,A,Brentford,0.5,17,Total - Away,1.22,4.0,0.76628352,0.23371648,0.76628352,0.00000000,Marathonbet,,,2026-09-11T08:15:48+00:00
TT|1557398|A|1.5,1557398,Premier League,39,2026-09-11T14:25:18Z,2026-09-12T14:00:00Z,1414.7,Bournemouth,Brentford,A,Brentford,1.5,17,Total - Away,2.1,1.67,0.44297082,0.55702918,0.44297082,0.00000000,Marathonbet,2.14,1.72,2026-09-11T08:15:48+00:00
TT|1557398|A|2.5,1557398,Premier League,39,2026-09-11T14:25:18Z,2026-09-12T14:00:00Z,1414.7,Bournemouth,Brentford,A,Brentford,2.5,17,Total - Away,4.5,1.18,0.20774648,0.79225352,0.20774648,-0.00000000,Marathonbet,4.55,1.18,2026-09-11T08:15:48+00:00
TT|1557398|A|3.5,1557398,Premier League,39,2026-09-11T14:25:18Z,2026-09-12T14:00:00Z,1414.7,Bournemouth,Brentford,A,Brentford,3.5,17,Total - Away,13.0,1.04,0.07407407,0.92592593,0.07407407,0.00000000,Marathonbet,9.9,1.02,2026-09-11T08:15:48+00:00
TT|1557398|A|4.5,1557398,Premier League,39,2026-09-11T14:25:18Z,2026-09-12T14:00:00Z,1414.7,Bournemouth,Brentford,A,Brentford,4.5,17,Total - Away,29.0,1.01,0.03365545,0.96634455,0.03365545,-0.00000000,Marathonbet,,,2026-09-11T08:15:48+00:00
TT|1557403|H|0.5,1557403,Premier League,39,2026-09-11T14:25:18Z,2026-09-12T14:00:00Z,1414.7,Liverpool,Fulham,H,Liverpool,0.5,16,Total - Home,1.07,9.0,0.89374379,0.10625621,0.89374379,0.00000000,Marathonbet,,,2026-09-11T08:15:48+00:00
TT|1557403|H|1.5,1557403,Premier League,39,2026-09-11T14:25:18Z,2026-09-12T14:00:00Z,1414.7,Liverpool,Fulham,H,Liverpool,1.5,16,Total - Home,1.36,3.0,0.68807339,0.31192661,0.68807339,0.00000000,Marathonbet,1.41,2.89,2026-09-11T08:15:48+00:00
TT|1557403|H|2.5,1557403,Premier League,39,2026-09-11T14:25:18Z,2026-09-12T14:00:00Z,1414.7,Liverpool,Fulham,H,Liverpool,2.5,16,Total - Home,2.2,1.62,0.42408377,0.57591623,0.42408377,-0.00000000,Marathonbet,2.23,1.65,2026-09-11T08:15:48+00:00
TT|1557403|H|3.5,1557403,Premier League,39,2026-09-11T14:25:18Z,2026-09-12T14:00:00Z,1414.7,Liverpool,Fulham,H,Liverpool,3.5,16,Total - Home,4.0,1.22,0.23371648,0.76628352,0.23371648,-0.00000000,Marathonbet,3.98,1.21,2026-09-11T08:15:48+00:00
TT|1557403|H|4.5,1557403,Premier League,39,2026-09-11T14:25:18Z,2026-09-12T14:00:00Z,1414.7,Liverpool,Fulham,H,Liverpool,4.5,16,Total - Home,9.0,1.07,0.10625621,0.89374379,0.10625621,-0.00000000,Marathonbet,,,2026-09-11T08:15:48+00:00
TT|1557403|H|5.5,1557403,Premier League,39,2026-09-11T14:25:18Z,2026-09-12T14:00:00Z,1414.7,Liverpool,Fulham,H,Liverpool,5.5,16,Total - Home,19.0,1.02,0.05094905,0.94905095,0.05094905,0.00000000,Marathonbet,,,2026-09-11T08:15:48+00:00
TT|1557403|A|0.5,1557403,Premier League,39,2026-09-11T14:25:18Z,2026-09-12T14:00:00Z,1414.7,Liverpool,Fulham,A,Fulham,0.5,17,Total - Away,1.5,2.5,0.62500000,0.37500000,0.62500000,0.00000000,Marathonbet,1.46,2.52,2026-09-11T08:15:48+00:00
TT|1557403|A|1.5,1557403,Premier League,39,2026-09-11T14:25:18Z,2026-09-12T14:00:00Z,1414.7,Liverpool,Fulham,A,Fulham,1.5,17,Total - Away,3.4,1.3,0.27659574,0.72340426,0.27659574,0.00000000,Marathonbet,3.36,1.32,2026-09-11T08:15:48+00:00
TT|1557403|A|2.5,1557403,Premier League,39,2026-09-11T14:25:18Z,2026-09-12T14:00:00Z,1414.7,Liverpool,Fulham,A,Fulham,2.5,17,Total - Away,10.0,1.06,0.09584087,0.90415913,0.09584087,-0.00000000,Marathonbet,9.1,1.04,2026-09-11T08:15:48+00:00
TT|1557403|A|3.5,1557403,Premier League,39,2026-09-11T14:25:18Z,2026-09-12T14:00:00Z,1414.7,Liverpool,Fulham,A,Fulham,3.5,17,Total - Away,29.0,1.01,0.03365545,0.96634455,0.03365545,-0.00000000,Marathonbet,,,2026-09-11T08:15:48+00:00
TT|1557399|H|0.5,1557399,Premier League,39,2026-09-11T14:25:18Z,2026-09-12T14:00:00Z,1414.7,Chelsea,Hull City,H,Chelsea,0.5,16,Total - Home,1.04,13.0,0.92592593,0.07407407,0.92592593,-0.00000000,Marathonbet,,,2026-09-11T08:15:48+00:00
TT|1557399|H|1.5,1557399,Premier League,39,2026-09-11T14:25:18Z,2026-09-12T14:00:00Z,1414.7,Chelsea,Hull City,H,Chelsea,1.5,16,Total - Home,1.25,3.75,0.75000000,0.25000000,0.75000000,0.00000000,Marathonbet,1.27,3.58,2026-09-11T08:15:48+00:00
TT|1557399|H|2.5,1557399,Premier League,39,2026-09-11T14:25:18Z,2026-09-12T14:00:00Z,1414.7,Chelsea,Hull City,H,Chelsea,2.5,16,Total - Home,1.8,1.91,0.51482480,0.48517520,0.51482480,-0.00000000,Marathonbet,1.85,1.97,2026-09-11T08:15:48+00:00
TT|1557399|H|3.5,1557399,Premier League,39,2026-09-11T14:25:18Z,2026-09-12T14:00:00Z,1414.7,Chelsea,Hull City,H,Chelsea,3.5,16,Total - Home,3.25,1.33,0.29039301,0.70960699,0.29039301,0.00000000,Marathonbet,3.02,1.36,2026-09-11T08:15:48+00:00
TT|1557399|H|4.5,1557399,Premier League,39,2026-09-11T14:25:18Z,2026-09-12T14:00:00Z,1414.7,Chelsea,Hull City,H,Chelsea,4.5,16,Total - Home,6.0,1.12,0.15730337,0.84269663,0.15730337,0.00000000,Marathonbet,,,2026-09-11T08:15:48+00:00
TT|1557399|H|5.5,1557399,Premier League,39,2026-09-11T14:25:18Z,2026-09-12T14:00:00Z,1414.7,Chelsea,Hull City,H,Chelsea,5.5,16,Total - Home,13.0,1.04,0.07407407,0.92592593,0.07407407,0.00000000,Marathonbet,,,2026-09-11T08:15:48+00:00
TT|1557399|H|6.5,1557399,Premier League,39,2026-09-11T14:25:18Z,2026-09-12T14:00:00Z,1414.7,Chelsea,Hull City,H,Chelsea,6.5,16,Total - Home,26.0,1.01,0.03739356,0.96260644,0.03739356,-0.00000000,Marathonbet,,,2026-09-11T08:15:48+00:00
TT|1557399|A|0.5,1557399,Premier League,39,2026-09-11T14:25:18Z,2026-09-12T14:00:00Z,1414.7,Chelsea,Hull City,A,Hull City,0.5,17,Total - Away,1.8,1.91,0.51482480,0.48517520,0.51482480,-0.00000000,Marathonbet,1.77,1.94,2026-09-11T08:15:48+00:00
TT|1557399|A|1.5,1557399,Premier League,39,2026-09-11T14:25:18Z,2026-09-12T14:00:00Z,1414.7,Chelsea,Hull City,A,Hull City,1.5,17,Total - Away,5.0,1.17,0.18962723,0.81037277,0.18962723,-0.00000000,Marathonbet,5.35,1.15,2026-09-11T08:15:48+00:00
TT|1557399|A|2.5,1557399,Premier League,39,2026-09-11T14:25:18Z,2026-09-12T14:00:00Z,1414.7,Chelsea,Hull City,A,Hull City,2.5,17,Total - Away,19.0,1.02,0.05094905,0.94905095,0.05094905,0.00000000,Marathonbet,,,2026-09-11T08:15:48+00:00
TT|1557401|H|0.5,1557401,Premier League,39,2026-09-11T14:25:18Z,2026-09-12T14:00:00Z,1414.7,Crystal Palace,Ipswich,H,Crystal Palace,0.5,16,Total - Home,1.17,5.0,0.81037277,0.18962723,0.81037277,0.00000000,Marathonbet,,,2026-09-11T08:15:48+00:00
TT|1557401|H|1.5,1557401,Premier League,39,2026-09-11T14:25:18Z,2026-09-12T14:00:00Z,1414.7,Crystal Palace,Ipswich,H,Crystal Palace,1.5,16,Total - Home,1.8,1.91,0.51482480,0.48517520,0.51482480,-0.00000000,Marathonbet,1.84,1.98,2026-09-11T08:15:48+00:00
TT|1557401|H|2.5,1557401,Premier League,39,2026-09-11T14:25:18Z,2026-09-12T14:00:00Z,1414.7,Crystal Palace,Ipswich,H,Crystal Palace,2.5,16,Total - Home,3.5,1.28,0.26778243,0.73221757,0.26778243,-0.00000000,Marathonbet,3.5,1.28,2026-09-11T08:15:48+00:00
TT|1557401|H|3.5,1557401,Premier League,39,2026-09-11T14:25:18Z,2026-09-12T14:00:00Z,1414.7,Crystal Palace,Ipswich,H,Crystal Palace,3.5,16,Total - Home,9.0,1.07,0.10625621,0.89374379,0.10625621,-0.00000000,Marathonbet,7.5,1.05,2026-09-11T08:15:48+00:00
TT|1557401|H|4.5,1557401,Premier League,39,2026-09-11T14:25:18Z,2026-09-12T14:00:00Z,1414.7,Crystal Palace,Ipswich,H,Crystal Palace,4.5,16,Total - Home,21.0,1.01,0.04588823,0.95411177,0.04588823,0.00000000,Marathonbet,,,2026-09-11T08:15:48+00:00
TT|1557401|A|0.5,1557401,Premier League,39,2026-09-11T14:25:18Z,2026-09-12T14:00:00Z,1414.7,Crystal Palace,Ipswich,A,Ipswich,0.5,17,Total - Away,1.4,2.75,0.66265060,0.33734940,0.66265060,0.00000000,Marathonbet,1.42,2.65,2026-09-11T08:15:48+00:00
TT|1557401|A|1.5,1557401,Premier League,39,2026-09-11T14:25:18Z,2026-09-12T14:00:00Z,1414.7,Crystal Palace,Ipswich,A,Ipswich,1.5,17,Total - Away,3.0,1.36,0.31192661,0.68807339,0.31192661,-0.00000000,Marathonbet,3.12,1.36,2026-09-11T08:15:48+00:00
TT|1557401|A|2.5,1557401,Premier League,39,2026-09-11T14:25:18Z,2026-09-12T14:00:00Z,1414.7,Crystal Palace,Ipswich,A,Ipswich,2.5,17,Total - Away,8.0,1.08,0.11894273,0.88105727,0.11894273,0.00000000,Marathonbet,8.0,1.06,2026-09-11T08:15:48+00:00
TT|1557401|A|3.5,1557401,Premier League,39,2026-09-11T14:25:18Z,2026-09-12T14:00:00Z,1414.7,Crystal Palace,Ipswich,A,Ipswich,3.5,17,Total - Away,23.0,1.01,0.04206581,0.95793419,0.04206581,-0.00000000,Marathonbet,,,2026-09-11T08:15:48+00:00
TT|1557397|H|0.5,1557397,Premier League,39,2026-09-11T14:25:18Z,2026-09-12T14:00:00Z,1414.7,Aston Villa,Nottingham Forest,H,Aston Villa,0.5,16,Total - Home,1.25,3.75,0.75000000,0.25000000,0.75000000,0.00000000,Marathonbet,1.22,3.8,2026-09-11T08:15:48+00:00
TT|1557397|H|1.5,1557397,Premier League,39,2026-09-11T14:25:18Z,2026-09-12T14:00:00Z,1414.7,Aston Villa,Nottingham Forest,H,Aston Villa,1.5,16,Total - Home,2.2,1.62,0.42408377,0.57591623,0.42408377,-0.00000000,Marathonbet,2.26,1.65,2026-09-11T08:15:48+00:00
TT|1557397|H|2.5,1557397,Premier League,39,2026-09-11T14:25:18Z,2026-09-12T14:00:00Z,1414.7,Aston Villa,Nottingham Forest,H,Aston Villa,2.5,16,Total - Home,5.0,1.17,0.18962723,0.81037277,0.18962723,-0.00000000,Marathonbet,5.15,1.15,2026-09-11T08:15:48+00:00
TT|1557397|H|3.5,1557397,Premier League,39,2026-09-11T14:25:18Z,2026-09-12T14:00:00Z,1414.7,Aston Villa,Nottingham Forest,H,Aston Villa,3.5,16,Total - Home,13.0,1.04,0.07407407,0.92592593,0.07407407,0.00000000,Marathonbet,,,2026-09-11T08:15:48+00:00
TT|1557397|H|4.5,1557397,Premier League,39,2026-09-11T14:25:18Z,2026-09-12T14:00:00Z,1414.7,Aston Villa,Nottingham Forest,H,Aston Villa,4.5,16,Total - Home,29.0,1.01,0.03365545,0.96634455,0.03365545,-0.00000000,Marathonbet,,,2026-09-11T08:15:48+00:00
TT|1557397|A|0.5,1557397,Premier League,39,2026-09-11T14:25:18Z,2026-09-12T14:00:00Z,1414.7,Aston Villa,Nottingham Forest,A,Nottingham Forest,0.5,17,Total - Away,1.36,3.0,0.68807339,0.31192661,0.68807339,0.00000000,Marathonbet,1.34,2.98,2026-09-11T08:15:48+00:00
TT|1557397|A|1.5,1557397,Premier League,39,2026-09-11T14:25:18Z,2026-09-12T14:00:00Z,1414.7,Aston Villa,Nottingham Forest,A,Nottingham Forest,1.5,17,Total - Away,2.75,1.4,0.33734940,0.66265060,0.33734940,-0.00000000,Marathonbet,2.81,1.43,2026-09-11T08:15:48+00:00
TT|1557397|A|2.5,1557397,Premier League,39,2026-09-11T14:25:18Z,2026-09-12T14:00:00Z,1414.7,Aston Villa,Nottingham Forest,A,Nottingham Forest,2.5,17,Total - Away,7.0,1.1,0.13580247,0.86419753,0.13580247,-0.00000000,Marathonbet,7.4,1.07,2026-09-11T08:15:48+00:00
TT|1557397|A|3.5,1557397,Premier League,39,2026-09-11T14:25:18Z,2026-09-12T14:00:00Z,1414.7,Aston Villa,Nottingham Forest,A,Nottingham Forest,3.5,17,Total - Away,21.0,1.01,0.04588823,0.95411177,0.04588823,0.00000000,Marathonbet,,,2026-09-11T08:15:48+00:00
TT|1557406|H|0.5,1557406,Premier League,39,2026-09-11T14:25:18Z,2026-09-12T16:30:00Z,1564.7,Tottenham,Everton,H,Tottenham,0.5,16,Total - Home,1.2,4.33,0.78300181,0.21699819,0.78300181,-0.00000000,Marathonbet,,,2026-09-11T08:15:48+00:00
TT|1557406|H|1.5,1557406,Premier League,39,2026-09-11T14:25:18Z,2026-09-12T16:30:00Z,1564.7,Tottenham,Everton,H,Tottenham,1.5,16,Total - Home,1.91,1.8,0.48517520,0.51482480,0.48517520,0.00000000,Marathonbet,2.06,1.77,2026-09-11T08:15:48+00:00
TT|1557406|H|2.5,1557406,Premier League,39,2026-09-11T14:25:18Z,2026-09-12T16:30:00Z,1564.7,Tottenham,Everton,H,Tottenham,2.5,16,Total - Home,4.0,1.22,0.23371648,0.76628352,0.23371648,-0.00000000,Marathonbet,4.45,1.19,2026-09-11T08:15:48+00:00
TT|1557406|H|3.5,1557406,Premier League,39,2026-09-11T14:25:18Z,2026-09-12T16:30:00Z,1564.7,Tottenham,Everton,H,Tottenham,3.5,16,Total - Home,11.0,1.05,0.08713693,0.91286307,0.08713693,-0.00000000,Marathonbet,10.75,1.01,2026-09-11T08:15:48+00:00
TT|1557406|H|4.5,1557406,Premier League,39,2026-09-11T14:25:18Z,2026-09-12T16:30:00Z,1564.7,Tottenham,Everton,H,Tottenham,4.5,16,Total - Home,26.0,1.01,0.03739356,0.96260644,0.03739356,-0.00000000,Marathonbet,,,2026-09-11T08:15:48+00:00
TT|1557406|A|0.5,1557406,Premier League,39,2026-09-11T14:25:18Z,2026-09-12T16:30:00Z,1564.7,Tottenham,Everton,A,Everton,0.5,17,Total - Away,1.4,2.75,0.66265060,0.33734940,0.66265060,0.00000000,Marathonbet,1.38,2.8,2026-09-11T08:15:48+00:00
TT|1557406|A|1.5,1557406,Premier League,39,2026-09-11T14:25:18Z,2026-09-12T16:30:00Z,1564.7,Tottenham,Everton,A,Everton,1.5,17,Total - Away,3.0,1.36,0.31192661,0.68807339,0.31192661,-0.00000000,Marathonbet,3.02,1.38,2026-09-11T08:15:48+00:00
TT|1557406|A|2.5,1557406,Premier League,39,2026-09-11T14:25:18Z,2026-09-12T16:30:00Z,1564.7,Tottenham,Everton,A,Everton,2.5,17,Total - Away,9.0,1.07,0.10625621,0.89374379,0.10625621,-0.00000000,Marathonbet,8.3,1.05,2026-09-11T08:15:48+00:00
TT|1557406|A|3.5,1557406,Premier League,39,2026-09-11T14:25:18Z,2026-09-12T16:30:00Z,1564.7,Tottenham,Everton,A,Everton,3.5,17,Total - Away,23.0,1.01,0.04206581,0.95793419,0.04206581,-0.00000000,Marathonbet,,,2026-09-11T08:15:48+00:00
TT|1557405|H|0.5,1557405,Premier League,39,2026-09-11T14:25:18Z,2026-09-12T19:00:00Z,1714.7,Sunderland,Arsenal,H,Sunderland,0.5,16,Total - Home,1.83,1.83,0.50000000,0.50000000,0.50000000,0.00000000,Marathonbet,1.87,1.83,2026-09-11T08:15:48+00:00
TT|1557405|H|1.5,1557405,Premier League,39,2026-09-11T14:25:18Z,2026-09-12T19:00:00Z,1714.7,Sunderland,Arsenal,H,Sunderland,1.5,16,Total - Home,6.0,1.12,0.15730337,0.84269663,0.15730337,0.00000000,Marathonbet,6.15,1.12,2026-09-11T08:15:48+00:00
TT|1557405|H|2.5,1557405,Premier League,39,2026-09-11T14:25:18Z,2026-09-12T19:00:00Z,1714.7,Sunderland,Arsenal,H,Sunderland,2.5,16,Total - Home,21.0,1.01,0.04588823,0.95411177,0.04588823,0.00000000,Marathonbet,,,2026-09-11T08:15:48+00:00
TT|1557405|A|0.5,1557405,Premier League,39,2026-09-11T14:25:18Z,2026-09-12T19:00:00Z,1714.7,Sunderland,Arsenal,A,Arsenal,0.5,17,Total - Away,1.14,5.5,0.82831325,0.17168675,0.82831325,0.00000000,Marathonbet,,,2026-09-11T08:15:48+00:00
TT|1557405|A|1.5,1557405,Premier League,39,2026-09-11T14:25:18Z,2026-09-12T19:00:00Z,1714.7,Sunderland,Arsenal,A,Arsenal,1.5,17,Total - Away,1.67,2.1,0.55702918,0.44297082,0.55702918,-0.00000000,Marathonbet,1.75,2.09,2026-09-11T08:15:48+00:00
TT|1557405|A|2.5,1557405,Premier League,39,2026-09-11T14:25:18Z,2026-09-12T19:00:00Z,1714.7,Sunderland,Arsenal,A,Arsenal,2.5,17,Total - Away,3.25,1.33,0.29039301,0.70960699,0.29039301,0.00000000,Marathonbet,3.3,1.31,2026-09-11T08:15:48+00:00
TT|1557405|A|3.5,1557405,Premier League,39,2026-09-11T14:25:18Z,2026-09-12T19:00:00Z,1714.7,Sunderland,Arsenal,A,Arsenal,3.5,17,Total - Away,7.0,1.1,0.13580247,0.86419753,0.13580247,-0.00000000,Marathonbet,7.2,1.06,2026-09-11T08:15:48+00:00
TT|1557405|A|4.5,1557405,Premier League,39,2026-09-11T14:25:18Z,2026-09-12T19:00:00Z,1714.7,Sunderland,Arsenal,A,Arsenal,4.5,17,Total - Away,17.0,1.02,0.05660377,0.94339623,0.05660377,0.00000000,Marathonbet,,,2026-09-11T08:15:48+00:00
TT|1557400|H|0.5,1557400,Premier League,39,2026-09-11T14:25:18Z,2026-09-13T13:00:00Z,2794.7,Coventry,Brighton,H,Coventry,0.5,16,Total - Home,1.4,2.75,0.66265060,0.33734940,0.66265060,0.00000000,Marathonbet,1.39,2.76,2026-09-11T12:30:44+00:00
TT|1557400|H|1.5,1557400,Premier League,39,2026-09-11T14:25:18Z,2026-09-13T13:00:00Z,2794.7,Coventry,Brighton,H,Coventry,1.5,16,Total - Home,3.0,1.36,0.31192661,0.68807339,0.31192661,-0.00000000,Marathonbet,3.08,1.37,2026-09-11T12:30:44+00:00
TT|1557400|H|2.5,1557400,Premier League,39,2026-09-11T14:25:18Z,2026-09-13T13:00:00Z,2794.7,Coventry,Brighton,H,Coventry,2.5,16,Total - Home,8.0,1.08,0.11894273,0.88105727,0.11894273,0.00000000,Marathonbet,8.4,1.05,2026-09-11T12:30:44+00:00
TT|1557400|H|3.5,1557400,Premier League,39,2026-09-11T14:25:18Z,2026-09-13T13:00:00Z,2794.7,Coventry,Brighton,H,Coventry,3.5,16,Total - Home,23.0,1.01,0.04206581,0.95793419,0.04206581,-0.00000000,Marathonbet,,,2026-09-11T12:30:44+00:00
TT|1557400|A|0.5,1557400,Premier League,39,2026-09-11T14:25:18Z,2026-09-13T13:00:00Z,2794.7,Coventry,Brighton,A,Brighton,0.5,17,Total - Away,1.17,5.0,0.81037277,0.18962723,0.81037277,0.00000000,Marathonbet,,,2026-09-11T12:30:44+00:00
TT|1557400|A|1.5,1557400,Premier League,39,2026-09-11T14:25:18Z,2026-09-13T13:00:00Z,2794.7,Coventry,Brighton,A,Brighton,1.5,17,Total - Away,1.8,1.91,0.51482480,0.48517520,0.51482480,-0.00000000,Marathonbet,1.83,1.99,2026-09-11T12:30:44+00:00
TT|1557400|A|2.5,1557400,Premier League,39,2026-09-11T14:25:18Z,2026-09-13T13:00:00Z,2794.7,Coventry,Brighton,A,Brighton,2.5,17,Total - Away,3.5,1.28,0.26778243,0.73221757,0.26778243,-0.00000000,Marathonbet,3.58,1.27,2026-09-11T12:30:44+00:00
TT|1557400|A|3.5,1557400,Premier League,39,2026-09-11T14:25:18Z,2026-09-13T13:00:00Z,2794.7,Coventry,Brighton,A,Brighton,3.5,17,Total - Away,9.0,1.07,0.10625621,0.89374379,0.10625621,-0.00000000,Marathonbet,8.1,1.04,2026-09-11T12:30:44+00:00
TT|1557400|A|4.5,1557400,Premier League,39,2026-09-11T14:25:18Z,2026-09-13T13:00:00Z,2794.7,Coventry,Brighton,A,Brighton,4.5,17,Total - Away,21.0,1.01,0.04588823,0.95411177,0.04588823,0.00000000,Marathonbet,,,2026-09-11T12:30:44+00:00
TT|1557404|H|0.5,1557404,Premier League,39,2026-09-11T14:25:18Z,2026-09-13T15:30:00Z,2944.7,Manchester United,Manchester City,H,Manchester United,0.5,16,Total - Home,1.25,3.75,0.75000000,0.25000000,0.75000000,0.00000000,Marathonbet,,,2026-09-11T12:30:44+00:00
TT|1557404|H|1.5,1557404,Premier League,39,2026-09-11T14:25:18Z,2026-09-13T15:30:00Z,2944.7,Manchester United,Manchester City,H,Manchester United,1.5,16,Total - Home,2.2,1.62,0.42408377,0.57591623,0.42408377,-0.00000000,Marathonbet,2.2,1.68,2026-09-11T12:30:44+00:00
TT|1557404|H|2.5,1557404,Premier League,39,2026-09-11T14:25:18Z,2026-09-13T15:30:00Z,2944.7,Manchester United,Manchester City,H,Manchester United,2.5,16,Total - Home,5.0,1.17,0.18962723,0.81037277,0.18962723,-0.00000000,Marathonbet,4.8,1.16,2026-09-11T12:30:44+00:00
TT|1557404|H|3.5,1557404,Premier League,39,2026-09-11T14:25:18Z,2026-09-13T15:30:00Z,2944.7,Manchester United,Manchester City,H,Manchester United,3.5,16,Total - Home,13.0,1.04,0.07407407,0.92592593,0.07407407,0.00000000,Marathonbet,10.75,1.01,2026-09-11T12:30:44+00:00
TT|1557404|A|0.5,1557404,Premier League,39,2026-09-11T14:25:18Z,2026-09-13T15:30:00Z,2944.7,Manchester United,Manchester City,A,Manchester City,0.5,17,Total - Away,1.14,5.5,0.82831325,0.17168675,0.82831325,0.00000000,Marathonbet,,,2026-09-11T12:30:44+00:00
TT|1557404|A|1.5,1557404,Premier League,39,2026-09-11T14:25:18Z,2026-09-13T15:30:00Z,2944.7,Manchester United,Manchester City,A,Manchester City,1.5,17,Total - Away,1.73,2.0,0.53619303,0.46380697,0.53619303,-0.00000000,Marathonbet,1.78,2.05,2026-09-11T12:30:44+00:00
TT|1557404|A|2.5,1557404,Premier League,39,2026-09-11T14:25:18Z,2026-09-13T15:30:00Z,2944.7,Manchester United,Manchester City,A,Manchester City,2.5,17,Total - Away,3.4,1.3,0.27659574,0.72340426,0.27659574,0.00000000,Marathonbet,3.3,1.31,2026-09-11T12:30:44+00:00
TT|1557404|A|3.5,1557404,Premier League,39,2026-09-11T14:25:18Z,2026-09-13T15:30:00Z,2944.7,Manchester United,Manchester City,A,Manchester City,3.5,17,Total - Away,8.0,1.08,0.11894273,0.88105727,0.11894273,0.00000000,Marathonbet,7.0,1.06,2026-09-11T12:30:44+00:00
TT|1557404|A|4.5,1557404,Premier League,39,2026-09-11T14:25:18Z,2026-09-13T15:30:00Z,2944.7,Manchester United,Manchester City,A,Manchester City,4.5,17,Total - Away,19.0,1.02,0.05094905,0.94905095,0.05094905,0.00000000,Marathonbet,,,2026-09-11T12:30:44+00:00
TT|1570381|H|0.5,1570381,La Liga,140,2026-09-11T14:25:18Z,2026-09-11T19:00:00Z,274.7,Sevilla,Valencia,H,Sevilla,0.5,16,Total - Home,1.25,3.75,0.75000000,0.25000000,0.75000000,0.00000000,Marathonbet,1.27,3.4,2026-09-11T12:00:44+00:00
TT|1570381|H|1.5,1570381,La Liga,140,2026-09-11T14:25:18Z,2026-09-11T19:00:00Z,274.7,Sevilla,Valencia,H,Sevilla,1.5,16,Total - Home,2.2,1.62,0.42408377,0.57591623,0.42408377,-0.00000000,Marathonbet,2.26,1.65,2026-09-11T12:00:44+00:00
TT|1570381|H|2.5,1570381,La Liga,140,2026-09-11T14:25:18Z,2026-09-11T19:00:00Z,274.7,Sevilla,Valencia,H,Sevilla,2.5,16,Total - Home,5.0,1.17,0.18962723,0.81037277,0.18962723,-0.00000000,Marathonbet,4.95,1.16,2026-09-11T12:00:44+00:00
TT|1570381|H|3.5,1570381,La Liga,140,2026-09-11T14:25:18Z,2026-09-11T19:00:00Z,274.7,Sevilla,Valencia,H,Sevilla,3.5,16,Total - Home,13.0,1.04,0.07407407,0.92592593,0.07407407,0.00000000,Marathonbet,11.0,1.01,2026-09-11T12:00:44+00:00
TT|1570381|A|0.5,1570381,La Liga,140,2026-09-11T14:25:18Z,2026-09-11T19:00:00Z,274.7,Sevilla,Valencia,A,Valencia,0.5,17,Total - Away,1.57,2.25,0.58900524,0.41099476,0.58900524,-0.00000000,Marathonbet,1.57,2.25,2026-09-11T12:00:44+00:00
TT|1570381|A|1.5,1570381,La Liga,140,2026-09-11T14:25:18Z,2026-09-11T19:00:00Z,274.7,Sevilla,Valencia,A,Valencia,1.5,17,Total - Away,4.0,1.22,0.23371648,0.76628352,0.23371648,-0.00000000,Marathonbet,3.92,1.25,2026-09-11T12:00:44+00:00
TT|1570381|A|2.5,1570381,La Liga,140,2026-09-11T14:25:18Z,2026-09-11T19:00:00Z,274.7,Sevilla,Valencia,A,Valencia,2.5,17,Total - Away,13.0,1.04,0.07407407,0.92592593,0.07407407,0.00000000,Marathonbet,11.0,1.02,2026-09-11T12:00:44+00:00
TT|1570378|H|0.5,1570378,La Liga,140,2026-09-11T14:25:18Z,2026-09-12T12:00:00Z,1294.7,Racing Santander,Alaves,H,Racing Santander,0.5,16,Total - Home,1.22,4.0,0.76628352,0.23371648,0.76628352,0.00000000,Marathonbet,1.22,3.82,2026-09-11T09:48:15+00:00
TT|1570378|H|1.5,1570378,La Liga,140,2026-09-11T14:25:18Z,2026-09-12T12:00:00Z,1294.7,Racing Santander,Alaves,H,Racing Santander,1.5,16,Total - Home,2.0,1.73,0.46380697,0.53619303,0.46380697,0.00000000,Marathonbet,2.13,1.73,2026-09-11T09:48:15+00:00
TT|1570378|H|2.5,1570378,La Liga,140,2026-09-11T14:25:18Z,2026-09-12T12:00:00Z,1294.7,Racing Santander,Alaves,H,Racing Santander,2.5,16,Total - Home,4.33,1.2,0.21699819,0.78300181,0.21699819,0.00000000,Marathonbet,4.7,1.17,2026-09-11T09:48:15+00:00
TT|1570378|H|3.5,1570378,La Liga,140,2026-09-11T14:25:18Z,2026-09-12T12:00:00Z,1294.7,Racing Santander,Alaves,H,Racing Santander,3.5,16,Total - Home,11.0,1.05,0.08713693,0.91286307,0.08713693,-0.00000000,Marathonbet,,,2026-09-11T09:48:15+00:00
TT|1570378|H|4.5,1570378,La Liga,140,2026-09-11T14:25:18Z,2026-09-12T12:00:00Z,1294.7,Racing Santander,Alaves,H,Racing Santander,4.5,16,Total - Home,29.0,1.01,0.03365545,0.96634455,0.03365545,-0.00000000,Marathonbet,,,2026-09-11T09:48:15+00:00
TT|1570378|A|0.5,1570378,La Liga,140,2026-09-11T14:25:18Z,2026-09-12T12:00:00Z,1294.7,Racing Santander,Alaves,A,Alaves,0.5,17,Total - Away,1.25,3.75,0.75000000,0.25000000,0.75000000,0.00000000,Marathonbet,1.25,3.55,2026-09-11T09:48:15+00:00
TT|1570378|A|1.5,1570378,La Liga,140,2026-09-11T14:25:18Z,2026-09-12T12:00:00Z,1294.7,Racing Santander,Alaves,A,Alaves,1.5,17,Total - Away,2.25,1.57,0.41099476,0.58900524,0.41099476,0.00000000,Marathonbet,2.36,1.6,2026-09-11T09:48:15+00:00
TT|1570378|A|2.5,1570378,La Liga,140,2026-09-11T14:25:18Z,2026-09-12T12:00:00Z,1294.7,Racing Santander,Alaves,A,Alaves,2.5,17,Total - Away,5.5,1.14,0.17168675,0.82831325,0.17168675,-0.00000000,Marathonbet,5.55,1.13,2026-09-11T09:48:15+00:00
TT|1570378|A|3.5,1570378,La Liga,140,2026-09-11T14:25:18Z,2026-09-12T12:00:00Z,1294.7,Racing Santander,Alaves,A,Alaves,3.5,17,Total - Away,15.0,1.03,0.06425452,0.93574548,0.06425452,0.00000000,Marathonbet,,,2026-09-11T09:48:15+00:00
TT|1570377|H|0.5,1570377,La Liga,140,2026-09-11T14:25:18Z,2026-09-12T14:15:00Z,1429.7,Osasuna,Espanyol,H,Osasuna,0.5,16,Total - Home,1.25,3.75,0.75000000,0.25000000,0.75000000,0.00000000,Marathonbet,1.24,3.64,2026-09-11T09:48:15+00:00
TT|1570377|H|1.5,1570377,La Liga,140,2026-09-11T14:25:18Z,2026-09-12T14:15:00Z,1429.7,Osasuna,Espanyol,H,Osasuna,1.5,16,Total - Home,2.25,1.57,0.41099476,0.58900524,0.41099476,0.00000000,Marathonbet,2.33,1.61,2026-09-11T09:48:15+00:00
TT|1570377|H|2.5,1570377,La Liga,140,2026-09-11T14:25:18Z,2026-09-12T14:15:00Z,1429.7,Osasuna,Espanyol,H,Osasuna,2.5,16,Total - Home,5.5,1.14,0.17168675,0.82831325,0.17168675,-0.00000000,Marathonbet,5.35,1.14,2026-09-11T09:48:15+00:00
TT|1570377|H|3.5,1570377,La Liga,140,2026-09-11T14:25:18Z,2026-09-12T14:15:00Z,1429.7,Osasuna,Espanyol,H,Osasuna,3.5,16,Total - Home,15.0,1.03,0.06425452,0.93574548,0.06425452,0.00000000,Marathonbet,,,2026-09-11T09:48:15+00:00
TT|1570377|A|0.5,1570377,La Liga,140,2026-09-11T14:25:18Z,2026-09-12T14:15:00Z,1429.7,Osasuna,Espanyol,A,Espanyol,0.5,17,Total - Away,1.5,2.5,0.62500000,0.37500000,0.62500000,0.00000000,Marathonbet,1.48,2.46,2026-09-11T09:48:15+00:00
TT|1570377|A|1.5,1570377,La Liga,140,2026-09-11T14:25:18Z,2026-09-12T14:15:00Z,1429.7,Osasuna,Espanyol,A,Espanyol,1.5,17,Total - Away,3.5,1.28,0.26778243,0.73221757,0.26778243,-0.00000000,Marathonbet,3.5,1.3,2026-09-11T09:48:15+00:00
TT|1570377|A|2.5,1570377,La Liga,140,2026-09-11T14:25:18Z,2026-09-12T14:15:00Z,1429.7,Osasuna,Espanyol,A,Espanyol,2.5,17,Total - Away,10.0,1.06,0.09584087,0.90415913,0.09584087,-0.00000000,Marathonbet,10.5,1.02,2026-09-11T09:48:15+00:00
TT|1570377|A|3.5,1570377,La Liga,140,2026-09-11T14:25:18Z,2026-09-12T14:15:00Z,1429.7,Osasuna,Espanyol,A,Espanyol,3.5,17,Total - Away,29.0,1.01,0.03365545,0.96634455,0.03365545,-0.00000000,Marathonbet,,,2026-09-11T09:48:15+00:00
TT|1570373|H|0.5,1570373,La Liga,140,2026-09-11T14:25:18Z,2026-09-12T16:30:00Z,1564.7,Athletic Club,Elche,H,Athletic Club,0.5,16,Total - Home,1.08,8.0,0.88105727,0.11894273,0.88105727,-0.00000000,Marathonbet,,,2026-09-11T09:48:15+00:00
TT|1570373|H|1.5,1570373,La Liga,140,2026-09-11T14:25:18Z,2026-09-12T16:30:00Z,1564.7,Athletic Club,Elche,H,Athletic Club,1.5,16,Total - Home,1.5,2.5,0.62500000,0.37500000,0.62500000,0.00000000,Marathonbet,1.51,2.54,2026-09-11T09:48:15+00:00
TT|1570373|H|2.5,1570373,La Liga,140,2026-09-11T14:25:18Z,2026-09-12T16:30:00Z,1564.7,Athletic Club,Elche,H,Athletic Club,2.5,16,Total - Home,2.5,1.5,0.37500000,0.62500000,0.37500000,0.00000000,Marathonbet,2.54,1.51,2026-09-11T09:48:15+00:00
TT|1570373|H|3.5,1570373,La Liga,140,2026-09-11T14:25:18Z,2026-09-12T16:30:00Z,1564.7,Athletic Club,Elche,H,Athletic Club,3.5,16,Total - Home,5.0,1.17,0.18962723,0.81037277,0.18962723,-0.00000000,Marathonbet,5.05,1.14,2026-09-11T09:48:15+00:00
TT|1570373|H|4.5,1570373,La Liga,140,2026-09-11T14:25:18Z,2026-09-12T16:30:00Z,1564.7,Athletic Club,Elche,H,Athletic Club,4.5,16,Total - Home,11.0,1.05,0.08713693,0.91286307,0.08713693,-0.00000000,Marathonbet,,,2026-09-11T09:48:15+00:00
TT|1570373|H|5.5,1570373,La Liga,140,2026-09-11T14:25:18Z,2026-09-12T16:30:00Z,1564.7,Athletic Club,Elche,H,Athletic Club,5.5,16,Total - Home,26.0,1.01,0.03739356,0.96260644,0.03739356,-0.00000000,Marathonbet,,,2026-09-11T09:48:15+00:00
TT|1570373|A|0.5,1570373,La Liga,140,2026-09-11T14:25:18Z,2026-09-12T16:30:00Z,1564.7,Athletic Club,Elche,A,Elche,0.5,17,Total - Away,1.73,2.0,0.53619303,0.46380697,0.53619303,-0.00000000,Marathonbet,1.69,2.04,2026-09-11T09:48:15+00:00
TT|1570373|A|1.5,1570373,La Liga,140,2026-09-11T14:25:18Z,2026-09-12T16:30:00Z,1564.7,Athletic Club,Elche,A,Elche,1.5,17,Total - Away,4.5,1.18,0.20774648,0.79225352,0.20774648,-0.00000000,Marathonbet,4.75,1.18,2026-09-11T09:48:15+00:00
TT|1570373|A|2.5,1570373,La Liga,140,2026-09-11T14:25:18Z,2026-09-12T16:30:00Z,1564.7,Athletic Club,Elche,A,Elche,2.5,17,Total - Away,17.0,1.02,0.05660377,0.94339623,0.05660377,0.00000000,Marathonbet,,,2026-09-11T09:48:15+00:00
TT|1570379|H|0.5,1570379,La Liga,140,2026-09-11T14:25:18Z,2026-09-12T19:00:00Z,1714.7,Real Madrid,Rayo Vallecano,H,Real Madrid,0.5,16,Total - Home,1.02,19.0,0.94905095,0.05094905,0.94905095,-0.00000000,Marathonbet,,,2026-09-11T09:48:15+00:00
TT|1570379|H|1.5,1570379,La Liga,140,2026-09-11T14:25:18Z,2026-09-12T19:00:00Z,1714.7,Real Madrid,Rayo Vallecano,H,Real Madrid,1.5,16,Total - Home,1.14,5.5,0.82831325,0.17168675,0.82831325,0.00000000,Marathonbet,1.13,5.3,2026-09-11T09:48:15+00:00
TT|1570379|H|2.5,1570379,La Liga,140,2026-09-11T14:25:18Z,2026-09-12T19:00:00Z,1714.7,Real Madrid,Rayo Vallecano,H,Real Madrid,2.5,16,Total - Home,1.44,2.62,0.64532020,0.35467980,0.64532020,-0.00000000,Marathonbet,1.5,2.57,2026-09-11T09:48:15+00:00
TT|1570379|H|3.5,1570379,La Liga,140,2026-09-11T14:25:18Z,2026-09-12T19:00:00Z,1714.7,Real Madrid,Rayo Vallecano,H,Real Madrid,3.5,16,Total - Home,2.2,1.62,0.42408377,0.57591623,0.42408377,-0.00000000,Marathonbet,2.23,1.65,2026-09-11T09:48:15+00:00
TT|1570379|H|4.5,1570379,La Liga,140,2026-09-11T14:25:18Z,2026-09-12T19:00:00Z,1714.7,Real Madrid,Rayo Vallecano,H,Real Madrid,4.5,16,Total - Home,3.75,1.25,0.25000000,0.75000000,0.25000000,0.00000000,Marathonbet,3.88,1.22,2026-09-11T09:48:15+00:00
TT|1570379|H|5.5,1570379,La Liga,140,2026-09-11T14:25:18Z,2026-09-12T19:00:00Z,1714.7,Real Madrid,Rayo Vallecano,H,Real Madrid,5.5,16,Total - Home,7.0,1.1,0.13580247,0.86419753,0.13580247,-0.00000000,Marathonbet,,,2026-09-11T09:48:15+00:00
TT|1570379|H|6.5,1570379,La Liga,140,2026-09-11T14:25:18Z,2026-09-12T19:00:00Z,1714.7,Real Madrid,Rayo Vallecano,H,Real Madrid,6.5,16,Total - Home,15.0,1.03,0.06425452,0.93574548,0.06425452,0.00000000,Marathonbet,,,2026-09-11T09:48:15+00:00
TT|1570379|H|7.5,1570379,La Liga,140,2026-09-11T14:25:18Z,2026-09-12T19:00:00Z,1714.7,Real Madrid,Rayo Vallecano,H,Real Madrid,7.5,16,Total - Home,29.0,1.01,0.03365545,0.96634455,0.03365545,-0.00000000,Marathonbet,,,2026-09-11T09:48:15+00:00
TT|1570379|A|0.5,1570379,La Liga,140,2026-09-11T14:25:18Z,2026-09-12T19:00:00Z,1714.7,Real Madrid,Rayo Vallecano,A,Rayo Vallecano,0.5,17,Total - Away,1.83,1.83,0.50000000,0.50000000,0.50000000,0.00000000,Marathonbet,1.87,1.83,2026-09-11T09:48:15+00:00
TT|1570379|A|1.5,1570379,La Liga,140,2026-09-11T14:25:18Z,2026-09-12T19:00:00Z,1714.7,Real Madrid,Rayo Vallecano,A,Rayo Vallecano,1.5,17,Total - Away,6.0,1.12,0.15730337,0.84269663,0.15730337,0.00000000,Marathonbet,6.15,1.12,2026-09-11T09:48:15+00:00
TT|1570379|A|2.5,1570379,La Liga,140,2026-09-11T14:25:18Z,2026-09-12T19:00:00Z,1714.7,Real Madrid,Rayo Vallecano,A,Rayo Vallecano,2.5,17,Total - Away,21.0,1.01,0.04588823,0.95411177,0.04588823,0.00000000,Marathonbet,,,2026-09-11T09:48:15+00:00
TT|1570374|H|0.5,1570374,La Liga,140,2026-09-11T14:25:18Z,2026-09-13T12:00:00Z,2734.7,Celta Vigo,Malaga,H,Celta Vigo,0.5,16,Total - Home,1.18,4.5,0.79225352,0.20774648,0.79225352,0.00000000,Marathonbet,,,2026-09-11T12:30:44+00:00
TT|1570374|H|1.5,1570374,La Liga,140,2026-09-11T14:25:18Z,2026-09-13T12:00:00Z,2734.7,Celta Vigo,Malaga,H,Celta Vigo,1.5,16,Total - Home,1.83,1.83,0.50000000,0.50000000,0.50000000,0.00000000,Marathonbet,1.93,1.88,2026-09-11T12:30:44+00:00
TT|1570374|H|2.5,1570374,La Liga,140,2026-09-11T14:25:18Z,2026-09-13T12:00:00Z,2734.7,Celta Vigo,Malaga,H,Celta Vigo,2.5,16,Total - Home,3.75,1.25,0.25000000,0.75000000,0.25000000,0.00000000,Marathonbet,3.75,1.25,2026-09-11T12:30:44+00:00
TT|1570374|H|3.5,1570374,La Liga,140,2026-09-11T14:25:18Z,2026-09-13T12:00:00Z,2734.7,Celta Vigo,Malaga,H,Celta Vigo,3.5,16,Total - Home,10.0,1.06,0.09584087,0.90415913,0.09584087,-0.00000000,Marathonbet,8.1,1.04,2026-09-11T12:30:44+00:00
TT|1570374|H|4.5,1570374,La Liga,140,2026-09-11T14:25:18Z,2026-09-13T12:00:00Z,2734.7,Celta Vigo,Malaga,H,Celta Vigo,4.5,16,Total - Home,23.0,1.01,0.04206581,0.95793419,0.04206581,-0.00000000,Marathonbet,,,2026-09-11T12:30:44+00:00
TT|1570374|A|0.5,1570374,La Liga,140,2026-09-11T14:25:18Z,2026-09-13T12:00:00Z,2734.7,Celta Vigo,Malaga,A,Malaga,0.5,17,Total - Away,1.67,2.1,0.55702918,0.44297082,0.55702918,-0.00000000,Marathonbet,1.63,2.14,2026-09-11T12:30:44+00:00
TT|1570374|A|1.5,1570374,La Liga,140,2026-09-11T14:25:18Z,2026-09-13T12:00:00Z,2734.7,Celta Vigo,Malaga,A,Malaga,1.5,17,Total - Away,4.33,1.2,0.21699819,0.78300181,0.21699819,0.00000000,Marathonbet,4.25,1.22,2026-09-11T12:30:44+00:00
TT|1570374|A|2.5,1570374,La Liga,140,2026-09-11T14:25:18Z,2026-09-13T12:00:00Z,2734.7,Celta Vigo,Malaga,A,Malaga,2.5,17,Total - Away,15.0,1.03,0.06425452,0.93574548,0.06425452,0.00000000,Marathonbet,12.0,1.01,2026-09-11T12:30:44+00:00
TT|1570376|H|0.5,1570376,La Liga,140,2026-09-11T14:25:18Z,2026-09-13T14:15:00Z,2869.7,Levante,Barcelona,H,Levante,0.5,16,Total - Home,1.73,2.0,0.53619303,0.46380697,0.53619303,-0.00000000,Marathonbet,1.7,2.03,2026-09-11T09:48:15+00:00
TT|1570376|H|1.5,1570376,La Liga,140,2026-09-11T14:25:18Z,2026-09-13T14:15:00Z,2869.7,Levante,Barcelona,H,Levante,1.5,16,Total - Home,5.0,1.17,0.18962723,0.81037277,0.18962723,-0.00000000,Marathonbet,4.9,1.17,2026-09-11T09:48:15+00:00
TT|1570376|H|2.5,1570376,La Liga,140,2026-09-11T14:25:18Z,2026-09-13T14:15:00Z,2869.7,Levante,Barcelona,H,Levante,2.5,16,Total - Home,17.0,1.02,0.05660377,0.94339623,0.05660377,0.00000000,Marathonbet,,,2026-09-11T09:48:15+00:00
TT|1570376|A|0.5,1570376,La Liga,140,2026-09-11T14:25:18Z,2026-09-13T14:15:00Z,2869.7,Levante,Barcelona,A,Barcelona,0.5,17,Total - Away,1.02,19.0,0.94905095,0.05094905,0.94905095,-0.00000000,Marathonbet,,,2026-09-11T09:48:15+00:00
TT|1570376|A|1.5,1570376,La Liga,140,2026-09-11T14:25:18Z,2026-09-13T14:15:00Z,2869.7,Levante,Barcelona,A,Barcelona,1.5,17,Total - Away,1.14,5.5,0.82831325,0.17168675,0.82831325,0.00000000,Marathonbet,1.13,5.25,2026-09-11T09:48:15+00:00
TT|1570376|A|2.5,1570376,La Liga,140,2026-09-11T14:25:18Z,2026-09-13T14:15:00Z,2869.7,Levante,Barcelona,A,Barcelona,2.5,17,Total - Away,1.5,2.5,0.62500000,0.37500000,0.62500000,0.00000000,Marathonbet,1.54,2.46,2026-09-11T09:48:15+00:00
TT|1570376|A|3.5,1570376,La Liga,140,2026-09-11T14:25:18Z,2026-09-13T14:15:00Z,2869.7,Levante,Barcelona,A,Barcelona,3.5,17,Total - Away,2.25,1.57,0.41099476,0.58900524,0.41099476,0.00000000,Marathonbet,2.38,1.58,2026-09-11T09:48:15+00:00
TT|1570376|A|4.5,1570376,La Liga,140,2026-09-11T14:25:18Z,2026-09-13T14:15:00Z,2869.7,Levante,Barcelona,A,Barcelona,4.5,17,Total - Away,4.0,1.22,0.23371648,0.76628352,0.23371648,-0.00000000,Marathonbet,3.98,1.21,2026-09-11T09:48:15+00:00
TT|1570376|A|5.5,1570376,La Liga,140,2026-09-11T14:25:18Z,2026-09-13T14:15:00Z,2869.7,Levante,Barcelona,A,Barcelona,5.5,17,Total - Away,8.0,1.08,0.11894273,0.88105727,0.11894273,0.00000000,Marathonbet,,,2026-09-11T09:48:15+00:00
TT|1570376|A|6.5,1570376,La Liga,140,2026-09-11T14:25:18Z,2026-09-13T14:15:00Z,2869.7,Levante,Barcelona,A,Barcelona,6.5,17,Total - Away,17.0,1.02,0.05660377,0.94339623,0.05660377,0.00000000,Marathonbet,,,2026-09-11T09:48:15+00:00
TT|1570376|A|7.5,1570376,La Liga,140,2026-09-11T14:25:18Z,2026-09-13T14:15:00Z,2869.7,Levante,Barcelona,A,Barcelona,7.5,17,Total - Away,29.0,1.01,0.03365545,0.96634455,0.03365545,-0.00000000,Marathonbet,,,2026-09-11T09:48:15+00:00
TT|1570375|H|0.5,1570375,La Liga,140,2026-09-11T14:25:18Z,2026-09-13T16:30:00Z,3004.7,Getafe,Deportivo La Coruna,H,Getafe,0.5,16,Total - Home,1.44,2.62,0.64532020,0.35467980,0.64532020,-0.00000000,Marathonbet,1.43,2.62,2026-09-11T12:30:44+00:00
TT|1570375|H|1.5,1570375,La Liga,140,2026-09-11T14:25:18Z,2026-09-13T16:30:00Z,3004.7,Getafe,Deportivo La Coruna,H,Getafe,1.5,16,Total - Home,3.25,1.33,0.29039301,0.70960699,0.29039301,0.00000000,Marathonbet,3.3,1.33,2026-09-11T12:30:44+00:00
TT|1570375|H|2.5,1570375,La Liga,140,2026-09-11T14:25:18Z,2026-09-13T16:30:00Z,3004.7,Getafe,Deportivo La Coruna,H,Getafe,2.5,16,Total - Home,10.0,1.06,0.09584087,0.90415913,0.09584087,-0.00000000,Marathonbet,9.2,1.04,2026-09-11T12:30:44+00:00
TT|1570375|H|3.5,1570375,La Liga,140,2026-09-11T14:25:18Z,2026-09-13T16:30:00Z,3004.7,Getafe,Deportivo La Coruna,H,Getafe,3.5,16,Total - Home,26.0,1.01,0.03739356,0.96260644,0.03739356,-0.00000000,Marathonbet,,,2026-09-11T12:30:44+00:00
TT|1570375|A|0.5,1570375,La Liga,140,2026-09-11T14:25:18Z,2026-09-13T16:30:00Z,3004.7,Getafe,Deportivo La Coruna,A,Deportivo La Coruna,0.5,17,Total - Away,1.62,2.2,0.57591623,0.42408377,0.57591623,0.00000000,Marathonbet,1.62,2.16,2026-09-11T12:30:44+00:00
TT|1570375|A|1.5,1570375,La Liga,140,2026-09-11T14:25:18Z,2026-09-13T16:30:00Z,3004.7,Getafe,Deportivo La Coruna,A,Deportivo La Coruna,1.5,17,Total - Away,4.33,1.2,0.21699819,0.78300181,0.21699819,0.00000000,Marathonbet,4.4,1.21,2026-09-11T12:30:44+00:00
TT|1570375|A|2.5,1570375,La Liga,140,2026-09-11T14:25:18Z,2026-09-13T16:30:00Z,3004.7,Getafe,Deportivo La Coruna,A,Deportivo La Coruna,2.5,17,Total - Away,15.0,1.03,0.06425452,0.93574548,0.06425452,0.00000000,Marathonbet,,,2026-09-11T12:30:44+00:00
TT|1570380|H|0.5,1570380,La Liga,140,2026-09-11T14:25:18Z,2026-09-13T19:00:00Z,3154.7,Real Sociedad,Atletico Madrid,H,Real Sociedad,0.5,16,Total - Home,1.25,3.75,0.75000000,0.25000000,0.75000000,0.00000000,Marathonbet,1.23,3.72,2026-09-11T12:30:44+00:00
TT|1570380|H|1.5,1570380,La Liga,140,2026-09-11T14:25:18Z,2026-09-13T19:00:00Z,3154.7,Real Sociedad,Atletico Madrid,H,Real Sociedad,1.5,16,Total - Home,2.2,1.62,0.42408377,0.57591623,0.42408377,-0.00000000,Marathonbet,2.29,1.63,2026-09-11T12:30:44+00:00
TT|1570380|H|2.5,1570380,La Liga,140,2026-09-11T14:25:18Z,2026-09-13T19:00:00Z,3154.7,Real Sociedad,Atletico Madrid,H,Real Sociedad,2.5,16,Total - Home,5.0,1.17,0.18962723,0.81037277,0.18962723,-0.00000000,Marathonbet,5.25,1.14,2026-09-11T12:30:44+00:00
TT|1570380|H|3.5,1570380,La Liga,140,2026-09-11T14:25:18Z,2026-09-13T19:00:00Z,3154.7,Real Sociedad,Atletico Madrid,H,Real Sociedad,3.5,16,Total - Home,15.0,1.03,0.06425452,0.93574548,0.06425452,0.00000000,Marathonbet,,,2026-09-11T12:30:44+00:00
TT|1570380|A|0.5,1570380,La Liga,140,2026-09-11T14:25:18Z,2026-09-13T19:00:00Z,3154.7,Real Sociedad,Atletico Madrid,A,Atletico Madrid,0.5,17,Total - Away,1.2,4.33,0.78300181,0.21699819,0.78300181,-0.00000000,Marathonbet,,,2026-09-11T12:30:44+00:00
TT|1570380|A|1.5,1570380,La Liga,140,2026-09-11T14:25:18Z,2026-09-13T19:00:00Z,3154.7,Real Sociedad,Atletico Madrid,A,Atletico Madrid,1.5,17,Total - Away,2.0,1.73,0.46380697,0.53619303,0.46380697,0.00000000,Marathonbet,2.05,1.78,2026-09-11T12:30:44+00:00
TT|1570380|A|2.5,1570380,La Liga,140,2026-09-11T14:25:18Z,2026-09-13T19:00:00Z,3154.7,Real Sociedad,Atletico Madrid,A,Atletico Madrid,2.5,17,Total - Away,4.33,1.2,0.21699819,0.78300181,0.21699819,0.00000000,Marathonbet,4.35,1.2,2026-09-11T12:30:44+00:00
TT|1570380|A|3.5,1570380,La Liga,140,2026-09-11T14:25:18Z,2026-09-13T19:00:00Z,3154.7,Real Sociedad,Atletico Madrid,A,Atletico Madrid,3.5,17,Total - Away,11.0,1.05,0.08713693,0.91286307,0.08713693,-0.00000000,Marathonbet,10.5,1.01,2026-09-11T12:30:44+00:00
TT|1570380|A|4.5,1570380,La Liga,140,2026-09-11T14:25:18Z,2026-09-13T19:00:00Z,3154.7,Real Sociedad,Atletico Madrid,A,Atletico Madrid,4.5,17,Total - Away,26.0,1.01,0.03739356,0.96260644,0.03739356,-0.00000000,Marathonbet,,,2026-09-11T12:30:44+00:00
TT|1550126|H|0.5,1550126,Serie A,135,2026-09-11T14:25:18Z,2026-09-11T18:45:00Z,259.7,Venezia,Fiorentina,H,Venezia,0.5,16,Total - Home,1.25,3.75,0.75000000,0.25000000,0.72340426,0.02659574,Marathonbet,1.23,3.72,2026-09-11T13:09:15+00:00
TT|1550126|H|1.5,1550126,Serie A,135,2026-09-11T14:25:18Z,2026-09-11T18:45:00Z,259.7,Venezia,Fiorentina,H,Venezia,1.5,16,Total - Home,2.25,1.57,0.41099476,0.58900524,0.37500000,0.03599476,Marathonbet,2.27,1.64,2026-09-11T13:09:15+00:00
TT|1550126|H|2.5,1550126,Serie A,135,2026-09-11T14:25:18Z,2026-09-11T18:45:00Z,259.7,Venezia,Fiorentina,H,Venezia,2.5,16,Total - Home,5.5,1.14,0.17168675,0.82831325,0.15730337,0.01438338,Marathonbet,5.2,1.14,2026-09-11T13:09:15+00:00
TT|1550126|H|3.5,1550126,Serie A,135,2026-09-11T14:25:18Z,2026-09-11T18:45:00Z,259.7,Venezia,Fiorentina,H,Venezia,3.5,16,Total - Home,15.0,1.03,0.06425452,0.93574548,0.05660377,0.00765075,Marathonbet,,,2026-09-11T13:09:15+00:00
TT|1550126|A|0.5,1550126,Serie A,135,2026-09-11T14:25:18Z,2026-09-11T18:45:00Z,259.7,Venezia,Fiorentina,A,Fiorentina,0.5,17,Total - Away,1.22,4.0,0.76628352,0.23371648,0.76628352,0.00000000,Marathonbet,1.22,3.82,2026-09-11T13:09:15+00:00
TT|1550126|A|1.5,1550126,Serie A,135,2026-09-11T14:25:18Z,2026-09-11T18:45:00Z,259.7,Venezia,Fiorentina,A,Fiorentina,1.5,17,Total - Away,2.1,1.67,0.44297082,0.55702918,0.44297082,0.00000000,Marathonbet,2.14,1.72,2026-09-11T13:09:15+00:00
TT|1550126|A|2.5,1550126,Serie A,135,2026-09-11T14:25:18Z,2026-09-11T18:45:00Z,259.7,Venezia,Fiorentina,A,Fiorentina,2.5,17,Total - Away,4.5,1.18,0.20774648,0.79225352,0.20774648,-0.00000000,Marathonbet,4.6,1.18,2026-09-11T13:09:15+00:00
TT|1550126|A|3.5,1550126,Serie A,135,2026-09-11T14:25:18Z,2026-09-11T18:45:00Z,259.7,Venezia,Fiorentina,A,Fiorentina,3.5,17,Total - Away,13.0,1.04,0.07407407,0.92592593,0.07407407,0.00000000,Marathonbet,11.0,1.01,2026-09-11T13:09:15+00:00
TT|1550126|A|4.5,1550126,Serie A,135,2026-09-11T14:25:18Z,2026-09-11T18:45:00Z,259.7,Venezia,Fiorentina,A,Fiorentina,4.5,17,Total - Away,29.0,1.01,0.03365545,0.96634455,0.03365545,-0.00000000,Marathonbet,,,2026-09-11T13:09:15+00:00
TT|1550119|H|0.5,1550119,Serie A,135,2026-09-11T14:25:18Z,2026-09-12T13:00:00Z,1354.7,Genoa,Frosinone,H,Genoa,0.5,16,Total - Home,1.2,4.33,0.78300181,0.21699819,0.78300181,-0.00000000,Marathonbet,,,2026-09-11T13:09:15+00:00
TT|1550119|H|1.5,1550119,Serie A,135,2026-09-11T14:25:18Z,2026-09-12T13:00:00Z,1354.7,Genoa,Frosinone,H,Genoa,1.5,16,Total - Home,2.0,1.73,0.46380697,0.53619303,0.46380697,0.00000000,Marathonbet,2.07,1.76,2026-09-11T13:09:15+00:00
TT|1550119|H|2.5,1550119,Serie A,135,2026-09-11T14:25:18Z,2026-09-12T13:00:00Z,1354.7,Genoa,Frosinone,H,Genoa,2.5,16,Total - Home,4.33,1.2,0.21699819,0.78300181,0.21699819,0.00000000,Marathonbet,4.3,1.2,2026-09-11T13:09:15+00:00
TT|1550119|H|3.5,1550119,Serie A,135,2026-09-11T14:25:18Z,2026-09-12T13:00:00Z,1354.7,Genoa,Frosinone,H,Genoa,3.5,16,Total - Home,11.0,1.05,0.08713693,0.91286307,0.08713693,-0.00000000,Marathonbet,9.2,1.02,2026-09-11T13:09:15+00:00
TT|1550119|H|4.5,1550119,Serie A,135,2026-09-11T14:25:18Z,2026-09-12T13:00:00Z,1354.7,Genoa,Frosinone,H,Genoa,4.5,16,Total - Home,26.0,1.01,0.03739356,0.96260644,0.03739356,-0.00000000,Marathonbet,,,2026-09-11T13:09:15+00:00
TT|1550119|A|0.5,1550119,Serie A,135,2026-09-11T14:25:18Z,2026-09-12T13:00:00Z,1354.7,Genoa,Frosinone,A,Frosinone,0.5,17,Total - Away,1.4,2.75,0.66265060,0.33734940,0.66265060,0.00000000,Marathonbet,1.38,2.8,2026-09-11T13:09:15+00:00
TT|1550119|A|1.5,1550119,Serie A,135,2026-09-11T14:25:18Z,2026-09-12T13:00:00Z,1354.7,Genoa,Frosinone,A,Frosinone,1.5,17,Total - Away,3.0,1.36,0.31192661,0.68807339,0.31192661,-0.00000000,Marathonbet,2.92,1.4,2026-09-11T13:09:15+00:00
TT|1550119|A|2.5,1550119,Serie A,135,2026-09-11T14:25:18Z,2026-09-12T13:00:00Z,1354.7,Genoa,Frosinone,A,Frosinone,2.5,17,Total - Away,8.0,1.08,0.11894273,0.88105727,0.11894273,0.00000000,Marathonbet,7.2,1.07,2026-09-11T13:09:15+00:00
TT|1550119|A|3.5,1550119,Serie A,135,2026-09-11T14:25:18Z,2026-09-12T13:00:00Z,1354.7,Genoa,Frosinone,A,Frosinone,3.5,17,Total - Away,23.0,1.01,0.04206581,0.95793419,0.04206581,-0.00000000,Marathonbet,,,2026-09-11T13:09:15+00:00
TT|1550121|H|0.5,1550121,Serie A,135,2026-09-11T14:25:18Z,2026-09-12T16:00:00Z,1534.7,Lazio,AC Milan,H,Lazio,0.5,16,Total - Home,1.44,2.62,0.64532020,0.35467980,0.64532020,-0.00000000,Marathonbet,1.44,2.57,2026-09-11T09:01:15+00:00
TT|1550121|H|1.5,1550121,Serie A,135,2026-09-11T14:25:18Z,2026-09-12T16:00:00Z,1534.7,Lazio,AC Milan,H,Lazio,1.5,16,Total - Home,3.4,1.3,0.27659574,0.72340426,0.27659574,0.00000000,Marathonbet,3.28,1.33,2026-09-11T09:01:15+00:00
TT|1550121|H|2.5,1550121,Serie A,135,2026-09-11T14:25:18Z,2026-09-12T16:00:00Z,1534.7,Lazio,AC Milan,H,Lazio,2.5,16,Total - Home,10.0,1.06,0.09584087,0.90415913,0.09584087,-0.00000000,Marathonbet,8.5,1.05,2026-09-11T09:01:15+00:00
TT|1550121|H|3.5,1550121,Serie A,135,2026-09-11T14:25:18Z,2026-09-12T16:00:00Z,1534.7,Lazio,AC Milan,H,Lazio,3.5,16,Total - Home,26.0,1.01,0.03739356,0.96260644,0.03739356,-0.00000000,Marathonbet,,,2026-09-11T09:01:15+00:00
TT|1550121|A|0.5,1550121,Serie A,135,2026-09-11T14:25:18Z,2026-09-12T16:00:00Z,1534.7,Lazio,AC Milan,A,AC Milan,0.5,17,Total - Away,1.28,3.5,0.73221757,0.26778243,0.73221757,0.00000000,Marathonbet,1.29,3.26,2026-09-11T09:01:15+00:00
TT|1550121|A|1.5,1550121,Serie A,135,2026-09-11T14:25:18Z,2026-09-12T16:00:00Z,1534.7,Lazio,AC Milan,A,AC Milan,1.5,17,Total - Away,2.38,1.53,0.39130435,0.60869565,0.39130435,-0.00000000,Marathonbet,2.48,1.53,2026-09-11T09:01:15+00:00
TT|1550121|A|2.5,1550121,Serie A,135,2026-09-11T14:25:18Z,2026-09-12T16:00:00Z,1534.7,Lazio,AC Milan,A,AC Milan,2.5,17,Total - Away,6.0,1.12,0.15730337,0.84269663,0.15730337,0.00000000,Marathonbet,5.7,1.11,2026-09-11T09:01:15+00:00
TT|1550121|A|3.5,1550121,Serie A,135,2026-09-11T14:25:18Z,2026-09-12T16:00:00Z,1534.7,Lazio,AC Milan,A,AC Milan,3.5,17,Total - Away,17.0,1.02,0.05660377,0.94339623,0.05660377,0.00000000,Marathonbet,,,2026-09-11T09:01:15+00:00
TT|1550117|H|0.5,1550117,Serie A,135,2026-09-11T14:25:18Z,2026-09-12T18:45:00Z,1699.7,Atalanta,Cagliari,H,Atalanta,0.5,16,Total - Home,1.14,5.5,0.82831325,0.17168675,0.82831325,0.00000000,Marathonbet,,,2026-09-11T13:09:15+00:00
TT|1550117|H|1.5,1550117,Serie A,135,2026-09-11T14:25:18Z,2026-09-12T18:45:00Z,1699.7,Atalanta,Cagliari,H,Atalanta,1.5,16,Total - Home,1.73,2.0,0.53619303,0.46380697,0.53619303,-0.00000000,Marathonbet,1.75,2.09,2026-09-11T13:09:15+00:00
TT|1550117|H|2.5,1550117,Serie A,135,2026-09-11T14:25:18Z,2026-09-12T18:45:00Z,1699.7,Atalanta,Cagliari,H,Atalanta,2.5,16,Total - Home,3.4,1.3,0.27659574,0.72340426,0.27659574,0.00000000,Marathonbet,3.28,1.31,2026-09-11T13:09:15+00:00
TT|1550117|H|3.5,1550117,Serie A,135,2026-09-11T14:25:18Z,2026-09-12T18:45:00Z,1699.7,Atalanta,Cagliari,H,Atalanta,3.5,16,Total - Home,8.0,1.08,0.11894273,0.88105727,0.11894273,0.00000000,Marathonbet,7.2,1.06,2026-09-11T13:09:15+00:00
TT|1550117|H|4.5,1550117,Serie A,135,2026-09-11T14:25:18Z,2026-09-12T18:45:00Z,1699.7,Atalanta,Cagliari,H,Atalanta,4.5,16,Total - Home,19.0,1.02,0.05094905,0.94905095,0.05094905,0.00000000,Marathonbet,,,2026-09-11T13:09:15+00:00
TT|1550117|A|0.5,1550117,Serie A,135,2026-09-11T14:25:18Z,2026-09-12T18:45:00Z,1699.7,Atalanta,Cagliari,A,Cagliari,0.5,17,Total - Away,1.67,2.1,0.55702918,0.44297082,0.55702918,-0.00000000,Marathonbet,1.66,2.09,2026-09-11T13:09:15+00:00
TT|1550117|A|1.5,1550117,Serie A,135,2026-09-11T14:25:18Z,2026-09-12T18:45:00Z,1699.7,Atalanta,Cagliari,A,Cagliari,1.5,17,Total - Away,4.33,1.2,0.21699819,0.78300181,0.21699819,0.00000000,Marathonbet,4.65,1.19,2026-09-11T13:09:15+00:00
TT|1550117|A|2.5,1550117,Serie A,135,2026-09-11T14:25:18Z,2026-09-12T18:45:00Z,1699.7,Atalanta,Cagliari,A,Cagliari,2.5,17,Total - Away,15.0,1.03,0.06425452,0.93574548,0.06425452,0.00000000,Marathonbet,,,2026-09-11T13:09:15+00:00
TT|1550122|H|0.5,1550122,Serie A,135,2026-09-11T14:25:18Z,2026-09-13T13:00:00Z,2794.7,Lecce,Monza,H,Lecce,0.5,16,Total - Home,1.36,3.0,0.68807339,0.31192661,0.68807339,0.00000000,Marathonbet,1.34,2.98,2026-09-11T12:30:44+00:00
TT|1550122|H|1.5,1550122,Serie A,135,2026-09-11T14:25:18Z,2026-09-13T13:00:00Z,2794.7,Lecce,Monza,H,Lecce,1.5,16,Total - Home,2.75,1.4,0.33734940,0.66265060,0.33734940,-0.00000000,Marathonbet,2.76,1.44,2026-09-11T12:30:44+00:00
TT|1550122|H|2.5,1550122,Serie A,135,2026-09-11T14:25:18Z,2026-09-13T13:00:00Z,2794.7,Lecce,Monza,H,Lecce,2.5,16,Total - Home,7.0,1.1,0.13580247,0.86419753,0.13580247,-0.00000000,Marathonbet,7.2,1.07,2026-09-11T12:30:44+00:00
TT|1550122|H|3.5,1550122,Serie A,135,2026-09-11T14:25:18Z,2026-09-13T13:00:00Z,2794.7,Lecce,Monza,H,Lecce,3.5,16,Total - Home,21.0,1.01,0.04588823,0.95411177,0.04588823,0.00000000,Marathonbet,,,2026-09-11T12:30:44+00:00
TT|1550122|A|0.5,1550122,Serie A,135,2026-09-11T14:25:18Z,2026-09-13T13:00:00Z,2794.7,Lecce,Monza,A,Monza,0.5,17,Total - Away,1.36,3.0,0.68807339,0.31192661,0.68807339,0.00000000,Marathonbet,1.36,2.89,2026-09-11T12:30:44+00:00
TT|1550122|A|1.5,1550122,Serie A,135,2026-09-11T14:25:18Z,2026-09-13T13:00:00Z,2794.7,Lecce,Monza,A,Monza,1.5,17,Total - Away,2.75,1.4,0.33734940,0.66265060,0.33734940,-0.00000000,Marathonbet,2.92,1.4,2026-09-11T12:30:44+00:00
TT|1550122|A|2.5,1550122,Serie A,135,2026-09-11T14:25:18Z,2026-09-13T13:00:00Z,2794.7,Lecce,Monza,A,Monza,2.5,17,Total - Away,8.0,1.08,0.11894273,0.88105727,0.11894273,0.00000000,Marathonbet,7.7,1.06,2026-09-11T12:30:44+00:00
TT|1550122|A|3.5,1550122,Serie A,135,2026-09-11T14:25:18Z,2026-09-13T13:00:00Z,2794.7,Lecce,Monza,A,Monza,3.5,17,Total - Away,21.0,1.01,0.04588823,0.95411177,0.04588823,0.00000000,Marathonbet,,,2026-09-11T12:30:44+00:00
TT|1550123|H|0.5,1550123,Serie A,135,2026-09-11T14:25:18Z,2026-09-13T16:00:00Z,2974.7,Napoli,Bologna,H,Napoli,0.5,16,Total - Home,1.18,4.5,0.79225352,0.20774648,0.79225352,0.00000000,Marathonbet,,,2026-09-11T13:09:15+00:00
TT|1550123|H|1.5,1550123,Serie A,135,2026-09-11T14:25:18Z,2026-09-13T16:00:00Z,2974.7,Napoli,Bologna,H,Napoli,1.5,16,Total - Home,1.91,1.8,0.48517520,0.51482480,0.48517520,0.00000000,Marathonbet,1.98,1.83,2026-09-11T13:09:15+00:00
TT|1550123|H|2.5,1550123,Serie A,135,2026-09-11T14:25:18Z,2026-09-13T16:00:00Z,2974.7,Napoli,Bologna,H,Napoli,2.5,16,Total - Home,4.0,1.22,0.23371648,0.76628352,0.23371648,-0.00000000,Marathonbet,4.15,1.21,2026-09-11T13:09:15+00:00
TT|1550123|H|3.5,1550123,Serie A,135,2026-09-11T14:25:18Z,2026-09-13T16:00:00Z,2974.7,Napoli,Bologna,H,Napoli,3.5,16,Total - Home,10.0,1.06,0.09584087,0.90415913,0.09584087,-0.00000000,Marathonbet,9.7,1.02,2026-09-11T13:09:15+00:00
TT|1550123|H|4.5,1550123,Serie A,135,2026-09-11T14:25:18Z,2026-09-13T16:00:00Z,2974.7,Napoli,Bologna,H,Napoli,4.5,16,Total - Home,26.0,1.01,0.03739356,0.96260644,0.03739356,-0.00000000,Marathonbet,,,2026-09-11T13:09:15+00:00
TT|1550123|A|0.5,1550123,Serie A,135,2026-09-11T14:25:18Z,2026-09-13T16:00:00Z,2974.7,Napoli,Bologna,A,Bologna,0.5,17,Total - Away,1.62,2.2,0.57591623,0.42408377,0.57591623,0.00000000,Marathonbet,1.58,2.23,2026-09-11T13:09:15+00:00
TT|1550123|A|1.5,1550123,Serie A,135,2026-09-11T14:25:18Z,2026-09-13T16:00:00Z,2974.7,Napoli,Bologna,A,Bologna,1.5,17,Total - Away,4.0,1.22,0.23371648,0.76628352,0.23371648,-0.00000000,Marathonbet,4.1,1.23,2026-09-11T13:09:15+00:00
TT|1550123|A|2.5,1550123,Serie A,135,2026-09-11T14:25:18Z,2026-09-13T16:00:00Z,2974.7,Napoli,Bologna,A,Bologna,2.5,17,Total - Away,13.0,1.04,0.07407407,0.92592593,0.07407407,0.00000000,Marathonbet,,,2026-09-11T13:09:15+00:00
TT|1550124|H|0.5,1550124,Serie A,135,2026-09-11T14:25:18Z,2026-09-13T18:45:00Z,3139.7,Sassuolo,Juventus,H,Sassuolo,0.5,16,Total - Home,1.57,2.25,0.58900524,0.41099476,0.58900524,-0.00000000,Marathonbet,1.54,2.32,2026-09-11T09:01:15+00:00
TT|1550124|H|1.5,1550124,Serie A,135,2026-09-11T14:25:18Z,2026-09-13T18:45:00Z,3139.7,Sassuolo,Juventus,H,Sassuolo,1.5,16,Total - Home,3.75,1.25,0.25000000,0.75000000,0.25000000,0.00000000,Marathonbet,3.82,1.26,2026-09-11T09:01:15+00:00
TT|1550124|H|2.5,1550124,Serie A,135,2026-09-11T14:25:18Z,2026-09-13T18:45:00Z,3139.7,Sassuolo,Juventus,H,Sassuolo,2.5,16,Total - Home,13.0,1.04,0.07407407,0.92592593,0.07407407,0.00000000,Marathonbet,11.0,1.02,2026-09-11T09:01:15+00:00
TT|1550124|A|0.5,1550124,Serie A,135,2026-09-11T14:25:18Z,2026-09-13T18:45:00Z,3139.7,Sassuolo,Juventus,A,Juventus,0.5,17,Total - Away,1.14,5.5,0.82831325,0.17168675,0.82831325,0.00000000,Marathonbet,,,2026-09-11T09:01:15+00:00
TT|1550124|A|1.5,1550124,Serie A,135,2026-09-11T14:25:18Z,2026-09-13T18:45:00Z,3139.7,Sassuolo,Juventus,A,Juventus,1.5,17,Total - Away,1.67,2.1,0.55702918,0.44297082,0.55702918,-0.00000000,Marathonbet,1.72,2.14,2026-09-11T09:01:15+00:00
TT|1550124|A|2.5,1550124,Serie A,135,2026-09-11T14:25:18Z,2026-09-13T18:45:00Z,3139.7,Sassuolo,Juventus,A,Juventus,2.5,17,Total - Away,3.25,1.33,0.29039301,0.70960699,0.29039301,0.00000000,Marathonbet,3.16,1.33,2026-09-11T09:01:15+00:00
TT|1550124|A|3.5,1550124,Serie A,135,2026-09-11T14:25:18Z,2026-09-13T18:45:00Z,3139.7,Sassuolo,Juventus,A,Juventus,3.5,17,Total - Away,7.0,1.1,0.13580247,0.86419753,0.13580247,-0.00000000,Marathonbet,6.6,1.07,2026-09-11T09:01:15+00:00
TT|1550124|A|4.5,1550124,Serie A,135,2026-09-11T14:25:18Z,2026-09-13T18:45:00Z,3139.7,Sassuolo,Juventus,A,Juventus,4.5,17,Total - Away,17.0,1.02,0.05660377,0.94339623,0.05660377,0.00000000,Marathonbet,,,2026-09-11T09:01:15+00:00
TT|1575164|H|0.5,1575164,Bundesliga,78,2026-09-11T14:25:18Z,2026-09-11T18:30:00Z,244.7,Union Berlin,FC Schalke 04,H,Union Berlin,0.5,16,Total - Home,1.2,4.33,0.78300181,0.21699819,0.78300181,-0.00000000,Marathonbet,,,2026-09-11T12:00:44+00:00
TT|1575164|H|1.5,1575164,Bundesliga,78,2026-09-11T14:25:18Z,2026-09-11T18:30:00Z,244.7,Union Berlin,FC Schalke 04,H,Union Berlin,1.5,16,Total - Home,2.0,1.73,0.46380697,0.53619303,0.46380697,0.00000000,Marathonbet,2.0,1.82,2026-09-11T12:00:44+00:00
TT|1575164|H|2.5,1575164,Bundesliga,78,2026-09-11T14:25:18Z,2026-09-11T18:30:00Z,244.7,Union Berlin,FC Schalke 04,H,Union Berlin,2.5,16,Total - Home,4.33,1.2,0.21699819,0.78300181,0.21699819,0.00000000,Marathonbet,4.2,1.21,2026-09-11T12:00:44+00:00
TT|1575164|H|3.5,1575164,Bundesliga,78,2026-09-11T14:25:18Z,2026-09-11T18:30:00Z,244.7,Union Berlin,FC Schalke 04,H,Union Berlin,3.5,16,Total - Home,11.0,1.05,0.08713693,0.91286307,0.08713693,-0.00000000,Marathonbet,9.9,1.02,2026-09-11T12:00:44+00:00
TT|1575164|H|4.5,1575164,Bundesliga,78,2026-09-11T14:25:18Z,2026-09-11T18:30:00Z,244.7,Union Berlin,FC Schalke 04,H,Union Berlin,4.5,16,Total - Home,26.0,1.01,0.03739356,0.96260644,0.03739356,-0.00000000,Marathonbet,,,2026-09-11T12:00:44+00:00
TT|1575164|A|0.5,1575164,Bundesliga,78,2026-09-11T14:25:18Z,2026-09-11T18:30:00Z,244.7,Union Berlin,FC Schalke 04,A,FC Schalke 04,0.5,17,Total - Away,1.22,4.0,0.76628352,0.23371648,0.76628352,0.00000000,Marathonbet,1.22,3.82,2026-09-11T12:00:44+00:00
TT|1575164|A|1.5,1575164,Bundesliga,78,2026-09-11T14:25:18Z,2026-09-11T18:30:00Z,244.7,Union Berlin,FC Schalke 04,A,FC Schalke 04,1.5,17,Total - Away,2.1,1.67,0.44297082,0.55702918,0.44297082,0.00000000,Marathonbet,2.2,1.68,2026-09-11T12:00:44+00:00
TT|1575164|A|2.5,1575164,Bundesliga,78,2026-09-11T14:25:18Z,2026-09-11T18:30:00Z,244.7,Union Berlin,FC Schalke 04,A,FC Schalke 04,2.5,17,Total - Away,5.0,1.17,0.18962723,0.81037277,0.18962723,-0.00000000,Marathonbet,4.95,1.16,2026-09-11T12:00:44+00:00
TT|1575164|A|3.5,1575164,Bundesliga,78,2026-09-11T14:25:18Z,2026-09-11T18:30:00Z,244.7,Union Berlin,FC Schalke 04,A,FC Schalke 04,3.5,17,Total - Away,13.0,1.04,0.07407407,0.92592593,0.07407407,0.00000000,Marathonbet,,,2026-09-11T12:00:44+00:00
TT|1575164|A|4.5,1575164,Bundesliga,78,2026-09-11T14:25:18Z,2026-09-11T18:30:00Z,244.7,Union Berlin,FC Schalke 04,A,FC Schalke 04,4.5,17,Total - Away,29.0,1.01,0.03365545,0.96634455,0.03365545,-0.00000000,Marathonbet,,,2026-09-11T12:00:44+00:00
TT|1575161|H|0.5,1575161,Bundesliga,78,2026-09-11T14:25:18Z,2026-09-12T13:30:00Z,1384.7,SC Freiburg,Borussia Mönchengladbach,H,SC Freiburg,0.5,16,Total - Home,1.11,6.5,0.85413929,0.14586071,0.85413929,0.00000000,Marathonbet,,,2026-09-11T09:52:15+00:00
TT|1575161|H|1.5,1575161,Bundesliga,78,2026-09-11T14:25:18Z,2026-09-12T13:30:00Z,1384.7,SC Freiburg,Borussia Mönchengladbach,H,SC Freiburg,1.5,16,Total - Home,1.57,2.25,0.58900524,0.41099476,0.58900524,-0.00000000,Marathonbet,1.59,2.35,2026-09-11T09:52:15+00:00
TT|1575161|H|2.5,1575161,Bundesliga,78,2026-09-11T14:25:18Z,2026-09-12T13:30:00Z,1384.7,SC Freiburg,Borussia Mönchengladbach,H,SC Freiburg,2.5,16,Total - Home,2.75,1.4,0.33734940,0.66265060,0.33734940,-0.00000000,Marathonbet,2.81,1.43,2026-09-11T09:52:15+00:00
TT|1575161|H|3.5,1575161,Bundesliga,78,2026-09-11T14:25:18Z,2026-09-12T13:30:00Z,1384.7,SC Freiburg,Borussia Mönchengladbach,H,SC Freiburg,3.5,16,Total - Home,6.0,1.12,0.15730337,0.84269663,0.15730337,0.00000000,Marathonbet,5.65,1.12,2026-09-11T09:52:15+00:00
TT|1575161|H|4.5,1575161,Bundesliga,78,2026-09-11T14:25:18Z,2026-09-12T13:30:00Z,1384.7,SC Freiburg,Borussia Mönchengladbach,H,SC Freiburg,4.5,16,Total - Home,15.0,1.03,0.06425452,0.93574548,0.06425452,0.00000000,Marathonbet,,,2026-09-11T09:52:15+00:00
TT|1575161|H|5.5,1575161,Bundesliga,78,2026-09-11T14:25:18Z,2026-09-12T13:30:00Z,1384.7,SC Freiburg,Borussia Mönchengladbach,H,SC Freiburg,5.5,16,Total - Home,29.0,1.01,0.03365545,0.96634455,0.03365545,-0.00000000,Marathonbet,,,2026-09-11T09:52:15+00:00
TT|1575161|A|0.5,1575161,Bundesliga,78,2026-09-11T14:25:18Z,2026-09-12T13:30:00Z,1384.7,SC Freiburg,Borussia Mönchengladbach,A,Borussia Mönchengladbach,0.5,17,Total - Away,1.36,3.0,0.68807339,0.31192661,0.68807339,0.00000000,Marathonbet,1.37,2.84,2026-09-11T09:52:15+00:00
TT|1575161|A|1.5,1575161,Bundesliga,78,2026-09-11T14:25:18Z,2026-09-12T13:30:00Z,1384.7,SC Freiburg,Borussia Mönchengladbach,A,Borussia Mönchengladbach,1.5,17,Total - Away,2.75,1.4,0.33734940,0.66265060,0.33734940,-0.00000000,Marathonbet,2.85,1.42,2026-09-11T09:52:15+00:00
TT|1575161|A|2.5,1575161,Bundesliga,78,2026-09-11T14:25:18Z,2026-09-12T13:30:00Z,1384.7,SC Freiburg,Borussia Mönchengladbach,A,Borussia Mönchengladbach,2.5,17,Total - Away,8.0,1.08,0.11894273,0.88105727,0.11894273,0.00000000,Marathonbet,7.1,1.07,2026-09-11T09:52:15+00:00
TT|1575161|A|3.5,1575161,Bundesliga,78,2026-09-11T14:25:18Z,2026-09-12T13:30:00Z,1384.7,SC Freiburg,Borussia Mönchengladbach,A,Borussia Mönchengladbach,3.5,17,Total - Away,21.0,1.01,0.04588823,0.95411177,0.04588823,0.00000000,Marathonbet,,,2026-09-11T09:52:15+00:00
TT|1575163|H|0.5,1575163,Bundesliga,78,2026-09-11T14:25:18Z,2026-09-12T13:30:00Z,1384.7,FSV Mainz 05,Eintracht Frankfurt,H,FSV Mainz 05,0.5,16,Total - Home,1.12,6.0,0.84269663,0.15730337,0.84269663,-0.00000000,Marathonbet,,,2026-09-11T09:52:15+00:00
TT|1575163|H|1.5,1575163,Bundesliga,78,2026-09-11T14:25:18Z,2026-09-12T13:30:00Z,1384.7,FSV Mainz 05,Eintracht Frankfurt,H,FSV Mainz 05,1.5,16,Total - Home,1.67,2.1,0.55702918,0.44297082,0.55702918,-0.00000000,Marathonbet,1.65,2.23,2026-09-11T09:52:15+00:00
TT|1575163|H|2.5,1575163,Bundesliga,78,2026-09-11T14:25:18Z,2026-09-12T13:30:00Z,1384.7,FSV Mainz 05,Eintracht Frankfurt,H,FSV Mainz 05,2.5,16,Total - Home,3.0,1.36,0.31192661,0.68807339,0.31192661,-0.00000000,Marathonbet,2.98,1.39,2026-09-11T09:52:15+00:00
TT|1575163|H|3.5,1575163,Bundesliga,78,2026-09-11T14:25:18Z,2026-09-12T13:30:00Z,1384.7,FSV Mainz 05,Eintracht Frankfurt,H,FSV Mainz 05,3.5,16,Total - Home,7.0,1.1,0.13580247,0.86419753,0.13580247,-0.00000000,Marathonbet,6.05,1.1,2026-09-11T09:52:15+00:00
TT|1575163|H|4.5,1575163,Bundesliga,78,2026-09-11T14:25:18Z,2026-09-12T13:30:00Z,1384.7,FSV Mainz 05,Eintracht Frankfurt,H,FSV Mainz 05,4.5,16,Total - Home,17.0,1.02,0.05660377,0.94339623,0.05660377,0.00000000,Marathonbet,,,2026-09-11T09:52:15+00:00
TT|1575163|A|0.5,1575163,Bundesliga,78,2026-09-11T14:25:18Z,2026-09-12T13:30:00Z,1384.7,FSV Mainz 05,Eintracht Frankfurt,A,Eintracht Frankfurt,0.5,17,Total - Away,1.25,3.75,0.75000000,0.25000000,0.75000000,0.00000000,Marathonbet,,,2026-09-11T09:52:15+00:00
TT|1575163|A|1.5,1575163,Bundesliga,78,2026-09-11T14:25:18Z,2026-09-12T13:30:00Z,1384.7,FSV Mainz 05,Eintracht Frankfurt,A,Eintracht Frankfurt,1.5,17,Total - Away,2.25,1.57,0.41099476,0.58900524,0.41099476,0.00000000,Marathonbet,2.29,1.63,2026-09-11T09:52:15+00:00
TT|1575163|A|2.5,1575163,Bundesliga,78,2026-09-11T14:25:18Z,2026-09-12T13:30:00Z,1384.7,FSV Mainz 05,Eintracht Frankfurt,A,Eintracht Frankfurt,2.5,17,Total - Away,5.5,1.14,0.17168675,0.82831325,0.17168675,-0.00000000,Marathonbet,5.1,1.15,2026-09-11T09:52:15+00:00
TT|1575163|A|3.5,1575163,Bundesliga,78,2026-09-11T14:25:18Z,2026-09-12T13:30:00Z,1384.7,FSV Mainz 05,Eintracht Frankfurt,A,Eintracht Frankfurt,3.5,17,Total - Away,15.0,1.03,0.06425452,0.93574548,0.06425452,0.00000000,Marathonbet,,,2026-09-11T09:52:15+00:00
TT|1575158|H|0.5,1575158,Bundesliga,78,2026-09-11T14:25:18Z,2026-09-12T13:30:00Z,1384.7,Borussia Dortmund,SC Paderborn 07,H,Borussia Dortmund,0.5,16,Total - Home,1.04,13.0,0.92592593,0.07407407,0.92592593,-0.00000000,Marathonbet,,,2026-09-11T09:52:15+00:00
TT|1575158|H|1.5,1575158,Bundesliga,78,2026-09-11T14:25:18Z,2026-09-12T13:30:00Z,1384.7,Borussia Dortmund,SC Paderborn 07,H,Borussia Dortmund,1.5,16,Total - Home,1.22,4.0,0.76628352,0.23371648,0.76628352,0.00000000,Marathonbet,1.23,3.94,2026-09-11T09:52:15+00:00
TT|1575158|H|2.5,1575158,Bundesliga,78,2026-09-11T14:25:18Z,2026-09-12T13:30:00Z,1384.7,Borussia Dortmund,SC Paderborn 07,H,Borussia Dortmund,2.5,16,Total - Home,1.73,2.0,0.53619303,0.46380697,0.53619303,-0.00000000,Marathonbet,1.79,2.04,2026-09-11T09:52:15+00:00
TT|1575158|H|3.5,1575158,Bundesliga,78,2026-09-11T14:25:18Z,2026-09-12T13:30:00Z,1384.7,Borussia Dortmund,SC Paderborn 07,H,Borussia Dortmund,3.5,16,Total - Home,2.75,1.4,0.33734940,0.66265060,0.33734940,-0.00000000,Marathonbet,2.92,1.38,2026-09-11T09:52:15+00:00
TT|1575158|H|4.5,1575158,Bundesliga,78,2026-09-11T14:25:18Z,2026-09-12T13:30:00Z,1384.7,Borussia Dortmund,SC Paderborn 07,H,Borussia Dortmund,4.5,16,Total - Home,5.5,1.14,0.17168675,0.82831325,0.17168675,-0.00000000,Marathonbet,,,2026-09-11T09:52:15+00:00
TT|1575158|H|5.5,1575158,Bundesliga,78,2026-09-11T14:25:18Z,2026-09-12T13:30:00Z,1384.7,Borussia Dortmund,SC Paderborn 07,H,Borussia Dortmund,5.5,16,Total - Home,11.0,1.05,0.08713693,0.91286307,0.08713693,-0.00000000,Marathonbet,,,2026-09-11T09:52:15+00:00
TT|1575158|H|6.5,1575158,Bundesliga,78,2026-09-11T14:25:18Z,2026-09-12T13:30:00Z,1384.7,Borussia Dortmund,SC Paderborn 07,H,Borussia Dortmund,6.5,16,Total - Home,23.0,1.01,0.04206581,0.95793419,0.04206581,-0.00000000,Marathonbet,,,2026-09-11T09:52:15+00:00
TT|1575158|A|0.5,1575158,Bundesliga,78,2026-09-11T14:25:18Z,2026-09-12T13:30:00Z,1384.7,Borussia Dortmund,SC Paderborn 07,A,SC Paderborn 07,0.5,17,Total - Away,1.62,2.2,0.57591623,0.42408377,0.57591623,0.00000000,Marathonbet,1.62,2.16,2026-09-11T09:52:15+00:00
TT|1575158|A|1.5,1575158,Bundesliga,78,2026-09-11T14:25:18Z,2026-09-12T13:30:00Z,1384.7,Borussia Dortmund,SC Paderborn 07,A,SC Paderborn 07,1.5,17,Total - Away,4.0,1.22,0.23371648,0.76628352,0.23371648,-0.00000000,Marathonbet,4.25,1.22,2026-09-11T09:52:15+00:00
TT|1575158|A|2.5,1575158,Bundesliga,78,2026-09-11T14:25:18Z,2026-09-12T13:30:00Z,1384.7,Borussia Dortmund,SC Paderborn 07,A,SC Paderborn 07,2.5,17,Total - Away,13.0,1.04,0.07407407,0.92592593,0.07407407,0.00000000,Marathonbet,12.75,1.01,2026-09-11T09:52:15+00:00
TT|1575160|H|0.5,1575160,Bundesliga,78,2026-09-11T14:25:18Z,2026-09-12T13:30:00Z,1384.7,1899 Hoffenheim,VfB Stuttgart,H,1899 Hoffenheim,0.5,16,Total - Home,1.12,6.0,0.84269663,0.15730337,0.84269663,-0.00000000,Marathonbet,,,2026-09-11T09:52:15+00:00
TT|1575160|H|1.5,1575160,Bundesliga,78,2026-09-11T14:25:18Z,2026-09-12T13:30:00Z,1384.7,1899 Hoffenheim,VfB Stuttgart,H,1899 Hoffenheim,1.5,16,Total - Home,1.67,2.1,0.55702918,0.44297082,0.55702918,-0.00000000,Marathonbet,1.66,2.24,2026-09-11T09:52:15+00:00
TT|1575160|H|2.5,1575160,Bundesliga,78,2026-09-11T14:25:18Z,2026-09-12T13:30:00Z,1384.7,1899 Hoffenheim,VfB Stuttgart,H,1899 Hoffenheim,2.5,16,Total - Home,3.25,1.33,0.29039301,0.70960699,0.29039301,0.00000000,Marathonbet,2.97,1.37,2026-09-11T09:52:15+00:00
TT|1575160|H|3.5,1575160,Bundesliga,78,2026-09-11T14:25:18Z,2026-09-12T13:30:00Z,1384.7,1899 Hoffenheim,VfB Stuttgart,H,1899 Hoffenheim,3.5,16,Total - Home,7.0,1.1,0.13580247,0.86419753,0.13580247,-0.00000000,Marathonbet,6.25,1.08,2026-09-11T09:52:15+00:00
TT|1575160|H|4.5,1575160,Bundesliga,78,2026-09-11T14:25:18Z,2026-09-12T13:30:00Z,1384.7,1899 Hoffenheim,VfB Stuttgart,H,1899 Hoffenheim,4.5,16,Total - Home,17.0,1.02,0.05660377,0.94339623,0.05660377,0.00000000,Marathonbet,,,2026-09-11T09:52:15+00:00
TT|1575160|A|0.5,1575160,Bundesliga,78,2026-09-11T14:25:18Z,2026-09-12T13:30:00Z,1384.7,1899 Hoffenheim,VfB Stuttgart,A,VfB Stuttgart,0.5,17,Total - Away,1.14,5.5,0.82831325,0.17168675,0.82831325,0.00000000,Marathonbet,,,2026-09-11T09:52:15+00:00
TT|1575160|A|1.5,1575160,Bundesliga,78,2026-09-11T14:25:18Z,2026-09-12T13:30:00Z,1384.7,1899 Hoffenheim,VfB Stuttgart,A,VfB Stuttgart,1.5,17,Total - Away,1.8,1.91,0.51482480,0.48517520,0.51482480,-0.00000000,Marathonbet,1.78,2.05,2026-09-11T09:52:15+00:00
TT|1575160|A|2.5,1575160,Bundesliga,78,2026-09-11T14:25:18Z,2026-09-12T13:30:00Z,1384.7,1899 Hoffenheim,VfB Stuttgart,A,VfB Stuttgart,2.5,17,Total - Away,3.5,1.28,0.26778243,0.73221757,0.26778243,-0.00000000,Marathonbet,3.36,1.3,2026-09-11T09:52:15+00:00
TT|1575160|A|3.5,1575160,Bundesliga,78,2026-09-11T14:25:18Z,2026-09-12T13:30:00Z,1384.7,1899 Hoffenheim,VfB Stuttgart,A,VfB Stuttgart,3.5,17,Total - Away,8.0,1.08,0.11894273,0.88105727,0.11894273,0.00000000,Marathonbet,7.3,1.06,2026-09-11T09:52:15+00:00
TT|1575160|A|4.5,1575160,Bundesliga,78,2026-09-11T14:25:18Z,2026-09-12T13:30:00Z,1384.7,1899 Hoffenheim,VfB Stuttgart,A,VfB Stuttgart,4.5,17,Total - Away,19.0,1.02,0.05094905,0.94905095,0.05094905,0.00000000,Marathonbet,,,2026-09-11T09:52:15+00:00
TT|1575162|H|0.5,1575162,Bundesliga,78,2026-09-11T14:25:18Z,2026-09-12T13:30:00Z,1384.7,FC Augsburg,Bayer Leverkusen,H,FC Augsburg,0.5,16,Total - Home,1.25,3.75,0.75000000,0.25000000,0.75000000,0.00000000,Marathonbet,1.26,3.48,2026-09-11T09:52:15+00:00
TT|1575162|H|1.5,1575162,Bundesliga,78,2026-09-11T14:25:18Z,2026-09-12T13:30:00Z,1384.7,FC Augsburg,Bayer Leverkusen,H,FC Augsburg,1.5,16,Total - Home,2.25,1.57,0.41099476,0.58900524,0.41099476,0.00000000,Marathonbet,2.36,1.6,2026-09-11T09:52:15+00:00
TT|1575162|H|2.5,1575162,Bundesliga,78,2026-09-11T14:25:18Z,2026-09-12T13:30:00Z,1384.7,FC Augsburg,Bayer Leverkusen,H,FC Augsburg,2.5,16,Total - Home,5.5,1.14,0.17168675,0.82831325,0.17168675,-0.00000000,Marathonbet,5.45,1.13,2026-09-11T09:52:15+00:00
TT|1575162|H|3.5,1575162,Bundesliga,78,2026-09-11T14:25:18Z,2026-09-12T13:30:00Z,1384.7,FC Augsburg,Bayer Leverkusen,H,FC Augsburg,3.5,16,Total - Home,15.0,1.03,0.06425452,0.93574548,0.06425452,0.00000000,Marathonbet,,,2026-09-11T09:52:15+00:00
TT|1575162|A|0.5,1575162,Bundesliga,78,2026-09-11T14:25:18Z,2026-09-12T13:30:00Z,1384.7,FC Augsburg,Bayer Leverkusen,A,Bayer Leverkusen,0.5,17,Total - Away,1.1,7.0,0.86419753,0.13580247,0.86419753,0.00000000,Marathonbet,,,2026-09-11T09:52:15+00:00
TT|1575162|A|1.5,1575162,Bundesliga,78,2026-09-11T14:25:18Z,2026-09-12T13:30:00Z,1384.7,FC Augsburg,Bayer Leverkusen,A,Bayer Leverkusen,1.5,17,Total - Away,1.5,2.5,0.62500000,0.37500000,0.62500000,0.00000000,Marathonbet,1.52,2.52,2026-09-11T09:52:15+00:00
TT|1575162|A|2.5,1575162,Bundesliga,78,2026-09-11T14:25:18Z,2026-09-12T13:30:00Z,1384.7,FC Augsburg,Bayer Leverkusen,A,Bayer Leverkusen,2.5,17,Total - Away,2.62,1.44,0.35467980,0.64532020,0.35467980,0.00000000,Marathonbet,2.57,1.5,2026-09-11T09:52:15+00:00
TT|1575162|A|3.5,1575162,Bundesliga,78,2026-09-11T14:25:18Z,2026-09-12T13:30:00Z,1384.7,FC Augsburg,Bayer Leverkusen,A,Bayer Leverkusen,3.5,17,Total - Away,5.5,1.14,0.17168675,0.82831325,0.17168675,-0.00000000,Marathonbet,5.05,1.14,2026-09-11T09:52:15+00:00
TT|1575162|A|4.5,1575162,Bundesliga,78,2026-09-11T14:25:18Z,2026-09-12T13:30:00Z,1384.7,FC Augsburg,Bayer Leverkusen,A,Bayer Leverkusen,4.5,17,Total - Away,13.0,1.04,0.07407407,0.92592593,0.07407407,0.00000000,Marathonbet,,,2026-09-11T09:52:15+00:00
TT|1575162|A|5.5,1575162,Bundesliga,78,2026-09-11T14:25:18Z,2026-09-12T13:30:00Z,1384.7,FC Augsburg,Bayer Leverkusen,A,Bayer Leverkusen,5.5,17,Total - Away,26.0,1.01,0.03739356,0.96260644,0.03739356,-0.00000000,Marathonbet,,,2026-09-11T09:52:15+00:00
TT|1575165|H|0.5,1575165,Bundesliga,78,2026-09-11T14:25:18Z,2026-09-12T16:30:00Z,1564.7,1. FC Köln,Werder Bremen,H,1. FC Köln,0.5,16,Total - Home,1.14,5.5,0.82831325,0.17168675,0.82831325,0.00000000,Marathonbet,,,2026-09-11T09:52:15+00:00
TT|1575165|H|1.5,1575165,Bundesliga,78,2026-09-11T14:25:18Z,2026-09-12T16:30:00Z,1564.7,1. FC Köln,Werder Bremen,H,1. FC Köln,1.5,16,Total - Home,1.73,2.0,0.53619303,0.46380697,0.53619303,-0.00000000,Marathonbet,1.78,2.05,2026-09-11T09:52:15+00:00
TT|1575165|H|2.5,1575165,Bundesliga,78,2026-09-11T14:25:18Z,2026-09-12T16:30:00Z,1564.7,1. FC Köln,Werder Bremen,H,1. FC Köln,2.5,16,Total - Home,3.4,1.3,0.27659574,0.72340426,0.27659574,0.00000000,Marathonbet,3.36,1.3,2026-09-11T09:52:15+00:00
TT|1575165|H|3.5,1575165,Bundesliga,78,2026-09-11T14:25:18Z,2026-09-12T16:30:00Z,1564.7,1. FC Köln,Werder Bremen,H,1. FC Köln,3.5,16,Total - Home,8.0,1.08,0.11894273,0.88105727,0.11894273,0.00000000,Marathonbet,7.2,1.06,2026-09-11T09:52:15+00:00
TT|1575165|H|4.5,1575165,Bundesliga,78,2026-09-11T14:25:18Z,2026-09-12T16:30:00Z,1564.7,1. FC Köln,Werder Bremen,H,1. FC Köln,4.5,16,Total - Home,19.0,1.02,0.05094905,0.94905095,0.05094905,0.00000000,Marathonbet,,,2026-09-11T09:52:15+00:00
TT|1575165|A|0.5,1575165,Bundesliga,78,2026-09-11T14:25:18Z,2026-09-12T16:30:00Z,1564.7,1. FC Köln,Werder Bremen,A,Werder Bremen,0.5,17,Total - Away,1.25,3.75,0.75000000,0.25000000,0.75000000,0.00000000,Marathonbet,1.25,3.55,2026-09-11T09:52:15+00:00
TT|1575165|A|1.5,1575165,Bundesliga,78,2026-09-11T14:25:18Z,2026-09-12T16:30:00Z,1564.7,1. FC Köln,Werder Bremen,A,Werder Bremen,1.5,17,Total - Away,2.2,1.62,0.42408377,0.57591623,0.42408377,-0.00000000,Marathonbet,2.32,1.62,2026-09-11T09:52:15+00:00
TT|1575165|A|2.5,1575165,Bundesliga,78,2026-09-11T14:25:18Z,2026-09-12T16:30:00Z,1564.7,1. FC Köln,Werder Bremen,A,Werder Bremen,2.5,17,Total - Away,5.0,1.17,0.18962723,0.81037277,0.18962723,-0.00000000,Marathonbet,5.3,1.14,2026-09-11T09:52:15+00:00
TT|1575165|A|3.5,1575165,Bundesliga,78,2026-09-11T14:25:18Z,2026-09-12T16:30:00Z,1564.7,1. FC Köln,Werder Bremen,A,Werder Bremen,3.5,17,Total - Away,15.0,1.03,0.06425452,0.93574548,0.06425452,0.00000000,Marathonbet,,,2026-09-11T09:52:15+00:00
TT|1575159|H|0.5,1575159,Bundesliga,78,2026-09-11T14:25:18Z,2026-09-13T13:30:00Z,2824.7,RB Leipzig,Hamburger SV,H,RB Leipzig,0.5,16,Total - Home,1.05,11.0,0.91286307,0.08713693,0.91286307,0.00000000,Marathonbet,,,2026-09-11T12:30:44+00:00
TT|1575159|H|1.5,1575159,Bundesliga,78,2026-09-11T14:25:18Z,2026-09-13T13:30:00Z,2824.7,RB Leipzig,Hamburger SV,H,RB Leipzig,1.5,16,Total - Home,1.3,3.4,0.72340426,0.27659574,0.72340426,-0.00000000,Marathonbet,1.31,3.3,2026-09-11T12:30:44+00:00
TT|1575159|H|2.5,1575159,Bundesliga,78,2026-09-11T14:25:18Z,2026-09-13T13:30:00Z,2824.7,RB Leipzig,Hamburger SV,H,RB Leipzig,2.5,16,Total - Home,2.0,1.73,0.46380697,0.53619303,0.46380697,0.00000000,Marathonbet,2.0,1.82,2026-09-11T12:30:44+00:00
TT|1575159|H|3.5,1575159,Bundesliga,78,2026-09-11T14:25:18Z,2026-09-13T13:30:00Z,2824.7,RB Leipzig,Hamburger SV,H,RB Leipzig,3.5,16,Total - Home,3.5,1.28,0.26778243,0.73221757,0.26778243,-0.00000000,Marathonbet,3.48,1.28,2026-09-11T12:30:44+00:00
TT|1575159|H|4.5,1575159,Bundesliga,78,2026-09-11T14:25:18Z,2026-09-13T13:30:00Z,2824.7,RB Leipzig,Hamburger SV,H,RB Leipzig,4.5,16,Total - Home,7.0,1.1,0.13580247,0.86419753,0.13580247,-0.00000000,Marathonbet,,,2026-09-11T12:30:44+00:00
TT|1575159|H|5.5,1575159,Bundesliga,78,2026-09-11T14:25:18Z,2026-09-13T13:30:00Z,2824.7,RB Leipzig,Hamburger SV,H,RB Leipzig,5.5,16,Total - Home,17.0,1.02,0.05660377,0.94339623,0.05660377,0.00000000,Marathonbet,,,2026-09-11T12:30:44+00:00
TT|1575159|A|0.5,1575159,Bundesliga,78,2026-09-11T14:25:18Z,2026-09-13T13:30:00Z,2824.7,RB Leipzig,Hamburger SV,A,Hamburger SV,0.5,17,Total - Away,1.5,2.5,0.62500000,0.37500000,0.62500000,0.00000000,Marathonbet,1.5,2.41,2026-09-11T12:30:44+00:00
TT|1575159|A|1.5,1575159,Bundesliga,78,2026-09-11T14:25:18Z,2026-09-13T13:30:00Z,2824.7,RB Leipzig,Hamburger SV,A,Hamburger SV,1.5,17,Total - Away,3.5,1.28,0.26778243,0.73221757,0.26778243,-0.00000000,Marathonbet,3.62,1.28,2026-09-11T12:30:44+00:00
TT|1575159|A|2.5,1575159,Bundesliga,78,2026-09-11T14:25:18Z,2026-09-13T13:30:00Z,2824.7,RB Leipzig,Hamburger SV,A,Hamburger SV,2.5,17,Total - Away,11.0,1.05,0.08713693,0.91286307,0.08713693,-0.00000000,Marathonbet,10.25,1.03,2026-09-11T12:30:44+00:00
TT|1575159|A|3.5,1575159,Bundesliga,78,2026-09-11T14:25:18Z,2026-09-13T13:30:00Z,2824.7,RB Leipzig,Hamburger SV,A,Hamburger SV,3.5,17,Total - Away,29.0,1.01,0.03365545,0.96634455,0.03365545,-0.00000000,Marathonbet,,,2026-09-11T12:30:44+00:00
TT|1575166|H|0.5,1575166,Bundesliga,78,2026-09-11T14:25:18Z,2026-09-13T15:30:00Z,2944.7,SV Elversberg,Bayern München,H,SV Elversberg,0.5,16,Total - Home,1.5,2.5,0.62500000,0.37500000,0.62500000,0.00000000,Marathonbet,1.49,2.44,2026-09-11T12:30:44+00:00
TT|1575166|H|1.5,1575166,Bundesliga,78,2026-09-11T14:25:18Z,2026-09-13T15:30:00Z,2944.7,SV Elversberg,Bayern München,H,SV Elversberg,1.5,16,Total - Home,3.5,1.28,0.26778243,0.73221757,0.26778243,-0.00000000,Marathonbet,3.62,1.28,2026-09-11T12:30:44+00:00
TT|1575166|H|2.5,1575166,Bundesliga,78,2026-09-11T14:25:18Z,2026-09-13T15:30:00Z,2944.7,SV Elversberg,Bayern München,H,SV Elversberg,2.5,16,Total - Home,10.0,1.06,0.09584087,0.90415913,0.09584087,-0.00000000,Marathonbet,10.75,1.02,2026-09-11T12:30:44+00:00
TT|1575166|H|3.5,1575166,Bundesliga,78,2026-09-11T14:25:18Z,2026-09-13T15:30:00Z,2944.7,SV Elversberg,Bayern München,H,SV Elversberg,3.5,16,Total - Home,29.0,1.01,0.03365545,0.96634455,0.03365545,-0.00000000,Marathonbet,,,2026-09-11T12:30:44+00:00
TT|1575166|A|0.5,1575166,Bundesliga,78,2026-09-11T14:25:18Z,2026-09-13T15:30:00Z,2944.7,SV Elversberg,Bayern München,A,Bayern München,0.5,17,Total - Away,1.01,21.0,0.95411177,0.04588823,0.95411177,-0.00000000,Marathonbet,,,2026-09-11T12:30:44+00:00
TT|1575166|A|1.5,1575166,Bundesliga,78,2026-09-11T14:25:18Z,2026-09-13T15:30:00Z,2944.7,SV Elversberg,Bayern München,A,Bayern München,1.5,17,Total - Away,1.11,6.5,0.85413929,0.14586071,0.85413929,0.00000000,Marathonbet,1.12,5.55,2026-09-11T12:30:44+00:00
TT|1575166|A|2.5,1575166,Bundesliga,78,2026-09-11T14:25:18Z,2026-09-13T15:30:00Z,2944.7,SV Elversberg,Bayern München,A,Bayern München,2.5,17,Total - Away,1.4,2.75,0.66265060,0.33734940,0.66265060,0.00000000,Marathonbet,1.39,2.88,2026-09-11T12:30:44+00:00
TT|1575166|A|3.5,1575166,Bundesliga,78,2026-09-11T14:25:18Z,2026-09-13T15:30:00Z,2944.7,SV Elversberg,Bayern München,A,Bayern München,3.5,17,Total - Away,2.0,1.73,0.46380697,0.53619303,0.46380697,0.00000000,Marathonbet,2.0,1.82,2026-09-11T12:30:44+00:00
TT|1575166|A|4.5,1575166,Bundesliga,78,2026-09-11T14:25:18Z,2026-09-13T15:30:00Z,2944.7,SV Elversberg,Bayern München,A,Bayern München,4.5,17,Total - Away,3.4,1.3,0.27659574,0.72340426,0.27659574,0.00000000,Marathonbet,3.12,1.34,2026-09-11T12:30:44+00:00
TT|1575166|A|5.5,1575166,Bundesliga,78,2026-09-11T14:25:18Z,2026-09-13T15:30:00Z,2944.7,SV Elversberg,Bayern München,A,Bayern München,5.5,17,Total - Away,6.0,1.12,0.15730337,0.84269663,0.15730337,0.00000000,Marathonbet,,,2026-09-11T12:30:44+00:00
TT|1575166|A|6.5,1575166,Bundesliga,78,2026-09-11T14:25:18Z,2026-09-13T15:30:00Z,2944.7,SV Elversberg,Bayern München,A,Bayern München,6.5,17,Total - Away,13.0,1.04,0.07407407,0.92592593,0.07407407,0.00000000,Marathonbet,,,2026-09-11T12:30:44+00:00
TT|1575166|A|7.5,1575166,Bundesliga,78,2026-09-11T14:25:18Z,2026-09-13T15:30:00Z,2944.7,SV Elversberg,Bayern München,A,Bayern München,7.5,17,Total - Away,23.0,1.01,0.04206581,0.95793419,0.04206581,-0.00000000,Marathonbet,,,2026-09-11T12:30:44+00:00
TT|1552763|H|0.5,1552763,Ligue 1,61,2026-09-11T14:25:18Z,2026-09-11T18:45:00Z,259.7,Rennes,Marseille,H,Rennes,0.5,16,Total - Home,1.12,6.0,0.84269663,0.15730337,0.84269663,-0.00000000,Marathonbet,,,2026-09-11T12:00:44+00:00
TT|1552763|H|1.5,1552763,Ligue 1,61,2026-09-11T14:25:18Z,2026-09-11T18:45:00Z,259.7,Rennes,Marseille,H,Rennes,1.5,16,Total - Home,1.62,2.2,0.57591623,0.42408377,0.57591623,0.00000000,Marathonbet,1.68,2.2,2026-09-11T12:00:44+00:00
TT|1552763|H|2.5,1552763,Ligue 1,61,2026-09-11T14:25:18Z,2026-09-11T18:45:00Z,259.7,Rennes,Marseille,H,Rennes,2.5,16,Total - Home,3.0,1.36,0.31192661,0.68807339,0.31192661,-0.00000000,Marathonbet,3.02,1.36,2026-09-11T12:00:44+00:00
TT|1552763|H|3.5,1552763,Ligue 1,61,2026-09-11T14:25:18Z,2026-09-11T18:45:00Z,259.7,Rennes,Marseille,H,Rennes,3.5,16,Total - Home,6.5,1.11,0.14586071,0.85413929,0.14586071,-0.00000000,Marathonbet,6.4,1.08,2026-09-11T12:00:44+00:00
TT|1552763|H|4.5,1552763,Ligue 1,61,2026-09-11T14:25:18Z,2026-09-11T18:45:00Z,259.7,Rennes,Marseille,H,Rennes,4.5,16,Total - Home,17.0,1.02,0.05660377,0.94339623,0.05660377,0.00000000,Marathonbet,,,2026-09-11T12:00:44+00:00
TT|1552763|A|0.5,1552763,Ligue 1,61,2026-09-11T14:25:18Z,2026-09-11T18:45:00Z,259.7,Rennes,Marseille,A,Marseille,0.5,17,Total - Away,1.25,3.75,0.75000000,0.25000000,0.75000000,0.00000000,Marathonbet,1.24,3.64,2026-09-11T12:00:44+00:00
TT|1552763|A|1.5,1552763,Ligue 1,61,2026-09-11T14:25:18Z,2026-09-11T18:45:00Z,259.7,Rennes,Marseille,A,Marseille,1.5,17,Total - Away,2.2,1.62,0.42408377,0.57591623,0.42408377,-0.00000000,Marathonbet,2.29,1.63,2026-09-11T12:00:44+00:00
TT|1552763|A|2.5,1552763,Ligue 1,61,2026-09-11T14:25:18Z,2026-09-11T18:45:00Z,259.7,Rennes,Marseille,A,Marseille,2.5,17,Total - Away,5.5,1.14,0.17168675,0.82831325,0.17168675,-0.00000000,Marathonbet,5.2,1.14,2026-09-11T12:00:44+00:00
TT|1552763|A|3.5,1552763,Ligue 1,61,2026-09-11T14:25:18Z,2026-09-11T18:45:00Z,259.7,Rennes,Marseille,A,Marseille,3.5,17,Total - Away,15.0,1.03,0.06425452,0.93574548,0.06425452,0.00000000,Marathonbet,,,2026-09-11T12:00:44+00:00
TT|1552764|H|0.5,1552764,Ligue 1,61,2026-09-11T14:25:18Z,2026-09-12T15:15:00Z,1489.7,Strasbourg,Monaco,H,Strasbourg,0.5,16,Total - Home,1.25,3.75,0.75000000,0.25000000,0.75000000,0.00000000,Marathonbet,1.28,3.34,2026-09-11T13:18:17+00:00
TT|1552764|H|1.5,1552764,Ligue 1,61,2026-09-11T14:25:18Z,2026-09-12T15:15:00Z,1489.7,Strasbourg,Monaco,H,Strasbourg,1.5,16,Total - Home,2.2,1.62,0.42408377,0.57591623,0.42408377,-0.00000000,Marathonbet,2.31,1.62,2026-09-11T13:18:17+00:00
TT|1552764|H|2.5,1552764,Ligue 1,61,2026-09-11T14:25:18Z,2026-09-12T15:15:00Z,1489.7,Strasbourg,Monaco,H,Strasbourg,2.5,16,Total - Home,5.0,1.17,0.18962723,0.81037277,0.18962723,-0.00000000,Marathonbet,5.2,1.14,2026-09-11T13:18:17+00:00
TT|1552764|H|3.5,1552764,Ligue 1,61,2026-09-11T14:25:18Z,2026-09-12T15:15:00Z,1489.7,Strasbourg,Monaco,H,Strasbourg,3.5,16,Total - Home,13.0,1.04,0.07407407,0.92592593,0.07407407,0.00000000,Marathonbet,,,2026-09-11T13:18:17+00:00
TT|1552764|A|0.5,1552764,Ligue 1,61,2026-09-11T14:25:18Z,2026-09-12T15:15:00Z,1489.7,Strasbourg,Monaco,A,Monaco,0.5,17,Total - Away,1.17,5.0,0.81037277,0.18962723,0.81037277,0.00000000,Marathonbet,,,2026-09-11T13:18:17+00:00
TT|1552764|A|1.5,1552764,Ligue 1,61,2026-09-11T14:25:18Z,2026-09-12T15:15:00Z,1489.7,Strasbourg,Monaco,A,Monaco,1.5,17,Total - Away,1.8,1.91,0.51482480,0.48517520,0.51482480,-0.00000000,Marathonbet,1.83,1.99,2026-09-11T13:18:17+00:00
TT|1552764|A|2.5,1552764,Ligue 1,61,2026-09-11T14:25:18Z,2026-09-12T15:15:00Z,1489.7,Strasbourg,Monaco,A,Monaco,2.5,17,Total - Away,3.5,1.28,0.26778243,0.73221757,0.26778243,-0.00000000,Marathonbet,3.5,1.28,2026-09-11T13:18:17+00:00
TT|1552764|A|3.5,1552764,Ligue 1,61,2026-09-11T14:25:18Z,2026-09-12T15:15:00Z,1489.7,Strasbourg,Monaco,A,Monaco,3.5,17,Total - Away,9.0,1.07,0.10625621,0.89374379,0.10625621,-0.00000000,Marathonbet,7.4,1.06,2026-09-11T13:18:17+00:00
TT|1552764|A|4.5,1552764,Ligue 1,61,2026-09-11T14:25:18Z,2026-09-12T15:15:00Z,1489.7,Strasbourg,Monaco,A,Monaco,4.5,17,Total - Away,21.0,1.01,0.04588823,0.95411177,0.04588823,0.00000000,Marathonbet,,,2026-09-11T13:18:17+00:00
TT|1552761|H|0.5,1552761,Ligue 1,61,2026-09-11T14:25:18Z,2026-09-12T18:45:00Z,1699.7,Lorient,Toulouse,H,Lorient,0.5,16,Total - Home,1.28,3.5,0.73221757,0.26778243,0.73221757,0.00000000,Marathonbet,1.27,3.4,2026-09-11T08:15:48+00:00
TT|1552761|H|1.5,1552761,Ligue 1,61,2026-09-11T14:25:18Z,2026-09-12T18:45:00Z,1699.7,Lorient,Toulouse,H,Lorient,1.5,16,Total - Home,2.38,1.53,0.39130435,0.60869565,0.39130435,-0.00000000,Marathonbet,2.39,1.57,2026-09-11T08:15:48+00:00
TT|1552761|H|2.5,1552761,Ligue 1,61,2026-09-11T14:25:18Z,2026-09-12T18:45:00Z,1699.7,Lorient,Toulouse,H,Lorient,2.5,16,Total - Home,6.0,1.12,0.15730337,0.84269663,0.15730337,0.00000000,Marathonbet,5.35,1.12,2026-09-11T08:15:48+00:00
TT|1552761|H|3.5,1552761,Ligue 1,61,2026-09-11T14:25:18Z,2026-09-12T18:45:00Z,1699.7,Lorient,Toulouse,H,Lorient,3.5,16,Total - Home,17.0,1.02,0.05660377,0.94339623,0.05660377,0.00000000,Marathonbet,,,2026-09-11T08:15:48+00:00
TT|1552761|A|0.5,1552761,Ligue 1,61,2026-09-11T14:25:18Z,2026-09-12T18:45:00Z,1699.7,Lorient,Toulouse,A,Toulouse,0.5,17,Total - Away,1.3,3.4,0.72340426,0.27659574,0.72340426,-0.00000000,Marathonbet,1.3,3.2,2026-09-11T08:15:48+00:00
TT|1552761|A|1.5,1552761,Ligue 1,61,2026-09-11T14:25:18Z,2026-09-12T18:45:00Z,1699.7,Lorient,Toulouse,A,Toulouse,1.5,17,Total - Away,2.5,1.5,0.37500000,0.62500000,0.37500000,0.00000000,Marathonbet,2.52,1.52,2026-09-11T08:15:48+00:00
TT|1552761|A|2.5,1552761,Ligue 1,61,2026-09-11T14:25:18Z,2026-09-12T18:45:00Z,1699.7,Lorient,Toulouse,A,Toulouse,2.5,17,Total - Away,6.0,1.12,0.15730337,0.84269663,0.15730337,0.00000000,Marathonbet,5.8,1.11,2026-09-11T08:15:48+00:00
TT|1552761|A|3.5,1552761,Ligue 1,61,2026-09-11T14:25:18Z,2026-09-12T18:45:00Z,1699.7,Lorient,Toulouse,A,Toulouse,3.5,17,Total - Away,17.0,1.02,0.05660377,0.94339623,0.05660377,0.00000000,Marathonbet,,,2026-09-11T08:15:48+00:00
TT|1552756|H|0.5,1552756,Ligue 1,61,2026-09-11T14:25:18Z,2026-09-12T18:45:00Z,1699.7,Auxerre,Nice,H,Auxerre,0.5,16,Total - Home,1.28,3.5,0.73221757,0.26778243,0.73221757,0.00000000,Marathonbet,1.28,3.34,2026-09-11T08:15:48+00:00
TT|1552756|H|1.5,1552756,Ligue 1,61,2026-09-11T14:25:18Z,2026-09-12T18:45:00Z,1699.7,Auxerre,Nice,H,Auxerre,1.5,16,Total - Home,2.38,1.53,0.39130435,0.60869565,0.39130435,-0.00000000,Marathonbet,2.42,1.56,2026-09-11T08:15:48+00:00
TT|1552756|H|2.5,1552756,Ligue 1,61,2026-09-11T14:25:18Z,2026-09-12T18:45:00Z,1699.7,Auxerre,Nice,H,Auxerre,2.5,16,Total - Home,6.0,1.12,0.15730337,0.84269663,0.15730337,0.00000000,Marathonbet,5.45,1.12,2026-09-11T08:15:48+00:00
TT|1552756|H|3.5,1552756,Ligue 1,61,2026-09-11T14:25:18Z,2026-09-12T18:45:00Z,1699.7,Auxerre,Nice,H,Auxerre,3.5,16,Total - Home,17.0,1.02,0.05660377,0.94339623,0.05660377,0.00000000,Marathonbet,,,2026-09-11T08:15:48+00:00
TT|1552756|A|0.5,1552756,Ligue 1,61,2026-09-11T14:25:18Z,2026-09-12T18:45:00Z,1699.7,Auxerre,Nice,A,Nice,0.5,17,Total - Away,1.3,3.4,0.72340426,0.27659574,0.72340426,-0.00000000,Marathonbet,1.3,3.2,2026-09-11T08:15:48+00:00
TT|1552756|A|1.5,1552756,Ligue 1,61,2026-09-11T14:25:18Z,2026-09-12T18:45:00Z,1699.7,Auxerre,Nice,A,Nice,1.5,17,Total - Away,2.5,1.5,0.37500000,0.62500000,0.37500000,0.00000000,Marathonbet,2.49,1.53,2026-09-11T08:15:48+00:00
TT|1552756|A|2.5,1552756,Ligue 1,61,2026-09-11T14:25:18Z,2026-09-12T18:45:00Z,1699.7,Auxerre,Nice,A,Nice,2.5,17,Total - Away,6.0,1.12,0.15730337,0.84269663,0.15730337,0.00000000,Marathonbet,5.8,1.11,2026-09-11T08:15:48+00:00
TT|1552756|A|3.5,1552756,Ligue 1,61,2026-09-11T14:25:18Z,2026-09-12T18:45:00Z,1699.7,Auxerre,Nice,A,Nice,3.5,17,Total - Away,17.0,1.02,0.05660377,0.94339623,0.05660377,0.00000000,Marathonbet,,,2026-09-11T08:15:48+00:00
TT|1552758|H|0.5,1552758,Ligue 1,61,2026-09-11T14:25:18Z,2026-09-12T18:45:00Z,1699.7,Le Havre,Angers,H,Le Havre,0.5,16,Total - Home,1.3,3.4,0.72340426,0.27659574,0.72340426,-0.00000000,Marathonbet,1.3,3.2,2026-09-11T13:18:18+00:00
TT|1552758|H|1.5,1552758,Ligue 1,61,2026-09-11T14:25:18Z,2026-09-12T18:45:00Z,1699.7,Le Havre,Angers,H,Le Havre,1.5,16,Total - Home,2.5,1.5,0.37500000,0.62500000,0.37500000,0.00000000,Marathonbet,2.52,1.52,2026-09-11T13:18:18+00:00
TT|1552758|H|2.5,1552758,Ligue 1,61,2026-09-11T14:25:18Z,2026-09-12T18:45:00Z,1699.7,Le Havre,Angers,H,Le Havre,2.5,16,Total - Home,6.5,1.11,0.14586071,0.85413929,0.14586071,-0.00000000,Marathonbet,5.8,1.11,2026-09-11T13:18:18+00:00
TT|1552758|H|3.5,1552758,Ligue 1,61,2026-09-11T14:25:18Z,2026-09-12T18:45:00Z,1699.7,Le Havre,Angers,H,Le Havre,3.5,16,Total - Home,19.0,1.02,0.05094905,0.94905095,0.05094905,0.00000000,Marathonbet,,,2026-09-11T13:18:18+00:00
TT|1552758|A|0.5,1552758,Ligue 1,61,2026-09-11T14:25:18Z,2026-09-12T18:45:00Z,1699.7,Le Havre,Angers,A,Angers,0.5,17,Total - Away,1.36,3.0,0.68807339,0.31192661,0.68807339,0.00000000,Marathonbet,1.35,2.93,2026-09-11T13:18:18+00:00
TT|1552758|A|1.5,1552758,Ligue 1,61,2026-09-11T14:25:18Z,2026-09-12T18:45:00Z,1699.7,Le Havre,Angers,A,Angers,1.5,17,Total - Away,2.62,1.44,0.35467980,0.64532020,0.35467980,0.00000000,Marathonbet,2.77,1.44,2026-09-11T13:18:18+00:00
TT|1552758|A|2.5,1552758,Ligue 1,61,2026-09-11T14:25:18Z,2026-09-12T18:45:00Z,1699.7,Le Havre,Angers,A,Angers,2.5,17,Total - Away,7.0,1.1,0.13580247,0.86419753,0.13580247,-0.00000000,Marathonbet,6.65,1.08,2026-09-11T13:18:18+00:00
TT|1552758|A|3.5,1552758,Ligue 1,61,2026-09-11T14:25:18Z,2026-09-12T18:45:00Z,1699.7,Le Havre,Angers,A,Angers,3.5,17,Total - Away,19.0,1.02,0.05094905,0.94905095,0.05094905,0.00000000,Marathonbet,,,2026-09-11T13:18:18+00:00
TT|1552762|H|0.5,1552762,Ligue 1,61,2026-09-11T14:25:18Z,2026-09-12T18:45:00Z,1699.7,Paris FC,Lyon,H,Paris FC,0.5,16,Total - Home,1.22,4.0,0.76628352,0.23371648,0.76628352,0.00000000,Marathonbet,1.28,3.34,2026-09-11T13:18:18+00:00
TT|1552762|H|1.5,1552762,Ligue 1,61,2026-09-11T14:25:18Z,2026-09-12T18:45:00Z,1699.7,Paris FC,Lyon,H,Paris FC,1.5,16,Total - Home,2.1,1.67,0.44297082,0.55702918,0.44297082,0.00000000,Marathonbet,2.17,1.7,2026-09-11T13:18:18+00:00
TT|1552762|H|2.5,1552762,Ligue 1,61,2026-09-11T14:25:18Z,2026-09-12T18:45:00Z,1699.7,Paris FC,Lyon,H,Paris FC,2.5,16,Total - Home,4.5,1.18,0.20774648,0.79225352,0.20774648,-0.00000000,Marathonbet,4.65,1.17,2026-09-11T13:18:18+00:00
TT|1552762|H|3.5,1552762,Ligue 1,61,2026-09-11T14:25:18Z,2026-09-12T18:45:00Z,1699.7,Paris FC,Lyon,H,Paris FC,3.5,16,Total - Home,13.0,1.04,0.07407407,0.92592593,0.07407407,0.00000000,Marathonbet,10.5,1.01,2026-09-11T13:18:18+00:00
TT|1552762|H|4.5,1552762,Ligue 1,61,2026-09-11T14:25:18Z,2026-09-12T18:45:00Z,1699.7,Paris FC,Lyon,H,Paris FC,4.5,16,Total - Home,29.0,1.01,0.03365545,0.96634455,0.03365545,-0.00000000,Marathonbet,,,2026-09-11T13:18:18+00:00
TT|1552762|A|0.5,1552762,Ligue 1,61,2026-09-11T14:25:18Z,2026-09-12T18:45:00Z,1699.7,Paris FC,Lyon,A,Lyon,0.5,17,Total - Away,1.22,4.0,0.76628352,0.23371648,0.76628352,0.00000000,Marathonbet,,,2026-09-11T13:18:18+00:00
TT|1552762|A|1.5,1552762,Ligue 1,61,2026-09-11T14:25:18Z,2026-09-12T18:45:00Z,1699.7,Paris FC,Lyon,A,Lyon,1.5,17,Total - Away,2.1,1.67,0.44297082,0.55702918,0.44297082,0.00000000,Marathonbet,2.14,1.72,2026-09-11T13:18:18+00:00
TT|1552762|A|2.5,1552762,Ligue 1,61,2026-09-11T14:25:18Z,2026-09-12T18:45:00Z,1699.7,Paris FC,Lyon,A,Lyon,2.5,17,Total - Away,4.5,1.18,0.20774648,0.79225352,0.20774648,-0.00000000,Marathonbet,4.55,1.18,2026-09-11T13:18:18+00:00
TT|1552762|A|3.5,1552762,Ligue 1,61,2026-09-11T14:25:18Z,2026-09-12T18:45:00Z,1699.7,Paris FC,Lyon,A,Lyon,3.5,17,Total - Away,13.0,1.04,0.07407407,0.92592593,0.07407407,0.00000000,Marathonbet,10.0,1.02,2026-09-11T13:18:18+00:00
TT|1552762|A|4.5,1552762,Ligue 1,61,2026-09-11T14:25:18Z,2026-09-12T18:45:00Z,1699.7,Paris FC,Lyon,A,Lyon,4.5,17,Total - Away,29.0,1.01,0.03365545,0.96634455,0.03365545,-0.00000000,Marathonbet,,,2026-09-11T13:18:18+00:00
TT|1552760|H|0.5,1552760,Ligue 1,61,2026-09-11T14:25:18Z,2026-09-13T13:00:00Z,2794.7,Lille,Estac Troyes,H,Lille,0.5,16,Total - Home,1.08,8.0,0.88105727,0.11894273,0.88105727,-0.00000000,Marathonbet,,,2026-09-11T13:18:17+00:00
TT|1552760|H|1.5,1552760,Ligue 1,61,2026-09-11T14:25:18Z,2026-09-13T13:00:00Z,2794.7,Lille,Estac Troyes,H,Lille,1.5,16,Total - Home,1.5,2.5,0.62500000,0.37500000,0.62500000,0.00000000,Marathonbet,1.53,2.49,2026-09-11T13:18:17+00:00
TT|1552760|H|2.5,1552760,Ligue 1,61,2026-09-11T14:25:18Z,2026-09-13T13:00:00Z,2794.7,Lille,Estac Troyes,H,Lille,2.5,16,Total - Home,2.5,1.5,0.37500000,0.62500000,0.37500000,0.00000000,Marathonbet,2.6,1.49,2026-09-11T13:18:17+00:00
TT|1552760|H|3.5,1552760,Ligue 1,61,2026-09-11T14:25:18Z,2026-09-13T13:00:00Z,2794.7,Lille,Estac Troyes,H,Lille,3.5,16,Total - Home,5.0,1.17,0.18962723,0.81037277,0.18962723,-0.00000000,Marathonbet,5.05,1.14,2026-09-11T13:18:17+00:00
TT|1552760|H|4.5,1552760,Ligue 1,61,2026-09-11T14:25:18Z,2026-09-13T13:00:00Z,2794.7,Lille,Estac Troyes,H,Lille,4.5,16,Total - Home,11.0,1.05,0.08713693,0.91286307,0.08713693,-0.00000000,Marathonbet,,,2026-09-11T13:18:17+00:00
TT|1552760|H|5.5,1552760,Ligue 1,61,2026-09-11T14:25:18Z,2026-09-13T13:00:00Z,2794.7,Lille,Estac Troyes,H,Lille,5.5,16,Total - Home,26.0,1.01,0.03739356,0.96260644,0.03739356,-0.00000000,Marathonbet,,,2026-09-11T13:18:17+00:00
TT|1552760|A|0.5,1552760,Ligue 1,61,2026-09-11T14:25:18Z,2026-09-13T13:00:00Z,2794.7,Lille,Estac Troyes,A,Estac Troyes,0.5,17,Total - Away,1.73,2.0,0.53619303,0.46380697,0.53619303,-0.00000000,Marathonbet,1.67,2.07,2026-09-11T13:18:17+00:00
TT|1552760|A|1.5,1552760,Ligue 1,61,2026-09-11T14:25:18Z,2026-09-13T13:00:00Z,2794.7,Lille,Estac Troyes,A,Estac Troyes,1.5,17,Total - Away,4.5,1.18,0.20774648,0.79225352,0.20774648,-0.00000000,Marathonbet,4.55,1.2,2026-09-11T13:18:17+00:00
TT|1552760|A|2.5,1552760,Ligue 1,61,2026-09-11T14:25:18Z,2026-09-13T13:00:00Z,2794.7,Lille,Estac Troyes,A,Estac Troyes,2.5,17,Total - Away,17.0,1.02,0.05660377,0.94339623,0.05660377,0.00000000,Marathonbet,12.75,1.01,2026-09-11T13:18:17+00:00
TT|1552759|H|0.5,1552759,Ligue 1,61,2026-09-11T14:25:18Z,2026-09-13T15:15:00Z,2929.7,Le Mans,Lens,H,Le Mans,0.5,16,Total - Home,1.44,2.62,0.64532020,0.35467980,0.64532020,-0.00000000,Marathonbet,1.44,2.58,2026-09-11T13:18:18+00:00
TT|1552759|H|1.5,1552759,Ligue 1,61,2026-09-11T14:25:18Z,2026-09-13T15:15:00Z,2929.7,Le Mans,Lens,H,Le Mans,1.5,16,Total - Home,3.4,1.3,0.27659574,0.72340426,0.27659574,0.00000000,Marathonbet,3.24,1.34,2026-09-11T13:18:18+00:00
TT|1552759|H|2.5,1552759,Ligue 1,61,2026-09-11T14:25:18Z,2026-09-13T15:15:00Z,2929.7,Le Mans,Lens,H,Le Mans,2.5,16,Total - Home,10.0,1.06,0.09584087,0.90415913,0.09584087,-0.00000000,Marathonbet,8.8,1.04,2026-09-11T13:18:18+00:00
TT|1552759|H|3.5,1552759,Ligue 1,61,2026-09-11T14:25:18Z,2026-09-13T15:15:00Z,2929.7,Le Mans,Lens,H,Le Mans,3.5,16,Total - Home,26.0,1.01,0.03739356,0.96260644,0.03739356,-0.00000000,Marathonbet,,,2026-09-11T13:18:18+00:00
TT|1552759|A|0.5,1552759,Ligue 1,61,2026-09-11T14:25:18Z,2026-09-13T15:15:00Z,2929.7,Le Mans,Lens,A,Lens,0.5,17,Total - Away,1.12,6.0,0.84269663,0.15730337,0.84269663,-0.00000000,Marathonbet,,,2026-09-11T13:18:18+00:00
TT|1552759|A|1.5,1552759,Ligue 1,61,2026-09-11T14:25:18Z,2026-09-13T15:15:00Z,2929.7,Le Mans,Lens,A,Lens,1.5,17,Total - Away,1.62,2.2,0.57591623,0.42408377,0.57591623,0.00000000,Marathonbet,1.63,2.27,2026-09-11T13:18:18+00:00
TT|1552759|A|2.5,1552759,Ligue 1,61,2026-09-11T14:25:18Z,2026-09-13T15:15:00Z,2929.7,Le Mans,Lens,A,Lens,2.5,17,Total - Away,3.0,1.36,0.31192661,0.68807339,0.31192661,-0.00000000,Marathonbet,2.93,1.4,2026-09-11T13:18:18+00:00
TT|1552759|A|3.5,1552759,Ligue 1,61,2026-09-11T14:25:18Z,2026-09-13T15:15:00Z,2929.7,Le Mans,Lens,A,Lens,3.5,17,Total - Away,6.5,1.11,0.14586071,0.85413929,0.14586071,-0.00000000,Marathonbet,6.15,1.1,2026-09-11T13:18:18+00:00
TT|1552759|A|4.5,1552759,Ligue 1,61,2026-09-11T14:25:18Z,2026-09-13T15:15:00Z,2929.7,Le Mans,Lens,A,Lens,4.5,17,Total - Away,15.0,1.03,0.06425452,0.93574548,0.06425452,0.00000000,Marathonbet,,,2026-09-11T13:18:18+00:00
TT|1552757|H|0.5,1552757,Ligue 1,61,2026-09-11T14:25:18Z,2026-09-13T18:45:00Z,3139.7,Stade Brestois 29,Paris Saint Germain,H,Stade Brestois 29,0.5,16,Total - Home,1.67,2.1,0.55702918,0.44297082,0.55702918,-0.00000000,Marathonbet,1.65,2.11,2026-09-11T13:18:17+00:00
TT|1552757|H|1.5,1552757,Ligue 1,61,2026-09-11T14:25:18Z,2026-09-13T18:45:00Z,3139.7,Stade Brestois 29,Paris Saint Germain,H,Stade Brestois 29,1.5,16,Total - Home,4.33,1.2,0.21699819,0.78300181,0.21699819,0.00000000,Marathonbet,4.55,1.2,2026-09-11T13:18:17+00:00
TT|1552757|H|2.5,1552757,Ligue 1,61,2026-09-11T14:25:18Z,2026-09-13T18:45:00Z,3139.7,Stade Brestois 29,Paris Saint Germain,H,Stade Brestois 29,2.5,16,Total - Home,15.0,1.03,0.06425452,0.93574548,0.06425452,0.00000000,Marathonbet,,,2026-09-11T13:18:17+00:00
TT|1552757|A|0.5,1552757,Ligue 1,61,2026-09-11T14:25:18Z,2026-09-13T18:45:00Z,3139.7,Stade Brestois 29,Paris Saint Germain,A,Paris Saint Germain,0.5,17,Total - Away,1.04,13.0,0.92592593,0.07407407,0.92592593,-0.00000000,Marathonbet,,,2026-09-11T13:18:17+00:00
TT|1552757|A|1.5,1552757,Ligue 1,61,2026-09-11T14:25:18Z,2026-09-13T18:45:00Z,3139.7,Stade Brestois 29,Paris Saint Germain,A,Paris Saint Germain,1.5,17,Total - Away,1.28,3.5,0.73221757,0.26778243,0.73221757,0.00000000,Marathonbet,1.26,3.66,2026-09-11T13:18:17+00:00
TT|1552757|A|2.5,1552757,Ligue 1,61,2026-09-11T14:25:18Z,2026-09-13T18:45:00Z,3139.7,Stade Brestois 29,Paris Saint Germain,A,Paris Saint Germain,2.5,17,Total - Away,1.83,1.83,0.50000000,0.50000000,0.50000000,0.00000000,Marathonbet,1.87,1.94,2026-09-11T13:18:17+00:00
TT|1552757|A|3.5,1552757,Ligue 1,61,2026-09-11T14:25:18Z,2026-09-13T18:45:00Z,3139.7,Stade Brestois 29,Paris Saint Germain,A,Paris Saint Germain,3.5,17,Total - Away,3.25,1.33,0.29039301,0.70960699,0.29039301,0.00000000,Marathonbet,3.12,1.34,2026-09-11T13:18:17+00:00
TT|1552757|A|4.5,1552757,Ligue 1,61,2026-09-11T14:25:18Z,2026-09-13T18:45:00Z,3139.7,Stade Brestois 29,Paris Saint Germain,A,Paris Saint Germain,4.5,17,Total - Away,6.5,1.11,0.14586071,0.85413929,0.14586071,-0.00000000,Marathonbet,,,2026-09-11T13:18:17+00:00
TT|1552757|A|5.5,1552757,Ligue 1,61,2026-09-11T14:25:18Z,2026-09-13T18:45:00Z,3139.7,Stade Brestois 29,Paris Saint Germain,A,Paris Saint Germain,5.5,17,Total - Away,15.0,1.03,0.06425452,0.93574548,0.06425452,0.00000000,Marathonbet,,,2026-09-11T13:18:17+00:00
TT|1552757|A|6.5,1552757,Ligue 1,61,2026-09-11T14:25:18Z,2026-09-13T18:45:00Z,3139.7,Stade Brestois 29,Paris Saint Germain,A,Paris Saint Germain,6.5,17,Total - Away,29.0,1.01,0.03365545,0.96634455,0.03365545,-0.00000000,Marathonbet,,,2026-09-11T13:18:17+00:00
TT|1561926|H|0.5,1561926,Austrian Bundesliga,218,2026-09-11T14:25:18Z,2026-09-11T17:30:00Z,184.7,Ried,Red Bull Salzburg,H,Ried,0.5,16,Total - Home,1.44,2.62,0.64532020,0.35467980,0.64532020,-0.00000000,Marathonbet,1.42,2.61,2026-09-11T12:00:44+00:00
TT|1561926|H|1.5,1561926,Austrian Bundesliga,218,2026-09-11T14:25:18Z,2026-09-11T17:30:00Z,184.7,Ried,Red Bull Salzburg,H,Ried,1.5,16,Total - Home,3.25,1.33,0.29039301,0.70960699,0.29039301,0.00000000,Marathonbet,3.1,1.34,2026-09-11T12:00:44+00:00
TT|1561926|H|2.5,1561926,Austrian Bundesliga,218,2026-09-11T14:25:18Z,2026-09-11T17:30:00Z,184.7,Ried,Red Bull Salzburg,H,Ried,2.5,16,Total - Home,10.0,1.06,0.09584087,0.90415913,0.09584087,-0.00000000,Marathonbet,7.8,1.04,2026-09-11T12:00:44+00:00
TT|1561926|H|3.5,1561926,Austrian Bundesliga,218,2026-09-11T14:25:18Z,2026-09-11T17:30:00Z,184.7,Ried,Red Bull Salzburg,H,Ried,3.5,16,Total - Home,26.0,1.01,0.03739356,0.96260644,0.03739356,-0.00000000,Marathonbet,,,2026-09-11T12:00:44+00:00
TT|1561926|A|0.5,1561926,Austrian Bundesliga,218,2026-09-11T14:25:18Z,2026-09-11T17:30:00Z,184.7,Ried,Red Bull Salzburg,A,Red Bull Salzburg,0.5,17,Total - Away,1.08,8.0,0.88105727,0.11894273,0.88105727,-0.00000000,Marathonbet,,,2026-09-11T12:00:44+00:00
TT|1561926|A|1.5,1561926,Austrian Bundesliga,218,2026-09-11T14:25:18Z,2026-09-11T17:30:00Z,184.7,Ried,Red Bull Salzburg,A,Red Bull Salzburg,1.5,17,Total - Away,1.44,2.62,0.64532020,0.35467980,0.64532020,-0.00000000,Marathonbet,1.46,2.61,2026-09-11T12:00:44+00:00
TT|1561926|A|2.5,1561926,Austrian Bundesliga,218,2026-09-11T14:25:18Z,2026-09-11T17:30:00Z,184.7,Ried,Red Bull Salzburg,A,Red Bull Salzburg,2.5,17,Total - Away,2.38,1.53,0.39130435,0.60869565,0.39130435,-0.00000000,Marathonbet,2.36,1.55,2026-09-11T12:00:44+00:00
TT|1561926|A|3.5,1561926,Austrian Bundesliga,218,2026-09-11T14:25:18Z,2026-09-11T17:30:00Z,184.7,Ried,Red Bull Salzburg,A,Red Bull Salzburg,3.5,17,Total - Away,4.5,1.18,0.20774648,0.79225352,0.20774648,-0.00000000,Marathonbet,4.33,1.16,2026-09-11T12:00:44+00:00
TT|1561926|A|4.5,1561926,Austrian Bundesliga,218,2026-09-11T14:25:18Z,2026-09-11T17:30:00Z,184.7,Ried,Red Bull Salzburg,A,Red Bull Salzburg,4.5,17,Total - Away,11.0,1.05,0.08713693,0.91286307,0.08713693,-0.00000000,Marathonbet,,,2026-09-11T12:00:44+00:00
TT|1561926|A|5.5,1561926,Austrian Bundesliga,218,2026-09-11T14:25:18Z,2026-09-11T17:30:00Z,184.7,Ried,Red Bull Salzburg,A,Red Bull Salzburg,5.5,17,Total - Away,23.0,1.01,0.04206581,0.95793419,0.04206581,-0.00000000,Marathonbet,,,2026-09-11T12:00:44+00:00
TT|1561924|H|0.5,1561924,Austrian Bundesliga,218,2026-09-11T14:25:18Z,2026-09-12T15:00:00Z,1474.7,SCR Altach,Grazer AK,H,SCR Altach,0.5,16,Total - Home,1.22,4.0,0.76628352,0.23371648,0.76628352,0.00000000,Marathonbet,,,2026-09-11T09:31:18+00:00
TT|1561924|H|1.5,1561924,Austrian Bundesliga,218,2026-09-11T14:25:18Z,2026-09-12T15:00:00Z,1474.7,SCR Altach,Grazer AK,H,SCR Altach,1.5,16,Total - Home,2.0,1.73,0.46380697,0.53619303,0.46380697,0.00000000,Marathonbet,2.1,1.71,2026-09-11T09:31:18+00:00
TT|1561924|H|2.5,1561924,Austrian Bundesliga,218,2026-09-11T14:25:18Z,2026-09-12T15:00:00Z,1474.7,SCR Altach,Grazer AK,H,SCR Altach,2.5,16,Total - Home,4.5,1.18,0.20774648,0.79225352,0.20774648,-0.00000000,Marathonbet,4.5,1.17,2026-09-11T09:31:18+00:00
TT|1561924|H|3.5,1561924,Austrian Bundesliga,218,2026-09-11T14:25:18Z,2026-09-12T15:00:00Z,1474.7,SCR Altach,Grazer AK,H,SCR Altach,3.5,16,Total - Home,11.0,1.05,0.08713693,0.91286307,0.08713693,-0.00000000,Marathonbet,,,2026-09-11T09:31:18+00:00
TT|1561924|H|4.5,1561924,Austrian Bundesliga,218,2026-09-11T14:25:18Z,2026-09-12T15:00:00Z,1474.7,SCR Altach,Grazer AK,H,SCR Altach,4.5,16,Total - Home,29.0,1.01,0.03365545,0.96634455,0.03365545,-0.00000000,Marathonbet,,,2026-09-11T09:31:18+00:00
TT|1561924|A|0.5,1561924,Austrian Bundesliga,218,2026-09-11T14:25:18Z,2026-09-12T15:00:00Z,1474.7,SCR Altach,Grazer AK,A,Grazer AK,0.5,17,Total - Away,1.33,3.25,0.70960699,0.29039301,0.70960699,-0.00000000,Marathonbet,1.34,2.93,2026-09-11T09:31:18+00:00
TT|1561924|A|1.5,1561924,Austrian Bundesliga,218,2026-09-11T14:25:18Z,2026-09-12T15:00:00Z,1474.7,SCR Altach,Grazer AK,A,Grazer AK,1.5,17,Total - Away,2.62,1.44,0.35467980,0.64532020,0.35467980,0.00000000,Marathonbet,2.75,1.42,2026-09-11T09:31:18+00:00
TT|1561924|A|2.5,1561924,Austrian Bundesliga,218,2026-09-11T14:25:18Z,2026-09-12T15:00:00Z,1474.7,SCR Altach,Grazer AK,A,Grazer AK,2.5,17,Total - Away,7.0,1.1,0.13580247,0.86419753,0.13580247,-0.00000000,Marathonbet,6.8,1.06,2026-09-11T09:31:18+00:00
TT|1561924|A|3.5,1561924,Austrian Bundesliga,218,2026-09-11T14:25:18Z,2026-09-12T15:00:00Z,1474.7,SCR Altach,Grazer AK,A,Grazer AK,3.5,17,Total - Away,19.0,1.02,0.05094905,0.94905095,0.05094905,0.00000000,Marathonbet,,,2026-09-11T09:31:18+00:00
TT|1561929|H|0.5,1561929,Austrian Bundesliga,218,2026-09-11T14:25:18Z,2026-09-12T17:30:00Z,1624.7,Wolfsberger AC,Rapid Vienna,H,Wolfsberger AC,0.5,16,Total - Home,1.36,3.0,0.68807339,0.31192661,0.68807339,0.00000000,Marathonbet,1.33,2.96,2026-09-11T13:39:14+00:00
TT|1561929|H|1.5,1561929,Austrian Bundesliga,218,2026-09-11T14:25:18Z,2026-09-12T17:30:00Z,1624.7,Wolfsberger AC,Rapid Vienna,H,Wolfsberger AC,1.5,16,Total - Home,2.75,1.4,0.33734940,0.66265060,0.33734940,-0.00000000,Marathonbet,2.78,1.41,2026-09-11T13:39:14+00:00
TT|1561929|H|2.5,1561929,Austrian Bundesliga,218,2026-09-11T14:25:18Z,2026-09-12T17:30:00Z,1624.7,Wolfsberger AC,Rapid Vienna,H,Wolfsberger AC,2.5,16,Total - Home,8.0,1.08,0.11894273,0.88105727,0.11894273,0.00000000,Marathonbet,7.2,1.06,2026-09-11T13:39:14+00:00
TT|1561929|H|3.5,1561929,Austrian Bundesliga,218,2026-09-11T14:25:18Z,2026-09-12T17:30:00Z,1624.7,Wolfsberger AC,Rapid Vienna,H,Wolfsberger AC,3.5,16,Total - Home,21.0,1.01,0.04588823,0.95411177,0.04588823,0.00000000,Marathonbet,,,2026-09-11T13:39:14+00:00
TT|1561929|A|0.5,1561929,Austrian Bundesliga,218,2026-09-11T14:25:18Z,2026-09-12T17:30:00Z,1624.7,Wolfsberger AC,Rapid Vienna,A,Rapid Vienna,0.5,17,Total - Away,1.11,6.5,0.85413929,0.14586071,0.85413929,0.00000000,Marathonbet,,,2026-09-11T13:39:14+00:00
TT|1561929|A|1.5,1561929,Austrian Bundesliga,218,2026-09-11T14:25:18Z,2026-09-12T17:30:00Z,1624.7,Wolfsberger AC,Rapid Vienna,A,Rapid Vienna,1.5,17,Total - Away,1.57,2.25,0.58900524,0.41099476,0.58900524,-0.00000000,Marathonbet,1.59,2.28,2026-09-11T13:39:14+00:00
TT|1561929|A|2.5,1561929,Austrian Bundesliga,218,2026-09-11T14:25:18Z,2026-09-12T17:30:00Z,1624.7,Wolfsberger AC,Rapid Vienna,A,Rapid Vienna,2.5,17,Total - Away,2.75,1.4,0.33734940,0.66265060,0.33734940,-0.00000000,Marathonbet,2.88,1.39,2026-09-11T13:39:14+00:00
TT|1561929|A|3.5,1561929,Austrian Bundesliga,218,2026-09-11T14:25:18Z,2026-09-12T17:30:00Z,1624.7,Wolfsberger AC,Rapid Vienna,A,Rapid Vienna,3.5,17,Total - Away,6.0,1.12,0.15730337,0.84269663,0.15730337,0.00000000,Marathonbet,6.1,1.08,2026-09-11T13:39:14+00:00
TT|1561929|A|4.5,1561929,Austrian Bundesliga,218,2026-09-11T14:25:18Z,2026-09-12T17:30:00Z,1624.7,Wolfsberger AC,Rapid Vienna,A,Rapid Vienna,4.5,17,Total - Away,15.0,1.03,0.06425452,0.93574548,0.06425452,0.00000000,Marathonbet,,,2026-09-11T13:39:14+00:00
TT|1561929|A|5.5,1561929,Austrian Bundesliga,218,2026-09-11T14:25:18Z,2026-09-12T17:30:00Z,1624.7,Wolfsberger AC,Rapid Vienna,A,Rapid Vienna,5.5,17,Total - Away,29.0,1.01,0.03365545,0.96634455,0.03365545,-0.00000000,Marathonbet,,,2026-09-11T13:39:14+00:00
TT|1561925|H|0.5,1561925,Austrian Bundesliga,218,2026-09-11T14:25:18Z,2026-09-13T12:30:00Z,2764.7,Austria Vienna,Austria Lustenau,H,Austria Vienna,0.5,16,Total - Home,1.17,5.0,0.81037277,0.18962723,0.81037277,0.00000000,Marathonbet,,,2026-09-11T09:31:18+00:00
TT|1561925|H|1.5,1561925,Austrian Bundesliga,218,2026-09-11T14:25:18Z,2026-09-13T12:30:00Z,2764.7,Austria Vienna,Austria Lustenau,H,Austria Vienna,1.5,16,Total - Home,1.83,1.83,0.50000000,0.50000000,0.50000000,0.00000000,Marathonbet,1.85,1.92,2026-09-11T09:31:18+00:00
TT|1561925|H|2.5,1561925,Austrian Bundesliga,218,2026-09-11T14:25:18Z,2026-09-13T12:30:00Z,2764.7,Austria Vienna,Austria Lustenau,H,Austria Vienna,2.5,16,Total - Home,3.75,1.25,0.25000000,0.75000000,0.25000000,0.00000000,Marathonbet,3.58,1.25,2026-09-11T09:31:18+00:00
TT|1561925|H|3.5,1561925,Austrian Bundesliga,218,2026-09-11T14:25:18Z,2026-09-13T12:30:00Z,2764.7,Austria Vienna,Austria Lustenau,H,Austria Vienna,3.5,16,Total - Home,9.0,1.07,0.10625621,0.89374379,0.10625621,-0.00000000,Marathonbet,7.8,1.03,2026-09-11T09:31:18+00:00
TT|1561925|H|4.5,1561925,Austrian Bundesliga,218,2026-09-11T14:25:18Z,2026-09-13T12:30:00Z,2764.7,Austria Vienna,Austria Lustenau,H,Austria Vienna,4.5,16,Total - Home,21.0,1.01,0.04588823,0.95411177,0.04588823,0.00000000,Marathonbet,,,2026-09-11T09:31:18+00:00
TT|1561925|A|0.5,1561925,Austrian Bundesliga,218,2026-09-11T14:25:18Z,2026-09-13T12:30:00Z,2764.7,Austria Vienna,Austria Lustenau,A,Austria Lustenau,0.5,17,Total - Away,1.4,2.75,0.66265060,0.33734940,0.66265060,0.00000000,Marathonbet,1.4,2.68,2026-09-11T09:31:18+00:00
TT|1561925|A|1.5,1561925,Austrian Bundesliga,218,2026-09-11T14:25:18Z,2026-09-13T12:30:00Z,2764.7,Austria Vienna,Austria Lustenau,A,Austria Lustenau,1.5,17,Total - Away,3.0,1.36,0.31192661,0.68807339,0.31192661,-0.00000000,Marathonbet,3.05,1.35,2026-09-11T09:31:18+00:00
TT|1561925|A|2.5,1561925,Austrian Bundesliga,218,2026-09-11T14:25:18Z,2026-09-13T12:30:00Z,2764.7,Austria Vienna,Austria Lustenau,A,Austria Lustenau,2.5,17,Total - Away,9.0,1.07,0.10625621,0.89374379,0.10625621,-0.00000000,Marathonbet,8.1,1.04,2026-09-11T09:31:18+00:00
TT|1561925|A|3.5,1561925,Austrian Bundesliga,218,2026-09-11T14:25:18Z,2026-09-13T12:30:00Z,2764.7,Austria Vienna,Austria Lustenau,A,Austria Lustenau,3.5,17,Total - Away,23.0,1.01,0.04206581,0.95793419,0.04206581,-0.00000000,Marathonbet,,,2026-09-11T09:31:18+00:00
TT|1561928|H|0.5,1561928,Austrian Bundesliga,218,2026-09-11T14:25:18Z,2026-09-13T12:30:00Z,2764.7,WSG Wattens,TSV Hartberg,H,WSG Wattens,0.5,16,Total - Home,1.2,4.33,0.78300181,0.21699819,0.78300181,-0.00000000,Marathonbet,,,2026-09-11T13:39:14+00:00
TT|1561928|H|1.5,1561928,Austrian Bundesliga,218,2026-09-11T14:25:18Z,2026-09-13T12:30:00Z,2764.7,WSG Wattens,TSV Hartberg,H,WSG Wattens,1.5,16,Total - Home,1.91,1.8,0.48517520,0.51482480,0.48517520,0.00000000,Marathonbet,1.96,1.81,2026-09-11T13:39:14+00:00
TT|1561928|H|2.5,1561928,Austrian Bundesliga,218,2026-09-11T14:25:18Z,2026-09-13T12:30:00Z,2764.7,WSG Wattens,TSV Hartberg,H,WSG Wattens,2.5,16,Total - Home,4.0,1.22,0.23371648,0.76628352,0.23371648,-0.00000000,Marathonbet,3.94,1.21,2026-09-11T13:39:14+00:00
TT|1561928|H|3.5,1561928,Austrian Bundesliga,218,2026-09-11T14:25:18Z,2026-09-13T12:30:00Z,2764.7,WSG Wattens,TSV Hartberg,H,WSG Wattens,3.5,16,Total - Home,11.0,1.05,0.08713693,0.91286307,0.08713693,-0.00000000,Marathonbet,8.9,1.01,2026-09-11T13:39:14+00:00
TT|1561928|H|4.5,1561928,Austrian Bundesliga,218,2026-09-11T14:25:18Z,2026-09-13T12:30:00Z,2764.7,WSG Wattens,TSV Hartberg,H,WSG Wattens,4.5,16,Total - Home,26.0,1.01,0.03739356,0.96260644,0.03739356,-0.00000000,Marathonbet,,,2026-09-11T13:39:14+00:00
TT|1561928|A|0.5,1561928,Austrian Bundesliga,218,2026-09-11T14:25:18Z,2026-09-13T12:30:00Z,2764.7,WSG Wattens,TSV Hartberg,A,TSV Hartberg,0.5,17,Total - Away,1.3,3.4,0.72340426,0.27659574,0.72340426,-0.00000000,Marathonbet,1.28,3.24,2026-09-11T13:39:14+00:00
TT|1561928|A|1.5,1561928,Austrian Bundesliga,218,2026-09-11T14:25:18Z,2026-09-13T12:30:00Z,2764.7,WSG Wattens,TSV Hartberg,A,TSV Hartberg,1.5,17,Total - Away,2.5,1.5,0.37500000,0.62500000,0.37500000,0.00000000,Marathonbet,2.49,1.5,2026-09-11T13:39:14+00:00
TT|1561928|A|2.5,1561928,Austrian Bundesliga,218,2026-09-11T14:25:18Z,2026-09-13T12:30:00Z,2764.7,WSG Wattens,TSV Hartberg,A,TSV Hartberg,2.5,17,Total - Away,6.0,1.12,0.15730337,0.84269663,0.15730337,0.00000000,Marathonbet,5.9,1.09,2026-09-11T13:39:14+00:00
TT|1561928|A|3.5,1561928,Austrian Bundesliga,218,2026-09-11T14:25:18Z,2026-09-13T12:30:00Z,2764.7,WSG Wattens,TSV Hartberg,A,TSV Hartberg,3.5,17,Total - Away,17.0,1.02,0.05660377,0.94339623,0.05660377,0.00000000,Marathonbet,,,2026-09-11T13:39:14+00:00
TT|1561927|H|0.5,1561927,Austrian Bundesliga,218,2026-09-11T14:25:18Z,2026-09-13T15:00:00Z,2914.7,Sturm Graz,Lask Linz,H,Sturm Graz,0.5,16,Total - Home,1.25,3.75,0.75000000,0.25000000,0.75000000,0.00000000,Marathonbet,1.24,3.56,2026-09-11T09:31:18+00:00
TT|1561927|H|1.5,1561927,Austrian Bundesliga,218,2026-09-11T14:25:18Z,2026-09-13T15:00:00Z,2914.7,Sturm Graz,Lask Linz,H,Sturm Graz,1.5,16,Total - Home,2.2,1.62,0.42408377,0.57591623,0.42408377,-0.00000000,Marathonbet,2.23,1.63,2026-09-11T09:31:18+00:00
TT|1561927|H|2.5,1561927,Austrian Bundesliga,218,2026-09-11T14:25:18Z,2026-09-13T15:00:00Z,2914.7,Sturm Graz,Lask Linz,H,Sturm Graz,2.5,16,Total - Home,5.0,1.17,0.18962723,0.81037277,0.18962723,-0.00000000,Marathonbet,4.85,1.14,2026-09-11T09:31:18+00:00
TT|1561927|H|3.5,1561927,Austrian Bundesliga,218,2026-09-11T14:25:18Z,2026-09-13T15:00:00Z,2914.7,Sturm Graz,Lask Linz,H,Sturm Graz,3.5,16,Total - Home,15.0,1.03,0.06425452,0.93574548,0.06425452,0.00000000,Marathonbet,,,2026-09-11T09:31:18+00:00
TT|1561927|A|0.5,1561927,Austrian Bundesliga,218,2026-09-11T14:25:18Z,2026-09-13T15:00:00Z,2914.7,Sturm Graz,Lask Linz,A,Lask Linz,0.5,17,Total - Away,1.17,5.0,0.81037277,0.18962723,0.81037277,0.00000000,Marathonbet,,,2026-09-11T09:31:18+00:00
TT|1561927|A|1.5,1561927,Austrian Bundesliga,218,2026-09-11T14:25:18Z,2026-09-13T15:00:00Z,2914.7,Sturm Graz,Lask Linz,A,Lask Linz,1.5,17,Total - Away,1.8,1.91,0.51482480,0.48517520,0.51482480,-0.00000000,Marathonbet,1.78,2.0,2026-09-11T09:31:18+00:00
TT|1561927|A|2.5,1561927,Austrian Bundesliga,218,2026-09-11T14:25:18Z,2026-09-13T15:00:00Z,2914.7,Sturm Graz,Lask Linz,A,Lask Linz,2.5,17,Total - Away,3.5,1.28,0.26778243,0.73221757,0.26778243,-0.00000000,Marathonbet,3.32,1.28,2026-09-11T09:31:18+00:00
TT|1561927|A|3.5,1561927,Austrian Bundesliga,218,2026-09-11T14:25:18Z,2026-09-13T15:00:00Z,2914.7,Sturm Graz,Lask Linz,A,Lask Linz,3.5,17,Total - Away,9.0,1.07,0.10625621,0.89374379,0.10625621,-0.00000000,Marathonbet,6.8,1.05,2026-09-11T09:31:18+00:00
TT|1561927|A|4.5,1561927,Austrian Bundesliga,218,2026-09-11T14:25:18Z,2026-09-13T15:00:00Z,2914.7,Sturm Graz,Lask Linz,A,Lask Linz,4.5,17,Total - Away,21.0,1.01,0.04588823,0.95411177,0.04588823,0.00000000,Marathonbet,,,2026-09-11T09:31:18+00:00
TT|1558626|H|0.5,1558626,Belgian Pro League,144,2026-09-11T14:25:18Z,2026-09-11T18:45:00Z,259.7,KV Mechelen,Anderlecht,H,KV Mechelen,0.5,16,Total - Home,1.4,2.75,0.66265060,0.33734940,0.66265060,0.00000000,Marathonbet,1.36,2.83,2026-09-11T09:24:14+00:00
TT|1558626|H|1.5,1558626,Belgian Pro League,144,2026-09-11T14:25:18Z,2026-09-11T18:45:00Z,259.7,KV Mechelen,Anderlecht,H,KV Mechelen,1.5,16,Total - Home,3.0,1.36,0.31192661,0.68807339,0.31192661,-0.00000000,Marathonbet,2.88,1.39,2026-09-11T09:24:14+00:00
TT|1558626|H|2.5,1558626,Belgian Pro League,144,2026-09-11T14:25:18Z,2026-09-11T18:45:00Z,259.7,KV Mechelen,Anderlecht,H,KV Mechelen,2.5,16,Total - Home,9.0,1.07,0.10625621,0.89374379,0.10625621,-0.00000000,Marathonbet,7.3,1.05,2026-09-11T09:24:14+00:00
TT|1558626|H|3.5,1558626,Belgian Pro League,144,2026-09-11T14:25:18Z,2026-09-11T18:45:00Z,259.7,KV Mechelen,Anderlecht,H,KV Mechelen,3.5,16,Total - Home,23.0,1.01,0.04206581,0.95793419,0.04206581,-0.00000000,Marathonbet,,,2026-09-11T09:24:14+00:00
TT|1558626|A|0.5,1558626,Belgian Pro League,144,2026-09-11T14:25:18Z,2026-09-11T18:45:00Z,259.7,KV Mechelen,Anderlecht,A,Anderlecht,0.5,17,Total - Away,1.17,5.0,0.81037277,0.18962723,0.81037277,0.00000000,Marathonbet,,,2026-09-11T09:24:14+00:00
TT|1558626|A|1.5,1558626,Belgian Pro League,144,2026-09-11T14:25:18Z,2026-09-11T18:45:00Z,259.7,KV Mechelen,Anderlecht,A,Anderlecht,1.5,17,Total - Away,1.8,1.91,0.51482480,0.48517520,0.51482480,-0.00000000,Marathonbet,1.71,2.1,2026-09-11T09:24:14+00:00
TT|1558626|A|2.5,1558626,Belgian Pro League,144,2026-09-11T14:25:18Z,2026-09-11T18:45:00Z,259.7,KV Mechelen,Anderlecht,A,Anderlecht,2.5,17,Total - Away,3.5,1.28,0.26778243,0.73221757,0.26778243,-0.00000000,Marathonbet,3.1,1.32,2026-09-11T09:24:14+00:00
TT|1558626|A|3.5,1558626,Belgian Pro League,144,2026-09-11T14:25:18Z,2026-09-11T18:45:00Z,259.7,KV Mechelen,Anderlecht,A,Anderlecht,3.5,17,Total - Away,9.0,1.07,0.10625621,0.89374379,0.10625621,-0.00000000,Marathonbet,6.5,1.06,2026-09-11T09:24:14+00:00
TT|1558626|A|4.5,1558626,Belgian Pro League,144,2026-09-11T14:25:18Z,2026-09-11T18:45:00Z,259.7,KV Mechelen,Anderlecht,A,Anderlecht,4.5,17,Total - Away,21.0,1.01,0.04588823,0.95411177,0.04588823,0.00000000,Marathonbet,,,2026-09-11T09:24:14+00:00
TT|1558627|H|0.5,1558627,Belgian Pro League,144,2026-09-11T14:25:18Z,2026-09-12T14:00:00Z,1414.7,SK Beveren,St. Truiden,H,SK Beveren,0.5,16,Total - Home,1.25,3.75,0.75000000,0.25000000,0.75000000,0.00000000,Marathonbet,1.24,3.56,2026-09-11T09:24:14+00:00
TT|1558627|H|1.5,1558627,Belgian Pro League,144,2026-09-11T14:25:18Z,2026-09-12T14:00:00Z,1414.7,SK Beveren,St. Truiden,H,SK Beveren,1.5,16,Total - Home,2.2,1.62,0.42408377,0.57591623,0.42408377,-0.00000000,Marathonbet,2.29,1.6,2026-09-11T09:24:14+00:00
TT|1558627|H|2.5,1558627,Belgian Pro League,144,2026-09-11T14:25:18Z,2026-09-12T14:00:00Z,1414.7,SK Beveren,St. Truiden,H,SK Beveren,2.5,16,Total - Home,5.0,1.17,0.18962723,0.81037277,0.18962723,-0.00000000,Marathonbet,5.1,1.13,2026-09-11T09:24:14+00:00
TT|1558627|H|3.5,1558627,Belgian Pro League,144,2026-09-11T14:25:18Z,2026-09-12T14:00:00Z,1414.7,SK Beveren,St. Truiden,H,SK Beveren,3.5,16,Total - Home,13.0,1.04,0.07407407,0.92592593,0.07407407,0.00000000,Marathonbet,,,2026-09-11T09:24:14+00:00
TT|1558627|A|0.5,1558627,Belgian Pro League,144,2026-09-11T14:25:18Z,2026-09-12T14:00:00Z,1414.7,SK Beveren,St. Truiden,A,St. Truiden,0.5,17,Total - Away,1.17,5.0,0.81037277,0.18962723,0.81037277,0.00000000,Marathonbet,,,2026-09-11T09:24:14+00:00
TT|1558627|A|1.5,1558627,Belgian Pro League,144,2026-09-11T14:25:18Z,2026-09-12T14:00:00Z,1414.7,SK Beveren,St. Truiden,A,St. Truiden,1.5,17,Total - Away,1.8,1.91,0.51482480,0.48517520,0.51482480,-0.00000000,Marathonbet,1.88,1.89,2026-09-11T09:24:14+00:00
TT|1558627|A|2.5,1558627,Belgian Pro League,144,2026-09-11T14:25:18Z,2026-09-12T14:00:00Z,1414.7,SK Beveren,St. Truiden,A,St. Truiden,2.5,17,Total - Away,3.75,1.25,0.25000000,0.75000000,0.25000000,0.00000000,Marathonbet,3.65,1.24,2026-09-11T09:24:14+00:00
TT|1558627|A|3.5,1558627,Belgian Pro League,144,2026-09-11T14:25:18Z,2026-09-12T14:00:00Z,1414.7,SK Beveren,St. Truiden,A,St. Truiden,3.5,17,Total - Away,9.0,1.07,0.10625621,0.89374379,0.10625621,-0.00000000,Marathonbet,7.9,1.03,2026-09-11T09:24:14+00:00
TT|1558627|A|4.5,1558627,Belgian Pro League,144,2026-09-11T14:25:18Z,2026-09-12T14:00:00Z,1414.7,SK Beveren,St. Truiden,A,St. Truiden,4.5,17,Total - Away,21.0,1.01,0.04588823,0.95411177,0.04588823,0.00000000,Marathonbet,,,2026-09-11T09:24:14+00:00
TT|1558628|H|0.5,1558628,Belgian Pro League,144,2026-09-11T14:25:18Z,2026-09-12T16:15:00Z,1549.7,KVC Westerlo,Standard Liege,H,KVC Westerlo,0.5,16,Total - Home,1.2,4.33,0.78300181,0.21699819,0.78300181,-0.00000000,Marathonbet,,,2026-09-11T09:24:14+00:00
TT|1558628|H|1.5,1558628,Belgian Pro League,144,2026-09-11T14:25:18Z,2026-09-12T16:15:00Z,1549.7,KVC Westerlo,Standard Liege,H,KVC Westerlo,1.5,16,Total - Home,1.91,1.8,0.48517520,0.51482480,0.48517520,0.00000000,Marathonbet,1.99,1.79,2026-09-11T09:24:14+00:00
TT|1558628|H|2.5,1558628,Belgian Pro League,144,2026-09-11T14:25:18Z,2026-09-12T16:15:00Z,1549.7,KVC Westerlo,Standard Liege,H,KVC Westerlo,2.5,16,Total - Home,4.0,1.22,0.23371648,0.76628352,0.23371648,-0.00000000,Marathonbet,4.2,1.19,2026-09-11T09:24:14+00:00
TT|1558628|H|3.5,1558628,Belgian Pro League,144,2026-09-11T14:25:18Z,2026-09-12T16:15:00Z,1549.7,KVC Westerlo,Standard Liege,H,KVC Westerlo,3.5,16,Total - Home,11.0,1.05,0.08713693,0.91286307,0.08713693,-0.00000000,Marathonbet,,,2026-09-11T09:24:14+00:00
TT|1558628|H|4.5,1558628,Belgian Pro League,144,2026-09-11T14:25:18Z,2026-09-12T16:15:00Z,1549.7,KVC Westerlo,Standard Liege,H,KVC Westerlo,4.5,16,Total - Home,26.0,1.01,0.03739356,0.96260644,0.03739356,-0.00000000,Marathonbet,,,2026-09-11T09:24:14+00:00
TT|1558628|A|0.5,1558628,Belgian Pro League,144,2026-09-11T14:25:18Z,2026-09-12T16:15:00Z,1549.7,KVC Westerlo,Standard Liege,A,Standard Liege,0.5,17,Total - Away,1.22,4.0,0.76628352,0.23371648,0.76628352,0.00000000,Marathonbet,1.18,4.15,2026-09-11T09:24:14+00:00
TT|1558628|A|1.5,1558628,Belgian Pro League,144,2026-09-11T14:25:18Z,2026-09-12T16:15:00Z,1549.7,KVC Westerlo,Standard Liege,A,Standard Liege,1.5,17,Total - Away,2.0,1.73,0.46380697,0.53619303,0.46380697,0.00000000,Marathonbet,2.08,1.72,2026-09-11T09:24:14+00:00
TT|1558628|A|2.5,1558628,Belgian Pro League,144,2026-09-11T14:25:18Z,2026-09-12T16:15:00Z,1549.7,KVC Westerlo,Standard Liege,A,Standard Liege,2.5,17,Total - Away,4.33,1.2,0.21699819,0.78300181,0.21699819,0.00000000,Marathonbet,4.5,1.17,2026-09-11T09:24:14+00:00
TT|1558628|A|3.5,1558628,Belgian Pro League,144,2026-09-11T14:25:18Z,2026-09-12T16:15:00Z,1549.7,KVC Westerlo,Standard Liege,A,Standard Liege,3.5,17,Total - Away,11.0,1.05,0.08713693,0.91286307,0.08713693,-0.00000000,Marathonbet,9.6,1.01,2026-09-11T09:24:14+00:00
TT|1558628|A|4.5,1558628,Belgian Pro League,144,2026-09-11T14:25:18Z,2026-09-12T16:15:00Z,1549.7,KVC Westerlo,Standard Liege,A,Standard Liege,4.5,17,Total - Away,26.0,1.01,0.03739356,0.96260644,0.03739356,-0.00000000,Marathonbet,,,2026-09-11T09:24:14+00:00
TT|1558629|H|0.5,1558629,Belgian Pro League,144,2026-09-11T14:25:18Z,2026-09-12T18:45:00Z,1699.7,OH Leuven,Cercle Brugge,H,OH Leuven,0.5,16,Total - Home,1.22,4.0,0.76628352,0.23371648,0.76628352,0.00000000,Marathonbet,,,2026-09-11T09:24:14+00:00
TT|1558629|H|1.5,1558629,Belgian Pro League,144,2026-09-11T14:25:18Z,2026-09-12T18:45:00Z,1699.7,OH Leuven,Cercle Brugge,H,OH Leuven,1.5,16,Total - Home,2.0,1.73,0.46380697,0.53619303,0.46380697,0.00000000,Marathonbet,2.1,1.71,2026-09-11T09:24:14+00:00
TT|1558629|H|2.5,1558629,Belgian Pro League,144,2026-09-11T14:25:18Z,2026-09-12T18:45:00Z,1699.7,OH Leuven,Cercle Brugge,H,OH Leuven,2.5,16,Total - Home,4.5,1.18,0.20774648,0.79225352,0.20774648,-0.00000000,Marathonbet,4.5,1.17,2026-09-11T09:24:14+00:00
TT|1558629|H|3.5,1558629,Belgian Pro League,144,2026-09-11T14:25:18Z,2026-09-12T18:45:00Z,1699.7,OH Leuven,Cercle Brugge,H,OH Leuven,3.5,16,Total - Home,11.0,1.05,0.08713693,0.91286307,0.08713693,-0.00000000,Marathonbet,,,2026-09-11T09:24:14+00:00
TT|1558629|H|4.5,1558629,Belgian Pro League,144,2026-09-11T14:25:18Z,2026-09-12T18:45:00Z,1699.7,OH Leuven,Cercle Brugge,H,OH Leuven,4.5,16,Total - Home,29.0,1.01,0.03365545,0.96634455,0.03365545,-0.00000000,Marathonbet,,,2026-09-11T09:24:14+00:00
TT|1558629|A|0.5,1558629,Belgian Pro League,144,2026-09-11T14:25:18Z,2026-09-12T18:45:00Z,1699.7,OH Leuven,Cercle Brugge,A,Cercle Brugge,0.5,17,Total - Away,1.22,4.0,0.76628352,0.23371648,0.76628352,0.00000000,Marathonbet,,,2026-09-11T09:24:14+00:00
TT|1558629|A|1.5,1558629,Belgian Pro League,144,2026-09-11T14:25:18Z,2026-09-12T18:45:00Z,1699.7,OH Leuven,Cercle Brugge,A,Cercle Brugge,1.5,17,Total - Away,2.0,1.73,0.46380697,0.53619303,0.46380697,0.00000000,Marathonbet,2.08,1.72,2026-09-11T09:24:14+00:00
TT|1558629|A|2.5,1558629,Belgian Pro League,144,2026-09-11T14:25:18Z,2026-09-12T18:45:00Z,1699.7,OH Leuven,Cercle Brugge,A,Cercle Brugge,2.5,17,Total - Away,4.5,1.18,0.20774648,0.79225352,0.20774648,-0.00000000,Marathonbet,4.45,1.17,2026-09-11T09:24:14+00:00
TT|1558629|A|3.5,1558629,Belgian Pro League,144,2026-09-11T14:25:18Z,2026-09-12T18:45:00Z,1699.7,OH Leuven,Cercle Brugge,A,Cercle Brugge,3.5,17,Total - Away,11.0,1.05,0.08713693,0.91286307,0.08713693,-0.00000000,Marathonbet,,,2026-09-11T09:24:14+00:00
TT|1558629|A|4.5,1558629,Belgian Pro League,144,2026-09-11T14:25:18Z,2026-09-12T18:45:00Z,1699.7,OH Leuven,Cercle Brugge,A,Cercle Brugge,4.5,17,Total - Away,29.0,1.01,0.03365545,0.96634455,0.03365545,-0.00000000,Marathonbet,,,2026-09-11T09:24:14+00:00
TT|1558630|H|0.5,1558630,Belgian Pro League,144,2026-09-11T14:25:18Z,2026-09-12T18:45:00Z,1699.7,Union St. Gilloise,Lommel United,H,Union St. Gilloise,0.5,16,Total - Home,1.05,11.0,0.91286307,0.08713693,0.91286307,0.00000000,Marathonbet,,,2026-09-11T09:24:14+00:00
TT|1558630|H|1.5,1558630,Belgian Pro League,144,2026-09-11T14:25:18Z,2026-09-12T18:45:00Z,1699.7,Union St. Gilloise,Lommel United,H,Union St. Gilloise,1.5,16,Total - Home,1.28,3.5,0.73221757,0.26778243,0.73221757,0.00000000,Marathonbet,1.27,3.42,2026-09-11T09:24:14+00:00
TT|1558630|H|2.5,1558630,Belgian Pro League,144,2026-09-11T14:25:18Z,2026-09-12T18:45:00Z,1699.7,Union St. Gilloise,Lommel United,H,Union St. Gilloise,2.5,16,Total - Home,1.83,1.83,0.50000000,0.50000000,0.50000000,0.00000000,Marathonbet,1.9,1.87,2026-09-11T09:24:14+00:00
TT|1558630|H|3.5,1558630,Belgian Pro League,144,2026-09-11T14:25:18Z,2026-09-12T18:45:00Z,1699.7,Union St. Gilloise,Lommel United,H,Union St. Gilloise,3.5,16,Total - Home,3.4,1.3,0.27659574,0.72340426,0.27659574,0.00000000,Marathonbet,3.22,1.3,2026-09-11T09:24:14+00:00
TT|1558630|H|4.5,1558630,Belgian Pro League,144,2026-09-11T14:25:18Z,2026-09-12T18:45:00Z,1699.7,Union St. Gilloise,Lommel United,H,Union St. Gilloise,4.5,16,Total - Home,6.5,1.11,0.14586071,0.85413929,0.14586071,-0.00000000,Marathonbet,,,2026-09-11T09:24:14+00:00
TT|1558630|H|5.5,1558630,Belgian Pro League,144,2026-09-11T14:25:18Z,2026-09-12T18:45:00Z,1699.7,Union St. Gilloise,Lommel United,H,Union St. Gilloise,5.5,16,Total - Home,15.0,1.03,0.06425452,0.93574548,0.06425452,0.00000000,Marathonbet,,,2026-09-11T09:24:14+00:00
TT|1558630|H|6.5,1558630,Belgian Pro League,144,2026-09-11T14:25:18Z,2026-09-12T18:45:00Z,1699.7,Union St. Gilloise,Lommel United,H,Union St. Gilloise,6.5,16,Total - Home,29.0,1.01,0.03365545,0.96634455,0.03365545,-0.00000000,Marathonbet,,,2026-09-11T09:24:14+00:00
TT|1558630|A|0.5,1558630,Belgian Pro League,144,2026-09-11T14:25:18Z,2026-09-12T18:45:00Z,1699.7,Union St. Gilloise,Lommel United,A,Lommel United,0.5,17,Total - Away,1.8,1.91,0.51482480,0.48517520,0.51482480,-0.00000000,Marathonbet,1.82,1.86,2026-09-11T09:24:14+00:00
TT|1558630|A|1.5,1558630,Belgian Pro League,144,2026-09-11T14:25:18Z,2026-09-12T18:45:00Z,1699.7,Union St. Gilloise,Lommel United,A,Lommel United,1.5,17,Total - Away,5.5,1.14,0.17168675,0.82831325,0.17168675,-0.00000000,Marathonbet,5.45,1.13,2026-09-11T09:24:14+00:00
TT|1558630|A|2.5,1558630,Belgian Pro League,144,2026-09-11T14:25:18Z,2026-09-12T18:45:00Z,1699.7,Union St. Gilloise,Lommel United,A,Lommel United,2.5,17,Total - Away,19.0,1.02,0.05094905,0.94905095,0.05094905,0.00000000,Marathonbet,,,2026-09-11T09:24:14+00:00
TT|1558631|H|0.5,1558631,Belgian Pro League,144,2026-09-11T14:25:18Z,2026-09-13T11:30:00Z,2704.7,Club Brugge KV,Antwerp,H,Club Brugge KV,0.5,16,Total - Home,1.05,11.0,0.91286307,0.08713693,0.91286307,0.00000000,Marathonbet,,,2026-09-11T12:30:44+00:00
TT|1558631|H|1.5,1558631,Belgian Pro League,144,2026-09-11T14:25:18Z,2026-09-13T11:30:00Z,2704.7,Club Brugge KV,Antwerp,H,Club Brugge KV,1.5,16,Total - Home,1.28,3.5,0.73221757,0.26778243,0.73221757,0.00000000,Marathonbet,1.26,3.5,2026-09-11T12:30:44+00:00
TT|1558631|H|2.5,1558631,Belgian Pro League,144,2026-09-11T14:25:18Z,2026-09-13T11:30:00Z,2704.7,Club Brugge KV,Antwerp,H,Club Brugge KV,2.5,16,Total - Home,1.83,1.83,0.50000000,0.50000000,0.50000000,0.00000000,Marathonbet,1.89,1.89,2026-09-11T12:30:44+00:00
TT|1558631|H|3.5,1558631,Belgian Pro League,144,2026-09-11T14:25:18Z,2026-09-13T11:30:00Z,2704.7,Club Brugge KV,Antwerp,H,Club Brugge KV,3.5,16,Total - Home,3.4,1.3,0.27659574,0.72340426,0.27659574,0.00000000,Marathonbet,3.16,1.31,2026-09-11T12:30:44+00:00
TT|1558631|H|4.5,1558631,Belgian Pro League,144,2026-09-11T14:25:18Z,2026-09-13T11:30:00Z,2704.7,Club Brugge KV,Antwerp,H,Club Brugge KV,4.5,16,Total - Home,6.5,1.11,0.14586071,0.85413929,0.14586071,-0.00000000,Marathonbet,,,2026-09-11T12:30:44+00:00
TT|1558631|H|5.5,1558631,Belgian Pro League,144,2026-09-11T14:25:18Z,2026-09-13T11:30:00Z,2704.7,Club Brugge KV,Antwerp,H,Club Brugge KV,5.5,16,Total - Home,15.0,1.03,0.06425452,0.93574548,0.06425452,0.00000000,Marathonbet,,,2026-09-11T12:30:44+00:00
TT|1558631|H|6.5,1558631,Belgian Pro League,144,2026-09-11T14:25:18Z,2026-09-13T11:30:00Z,2704.7,Club Brugge KV,Antwerp,H,Club Brugge KV,6.5,16,Total - Home,29.0,1.01,0.03365545,0.96634455,0.03365545,-0.00000000,Marathonbet,,,2026-09-11T12:30:44+00:00
TT|1558631|A|0.5,1558631,Belgian Pro League,144,2026-09-11T14:25:18Z,2026-09-13T11:30:00Z,2704.7,Club Brugge KV,Antwerp,A,Antwerp,0.5,17,Total - Away,1.67,2.1,0.55702918,0.44297082,0.55702918,-0.00000000,Marathonbet,1.64,2.1,2026-09-11T12:30:44+00:00
TT|1558631|A|1.5,1558631,Belgian Pro League,144,2026-09-11T14:25:18Z,2026-09-13T11:30:00Z,2704.7,Club Brugge KV,Antwerp,A,Antwerp,1.5,17,Total - Away,4.33,1.2,0.21699819,0.78300181,0.21699819,0.00000000,Marathonbet,4.4,1.19,2026-09-11T12:30:44+00:00
TT|1558631|A|2.5,1558631,Belgian Pro League,144,2026-09-11T14:25:18Z,2026-09-13T11:30:00Z,2704.7,Club Brugge KV,Antwerp,A,Antwerp,2.5,17,Total - Away,15.0,1.03,0.06425452,0.93574548,0.06425452,0.00000000,Marathonbet,,,2026-09-11T12:30:44+00:00
TT|1558632|H|0.5,1558632,Belgian Pro League,144,2026-09-11T14:25:18Z,2026-09-13T14:00:00Z,2854.7,Genk,Gent,H,Genk,0.5,16,Total - Home,1.18,4.5,0.79225352,0.20774648,0.79225352,0.00000000,Marathonbet,,,2026-09-11T13:32:18+00:00
TT|1558632|H|1.5,1558632,Belgian Pro League,144,2026-09-11T14:25:18Z,2026-09-13T14:00:00Z,2854.7,Genk,Gent,H,Genk,1.5,16,Total - Home,1.83,1.83,0.50000000,0.50000000,0.50000000,0.00000000,Marathonbet,1.9,1.87,2026-09-11T13:32:18+00:00
TT|1558632|H|2.5,1558632,Belgian Pro League,144,2026-09-11T14:25:18Z,2026-09-13T14:00:00Z,2854.7,Genk,Gent,H,Genk,2.5,16,Total - Home,3.75,1.25,0.25000000,0.75000000,0.25000000,0.00000000,Marathonbet,3.58,1.25,2026-09-11T13:32:18+00:00
TT|1558632|H|3.5,1558632,Belgian Pro League,144,2026-09-11T14:25:18Z,2026-09-13T14:00:00Z,2854.7,Genk,Gent,H,Genk,3.5,16,Total - Home,10.0,1.06,0.09584087,0.90415913,0.09584087,-0.00000000,Marathonbet,7.4,1.04,2026-09-11T13:32:18+00:00
TT|1558632|H|4.5,1558632,Belgian Pro League,144,2026-09-11T14:25:18Z,2026-09-13T14:00:00Z,2854.7,Genk,Gent,H,Genk,4.5,16,Total - Home,23.0,1.01,0.04206581,0.95793419,0.04206581,-0.00000000,Marathonbet,,,2026-09-11T13:32:18+00:00
TT|1558632|A|0.5,1558632,Belgian Pro League,144,2026-09-11T14:25:18Z,2026-09-13T14:00:00Z,2854.7,Genk,Gent,A,Gent,0.5,17,Total - Away,1.36,3.0,0.68807339,0.31192661,0.68807339,0.00000000,Marathonbet,1.33,2.97,2026-09-11T13:32:18+00:00
TT|1558632|A|1.5,1558632,Belgian Pro League,144,2026-09-11T14:25:18Z,2026-09-13T14:00:00Z,2854.7,Genk,Gent,A,Gent,1.5,17,Total - Away,2.75,1.4,0.33734940,0.66265060,0.33734940,-0.00000000,Marathonbet,2.79,1.41,2026-09-11T13:32:18+00:00
TT|1558632|A|2.5,1558632,Belgian Pro League,144,2026-09-11T14:25:18Z,2026-09-13T14:00:00Z,2854.7,Genk,Gent,A,Gent,2.5,17,Total - Away,7.0,1.1,0.13580247,0.86419753,0.13580247,-0.00000000,Marathonbet,6.65,1.07,2026-09-11T13:32:18+00:00
TT|1558632|A|3.5,1558632,Belgian Pro League,144,2026-09-11T14:25:18Z,2026-09-13T14:00:00Z,2854.7,Genk,Gent,A,Gent,3.5,17,Total - Away,21.0,1.01,0.04588823,0.95411177,0.04588823,0.00000000,Marathonbet,,,2026-09-11T13:32:18+00:00
TT|1558633|H|0.5,1558633,Belgian Pro League,144,2026-09-11T14:25:18Z,2026-09-13T16:30:00Z,3004.7,Zulte Waregem,Charleroi,H,Zulte Waregem,0.5,16,Total - Home,1.22,4.0,0.76628352,0.23371648,0.76628352,0.00000000,Marathonbet,1.22,3.75,2026-09-11T13:32:18+00:00
TT|1558633|H|1.5,1558633,Belgian Pro League,144,2026-09-11T14:25:18Z,2026-09-13T16:30:00Z,3004.7,Zulte Waregem,Charleroi,H,Zulte Waregem,1.5,16,Total - Home,2.1,1.67,0.44297082,0.55702918,0.44297082,0.00000000,Marathonbet,2.17,1.67,2026-09-11T13:32:18+00:00
TT|1558633|H|2.5,1558633,Belgian Pro League,144,2026-09-11T14:25:18Z,2026-09-13T16:30:00Z,3004.7,Zulte Waregem,Charleroi,H,Zulte Waregem,2.5,16,Total - Home,4.5,1.18,0.20774648,0.79225352,0.20774648,-0.00000000,Marathonbet,4.45,1.17,2026-09-11T13:32:18+00:00
TT|1558633|H|3.5,1558633,Belgian Pro League,144,2026-09-11T14:25:18Z,2026-09-13T16:30:00Z,3004.7,Zulte Waregem,Charleroi,H,Zulte Waregem,3.5,16,Total - Home,13.0,1.04,0.07407407,0.92592593,0.07407407,0.00000000,Marathonbet,8.7,1.02,2026-09-11T13:32:18+00:00
TT|1558633|H|4.5,1558633,Belgian Pro League,144,2026-09-11T14:25:18Z,2026-09-13T16:30:00Z,3004.7,Zulte Waregem,Charleroi,H,Zulte Waregem,4.5,16,Total - Home,29.0,1.01,0.03365545,0.96634455,0.03365545,-0.00000000,Marathonbet,,,2026-09-11T13:32:18+00:00
TT|1558633|A|0.5,1558633,Belgian Pro League,144,2026-09-11T14:25:18Z,2026-09-13T16:30:00Z,3004.7,Zulte Waregem,Charleroi,A,Charleroi,0.5,17,Total - Away,1.25,3.75,0.75000000,0.25000000,0.75000000,0.00000000,Marathonbet,1.22,3.75,2026-09-11T13:32:18+00:00
TT|1558633|A|1.5,1558633,Belgian Pro League,144,2026-09-11T14:25:18Z,2026-09-13T16:30:00Z,3004.7,Zulte Waregem,Charleroi,A,Charleroi,1.5,17,Total - Away,2.2,1.62,0.42408377,0.57591623,0.42408377,-0.00000000,Marathonbet,2.19,1.65,2026-09-11T13:32:18+00:00
TT|1558633|A|2.5,1558633,Belgian Pro League,144,2026-09-11T14:25:18Z,2026-09-13T16:30:00Z,3004.7,Zulte Waregem,Charleroi,A,Charleroi,2.5,17,Total - Away,5.0,1.17,0.18962723,0.81037277,0.18962723,-0.00000000,Marathonbet,4.55,1.16,2026-09-11T13:32:18+00:00
TT|1558633|A|3.5,1558633,Belgian Pro League,144,2026-09-11T14:25:18Z,2026-09-13T16:30:00Z,3004.7,Zulte Waregem,Charleroi,A,Charleroi,3.5,17,Total - Away,13.0,1.04,0.07407407,0.92592593,0.07407407,0.00000000,Marathonbet,8.6,1.03,2026-09-11T13:32:18+00:00
TT|1558634|H|0.5,1558634,Belgian Pro League,144,2026-09-11T14:25:18Z,2026-09-13T17:15:00Z,3049.7,RAAL La Louvière,Kortrijk,H,RAAL La Louvière,0.5,16,Total - Home,1.25,3.75,0.75000000,0.25000000,0.75000000,0.00000000,Marathonbet,1.24,3.56,2026-09-11T09:24:14+00:00
TT|1558634|H|1.5,1558634,Belgian Pro League,144,2026-09-11T14:25:18Z,2026-09-13T17:15:00Z,3049.7,RAAL La Louvière,Kortrijk,H,RAAL La Louvière,1.5,16,Total - Home,2.25,1.57,0.41099476,0.58900524,0.41099476,0.00000000,Marathonbet,2.35,1.57,2026-09-11T09:24:14+00:00
TT|1558634|H|2.5,1558634,Belgian Pro League,144,2026-09-11T14:25:18Z,2026-09-13T17:15:00Z,3049.7,RAAL La Louvière,Kortrijk,H,RAAL La Louvière,2.5,16,Total - Home,5.5,1.14,0.17168675,0.82831325,0.17168675,-0.00000000,Marathonbet,5.5,1.11,2026-09-11T09:24:14+00:00
TT|1558634|H|3.5,1558634,Belgian Pro League,144,2026-09-11T14:25:18Z,2026-09-13T17:15:00Z,3049.7,RAAL La Louvière,Kortrijk,H,RAAL La Louvière,3.5,16,Total - Home,15.0,1.03,0.06425452,0.93574548,0.06425452,0.00000000,Marathonbet,,,2026-09-11T09:24:14+00:00
TT|1558634|A|0.5,1558634,Belgian Pro League,144,2026-09-11T14:25:18Z,2026-09-13T17:15:00Z,3049.7,RAAL La Louvière,Kortrijk,A,Kortrijk,0.5,17,Total - Away,1.33,3.25,0.70960699,0.29039301,0.70960699,-0.00000000,Marathonbet,1.3,3.14,2026-09-11T09:24:14+00:00
TT|1558634|A|1.5,1558634,Belgian Pro League,144,2026-09-11T14:25:18Z,2026-09-13T17:15:00Z,3049.7,RAAL La Louvière,Kortrijk,A,Kortrijk,1.5,17,Total - Away,2.62,1.44,0.35467980,0.64532020,0.35467980,0.00000000,Marathonbet,2.61,1.46,2026-09-11T09:24:14+00:00
TT|1558634|A|2.5,1558634,Belgian Pro League,144,2026-09-11T14:25:18Z,2026-09-13T17:15:00Z,3049.7,RAAL La Louvière,Kortrijk,A,Kortrijk,2.5,17,Total - Away,6.5,1.11,0.14586071,0.85413929,0.14586071,-0.00000000,Marathonbet,6.6,1.07,2026-09-11T09:24:14+00:00
TT|1558634|A|3.5,1558634,Belgian Pro League,144,2026-09-11T14:25:18Z,2026-09-13T17:15:00Z,3049.7,RAAL La Louvière,Kortrijk,A,Kortrijk,3.5,17,Total - Away,19.0,1.02,0.05094905,0.94905095,0.05094905,0.00000000,Marathonbet,,,2026-09-11T09:24:14+00:00
TT|1549016|H|0.5,1549016,Danish Superliga,119,2026-09-11T14:25:18Z,2026-09-11T17:00:00Z,154.7,FC Copenhagen,AC Horsens,H,FC Copenhagen,0.5,16,Total - Home,1.07,9.0,0.89374379,0.10625621,0.89374379,0.00000000,Marathonbet,,,2026-09-11T12:00:44+00:00
TT|1549016|H|1.5,1549016,Danish Superliga,119,2026-09-11T14:25:18Z,2026-09-11T17:00:00Z,154.7,FC Copenhagen,AC Horsens,H,FC Copenhagen,1.5,16,Total - Home,1.4,2.75,0.66265060,0.33734940,0.66265060,0.00000000,Marathonbet,1.35,2.95,2026-09-11T12:00:44+00:00
TT|1549016|H|2.5,1549016,Danish Superliga,119,2026-09-11T14:25:18Z,2026-09-11T17:00:00Z,154.7,FC Copenhagen,AC Horsens,H,FC Copenhagen,2.5,16,Total - Home,2.2,1.62,0.42408377,0.57591623,0.42408377,-0.00000000,Marathonbet,2.17,1.66,2026-09-11T12:00:44+00:00
TT|1549016|H|3.5,1549016,Danish Superliga,119,2026-09-11T14:25:18Z,2026-09-11T17:00:00Z,154.7,FC Copenhagen,AC Horsens,H,FC Copenhagen,3.5,16,Total - Home,4.0,1.22,0.23371648,0.76628352,0.23371648,-0.00000000,Marathonbet,3.94,1.21,2026-09-11T12:00:44+00:00
TT|1549016|H|4.5,1549016,Danish Superliga,119,2026-09-11T14:25:18Z,2026-09-11T17:00:00Z,154.7,FC Copenhagen,AC Horsens,H,FC Copenhagen,4.5,16,Total - Home,9.0,1.07,0.10625621,0.89374379,0.10625621,-0.00000000,Marathonbet,,,2026-09-11T12:00:44+00:00
TT|1549016|H|5.5,1549016,Danish Superliga,119,2026-09-11T14:25:18Z,2026-09-11T17:00:00Z,154.7,FC Copenhagen,AC Horsens,H,FC Copenhagen,5.5,16,Total - Home,21.0,1.01,0.04588823,0.95411177,0.04588823,0.00000000,Marathonbet,,,2026-09-11T12:00:44+00:00
TT|1549016|A|0.5,1549016,Danish Superliga,119,2026-09-11T14:25:18Z,2026-09-11T17:00:00Z,154.7,FC Copenhagen,AC Horsens,A,AC Horsens,0.5,17,Total - Away,1.73,2.0,0.53619303,0.46380697,0.53619303,-0.00000000,Marathonbet,1.71,1.99,2026-09-11T12:00:44+00:00
TT|1549016|A|1.5,1549016,Danish Superliga,119,2026-09-11T14:25:18Z,2026-09-11T17:00:00Z,154.7,FC Copenhagen,AC Horsens,A,AC Horsens,1.5,17,Total - Away,4.5,1.18,0.20774648,0.79225352,0.20774648,-0.00000000,Marathonbet,4.95,1.16,2026-09-11T12:00:44+00:00
TT|1549016|A|2.5,1549016,Danish Superliga,119,2026-09-11T14:25:18Z,2026-09-11T17:00:00Z,154.7,FC Copenhagen,AC Horsens,A,AC Horsens,2.5,17,Total - Away,15.0,1.03,0.06425452,0.93574548,0.06425452,0.00000000,Marathonbet,,,2026-09-11T12:00:44+00:00
TT|1549017|H|0.5,1549017,Danish Superliga,119,2026-09-11T14:25:18Z,2026-09-13T12:00:00Z,2734.7,Lyngby,Sonderjyske,H,Lyngby,0.5,16,Total - Home,1.11,6.5,0.85413929,0.14586071,0.85413929,0.00000000,Marathonbet,,,2026-09-11T08:59:15+00:00
TT|1549017|H|1.5,1549017,Danish Superliga,119,2026-09-11T14:25:18Z,2026-09-13T12:00:00Z,2734.7,Lyngby,Sonderjyske,H,Lyngby,1.5,16,Total - Home,1.57,2.25,0.58900524,0.41099476,0.58900524,-0.00000000,Marathonbet,1.53,2.42,2026-09-11T08:59:15+00:00
TT|1549017|H|2.5,1549017,Danish Superliga,119,2026-09-11T14:25:18Z,2026-09-13T12:00:00Z,2734.7,Lyngby,Sonderjyske,H,Lyngby,2.5,16,Total - Home,2.75,1.4,0.33734940,0.66265060,0.33734940,-0.00000000,Marathonbet,2.65,1.45,2026-09-11T08:59:15+00:00
TT|1549017|H|3.5,1549017,Danish Superliga,119,2026-09-11T14:25:18Z,2026-09-13T12:00:00Z,2734.7,Lyngby,Sonderjyske,H,Lyngby,3.5,16,Total - Home,6.0,1.12,0.15730337,0.84269663,0.15730337,0.00000000,Marathonbet,5.1,1.12,2026-09-11T08:59:15+00:00
TT|1549017|H|4.5,1549017,Danish Superliga,119,2026-09-11T14:25:18Z,2026-09-13T12:00:00Z,2734.7,Lyngby,Sonderjyske,H,Lyngby,4.5,16,Total - Home,15.0,1.03,0.06425452,0.93574548,0.06425452,0.00000000,Marathonbet,,,2026-09-11T08:59:15+00:00
TT|1549017|H|5.5,1549017,Danish Superliga,119,2026-09-11T14:25:18Z,2026-09-13T12:00:00Z,2734.7,Lyngby,Sonderjyske,H,Lyngby,5.5,16,Total - Home,29.0,1.01,0.03365545,0.96634455,0.03365545,-0.00000000,Marathonbet,,,2026-09-11T08:59:15+00:00
TT|1549017|A|0.5,1549017,Danish Superliga,119,2026-09-11T14:25:18Z,2026-09-13T12:00:00Z,2734.7,Lyngby,Sonderjyske,A,Sonderjyske,0.5,17,Total - Away,1.44,2.62,0.64532020,0.35467980,0.64532020,-0.00000000,Marathonbet,1.37,2.81,2026-09-11T08:59:15+00:00
TT|1549017|A|1.5,1549017,Danish Superliga,119,2026-09-11T14:25:18Z,2026-09-13T12:00:00Z,2734.7,Lyngby,Sonderjyske,A,Sonderjyske,1.5,17,Total - Away,3.25,1.33,0.29039301,0.70960699,0.29039301,0.00000000,Marathonbet,2.96,1.37,2026-09-11T08:59:15+00:00
TT|1549017|A|2.5,1549017,Danish Superliga,119,2026-09-11T14:25:18Z,2026-09-13T12:00:00Z,2734.7,Lyngby,Sonderjyske,A,Sonderjyske,2.5,17,Total - Away,10.0,1.06,0.09584087,0.90415913,0.09584087,-0.00000000,Marathonbet,7.3,1.05,2026-09-11T08:59:15+00:00
TT|1549017|A|3.5,1549017,Danish Superliga,119,2026-09-11T14:25:18Z,2026-09-13T12:00:00Z,2734.7,Lyngby,Sonderjyske,A,Sonderjyske,3.5,17,Total - Away,26.0,1.01,0.03739356,0.96260644,0.03739356,-0.00000000,Marathonbet,,,2026-09-11T08:59:15+00:00
TT|1549021|H|0.5,1549021,Danish Superliga,119,2026-09-11T14:25:18Z,2026-09-13T12:00:00Z,2734.7,Silkeborg,Viborg,H,Silkeborg,0.5,16,Total - Home,1.3,3.4,0.72340426,0.27659574,0.72340426,-0.00000000,Marathonbet,1.26,3.42,2026-09-11T12:30:44+00:00
TT|1549021|H|1.5,1549021,Danish Superliga,119,2026-09-11T14:25:18Z,2026-09-13T12:00:00Z,2734.7,Silkeborg,Viborg,H,Silkeborg,1.5,16,Total - Home,2.5,1.5,0.37500000,0.62500000,0.37500000,0.00000000,Marathonbet,2.34,1.56,2026-09-11T12:30:44+00:00
TT|1549021|H|2.5,1549021,Danish Superliga,119,2026-09-11T14:25:18Z,2026-09-13T12:00:00Z,2734.7,Silkeborg,Viborg,H,Silkeborg,2.5,16,Total - Home,6.0,1.12,0.15730337,0.84269663,0.15730337,0.00000000,Marathonbet,5.2,1.12,2026-09-11T12:30:44+00:00
TT|1549021|H|3.5,1549021,Danish Superliga,119,2026-09-11T14:25:18Z,2026-09-13T12:00:00Z,2734.7,Silkeborg,Viborg,H,Silkeborg,3.5,16,Total - Home,17.0,1.02,0.05660377,0.94339623,0.05660377,0.00000000,Marathonbet,,,2026-09-11T12:30:44+00:00
TT|1549021|A|0.5,1549021,Danish Superliga,119,2026-09-11T14:25:18Z,2026-09-13T12:00:00Z,2734.7,Silkeborg,Viborg,A,Viborg,0.5,17,Total - Away,1.12,6.0,0.84269663,0.15730337,0.84269663,-0.00000000,Marathonbet,,,2026-09-11T12:30:44+00:00
TT|1549021|A|1.5,1549021,Danish Superliga,119,2026-09-11T14:25:18Z,2026-09-13T12:00:00Z,2734.7,Silkeborg,Viborg,A,Viborg,1.5,17,Total - Away,1.67,2.1,0.55702918,0.44297082,0.55702918,-0.00000000,Marathonbet,1.62,2.25,2026-09-11T12:30:44+00:00
TT|1549021|A|2.5,1549021,Danish Superliga,119,2026-09-11T14:25:18Z,2026-09-13T12:00:00Z,2734.7,Silkeborg,Viborg,A,Viborg,2.5,17,Total - Away,3.0,1.36,0.31192661,0.68807339,0.31192661,-0.00000000,Marathonbet,2.82,1.38,2026-09-11T12:30:44+00:00
TT|1549021|A|3.5,1549021,Danish Superliga,119,2026-09-11T14:25:18Z,2026-09-13T12:00:00Z,2734.7,Silkeborg,Viborg,A,Viborg,3.5,17,Total - Away,6.5,1.11,0.14586071,0.85413929,0.14586071,-0.00000000,Marathonbet,5.55,1.09,2026-09-11T12:30:44+00:00
TT|1549021|A|4.5,1549021,Danish Superliga,119,2026-09-11T14:25:18Z,2026-09-13T12:00:00Z,2734.7,Silkeborg,Viborg,A,Viborg,4.5,17,Total - Away,17.0,1.02,0.05660377,0.94339623,0.05660377,0.00000000,Marathonbet,,,2026-09-11T12:30:44+00:00
TT|1549020|H|0.5,1549020,Danish Superliga,119,2026-09-11T14:25:18Z,2026-09-13T14:00:00Z,2854.7,Randers FC,Odense,H,Randers FC,0.5,16,Total - Home,1.18,4.5,0.79225352,0.20774648,0.79225352,0.00000000,Marathonbet,,,2026-09-11T13:07:18+00:00
TT|1549020|H|1.5,1549020,Danish Superliga,119,2026-09-11T14:25:18Z,2026-09-13T14:00:00Z,2854.7,Randers FC,Odense,H,Randers FC,1.5,16,Total - Home,1.91,1.8,0.48517520,0.51482480,0.48517520,0.00000000,Marathonbet,1.93,1.84,2026-09-11T13:07:18+00:00
TT|1549020|H|2.5,1549020,Danish Superliga,119,2026-09-11T14:25:18Z,2026-09-13T14:00:00Z,2854.7,Randers FC,Odense,H,Randers FC,2.5,16,Total - Home,4.0,1.22,0.23371648,0.76628352,0.23371648,-0.00000000,Marathonbet,3.74,1.23,2026-09-11T13:07:18+00:00
TT|1549020|H|3.5,1549020,Danish Superliga,119,2026-09-11T14:25:18Z,2026-09-13T14:00:00Z,2854.7,Randers FC,Odense,H,Randers FC,3.5,16,Total - Home,10.0,1.06,0.09584087,0.90415913,0.09584087,-0.00000000,Marathonbet,8.0,1.03,2026-09-11T13:07:18+00:00
TT|1549020|H|4.5,1549020,Danish Superliga,119,2026-09-11T14:25:18Z,2026-09-13T14:00:00Z,2854.7,Randers FC,Odense,H,Randers FC,4.5,16,Total - Home,26.0,1.01,0.03739356,0.96260644,0.03739356,-0.00000000,Marathonbet,,,2026-09-11T13:07:18+00:00
TT|1549020|A|0.5,1549020,Danish Superliga,119,2026-09-11T14:25:18Z,2026-09-13T14:00:00Z,2854.7,Randers FC,Odense,A,Odense,0.5,17,Total - Away,1.25,3.75,0.75000000,0.25000000,0.75000000,0.00000000,Marathonbet,1.28,3.26,2026-09-11T13:07:18+00:00
TT|1549020|A|1.5,1549020,Danish Superliga,119,2026-09-11T14:25:18Z,2026-09-13T14:00:00Z,2854.7,Randers FC,Odense,A,Odense,1.5,17,Total - Away,2.25,1.57,0.41099476,0.58900524,0.41099476,0.00000000,Marathonbet,2.41,1.53,2026-09-11T13:07:18+00:00
TT|1549020|A|2.5,1549020,Danish Superliga,119,2026-09-11T14:25:18Z,2026-09-13T14:00:00Z,2854.7,Randers FC,Odense,A,Odense,2.5,17,Total - Away,5.5,1.14,0.17168675,0.82831325,0.17168675,-0.00000000,Marathonbet,5.45,1.11,2026-09-11T13:07:18+00:00
TT|1549020|A|3.5,1549020,Danish Superliga,119,2026-09-11T14:25:18Z,2026-09-13T14:00:00Z,2854.7,Randers FC,Odense,A,Odense,3.5,17,Total - Away,15.0,1.03,0.06425452,0.93574548,0.06425452,0.00000000,Marathonbet,,,2026-09-11T13:07:18+00:00
TT|1549019|H|0.5,1549019,Danish Superliga,119,2026-09-11T14:25:18Z,2026-09-13T16:00:00Z,2974.7,FC Nordsjaelland,Aarhus,H,FC Nordsjaelland,0.5,16,Total - Home,1.1,7.0,0.86419753,0.13580247,0.86419753,0.00000000,Marathonbet,,,2026-09-11T08:59:15+00:00
TT|1549019|H|1.5,1549019,Danish Superliga,119,2026-09-11T14:25:18Z,2026-09-13T16:00:00Z,2974.7,FC Nordsjaelland,Aarhus,H,FC Nordsjaelland,1.5,16,Total - Home,1.53,2.38,0.60869565,0.39130435,0.60869565,0.00000000,Marathonbet,1.53,2.42,2026-09-11T08:59:15+00:00
TT|1549019|H|2.5,1549019,Danish Superliga,119,2026-09-11T14:25:18Z,2026-09-13T16:00:00Z,2974.7,FC Nordsjaelland,Aarhus,H,FC Nordsjaelland,2.5,16,Total - Home,2.62,1.44,0.35467980,0.64532020,0.35467980,0.00000000,Marathonbet,2.65,1.45,2026-09-11T08:59:15+00:00
TT|1549019|H|3.5,1549019,Danish Superliga,119,2026-09-11T14:25:18Z,2026-09-13T16:00:00Z,2974.7,FC Nordsjaelland,Aarhus,H,FC Nordsjaelland,3.5,16,Total - Home,6.0,1.12,0.15730337,0.84269663,0.15730337,0.00000000,Marathonbet,5.0,1.13,2026-09-11T08:59:15+00:00
TT|1549019|H|4.5,1549019,Danish Superliga,119,2026-09-11T14:25:18Z,2026-09-13T16:00:00Z,2974.7,FC Nordsjaelland,Aarhus,H,FC Nordsjaelland,4.5,16,Total - Home,13.0,1.04,0.07407407,0.92592593,0.07407407,0.00000000,Marathonbet,,,2026-09-11T08:59:15+00:00
TT|1549019|H|5.5,1549019,Danish Superliga,119,2026-09-11T14:25:18Z,2026-09-13T16:00:00Z,2974.7,FC Nordsjaelland,Aarhus,H,FC Nordsjaelland,5.5,16,Total - Home,29.0,1.01,0.03365545,0.96634455,0.03365545,-0.00000000,Marathonbet,,,2026-09-11T08:59:15+00:00
TT|1549019|A|0.5,1549019,Danish Superliga,119,2026-09-11T14:25:18Z,2026-09-13T16:00:00Z,2974.7,FC Nordsjaelland,Aarhus,A,Aarhus,0.5,17,Total - Away,1.28,3.5,0.73221757,0.26778243,0.73221757,0.00000000,Marathonbet,1.24,3.58,2026-09-11T08:59:15+00:00
TT|1549019|A|1.5,1549019,Danish Superliga,119,2026-09-11T14:25:18Z,2026-09-13T16:00:00Z,2974.7,FC Nordsjaelland,Aarhus,A,Aarhus,1.5,17,Total - Away,2.25,1.57,0.41099476,0.58900524,0.41099476,0.00000000,Marathonbet,2.28,1.59,2026-09-11T08:59:15+00:00
TT|1549019|A|2.5,1549019,Danish Superliga,119,2026-09-11T14:25:18Z,2026-09-13T16:00:00Z,2974.7,FC Nordsjaelland,Aarhus,A,Aarhus,2.5,17,Total - Away,5.5,1.14,0.17168675,0.82831325,0.17168675,-0.00000000,Marathonbet,4.85,1.13,2026-09-11T08:59:15+00:00
TT|1549019|A|3.5,1549019,Danish Superliga,119,2026-09-11T14:25:18Z,2026-09-13T16:00:00Z,2974.7,FC Nordsjaelland,Aarhus,A,Aarhus,3.5,17,Total - Away,15.0,1.03,0.06425452,0.93574548,0.06425452,0.00000000,Marathonbet,,,2026-09-11T08:59:15+00:00
TT|1547629|H|0.5,1547629,A Lyga,362,2026-09-11T14:25:18Z,2026-09-13T11:30:00Z,2704.7,Panevėžys,Kauno Žalgiris,H,Panevėžys,0.5,16,Total - Home,1.53,2.38,0.60869565,0.39130435,0.60869565,0.00000000,Marathonbet,1.5,2.32,2026-09-11T03:07:13+00:00
TT|1547629|H|1.5,1547629,A Lyga,362,2026-09-11T14:25:18Z,2026-09-13T11:30:00Z,2704.7,Panevėžys,Kauno Žalgiris,H,Panevėžys,1.5,16,Total - Home,3.5,1.28,0.26778243,0.73221757,0.26778243,-0.00000000,Marathonbet,3.42,1.25,2026-09-11T03:07:13+00:00
TT|1547629|H|2.5,1547629,A Lyga,362,2026-09-11T14:25:18Z,2026-09-13T11:30:00Z,2704.7,Panevėžys,Kauno Žalgiris,H,Panevėžys,2.5,16,Total - Home,8.5,1.05,0.10994764,0.89005236,0.10994764,0.00000000,Marathonbet,7.6,1.03,2026-09-11T03:07:13+00:00
TT|1547629|H|3.5,1547629,A Lyga,362,2026-09-11T14:25:18Z,2026-09-13T11:30:00Z,2704.7,Panevėžys,Kauno Žalgiris,H,Panevėžys,3.5,16,Total - Home,15.0,1.01,0.06308557,0.93691443,0.06308557,0.00000000,Marathonbet,,,2026-09-11T03:07:13+00:00
TT|1547629|A|0.5,1547629,A Lyga,362,2026-09-11T14:25:18Z,2026-09-13T11:30:00Z,2704.7,Panevėžys,Kauno Žalgiris,A,Kauno Žalgiris,0.5,17,Total - Away,1.12,5.5,0.83081571,0.16918429,0.83081571,-0.00000000,Marathonbet,,,2026-09-11T03:07:13+00:00
TT|1547629|A|1.5,1547629,A Lyga,362,2026-09-11T14:25:18Z,2026-09-13T11:30:00Z,2704.7,Panevėžys,Kauno Žalgiris,A,Kauno Žalgiris,1.5,17,Total - Away,1.62,2.2,0.57591623,0.42408377,0.57591623,0.00000000,Marathonbet,1.6,2.17,2026-09-11T03:07:13+00:00
TT|1547629|A|2.5,1547629,A Lyga,362,2026-09-11T14:25:18Z,2026-09-13T11:30:00Z,2704.7,Panevėžys,Kauno Žalgiris,A,Kauno Žalgiris,2.5,17,Total - Away,3.0,1.36,0.31192661,0.68807339,0.31192661,-0.00000000,Marathonbet,2.75,1.35,2026-09-11T03:07:13+00:00
TT|1547629|A|3.5,1547629,A Lyga,362,2026-09-11T14:25:18Z,2026-09-13T11:30:00Z,2704.7,Panevėžys,Kauno Žalgiris,A,Kauno Žalgiris,3.5,17,Total - Away,6.0,1.11,0.15611814,0.84388186,0.15611814,0.00000000,Marathonbet,,,2026-09-11T03:07:13+00:00
TT|1547629|A|4.5,1547629,A Lyga,362,2026-09-11T14:25:18Z,2026-09-13T11:30:00Z,2704.7,Panevėžys,Kauno Žalgiris,A,Kauno Žalgiris,4.5,17,Total - Away,10.0,1.03,0.09338169,0.90661831,0.09338169,-0.00000000,Marathonbet,,,2026-09-11T03:07:13+00:00
TT|1547631|H|0.5,1547631,A Lyga,362,2026-09-11T14:25:18Z,2026-09-13T14:00:00Z,2854.7,Šiauliai,Hegelmann Litauen,H,Šiauliai,0.5,16,Total - Home,1.28,3.5,0.73221757,0.26778243,0.75000000,-0.01778243,Marathonbet,,,2026-09-11T12:30:45+00:00
TT|1547631|H|1.5,1547631,A Lyga,362,2026-09-11T14:25:18Z,2026-09-13T14:00:00Z,2854.7,Šiauliai,Hegelmann Litauen,H,Šiauliai,1.5,16,Total - Home,2.38,1.53,0.39130435,0.60869565,0.42408377,-0.03277942,Marathonbet,2.27,1.55,2026-09-11T12:30:45+00:00
TT|1547631|H|2.5,1547631,A Lyga,362,2026-09-11T14:25:18Z,2026-09-13T14:00:00Z,2854.7,Šiauliai,Hegelmann Litauen,H,Šiauliai,2.5,16,Total - Home,5.0,1.14,0.18566775,0.81433225,0.20634921,-0.02068146,Marathonbet,4.95,1.11,2026-09-11T12:30:45+00:00
TT|1547631|H|3.5,1547631,A Lyga,362,2026-09-11T14:25:18Z,2026-09-13T14:00:00Z,2854.7,Šiauliai,Hegelmann Litauen,H,Šiauliai,3.5,16,Total - Home,10.0,1.03,0.09338169,0.90661831,0.10358566,-0.01020397,Marathonbet,,,2026-09-11T12:30:45+00:00
TT|1547631|A|0.5,1547631,A Lyga,362,2026-09-11T14:25:18Z,2026-09-13T14:00:00Z,2854.7,Šiauliai,Hegelmann Litauen,A,Hegelmann Litauen,0.5,17,Total - Away,1.28,3.5,0.73221757,0.26778243,0.76628352,-0.03406595,Marathonbet,,,2026-09-11T12:30:45+00:00
TT|1547631|A|1.5,1547631,A Lyga,362,2026-09-11T14:25:18Z,2026-09-13T14:00:00Z,2854.7,Šiauliai,Hegelmann Litauen,A,Hegelmann Litauen,1.5,17,Total - Away,2.25,1.57,0.41099476,0.58900524,0.44297082,-0.03197606,Marathonbet,2.19,1.59,2026-09-11T12:30:45+00:00
TT|1547631|A|2.5,1547631,A Lyga,362,2026-09-11T14:25:18Z,2026-09-13T14:00:00Z,2854.7,Šiauliai,Hegelmann Litauen,A,Hegelmann Litauen,2.5,17,Total - Away,4.5,1.17,0.20634921,0.79365079,0.21699819,-0.01064898,Marathonbet,4.65,1.12,2026-09-11T12:30:45+00:00
TT|1547631|A|3.5,1547631,A Lyga,362,2026-09-11T14:25:18Z,2026-09-13T14:00:00Z,2854.7,Šiauliai,Hegelmann Litauen,A,Hegelmann Litauen,3.5,17,Total - Away,9.0,1.04,0.10358566,0.89641434,0.10994764,-0.00636198,Marathonbet,,,2026-09-11T12:30:45+00:00
TT|1547630|H|0.5,1547630,A Lyga,362,2026-09-11T14:25:18Z,2026-09-13T15:45:00Z,2959.7,Suduva Marijampole,FK Zalgiris Vilnius,H,Suduva Marijampole,0.5,16,Total - Home,1.33,3.25,0.70960699,0.29039301,0.70960699,-0.00000000,Marathonbet,,,2026-09-11T03:07:13+00:00
TT|1547630|H|1.5,1547630,A Lyga,362,2026-09-11T14:25:18Z,2026-09-13T15:45:00Z,2959.7,Suduva Marijampole,FK Zalgiris Vilnius,H,Suduva Marijampole,1.5,16,Total - Home,2.5,1.5,0.37500000,0.62500000,0.37500000,0.00000000,Marathonbet,2.51,1.44,2026-09-11T03:07:13+00:00
TT|1547630|H|2.5,1547630,A Lyga,362,2026-09-11T14:25:18Z,2026-09-13T15:45:00Z,2959.7,Suduva Marijampole,FK Zalgiris Vilnius,H,Suduva Marijampole,2.5,16,Total - Home,5.5,1.12,0.16918429,0.83081571,0.16918429,0.00000000,Marathonbet,6.25,1.06,2026-09-11T03:07:13+00:00
TT|1547630|H|3.5,1547630,A Lyga,362,2026-09-11T14:25:18Z,2026-09-13T15:45:00Z,2959.7,Suduva Marijampole,FK Zalgiris Vilnius,H,Suduva Marijampole,3.5,16,Total - Home,10.5,1.02,0.08854167,0.91145833,0.08854167,-0.00000000,Marathonbet,,,2026-09-11T03:07:13+00:00
TT|1547630|A|0.5,1547630,A Lyga,362,2026-09-11T14:25:18Z,2026-09-13T15:45:00Z,2959.7,Suduva Marijampole,FK Zalgiris Vilnius,A,FK Zalgiris Vilnius,0.5,17,Total - Away,1.28,3.5,0.73221757,0.26778243,0.73221757,0.00000000,Marathonbet,,,2026-09-11T03:07:13+00:00
TT|1547630|A|1.5,1547630,A Lyga,362,2026-09-11T14:25:18Z,2026-09-13T15:45:00Z,2959.7,Suduva Marijampole,FK Zalgiris Vilnius,A,FK Zalgiris Vilnius,1.5,17,Total - Away,2.38,1.53,0.39130435,0.60869565,0.39130435,-0.00000000,Marathonbet,2.32,1.51,2026-09-11T03:07:13+00:00
TT|1547630|A|2.5,1547630,A Lyga,362,2026-09-11T14:25:18Z,2026-09-13T15:45:00Z,2959.7,Suduva Marijampole,FK Zalgiris Vilnius,A,FK Zalgiris Vilnius,2.5,17,Total - Away,5.0,1.14,0.18566775,0.81433225,0.18566775,0.00000000,Marathonbet,5.45,1.08,2026-09-11T03:07:13+00:00
TT|1547630|A|3.5,1547630,A Lyga,362,2026-09-11T14:25:18Z,2026-09-13T15:45:00Z,2959.7,Suduva Marijampole,FK Zalgiris Vilnius,A,FK Zalgiris Vilnius,3.5,17,Total - Away,10.0,1.03,0.09338169,0.90661831,0.09338169,-0.00000000,Marathonbet,,,2026-09-11T03:07:13+00:00
TT|1515921|H|0.5,1515921,Virsliga,365,2026-09-11T14:25:18Z,2026-09-11T15:00:00Z,34.7,Riga,Auda,H,Riga,0.5,16,Total - Home,1.07,7.5,0.87514586,0.12485414,0.87514586,-0.00000000,Marathonbet,,,2026-09-11T12:29:15+00:00
TT|1515921|H|1.5,1515921,Virsliga,365,2026-09-11T14:25:18Z,2026-09-11T15:00:00Z,34.7,Riga,Auda,H,Riga,1.5,16,Total - Home,1.36,3.0,0.68807339,0.31192661,0.68807339,0.00000000,Marathonbet,1.33,2.93,2026-09-11T12:29:15+00:00
TT|1515921|H|2.5,1515921,Virsliga,365,2026-09-11T14:25:18Z,2026-09-11T15:00:00Z,34.7,Riga,Auda,H,Riga,2.5,16,Total - Home,2.1,1.67,0.44297082,0.55702918,0.44297082,0.00000000,Marathonbet,2.11,1.62,2026-09-11T12:29:15+00:00
TT|1515921|H|3.5,1515921,Virsliga,365,2026-09-11T14:25:18Z,2026-09-11T15:00:00Z,34.7,Riga,Auda,H,Riga,3.5,16,Total - Home,4.0,1.22,0.23371648,0.76628352,0.23371648,-0.00000000,Marathonbet,3.52,1.22,2026-09-11T12:29:15+00:00
TT|1515921|H|4.5,1515921,Virsliga,365,2026-09-11T14:25:18Z,2026-09-11T15:00:00Z,34.7,Riga,Auda,H,Riga,4.5,16,Total - Home,7.0,1.08,0.13366337,0.86633663,0.13366337,-0.00000000,Marathonbet,,,2026-09-11T12:29:15+00:00
TT|1515921|H|5.5,1515921,Virsliga,365,2026-09-11T14:25:18Z,2026-09-11T15:00:00Z,34.7,Riga,Auda,H,Riga,5.5,16,Total - Home,11.0,1.02,0.08485857,0.91514143,0.08485857,-0.00000000,Marathonbet,,,2026-09-11T12:29:15+00:00
TT|1515921|A|0.5,1515921,Virsliga,365,2026-09-11T14:25:18Z,2026-09-11T15:00:00Z,34.7,Riga,Auda,A,Auda,0.5,17,Total - Away,1.62,2.2,0.57591623,0.42408377,0.57591623,0.00000000,Marathonbet,1.54,2.23,2026-09-11T12:29:15+00:00
TT|1515921|A|1.5,1515921,Virsliga,365,2026-09-11T14:25:18Z,2026-09-11T15:00:00Z,34.7,Riga,Auda,A,Auda,1.5,17,Total - Away,4.0,1.22,0.23371648,0.76628352,0.23371648,-0.00000000,Marathonbet,3.76,1.21,2026-09-11T12:29:15+00:00
TT|1515921|A|2.5,1515921,Virsliga,365,2026-09-11T14:25:18Z,2026-09-11T15:00:00Z,34.7,Riga,Auda,A,Auda,2.5,17,Total - Away,9.0,1.04,0.10358566,0.89641434,0.10358566,-0.00000000,Marathonbet,7.2,1.04,2026-09-11T12:29:15+00:00
TT|1515920|H|0.5,1515920,Virsliga,365,2026-09-11T14:25:18Z,2026-09-12T11:00:00Z,1234.7,Grobiņa,FS Jelgava,H,Grobiņa,0.5,16,Total - Home,1.3,3.4,0.72340426,0.27659574,0.72340426,-0.00000000,Marathonbet,1.22,3.58,2026-09-11T08:23:15+00:00
TT|1515920|H|1.5,1515920,Virsliga,365,2026-09-11T14:25:18Z,2026-09-12T11:00:00Z,1234.7,Grobiņa,FS Jelgava,H,Grobiņa,1.5,16,Total - Home,2.38,1.53,0.39130435,0.60869565,0.39130435,-0.00000000,Marathonbet,2.24,1.55,2026-09-11T08:23:15+00:00
TT|1515920|H|2.5,1515920,Virsliga,365,2026-09-11T14:25:18Z,2026-09-12T11:00:00Z,1234.7,Grobiņa,FS Jelgava,H,Grobiņa,2.5,16,Total - Home,5.0,1.14,0.18566775,0.81433225,0.18566775,0.00000000,Marathonbet,5.0,1.11,2026-09-11T08:23:15+00:00
TT|1515920|H|3.5,1515920,Virsliga,365,2026-09-11T14:25:18Z,2026-09-12T11:00:00Z,1234.7,Grobiņa,FS Jelgava,H,Grobiņa,3.5,16,Total - Home,10.0,1.03,0.09338169,0.90661831,0.09338169,-0.00000000,Marathonbet,,,2026-09-11T08:23:15+00:00
TT|1515920|A|0.5,1515920,Virsliga,365,2026-09-11T14:25:18Z,2026-09-12T11:00:00Z,1234.7,Grobiņa,FS Jelgava,A,FS Jelgava,0.5,17,Total - Away,1.28,3.5,0.73221757,0.26778243,0.73221757,0.00000000,Marathonbet,1.18,3.94,2026-09-11T08:23:15+00:00
TT|1515920|A|1.5,1515920,Virsliga,365,2026-09-11T14:25:18Z,2026-09-12T11:00:00Z,1234.7,Grobiņa,FS Jelgava,A,FS Jelgava,1.5,17,Total - Away,2.25,1.57,0.41099476,0.58900524,0.41099476,0.00000000,Marathonbet,2.14,1.62,2026-09-11T08:23:15+00:00
TT|1515920|A|2.5,1515920,Virsliga,365,2026-09-11T14:25:18Z,2026-09-12T11:00:00Z,1234.7,Grobiņa,FS Jelgava,A,FS Jelgava,2.5,17,Total - Away,5.0,1.14,0.18566775,0.81433225,0.18566775,0.00000000,Marathonbet,4.55,1.13,2026-09-11T08:23:15+00:00
TT|1515920|A|3.5,1515920,Virsliga,365,2026-09-11T14:25:18Z,2026-09-12T11:00:00Z,1234.7,Grobiņa,FS Jelgava,A,FS Jelgava,3.5,17,Total - Away,9.0,1.04,0.10358566,0.89641434,0.10358566,-0.00000000,Marathonbet,,,2026-09-11T08:23:15+00:00
TT|1515922|H|0.5,1515922,Virsliga,365,2026-09-11T14:25:18Z,2026-09-13T11:00:00Z,2674.7,BFC Daugavpils,Rīgas FS,H,BFC Daugavpils,0.5,16,Total - Home,1.8,1.91,0.51482480,0.48517520,0.51482480,-0.00000000,Marathonbet,1.54,2.23,2026-09-11T08:23:15+00:00
TT|1515922|H|1.5,1515922,Virsliga,365,2026-09-11T14:25:18Z,2026-09-13T11:00:00Z,2674.7,BFC Daugavpils,Rīgas FS,H,BFC Daugavpils,1.5,16,Total - Home,4.5,1.17,0.20634921,0.79365079,0.20634921,-0.00000000,Marathonbet,3.68,1.22,2026-09-11T08:23:15+00:00
TT|1515922|H|2.5,1515922,Virsliga,365,2026-09-11T14:25:18Z,2026-09-13T11:00:00Z,2674.7,BFC Daugavpils,Rīgas FS,H,BFC Daugavpils,2.5,16,Total - Home,10.5,1.02,0.08854167,0.91145833,0.08854167,-0.00000000,Marathonbet,,,2026-09-11T08:23:15+00:00
TT|1515922|A|0.5,1515922,Virsliga,365,2026-09-11T14:25:18Z,2026-09-13T11:00:00Z,2674.7,BFC Daugavpils,Rīgas FS,A,Rīgas FS,0.5,17,Total - Away,1.07,7.5,0.87514586,0.12485414,0.87514586,-0.00000000,Marathonbet,,,2026-09-11T08:23:15+00:00
TT|1515922|A|1.5,1515922,Virsliga,365,2026-09-11T14:25:18Z,2026-09-13T11:00:00Z,2674.7,BFC Daugavpils,Rīgas FS,A,Rīgas FS,1.5,17,Total - Away,1.4,2.75,0.66265060,0.33734940,0.66265060,0.00000000,Marathonbet,1.33,2.93,2026-09-11T08:23:15+00:00
TT|1515922|A|2.5,1515922,Virsliga,365,2026-09-11T14:25:18Z,2026-09-13T11:00:00Z,2674.7,BFC Daugavpils,Rīgas FS,A,Rīgas FS,2.5,17,Total - Away,2.2,1.62,0.42408377,0.57591623,0.42408377,-0.00000000,Marathonbet,2.07,1.64,2026-09-11T08:23:15+00:00
TT|1515922|A|3.5,1515922,Virsliga,365,2026-09-11T14:25:18Z,2026-09-13T11:00:00Z,2674.7,BFC Daugavpils,Rīgas FS,A,Rīgas FS,3.5,17,Total - Away,4.0,1.22,0.23371648,0.76628352,0.23371648,-0.00000000,Marathonbet,3.6,1.21,2026-09-11T08:23:15+00:00
TT|1515922|A|4.5,1515922,Virsliga,365,2026-09-11T14:25:18Z,2026-09-13T11:00:00Z,2674.7,BFC Daugavpils,Rīgas FS,A,Rīgas FS,4.5,17,Total - Away,7.5,1.07,0.12485414,0.87514586,0.12485414,0.00000000,Marathonbet,,,2026-09-11T08:23:15+00:00
TT|1515922|A|5.5,1515922,Virsliga,365,2026-09-11T14:25:18Z,2026-09-13T11:00:00Z,2674.7,BFC Daugavpils,Rīgas FS,A,Rīgas FS,5.5,17,Total - Away,11.0,1.02,0.08485857,0.91514143,0.08485857,-0.00000000,Marathonbet,,,2026-09-11T08:23:15+00:00
TT|1552162|H|0.5,1552162,Eredivisie,88,2026-09-11T14:25:18Z,2026-09-11T18:00:00Z,214.7,AZ Alkmaar,Willem II,H,AZ Alkmaar,0.5,16,Total - Home,1.02,17.0,0.94339623,0.05660377,0.94339623,-0.00000000,Marathonbet,,,2026-09-11T13:16:40+00:00
TT|1552162|H|1.5,1552162,Eredivisie,88,2026-09-11T14:25:18Z,2026-09-11T18:00:00Z,214.7,AZ Alkmaar,Willem II,H,AZ Alkmaar,1.5,16,Total - Home,1.17,5.0,0.81037277,0.18962723,0.81037277,0.00000000,Marathonbet,1.12,5.2,2026-09-11T13:16:40+00:00
TT|1552162|H|2.5,1552162,Eredivisie,88,2026-09-11T14:25:18Z,2026-09-11T18:00:00Z,214.7,AZ Alkmaar,Willem II,H,AZ Alkmaar,2.5,16,Total - Home,1.53,2.38,0.60869565,0.39130435,0.60869565,0.00000000,Marathonbet,1.5,2.49,2026-09-11T13:16:40+00:00
TT|1552162|H|3.5,1552162,Eredivisie,88,2026-09-11T14:25:18Z,2026-09-11T18:00:00Z,214.7,AZ Alkmaar,Willem II,H,AZ Alkmaar,3.5,16,Total - Home,2.38,1.53,0.39130435,0.60869565,0.39130435,-0.00000000,Marathonbet,2.28,1.59,2026-09-11T13:16:40+00:00
TT|1552162|H|4.5,1552162,Eredivisie,88,2026-09-11T14:25:18Z,2026-09-11T18:00:00Z,214.7,AZ Alkmaar,Willem II,H,AZ Alkmaar,4.5,16,Total - Home,4.0,1.22,0.23371648,0.76628352,0.23371648,-0.00000000,Marathonbet,4.0,1.19,2026-09-11T13:16:40+00:00
TT|1552162|H|5.5,1552162,Eredivisie,88,2026-09-11T14:25:18Z,2026-09-11T18:00:00Z,214.7,AZ Alkmaar,Willem II,H,AZ Alkmaar,5.5,16,Total - Home,8.0,1.08,0.11894273,0.88105727,0.11894273,0.00000000,Marathonbet,,,2026-09-11T13:16:40+00:00
TT|1552162|H|6.5,1552162,Eredivisie,88,2026-09-11T14:25:18Z,2026-09-11T18:00:00Z,214.7,AZ Alkmaar,Willem II,H,AZ Alkmaar,6.5,16,Total - Home,17.0,1.02,0.05660377,0.94339623,0.05660377,0.00000000,Marathonbet,,,2026-09-11T13:16:40+00:00
TT|1552162|A|0.5,1552162,Eredivisie,88,2026-09-11T14:25:18Z,2026-09-11T18:00:00Z,214.7,AZ Alkmaar,Willem II,A,Willem II,0.5,17,Total - Away,1.73,2.0,0.53619303,0.46380697,0.53619303,-0.00000000,Marathonbet,1.75,1.94,2026-09-11T13:16:40+00:00
TT|1552162|A|1.5,1552162,Eredivisie,88,2026-09-11T14:25:18Z,2026-09-11T18:00:00Z,214.7,AZ Alkmaar,Willem II,A,Willem II,1.5,17,Total - Away,5.0,1.17,0.18962723,0.81037277,0.18962723,-0.00000000,Marathonbet,5.05,1.15,2026-09-11T13:16:40+00:00
TT|1552162|A|2.5,1552162,Eredivisie,88,2026-09-11T14:25:18Z,2026-09-11T18:00:00Z,214.7,AZ Alkmaar,Willem II,A,Willem II,2.5,17,Total - Away,17.0,1.02,0.05660377,0.94339623,0.05660377,0.00000000,Marathonbet,,,2026-09-11T13:16:40+00:00
TT|1552163|H|0.5,1552163,Eredivisie,88,2026-09-11T14:25:18Z,2026-09-12T14:30:00Z,1444.7,Twente,ADO Den Haag,H,Twente,0.5,16,Total - Home,1.03,15.0,0.93574548,0.06425452,0.93574548,-0.00000000,Marathonbet,,,2026-09-11T09:09:24+00:00
TT|1552163|H|1.5,1552163,Eredivisie,88,2026-09-11T14:25:18Z,2026-09-12T14:30:00Z,1444.7,Twente,ADO Den Haag,H,Twente,1.5,16,Total - Home,1.22,4.0,0.76628352,0.23371648,0.76628352,0.00000000,Marathonbet,1.19,4.15,2026-09-11T09:09:24+00:00
TT|1552163|H|2.5,1552163,Eredivisie,88,2026-09-11T14:25:18Z,2026-09-12T14:30:00Z,1444.7,Twente,ADO Den Haag,H,Twente,2.5,16,Total - Home,1.67,2.1,0.55702918,0.44297082,0.55702918,-0.00000000,Marathonbet,1.72,2.08,2026-09-11T09:09:24+00:00
TT|1552163|H|3.5,1552163,Eredivisie,88,2026-09-11T14:25:18Z,2026-09-12T14:30:00Z,1444.7,Twente,ADO Den Haag,H,Twente,3.5,16,Total - Home,2.75,1.4,0.33734940,0.66265060,0.33734940,-0.00000000,Marathonbet,2.74,1.4,2026-09-11T09:09:24+00:00
TT|1552163|H|4.5,1552163,Eredivisie,88,2026-09-11T14:25:18Z,2026-09-12T14:30:00Z,1444.7,Twente,ADO Den Haag,H,Twente,4.5,16,Total - Home,5.0,1.17,0.18962723,0.81037277,0.18962723,-0.00000000,Marathonbet,4.85,1.14,2026-09-11T09:09:24+00:00
TT|1552163|H|5.5,1552163,Eredivisie,88,2026-09-11T14:25:18Z,2026-09-12T14:30:00Z,1444.7,Twente,ADO Den Haag,H,Twente,5.5,16,Total - Home,11.0,1.05,0.08713693,0.91286307,0.08713693,-0.00000000,Marathonbet,,,2026-09-11T09:09:24+00:00
TT|1552163|H|6.5,1552163,Eredivisie,88,2026-09-11T14:25:18Z,2026-09-12T14:30:00Z,1444.7,Twente,ADO Den Haag,H,Twente,6.5,16,Total - Home,21.0,1.01,0.04588823,0.95411177,0.04588823,0.00000000,Marathonbet,,,2026-09-11T09:09:24+00:00
TT|1552163|A|0.5,1552163,Eredivisie,88,2026-09-11T14:25:18Z,2026-09-12T14:30:00Z,1444.7,Twente,ADO Den Haag,A,ADO Den Haag,0.5,17,Total - Away,1.62,2.2,0.57591623,0.42408377,0.57591623,0.00000000,Marathonbet,1.57,2.22,2026-09-11T09:09:24+00:00
TT|1552163|A|1.5,1552163,Eredivisie,88,2026-09-11T14:25:18Z,2026-09-12T14:30:00Z,1444.7,Twente,ADO Den Haag,A,ADO Den Haag,1.5,17,Total - Away,4.0,1.22,0.23371648,0.76628352,0.23371648,-0.00000000,Marathonbet,4.05,1.22,2026-09-11T09:09:24+00:00
TT|1552163|A|2.5,1552163,Eredivisie,88,2026-09-11T14:25:18Z,2026-09-12T14:30:00Z,1444.7,Twente,ADO Den Haag,A,ADO Den Haag,2.5,17,Total - Away,13.0,1.04,0.07407407,0.92592593,0.07407407,0.00000000,Marathonbet,,,2026-09-11T09:09:24+00:00
TT|1552164|H|0.5,1552164,Eredivisie,88,2026-09-11T14:25:18Z,2026-09-12T16:45:00Z,1579.7,GO Ahead Eagles,Groningen,H,GO Ahead Eagles,0.5,16,Total - Home,1.14,5.5,0.82831325,0.17168675,0.82831325,0.00000000,Marathonbet,,,2026-09-11T13:16:40+00:00
TT|1552164|H|1.5,1552164,Eredivisie,88,2026-09-11T14:25:18Z,2026-09-12T16:45:00Z,1579.7,GO Ahead Eagles,Groningen,H,GO Ahead Eagles,1.5,16,Total - Home,1.73,2.0,0.53619303,0.46380697,0.53619303,-0.00000000,Marathonbet,1.74,2.05,2026-09-11T13:16:40+00:00
TT|1552164|H|2.5,1552164,Eredivisie,88,2026-09-11T14:25:18Z,2026-09-12T16:45:00Z,1579.7,GO Ahead Eagles,Groningen,H,GO Ahead Eagles,2.5,16,Total - Home,3.4,1.3,0.27659574,0.72340426,0.27659574,0.00000000,Marathonbet,3.22,1.3,2026-09-11T13:16:40+00:00
TT|1552164|H|3.5,1552164,Eredivisie,88,2026-09-11T14:25:18Z,2026-09-12T16:45:00Z,1579.7,GO Ahead Eagles,Groningen,H,GO Ahead Eagles,3.5,16,Total - Home,8.0,1.08,0.11894273,0.88105727,0.11894273,0.00000000,Marathonbet,6.9,1.05,2026-09-11T13:16:40+00:00
TT|1552164|H|4.5,1552164,Eredivisie,88,2026-09-11T14:25:18Z,2026-09-12T16:45:00Z,1579.7,GO Ahead Eagles,Groningen,H,GO Ahead Eagles,4.5,16,Total - Home,19.0,1.02,0.05094905,0.94905095,0.05094905,0.00000000,Marathonbet,,,2026-09-11T13:16:40+00:00
TT|1552164|A|0.5,1552164,Eredivisie,88,2026-09-11T14:25:18Z,2026-09-12T16:45:00Z,1579.7,GO Ahead Eagles,Groningen,A,Groningen,0.5,17,Total - Away,1.18,4.5,0.79225352,0.20774648,0.79225352,0.00000000,Marathonbet,,,2026-09-11T13:16:40+00:00
TT|1552164|A|1.5,1552164,Eredivisie,88,2026-09-11T14:25:18Z,2026-09-12T16:45:00Z,1579.7,GO Ahead Eagles,Groningen,A,Groningen,1.5,17,Total - Away,1.83,1.83,0.50000000,0.50000000,0.50000000,0.00000000,Marathonbet,1.9,1.87,2026-09-11T13:16:40+00:00
TT|1552164|A|2.5,1552164,Eredivisie,88,2026-09-11T14:25:18Z,2026-09-12T16:45:00Z,1579.7,GO Ahead Eagles,Groningen,A,Groningen,2.5,17,Total - Away,3.75,1.25,0.25000000,0.75000000,0.25000000,0.00000000,Marathonbet,3.74,1.23,2026-09-11T13:16:40+00:00
TT|1552164|A|3.5,1552164,Eredivisie,88,2026-09-11T14:25:18Z,2026-09-12T16:45:00Z,1579.7,GO Ahead Eagles,Groningen,A,Groningen,3.5,17,Total - Away,10.0,1.06,0.09584087,0.90415913,0.09584087,-0.00000000,Marathonbet,8.5,1.02,2026-09-11T13:16:40+00:00
TT|1552164|A|4.5,1552164,Eredivisie,88,2026-09-11T14:25:18Z,2026-09-12T16:45:00Z,1579.7,GO Ahead Eagles,Groningen,A,Groningen,4.5,17,Total - Away,23.0,1.01,0.04206581,0.95793419,0.04206581,-0.00000000,Marathonbet,,,2026-09-11T13:16:40+00:00
TT|1552165|H|0.5,1552165,Eredivisie,88,2026-09-11T14:25:18Z,2026-09-12T18:00:00Z,1654.7,Fortuna Sittard,Ajax,H,Fortuna Sittard,0.5,16,Total - Home,1.4,2.75,0.66265060,0.33734940,0.66265060,0.00000000,Marathonbet,1.39,2.72,2026-09-11T13:16:40+00:00
TT|1552165|H|1.5,1552165,Eredivisie,88,2026-09-11T14:25:18Z,2026-09-12T18:00:00Z,1654.7,Fortuna Sittard,Ajax,H,Fortuna Sittard,1.5,16,Total - Home,3.0,1.36,0.31192661,0.68807339,0.31192661,-0.00000000,Marathonbet,3.0,1.36,2026-09-11T13:16:40+00:00
TT|1552165|H|2.5,1552165,Eredivisie,88,2026-09-11T14:25:18Z,2026-09-12T18:00:00Z,1654.7,Fortuna Sittard,Ajax,H,Fortuna Sittard,2.5,16,Total - Home,8.0,1.08,0.11894273,0.88105727,0.11894273,0.00000000,Marathonbet,8.2,1.04,2026-09-11T13:16:40+00:00
TT|1552165|H|3.5,1552165,Eredivisie,88,2026-09-11T14:25:18Z,2026-09-12T18:00:00Z,1654.7,Fortuna Sittard,Ajax,H,Fortuna Sittard,3.5,16,Total - Home,23.0,1.01,0.04206581,0.95793419,0.04206581,-0.00000000,Marathonbet,,,2026-09-11T13:16:40+00:00
TT|1552165|A|0.5,1552165,Eredivisie,88,2026-09-11T14:25:18Z,2026-09-12T18:00:00Z,1654.7,Fortuna Sittard,Ajax,A,Ajax,0.5,17,Total - Away,1.06,10.0,0.90415913,0.09584087,0.90415913,0.00000000,Marathonbet,,,2026-09-11T13:16:40+00:00
TT|1552165|A|1.5,1552165,Eredivisie,88,2026-09-11T14:25:18Z,2026-09-12T18:00:00Z,1654.7,Fortuna Sittard,Ajax,A,Ajax,1.5,17,Total - Away,1.33,3.25,0.70960699,0.29039301,0.70960699,-0.00000000,Marathonbet,1.32,3.1,2026-09-11T13:16:40+00:00
TT|1552165|A|2.5,1552165,Eredivisie,88,2026-09-11T14:25:18Z,2026-09-12T18:00:00Z,1654.7,Fortuna Sittard,Ajax,A,Ajax,2.5,17,Total - Away,2.0,1.73,0.46380697,0.53619303,0.46380697,0.00000000,Marathonbet,2.05,1.74,2026-09-11T13:16:40+00:00
TT|1552165|A|3.5,1552165,Eredivisie,88,2026-09-11T14:25:18Z,2026-09-12T18:00:00Z,1654.7,Fortuna Sittard,Ajax,A,Ajax,3.5,17,Total - Away,3.75,1.25,0.25000000,0.75000000,0.25000000,0.00000000,Marathonbet,3.65,1.24,2026-09-11T13:16:40+00:00
TT|1552165|A|4.5,1552165,Eredivisie,88,2026-09-11T14:25:18Z,2026-09-12T18:00:00Z,1654.7,Fortuna Sittard,Ajax,A,Ajax,4.5,17,Total - Away,8.0,1.08,0.11894273,0.88105727,0.11894273,0.00000000,Marathonbet,,,2026-09-11T13:16:40+00:00
TT|1552165|A|5.5,1552165,Eredivisie,88,2026-09-11T14:25:18Z,2026-09-12T18:00:00Z,1654.7,Fortuna Sittard,Ajax,A,Ajax,5.5,17,Total - Away,17.0,1.02,0.05660377,0.94339623,0.05660377,0.00000000,Marathonbet,,,2026-09-11T13:16:40+00:00
TT|1552166|H|0.5,1552166,Eredivisie,88,2026-09-11T14:25:18Z,2026-09-13T12:30:00Z,2764.7,Heerenveen,Telstar,H,Heerenveen,0.5,16,Total - Home,1.1,7.0,0.86419753,0.13580247,0.86419753,0.00000000,Marathonbet,,,2026-09-11T09:09:24+00:00
TT|1552166|H|1.5,1552166,Eredivisie,88,2026-09-11T14:25:18Z,2026-09-13T12:30:00Z,2764.7,Heerenveen,Telstar,H,Heerenveen,1.5,16,Total - Home,1.5,2.5,0.62500000,0.37500000,0.62500000,0.00000000,Marathonbet,1.44,2.68,2026-09-11T09:09:24+00:00
TT|1552166|H|2.5,1552166,Eredivisie,88,2026-09-11T14:25:18Z,2026-09-13T12:30:00Z,2764.7,Heerenveen,Telstar,H,Heerenveen,2.5,16,Total - Home,2.5,1.5,0.37500000,0.62500000,0.37500000,0.00000000,Marathonbet,2.39,1.54,2026-09-11T09:09:24+00:00
TT|1552166|H|3.5,1552166,Eredivisie,88,2026-09-11T14:25:18Z,2026-09-13T12:30:00Z,2764.7,Heerenveen,Telstar,H,Heerenveen,3.5,16,Total - Home,5.0,1.17,0.18962723,0.81037277,0.18962723,-0.00000000,Marathonbet,4.6,1.14,2026-09-11T09:09:24+00:00
TT|1552166|H|4.5,1552166,Eredivisie,88,2026-09-11T14:25:18Z,2026-09-13T12:30:00Z,2764.7,Heerenveen,Telstar,H,Heerenveen,4.5,16,Total - Home,13.0,1.04,0.07407407,0.92592593,0.07407407,0.00000000,Marathonbet,,,2026-09-11T09:09:24+00:00
TT|1552166|H|5.5,1552166,Eredivisie,88,2026-09-11T14:25:18Z,2026-09-13T12:30:00Z,2764.7,Heerenveen,Telstar,H,Heerenveen,5.5,16,Total - Home,26.0,1.01,0.03739356,0.96260644,0.03739356,-0.00000000,Marathonbet,,,2026-09-11T09:09:24+00:00
TT|1552166|A|0.5,1552166,Eredivisie,88,2026-09-11T14:25:18Z,2026-09-13T12:30:00Z,2764.7,Heerenveen,Telstar,A,Telstar,0.5,17,Total - Away,1.3,3.4,0.72340426,0.27659574,0.72340426,-0.00000000,Marathonbet,1.29,3.2,2026-09-11T09:09:24+00:00
TT|1552166|A|1.5,1552166,Eredivisie,88,2026-09-11T14:25:18Z,2026-09-13T12:30:00Z,2764.7,Heerenveen,Telstar,A,Telstar,1.5,17,Total - Away,2.5,1.5,0.37500000,0.62500000,0.37500000,0.00000000,Marathonbet,2.55,1.48,2026-09-11T09:09:24+00:00
TT|1552166|A|2.5,1552166,Eredivisie,88,2026-09-11T14:25:18Z,2026-09-13T12:30:00Z,2764.7,Heerenveen,Telstar,A,Telstar,2.5,17,Total - Away,6.0,1.12,0.15730337,0.84269663,0.15730337,0.00000000,Marathonbet,6.35,1.08,2026-09-11T09:09:24+00:00
TT|1552166|A|3.5,1552166,Eredivisie,88,2026-09-11T14:25:18Z,2026-09-13T12:30:00Z,2764.7,Heerenveen,Telstar,A,Telstar,3.5,17,Total - Away,17.0,1.02,0.05660377,0.94339623,0.05660377,0.00000000,Marathonbet,,,2026-09-11T09:09:24+00:00
TT|1552170|H|0.5,1552170,Eredivisie,88,2026-09-11T14:25:18Z,2026-09-13T14:45:00Z,2899.7,PEC Zwolle,Feyenoord,H,PEC Zwolle,0.5,16,Total - Home,1.36,3.0,0.68807339,0.31192661,0.68807339,0.00000000,Marathonbet,1.36,2.83,2026-09-11T13:16:40+00:00
TT|1552170|H|1.5,1552170,Eredivisie,88,2026-09-11T14:25:18Z,2026-09-13T14:45:00Z,2899.7,PEC Zwolle,Feyenoord,H,PEC Zwolle,1.5,16,Total - Home,2.75,1.4,0.33734940,0.66265060,0.33734940,-0.00000000,Marathonbet,2.82,1.4,2026-09-11T13:16:40+00:00
TT|1552170|H|2.5,1552170,Eredivisie,88,2026-09-11T14:25:18Z,2026-09-13T14:45:00Z,2899.7,PEC Zwolle,Feyenoord,H,PEC Zwolle,2.5,16,Total - Home,8.0,1.08,0.11894273,0.88105727,0.11894273,0.00000000,Marathonbet,6.9,1.06,2026-09-11T13:16:40+00:00
TT|1552170|H|3.5,1552170,Eredivisie,88,2026-09-11T14:25:18Z,2026-09-13T14:45:00Z,2899.7,PEC Zwolle,Feyenoord,H,PEC Zwolle,3.5,16,Total - Home,21.0,1.01,0.04588823,0.95411177,0.04588823,0.00000000,Marathonbet,,,2026-09-11T13:16:40+00:00
TT|1552170|A|0.5,1552170,Eredivisie,88,2026-09-11T14:25:18Z,2026-09-13T14:45:00Z,2899.7,PEC Zwolle,Feyenoord,A,Feyenoord,0.5,17,Total - Away,1.06,10.0,0.90415913,0.09584087,0.90415913,0.00000000,Marathonbet,,,2026-09-11T13:16:40+00:00
TT|1552170|A|1.5,1552170,Eredivisie,88,2026-09-11T14:25:18Z,2026-09-13T14:45:00Z,2899.7,PEC Zwolle,Feyenoord,A,Feyenoord,1.5,17,Total - Away,1.33,3.25,0.70960699,0.29039301,0.70960699,-0.00000000,Marathonbet,1.31,3.16,2026-09-11T13:16:40+00:00
TT|1552170|A|2.5,1552170,Eredivisie,88,2026-09-11T14:25:18Z,2026-09-13T14:45:00Z,2899.7,PEC Zwolle,Feyenoord,A,Feyenoord,2.5,17,Total - Away,2.0,1.73,0.46380697,0.53619303,0.46380697,0.00000000,Marathonbet,2.01,1.77,2026-09-11T13:16:40+00:00
TT|1552170|A|3.5,1552170,Eredivisie,88,2026-09-11T14:25:18Z,2026-09-13T14:45:00Z,2899.7,PEC Zwolle,Feyenoord,A,Feyenoord,3.5,17,Total - Away,3.75,1.25,0.25000000,0.75000000,0.25000000,0.00000000,Marathonbet,3.5,1.26,2026-09-11T13:16:40+00:00
TT|1552170|A|4.5,1552170,Eredivisie,88,2026-09-11T14:25:18Z,2026-09-13T14:45:00Z,2899.7,PEC Zwolle,Feyenoord,A,Feyenoord,4.5,17,Total - Away,8.0,1.08,0.11894273,0.88105727,0.11894273,0.00000000,Marathonbet,,,2026-09-11T13:16:40+00:00
TT|1552170|A|5.5,1552170,Eredivisie,88,2026-09-11T14:25:18Z,2026-09-13T14:45:00Z,2899.7,PEC Zwolle,Feyenoord,A,Feyenoord,5.5,17,Total - Away,17.0,1.02,0.05660377,0.94339623,0.05660377,0.00000000,Marathonbet,,,2026-09-11T13:16:40+00:00
TT|1552169|H|0.5,1552169,Eredivisie,88,2026-09-11T14:25:18Z,2026-09-13T18:00:00Z,3094.7,PSV Eindhoven,Sparta Rotterdam,H,PSV Eindhoven,0.5,16,Total - Home,1.02,19.0,0.94905095,0.05094905,0.94905095,-0.00000000,Marathonbet,,,2026-09-11T13:16:40+00:00
TT|1552169|H|1.5,1552169,Eredivisie,88,2026-09-11T14:25:18Z,2026-09-13T18:00:00Z,3094.7,PSV Eindhoven,Sparta Rotterdam,H,PSV Eindhoven,1.5,16,Total - Home,1.12,6.0,0.84269663,0.15730337,0.84269663,-0.00000000,Marathonbet,1.1,5.55,2026-09-11T13:16:40+00:00
TT|1552169|H|2.5,1552169,Eredivisie,88,2026-09-11T14:25:18Z,2026-09-13T18:00:00Z,3094.7,PSV Eindhoven,Sparta Rotterdam,H,PSV Eindhoven,2.5,16,Total - Home,1.44,2.62,0.64532020,0.35467980,0.64532020,-0.00000000,Marathonbet,1.43,2.62,2026-09-11T13:16:40+00:00
TT|1552169|H|3.5,1552169,Eredivisie,88,2026-09-11T14:25:18Z,2026-09-13T18:00:00Z,3094.7,PSV Eindhoven,Sparta Rotterdam,H,PSV Eindhoven,3.5,16,Total - Home,2.1,1.67,0.44297082,0.55702918,0.44297082,0.00000000,Marathonbet,2.13,1.69,2026-09-11T13:16:40+00:00
TT|1552169|H|4.5,1552169,Eredivisie,88,2026-09-11T14:25:18Z,2026-09-13T18:00:00Z,3094.7,PSV Eindhoven,Sparta Rotterdam,H,PSV Eindhoven,4.5,16,Total - Home,3.5,1.28,0.26778243,0.73221757,0.26778243,-0.00000000,Marathonbet,3.42,1.27,2026-09-11T13:16:40+00:00
TT|1552169|H|5.5,1552169,Eredivisie,88,2026-09-11T14:25:18Z,2026-09-13T18:00:00Z,3094.7,PSV Eindhoven,Sparta Rotterdam,H,PSV Eindhoven,5.5,16,Total - Home,7.0,1.1,0.13580247,0.86419753,0.13580247,-0.00000000,Marathonbet,,,2026-09-11T13:16:40+00:00
TT|1552169|H|6.5,1552169,Eredivisie,88,2026-09-11T14:25:18Z,2026-09-13T18:00:00Z,3094.7,PSV Eindhoven,Sparta Rotterdam,H,PSV Eindhoven,6.5,16,Total - Home,13.0,1.04,0.07407407,0.92592593,0.07407407,0.00000000,Marathonbet,,,2026-09-11T13:16:40+00:00
TT|1552169|H|7.5,1552169,Eredivisie,88,2026-09-11T14:25:18Z,2026-09-13T18:00:00Z,3094.7,PSV Eindhoven,Sparta Rotterdam,H,PSV Eindhoven,7.5,16,Total - Home,26.0,1.01,0.03739356,0.96260644,0.03739356,-0.00000000,Marathonbet,,,2026-09-11T13:16:40+00:00
TT|1552169|A|0.5,1552169,Eredivisie,88,2026-09-11T14:25:18Z,2026-09-13T18:00:00Z,3094.7,PSV Eindhoven,Sparta Rotterdam,A,Sparta Rotterdam,0.5,17,Total - Away,1.5,2.5,0.62500000,0.37500000,0.62500000,0.00000000,Marathonbet,1.48,2.43,2026-09-11T13:16:40+00:00
TT|1552169|A|1.5,1552169,Eredivisie,88,2026-09-11T14:25:18Z,2026-09-13T18:00:00Z,3094.7,PSV Eindhoven,Sparta Rotterdam,A,Sparta Rotterdam,1.5,17,Total - Away,3.5,1.28,0.26778243,0.73221757,0.26778243,-0.00000000,Marathonbet,3.44,1.28,2026-09-11T13:16:40+00:00
TT|1552169|A|2.5,1552169,Eredivisie,88,2026-09-11T14:25:18Z,2026-09-13T18:00:00Z,3094.7,PSV Eindhoven,Sparta Rotterdam,A,Sparta Rotterdam,2.5,17,Total - Away,11.0,1.05,0.08713693,0.91286307,0.08713693,-0.00000000,Marathonbet,9.4,1.02,2026-09-11T13:16:40+00:00
TT|1552169|A|3.5,1552169,Eredivisie,88,2026-09-11T14:25:18Z,2026-09-13T18:00:00Z,3094.7,PSV Eindhoven,Sparta Rotterdam,A,Sparta Rotterdam,3.5,17,Total - Away,29.0,1.01,0.03365545,0.96634455,0.03365545,-0.00000000,Marathonbet,,,2026-09-11T13:16:40+00:00
TT|1494760|H|0.5,1494760,Eliteserien,103,2026-09-11T14:25:18Z,2026-09-12T14:00:00Z,1414.7,Lillestrom,Valerenga,H,Lillestrom,0.5,16,Total - Home,1.11,6.5,0.85413929,0.14586071,0.85413929,0.00000000,Marathonbet,,,2026-09-11T08:15:49+00:00
TT|1494760|H|1.5,1494760,Eliteserien,103,2026-09-11T14:25:18Z,2026-09-12T14:00:00Z,1414.7,Lillestrom,Valerenga,H,Lillestrom,1.5,16,Total - Home,1.57,2.25,0.58900524,0.41099476,0.58900524,-0.00000000,Marathonbet,1.56,2.34,2026-09-11T08:15:49+00:00
TT|1494760|H|2.5,1494760,Eliteserien,103,2026-09-11T14:25:18Z,2026-09-12T14:00:00Z,1414.7,Lillestrom,Valerenga,H,Lillestrom,2.5,16,Total - Home,2.75,1.4,0.33734940,0.66265060,0.33734940,-0.00000000,Marathonbet,2.75,1.42,2026-09-11T08:15:49+00:00
TT|1494760|H|3.5,1494760,Eliteserien,103,2026-09-11T14:25:18Z,2026-09-12T14:00:00Z,1414.7,Lillestrom,Valerenga,H,Lillestrom,3.5,16,Total - Home,6.0,1.12,0.15730337,0.84269663,0.15730337,0.00000000,Marathonbet,5.6,1.1,2026-09-11T08:15:49+00:00
TT|1494760|H|4.5,1494760,Eliteserien,103,2026-09-11T14:25:18Z,2026-09-12T14:00:00Z,1414.7,Lillestrom,Valerenga,H,Lillestrom,4.5,16,Total - Home,15.0,1.03,0.06425452,0.93574548,0.06425452,0.00000000,Marathonbet,,,2026-09-11T08:15:49+00:00
TT|1494760|H|5.5,1494760,Eliteserien,103,2026-09-11T14:25:18Z,2026-09-12T14:00:00Z,1414.7,Lillestrom,Valerenga,H,Lillestrom,5.5,16,Total - Home,29.0,1.01,0.03365545,0.96634455,0.03365545,-0.00000000,Marathonbet,,,2026-09-11T08:15:49+00:00
TT|1494760|A|0.5,1494760,Eliteserien,103,2026-09-11T14:25:18Z,2026-09-12T14:00:00Z,1414.7,Lillestrom,Valerenga,A,Valerenga,0.5,17,Total - Away,1.25,3.75,0.75000000,0.25000000,0.75000000,0.00000000,Marathonbet,1.22,3.74,2026-09-11T08:15:49+00:00
TT|1494760|A|1.5,1494760,Eliteserien,103,2026-09-11T14:25:18Z,2026-09-12T14:00:00Z,1414.7,Lillestrom,Valerenga,A,Valerenga,1.5,17,Total - Away,2.2,1.62,0.42408377,0.57591623,0.42408377,-0.00000000,Marathonbet,2.19,1.65,2026-09-11T08:15:49+00:00
TT|1494760|A|2.5,1494760,Eliteserien,103,2026-09-11T14:25:18Z,2026-09-12T14:00:00Z,1414.7,Lillestrom,Valerenga,A,Valerenga,2.5,17,Total - Away,5.0,1.17,0.18962723,0.81037277,0.18962723,-0.00000000,Marathonbet,4.85,1.14,2026-09-11T08:15:49+00:00
TT|1494760|A|3.5,1494760,Eliteserien,103,2026-09-11T14:25:18Z,2026-09-12T14:00:00Z,1414.7,Lillestrom,Valerenga,A,Valerenga,3.5,17,Total - Away,13.0,1.04,0.07407407,0.92592593,0.07407407,0.00000000,Marathonbet,,,2026-09-11T08:15:49+00:00
TT|1494761|H|0.5,1494761,Eliteserien,103,2026-09-11T14:25:18Z,2026-09-12T16:00:00Z,1534.7,Rosenborg,Tromso,H,Rosenborg,0.5,16,Total - Home,1.12,6.0,0.84269663,0.15730337,0.84269663,-0.00000000,Marathonbet,,,2026-09-11T08:15:49+00:00
TT|1494761|H|1.5,1494761,Eliteserien,103,2026-09-11T14:25:18Z,2026-09-12T16:00:00Z,1534.7,Rosenborg,Tromso,H,Rosenborg,1.5,16,Total - Home,1.62,2.2,0.57591623,0.42408377,0.57591623,0.00000000,Marathonbet,1.62,2.25,2026-09-11T08:15:49+00:00
TT|1494761|H|2.5,1494761,Eliteserien,103,2026-09-11T14:25:18Z,2026-09-12T16:00:00Z,1534.7,Rosenborg,Tromso,H,Rosenborg,2.5,16,Total - Home,3.0,1.36,0.31192661,0.68807339,0.31192661,-0.00000000,Marathonbet,2.86,1.37,2026-09-11T08:15:49+00:00
TT|1494761|H|3.5,1494761,Eliteserien,103,2026-09-11T14:25:18Z,2026-09-12T16:00:00Z,1534.7,Rosenborg,Tromso,H,Rosenborg,3.5,16,Total - Home,6.5,1.11,0.14586071,0.85413929,0.14586071,-0.00000000,Marathonbet,5.7,1.09,2026-09-11T08:15:49+00:00
TT|1494761|H|4.5,1494761,Eliteserien,103,2026-09-11T14:25:18Z,2026-09-12T16:00:00Z,1534.7,Rosenborg,Tromso,H,Rosenborg,4.5,16,Total - Home,15.0,1.03,0.06425452,0.93574548,0.06425452,0.00000000,Marathonbet,,,2026-09-11T08:15:49+00:00
TT|1494761|A|0.5,1494761,Eliteserien,103,2026-09-11T14:25:18Z,2026-09-12T16:00:00Z,1534.7,Rosenborg,Tromso,A,Tromso,0.5,17,Total - Away,1.4,2.75,0.66265060,0.33734940,0.66265060,0.00000000,Marathonbet,1.35,2.89,2026-09-11T08:15:49+00:00
TT|1494761|A|1.5,1494761,Eliteserien,103,2026-09-11T14:25:18Z,2026-09-12T16:00:00Z,1534.7,Rosenborg,Tromso,A,Tromso,1.5,17,Total - Away,3.0,1.36,0.31192661,0.68807339,0.31192661,-0.00000000,Marathonbet,2.83,1.4,2026-09-11T08:15:49+00:00
TT|1494761|A|2.5,1494761,Eliteserien,103,2026-09-11T14:25:18Z,2026-09-12T16:00:00Z,1534.7,Rosenborg,Tromso,A,Tromso,2.5,17,Total - Away,8.0,1.08,0.11894273,0.88105727,0.11894273,0.00000000,Marathonbet,6.8,1.07,2026-09-11T08:15:49+00:00
TT|1494761|A|3.5,1494761,Eliteserien,103,2026-09-11T14:25:18Z,2026-09-12T16:00:00Z,1534.7,Rosenborg,Tromso,A,Tromso,3.5,17,Total - Away,23.0,1.01,0.04206581,0.95793419,0.04206581,-0.00000000,Marathonbet,,,2026-09-11T08:15:49+00:00
TT|1494763|H|0.5,1494763,Eliteserien,103,2026-09-11T14:25:18Z,2026-09-13T12:30:00Z,2764.7,Viking,Kristiansund BK,H,Viking,0.5,16,Total - Home,1.04,13.0,0.92592593,0.07407407,0.92592593,-0.00000000,Marathonbet,,,2026-09-11T12:30:45+00:00
TT|1494763|H|1.5,1494763,Eliteserien,103,2026-09-11T14:25:18Z,2026-09-13T12:30:00Z,2764.7,Viking,Kristiansund BK,H,Viking,1.5,16,Total - Home,1.25,3.75,0.75000000,0.25000000,0.75000000,0.00000000,Marathonbet,1.21,3.96,2026-09-11T12:30:45+00:00
TT|1494763|H|2.5,1494763,Eliteserien,103,2026-09-11T14:25:18Z,2026-09-13T12:30:00Z,2764.7,Viking,Kristiansund BK,H,Viking,2.5,16,Total - Home,1.8,1.91,0.51482480,0.48517520,0.53619303,-0.02136823,Marathonbet,1.81,1.96,2026-09-11T12:30:45+00:00
TT|1494763|H|3.5,1494763,Eliteserien,103,2026-09-11T14:25:18Z,2026-09-13T12:30:00Z,2764.7,Viking,Kristiansund BK,H,Viking,3.5,16,Total - Home,3.0,1.36,0.31192661,0.68807339,0.31192661,-0.00000000,Marathonbet,2.96,1.35,2026-09-11T12:30:45+00:00
TT|1494763|H|4.5,1494763,Eliteserien,103,2026-09-11T14:25:18Z,2026-09-13T12:30:00Z,2764.7,Viking,Kristiansund BK,H,Viking,4.5,16,Total - Home,6.0,1.12,0.15730337,0.84269663,0.17168675,-0.01438338,Marathonbet,,,2026-09-11T12:30:45+00:00
TT|1494763|H|5.5,1494763,Eliteserien,103,2026-09-11T14:25:18Z,2026-09-13T12:30:00Z,2764.7,Viking,Kristiansund BK,H,Viking,5.5,16,Total - Home,13.0,1.04,0.07407407,0.92592593,0.08713693,-0.01306286,Marathonbet,,,2026-09-11T12:30:45+00:00
TT|1494763|H|6.5,1494763,Eliteserien,103,2026-09-11T14:25:18Z,2026-09-13T12:30:00Z,2764.7,Viking,Kristiansund BK,H,Viking,6.5,16,Total - Home,26.0,1.01,0.03739356,0.96260644,0.04206581,-0.00467225,Marathonbet,,,2026-09-11T12:30:45+00:00
TT|1494763|A|0.5,1494763,Eliteserien,103,2026-09-11T14:25:18Z,2026-09-13T12:30:00Z,2764.7,Viking,Kristiansund BK,A,Kristiansund BK,0.5,17,Total - Away,1.57,2.25,0.58900524,0.41099476,0.57591623,0.01308901,Marathonbet,1.52,2.33,2026-09-11T12:30:45+00:00
TT|1494763|A|1.5,1494763,Eliteserien,103,2026-09-11T14:25:18Z,2026-09-13T12:30:00Z,2764.7,Viking,Kristiansund BK,A,Kristiansund BK,1.5,17,Total - Away,3.75,1.25,0.25000000,0.75000000,0.23371648,0.01628352,Marathonbet,3.65,1.26,2026-09-11T12:30:45+00:00
TT|1494763|A|2.5,1494763,Eliteserien,103,2026-09-11T14:25:18Z,2026-09-13T12:30:00Z,2764.7,Viking,Kristiansund BK,A,Kristiansund BK,2.5,17,Total - Away,11.0,1.05,0.08713693,0.91286307,0.07407407,0.01306286,Marathonbet,9.6,1.03,2026-09-11T12:30:45+00:00
TT|1494762|H|0.5,1494762,Eliteserien,103,2026-09-11T14:25:18Z,2026-09-13T15:00:00Z,2914.7,Start,Brann,H,Start,0.5,16,Total - Home,1.28,3.5,0.73221757,0.26778243,0.73221757,0.00000000,Marathonbet,1.26,3.4,2026-09-11T12:30:45+00:00
TT|1494762|H|1.5,1494762,Eliteserien,103,2026-09-11T14:25:18Z,2026-09-13T15:00:00Z,2914.7,Start,Brann,H,Start,1.5,16,Total - Home,2.38,1.53,0.39130435,0.60869565,0.39130435,-0.00000000,Marathonbet,2.36,1.55,2026-09-11T12:30:45+00:00
TT|1494762|H|2.5,1494762,Eliteserien,103,2026-09-11T14:25:18Z,2026-09-13T15:00:00Z,2914.7,Start,Brann,H,Start,2.5,16,Total - Home,5.5,1.14,0.17168675,0.82831325,0.17168675,-0.00000000,Marathonbet,5.4,1.1,2026-09-11T12:30:45+00:00
TT|1494762|H|3.5,1494762,Eliteserien,103,2026-09-11T14:25:18Z,2026-09-13T15:00:00Z,2914.7,Start,Brann,H,Start,3.5,16,Total - Home,15.0,1.03,0.06425452,0.93574548,0.06425452,0.00000000,Marathonbet,,,2026-09-11T12:30:45+00:00
TT|1494762|A|0.5,1494762,Eliteserien,103,2026-09-11T14:25:18Z,2026-09-13T15:00:00Z,2914.7,Start,Brann,A,Brann,0.5,17,Total - Away,1.14,5.5,0.82831325,0.17168675,0.82831325,0.00000000,Marathonbet,,,2026-09-11T12:30:45+00:00
TT|1494762|A|1.5,1494762,Eliteserien,103,2026-09-11T14:25:18Z,2026-09-13T15:00:00Z,2914.7,Start,Brann,A,Brann,1.5,17,Total - Away,1.73,2.0,0.53619303,0.46380697,0.53619303,-0.00000000,Marathonbet,1.76,2.02,2026-09-11T12:30:45+00:00
TT|1494762|A|2.5,1494762,Eliteserien,103,2026-09-11T14:25:18Z,2026-09-13T15:00:00Z,2914.7,Start,Brann,A,Brann,2.5,17,Total - Away,3.4,1.3,0.27659574,0.72340426,0.27659574,0.00000000,Marathonbet,3.32,1.28,2026-09-11T12:30:45+00:00
TT|1494762|A|3.5,1494762,Eliteserien,103,2026-09-11T14:25:18Z,2026-09-13T15:00:00Z,2914.7,Start,Brann,A,Brann,3.5,17,Total - Away,8.0,1.08,0.11894273,0.88105727,0.11894273,0.00000000,Marathonbet,7.2,1.04,2026-09-11T12:30:45+00:00
TT|1494762|A|4.5,1494762,Eliteserien,103,2026-09-11T14:25:18Z,2026-09-13T15:00:00Z,2914.7,Start,Brann,A,Brann,4.5,17,Total - Away,19.0,1.02,0.05094905,0.94905095,0.05094905,0.00000000,Marathonbet,,,2026-09-11T12:30:45+00:00
TT|1494759|H|0.5,1494759,Eliteserien,103,2026-09-11T14:25:18Z,2026-09-13T15:00:00Z,2914.7,KFUM Oslo,Aalesund,H,KFUM Oslo,0.5,16,Total - Home,1.18,4.5,0.79225352,0.20774648,0.79225352,0.00000000,Marathonbet,,,2026-09-11T02:10:15+00:00
TT|1494759|H|1.5,1494759,Eliteserien,103,2026-09-11T14:25:18Z,2026-09-13T15:00:00Z,2914.7,KFUM Oslo,Aalesund,H,KFUM Oslo,1.5,16,Total - Home,1.83,1.83,0.50000000,0.50000000,0.50000000,0.00000000,Marathonbet,1.93,1.84,2026-09-11T02:10:15+00:00
TT|1494759|H|2.5,1494759,Eliteserien,103,2026-09-11T14:25:18Z,2026-09-13T15:00:00Z,2914.7,KFUM Oslo,Aalesund,H,KFUM Oslo,2.5,16,Total - Home,3.75,1.25,0.25000000,0.75000000,0.25000000,0.00000000,Marathonbet,3.84,1.22,2026-09-11T02:10:15+00:00
TT|1494759|H|3.5,1494759,Eliteserien,103,2026-09-11T14:25:18Z,2026-09-13T15:00:00Z,2914.7,KFUM Oslo,Aalesund,H,KFUM Oslo,3.5,16,Total - Home,9.0,1.07,0.10625621,0.89374379,0.10625621,-0.00000000,Marathonbet,8.2,1.02,2026-09-11T02:10:15+00:00
TT|1494759|H|4.5,1494759,Eliteserien,103,2026-09-11T14:25:18Z,2026-09-13T15:00:00Z,2914.7,KFUM Oslo,Aalesund,H,KFUM Oslo,4.5,16,Total - Home,23.0,1.01,0.04206581,0.95793419,0.04206581,-0.00000000,Marathonbet,,,2026-09-11T02:10:15+00:00
TT|1494759|A|0.5,1494759,Eliteserien,103,2026-09-11T14:25:18Z,2026-09-13T15:00:00Z,2914.7,KFUM Oslo,Aalesund,A,Aalesund,0.5,17,Total - Away,1.22,4.0,0.76628352,0.23371648,0.76628352,0.00000000,Marathonbet,,,2026-09-11T02:10:15+00:00
TT|1494759|A|1.5,1494759,Eliteserien,103,2026-09-11T14:25:18Z,2026-09-13T15:00:00Z,2914.7,KFUM Oslo,Aalesund,A,Aalesund,1.5,17,Total - Away,2.1,1.67,0.44297082,0.55702918,0.44297082,0.00000000,Marathonbet,2.08,1.72,2026-09-11T02:10:15+00:00
TT|1494759|A|2.5,1494759,Eliteserien,103,2026-09-11T14:25:18Z,2026-09-13T15:00:00Z,2914.7,KFUM Oslo,Aalesund,A,Aalesund,2.5,17,Total - Away,4.5,1.18,0.20774648,0.79225352,0.20774648,-0.00000000,Marathonbet,4.4,1.17,2026-09-11T02:10:15+00:00
TT|1494759|A|3.5,1494759,Eliteserien,103,2026-09-11T14:25:18Z,2026-09-13T15:00:00Z,2914.7,KFUM Oslo,Aalesund,A,Aalesund,3.5,17,Total - Away,13.0,1.04,0.07407407,0.92592593,0.07407407,0.00000000,Marathonbet,9.5,1.01,2026-09-11T02:10:15+00:00
TT|1494759|A|4.5,1494759,Eliteserien,103,2026-09-11T14:25:18Z,2026-09-13T15:00:00Z,2914.7,KFUM Oslo,Aalesund,A,Aalesund,4.5,17,Total - Away,29.0,1.01,0.03365545,0.96634455,0.03365545,-0.00000000,Marathonbet,,,2026-09-11T02:10:15+00:00
TT|1494758|H|0.5,1494758,Eliteserien,103,2026-09-11T14:25:18Z,2026-09-13T15:00:00Z,2914.7,Ham-Kam,Molde,H,Ham-Kam,0.5,16,Total - Home,1.3,3.4,0.72340426,0.27659574,0.72340426,-0.00000000,Marathonbet,1.3,3.14,2026-09-11T02:10:15+00:00
TT|1494758|H|1.5,1494758,Eliteserien,103,2026-09-11T14:25:18Z,2026-09-13T15:00:00Z,2914.7,Ham-Kam,Molde,H,Ham-Kam,1.5,16,Total - Home,2.5,1.5,0.37500000,0.62500000,0.37500000,0.00000000,Marathonbet,2.52,1.49,2026-09-11T02:10:15+00:00
TT|1494758|H|2.5,1494758,Eliteserien,103,2026-09-11T14:25:18Z,2026-09-13T15:00:00Z,2914.7,Ham-Kam,Molde,H,Ham-Kam,2.5,16,Total - Home,6.0,1.12,0.15730337,0.84269663,0.15730337,0.00000000,Marathonbet,5.85,1.09,2026-09-11T02:10:15+00:00
TT|1494758|H|3.5,1494758,Eliteserien,103,2026-09-11T14:25:18Z,2026-09-13T15:00:00Z,2914.7,Ham-Kam,Molde,H,Ham-Kam,3.5,16,Total - Home,17.0,1.02,0.05660377,0.94339623,0.05660377,0.00000000,Marathonbet,,,2026-09-11T02:10:15+00:00
TT|1494758|A|0.5,1494758,Eliteserien,103,2026-09-11T14:25:18Z,2026-09-13T15:00:00Z,2914.7,Ham-Kam,Molde,A,Molde,0.5,17,Total - Away,1.1,7.0,0.86419753,0.13580247,0.86419753,0.00000000,Marathonbet,,,2026-09-11T02:10:15+00:00
TT|1494758|A|1.5,1494758,Eliteserien,103,2026-09-11T14:25:18Z,2026-09-13T15:00:00Z,2914.7,Ham-Kam,Molde,A,Molde,1.5,17,Total - Away,1.5,2.5,0.62500000,0.37500000,0.62500000,0.00000000,Marathonbet,1.52,2.44,2026-09-11T02:10:15+00:00
TT|1494758|A|2.5,1494758,Eliteserien,103,2026-09-11T14:25:18Z,2026-09-13T15:00:00Z,2914.7,Ham-Kam,Molde,A,Molde,2.5,17,Total - Away,2.62,1.44,0.35467980,0.64532020,0.35467980,0.00000000,Marathonbet,2.58,1.47,2026-09-11T02:10:15+00:00
TT|1494758|A|3.5,1494758,Eliteserien,103,2026-09-11T14:25:18Z,2026-09-13T15:00:00Z,2914.7,Ham-Kam,Molde,A,Molde,3.5,17,Total - Away,5.5,1.14,0.17168675,0.82831325,0.17168675,-0.00000000,Marathonbet,5.0,1.13,2026-09-11T02:10:15+00:00
TT|1494758|A|4.5,1494758,Eliteserien,103,2026-09-11T14:25:18Z,2026-09-13T15:00:00Z,2914.7,Ham-Kam,Molde,A,Molde,4.5,17,Total - Away,13.0,1.04,0.07407407,0.92592593,0.07407407,0.00000000,Marathonbet,,,2026-09-11T02:10:15+00:00
TT|1494758|A|5.5,1494758,Eliteserien,103,2026-09-11T14:25:18Z,2026-09-13T15:00:00Z,2914.7,Ham-Kam,Molde,A,Molde,5.5,17,Total - Away,26.0,1.01,0.03739356,0.96260644,0.03739356,-0.00000000,Marathonbet,,,2026-09-11T02:10:15+00:00
TT|1494757|H|0.5,1494757,Eliteserien,103,2026-09-11T14:25:18Z,2026-09-13T17:15:00Z,3049.7,Fredrikstad,Sarpsborg 08 FF,H,Fredrikstad,0.5,16,Total - Home,1.22,4.0,0.76628352,0.23371648,0.76628352,0.00000000,Marathonbet,1.16,4.5,2026-09-11T02:10:15+00:00
TT|1494757|H|1.5,1494757,Eliteserien,103,2026-09-11T14:25:18Z,2026-09-13T17:15:00Z,3049.7,Fredrikstad,Sarpsborg 08 FF,H,Fredrikstad,1.5,16,Total - Home,2.1,1.67,0.44297082,0.55702918,0.44297082,0.00000000,Marathonbet,2.01,1.77,2026-09-11T02:10:15+00:00
TT|1494757|H|2.5,1494757,Eliteserien,103,2026-09-11T14:25:18Z,2026-09-13T17:15:00Z,3049.7,Fredrikstad,Sarpsborg 08 FF,H,Fredrikstad,2.5,16,Total - Home,4.5,1.18,0.20774648,0.79225352,0.20774648,-0.00000000,Marathonbet,4.15,1.19,2026-09-11T02:10:15+00:00
TT|1494757|H|3.5,1494757,Eliteserien,103,2026-09-11T14:25:18Z,2026-09-13T17:15:00Z,3049.7,Fredrikstad,Sarpsborg 08 FF,H,Fredrikstad,3.5,16,Total - Home,11.0,1.05,0.08713693,0.91286307,0.08713693,-0.00000000,Marathonbet,,,2026-09-11T02:10:15+00:00
TT|1494757|H|4.5,1494757,Eliteserien,103,2026-09-11T14:25:18Z,2026-09-13T17:15:00Z,3049.7,Fredrikstad,Sarpsborg 08 FF,H,Fredrikstad,4.5,16,Total - Home,29.0,1.01,0.03365545,0.96634455,0.03365545,-0.00000000,Marathonbet,,,2026-09-11T02:10:15+00:00
TT|1494757|A|0.5,1494757,Eliteserien,103,2026-09-11T14:25:18Z,2026-09-13T17:15:00Z,3049.7,Fredrikstad,Sarpsborg 08 FF,A,Sarpsborg 08 FF,0.5,17,Total - Away,1.25,3.75,0.75000000,0.25000000,0.75000000,0.00000000,Marathonbet,1.19,4.0,2026-09-11T02:10:15+00:00
TT|1494757|A|1.5,1494757,Eliteserien,103,2026-09-11T14:25:18Z,2026-09-13T17:15:00Z,3049.7,Fredrikstad,Sarpsborg 08 FF,A,Sarpsborg 08 FF,1.5,17,Total - Away,2.2,1.62,0.42408377,0.57591623,0.42408377,-0.00000000,Marathonbet,2.14,1.68,2026-09-11T02:10:15+00:00
TT|1494757|A|2.5,1494757,Eliteserien,103,2026-09-11T14:25:18Z,2026-09-13T17:15:00Z,3049.7,Fredrikstad,Sarpsborg 08 FF,A,Sarpsborg 08 FF,2.5,17,Total - Away,5.0,1.17,0.18962723,0.81037277,0.18962723,-0.00000000,Marathonbet,4.6,1.16,2026-09-11T02:10:15+00:00
TT|1494757|A|3.5,1494757,Eliteserien,103,2026-09-11T14:25:18Z,2026-09-13T17:15:00Z,3049.7,Fredrikstad,Sarpsborg 08 FF,A,Sarpsborg 08 FF,3.5,17,Total - Away,13.0,1.04,0.07407407,0.92592593,0.07407407,0.00000000,Marathonbet,9.4,1.01,2026-09-11T02:10:15+00:00
TT|1494757|A|4.5,1494757,Eliteserien,103,2026-09-11T14:25:18Z,2026-09-13T17:15:00Z,3049.7,Fredrikstad,Sarpsborg 08 FF,A,Sarpsborg 08 FF,4.5,17,Total - Away,29.0,1.01,0.03365545,0.96634455,0.03365545,-0.00000000,Marathonbet,,,2026-09-11T02:10:15+00:00
TT|1553168|H|0.5,1553168,Ekstraklasa,106,2026-09-11T14:25:18Z,2026-09-11T16:00:00Z,94.7,Raków Częstochowa,Motor Lublin,H,Raków Częstochowa,0.5,16,Total - Home,1.14,5.5,0.82831325,0.17168675,0.84269663,-0.01438338,Marathonbet,,,2026-09-11T13:19:19+00:00
TT|1553168|H|1.5,1553168,Ekstraklasa,106,2026-09-11T14:25:18Z,2026-09-11T16:00:00Z,94.7,Raków Częstochowa,Motor Lublin,H,Raków Częstochowa,1.5,16,Total - Home,1.73,2.0,0.53619303,0.46380697,0.57591623,-0.03972320,Marathonbet,1.65,2.16,2026-09-11T13:19:19+00:00
TT|1553168|H|2.5,1553168,Ekstraklasa,106,2026-09-11T14:25:18Z,2026-09-11T16:00:00Z,94.7,Raków Częstochowa,Motor Lublin,H,Raków Częstochowa,2.5,16,Total - Home,3.25,1.33,0.29039301,0.70960699,0.31192661,-0.02153360,Marathonbet,2.89,1.35,2026-09-11T13:19:19+00:00
TT|1553168|H|3.5,1553168,Ekstraklasa,106,2026-09-11T14:25:18Z,2026-09-11T16:00:00Z,94.7,Raków Częstochowa,Motor Lublin,H,Raków Częstochowa,3.5,16,Total - Home,7.0,1.1,0.13580247,0.86419753,0.14586071,-0.01005824,Marathonbet,,,2026-09-11T13:19:19+00:00
TT|1553168|H|4.5,1553168,Ekstraklasa,106,2026-09-11T14:25:18Z,2026-09-11T16:00:00Z,94.7,Raków Częstochowa,Motor Lublin,H,Raków Częstochowa,4.5,16,Total - Home,19.0,1.02,0.05094905,0.94905095,0.05660377,-0.00565472,Marathonbet,,,2026-09-11T13:19:19+00:00
TT|1553168|A|0.5,1553168,Ekstraklasa,106,2026-09-11T14:25:18Z,2026-09-11T16:00:00Z,94.7,Raków Częstochowa,Motor Lublin,A,Motor Lublin,0.5,17,Total - Away,1.3,3.4,0.72340426,0.27659574,0.70960699,0.01379727,Marathonbet,1.26,3.42,2026-09-11T13:19:19+00:00
TT|1553168|A|1.5,1553168,Ekstraklasa,106,2026-09-11T14:25:18Z,2026-09-11T16:00:00Z,94.7,Raków Częstochowa,Motor Lublin,A,Motor Lublin,1.5,17,Total - Away,2.5,1.5,0.37500000,0.62500000,0.35467980,0.02032020,Marathonbet,2.3,1.56,2026-09-11T13:19:19+00:00
TT|1553168|A|2.5,1553168,Ekstraklasa,106,2026-09-11T14:25:18Z,2026-09-11T16:00:00Z,94.7,Raków Częstochowa,Motor Lublin,A,Motor Lublin,2.5,17,Total - Away,6.5,1.11,0.14586071,0.85413929,0.13580247,0.01005824,Marathonbet,4.9,1.13,2026-09-11T13:19:19+00:00
TT|1553168|A|3.5,1553168,Ekstraklasa,106,2026-09-11T14:25:18Z,2026-09-11T16:00:00Z,94.7,Raków Częstochowa,Motor Lublin,A,Motor Lublin,3.5,17,Total - Away,19.0,1.02,0.05094905,0.94905095,0.05094905,0.00000000,Marathonbet,,,2026-09-11T13:19:19+00:00
TT|1553170|H|0.5,1553170,Ekstraklasa,106,2026-09-11T14:25:18Z,2026-09-11T18:30:00Z,244.7,Wisla Krakow,Jagiellonia,H,Wisla Krakow,0.5,16,Total - Home,1.17,5.0,0.81037277,0.18962723,0.81037277,0.00000000,Marathonbet,,,2026-09-11T06:00:26+00:00
TT|1553170|H|1.5,1553170,Ekstraklasa,106,2026-09-11T14:25:18Z,2026-09-11T18:30:00Z,244.7,Wisla Krakow,Jagiellonia,H,Wisla Krakow,1.5,16,Total - Home,1.83,1.83,0.50000000,0.50000000,0.50000000,0.00000000,Marathonbet,1.83,1.91,2026-09-11T06:00:26+00:00
TT|1553170|H|2.5,1553170,Ekstraklasa,106,2026-09-11T14:25:18Z,2026-09-11T18:30:00Z,244.7,Wisla Krakow,Jagiellonia,H,Wisla Krakow,2.5,16,Total - Home,3.75,1.25,0.25000000,0.75000000,0.25000000,0.00000000,Marathonbet,3.48,1.25,2026-09-11T06:00:26+00:00
TT|1553170|H|3.5,1553170,Ekstraklasa,106,2026-09-11T14:25:18Z,2026-09-11T18:30:00Z,244.7,Wisla Krakow,Jagiellonia,H,Wisla Krakow,3.5,16,Total - Home,10.0,1.06,0.09584087,0.90415913,0.09584087,-0.00000000,Marathonbet,,,2026-09-11T06:00:26+00:00
TT|1553170|H|4.5,1553170,Ekstraklasa,106,2026-09-11T14:25:18Z,2026-09-11T18:30:00Z,244.7,Wisla Krakow,Jagiellonia,H,Wisla Krakow,4.5,16,Total - Home,23.0,1.01,0.04206581,0.95793419,0.04206581,-0.00000000,Marathonbet,,,2026-09-11T06:00:26+00:00
TT|1553170|A|0.5,1553170,Ekstraklasa,106,2026-09-11T14:25:18Z,2026-09-11T18:30:00Z,244.7,Wisla Krakow,Jagiellonia,A,Jagiellonia,0.5,17,Total - Away,1.22,4.0,0.76628352,0.23371648,0.76628352,0.00000000,Marathonbet,1.18,4.1,2026-09-11T06:00:26+00:00
TT|1553170|A|1.5,1553170,Ekstraklasa,106,2026-09-11T14:25:18Z,2026-09-11T18:30:00Z,244.7,Wisla Krakow,Jagiellonia,A,Jagiellonia,1.5,17,Total - Away,2.1,1.67,0.44297082,0.55702918,0.44297082,0.00000000,Marathonbet,2.04,1.73,2026-09-11T06:00:26+00:00
TT|1553170|A|2.5,1553170,Ekstraklasa,106,2026-09-11T14:25:18Z,2026-09-11T18:30:00Z,244.7,Wisla Krakow,Jagiellonia,A,Jagiellonia,2.5,17,Total - Away,4.5,1.18,0.20774648,0.79225352,0.20774648,-0.00000000,Marathonbet,4.2,1.18,2026-09-11T06:00:26+00:00
TT|1553170|A|3.5,1553170,Ekstraklasa,106,2026-09-11T14:25:18Z,2026-09-11T18:30:00Z,244.7,Wisla Krakow,Jagiellonia,A,Jagiellonia,3.5,17,Total - Away,13.0,1.04,0.07407407,0.92592593,0.07407407,0.00000000,Marathonbet,,,2026-09-11T06:00:26+00:00
TT|1553170|A|4.5,1553170,Ekstraklasa,106,2026-09-11T14:25:18Z,2026-09-11T18:30:00Z,244.7,Wisla Krakow,Jagiellonia,A,Jagiellonia,4.5,17,Total - Away,29.0,1.01,0.03365545,0.96634455,0.03365545,-0.00000000,Marathonbet,,,2026-09-11T06:00:26+00:00
TT|1553169|H|0.5,1553169,Ekstraklasa,106,2026-09-11T14:25:18Z,2026-09-12T12:45:00Z,1339.7,Slask Wroclaw,Korona Kielce,H,Slask Wroclaw,0.5,16,Total - Home,1.25,3.75,0.75000000,0.25000000,0.75000000,0.00000000,Marathonbet,1.26,3.4,2026-09-11T08:15:48+00:00
TT|1553169|H|1.5,1553169,Ekstraklasa,106,2026-09-11T14:25:18Z,2026-09-12T12:45:00Z,1339.7,Slask Wroclaw,Korona Kielce,H,Slask Wroclaw,1.5,16,Total - Home,2.2,1.62,0.42408377,0.57591623,0.42408377,-0.00000000,Marathonbet,2.36,1.53,2026-09-11T08:15:48+00:00
TT|1553169|H|2.5,1553169,Ekstraklasa,106,2026-09-11T14:25:18Z,2026-09-12T12:45:00Z,1339.7,Slask Wroclaw,Korona Kielce,H,Slask Wroclaw,2.5,16,Total - Home,5.0,1.17,0.18962723,0.81037277,0.18962723,-0.00000000,Marathonbet,5.35,1.1,2026-09-11T08:15:48+00:00
TT|1553169|H|3.5,1553169,Ekstraklasa,106,2026-09-11T14:25:18Z,2026-09-12T12:45:00Z,1339.7,Slask Wroclaw,Korona Kielce,H,Slask Wroclaw,3.5,16,Total - Home,15.0,1.03,0.06425452,0.93574548,0.06425452,0.00000000,Marathonbet,,,2026-09-11T08:15:48+00:00
TT|1553169|A|0.5,1553169,Ekstraklasa,106,2026-09-11T14:25:18Z,2026-09-12T12:45:00Z,1339.7,Slask Wroclaw,Korona Kielce,A,Korona Kielce,0.5,17,Total - Away,1.25,3.75,0.75000000,0.25000000,0.75000000,0.00000000,Marathonbet,1.23,3.64,2026-09-11T08:15:48+00:00
TT|1553169|A|1.5,1553169,Ekstraklasa,106,2026-09-11T14:25:18Z,2026-09-12T12:45:00Z,1339.7,Slask Wroclaw,Korona Kielce,A,Korona Kielce,1.5,17,Total - Away,2.25,1.57,0.41099476,0.58900524,0.41099476,0.00000000,Marathonbet,2.23,1.61,2026-09-11T08:15:48+00:00
TT|1553169|A|2.5,1553169,Ekstraklasa,106,2026-09-11T14:25:18Z,2026-09-12T12:45:00Z,1339.7,Slask Wroclaw,Korona Kielce,A,Korona Kielce,2.5,17,Total - Away,5.5,1.14,0.17168675,0.82831325,0.17168675,-0.00000000,Marathonbet,4.95,1.13,2026-09-11T08:15:48+00:00
TT|1553169|A|3.5,1553169,Ekstraklasa,106,2026-09-11T14:25:18Z,2026-09-12T12:45:00Z,1339.7,Slask Wroclaw,Korona Kielce,A,Korona Kielce,3.5,17,Total - Away,15.0,1.03,0.06425452,0.93574548,0.06425452,0.00000000,Marathonbet,,,2026-09-11T08:15:48+00:00
TT|1553164|H|0.5,1553164,Ekstraklasa,106,2026-09-11T14:25:18Z,2026-09-12T15:30:00Z,1504.7,Gornik Zabrze,Lech Poznan,H,Gornik Zabrze,0.5,16,Total - Home,1.25,3.75,0.75000000,0.25000000,0.75000000,0.00000000,Marathonbet,1.23,3.64,2026-09-11T08:15:48+00:00
TT|1553164|H|1.5,1553164,Ekstraklasa,106,2026-09-11T14:25:18Z,2026-09-12T15:30:00Z,1504.7,Gornik Zabrze,Lech Poznan,H,Gornik Zabrze,1.5,16,Total - Home,2.2,1.62,0.42408377,0.57591623,0.42408377,-0.00000000,Marathonbet,2.23,1.61,2026-09-11T08:15:48+00:00
TT|1553164|H|2.5,1553164,Ekstraklasa,106,2026-09-11T14:25:18Z,2026-09-12T15:30:00Z,1504.7,Gornik Zabrze,Lech Poznan,H,Gornik Zabrze,2.5,16,Total - Home,5.0,1.17,0.18962723,0.81037277,0.18962723,-0.00000000,Marathonbet,4.95,1.13,2026-09-11T08:15:48+00:00
TT|1553164|H|3.5,1553164,Ekstraklasa,106,2026-09-11T14:25:18Z,2026-09-12T15:30:00Z,1504.7,Gornik Zabrze,Lech Poznan,H,Gornik Zabrze,3.5,16,Total - Home,13.0,1.04,0.07407407,0.92592593,0.07407407,0.00000000,Marathonbet,,,2026-09-11T08:15:48+00:00
TT|1553164|A|0.5,1553164,Ekstraklasa,106,2026-09-11T14:25:18Z,2026-09-12T15:30:00Z,1504.7,Gornik Zabrze,Lech Poznan,A,Lech Poznan,0.5,17,Total - Away,1.2,4.33,0.78300181,0.21699819,0.78300181,-0.00000000,Marathonbet,,,2026-09-11T08:15:48+00:00
TT|1553164|A|1.5,1553164,Ekstraklasa,106,2026-09-11T14:25:18Z,2026-09-12T15:30:00Z,1504.7,Gornik Zabrze,Lech Poznan,A,Lech Poznan,1.5,17,Total - Away,1.91,1.8,0.48517520,0.51482480,0.48517520,0.00000000,Marathonbet,1.93,1.81,2026-09-11T08:15:48+00:00
TT|1553164|A|2.5,1553164,Ekstraklasa,106,2026-09-11T14:25:18Z,2026-09-12T15:30:00Z,1504.7,Gornik Zabrze,Lech Poznan,A,Lech Poznan,2.5,17,Total - Away,4.0,1.22,0.23371648,0.76628352,0.23371648,-0.00000000,Marathonbet,3.84,1.21,2026-09-11T08:15:48+00:00
TT|1553164|A|3.5,1553164,Ekstraklasa,106,2026-09-11T14:25:18Z,2026-09-12T15:30:00Z,1504.7,Gornik Zabrze,Lech Poznan,A,Lech Poznan,3.5,17,Total - Away,11.0,1.05,0.08713693,0.91286307,0.08713693,-0.00000000,Marathonbet,,,2026-09-11T08:15:48+00:00
TT|1553164|A|4.5,1553164,Ekstraklasa,106,2026-09-11T14:25:18Z,2026-09-12T15:30:00Z,1504.7,Gornik Zabrze,Lech Poznan,A,Lech Poznan,4.5,17,Total - Away,26.0,1.01,0.03739356,0.96260644,0.03739356,-0.00000000,Marathonbet,,,2026-09-11T08:15:48+00:00
TT|1553172|H|0.5,1553172,Ekstraklasa,106,2026-09-11T14:25:18Z,2026-09-12T18:15:00Z,1669.7,Zaglebie Lubin,GKS Katowice,H,Zaglebie Lubin,0.5,16,Total - Home,1.28,3.5,0.73221757,0.26778243,0.73221757,0.00000000,Marathonbet,1.25,3.48,2026-09-11T13:19:19+00:00
TT|1553172|H|1.5,1553172,Ekstraklasa,106,2026-09-11T14:25:18Z,2026-09-12T18:15:00Z,1669.7,Zaglebie Lubin,GKS Katowice,H,Zaglebie Lubin,1.5,16,Total - Home,2.25,1.57,0.41099476,0.58900524,0.41099476,0.00000000,Marathonbet,2.31,1.57,2026-09-11T13:19:19+00:00
TT|1553172|H|2.5,1553172,Ekstraklasa,106,2026-09-11T14:25:18Z,2026-09-12T18:15:00Z,1669.7,Zaglebie Lubin,GKS Katowice,H,Zaglebie Lubin,2.5,16,Total - Home,5.5,1.14,0.17168675,0.82831325,0.17168675,-0.00000000,Marathonbet,5.2,1.12,2026-09-11T13:19:19+00:00
TT|1553172|H|3.5,1553172,Ekstraklasa,106,2026-09-11T14:25:18Z,2026-09-12T18:15:00Z,1669.7,Zaglebie Lubin,GKS Katowice,H,Zaglebie Lubin,3.5,16,Total - Home,15.0,1.03,0.06425452,0.93574548,0.06425452,0.00000000,Marathonbet,,,2026-09-11T13:19:19+00:00
TT|1553172|A|0.5,1553172,Ekstraklasa,106,2026-09-11T14:25:18Z,2026-09-12T18:15:00Z,1669.7,Zaglebie Lubin,GKS Katowice,A,GKS Katowice,0.5,17,Total - Away,1.25,3.75,0.75000000,0.25000000,0.75000000,0.00000000,Marathonbet,1.24,3.56,2026-09-11T13:19:19+00:00
TT|1553172|A|1.5,1553172,Ekstraklasa,106,2026-09-11T14:25:18Z,2026-09-12T18:15:00Z,1669.7,Zaglebie Lubin,GKS Katowice,A,GKS Katowice,1.5,17,Total - Away,2.25,1.57,0.41099476,0.58900524,0.41099476,0.00000000,Marathonbet,2.25,1.6,2026-09-11T13:19:19+00:00
TT|1553172|A|2.5,1553172,Ekstraklasa,106,2026-09-11T14:25:18Z,2026-09-12T18:15:00Z,1669.7,Zaglebie Lubin,GKS Katowice,A,GKS Katowice,2.5,17,Total - Away,5.5,1.14,0.17168675,0.82831325,0.17168675,-0.00000000,Marathonbet,5.0,1.13,2026-09-11T13:19:19+00:00
TT|1553172|A|3.5,1553172,Ekstraklasa,106,2026-09-11T14:25:18Z,2026-09-12T18:15:00Z,1669.7,Zaglebie Lubin,GKS Katowice,A,GKS Katowice,3.5,17,Total - Away,15.0,1.03,0.06425452,0.93574548,0.06425452,0.00000000,Marathonbet,,,2026-09-11T13:19:19+00:00
TT|1553171|H|0.5,1553171,Ekstraklasa,106,2026-09-11T14:25:18Z,2026-09-13T10:15:00Z,2629.7,Wisla Plock,Cracovia Krakow,H,Wisla Plock,0.5,16,Total - Home,1.3,3.4,0.72340426,0.27659574,0.72340426,-0.00000000,Marathonbet,1.27,3.34,2026-09-11T13:19:19+00:00
TT|1553171|H|1.5,1553171,Ekstraklasa,106,2026-09-11T14:25:18Z,2026-09-13T10:15:00Z,2629.7,Wisla Plock,Cracovia Krakow,H,Wisla Plock,1.5,16,Total - Home,2.5,1.5,0.37500000,0.62500000,0.37500000,0.00000000,Marathonbet,2.29,1.58,2026-09-11T13:19:19+00:00
TT|1553171|H|2.5,1553171,Ekstraklasa,106,2026-09-11T14:25:18Z,2026-09-13T10:15:00Z,2629.7,Wisla Plock,Cracovia Krakow,H,Wisla Plock,2.5,16,Total - Home,6.0,1.12,0.15730337,0.84269663,0.15730337,0.00000000,Marathonbet,5.05,1.12,2026-09-11T13:19:19+00:00
TT|1553171|H|3.5,1553171,Ekstraklasa,106,2026-09-11T14:25:18Z,2026-09-13T10:15:00Z,2629.7,Wisla Plock,Cracovia Krakow,H,Wisla Plock,3.5,16,Total - Home,17.0,1.02,0.05660377,0.94339623,0.05660377,0.00000000,Marathonbet,,,2026-09-11T13:19:19+00:00
TT|1553171|A|0.5,1553171,Ekstraklasa,106,2026-09-11T14:25:18Z,2026-09-13T10:15:00Z,2629.7,Wisla Plock,Cracovia Krakow,A,Cracovia Krakow,0.5,17,Total - Away,1.33,3.25,0.70960699,0.29039301,0.70960699,-0.00000000,Marathonbet,1.3,3.14,2026-09-11T13:19:19+00:00
TT|1553171|A|1.5,1553171,Ekstraklasa,106,2026-09-11T14:25:18Z,2026-09-13T10:15:00Z,2629.7,Wisla Plock,Cracovia Krakow,A,Cracovia Krakow,1.5,17,Total - Away,2.5,1.5,0.37500000,0.62500000,0.37500000,0.00000000,Marathonbet,2.5,1.48,2026-09-11T13:19:19+00:00
TT|1553171|A|2.5,1553171,Ekstraklasa,106,2026-09-11T14:25:18Z,2026-09-13T10:15:00Z,2629.7,Wisla Plock,Cracovia Krakow,A,Cracovia Krakow,2.5,17,Total - Away,6.5,1.11,0.14586071,0.85413929,0.14586071,-0.00000000,Marathonbet,5.7,1.09,2026-09-11T13:19:19+00:00
TT|1553171|A|3.5,1553171,Ekstraklasa,106,2026-09-11T14:25:18Z,2026-09-13T10:15:00Z,2629.7,Wisla Plock,Cracovia Krakow,A,Cracovia Krakow,3.5,17,Total - Away,19.0,1.02,0.05094905,0.94905095,0.05094905,0.00000000,Marathonbet,,,2026-09-11T13:19:19+00:00
TT|1553166|H|0.5,1553166,Ekstraklasa,106,2026-09-11T14:25:18Z,2026-09-13T12:45:00Z,2779.7,Pogon Szczecin,Wieczysta Kraków,H,Pogon Szczecin,0.5,16,Total - Home,1.17,5.0,0.81037277,0.18962723,0.81037277,0.00000000,Marathonbet,,,2026-09-11T05:05:14+00:00
TT|1553166|H|1.5,1553166,Ekstraklasa,106,2026-09-11T14:25:18Z,2026-09-13T12:45:00Z,2779.7,Pogon Szczecin,Wieczysta Kraków,H,Pogon Szczecin,1.5,16,Total - Home,1.8,1.91,0.51482480,0.48517520,0.51482480,-0.00000000,Marathonbet,1.8,1.95,2026-09-11T05:05:14+00:00
TT|1553166|H|2.5,1553166,Ekstraklasa,106,2026-09-11T14:25:18Z,2026-09-13T12:45:00Z,2779.7,Pogon Szczecin,Wieczysta Kraków,H,Pogon Szczecin,2.5,16,Total - Home,3.5,1.28,0.26778243,0.73221757,0.26778243,-0.00000000,Marathonbet,3.28,1.28,2026-09-11T05:05:14+00:00
TT|1553166|H|3.5,1553166,Ekstraklasa,106,2026-09-11T14:25:18Z,2026-09-13T12:45:00Z,2779.7,Pogon Szczecin,Wieczysta Kraków,H,Pogon Szczecin,3.5,16,Total - Home,9.0,1.07,0.10625621,0.89374379,0.10625621,-0.00000000,Marathonbet,,,2026-09-11T05:05:14+00:00
TT|1553166|H|4.5,1553166,Ekstraklasa,106,2026-09-11T14:25:18Z,2026-09-13T12:45:00Z,2779.7,Pogon Szczecin,Wieczysta Kraków,H,Pogon Szczecin,4.5,16,Total - Home,21.0,1.01,0.04588823,0.95411177,0.04588823,0.00000000,Marathonbet,,,2026-09-11T05:05:14+00:00
TT|1553166|A|0.5,1553166,Ekstraklasa,106,2026-09-11T14:25:18Z,2026-09-13T12:45:00Z,2779.7,Pogon Szczecin,Wieczysta Kraków,A,Wieczysta Kraków,0.5,17,Total - Away,1.3,3.4,0.72340426,0.27659574,0.72340426,-0.00000000,Marathonbet,1.26,3.42,2026-09-11T05:05:14+00:00
TT|1553166|A|1.5,1553166,Ekstraklasa,106,2026-09-11T14:25:18Z,2026-09-13T12:45:00Z,2779.7,Pogon Szczecin,Wieczysta Kraków,A,Wieczysta Kraków,1.5,17,Total - Away,2.5,1.5,0.37500000,0.62500000,0.37500000,0.00000000,Marathonbet,2.36,1.53,2026-09-11T05:05:14+00:00
TT|1553166|A|2.5,1553166,Ekstraklasa,106,2026-09-11T14:25:18Z,2026-09-13T12:45:00Z,2779.7,Pogon Szczecin,Wieczysta Kraków,A,Wieczysta Kraków,2.5,17,Total - Away,6.5,1.11,0.14586071,0.85413929,0.14586071,-0.00000000,Marathonbet,5.0,1.12,2026-09-11T05:05:14+00:00
TT|1553166|A|3.5,1553166,Ekstraklasa,106,2026-09-11T14:25:18Z,2026-09-13T12:45:00Z,2779.7,Pogon Szczecin,Wieczysta Kraków,A,Wieczysta Kraków,3.5,17,Total - Away,19.0,1.02,0.05094905,0.94905095,0.05094905,0.00000000,Marathonbet,,,2026-09-11T05:05:14+00:00
TT|1553165|H|0.5,1553165,Ekstraklasa,106,2026-09-11T14:25:18Z,2026-09-13T15:30:00Z,2944.7,Legia Warszawa,Widzew Łódź,H,Legia Warszawa,0.5,16,Total - Home,1.17,5.0,0.81037277,0.18962723,0.81037277,0.00000000,Marathonbet,,,2026-09-11T12:30:44+00:00
TT|1553165|H|1.5,1553165,Ekstraklasa,106,2026-09-11T14:25:18Z,2026-09-13T15:30:00Z,2944.7,Legia Warszawa,Widzew Łódź,H,Legia Warszawa,1.5,16,Total - Home,1.83,1.83,0.50000000,0.50000000,0.50000000,0.00000000,Marathonbet,1.89,1.85,2026-09-11T12:30:44+00:00
TT|1553165|H|2.5,1553165,Ekstraklasa,106,2026-09-11T14:25:18Z,2026-09-13T15:30:00Z,2944.7,Legia Warszawa,Widzew Łódź,H,Legia Warszawa,2.5,16,Total - Home,3.75,1.25,0.25000000,0.75000000,0.25000000,0.00000000,Marathonbet,3.72,1.22,2026-09-11T12:30:44+00:00
TT|1553165|H|3.5,1553165,Ekstraklasa,106,2026-09-11T14:25:18Z,2026-09-13T15:30:00Z,2944.7,Legia Warszawa,Widzew Łódź,H,Legia Warszawa,3.5,16,Total - Home,9.0,1.07,0.10625621,0.89374379,0.10625621,-0.00000000,Marathonbet,,,2026-09-11T12:30:44+00:00
TT|1553165|H|4.5,1553165,Ekstraklasa,106,2026-09-11T14:25:18Z,2026-09-13T15:30:00Z,2944.7,Legia Warszawa,Widzew Łódź,H,Legia Warszawa,4.5,16,Total - Home,21.0,1.01,0.04588823,0.95411177,0.04588823,0.00000000,Marathonbet,,,2026-09-11T12:30:44+00:00
TT|1553165|A|0.5,1553165,Ekstraklasa,106,2026-09-11T14:25:18Z,2026-09-13T15:30:00Z,2944.7,Legia Warszawa,Widzew Łódź,A,Widzew Łódź,0.5,17,Total - Away,1.5,2.5,0.62500000,0.37500000,0.62500000,0.00000000,Marathonbet,1.47,2.46,2026-09-11T12:30:44+00:00
TT|1553165|A|1.5,1553165,Ekstraklasa,106,2026-09-11T14:25:18Z,2026-09-13T15:30:00Z,2944.7,Legia Warszawa,Widzew Łódź,A,Widzew Łódź,1.5,17,Total - Away,3.5,1.28,0.26778243,0.73221757,0.26778243,-0.00000000,Marathonbet,3.32,1.29,2026-09-11T12:30:44+00:00
TT|1553165|A|2.5,1553165,Ekstraklasa,106,2026-09-11T14:25:18Z,2026-09-13T15:30:00Z,2944.7,Legia Warszawa,Widzew Łódź,A,Widzew Łódź,2.5,17,Total - Away,11.0,1.05,0.08713693,0.91286307,0.08713693,-0.00000000,Marathonbet,8.5,1.02,2026-09-11T12:30:44+00:00
TT|1553165|A|3.5,1553165,Ekstraklasa,106,2026-09-11T14:25:18Z,2026-09-13T15:30:00Z,2944.7,Legia Warszawa,Widzew Łódź,A,Widzew Łódź,3.5,17,Total - Away,29.0,1.01,0.03365545,0.96634455,0.03365545,-0.00000000,Marathonbet,,,2026-09-11T12:30:44+00:00
TT|1575498|H|0.5,1575498,Primeira Liga,94,2026-09-11T14:25:18Z,2026-09-12T14:30:00Z,1444.7,Nacional,Alverca,H,Nacional,0.5,16,Total - Home,1.3,3.4,0.72340426,0.27659574,0.72340426,-0.00000000,Marathonbet,1.3,3.14,2026-09-11T08:15:49+00:00
TT|1575498|H|1.5,1575498,Primeira Liga,94,2026-09-11T14:25:18Z,2026-09-12T14:30:00Z,1444.7,Nacional,Alverca,H,Nacional,1.5,16,Total - Home,2.5,1.5,0.37500000,0.62500000,0.37500000,0.00000000,Marathonbet,2.52,1.49,2026-09-11T08:15:49+00:00
TT|1575498|H|2.5,1575498,Primeira Liga,94,2026-09-11T14:25:18Z,2026-09-12T14:30:00Z,1444.7,Nacional,Alverca,H,Nacional,2.5,16,Total - Home,6.5,1.11,0.14586071,0.85413929,0.14586071,-0.00000000,Marathonbet,5.85,1.09,2026-09-11T08:15:49+00:00
TT|1575498|H|3.5,1575498,Primeira Liga,94,2026-09-11T14:25:18Z,2026-09-12T14:30:00Z,1444.7,Nacional,Alverca,H,Nacional,3.5,16,Total - Home,19.0,1.02,0.05094905,0.94905095,0.05094905,0.00000000,Marathonbet,,,2026-09-11T08:15:49+00:00
TT|1575498|A|0.5,1575498,Primeira Liga,94,2026-09-11T14:25:18Z,2026-09-12T14:30:00Z,1444.7,Nacional,Alverca,A,Alverca,0.5,17,Total - Away,1.33,3.25,0.70960699,0.29039301,0.70960699,-0.00000000,Marathonbet,1.31,3.08,2026-09-11T08:15:49+00:00
TT|1575498|A|1.5,1575498,Primeira Liga,94,2026-09-11T14:25:18Z,2026-09-12T14:30:00Z,1444.7,Nacional,Alverca,A,Alverca,1.5,17,Total - Away,2.62,1.44,0.35467980,0.64532020,0.35467980,0.00000000,Marathonbet,2.55,1.48,2026-09-11T08:15:49+00:00
TT|1575498|A|2.5,1575498,Primeira Liga,94,2026-09-11T14:25:18Z,2026-09-12T14:30:00Z,1444.7,Nacional,Alverca,A,Alverca,2.5,17,Total - Away,6.5,1.11,0.14586071,0.85413929,0.14586071,-0.00000000,Marathonbet,5.9,1.09,2026-09-11T08:15:49+00:00
TT|1575498|A|3.5,1575498,Primeira Liga,94,2026-09-11T14:25:18Z,2026-09-12T14:30:00Z,1444.7,Nacional,Alverca,A,Alverca,3.5,17,Total - Away,19.0,1.02,0.05094905,0.94905095,0.05094905,0.00000000,Marathonbet,,,2026-09-11T08:15:49+00:00
TT|1575495|H|0.5,1575495,Primeira Liga,94,2026-09-11T14:25:18Z,2026-09-12T17:00:00Z,1594.7,Casa Pia,FC Porto,H,Casa Pia,0.5,16,Total - Home,2.1,1.67,0.44297082,0.55702918,0.44297082,0.00000000,Marathonbet,2.16,1.6,2026-09-11T08:15:49+00:00
TT|1575495|H|1.5,1575495,Primeira Liga,94,2026-09-11T14:25:18Z,2026-09-12T17:00:00Z,1594.7,Casa Pia,FC Porto,H,Casa Pia,1.5,16,Total - Home,8.0,1.08,0.11894273,0.88105727,0.11894273,0.00000000,Marathonbet,8.0,1.07,2026-09-11T08:15:49+00:00
TT|1575495|H|2.5,1575495,Primeira Liga,94,2026-09-11T14:25:18Z,2026-09-12T17:00:00Z,1594.7,Casa Pia,FC Porto,H,Casa Pia,2.5,16,Total - Home,29.0,1.01,0.03365545,0.96634455,0.03365545,-0.00000000,Marathonbet,,,2026-09-11T08:15:49+00:00
TT|1575495|A|0.5,1575495,Primeira Liga,94,2026-09-11T14:25:18Z,2026-09-12T17:00:00Z,1594.7,Casa Pia,FC Porto,A,FC Porto,0.5,17,Total - Away,1.08,8.0,0.88105727,0.11894273,0.88105727,-0.00000000,Marathonbet,,,2026-09-11T08:15:49+00:00
TT|1575495|A|1.5,1575495,Primeira Liga,94,2026-09-11T14:25:18Z,2026-09-12T17:00:00Z,1594.7,Casa Pia,FC Porto,A,FC Porto,1.5,17,Total - Away,1.44,2.62,0.64532020,0.35467980,0.64532020,-0.00000000,Marathonbet,1.42,2.75,2026-09-11T08:15:49+00:00
TT|1575495|A|2.5,1575495,Primeira Liga,94,2026-09-11T14:25:18Z,2026-09-12T17:00:00Z,1594.7,Casa Pia,FC Porto,A,FC Porto,2.5,17,Total - Away,2.25,1.57,0.41099476,0.58900524,0.41099476,0.00000000,Marathonbet,2.28,1.59,2026-09-11T08:15:49+00:00
TT|1575495|A|3.5,1575495,Primeira Liga,94,2026-09-11T14:25:18Z,2026-09-12T17:00:00Z,1594.7,Casa Pia,FC Porto,A,FC Porto,3.5,17,Total - Away,4.33,1.2,0.21699819,0.78300181,0.21699819,0.00000000,Marathonbet,4.2,1.17,2026-09-11T08:15:49+00:00
TT|1575495|A|4.5,1575495,Primeira Liga,94,2026-09-11T14:25:18Z,2026-09-12T17:00:00Z,1594.7,Casa Pia,FC Porto,A,FC Porto,4.5,17,Total - Away,10.0,1.06,0.09584087,0.90415913,0.09584087,-0.00000000,Marathonbet,,,2026-09-11T08:15:49+00:00
TT|1575495|A|5.5,1575495,Primeira Liga,94,2026-09-11T14:25:18Z,2026-09-12T17:00:00Z,1594.7,Casa Pia,FC Porto,A,FC Porto,5.5,17,Total - Away,21.0,1.01,0.04588823,0.95411177,0.04588823,0.00000000,Marathonbet,,,2026-09-11T08:15:49+00:00
TT|1575491|H|0.5,1575491,Primeira Liga,94,2026-09-11T14:25:18Z,2026-09-12T19:30:00Z,1744.7,Academico Viseu,Vitória SC,H,Academico Viseu,0.5,16,Total - Home,1.5,2.5,0.62500000,0.37500000,0.62500000,0.00000000,Marathonbet,1.42,2.62,2026-09-11T08:15:49+00:00
TT|1575491|H|1.5,1575491,Primeira Liga,94,2026-09-11T14:25:18Z,2026-09-12T19:30:00Z,1744.7,Academico Viseu,Vitória SC,H,Academico Viseu,1.5,16,Total - Home,3.4,1.3,0.27659574,0.72340426,0.27659574,0.00000000,Marathonbet,3.16,1.33,2026-09-11T08:15:49+00:00
TT|1575491|H|2.5,1575491,Primeira Liga,94,2026-09-11T14:25:18Z,2026-09-12T19:30:00Z,1744.7,Academico Viseu,Vitória SC,H,Academico Viseu,2.5,16,Total - Home,10.0,1.06,0.09584087,0.90415913,0.09584087,-0.00000000,Marathonbet,8.1,1.04,2026-09-11T08:15:49+00:00
TT|1575491|H|3.5,1575491,Primeira Liga,94,2026-09-11T14:25:18Z,2026-09-12T19:30:00Z,1744.7,Academico Viseu,Vitória SC,H,Academico Viseu,3.5,16,Total - Home,29.0,1.01,0.03365545,0.96634455,0.03365545,-0.00000000,Marathonbet,,,2026-09-11T08:15:49+00:00
TT|1575491|A|0.5,1575491,Primeira Liga,94,2026-09-11T14:25:18Z,2026-09-12T19:30:00Z,1744.7,Academico Viseu,Vitória SC,A,Vitória SC,0.5,17,Total - Away,1.25,3.75,0.75000000,0.25000000,0.75000000,0.00000000,Marathonbet,1.18,4.1,2026-09-11T08:15:49+00:00
TT|1575491|A|1.5,1575491,Primeira Liga,94,2026-09-11T14:25:18Z,2026-09-12T19:30:00Z,1744.7,Academico Viseu,Vitória SC,A,Vitória SC,1.5,17,Total - Away,2.2,1.62,0.42408377,0.57591623,0.42408377,-0.00000000,Marathonbet,2.11,1.7,2026-09-11T08:15:49+00:00
TT|1575491|A|2.5,1575491,Primeira Liga,94,2026-09-11T14:25:18Z,2026-09-12T19:30:00Z,1744.7,Academico Viseu,Vitória SC,A,Vitória SC,2.5,17,Total - Away,5.0,1.17,0.18962723,0.81037277,0.18962723,-0.00000000,Marathonbet,4.45,1.17,2026-09-11T08:15:49+00:00
TT|1575491|A|3.5,1575491,Primeira Liga,94,2026-09-11T14:25:18Z,2026-09-12T19:30:00Z,1744.7,Academico Viseu,Vitória SC,A,Vitória SC,3.5,17,Total - Away,13.0,1.04,0.07407407,0.92592593,0.07407407,0.00000000,Marathonbet,,,2026-09-11T08:15:49+00:00
TT|1575491|A|4.5,1575491,Primeira Liga,94,2026-09-11T14:25:18Z,2026-09-12T19:30:00Z,1744.7,Academico Viseu,Vitória SC,A,Vitória SC,4.5,17,Total - Away,29.0,1.01,0.03365545,0.96634455,0.03365545,-0.00000000,Marathonbet,,,2026-09-11T08:15:49+00:00
TT|1575493|H|0.5,1575493,Primeira Liga,94,2026-09-11T14:25:18Z,2026-09-13T17:00:00Z,3034.7,Benfica,GIL Vicente,H,Benfica,0.5,16,Total - Home,1.04,13.0,0.92592593,0.07407407,0.91286307,0.01306286,Marathonbet,,,2026-09-11T12:30:45+00:00
TT|1575493|H|1.5,1575493,Primeira Liga,94,2026-09-11T14:25:18Z,2026-09-13T17:00:00Z,3034.7,Benfica,GIL Vicente,H,Benfica,1.5,16,Total - Home,1.25,3.75,0.75000000,0.25000000,0.73221757,0.01778243,Marathonbet,1.22,3.86,2026-09-11T12:30:45+00:00
TT|1575493|H|2.5,1575493,Primeira Liga,94,2026-09-11T14:25:18Z,2026-09-13T17:00:00Z,3034.7,Benfica,GIL Vicente,H,Benfica,2.5,16,Total - Home,1.8,1.91,0.51482480,0.48517520,0.50000000,0.01482480,Marathonbet,1.75,2.04,2026-09-11T12:30:45+00:00
TT|1575493|H|3.5,1575493,Primeira Liga,94,2026-09-11T14:25:18Z,2026-09-13T17:00:00Z,3034.7,Benfica,GIL Vicente,H,Benfica,3.5,16,Total - Home,3.0,1.36,0.31192661,0.68807339,0.29039301,0.02153360,Marathonbet,2.74,1.4,2026-09-11T12:30:45+00:00
TT|1575493|H|4.5,1575493,Primeira Liga,94,2026-09-11T14:25:18Z,2026-09-13T17:00:00Z,3034.7,Benfica,GIL Vicente,H,Benfica,4.5,16,Total - Home,5.5,1.14,0.17168675,0.82831325,0.15730337,0.01438338,Marathonbet,,,2026-09-11T12:30:45+00:00
TT|1575493|H|5.5,1575493,Primeira Liga,94,2026-09-11T14:25:18Z,2026-09-13T17:00:00Z,3034.7,Benfica,GIL Vicente,H,Benfica,5.5,16,Total - Home,13.0,1.04,0.07407407,0.92592593,0.07407407,0.00000000,Marathonbet,,,2026-09-11T12:30:45+00:00
TT|1575493|H|6.5,1575493,Primeira Liga,94,2026-09-11T14:25:18Z,2026-09-13T17:00:00Z,3034.7,Benfica,GIL Vicente,H,Benfica,6.5,16,Total - Home,26.0,1.01,0.03739356,0.96260644,0.03739356,-0.00000000,Marathonbet,,,2026-09-11T12:30:45+00:00
TT|1575493|A|0.5,1575493,Primeira Liga,94,2026-09-11T14:25:18Z,2026-09-13T17:00:00Z,3034.7,Benfica,GIL Vicente,A,GIL Vicente,0.5,17,Total - Away,2.25,1.57,0.41099476,0.58900524,0.42408377,-0.01308901,Marathonbet,2.26,1.55,2026-09-11T12:30:45+00:00
TT|1575493|A|1.5,1575493,Primeira Liga,94,2026-09-11T14:25:18Z,2026-09-13T17:00:00Z,3034.7,Benfica,GIL Vicente,A,GIL Vicente,1.5,17,Total - Away,9.0,1.07,0.10625621,0.89374379,0.11894273,-0.01268652,Marathonbet,7.9,1.07,2026-09-11T12:30:45+00:00
TT|1575492|H|0.5,1575492,Primeira Liga,94,2026-09-11T14:25:18Z,2026-09-13T17:00:00Z,3034.7,Arouca,Santa Clara,H,Arouca,0.5,16,Total - Home,1.36,3.0,0.68807339,0.31192661,0.68807339,0.00000000,Marathonbet,1.34,2.93,2026-09-11T12:30:45+00:00
TT|1575492|H|1.5,1575492,Primeira Liga,94,2026-09-11T14:25:18Z,2026-09-13T17:00:00Z,3034.7,Arouca,Santa Clara,H,Arouca,1.5,16,Total - Home,2.75,1.4,0.33734940,0.66265060,0.33734940,-0.00000000,Marathonbet,2.78,1.41,2026-09-11T12:30:45+00:00
TT|1575492|H|2.5,1575492,Primeira Liga,94,2026-09-11T14:25:18Z,2026-09-13T17:00:00Z,3034.7,Arouca,Santa Clara,H,Arouca,2.5,16,Total - Home,7.0,1.1,0.13580247,0.86419753,0.13580247,-0.00000000,Marathonbet,7.2,1.06,2026-09-11T12:30:45+00:00
TT|1575492|H|3.5,1575492,Primeira Liga,94,2026-09-11T14:25:18Z,2026-09-13T17:00:00Z,3034.7,Arouca,Santa Clara,H,Arouca,3.5,16,Total - Home,21.0,1.01,0.04588823,0.95411177,0.04588823,0.00000000,Marathonbet,,,2026-09-11T12:30:45+00:00
TT|1575492|A|0.5,1575492,Primeira Liga,94,2026-09-11T14:25:18Z,2026-09-13T17:00:00Z,3034.7,Arouca,Santa Clara,A,Santa Clara,0.5,17,Total - Away,1.36,3.0,0.68807339,0.31192661,0.66265060,0.02542279,Marathonbet,1.36,2.84,2026-09-11T12:30:45+00:00
TT|1575492|A|1.5,1575492,Primeira Liga,94,2026-09-11T14:25:18Z,2026-09-13T17:00:00Z,3034.7,Arouca,Santa Clara,A,Santa Clara,1.5,17,Total - Away,2.75,1.4,0.33734940,0.66265060,0.33734940,-0.00000000,Marathonbet,2.88,1.39,2026-09-11T12:30:45+00:00
TT|1575492|A|2.5,1575492,Primeira Liga,94,2026-09-11T14:25:18Z,2026-09-13T17:00:00Z,3034.7,Arouca,Santa Clara,A,Santa Clara,2.5,17,Total - Away,8.0,1.08,0.11894273,0.88105727,0.11894273,0.00000000,Marathonbet,7.6,1.05,2026-09-11T12:30:45+00:00
TT|1575492|A|3.5,1575492,Primeira Liga,94,2026-09-11T14:25:18Z,2026-09-13T17:00:00Z,3034.7,Arouca,Santa Clara,A,Santa Clara,3.5,17,Total - Away,21.0,1.01,0.04588823,0.95411177,0.04588823,0.00000000,Marathonbet,,,2026-09-11T12:30:45+00:00
TT|1575496|H|0.5,1575496,Primeira Liga,94,2026-09-11T14:25:18Z,2026-09-13T19:30:00Z,3184.7,Famalicao,Sporting CP,H,Famalicao,0.5,16,Total - Home,1.57,2.25,0.58900524,0.41099476,0.58900524,-0.00000000,Marathonbet,1.54,2.29,2026-09-11T12:30:45+00:00
TT|1575496|H|1.5,1575496,Primeira Liga,94,2026-09-11T14:25:18Z,2026-09-13T19:30:00Z,3184.7,Famalicao,Sporting CP,H,Famalicao,1.5,16,Total - Home,4.0,1.22,0.23371648,0.76628352,0.23371648,-0.00000000,Marathonbet,3.58,1.27,2026-09-11T12:30:45+00:00
TT|1575496|H|2.5,1575496,Primeira Liga,94,2026-09-11T14:25:18Z,2026-09-13T19:30:00Z,3184.7,Famalicao,Sporting CP,H,Famalicao,2.5,16,Total - Home,13.0,1.04,0.07407407,0.92592593,0.07407407,0.00000000,Marathonbet,8.6,1.03,2026-09-11T12:30:45+00:00
TT|1575496|A|0.5,1575496,Primeira Liga,94,2026-09-11T14:25:18Z,2026-09-13T19:30:00Z,3184.7,Famalicao,Sporting CP,A,Sporting CP,0.5,17,Total - Away,1.12,6.0,0.84269663,0.15730337,0.84269663,-0.00000000,Marathonbet,,,2026-09-11T12:30:45+00:00
TT|1575496|A|1.5,1575496,Primeira Liga,94,2026-09-11T14:25:18Z,2026-09-13T19:30:00Z,3184.7,Famalicao,Sporting CP,A,Sporting CP,1.5,17,Total - Away,1.62,2.2,0.57591623,0.42408377,0.57591623,0.00000000,Marathonbet,1.61,2.27,2026-09-11T12:30:45+00:00
TT|1575496|A|2.5,1575496,Primeira Liga,94,2026-09-11T14:25:18Z,2026-09-13T19:30:00Z,3184.7,Famalicao,Sporting CP,A,Sporting CP,2.5,17,Total - Away,3.0,1.36,0.31192661,0.68807339,0.31192661,-0.00000000,Marathonbet,2.82,1.38,2026-09-11T12:30:45+00:00
TT|1575496|A|3.5,1575496,Primeira Liga,94,2026-09-11T14:25:18Z,2026-09-13T19:30:00Z,3184.7,Famalicao,Sporting CP,A,Sporting CP,3.5,17,Total - Away,6.5,1.11,0.14586071,0.85413929,0.14586071,-0.00000000,Marathonbet,5.4,1.1,2026-09-11T12:30:45+00:00
TT|1575496|A|4.5,1575496,Primeira Liga,94,2026-09-11T14:25:18Z,2026-09-13T19:30:00Z,3184.7,Famalicao,Sporting CP,A,Sporting CP,4.5,17,Total - Away,17.0,1.02,0.05660377,0.94339623,0.05660377,0.00000000,Marathonbet,,,2026-09-11T12:30:45+00:00
TT|1584405|H|0.5,1584405,Super Lig,203,2026-09-11T14:25:18Z,2026-09-11T17:00:00Z,154.7,Beşiktaş,Erzurumspor FK,H,Beşiktaş,0.5,16,Total - Home,1.05,11.0,0.91286307,0.08713693,0.91286307,0.00000000,Marathonbet,,,2026-09-11T12:00:44+00:00
TT|1584405|H|1.5,1584405,Super Lig,203,2026-09-11T14:25:18Z,2026-09-11T17:00:00Z,154.7,Beşiktaş,Erzurumspor FK,H,Beşiktaş,1.5,16,Total - Home,1.33,3.25,0.70960699,0.29039301,0.70960699,-0.00000000,Marathonbet,1.3,3.22,2026-09-11T12:00:44+00:00
TT|1584405|H|2.5,1584405,Super Lig,203,2026-09-11T14:25:18Z,2026-09-11T17:00:00Z,154.7,Beşiktaş,Erzurumspor FK,H,Beşiktaş,2.5,16,Total - Home,2.0,1.73,0.46380697,0.53619303,0.46380697,0.00000000,Marathonbet,1.99,1.79,2026-09-11T12:00:44+00:00
TT|1584405|H|3.5,1584405,Super Lig,203,2026-09-11T14:25:18Z,2026-09-11T17:00:00Z,154.7,Beşiktaş,Erzurumspor FK,H,Beşiktaş,3.5,16,Total - Home,3.5,1.28,0.26778243,0.73221757,0.26778243,-0.00000000,Marathonbet,3.42,1.27,2026-09-11T12:00:44+00:00
TT|1584405|H|4.5,1584405,Super Lig,203,2026-09-11T14:25:18Z,2026-09-11T17:00:00Z,154.7,Beşiktaş,Erzurumspor FK,H,Beşiktaş,4.5,16,Total - Home,8.0,1.08,0.11894273,0.88105727,0.11894273,0.00000000,Marathonbet,,,2026-09-11T12:00:44+00:00
TT|1584405|H|5.5,1584405,Super Lig,203,2026-09-11T14:25:18Z,2026-09-11T17:00:00Z,154.7,Beşiktaş,Erzurumspor FK,H,Beşiktaş,5.5,16,Total - Home,17.0,1.02,0.05660377,0.94339623,0.05660377,0.00000000,Marathonbet,,,2026-09-11T12:00:44+00:00
TT|1584405|A|0.5,1584405,Super Lig,203,2026-09-11T14:25:18Z,2026-09-11T17:00:00Z,154.7,Beşiktaş,Erzurumspor FK,A,Erzurumspor FK,0.5,17,Total - Away,1.83,1.83,0.50000000,0.50000000,0.50000000,0.00000000,Marathonbet,1.9,1.78,2026-09-11T12:00:44+00:00
TT|1584405|A|1.5,1584405,Super Lig,203,2026-09-11T14:25:18Z,2026-09-11T17:00:00Z,154.7,Beşiktaş,Erzurumspor FK,A,Erzurumspor FK,1.5,17,Total - Away,5.5,1.14,0.17168675,0.82831325,0.17168675,-0.00000000,Marathonbet,6.05,1.11,2026-09-11T12:00:44+00:00
TT|1584405|A|2.5,1584405,Super Lig,203,2026-09-11T14:25:18Z,2026-09-11T17:00:00Z,154.7,Beşiktaş,Erzurumspor FK,A,Erzurumspor FK,2.5,17,Total - Away,21.0,1.01,0.04588823,0.95411177,0.04588823,0.00000000,Marathonbet,,,2026-09-11T12:00:44+00:00
TT|1584406|H|0.5,1584406,Super Lig,203,2026-09-11T14:25:18Z,2026-09-12T14:00:00Z,1414.7,Eyüpspor,Rizespor,H,Eyüpspor,0.5,16,Total - Home,1.44,2.62,0.64532020,0.35467980,0.64532020,-0.00000000,Marathonbet,1.46,2.49,2026-09-11T10:07:14+00:00
TT|1584406|H|1.5,1584406,Super Lig,203,2026-09-11T14:25:18Z,2026-09-12T14:00:00Z,1414.7,Eyüpspor,Rizespor,H,Eyüpspor,1.5,16,Total - Home,3.4,1.3,0.27659574,0.72340426,0.27659574,0.00000000,Marathonbet,3.34,1.3,2026-09-11T10:07:14+00:00
TT|1584406|H|2.5,1584406,Super Lig,203,2026-09-11T14:25:18Z,2026-09-12T14:00:00Z,1414.7,Eyüpspor,Rizespor,H,Eyüpspor,2.5,16,Total - Home,10.0,1.06,0.09584087,0.90415913,0.09584087,-0.00000000,Marathonbet,9.2,1.02,2026-09-11T10:07:14+00:00
TT|1584406|H|3.5,1584406,Super Lig,203,2026-09-11T14:25:18Z,2026-09-12T14:00:00Z,1414.7,Eyüpspor,Rizespor,H,Eyüpspor,3.5,16,Total - Home,29.0,1.01,0.03365545,0.96634455,0.03365545,-0.00000000,Marathonbet,,,2026-09-11T10:07:14+00:00
TT|1584406|A|0.5,1584406,Super Lig,203,2026-09-11T14:25:18Z,2026-09-12T14:00:00Z,1414.7,Eyüpspor,Rizespor,A,Rizespor,0.5,17,Total - Away,1.2,4.33,0.78300181,0.21699819,0.78300181,-0.00000000,Marathonbet,,,2026-09-11T10:07:14+00:00
TT|1584406|A|1.5,1584406,Super Lig,203,2026-09-11T14:25:18Z,2026-09-12T14:00:00Z,1414.7,Eyüpspor,Rizespor,A,Rizespor,1.5,17,Total - Away,1.91,1.8,0.48517520,0.51482480,0.48517520,0.00000000,Marathonbet,1.99,1.79,2026-09-11T10:07:14+00:00
TT|1584406|A|2.5,1584406,Super Lig,203,2026-09-11T14:25:18Z,2026-09-12T14:00:00Z,1414.7,Eyüpspor,Rizespor,A,Rizespor,2.5,17,Total - Away,4.0,1.22,0.23371648,0.76628352,0.23371648,-0.00000000,Marathonbet,4.15,1.19,2026-09-11T10:07:14+00:00
TT|1584406|A|3.5,1584406,Super Lig,203,2026-09-11T14:25:18Z,2026-09-12T14:00:00Z,1414.7,Eyüpspor,Rizespor,A,Rizespor,3.5,17,Total - Away,11.0,1.05,0.08713693,0.91286307,0.08713693,-0.00000000,Marathonbet,9.4,1.01,2026-09-11T10:07:14+00:00
TT|1584406|A|4.5,1584406,Super Lig,203,2026-09-11T14:25:18Z,2026-09-12T14:00:00Z,1414.7,Eyüpspor,Rizespor,A,Rizespor,4.5,17,Total - Away,26.0,1.01,0.03739356,0.96260644,0.03739356,-0.00000000,Marathonbet,,,2026-09-11T10:07:14+00:00
TT|1584411|H|0.5,1584411,Super Lig,203,2026-09-11T14:25:18Z,2026-09-12T14:00:00Z,1414.7,Samsunspor,Çorum FK,H,Samsunspor,0.5,16,Total - Home,1.2,4.33,0.78300181,0.21699819,0.78300181,-0.00000000,Marathonbet,,,2026-09-11T10:07:14+00:00
TT|1584411|H|1.5,1584411,Super Lig,203,2026-09-11T14:25:18Z,2026-09-12T14:00:00Z,1414.7,Samsunspor,Çorum FK,H,Samsunspor,1.5,16,Total - Home,2.0,1.73,0.46380697,0.53619303,0.46380697,0.00000000,Marathonbet,2.02,1.76,2026-09-11T10:07:14+00:00
TT|1584411|H|2.5,1584411,Super Lig,203,2026-09-11T14:25:18Z,2026-09-12T14:00:00Z,1414.7,Samsunspor,Çorum FK,H,Samsunspor,2.5,16,Total - Home,4.33,1.2,0.21699819,0.78300181,0.21699819,0.00000000,Marathonbet,3.96,1.21,2026-09-11T10:07:14+00:00
TT|1584411|H|3.5,1584411,Super Lig,203,2026-09-11T14:25:18Z,2026-09-12T14:00:00Z,1414.7,Samsunspor,Çorum FK,H,Samsunspor,3.5,16,Total - Home,11.0,1.05,0.08713693,0.91286307,0.08713693,-0.00000000,Marathonbet,8.0,1.03,2026-09-11T10:07:14+00:00
TT|1584411|H|4.5,1584411,Super Lig,203,2026-09-11T14:25:18Z,2026-09-12T14:00:00Z,1414.7,Samsunspor,Çorum FK,H,Samsunspor,4.5,16,Total - Home,26.0,1.01,0.03739356,0.96260644,0.03739356,-0.00000000,Marathonbet,,,2026-09-11T10:07:14+00:00
TT|1584411|A|0.5,1584411,Super Lig,203,2026-09-11T14:25:18Z,2026-09-12T14:00:00Z,1414.7,Samsunspor,Çorum FK,A,Çorum FK,0.5,17,Total - Away,1.4,2.75,0.66265060,0.33734940,0.66265060,0.00000000,Marathonbet,1.32,3.04,2026-09-11T10:07:14+00:00
TT|1584411|A|1.5,1584411,Super Lig,203,2026-09-11T14:25:18Z,2026-09-12T14:00:00Z,1414.7,Samsunspor,Çorum FK,A,Çorum FK,1.5,17,Total - Away,3.0,1.36,0.31192661,0.68807339,0.31192661,-0.00000000,Marathonbet,2.65,1.45,2026-09-11T10:07:14+00:00
TT|1584411|A|2.5,1584411,Super Lig,203,2026-09-11T14:25:18Z,2026-09-12T14:00:00Z,1414.7,Samsunspor,Çorum FK,A,Çorum FK,2.5,17,Total - Away,8.0,1.08,0.11894273,0.88105727,0.11894273,0.00000000,Marathonbet,6.0,1.09,2026-09-11T10:07:14+00:00
TT|1584411|A|3.5,1584411,Super Lig,203,2026-09-11T14:25:18Z,2026-09-12T14:00:00Z,1414.7,Samsunspor,Çorum FK,A,Çorum FK,3.5,17,Total - Away,23.0,1.01,0.04206581,0.95793419,0.04206581,-0.00000000,Marathonbet,,,2026-09-11T10:07:14+00:00
TT|1584410|H|0.5,1584410,Super Lig,203,2026-09-11T14:25:18Z,2026-09-12T17:00:00Z,1594.7,Konyaspor,Trabzonspor,H,Konyaspor,0.5,16,Total - Home,1.33,3.25,0.70960699,0.29039301,0.70960699,-0.00000000,Marathonbet,1.33,2.98,2026-09-11T14:20:14+00:00
TT|1584410|H|1.5,1584410,Super Lig,203,2026-09-11T14:25:18Z,2026-09-12T17:00:00Z,1594.7,Konyaspor,Trabzonspor,H,Konyaspor,1.5,16,Total - Home,2.62,1.44,0.35467980,0.64532020,0.35467980,0.00000000,Marathonbet,2.64,1.45,2026-09-11T14:20:14+00:00
TT|1584410|H|2.5,1584410,Super Lig,203,2026-09-11T14:25:18Z,2026-09-12T17:00:00Z,1594.7,Konyaspor,Trabzonspor,H,Konyaspor,2.5,16,Total - Home,7.0,1.1,0.13580247,0.86419753,0.13580247,-0.00000000,Marathonbet,6.25,1.08,2026-09-11T14:20:14+00:00
TT|1584410|H|3.5,1584410,Super Lig,203,2026-09-11T14:25:18Z,2026-09-12T17:00:00Z,1594.7,Konyaspor,Trabzonspor,H,Konyaspor,3.5,16,Total - Home,19.0,1.02,0.05094905,0.94905095,0.05094905,0.00000000,Marathonbet,,,2026-09-11T14:20:14+00:00
TT|1584410|A|0.5,1584410,Super Lig,203,2026-09-11T14:25:18Z,2026-09-12T17:00:00Z,1594.7,Konyaspor,Trabzonspor,A,Trabzonspor,0.5,17,Total - Away,1.17,5.0,0.81037277,0.18962723,0.81037277,0.00000000,Marathonbet,,,2026-09-11T14:20:14+00:00
TT|1584410|A|1.5,1584410,Super Lig,203,2026-09-11T14:25:18Z,2026-09-12T17:00:00Z,1594.7,Konyaspor,Trabzonspor,A,Trabzonspor,1.5,17,Total - Away,1.8,1.91,0.51482480,0.48517520,0.51482480,-0.00000000,Marathonbet,1.81,1.96,2026-09-11T14:20:14+00:00
TT|1584410|A|2.5,1584410,Super Lig,203,2026-09-11T14:25:18Z,2026-09-12T17:00:00Z,1594.7,Konyaspor,Trabzonspor,A,Trabzonspor,2.5,17,Total - Away,3.5,1.28,0.26778243,0.73221757,0.26778243,-0.00000000,Marathonbet,3.35,1.28,2026-09-11T14:20:14+00:00
TT|1584410|A|3.5,1584410,Super Lig,203,2026-09-11T14:25:18Z,2026-09-12T17:00:00Z,1594.7,Konyaspor,Trabzonspor,A,Trabzonspor,3.5,17,Total - Away,9.0,1.07,0.10625621,0.89374379,0.10625621,-0.00000000,Marathonbet,6.95,1.05,2026-09-11T14:20:14+00:00
TT|1584410|A|4.5,1584410,Super Lig,203,2026-09-11T14:25:18Z,2026-09-12T17:00:00Z,1594.7,Konyaspor,Trabzonspor,A,Trabzonspor,4.5,17,Total - Away,21.0,1.01,0.04588823,0.95411177,0.04588823,0.00000000,Marathonbet,,,2026-09-11T14:20:14+00:00
TT|1584403|H|0.5,1584403,Super Lig,203,2026-09-11T14:25:18Z,2026-09-12T17:00:00Z,1594.7,Alanyaspor,Göztepe,H,Alanyaspor,0.5,16,Total - Home,1.25,3.75,0.75000000,0.25000000,0.75000000,0.00000000,Marathonbet,1.24,3.58,2026-09-11T10:07:14+00:00
TT|1584403|H|1.5,1584403,Super Lig,203,2026-09-11T14:25:18Z,2026-09-12T17:00:00Z,1594.7,Alanyaspor,Göztepe,H,Alanyaspor,1.5,16,Total - Home,2.1,1.67,0.44297082,0.55702918,0.44297082,0.00000000,Marathonbet,2.13,1.69,2026-09-11T10:07:14+00:00
TT|1584403|H|2.5,1584403,Super Lig,203,2026-09-11T14:25:18Z,2026-09-12T17:00:00Z,1594.7,Alanyaspor,Göztepe,H,Alanyaspor,2.5,16,Total - Home,5.0,1.17,0.18962723,0.81037277,0.18962723,-0.00000000,Marathonbet,4.33,1.18,2026-09-11T10:07:14+00:00
TT|1584403|H|3.5,1584403,Super Lig,203,2026-09-11T14:25:18Z,2026-09-12T17:00:00Z,1594.7,Alanyaspor,Göztepe,H,Alanyaspor,3.5,16,Total - Home,13.0,1.04,0.07407407,0.92592593,0.07407407,0.00000000,Marathonbet,8.3,1.02,2026-09-11T10:07:14+00:00
TT|1584403|H|4.5,1584403,Super Lig,203,2026-09-11T14:25:18Z,2026-09-12T17:00:00Z,1594.7,Alanyaspor,Göztepe,H,Alanyaspor,4.5,16,Total - Home,29.0,1.01,0.03365545,0.96634455,0.03365545,-0.00000000,Marathonbet,,,2026-09-11T10:07:14+00:00
TT|1584403|A|0.5,1584403,Super Lig,203,2026-09-11T14:25:18Z,2026-09-12T17:00:00Z,1594.7,Alanyaspor,Göztepe,A,Göztepe,0.5,17,Total - Away,1.36,3.0,0.68807339,0.31192661,0.68807339,0.00000000,Marathonbet,1.35,2.89,2026-09-11T10:07:14+00:00
TT|1584403|A|1.5,1584403,Super Lig,203,2026-09-11T14:25:18Z,2026-09-12T17:00:00Z,1594.7,Alanyaspor,Göztepe,A,Göztepe,1.5,17,Total - Away,2.75,1.4,0.33734940,0.66265060,0.33734940,-0.00000000,Marathonbet,2.75,1.42,2026-09-11T10:07:14+00:00
TT|1584403|A|2.5,1584403,Super Lig,203,2026-09-11T14:25:18Z,2026-09-12T17:00:00Z,1594.7,Alanyaspor,Göztepe,A,Göztepe,2.5,17,Total - Away,8.0,1.08,0.11894273,0.88105727,0.11894273,0.00000000,Marathonbet,6.2,1.08,2026-09-11T10:07:14+00:00
TT|1584403|A|3.5,1584403,Super Lig,203,2026-09-11T14:25:18Z,2026-09-12T17:00:00Z,1594.7,Alanyaspor,Göztepe,A,Göztepe,3.5,17,Total - Away,21.0,1.01,0.04588823,0.95411177,0.04588823,0.00000000,Marathonbet,,,2026-09-11T10:07:14+00:00
TT|1584409|H|0.5,1584409,Super Lig,203,2026-09-11T14:25:18Z,2026-09-13T14:00:00Z,2854.7,Gençlerbirliği S.K.,Kasımpaşa,H,Gençlerbirliği S.K.,0.5,16,Total - Home,1.28,3.5,0.73221757,0.26778243,0.73221757,0.00000000,Marathonbet,1.26,3.4,2026-09-11T12:30:45+00:00
TT|1584409|H|1.5,1584409,Super Lig,203,2026-09-11T14:25:18Z,2026-09-13T14:00:00Z,2854.7,Gençlerbirliği S.K.,Kasımpaşa,H,Gençlerbirliği S.K.,1.5,16,Total - Home,2.38,1.53,0.39130435,0.60869565,0.39130435,-0.00000000,Marathonbet,2.36,1.55,2026-09-11T12:30:45+00:00
TT|1584409|H|2.5,1584409,Super Lig,203,2026-09-11T14:25:18Z,2026-09-13T14:00:00Z,2854.7,Gençlerbirliği S.K.,Kasımpaşa,H,Gençlerbirliği S.K.,2.5,16,Total - Home,5.5,1.14,0.17168675,0.82831325,0.17168675,-0.00000000,Marathonbet,5.35,1.1,2026-09-11T12:30:45+00:00
TT|1584409|H|3.5,1584409,Super Lig,203,2026-09-11T14:25:18Z,2026-09-13T14:00:00Z,2854.7,Gençlerbirliği S.K.,Kasımpaşa,H,Gençlerbirliği S.K.,3.5,16,Total - Home,17.0,1.02,0.05660377,0.94339623,0.05660377,0.00000000,Marathonbet,,,2026-09-11T12:30:45+00:00
TT|1584409|A|0.5,1584409,Super Lig,203,2026-09-11T14:25:18Z,2026-09-13T14:00:00Z,2854.7,Gençlerbirliği S.K.,Kasımpaşa,A,Kasımpaşa,0.5,17,Total - Away,1.4,2.75,0.66265060,0.33734940,0.66265060,0.00000000,Marathonbet,1.39,2.72,2026-09-11T12:30:45+00:00
TT|1584409|A|1.5,1584409,Super Lig,203,2026-09-11T14:25:18Z,2026-09-13T14:00:00Z,2854.7,Gençlerbirliği S.K.,Kasımpaşa,A,Kasımpaşa,1.5,17,Total - Away,3.0,1.36,0.31192661,0.68807339,0.31192661,-0.00000000,Marathonbet,3.0,1.36,2026-09-11T12:30:45+00:00
TT|1584409|A|2.5,1584409,Super Lig,203,2026-09-11T14:25:18Z,2026-09-13T14:00:00Z,2854.7,Gençlerbirliği S.K.,Kasımpaşa,A,Kasımpaşa,2.5,17,Total - Away,8.0,1.08,0.11894273,0.88105727,0.11894273,0.00000000,Marathonbet,7.9,1.04,2026-09-11T12:30:45+00:00
TT|1584409|A|3.5,1584409,Super Lig,203,2026-09-11T14:25:18Z,2026-09-13T14:00:00Z,2854.7,Gençlerbirliği S.K.,Kasımpaşa,A,Kasımpaşa,3.5,17,Total - Away,23.0,1.01,0.04206581,0.95793419,0.04206581,-0.00000000,Marathonbet,,,2026-09-11T12:30:45+00:00
TT|1584407|H|0.5,1584407,Super Lig,203,2026-09-11T14:25:18Z,2026-09-13T17:00:00Z,3034.7,Galatasaray,Kocaelispor,H,Galatasaray,0.5,16,Total - Home,1.05,11.0,0.91286307,0.08713693,0.91286307,0.00000000,Marathonbet,,,2026-09-11T10:07:14+00:00
TT|1584407|H|1.5,1584407,Super Lig,203,2026-09-11T14:25:18Z,2026-09-13T17:00:00Z,3034.7,Galatasaray,Kocaelispor,H,Galatasaray,1.5,16,Total - Home,1.3,3.4,0.72340426,0.27659574,0.72340426,-0.00000000,Marathonbet,1.35,2.95,2026-09-11T10:07:14+00:00
TT|1584407|H|2.5,1584407,Super Lig,203,2026-09-11T14:25:18Z,2026-09-13T17:00:00Z,3034.7,Galatasaray,Kocaelispor,H,Galatasaray,2.5,16,Total - Home,2.0,1.73,0.46380697,0.53619303,0.46380697,0.00000000,Marathonbet,2.16,1.67,2026-09-11T10:07:14+00:00
TT|1584407|H|3.5,1584407,Super Lig,203,2026-09-11T14:25:18Z,2026-09-13T17:00:00Z,3034.7,Galatasaray,Kocaelispor,H,Galatasaray,3.5,16,Total - Home,3.5,1.28,0.26778243,0.73221757,0.26778243,-0.00000000,Marathonbet,3.94,1.21,2026-09-11T10:07:14+00:00
TT|1584407|H|4.5,1584407,Super Lig,203,2026-09-11T14:25:18Z,2026-09-13T17:00:00Z,3034.7,Galatasaray,Kocaelispor,H,Galatasaray,4.5,16,Total - Home,7.0,1.1,0.13580247,0.86419753,0.13580247,-0.00000000,Marathonbet,,,2026-09-11T10:07:14+00:00
TT|1584407|H|5.5,1584407,Super Lig,203,2026-09-11T14:25:18Z,2026-09-13T17:00:00Z,3034.7,Galatasaray,Kocaelispor,H,Galatasaray,5.5,16,Total - Home,17.0,1.02,0.05660377,0.94339623,0.05660377,0.00000000,Marathonbet,,,2026-09-11T10:07:14+00:00
TT|1584407|A|0.5,1584407,Super Lig,203,2026-09-11T14:25:18Z,2026-09-13T17:00:00Z,3034.7,Galatasaray,Kocaelispor,A,Kocaelispor,0.5,17,Total - Away,1.73,2.0,0.53619303,0.46380697,0.53619303,-0.00000000,Marathonbet,1.65,2.08,2026-09-11T10:07:14+00:00
TT|1584407|A|1.5,1584407,Super Lig,203,2026-09-11T14:25:18Z,2026-09-13T17:00:00Z,3034.7,Galatasaray,Kocaelispor,A,Kocaelispor,1.5,17,Total - Away,4.5,1.18,0.20774648,0.79225352,0.20774648,-0.00000000,Marathonbet,4.55,1.18,2026-09-11T10:07:14+00:00
TT|1584407|A|2.5,1584407,Super Lig,203,2026-09-11T14:25:18Z,2026-09-13T17:00:00Z,3034.7,Galatasaray,Kocaelispor,A,Kocaelispor,2.5,17,Total - Away,17.0,1.02,0.05660377,0.94339623,0.05660377,0.00000000,Marathonbet,,,2026-09-11T10:07:14+00:00
TT|1584404|H|0.5,1584404,Super Lig,203,2026-09-11T14:25:18Z,2026-09-13T17:00:00Z,3034.7,Amed,Başakşehir,H,Amed,0.5,16,Total - Home,1.25,3.75,0.75000000,0.25000000,0.75000000,0.00000000,Marathonbet,1.2,4.0,2026-09-11T12:30:45+00:00
TT|1584404|H|1.5,1584404,Super Lig,203,2026-09-11T14:25:18Z,2026-09-13T17:00:00Z,3034.7,Amed,Başakşehir,H,Amed,1.5,16,Total - Home,2.2,1.62,0.42408377,0.57591623,0.42408377,-0.00000000,Marathonbet,2.19,1.65,2026-09-11T12:30:45+00:00
TT|1584404|H|2.5,1584404,Super Lig,203,2026-09-11T14:25:18Z,2026-09-13T17:00:00Z,3034.7,Amed,Başakşehir,H,Amed,2.5,16,Total - Home,5.5,1.14,0.17168675,0.82831325,0.17168675,-0.00000000,Marathonbet,4.7,1.15,2026-09-11T12:30:45+00:00
TT|1584404|H|3.5,1584404,Super Lig,203,2026-09-11T14:25:18Z,2026-09-13T17:00:00Z,3034.7,Amed,Başakşehir,H,Amed,3.5,16,Total - Home,15.0,1.03,0.06425452,0.93574548,0.06425452,0.00000000,Marathonbet,,,2026-09-11T12:30:45+00:00
TT|1584404|A|0.5,1584404,Super Lig,203,2026-09-11T14:25:18Z,2026-09-13T17:00:00Z,3034.7,Amed,Başakşehir,A,Başakşehir,0.5,17,Total - Away,1.28,3.5,0.73221757,0.26778243,0.73221757,0.00000000,Marathonbet,1.22,3.75,2026-09-11T12:30:45+00:00
TT|1584404|A|1.5,1584404,Super Lig,203,2026-09-11T14:25:18Z,2026-09-13T17:00:00Z,3034.7,Amed,Başakşehir,A,Başakşehir,1.5,17,Total - Away,2.25,1.57,0.41099476,0.58900524,0.41099476,0.00000000,Marathonbet,2.26,1.62,2026-09-11T12:30:45+00:00
TT|1584404|A|2.5,1584404,Super Lig,203,2026-09-11T14:25:18Z,2026-09-13T17:00:00Z,3034.7,Amed,Başakşehir,A,Başakşehir,2.5,17,Total - Away,5.5,1.14,0.17168675,0.82831325,0.17168675,-0.00000000,Marathonbet,4.95,1.14,2026-09-11T12:30:45+00:00
TT|1584404|A|3.5,1584404,Super Lig,203,2026-09-11T14:25:18Z,2026-09-13T17:00:00Z,3034.7,Amed,Başakşehir,A,Başakşehir,3.5,17,Total - Away,15.0,1.03,0.06425452,0.93574548,0.06425452,0.00000000,Marathonbet,,,2026-09-11T12:30:45+00:00
